,v0-10,v0-20,v0-40,v1-10,v1-20,v1-40,v2-10,v2-20,v2-40,v3-10,v3-20,v3-40,v4-10,v4-20,v4-40,v5-10,v5-20,v5-40,v6-10,v6-20,v6-40,v7-10,v7-20,v7-40,v8-10,v8-20,v8-40,v9-10,v9-20,v9-40,v0-10-unc,v0-20-unc,v0-40-unc,v1-10-unc,v1-20-unc,v1-40-unc,v2-10-unc,v2-20-unc,v2-40-unc,v3-10-unc,v3-20-unc,v3-40-unc,v4-10-unc,v4-20-unc,v4-40-unc,v5-10-unc,v5-20-unc,v5-40-unc,v6-10-unc,v6-20-unc,v6-40-unc,v7-10-unc,v7-20-unc,v7-40-unc,v8-10-unc,v8-20-unc,v8-40-unc,v9-10-unc,v9-20-unc,v9-40-unc,v0-20-cATM,v0-40-cATM,v1-20-cATM,v1-40-cATM,v2-20-cATM,v2-40-cATM,v3-20-cATM,v3-40-cATM,v4-20-cATM,v4-40-cATM,v5-20-cATM,v5-40-cATM,v6-20-cATM,v6-40-cATM,v7-20-cATM,v7-40-cATM,v8-20-cATM,v8-40-cATM,v9-20-cATM,v9-40-cATM
TOTAL terminal $,987131,1522663,1413480,1018934,1429765,1552598,1035553,1448420,1324939,807935,1387873,1837145,1040146,1392152,1354940,1204318,1857653,2159404,1593880,1523336,2577748,2074223,3468523,1218570,1399075,1110216,408227,2448636,3385739,2786686,966283,1576742,1586207,1075490,1431992,1788282,1015697,1488528,1592141,880602,1298813,1561937,1119044,1827641,1990899,1325437,2062576,2869843,1876635,3108707,3598395,2419383,4143556,6898752,1577654,2848729,3217584,2720868,4118219,6900455,1175132,1422468,1011341,1678274,1155881,1386526,974997,1644658,1070949,1216141,1336364,1968003,1978642,1957145,2390921,2323259,641965,447632,2379380,3446507
AVG terminal/day $,1290,1990,1848,1332,1869,2030,1354,1893,1732,1056,1814,2401,1360,1820,1771,1574,2428,2823,2084,1991,3370,2711,4534,1593,1829,1451,534,3201,4426,3643,1263,2061,2073,1406,1872,2338,1328,1946,2081,1151,1698,2042,1463,2389,2602,1733,2696,3751,2453,4064,4704,3163,5416,9018,2062,3724,4206,3557,5383,9020,1536,1859,1322,2194,1511,1812,1275,2150,1400,1590,1747,2573,2586,2558,3125,3037,839,585,3110,4505
MEDIAN terminal/day $,1185,1675,1228,1267,1539,1282,1261,1575,1217,885,1495,1635,1301,1361,-1266,1590,2097,1119,1845,423,294,2370,3895,-82,1680,995,130,2935,3690,-41,1135,1828,1588,1385,1549,1830,1300,1705,1761,1070,1484,1627,1380,2534,2583,1735,2452,3688,2285,3895,3291,2998,5078,10352,1790,3520,3002,3333,5265,9981,1332,993,1049,1600,1287,977,1035,1359,431,-1246,1173,802,1998,442,1719,-1765,565,34,1784,-544
RETURN / worst-10day-loss,,165.8,49.0,608.5,102.9,58.8,267.2,140.9,48.4,348.2,236.2,64.3,2528.9,66.8,34.2,,160.0,57.8,508.5,147.5,58.0,,448.9,78.4,736.4,143.0,18.4,,1883.3,66.0,,125.4,35.8,329.3,109.4,55.4,379.1,97.1,37.0,543.6,73.1,35.9,575.4,60.0,24.8,568.8,90.1,54.4,583.8,157.1,45.1,3341.4,535.5,26.0,1903.4,146.5,42.9,,178.9,24.4,111.9,45.4,54.4,52.3,110.0,48.2,78.0,67.1,40.4,22.5,73.5,58.4,77.2,35.9,56.4,47.5,35.1,15.9,56.0,65.0
WORST 5-day loss $ (~1wk),-2613,-10692,-17417,-5705,-12000,-17628,-5078,-11270,-19189,-2675,-5287,-25625,-4340,-18645,-29959,-3610,-13753,-30999,-8312,-8928,-36711,-1033,-13084,-12763,-1922,-8139,-17351,-3022,-9883,-30771,-2000,-12752,-25519,-5810,-12000,-29040,-5278,-13523,-30532,-3990,-14551,-28342,-6535,-41494,-90024,-6850,-24437,-60252,-18481,-30536,-68765,-4794,-24555,-182966,-5075,-33225,-69467,-6795,-33093,-184718,-9910,-22714,-17085,-27764,-10053,-22711,-15930,-22482,-18933,-36536,-15599,-26294,-22256,-37627,-30801,-29473,-17405,-21071,-30806,-30102
  worst 5-day END date,11/2/2023,4/2/2024,4/2/2024,12/29/2023,12/29/2023,1/17/2023,12/9/2024,4/2/2024,1/17/2023,10/31/2023,7/17/2023,4/2/2024,5/18/2023,4/28/2023,10/10/2024,9/10/2025,7/18/2023,9/10/2025,9/10/2025,7/18/2023,9/10/2025,7/14/2023,1/29/2024,4/24/2023,4/28/2023,6/30/2025,5/23/2023,7/11/2023,4/20/2023,4/24/2023,9/11/2025,4/2/2024,1/26/2024,12/29/2023,12/29/2023,1/2/2025,12/29/2023,4/2/2024,4/2/2024,11/2/2023,12/29/2023,4/2/2024,4/28/2023,4/28/2023,4/28/2023,9/10/2025,9/10/2025,9/10/2025,9/10/2025,9/10/2025,4/28/2023,5/16/2023,9/8/2025,4/3/2024,4/28/2023,9/10/2025,4/28/2023,9/8/2025,9/8/2025,4/3/2024,9/12/2025,4/2/2024,9/12/2025,4/2/2024,4/2/2024,4/2/2024,9/12/2025,4/2/2024,12/16/2024,9/12/2023,3/22/2024,9/10/2025,9/10/2025,9/10/2025,9/9/2025,2/7/2024,6/5/2024,3/22/2024,9/9/2025,9/11/2023
WORST 10-day loss $ (~2wk),888,-9185,-28867,-1675,-13899,-26418,-3876,-10281,-27353,-2320,-5876,-28551,-411,-20838,-39571,466,-11607,-37347,-3135,-10325,-44456,1521,-7727,-15536,-1900,-7763,-22225,5675,-1798,-42226,456,-12573,-44247,-3266,-13089,-32277,-2679,-15334,-42995,-1620,-17775,-43504,-1945,-30456,-80370,-2330,-22886,-52735,-3214,-19792,-79759,-724,-7738,-265391,-829,-19442,-75073,2029,-23021,-282268,-10500,-31310,-18608,-32064,-10505,-28748,-12494,-24514,-26508,-54083,-18170,-33703,-25634,-54543,-42400,-48929,-18265,-28195,-42495,-53027
  worst 10-day END date,1/23/2023,7/25/2023,4/2/2024,1/30/2024,7/25/2023,4/2/2024,1/30/2024,4/2/2024,4/2/2024,11/3/2023,1/30/2024,4/2/2024,2/21/2023,4/14/2023,12/16/2024,7/24/2023,4/14/2023,12/16/2024,5/19/2023,10/10/2025,10/2/2025,7/18/2023,2/5/2024,6/7/2023,5/18/2023,7/7/2025,7/7/2025,7/18/2023,4/26/2023,7/12/2023,1/20/2023,7/25/2023,1/30/2024,1/30/2024,7/25/2023,4/8/2024,8/26/2025,4/2/2024,4/9/2024,11/1/2024,7/25/2023,4/9/2024,4/3/2023,4/28/2023,2/1/2024,4/3/2023,1/29/2024,4/3/2024,1/16/2023,1/29/2024,7/19/2023,5/17/2023,12/26/2023,4/10/2024,1/16/2023,1/29/2024,7/19/2023,1/29/2024,1/17/2024,4/10/2024,1/30/2024,4/2/2024,9/15/2025,4/2/2024,10/1/2025,4/2/2024,9/12/2025,4/2/2024,12/16/2024,12/16/2024,4/1/2024,4/27/2023,2/5/2024,4/2/2024,4/10/2024,7/7/2023,7/11/2024,10/29/2025,4/10/2024,7/10/2023
MAX LOSING STREAK (days),4,5,10,5,4,6,6,4,10,5,5,7,4,6,10,4,5,6,5,9,7,2,5,8,4,5,8,3,3,8,3,4,10,5,4,8,6,6,5,4,5,7,4,5,5,4,5,5,5,6,5,3,3,7,2,6,6,3,3,7,6,7,8,8,6,6,6,8,6,13,8,7,7,13,9,14,8,7,9,10
  losing-streak $,-1120,-8257,-28452,-5169,-7553,-13597,-4204,-8747,-26650,-2675,-5287,-18216,-3325,-12983,-37458,-4505,-13160,-21717,-6056,-14948,-38494,-1326,-6666,-15642,-2705,-8139,-20857,-2751,-8191,-25739,-793,-7515,-44247,-3594,-7553,-30806,-4785,-8120,-30532,-3485,-7658,-36467,-8090,-16868,-53282,-7745,-24437,-45847,-7970,-16490,-68765,-6521,-16385,-236037,-1811,-17249,-40019,-8051,-17593,-241819,-10260,-22267,-21113,-32133,-8494,-7427,-5447,-14609,-17606,-64030,-21373,-17903,-25437,-62670,-43078,-61194,-20530,-25233,-43078,-53027
  losing-streak END date,4/3/2023,7/18/2023,1/30/2024,10/28/2024,5/17/2023,8/21/2025,10/28/2024,5/17/2023,1/30/2024,10/31/2023,7/17/2023,8/21/2025,4/27/2023,5/19/2023,10/11/2023,9/9/2025,9/10/2025,1/28/2025,4/28/2023,7/21/2023,11/20/2024,2/20/2023,6/4/2024,9/13/2024,4/27/2023,6/30/2025,9/12/2023,1/18/2024,4/10/2023,2/8/2024,3/31/2023,5/17/2023,1/30/2024,10/28/2024,5/17/2023,4/2/2024,10/28/2024,7/18/2023,4/2/2024,3/31/2023,5/17/2023,1/30/2024,4/27/2023,2/21/2023,2/21/2023,9/9/2025,9/10/2025,4/5/2024,1/24/2025,10/30/2024,4/28/2023,1/18/2024,10/12/2023,4/5/2024,1/9/2023,10/30/2024,1/24/2025,1/18/2024,12/15/2023,4/5/2024,9/15/2025,1/30/2024,9/15/2025,4/2/2024,12/10/2024,7/6/2023,1/20/2023,7/6/2023,5/19/2023,4/4/2024,3/27/2024,4/20/2023,1/31/2024,4/4/2024,4/9/2024,7/12/2023,9/15/2025,3/26/2024,4/9/2024,7/10/2023
MAX WINNING STREAK (days),28,16,13,19,19,15,22,17,10,16,16,15,20,14,7,37,24,19,27,10,13,35,16,11,34,13,7,31,20,11,55,24,13,25,19,13,23,18,11,27,15,12,28,21,10,31,23,22,26,27,19,83,25,12,59,27,19,44,16,12,16,10,15,20,13,8,15,15,9,7,16,13,18,16,11,8,12,8,11,13
  winning-streak $,52976,38832,70589,42058,62075,108996,57835,38442,43717,28063,47668,129866,32226,72325,84094,95982,117432,214492,109574,50922,303706,146325,152486,77735,72152,67573,23841,129196,136677,175373,81876,63684,73514,51133,62075,78249,51763,64235,69494,45122,41811,63020,50549,128993,95085,76415,86805,296069,122554,168026,276284,299664,209630,382740,173602,150008,257467,192525,131728,391562,42973,57916,54605,137594,42666,46977,59424,133637,57204,74557,61673,124573,126638,158376,134559,144439,52794,27411,133774,219265
WORST single day $,-2180,-6040,-5000,-2000,-5705,-6000,-2500,-4496,-5497,-995,-2500,-8975,-1980,-4495,-7000,-1495,-3995,-7000,-2000,-2000,-9000,-1495,-6495,-3000,-1490,-2495,-5780,-2495,-4498,-7500,-2180,-7250,-14028,-4455,-5705,-13465,-4455,-7165,-14889,-3630,-8385,-16855,-5920,-19430,-41015,-3370,-10740,-30150,-7390,-16360,-34685,-4493,-17783,-84211,-5110,-16750,-35385,-6271,-22150,-88345,-4000,-7498,-4460,-7980,-4477,-5981,-3475,-7490,-4500,-9000,-4500,-7000,-6500,-8500,-7000,-7000,-6995,-5500,-7000,-7500
  worst day DATE,12/26/2023,12/22/2023,3/3/2025,3/29/2023,12/22/2023,10/31/2023,10/31/2023,9/26/2023,10/23/2024,1/23/2024,11/20/2023,12/18/2024,2/21/2025,7/3/2024,10/6/2023,4/27/2023,4/13/2023,7/18/2023,6/12/2023,5/15/2023,6/12/2023,8/11/2025,12/13/2023,3/17/2023,8/2/2023,3/26/2024,5/18/2023,5/2/2023,12/13/2023,9/14/2023,12/26/2023,12/22/2023,9/28/2023,10/31/2023,12/22/2023,1/2/2025,10/31/2023,12/22/2023,1/23/2024,10/31/2023,1/2/2025,12/22/2023,4/27/2023,3/31/2023,9/4/2025,8/25/2025,8/8/2023,5/22/2024,8/8/2023,8/8/2023,9/4/2025,4/24/2023,10/17/2023,5/22/2024,6/12/2023,9/4/2025,9/4/2025,4/24/2023,10/17/2023,5/22/2024,9/26/2023,12/13/2023,9/8/2025,10/31/2023,4/25/2025,1/12/2024,12/26/2023,10/21/2025,9/23/2025,11/29/2023,5/22/2024,3/9/2023,3/19/2024,6/12/2023,1/6/2025,4/10/2023,6/5/2024,11/4/2025,1/6/2025,4/6/2023
BEST single day $,9482,12339,24812,8684,13884,28233,8870,14051,25273,9300,11715,34239,9128,18869,58411,9025,19854,51728,15035,18963,185606,12475,29938,43291,10135,16347,19222,15360,33040,63989,8843,12339,31288,8934,13884,33809,8663,15060,31335,8823,12175,28031,9128,20831,60157,9430,22781,56680,16755,30311,185606,15893,36280,105878,11108,30076,67733,16724,37495,108227,12947,32887,18190,31567,12363,32498,11600,29441,24713,48659,22909,41333,26062,56221,33496,68882,18745,22083,33642,197523
  best day DATE,10/18/2024,5/1/2023,12/4/2025,2/28/2023,5/1/2023,6/12/2024,1/2/2024,12/8/2025,12/4/2025,10/18/2024,5/1/2023,2/1/2023,7/5/2023,6/12/2024,3/18/2025,3/28/2024,3/18/2025,3/18/2025,1/29/2025,3/18/2025,4/9/2025,1/30/2024,8/28/2025,2/9/2023,5/13/2024,2/28/2025,8/1/2025,3/14/2024,10/29/2025,3/28/2025,10/18/2024,5/1/2023,2/1/2023,2/28/2023,5/1/2023,2/1/2023,4/29/2024,12/8/2025,2/1/2023,10/18/2024,4/29/2024,5/7/2025,7/5/2023,10/29/2025,11/14/2023,3/28/2024,10/29/2025,3/18/2025,4/22/2025,10/29/2025,4/9/2025,3/28/2024,6/30/2023,12/26/2023,3/28/2024,11/8/2024,1/29/2025,3/28/2024,6/30/2023,12/26/2023,2/16/2024,2/1/2023,3/22/2023,2/7/2023,2/16/2024,2/1/2023,1/4/2023,2/7/2023,1/24/2023,11/14/2023,8/15/2025,2/1/2023,1/24/2023,1/29/2025,4/4/2025,2/9/2023,1/24/2023,12/2/2025,2/21/2025,4/9/2025
opens/day,13.87,18.32,18.69,12.69,16.18,16.48,15.96,18.63,19.76,10.63,14.69,18.78,14.38,15.62,16.14,15.56,18.9,19.95,22.88,16.01,28.85,29.23,39.6,12.18,21.15,11.77,5.91,32.47,36.99,26.57,13.11,15.7,21.16,13.63,16.18,18.63,13.84,16.38,18.78,13.37,16.3,18.79,14.96,18.11,20.56,17.11,20.98,23.67,24.88,28.41,34.32,36.75,49.2,54.56,23.3,28.33,31.68,37.27,46.28,51.24,19.4,21.38,16.2,17.03,19.96,20.32,14.97,16.57,16.01,18.43,19.91,19.88,31.32,29.91,38.54,22.37,10.84,5.81,38.54,27.03
NEG days,123/765,209/765,302/765,191/765,209/765,300/765,212/765,236/765,312/765,204/765,210/765,296/765,155/765,302/765,410/765,145/765,246/765,353/765,212/765,358/765,373/765,97/765,229/765,392/765,137/765,284/765,374/765,122/765,191/765,384/765,111/765,188/765,307/765,178/765,208/765,311/765,192/765,224/765,291/765,165/765,246/765,305/765,118/765,230/765,330/765,113/765,212/765,297/765,172/765,211/765,302/765,72/765,183/765,315/765,94/765,216/765,308/765,107/765,193/765,319/765,256/765,330/765,265/765,298/765,254/765,322/765,268/765,309/765,364/765,405/765,301/765,344/765,290/765,369/765,325/765,440/765,325/765,379/765,326/765,393/765
WIN %,84%,73%,60%,75%,73%,61%,72%,69%,59%,73%,72%,61%,80%,60%,46%,81%,68%,54%,72%,53%,51%,87%,70%,49%,82%,63%,51%,84%,75%,50%,85%,75%,60%,77%,73%,59%,75%,71%,62%,78%,68%,60%,84%,70%,57%,85%,72%,61%,77%,72%,60%,90%,76%,59%,88%,72%,60%,86%,75%,58%,66%,57%,65%,61%,67%,58%,65%,59%,52%,47%,61%,55%,62%,52%,57%,42%,57%,50%,57%,48%
AVG WIN day $,1648,3367,4722,2041,3216,5190,2227,3470,4822,1626,2922,5954,1937,4969,9391,2139,4658,9016,3391,5062,12194,3221,7809,5126,2421,3157,3702,4033,6659,11778,1563,3304,6050,2117,3217,6467,2102,3468,5839,1701,3422,6175,1909,5416,12635,2219,4829,10671,3771,7033,14031,3621,8594,31363,2498,6693,13570,4417,8975,32142,3099,5397,2860,5760,3076,5049,2728,5738,5481,10207,4338,7917,6304,9924,8467,13282,3087,4035,8461,14181
AVG LOSS day $,-560,-1655,-2543,-789,-1700,-2852,-913,-1626,-2739,-487,-1099,-3207,-901,-2991,-4804,-824,-2256,-4380,-1312,-1485,-5872,-765,-3097,-1756,-849,-1427,-2769,-1151,-2249,-4398,-492,-1737,-3839,-927,-1714,-3669,-971,-1714,-4020,-827,-1926,-4172,-969,-4628,-10584,-1033,-2843,-7116,-2068,-3699,-9549,-1196,-4642,-22803,-1020,-3792,-9643,-1695,-5216,-23206,-1559,-2788,-1568,-3376,-1626,-2624,-1391,-3126,-3081,-6045,-2234,-3945,-3481,-5320,-4080,-4500,-2185,-2918,-4069,-4617
PAYOFF (win/loss),2.94,2.03,1.86,2.59,1.89,1.82,2.44,2.13,1.76,3.34,2.66,1.86,2.15,1.66,1.95,2.6,2.06,2.06,2.58,3.41,2.08,4.21,2.52,2.92,2.85,2.21,1.34,3.5,2.96,2.68,3.18,1.9,1.58,2.28,1.88,1.76,2.16,2.02,1.45,2.06,1.78,1.48,1.97,1.17,1.19,2.15,1.7,1.5,1.82,1.9,1.47,3.03,1.85,1.38,2.45,1.77,1.41,2.61,1.72,1.39,1.99,1.94,1.82,1.71,1.89,1.92,1.96,1.84,1.78,1.69,1.94,2.01,1.81,1.87,2.08,2.95,1.41,1.38,2.08,3.07
(context) true MAX DRAWDOWN $,-2830,-12582,-29040,-5705,-13899,-27630,-5078,-12253,-28479,-3505,-6821,-34448,-4340,-38909,-73594,-4505,-13753,-44867,-8312,-14948,-59147,-2440,-14916,-20669,-2991,-9346,-37619,-4045,-9883,-46028,-2610,-14247,-47886,-6755,-13089,-38596,-6694,-16173,-51768,-4290,-17775,-57010,-8090,-60700,-155740,-7745,-29260,-74642,-18481,-30536,-88114,-6521,-26252,-296395,-6570,-33225,-82735,-8051,-34186,-311727,-11800,-32854,-21113,-33919,-10796,-33919,-16150,-25700,-44900,-82880,-22655,-46258,-31399,-62670,-52777,-61194,-21159,-39728,-52892,-54781
maxDD 7-day $,-2830,-12582,-21641,-5705,-12000,-19611,-5078,-11270,-20908,-3100,-6821,-25625,-4340,-18645,-40441,-4505,-13753,-31035,-8312,-11922,-44764,-2440,-14916,-14051,-2991,-9346,-21112,-4045,-9883,-35736,-2610,-14232,-34136,-6755,-12000,-33699,-6694,-14207,-36927,-4290,-14551,-36467,-8090,-42234,-90024,-7745,-26695,-60252,-18481,-30536,-76761,-6521,-26252,-236037,-6570,-33225,-78790,-8051,-34186,-241819,-10260,-22714,-20593,-31730,-10053,-22821,-16150,-25693,-19748,-43667,-19670,-27271,-25820,-40287,-36848,-39918,-18484,-25233,-36848,-40764
maxDD 30-day $,-2830,-12582,-29040,-5705,-13899,-27630,-5078,-12253,-28479,-3505,-6821,-34448,-4340,-38909,-73594,-4505,-13753,-44867,-8312,-14948,-59147,-2440,-14916,-20669,-2991,-9346,-36444,-4045,-9883,-46028,-2610,-14247,-47886,-6755,-13089,-38596,-6694,-16173,-51768,-4290,-17775,-57010,-8090,-60700,-155740,-7745,-29260,-74642,-18481,-30536,-88114,-6521,-26252,-296395,-6570,-33225,-82735,-8051,-34186,-311727,-11800,-32854,-21113,-33919,-10796,-33919,-16150,-25700,-44900,-81308,-22655,-46258,-31399,-62670,-52777,-61194,-21159,-39432,-52892,-54781
ret / maxDD30,348.8,121.0,48.7,178.6,102.9,56.2,203.9,118.2,46.5,230.5,203.5,53.3,239.7,35.8,18.4,267.3,135.1,48.1,191.8,101.9,43.6,850.1,232.5,59.0,467.8,118.8,11.2,605.3,342.6,60.5,370.2,110.7,33.1,159.2,109.4,46.3,151.7,92.0,30.8,205.3,73.1,27.4,138.3,30.1,12.8,171.1,70.5,38.4,101.5,101.8,40.8,371.0,157.8,23.3,240.1,85.7,38.9,338.0,120.5,22.1,99.6,43.3,47.9,49.5,107.1,40.9,60.4,64.0,23.9,15.0,59.0,42.5,63.0,31.2,45.3,38.0,30.3,11.4,45.0,62.9
avg peak capital $,2414,2757,5555,1452,2908,6493,1533,2882,5995,1776,4347,6536,2531,2917,5978,1981,3369,6697,1703,2854,6504,3247,3929,6109,2472,3840,4486,2496,6850,8104,2414,2757,5876,1462,2908,6801,1537,2886,6255,2056,3393,6598,2580,2997,6327,2052,3396,6885,1729,3134,6611,3613,4154,9106,2590,2945,6478,2739,4155,9072,3304,5462,4314,5591,3175,5377,4286,5553,3342,5629,4595,5655,3656,5770,6963,5742,3161,4407,6962,9437
ret on capital (daily $/$),0.534,0.722,0.333,0.917,0.643,0.313,0.883,0.657,0.289,0.595,0.417,0.367,0.537,0.624,0.296,0.795,0.721,0.422,1.224,0.698,0.518,0.835,1.154,0.261,0.74,0.378,0.119,1.282,0.646,0.45,0.523,0.748,0.353,0.962,0.644,0.344,0.864,0.674,0.333,0.56,0.5,0.309,0.567,0.797,0.411,0.845,0.794,0.545,1.419,1.297,0.712,0.875,1.304,0.99,0.796,1.265,0.649,1.299,1.296,0.994,0.465,0.34,0.306,0.392,0.476,0.337,0.297,0.387,0.419,0.282,0.38,0.455,0.707,0.443,0.449,0.529,0.265,0.133,0.447,0.477
profitScore ($20-norm),2580,1990,924,2664,1869,1015,2708,1893,866,2112,1814,1201,2720,1820,886,3148,2428,1412,4168,1991,1685,5422,4534,797,3658,1451,267,6402,4426,1822,2526,2061,1037,2812,1872,1169,2656,1946,1041,2302,1698,1021,2926,2389,1301,3466,2696,1876,4906,4064,2352,6326,5416,4509,4124,3724,2103,7114,5383,4510,1536,930,1322,1097,1511,906,1275,1075,1400,795,1747,1287,2586,1279,3125,1519,839,293,3110,2253
riskScore ($20-norm),-5660,-12582,-14520,-11410,-13899,-13815,-10156,-12253,-14239,-7010,-6821,-17224,-8680,-38909,-36797,-9010,-13753,-22433,-16624,-14948,-29573,-4880,-14916,-10334,-5982,-9346,-18222,-8090,-9883,-23014,-5220,-14247,-23943,-13510,-13089,-19298,-13388,-16173,-25884,-8580,-17775,-28505,-16180,-60700,-77870,-15490,-29260,-37321,-36962,-30536,-44057,-13042,-26252,-148197,-13140,-33225,-41367,-16102,-34186,-155863,-11800,-16427,-21113,-16959,-10796,-16959,-16150,-12850,-44900,-40654,-22655,-23129,-31399,-31335,-52777,-30597,-21159,-19716,-52892,-27390
GOV lossMax $,-3000,-7000,-5000,-2000,-7000,-6000,-2500,-4500,-5500,-1000,-2500,-9000,-2000,-4500,-7000,-1500,-4000,-7000,-2000,-2000,-9000,-1500,-6500,-3000,-1500,-2500,-6000,-2500,-4500,-7500,,,,,,,,,,,,,,,,,,,,,,,,,,,,,,,-4000,-7500,-4500,-8000,-4500,-6000,-3500,-7500,-4500,-9000,-4500,-7000,-6500,-8500,-7000,-7000,-7000,-5500,-7000,-7500
GOV worst floor HELD $,-2843,-6840,-5000,-2000,-6740,-6000,-2500,-4499,-5500,-1000,-2500,-8996,-2000,-4500,-7000,-1500,-4000,-7000,-2339,-2378,-9000,-1714,-6500,-3000,-2037,-2500,-6000,-2577,-4500,-7500,,,,,,,,,,,,,,,,,,,,,,,,,,,,,,,-4139,-7500,-4500,-8000,-4492,-6295,-3500,-7500,-4500,-9000,-4500,-7000,-6500,-8500,-7000,-7000,-7000,-5500,-7000,-7500
GOV days over cap,0,0,0,0,0,0,0,0,0,0,0,0,0,0,0,0,0,0,0,0,0,0,0,0,0,0,0,0,0,0,,,,,,,,,,,,,,,,,,,,,,,,,,,,,,,0,0,0,0,0,0,0,0,0,0,0,0,0,0,0,0,0,0,0,0
GOV covers deferred,0,1,1143,186,0,593,80,211,1252,291,355,52,9,507,2963,285,1037,3758,2673,7072,9331,788,1180,2852,186,2,0,728,1193,1555,,,,,,,,,,,,,,,,,,,,,,,,,,,,,,,255,362,24,70,118,386,147,78,699,2053,968,2924,1868,8039,1024,1472,0,0,1028,1192
GOV offsets bought,5,31,1078,113,19,1197,239,266,1287,2,138,1337,30,250,1148,2,149,1140,320,278,2021,15,617,1100,60,152,355,29,605,2509,,,,,,,,,,,,,,,,,,,,,,,,,,,,,,,256,696,136,805,255,848,156,815,179,1108,180,648,238,983,666,1805,30,216,662,2205
GOV offset spend $,1676,8667,400568,43098,5330,541071,82557,89552,503736,475,38898,607231,6891,74775,424051,418,41846,457663,113332,86657,771959,5193,210642,469055,18005,49293,155758,6159,200047,1155634,,,,,,,,,,,,,,,,,,,,,,,,,,,,,,,77983,248392,37318,336539,76430,316775,38964,333254,52159,388870,44727,259489,71392,349584,205088,738889,8827,89420,204532,932898
GOV opens blocked,0,7,2301,730,6,2003,179,217,1855,2003,1131,513,637,2618,4718,1207,1593,3297,2067,6992,3598,4301,5507,28677,1307,3408,3466,3665,5879,20113,,,,,,,,,,,,,,,,,,,,,,,,,,,,,,,678,870,537,1528,399,1732,1337,1805,3060,3322,1691,2899,1320,3184,9094,23800,446,4519,9091,20588
WING conversions,245,1019,1742,405,1221,1708,681,1370,1871,126,1039,1883,157,1062,1805,188,1007,1904,963,787,2021,376,2064,1077,274,805,1246,550,2107,2210,127,858,2428,517,1229,2607,678,1380,2722,322,1319,2727,153,1310,2681,217,1124,2491,1444,1240,2653,693,2265,3251,245,1182,2584,651,2375,3256,755,1709,805,1653,923,1610,604,1557,754,1533,723,1356,933,1675,1433,1611,679,1135,1435,1940
WING spend $,49193,232777,411403,79900,275789,420585,130744,309197,448881,25843,233241,477781,33036,267231,520498,40849,252317,524152,208294,192744,573845,83324,552713,265963,57980,187973,309833,123722,552109,614650,26080,197809,621992,101250,278301,663982,127272,314087,685853,67425,304220,719099,32260,349398,910356,46712,283816,765138,328428,343658,886677,151768,643108,1271280,52909,327880,847882,150773,671555,1255410,173126,436810,179288,447574,209479,407077,134758,425107,193919,463829,185915,378315,257438,493940,392596,474783,161878,284115,393150,557226
WING days active,173,488,576,305,535,545,403,550,580,112,483,566,133,456,518,165,469,556,501,365,577,278,587,415,204,414,470,358,606,588,109,454,657,361,539,666,416,571,671,251,552,674,133,538,681,190,512,660,577,514,671,398,662,704,203,498,669,401,636,705,406,569,447,538,459,539,376,530,361,482,380,460,421,518,475,487,350,445,476,532

DATE,v0-10,v0-20,v0-40,v1-10,v1-20,v1-40,v2-10,v2-20,v2-40,v3-10,v3-20,v3-40,v4-10,v4-20,v4-40,v5-10,v5-20,v5-40,v6-10,v6-20,v6-40,v7-10,v7-20,v7-40,v8-10,v8-20,v8-40,v9-10,v9-20,v9-40,v0-10-unc,v0-20-unc,v0-40-unc,v1-10-unc,v1-20-unc,v1-40-unc,v2-10-unc,v2-20-unc,v2-40-unc,v3-10-unc,v3-20-unc,v3-40-unc,v4-10-unc,v4-20-unc,v4-40-unc,v5-10-unc,v5-20-unc,v5-40-unc,v6-10-unc,v6-20-unc,v6-40-unc,v7-10-unc,v7-20-unc,v7-40-unc,v8-10-unc,v8-20-unc,v8-40-unc,v9-10-unc,v9-20-unc,v9-40-unc,v0-20-cATM,v0-40-cATM,v1-20-cATM,v1-40-cATM,v2-20-cATM,v2-40-cATM,v3-20-cATM,v3-40-cATM,v4-20-cATM,v4-40-cATM,v5-20-cATM,v5-40-cATM,v6-20-cATM,v6-40-cATM,v7-20-cATM,v7-40-cATM,v8-20-cATM,v8-40-cATM,v9-20-cATM,v9-40-cATM
12/27/2022,-1050,-1960,-1985,-1050,-2160,-3840,-1050,-1960,-3840,-510,-2160,-6070,-235,1755,2308,40,7856,2308,885,1939,4212,-485,4795,1274,-485,349,228,15,4795,2308,-1050,-1960,-6070,-1050,-2160,-6070,-1050,-1960,-6070,-1050,-3390,-6070,-235,2321,5051,290,8086,5051,1295,2321,5051,-485,4795,5051,-240,2311,5051,15,4795,5051,-571,-6268,-946,-6268,-571,-5462,-1137,-6268,5471,8789,4651,8461,4966,8939,-831,-2210,3056,687,-831,-2984
12/28/2022,1850,336,3326,193,326,2143,389,-1024,3252,2030,2319,6602,-12,-4402,-6857,2000,-3779,-4136,2773,-1380,-3011,3322,2048,-2985,-1245,-1671,-4590,2450,6386,1419,1850,2319,3420,1863,326,8655,1999,450,7089,1909,3613,5545,385,-5025,-7804,2000,-3249,5441,3724,-2048,1781,3692,6222,43354,435,-4179,1401,6010,8545,46377,2873,3725,961,7890,-1048,-525,1111,7890,-4142,-7567,-1392,4485,-2574,37,-2161,-6875,-1697,-4410,-2161,6926
12/29/2022,3238,8744,2215,3683,8781,-2426,2692,8553,2215,1810,6885,3139,975,8169,6144,3065,14619,9065,6061,16113,21011,3207,19484,625,3370,2065,-2149,3437,13278,-42,2150,8963,4485,3683,8781,4753,3713,8772,6579,3000,10302,6358,1145,11927,10862,3065,14619,9065,6059,19224,22731,3572,19569,25963,5680,19224,25546,4063,20998,27135,5007,-1245,4582,-322,4677,-1479,5002,-2671,4766,4348,13808,1862,15915,16388,23875,5287,4966,-1585,23875,6221
12/30/2022,1743,495,-3772,1338,501,-5049,1262,-882,-4681,698,1597,-8723,800,500,2943,1130,889,-4563,461,-1384,1903,295,-3706,-145,690,-2215,2485,964,-326,-4565,1743,1309,-6965,1338,501,-8528,1262,-305,-6965,478,684,-7290,800,9487,5282,1475,445,-6439,7218,4958,-4887,1034,-8905,-29028,875,4838,-5083,1044,-6748,-27225,1595,-5557,766,-2018,384,-5674,386,-3750,1125,348,-675,-1688,-3236,-2121,-4180,-3134,6247,1210,-4315,-7432
1/3/2023,995,-1645,-2937,854,1960,-1222,-538,-605,-1940,-575,-176,-2053,607,3662,-5827,500,4823,-838,244,-1105,-1657,3566,12138,-2360,141,-505,840,3533,2859,-6959,995,553,1155,304,1960,-1480,-710,-616,-4135,625,-552,-2122,-460,5144,5247,500,4823,594,826,6599,-11348,3987,9604,-14027,-1225,4928,-11211,3888,9557,-13751,1391,-2346,-1157,-5004,862,-2079,-1005,-4946,-922,-5415,3052,407,2934,-3918,3393,-5082,1451,-1090,5728,-647
1/4/2023,954,2226,11823,2252,4786,17752,2426,4849,12717,1350,2570,18894,1210,8202,7518,1515,6119,8014,1259,6748,2556,-20,3899,1265,1303,1107,5216,425,5897,-3400,1315,1136,16323,2252,4786,21247,3162,5668,19230,2825,2681,20367,1210,8533,10808,1210,4877,-6902,195,7694,-685,3020,465,-37512,1680,2030,1132,1175,-2439,-36760,3743,11656,10380,12009,7666,13774,11600,18667,9135,11778,1715,-425,5726,5414,-2570,1872,1708,5081,-3410,-4713
1/5/2023,550,3242,3217,3101,3979,9908,1510,3677,9750,1905,3411,10420,1030,3991,7767,1167,7943,8637,2453,2206,8472,2030,7415,1518,1165,705,4404,2007,6850,3211,839,4019,12463,2664,3979,11944,3418,4635,13739,984,2844,9818,1030,3991,6749,1167,7943,9389,2855,5607,11416,2030,9496,33972,1165,4791,11178,2007,9496,33972,7186,10855,6517,12884,7068,9468,6617,5763,5768,13893,6795,6741,9366,16083,8609,1260,278,2053,9174,6883
1/6/2023,890,487,1797,-55,1630,3086,-1224,566,-989,-520,2073,2925,-1685,-3704,-6567,-1085,-2770,-6550,-1767,-1379,-8534,1820,2332,-406,-951,-2044,-2504,2445,840,6990,890,1615,74,-55,1630,3592,-45,1540,1583,-275,2450,1981,-1145,-4210,-12390,-555,-1580,-2925,298,-3675,-11097,223,1880,23562,-336,-3830,-12337,2830,2877,24661,1449,1316,900,4028,-104,169,900,4088,-3884,-8475,-581,1659,31,-8015,6543,919,-1864,-2237,6408,-4041
1/9/2023,2851,875,5586,1048,-1095,6193,1362,1054,725,1405,-2350,4182,3135,-3135,-4952,-745,-3010,-4791,1746,-1145,-6674,-1485,-580,18714,1128,397,2687,2195,-4464,4080,810,620,2509,1455,-1095,5275,1575,1459,1933,1509,765,1447,-155,-4030,-13931,-1420,-6185,-11152,-589,-7040,-20858,-367,-6770,-21839,-1475,-7485,-21526,1575,-6609,-18858,-970,1343,-2719,2262,2035,136,-2995,85,-4008,-8476,-4455,-6784,-4226,-8320,-2434,6366,-403,6437,-2449,15784
1/10/2023,-45,-2245,2677,-565,-485,-359,-1509,-3085,1553,-290,-1345,-2624,965,-822,-1899,1187,2153,6251,1277,370,2919,475,7491,2424,1722,696,1545,855,7021,10348,-45,-1715,1572,-1645,-485,-934,-1645,-1715,-2449,-655,-1895,-4033,965,282,-10367,1187,2153,6420,1474,7033,3132,475,4887,36660,1722,5780,3183,855,8297,36760,-1240,453,-1385,-4654,-3119,249,270,-4654,-1315,-2429,3018,13219,4081,6625,10211,16167,951,4426,10192,7826
1/11/2023,-1262,-425,-3219,-820,-2143,-2769,-1214,-594,-4126,-920,-550,-2079,-160,-4300,-5445,-287,-3610,-5984,-1998,-1993,-8525,730,3784,4388,295,-1828,-2633,1185,3519,18464,-1120,120,-4873,-570,-2143,-1115,-650,-1912,-4096,-1145,-2996,-4177,-160,-8445,-27835,-287,-3610,-7250,-3981,-7960,-17998,730,3784,41127,295,-7796,-20735,1185,3784,42040,568,-1213,-576,2117,152,-2292,-2335,2117,-4296,-8465,-2905,727,-5321,-5835,4827,18959,-2331,-1882,4822,14178
1/12/2023,1190,6163,-4630,135,4749,-4630,-382,1882,-4630,1675,4208,-285,1490,4616,8358,1715,3755,4539,157,80,1254,-395,597,-1870,1215,3423,-3023,-95,-1476,-5835,1190,6534,-121,135,4749,-1065,110,4444,-2280,1165,1715,-1600,1490,4616,8364,1715,3755,4037,771,4163,2899,78,1235,-22269,1215,3808,1507,-95,828,-20275,-685,-2028,2012,-3429,1119,-5270,1907,-3429,7000,15041,4103,7823,2928,9195,-4660,-4196,-2646,-4815,-4660,-1560
1/13/2023,-260,-1485,-4834,270,-652,-5530,-77,-1595,-5454,188,-204,-2555,-850,-4145,-4998,-970,-3760,-6972,-1843,-1970,-8959,175,1573,5711,-685,-2455,3364,625,1552,16632,265,-271,-6942,270,-652,-1867,250,-1060,-3920,-880,-1172,-3613,-850,-8495,-14623,-970,-4070,-7104,-2438,-6675,-17241,515,1703,30752,-685,-6675,-14771,795,3336,31611,-1923,1500,-268,3971,-2612,2561,-268,3971,-4240,-7723,-1840,-1052,-3713,-8193,2166,17448,-1667,3383,2166,20736
1/16/2023,-390,-648,209,1242,-38,1077,1640,-181,-1200,185,290,4300,-910,-4040,-6075,-1455,-3080,-5585,-1965,-1950,-7005,45,-3490,-770,-970,-2045,161,-765,-4475,347,-390,-648,3813,1730,-38,3813,1970,-181,3813,-848,-785,3813,-910,-2560,-7665,-2005,-2245,-9310,-2625,-5835,-11345,-2205,1665,-14995,-3185,-5835,-11345,-1560,1665,-16595,426,1029,950,1430,426,608,-155,1430,-4095,-5085,-4075,-6595,-6230,-6755,-4745,-4075,-920,4177,-4745,-3735
1/17/2023,322,5486,-2634,-800,3759,-5776,366,1685,-3779,-785,3856,-5291,5584,14375,13853,2099,13191,5189,3241,11466,18670,660,-3455,-1240,4630,12813,571,1885,-1500,-41,830,3226,-6791,1405,3759,-9565,-50,1771,-9565,905,4211,-7425,5584,15194,17083,2314,13191,7695,3236,16554,18665,1859,2882,-5641,5720,18788,14681,1885,-85,-2449,7434,-5168,-771,-7655,5509,-4334,-1930,-6351,4579,6654,7758,8373,1648,9583,-4533,-521,2040,3885,-4538,1185
1/18/2023,986,820,-2725,3044,1516,1195,2751,1876,-1719,1458,3311,1386,-1795,-4495,-5507,-480,-1073,-6500,415,145,-6937,-1140,3849,-2064,-1200,-13,-1378,796,5233,-6769,986,2665,-1917,3044,1516,1546,2985,3201,-481,1843,2704,730,-1015,-3955,-19636,-295,-478,-5587,1055,-1825,-12447,1671,3686,28899,-535,-2130,-13096,3374,5235,29732,-530,2258,-1989,3487,-1600,5098,-734,3487,-4455,-7057,-515,-4313,-3448,-4816,6072,-6584,-216,-795,6072,-7454
1/19/2023,-355,3083,5345,1230,3016,1624,-37,3618,8612,-390,3406,4049,2460,4308,5343,2746,3545,2811,3881,4026,3682,4390,1717,-1491,3130,4080,3703,4280,2537,-5954,-355,2111,7679,1230,3016,4974,580,2971,9242,771,3576,7631,2460,4774,16314,2896,2020,-2142,5171,7930,9073,6641,-2602,-37811,3160,7405,16206,4870,-2708,-37784,3436,8732,2106,6797,4044,8432,-788,6498,7145,8525,2835,-1042,6091,-567,-2295,-6459,3535,11824,-2295,-5965
1/20/2023,-1958,-2263,-4465,-1260,-2674,-329,-1297,-2313,-3970,-495,-2320,657,-1130,-3815,-6490,-1340,-3930,-6996,-1950,-1995,-8990,415,5529,16327,-810,-2105,-1895,1510,4274,21504,-1715,-901,-3298,-1260,-2674,315,-1185,-951,-2522,-1520,-1558,-3799,-1040,-10150,-26505,-2200,-4285,-10421,-5190,-6695,-19962,-1007,6452,37301,-635,-7080,-20520,1510,7577,39910,-464,-1407,-1511,2903,-565,-1881,-1571,3133,-4390,-8961,-2900,-4705,-5639,-8464,11617,23288,-2345,-1415,11297,25925
1/23/2023,2660,5640,7518,2188,3394,5240,3398,5245,1370,3125,4334,3049,790,1920,3391,2280,6150,10038,2223,3726,12951,2690,2671,-1202,5035,-1685,-4490,5279,4455,-3201,2660,5544,2674,2188,3394,-35,3398,4720,3486,3300,5333,178,790,2940,21471,2280,6150,10242,3024,5899,15396,2690,7692,-1606,5035,5219,15509,5279,7799,28,4533,2672,4859,3767,3662,4579,5559,6192,3710,6943,4243,13381,8645,20730,10894,-2870,839,-1542,10894,-4420
1/24/2023,2795,4760,1446,2185,5620,-1619,2395,6330,3074,3265,5445,-1299,1400,9807,25941,2175,12457,22898,3157,18276,27723,3325,7210,-153,3085,9948,8897,3385,8275,-5488,2795,4760,5300,2185,5620,-1106,2395,6330,3764,1410,3360,8582,1400,10513,34189,2175,12457,23545,3157,17817,26893,3480,6091,-2723,3085,18217,27426,3620,6660,-3754,2510,2160,4316,164,2203,-282,3253,164,24713,23725,22570,15758,26062,18136,2917,-1438,18745,1987,2837,2129
1/25/2023,435,-532,111,435,1890,7287,265,-791,1358,-45,1385,5745,-855,-2198,-6773,-475,340,-6250,-1561,-1936,-8988,130,4200,10499,-1045,-2040,-2238,-1685,11832,-3500,435,295,-1204,435,1890,6770,580,-30,2685,1170,-3395,1768,145,-1320,-10710,525,340,-12105,-1215,610,-12163,-136,3748,-3481,590,1550,-13575,-110,5240,-1887,742,1193,3211,6762,627,2523,2840,3842,-1955,-7139,-1668,-5935,-4264,-7899,774,-6905,-2272,-1718,774,-7425
1/26/2023,-363,834,-925,-155,7,3060,-725,526,-1345,-555,436,3060,972,-2907,-4853,152,-2487,-4962,-1867,-1357,-6566,1147,-4031,6623,1082,1791,3752,-790,-4495,8959,-15,1307,-449,-155,7,3060,-165,1097,430,-1020,1861,2194,972,-2907,-16341,152,-2487,-7127,-3552,-1196,-11254,1147,206,4118,1082,-2298,-3285,-545,260,7822,110,598,-353,2483,-246,359,1059,2247,-2608,-8736,-2233,265,-29,-5018,-5075,12220,-698,-1662,-5075,2580
1/27/2023,2478,1634,1840,2800,2711,6080,2282,3674,3510,2410,126,7143,3300,5269,7538,6540,5428,9527,5526,7449,9909,7750,12190,355,4560,968,611,6780,9330,-5375,2665,2779,3813,3320,2711,6880,3285,2345,5128,2435,3886,1623,3300,6594,14169,6540,4623,9527,6671,10608,25704,5728,12562,45724,4560,9498,27239,7153,12948,46291,1356,5497,1265,6532,1654,5883,2205,4362,476,-3108,4385,8963,10578,14692,16219,-4464,-2416,300,16169,-2398
1/30/2023,191,-2791,-3082,-385,-2879,1749,-12,-2470,-3082,890,191,-3180,890,-1153,-6717,850,389,-3120,-759,-1954,-7119,820,7235,9568,1015,179,-2894,4128,7866,16541,240,-1805,262,905,-2340,1003,1020,-1350,-45,345,-1275,-1120,890,-5431,-13011,850,389,-1740,715,-2402,-3332,-262,10127,54159,1015,-1362,-6503,6185,11524,56355,-1086,-1084,-1017,-2516,-3636,-3769,-1260,164,-3784,-5055,2871,2074,39,218,14268,20390,-489,-2894,14268,39807
1/31/2023,-7,-327,987,2529,-855,-636,2231,1267,-774,278,-2027,-1013,944,4688,394,6259,4183,-2452,6791,4983,-6111,1203,1570,2895,729,5364,-424,940,528,15711,-7,-327,-7135,2529,-855,-5683,2231,-351,-7135,-547,-2110,-2836,944,5017,-16102,6259,4183,-2452,4113,4628,-19435,3775,3834,50401,1059,5608,-18301,1965,2074,50894,-1246,-1946,-1885,77,1521,-2010,-1605,-3,7091,969,5327,4356,5672,7735,4558,18148,4479,-3736,4433,13996
2/1/2023,435,4236,6712,1750,2470,10526,2480,3810,8271,245,1785,34239,1805,6010,10512,2325,6660,39671,3375,4631,8911,1586,9905,14805,1425,2510,1272,1645,8173,34314,435,4460,31288,2410,2470,33809,2480,3810,31335,695,3920,8620,1805,6010,8918,2325,6660,38296,4425,6076,33310,1586,9905,48592,1220,4736,32990,1485,8980,48774,6136,32887,3920,12267,6020,32498,4845,12067,5905,7206,6825,41333,5433,14310,8105,50091,4622,2171,7220,24047
2/2/2023,1325,1639,8406,4048,2896,10631,4670,-474,9300,-280,1256,19339,1430,5241,7196,3920,7160,11983,6795,-586,20482,5488,9658,-175,3691,4207,-576,7542,12352,5313,1325,2985,10688,4048,2896,14137,3278,1505,10732,2417,2186,7142,1715,9100,26958,3920,7160,24106,6256,10875,42851,5478,25254,48901,2800,10875,44200,7428,15693,59170,3234,11950,3214,14631,4322,11619,1892,9061,4899,1668,6714,8790,12127,20133,16796,8851,898,-2873,16591,13527
2/3/2023,140,243,3032,-699,990,-3267,-262,-302,169,330,2620,-2174,-426,-3953,-6522,400,-364,-6534,-1714,-1995,-8988,3768,6977,5680,900,-1382,-2213,5447,3677,-7391,140,1845,-1469,-315,990,-1538,-1100,680,-1635,35,480,1602,165,-3260,-9471,400,-364,-5823,-2365,-980,-2253,2778,11152,-1022,380,-325,-2989,6217,9435,-1029,916,-244,630,-815,-393,719,1260,-242,-4466,-8861,2835,-5030,1414,-8290,-1003,-2217,-1991,25,-1003,12675
2/6/2023,1821,5392,7346,2235,2870,3385,4714,2978,6159,1440,2050,664,1035,7415,9304,2590,7343,10015,1835,8036,3300,7445,8310,-1350,1928,5597,5819,8830,11151,-2699,1821,4464,8480,2235,2870,-2908,1435,1784,93,986,576,-602,1035,7127,10028,2590,7343,8969,1804,8656,-888,7445,9794,-7741,893,7901,184,9015,9800,-11365,1491,-848,1249,222,1132,1392,431,-419,7345,18908,11245,8989,9856,4139,4686,1851,2518,12052,4686,-4778
2/7/2023,1906,6368,19354,2556,4443,27855,2386,2449,18577,2125,5480,26649,1605,1775,6854,985,2885,5536,1812,2375,23530,945,7705,18497,1725,-620,891,950,4600,16863,2015,6005,22295,2556,4443,27855,3461,1880,22863,2570,6601,23303,1605,1775,9525,1775,4465,7639,3928,4615,20981,457,5671,39720,1830,4325,26549,1625,4760,40525,4535,27123,3073,31567,2928,20222,5112,29441,3060,9109,2732,27283,4883,28537,7225,21617,1529,1043,6190,23835
2/8/2023,1435,3387,-570,1540,3369,-3768,2095,2465,-36,-550,65,-3738,-644,-1292,-6790,1464,6450,5512,918,-1060,6700,7445,15945,-49,3640,-2430,-4535,11936,13243,12129,1435,4091,-1943,1540,3369,-3387,2440,3447,-2635,1245,2143,-1517,-345,-625,-6090,1464,6450,14949,2531,12421,11617,8705,15126,70587,3640,11825,10468,11936,15604,70085,3109,-3872,849,-4312,3109,-5380,1375,-4807,-3860,-8975,15503,9408,11618,9785,12518,14217,1170,-4535,12498,8416
2/9/2023,-425,134,-4835,1085,-190,4085,1175,514,-1006,-105,-1935,2675,-1025,-4115,-6300,2225,2414,-1898,-589,-1949,-8986,7595,13857,43291,1045,-1552,-1888,11625,13353,47114,-315,1095,-210,1085,-190,4802,1175,1485,1442,180,640,1016,-860,-10410,-23930,2225,2414,-306,40,-1285,-11341,7595,13952,61469,1045,-3310,-13291,11625,15995,58349,1244,180,1025,5144,1041,-845,666,865,-4128,-8460,1590,-760,-6084,-6469,15040,68882,-1288,-1666,15035,67346
2/10/2023,960,7707,3015,245,6582,388,1295,5291,2857,1500,7202,5824,1933,6526,12282,1880,3414,7088,2315,2806,4156,-585,3943,1357,619,4572,3120,-796,2323,-1753,960,6419,3427,245,6582,5164,1295,4900,753,1414,4706,4346,1933,6526,14361,1665,4634,5355,1693,2976,-3440,-1371,-5534,-43491,545,3396,1275,-4505,-10586,-27013,2815,3468,2768,3913,3090,4481,1765,4523,2713,4746,3154,842,3007,-1857,-6863,-3857,2246,119,-6863,-6230
2/13/2023,3070,3571,7549,2929,3516,1644,861,2482,5700,2605,2254,1374,-1495,1177,-4247,1530,9175,19065,5052,-1865,9044,5078,4766,-2397,-1370,1338,-300,6122,799,-3605,3070,4301,9423,2929,3516,764,1592,2482,6859,3116,4162,7020,1785,11645,19497,2660,11577,20758,7676,16489,23675,4681,5210,3006,5002,16314,24741,6122,3966,1372,4815,3736,3556,550,2920,3024,3906,550,4725,5955,14267,10575,16454,12157,9934,-3235,-743,-1144,9934,-5647
2/14/2023,1183,3995,-2961,115,4858,3246,635,3625,-1442,1753,563,-324,225,2534,4243,1645,2857,1051,-128,7008,6651,1420,5898,-1821,495,3647,5685,1650,5568,11907,1548,5081,710,115,4858,710,1000,4415,320,905,3315,426,225,2534,3350,1645,2857,1051,-128,7008,6651,1420,5349,6934,495,3414,8311,1650,5893,7567,3043,-1740,3385,-194,4508,400,3800,-1534,6529,3987,7035,10993,12107,12342,18312,-513,9933,7829,18307,21097
2/15/2023,-840,-449,-1067,-1325,-340,504,-1335,-544,-755,-975,-73,2982,-105,-4442,-1601,-1275,-2465,-5079,-1975,-1850,-1369,465,5062,3954,-25,-2025,-2316,330,2609,5066,-640,705,-1141,-1325,-340,3074,-1335,705,411,-1065,1443,-1133,660,-1252,-8949,-930,-1950,-7850,-2860,50,-956,141,4594,21761,740,-225,-4474,330,4287,22523,-122,1712,-316,5583,177,-807,101,5448,-4070,-2163,-1009,1201,-611,1778,2826,-4889,-2611,3037,2826,2160
2/16/2023,1425,5471,4185,4481,2484,8916,5521,4064,3954,2465,4250,332,1490,-1713,-2233,1880,-1305,3840,2280,2160,-8408,1615,3249,3975,1595,1315,10613,2100,3919,13038,1425,4737,3868,3758,2484,174,3785,4280,3228,2455,6884,6164,1490,-916,-7053,1880,-2000,-10816,2530,-1155,-13740,1615,-7111,-32500,1595,-1860,-11773,2100,-7705,-31935,7688,7328,2574,2619,1750,2993,4368,6479,-745,-4316,-1300,2540,-1905,-5018,2606,7867,1931,10893,2596,9712
2/17/2023,940,-1344,-903,145,-458,3317,-1725,-326,3993,518,-81,1639,70,-1621,-5931,225,65,1908,-489,1212,-7041,-956,-329,-163,-395,1506,3975,-2053,1660,-5706,940,-381,627,-360,-458,3317,-1250,-326,2139,-477,-131,-258,70,-1621,-8292,225,65,-8108,-489,1645,-9167,-1380,1743,-27627,185,-306,-13937,-2608,797,-29943,-1199,646,191,319,-681,3777,-785,969,-1678,-8071,693,-2291,-383,-6477,-5311,-2604,1556,2167,-5311,-3643
2/20/2023,105,1082,4895,1274,1017,4865,1684,1017,4865,100,849,6478,-675,-1790,-115,445,1993,5328,2864,2058,6807,-370,3554,1880,420,-2100,-3310,1295,2824,4119,105,1082,6551,1684,1017,6551,1684,1017,6551,-125,1007,6551,370,-1790,-275,445,2893,5988,2864,2943,6807,655,17958,34013,560,2943,6807,2360,17958,34013,-1620,351,-1535,650,-1620,351,-1535,650,-865,-3175,-1065,-710,-1119,442,280,-2795,-2890,-4145,280,-1785
2/21/2023,43,636,-2007,2547,1112,2295,1313,463,834,-545,1877,6147,-185,-4465,-6970,940,-3710,-6571,-428,-1045,-8996,1706,6585,-2245,-991,-2089,-4610,3902,5559,15611,285,1717,3773,3427,1112,8125,3650,1847,5250,2178,1010,4045,-281,-11288,-28713,940,-4114,-6921,-77,-7024,-22331,2195,7077,55742,160,-6109,-20310,4601,7813,57361,-1371,5224,2344,6914,-221,1735,1520,7808,-4420,-7651,-4433,-4250,-6464,-6341,13993,30749,-2026,-4405,13993,24100
2/22/2023,665,4382,1692,1310,2695,2976,723,-523,-3738,1060,3736,4757,335,4310,9557,260,4185,14395,279,2061,16549,155,11747,2004,340,727,1960,545,2547,-579,665,3141,3105,955,2695,1822,-645,1050,-2120,945,3580,3099,635,5421,15169,515,5982,12650,3095,4914,13342,1289,17513,-1237,570,3369,13017,840,18045,-1658,2468,-5069,772,-4612,1745,-1788,-1859,-4202,6486,16470,5305,10092,5369,8159,2488,-5913,3855,-197,2488,-6945
2/23/2023,300,1538,-1703,915,-929,2927,1499,37,289,370,646,4530,-485,1097,11867,-20,2870,8907,-1127,4060,7673,409,-3769,-2002,-71,2295,8902,-345,-4071,-5663,300,1538,-1940,915,-929,3132,865,683,-806,135,3204,5175,-485,1575,8289,-2095,-1015,1380,-935,-10,-3267,-3127,-8092,-28952,79,-825,-2315,-3497,-5002,-31026,3436,4859,1289,6759,5378,8065,-96,8407,4639,14204,-1058,11781,3316,17114,-6832,-5097,1105,7390,-6832,-6519
2/24/2023,2981,6307,2725,892,7200,4462,2101,6232,-444,3243,8712,-559,5806,8120,10886,5641,7633,3723,10985,5284,-721,4366,1428,-1479,6271,8053,13717,3421,2640,-4730,2428,8241,-6434,1120,7200,-3856,1105,5416,-7410,1678,7867,-8957,5806,9503,19561,5641,7633,13381,10985,9386,7071,6360,-3638,-41927,6271,9724,8013,6661,-6850,-43774,4781,1144,5539,-338,2594,-1088,8472,334,5679,13535,-1801,3228,-38,-2227,-6740,-3245,1717,6130,-6740,-4664
2/27/2023,266,-2174,10842,1045,-1617,2503,920,-1446,11149,-840,1308,2577,313,-1599,4731,495,-295,-1193,-157,-1050,-2343,2921,4309,-855,-911,-1645,1604,2739,3214,-6354,750,-1087,13984,1441,-1617,3116,1947,-546,14675,1135,-377,14585,1006,795,18087,1000,455,6665,1776,-880,14408,3063,9992,5191,-40,-1185,13375,4668,11183,6298,4567,3113,3720,-896,3537,3616,2868,-1925,969,11633,2659,-1603,-1153,411,4350,-6965,1478,-472,4350,-1037
2/28/2023,5885,9444,2761,8684,11474,1743,7364,5718,2640,5355,9748,-67,3149,16130,18318,3273,1891,12360,4935,10447,14269,3017,1943,558,3334,6969,7423,4715,1294,4701,5885,7318,7482,8934,11474,4953,7364,4841,7424,5079,4896,1050,3406,19703,31257,3273,2862,15822,5632,10932,19257,3017,-2080,-39265,2924,7542,18810,4715,489,-38289,8274,-2856,8995,-5633,9108,-264,9615,-2059,4829,10061,5705,-165,4425,7447,-3238,-6361,5557,8083,-3238,-6421
3/1/2023,-268,-2057,5530,-1123,-3050,-795,2708,1408,3023,-720,-1589,-3328,2670,-161,-4304,4195,6654,19505,2379,2577,9461,3639,12660,-426,3330,1865,-4665,3688,5444,5617,-268,-3397,978,1273,-3050,-2209,1362,-894,-2946,-1545,-4007,374,2670,1801,6178,4195,6654,19880,3038,8891,12543,3435,13221,38810,3330,8586,11808,4808,14711,45428,560,-1976,1701,-1266,4183,-3035,-1082,-1266,-2550,1502,3736,17749,5558,11536,16898,519,1543,-4510,16898,-1369
3/2/2023,-335,-721,-4888,-280,-950,2729,-500,-1023,-5373,-425,-1795,3107,-1665,-3856,-6934,-1460,-3246,-6955,-1750,-1215,-8904,-350,2729,10212,-1480,-1163,-4650,540,1255,23934,-335,-333,-1909,-280,-950,3793,-500,-868,1016,-1075,857,985,-1950,-6892,-23816,-2325,-4476,-5825,-6105,-4418,-22000,140,4264,49339,-1180,-4588,-22215,695,4782,48721,671,1626,165,8613,70,1126,480,8928,-3973,-8954,-4380,-2951,-5186,-8496,2405,34572,-6615,-5195,2395,31668
3/3/2023,900,2259,1778,1035,2430,1810,-324,2259,3023,900,1495,5538,215,-3679,-6970,1835,-1691,-2544,-1996,-1982,-8076,670,8665,4141,-500,-1719,-928,1516,7544,14449,900,3135,4826,1035,2430,7073,1035,3135,5035,1005,1998,3243,940,-5280,-16334,1835,352,-1689,213,-1807,-10864,-324,9582,46331,1220,-852,-7101,1761,9582,50044,3806,2316,5671,9147,3669,-146,5671,8892,-4160,-8941,-8,310,-3427,-6565,15058,19979,-1345,-1579,15058,19630
3/6/2023,380,126,-1665,-42,-1649,-4489,529,-2615,-1469,634,472,-2661,-425,-3499,-6888,-1280,-3690,-6897,-968,-1997,-8996,-1485,-2255,-2878,2299,1578,-114,-1292,7302,-7457,380,-895,-3935,481,-1649,-844,263,-1584,-3309,-1331,-3095,-7095,-425,-6985,-18040,-1705,-8865,-21252,-2773,-10975,-22582,2228,7036,-9920,-2240,-10835,-29018,932,4080,-13219,-2544,-6665,-1140,-1781,-3008,-5223,-1204,-2203,-4459,-8220,-4450,-6300,-6423,-8495,-6805,-6398,-2564,-2002,-6805,-6764
3/7/2023,-132,-3985,-3760,-310,-3385,-4497,-1530,-3693,-3895,-570,-1891,-4976,619,545,-2916,1580,291,3294,1825,-1511,6141,1080,9688,8786,1770,-657,-3690,961,8103,19863,-55,-2995,-3196,-270,-3385,-4313,-110,-2005,-2368,-270,-2700,-2338,750,820,1658,1514,381,7969,3334,3503,7700,1537,8122,37470,1770,1908,9560,1737,9787,35839,-3237,-3254,-2925,-998,-2987,-3693,-2440,-1911,3953,3597,2741,11348,8021,15853,11387,22123,1589,-3440,11382,22233
3/8/2023,65,-263,-3224,799,1271,-127,51,1090,-1819,365,119,-355,900,4534,13802,730,5457,12867,1250,4693,6045,420,-1950,-1368,975,3257,3833,801,6218,-226,65,-2150,-4090,799,1271,-2800,2870,-1021,-7752,400,-1001,-3348,900,4534,16929,880,5543,14083,1250,7398,2971,579,-5817,-9656,1255,5161,2694,-1429,-3544,-9434,620,-996,108,3492,728,5780,-906,4912,8675,9283,7211,15581,9554,6197,346,-3068,6958,7583,346,-3078
3/9/2023,1235,375,-105,2290,15,5051,1705,3420,1241,1850,1170,2718,-495,-4395,-6520,-995,-3525,-6945,-1915,-1750,-8910,6405,-6455,-2875,-715,-1810,-1839,-2301,-4150,-6160,1620,1225,-105,2290,15,4018,2185,3748,497,2210,2655,783,-495,-8890,-25817,-1375,-7240,-21885,-2850,-9365,-31986,6363,-951,-13078,-715,-10320,-32710,4844,-775,-19495,751,188,185,4665,1725,1521,1950,5261,-3564,-8640,-3915,-7000,-5859,-8347,-6875,-6985,-3470,-1256,-6875,-7495
3/10/2023,130,-2131,-2201,2266,-1429,-249,610,-151,-217,-700,-59,-2574,1775,448,7890,2930,3382,16712,2933,3231,9106,2290,13573,-957,2661,1276,-2573,8990,8689,9844,450,-953,-4365,2157,-1429,-1991,1334,-169,-4772,620,-947,-7110,1775,1810,7753,2930,3382,17010,5011,6359,10709,5478,9719,21666,2815,4559,12384,9095,11767,23977,-1847,905,904,3859,728,-1352,2659,3889,3314,11761,4277,14381,4624,6352,3980,8754,506,1561,3975,14790
3/13/2023,765,3882,7925,2321,3141,1037,3469,3184,7030,80,2920,6415,1085,2937,-1336,1805,797,2159,1254,1989,-687,2065,7413,-2475,898,10,5156,2250,1970,-4602,765,545,5579,2737,3141,12933,3055,2449,4619,2564,1635,2923,1085,813,4684,1805,797,4425,2717,300,-4561,2065,923,-20420,898,-65,-3933,2250,7408,-21179,2906,10055,1432,7058,2925,18443,240,7419,3908,4190,4634,210,1831,1422,-18,-3357,1538,7302,-223,-5301
3/14/2023,731,4675,11129,2530,4219,13593,6848,6164,14825,1345,1935,14314,1875,5477,8034,710,6448,20418,5339,3630,24909,3033,3313,3575,1251,1667,5961,2197,3941,4455,731,5223,15364,2441,4219,14716,3285,6172,13044,1080,4332,13844,1980,9513,29005,710,6287,25181,6778,11767,28637,985,6062,8510,2050,12317,28637,1570,6821,9295,4158,9921,4154,12187,5307,9678,1399,12187,3446,9475,8047,13232,10661,31814,425,-3648,3128,4137,420,-3530
3/15/2023,195,-1274,3825,-205,-26,-423,-1023,-418,110,-590,-2317,-2579,1260,6440,17278,2280,2917,13833,3896,469,18278,310,3050,1354,1285,1823,3426,910,3347,10295,195,-16,431,-205,-26,-3810,-875,49,693,-660,-3125,-5815,1260,6440,17278,2280,2917,13833,3896,6353,18278,310,3050,16589,1285,4985,10644,910,3050,16474,-1154,-2076,815,-4755,-1004,-785,348,-3961,6118,9682,2038,5200,9539,9536,18281,7082,4993,7319,18086,15301
3/16/2023,345,2119,3247,1630,1926,7765,1478,1983,3276,435,686,7287,1170,-4010,-5975,735,1128,-4901,-550,-1825,-4191,2303,7485,-2043,-924,190,-912,2813,8068,9794,345,2570,3658,1630,1926,7995,1665,2425,4232,800,3532,5993,1455,9,-11586,1260,1949,-2693,190,1661,-8967,2177,6800,37708,540,4259,-7910,2813,8343,41363,1940,7071,1683,9231,1416,6852,2140,9435,-4461,-8385,1240,-1880,-110,-5618,8660,21116,-1765,-5165,8555,19714
3/17/2023,1303,8074,3910,3085,8405,9983,2645,6225,7322,535,7380,7636,3106,10141,25735,4360,9797,18952,4169,10361,31580,5400,2169,-3000,3980,1631,1837,2952,7537,-5133,502,8945,9577,3085,8405,8461,2591,7717,9835,137,8553,5552,3106,12931,35500,4466,11547,38409,5518,11728,46645,5250,12932,19542,3980,11158,43747,5183,13548,18026,6931,6247,6070,6857,5989,4404,4515,6856,11287,24735,3806,19621,15266,12183,1258,-5851,496,4023,1258,-5676
3/20/2023,-71,1112,855,-1160,570,-3570,-1528,978,-2039,-520,105,-1935,1420,983,-3366,928,4877,-1912,169,8,3993,130,4493,-2866,951,-749,-106,-395,6886,-7471,-605,1520,-102,-2255,570,1870,-3070,1785,1682,-520,-135,2760,1420,1386,-5343,928,4877,2777,264,-20,4423,-850,7924,26651,541,757,5267,-3535,7685,27120,3497,1564,-35,-2315,2101,447,1820,-1645,199,-3489,1219,5981,433,5368,5459,-6890,810,1139,6504,-7425
3/21/2023,-495,1313,-2108,-1290,1478,-783,-160,-39,-2652,-665,-1655,-2096,-1840,-4042,-4939,-1425,-3825,-3699,-1855,-1901,-8958,-1030,-2755,1021,-1026,-2406,624,-1860,-1116,5922,-495,2515,-10710,-2130,1705,-6048,-2180,2515,-9080,-1305,1955,-9319,-2765,-7147,-12018,-3130,-4435,-4068,-2905,-4525,-13240,-620,4573,-4776,-1886,-5065,-19611,-2830,5255,-3829,-571,-1596,625,2829,-418,85,1510,2694,-4252,-8873,-1660,-6993,-2384,-8378,4750,9055,901,-1968,4750,7750
3/22/2023,1374,5890,8630,3964,5753,7595,4075,5157,8382,1588,2670,8324,848,2057,8029,1610,3602,6682,9442,6815,14761,2427,12846,7733,2120,1740,-79,4621,3785,11866,1573,6512,5254,3927,5753,8270,4194,5322,4623,1385,5087,11150,848,3057,8888,1610,3632,24721,9442,9024,24015,3266,11805,28046,2120,9061,21594,4229,11715,28746,4258,6341,18190,3655,3277,5787,2430,3605,391,6079,3098,22676,8910,16439,24712,26110,417,-3315,24622,27405
3/23/2023,1495,3825,8794,3435,3405,13816,3121,3730,7303,2160,3708,10709,-583,-4228,-3120,490,-3010,-1415,-1288,-1794,-5154,2755,-6442,-1369,35,2644,7085,3015,-324,-5024,1495,3825,11231,2924,3405,16250,2121,3730,8689,3313,8291,12478,-245,-3785,-7417,85,-5100,-6100,-1345,-5265,-11533,2834,-6466,-10431,345,-5280,-11595,3130,-7747,-10707,3800,13734,2339,14034,3291,9628,3626,11824,-3056,-4957,-1765,2415,-5157,-8486,-49,-4863,812,5281,-59,-3301
3/24/2023,-1699,-3065,-1496,-1910,-4057,-2489,-2176,-1851,-5495,-590,-1805,-4874,-180,1231,-6921,-530,3288,-6501,-1985,-866,-3414,-415,-2798,5852,2875,-588,-2129,-1785,5539,5278,-2040,-4000,-8086,-3045,-4057,-7760,-3045,-2615,-9965,-2210,-4715,-9197,-180,-2407,-20737,-660,3288,-9890,-2540,-922,-10747,803,-1956,-1548,455,708,-12466,-2145,-497,906,-2338,-5382,-4040,-3982,-3592,-4013,-2075,-6120,-2310,-3894,-695,234,-1901,-3845,-1091,16575,3776,273,-1091,9636
3/27/2023,1590,2315,7677,2621,2271,6164,2083,2689,7582,1415,3051,6595,125,-2591,-6579,535,-2070,8727,3171,-1200,-2885,5915,9319,1579,760,-325,-4565,7208,5020,14027,1590,2531,6347,2621,2271,5302,2643,2689,6252,2460,5504,2441,125,-530,-671,1080,-1110,12585,3535,1971,5962,5135,8858,31256,760,931,7276,7208,9756,33730,1977,5808,-565,1580,1877,5808,-704,1745,-4140,-4028,-975,11531,4386,-1934,4734,9870,-1405,-4565,4734,8992
3/28/2023,195,516,1228,76,1051,-1701,-821,629,682,-400,1051,-2462,222,-41,-2097,1790,1957,555,3378,500,8049,1674,-491,3685,1002,-836,5013,-709,77,-185,195,897,182,225,1051,-2390,-570,1093,1934,-710,529,3287,222,275,-1450,1790,1957,-2173,2456,2589,5397,1674,-4015,-42293,1002,2836,4034,4117,-3734,-43646,-931,2996,1642,3559,-69,904,777,3559,-2895,92,2574,1168,2776,6162,-368,-4677,4987,1706,-573,-6069
3/29/2023,-155,-545,402,-2000,-869,-3295,-2200,-2045,1930,235,2176,-1426,860,5498,-2574,310,249,-5724,579,1965,-2166,425,2220,137,2585,-1418,-747,290,1730,2332,-155,-355,1812,-2040,-869,-124,-2005,-1895,2429,-1280,1015,1482,860,5498,-1834,445,1082,-1451,1464,4995,5704,745,2806,31900,2590,5551,6730,995,2631,32773,473,-1239,1125,60,98,-171,1732,60,752,693,-106,726,687,2700,2511,3273,1038,-1191,2586,8085
3/30/2023,-297,2050,1477,370,1675,4588,3615,3417,1477,-800,40,4710,3237,4143,9280,1415,820,5316,1434,1689,7388,5305,-1528,-1672,1840,2316,5828,4730,-736,-5876,-53,2060,4884,153,1675,4060,983,2269,5775,-135,422,5028,2805,5887,19042,-225,3700,7574,1845,6090,9992,1914,-2476,-19988,2140,7015,10499,1840,-2609,-19988,1406,3153,-1289,4753,2176,1250,-1174,4484,1389,6535,-430,-1398,4980,-5400,11121,-1932,875,1501,11121,-4382
3/31/2023,-585,-2267,-2944,-1330,-2815,-2127,-1863,1333,-486,-365,-1732,-932,-1550,-4485,-6990,-1350,-3495,-5069,-1993,-1985,-8930,741,5302,10039,-1400,-2345,-4675,3195,4238,14849,-585,-1921,-6205,-1330,-2815,30,-1543,-1850,-4688,-1360,-1306,-5291,-3965,-19430,-38995,-2930,-8080,-11843,-5624,-16060,-32955,1886,5541,36800,-2950,-16060,-32770,3009,5720,39447,-1333,-2773,-1855,1103,-848,-2132,-857,-242,-3800,-8820,-4485,-3203,-6401,-8342,7405,21640,-2645,-5225,7405,20031
4/3/2023,-84,1570,-2916,-104,2224,220,-336,2013,477,535,1338,-525,350,-786,-5315,-705,-2607,-2386,-1121,-352,-8011,-25,3895,-609,243,-4,-307,424,4483,-658,485,1130,-1311,-950,2224,450,-760,1280,-715,120,1745,860,350,161,-2545,-395,-2529,-3257,333,-1520,-11242,990,-9088,-46004,1305,-1885,-10089,1843,-7766,-43925,937,2105,1265,2846,168,620,285,2846,-630,-5333,3349,-3900,-3089,-8483,4832,903,-1377,1318,4832,4667
4/4/2023,2159,1272,2034,2683,492,-48,3845,1452,1912,1830,2838,3501,2040,74,1884,2225,3205,11723,3070,1668,11373,4979,23048,-598,2175,5679,-553,12772,28093,11826,2495,1007,6136,3483,492,5444,4209,1567,8677,2275,-2233,707,2040,779,892,2225,3205,11723,3070,3895,11720,4850,20854,59952,2175,3895,11191,10347,23406,59805,1327,-183,1802,-2438,868,-1372,772,-2438,1371,3041,8125,12223,5653,14851,18938,-994,-1247,6659,18938,6167
4/5/2023,1655,2671,5303,1030,3685,7514,1401,3384,6359,1590,3375,6224,-545,-3600,-6800,-450,-1515,-1234,727,-1780,-5555,5580,654,-2548,1665,-1495,-4730,1719,-1060,-5476,1655,2671,6925,1380,3685,9387,1545,3441,8248,2050,3880,8042,60,-2645,-567,-85,-1825,-1198,30,-1360,-4570,5762,4903,-24985,1525,-1410,-4900,4539,3912,-23595,2625,7749,1630,10613,2773,7641,1745,9877,-3860,-8310,-2030,-3995,-3347,-5152,-5190,-6317,-1135,-2415,-5190,-6516
4/6/2023,1786,-3095,-3574,880,-2155,-4590,-51,-2882,-4676,-510,-2335,630,-1710,-4040,-6958,-1210,-3500,-6793,-1715,-1935,-8030,1005,-3404,-1329,-1401,-1710,-2958,-715,-2636,-5906,1875,-1555,-981,880,-2155,1562,880,-1825,324,1500,-2150,-2615,-805,-4265,-17415,20,-3360,-4575,-2275,-1572,-6861,563,3923,21444,330,-1837,-5626,795,4832,21722,-2929,-220,-2098,850,-3289,1747,-3285,-444,-4105,-8515,-2840,-6640,-6484,-6935,-2877,-6680,-6855,-3960,-2877,-7500
4/10/2023,-1894,-3160,-2755,-1760,-1509,-515,-2075,-2855,-889,-620,-1180,-1879,1485,-3104,-5278,836,-3615,-6910,-1735,-1950,-8990,199,-5100,-2990,-229,-2015,-4680,-869,-4495,-7470,-1665,-1585,-1468,-2285,-1100,-218,-2285,-1760,-704,-1415,660,-769,1485,-3924,-7172,1191,-2704,-3249,-2894,-7671,-4411,474,8713,18563,1336,-7459,-3851,-510,8739,18511,-1837,-3846,-19,-814,-2692,-2921,-1636,-2392,-3915,-8255,-3905,-6945,-6396,-8170,-6990,-7000,-755,-5475,-6990,-7485
4/11/2023,1121,4861,1147,2634,5584,-201,3192,7014,1619,2435,4014,-2545,2821,4416,9463,2160,8962,16692,7599,7326,21103,3668,10238,2336,2825,2991,7558,5386,9473,3780,2240,4637,-30,3044,5584,-2522,3409,7014,-4208,2990,4727,-1407,3866,11616,28101,2310,9164,23926,10540,14720,31310,3668,5684,19290,3885,14720,33258,5386,5684,19896,4942,-1536,3940,-594,5422,117,3940,-2382,4417,18204,7697,12259,10629,14521,1802,-1406,2740,11957,1802,-1042
4/12/2023,-309,-1414,344,1105,-1005,4027,405,580,773,-770,2212,7128,245,-3751,-6966,-155,-3395,-5472,555,-1095,-7166,1310,8197,5325,430,-1814,-621,2590,8874,1842,415,620,-664,245,-1005,9295,1786,440,2693,595,1256,-1583,245,-3490,-3408,455,-3045,213,2145,-1135,2127,1394,4160,28248,455,-1135,630,3690,7985,30027,20,1394,659,4394,2149,651,1350,1426,-4452,-7783,1637,-2382,947,703,6723,4248,-142,-2594,6723,13469
4/13/2023,895,872,1280,865,3115,5317,76,-384,2472,870,2610,5304,-857,-4425,-5142,425,-3995,-6983,-1957,-1995,-8996,955,10527,2505,807,-2400,-4595,2433,6845,17279,895,1705,1372,865,3115,6099,713,260,3344,481,-67,839,250,-9495,-21630,425,-5440,-7898,-541,-4140,-12493,1429,11415,27124,1362,-4295,-13047,3193,10990,30656,1304,855,2516,6191,13,1683,2306,6251,-4493,-8989,-4460,-4852,-6498,-8371,12916,16445,-2490,-5320,12916,14411
4/14/2023,155,-278,-4125,-762,-2055,-4125,-454,-2205,-4125,220,-787,-5222,280,-1137,1552,-825,-1652,-5415,-767,-1112,-4535,-1135,-467,2778,870,478,-2526,429,-3710,-1012,155,-710,-4318,-2770,-2055,-3979,-2685,-3610,-7467,-1900,-3624,-8698,280,450,-428,-1560,-1870,-6319,-310,-2875,-2282,518,-1363,-18551,970,-3125,-3275,794,-2660,-16011,-2172,-3401,-16,1506,-3894,-3230,-210,-4972,900,188,167,-3464,2815,-6009,4128,4921,1931,-2206,4128,5090
4/17/2023,520,-1000,-266,92,285,-489,-557,-1421,-4707,295,1174,-1766,1635,-2820,-3321,540,1158,-5271,-305,650,-6687,2466,2233,989,3097,-602,2410,1335,47,-3954,520,-110,-4876,-40,285,-451,10,-436,-2905,-650,959,34,1635,380,-7744,540,1158,-12424,-187,3379,-10923,2466,1420,-46113,3227,3379,-10923,2510,1656,-46113,269,-2422,-470,808,14,-3405,-510,-1179,-2813,-1378,-843,-2747,-2670,-349,-101,-6165,897,3343,-101,-2306
4/18/2023,40,5336,505,2204,4933,746,1342,4861,2210,765,4145,4740,2600,5019,3968,1900,7817,4900,6215,2735,13628,7170,3100,-1737,2865,3519,-4300,4460,1304,-6105,40,5336,505,2204,4933,1002,1278,5429,2210,495,5522,4666,2600,12184,18816,1900,9490,6872,5740,13674,17627,8541,19916,-11266,2865,13705,14518,7909,18919,-11677,4634,2581,4655,3814,4011,2581,3006,3814,2568,6760,-424,-673,8076,8660,-442,-2037,-706,-4035,-442,-4513
4/19/2023,1590,6622,8185,2715,7161,8819,1951,6496,10296,1245,3804,13510,99,-3042,-6955,-45,-2233,-1302,-875,-1985,-8566,1701,-3308,-2554,1840,-2460,-4665,3171,-4023,-6734,1590,6780,14667,2768,7161,14357,2201,6496,14708,1791,7336,17248,433,-6186,-5691,-167,-3050,-544,384,-3290,7545,1951,-287,23139,1888,-3290,7313,3171,-3410,23139,5742,5898,6975,10763,5379,6777,5091,10763,-4355,-8830,-3240,-3338,-3006,-7493,-4656,2244,-2490,-5335,-4656,2316
4/20/2023,850,2162,-824,3006,3017,124,2870,1835,-1837,1200,2471,1594,1355,1206,-6373,965,1824,4611,1072,-1440,-2538,-1125,-3636,-2717,510,5145,3537,-15,-3500,-5253,850,2471,-476,3006,3017,-206,3287,1835,-205,1771,3980,2831,1405,2570,3569,1445,1205,7933,4173,1436,-9,305,7129,-14996,1020,1691,-1367,100,6919,-16250,361,-1023,-94,-408,-277,-1837,0,592,841,-5028,955,-448,679,-1774,-5914,-5702,5244,6088,-5914,-6941
4/21/2023,538,-787,-626,-1665,28,-2400,-1250,-351,-683,-180,317,-3159,2253,210,6936,2420,4789,10734,2270,2504,15845,900,6045,-2820,2545,7544,-55,1095,4244,-6503,735,-590,-635,-118,28,-3398,-1028,-560,-254,865,1169,2754,2253,2090,10041,2420,5117,11668,3474,11188,25828,775,11124,26451,2545,12328,25007,1095,12770,28638,-1355,-3073,-1803,-6358,-1073,-1650,-2977,-5427,8052,7419,8310,2349,8268,5458,-4589,-6925,-2183,265,-4589,-4923
4/24/2023,720,-449,-1288,-1235,-4365,-867,-220,-2497,-1248,-560,-1333,1529,-1165,-3565,-5505,-1470,-2120,-4510,-1992,-1430,-4928,-1235,-6015,-2935,-1275,611,-4655,-2220,-3854,-6176,720,-3916,3777,-1235,-4365,361,-2045,-3946,1298,480,-2542,2366,-1645,-3504,-9008,-2775,-6805,-21015,-4625,-5745,-17623,-4493,-12534,-56793,-1485,-5945,-21110,-6271,-11562,-62787,-1406,2723,-3480,3507,-1399,2723,-2615,3507,-3120,-3838,-1685,-5505,-3976,-7749,-6935,-6770,487,-4150,-6935,-6635
4/25/2023,-375,-2156,-736,1358,-2763,-1426,271,-2413,-5190,-565,-2465,210,-455,-3920,-6885,-20,-3395,-6999,-184,-1965,-8999,3408,5726,7168,-40,-2442,-3113,5161,4008,21995,-375,-1265,-1704,1750,-2590,2165,1680,-1713,-1627,285,-1175,-2230,-455,-12815,-30760,-20,-6610,-12346,-230,-7820,-22108,3543,5078,58379,90,-8060,-22508,5820,7030,57317,-3637,-328,-811,3099,-4258,-2684,-1376,787,-4468,-8977,-4315,-6928,-6463,-8458,10411,46890,-912,-2793,10411,49368
4/26/2023,1047,612,9743,2105,918,8455,1252,512,9796,1270,623,6235,-70,-4358,-2110,335,-3945,-6958,-377,-905,-7728,-120,573,-1500,-55,-2094,3910,2564,-3158,-5946,1500,1358,7544,1690,918,6946,1700,1358,6850,1918,-42,4678,-70,-6168,-6316,510,-5165,-4836,-447,-5825,-6273,4024,1630,-21013,-490,-9130,-3534,4456,-793,-24125,4738,6091,6584,8206,4680,6669,1861,8206,-1626,-7664,-3185,-6000,-5041,-7460,4909,-6589,160,385,4909,2791
4/27/2023,895,2325,5554,1840,1293,6826,437,2128,5978,560,1565,6797,-1635,-3195,-6920,-1495,-3550,-6950,-1992,-1994,-8982,1980,12090,-599,-1335,-1961,-4620,4745,11305,24511,895,2548,4371,1840,1293,9768,1621,2603,6074,1732,3856,8931,-5920,-18220,-35210,-3220,-8115,-10565,-3164,-8505,-20937,1531,11682,41062,-4685,-8720,-20805,4745,12090,41991,2854,7731,4572,11805,4250,7665,3492,11530,-3850,-8905,-4475,-6950,-6470,-8495,15593,28361,-1564,-5310,15593,26316
4/28/2023,294,-2275,-2021,-315,-831,-958,-1467,-2352,-1758,-55,-1430,1254,1367,-3607,-3591,949,2928,5159,-1511,2072,-3896,1164,9011,9590,783,-1086,231,1349,9566,13397,294,-436,-705,-400,-831,328,-380,-726,-725,204,-1016,-1550,1555,-786,-8730,949,2928,5640,641,-534,-1823,363,7188,52927,1495,546,-1510,1349,9120,54966,-18,344,-1355,64,-595,-2066,-390,-377,-3441,-4453,1993,7949,2441,-888,11677,19206,-1458,231,11677,19206
5/1/2023,5129,12339,1916,4922,13884,8780,5170,11038,3113,4178,11715,6808,3275,6960,14819,3260,-326,9117,3602,1020,4163,1880,-6189,-1060,2435,4106,10014,2345,-3954,-5495,5130,12339,12923,5552,13884,6645,5203,12299,10353,5020,11203,12004,3275,7463,30307,3260,-326,10296,3829,2513,15908,3854,-10930,-43434,2460,2389,18198,2420,-14509,-44618,7692,3086,8763,-66,7988,4954,8188,-64,7695,30346,1914,10638,-604,15265,-6110,-6885,5400,10359,-6110,-7100
5/2/2023,1015,3116,4651,-359,5195,6692,170,3668,5437,1650,5366,7777,3398,14365,8165,-1035,-504,1406,3626,5398,-3471,-1015,-3878,541,341,4126,1903,-2495,-2104,-3956,1015,3441,7163,-359,5195,7747,531,4218,6784,390,3733,9698,1832,13231,13737,3742,7510,4006,5027,9730,4722,3076,-5577,-32770,2755,9245,5156,-185,-7563,-35512,1510,1748,2083,3722,2302,518,1338,3718,5234,7405,-1096,-1219,-1004,1006,-6090,-4112,1883,1884,-6090,-6102
5/3/2023,2040,2512,7567,3705,3314,3482,3260,2762,6205,2643,2377,5409,1760,11029,9438,1567,11137,4035,5090,12160,6302,1870,11259,12444,1885,2220,560,1616,12145,20927,2040,2769,7718,3705,3314,15928,3260,3019,7458,1480,274,8989,1760,12450,7531,1567,10558,9056,7535,5025,4985,1970,10757,3436,2060,4445,5125,1766,10749,7293,3663,5943,7304,3875,4978,2553,1444,3875,3480,6611,7378,10149,11113,13331,7975,6666,12749,11848,7965,8666
5/4/2023,2475,5755,3979,2150,9170,4974,2360,4278,3979,1395,3103,1488,1450,9630,8055,2660,4393,12407,3128,7156,5795,1520,3141,752,1725,4514,6420,-1245,2157,2677,1740,5205,1260,3113,9170,1347,3348,5434,2760,2175,4225,2110,1450,9630,20792,2660,4393,6214,4853,10320,23023,1520,-3225,-9233,1725,11435,27797,-1210,-3453,-8341,3905,-472,4161,317,4785,17,4172,1372,11561,14661,7628,2415,7039,-2085,7554,-2345,7308,2474,7554,-2930
5/5/2023,1275,2629,-2367,1324,176,3804,1176,2576,669,2150,2696,5836,280,-3614,-4430,650,514,8220,-241,-1170,-3768,1310,4228,-1009,-1172,-1565,-394,1340,2491,6979,1275,1529,4337,1324,176,6993,1228,1401,5355,2177,4780,8001,-185,-2251,-2277,830,917,11814,862,2809,7117,239,4147,27343,55,2809,8102,2065,5571,30978,498,9384,1525,14961,2423,10023,1560,15281,-2533,-6412,-2195,4077,295,1932,-784,5543,5,-1574,-784,5169
5/8/2023,-75,-2026,-2005,-1665,-2846,-1270,-1770,-1897,-3452,-690,-624,2183,1705,-1125,-5756,285,1029,-1196,-1830,-1571,405,190,-2250,-127,1755,-2210,-4580,-185,-1258,836,-75,-2026,-26,-1770,-2846,3387,-1770,-2026,1196,-1025,-933,296,3199,3939,-919,2265,1568,-512,-225,4145,1662,190,-8722,9489,3674,3455,401,-185,-11065,11286,-2193,-561,-2887,-3258,-1793,-2305,-3010,-3429,-369,-4446,-4405,57,-3377,-7689,-6980,-7000,-3545,-5210,-6980,-7420
5/9/2023,-1105,-103,2884,-35,2717,811,-250,1360,993,195,-72,2129,-76,-2387,7587,-363,-115,5085,595,-1132,16755,3235,11748,4284,-96,227,2830,3160,11394,-4828,-1105,-103,4061,760,2717,3066,545,2134,4061,-475,966,4061,-76,-1101,12897,-421,-416,13600,2966,-2875,26421,3326,11699,26377,19,-2875,27061,3013,11699,25945,10302,-1749,2663,-3387,9312,-722,3333,-2542,9971,11754,11246,-1349,13012,9107,2390,-4295,9990,2339,2390,-4315
5/10/2023,341,6543,7172,2157,5628,1555,3348,7585,8168,-5,-50,15743,-355,-1285,2978,-595,4285,4205,-968,6467,12250,-240,6015,-2998,-737,84,4601,1640,-603,-6015,565,7004,12152,2487,5628,13568,2629,6037,11545,1140,6342,7310,-355,-181,9759,-595,2503,11946,3072,9756,16330,-3397,2473,7140,195,9844,13203,-730,3580,10876,3329,11613,2946,9123,3570,8154,2521,13007,599,10229,482,12406,3727,10717,4355,-6853,4556,1752,4040,-6045
5/11/2023,1073,3262,-3212,-1168,2772,-4166,-1076,1692,-3985,995,3989,-5483,4790,14003,12482,4560,8648,1231,-1037,137,8157,2625,8873,-1842,-375,5326,1231,3767,13140,-5475,1320,2959,-6520,-1336,2772,-3850,-2176,429,-4456,414,-682,-4152,4790,18243,21546,5625,18937,5228,666,16348,13424,153,20726,-23923,2945,16048,13419,6115,20689,-25393,1924,-1351,5012,-4690,1094,-783,6130,-5452,9199,19866,7863,-1735,6658,1448,917,-6875,-2779,620,917,-6321
5/12/2023,1437,-1627,967,628,-1595,1114,-465,-864,2928,1940,1465,-549,-1070,-2087,-4817,80,1951,83,2354,1488,9621,1317,4831,-1894,435,-1065,907,796,7585,-5549,1440,-1015,62,195,-1595,-845,8,-760,394,1135,-1080,-695,-330,-2500,-3080,224,2010,244,2395,705,11736,-15,3435,29473,715,320,11531,-91,4026,32328,839,-1769,1316,2226,1515,912,300,1359,-2717,-4826,2975,1394,12037,12112,17080,-3218,638,5400,17080,-2883
5/15/2023,-95,-1586,-1965,-1885,-1473,-2570,-2000,-4438,-1965,-650,-414,-1975,-1380,-1065,-5435,-1490,-3980,-6935,-1995,-2000,-6864,105,-4977,-1266,-986,-1090,-1360,-2470,-3649,-5334,-95,-1365,-1965,-1885,-1473,-1975,-1885,-1540,-1965,-820,-656,-2755,-1380,-1695,-9653,-2490,-3068,-10825,-5595,-3803,-11978,-1604,1012,-531,-1665,-4173,-9970,-4505,2487,1117,-1424,-1188,352,-2979,-1399,-1401,-1494,-3474,-3580,-6635,-4300,-4211,-6076,-5645,-4964,-5114,-2625,-2037,-4964,-7305
5/16/2023,937,-1291,-1233,845,-1150,-5155,965,-1320,-3776,470,-1160,-5584,155,-575,-624,270,2448,-4233,344,1969,-4120,-170,-4181,1053,195,2025,302,2477,-2468,-245,-525,-780,-3867,845,-1150,-6263,965,-905,-6894,-455,-1200,-7967,330,2542,2532,990,1648,-3152,3990,2292,-6668,68,-2130,-50130,574,1472,-10177,225,-6853,-50130,-2506,-5315,-2847,-5009,-2506,-4173,-2579,-5644,-2521,-5122,-1267,1265,602,-1404,-4685,-2618,3318,368,-4690,-2990
5/17/2023,30,-4605,-3989,-510,-3335,-3735,-612,-2125,-2763,-540,-2210,-1729,-850,-4335,-6970,-425,-2030,-5326,-1690,-1520,-8964,-75,-331,-69,-340,-2135,-4570,776,-1268,2181,30,-4355,-1550,-510,-3335,-528,-510,-3940,-375,-1060,-4040,-675,-740,-4855,-13154,-515,-1980,-6137,-900,-2765,-9947,-1204,-823,9117,-1300,-3260,-9947,1116,381,9981,-2636,-1385,-1246,-1626,-2833,-2014,-860,-2412,-4185,-8968,-625,-4974,367,-7346,-359,6833,1194,-5455,-359,1573
5/18/2023,1185,1521,-4352,347,2597,-4474,897,1977,-5035,710,2400,-2127,-1195,-1596,-4610,-230,2634,2505,2012,356,583,1595,6747,14388,-579,-1485,-5780,2160,2645,17154,1185,2205,-5522,347,2597,-3776,460,1977,-3261,595,971,-1206,-1195,-2687,-5668,-230,2634,4456,1180,4211,583,1721,10010,30726,-587,2064,493,2375,6092,29966,2161,-5705,3002,1876,2397,-2284,3803,2596,-258,1312,3572,2044,-691,2675,6751,19214,565,-2020,6201,17137
5/19/2023,-1025,2845,831,-370,3320,7297,-471,5079,3586,-890,1865,7422,2030,-3325,-3268,1939,8457,12265,-919,197,3082,1108,-1076,-421,2305,1882,-868,5365,486,-5399,-1025,2845,6544,-370,3320,8918,-215,6073,9383,110,2170,6585,2030,1045,1498,1939,8457,12265,-919,955,6425,3354,-2150,14929,2305,955,7455,5365,-851,15813,3179,4773,5474,6034,4414,3642,4862,5918,-4345,-5795,-540,-2238,2690,2847,4378,-5399,3404,320,4378,-6883
5/22/2023,3525,7047,2885,2695,7716,1838,1865,6316,3678,3065,6067,1489,4140,3979,6261,2730,3784,4472,1760,2178,9286,1975,2912,-677,3260,1548,-3085,4675,3779,-5524,3525,7047,1684,2695,7716,-1309,1865,7226,1684,3190,7481,2617,4140,11181,23087,3770,9745,10729,2970,12030,17062,3531,9196,-17340,4340,12035,17649,5796,9315,-16925,3764,-6070,1525,-6960,4535,-4340,-810,-7035,3346,15562,924,-643,5115,-1898,-3833,-6745,72,-2661,-3833,-6374
5/23/2023,-100,-2754,-4660,840,-2613,-5393,470,-2278,-3828,640,-517,-6245,420,-3680,-6973,85,-3870,-3293,1891,-990,-7740,6575,2755,8043,270,-1875,-3048,6660,455,9993,-100,-1305,-10274,1160,-2613,-8540,1270,-1423,-10095,1065,-2130,-8695,420,-5605,-18680,85,-3605,-9781,1891,-360,-9618,5389,10565,29965,270,228,-7840,7807,12425,31071,-3365,-3244,-2547,-3206,-3657,-1229,-3360,-3206,-3770,-7915,-4360,-6870,-2232,-7704,6860,24382,929,-3048,6860,25209
5/24/2023,1510,316,-2751,-485,-1357,-927,-1263,-719,-726,415,150,-519,1484,7485,3101,2283,7460,8078,593,12788,4358,1695,3615,-1200,1900,5710,2032,3640,-2819,-1402,1054,-321,-1020,-1901,-2505,-3025,-1901,-2641,-4615,309,-1135,-6700,2480,7149,96,2433,6575,3265,-1430,12974,6716,3529,7968,-20114,2702,12431,1846,3052,10774,-26228,-2064,-2564,1310,-5225,-2064,-2247,1480,-2235,5724,4903,-1471,4728,-221,414,-4919,-5647,1496,302,-5055,-6711
5/25/2023,725,1967,-699,-1060,2046,-2024,-1035,-296,-3211,430,1996,-2024,2155,9596,20054,2590,9430,27133,3224,4432,38927,405,-4120,-2935,2415,1515,2115,950,3385,-6828,725,1967,-3726,-1060,2046,-1828,-1035,377,-3888,95,1236,-1948,2155,10100,31607,2590,9430,27133,3683,9263,40637,2846,9491,9658,2415,8608,40950,2432,9807,10262,2774,-2263,3763,-3815,1250,-737,2828,-2430,15225,19025,11340,17794,16961,32429,-4685,-6102,11165,5215,-4685,-7500
5/26/2023,4265,7546,4334,3238,7990,8842,3302,5490,4856,4660,7385,9729,4635,-3905,-6205,3010,167,-1134,1911,-1989,-6276,3588,23209,-2143,657,-477,-2014,5994,7674,11462,4265,7590,5721,3238,7990,10662,3368,5570,6783,4789,8843,8630,4955,5385,-11350,3010,11448,3935,3890,13255,12050,3044,21556,49850,5610,11995,16780,6490,24155,50888,7181,3757,6580,10726,5163,3817,7180,10535,-4075,-7930,-2617,8310,2534,-1561,15595,13568,-1954,-1374,15595,10942
5/29/2023,-375,-1050,3853,-615,-1725,2675,-615,-1050,3798,-400,-1695,5713,75,455,3283,-80,-190,4598,-1600,1310,1325,-880,60,775,-295,775,4074,-885,315,5084,-375,-1050,8049,-615,-1725,8049,-615,-1050,8049,-405,-1065,8049,75,-2790,-610,-425,-3700,-2650,-4115,-4170,-4400,-805,-9280,-12500,-295,-4170,-4400,-955,-9280,-12500,-1443,2507,-2085,2184,-1443,1578,-2050,2149,-4080,-3625,-3995,-1730,-6285,-3840,-4725,-290,-1615,2528,-4725,-220
5/30/2023,1146,766,1234,975,1234,-4795,199,1244,-1741,-560,1545,-3910,894,3836,245,2941,8875,6419,3096,-1080,2876,3148,7517,-1853,2390,-1052,-4720,3833,5859,3745,1220,75,-8072,975,1234,-6234,150,1941,-6443,950,609,-9775,1180,2276,-3938,2941,8875,9146,1305,3385,-2247,2657,8000,35073,2376,2425,-3220,4347,8027,33821,-2478,-264,817,-3183,1410,-3496,379,-6611,2799,7313,8562,15067,8219,10606,13773,8391,-1026,-4235,13773,-798
5/31/2023,1056,1731,-1664,-1070,1539,800,1440,-2,-2498,-40,1286,4269,730,4498,9867,990,5165,2477,585,8733,2559,2105,5364,1250,1340,1612,4523,2207,7439,611,1056,1250,3997,-1635,1539,6002,-645,2621,4974,-590,417,5899,730,5575,19557,990,5165,2477,1108,9399,8289,1823,-4733,-31858,1340,8649,7790,2207,-4817,-32517,2279,1064,4147,433,5016,-3224,5887,-332,6962,18440,3039,652,1466,6610,2468,-5716,2598,3535,2529,-4050
6/1/2023,1003,39,-3804,-403,1695,-1595,863,-66,-1622,1480,-1133,-3666,-825,-2927,-6945,3253,4125,12984,4068,-1975,2400,5135,14625,-2845,845,-920,-1940,4470,12801,-2168,1105,1355,-4014,1910,1695,851,1756,1250,-2708,2305,1484,-1166,2990,5740,7715,3898,5575,11514,7520,13390,24742,4842,14423,53426,4433,13180,24910,5775,14625,54647,1379,-2943,787,-108,1191,-3172,323,-138,-3690,-2237,6624,16024,6834,12532,7810,-1009,-1347,-1457,7810,7155
6/2/2023,3264,4648,-883,662,2110,-2695,1273,2262,-3735,15,-320,-3552,4544,9219,12047,-570,-769,349,2211,4864,7540,-1240,-3835,-157,4845,-2245,-983,-2490,-3030,-6725,2960,3252,-978,1120,2110,-2811,645,2570,-3976,1789,2989,-2891,4721,9729,11675,3740,2081,336,1356,4726,6399,4507,-2171,-28624,6366,4096,4046,3017,-6169,-30693,-2044,-5077,-2296,-5682,-3453,-5410,-2295,-5877,12155,3532,4500,-740,6776,-2421,-6805,-5795,-940,217,-6805,-7480
6/5/2023,-80,-984,-2311,-5,-2029,2008,163,-2172,257,-100,-725,-2932,955,-2247,-2029,215,-3142,-4380,-1984,-1820,-7161,-803,-3218,-2813,970,-1517,-2358,3522,1560,-6155,-80,-750,-1107,-830,-2029,-1686,-1645,-1534,165,635,860,-1072,955,508,778,215,-5680,-9710,-2299,-3265,-13603,4679,-5059,-46789,970,-2290,-11860,-265,-9078,-40736,-898,4397,-234,4670,-923,185,-8,7626,1712,1059,-547,-4829,-916,-4028,-1580,-5985,3279,-2033,-1580,-7160
6/6/2023,385,1712,2103,-790,1069,-21,-618,-135,1315,795,1150,-1320,2040,6832,8489,2010,-859,4655,1444,-697,1783,245,-1045,-1890,1705,4604,-97,-1375,-890,-4640,385,1979,1409,-1220,1069,2046,-615,514,1971,-100,1195,1884,2040,6832,11717,2010,-667,5131,1444,7431,4597,1613,4148,-1052,1705,7431,4662,-970,3650,-2725,1602,-763,-265,1034,1602,-1899,-865,1034,5725,10622,-53,3121,1256,4353,-6275,-6915,2577,1582,-6275,-3571
6/7/2023,-671,-3245,-2445,1540,-3454,3275,-188,-2916,-1002,-550,-1630,1360,-1260,-3950,-5354,-675,-3850,-6688,-1650,-1800,-8843,5091,7048,-2925,-750,-2123,-4540,6386,4732,16363,-150,-1567,-2563,1540,-3454,4368,1681,-2582,448,652,-3668,-2706,-1260,-7110,-26864,-725,-2525,-7581,-1045,-5620,-16705,4476,6343,56315,-775,-5860,-12035,6458,7876,59065,-3913,8352,-3155,13809,-3823,7493,69,11093,-4105,-8345,-3710,-3054,-3900,-7225,18299,10834,-2082,-4495,18299,13460
6/8/2023,2305,7459,7321,2837,5049,8157,3052,5839,8135,2260,4228,10736,-32,-4361,-6235,565,6057,12649,2407,-1300,14105,3809,5508,3278,2442,-181,-4630,5347,2245,16319,2305,7459,8980,3082,5049,9483,3039,5886,9875,2765,7481,8263,900,-2824,2258,715,5884,18741,3336,5524,20715,3706,3353,59891,3025,6318,20090,5347,6372,61794,3868,8660,4404,8487,4100,6767,3663,10247,-4292,-8462,1442,14911,4262,17560,22489,10548,-1881,-5355,22489,12643
6/9/2023,-495,414,3715,-915,66,-5953,-1198,-1412,3212,-295,-1960,-4295,940,1112,-5601,-415,2713,-4264,-492,-1920,-6642,90,-1308,-2559,1965,-1254,-1172,-845,4682,-515,-495,-945,622,-1615,66,-4490,-1610,-1952,-545,-1240,1248,-3401,940,1602,7608,650,2713,3016,1401,215,3016,-250,4950,-1163,1965,566,5809,330,7472,-1117,-1889,612,-2611,-6848,-1188,2529,-2760,-6848,-1285,-3703,-1045,-6303,-1672,-7165,-5872,-6917,-687,-852,-5872,-972
6/12/2023,-1180,-3441,-4974,-1640,-3800,-5850,-1815,-3650,-5485,-650,-2470,-5265,-1765,-3855,-6376,-1345,-3990,-6995,-2000,-1818,-9000,587,-1670,4063,-1460,-2475,392,1348,-570,8670,-1180,-3140,-7860,-1880,-3800,-4907,-1815,-4325,-8141,-1355,-3932,-10594,-4880,-13655,-27866,-2405,-7785,-14855,-6295,-11160,-26415,587,-2409,7877,-5110,-11530,-23825,1348,-190,8527,-1952,-4094,-1890,740,-1668,-4074,-1360,740,-4340,-8321,-4425,-6975,-6485,-8500,1283,3893,-2674,-916,973,-5634
6/13/2023,4078,3614,4376,3154,5367,2942,2770,4897,4778,4460,3100,3222,3130,7606,25997,990,8097,12349,2507,4689,15307,3032,1237,-1805,1712,1463,5027,3900,3969,-3195,4055,2867,6150,3154,5367,2047,1988,4494,4560,2877,3020,4105,3130,8645,26237,2075,8862,15782,3160,8826,18618,6319,13182,765,3532,8799,18540,6002,12780,-179,-148,3646,-785,3802,2251,4631,-2145,3451,9428,15269,10764,9992,7591,8885,-1685,-3835,8855,1106,-1685,-4903
6/14/2023,3966,11291,18700,4138,8260,16167,3254,9647,17910,3945,6434,16489,2615,9414,15473,3490,8260,16768,5015,6474,21075,2960,14470,10119,2801,3741,6926,4215,10722,13732,3685,10521,17772,4138,8260,16707,3329,9758,16909,4690,9751,16872,2615,9972,21253,3490,8260,15491,6545,10091,24276,2998,10121,22483,3505,9591,25407,1195,12292,26651,7660,17024,6900,15983,6969,16698,4058,13953,14207,15745,9925,13517,16406,19961,7357,9086,9765,6216,7157,7711
6/15/2023,750,2434,2885,1590,1632,4852,1726,2253,3456,930,1043,4756,1675,-2821,-5482,205,175,6043,1585,1333,-7293,1848,7104,-1673,2180,-1955,-2146,3231,5347,13744,750,2940,3424,1590,1632,5020,1825,2253,3512,805,3082,2872,1675,-2050,-2223,471,175,3889,1638,550,-6324,953,7073,37593,2180,639,-5049,3366,6929,37593,2260,3396,2210,5099,3045,3355,2617,6066,-4385,-7657,155,6553,-1481,-7170,1719,7897,-4358,-4820,1544,7395
6/16/2023,1385,877,-2276,2445,345,-4248,1350,951,-3630,915,-639,-4214,736,2766,-4400,1491,260,-1243,1180,-1920,-1572,4171,12382,15940,1453,976,567,5268,11424,26895,15,650,-11337,2445,345,-7830,1350,951,-9110,1927,485,-2853,736,2766,-13361,1491,260,267,1180,3977,-4529,4171,11581,51097,1453,3327,-4694,6256,11897,49917,3575,-3350,-1735,-1745,1749,-796,925,-146,-4489,-8778,-237,-1735,1306,-944,11598,35142,538,2883,11593,28042
6/19/2023,2325,3580,5362,3400,4270,6056,3400,4270,5362,2620,2605,6317,2745,5515,7790,1885,5905,8008,4240,4270,11646,1265,6491,3647,2035,1375,845,1750,4876,7290,2325,3580,6537,3400,4270,6537,3400,4270,6537,2665,3580,6537,2745,5515,7750,1885,7635,12361,5920,9930,16406,1500,14825,27881,2575,9930,16406,1970,14825,27881,-1256,-2655,-2280,-2655,-1256,-2655,-2280,-2655,1335,1390,565,445,1722,612,-3235,-705,-132,-510,-3235,-1190
6/20/2023,-198,378,-2391,-80,2078,-4135,-657,-458,-3364,195,255,-1843,3930,17205,17408,2585,3601,7525,4648,11906,4538,2550,340,-55,846,6399,1107,820,3670,-811,-36,1560,-3188,-80,2078,-1613,-1035,180,-2723,109,-220,-2693,3930,18845,20088,3175,14800,11306,3490,12303,9334,4826,12299,-29825,3545,11848,10055,3120,10377,-28640,1135,-3087,-325,-3247,883,-1879,770,-3679,14326,19205,1255,-470,5640,-1061,-3700,-4901,4964,1107,-3700,-4617
6/21/2023,2541,3983,7869,3481,5452,10368,3797,5963,10334,2206,4184,7905,1833,1605,2435,1051,1775,8554,5383,1807,9861,4059,1577,40,2556,1313,-731,3931,2522,7416,2541,5364,9671,3481,5452,9752,4081,5869,8891,2076,5840,8742,2203,4195,13323,1051,2063,10866,5533,4309,21192,2529,309,23874,2556,3976,23307,3931,-251,24238,3006,7674,4439,6770,5295,7530,3527,4790,-1672,2547,-2575,2875,12121,13104,3531,1492,-1137,-910,3531,-1835
6/22/2023,-476,3155,611,-21,3170,-2948,-720,3754,1139,-405,1286,-1076,1689,-1747,-5732,2579,3158,1119,1822,1679,-6967,4850,6580,6552,5129,-2202,326,1721,3970,15320,626,4154,-5506,231,3170,-1311,-486,4174,-3177,-375,2030,4793,1689,-3539,-8318,2764,3158,1536,1748,3719,-10084,4713,9144,32326,5835,3579,-10970,2537,6881,33208,2593,445,4973,-309,4537,2736,5273,-1041,1398,-5506,3651,3868,4699,-1025,7862,22890,338,3466,7862,24174
6/23/2023,2534,6516,2919,320,3752,5578,2714,4603,4834,1220,7535,6645,1955,6985,5203,1740,4252,4132,396,4173,2833,3435,7389,-1640,1615,4141,3164,4109,8974,-2602,1260,6914,7098,658,3752,4504,1401,3009,5150,2041,5928,5410,1955,7089,10868,1960,3182,-1050,1689,4660,-1978,2505,4073,-42430,1295,4660,-87,4394,5080,-43247,3262,8195,-549,849,3222,8001,695,849,6910,6360,8189,3018,4298,94,2264,-3485,4910,15445,2264,-3880
6/26/2023,816,-406,-4823,1873,-1245,-5260,1187,-349,-5481,-935,-1905,-3478,445,-3670,-5475,-1345,-3265,-6570,-1010,-1620,-7825,3901,2172,-2456,-525,-2310,-4270,-245,1014,-7215,813,390,-3593,2253,-1245,-2410,2305,1260,-4105,768,-1250,-4480,445,-115,-11917,640,1608,-5960,185,1145,-8602,3090,5284,16879,520,720,-7597,4283,5967,14382,-393,2835,3,1338,1039,1820,818,1338,-3240,-4992,-362,-2107,-1988,-7290,7149,-6880,-6190,-893,7104,2125
6/27/2023,849,-738,-1911,2398,-862,25,1149,1001,1121,870,-1155,-492,-125,-4187,-6531,-835,-1617,-3545,-788,-1919,-5645,2370,-1902,-399,190,-1040,-2122,3375,-23,7616,1375,317,-1835,2845,-862,-344,2875,1201,-21,1955,277,-661,-65,-3027,-6941,-690,-2297,-2076,1823,-684,-6865,1411,-4064,10352,850,-1009,-6711,3375,-4774,13510,846,-846,-82,-223,111,-5202,-187,-193,-3796,-8197,-3236,-3762,-2864,-7089,9599,-1721,-677,-1906,9599,-2027
6/28/2023,3490,4625,873,320,1195,2241,2086,5902,1629,3470,525,2206,1350,6115,19190,3750,2940,16615,2697,672,12607,-944,-4330,2415,1375,1892,4318,-866,-2089,-1600,3655,1615,873,1395,1195,2256,-40,3288,557,1865,1560,-8,1350,4920,20718,3750,2940,17124,1768,5205,17838,4897,2197,-19142,1560,4300,11527,1555,-2487,-22720,-58,-3,-1235,2364,3076,1942,-1790,-114,12754,22497,9814,17968,11875,12906,-5503,-410,1066,5129,-5503,-5753
6/29/2023,2661,-479,-389,-565,-1620,-1620,652,567,-389,2801,-550,-3835,3485,1465,7171,1826,580,4943,3778,13,11210,5560,5527,-2767,4360,-655,3419,4206,6023,-6870,2661,-1025,-6307,-235,-1620,-8545,-215,-50,-9060,2481,-1343,-6870,3485,1465,21104,1931,580,16260,3778,2937,20323,5560,5559,-9775,4360,2787,21027,4206,5626,-11915,549,-4102,-795,-2562,975,-4110,-805,-2562,11580,19778,-97,7243,8063,15029,-631,-6747,2743,2744,-631,-6356
6/30/2023,2535,11626,3520,3149,6716,4067,3051,5656,5588,2220,7041,4749,5674,10386,17865,2296,5855,8642,6496,6812,10638,7665,18387,-2055,6432,1642,-1985,6241,7135,-6417,2535,11626,9391,3149,6716,6588,3051,5656,8951,2070,5986,10816,5674,9330,27073,2751,7816,14443,6825,9136,24809,12925,36280,-10507,7412,9136,24809,12585,37495,-10344,2926,-1686,1378,-2340,3309,-831,880,-1101,13975,14107,5107,653,13011,6055,-5674,-5245,7372,-2514,-5674,-5528
7/3/2023,150,-1395,-441,-1250,-1645,-1948,-815,-1465,-1541,-400,-630,-1948,695,880,8569,330,-2360,-4024,324,-1960,-1013,1765,-4870,-1615,-70,145,3148,-870,-2470,-6034,-70,-2610,-1995,-850,-1645,-1995,-850,-1465,-1995,-1040,-2220,-1995,695,880,8569,330,-4865,-4045,-840,-3685,627,1472,-12001,-31379,400,-3685,627,-1935,-15650,-32901,863,1973,-3600,-2365,-131,-107,-2815,-2365,5785,6400,-345,-6070,1162,-2736,-3280,-6105,2623,3172,-3280,-5920
7/4/2023,345,2480,5684,1983,3363,7005,2670,2261,6880,1475,-382,8566,2230,1898,5765,830,3350,7602,1185,423,11868,3205,4494,1040,-115,-435,2410,4205,3641,5247,345,2480,10136,3085,3235,10966,3085,3500,10966,185,2385,10966,2680,2288,5960,2145,3350,7602,1185,5553,11868,3520,8801,17496,-550,5553,11868,3715,9560,18070,-550,-896,-1530,-970,-550,-826,-1300,-910,4375,4920,1210,1050,2030,7930,-3850,-2740,1285,3540,-3850,-2740
7/5/2023,5510,4493,3797,4270,4813,-2143,2578,5805,2810,365,5905,-1856,9128,15941,20481,4220,14038,7406,7660,7085,7161,-360,-1060,-61,7851,16311,829,-1135,881,-6534,5510,4643,9737,3893,4813,-3160,2268,4768,8174,2100,3963,5827,9128,19091,29144,5530,19021,12430,10151,17874,20641,6440,4685,-32030,7851,17509,22676,3600,4685,-32030,3167,-1097,2463,-3422,2735,-623,2601,-2963,20609,18308,15906,2450,17298,3455,-6065,-6835,9148,4830,-6065,-7125
7/6/2023,-300,206,-826,-899,-101,22,-574,-739,-796,-820,284,1157,511,-4245,-6757,-1305,-3605,-6980,-1988,-1443,-8986,395,-5024,-2989,850,-1695,-2579,-2284,-4449,-3445,-300,674,-2618,-899,-101,-3312,-1665,-687,-2079,191,426,-40,691,-8065,-18878,-600,-1078,-9440,-4883,-4403,-17857,334,8718,-18441,955,-4548,-17760,180,9595,-17494,-1309,-930,640,-7945,-1245,-930,725,-4400,-4475,-8155,-3280,-6990,-6343,-8480,-6760,-5360,-6835,-1758,-6760,-5665
7/7/2023,2255,2635,-2080,2304,2370,5588,3980,1292,514,3560,5351,4218,1185,-1878,671,1655,-868,-4348,6543,-1897,-4246,450,-4065,-2559,680,455,5429,1075,-1860,-6550,2255,3600,2910,3461,2370,6128,3196,3310,5381,2356,4679,12244,1250,-2088,1635,1655,-868,-364,7640,3826,-6515,182,-6239,-26099,610,3569,-6161,1190,-5690,-27274,4913,11404,285,7580,3480,12638,2010,3279,-2507,5484,-3456,-2693,-3350,-4320,-497,-6887,-1062,6985,-502,-7430
7/10/2023,1212,7198,4716,2570,6220,1458,1516,3474,-1094,1555,3529,159,4207,9060,7321,2782,8831,9141,2844,11840,7374,-240,8824,-129,2671,6513,6726,-875,9469,-2270,1200,6983,5224,2570,6220,3147,1980,4240,1886,1307,4575,2153,4207,9060,9070,2782,8831,6011,2738,10411,6088,577,9564,-1224,2671,10281,8733,-275,10909,-3003,5515,-656,5185,862,5276,-3870,3822,-33,2913,-1793,1039,-616,3238,-1201,2404,-3479,1266,-214,2404,-4482
7/11/2023,1238,1693,-4648,-255,1309,-4988,280,-268,-3558,-655,-216,-5805,-72,-749,-5159,-650,2006,-3003,-1801,-1880,-7786,22,2894,705,-1166,99,-2633,197,1849,-3315,752,1764,-10043,-140,1309,-9475,-1005,-289,-10040,-520,799,-9780,55,-2221,-12911,-570,-1,-6731,-1685,-896,-16090,512,2744,3433,-305,-81,-15469,326,5629,5285,-1584,-6629,-1943,-5885,-1854,-4844,-358,-5716,-1242,-5113,-1051,-5387,-2158,-1919,3517,-256,-3134,-4870,3517,5287
7/12/2023,961,-1170,1951,-200,-852,544,712,724,-616,660,-7,1282,1079,1038,9008,1248,-2550,-3203,4183,-1146,-2225,65,-6120,-1095,1928,1127,5949,722,-3282,-6039,961,-3555,-6408,-200,-852,-3283,-1110,-1617,-3648,755,-3860,-3772,1590,1874,13874,480,-3675,-1266,4183,-555,640,980,-11747,-39996,1478,-795,-1792,-827,-16905,-45021,2244,-5020,2311,-4901,1974,-2903,2367,-4288,8321,27250,1176,1559,5834,10409,-5240,-5046,1244,7463,-5240,-4892
7/13/2023,-970,-2916,-1951,-625,-3720,-2974,-260,-1818,-4496,-945,-2443,-2889,-1640,-4450,-6990,-1355,-3895,-5699,-1997,-1990,-7979,386,6889,3169,-1460,-1675,-2113,1571,5274,6234,-970,-2495,-4287,-300,-3720,123,-260,-2510,-4537,-930,-3569,-5161,-1640,-11270,-25665,-2260,-6290,-8122,-2898,-6730,-21002,546,8314,55367,-1460,-6730,-21002,1611,8314,59118,-1985,-1656,-3493,1120,-2706,-3672,-2935,1120,-4283,-8366,-4448,-2705,-6492,-7493,7008,18345,-2789,-1808,7008,14480
7/14/2023,2000,-850,-334,1660,300,1023,1565,-84,-2195,1900,-140,-1214,120,-4120,-5629,-1185,-3465,-6988,-1715,-1885,-8483,-1265,-2105,394,-745,-1575,-1163,3295,2780,-4666,2000,-850,-2061,1660,300,-2075,1565,-84,-1878,105,-890,-1343,120,-2045,-11177,-1720,-4430,-17535,-3780,-6365,-20865,5926,-5760,-21208,-1330,-6365,-20865,8310,-5810,-20230,-445,-203,2500,-1179,117,-1200,2620,-2769,-3603,-8348,-3540,-6795,-6152,-8042,-5427,-6663,-1147,78,-5427,6011
7/17/2023,-1605,-2576,164,-640,-2540,2825,-1057,-3666,-125,-455,-2480,2995,1730,-4077,-6965,2015,122,8958,-299,-1912,1555,1114,9038,-254,1494,-2095,-1810,2434,10142,22056,-1605,-2035,-851,-640,-2540,5507,-650,-3590,1245,-1505,-3990,-175,1730,-4533,-13285,2015,122,10740,1172,3350,4991,1194,10962,70185,2188,1490,7322,2944,11206,70100,955,2309,850,6734,340,887,-130,5548,-3875,-7470,2110,8483,4298,-827,10121,1059,-2372,-5100,10121,2471
7/18/2023,835,-745,1167,1385,-138,2913,994,-919,1797,1350,100,5213,-1500,-3840,-6980,-1325,-3965,-7000,-2000,-1995,-9000,955,-2974,-2990,-1245,-1800,-4565,675,-4180,-7480,835,45,2570,1385,-138,3397,1385,-30,3370,1185,1047,4285,-975,-8585,-13082,-2190,-6320,-9250,-2945,-7930,-12142,-602,-11959,-9979,-725,-9060,-10790,425,-9970,-8069,353,869,-290,2554,1162,1254,-285,4536,-3780,-7579,-4425,-6995,-5880,-8465,-6980,-6810,-6330,-5445,-6980,-6865
7/19/2023,1540,1223,-1575,-1095,2440,-4935,-1108,2168,-5450,40,3019,-3882,1400,8890,-3176,1725,9485,-7000,-128,-965,4251,2058,10255,-2341,1230,6275,-716,4177,10277,-7389,665,2295,-5225,-985,2440,-7055,-985,2130,-4625,5,2360,-2925,1400,8890,15696,1855,9485,76,-323,9215,2993,2860,10152,-29932,1230,8086,2711,4403,10479,-30014,-2267,-6925,-820,-7750,-2267,-3711,-820,-6925,8030,3619,9286,-3390,4783,-5835,-5515,-3374,6702,-1020,-5515,-579
7/20/2023,16,-1082,-4958,338,-1929,852,-307,-1602,-3514,-570,-295,7220,-1225,-4385,-6910,-625,-3790,-3610,599,-1325,-8976,2930,6240,-1320,-982,-1945,-4660,4458,1923,31479,16,-140,3809,338,-1929,7712,495,-920,4365,950,760,3061,-1225,-7205,-14485,-535,-3920,-2828,1135,-4225,-4766,1245,8526,50476,-735,-6735,-5277,5298,7970,50548,-3100,5250,2405,9133,-1347,1193,345,8470,-4480,-8799,-4440,-6882,-6260,-8482,10505,37249,2355,-4335,10320,38289
7/21/2023,-333,-2930,-2325,270,-3122,-576,-498,-1417,-2075,-320,-235,-2513,-524,-247,-3791,328,-3278,-2044,1566,-1850,-4814,1230,-1076,4046,40,-1399,-4565,2915,-823,3581,-170,-1915,-3724,270,-3122,-3408,253,-2705,-3692,365,-3050,-4749,-265,-715,-6089,593,-2919,6815,3009,-50,-3589,1362,-1089,30648,193,-1690,-1202,2920,1309,31182,-780,-5378,1017,-3700,-1791,-4820,909,-1300,418,-5627,-440,-3445,-604,2753,2544,12614,2330,-4240,2544,10392
7/24/2023,2528,1118,2353,-795,-3220,290,1568,1817,-1056,-315,-1125,-4375,990,4983,9041,290,-1635,10558,2308,5173,7356,2740,-713,-1895,2156,1992,2602,1627,-4040,-7065,730,-3290,-9922,-1270,-2410,-12679,-260,-3001,-12289,-180,-5320,-14359,665,4188,17994,290,-2055,15051,2694,2741,13996,5654,4085,-11401,255,2446,15206,4717,1915,-11755,-1110,-4171,-2995,-3660,-1074,-2651,-1990,-3660,7854,14672,5167,1350,6927,660,-6925,-6300,-557,4447,-6925,-7365
7/25/2023,2871,743,-850,999,-1118,-4660,1344,-376,-816,970,-300,536,397,1344,1293,1937,3706,6958,1490,2871,7984,2447,8769,-1557,815,2214,4113,2400,3151,-6517,2515,-633,-1733,1114,-1118,660,1344,-613,-845,2060,-1263,303,397,2145,8440,1937,4482,8492,2736,4264,9984,1885,11513,30952,815,4264,9984,3230,12560,30952,-2045,-3723,-3075,-2460,-2576,-3643,-2380,-2530,2214,199,1309,6042,1562,6852,-2947,-6444,2257,6518,-2947,-5324
7/26/2023,1085,5391,15799,2074,8218,12109,2825,8027,18309,1175,5193,21647,885,5079,7215,1725,5310,8329,6451,3578,22487,2365,439,8418,2754,2538,1362,3043,1295,8384,1085,6263,25109,2795,8218,23032,2825,9018,25777,1280,4058,22493,885,6975,18889,1725,5205,9559,6632,6365,26609,6356,4140,-22319,1325,6025,27427,3628,529,-23890,6695,13301,6017,13852,6565,13479,6247,13852,3399,14975,16022,14633,7373,23183,9067,9922,381,552,9067,15406
7/27/2023,2650,909,-4133,3490,275,4647,2498,-1547,-4343,2275,1275,1366,70,-4430,-4980,1370,-3180,-6645,2502,-1380,-8872,5510,6638,-2945,1680,-1880,-2854,5890,6338,-7485,2650,1815,-4672,3490,275,645,3370,-95,-2930,2940,2360,-1845,70,-3350,-11672,1850,-175,-11620,2683,700,-3574,5240,3705,27409,1680,-1050,-3749,6455,6200,26150,-3590,-2071,1550,7467,-3845,1944,1225,7162,-4191,-7561,-4225,-5695,-4937,-8463,8614,-6765,870,-2854,8434,17105
7/28/2023,2290,11429,3773,732,8046,2361,3654,10512,5364,1135,5279,4260,3635,12446,9981,800,2908,7132,5616,5127,1558,60,-4939,-1609,3322,5386,4783,2250,-3388,-4650,300,9464,6189,2262,8046,4619,2257,9712,4193,1965,7349,-3621,3635,13046,10956,950,7712,9951,4949,11634,620,5773,-650,-11268,4065,11064,-244,4010,-3819,-11268,6823,3917,6690,470,6571,1900,6610,470,4877,14111,3770,9085,8627,8256,-6837,-5246,368,16785,-6837,-3393
7/31/2023,1055,-3805,2035,2890,-58,-485,1567,-1018,1315,-130,2085,-3750,5360,805,-4213,6815,10083,6159,8228,2138,8008,6211,20156,-912,6488,1218,-3107,7430,24628,-4595,1055,-3475,-9270,2725,90,-7850,2040,-1265,-8095,305,-5500,-9745,5360,3705,3100,6815,10202,24387,8228,10747,19935,6686,20300,55285,5835,10935,19935,7430,21250,55842,-1970,-2351,-1990,-5270,-873,-4031,-873,-2127,-175,-3787,9332,1162,2473,1428,20205,-5672,-788,-3010,20200,-7357
8/1/2023,4190,8084,3648,3462,8137,1231,1877,1005,2484,4450,4900,-898,3260,11180,5390,3571,14449,6062,6019,6185,18944,4300,2180,-411,3640,9406,4916,5695,4230,-3860,4190,8210,5291,4280,8263,-409,2660,6105,1951,3520,8170,1951,3260,16884,16685,3571,14942,9864,7429,17495,24720,4300,2844,-16817,3640,18213,24260,5695,2902,-17419,3179,-4604,5086,-5457,3179,-2303,5545,-4752,8392,2379,11111,2553,6693,8588,-2138,-5605,527,6549,-2138,-4931
8/2/2023,3199,6919,12466,2515,8437,6823,2693,5749,7885,4068,3872,9623,-1680,-4290,-6685,4220,4170,18848,4464,-1605,14035,7992,11908,-2776,-1490,3249,-4410,8808,-1614,-6370,3565,8000,12542,2515,8437,7532,2863,7417,8455,4198,8730,15781,1035,1265,4673,4220,5607,23772,4712,1060,16898,8092,12499,35261,2900,245,17450,6847,13504,36476,474,-2685,2022,-1996,519,-1175,1437,-2051,-4155,-8605,8450,18556,14717,15091,10384,-4837,1558,-4085,11214,-416
8/3/2023,1340,2592,47,3844,1989,1322,5010,3692,3533,610,-1174,278,760,5386,9634,3740,3222,-337,3700,7952,10195,7335,83,-2347,5435,7008,7086,9635,6019,-5967,1340,1940,3686,4094,1989,1835,5240,4263,8418,1970,-427,7139,760,5471,16152,3740,3368,-2968,3627,11772,12787,10561,4457,-22336,5435,11772,12236,11770,4457,-21538,-1688,2452,-2161,551,463,3211,-1437,717,5605,8764,6927,1981,10118,14651,-2849,-5507,4795,7026,-2849,-7121
8/4/2023,1740,2642,4414,1825,280,8149,2464,2275,6362,2570,2075,7480,1305,-1479,-2405,1495,-155,1637,2260,-903,-8935,1970,31,21325,1040,-1511,1132,2762,-640,30622,1740,3180,3535,2075,280,7459,2390,3435,4503,2105,2448,8592,1305,-325,-1635,1645,-155,1637,2650,694,-13612,2023,-1013,-3594,1040,1006,-12521,5654,4105,-3692,3930,-1292,2987,7094,3450,1848,3585,8199,-3490,-3060,-1870,-3666,-2319,-8413,8913,34152,1559,2258,8548,29978
8/7/2023,-155,-1266,-1368,-44,-2158,-2088,-1819,-3003,-4184,-925,-1811,888,-1085,-3983,-6785,-1495,-1421,-6750,-1999,-1975,-8977,-1060,960,1570,-1265,78,-2264,-1580,-1376,-3824,-155,-1021,1588,-44,-2158,-20,-2391,-3003,-2321,-1475,-3931,-1101,-1085,-12898,-23521,-1495,-5169,-12615,-5905,-12559,-22200,-1060,635,16982,-1835,-10953,-21310,-1680,1237,12433,-2554,63,-1569,-4577,-4053,460,-1524,-4171,-4498,-8528,-3658,-6870,-6428,-8377,-4837,-6667,-1621,-1964,-4842,-6833
8/8/2023,930,3444,1850,2030,2150,660,520,4928,-767,1085,1684,4250,-1880,-4232,-6945,-880,-3775,-5152,-1955,-1990,-8999,-1380,-4975,-2401,-1343,-1920,885,-2465,-3683,-5262,930,3444,4214,2030,2150,3082,520,3117,3220,1525,2858,5527,-1750,-13045,-21373,-3085,-10740,-22980,-7390,-16360,-32233,-2155,-6919,-45147,124,-15255,-32233,-3040,-5940,-44551,2673,554,3303,4270,2531,2226,1173,2599,-3878,-8528,-2995,-6490,-5836,-6494,-4842,1256,128,1073,-4842,1162
8/9/2023,3496,9638,4710,4185,5714,10671,4826,6112,11829,4126,6123,11862,729,-2892,-1590,2609,3798,13603,5076,-181,10088,3590,8631,586,1220,-312,2128,5704,5656,9648,3496,8935,8454,4915,5714,17248,4925,7060,10188,4061,10896,9366,1809,6135,11768,2609,3160,17075,6525,6150,13126,3554,2331,17312,2833,5170,14280,5704,4069,17502,4830,10460,4686,13689,4565,11310,5236,11239,54,-6293,7774,17044,4936,2895,-614,1639,3164,3332,-614,87
8/10/2023,2245,2270,-3188,3833,1270,-1162,3720,-263,49,2390,3890,-2818,2010,1361,-5510,2045,993,-6954,-1760,-1501,-7935,7310,17507,-2184,-1040,-2149,-4130,14509,16159,-6844,2245,1925,-4107,4138,1270,-1124,3980,1331,-82,2075,2095,-1894,2010,5633,1004,2045,3125,1486,-1260,3785,-458,6689,23897,17432,60,2655,990,14654,23954,17468,1693,-839,-1615,-822,639,-564,-1018,2333,823,-7320,1173,-6469,-5770,-7605,307,-6934,-1521,-3810,297,-7449
8/11/2023,3794,4653,-3189,48,4240,-3867,-52,714,-3003,2060,4106,-4892,3042,1784,9654,4690,10513,2129,3287,1425,21524,3330,-134,-434,3475,2108,8089,2505,1712,-421,3950,5113,-6616,205,4240,-9950,-390,-2155,-9240,3080,3683,-5150,3970,2738,22555,4815,10513,6678,3287,4827,26990,3330,95,2385,3361,4427,25662,2505,160,3597,-433,-4793,-955,-3631,-1577,-2614,-265,-4337,7341,19444,-270,-3837,7382,15622,-5030,-5748,2272,16892,-5030,-5878
8/14/2023,900,470,483,-824,704,1150,-1180,-931,483,1650,1322,2067,-369,-1498,-4860,172,-2089,-4323,-1783,-1554,-6860,-335,3203,-1365,-651,-2030,-2624,-186,3039,-438,900,911,-3289,-824,704,1541,-969,-684,481,1300,5035,2189,-203,-1471,-7992,542,-2096,2786,-1704,-831,-3782,-715,7527,57545,-232,-771,-1973,484,7814,59409,-385,-180,-94,2285,-385,-180,1231,3602,-1588,-3224,-1696,-4201,-2243,-2036,2596,2295,-1327,-4470,2596,4243
8/15/2023,225,-3122,3287,-130,-1990,-1023,-510,-1894,3454,-80,-1111,-2393,845,-92,-2152,1482,-1291,3015,-200,-786,6032,1338,19,-2600,397,204,1824,2996,-3785,3102,225,-3510,-4031,240,-1990,-7805,-510,-1894,-3286,-203,-3668,-5589,845,468,-3141,1482,-1287,5866,510,167,9908,1438,-2858,62536,397,-43,10539,3220,-1023,63276,2173,3143,395,-653,1766,5127,751,-5723,1669,5153,5567,11290,6695,22372,16170,7526,2637,3919,16165,13529
8/16/2023,1635,4138,886,1101,3069,-4655,828,3096,-1235,2185,2726,-5939,865,5109,-405,-1095,984,-3038,2905,2788,-8860,-955,-5985,1244,890,4051,-4650,435,-4455,-7350,1635,4668,-4079,2510,3069,-4290,2320,3592,-3365,1935,5560,-905,865,5611,5650,205,150,2450,3503,4356,2709,1827,5811,17119,890,3716,3002,2845,5083,17671,2850,-888,2277,2292,1969,986,2065,2292,1169,6659,-4090,-5805,5420,6229,-2364,-6975,1808,-4285,-2369,-4036
8/17/2023,1282,-353,439,3092,-1036,2279,2659,-804,1219,1563,-757,-393,455,-1413,-4015,557,-1646,-954,112,-1900,-8969,4642,2047,7875,246,-1502,1568,5682,1219,12834,1288,233,-304,3092,-1036,-1043,2890,-444,555,1738,1501,3658,455,-1413,369,557,-1071,4040,3766,-1153,-4545,4642,1038,24819,667,-1868,-4303,4822,2566,25553,-275,-2789,123,-873,-284,-210,530,-873,-3396,-4507,-3685,-5594,-2951,-7097,1909,8737,-773,-2409,1909,15303
8/18/2023,120,5061,13788,-390,3821,16439,25,6188,12817,450,3559,16257,3045,-2803,-1613,2970,6519,13721,1255,-1780,10335,3056,19371,-1460,2841,-2405,-2438,3272,20038,1879,120,5238,13781,-390,3821,16815,25,6128,12856,-925,3488,13293,3045,-955,-4639,2970,6519,19304,-544,2625,8776,3056,17514,70999,2841,2370,8930,3272,19371,71776,5940,9666,5503,14382,7016,8688,5391,13920,-1575,-95,6630,16400,3643,14814,21632,-2250,-2098,215,21042,5076
8/21/2023,282,36,-2048,1535,1085,5604,523,756,3016,1210,2111,5455,-1660,-3550,-5115,-1430,-3145,-6670,-1983,-1893,-8897,465,-389,5481,-1465,-1610,-2691,-1610,2741,8856,790,2600,904,1010,1085,4947,215,2400,1761,155,1109,5807,-1315,-6345,-15410,-2185,-4700,-6660,-1757,-8170,-15318,-364,-6298,24849,-1590,-3893,-13629,-2350,-4005,26192,3141,5510,725,6304,1874,4189,1640,6729,-4040,-7994,-3895,1192,-6375,-7264,9080,12091,-753,-2019,9080,13897
8/22/2023,1135,1850,-3835,2625,1334,-1766,2293,1216,-2801,1230,2113,-1196,1930,10366,1093,4091,11666,14072,6976,13189,19121,6315,19418,-2874,3775,3440,-1133,11755,7648,-1575,1135,860,-1306,2625,1334,-591,1452,-160,-1011,1420,-205,152,1930,10705,11756,4091,11666,16645,6976,15113,21400,6326,22470,18062,3775,14343,21215,9123,22688,18401,1046,519,-955,1193,1046,400,557,-2015,8120,7332,6534,1792,10588,11853,1135,-731,-271,1085,1135,-7124
8/23/2023,2990,3595,7309,3859,3940,12577,3693,5753,10612,3000,5122,12725,1067,-205,184,2438,5049,15171,4742,-1150,17338,1963,7004,-2395,390,-1409,-4660,7590,4629,-3004,2990,4640,10245,3818,3940,14338,4251,6452,12328,3030,3679,12546,1122,2243,852,2433,4688,15832,4665,7862,13308,4125,13033,27794,-95,7457,12575,5101,14099,29702,2434,2088,150,3437,203,3034,430,3042,-18,1193,9235,10634,4353,10574,13100,-160,-2386,-1670,13100,-99
8/24/2023,645,2726,-2665,2492,433,2081,1490,675,-3429,2125,507,2877,-1605,-4343,-6390,195,-385,-6580,-660,-1945,-8973,4709,6634,-1725,-1015,-1487,-4315,6976,5308,32455,645,3605,-2602,2492,433,2081,1507,974,-1708,2445,1467,1368,-1165,-6995,-23156,675,-385,-10219,-619,-1175,-18187,4709,6466,41889,125,-2375,-16047,6976,6264,41017,1907,-1127,440,2777,184,-1320,2235,3027,-4475,-8952,-1620,-6929,-6336,-8468,5414,34679,-6385,-3685,5404,30531
8/25/2023,-1049,2083,2870,1407,3666,3013,772,2789,3477,1200,543,-40,1877,4499,2048,2130,5979,-3476,2098,10980,284,-190,4053,328,2739,726,-552,-635,2381,-2489,230,3057,-2035,1407,3666,2371,1577,3460,3064,362,2524,-2379,1877,4565,7677,4097,5979,-5068,1350,7966,-5675,837,5347,-19741,1131,7286,-5821,-595,4364,-18913,289,-2649,3245,4304,3187,115,2559,1633,5767,14591,1240,-180,5038,4677,2612,-916,2031,6139,2612,3466
8/28/2023,465,3846,4572,-955,1505,2441,-995,3537,5521,-225,3140,3014,1605,3927,4700,1610,2655,4431,768,3099,-8221,438,-1219,-2685,1895,4186,2416,-885,-1784,-5829,465,3846,4472,-955,1505,1110,-995,3537,2204,1040,4410,5350,1605,4413,8477,1980,4010,1205,2084,3845,-3268,1322,-2171,-28326,1895,3845,-3268,-1215,-4320,-28211,4872,8155,2917,5704,6147,7260,2774,6589,5694,4987,4259,3252,2775,-3365,-3798,3657,6076,6233,-3798,343
8/29/2023,501,3251,2034,877,-1965,4800,1211,2037,2870,645,-1400,3643,2730,-792,-450,3145,6090,8761,534,-1556,4360,1900,15169,547,2421,455,-1719,3853,14675,12618,520,3820,2723,877,-1965,5545,1320,2057,4015,755,1310,1684,2730,700,-897,3145,6315,10471,1932,975,15420,1900,5585,70923,2800,80,14736,4463,5155,72328,-213,6919,-820,5008,-683,6459,-590,5517,-3975,-6358,1904,9246,2419,13395,8815,16960,-1324,-415,8815,16155
8/30/2023,5075,1525,-3476,-285,453,-4510,2872,-2169,-3771,805,1445,-3473,2351,4970,16441,2698,17598,14273,3815,4373,15730,3880,2446,239,1737,3694,1731,4252,5666,425,5075,861,-4888,1440,453,-4422,1440,-3190,-4858,2570,-1371,-3442,2351,5530,27233,2698,18045,15603,4953,3119,18616,3880,2871,-8029,1737,2984,19109,4252,3728,-5166,-1979,-2083,-3066,-4855,-3074,-3013,-2626,-4855,7161,17005,4446,5677,1270,8249,899,-873,1634,2414,899,-1921
8/31/2023,1770,3153,2780,2150,1101,-28,3872,3434,-638,850,-160,372,1073,4158,5343,1210,2804,128,8497,4098,-557,-910,-2831,102,2199,5224,8772,310,-151,-2607,1770,1235,1557,2150,1101,-3029,2295,1705,-2268,1810,-698,-4858,1073,8166,21726,1990,5111,6110,10833,6395,12836,1997,115,-44238,1768,6035,-2674,1655,342,-48201,1876,677,-982,401,1825,2835,-377,401,4879,12210,3972,4220,5820,3281,-1068,-4950,2898,1036,-1068,-3447
9/1/2023,-185,2322,-1773,350,4505,1663,1776,4593,3936,40,2404,263,323,-1182,-5372,587,1617,-6240,2056,5375,5015,2138,4982,-2523,5427,1340,-4290,1982,839,-4467,-185,1705,-44,350,4505,2246,2112,4855,5194,-610,1185,-1480,415,-514,-3602,687,1687,-12598,897,4020,8920,3581,13784,-24656,6274,3825,-1790,4688,13759,-26275,2977,4977,7493,7240,5631,4288,4683,6630,1094,-5143,1258,-5216,1825,-4871,-2460,-5072,-1003,-4290,-2460,-5045
9/4/2023,130,1356,835,2055,2300,2165,2055,3110,835,620,1545,2288,2375,2546,2400,2770,3841,7126,4491,5185,9250,1915,5449,-330,1355,226,-262,3445,4258,7477,130,1640,2770,2055,2300,2770,2055,3110,2770,655,1595,2770,2375,2546,4516,2770,3841,7931,4592,5279,9250,2502,14173,32804,2365,5279,9738,4245,14173,32804,-981,-3289,2000,-1330,-981,-2379,1090,-2250,1415,3386,-411,4121,745,2685,3245,6240,827,4910,3245,6240
9/5/2023,3808,2848,-1363,65,359,-3901,2408,3069,-1745,450,109,-6404,1421,4853,1064,3655,5711,8128,6267,6496,11674,3170,96,-779,4590,2647,-592,4869,-344,-3531,2245,-51,-3955,-240,359,-8612,400,1094,-7242,1170,-2640,-7026,1421,5597,5638,3655,5711,10730,6664,7121,13522,3800,5742,-9458,4590,5650,9227,5074,5165,-14261,-1441,-4814,-1949,-4857,426,-2961,-1308,-4267,4680,4605,6416,11795,7717,5780,-1014,-2979,3469,-150,-1014,-4462
9/6/2023,248,1525,-1901,1758,776,-2481,2571,760,-139,-565,1418,721,170,-3945,-6945,-1135,-886,-5625,163,-1090,-56,-1227,-4567,-2350,-235,151,-4725,777,-2972,-4253,248,1208,2162,1375,776,-758,1293,311,2905,318,-498,1873,170,-5945,-11295,1133,-2740,-66,-487,1735,4426,1044,-670,17061,-590,1492,4717,2049,135,18269,1073,3916,-585,5278,-779,1090,-1611,5278,-2750,-6570,-1765,-6111,-4345,-5048,-4672,-5724,-1555,-4085,-4672,-7349
9/7/2023,-385,-1195,-2688,-165,-5,1211,-410,-1741,-771,1285,-1025,7325,2775,5556,5023,3015,9984,11526,3065,5345,10345,1355,14668,2789,1756,-1313,-1038,740,16914,597,-385,-185,4315,-165,-5,7571,-165,1,6199,-375,-125,5834,2775,5556,-414,3015,9984,8692,-999,7528,3610,1420,14073,23159,2256,7939,1323,740,15257,23918,2530,5611,2875,6814,2935,5357,544,6814,-770,-5688,13715,8651,6389,3549,-3665,-5355,-3535,-3485,-3665,-3335
9/8/2023,403,-3429,-1649,360,-2680,-5308,447,-4309,-3785,605,-1381,-2630,-770,-2904,-5973,455,2110,-6945,-1981,-1995,-5069,-490,-4801,-1850,-270,-2260,-3145,-885,60,-5617,700,-3300,-3903,360,-2680,-2720,885,-4760,-2580,280,-3705,-4615,-770,136,-11129,455,2110,-16960,-2381,-1675,-18871,881,-1040,-65780,-270,-3130,-18871,150,800,-65780,-330,-29,-1955,-2650,-701,1385,-2400,-5067,-3722,-7234,-1617,-4288,-2842,-4587,-3040,-6976,1526,-4470,-2316,-7476
9/11/2023,190,2841,1655,-1545,4954,-1500,-1640,1427,-3354,-235,-1755,-1194,-1880,-3973,-6996,-1220,-3530,-6991,-1995,-1078,-8996,-1205,-6447,-2985,-1295,-2080,-2221,-1810,-4480,-7459,190,3900,-1686,-1640,5387,-1343,-1640,1963,-293,-15,5316,517,-1375,-4393,-15230,-1685,-4720,-19055,-3780,-2708,-17928,-919,-11008,-28314,-705,-3358,-17928,-1780,-9262,-26314,-1844,-4163,2788,-5999,1193,-4933,1410,-5999,-4175,-8975,-4000,-6530,-6267,-8496,-6975,-6980,-2666,-5325,-6975,-7480
9/12/2023,1015,-1062,-4943,-322,517,-2727,-50,-912,-5228,-220,307,-6356,1115,-4347,-6976,1195,-539,-6341,246,-1788,-3830,1463,5095,5311,1220,-1874,-4585,1313,3251,18445,1015,-1135,-5460,860,517,-5695,960,-820,-5805,1650,-417,-7480,1115,-3587,-5835,1195,-539,710,1818,-1188,-537,837,2960,32658,1220,-1733,640,1858,5392,35992,-3289,3981,-1795,1166,-3110,-1463,-1877,2590,-3752,-8069,1944,2520,-226,9046,3194,14109,-594,-2736,3194,16632
9/13/2023,4149,620,9304,1065,2010,8212,2843,1176,7549,1135,745,7709,3085,3151,12758,2060,4592,5843,1283,6516,15744,2915,1990,1407,4472,11855,4537,3098,1787,-1349,2670,550,3812,-100,2010,4420,1510,864,5240,1265,1760,3733,3175,4390,21668,2060,4592,6479,1182,7582,18059,3049,3820,-38617,4472,7648,19677,3098,2403,-38617,3060,6899,2947,12004,3159,6499,2022,12004,1093,20273,3033,5752,5246,13405,-1661,-6258,1681,1372,-1661,-7271
9/14/2023,3317,4871,2974,2105,5293,-1999,4706,5283,6061,2960,4262,-2948,1705,6753,5024,2167,6806,3728,2965,-1470,8020,-1075,-118,-2980,1892,-2090,-1825,6805,-300,-7500,3445,3848,6613,4570,5293,-2582,4615,5613,5109,3182,4288,3273,1705,6753,9887,2167,7801,4994,3755,7357,11608,8208,15682,-3136,4075,7357,12694,10263,16200,-2161,2339,-4263,2633,-5094,2158,-2128,8528,-2767,5346,4284,8489,2551,8463,13961,-1718,-5149,-93,-1435,-1718,-3970
9/15/2023,1060,-1959,-4347,-290,-515,-3369,-1261,-178,-4609,290,-1380,-3101,1117,-803,-4926,3030,3255,-4391,5085,1622,-6727,7080,1973,-1986,2994,322,-1630,9499,-2442,-5785,1060,-1848,-5839,-290,-515,-2836,-1165,-1222,-3281,315,-1313,-4688,1285,5450,-10830,3030,3285,-3021,4530,12872,-11019,7043,10842,716,3055,12272,-10221,9524,12956,-782,-3721,-2203,-3795,-156,-3721,-2203,-3365,-454,-1010,-4439,-2215,10384,-1293,10979,-2564,-3869,993,-3635,-2564,-5609
9/18/2023,115,-378,4203,-436,93,7119,-1236,116,3957,325,-1220,11213,3820,1235,6038,2975,-3945,1688,1221,1990,1011,2984,-6295,-2638,2731,3280,2625,-702,-4365,-6842,115,-378,10959,-436,93,11462,-1236,576,9387,259,-854,11495,3820,2063,16477,2975,-5135,3920,1203,-2668,2473,5149,-14790,-47108,2731,-2668,3819,-872,-14790,-47108,2866,14304,2975,11641,4918,16237,805,11756,1414,8724,-4396,-2555,-3853,-1810,-6921,-5990,6894,3851,-6921,-6258
9/19/2023,360,236,-2046,-50,1587,-2177,23,312,-2207,-55,744,1170,1960,-4440,-2567,1820,1394,2969,1241,-947,-2131,1150,3473,-880,4515,788,1579,1900,8563,-2781,360,480,-2035,-50,1587,-3139,375,431,-4147,110,-120,-2797,2280,1597,-1374,1707,3587,6915,770,5939,-6440,1139,14388,-20672,4660,5749,-7763,1975,15276,-30365,75,-2506,505,-4099,1997,-4006,845,-4089,-2186,-1400,4565,-3814,3778,-8496,-4835,-5303,3684,1403,-4835,-6065
9/20/2023,2183,-1711,-4787,-45,-1226,-5908,174,-717,-5488,2550,1281,-8902,-375,-4270,-6996,1105,3554,31154,1415,-1845,30383,7450,12386,20201,1005,2286,-4655,8725,10425,24908,2515,-1539,5303,560,-1226,-8547,495,-2070,8735,2590,629,6498,40,16463,2838,1560,3554,31310,2115,4455,28455,6866,11167,44962,1110,4235,30975,9160,12870,43192,-3806,11280,18,-736,-3946,12235,-2985,-66,-4295,-8990,1285,10925,18707,6844,13114,32723,1075,-4465,12739,31348
9/21/2023,149,1150,-2527,605,321,-5844,1126,819,-1374,535,410,-4464,670,1018,-1595,741,-77,-1081,3172,1351,-4568,2956,5402,10313,681,795,3522,4871,4388,14271,335,1765,-4023,917,321,-287,1305,958,-3122,650,1495,-2640,670,1018,522,741,-77,4486,3146,1947,-2015,2956,4419,17284,681,1095,-2518,4871,5173,18980,-2794,-1861,695,-2460,-1638,-4032,190,409,931,-2673,-3550,4175,-1153,-1162,1171,23173,-106,423,1166,17553
9/22/2023,1130,5065,3629,3307,491,4390,6122,2600,2289,1400,1084,1957,1380,3869,194,2840,1897,-2315,2191,6282,-5087,-1485,-2608,-2981,1286,643,3110,2580,-3820,-3874,1130,4047,-3510,2040,491,2120,2029,2868,-1930,1296,4817,-250,1380,3570,10605,2840,1760,3820,2241,4290,4167,2281,9745,-7302,1445,1345,5160,4600,9485,-6388,1088,3328,1964,-2980,2835,-4544,1489,9796,4162,10482,6591,1549,2598,-2084,-4565,-1390,4423,10842,-4565,-2315
9/25/2023,1160,2389,2030,1805,720,-1073,1127,1914,1400,1345,763,-544,-5,1400,463,755,307,-2679,4673,-1092,3852,555,3705,1015,721,-613,7050,2045,446,-554,1160,2965,1795,1580,720,-3625,1690,469,1050,1425,2754,1060,-5,2421,4199,755,542,7124,4888,2602,14365,2623,-131,20692,606,2557,11921,2190,2615,23657,3696,1362,3546,2720,2038,4514,2958,1300,830,4029,5929,624,745,2206,2192,1196,1365,7769,2192,4457
9/26/2023,-1734,-4629,-4929,-1980,-628,-4835,-1149,-4496,-851,-570,-2193,-7925,2344,250,-3995,1595,7298,-1939,126,4201,-4630,3068,21885,-1296,1055,-1378,-4645,4138,14883,10701,-1555,-1810,-7684,-1285,-1410,-10290,495,-2045,-5385,-2230,-2860,-12365,2550,3731,-1418,3820,7298,2501,1572,11191,2956,1639,21671,33784,1155,10731,5751,4253,22832,39438,-4000,1492,-4347,-5181,1712,-2971,-3307,-7018,-1211,-1303,4468,-2193,6385,8872,17419,7339,-1886,-4325,17419,3981
9/27/2023,541,5842,3942,1210,2742,6563,2478,3968,9990,660,-240,10657,2975,7243,15671,3125,8134,17027,6124,4476,20712,2615,1586,-433,4664,1885,3331,1670,1365,-5774,695,4347,9287,1460,2742,7248,1370,2112,2919,905,3472,1063,2975,8071,18261,3125,6499,17027,6651,8377,19217,2980,4334,27318,4825,8246,17958,1670,7940,27585,2453,4241,2130,3372,917,2913,2761,3698,8495,15650,2924,18274,6200,15670,5964,2459,2612,-181,5964,-1752
9/28/2023,790,-3413,-2497,-644,-4420,-3846,-589,-2359,-4228,688,-1235,-7647,736,6556,-3937,2630,5429,-1587,1629,1002,-4519,-20,4200,-1622,1496,-1635,-847,250,-2862,-5870,790,-2110,-14028,-1240,-4420,-11921,-1260,-5657,-10242,70,-7535,-11810,1910,4876,5764,2630,5429,6717,2036,5340,1312,1887,3956,-10908,2540,5255,1523,1280,4200,-4311,2122,-1223,1124,-6017,-1564,-5874,1186,-3449,4460,1380,6408,-4960,7941,-2409,4912,-5985,-2204,-291,4907,-6527
9/29/2023,410,855,-1998,-195,-105,-821,392,409,-2108,105,1424,-1131,1255,2094,-6806,1996,-140,-6925,-1955,-1985,-8975,6690,-2637,-3000,4705,2727,-1987,5205,4415,-5259,410,275,132,90,-105,-385,673,862,-1455,-15,765,-2290,1255,1720,-3425,1996,5646,-2885,-270,200,-13413,5411,3372,-21455,4705,615,-8335,6164,4186,-21352,3048,-964,5412,1778,4173,1490,4140,841,-2035,-7895,3155,-6960,-6080,-8498,-5245,-4597,-1223,957,-5305,-2981
10/2/2023,630,3407,3258,589,3597,7629,1527,2050,8926,460,629,8421,348,1975,-3050,1521,917,-3435,3185,449,2242,-255,-3658,587,1192,7445,1772,-360,-509,-4437,630,3776,5453,1023,3597,9606,1420,2530,9946,2913,3711,6284,348,4415,2583,1831,2398,-46,2148,5495,3191,-945,-3595,-288,769,5757,5403,-784,-3678,-110,2477,9599,1412,6895,2451,10626,721,10138,4750,1516,162,3078,2601,-2684,379,141,500,2108,379,1502
10/3/2023,1417,1051,-4425,-305,725,-3288,-281,3732,-4425,2007,1025,1768,-950,-4055,-5956,-355,30,8637,-524,-1857,-2407,6374,11103,-2831,-35,-2407,-3910,6439,9767,1352,1417,2305,127,652,725,3905,1637,5105,3703,-975,-1300,2390,-665,-2092,-4138,1080,1330,11014,460,3845,9060,5949,9708,78072,-35,3520,10063,7317,11248,81287,5351,2805,6992,148,4800,7399,8256,2037,-4470,-2862,562,8645,5961,13129,8730,-1009,-266,-3835,8730,4906
10/4/2023,-346,1447,-1366,-285,531,1718,-1703,880,-2499,645,1164,393,110,3115,-1054,425,1494,5052,3576,3582,7894,1565,2941,1279,515,985,529,1965,-1254,4307,630,1800,-4437,-835,531,-283,-890,880,-1777,-890,-1190,2323,275,3546,1641,425,1494,6240,3904,6405,2041,698,2812,22196,680,7014,2230,2245,4386,24971,482,-1071,2027,-1303,476,-1918,1805,-1195,2569,1651,508,7369,4287,773,3241,16044,-1424,3462,2946,8760
10/5/2023,1280,22,1093,1586,1513,2836,1678,1537,2279,170,1049,3244,37,-1648,-4599,830,-1870,-6154,2089,755,-5039,1075,-4321,-912,2322,3674,4415,-1325,-1685,-5710,1280,-320,1093,1586,1513,2937,1865,2032,1344,935,351,-901,1965,751,-3863,955,1120,-12375,-374,2427,-4223,3875,-4401,-49268,2610,6287,-6772,-2130,-5290,-49572,177,6147,1905,5663,2980,4812,685,6392,-1556,-1668,-2435,-301,170,-5267,-6011,-5313,2450,7070,-6011,-5384
10/6/2023,1810,3121,1041,2698,1109,6019,2527,3286,1021,2035,814,6863,-251,-2571,-7000,-1455,-3435,-6250,-1535,-615,-7300,3505,4354,-2320,-999,-2270,-4705,4582,4062,-4124,1810,3803,1402,2698,1109,7000,2890,4165,2537,2833,2038,8315,350,-6870,-13525,-745,-1990,-4515,340,-3500,-3749,3178,4490,36555,1090,-4090,-3590,4582,5101,40122,3173,3201,2121,7678,4373,3046,985,5745,-3890,-7490,-4455,-5750,-6486,-8302,7444,244,-6750,-3955,7319,-1844
10/9/2023,-1052,1199,-1822,371,2165,-5003,-1017,-4214,-5360,-680,3828,-255,3205,5893,-2180,2925,2264,457,2431,-1313,-1560,2140,16557,2563,2340,3449,-2203,3170,15830,8903,-535,2795,1184,310,2165,1539,-320,-10,-655,-1075,-210,-2580,3205,5893,641,2925,2264,2260,3232,7579,857,1069,15932,22076,2340,5333,2125,3410,16557,22076,885,-855,4495,-2015,-1720,-2271,2661,-2015,-932,-6088,-1534,-1135,-229,-804,11715,9787,-411,-1673,11705,5176
10/10/2023,1355,4946,2918,922,2281,-687,2228,7239,1987,1286,2406,1306,1700,239,-104,1690,592,2691,3685,2906,3613,755,-6387,-2938,2075,2543,7975,1655,-3514,-1949,1355,3202,1295,922,2281,-198,2664,4854,1808,2946,4324,3737,1700,758,2475,1690,592,3023,2909,-56,4158,-741,-5151,-16515,2125,536,2405,-395,-7822,-26258,2272,1161,147,-3926,5534,-130,2162,-3446,1141,1718,1956,4134,3246,3591,-5610,-6052,1016,8475,-5610,-6102
10/11/2023,515,32,3833,1023,-272,4228,395,1658,1977,1230,508,1451,285,-172,-2772,758,475,-3823,906,-627,-3487,527,3599,2193,1687,1496,2861,119,898,-6198,515,-140,3438,1023,-272,1735,385,564,1678,-535,-1012,3374,285,353,-2162,938,-280,-980,906,-277,-8080,-136,-167,-20853,1687,-497,-8710,451,3870,-31738,1635,338,1270,8084,1885,1993,1575,5876,-1625,-2230,1161,802,-543,-5017,4689,1683,3388,2202,4684,4287
10/12/2023,1025,5132,-4963,1315,4862,-3110,1348,5724,-5488,1130,1490,-3012,2060,7705,3468,645,3550,-4637,3320,3292,-7327,275,-2732,-2990,1695,4350,4125,-1465,-4490,-6315,1025,4958,3407,1315,4862,6223,1760,5033,4673,1390,4633,988,2060,7895,6388,645,1900,-2745,4035,1950,-5233,996,-11067,-39617,1695,1395,-6600,-2186,-10810,-35695,2838,458,5523,7253,3490,-5852,2344,7566,4785,5543,460,-2389,1426,-4526,-5616,-5897,4365,2903,-5616,-6903
10/13/2023,823,-239,1280,1865,-162,-2015,-986,-1931,-3858,-430,-359,-1978,335,525,-2827,1260,-3125,-6050,1531,-1565,-589,5198,9096,-2960,-300,-2085,-2267,2299,8645,-2058,1095,-313,-1548,1865,-162,-1780,1795,1147,-1266,380,-383,-725,2060,2848,6238,1005,525,6735,1645,3586,13208,6088,11624,37229,930,2655,9360,6860,13379,39494,-138,-6275,1691,-6688,-138,-3885,1691,-6943,1316,6598,838,-5755,10521,-2225,16803,-6345,-1169,-3920,16803,-4983
10/16/2023,-515,4948,9866,4043,1575,397,2855,6166,9988,654,550,2166,1155,8040,5352,1537,13254,11300,2631,9176,15897,1800,25347,411,1605,2758,-4650,3280,28893,4229,-515,6334,7905,4043,1575,531,3038,6561,8700,159,4048,5749,1155,7812,10857,1537,13254,13949,4272,15846,15074,1800,33004,42438,1605,14864,15594,3307,34823,44331,-2658,3253,-3465,-2351,-2322,3253,-2700,-2296,9020,7341,7323,6964,11598,8669,11893,4786,-1256,-2655,11893,13785
10/17/2023,1155,3119,2376,405,-64,-4200,1295,-1434,39,1175,1881,6629,315,1118,4818,-1180,-2310,-3783,-1110,-1780,-3105,-185,-6097,-2980,-723,1217,3609,-891,-2589,-7495,1155,1705,3005,111,-64,4506,1196,1453,4726,1077,770,558,315,2499,7016,-157,-5125,-12755,-1453,-3368,-15355,-1593,-17783,-71845,-892,-3368,-16862,-3190,-22150,-76865,836,5419,2342,7175,968,-412,2277,942,3438,6027,-2278,-5920,-1278,-8144,-6895,-6805,-1601,674,-6895,-6805
10/18/2023,2495,1854,7128,2809,1554,7167,2148,1640,9223,3240,3097,6899,1735,814,1207,1717,-322,-595,2831,7562,12573,1995,15319,38913,1690,598,2377,2685,13825,36547,2495,3205,6984,3166,1554,6869,2421,1735,9737,3623,5509,7282,1735,814,2272,1717,-322,-2005,1210,7303,13751,1995,13187,50842,1690,7036,11239,2685,13584,50123,1500,4177,1750,8899,1780,4589,2315,8919,1045,137,7198,-997,8425,8250,19395,47099,-1090,-3144,19385,51039
10/19/2023,2160,6374,5398,3973,4036,4664,3087,4542,4107,1525,3344,10298,2355,3275,1349,2905,7018,13388,3980,7977,14247,2980,23094,37934,2795,3538,5305,3800,20728,47686,2160,6503,5274,4363,4036,11950,3386,4968,4564,2620,5618,3308,2355,3645,6395,2905,7018,13351,6352,10276,15772,3357,23255,54814,2795,9256,18164,3970,23524,55122,3252,2990,3240,7551,1937,4121,4368,3613,5458,2240,6410,18457,10745,17252,21310,39446,8635,4176,21295,40777
10/20/2023,2425,-1174,6774,3112,585,8409,2678,-1261,2339,2260,-170,9710,-84,2933,-3133,1639,-1265,10514,3575,-1695,3371,5530,7740,-1640,-887,2736,-1259,6626,5374,12237,2425,-485,6950,3204,585,12140,3399,456,5739,2100,55,7108,1070,3497,-92,2189,-1072,14263,5362,3722,10498,5163,9862,62788,530,4807,8342,6886,9876,62779,3411,6706,6640,8805,4656,8215,6505,13239,-51,-3332,1818,15920,1878,5207,13665,17753,239,-891,13440,23478
10/23/2023,1775,5502,5767,3745,4740,13322,2818,5547,5555,-280,4308,17209,411,-1555,-5757,645,1749,-408,3675,-1140,-302,3393,1489,-2365,3940,390,-4695,4095,2029,2508,1775,6228,15462,4314,4740,22366,4993,6273,16340,5042,10932,25348,575,-5260,-13207,870,-640,-4530,3050,-1700,-7192,3008,3770,2772,3940,-495,-5982,4898,4480,3193,7177,13460,5222,20242,7420,11483,5843,20867,-2455,-7612,975,452,192,-5144,9258,-821,734,-5235,9253,1106
10/24/2023,1400,677,3156,1085,1345,7099,243,-170,4467,1205,2614,7188,17,568,-3233,342,-1582,1708,2243,8585,-182,375,7500,-2504,20,-843,5525,3104,3799,-1932,1400,1950,4163,1085,1345,8304,1080,1650,6725,780,1490,5324,790,-35,-237,5,-1620,-769,512,1055,-5656,-3655,2073,-14289,-985,1055,-5504,-2125,-2923,-13154,560,3881,770,10516,1655,3449,1935,10516,-4320,-2114,-387,3414,-2794,-3019,12213,2309,-182,4317,12213,4081
10/25/2023,678,-3744,-4966,-95,-3305,-2606,-1171,-4294,-5232,-675,-1904,-2917,-1630,-2627,-5575,4025,-2990,-6941,95,-1990,-8993,6965,8613,2768,3245,-324,-2299,7928,2847,20384,1145,-2680,-4620,-95,-3305,-1457,-132,-3005,-4882,70,-3770,-6283,-855,-1123,-14294,4025,2475,-612,778,2225,-9934,6965,11876,37537,3550,3290,-11194,7928,12823,37216,-1899,-4486,-2795,-4759,-2714,-5506,-1405,-5285,-4160,-8920,-1937,-4708,3610,-8238,15789,10103,-1852,-1737,15789,10968
10/26/2023,2310,2005,-3025,2633,1043,-1994,1916,34,1293,-555,2466,2399,2223,9148,20129,1568,4697,18029,2892,7540,26615,6875,1095,1574,2953,3749,3123,7656,-1528,5142,1425,1233,593,2191,1043,38,406,1043,-1787,443,-4655,487,2223,9148,28399,1568,4818,18429,4101,7439,27679,7902,1992,-3209,2953,6322,22451,7656,-828,-3266,-399,3651,1221,1870,1132,520,4101,4825,10614,32104,9222,21165,12129,31375,6497,-2794,6239,17026,6492,-1437
10/27/2023,-80,1282,3037,530,2180,6166,976,1131,1310,-330,1660,4345,1145,5098,-2566,495,2255,-6985,-814,-1921,-4112,-1020,-5449,-2995,2395,-1326,8697,-88,-380,-6556,-80,2130,440,530,2180,3559,1389,1162,624,70,1667,594,1145,5248,1043,495,6595,4728,486,15466,8392,7315,6678,-6554,2395,15180,7386,3380,5920,-7068,133,-406,1590,2026,133,600,829,2219,-3210,-3278,125,-6958,-6492,-6726,-913,-5629,7983,713,-1008,-6371
10/30/2023,200,6780,4483,1219,6723,5244,-426,4140,-2390,-230,5830,2494,965,7274,12540,780,3168,3823,183,20,3845,-1060,-1363,-662,1230,3815,8354,-2161,413,-3172,435,6598,5261,375,6723,3105,-515,3873,3013,-25,3942,4713,965,7944,15244,1150,4636,2413,1960,6250,9425,-1299,4682,-35884,1230,5305,12697,-2591,4413,-33553,5737,-2095,2326,-4970,735,-1531,6355,626,11589,12476,7561,7824,10288,5958,-4745,-4468,7539,10142,-4750,-5539
10/31/2023,-2102,-4184,-4994,-1970,-4069,-6000,-2500,-3950,-5294,-885,-1425,-7233,1550,281,-6322,3428,1441,-4189,-1256,-1680,-8398,190,2540,-2970,2278,243,-2966,70,9139,-3821,-1915,-4790,-13568,-4455,-4540,-11845,-4455,-6095,-12780,-3630,-7000,-13200,1550,604,-12770,3428,1441,-3909,-1895,-600,-8589,10,411,-5655,2465,-790,-7546,70,2540,-4455,-3944,-7163,-3957,-7980,-4239,-5690,-3032,-7230,-3430,-8026,1194,-4265,-4804,-8357,-4121,-5265,-2053,-5485,-4121,3311
11/1/2023,557,1400,1880,300,693,-5409,300,418,-3211,140,352,-5409,580,-75,10700,770,2567,-3767,1220,1901,-4127,1285,4165,5842,1025,1035,-3057,2460,744,4563,805,1400,-4091,300,693,-5409,300,418,8480,900,-150,-4968,580,1127,-2537,770,2567,-2179,1443,3755,-7626,-78,4778,25126,1025,3685,-7539,2460,5980,23889,1332,2603,1145,3641,1446,1693,260,2144,-2028,15442,1120,196,108,-3213,11658,16257,-1325,-5395,11273,9892
11/2/2023,-1188,-421,-2233,-1420,133,-2137,-878,-1314,-2490,-565,-54,-971,270,-174,-5699,965,2682,-393,-320,-934,-2887,520,6698,2850,-435,1502,2708,350,514,2103,-430,-458,-367,-1314,133,1677,-664,-1540,-293,-1305,-744,-746,1475,3491,-4458,1670,3256,7157,1516,3299,-1100,520,7169,32821,1500,3299,-2481,350,7992,33230,-1837,-5517,-865,-5526,-2617,-4906,-945,-4150,-3754,-6534,-1127,1062,112,9639,-3999,3997,-2019,928,-3999,2847
11/3/2023,765,3030,1713,1580,2945,523,1585,1971,1267,-145,805,352,1680,740,-993,1315,1509,-2027,3923,-110,5482,1290,1006,-1014,3765,-535,-213,6585,-2744,-6547,765,940,1266,1830,2945,873,2138,1541,1218,1899,110,825,1680,2664,7557,1315,1509,-2382,5276,5349,15161,6070,729,6027,3765,5094,15161,6495,-197,6245,1660,2011,1136,1590,3251,4052,401,1292,-2255,-5450,925,155,4919,1077,-4052,-5039,-2985,-5260,-4052,-6236
11/6/2023,-65,4298,2587,285,3688,4124,285,2175,1625,-260,2503,3594,1020,12036,13559,1950,7958,13230,7684,7073,20753,1620,5530,2232,2600,5044,9027,3990,7250,-140,-65,4298,2006,285,3688,4769,285,2733,2468,540,4546,2304,1020,16714,27391,1950,7908,18010,7404,14704,19304,-1449,1412,-8769,2600,9416,21633,1270,1980,-8769,4022,5800,2515,3450,4084,4534,780,3450,3807,7643,628,2318,5884,5517,1394,-3290,3395,3165,1394,-3525
11/7/2023,2800,3827,895,2132,3097,-767,1705,4361,2417,2425,4403,-942,611,2973,8686,1460,1175,-1513,4911,6497,7878,4710,-1212,175,3195,1625,-4625,6890,2214,-3872,2800,2882,-94,1055,3097,-1661,1060,3605,-256,1470,2692,-32,1280,2160,23993,1690,960,6485,5339,7975,14609,6667,3181,-3144,3195,7975,14453,7265,2579,-4817,284,-3540,-435,-3668,-561,-2785,2686,-2561,4174,10391,2283,-1010,7607,2221,-2872,-4911,2958,-2329,-2872,-2738
11/8/2023,1879,1675,-559,1795,1188,2936,874,2155,5475,1554,888,3309,1770,485,7978,955,-825,6206,1870,2667,9356,1065,-6480,-1779,1299,254,7365,-615,-3569,-4993,1879,1675,4557,1795,1188,3484,874,2155,4159,760,2113,4128,1770,-1095,20103,1679,40,10138,1180,-2878,12325,38,-7732,-24132,490,-2998,12651,-4310,-10914,-30849,992,8256,802,2511,-1216,4035,101,3411,8418,7732,7959,6740,13677,9673,85,-3405,3750,7756,85,-5928
11/9/2023,1675,6262,-192,2665,5000,3629,2690,4729,801,2335,4825,2862,-470,-3429,-5579,1415,-265,-6994,-276,-1101,-7957,5984,14524,-2995,730,-648,231,9752,13564,-7475,1675,6262,2385,3425,5000,4922,2690,6280,3067,2945,4837,3539,-335,-3119,-10758,1415,45,-7060,524,-1751,-6331,5342,18634,9579,730,-921,-6216,9802,19074,2198,3973,5558,2080,9533,3855,2958,3320,10038,-4122,-7552,-4475,-6615,-4953,-5838,9825,24652,1270,2306,9825,21321
11/10/2023,830,379,-3593,1240,1095,-226,548,13,680,40,-130,1476,-560,-4070,-6120,-1270,-1187,-1555,-1993,-1857,-7651,1970,9309,9342,610,-1540,-1371,3920,8530,25855,830,870,4670,1240,1095,6514,1355,725,5336,1490,5240,5412,-1940,-12110,-21570,-1490,-1432,-1581,-785,-6560,-8116,423,7835,52500,-925,-6049,-7822,3920,9309,53504,-554,-2451,949,4089,-434,1060,194,2123,-4175,-8575,-1910,2308,-3326,-3012,10357,29288,-2247,-696,10357,29590
11/13/2023,2267,4387,2314,864,2445,118,4296,3897,1195,3239,645,5184,1330,3345,5603,1210,-820,-1135,-60,-1815,-429,260,-5970,-3000,1535,-245,-2206,251,-3655,-6535,899,3255,5539,2295,2445,6039,3170,3640,5539,2950,3111,3810,1510,3426,8186,752,-1405,500,1274,-603,1040,2421,-4779,-37553,1205,-1293,-2715,236,-9875,-42825,2613,3337,-420,2685,598,3767,-1055,2685,6438,7026,-320,-6350,1583,-5240,-5870,-6195,2822,-1568,-5870,-6965
11/14/2023,185,2334,5647,15,1912,-393,40,3145,5643,50,-259,4746,2455,12067,51821,5940,7583,24813,7334,11581,41786,1950,4221,2670,2540,6838,12028,2975,7212,1077,185,425,8837,15,1912,4392,40,2115,7482,-270,355,6219,2455,11834,60157,5940,8053,39823,7869,15967,66790,1545,15402,24986,2940,14006,66350,7878,12626,24986,3748,-13,7178,2546,3096,-13,7188,-2428,20064,48659,13077,21476,17452,22415,-625,-4796,13950,7641,-625,-2912
11/15/2023,1405,-3405,263,425,-1096,-1928,1444,1021,-688,1700,1310,-3617,2080,1565,-3065,1220,97,6269,1413,530,9723,1127,6637,2977,2255,259,-464,1348,6584,12618,1405,-2825,-3620,1453,-1096,-3130,1643,-943,-1822,1250,-4991,-6924,2080,1565,-3798,1220,623,9603,2215,6866,11939,1127,11342,39560,2255,7691,11687,1628,12406,39245,2502,970,1593,-536,2502,970,2403,-618,3687,-2263,6599,6974,13959,24828,25024,2750,6070,-1235,25024,13715
11/16/2023,358,4572,200,-130,2277,-711,327,4214,-151,-575,130,-1644,1993,6408,12727,2890,6635,10162,2536,5390,12252,-135,5864,3016,3195,830,4131,265,6041,1880,550,3307,-1579,-130,2277,-1580,505,1985,-1791,255,2042,-797,1993,6844,18834,2965,6635,10891,2586,5327,19436,2382,10867,6312,3195,4638,18315,690,11850,4459,3583,-813,2538,-363,3908,418,3138,-183,791,8011,1050,5739,4841,9510,-4652,-1031,959,2007,-4652,-2678
11/17/2023,1156,4012,699,231,3750,-221,845,3597,927,871,1570,-821,1670,3770,-2257,2535,2140,-3698,964,303,-3881,1715,-2157,-2575,1300,684,-2869,2636,-2253,-5554,1156,4205,5380,231,3750,-1852,845,4275,5720,221,4165,4680,1550,8392,21660,2600,2007,6530,1845,6260,10614,1775,-512,-42594,1395,6255,10467,2636,-1232,-48641,2490,701,7030,-1965,1930,390,7030,-1865,2352,-1954,3675,-1454,-1288,-2611,-5274,-6235,999,-5400,-4544,-7385
11/20/2023,365,1137,298,-315,395,1015,-421,-507,643,15,-2500,-2780,2685,-4165,-6315,2300,5505,-1646,2080,-1995,-4746,2675,7541,1032,4265,-1815,-1367,3355,1028,5747,365,2225,-982,-65,1640,-1950,-285,316,-1045,100,2255,-5904,2685,-4300,-9525,2300,5505,-2019,2281,2660,1886,4540,23909,37214,4173,2430,1095,3800,24950,38440,1207,729,-3646,421,448,-779,-2496,421,-4362,-8180,3440,-356,-1821,1633,4476,-2648,-1854,-1615,4476,6276
11/21/2023,-779,-349,1573,-250,1937,1258,-895,1103,1109,-460,619,3758,4935,5614,-1217,3430,4282,-2584,-1140,7234,2664,2430,-1729,3478,-715,-181,-1450,2625,7356,2947,-1410,-330,8382,-255,1937,6795,-895,1143,7163,-552,390,8270,5090,6193,-2063,3736,8276,-5525,-3465,5831,1471,3390,4913,-24397,-224,5376,3599,2495,1286,-25695,-985,-3004,-1253,-921,1165,218,-2368,-842,7113,-7431,7696,-2318,-1629,-7286,-1351,-4027,-167,-1873,-1351,-2602
11/22/2023,-500,16,839,490,1250,-2699,-213,-375,852,-570,3350,-2938,2720,1558,9679,1980,-1641,3477,1415,-910,-769,9507,-3865,-2085,2095,237,824,8470,-210,-6879,-361,190,-2872,220,1250,-4747,425,555,-5137,5,195,-5655,2720,4245,9016,2140,-1502,-1445,-260,1629,-5558,12789,-61,-51202,2255,945,-8278,9115,-5735,-50064,5633,1095,6173,-3479,4350,1956,4585,-2194,941,15273,4176,4381,-1683,1557,-1905,-4098,645,755,-1905,-3060
11/23/2023,270,3090,5020,2295,3090,4940,2295,3090,5020,835,3750,5020,-610,5595,6035,145,6235,8550,4160,7395,12945,660,6585,4060,-285,2070,2010,300,4900,6635,270,3090,5020,2295,3090,5020,2295,3090,5020,240,3090,5020,-480,6420,7455,145,6235,8630,4160,11025,13705,245,10855,17895,-245,11025,13705,170,10855,17895,918,-254,-1015,-1810,918,-254,-355,-1810,4570,4680,-650,-895,-510,-274,-6820,-6795,210,1330,-6820,-6795
11/24/2023,265,4254,5449,2825,4555,5920,2825,4776,5449,785,4385,5949,165,5780,8505,1720,4069,7690,5490,4266,12330,4455,9401,2059,3415,2145,1769,5180,6971,4306,265,4254,6420,2825,4555,6420,2825,4776,6420,1355,5101,6420,165,9780,12030,1970,6005,13960,7315,14485,19095,5370,17287,27655,5495,14485,19095,6920,17287,27655,493,-2848,-1100,-2780,493,-2848,-1100,-2780,3735,1835,-1260,-2515,1635,-2050,-4170,-260,0,-1015,-4170,280
11/27/2023,2826,2230,2283,2432,253,786,4667,2242,4251,1710,-22,1405,570,2055,588,2066,992,1737,286,2252,-985,2561,3110,-18,2320,6147,3881,5377,1842,-6558,1515,2230,1787,1560,253,-2772,715,2323,1787,845,-1013,-612,680,728,7657,2066,2177,2991,286,1092,-3351,4247,3190,-26981,1875,1452,-2250,5742,2990,-26981,1407,2456,1515,2388,1407,2153,1515,2388,-203,746,1053,-3120,385,-4735,-5340,-4696,6388,5852,-5340,-6766
11/28/2023,-10,-1399,3442,-175,-615,2556,414,-1041,3000,285,1883,651,1195,-771,-3961,865,1637,-5885,1345,-259,-397,2145,-666,-2210,699,-1107,-2948,1995,42,-6495,-10,-255,3328,-175,-615,893,35,-685,2586,1123,-362,3203,1195,3064,4564,350,3141,1895,1665,266,6810,1110,-3783,-1972,856,-184,7775,1105,-1125,3326,2355,4487,1405,978,531,4009,2300,978,-2736,-3202,-1808,-2645,-1009,-99,-4528,-4720,1758,-3900,-4528,-2575
11/29/2023,1228,-2805,-2454,-168,-2675,-2226,-2043,-2417,-1639,-565,-530,-5755,-220,-4360,-6939,245,-2613,-6983,-475,-1745,-8930,3894,7115,-2980,-354,-2045,-4765,5542,6840,7133,1403,-2135,-10676,-168,-2675,-7595,-308,-1378,-7980,-243,-4270,-9585,-220,-7539,-19504,505,-2613,-13074,-693,-5495,-11630,4507,6191,43793,769,-4715,-12861,5007,8915,46380,-2292,-3330,-2140,-2436,-2292,-1125,-117,506,-4381,-9000,-4340,-6015,-6424,-7805,5077,12671,-6715,-4120,5077,13708
11/30/2023,1345,531,2222,1557,3189,-177,330,2087,-1054,1165,2147,2887,2305,6185,9270,3480,5552,7947,9630,5880,8163,4186,6627,5619,3475,4052,8261,5421,4673,-723,1345,2554,1095,1782,3189,-2474,-588,3482,-3349,180,3128,1188,2305,8782,8308,3480,5552,5480,9819,11275,-6596,4399,853,-36746,3475,11055,-3593,5421,6855,-40573,-905,-4260,-455,-4509,-905,-3648,-455,-4934,3514,2235,4366,443,4560,2397,-553,-1604,1665,3894,-553,-2955
12/1/2023,3780,-610,-1359,45,-435,-1045,-126,-1020,-113,1480,-417,-1242,1460,-1907,-2985,750,362,-3474,-1794,905,7041,245,-5000,-693,1205,-1088,-892,900,-2331,-6518,3780,470,-1200,675,-435,-1077,675,-214,-1339,-180,-969,-1313,1460,1291,3331,-480,251,-44,-259,-866,5732,5126,-1794,-12620,1205,-227,6595,2425,-774,-11058,-2595,-4458,-930,-1301,-3005,524,-930,-501,6351,2002,-2102,-3405,7174,468,-3318,-6970,-1473,-1243,-3318,-6367
12/4/2023,2440,4569,2333,351,4847,4367,329,4028,6356,1716,795,4610,1380,2297,5930,-150,-15,1418,3114,6687,6361,2100,3265,2109,3695,2715,6405,565,4334,-2935,2440,4844,3885,775,4847,4959,775,4755,5640,1743,4734,7030,1380,5750,17948,1130,4140,17914,3873,6888,15651,5761,6056,3022,3695,6118,17229,1800,3940,4218,3026,3360,2531,2457,2896,3360,-1385,2332,946,11045,-445,10904,856,9207,-6672,-1784,264,4671,-6677,-4563
12/5/2023,462,6091,1153,145,5434,243,1300,8142,3088,130,5521,-2042,5789,972,7124,3185,3500,12610,2137,7627,6682,2597,-1160,-211,3543,8948,7401,1250,-1486,-4615,-320,6091,1190,145,5434,800,1300,8148,5352,75,4694,443,7520,1226,11795,3185,3500,16869,2704,11339,11801,372,-379,8070,4400,12579,12086,1275,-115,1224,3765,5307,5625,4127,5666,9027,4645,3588,1421,10919,2393,15590,3217,6401,189,-6332,4266,7914,189,-6392
12/6/2023,-431,-2691,-3402,715,-3880,-3085,615,-4086,-5237,-530,-1480,-2649,-1100,-4010,-6955,-1025,-3741,-6955,-1660,-1065,-8958,4186,7502,7369,-1100,-290,-4690,3539,5485,15113,-270,-2530,-7443,990,-3880,-2747,1210,-3345,-6944,-615,-2525,-7635,-1075,-9530,-22297,-810,-7150,-14690,-205,-6130,-22536,3804,7221,35727,-620,-7815,-22715,4431,7063,34588,-2977,-4230,-2285,-1875,-3205,-2938,-1025,-1875,-3765,-8345,-4364,-6305,-5892,-5553,6956,14423,-6885,-4040,6401,16040
12/7/2023,7190,-978,-3229,2590,-964,-5922,1733,-1729,-3258,-840,-2115,-7672,6730,4041,-6101,3871,11771,1491,3641,6197,8486,2168,9561,-652,3370,-337,2619,9675,9526,2797,7190,-2805,-2840,2540,-964,-7672,1925,-3492,-4463,5775,-1891,-7633,6730,6731,1730,3871,11771,3525,3809,6287,8474,2704,16497,20219,8901,6107,13133,10520,16497,23854,-2922,-4833,-3003,-7460,-2969,-4833,-1833,-7180,-1596,-4199,1155,2046,10005,2995,21342,1170,-2351,-3885,21342,2942
12/8/2023,2652,2509,-163,2010,1353,582,2435,2426,428,2480,423,407,3510,-1962,-915,2265,-128,12207,1718,-1940,11984,5585,5130,1166,2646,1653,436,3573,7506,-1392,3275,1527,8153,2675,1353,3482,2850,3080,3795,3270,1681,7463,3510,1105,4586,2265,-128,15704,3092,6061,23751,4122,8608,42304,3825,5604,24823,4748,8562,43873,-2013,-877,-1668,-2784,1207,-683,-998,-1016,-2250,-5580,-1000,4908,542,9254,-1728,-3542,913,1121,-1728,-6041
12/11/2023,2895,1218,-74,1828,2365,1089,2292,641,-1124,2320,2405,2297,800,-1845,-4153,3655,5047,-3584,-996,-1676,-7978,2362,10731,1827,0,-877,2548,2280,7373,6455,2895,959,1402,3366,2365,3666,3428,1170,1186,4445,1420,1103,2770,231,-4079,3655,5047,-756,395,5461,2985,2362,9895,40737,2865,5261,2967,2895,10054,40737,689,1268,441,1932,532,339,441,1312,-2043,-5484,1980,1779,9442,-2389,14440,8821,-780,1446,14440,10808
12/12/2023,-1191,-3194,-4638,-760,-2725,-1144,-560,-2238,-5074,-505,-2480,-1260,-1892,-3741,-6812,-1440,-3935,-6920,-1996,-1810,-8931,530,2028,-455,-1229,-1935,-4665,215,2238,5075,-915,-2150,-4816,-464,-2725,-144,-464,-2237,-3524,-895,-680,-3478,-1340,-10420,-29385,-2355,-10635,-17920,-4840,-10990,-23840,554,1050,24229,-1270,-11315,-23840,1530,4152,26828,-1846,1056,-1135,4458,-2417,-598,-485,3544,-4277,-8934,-4400,-6995,-6491,-8442,4025,7302,-2677,-5440,4025,8404
12/13/2023,-220,-2292,-4638,-651,-460,-4512,-1451,-745,-5298,-37,-254,-4908,1670,7670,3860,1255,1605,-5550,1900,3340,-636,1085,-6495,-2990,1385,7056,-1091,-240,-4498,-7489,-220,-1800,-11042,-1302,-460,-10646,-2102,-520,-12096,-850,-2365,-6868,1780,10015,16011,1075,1505,-1565,2283,6320,1840,-3468,-10641,-40321,1765,5365,2630,-2490,-8395,-38600,-641,-7498,100,-3484,-975,-5893,-875,-3264,5765,5052,4595,-6940,5495,9007,5075,-5235,7125,-711,5070,-1869
12/14/2023,-50,-3777,-125,-1360,962,-3024,-2459,-880,124,-575,-2100,-947,-1560,-4115,-5620,-230,-1795,-1250,-1689,-1675,-1738,-990,-677,-2957,-1165,-2065,-4380,-1478,-27,-3007,-50,-1420,545,-1060,962,-472,-1125,-80,2654,-1790,-2370,1253,-1560,-2829,-3411,-230,-1795,-1333,-2320,-2530,-4742,-2208,-3943,24903,-825,-2920,-4114,-1478,-1917,28504,1538,2874,6162,2119,2446,5037,7129,4372,-3415,-6843,2105,3595,2554,16917,16890,7882,-1139,-4380,16880,10413
12/15/2023,2053,7190,6114,1545,8040,5537,1645,5675,6114,865,6835,4623,3631,1207,7655,4665,3590,4225,1145,-900,9466,1820,-762,-60,4145,2770,7613,5005,1799,-2523,2320,7425,10400,1450,8040,7226,1325,5946,11196,-250,6650,14263,3740,4870,20176,3160,3335,1885,1540,-2765,15063,4495,-7281,-36458,2620,-2765,16095,4985,-7281,-36458,7240,9677,7471,426,6365,9288,6181,-521,8056,13238,4120,1466,5582,483,-734,660,8928,15414,-734,-4400
12/18/2023,1635,3771,7614,3591,3285,9587,2302,3356,6974,1535,3726,9051,1045,-3649,-6982,689,3013,122,5074,-1924,-3740,1895,7638,-148,2725,-1170,-2598,3454,4311,-243,1635,3771,9538,3591,3285,12502,2554,3356,9448,1880,4102,12913,2049,2454,2581,779,2712,2327,6719,6465,7865,2001,5761,14460,5068,6225,7865,3862,5761,14343,6311,8636,5698,10144,5761,9123,6650,10328,-3970,-8915,3495,6417,-2586,-509,5126,-5175,-5230,-1827,5126,-2211
12/19/2023,1390,3776,3546,1267,3626,2566,96,3510,1429,1295,2250,3603,2398,1437,2968,3030,8797,10927,4320,3880,14620,1405,1884,711,2640,1851,1166,2346,-921,8061,1390,3776,9035,1775,3626,9035,96,3991,9035,1235,3321,11295,2398,5627,7557,2912,9180,19729,5266,13656,27485,1871,4265,64543,2986,12956,27790,2446,4265,65150,-937,2387,-4,2760,-671,2233,27,2688,-2410,963,3114,5106,3208,7138,5207,5473,-4865,642,5207,5673
12/20/2023,979,1928,843,2449,1125,6706,2152,1124,-1491,1135,270,5242,-590,-1779,-6922,-1425,-3420,-6997,-1070,-1910,-8996,-1460,-6441,-2939,1930,1685,-765,3010,-3779,5573,785,1928,-927,1280,1125,3076,893,1233,-1502,1475,3843,4508,-470,-1874,-17608,-960,-1179,-10935,-1205,-794,-344,4753,-4338,-29028,-277,-2069,1804,5229,-4533,-31790,150,-1792,-782,6874,324,-1640,-223,7394,-2255,-8059,-4480,-6875,-2350,-8499,-6455,19624,1507,2897,-6455,14621
12/21/2023,564,2013,4183,2003,2880,4536,1869,3860,3282,1150,3016,4818,1233,-3428,-6979,1677,-3089,-6998,-1269,63,-8975,1857,893,2521,1823,484,627,1550,1874,743,1205,2201,6596,2003,2880,5417,1869,2295,3449,1925,5124,9607,1233,-3455,-11155,1677,-3354,-9484,380,-4229,-14571,1857,6029,-15724,1823,-4734,-12559,3142,6029,-21019,1834,2512,1000,8525,1113,5650,1173,8111,-3702,-8741,-1815,-6865,-1724,-7936,3468,-6466,712,17,3403,-6125
12/22/2023,1360,-6040,-2515,-1990,-5705,-3310,-2470,-3053,-3113,30,-1920,-7350,2505,2965,190,1125,1593,-5484,612,-1270,-6495,455,-304,-1190,-1140,1136,18,-2240,-3655,-7340,1360,-7250,-13650,-2575,-5705,-11945,-2515,-7165,-12665,155,-7755,-16855,2505,3677,1446,545,979,-1674,-2473,-1208,-14261,-125,-4859,-45750,-110,-1533,-14261,-728,-8898,-45750,-2936,-5971,-2639,-3656,-1358,-4355,-1464,-4367,2715,6068,-570,-1267,-2589,1723,-6870,-4865,1103,1214,-6870,-5625
12/26/2023,-2180,-2455,-4230,-1990,-3210,424,-2205,-2065,-2281,-870,-1161,4416,-1895,-3100,-3618,-1195,-3085,-3207,-1995,-620,-2055,-427,12049,3070,-1475,-2155,-22,-38,8880,3690,-2180,-2455,3739,-2230,-3210,6484,-2205,-1030,3739,-1640,-3461,3314,-2315,-9910,-15930,-400,-3723,14767,-2909,-10300,6074,-252,6219,105878,-2140,-10305,6182,-60,6099,108227,-1248,8350,-3985,8405,-1248,5679,-3475,8405,-4465,-8878,-4465,10255,-6443,3445,8401,6661,-2970,2725,8401,6661
12/27/2023,2160,4620,-1179,215,4445,-5215,215,4620,-2065,2110,563,-1913,3668,9909,15499,2820,6117,957,700,4082,7549,4150,-495,-760,3858,1316,-2065,2430,-404,-5813,2160,4620,-1128,215,4445,-810,215,4620,-810,2020,4410,-810,2315,11980,24120,3090,7807,4334,973,9175,17132,5513,4491,-21930,2840,9310,16823,3005,1795,-23535,4177,-316,3990,-301,4177,-1133,3375,-301,8597,13457,2090,-1957,1891,5709,-3190,-3840,-1238,-2420,-3190,-4230
12/28/2023,155,-4835,-3468,-295,-5150,-4406,-587,-3325,-1531,50,-1370,-8570,1390,-2618,-6478,2265,-1920,-4511,204,-1174,-6892,1590,7110,4971,1495,385,-2526,2790,7078,9876,155,-4835,-9485,-295,-5150,-8890,-587,-4975,-8495,210,-4835,-9495,1390,-4120,-17225,2265,-1745,915,1325,-3099,-3143,1590,7620,52015,1495,-2599,-2746,2655,7620,53197,-1408,887,-970,1909,-1383,2552,-835,-550,-4418,-6343,-536,3809,1244,7499,13086,6761,-720,5249,13086,8169
12/29/2023,259,1645,-4685,-1645,-2380,-3347,869,-341,-4685,-560,-445,1876,468,2912,8368,955,-1591,-2832,1862,2059,-2720,1504,-4607,-1401,666,518,-3077,799,-3420,-6549,420,-1515,-2864,-925,-2380,935,-186,-1291,154,-348,-2910,-34,1654,3751,17959,929,-1341,6702,2114,-5189,4269,2449,-4440,-26093,1449,-4679,3821,1656,-4465,-25895,-1001,-2169,-191,218,2084,-2341,-1955,-4921,4327,12553,-2387,-2233,-665,-1150,-6977,-5778,-128,-2674,-6977,-6309
1/2/2024,2595,3599,3516,2995,4110,2999,8870,5258,4602,2125,2344,-274,2090,7769,5095,3210,11480,23418,7489,13387,30785,9115,11762,-1604,4640,6570,8514,9489,6007,8358,2595,3610,-2638,2425,4110,-514,1694,2519,-1743,2610,3065,-1187,2090,8538,17166,3285,11480,23399,7489,14265,31750,9438,20015,73277,4640,14410,31146,10650,20107,76597,4584,4760,2126,7673,3879,5870,1416,7673,6022,18313,6889,26307,14505,31262,4289,-2536,6293,15867,4284,-1161
1/3/2024,1055,3325,-24,1270,16,-2086,979,2861,-4259,70,5714,-1877,1574,635,-3515,1570,985,4320,4623,1312,5932,695,-961,9893,1180,1550,-1066,2399,-977,10766,1055,3325,77,2030,16,-1910,1455,3373,-1182,560,1186,2726,1574,1393,5584,1570,1035,4130,5582,6183,9832,695,-3097,41393,1180,3071,8795,2599,671,42001,3071,-317,3165,3040,3071,-1603,2868,4778,1776,-938,2512,8873,5255,14510,6575,2308,710,-1930,6570,8921
1/4/2024,338,-593,1099,1499,-2140,1710,3905,-470,846,-480,-1405,1135,1165,1162,406,425,-1610,-344,1306,648,948,245,-2787,1328,615,1324,3347,532,-2753,4337,-510,-1745,1165,1499,-2140,-214,1276,-1594,846,510,-2618,-2877,580,-1925,-3030,-445,-3745,-4845,750,-5975,-9796,-461,-6666,-8661,-870,-6250,-9880,-1335,-7230,-7055,1359,2314,-2193,2169,1156,2314,-512,2284,-214,-3175,-390,-800,446,-3315,1667,2418,1849,6114,1667,2488
1/5/2024,1987,5346,4021,1683,4260,1065,4518,5214,2732,730,6112,7207,1645,2595,20649,2015,3720,6969,469,450,4091,510,-3737,-736,2500,-546,7269,-1255,-3056,-3071,2150,5369,4454,1683,4260,1225,338,5214,195,640,5319,3726,1645,4683,24720,2015,3720,17210,955,3425,8531,2169,-9498,-39143,2595,2330,8285,-330,-12975,-38963,5886,-669,5666,-1589,3904,-1789,5000,-4395,11047,24100,459,15595,3767,9349,-5485,-5627,6926,2888,-5485,-3655
1/8/2024,193,2016,4596,1801,2076,10306,12,1037,4362,1880,3001,11362,-1690,-3995,-6561,-1425,-3795,-6629,-1676,-1995,-8968,2944,3737,16344,-1026,-2030,-1806,4344,2879,27967,1475,3615,4975,2019,2076,12515,2105,2995,6927,1575,4119,10370,-2720,-13575,-28421,-1800,-7790,-8969,-3165,-7105,-14053,2658,2654,52076,-2451,-8920,-14053,4344,4292,52076,2855,6877,2582,13429,3448,6499,3126,13684,-4150,-8701,-4485,-3700,-4934,-8118,6353,30696,-6705,-1231,6153,28858
1/9/2024,1987,6649,4781,4119,6202,6607,2049,6491,2871,2450,5194,9624,1637,-4250,-6700,-1110,-1445,-1408,1795,-1660,-2736,4875,17334,-312,1612,-2000,-4720,4411,8092,3733,3213,6649,3321,4151,6202,6449,4107,6795,916,2725,5117,7519,2572,5210,5191,-130,8720,14066,3360,13750,10781,3751,16735,20780,-150,14590,7926,5236,17527,23097,6930,1530,5351,692,6726,-1874,5341,322,-3715,-7384,478,3677,4256,-4481,15341,5668,-2725,-5375,15341,3718
1/10/2024,1040,4446,8134,1765,3074,7132,543,4479,8134,710,1847,7706,2327,-4055,-5342,2467,3152,-2531,4699,-1975,-3371,850,-283,-2433,-359,-2340,-398,3026,1495,-879,1040,4254,11554,2281,3074,11669,2256,4479,10303,1254,4139,13202,2802,2142,-2727,2592,3277,4620,4132,1150,30,2856,431,50737,1780,500,1460,3341,-2293,51056,4056,1175,2452,5432,3907,285,2788,4762,-4120,-7206,1025,5260,-44,-2679,8715,-3519,-2634,723,8715,-3519
1/11/2024,2235,3528,4577,1385,2633,4867,590,300,2564,1895,5105,5178,-67,4318,-4046,230,-2840,-3211,2874,-836,-8601,-190,-2851,-1545,251,649,5621,-1080,-1518,-2449,2235,3890,4577,1385,2633,5788,1390,1265,3851,2598,4280,7097,695,-360,-4308,-310,-4285,-5363,45,-4129,-7168,-363,-5836,-5430,740,-5559,-5392,-1080,-8506,-2111,-968,601,1114,2214,-1205,-4802,1264,2769,-1177,-2751,-2250,-5021,-5501,-6559,-4071,-6172,604,2550,-4071,-3460
1/12/2024,2945,3872,842,1060,467,-2887,230,725,-2368,-570,1691,-3340,1535,12722,20928,1910,5071,5906,4750,2603,12591,95,-2228,-2955,2903,4759,6371,120,-1548,-6260,2427,2774,-8509,-580,467,-11450,-1335,793,-11450,1415,322,-9205,1535,13691,29736,3540,6343,12987,5927,10980,22663,598,685,-10050,3247,10531,21646,-870,-3715,-10760,3154,-7153,-1075,-7685,1110,-5981,-178,-5030,10464,21513,4526,4795,7356,13757,-4610,-1533,2146,5190,-4610,-2028
1/15/2024,1615,4215,4280,2675,4200,4165,2675,4215,4165,3300,4000,4165,1390,4595,8105,1425,3190,6148,5235,6380,10079,4465,11190,2590,4455,1785,3013,4380,9025,4918,1615,4215,4165,2675,4200,4165,2675,4215,4165,1835,4200,4165,1390,4595,8709,1425,3190,7420,5685,9150,11423,6375,7480,8525,5355,9150,11423,6820,7480,8525,1645,-1976,1800,-1835,1645,-1976,1800,-1835,748,5006,-1410,1785,1155,-190,-2985,-2940,-965,3238,-2985,-3825
1/16/2024,2749,5378,6149,699,2450,-1690,2715,4578,171,1334,2603,2101,720,1407,3139,-685,-2462,-2999,675,360,-3097,-1486,-6280,-2860,1540,221,2088,-2465,-4222,-5680,2749,2607,5653,-95,2450,-1415,-370,3792,507,1620,1113,899,720,1407,3846,-565,-3046,-7001,685,-1964,-3912,-720,-5747,-40618,1540,-2004,-6036,-3816,-10580,-47238,-1301,1773,2277,-2439,2662,1984,647,-3261,2293,4983,70,-2497,683,-5115,-5443,-4682,319,2424,-5443,-4872
1/17/2024,450,-390,-4864,-1065,-1187,-3120,-1499,-1040,-5176,1080,-1716,-4655,460,5597,88,749,666,-4127,-380,841,-6292,39,-6343,11,95,-265,-1492,-61,-3828,-5698,450,-1574,-9071,-1410,-1187,-10719,-1410,-3798,-7923,-240,-3714,-10729,460,6408,1103,906,454,-7307,1268,1941,-2231,-2062,-6232,-20199,95,1396,-4405,-2935,-7021,-18685,-2817,-65,-1494,-3021,-2687,-1616,-1385,-4736,-1567,-1474,-1225,-6970,-2651,-5559,-6058,-1929,806,-5420,-6063,-4501
1/18/2024,-637,253,-1640,-140,80,3655,-124,646,-1640,-590,-503,3316,450,-30,-775,800,-2060,3392,2244,-864,9037,-225,-2137,2429,860,-192,901,-225,-66,11720,-375,955,-733,110,80,4411,110,1325,1957,-950,576,2531,450,220,312,800,-2060,5780,3315,-1161,5582,-3739,-3756,24232,1102,-1541,5000,-1300,-2137,26301,472,1865,1320,3054,922,1865,970,3054,-1315,-5177,-460,7914,560,4659,12561,13911,731,1804,12561,11452
1/19/2024,1645,190,-307,1430,-610,4435,502,-180,-307,755,225,4435,1895,-3950,-6630,-1495,-3760,-6940,-1990,-1620,-8715,3315,10783,3260,2495,-2085,-2075,4849,9135,19841,1645,970,-307,1430,-610,4435,1430,845,985,1730,2960,3056,1895,-8370,-25630,-695,-5400,-11335,-2075,-5335,-20615,3315,9674,23076,2545,-5635,-18795,4849,10783,24210,1785,1018,1825,3344,749,1018,1825,3344,-3965,-8078,-4440,-6890,-6496,-8350,13480,1722,-2810,-4790,13480,6132
1/22/2024,1395,-345,-2802,30,-560,-3140,-931,93,-1444,-575,1169,-3938,1041,2909,-1944,1720,6094,2505,3152,10809,7599,9962,28591,1743,3798,3561,4505,6397,25536,8434,-295,-1721,-2565,-40,-560,-3140,114,-1350,-3062,-1625,-1701,-3894,1041,3169,-3976,1720,6094,4075,2616,13233,12102,11058,28113,45803,3311,12868,11609,6740,29486,49525,-3091,-2394,-3280,-5830,-2458,-4763,-3080,-5688,3369,-4442,8682,4741,15045,15112,17352,4481,3630,-4115,17352,-2381
1/23/2024,-650,-5970,-4992,-1971,-4584,-5274,-2446,-4494,-5044,-995,-2485,-8738,200,-4490,-6252,-60,-3715,-6060,-1315,-1375,-5917,-1060,-5250,2470,-535,-2410,-1301,-1290,-3332,6841,-650,-5970,-12372,-3036,-4584,-12444,-3036,-6789,-14889,-1435,-7900,-10151,200,-3945,-5963,0,-5805,-8682,-1930,-5215,-10388,-1350,-3965,-17227,-545,-5265,-10613,-1070,-3965,-17227,-3885,-6075,-2165,-6789,-3360,-5745,-2165,-6169,-2295,-723,-1787,-1974,-3492,-1918,-5850,106,-1935,-1462,-5850,-2357
1/24/2024,2410,-934,-1542,1790,914,2259,438,-2226,-2151,2263,1944,-1883,1540,-482,-4620,2685,-2298,-699,7469,1401,-4852,1870,-128,683,3720,1501,1656,2595,-597,1019,2410,65,-5569,660,914,-2065,800,43,-5275,1175,672,-2490,1540,-482,-8968,2685,-2298,-491,4592,-446,-10293,3738,3982,-6857,1000,-491,-14266,2595,4587,-7627,-196,-20,850,2435,87,1962,515,2388,-2094,-3939,-22,-1877,-2088,-8252,-5941,1054,-230,2186,-5941,3580
1/25/2024,145,798,-2857,-455,-753,-2478,-42,-890,-762,0,104,605,-265,-3576,-6052,-520,-3960,-5895,-1939,-1425,-7821,1170,1671,-638,-410,-1226,-2621,1060,2933,-5184,145,-790,-2527,-455,-753,2350,-510,-619,2521,-105,1295,-1649,-265,-4676,-11978,-520,-5920,-13104,-4479,-9795,-18175,-170,485,-21910,-770,-9165,-18204,395,-110,-23555,-788,-908,1524,6239,-880,-4159,1289,6156,-3370,-8030,-3477,-4304,-5876,-8472,-399,-6061,-2005,-1312,-404,-6471
1/26/2024,965,668,-1953,-305,3495,-2513,1272,3725,-2786,1571,-353,-6174,3565,5047,9256,2835,4340,4554,7468,-1996,-2693,-352,-5690,-2870,2678,1679,3728,-1840,-2089,-6910,947,963,-2486,1129,3495,-5530,1426,3715,-6700,889,-947,-7714,3565,5047,8140,2960,4340,5421,2285,1000,887,-81,8810,-21575,4360,1525,887,-1600,4120,-20735,1385,-5044,1706,-5931,2529,-3050,3695,-5187,6608,8085,1975,-1521,-3891,-2090,-5018,-3197,2433,3247,-5018,-4664
1/29/2024,85,-51,-3538,-960,-270,-1165,-960,-1265,-3432,-605,-1835,-65,-1395,-4315,-6675,-1120,-3975,-6930,-1995,-1945,-8995,-225,-3688,1428,-910,-2185,-2323,-2170,-390,5952,85,290,-1997,-960,-270,1537,-960,-545,-1997,-680,-1110,-5549,-1005,-10935,-24392,-2050,-9245,-16265,-4710,-12050,-19597,-1730,-7963,-3131,-400,-11130,-19212,-1830,-6747,-1720,-969,-1634,-80,1585,-737,-1634,-65,1359,-4151,-8982,-4495,-6990,-6465,-8497,-5938,-2448,-2604,-1605,-5673,-5027
1/30/2024,1540,-15,-3957,-29,2,-2589,-86,-3395,-3909,-865,-2425,-4695,-650,-3890,-4952,4035,9534,7824,1845,-1475,-4487,12475,-907,-1241,2270,2508,-4375,11978,-2881,-531,1540,116,-6620,-695,96,-5650,-605,-509,-7525,115,-1150,-5020,500,395,-1901,4035,10442,7942,2212,6555,74,8571,13332,11713,2645,5495,1001,11978,12170,10023,-2395,-6192,-3877,-7180,-2930,-5432,-2875,-4005,-4315,-7793,2536,2826,-1400,966,-3256,-3952,390,2925,-3261,-6072
1/31/2024,2280,7052,8376,4929,5274,8274,5249,5817,10751,3290,5081,18798,1320,-115,10020,1805,3758,4321,5168,1015,1184,1525,2920,-1742,1610,1615,7644,1780,910,-5388,2280,6315,8586,5367,5274,9015,5249,6636,10473,4306,7935,6355,1320,1119,7051,1805,3870,9479,6253,2399,5319,1095,-1262,8784,1610,2189,5405,1780,4530,11739,4237,7365,3851,18113,4202,8670,3316,21632,302,3572,2960,10410,-2225,-1664,-1960,1980,975,1531,-1965,-6033
2/1/2024,270,-4575,-3226,-1690,-2050,-5240,-2472,-4491,-3696,-460,-1775,-7395,570,-968,-3967,-1225,-3790,-1893,-1951,-1565,-5888,1085,698,-697,300,-1382,141,-360,3937,-359,270,-4365,-8057,-2235,-2050,-7525,-2240,-4275,-9385,-95,-3700,-8830,720,2697,-12753,605,1838,-2906,-25,1403,-13610,1085,590,-1950,630,191,-11735,-315,698,-889,-3906,-4194,-1505,-6817,-3940,-3612,-2110,-3155,-2440,-6064,1826,-3181,318,-8170,1929,-6978,-1334,-4560,1929,-6196
2/2/2024,2475,4189,7445,2099,2610,8747,3199,4224,4644,1785,1510,9326,2975,-2529,-5081,3205,5621,286,-641,1381,-5092,4598,3091,-1623,3660,-404,-3036,6030,2991,-3629,2475,4095,7445,2520,2610,10089,3561,3820,5434,2645,3274,6355,2975,4764,3909,3205,5621,1935,2351,3911,1825,4294,3594,22055,3660,5111,7529,6030,3091,23595,4356,3464,3725,5588,4543,449,4855,5720,-4450,-7540,5690,-4995,-6280,-6221,2826,-5463,-6370,-2292,2826,-3784
2/5/2024,820,7584,4157,2873,8435,3097,1444,7764,2008,1120,5380,2966,2155,4913,6436,50,-879,7497,566,5098,10676,-580,-445,959,685,-915,7425,-1475,-1080,-1155,820,6780,5642,2873,8435,5541,2279,5541,2346,1490,6109,5794,2155,5676,12387,375,5053,7275,543,6369,17483,4368,4720,-10389,1960,6029,17131,-1615,3785,-7264,3541,2214,4225,2722,3053,1444,4210,2586,6646,391,-189,3682,5765,7393,-3520,-5890,808,4681,-3520,528
2/6/2024,1565,3977,4066,-217,3992,9054,783,1990,6026,1775,3951,9164,3088,4257,2141,3638,5418,-3251,2664,-1125,4252,2365,8664,-2120,7214,2324,-1028,6082,9823,-6202,1565,4679,9485,-217,3992,9241,783,2672,6912,855,4233,7057,1835,3575,-516,3994,6374,-2781,3359,9814,9946,9485,17553,2188,5779,8654,8923,10935,18877,1578,2788,5610,2896,7456,2608,5455,2931,7456,3425,234,4070,-598,4666,-899,2220,-5184,1200,-617,2220,-5184
2/7/2024,2291,6843,107,1420,4323,-2073,1385,5020,2362,2635,7095,-2369,724,5373,20254,3255,4794,4069,3376,1272,10253,3265,-4570,-52,3010,4040,1820,3120,5102,-4284,2870,5117,1605,1420,4323,-792,1420,3662,-1110,4295,4412,707,2088,6782,21780,3143,8816,14673,4052,7021,16266,2317,12672,6632,2720,7026,17607,3385,11973,7640,4242,-3685,1323,-4486,3907,-1573,495,-4486,8905,17404,11379,-1178,9433,12570,-6104,-5956,1638,2267,-6104,-5308
2/8/2024,2238,-403,-1905,-305,-54,-3975,-810,371,-841,170,211,-4260,980,42,2368,560,3741,5587,-362,1324,144,8043,-3204,450,1013,3405,-572,263,-2645,-4192,2238,-1507,580,-635,-54,-6150,-320,1050,-3615,840,-1905,-3175,980,5121,6544,560,3942,5587,-362,6668,2226,2223,-6690,-7168,770,6668,2610,1499,-6690,-7168,978,-5125,1685,-6485,1943,-4200,-1720,-7065,1798,-4807,350,3411,3386,-5761,-3343,1728,3146,-2436,-3343,13171
2/9/2024,1327,-717,1503,-92,-1155,-989,217,-877,2580,847,-830,-148,625,-3595,-6718,2020,-165,-2703,-1036,-1993,-7829,6650,11926,-2845,184,-1770,-1862,8155,5350,2106,1327,-600,2373,-92,-1155,-135,-97,-877,2295,-470,-875,805,1475,-3328,-9701,2020,1155,-2703,501,1895,-9021,6909,11900,30089,2892,1590,-8469,8490,14756,34343,-213,4868,-530,-140,-418,4013,-515,-1805,-4235,-8780,2591,-1438,1095,1072,9021,-2404,-521,-1261,10901,-2269
2/12/2024,630,356,-3028,1564,-417,-2372,1710,1155,-2835,115,1163,-3195,170,-1222,-6709,370,-1854,-6939,-1999,-1336,-8983,2405,-1365,-2975,-495,-1267,-722,4336,-3743,-7436,630,593,-2742,820,-417,-1043,1250,1233,-473,20,36,-545,355,-820,-9540,545,471,-7364,-1700,-755,-18565,3084,2706,-13207,1291,160,-15570,2240,3265,-12180,-2553,-4906,-2715,-4564,-2955,-3715,-1430,-3509,-3510,-8308,-4384,-6705,-6186,-8480,20170,13087,-1603,830,20165,10581
2/13/2024,1522,4313,8116,405,2805,4786,2244,4264,9265,880,6757,13760,2203,2313,-1954,1870,4925,13928,2970,3920,10730,2220,12749,3231,2771,2925,1795,4527,11483,3980,1680,3415,8663,1660,2805,10293,1904,2347,10909,735,1350,8077,1545,4595,4489,2015,4230,12532,3375,5440,7426,3088,11823,30530,1990,5085,9496,4722,12382,28402,6525,10832,9831,5063,7967,10382,8759,10718,2788,-1262,3850,4882,5200,10736,17990,5435,3613,2775,17990,6787
2/14/2024,1164,666,-575,-930,1126,-2515,-1378,-484,-4729,789,754,-1139,1503,4448,8905,700,493,-1993,281,643,1463,950,159,1227,325,1529,4785,1458,685,2647,1164,1828,-1520,-930,1126,-137,-965,839,-2698,704,2875,2239,1503,4820,8085,700,493,1444,1504,10457,-601,1461,455,-22591,1335,9897,-601,1785,-680,-21883,-778,2607,865,2470,-1611,583,480,4525,3914,5838,85,3263,2557,-1759,2145,9542,1797,2710,2105,9808
2/15/2024,261,399,-2998,-590,-899,-2685,1698,1059,458,-9,-1308,-1552,580,1964,-6560,2100,3874,-6890,-1995,-1915,-8811,1480,-5080,-845,1954,-2470,-1387,3505,-2905,-6040,192,-1323,-2426,735,-899,-3548,670,-3,-826,110,-1353,-628,580,2514,-2587,2100,3040,-15925,-2905,515,-9584,3448,-2498,-55269,3070,515,-11707,3505,-4785,-56259,-2325,-1582,-1785,-3348,-2302,-4604,-2380,-5928,-2970,-5641,-4435,-6820,-5832,-8486,-6950,-6225,-2774,368,-6950,-7320
2/16/2024,1360,1064,2795,2050,2516,8833,4029,2670,6015,2315,2523,3710,2880,2004,3463,2785,429,4963,4143,3006,1971,3705,4756,-1524,2522,-440,-292,4275,3946,7672,1360,3053,-4743,1475,2516,-3410,645,2113,3438,2030,877,-3372,2880,2073,4304,2785,920,6898,5180,3919,7709,2336,-4026,10497,3030,3934,7259,3435,-1855,12142,12947,10535,5415,14849,12363,12700,5750,14862,2387,4558,3414,5640,609,5789,15433,7616,-83,720,15228,8809
2/19/2024,2195,5360,5345,3695,5335,5309,3695,5215,5309,5230,4390,5094,1625,6780,10005,2010,5610,5855,5455,5086,10965,2180,5470,2525,2525,3905,840,2840,5430,2520,2195,5360,5590,3695,5335,5590,3695,5215,5590,4830,5335,5590,1625,7720,9569,2585,8490,9795,6360,11375,14325,2665,11735,18145,2755,11375,14325,3860,11735,18145,-2129,-4164,-4005,-5040,-2129,-4164,-3065,-5040,3021,5379,2990,1785,4625,2550,3865,-1100,-44,-150,3865,-1100
2/20/2024,193,5781,8791,1550,5689,8168,1666,7451,7589,40,7134,16110,2644,300,-2471,-40,1026,4051,1873,577,-4415,3228,5320,1962,2991,703,4277,-1260,4676,-813,295,6617,8975,1550,5689,10924,1768,6267,9548,1295,7995,13376,2644,-1371,-1293,-40,1026,503,1343,2717,6818,3683,4773,-1372,3155,3187,2439,1431,1812,-7376,733,5366,-827,-756,1600,5440,-824,-910,-2772,-1995,-949,-5909,83,2412,-4443,-6689,63,5491,-4443,-50
2/21/2024,-85,1468,4247,935,1555,7871,787,1767,133,380,1121,5486,967,3475,2918,1787,1677,8921,4882,1314,-1628,1094,1691,-2058,1002,130,-743,-932,3228,-4020,-85,1885,847,935,1555,3926,965,1945,847,1434,2617,937,967,4415,6027,1787,1677,7174,6584,3977,6391,1094,80,4634,1002,3772,3610,226,-3784,-1904,1017,1449,1521,4576,767,2833,606,5047,3075,3799,1035,10757,4538,3601,-3680,-4359,992,112,-3680,-5832
2/22/2024,-198,823,-3285,2055,1465,-991,1903,1612,-5483,-660,-1685,-510,-475,-4195,-5800,1325,1744,-5905,-430,-1985,-8992,1487,6344,381,1400,-640,-3880,4234,4285,5316,80,1870,-3727,2055,1465,-971,2855,1600,-2891,550,1435,-504,760,-5541,-17391,1325,1744,-4832,930,-37,-7418,234,3211,25205,2610,853,-6701,4234,6175,25885,1028,-6233,710,-1600,-666,-4724,20,-2046,-4370,-8765,1985,-5727,-6370,-8440,20279,9431,-6860,-2945,19938,6753
2/23/2024,1726,-717,1767,-355,-3167,4934,2221,-502,1993,-580,-2145,827,2647,2943,4622,1490,1810,8668,443,1261,3452,5782,5886,-2950,1310,1264,-1873,5920,2199,-6799,575,-2092,-1512,91,-3167,2022,1101,-673,763,495,-1280,-946,2647,4410,7094,2060,1913,4544,907,1676,6627,4640,10101,56091,1560,1676,2937,5459,8960,54630,2034,5275,1255,-831,1334,7018,2028,-139,4633,8241,1530,8266,3602,12416,5371,-47,5453,-416,5371,-652
2/26/2024,1705,-1612,-2818,1102,-308,-5139,1117,-2063,-1967,997,-520,-4320,1587,2199,5250,1036,1005,-3326,2561,-214,-8659,285,-526,6157,1060,2980,546,-625,2391,8673,1705,-1612,-6346,1102,-308,-9852,1117,-2063,-7110,1137,-1759,-7808,1587,2784,1710,1036,1005,-2306,845,1311,-15640,285,-3775,-38552,1060,325,-14653,-270,-4050,-39162,-1620,-4276,-3198,-7334,-2885,-3126,-2308,-7094,3389,12119,1932,2694,2083,6639,-735,14472,3117,7140,-513,14472
2/27/2024,150,1906,2360,791,1771,3518,724,1921,4934,-590,1120,8704,1005,1099,2556,2900,3932,7926,2268,925,13967,460,2386,-1961,690,609,3730,-663,3069,-3106,150,1906,6459,791,1771,5925,724,1966,6459,-1245,1438,3579,1005,1099,3947,3915,7590,10378,2618,6329,10406,2152,5950,-3181,690,6029,9891,-2893,2006,-2734,895,3865,4187,5765,1641,3865,2449,5061,-1005,426,1870,3052,5134,2438,-2353,-2743,57,-191,-2353,-4533
2/28/2024,4925,6461,3941,5055,5524,1727,4764,5955,3159,4845,3836,2652,2845,8993,23156,3715,4167,-1431,2954,7126,27893,1795,9433,990,2300,6259,7126,1635,5957,-688,4925,6461,2888,5055,5524,-698,4455,5955,2698,5010,5595,-665,2845,8926,31630,4085,6564,-1520,3586,13139,32281,1681,6079,-6323,2710,12989,33446,60,5829,-4339,1313,-167,-235,-2245,2666,-936,900,-2245,15919,39662,8255,-1014,10919,13447,-3960,-5759,3295,9730,-3965,-5668
2/29/2024,-156,-283,1657,535,-679,-1683,-258,-807,-783,205,-845,-385,245,-1031,-1821,830,-102,-2564,-540,-713,-1421,795,-385,4906,340,1805,1081,1340,-291,5842,110,508,1250,535,-679,6610,362,551,2000,420,1370,164,245,-597,-3208,830,531,2306,-34,-470,-12389,795,556,26303,340,-475,-10380,1340,381,26580,103,-2063,-721,3472,223,-164,-428,3034,-1799,-7836,-373,-718,-1592,-3459,1617,10561,-795,-1437,1532,10649
3/1/2024,2517,2009,367,1805,1455,2974,815,218,439,2845,1798,3013,-1645,-4400,-6650,-595,-3710,-6985,-1762,-1995,-8989,4655,4777,874,-1480,-2100,-2037,6372,5198,7084,3205,2600,-643,1900,1455,2983,1621,1166,1242,2290,400,-354,-1810,-9130,-19128,161,-1995,-5614,42,-7441,-11662,5550,3421,21134,-30,-5720,-11885,6842,4777,26746,492,-1793,-740,1959,-935,-1793,-740,2224,-4490,-8990,-4460,-6920,-6436,-8475,2898,8994,-1566,-1497,2898,9429
3/4/2024,765,3958,2060,860,1457,-846,960,1682,5118,1210,650,4646,1820,2773,-1160,1448,840,-6599,6440,3952,-1152,980,2111,-2958,1418,1117,2416,704,-1066,-4284,765,900,2850,860,1457,-2367,960,1682,1516,935,2418,-2493,1820,2773,4437,1448,840,-3833,6440,393,13410,1030,3761,28663,1418,666,12690,704,3761,29005,1107,-258,1806,5784,1232,1453,1841,6654,3638,5445,3114,6451,4939,10376,6870,4738,1132,553,6870,2500
3/5/2024,2420,747,3929,2679,5681,11427,4299,8405,8953,1695,3863,8424,1215,5075,1353,3175,5895,14578,4468,9711,26419,4490,3259,176,3745,8020,-4490,4952,3709,-379,2420,1474,4344,2679,5681,12426,4414,7510,11012,2060,1425,5587,1215,8225,16518,3175,5895,27025,5633,11006,33053,4398,4828,58609,3745,10190,35408,5172,5695,59088,3229,5145,2950,4593,4674,4223,1831,2785,12776,8811,7752,19404,20404,27521,7706,-3693,5580,-3955,7706,12574
3/6/2024,1630,4336,622,3155,2735,7140,6840,11363,9557,1490,1265,2484,1420,1912,-4034,1490,-1345,-5164,2681,1820,1374,2365,3150,-3000,1979,1737,909,5245,2281,-6028,1630,2755,622,3155,2735,6389,4587,10775,9397,1295,365,1738,1420,2085,2841,1490,-1345,-8655,2265,1775,-3959,3724,1174,-34086,2170,1250,680,4375,-2265,-35391,3001,7127,893,11470,5886,10987,111,9845,-3231,3662,-2400,-4683,-1470,-6165,824,-4028,-261,1275,619,-5709
3/7/2024,4010,10515,9989,2781,10759,11565,1664,8737,11916,2346,8616,14662,1380,-3080,-6785,2574,5424,3420,1598,-924,-5021,3575,17785,5710,3405,-1600,-2371,2984,20242,-3458,4010,10971,17540,3163,10759,15573,3812,10140,19809,2326,10132,22417,1380,3332,-4551,2574,5424,3630,1686,8512,1939,3575,15804,11314,3405,9492,4234,3063,17785,16074,7508,17827,7603,11594,7664,17095,7678,15149,-2175,-6214,-2145,-3689,840,-3712,8024,-3458,-1626,-4000,8024,1977
3/8/2024,515,2395,-3481,1103,1590,-1109,-49,3370,-1627,-540,2226,-2194,840,-4304,-3694,-1020,-3895,-6775,-1750,-1780,-8802,-505,-6405,-2980,-1130,-1846,-2012,-514,10070,-7405,515,1510,-3173,1103,1590,-1086,175,1842,-2426,1595,475,-2874,1030,-434,-1796,1280,715,2375,2170,-2910,-6670,3244,714,7505,1285,-2185,-6402,5230,3500,8895,2601,-4923,1345,-237,3100,853,1292,135,-4000,-5601,-3750,-6350,-6268,-8323,-6730,-6535,-82,-5185,-6730,-7311
3/11/2024,4180,5115,238,3460,7065,-1121,5557,6756,-907,2917,5125,-4150,3033,12176,20605,3036,6031,9369,3735,12234,14080,2855,1907,-826,3184,5170,2385,3360,7825,-6750,4180,5608,-6222,3535,7065,-5388,4535,6732,-4538,2740,1778,-8939,3033,13083,20835,3036,6031,6629,4314,16656,13904,2877,2411,-37910,3860,16444,14271,3360,1907,-37384,-2015,-4523,-1060,-5861,777,-2987,-1265,-5490,9180,17388,2261,9845,6415,20352,-6125,-4913,921,8024,-6125,-4689
3/12/2024,1700,4143,57,665,1951,4479,1154,3831,1604,1415,4861,3841,265,-4486,-6154,845,726,-4911,-2000,-1579,-3798,945,3134,-1725,-1162,-296,-4485,1940,1297,1030,1700,3713,1923,1205,1951,4804,1049,3159,3556,490,4807,6235,265,-6601,-14145,1075,1802,-939,163,-3356,-7530,-201,3983,33135,95,-2876,-7676,2350,5386,33321,3696,6685,3200,6177,2924,1300,2339,6626,-3774,-8889,-446,-3265,-4132,-3137,4597,3244,-1332,-1009,4487,13228
3/13/2024,2824,2807,1105,2230,2257,5538,4031,2269,3968,195,323,740,5190,11093,16392,5440,8519,25716,8879,9120,26224,7260,12924,1190,5530,6584,8160,7108,6729,7459,2225,1515,1155,2480,2257,-309,3429,2269,3474,2129,1569,1788,5190,13074,31015,5440,8519,28244,9930,9999,30358,7260,9060,42573,5530,9944,30358,7108,11834,43824,2889,5145,2537,3347,2803,2544,1473,3347,8890,24018,9046,23544,10898,29277,16856,9051,3324,3085,16856,6845
3/14/2024,1750,6650,11937,4260,8690,15343,4928,8332,14890,1260,4736,16914,1650,1941,5891,4545,7231,12169,2496,735,20628,5402,16274,-895,5935,4825,-2899,15360,10479,4491,1750,6938,14507,4260,8690,15414,5090,8554,14890,2160,6576,16480,1650,8125,18083,4545,7670,24469,3610,19024,38867,15060,17031,68245,5935,18044,35669,15930,16373,71972,4335,12837,1240,10941,4355,13978,2355,11277,7675,7200,6090,27356,10382,30009,5038,-1976,3337,-2899,5038,-2911
3/15/2024,2130,3027,271,2284,822,-1385,2263,2107,3451,1460,2310,-3428,6090,13002,21019,6160,7755,25681,10286,13002,26729,5415,11106,-1020,7045,1911,7868,8369,10496,5418,2130,2290,1834,2763,822,-1811,2038,2441,1805,1780,1417,-3204,6090,12872,28422,6160,6720,25963,10704,14358,30334,5415,11106,31504,7045,14583,31504,8369,11106,31192,2749,7723,2480,3312,2749,9948,1698,1178,9079,25513,9873,23188,17141,31123,6598,-3002,4777,8936,6598,-544
3/18/2024,313,-766,-173,1805,225,174,408,-1972,2821,935,152,-2470,-130,-2530,-2048,-1045,-2695,-6700,-1615,-1758,-6200,940,-3970,937,-959,-920,-4420,120,-2110,2903,530,320,-4972,1805,225,-2798,1696,-155,-251,1045,2045,-3280,175,-1955,-5848,3639,-4100,-12220,-1490,-2631,-11992,798,-5030,-7625,-270,-2631,-11255,1695,-5230,-7625,-1290,-1544,126,-1855,-1290,-586,1381,-586,-2073,-5324,-3235,-6572,-4304,-6120,-4015,-3515,1367,-4095,-4015,-4120
3/19/2024,-318,-1452,-1906,-365,-1361,-2119,-643,-253,-3558,-580,-2225,-2692,-331,-3880,-7000,-205,-3535,-6965,-1990,-1985,-8997,140,4325,-1793,-1270,-2400,-4710,-2095,1041,3578,295,-1365,-3928,-365,-1361,-212,-350,-1425,-2155,-215,-1555,-4611,420,-1765,-10195,815,110,-4785,1965,3175,-3439,1427,4759,14909,755,3175,-2330,640,5624,16499,-2453,-1456,-2780,-1266,-1451,-3347,-2860,-829,-4458,-8869,-4280,-7000,-6500,-8334,571,-6760,-2490,-5360,571,-6758
3/20/2024,745,3365,-4714,480,2730,-4555,730,120,-4899,-155,615,1535,750,2030,-4006,480,-2009,-6952,-1601,-1920,-8538,869,1176,-2911,-230,835,-3781,674,2872,-4804,745,3365,983,730,2730,1830,730,495,560,1025,3670,3310,750,2030,-3220,530,-2795,-1914,-3092,256,1970,230,1273,-19218,-110,251,2684,674,1203,-19701,-228,-5069,-860,1335,-408,-4997,-905,2015,1185,-8328,-3965,-6215,-2266,-8375,-2983,1070,-2859,-5445,-3093,-4249
3/21/2024,1480,-774,-4520,1070,-324,-3625,1136,-1123,-2192,1633,53,-3350,375,-783,-5370,1155,1129,-6990,-567,-1909,-7251,5615,8540,3517,350,-738,1487,7372,10626,-5677,1480,-521,-3978,1136,-324,-1789,1136,-1061,-4624,1718,261,-2274,375,-774,-7769,2057,1025,-12872,409,-1383,-7662,7317,8460,-11185,350,-1383,-7662,7372,10389,-10895,-1492,-4874,-1814,-402,-1421,-2649,-1340,-7,-3910,-8159,-2469,-5729,-4863,-8493,-6954,-106,1266,-2251,-6954,3334
3/22/2024,365,679,1385,-515,-1280,984,-139,-503,738,-640,591,-696,1890,2330,-3001,1760,1532,-1880,271,717,-5505,165,-2700,1689,1871,2375,-3106,-330,-2605,-2645,365,-920,1078,-515,-1280,-934,300,-2120,-1038,767,-1711,-1511,1890,595,4000,1760,1532,1717,976,-466,-2160,230,96,964,1871,-791,-2160,-330,-2600,3771,1076,726,-3240,-2574,-54,2836,-875,-2574,-4220,-837,-1650,1679,-1757,-2386,-5348,-5320,-4775,-3920,-5348,-4927
3/25/2024,3308,1919,-1695,3361,2616,-910,5648,2747,1296,1845,-100,2278,1575,652,-1317,1525,-1047,194,3968,-698,105,1058,-1254,340,2893,1684,-610,3319,-3607,-6693,1665,1425,-2993,3367,2616,-4038,3367,2300,117,2716,3106,227,1378,783,11583,1735,310,-49,4497,-1824,499,3179,-6234,-52029,1330,-1678,-1168,4275,-6640,-52786,3735,2076,2189,-1392,3881,2119,1035,-638,357,-3354,-2640,1367,-1731,-4861,-1698,-6892,27,-141,-1698,-2825
3/26/2024,1340,-4560,-3423,-269,-4182,-4761,-409,-4302,-4487,1170,-450,-4774,1265,-2489,-6860,2301,-1915,-1743,993,-1948,-8378,1951,5629,13862,1665,-2495,-3159,4832,5668,16150,1340,-4355,-8490,-269,-4182,-4425,-409,-4722,-7180,1110,-4330,-10050,1265,-3296,-13920,2301,-1523,-525,1420,-1654,-4393,1951,5486,50464,1665,-3057,-4478,5636,7405,50153,-1442,-5235,-4025,-7880,-2872,-5050,-1120,-5155,-1090,-8795,-1431,-1528,-393,-1112,10728,17009,2606,-4020,10723,15645
3/27/2024,300,741,-1227,2566,1145,-2474,1669,169,-3771,345,920,-2503,1617,2383,1223,2437,4409,-1394,5460,3435,3822,1490,2818,4414,1270,1940,839,1275,1007,5055,300,503,-723,2566,1145,-2740,1669,169,-5607,580,-1052,-2606,1617,3448,154,2591,5247,-2288,3358,8268,-1739,1490,6123,-43006,1270,8263,623,1275,9798,-44804,-1493,-4898,-661,-5147,-2829,-5133,-1096,-2756,2258,-2823,-1703,344,419,-4532,-2280,3323,319,1128,-2280,4178
3/28/2024,-249,-1788,-3948,-1940,-3490,-4270,-67,-1917,-3153,124,-483,-7280,7280,8076,3415,9025,11102,3849,175,3160,-956,4409,12850,2185,3533,5456,-383,12694,17530,-5019,125,-3420,-4398,-2480,-3490,-7280,-2480,-3440,-7600,-495,-3545,-7630,9063,14697,11924,9430,14207,4141,-616,15335,630,15893,13582,-20321,11108,16460,1853,16724,13582,-21370,2196,-3944,400,-6660,966,-4053,1369,-6660,8420,-1604,3820,-1820,2335,-3170,-3950,-4230,176,-1500,-3950,-7175
4/1/2024,974,-506,-4942,-850,245,60,507,-730,-1891,30,688,-3713,4030,2046,-3785,2615,2319,-1951,2286,254,3026,3977,7230,-1590,2725,1252,1905,5051,7215,-1043,1065,-1105,-1028,-1380,245,-2245,-825,-820,-450,165,88,-1668,4030,3760,2105,2390,1551,-7743,1904,781,-859,3977,8242,-35375,2725,676,-1724,5232,7230,-34326,-1133,-1333,-1572,-3710,-1327,-3080,-1722,-3544,-1658,-1864,-617,-2361,-3311,-5430,-3433,372,1402,2704,-3433,-1940
4/2/2024,140,-4579,-3877,-1985,-2838,-4748,-2260,-4490,-5436,-105,-2498,-7355,705,-3015,-6235,1444,-3232,-4742,-1999,-36,-4146,654,-3720,99,485,-2430,-2546,899,-1496,1047,140,-4375,-9695,-2895,-3595,-7355,-2860,-4710,-9695,-423,-2828,-6388,705,-6460,-20251,1444,-3232,-18966,-5309,-6342,-17094,849,-6435,-14263,740,-4926,-17094,1034,-6615,-13957,-3833,-7304,-4405,-4368,-3991,-5395,-3475,-4368,-4400,-6328,-1620,-6970,-5526,-7850,-4206,-232,-6165,-1648,-4206,-2485
4/3/2024,1443,-1890,4788,1170,-754,5202,977,421,8157,-285,-201,1080,850,-1938,-5546,-195,-1775,-328,549,-1785,-6382,-1315,-3149,-1635,524,-291,837,1340,-4319,-1667,-755,-1480,507,1170,-754,3292,-529,-684,429,-1560,-1677,-238,850,-4815,-12933,255,-4395,-14235,-5709,-5920,-18887,409,-14879,-70001,-2135,-6435,-18817,-5241,-17845,-70261,4201,6052,2536,4620,4100,10387,4579,4428,-4463,-6327,-1232,-34,-2739,-1658,-5953,-3914,-800,1843,-5953,-5029
4/4/2024,2415,5332,4718,3005,3302,6038,3045,3909,-4811,3550,5293,6617,1055,307,-1333,1400,-495,-346,444,-1104,-6856,4190,-6402,-2351,80,1809,1704,4200,6666,-6728,2415,5332,212,3005,3302,2210,3045,4232,362,3540,6354,6302,1355,25,3872,2045,-165,-565,765,1726,-4206,4490,335,-21026,1090,2855,-6253,1860,-232,-26815,3564,1633,1850,8805,3296,2537,6150,10405,-1950,-1418,-1337,742,2650,-349,-6998,-6986,3310,1526,-6998,-6986
4/5/2024,1485,2038,-2576,126,1456,-1897,1760,938,-2626,1535,2399,-1867,-165,1650,-685,-190,3555,-2777,1027,2512,-2048,170,3359,-2989,1808,2000,3618,-940,1968,-3008,1485,1696,-2718,126,1456,-2494,260,596,-1597,115,-1450,-8413,-165,1235,-190,-190,3555,-4337,-328,5767,-366,-996,3560,-32045,1440,5500,-4547,-1440,4904,-30287,1006,-2658,300,-1939,-114,-2333,820,-1909,1517,3060,-296,1502,6063,8129,-3553,-3885,944,3426,-3553,-4362
4/8/2024,602,2647,2470,1257,4737,-5176,1114,2895,157,-650,2708,-4722,3189,6065,16113,1475,4510,13751,2320,521,6866,4695,-499,1932,2925,5109,4144,3600,14327,-1409,602,2762,-4479,367,4737,-7203,15,2664,-6560,-400,3355,-4758,3189,6065,16113,2475,4510,10365,2093,4274,7848,4892,6485,6068,2925,12449,7044,300,7369,2085,862,-4013,1217,-7070,215,-2828,1840,-5560,4827,12940,4776,8483,4419,16755,-6605,-5410,4458,4414,-6605,-4868
4/9/2024,1373,4978,1813,2295,1153,997,2291,1901,-1092,1725,2241,3966,1573,2388,-2611,35,-1595,-2611,165,-1110,1552,-170,-1765,-2100,-155,255,-2091,-545,1075,-1476,1373,4246,-3264,2562,1153,-604,1658,2825,-5096,1455,1270,-8055,-165,4711,4935,575,-390,7737,3793,2310,1620,1666,4974,-28783,-70,1505,-4043,4313,290,-31696,3306,2046,1260,353,3899,1848,875,330,-3241,-1153,-3215,-3460,-2060,-5667,-6100,-3460,-3385,-2265,-6100,-3610
4/10/2024,1453,3473,6412,1945,2409,6812,2568,4485,5048,565,3132,5998,2735,9948,9557,3655,8319,11919,10846,7990,19013,2754,125,5060,3390,8980,5213,3330,842,5794,1453,3089,10285,1945,2409,12473,2568,3805,6038,481,1851,7694,2735,10408,12370,3655,8319,13844,9394,10999,18009,2754,5514,-6639,3390,10339,16600,3330,1300,-10837,1795,6155,1490,2655,1290,4927,0,7670,8053,7474,3147,10871,5083,3737,678,6929,5441,5317,583,2024
4/11/2024,180,-2201,724,825,-2845,2013,-645,-2342,856,580,-1345,98,-1515,-3820,-6925,-195,-1947,-6768,-1795,-1980,-8719,3143,9445,1837,-825,-595,-1058,5060,10034,20424,180,-1280,1130,825,-2845,1857,489,-1420,2374,50,-800,2717,-1780,-6200,-14325,-195,-1118,-2273,403,1832,-6346,3168,9564,35421,210,1677,-5650,5060,9823,32497,-102,40,-1085,-27,-488,-739,-1065,-1540,-4226,-8050,-1420,-2817,1366,-6301,7982,18667,-2797,-5375,7977,24771
4/12/2024,1265,-2880,-4896,-833,-2010,-4327,-550,-2230,-4557,880,214,-7695,2420,4614,896,3425,5302,9969,3703,-1737,12524,7779,9303,-1945,3875,-1599,-4760,7357,7190,-1492,1265,-3895,-9709,-1190,-2010,-10375,-1180,-4220,-9795,-640,-3175,-12575,2420,5080,2911,3425,6593,8769,4015,8445,13380,7779,8518,1176,3875,7805,11271,8535,9037,1956,-2921,-3427,-2675,-2900,-3271,-1467,-1775,-2375,-288,405,2070,582,8141,6712,-146,-6795,3273,-4100,-146,-1809
4/15/2024,700,579,3057,2096,2015,2731,1771,252,-2258,1290,2595,2656,2080,-4421,-4869,3210,1049,-6441,39,-1085,-8975,4730,7658,-2380,2999,743,-4750,8671,10669,4538,700,1885,4079,2096,2015,2647,2029,1145,2753,1000,1840,3501,2080,110,-21775,3535,814,-4312,-162,1043,-12182,4730,11555,52164,2999,-184,-12050,9151,11885,51269,-48,-170,105,2665,-1658,-170,1155,5770,-4340,-8690,550,-6230,1789,-8272,14216,12669,-5670,-4090,14206,27983
4/16/2024,4359,5805,8962,4050,5166,6533,5057,5452,9962,4660,3918,7420,1685,6040,20218,2268,4226,26609,5859,7000,39118,3206,7257,7423,3318,3508,5633,2593,6208,8197,3460,5965,12046,4050,5166,8165,4064,5400,10902,2860,4948,10987,1685,6040,31934,2268,4226,26758,5859,7710,36119,3078,8544,31544,3318,6715,33632,2593,7247,31244,5222,10429,5890,5137,5222,10504,3510,5137,10758,36505,5198,21877,11276,32582,6691,-1486,5812,8810,6276,-4778
4/17/2024,3240,7447,10026,4302,6764,12875,5244,8065,12214,2580,5535,12020,-225,-1981,-5924,2635,2452,2148,4975,-1550,-8840,9548,20971,1107,610,7068,-1565,11150,14860,11157,3240,8205,10026,4302,6764,11744,5244,8065,12419,2769,6620,12077,1165,2205,4790,2780,2452,8286,4975,12429,17458,9548,20698,31668,3435,10605,19986,11150,20726,30134,5345,11614,4049,11982,5515,11221,3469,12458,-130,-8025,2245,11935,13923,2935,10474,6367,-292,-3750,10469,23705
4/18/2024,875,1300,643,2760,595,3460,2675,2045,2057,1620,1923,3587,435,2595,-4461,340,1568,-1867,4001,1883,-180,3963,9601,4615,1130,99,383,1805,10106,12982,875,1770,-41,2760,595,2968,2905,2995,-595,2250,4277,3463,435,4020,-6902,460,1390,-2059,4519,7125,741,5880,5372,26961,225,6385,1066,3165,6126,28801,2653,1940,1905,5562,2910,793,2820,5562,431,1646,3230,-2086,2438,6417,17922,15814,2978,2523,17922,36041
4/19/2024,635,1261,-2674,1775,167,1931,1448,-575,-3352,1500,3223,-883,-1580,-3535,-6755,-1130,-3400,-587,1034,-1090,-8825,6235,13912,-1680,-1130,-1655,-4470,9201,9452,24786,635,2230,-5621,1775,167,-1369,1631,962,-7370,2036,4215,-4331,685,-4490,-15090,1070,15,6500,2965,1700,-4867,6055,12650,42383,1245,945,-493,9600,14086,44645,140,2750,-530,974,315,5663,-420,1033,-3820,-8680,870,-1837,-765,-8443,9698,42191,-4022,-4135,9688,36667
4/22/2024,1470,-702,852,735,1605,1084,1241,246,-1494,-585,260,-2280,1275,-150,3271,1310,-535,-1228,3674,-1879,-4789,525,-4776,-2675,1830,425,416,-2215,-4256,-6048,1470,780,-6774,1235,1605,57,1090,121,-4724,550,765,-3274,1490,137,2938,1275,-485,-4500,1360,-4153,-10591,2788,-5091,-47938,1830,-1909,-14034,-2645,-1469,-51827,-3733,-1419,-741,-1580,-2178,-3884,-473,-2913,2498,-3089,-129,93,-1471,-8034,-6990,-6771,-614,344,-6990,-7221
4/23/2024,2038,3783,7977,2453,4481,12028,3557,4605,9696,2493,5495,11208,2519,189,-3948,2895,4675,1543,8502,-1755,13305,5050,18702,-671,4276,-2410,-4670,9825,12377,717,2038,5520,8198,2453,4481,12057,3723,5413,11106,2558,4891,8315,3410,7139,9995,3835,7340,8112,9043,13535,19174,7724,20187,53109,4520,13450,21183,10305,20674,54772,-247,5431,2950,8550,1997,6408,2180,8565,809,-4643,2415,-50,-237,554,2768,-6646,-1641,-3940,2768,481
4/24/2024,610,199,-275,-975,30,-2625,1518,1390,-1819,1615,1021,-3393,995,521,-4036,-610,-3505,-3887,-1590,-2000,-6653,830,-4893,-1540,810,-2225,-4755,225,-2918,-6005,610,1335,-6117,-725,30,-5473,240,1565,-5543,605,-170,-5808,935,887,6895,1755,-1835,-7243,-1428,478,-4962,2651,-6760,-41994,740,343,-9801,2585,-7530,-42306,-1095,698,-1814,-1645,-1407,-518,-2270,-1645,-866,229,-1380,-3823,-2844,-7739,-4777,-5065,-2208,-4255,-4777,-4005
4/25/2024,1960,-325,-805,935,595,-1079,792,-3056,-2071,935,4097,-1897,260,-4299,-5925,1600,-675,-470,-357,-1935,-1926,3355,4180,1157,-1025,-1645,-2452,2445,-4130,-2515,1960,2207,-5567,1185,595,-290,1090,-815,-3549,1475,419,416,260,-3590,-6977,1600,830,6090,-917,5190,1110,3124,8002,2845,545,4625,-2460,2445,8965,2296,210,-6507,-266,-3909,-1677,-4856,229,-4926,-3106,-8424,-315,2192,-4724,-5329,-455,-5704,-2572,-1414,-455,-6031
4/26/2024,2047,1024,456,3465,3235,-3544,657,3745,398,4295,1539,-1733,2625,901,1802,3465,4543,12531,4021,7748,17608,1861,5527,-1798,1866,205,4344,5810,7384,-3681,2047,2351,1889,3465,3235,-811,2987,4415,1376,4535,192,1679,2625,2680,7723,3465,4543,12531,5063,9951,17437,3222,5855,-1973,3690,10003,17851,5810,5527,-135,-1021,1031,-1926,-2407,567,-555,-1816,559,2396,2172,733,3957,15003,14347,6172,-3895,15,4270,6172,-7102
4/29/2024,3945,11839,15093,6585,12675,8609,8361,11616,14458,3510,7660,14923,1675,12061,13036,2970,10440,17673,5755,9737,30538,6360,10550,-2970,4942,3764,2786,2570,9985,2472,3945,12248,13065,7678,12675,14620,8663,11930,12654,4015,12175,12733,1675,14590,30595,2970,12438,29856,7715,13870,36800,6480,12570,35684,4942,13040,37070,2570,13855,35271,6840,15215,11469,15927,7553,13724,7957,15927,9042,18604,2517,12980,12522,11354,1318,-429,3743,2507,1313,-54
4/30/2024,387,-915,-3715,371,405,-5240,522,7559,-5354,920,646,-4329,680,-1733,-4590,720,8987,5872,1454,-1991,7804,5580,10492,13110,1845,701,-1920,8074,9019,28168,387,630,-6574,1400,405,-2510,1518,553,-6150,710,-460,-5715,680,-2453,-8466,870,-224,6457,2236,12560,1374,5367,21142,48643,1845,12560,1473,7945,21871,49225,-3794,-5247,990,-1405,-1908,-2657,180,-1210,-4170,-5747,-525,-680,12501,-1495,12165,28554,-1264,1900,12160,29852
5/1/2024,2170,4246,17293,4252,5267,14773,4691,5373,16299,1470,4468,17333,3930,4525,7319,4036,10255,19571,5660,5048,18699,6662,9267,6386,5125,4754,3213,6576,9373,7427,2170,3445,16911,4252,5267,14533,4691,5729,16169,1325,2809,15962,3930,9450,28465,4036,10255,25360,8550,11340,29720,6662,5595,53028,5125,11340,30104,6576,6252,50987,6942,12459,6080,11473,3904,11830,4810,12123,5136,9979,4980,20757,8021,13503,816,13283,6163,3065,796,11450
5/2/2024,1460,1314,-1297,947,1780,5089,-964,3223,3939,1100,1550,3000,1776,3740,2062,-1075,1447,-5324,-908,1129,-923,4063,24,-2451,925,2250,2411,658,-2872,-7430,2285,2380,-1297,947,1780,4703,-380,3449,3496,1720,3170,1166,1776,4192,11467,-1355,1780,5713,254,3038,6224,3825,1892,-13218,1310,3351,7812,858,2366,-14773,-1398,-9,-1280,3113,-954,1,-1410,2891,-798,582,-4460,-6925,-3925,-1998,-6840,-6935,-306,-1028,-6840,-7440
5/3/2024,1719,5458,-708,1134,5152,367,2219,5653,1235,436,3525,-45,3240,7488,8936,4414,7138,7494,3893,9748,22207,4883,-31,99,3749,481,8314,6025,8975,-4210,1794,4571,4895,2566,5152,3026,3976,6403,5645,2156,5051,628,3240,7488,9819,4414,7138,17486,6558,10181,23231,3484,507,-12009,3749,9150,22615,6025,65,-11264,1062,-4123,-1133,-977,1915,-2800,-500,-1772,9030,15155,13733,6832,13067,22717,7345,-3434,-155,2450,7345,3293
5/6/2024,-500,-3616,158,-1040,-2689,963,-1007,-3030,-1198,-615,-1890,775,2,-4377,-6998,-510,-404,-5770,-1996,-1982,-8624,585,5776,5020,527,-176,-5012,1133,248,14997,-500,-3255,-1858,-762,-2689,3660,-948,-2784,-1243,-525,-2616,-1768,2,-7196,-31236,-360,-399,-8065,-5201,-2999,-26068,1155,5682,43464,2,-7948,-26367,1578,6123,43464,-1665,267,-2050,2575,-1690,16,-1950,2575,-4100,-6635,-2790,-4365,-5170,-7904,2377,13149,-2659,-2047,2377,13070
5/7/2024,865,2244,-1170,2700,4555,-2910,610,3162,-4706,830,2045,-4180,-229,-40,-2961,-560,1284,-4589,198,-144,-3340,2496,1325,-1780,2619,3526,6174,6647,3014,-6651,865,2450,-6831,2335,4555,-7602,610,3740,-9011,930,3140,-6996,-1790,2928,1921,-260,1058,4512,-1183,6858,725,9999,-8087,-29992,655,7551,725,8819,-7815,-29376,2021,-6800,-4075,-5287,-871,-4297,-2985,-5287,-1423,-5264,-2853,-2620,2174,-2874,-4655,-2232,5306,-1672,-4655,-4009
5/8/2024,2358,3426,5637,1248,5406,5343,31,5760,4203,2725,3710,4732,3517,1843,1092,1680,-296,395,1006,100,-561,1496,-1555,715,2636,-204,-3110,1875,1435,-5214,1400,3426,5637,1248,5406,2923,567,5760,2441,1085,2315,7438,3660,1771,13946,4095,809,9165,2058,2392,14011,4060,9158,6973,925,3625,14380,2210,6949,1627,3002,5309,5371,-1150,3066,5412,3910,-1165,-2379,9212,-1688,750,1287,4048,-4715,-4715,1031,-1733,-4715,-5250
5/9/2024,3891,7703,-908,42,7380,400,2270,6300,-320,1525,-1950,-3397,1836,11076,17935,5765,8175,12444,2818,10272,18870,5491,1181,-820,2452,9182,5685,7111,2056,-1456,4240,6495,5560,2645,7380,-1129,2900,6155,3340,3208,5955,-4015,1836,11076,21281,5765,8175,13106,3362,15364,22336,7225,9739,-13485,2452,15174,20575,8140,4994,-15515,2977,-5771,73,-6300,3117,-4178,-467,-6795,13859,9471,11455,2505,18013,2755,404,-1281,6394,497,404,-3409
5/10/2024,165,-2151,-3248,-1830,-2256,-4377,-1409,-3418,-3566,-595,-461,-5985,3469,616,-2004,5530,3421,-3251,564,2067,-804,3144,8028,-1391,3209,864,-1584,3965,7416,-4854,165,-4566,-3847,-3110,-2256,-4990,-3045,-5056,-5135,-1615,-3156,-6425,3469,288,4201,5530,3785,-5606,-2035,1734,10,4110,9755,-50052,3249,1254,-3337,4330,9403,-53583,248,-4215,255,-5822,-57,-3955,-1570,-3657,-1460,1440,1471,-2405,-2572,-1596,-3464,-3328,754,3933,-3464,-5910
5/13/2024,-1690,-1781,3134,1325,148,1068,700,-603,3519,-400,947,2858,8290,15288,17163,6090,7092,13593,5174,13766,21683,4445,18606,7378,10135,4508,3619,5150,12779,14350,-1690,-1495,10104,1325,64,514,700,-160,7804,-2065,-2105,7174,8290,15288,23425,6410,8804,21824,5561,18201,38423,4445,21555,66782,10135,18201,38423,5470,21610,66782,89,-456,2679,-5268,628,-2750,3960,-4901,19618,14513,14142,168,20665,12995,14143,-1133,14242,440,14143,1408
5/14/2024,660,1525,-452,-270,1625,323,-353,-1808,-452,75,-360,1521,-1270,-2708,-6920,-1115,-3691,-6986,-794,-1535,-8938,850,9077,-867,-1344,-2320,-2485,1385,6398,9722,660,1525,-686,-10,1625,2009,45,35,675,-610,1500,-361,-1270,-185,-7195,-830,-1176,-8491,-275,1968,-3049,1135,11560,27350,-620,1673,-4086,1910,11700,27350,169,-361,1655,3641,178,1311,2891,1558,-3617,-8892,-1885,-4480,-2148,-8417,11350,17792,-6095,-3890,11350,20796
5/15/2024,1886,1391,1081,1235,819,4822,-179,235,2502,2580,915,4381,-1660,-3990,-6480,3485,-3136,-5476,2296,-1990,-8994,3864,13044,6077,-925,-1660,-4655,5369,11462,29582,2160,2069,3023,1509,819,6237,1659,1964,3000,2034,2189,2359,980,-5635,-18395,3485,-1000,-1674,3047,1035,-5288,3401,12149,50749,1965,960,-4758,6499,13603,50749,1850,2594,416,4142,274,3055,643,4291,-4470,-8690,670,-848,1410,-1794,16328,27706,-6295,-3925,16328,25898
5/16/2024,-5,-348,-898,1595,-1378,-3381,4003,-927,-3372,-590,-1056,-3945,655,-3535,-4921,-60,-3736,-4707,-1606,-1930,-6131,-1340,-2711,7840,387,-1795,1535,-1920,-801,7741,-5,-348,-3864,689,-1378,-6996,-151,-553,-7711,-495,-1147,-8646,655,-7895,-14690,-1195,-8085,-9694,-2926,-11510,-17732,1822,-13190,-10121,-1680,-11955,-17732,-4035,-13190,-10121,-1875,-5062,-1651,-4469,-1773,-2323,-2106,-3674,-3548,-8727,-1945,-6906,-6342,-7364,-4160,-5795,-1951,1043,-4160,6731
5/17/2024,830,-610,2250,574,1549,7501,751,2209,726,1474,1651,6726,3110,-1700,-1889,4518,3989,4478,3539,-225,10019,8079,13075,-1351,1440,3043,1347,7255,13248,-1299,830,-526,5265,574,1549,9222,1245,1475,7742,1505,377,5005,2555,-2330,-8091,4518,3114,8993,3524,-1375,16782,7750,13733,92821,5835,-1375,15107,7255,13733,93842,6053,10489,4543,7628,6112,9453,2373,4072,-1685,-5870,6866,19213,10089,12570,13146,-4630,1438,8410,13146,2769
5/20/2024,2197,9142,3770,2150,8972,-2823,4083,11401,2929,455,5203,-3464,247,13903,18822,1657,16504,7624,8055,16408,33679,1691,21831,-1388,165,7743,2979,3962,14728,-4936,2530,9352,7362,4954,8972,-2667,5764,9621,4608,2305,6114,8555,527,14861,25261,1657,16504,11627,7447,26916,34278,2364,28293,-4054,1232,27376,34892,5737,26176,-3328,8637,-2202,9660,-7133,9092,34,9660,-4005,17105,6993,11939,-1703,20629,7401,6137,-5972,6397,615,6137,-5911
5/21/2024,395,-1092,873,-1433,-1732,-651,-2275,-2639,873,-450,-597,-3879,93,-4444,-6924,-370,-2165,-5548,-2000,-1585,-5957,80,961,955,1348,-2395,-4000,-275,1805,105,395,-1092,-2393,-1243,-1732,-524,-1460,-2352,-2018,-450,-1177,-2626,93,-8060,-21593,-170,-2165,-6625,-3737,-7122,-11145,-27,-288,28155,1348,-7452,-11145,10,57,31586,-757,4184,-887,3245,-757,3335,-892,3245,-4405,-8731,-4315,352,-6416,-1737,3170,-3325,-2704,-4680,3170,-3583
5/22/2024,230,1302,-4967,217,740,-4965,125,-70,-2417,-445,-265,-4525,185,-4365,-6960,-1430,-2740,-5995,-1380,-970,-8995,-1450,-5160,-486,-1260,-1860,-4355,-2425,-606,-7460,230,455,-5045,450,740,-3475,-300,-1185,-6160,-365,1480,-5003,185,-5695,-16708,-1970,-5575,-30150,-3450,-8930,-31251,-2456,-15215,-84211,-1035,-9195,-32030,-1425,-15645,-88345,-2905,1461,-3135,2072,196,5072,-1890,135,-4498,-4980,-4500,-2445,-6500,-6000,-6985,-5240,1504,-4355,-6985,-5606
5/23/2024,33,101,-675,1205,415,191,-954,1271,-5491,1715,1807,-2569,1195,3482,-926,2275,-751,4004,3546,5489,103,-355,3384,-610,1495,553,2686,-435,4139,5509,535,850,-1460,1800,415,-664,170,2390,-882,1719,-251,-814,1195,3482,-1216,2275,-751,5321,3546,6663,728,-355,3384,16982,1495,6946,-5,-435,3374,16533,1439,1700,2445,5394,896,2330,2585,5729,4018,-5735,191,6995,4925,4076,3541,4109,4316,7064,3541,10051
5/24/2024,1170,5901,8449,32,4767,4508,2681,5172,9261,975,6885,7117,780,8114,-1927,480,1215,-5934,-980,2675,-3881,3173,-3149,-1224,2485,1129,423,4500,-2272,-5847,1170,5695,8154,882,4767,4815,1387,5172,7924,1000,6382,8627,780,2492,-905,480,1365,-15625,-2048,-436,-10116,4002,-1473,-43811,1455,-1226,-16599,5120,-2920,-48376,4510,9277,5127,8406,4695,4937,4622,9126,5051,3985,-2190,-3366,-461,-2677,-5933,-4511,1898,1458,-5505,-3927
5/27/2024,1980,1644,112,1128,1473,2322,1768,1644,112,1350,720,3687,1670,-1840,-4055,1305,2740,3287,3767,680,6563,2805,12365,1705,1870,-75,-70,4735,8471,6397,1980,1644,5155,2720,1473,7581,2748,1644,5155,2235,2459,4513,1670,890,-1745,1305,2740,4598,3767,7920,6593,2126,12915,34231,1760,7920,6593,5150,12915,34231,1750,336,1038,2324,1750,-209,1038,764,-3884,-7815,-1390,958,-2531,870,29,4264,-1509,-1165,29,4789
5/28/2024,3615,10721,14255,4592,10117,18439,2660,6275,11441,5050,9579,11300,1600,6610,11787,2070,4629,11101,2695,6056,10864,7160,2285,-1418,3565,3082,3791,7370,3370,-4415,3615,10721,10745,3087,10117,11710,2660,6275,8786,3255,10952,8851,1600,8377,28667,2030,5180,25570,3919,5995,23987,7516,-3546,-8564,3565,5695,23615,2775,-5900,-8569,5812,6020,2909,10633,4455,7648,2702,11074,6874,13859,7968,11065,7845,7092,1034,-5751,6205,209,1034,-2056
5/29/2024,298,1946,1228,1026,2090,2460,2069,540,2173,65,3641,2018,2937,4582,9138,2679,4326,12055,1972,3979,3976,-940,-1655,3315,2312,1537,3749,-65,1990,2301,490,1946,1846,1026,2090,2427,2069,540,2319,-435,1926,687,810,6259,-4172,2679,4326,2766,729,5785,-9327,1201,2486,-19982,655,4985,-16482,-975,-3550,-32418,519,3167,-1411,4332,-936,693,-356,2133,8068,-649,4789,4763,9333,-1963,-990,-827,4779,9024,-990,1658
5/30/2024,2559,1439,-1917,1320,347,920,565,1530,-2377,2360,2446,2526,180,-4345,-6945,235,-3855,-6920,1813,-1964,-2533,3391,-120,-2619,188,-2219,-4410,4936,1283,6664,2559,2210,-1402,1320,347,453,565,1371,-2734,2312,2221,8394,180,-5219,-11909,715,-3625,-3146,3585,-1620,-2058,3450,-85,22671,1165,-1885,-4438,4552,580,18881,1636,5897,-118,6979,282,3757,1192,8914,-4297,-8955,-1720,-4475,-3709,-6825,661,17748,-6795,-4080,541,16557
5/31/2024,3282,-1001,2959,1602,3827,8074,364,1005,3876,1742,2793,7708,-180,-3986,-6025,-1120,-1224,16707,130,-1120,12404,1730,-2562,-2120,-297,284,-2221,-939,-2045,-41,3282,3194,-1652,1602,3827,6252,2435,1960,1721,4344,6881,6227,155,-2680,-8724,-1120,-2358,15175,1686,-2920,7688,258,1600,-21379,1457,-3050,4555,-939,-3368,-14989,-506,-540,2280,8217,161,2940,2660,7015,-1965,-7908,-523,-5753,-2386,-2197,-6674,-5513,87,-1997,-6674,-2203
6/3/2024,76,458,2546,-80,1235,3428,101,1909,4617,1265,1013,2741,-115,-4375,-6485,1020,-3170,-6485,-1690,-1110,-8815,2355,-1624,-2975,2115,-2335,-4175,-740,578,-4710,525,1660,4997,275,1235,990,620,735,1187,-20,-683,-6191,-115,-6850,-15930,1020,-2920,-15525,-3755,-4405,-6414,1471,6847,-11199,465,-5186,-11640,240,3834,-12852,1666,5319,3147,3907,1844,4098,1190,4201,-4155,-8500,-3985,-6485,-2510,-8500,-6765,-5540,-4329,-4175,-6765,-7215
6/4/2024,375,-2569,-855,278,-2527,-3537,332,-2326,-1281,765,996,-2883,1470,3602,4424,1560,1834,-298,2248,4713,2077,565,-705,787,1025,2587,1773,520,-458,-3008,565,-3995,-6380,-2100,-2527,-13298,-1185,-1787,-9749,883,-3652,-8752,1470,2869,4529,1560,1834,4669,3314,4326,2386,327,-188,13713,1025,3290,1398,520,360,14529,-3571,-2633,-1746,-5580,-2579,767,-1750,-4805,1852,3376,733,3862,1071,5841,-3143,-624,627,-926,-3143,-80
6/5/2024,430,-199,-558,1320,685,5363,-217,-230,720,1605,3130,5136,-1460,-3876,-6978,-325,-3982,-2511,-1899,-1801,-8031,2366,11803,4238,-1243,-663,-4695,3470,4897,22837,430,1025,1673,1820,685,5929,1458,461,1668,1445,4010,1525,-1075,-12215,-31005,-325,-5717,-3622,256,-6765,-24008,1890,12026,61155,-700,-7120,-23990,4001,12175,61927,1258,948,1089,9398,695,451,1071,8960,-4156,-8536,-4475,-1185,-6077,-4969,13749,27217,-6995,-3608,13749,30881
6/6/2024,1050,-623,-2562,-1048,-636,-1583,-813,1335,-937,846,110,-2283,5329,5785,14009,4419,11114,9078,7817,8018,20521,6226,26840,3047,6974,13591,3493,10266,26308,6892,1050,-623,749,-1048,-636,-2513,-813,1635,5167,706,-1814,1899,5329,8955,16955,5141,11954,12949,7751,12715,32531,6663,26840,47345,6974,11985,32111,10266,26840,47807,2587,-778,1449,-5244,1287,-1102,-790,-5244,5791,11183,1163,6638,8022,17218,2235,-3095,6867,-118,2235,-2620
6/7/2024,485,1597,2072,2522,1890,-1783,1514,2911,-2101,465,1264,1350,1455,2664,4257,195,6120,-1989,-340,3727,3248,-1160,3922,7486,-540,6732,3598,-770,6792,-2375,485,1869,1274,2522,1890,-897,395,2229,-2611,660,2002,1627,1455,3888,8850,195,6120,4112,-495,4890,3801,-785,7765,-27709,-540,4610,3376,1065,3354,-27709,-471,-3611,-1280,-6656,1914,-1625,-990,-6626,1760,3797,4705,-1340,5003,31,4783,-3925,4508,663,4583,-2155
6/10/2024,6245,7412,6650,6101,6185,3928,4521,7065,4745,5060,6908,4866,2715,4896,13434,3300,8737,21788,3746,7888,31073,5058,15277,287,3173,-2130,3690,2195,25459,-4801,6245,6789,9843,7005,6185,5137,5765,6883,8732,5515,6450,5397,2715,7804,32357,3300,10114,31333,4023,24486,42060,6410,20362,12329,3164,25181,43237,5861,19003,10934,5719,4186,4314,1958,5719,2120,4599,1958,4744,8846,13056,12748,16027,12021,3672,-1319,3563,4482,3672,-2335
6/11/2024,-578,-3173,-2228,500,-2950,-2757,305,-3173,-3948,555,-2105,-2346,-560,-1337,-5643,-160,-3105,-6869,472,-1991,-8961,690,503,3624,-1321,-1655,1081,1710,1248,19592,40,-2318,-4404,750,-2950,-4556,755,-2318,-4404,-490,-1985,-4991,-560,-501,-14066,-60,-2660,-8807,569,-2187,-12539,156,463,29481,-1140,-2732,-12879,2455,1105,30466,-157,-4436,-1242,-752,-252,-4915,-1215,344,-4068,-8488,-2625,-1636,-2693,-6763,3641,3715,-1813,-1799,3641,3860
6/12/2024,3575,8836,19728,7100,9345,28233,8445,12455,20480,3545,6330,24698,5115,18869,36997,6845,16922,37709,9030,14702,37291,7095,13514,5487,5336,11745,7588,8640,20615,10580,3575,8485,22680,7100,9345,28623,8445,12455,23430,2155,6675,17497,5115,19721,49293,7960,18572,55646,13705,19203,50085,6249,19518,77584,6064,17658,51510,9205,19826,77584,6659,11695,573,16193,5149,11540,198,13403,18370,35744,20555,41307,23353,42373,15029,3008,9400,12274,14879,11984
6/13/2024,1877,1202,6089,2941,2307,4436,2781,1229,2639,700,1200,5514,713,-3682,-5099,247,-1856,-5903,-1802,-990,-7552,2898,3999,3034,1421,-442,3414,5037,-4271,-5098,2270,3200,9100,2941,2307,6127,2172,2277,6100,2065,3580,4533,713,-7087,-12565,247,1211,-7317,-3900,-6182,-12202,3815,4486,-4041,648,-4417,-12517,5037,3166,-2803,1358,11346,1344,-430,895,9652,1334,-430,-3010,-4907,1185,-3763,-6472,-4913,-3467,-3143,419,2563,-3467,-5322
6/14/2024,-814,-2223,-2470,-1303,-1285,-3484,-1303,-2566,-3212,-305,-182,-2129,1005,825,-4688,620,2990,-2860,598,682,2419,1280,9058,1686,1285,-1980,977,1665,6459,7085,140,-2223,-2481,-1303,-1285,-3617,-1303,-2549,-3635,-1025,-2588,-4158,1005,-245,-9148,850,3318,1069,68,1430,1586,968,8734,39802,1285,1430,1586,1815,8992,40542,-283,-2842,625,-1400,-562,-1201,2059,-1474,-511,-4792,4785,1639,2176,854,15842,7105,-2254,710,15842,7438
6/17/2024,2775,1169,1738,2980,428,5743,2062,172,2423,3545,1261,5393,-1925,-3950,-6965,675,-2995,-6240,274,-1785,-8971,5245,-1490,-2925,90,-2065,-3930,4925,1021,-6985,2775,1698,3937,2980,428,7569,2620,1050,5010,3688,4805,6796,-1540,-5780,-11550,325,-3435,-7695,1353,-6820,-18736,4026,-2211,-21453,1085,-7245,-18070,5825,-850,-19926,303,4294,396,6725,-1308,3818,292,6043,-3855,-8077,-4170,-2921,-6184,-8491,-205,-6915,-1732,-4820,-205,-5494
6/18/2024,2260,2449,3988,1908,10951,-117,303,3239,2639,2190,10381,-1408,3620,7011,12900,2550,4694,7546,2630,15397,7404,3806,6305,-509,3383,1438,7946,1925,4929,-2125,2385,2157,2714,1908,10951,-2996,253,3621,1799,1178,7860,2522,3620,7819,22692,2550,5357,10962,3523,17895,20466,3588,6565,-18458,3975,18226,21026,1975,6375,-21086,3560,-281,6143,-4005,1920,-401,6438,-2525,7746,9731,1707,-4640,3576,-4635,-4505,-2823,3506,3484,-4505,-4092
6/19/2024,690,45,3950,1425,870,3075,1425,870,3035,850,655,3075,2330,1940,7085,1325,2050,8326,5670,3550,14672,2255,6830,3545,2115,660,2420,3620,5445,10828,690,45,3075,1425,870,3075,1425,870,3075,655,45,3075,2330,1515,7285,1325,1525,10778,5670,5560,15155,2850,6830,21725,3405,5560,15155,3620,6830,21725,-3430,-1774,-3430,-3505,-3430,-1774,-2820,-3505,1775,1390,2165,2130,495,790,-1065,-1920,630,1315,-1065,-1920
6/20/2024,1250,4451,8694,2168,3781,6296,463,3481,2622,-710,2783,1477,-585,-3635,-6440,2920,6770,12650,3194,-1815,3354,7420,24087,3598,1805,1418,-4505,9300,21717,47372,1250,4451,1675,2168,3781,3567,596,3315,5415,2695,1121,1525,285,2178,1681,2920,6770,12964,3809,6449,13502,7420,22360,52324,1930,5709,12409,9300,22272,45449,5200,5904,3798,2263,3498,2400,2473,572,-2122,-8638,3780,16604,9064,12827,11633,35194,3939,-4050,11628,36750
6/21/2024,4637,5491,3855,4191,6829,287,3232,4863,-654,3915,6126,-2537,5177,12322,14172,6980,9335,4793,7966,5830,26918,6595,940,2333,3258,7685,6217,7221,3760,5864,4006,5322,3884,4191,6829,440,3599,5118,4524,4625,5811,1840,5177,10379,19963,7732,13091,13918,8571,17071,22973,9541,9124,-1861,3680,17071,23732,9448,9666,-1251,3268,-3419,2204,-3522,2428,-1640,-164,-5978,9078,20796,-2445,567,5055,12259,1611,-5315,8283,10615,1606,-148
6/24/2024,212,345,-2541,605,-1478,613,-31,-1096,-3570,500,1031,818,805,1395,-5142,1603,1897,4235,1994,2919,-63,3632,7017,4718,1560,2603,-739,5087,3244,12919,595,840,-2685,905,-1478,1923,895,-232,-651,515,-474,-352,805,2214,-1889,1603,1897,6885,3185,3505,291,3829,6056,44220,1560,3817,4088,5087,7152,40799,-1120,349,-320,1410,-2540,3239,-446,4072,3178,981,4133,11643,6257,5980,7955,25341,-466,2411,7945,24569
6/25/2024,1600,1957,2714,-560,1338,4658,-704,194,1221,-540,989,3326,2248,-1900,-4572,1910,3139,5165,2334,-1722,6702,1665,8787,7535,2538,4088,-1123,2715,4951,18016,1105,2399,4881,-285,1338,4698,-145,520,3021,-585,705,3529,2248,4816,-1901,1910,3139,6560,2899,5220,15331,303,8407,61166,2803,4983,17523,2348,9876,61915,1506,5899,517,3820,-487,6025,442,3820,-1862,-4023,1900,5542,2936,7235,12844,17843,-771,-648,12844,16828
6/26/2024,1309,3709,-657,2265,1549,-1559,1925,3374,1271,335,1703,-875,2762,7105,24275,3037,4740,6207,5920,1099,19951,1357,3272,-2946,3087,2380,2509,1130,3987,-1608,1590,1832,4597,2785,1549,-1795,2195,1864,2069,1615,852,2747,2762,7105,26335,3037,4943,10433,5920,8458,22775,1490,4401,3648,2480,7948,23297,2785,3739,4881,4647,4142,1985,6282,1768,3905,4875,6282,7819,12729,1399,439,5884,5013,-2670,-4976,2897,2570,-1770,-3481
6/27/2024,927,1124,-16,-325,1321,-3749,1474,3753,-2003,30,-1460,-7940,2464,16562,16224,730,5137,-4631,1112,9221,535,1526,-5538,-1540,1645,10580,-1965,1235,-2852,-7021,839,-945,-3878,-500,1321,-8760,1300,1463,-5468,567,-1672,-2991,2464,17858,24271,1495,5137,-3273,2189,16149,-4944,1766,-4989,-51865,1645,15064,-5474,1166,-5885,-51025,1488,-6724,-1140,-7510,114,-4273,-1330,-5377,16697,29899,1253,-750,10687,10948,-6770,-6713,1415,8053,-6770,-7140
6/28/2024,-8,3127,1901,942,1615,4889,-355,2816,-1939,430,4907,5080,1210,-3675,-5449,1341,2752,-6399,-1518,-1878,-8043,-1215,-6210,2841,324,-1833,210,-2285,-2315,106,85,3496,1901,942,1615,4889,399,3471,3937,710,2677,2213,1210,-4970,-16133,1341,2752,-5328,-1061,657,-17081,1631,5756,31076,251,57,-16883,5206,3174,27352,2025,5930,4323,10097,4661,8535,1548,12537,-3695,-7245,-1357,5674,2775,-8244,-1485,34910,-1510,-5265,-1485,23292
7/1/2024,-887,-1222,1585,990,-866,2814,-330,-1440,-2350,505,1034,2795,1060,-987,-2936,-1135,-2546,-6540,930,-1939,-3125,380,-833,4233,664,-2040,-1975,35,1444,-2225,725,561,1783,990,-866,-68,535,-945,1298,1099,14,1557,1060,-900,-6923,-540,-2371,-903,1059,-1823,-5438,-365,-640,18977,704,-2961,-5183,-91,-484,20316,152,-648,-381,-63,-1826,-3682,-146,3610,421,-3579,-4005,-6860,-2450,-4806,322,-6206,-2520,2660,322,-3700
7/2/2024,-79,-1100,-3099,1045,-1235,-1339,-554,-2510,-1621,330,2747,596,941,-2394,-6907,1955,4415,1658,-1113,-1960,-6403,1121,14156,12267,2160,-2371,-2514,3925,10098,22272,290,-645,-1394,1045,-1235,1030,230,-550,-835,275,-195,-1671,941,-553,-19097,1955,4415,2191,-646,3958,-10607,1121,14730,59154,2160,3043,-7262,3925,14969,59154,-2335,-4799,790,4099,-473,-4620,126,3841,-4430,-8745,2820,3272,-2081,-7156,16476,27931,-1230,-5475,16476,29261
7/3/2024,1630,2058,3780,2770,3943,5230,1758,2836,4206,2130,3485,5709,1385,-4495,-4175,1385,2370,-4695,-745,-1125,-8990,3265,6613,453,3035,-2250,-4715,5446,9134,7677,1630,3355,4086,2770,3943,6533,2842,3423,4631,1865,4185,2586,1385,-10145,-20510,1385,2370,-3620,175,-5410,-6915,3265,6184,25449,3035,-5385,-6915,5446,6613,28239,3098,4792,4042,6979,3507,2451,3133,6979,-3890,-7785,-3270,-6360,-6374,-8500,5461,13582,-6740,-3965,5461,13571
7/4/2024,1925,4520,7021,4135,5224,8053,4480,5314,8053,1920,2680,9695,1575,6890,8780,2340,6635,13125,8350,8265,20645,3745,6370,2995,2605,2080,1175,4520,4670,6435,1925,4520,10213,4480,5224,10213,4480,6124,10213,1720,4170,10213,1540,8205,11200,2420,7490,14775,8785,14775,22790,4745,18345,39010,3095,14775,22790,6655,18345,39010,-1957,-2162,-1235,-3570,-1957,-2162,-200,-2435,3700,4125,1775,2355,940,2105,-3370,-2095,-530,-170,-3370,-2095
7/5/2024,250,-611,836,425,-582,2717,-1079,-1768,1303,930,-768,2985,2315,-2640,-6915,2220,-3230,-1933,1015,-1455,-8392,5455,12788,2368,4540,-2085,-4660,6305,9484,15820,250,227,1779,782,-582,3963,741,-133,1734,555,278,2117,2315,-1483,-14462,2185,495,-2097,1505,2384,-86,5230,12620,42689,4540,1854,572,6445,12788,46492,221,2587,2287,6517,-50,2582,1610,5884,-3860,-7385,-2437,-2340,-4387,-8355,7547,13125,-2266,-3975,7547,21250
7/8/2024,1361,2700,-1609,-363,1834,-3884,-918,-1415,-2611,965,1592,-4980,955,3730,21776,928,2276,11554,2963,3698,22919,3477,-458,-2140,3684,-847,7914,1427,3119,-6194,160,2700,-669,-363,1834,-4646,-918,-1275,-3320,75,1541,1069,955,4725,32360,180,1365,16183,3174,3932,32599,3608,67,-3426,3839,3910,32599,2617,-2595,-3426,-1133,-5734,-2720,-6790,-1244,-2988,-2641,-6070,9199,23962,1566,6467,6406,16306,-6897,-4165,6714,11206,-6897,-3175
7/9/2024,344,2315,-825,150,2547,2672,-71,1634,-712,495,1685,2709,1501,-3835,-6665,335,-2580,-4817,-1295,-1825,-2933,2119,-4323,-943,3150,2860,-3515,1066,-1828,-4163,550,2998,7450,150,2301,4397,135,2288,7300,60,1910,6180,2940,-3188,-5862,335,-4485,533,-1356,-2590,-1394,2119,-5744,14607,3150,-2890,-1080,1091,-8668,17979,856,4915,1078,2912,-296,3620,1078,2912,-3855,-8850,-1000,4795,3796,10543,723,-6863,-2554,1440,723,-6635
7/10/2024,545,1630,-103,20,735,-4085,-500,-420,-1921,55,-240,1584,-165,-4025,-3267,-585,-3916,-4384,-1966,-1219,-1550,2202,5985,5468,385,-517,-2128,2085,5117,-40,545,1630,3820,270,735,5038,325,1085,2030,214,-152,4229,-165,-6155,-16259,-410,-3630,-7016,-1771,-3205,-1996,2296,6255,37152,260,-3205,-2106,2725,6493,37623,-652,1635,630,5537,829,-715,-160,-1826,-4195,-5486,-4405,-2670,-5148,-3140,7439,12678,-1499,-1449,7439,14971
7/11/2024,1415,1855,820,2758,3305,1447,2381,3568,-1715,1910,1065,2019,1740,-4365,-6510,2410,-3460,-6987,2327,-615,-8894,5564,7007,-1185,4415,1065,-4195,7132,6847,19523,1415,1855,1361,2758,3305,1549,2357,3318,-1095,2560,2578,2971,1740,-2370,-9740,2410,-440,885,4180,3905,-860,5564,5711,40795,4455,3590,735,7132,6847,40236,-378,-632,-1524,2281,-3007,-295,-1584,2136,-4115,-8415,-1305,1107,1518,-8264,13592,23881,-6130,-4075,13592,29700
7/12/2024,3429,6917,2541,5824,1500,10180,7373,4523,4415,3835,3670,10398,1105,1914,487,725,-435,-3199,8719,2136,2743,2005,-2069,2267,3005,2262,-1687,5265,-1641,-1982,2935,4125,8185,5412,1500,12320,5212,3090,7803,4461,4139,9551,1105,92,6033,300,-975,-3286,8226,-1120,2274,2408,476,-251,3005,-1165,1381,5265,-3060,-296,7251,9213,105,19579,1671,9521,1890,11549,-259,-426,-1730,-4936,1411,7158,-5854,7071,3183,39,-5854,7925
7/15/2024,2925,5767,14082,3703,7310,15750,6313,7755,15766,3282,6802,18748,1705,4520,7400,1510,4048,4572,230,2220,9553,475,7781,-1041,1661,3625,177,-560,9796,-5801,2925,4968,14126,3703,7310,17347,5925,8817,15526,2717,6455,14381,1705,5802,11743,1275,4048,17107,2080,8452,17298,3185,9544,35095,1861,7307,16395,1315,8125,38024,7846,8617,8031,10174,5809,10686,7225,10805,4538,12931,7328,24273,8233,1318,10036,-5005,1054,386,9896,-7427
7/16/2024,156,-330,-2328,-653,190,839,-781,-2707,-2830,-580,3851,-1668,625,1501,530,770,171,-4784,3361,1927,3829,1355,2894,-1199,915,3072,3315,510,5198,-3372,725,545,-3205,-653,190,-4745,-1497,-3625,-4460,475,1436,-4666,625,1501,-601,770,171,-8197,1980,3631,-5650,1355,3238,-15414,915,3043,-4189,510,2894,-17298,-1006,-3847,400,-3088,-2302,-32,1148,-1313,80,-2104,-473,3542,-676,-166,-2480,-3877,-196,2745,-2480,3048
7/17/2024,1392,3160,262,3382,2643,2243,2284,1484,617,1192,1473,2893,1113,-3798,-5925,2802,1178,-293,4006,699,1457,5163,13838,-1212,2183,-314,207,8053,13350,23687,1392,2615,2559,3382,2643,3593,3140,2787,1192,849,1568,1602,1113,-367,-2535,2802,1178,844,5529,3523,4497,4891,11961,54107,2183,2968,4496,8198,13838,54333,5001,2121,4971,3629,4422,1208,4870,3640,2512,-3849,6000,-1135,4369,12803,19542,21662,-1489,-402,19542,26901
7/18/2024,1561,5872,17984,4570,3410,7422,4736,5884,12909,1489,2737,17566,890,3177,-6965,1025,401,-6965,1699,4681,18445,3313,10866,-1625,2443,1146,-4715,4798,5832,-3827,1561,6677,17321,4570,3410,14384,3431,6337,12027,1799,2172,15356,890,3410,21494,1025,401,27427,10392,8912,33271,3318,6663,55149,2443,7552,32032,6635,9925,57756,7632,14087,1675,13953,7327,10327,3129,13062,768,3434,5079,12102,5068,24511,14321,-3753,170,-4045,14311,-1488
7/19/2024,789,2123,-665,1422,-1334,3727,3044,2402,2290,380,-75,3618,-128,-2585,-6620,3300,4159,-3613,2781,-1440,1541,3697,16265,-2130,460,1400,-4255,6038,11070,512,320,70,2051,1422,-1334,4206,1547,1885,5691,1235,-1095,-68,-128,1955,7815,3300,4159,7615,3160,8300,12227,3292,15938,33050,650,8226,11157,6038,16035,32831,-102,-362,-38,405,2586,1474,97,-164,-2500,-6060,8760,3249,-478,6358,17200,-4578,736,-4020,17200,18944
7/22/2024,3435,5506,5417,4063,5543,6854,5262,4129,4163,2535,4615,12951,2562,7427,5825,1590,2353,9139,3757,5728,3175,2850,766,2268,2065,4027,7251,-1085,2942,924,3435,6286,7198,4063,5543,8779,3313,5569,7615,3921,7324,9168,2562,7427,12995,1590,3703,9139,4028,3871,2544,2647,-8120,-30916,2198,3716,2165,-1095,-6925,-30200,2481,5369,2074,7342,1926,1275,1058,7761,5473,2852,4415,-357,1998,-4146,-5899,-3395,7138,5492,-5899,-4303
7/23/2024,1726,688,1501,1299,-1908,-5785,1240,607,-2579,1795,2450,-5165,2345,8389,14027,1485,1813,11106,4655,9031,16950,1575,-440,-2947,1206,3380,10988,-415,2440,2078,2030,784,-619,1299,-1908,-6505,1541,721,-4060,2095,1010,-6684,2345,8389,12831,1970,2023,17962,4655,9357,16950,4196,5921,11459,2270,8533,17705,2225,4781,5919,3940,-2418,2661,977,1605,-422,1340,-2291,10691,18209,8496,19067,9831,22620,1574,-1151,2504,8384,548,4216
7/24/2024,2185,3410,5158,3045,1047,9003,3558,1469,5421,1530,4871,8922,-1150,-4477,-5785,-45,-1101,-6967,-133,-1406,-8790,5045,9168,16165,1510,-1510,-5775,8223,4712,37616,2185,3577,5204,3343,1047,9505,3558,2529,6862,2845,4654,10289,-90,-7810,-24605,470,-2129,-7740,93,-1835,-14740,5160,8150,50918,1645,-3000,-16980,8223,8748,52011,3413,12629,2990,12924,1157,12629,715,12184,-1954,1036,-4280,-3874,-949,-8394,15425,44657,-6430,-1295,15425,40242
7/25/2024,1305,2590,8760,2511,2620,7705,1591,3214,1659,1915,1004,8175,1040,458,366,1370,900,1827,112,1305,368,3025,8088,9785,11,11016,729,3790,3900,-1373,1305,2799,6801,2511,2620,7705,2516,4799,147,2055,2797,6940,1040,466,-5278,1370,900,-1914,707,1828,-5317,3025,5824,11246,850,2463,-7855,4200,8575,427,6512,5234,2450,7711,6974,560,2775,6431,1346,-1939,1015,1266,3754,5305,17339,9495,3676,-671,17324,-1897
7/26/2024,2855,4532,3685,1396,4341,2680,3212,2656,2587,2885,4619,-872,1725,2211,6188,2625,4787,-3744,2300,906,5061,3800,5985,4202,2300,159,2904,1850,3419,3767,2855,4725,3933,951,4341,-3587,604,2514,-6027,1905,3528,-298,1725,3064,9906,2625,4787,-3291,2300,1691,16,6259,287,-19559,2300,2671,1355,1925,925,-23068,-1003,-957,-659,-7839,-54,3191,-538,-5237,5461,16756,193,-1654,666,604,-487,-2984,1087,6602,-492,4757
7/29/2024,3417,3700,-4935,-1180,1483,-5150,-1450,1068,-5355,330,1985,-5221,690,4288,-2077,925,3520,1115,797,2883,-4973,2610,-17,-1728,1908,3255,2315,2108,1363,-7478,1460,2527,-1137,-865,1483,-10650,-1540,-2690,-11785,1620,-1837,-11625,690,4288,4327,925,3520,-894,546,2900,7758,3675,7100,-2322,310,65,3237,4660,5630,-2453,5174,1416,778,-6520,-4325,-1768,-802,-7025,7201,5854,2455,-531,-1273,-4155,-735,-6530,3293,-319,-735,-3593
7/30/2024,2311,3272,7575,4544,2210,8733,3597,1529,6919,1966,1495,10486,-1490,-4300,-6705,-1405,-3375,1759,-1545,-1110,-7960,3946,9267,-2095,-1140,-2245,-4400,7861,8684,2158,2311,3345,7575,4544,2210,9559,3597,2374,7675,2931,4247,11762,-440,375,840,980,3129,10468,3062,3755,5775,4903,8322,17033,340,1225,731,7861,9057,18122,8166,14143,5792,20030,5713,14531,5986,16908,-4235,-8985,-1326,3988,4284,-7430,5272,4325,-6305,-4400,5267,4262
7/31/2024,820,1437,8847,3565,3535,6969,2894,1390,4063,-585,3326,11564,3273,7051,1017,2960,6059,16822,6973,1686,19497,5893,6165,7476,5949,8201,-1276,7119,1935,12484,170,1501,9050,3565,3535,11066,2671,1665,5493,3137,902,10660,2810,11191,16852,4165,6345,22332,11000,11159,23177,5452,4800,47666,4091,9496,25154,7119,6513,50158,4173,7781,1929,9122,2837,8219,1110,8553,6294,4371,6151,11566,14191,15793,11024,11961,910,-1345,11019,928
8/1/2024,515,97,-3830,1085,-230,8181,699,3393,2922,1535,1140,9360,-1545,-3585,-6020,285,-1230,-6823,-666,-1415,-7434,9935,12168,-2880,1980,-1825,-4490,10225,12118,17000,515,715,2693,1085,-230,7581,1094,1900,3803,1760,1025,9583,40,-5670,-17885,285,-2175,-4510,2971,-750,-11606,9935,11783,18812,2670,-2130,-15330,10225,12068,18974,2310,3498,2248,6623,4333,3250,3060,8206,-4116,-7134,-2569,-6217,-609,-7363,8279,-6650,-1151,-4055,8279,-2562
8/2/2024,-215,940,558,-700,-1648,-4174,2013,1723,2790,-325,-346,-2174,2775,7993,9546,2980,5520,7437,4601,-1090,11479,3245,8506,-2065,2885,4920,787,3566,-962,-5410,-215,455,-779,-200,-1648,-5235,-235,-2455,-6290,-915,-1550,-3780,2775,6528,10771,2980,5520,11519,3556,13095,17606,3245,11707,-9915,2885,12260,12923,3566,8501,-11437,502,-6340,503,-4209,837,-1611,39,-3104,9345,11536,5158,17523,7805,13845,-4898,-4115,-2125,1987,-4898,-4965
8/5/2024,970,134,803,2330,3987,5032,1663,1253,6326,535,2170,-4080,1025,3433,-894,1140,1914,5071,981,-1146,159,3635,12517,-2360,4890,2035,-4670,3065,6472,-2145,970,685,803,2330,3987,5032,1535,1280,6326,785,100,-1795,1025,-695,-4825,1140,1914,-9107,1530,3527,2269,3547,11019,-10319,2380,2705,-1917,3065,12032,-7420,1934,3190,4398,7834,3790,9225,2040,3600,-1525,-4935,-1435,3550,-2015,6423,7783,6271,4304,-3880,7723,2466
8/6/2024,785,-1144,3035,2240,-853,1923,2014,4513,7281,-580,-270,41,1185,3291,-935,2275,2032,4920,7197,-1075,20541,5248,7822,-2380,2240,-33,-1425,6905,900,37360,785,-150,-2907,2240,-853,-773,2170,-1008,8364,1575,695,1784,1185,3881,6843,2275,2032,4920,8220,6815,19434,7380,9825,1467,2240,6455,21114,6905,9437,2648,-140,10257,2221,1834,3143,12384,2436,1166,1850,5098,1495,17027,12097,22113,2019,9562,1869,4140,2014,16411
8/7/2024,2475,4908,276,2680,4795,4163,2456,1534,-543,3720,6365,1821,650,456,-6421,1378,-3285,-5054,5221,-1260,-8234,6105,10838,-2905,1384,-705,-904,7380,8845,-7120,2660,5470,-3085,2680,4795,2857,2895,1697,-1781,3240,5820,2932,650,1106,-3964,1693,-315,-9832,3778,3646,-5483,5524,9167,21500,1715,2811,-7862,7945,10643,11015,2879,-207,3165,2205,1265,-1345,5040,2334,-2858,-7429,-3880,-6035,-1533,-8389,8925,-6652,405,955,8915,-6887
8/8/2024,1826,3280,2672,1227,2870,1081,1076,195,-65,1400,3372,274,1337,5241,13550,1710,1981,7098,4720,5377,11419,2289,-3601,-525,2455,4695,4567,956,175,3600,1950,3040,2701,1477,2870,283,115,1455,-2814,790,210,-7367,1337,5241,12982,1710,1981,7098,4481,9176,11419,1516,-4945,-4688,2455,8801,9578,956,-3150,-4998,1976,1889,-505,-2716,1062,-1306,950,299,10551,16583,4623,9041,7942,15012,-4259,-4315,429,2944,-4259,-1327
8/9/2024,253,-1242,-1204,-1110,-2545,-2381,-425,-919,-3762,-175,719,-5569,1421,840,9423,1840,3076,8655,1467,896,8177,1845,8600,2294,1583,604,576,2220,3583,1381,555,-3440,-11312,-334,-2545,-9035,-442,-2520,-8145,461,-3650,-11465,1430,1455,6681,1840,3076,6966,2335,1585,9000,1614,4343,13361,1825,1267,7636,2720,5079,13941,-3444,-4923,-2965,-3563,-3032,-2133,-351,-5085,1184,5160,7770,7510,15,9841,9133,128,-1545,-2831,9133,-2113
8/12/2024,1695,2987,-2992,-814,1277,-3038,5520,4626,-1961,1670,1403,-6197,1300,2978,-1909,630,5887,11782,2514,470,-2449,4482,2797,8263,1225,2213,847,1038,9669,-5781,1695,970,-1891,417,1277,-2615,1299,2294,-3160,650,-2310,-5745,1300,2485,-2190,630,5887,11090,-1225,6200,13181,4237,6467,28017,1225,6535,6278,1700,6496,24773,762,-5543,-2145,-4133,-540,-2569,-2275,-6159,4946,48,10456,9379,13867,-6046,-6330,158,935,-2843,-6330,1249
8/13/2024,1029,550,2405,1733,895,5563,-106,1362,1658,1963,2552,6053,820,-4225,-7000,-425,-3560,-6900,2252,-1530,-8764,4970,10895,6068,1751,-1960,-4685,7240,7527,22456,1110,1795,1855,2028,895,6393,1664,1566,2716,2197,3972,5815,820,-7630,-14805,130,-1900,4280,3000,-1620,-1815,4763,10674,60891,1910,-1870,-165,7240,11727,62623,-1716,4533,-366,7798,309,3982,-886,8663,-3895,-7785,-4440,-6931,-5703,-8497,13523,14663,-438,-3890,13523,13418
8/14/2024,1788,6174,5955,1936,1315,1482,792,5877,6876,2473,819,5131,2703,5989,15480,1828,1212,6811,3154,-906,7827,585,-2620,-2968,6844,1113,840,-302,20,-3556,1480,2552,6722,1936,1315,3535,698,3062,8097,2005,3816,5787,2703,5989,15460,1558,1212,6811,3482,2272,9444,3200,-5363,-3976,2638,1752,9088,-1222,-5566,-4198,4939,8848,5837,6768,1231,9824,1416,4163,4361,12717,888,2033,1776,2634,-1771,-6782,889,758,-1771,-3457
8/15/2024,3711,10184,8408,4394,7480,6470,3184,7433,8822,3635,7574,6502,4260,-1571,7168,2280,6661,10937,4871,-18,-4577,8575,2948,-712,6867,-1815,-4700,9806,2028,8734,4640,10184,8604,4394,7480,6470,4267,8137,9187,3775,9941,8917,4260,5495,1222,2280,6936,11170,6109,10607,9325,9143,2580,26307,7225,11590,9325,9806,2948,28936,7333,7478,6005,3174,6699,4729,6025,3204,-3945,-7890,3025,5820,-2585,-1261,8785,9894,-6795,-3940,8785,-2048
8/16/2024,1780,3759,5654,920,1572,1879,3085,3589,4403,2260,4070,3879,2960,888,-6557,2465,-1356,-4180,390,16,-7313,-220,-5873,-1742,1825,830,-4685,-1070,-3934,-6126,1780,2182,7972,1570,1572,8053,785,2012,8623,1713,3271,11198,2960,1219,1922,2465,-1150,-11995,914,-2295,-6353,94,-10623,-38045,1825,-2210,-10974,-2170,-12468,-38800,175,6085,-1746,6584,-1081,2525,-1309,702,-2415,-4511,-2915,-6464,-3507,-6405,-6628,-5754,135,-3905,-6628,-5271
8/19/2024,480,430,-2712,1010,460,-1958,-40,675,-1599,1340,1013,480,-1515,-4270,-6805,-300,-2839,-6964,-1999,-1961,-8980,1810,8891,10027,-925,-2412,-3783,2755,6964,23417,480,828,-995,1305,460,2269,1310,1073,-207,1443,2070,3869,-2405,-9910,-26855,-300,-2839,-6254,-2583,-5397,-19551,349,9291,38559,-2240,-6022,-21126,3120,10334,39435,659,472,1330,2141,819,528,1523,2141,-4350,-8978,-1422,-941,-2728,-8495,11925,35290,-4205,-4270,11920,33427
8/20/2024,3383,5690,14373,3480,5441,6002,2827,5884,13155,335,5377,10809,2260,6363,25098,3130,3493,14975,1648,2482,12834,-80,-3581,-310,905,5910,9891,-235,-980,-4628,2949,5655,15171,2915,5441,13070,2580,5457,17446,3945,5147,10575,2260,6363,25098,3130,3493,15669,1604,4742,13151,1028,-841,-16465,905,4077,12178,-1330,-640,-13977,3226,9052,3680,3120,5296,8152,2645,2734,12236,23618,3799,6322,5453,11080,-4709,-5333,4711,2693,-4709,-6885
8/21/2024,3658,6189,16383,3265,5549,5068,4315,7558,18553,2730,3641,6462,3630,9036,22212,1775,3144,14937,5531,13003,23071,1955,9885,2684,4270,3442,2625,810,4997,4717,2280,4985,15856,3265,5549,8031,3192,6251,16837,2180,2696,6500,3630,9036,22844,2670,7183,14067,5866,11191,23376,5610,16760,4463,4270,11902,22908,4035,14373,-852,8408,12282,5460,4403,8271,13457,5262,3713,7680,13462,6320,10424,12383,17495,11505,6915,4582,1195,11505,17768
8/22/2024,1340,287,-2311,2200,-627,801,481,-1683,-3857,1065,3713,-2076,-575,-3875,-6410,-1340,241,-894,-1565,-1745,-8955,6169,14283,-2890,-1035,-1181,-4300,8980,11283,20042,1340,1048,-5376,2200,-627,4404,2325,1601,1485,1760,3573,-741,-575,-7575,-19905,470,471,-894,1335,-3000,-9325,6157,12794,45937,980,-3170,-9314,9084,14823,49173,244,1009,13,6878,-374,-2154,-15,7786,-3830,-8130,351,-2265,-5859,-8428,11075,39038,-5222,-4000,11065,35381
8/23/2024,-445,-1974,1785,38,-1057,2661,-107,44,5107,-145,-2385,3351,1670,2401,1581,2081,1163,-3878,-749,-1165,-992,1921,-5587,-1472,1145,1805,-2075,-589,-2686,-6106,-30,-1203,1012,565,-1057,-2492,369,-1267,-1860,-955,-1397,-4512,1670,2401,-3977,2081,1163,-9560,-749,-122,-6759,1921,-364,-15433,1145,-537,-9440,-589,-2992,-20484,-2093,2955,-554,5905,-2043,6464,-705,63,1148,4197,1200,-622,-980,-139,-1259,-2356,1206,657,-1274,-3815
8/26/2024,2545,4552,2605,2360,5138,-1590,978,5852,3134,2380,3446,-5105,3375,5873,19306,4244,8008,10584,4093,4454,34258,3776,8800,-1326,3480,5992,-815,5212,5256,-3908,2545,4570,3074,1250,5138,-6452,511,5500,561,1915,5186,-2369,3375,5634,21883,4244,8008,10584,4558,6814,35647,3776,10153,14596,3480,8903,36367,5312,9216,11373,5342,-3691,4210,-721,5310,1858,2672,-1431,9743,34346,809,10838,7262,28516,-5975,-6215,3364,3802,-5975,-6252
8/27/2024,952,4683,1404,1251,8447,-287,1761,5877,2954,-580,2413,1069,1815,2213,14590,2195,-1658,1914,2481,8822,10580,-280,-2954,-1600,1065,1821,9626,4440,6099,-4345,1503,4996,8577,1851,8447,2575,2648,6959,7469,2049,4711,4372,1815,2271,15942,2485,-1765,-2427,2889,2324,11412,291,3738,-26711,1240,1894,8380,4440,2513,-28220,11202,5904,9935,2902,9698,5363,6606,2609,4630,15449,-2375,-3400,5335,12461,-3028,-4882,-1488,7461,-3028,-6285
8/28/2024,2445,8556,18726,4338,8285,20593,5220,9519,15046,1740,6945,20319,-1115,-4020,-6810,170,2032,7906,5034,-1685,-2082,4750,2085,-1710,-1220,-1925,-4475,3521,353,-996,2445,8845,17509,4338,8285,21092,5220,10741,15442,1885,7991,18279,-375,1760,9034,170,3002,23607,4427,3737,17436,3737,8375,55760,940,3497,15079,3191,7284,54753,5972,17606,6560,23107,9132,9908,3125,21659,-4140,-8445,3345,9126,1011,-4366,-1180,8338,3538,-4140,-1460,10707
8/29/2024,1360,1497,-2800,1340,1368,-3100,953,804,-2286,1460,245,-3013,500,136,-5653,2045,1745,-6436,1993,4548,-7038,10590,10920,-1745,2780,4775,1831,5897,13355,4395,1360,1462,-4536,1340,1368,-3025,1330,1350,-2396,1820,-85,-2020,500,414,-5415,2045,1745,-10964,1148,4365,-4771,10590,9263,-10574,1700,3730,-15701,10747,11685,-6823,1633,-3785,-1137,-3886,66,-4351,-93,-2766,-763,-8032,-3171,-3755,-1177,-8431,1057,-6866,346,1994,1042,5791
8/30/2024,-190,-1936,-628,410,60,2359,-792,204,-1766,-215,-273,1533,1776,457,149,2340,4394,3712,3170,4415,6439,1990,4789,5495,1475,2809,2144,2360,-490,8474,-190,-945,-1299,410,60,1514,390,-336,-601,-115,-133,-2543,1776,822,-5167,2340,4394,-2932,2967,665,-4356,1990,4176,12403,1235,1804,-4440,2360,5989,14253,-1274,554,-125,5765,320,554,474,6371,-2784,-5359,170,-2489,-401,3530,2062,8972,1724,2144,1784,6109
9/2/2024,3256,998,-1111,2050,140,210,2804,1563,279,-475,-395,-270,3055,1609,4463,1020,163,4897,4035,225,3222,800,-1400,2519,2795,659,1644,685,-1487,527,2380,-760,1079,1925,140,-270,1925,-195,-270,1020,-810,-270,3055,1609,4724,1930,163,6143,4035,665,3291,5035,-671,-755,3495,665,3291,3470,-1550,-755,-2776,-6199,-3935,-5395,-2776,-5374,-2930,-4690,4880,2932,1965,586,2795,352,-5995,-1980,1170,4015,-5995,-1980
9/3/2024,1280,194,752,3731,74,5639,3483,1004,1725,2141,1060,5275,-400,-3885,-6490,1740,1203,-6942,651,-1987,-8837,5431,5629,18933,2030,-1282,-1953,8407,4822,32152,1280,2263,2950,3731,74,8260,3483,1067,4627,2696,2336,3597,-400,-8260,-33875,1740,1203,-4597,864,630,-18572,5431,6557,59251,2030,2445,-19435,8407,6802,58505,-845,5146,1265,11893,-3630,4865,575,10010,-3645,-8325,190,-6961,-1996,-8469,6557,66477,547,-3575,6547,59187
9/4/2024,1142,1521,9016,297,282,6946,2863,954,12422,2292,1626,11353,2900,8615,5531,3470,6165,-2020,1737,6770,-191,2710,1087,-1590,3465,4952,1040,2261,6771,-6373,1142,2047,15553,297,282,18289,1507,1334,17542,1175,3211,18360,2900,9015,5854,3470,6165,-3114,1845,6517,-311,2171,603,-47208,3465,6500,-1183,2261,-2033,-45109,6549,21204,5905,13495,6803,21204,6071,13495,1826,3032,-1115,-803,-76,3677,-3820,-5167,2046,1860,-3820,-6868
9/5/2024,3590,7311,10642,2265,3713,12132,5153,10595,15070,2900,4554,11584,1605,4256,9703,735,-420,657,1240,2895,6970,1600,-4350,-2835,1509,-1455,-1617,-785,-3795,-7375,3590,6460,11702,2265,3713,12132,4079,8834,17457,2875,3713,7273,1605,4256,11292,735,295,3095,1035,2569,8291,1607,-3200,-14230,925,2134,5602,-380,-2945,-12095,5923,8572,3703,13278,6486,14093,4255,11640,10567,8410,2394,2716,7451,3481,-3075,509,4877,3850,-3075,-3023
9/6/2024,4820,4720,2840,5040,4679,5796,4765,6909,2361,5385,4012,5558,4688,4215,-2124,3540,5391,-255,6695,-1140,17017,7749,8947,-2165,6849,-1070,-4245,7358,6254,9593,4820,6275,8095,5040,4679,5872,5320,8038,3869,5580,5834,6953,4751,7095,10316,3540,5391,8408,7145,12095,17454,7749,8163,36285,7295,10995,16766,7358,8562,35955,1232,-231,-780,3313,1222,2133,-1060,827,2726,1858,-1488,-6072,4658,6305,2895,-905,3268,-4140,2840,2170
9/9/2024,1317,4357,4509,-315,4427,-448,-1371,3478,-674,2165,5511,-2317,1369,7817,22380,560,941,12799,4616,7846,19879,1185,-171,-1822,796,3966,4523,-585,3709,-345,2150,3258,2273,656,4427,-2373,-841,2197,669,1800,6842,4436,1369,9639,28810,1260,941,11414,4290,8211,19159,1385,-6215,-33898,1189,7416,19319,-1015,-9635,-32735,6524,644,2887,-280,4071,3656,3112,-2055,8945,23621,5837,7579,6263,16298,-1410,-4837,5314,7253,-1410,2221
9/10/2024,525,869,5727,1265,101,7005,884,-1913,5575,5,1061,4880,745,-2978,-6160,-1150,-2412,-2164,-1998,-1998,-8158,44,-6058,-695,-1130,2450,-1589,-2050,-3405,-5649,525,681,3044,1265,101,5750,1125,-101,3392,150,1341,2518,745,-2978,-16119,-1700,-3282,-5416,-1945,-5284,-10988,-4203,-10620,2394,-620,-5337,-8874,-5995,-7980,3929,153,4015,1568,8379,-743,6555,1955,7744,-2500,-8966,-3245,-1613,-5019,-7654,-3512,-1771,16,-1319,-3512,6207
9/11/2024,1560,1628,1452,2335,220,8274,2455,2036,2066,1190,1100,5079,-1960,-3687,-6320,-1495,-3220,-6419,-1995,-1775,-7033,2200,5560,-2975,-1410,-1810,-2171,4225,3455,-5975,1560,3215,1837,2335,220,6730,2455,2395,3199,2055,4708,6854,-1670,-11180,-26800,-2730,-6270,-17455,-2720,-9435,-24040,1977,1508,3694,-1120,-7095,-22605,3730,2930,4977,2724,5049,1890,12944,3354,7726,2285,10475,-4480,-8245,-4275,-6755,-6194,-7187,5095,3975,-2087,-4590,5080,-6501
9/12/2024,1965,458,-920,2065,2332,-1778,2004,1489,-2259,2315,-405,-2704,2485,5305,7270,2205,1050,5873,2491,6528,10484,3440,1693,-1720,3845,-2111,5966,4195,3460,-3639,1965,1004,-1752,2325,2332,-97,2890,1639,30,1670,2776,440,2485,5935,18680,2205,1050,6029,4169,5625,10954,3440,1332,2356,3845,4230,11913,4195,1693,3884,-790,-1332,-2380,-1584,-1220,-3735,-2930,-2061,12290,17540,3408,4748,11982,16769,-4420,-5276,-957,3178,-4420,-2687
9/13/2024,2211,1131,3042,1510,540,-2688,1523,2448,1436,2305,3536,-3564,2390,14206,16713,2909,6354,5974,1385,14356,22809,3906,7416,-1839,2526,6102,3481,4315,11882,-6489,2350,1305,3019,1510,540,-2485,1780,2115,1796,1256,1270,-681,2390,14206,21007,2909,6354,5705,1662,14356,24809,5658,11064,5343,2526,13876,24339,5700,11064,5484,1076,-514,1066,-6641,1708,1266,1416,-5403,6463,10529,4832,3133,7322,15605,12249,-6527,-360,1344,12249,-5480
9/16/2024,144,1725,-281,-860,1892,-372,-998,-222,-444,365,215,1492,2740,-1220,-2932,1060,1600,-5880,1059,2058,-5206,145,5361,2051,2930,2373,847,2220,-594,-4423,265,2323,1288,-860,1892,202,-880,665,-547,-635,927,373,2740,840,-6017,1060,1600,-2185,-1502,1531,-3025,-233,9163,-7781,2930,2176,-1094,2220,9261,-7206,2373,3950,2298,3606,2131,3231,3253,3145,-1445,-3262,949,-4504,-1903,-7925,-929,-6952,1834,1329,-929,-6870
9/17/2024,-775,351,-3508,-935,-1161,-4505,-1800,183,-3748,105,-101,684,485,671,-6349,1940,3033,-6651,-240,-1940,-5080,4530,48,-1009,800,146,2700,3424,3674,-6693,-775,-351,3415,-935,-1161,-435,-1800,-654,1886,-375,-1116,3619,485,671,2620,1940,3033,-5182,-521,-2257,2622,4530,5440,-23109,800,-2813,1812,4415,3974,-24531,2372,589,2030,-127,2372,-322,2030,-486,-3982,-7698,1839,-6852,-255,-3652,5976,-6056,1620,54,5971,-6516
9/18/2024,1305,1254,9772,3968,3723,15907,2493,2369,7344,1140,1725,13673,1905,4296,7310,2000,4290,14182,8064,2202,5851,2090,2158,1717,2692,-369,14523,2738,903,6456,1305,2545,8649,3968,3723,15327,3411,3771,10130,1050,1430,7875,1905,4296,11717,2000,4290,19246,8064,2398,8797,1740,1385,26670,2692,2393,9089,2913,2499,29637,4480,18370,5988,19333,3644,17286,5005,18809,2520,13801,3915,24208,1441,9060,6173,16075,1373,14468,6153,10806
9/19/2024,1065,2666,2953,1509,2935,-183,3064,2589,1498,1230,7395,-1155,1575,253,-18,3175,4080,2326,3105,2842,-3161,4150,14748,4487,3000,3771,2629,3205,12036,-4158,1065,1585,5190,835,2935,6149,6337,5424,3817,370,-495,3053,1575,2520,5589,3175,4080,7304,3983,4805,1474,3511,16275,-22504,3000,4525,-6487,3205,14587,-22504,2280,2142,3918,1648,2888,4739,3998,-1598,2613,-2159,-718,-4464,4208,-1782,4297,-6058,3188,2671,4297,-3533
9/20/2024,2746,4807,6907,4559,5736,1914,2031,1994,2127,1710,3298,11725,4292,8020,17710,2525,4950,19954,8552,4545,16997,6225,6305,757,4610,3743,7150,4090,7589,11315,3840,6056,12125,4559,5736,10745,3035,3305,10444,3607,5695,5189,4800,10302,19221,3595,7270,19858,7246,9881,20428,3553,5587,12103,4660,9061,15440,2710,3245,10473,7136,20960,4046,17995,7924,18462,2492,11191,6637,15094,3021,18122,3787,1913,-261,-2065,1018,3967,-266,941
9/23/2024,2250,4843,5776,2270,5289,1707,1500,5389,4094,1850,4787,4727,8895,15811,1911,8303,12346,6016,5552,6209,88,5950,318,-1445,8026,4356,-36,6160,2185,-4648,2250,4464,5569,2270,5289,1562,1500,5204,2871,795,3449,4393,8895,15811,16372,8303,12346,8581,3586,13778,5136,10705,8742,-21499,8315,11114,5136,7739,6563,-21490,2456,-2594,1213,-4819,4878,-3033,268,-5470,9808,4937,6369,466,11480,-38,-5520,-4741,11029,398,-5520,-6657
9/24/2024,1138,-752,1595,1248,161,1282,962,2329,6727,-150,1532,520,1020,2422,-1989,2115,260,-3720,627,8049,-7500,-265,-2545,-2022,2220,6199,1781,-1623,-1715,-4966,1138,-470,5491,1496,161,4326,1139,1355,7008,1458,-10,4044,2495,6590,-2347,435,2035,-12693,-580,2925,-11502,1389,-885,-59360,1245,2410,-12748,-2770,-3210,-58678,5832,10451,7171,8165,6440,12240,5561,5414,1784,860,1285,-5990,-110,-5619,-1325,-5473,1753,-464,-1325,-6775
9/25/2024,2022,920,5863,637,2733,3853,1138,4662,3358,1125,43,3502,3533,1573,-2211,1960,2832,-4770,110,3893,-4641,5495,425,-1824,985,1502,573,4806,4417,-7102,1195,920,5863,637,2733,6193,1138,4662,7287,597,-798,6755,4197,3454,-511,3000,5360,-3174,-44,3900,-5071,6239,77,-38203,3191,3900,-5071,3550,290,-40548,2847,9986,4268,5263,4383,12387,3230,2372,-659,-4249,9570,-3022,-1373,-3331,-6589,-5729,528,65,-6589,-4190
9/26/2024,1345,65,7617,4060,4835,1996,3162,2562,5242,1245,2770,2952,515,651,-1892,2885,6387,-2209,2442,-1260,-4378,1805,5377,-1477,3100,600,-4415,1700,2355,-5474,1345,2190,7178,4060,4835,3566,3162,3504,6687,1520,3000,7331,1560,860,-3008,2885,7150,-1811,1646,2165,-5273,1805,9829,-13826,3100,1880,-5458,2205,6334,-12179,2677,4446,1640,4911,3390,4624,1555,3522,-1200,-4356,3818,-3802,-1926,-7890,4461,-588,779,-4415,5115,2833
9/27/2024,2718,3116,7524,1709,4200,6325,1608,4524,7541,2575,2360,7575,-1690,-2765,2309,-995,4349,3580,-1910,-540,5394,5930,13682,534,-1020,9990,-4755,6289,13373,10911,2805,3345,7535,1709,4200,7593,2062,4524,8139,3055,3996,7918,120,2008,254,2573,3917,15816,1657,6773,18494,6000,13575,55370,2167,6371,21890,6439,13552,55792,3633,3094,3640,1523,3446,2388,2620,1575,-3585,-5886,6932,15956,13042,4150,18473,-1765,-3484,-4115,18473,4525
9/30/2024,475,-1127,10542,1775,2670,4797,2715,997,4378,1060,2787,13402,1745,4322,10367,1380,627,9707,6577,2667,7591,1950,98,-1865,1425,2462,1436,2614,-209,7497,475,855,5869,2395,2670,11735,2703,2107,6185,354,1181,6305,1745,6023,9872,1380,627,10391,6032,5353,8734,-550,-3226,9964,1010,5143,8953,1295,-3236,9125,1199,1684,-175,10997,3500,3566,-130,8348,3294,10514,378,11060,5178,16522,-654,919,917,1856,-654,3512
10/1/2024,4400,3874,1780,1895,2988,3156,4888,1184,1408,5019,5782,2409,2580,5932,7361,4485,3951,6714,5768,4711,3688,1630,-1643,-1182,3405,5340,1529,1065,-2583,-2891,4400,4476,2322,3145,2988,2139,3130,2435,5040,5149,5044,6165,2580,6492,10343,4485,3951,6714,4175,6280,4354,1630,-2687,-16426,3405,4070,-131,1065,-1648,-18096,1588,1622,663,1810,-515,2463,1124,1181,1677,7554,554,-1866,-2539,369,-6598,-6804,2576,2792,-6598,-4353
10/2/2024,2208,-753,359,-405,-1975,-873,-958,1343,-4961,65,451,-3742,3405,3657,8189,3025,11911,4201,2538,4685,14044,5000,6834,-1555,4665,2516,-3094,3051,16188,-3787,712,580,-7885,-710,-1975,-5549,-765,-364,-5225,975,415,-5022,3405,5327,18347,3025,10675,3132,3724,7346,7618,7308,8458,-20095,4665,6475,8359,3436,8948,-18988,645,2283,-875,-2753,516,-389,-833,-3156,3512,6654,11982,8256,6012,10634,2565,-4253,2295,-2370,2565,-2033
10/3/2024,1215,704,7426,-310,3412,3668,1319,2363,5075,540,611,4480,1720,5226,26232,-254,1639,5439,2253,-263,6291,-920,-5918,754,430,1223,9878,-2065,-2548,-1893,1215,735,7426,-600,3412,3668,1385,2564,5075,535,969,4430,1720,5226,26232,-254,1639,12875,2241,-1119,7106,2123,-8953,-9073,510,-85,6995,-2735,-11650,-12934,1031,4899,1606,-288,1609,3912,1680,2386,9191,25996,6411,8457,3074,7851,-1599,-5218,8645,13242,-1599,-987
10/4/2024,735,2147,2473,710,1385,2617,395,1949,2466,1090,3925,2416,-860,-2135,-4885,-145,411,-2942,100,-1765,-3053,280,3191,-2950,-1170,-444,467,390,1771,10436,735,2305,3364,565,1385,2617,632,2794,2756,235,2690,6600,-860,-2135,-7741,-145,411,-2672,-1018,-3775,-9356,280,3191,-333,-1580,-1739,-9356,390,3191,-207,1348,409,1034,-3118,990,-1131,329,-2048,-1761,-4212,708,-1067,-2479,-5158,4151,3798,-1416,-1165,4016,10863
10/7/2024,201,-362,-4985,516,-1960,-5844,1486,-521,-5296,362,-2124,-4343,-30,-4336,-6874,870,-3799,-6783,406,-1980,-8824,5815,-1752,2073,650,-590,710,5645,7735,12995,201,-250,-3285,516,-1960,-4457,1486,-363,-513,222,-1540,-5913,-30,-4016,-22044,1020,-386,-14020,-3665,-1551,-19110,5815,2025,-22190,650,-1872,-16543,5950,2000,-20295,-982,-4663,-720,-5085,-765,-3020,605,-4929,-4199,-8614,1561,-6985,-6389,-8497,12863,3829,1586,789,12808,16434
10/8/2024,-421,287,-2010,620,620,-5974,-226,-745,-3739,-580,-1355,-3633,-1629,-4374,-6941,-1230,-3280,-6800,-57,-1936,-7821,700,3600,1882,-1195,-1409,-3268,2020,3597,4714,85,920,100,870,620,-4921,45,-660,-3209,250,-570,499,-684,-5453,-12817,-1065,-3000,-3366,627,-215,-9335,1829,4162,27128,-1065,245,-10436,3305,5900,27128,1708,-444,1439,-2086,357,-161,775,139,-4351,-8927,-2345,-2464,-1818,-4130,4940,16295,-1627,-5440,4760,17166
10/9/2024,720,-1191,-1643,-268,-753,-893,-2461,-1759,-1903,-490,-985,628,560,-4220,-6610,455,-2765,-4095,-621,-1940,-7964,2520,10520,3656,141,-2245,-4695,2935,6808,20757,720,-339,1765,-15,-753,60,-897,-1144,351,20,9,262,560,-3794,-13044,1300,-720,-4756,370,-1150,-3982,2459,10185,51126,475,-1010,-5817,3909,10515,53956,-906,2615,-319,1449,729,1928,261,2004,-4400,-7856,-1502,-3735,-4053,-5763,9539,19112,-2024,-5375,9524,16985
10/10/2024,2654,68,4812,1545,1647,852,1993,3550,7322,3630,2885,-1959,3455,7477,-4649,3520,8182,-5044,2691,2103,-4756,4161,-3646,-1589,3287,6139,3829,2874,1129,-6013,3003,360,7669,1545,1647,-932,2600,2105,6520,2135,2728,-1714,3455,12043,11732,3520,8737,-13963,4100,11481,2542,3698,3581,-49599,3475,11361,-1826,2925,-1007,-54943,2230,3884,511,-1900,2755,3884,1095,-1900,4150,863,4561,3440,11500,-5644,-420,-6840,1646,2308,-440,-7186
10/11/2024,2552,6822,4448,2840,7833,5106,2131,5743,4073,2125,2341,6249,2600,5991,19707,4780,6458,16453,6410,-1700,17258,4385,-3823,-1435,4106,3646,1160,3780,5459,-5882,3806,6405,7335,2840,7833,6711,2840,6840,5643,3090,6465,5893,2600,7391,27940,4780,6268,29477,6983,9918,29301,4385,22554,43296,3175,9468,25532,6266,20924,44087,3617,-3314,1968,-4325,3617,-790,1913,-4325,9355,19115,8448,7586,15993,20189,-5543,-6815,3723,2152,-5543,-7005
10/14/2024,1104,3952,-576,215,3418,1660,1058,2816,-939,135,2738,2131,3705,8626,16854,3420,7280,11403,4870,11965,20827,2415,21867,-723,3945,1470,-49,4985,23992,-44,540,3952,6293,470,3418,10311,372,4147,8156,343,1842,8966,3705,8846,25339,3592,10421,29197,6187,18330,32281,5179,31163,92049,5570,15306,33478,6465,31163,93202,4001,4970,4801,-274,4490,1154,2758,-1535,4624,17265,5145,14442,10804,29623,5175,368,3812,1945,5175,2441
10/15/2024,1280,2538,5080,3452,1935,8906,3047,3832,5550,1582,1765,8362,535,-3850,-6218,915,-2034,-3815,-1958,-1115,-4294,3650,2336,4307,1260,-202,-3538,4523,2511,4694,1280,2538,5515,3452,1935,9868,3047,3587,6960,1392,1755,7340,535,-3900,-19628,915,-2034,-2848,-1089,-2138,-6291,3650,1247,47445,1260,-3233,-6307,4523,751,47182,5200,17788,5275,21477,4868,17100,4865,19998,-3686,-7415,141,-3317,260,12590,11075,3024,-6465,-4050,10955,42011
10/16/2024,858,6057,-1135,260,5215,-742,97,3934,-3753,800,4150,1855,1805,-3208,-6014,-60,-3468,-4745,-1635,-1490,-8279,1766,1356,-2129,3101,-1830,-4355,1936,540,-4954,1280,5647,5797,1010,5215,4367,1780,4470,4890,1166,5396,6519,1805,-1978,-6447,30,-2803,-10825,-3290,-1033,-11386,1234,687,-25381,3101,-1143,-3625,2151,1356,-30519,427,3460,4034,1880,3672,-1924,1770,1880,-3882,-6715,-4080,-5455,-6318,-7856,-1376,-6965,-2912,-5310,-1376,-7145
10/17/2024,1830,236,2608,2059,-210,-567,2125,1282,4,1245,1662,-2344,1025,1350,-1966,804,405,2903,2376,2130,3100,1550,1873,3584,1435,591,3849,2368,-754,10751,1830,565,1416,2059,-210,-2353,2315,1282,476,1005,-1071,-1456,1025,1350,-4014,804,405,3945,2475,2586,4209,2399,1608,23171,1435,1149,4204,2718,1618,24945,1684,4175,3221,3715,2886,1954,150,3221,760,-888,215,2815,4883,8622,10898,10828,2934,3235,10693,8973
10/18/2024,9482,2552,8014,5281,6454,2908,5071,9397,6941,9300,3942,1637,2662,2655,16018,2235,8816,3366,1306,-1902,12811,3411,4799,-419,1168,5992,4683,5695,9503,-2973,8843,2552,5929,7026,6454,3718,7631,9397,5680,8823,2542,9650,2662,2655,24164,2235,8816,5695,1017,8410,21759,1221,5337,-24861,1487,8410,15682,4243,4759,-23939,4064,-5304,-6,-5473,4951,-5646,-830,-5303,11835,19142,14590,2113,15986,7736,9235,-5595,13389,7419,9235,-2500
10/21/2024,-190,-1124,-3018,1463,-750,-4881,-1019,1078,-1847,-640,186,-1974,1780,5291,8984,1910,8829,11874,4379,7347,16183,2165,9492,2740,2765,7314,9126,3365,14350,7466,-190,-878,-6092,1463,-750,-4881,-690,1078,-805,-1250,-779,-6693,1780,3720,10725,1910,9629,13809,5301,9296,19973,4233,9246,46280,2265,8911,21930,5550,9603,48411,2715,1824,1001,332,1663,2033,1180,-1513,2509,597,5119,12150,7993,10914,7194,-1316,4505,3383,6324,8297
10/22/2024,780,-559,14,-1340,-1782,-4809,-256,-2243,159,95,-142,-5397,480,8982,-2073,1710,3583,-6366,1456,-1970,616,1980,7711,-827,790,2701,-243,2865,3546,-1787,780,-617,-594,-1340,-1782,-8843,-2135,-2833,-3656,-1470,-3123,-3166,480,7065,4072,2265,4378,-3380,2387,10539,9385,2236,13462,17035,995,10038,9075,3120,13691,17098,-997,-3143,-362,-3942,-717,-2891,1085,-3942,1325,-485,877,-2957,8060,1648,13741,-1462,408,-3920,13566,-5689
10/23/2024,1557,-477,-4248,-745,-3175,-2173,-16,-3,-5497,-670,-1527,-2894,-265,-4298,-6330,1120,-1853,-4734,486,-1930,-8022,2690,970,-1464,760,-1501,-4480,4087,840,6670,-245,-1655,-7823,-745,-3175,-3685,-93,-3480,-6235,-775,-2828,-8054,-225,-6245,-17875,1120,-1682,-8269,-505,-5179,-13432,2690,584,10503,240,-5869,-11982,4087,965,9746,-2020,-2067,-2950,549,-3453,-3537,-1660,-206,-4343,-8852,-445,-3365,-4121,-6599,-1015,13254,-1679,-4145,-1015,14959
10/24/2024,1012,3602,4025,-664,3587,2273,-1733,2245,-172,1640,1156,2647,1425,1012,7941,3000,9660,6224,2915,3538,14927,2370,4192,-782,1520,3806,1179,2125,-3624,-734,1171,3489,4373,-664,3587,2857,-1091,2245,4114,1254,1162,633,1425,841,10797,3000,9660,7259,2935,-706,22101,2370,4192,48,1520,-895,20755,2125,4192,5388,1237,8867,1433,2387,648,6800,1233,1852,2357,246,1945,-3294,-493,1924,1347,-3195,604,-1430,1347,349
10/25/2024,-1058,-2228,-4985,-1730,-2323,-5995,-485,-1439,-5459,-765,-2370,-8092,635,119,-3276,-1095,-3895,-6765,2018,1413,-8670,1570,-6290,-2152,1125,488,-504,-2385,70,-7022,-95,-2043,-7423,-155,-2323,-6840,-80,-3645,-8042,-330,-202,-8707,635,-675,-13169,-290,-2525,-15512,-1940,-780,-6728,1249,1914,-23358,1125,-1090,-6049,-355,-345,-22702,-1591,-7129,-605,-1247,-648,-5114,515,-1247,119,-1662,-2061,-6732,1485,-8494,-6800,-6727,-2034,-292,-6800,-7267
10/28/2024,250,-5387,-660,-690,-4040,-2133,-695,-4080,-1232,-185,-1760,-3676,560,-4423,-6120,869,-849,-4014,396,-308,-5345,3065,10895,6568,1272,896,-4050,4997,9236,17643,250,-5065,-6809,-690,-4040,-4775,-695,-5020,-6660,-1085,-3885,-5445,560,-5840,-17711,869,-849,-5244,396,-1513,-6685,3065,10895,61698,1272,-1608,-7295,4997,10895,61698,-2519,-148,-2685,-3678,-3804,813,-580,-1169,-3755,-8858,535,-295,77,2303,19441,19598,15,-3935,19441,23085
10/29/2024,1935,1390,-82,1940,236,789,472,91,245,2170,-199,335,1368,-4151,-6710,850,630,-6875,-995,-1945,-4708,4150,15850,-458,2802,-1945,-4435,6345,14905,19843,1935,1376,-2911,2027,236,2761,2400,2145,1343,1501,-934,-2457,2250,-9210,-24080,670,940,1225,-370,-5695,-1801,3556,17412,73615,3120,-4585,-3495,6655,17555,75859,-247,-147,569,3503,1286,1330,592,1624,-4430,-8950,-3555,-3805,-6446,-8496,12263,15408,-2584,-5000,12263,23989
10/30/2024,1876,-2288,-1019,50,-3315,-391,1261,-2729,-977,745,-1980,-2369,-45,-3635,-4724,320,-3541,-2386,1552,-1243,-8328,4059,6615,4043,-931,-1375,350,5172,5699,25530,55,-1595,-5458,50,-3315,-1562,460,-1675,-2270,505,-2285,-4590,-1560,-7843,-17659,320,-3237,-474,2729,-2617,-7232,4299,6809,41535,-516,-3202,-7960,6302,7620,40982,-435,-1298,-1170,1919,180,-2381,-260,866,-2358,-6437,-3167,-501,-1059,2250,10063,39586,671,2507,10063,37318
10/31/2024,-60,2914,12071,1435,3696,16181,2283,4538,12259,525,1366,14566,750,8542,12346,2320,8039,24752,6395,18294,31448,1200,1690,-1246,2604,6472,7185,730,1600,-6894,-60,1420,12752,1435,3696,17194,473,4796,14747,-1880,-680,8836,750,9689,24142,2320,8039,25554,6628,18735,26196,1200,886,11029,2740,19425,25836,730,1600,11582,5920,10561,4646,7110,5154,10685,4316,7310,11438,23890,7403,27835,16195,34142,-1935,-1441,5825,2261,-1713,633
11/1/2024,484,5826,-1668,1935,2450,-855,3363,5957,-1813,2465,2821,-5154,2845,8082,616,2905,5370,-6323,6072,8236,1423,1905,2665,-1332,4141,3751,1361,-820,10320,2873,900,3945,-2874,1935,2450,-6793,1340,3935,-2849,1910,1305,-269,2845,8046,2446,2905,5370,-248,1999,7844,8206,3184,12275,1429,1790,6539,7568,1430,14049,1536,125,-4423,-1274,-3094,-228,-4586,-822,-1807,6532,7442,3246,3261,8526,1723,-3725,-3712,4976,2125,-3725,-598
11/4/2024,3328,5249,4577,2388,5682,3639,1291,5228,5515,2240,5968,4647,2575,3622,8042,1615,6676,7874,3774,3740,3739,3505,7627,1678,2796,3141,3737,6340,6361,9446,2395,6079,5618,887,5682,-2657,882,5195,5339,3292,5636,4209,2575,4725,10147,1615,3490,8282,4788,2615,5289,3505,4891,3961,2785,2070,2666,7445,4425,1598,5974,11144,3372,6825,7235,10460,4106,6182,-2167,-888,-2222,7886,-2505,6761,-6835,25093,1569,1002,-6835,26439
11/5/2024,3900,6562,3320,3431,5416,2623,1645,9054,4084,4175,6486,3340,1005,8945,-3612,-70,3476,2599,-1219,12767,-3811,2897,10354,-874,1607,810,-2550,-426,14581,-4947,3900,5831,4831,3783,5416,3080,2992,9054,5232,4158,6052,9470,1005,10104,2675,-70,3688,3688,-8,11978,-2962,2922,11669,-5461,1799,11204,-4879,-46,10771,-1786,5572,3602,5160,187,8255,1967,3776,3297,6768,-2950,5672,5216,13708,8299,-1050,-3901,1693,-1132,-1050,-5538
11/6/2024,1360,473,2854,387,-255,-2352,706,198,2854,1985,-2360,3974,1645,-3980,-6982,2321,2485,761,1909,-1605,-6493,3165,19446,1304,1092,-653,2909,4243,15355,41419,1360,875,3408,1787,-255,4650,2552,600,3754,1305,1744,4454,1645,-4310,-8687,2321,2485,-3580,2467,4395,2808,2018,19077,56381,3748,4902,4754,4243,19907,59025,-1920,3697,-1191,6226,-1920,3675,-1183,6069,-4281,-8979,27,-3125,-1260,-2275,19007,10469,-1005,-1275,18982,38687
11/7/2024,605,331,-2955,-470,-737,-68,-554,-1187,-644,933,-715,-68,3600,-1644,4060,1945,3863,9776,2881,2009,11550,3300,11301,2275,4670,-1625,-2131,4368,7228,24008,605,1626,-1837,-470,-737,-68,258,-2242,-1753,533,-47,-2253,3600,3480,4331,1945,3863,13593,3426,7184,11920,2615,10576,58741,4670,6964,12365,4607,11227,63515,-1873,-2681,-2515,1851,-2398,-3285,-2515,1851,-1859,1742,-525,19303,1635,7730,5645,759,1900,-1404,5435,12771
11/8/2024,2057,1893,989,3245,3186,-903,3454,210,1275,1812,-510,138,4464,7676,5708,2878,11804,11820,7697,6394,9403,3120,-5343,-1410,5280,974,-1107,2290,-3412,-4540,335,1415,6863,3245,3186,2727,2510,88,6863,757,-1269,6472,4637,18741,17360,2898,9169,20557,7991,30121,33343,5658,-1098,37016,5220,30076,32825,2303,-1098,36805,7840,4845,3827,845,3091,1252,3827,845,-3546,-4759,-1655,11602,2269,6292,-2632,-1797,-5920,-100,-2632,-2953
11/11/2024,2880,7139,10061,1089,6728,10922,4682,7365,10676,1671,5679,10923,3785,7025,644,2120,1553,6711,3177,12920,20124,4361,14895,1648,3655,7287,3096,5041,8789,-4234,2880,7213,14394,3109,6728,13585,4682,7539,17885,2221,5992,9585,3975,7370,5008,2120,1553,7009,3480,13227,18038,4361,15847,35200,3655,12952,18541,5041,14895,36867,6234,10046,7059,9524,5847,10453,6803,7989,5252,938,1880,2006,9689,8564,2368,-6945,3481,5015,2368,-7121
11/12/2024,-240,706,4152,1697,2915,4345,2937,-446,1478,-605,1566,6689,4190,8786,4257,1625,3489,2856,3909,5302,-3168,2685,-4129,1204,2125,-427,-3535,1082,-1672,-5841,-240,958,7570,1697,2915,8843,1920,362,7613,-301,4278,3180,4190,9395,8607,2530,1971,5129,3484,7168,3102,1268,-4226,11939,2845,7168,4348,1082,-5239,8697,2846,3916,4717,4857,2954,2575,4573,5478,705,5766,-1620,-5855,6466,1215,-6355,-5760,589,-3420,-6355,-5890
11/13/2024,2080,4552,7554,3146,5365,4534,2312,5557,6238,3605,4753,11034,345,2579,2021,905,1501,-4365,-352,1376,-2571,1595,1065,-2550,2107,455,8441,1990,-1207,-4829,2080,4337,7554,3146,5365,8740,2635,5342,6458,2829,4300,9041,395,5102,8451,895,1650,-3489,418,2350,-2782,4650,2046,-53685,1170,1535,-2701,2165,70,-55076,3195,4684,1016,6647,3124,4497,2343,6647,243,2605,-2544,-2559,-3476,-7530,-5065,-6564,1627,5556,-5065,-6983
11/14/2024,825,-1808,-4980,990,1553,-2973,815,-4460,-4034,440,558,-6643,1140,904,-5219,2808,3886,1219,3081,2560,-4553,2655,5836,18433,2137,2330,2933,4157,5096,28996,825,-1120,-9080,990,1553,-5085,815,-3165,-6890,290,-2395,-10826,1140,904,-8720,2808,3886,348,3194,2878,-4580,2655,5405,41081,2137,2293,-4993,4157,5831,40492,-3348,-4668,127,-1518,-2988,-2557,-230,-1294,1407,247,2842,4838,4395,-5478,5709,26681,1605,1226,5704,33098
11/15/2024,683,2527,6039,1875,2209,9071,1711,1078,-1711,350,3811,9187,-525,-4170,-6455,265,-1047,-3473,110,-1995,-7291,2865,8276,1132,450,-166,-1764,4998,4387,-5613,-155,3566,6195,2328,2209,9715,2042,3492,6540,805,3796,4525,-525,-5825,-13088,-30,-2759,-6720,312,-3925,-4813,3080,7525,11191,450,-1865,-3582,4998,8271,13501,1102,1640,305,3726,1672,1640,305,3003,-4000,-7680,-3920,-5055,-2669,-5787,1685,-6052,-1719,-1684,1685,-4977
11/18/2024,746,-2458,-4140,135,-3504,-4163,-767,-1420,-3409,265,65,-7141,4078,4764,-2796,1380,-1195,-4040,-669,3619,-7249,1210,-2820,-2068,2068,972,860,2305,-490,-1423,-305,-3959,-5298,-1045,-3504,-11955,-2005,-4889,-10104,-1405,-4551,-9105,1950,590,-6127,830,-419,-18415,-2366,-1195,-14506,2681,-3787,-47812,1215,-1335,-19305,2305,-5810,-52045,-1606,-5508,-1812,-6135,-1609,-3168,17,-5575,2776,-1368,-1220,-5824,336,-3843,-3340,-3070,1280,385,-3385,-5432
11/19/2024,1225,-152,2600,1013,2522,842,-445,-116,-923,960,2058,1048,-59,-4330,3414,960,1990,-6996,-897,-1100,-8161,1618,5377,3360,855,-2245,-4685,5384,4642,10823,1225,1618,2612,1013,2522,1032,791,-821,-1945,1400,1539,-2875,160,-2325,-5005,960,1990,4231,575,3640,2166,688,3412,27615,855,3640,2603,3877,6377,32458,-196,4033,3114,4359,144,1446,1149,4616,-3860,-8938,1042,5403,261,-8348,1997,5640,-645,-3980,1997,4577
11/20/2024,-623,-1325,1534,830,985,2043,262,-134,-1801,-605,-750,-754,-1366,-1114,1437,345,1519,2646,848,-872,-5501,-1470,-1361,-400,-245,-383,437,-2265,-1366,1678,-240,-1750,-187,-300,985,-730,-340,-1369,1117,-905,-1085,-2230,40,-364,1978,345,1519,10360,2858,-1638,-8697,-1947,-1361,-11641,-245,-2348,142,-2265,-1366,-2207,-142,-1122,-997,1524,-1245,2430,-205,1649,7166,-1383,-1769,-5152,-2917,-7186,-4192,-1641,-2034,-1516,-4202,-1533
11/21/2024,1940,4415,-2389,2670,5412,-4946,2451,3909,-5479,2465,5766,-1599,2265,4508,9144,3385,9231,3896,2699,90,11952,6723,16850,-2624,4080,4351,-1943,6918,16018,-7360,1940,4663,-6909,2670,5412,-3844,3190,4618,-5418,3160,4435,-312,2265,4775,12731,3385,9231,3250,2654,9510,14226,6723,16330,-8861,4080,9145,12106,7533,16845,-7837,3614,-4508,3528,-2736,3726,-3770,3263,-2736,3540,6990,5276,-2782,6725,-144,1289,-6940,-1434,-4635,1289,-7350
11/22/2024,2368,1727,-2888,-455,-831,-4180,-613,-1089,-3185,565,-440,-7832,2137,8338,19892,2597,5112,10443,4527,5297,28229,2656,5027,-226,2197,4707,3440,2969,1812,2989,1730,276,-960,110,-831,-5760,-575,566,-2780,1190,-626,-153,2137,10957,32002,2827,5112,19640,5810,10628,35821,3066,3794,38390,2407,10598,39011,3604,5960,39027,-93,-2729,1520,-2872,904,-1282,1330,-1797,7670,19799,8878,7478,8976,16736,1426,1167,5836,6332,1426,5550
11/25/2024,-1035,-3364,-1050,-1745,-4135,-5140,-2245,-3691,-3236,-575,-865,-5960,630,-2594,-6580,2695,-2392,-4646,-686,-1131,1592,1751,220,-1281,1625,1053,-5635,2886,67,-7085,-1035,-5500,-7585,-3725,-4135,-12397,-3715,-6060,-9632,-2465,-5880,-12385,630,-1645,533,2695,-2392,-4311,-412,-2945,6826,1631,-6086,-11830,1625,-2205,7002,2886,-3760,-10755,-2223,-4231,-4375,-2791,-418,-1630,-1685,-4501,885,-2819,658,-2559,6034,1854,-5572,-5122,-2207,-5035,-5572,-5487
11/26/2024,-5,-615,-799,1576,-855,-312,921,-244,-799,-60,-790,2004,660,4073,5127,1478,2757,1864,5380,3500,7684,-215,-2222,1087,395,2860,5046,-1840,1436,164,-5,-615,4114,1576,-855,-45,921,-5,4247,-210,-1000,4059,660,5126,7485,1478,2507,8686,6991,6918,17671,-1040,-1755,13407,830,6009,17671,-1579,-1755,13407,-1915,983,46,243,-1730,704,-140,-1305,2068,-2358,-465,3301,4141,805,2025,846,1692,913,2025,4012
11/27/2024,1553,-745,470,2119,499,3063,1972,766,543,1178,760,4383,3015,2639,-2362,1595,-3085,-6640,297,5963,-7220,1033,4959,2952,1175,-173,-1853,2070,4731,-6943,1553,-745,470,2119,499,4402,1972,766,568,1988,1008,6643,3015,6875,7198,2745,2050,-3671,1620,8835,4563,2191,6086,-24990,1560,8610,2424,2070,4229,-27926,-479,-654,-1430,1824,-479,-654,-2555,4958,-4162,-469,-4500,-5051,-884,-5619,-5627,-4608,748,-1853,-5632,-5612
11/28/2024,1465,3925,6880,3770,5215,6430,4035,6060,6880,1990,4215,7765,115,2170,7590,1200,3455,10000,5415,11605,16257,2085,3320,3040,1120,4745,3128,3430,2145,4400,1465,3925,6730,3730,5215,6730,3730,4755,6730,1630,3710,6730,115,1965,14593,3045,4955,11125,5880,18000,16395,6110,6645,7900,2580,18000,16395,5140,6645,7900,2390,-915,7990,-915,6215,-685,7255,-915,-290,-870,4730,1915,2136,658,6075,1105,1510,-1465,6075,1105
11/29/2024,2595,2621,4836,3374,2251,5488,2957,2496,4836,2190,4380,5649,1400,2860,1600,3290,3825,7114,5782,541,15868,2005,14331,775,114,1470,3212,6208,17677,1419,2595,2621,5372,3374,2251,5649,3374,2496,6192,2365,2411,6570,1400,3800,12005,3290,3825,7114,6356,10390,15868,795,17021,18364,2160,10610,17737,6408,17998,21065,-508,2300,-1565,3145,-508,2300,-1565,3145,-371,-2333,2335,2760,15614,2710,14428,5760,-161,3460,14428,1874
12/2/2024,180,2587,3361,1670,5355,1310,1373,5763,1532,-30,2595,1408,3140,4493,1333,3185,640,1005,1222,5474,6012,2709,-538,-1169,2930,520,-2426,3255,-2039,-6560,180,1619,3780,1670,5355,1310,1135,3556,380,1840,25,-525,3140,4614,9433,4200,2292,7938,1045,3668,9663,4023,-4301,8270,4645,2943,8834,5045,-3743,8270,71,-437,-2733,209,587,-424,-2427,29,2712,-1306,-2840,-3603,5556,3197,-4990,-4355,-29,-5445,-4990,-4436
12/3/2024,-400,-1390,-774,-820,-890,495,-756,-1956,-804,-365,-1975,398,1305,-3726,-6969,1501,-1105,-6478,-2000,-1741,-3903,1151,7505,3602,1581,1013,-2650,1670,7204,9874,-400,-1390,-239,-493,-890,679,-454,-1956,-249,-570,-1330,-684,1305,-3096,-17785,1501,-1105,-6738,-3405,-3299,-5569,1151,4456,39629,1581,-3545,-7303,1670,8045,39629,-378,2836,-855,3541,-988,1100,-755,3541,-4375,-8810,-1473,-4480,-2775,-1041,8574,7378,-6965,417,8574,-811
12/4/2024,-588,-2822,-4847,-1180,-3395,-5769,-1434,-4432,-5473,-340,-1605,-4853,-1892,-4444,-6973,-425,-2137,-6876,-1995,-1943,-8944,800,1459,6029,-1462,-543,1004,1070,1581,11120,170,-2485,-6561,-1180,-3395,-4591,-1155,-4840,-6303,240,606,-8427,-570,-3875,-16205,-425,-676,-7727,-2600,-2096,-18370,-729,597,30169,120,-2096,-13227,1060,3839,31334,-3437,-4578,-1705,-1890,-2622,-1838,-705,-905,-4330,-8780,-3135,-2694,-6263,-8369,1448,13143,-2239,-1389,1448,14514
12/5/2024,10,-2587,-2475,-920,-2120,-5703,-840,-2257,-1465,1095,-2425,-4800,910,-2129,-6232,1705,-3250,-6999,-416,-1310,-6490,3260,652,2489,415,-2131,-2438,4335,-1400,-4767,10,-2380,-3780,-1130,-2120,-4860,-840,-2050,-3710,195,-1845,-2620,1230,-2291,-9566,1875,-3250,-10978,-1025,-2035,-9686,694,-1745,-4025,700,-2035,-9450,543,-1195,-4025,-1137,-1479,-975,-64,-1882,1064,-190,-64,-1369,-5842,-2337,-4022,-851,-1086,4070,1116,164,1036,4070,8661
12/6/2024,1210,1791,2226,-200,1081,4090,-344,916,-312,1340,2509,3836,2455,10545,12488,1750,12443,7570,3170,9852,18190,2605,5322,2621,1560,610,5232,1929,7225,2593,1210,2654,2542,-200,1081,4812,-344,-249,3832,1100,1998,3307,2455,12099,14875,1750,12975,10377,4790,11331,22878,972,488,59225,2450,11116,23577,2424,3557,59225,-1190,949,1068,1235,-1078,-438,270,1654,3314,6059,2746,5589,7100,15189,7534,4003,4553,657,7534,5703
12/9/2024,1250,-724,3783,60,-1075,2884,-1703,-1449,2716,-565,-170,-1350,-1150,-2775,-6130,-1155,666,-4266,-135,-1675,-1101,914,-3906,-1193,-545,1204,-4470,807,-3347,1852,1526,-763,-1910,-480,-1075,-189,-1275,-734,225,181,-1655,-2155,-960,1540,-3779,-615,1091,4334,772,3051,2282,389,-5461,35018,566,4263,2447,895,-4591,35695,636,68,239,576,-580,2098,-3105,576,-816,-4404,1196,783,6634,1930,8662,3718,-1973,-4145,8662,1452
12/10/2024,875,-3312,-652,215,-606,992,600,-1579,-913,-5,-212,965,-1425,-4405,-6985,-1010,-3950,-6895,-1974,-1991,-8997,4751,-5750,-2975,-1451,-1852,-4450,-2425,-4365,-5526,875,-1268,-1908,1050,-606,2547,1890,-1163,71,-465,-3048,-1583,-1425,-7740,-25042,-1270,-7690,-14825,-2450,-7850,-26651,2046,-7288,7403,-2355,-8125,-26140,2905,-5254,9608,-2058,-1769,-189,2040,-1343,-1321,-565,1733,-4472,-8949,-4365,-6991,-6253,-8473,-1922,-4728,-2323,-4340,-1922,-792
12/11/2024,2241,6194,4211,3806,7415,4664,3857,7573,4149,2505,4630,4583,2610,-2437,-4104,2910,7237,5616,3913,1234,-3032,5095,14123,-2441,5845,-41,-4675,8045,12611,-1701,2100,7385,5706,4129,7415,5356,4094,7791,5728,2395,6800,7351,2610,4885,3635,2910,8395,9376,5160,18490,12350,9202,14751,22315,5845,18135,12350,8540,14686,22289,2002,-605,3675,-2396,3634,-1889,3680,-1762,-3945,-7885,-372,2909,-290,-2391,10700,-3296,-1764,-3920,10700,-3800
12/12/2024,1740,535,-1774,105,-655,-5376,483,-407,215,1800,-625,-5928,1345,964,-3273,945,-91,-6820,-854,515,-3996,6828,8675,2598,1515,3801,3639,1670,8612,-1165,1740,29,-3620,1095,-655,-3460,-280,-1324,675,1250,-1175,-1762,1345,964,-3852,945,1516,-7648,-854,1778,-7002,6828,11782,4791,1515,1543,-5713,4020,8675,5181,193,-2344,1545,-5089,664,-2592,2920,-721,-2438,-695,1258,-4950,485,-749,3975,-379,2298,3263,3975,9223
12/13/2024,2365,-511,-2510,530,-2675,1059,1753,-2053,239,2860,2124,1240,735,-454,-5338,-1315,-3945,-6925,-1753,-1570,-8000,2605,-5731,-2830,880,2601,-2491,-2015,-2540,-7415,2365,-2430,2194,635,-2675,-1571,875,-3318,-1446,2885,-829,-1858,735,916,-6289,-1670,-4590,-19070,-693,-6525,-16158,2605,-4327,-58334,1185,-5465,-19468,-1120,-7229,-63825,40,-403,2227,308,-1216,-2204,925,384,-3663,-5822,-4500,-6980,-6434,-8072,-6265,-6755,-1825,-2401,-6265,-7220
12/16/2024,1351,4950,2551,2079,2229,9559,1843,4434,1956,1559,1485,6936,40,-3895,-6055,841,-2445,-5275,959,-1985,-9000,7720,-1228,-304,1955,-1260,-2420,9609,959,2003,1180,4409,3665,2079,2229,5884,2012,3697,2740,1669,2295,2351,270,-8345,-4622,841,-1775,1866,5887,-4665,-455,6190,-2450,5170,3825,-5730,-815,9742,-1228,5170,2233,819,1552,3562,2171,971,1873,3152,-4415,-8954,-1104,498,-6468,-7816,5357,1362,-5780,-1279,5357,-4701
12/17/2024,1024,6370,4942,1637,5815,-3715,1969,5716,2365,-455,5639,2499,2554,4247,7303,1743,976,-2322,754,2647,6227,6018,3238,-2145,534,2185,5286,3325,5643,-1678,1090,6492,8319,1067,5815,1026,55,4517,4865,1912,2817,4611,3520,6830,19326,2353,1395,8967,2212,3115,8600,7825,3890,-17771,1825,3360,9639,4395,1615,-18675,124,3799,-599,2193,394,7464,-320,1375,6762,16934,4700,3007,5335,8222,-1272,-4847,1862,4269,-1272,-4450
12/18/2024,2434,1260,-4645,1205,897,-5975,-618,262,-5270,1700,2190,-8975,-145,-2212,-6150,1353,894,-5199,720,-1112,-8761,7190,16575,24790,1350,518,490,9358,12383,23006,2465,1260,-4285,1205,897,-1930,425,930,-6065,1310,165,-3250,-145,-4676,-16420,1353,944,2,1988,1617,-8019,7818,16561,51689,1258,2712,-7718,9358,16421,48376,3248,-6310,320,4412,2768,-5900,1835,4690,-4476,-7318,1972,-182,2396,-6364,16525,35050,584,1746,16315,21482
12/19/2024,1289,-603,2488,2340,1515,1545,3130,860,2963,575,1557,-57,1003,1321,8352,1688,1518,13882,3054,1666,-811,5663,3509,11150,1391,1334,-4225,5257,3082,6161,1430,510,931,2340,1515,-778,2317,2873,582,1705,-25,-1512,880,7863,11088,1688,1518,7135,3425,7474,-138,5582,3186,27474,1552,3369,310,5257,3841,27553,2349,5548,1247,2576,2772,5773,-145,2338,6681,12681,2147,2776,4667,20389,5124,13988,-381,-3990,5109,16228
12/20/2024,1403,248,2320,1467,610,3398,5091,2285,3865,-585,1474,15824,2054,5815,603,1710,5406,2811,1705,5950,17113,1490,1355,10529,2775,3960,-260,1605,4390,8920,1497,1772,10557,1467,610,5470,1575,517,5276,1547,3606,15154,2300,4013,10963,1710,5406,954,-830,5910,12331,2195,6391,-1148,2775,4985,14989,1735,1345,-178,6706,11756,9729,16759,1859,4335,2852,18579,-1460,-7835,5707,1044,1518,3970,4594,13499,-1232,-3950,4584,25134
12/23/2024,2456,5232,6134,1866,4203,7692,570,3398,5763,1585,3009,9162,2275,6634,-2701,1910,4565,-1254,1993,1156,-388,3273,-112,4064,2435,-201,6637,3280,7773,-2127,2456,4464,6365,2275,4203,8864,1221,4177,6248,1835,5790,7310,2275,12614,12664,1910,5954,6693,5548,8678,9360,4032,5930,8388,2595,9701,10102,4003,5438,10053,1958,5211,4670,7966,1988,4758,4643,5646,85,-2679,-174,-4565,-3348,-8367,-2975,-5275,-2617,4526,-2975,5175
12/24/2024,1515,1887,-989,1977,1541,4223,508,1445,51,1345,1877,4938,1495,-1595,-5096,1555,620,-3448,415,-1985,-8810,3225,8346,1552,1362,-1865,-4650,5910,5509,11996,1515,2727,-189,2051,1541,5713,2149,2067,1665,1770,2801,1685,1495,-2070,-20715,1555,1190,-4194,415,1120,-16710,3225,6801,30164,2880,795,-16710,6335,9416,31858,1894,771,1309,5367,1513,1087,1679,5367,-3880,-8074,-90,-2205,-4244,-8341,6867,8921,-2229,-3920,6867,10270
12/26/2024,2990,2298,-2936,2745,879,-602,3476,4208,-2936,2995,2407,1856,4069,11895,10712,5605,12519,18529,6896,15578,29227,5780,12075,1113,5030,7414,4327,6241,10285,-1111,2990,1907,-1837,2783,879,-1094,3253,2900,-1837,2323,1377,-4728,4069,13972,27875,5605,12519,21963,7199,15596,28845,5780,12075,26808,5030,15511,28845,6241,12075,27362,1610,-2532,-400,-5816,723,-2389,-330,-5816,13671,21697,10919,16083,17971,25095,11447,-4779,4364,-880,11447,-4095
12/27/2024,860,6625,2079,3466,2185,-156,1956,1788,1849,1585,1981,912,2392,7671,3264,1650,5140,79,4698,81,-1270,4519,7729,3036,4749,2631,4008,4869,8511,-4200,860,7296,-2297,414,2185,-10146,-286,5943,-9066,1530,6688,3400,2570,7410,10336,1650,5600,8323,4755,3840,3590,4984,7617,-12690,2575,4030,3764,4869,7783,-13492,1199,-880,2860,-314,3751,2864,3340,-2361,7138,11093,-1075,5043,14607,-5087,-4906,-3577,3269,3411,-4906,-3488
12/30/2024,3145,3909,-3730,820,1996,351,1789,1482,464,1940,3099,-622,70,-1687,-5760,-690,-1137,-5580,-1995,-1935,-8095,-1000,-3635,-2980,1195,-345,-4225,-2110,-1563,-7395,885,2539,3259,820,1996,-4255,-25,-200,-1813,1320,2630,-3220,70,330,-1736,-345,-2465,-17865,-2885,-5985,-23112,1278,-5247,-65654,-755,-5985,-27075,-2557,-8459,-72090,233,2836,1802,1233,838,2165,2929,126,-1740,-7950,2934,-6280,-6081,-8474,-6405,-6845,-3505,-3870,-6405,-1759
12/31/2024,-411,-1002,-2889,1328,-1280,-339,1643,460,2493,795,415,133,480,-3825,-5745,2595,5424,12345,3976,-1560,-2967,8309,15132,18479,2105,-429,-472,10766,13320,30618,-240,19,-2832,1328,-1280,-81,1515,285,3314,740,5407,-353,480,-980,-9283,2595,5424,13445,4750,5885,8203,8309,15208,53087,2810,6465,8840,10766,15107,52285,2106,4589,-348,4568,994,5412,1046,5383,-4080,-7715,1831,13504,3054,13977,32415,19381,-4155,-3975,32415,60050
1/2/2025,-445,-1984,-1729,-1955,-2110,-5864,-1494,-2384,-5429,-605,-1450,-7303,1087,192,-1780,1228,650,-5927,-1953,-1135,-7866,2158,-1086,-2330,807,1360,1480,705,3444,-7377,-370,-1850,-11454,-2570,-2110,-13465,-1031,-3585,-10815,-2360,-8385,-14060,1163,432,-1067,1228,650,-8637,-22,-38,-9002,1940,-1326,-30762,1025,-635,-7113,705,-1096,-20406,-1194,-2329,-580,-4290,-3202,-4012,435,-3005,2808,4420,1540,-2848,1001,-1935,-1465,-2670,1588,7175,-1465,2242
1/3/2025,2736,-245,4775,-205,-2430,4324,469,1863,4166,1000,235,3729,992,-1651,-549,1710,-1948,12324,3695,-900,13414,2470,-2434,-2111,868,-215,2893,3855,-2974,-5746,3035,-1325,429,-205,-2430,4324,-560,-1415,1921,1547,-3248,664,1140,-1482,12561,1710,-1713,12222,4285,-780,13536,2604,-4368,13371,1520,-1140,13719,5830,-1909,13037,-1178,2116,-1550,3831,-1116,3980,-3165,3938,177,1406,1936,16520,2173,13408,-3478,-6423,-8,4622,-3478,-4341
1/6/2025,980,807,3788,1530,512,3345,1313,1286,2838,1930,2297,2684,-1975,-4007,-5735,-1060,-3370,-6980,-1999,-1960,-8995,-270,-6435,-2961,-1345,-2120,1595,5170,16745,-7475,980,605,3788,1825,512,3345,1195,1390,290,1885,2819,3274,-1770,-1150,1288,-780,-4095,-5572,2175,-236,-11990,3366,-1179,-44820,660,-1311,-12350,5695,-955,-39346,1285,2962,1265,3621,1242,3999,120,5371,-3810,-7680,-3435,-6895,-5875,-8499,-7000,-6552,-1455,-1306,-7000,-7496
1/7/2025,640,494,-4961,1178,1022,1393,1366,1625,-5385,370,2809,-1192,2150,4970,-6636,3030,4816,3200,2206,6272,677,6394,12642,13569,2440,2245,-4490,7834,8044,19267,640,1665,-2060,1793,1022,-605,2698,1317,-973,570,2608,-2027,2150,5745,-201,3030,4816,4304,2347,7016,1425,6243,8061,39090,2440,6149,83,7834,10517,41212,147,-2194,-2212,-34,86,1876,591,1194,-192,-7398,3235,522,2844,6295,8626,22660,-734,-4050,8481,17107
1/8/2025,1112,3389,9665,872,3373,10072,1556,4533,8375,-380,2779,9261,3820,7407,19146,3215,5178,20950,8621,3637,25008,5375,5209,5935,7127,2348,4465,4880,6698,10741,960,2444,9665,872,3373,11048,1745,4709,9314,1186,2756,5364,3820,7407,20482,3215,5178,20950,8196,14196,25378,4233,4004,24631,5780,12646,22691,4110,2087,21096,4081,3255,3546,4483,6176,3671,2746,1038,11782,28378,5424,17850,13782,43016,7677,9326,5246,20777,7677,12455
1/9/2025,0,0,0,0,0,0,0,0,0,0,0,0,0,0,0,0,0,0,0,0,0,0,0,0,0,0,0,0,0,0,0,0,0,0,0,0,0,0,0,0,0,0,0,0,0,0,0,0,0,0,0,0,0,0,0,0,0,0,0,0,0,0,0,0,0,0,0,0,0,0,0,0,0,0,0,0,0,0,0,0
1/10/2025,1663,3743,1945,2359,2315,-872,4130,4663,7849,1430,2790,-1802,2095,3564,9259,2165,2660,-724,2446,2734,2532,2410,-2072,-1079,2814,5935,3080,2960,-1682,-3344,1840,4187,197,2495,2315,-242,1929,4731,5900,2428,260,-145,2095,3740,11547,2165,2660,190,1570,5323,3267,3863,806,-33592,2215,4793,975,3136,-1862,-37912,3840,4849,3565,5317,4652,5367,3503,122,1862,9949,2620,1474,2327,7671,-1187,85,2165,3931,-1187,-3700
1/13/2025,78,-51,-2998,-505,-182,-5750,-901,-1107,-5303,-510,-412,-6170,385,3714,-49,938,1049,-4872,861,2286,-3528,1755,9916,6723,675,3115,1415,2655,6629,900,750,420,-5495,-505,-182,-6170,-312,-755,-5430,1863,245,-5862,385,3714,-6562,938,1049,-2128,1034,4205,-6062,1755,10385,20863,675,3234,-6045,2655,9916,20782,-1091,-4131,778,-4311,-2101,-3858,778,-4311,-1032,-4603,-585,-6321,977,-5378,10255,4723,1245,-1319,10250,17687
1/14/2025,2112,1066,-2704,1602,388,5750,1833,1752,1303,920,2221,5551,1475,2757,-3326,2541,3324,11169,5008,-1808,7765,3060,2447,-1007,3016,800,99,3710,3168,25691,1900,1954,875,2127,388,7519,2237,2235,2698,1740,3737,4160,1475,4710,6960,2541,3324,11257,5008,7170,16836,3060,452,18620,3410,7280,16931,3710,1410,18908,3710,4190,2302,4135,1971,5726,2024,6577,3797,4728,4055,18393,6101,-5351,970,12231,-89,-292,795,133
1/15/2025,2528,3815,14793,3139,5797,17275,3365,4401,15932,2573,2815,13735,1706,301,3096,2168,7995,17555,2806,3817,23491,4200,23434,2111,2841,1230,4815,4305,12834,7412,2528,4690,17171,3139,5797,17827,3653,4841,16762,4087,8637,18038,1831,2756,12883,2273,8255,21004,5230,10675,27114,3964,22453,73464,2941,9745,29048,4595,23747,73522,4819,11515,6002,9138,4908,11191,4504,9400,2295,-3255,7615,15743,10891,20147,11518,937,2732,77,11518,5224
1/16/2025,1389,-400,-4290,1275,-1918,3414,3649,1281,7474,-20,-548,5639,2270,3635,11837,3350,2481,11376,2282,5693,9118,5170,8910,11227,2690,1234,13689,6555,7192,26197,1050,2,4663,2880,-1918,5307,2280,1846,5252,125,-1454,5113,2270,3635,12282,3350,2481,11967,2282,4909,10332,5170,8910,37763,2690,4443,7237,6555,7485,36112,7433,9610,-2275,7592,4110,8433,-1785,5497,2822,11583,2345,11878,5018,13761,8448,35645,3856,8090,8141,28312
1/17/2025,2766,2985,-1315,1465,3251,-1974,4756,2985,-1942,680,3264,-2031,4863,3698,-3810,565,1936,-3482,1896,6619,-3804,3113,6906,-280,1400,755,-1170,5633,7295,-2810,1728,2481,-132,1578,3251,-2752,1655,2481,-392,1280,626,-3645,4863,3402,-2296,565,2086,-3384,1975,4224,-9118,5544,6655,-15526,1400,3528,-9118,5633,6906,-17107,-1271,-444,-1237,-6314,-1361,-2749,-2120,-76,-266,-5392,-175,3082,7265,-3446,441,-2353,1072,-1200,441,-3341
1/20/2025,1215,-576,2740,-1010,75,-845,-755,1730,675,800,720,-615,2135,2207,5116,2090,-1295,1492,497,-1850,-2345,1240,-4980,-2995,253,-1420,-234,620,990,-5035,1215,40,1050,-1010,75,-845,-755,1730,1980,-335,-1320,395,2135,2207,6905,2090,-140,2325,-158,-895,-150,1230,-5005,-11990,360,-1140,-150,620,-5005,-11990,220,-2336,510,-3010,-495,-2336,1359,-5815,4320,10086,-45,-1435,1255,4785,-5490,-6175,-736,3747,-5490,-7415
1/21/2025,1785,224,-1523,3200,-1376,-4720,2660,252,-2908,-830,-875,-2768,381,-639,-4306,75,-2453,-6995,-1850,-1913,-8961,200,-5186,-2935,40,-1810,1756,1195,-1032,-5458,1785,525,-3034,3200,-1376,-6700,1925,-123,-4118,1960,-307,-5021,495,-1103,-5018,295,-3363,-20144,-2680,-1809,-18735,-2044,-8978,-64639,196,96,-15839,286,-10924,-69559,-2351,-1522,1026,-3702,-2017,1176,495,-3927,-2810,-2699,-2457,-6935,-6036,-8202,-5852,-6965,-1760,-4820,-5857,-7500
1/22/2025,578,7199,3170,2415,2715,4807,5707,4674,4089,2632,2976,4741,-425,-2649,-5048,671,-1310,-1851,203,4289,-5032,-1230,3088,3087,1806,4526,-153,645,16411,3635,1135,4691,8522,1865,2715,1368,2646,4674,337,2542,1920,5163,-425,-5495,-18326,671,-1575,-10633,-2073,384,2999,-885,9318,12197,-1085,-900,-1912,-210,8483,-737,-374,378,-1587,-2390,2698,378,-580,-2280,-4018,-7858,-2421,-5044,7128,3225,-128,209,1324,239,-128,8332
1/23/2025,-1017,-926,-3814,-688,125,-1679,-912,-165,-3722,-100,-1665,-1312,870,854,-4354,1495,1375,-5011,-1425,-1620,-5233,2695,4080,1469,1005,-1053,250,3470,2757,8321,-740,-926,-3805,-252,125,-2286,-387,-165,-4202,-1215,-1837,-3186,870,1734,-10625,1495,1375,-4423,-1445,2169,-5063,2116,4671,32688,1005,1824,-6688,3775,4666,32435,-1330,-2245,-1221,-29,-364,-3027,-835,-29,-1871,-3486,-322,-2529,-1799,-6071,2979,8481,1813,154,2709,6906
1/24/2025,-875,-623,-4955,-1970,-4775,-3390,-1769,-3004,-5385,-710,-1430,-4736,420,-3345,-6859,2240,-1058,-5640,-1310,318,-7586,2460,-2549,-1,990,-1610,-791,5877,-1492,-4080,-790,-2320,-2935,-1050,-4775,-125,-730,-2930,-1506,-2035,-3095,-3095,420,-2705,-8849,2240,-1058,-11025,-1615,-3690,-6511,2460,-2545,671,430,-3915,-6311,6372,-1226,5075,-2374,-3026,-1965,2171,-1614,-2501,-2875,2171,-3390,-8955,-1235,-6975,-1088,-6158,-715,8047,-1040,-4025,-715,7809
1/27/2025,4080,3251,3796,2325,1490,7214,1804,4157,6426,2486,3766,6008,3915,7865,5385,3660,5300,-37,2485,3475,8021,4035,-1715,1151,4450,5101,2749,1050,1371,-4238,1530,3468,3706,2325,1490,7214,2190,2469,4203,2471,2373,4891,3915,7865,9173,3885,5301,5281,6654,7137,9923,4035,3795,2522,4450,6530,7898,1195,-1585,-963,3961,6280,1700,8200,3729,7140,2050,7641,6233,9774,3744,1824,4306,4466,-4545,-1323,1339,253,-4545,7303
1/28/2025,530,1042,-676,810,3828,-1892,917,2570,163,-580,-1940,3600,1674,1422,-3484,3565,5783,-2183,1781,-1055,-3493,3600,2375,-2345,1730,1680,-4660,4526,-220,-6275,530,1508,4206,810,3828,4513,1535,2213,4618,620,2500,2768,1965,3403,1231,3565,5783,8101,4244,6448,12500,3525,4972,40273,1730,7033,13158,5570,4742,41950,2779,-753,2320,1537,2600,-2450,-558,1547,793,5124,408,-1085,2383,1418,58,-4878,802,-3890,58,-2579
1/29/2025,2735,7875,14252,2843,5850,9226,3240,5142,10411,1295,6115,17538,5955,14947,28513,3360,14392,30348,15035,14007,65828,6495,13600,13081,7750,13857,17151,6476,15315,36664,2735,8147,18045,3973,5850,13418,3645,5645,13892,31,4662,15758,5955,15284,36022,3360,14392,44502,15035,21572,68767,6495,13600,86056,7750,19690,67733,6476,13600,81753,7731,13248,5291,11788,4657,12897,3588,13764,11495,31764,9010,37319,20998,56221,21419,23527,8788,16289,21274,31171
1/30/2025,4462,4368,3851,1828,4459,2385,5250,3619,5259,910,3342,4551,5725,11871,13913,6892,13726,13225,9240,13793,14495,6488,15587,4006,5501,12924,8160,6073,11343,-1157,1555,4540,12627,1828,4459,5910,1798,3002,6853,138,3088,4076,5725,12823,15219,6892,13726,9385,9419,14023,10085,6488,15512,13185,5630,14491,10879,6073,16057,3352,-71,6772,2675,7537,2293,10444,905,5356,5804,11057,6440,5725,7217,9924,506,-4791,3834,8492,506,-3541
1/31/2025,-281,163,-4314,1046,2086,-4620,1009,437,-3422,445,-301,-5748,-301,-3829,-5749,-480,-3135,-6945,-1738,-1076,-8998,4500,-985,8492,-1033,2580,-1423,3430,-4376,-5919,-65,245,-7544,1046,2086,-4313,824,437,-1497,300,-433,-1130,370,-3275,-13475,40,-3455,-20575,-3740,-2155,-15448,5913,-1120,-42062,-415,-3230,-14650,3740,-1919,-44851,-2110,-1669,153,-2035,874,895,-1040,-1533,-3955,-8795,-3750,-6696,-6211,-7838,-1408,6540,-381,-1837,-1618,9201
2/3/2025,1721,6101,4221,2995,4505,-4100,2076,4792,-4500,2305,6145,7283,5635,11061,27028,3633,12717,20228,4467,12081,19780,7515,12597,-933,8130,1975,2720,6577,6752,8937,1855,6365,4268,2995,4505,4765,2210,4940,2480,1355,5605,5476,5635,11061,27953,3633,12717,35454,10395,12729,29757,10585,11285,43615,7600,12978,32744,6577,12597,44444,4453,5571,3080,4075,4173,4622,4082,3676,8607,21140,4775,16573,5756,16605,1305,-2378,-1524,7680,1305,17817
2/4/2025,3170,6647,5783,3631,5877,9210,2497,3227,3946,4237,5271,10223,2782,6512,11541,3424,8035,14793,4762,7957,24261,3500,15498,3999,1619,2470,5789,5291,17566,9861,3445,7605,12125,3844,5877,14967,3117,5068,10311,4060,6227,15178,3575,7350,13805,3589,7907,24240,6767,10390,35110,2585,14830,58796,3014,9710,37657,5975,15997,60983,5740,5628,4783,7996,3455,5150,4581,6693,2418,10086,11064,12282,5835,20822,19181,9580,2902,2672,19181,12220
2/5/2025,4027,820,4944,1895,-135,2085,3820,2344,2662,5249,883,550,980,-3900,-6110,2010,3873,2517,1719,-1875,-3257,1495,7137,7909,610,-1745,-2053,3190,5240,19133,1393,820,-1490,1895,-135,3060,3959,485,-1520,1573,136,427,980,-1101,-5520,2010,3873,7862,2784,1005,-2098,1495,4190,61915,1060,1005,335,3190,7757,62893,2604,-2741,-1645,2094,-1402,-2741,2969,689,554,632,1609,4758,1512,-2380,8155,24106,-1388,-1653,8150,16799
2/6/2025,705,2219,100,2279,2374,-378,2066,1578,4006,705,1464,10715,925,2791,13126,935,-340,8006,4973,1312,15245,425,4458,1349,1967,724,7261,1248,-2674,5837,705,2404,10975,3029,2374,11184,2409,3150,8341,28,1559,11834,925,3048,7802,935,-255,8814,5835,1959,15212,-40,-595,27061,1967,1559,13598,1248,1528,27721,4259,4093,4303,5787,4809,1317,4160,6497,9175,12255,2416,8958,4399,19416,5066,4882,565,8729,5006,5364
2/7/2025,750,761,-3349,459,1858,-3475,864,-1440,-2008,525,349,-4204,2635,1279,-4536,2385,6732,-2908,3199,5808,1619,8074,14268,-1710,4075,1845,-4165,9396,6454,25975,750,-120,-2018,459,1858,-4863,479,-782,-3649,0,-1320,-5578,2635,3125,-4164,2385,6732,-2294,3207,7259,2211,8074,14722,40347,4075,7254,2368,9396,15078,45223,575,3051,-492,-2747,-842,4901,-974,-1474,1975,-1319,3030,4567,6638,15724,14632,30919,137,-4165,14417,51424
2/10/2025,789,2509,4202,-458,1193,3890,1579,4164,5163,1436,1614,145,3355,3426,11765,2000,-980,121,1676,-1538,-611,3340,-3564,-1213,3256,2771,3699,780,-66,-2705,1111,-761,3090,-458,1193,584,-269,1834,3174,908,509,3726,3355,3483,13525,2000,654,-1506,914,-4491,4750,3340,-4130,-48837,3256,-4061,-2606,780,-6132,-51594,9010,-1580,6690,-6261,7327,626,6085,-4071,11045,15920,2780,-2746,2559,-4978,-4665,-6522,7048,5147,-4665,-7382
2/11/2025,2648,1536,8361,4174,5548,6480,4774,3622,6254,3720,3652,4485,990,3604,11830,2245,35,5047,1780,1681,1610,-1350,-6314,430,600,3036,6154,425,-268,-3471,3125,1980,6768,3730,5548,4782,5235,4365,5588,4030,3180,5264,990,3780,14196,2245,35,5618,1780,-1951,1782,2448,-7638,-35363,600,-1951,1772,1850,-7638,-35363,4457,8781,5180,9445,3560,8046,615,14797,8089,21841,-87,3825,790,10868,-5968,-4452,4770,11263,-5968,-4387
2/12/2025,-87,-3803,-1300,-1785,-4939,-5933,-1229,-2709,-3887,-65,-2245,-5357,2773,2157,222,-1040,-3215,9237,-1655,-1075,3100,625,-4223,-2375,6247,-1980,-3214,2448,-4265,-7009,355,-2762,-7086,-1300,-4182,-6896,-1030,-3092,-8253,-660,-4012,-8952,3145,7171,17067,3655,3562,12762,4258,9518,23418,7199,3048,12754,7350,9173,24782,8024,5693,13864,-2699,-3601,-3857,-6572,-2402,-5848,-3365,-5782,-790,-7485,2322,-5815,7068,-7485,-6422,-5572,4495,-3748,-6422,-5232
2/13/2025,-1445,1871,-812,1275,1317,11233,1432,1326,3460,590,1491,6430,-915,-4016,-6184,305,-1510,-971,-1995,-1962,-7143,2050,6611,11946,-880,-2367,-4620,3385,5906,20450,305,1629,-812,1275,1317,11233,1073,605,3704,290,1619,1330,-840,-4773,-11235,345,791,90,389,-3451,-4528,516,6901,34063,50,-4446,-4653,3501,7936,35365,1964,3988,980,9629,1373,5090,1630,9004,-4046,-8539,386,951,-2379,-4974,11847,26778,-1790,-5485,11282,27758
2/14/2025,756,-247,-2260,-1905,259,-2792,-1847,-263,-4229,195,193,-2346,1018,3597,-5747,1905,4028,-885,984,1378,-8416,2026,5071,2353,1227,5065,4,2446,3430,13025,635,234,-2664,-1155,259,-2346,-1235,-400,-4356,59,-1200,-3662,1358,2192,-7173,2445,4923,524,640,5977,5364,2189,6278,37630,1202,5977,5364,2451,6278,37630,-1361,-4667,-1920,-3614,-573,-4770,-2445,-1809,-3884,-5374,463,1868,519,-3760,5576,10321,-2626,-5490,5576,14179
2/17/2025,990,2265,6920,2165,3280,6285,2350,4095,6285,2155,2610,6670,1855,3550,11501,3100,3325,7270,5405,5075,14260,7000,4485,3160,4265,1060,1605,8875,2560,5035,990,2265,6420,2515,3280,6420,2515,2920,6420,945,2105,6420,1855,4355,13461,3100,3370,12330,6340,8680,19220,7030,13575,25455,4265,8680,19220,8875,13575,25455,-856,910,425,990,-856,1205,735,990,-163,4911,580,-420,-545,1025,-6475,-5850,209,-890,-6475,-7205
2/18/2025,1730,5869,8258,4701,7567,8171,3978,6437,6492,325,2026,12878,150,4655,252,2700,3830,12674,6902,5435,6783,2969,2046,-1489,915,4205,4640,891,-2139,1747,1730,6299,14820,4701,7695,15617,3978,7275,12802,1600,5637,12724,150,3995,13968,2700,3830,11900,8359,6753,15851,2969,2962,-9673,915,6193,11753,816,2041,-7794,1883,6881,1823,5217,2328,4430,6198,6052,3907,6344,2404,13608,4054,4741,3451,-5977,2489,5768,3451,-5532
2/19/2025,3407,2326,-2251,1970,2279,-4054,955,1829,-948,2760,3324,-1171,3205,5515,2125,2050,9247,2785,-300,8377,4387,3511,-4967,-1156,3281,-1670,-1526,4485,7729,-6188,3500,2326,1913,1970,2279,-4320,1155,675,539,2055,645,2014,3205,13063,29861,3590,10897,25567,5045,18755,37903,6819,12465,-581,4435,18900,37553,6108,13406,-194,1695,-2783,1052,-6107,764,-1385,1718,-3232,4832,-1970,6335,855,8747,8570,-5440,-5127,1700,-1526,-5440,-6947
2/20/2025,-1366,-154,-2875,-1915,-4220,-4780,-1442,-2831,-4232,-585,-1700,-6891,-215,93,-5075,-1070,-1065,-6970,693,-1130,-4461,-965,-3893,-2140,891,-2105,-497,-136,-3973,-4790,-175,-2709,-7582,-1915,-4220,-6491,-1350,-2235,-6320,-1089,-3029,-7654,-215,-1520,-11937,-391,-1065,-17705,-2029,-4052,-18177,2229,-1520,-35136,331,-4415,-17961,105,-2317,-42864,-2244,-3068,-2840,-5200,-1933,-3697,-3065,-2922,-301,-6373,-2685,-6749,-3897,-6274,-5080,-5880,-2555,-1372,-5145,-5880
2/21/2025,2645,2947,4374,5365,2875,9217,3956,2094,2712,3299,3440,10538,-1980,-3785,-6215,1130,-3300,-6387,315,-1892,-8871,11205,23596,13464,2205,1299,-4235,13530,21978,48028,2645,4650,5328,5552,2875,11169,4387,4135,5684,3785,5567,10817,-1400,-6805,-23350,2265,2025,-1799,1272,4290,-11856,11205,24321,59473,1955,3580,-9775,13600,24270,59939,4331,2879,3647,8051,4231,2362,3271,7541,-3590,-7110,1580,-6762,-5276,-8488,32922,27065,907,-4115,33642,28791
2/24/2025,2955,3847,7311,3467,2975,6118,1792,3892,7316,2550,5264,10060,1465,-2730,-4448,1760,-885,-2726,3472,235,-3202,3665,6372,7975,2115,1492,1537,4420,7064,9547,2955,5067,7226,4097,2975,6469,2781,3388,4510,4514,10436,11848,1465,-1957,-5479,1760,-885,6,5293,119,-4115,3665,4030,14969,2115,44,-2234,4420,7061,13517,4427,7345,3215,10088,4344,6149,3645,14913,-3252,1633,89,5237,-515,-4946,8920,12637,-48,12097,8905,10591
2/25/2025,3875,5761,1044,5204,5213,121,3579,6475,-192,3812,3974,15447,1775,8180,15389,1865,5726,14176,6279,8353,28901,1450,8570,2096,1287,4586,4243,2525,4510,9832,3875,5995,1044,5204,5213,-585,2603,6475,456,4042,6127,15645,1775,9274,22672,1865,5935,18977,6405,9693,29391,1400,10057,3569,1480,9268,25102,2525,8370,5300,6315,5778,3997,1225,6833,4974,7865,3576,12313,26151,7616,17061,14051,24614,4315,5385,9935,727,4310,2488
2/26/2025,1385,915,4784,1992,445,6445,403,4428,2561,400,2690,5807,2620,1060,-2150,2685,535,-6979,147,1338,-8754,5322,-5701,935,4122,-761,143,3665,4456,-2141,1385,1401,3030,725,445,5951,-755,2201,1415,1400,835,3924,2620,1255,4163,2685,535,-5334,780,1250,-9448,5696,439,-42118,4260,930,-4938,3665,-746,-37710,5662,9583,6250,13766,7388,-1482,3300,13516,561,2346,-225,-1156,-771,-6226,-2335,7367,-1102,-141,-2340,7448
2/27/2025,1985,3171,8959,2225,3268,6124,1148,4624,5432,3410,4855,7339,1140,640,-4180,2895,974,3987,3805,5335,6887,6827,13659,31406,2810,1386,1082,8047,9381,28519,1985,3517,8959,2540,3268,6124,2765,4054,5489,3390,5183,7625,1140,640,-2675,2895,974,3987,5245,5335,6887,6827,12514,43149,2810,4685,6881,8047,13629,38929,3091,3706,1675,8597,2171,2486,4712,11775,2006,-1273,1773,6970,5597,7712,13238,36350,5563,1955,13218,32571
2/28/2025,1055,1384,5323,1545,3735,6824,246,266,2654,1175,735,5572,711,2718,1103,710,2215,8243,2795,4274,22862,505,-249,5088,1600,16347,17388,255,144,1453,1055,4875,5323,1545,3735,7260,1555,4224,3710,1980,5598,5144,805,3031,1352,710,2215,5621,3300,19451,17663,-770,-5570,-3095,1455,1950,17933,-180,-5049,-3627,2626,6654,1800,9688,800,6192,1770,7013,20782,3905,1715,14121,3107,3870,339,3105,2457,4284,-496,1735
3/3/2025,2305,337,-5000,2780,886,2516,547,-1525,-5269,2465,-1710,1573,3220,7082,12314,4450,6396,19683,6653,7397,9459,3975,13080,14471,4120,6523,131,4760,6030,18344,2305,1435,-3305,2080,886,-4245,1250,950,-4035,1995,2646,-2710,3220,7082,12314,4450,6396,19865,7245,8958,8953,3975,12051,37916,4120,8423,7442,4760,12495,33140,696,-1539,2135,711,997,226,140,1630,6095,10529,7140,23778,9324,10935,14922,42728,9241,138,14897,20583
3/4/2025,1825,2675,4016,1400,1145,7375,2051,2981,4864,2055,1840,5338,1161,2693,-1195,3040,3885,2689,9456,1335,16532,6465,11420,727,4375,2811,410,6585,11431,11626,1825,2675,4016,1400,1145,4242,1490,1686,4467,2460,3995,4852,3460,5403,5080,3040,3885,7420,8308,10955,23103,6465,12175,41062,4375,10275,18114,6585,11850,38637,2470,-151,1365,4409,2141,3265,3720,4463,854,-289,1570,-1495,6546,13381,11630,9802,-825,575,11595,19478
3/5/2025,415,298,4052,2295,955,4571,2757,1377,-4481,-425,-1775,9108,1445,3167,2862,655,2610,7852,2092,2914,3466,3805,3884,6322,2675,-850,-4085,3040,-1183,4299,415,1245,3565,2295,955,6216,1840,2006,4073,225,1606,4458,1445,4975,13315,1340,2610,6420,2670,2995,2249,3524,2886,17585,2675,2040,4372,3040,3859,28471,-586,2893,3390,497,-459,-25,2560,810,2064,1209,3615,3412,5840,4331,8870,-4833,-1074,648,8855,17731
3/6/2025,910,-512,-4142,2058,-504,703,1462,1685,6450,705,494,3710,2890,12821,10340,2995,6287,8291,1563,14419,-817,6715,7636,-2450,2846,7087,-2289,8634,15395,14922,910,98,-1094,2058,-504,-711,1754,-443,6268,1266,2053,3483,2890,12821,12796,2400,6287,8365,425,8955,5488,7492,7753,15279,2380,8385,5655,8400,10166,12866,2942,1897,2680,4293,1599,3612,2425,3435,10512,-1246,3270,3690,5862,1592,15758,14639,8930,4390,15758,20409
3/7/2025,1555,2957,5747,2458,4283,13094,2144,2681,9023,1220,5272,13561,2605,3955,-2955,4589,4715,9782,8457,5322,6155,3995,5265,2369,3440,1357,3547,3760,3525,8986,1555,4220,5747,2458,4283,10645,2703,3479,8431,1570,3317,6463,2605,3044,2315,4589,4715,9954,8457,5322,10541,3995,4954,8742,5370,4650,4273,3760,5240,8317,5391,7713,5300,11383,2988,9550,4582,11595,2017,2241,1090,10196,4769,2877,4044,-1066,1347,1123,4547,11988
3/10/2025,1650,6367,15313,5437,6397,17702,5362,7062,12313,3701,4136,12446,-1730,-4480,-6380,2661,7283,10082,10057,-1995,26334,9380,14681,40552,-1075,-525,-4265,12575,12614,44170,1650,6367,15313,5437,6397,17702,5362,7840,13735,3896,5279,14341,420,6110,7492,2950,7283,17869,10368,14798,23440,8765,12491,69631,3595,13671,22130,12575,14591,68637,6915,14427,4725,16967,5415,11338,4910,15885,-4180,-8370,4920,12400,14890,10259,13420,51454,5860,-4150,13410,39566
3/11/2025,1820,8283,8962,4165,6078,12217,6519,8291,15623,3090,5713,14296,2610,6722,19045,2465,4225,14688,6824,10291,30000,2435,-1417,2316,3390,4036,5203,1440,-2662,8872,1820,8283,13445,4165,6078,9908,5125,9188,30699,3260,8548,16301,2610,6722,14537,2465,4225,13749,7691,10291,26230,2435,-178,14286,3390,9971,19413,1440,-1452,11867,8667,11897,5715,14191,9707,14327,5855,20066,9430,20153,3410,15584,10859,23683,1962,6232,8798,5538,1942,5886
3/12/2025,1621,5311,2408,-184,5047,2721,326,4853,6472,732,4313,2186,1940,8295,16706,1575,4575,15645,1542,6729,7000,1055,-5361,3386,3402,2917,2687,-265,-871,-657,45,4314,2073,-184,5047,872,-31,3728,137,380,4789,729,1940,8463,19109,1575,4575,13797,500,4956,7082,1521,-6902,-27779,2545,5745,7832,-720,-8146,-30711,4384,-2946,4963,4320,6336,-727,6608,4365,9063,20751,3747,9562,6741,8896,-5525,7669,6471,6099,-5530,-7234
3/13/2025,2990,4840,-440,3690,4932,13248,3382,2353,3009,1405,5465,12883,2410,10995,1854,3490,9964,9730,7893,13115,14898,6340,16577,11092,3970,9520,-845,8812,10490,24437,2990,6340,11725,4065,4932,10915,3903,3156,7301,2460,5003,9555,2410,8815,6775,3870,9964,9730,8808,14340,14898,6340,16171,28789,3970,13625,15132,8812,16552,28920,3016,9192,3748,9545,1232,9330,4063,13055,10480,-1856,8891,13772,9029,14097,6857,17766,4520,-1231,6852,14920
3/14/2025,805,987,-3692,-35,-711,-2919,-724,28,-4078,480,-254,-1340,2080,4808,-260,2305,5111,15433,3508,9085,9001,2933,8793,7431,2932,74,-1236,3665,6127,18556,805,-2070,-7171,-995,-711,-5216,-1000,-3745,-6776,-495,-3590,-6701,2080,4280,-2048,2305,5111,10768,4640,6156,7121,2034,9473,50256,2932,7885,7462,3865,9287,51182,-2012,-3262,-414,894,-2358,-2544,-307,-1881,3578,2174,2977,11923,5995,7801,11330,20737,70,2014,11330,19928
3/17/2025,-750,-2094,-1195,-1465,-1725,270,-1615,-1526,7076,285,-260,8286,525,1112,6991,703,515,8570,677,2550,7220,475,-4735,5195,588,-775,5825,-25,-2100,4183,-635,-1540,4337,-880,-1725,9438,-860,-972,5070,-1355,695,8825,550,2260,8587,68,-1690,11176,2402,-2140,1151,4,-8440,-19672,1065,-2460,1520,105,-8315,-18510,-1952,5588,-1970,9026,-2659,6187,400,4731,1013,5765,-67,6420,-1267,4429,-4074,3400,3385,10215,-4074,11789
3/18/2025,6105,11580,20621,6221,6141,7533,3360,6675,11545,5935,6475,19881,4005,16449,58411,7990,19854,51728,9233,18963,49738,6380,15150,2851,6210,14235,17233,4910,14958,-1300,6105,11580,23542,6688,6141,8966,4773,6838,12415,4975,10578,20723,4005,16449,59080,7990,19854,56680,9233,22099,52153,6380,15150,27992,6210,20494,52798,4910,15145,27382,7438,12863,3300,671,4593,4388,4355,2489,17847,38240,15826,4585,15030,32314,5402,-3068,5197,10680,5397,-2882
3/19/2025,460,1407,-1331,996,2436,498,1130,194,3572,-500,2339,1036,700,1814,3379,930,3497,11919,3109,-1130,12790,1205,5638,-2370,985,1185,-1533,1090,5943,13732,460,420,6360,350,2436,-2575,-1200,-561,-2609,-870,-2600,-1852,700,3655,9013,1130,3497,15877,5728,5694,14311,507,5080,35939,985,4764,13976,2504,5961,36550,-57,3725,2525,4521,574,4973,1565,-2260,3285,2781,1617,5492,5358,11465,9396,8561,1841,-130,9151,12039
3/20/2025,3020,5236,6261,2484,4890,7820,3160,5820,4780,3370,5575,9497,840,7883,1056,979,3309,12021,4082,6762,-5594,3945,-2523,472,960,2588,12074,395,12862,-4198,3020,4660,6261,2484,4890,8131,3160,6137,5591,2415,4350,11847,1170,6414,15708,979,3309,15611,2015,5030,18387,6089,5257,-21977,2410,4240,17134,3035,4576,-20885,2970,195,1000,4749,2496,2846,1663,1504,10574,16455,5681,22706,15656,734,-1426,-5863,5630,11526,-1431,-4492
3/21/2025,530,238,-4613,-785,8372,-3455,-13,7857,-1869,45,-454,-3960,1985,9641,11497,2126,5936,2806,587,-1125,-8204,1740,6555,-2614,940,1312,-1843,2395,1828,-6153,530,9432,-10180,-270,8372,-8470,-240,7562,-9058,450,7552,-3219,1985,10968,6678,2126,5936,19131,1520,4008,15398,2260,5320,26916,940,1642,14429,2395,6585,27781,-1023,-3533,-395,-3284,-1000,-2787,-425,-3145,4124,4266,2945,-6945,2338,-7455,3113,-6940,745,91,3113,-5584
3/24/2025,2045,3987,-1566,-638,492,-1855,-890,3735,-3664,713,2936,-1030,3750,138,-1266,3365,4072,653,1573,665,11107,3030,9126,630,3840,-263,3227,3085,7215,6672,2045,3453,-3822,-552,492,-691,-686,3735,-2899,1139,2761,-1489,3750,4178,8526,3365,4147,12055,3181,6455,14575,2017,4720,36479,3840,6015,17245,3085,9127,40947,850,-370,374,2975,619,-675,284,3088,-2368,-1402,-350,3670,-534,4638,7201,8422,-687,2967,7026,8933
3/25/2025,986,4101,1562,3245,4990,6007,3265,4168,3898,1380,6586,6593,1015,3289,6611,240,642,690,2902,5165,5403,4785,4292,-1666,3538,2643,795,5470,5350,590,1300,4995,2873,3245,4990,6363,3265,4530,2113,425,4610,8363,1015,3153,12757,-556,2507,4348,3420,4044,6654,4552,-878,-1650,4250,3569,3727,5275,-530,-1650,1745,1106,1662,-1000,2085,961,1942,-970,1506,3089,-426,1378,1731,2325,2928,1521,1947,936,2928,-2146
3/26/2025,1560,-367,5136,1460,-348,980,-104,-1169,-733,885,-491,6671,-1625,-3790,-6750,2175,3322,-3406,2503,-1059,-8623,5826,4932,1263,1235,89,-4470,4414,1166,9081,1560,964,1764,1460,-348,5751,1650,-617,1863,155,-183,873,-485,-4090,-17520,2175,3322,2407,3228,2479,-6926,5256,3916,24860,2280,1815,-4050,4801,5777,26441,-17,2340,-635,6074,-88,2307,-1366,6074,-3369,-8475,4182,1260,885,-4866,7959,-736,-5255,-4145,7959,212
3/27/2025,1205,5390,17217,3101,4240,7024,3382,4645,15240,0,3812,6484,4701,7628,10860,3315,2120,16358,4268,-500,28447,1725,-3065,982,3046,6766,871,3305,6893,2910,1205,3975,12044,1875,4240,5422,1890,3137,15532,2745,7723,5440,2440,7221,13233,3315,5745,14948,4664,8307,24430,4900,9451,26435,2675,6675,29216,2675,5340,21961,4911,12631,7641,6793,6920,13827,5180,3405,7856,14570,6405,12865,12419,21062,-251,3537,3881,425,-256,9690
3/28/2025,1930,4230,6980,2713,2350,7481,1374,3835,7287,2470,2753,4466,-1505,-4195,-6605,2055,9665,12153,5088,-1485,-5249,7145,21854,-1440,4140,2271,-4490,6581,20047,63989,1930,4533,6980,2713,2350,7481,1892,3827,8045,2495,2725,4558,3245,4815,-3562,2055,9665,16290,5756,16990,12141,7145,20620,75464,4140,16075,12778,6581,21769,78077,1156,2423,-850,6103,1607,2225,-480,8062,-4085,-8280,7190,11608,7537,-4767,12476,30996,-1546,-4160,12401,27176
3/31/2025,-275,-1231,-509,-585,-930,-5970,-1191,-1582,-5374,-130,375,-5757,144,-4475,-5745,-150,-2233,-6947,-1685,-1560,-7875,1625,7046,-2472,815,-1690,-4715,2228,5746,-980,-275,-615,-6184,-585,-930,-2335,-550,-1815,-4550,-1165,-1680,-4275,710,-4682,-23515,-150,-2364,-18890,-4235,-3195,-13382,1464,6270,19618,815,-3960,-15463,2228,7031,18739,-3119,-6920,-475,-1069,2609,-5110,-675,-1016,-4410,-8298,-2610,-6945,-1344,-7203,8335,-6920,-6420,-5365,8310,15856
4/1/2025,3100,3988,8425,3097,2805,9216,2978,3170,7835,2715,4560,8057,1170,486,-3310,2845,3985,3619,3415,-1541,1190,2414,2425,6624,1707,86,-375,2453,3240,920,3100,3385,6225,4261,2805,8240,4422,3083,5297,2440,5335,16829,1170,2745,5840,2845,3985,4208,4025,1850,370,866,1178,-4463,1715,1345,110,2653,2425,-2906,4276,9873,2274,8155,3262,8342,4106,10020,1788,-630,1950,4578,1816,6576,667,2144,-1356,9763,667,19017
4/2/2025,1435,5181,10913,3694,6608,13143,3041,5756,11385,907,5518,14746,1500,-2845,-3383,1590,-35,7036,5481,-900,12812,955,4108,-2490,1695,-1715,-4275,3450,4174,9148,1435,5338,10913,3694,6608,13143,2971,6184,11385,1392,6253,14323,1500,2780,3566,1590,1190,7840,6291,7010,13005,417,3017,17443,1845,5515,10110,3450,4103,17704,5494,11263,5708,11244,6474,10085,4555,14747,-3048,-5535,-644,7302,3161,5939,4697,7663,-997,-5350,4692,3127
4/3/2025,-135,2079,1378,1160,180,214,535,-1040,2798,-50,1670,361,740,2875,72,911,360,6692,5582,4087,1068,4390,8699,20395,990,-1199,2554,5095,9222,18979,535,2436,1395,1670,180,-667,1055,-1370,3941,780,510,3445,740,2875,-442,911,360,6423,5582,4573,2007,4166,6460,24754,990,1443,1564,5175,7656,25730,820,1462,10,7818,2460,3245,-80,-2136,814,-2356,-1040,13910,7003,906,8497,29023,669,4938,8487,20019
4/4/2025,2185,4081,7504,3630,3210,9393,2818,3495,9403,1905,2386,6781,3275,4118,3840,4100,8305,21189,11727,12341,18436,4150,15642,-2262,4380,6695,1175,9600,5335,30219,2185,3520,7504,3630,3210,9393,2882,3501,9403,2390,6678,12420,3275,5833,5938,4100,8305,21189,12486,12341,18436,4150,15642,44777,4380,9970,13807,9600,15467,40951,3630,25123,3305,24145,3322,4234,4176,19550,5201,9108,9210,19845,13535,23801,33496,47792,7210,73,33456,25460
4/7/2025,1205,3540,-4010,-108,3625,-4825,3710,4736,-4010,-575,1430,3969,1080,6775,11900,2105,6215,16255,3366,-1035,4557,690,4415,-2305,1750,4585,-25,4635,4490,5715,1205,3540,-374,770,3625,44,1618,1690,-4113,-125,1480,-761,1080,6775,11900,2105,6215,16255,3366,6290,4557,5780,4415,15859,1750,5070,4370,4635,4165,16072,2641,-872,470,2419,2176,-1142,915,3718,6350,10890,5380,17790,5550,8690,11575,13561,3625,-870,11310,6244
4/8/2025,1761,3312,3423,4060,3070,11843,3118,3446,-3887,4725,7918,11482,-175,-1070,-5409,-1305,-100,-1172,-1667,-1257,-6987,-1195,11880,-2785,2021,6005,-1246,7395,6315,12794,1820,4815,5578,4060,3070,9272,4170,3475,7430,5710,7144,11432,-175,-1070,-5885,-85,-100,-370,2660,2925,-3428,5872,11318,16501,2280,1490,-5265,7395,11680,8892,5725,7559,3835,8960,5190,7109,3375,23010,-370,-6923,1370,325,5640,-8127,10290,-5603,-2125,-5250,10240,-6905
4/9/2025,2810,5610,7043,2400,3650,7742,2312,3585,5238,3425,3499,6213,2525,4924,2519,4290,7225,11394,8050,14048,185606,3535,15005,41816,5150,4475,3140,6515,4365,32398,2810,6395,6546,2650,3650,5947,2940,4370,4810,2835,4635,6926,2525,4924,2519,4290,7225,9830,8050,13447,185606,3535,14926,51511,5150,11315,13988,6515,14955,52457,5815,4834,3318,4440,3945,2911,5538,6377,3290,-1532,8520,12373,11292,15422,18342,50423,737,3963,18277,197523
4/10/2025,2825,4223,9284,4087,2965,4533,2990,5558,7263,2165,2270,8346,1970,4901,14951,1770,2275,20185,7860,9471,19759,5520,8455,33073,4010,6275,1497,6065,6565,29779,2825,3240,9284,4087,2965,8346,3235,4866,7301,2405,2372,6756,2350,4760,13598,1245,2275,14138,7860,9680,19759,5520,8455,35817,4010,9355,19715,6065,8395,32187,3202,6522,612,4608,4803,3978,3659,3375,6478,13244,3760,14773,10979,15785,11910,32627,1189,1601,11890,19732
4/11/2025,1075,-2148,-3791,-147,335,30,-2040,-3017,-5125,280,-330,1614,1010,4280,5745,1165,2570,17893,1928,5622,8467,4565,13750,24954,2640,3270,223,4695,10615,24945,1075,-532,-197,-147,335,6888,-142,-3742,6526,643,-2487,4888,1010,4347,4898,1165,2570,17893,2275,5693,8467,4825,12953,24902,2640,3372,6818,4695,13390,29045,205,1517,180,618,-2206,1027,-1465,2713,4295,3701,4460,7866,7510,2122,14274,11742,3885,3186,14044,25764
4/14/2025,3165,4709,5580,3285,6220,8102,3485,3822,5300,4009,6938,9533,3340,2805,-240,4715,7363,-2005,4011,5835,537,5610,881,1081,4175,3581,355,6420,350,-2024,3165,5343,5580,3285,6220,8102,2585,4923,3630,3284,7138,9529,3340,4194,2247,4715,7363,60,4741,5343,-822,5610,-223,-24900,4175,5035,-2150,6420,681,-21320,2318,8284,2438,8877,2525,1647,4830,9857,5074,2238,4695,6008,5458,2865,-3435,-1917,3078,1985,-3650,-800
4/15/2025,2105,3446,2233,3055,3345,-3822,462,183,1022,1540,1980,-3254,3535,6883,12343,4100,2470,4442,3395,6539,12920,4745,3882,-2890,4025,646,1126,490,-1604,-6866,2105,3554,1680,3055,3345,-3200,510,870,-27,2410,2475,-2055,3535,6883,10729,3879,2470,-5670,84,5626,10302,4745,5388,-44625,4025,7866,9281,1400,985,-42920,4058,3263,950,-4062,3078,-5452,1157,-4062,10405,12469,2705,2124,9224,13186,-4173,-6560,2306,181,-4173,1653
4/16/2025,-379,-1045,-4071,745,-1067,4282,-50,-440,-4676,-640,1749,4987,295,-3876,-5945,1665,4154,11176,2676,-1873,8554,3350,8005,11666,2207,4275,1819,5555,3232,15341,-190,-607,-256,995,-1067,1433,845,-2,1679,-510,-97,801,295,-711,-973,1665,4154,11994,3970,3822,8912,3078,6588,35113,1765,2217,7362,5555,7910,33642,-642,1476,-1155,5349,-1266,-5950,-1015,5349,-950,-4567,5060,13176,9396,11196,12512,20502,3629,-1657,12482,16688
4/17/2025,785,2891,12922,1028,2460,14760,3300,4917,11998,1250,2040,14994,1780,10596,17074,1890,6398,13899,8031,7532,17146,4645,228,4472,4430,9920,5948,4111,1404,8258,785,3107,12922,1028,2460,13417,1848,4685,9506,1703,3487,9963,1780,8309,17883,1890,6398,11722,9384,9068,17686,4645,1374,-1331,4430,13947,14481,4111,-631,-4980,4534,9306,2845,10854,7813,9306,2920,10819,7895,7904,2065,4501,5214,2604,2659,-4840,4306,5648,2654,1682
4/21/2025,3295,4426,11193,4187,6123,12557,3009,5849,10463,3740,5782,12341,395,-695,-5277,2150,4660,10517,8639,1832,11184,5630,26212,-1065,3838,1824,-3595,5140,7176,710,3295,5735,10686,4187,6123,13014,3848,5705,13387,3865,6712,9133,395,-1155,-2123,2150,4660,1755,5970,5250,6590,4568,25560,18094,3075,3655,3805,5140,24637,18110,3989,8753,3025,12536,3761,9053,2450,14138,-1165,-927,-51,-3965,9096,440,-710,5821,2343,-3940,-710,12805
4/22/2025,2595,6564,5694,3540,4410,4850,3031,5421,1354,2854,3859,6250,1890,15281,14799,2530,4249,7942,8154,14510,7296,2585,-323,-82,2990,12074,3807,2930,-2119,5188,2595,6564,7993,3540,4410,5481,2386,4258,1140,2924,3401,6001,1890,16879,9885,2530,4249,4540,16755,18835,4640,2134,-1397,-11654,3080,17449,4970,2930,-533,-10785,4821,6400,3014,7000,5852,6256,3139,9137,6207,7214,3332,4531,5855,7026,3317,10320,16902,2400,3307,7628
4/23/2025,1880,897,4308,3898,3070,1694,2102,2943,3208,1625,675,8257,4050,3611,2458,1185,50,10114,5985,1112,14840,4790,4259,-2995,1480,3948,3925,4785,6580,-7013,1880,2265,4308,3898,3070,2641,2735,2770,300,2534,5235,8531,4050,3611,2512,2780,1749,11508,5435,4450,16140,4790,5865,26407,3940,4962,15418,4785,6467,23403,4525,-2529,1755,839,2582,2382,1920,6584,1323,506,4364,12951,6653,4464,8739,-6736,1676,789,8724,-6744
4/24/2025,850,2177,3878,1810,1735,6342,1417,2267,4371,1760,555,6382,2395,-2145,-6245,2855,4231,6745,4308,5360,4880,3020,11990,8653,4035,-2290,529,4170,7849,26474,850,2920,3398,1810,1735,6342,1780,2545,1943,1795,2617,4076,2395,4158,-5742,2855,4231,10569,6034,6470,6877,3020,9757,44445,4035,5810,5314,4170,11985,44530,3033,7560,1923,11016,2777,7560,2194,9003,-2925,-5325,3464,7290,4271,1703,15616,33317,-434,-3960,15611,33163
4/25/2025,-898,-1127,-4385,610,-595,-5393,-1600,-3964,-5393,-545,-125,-4253,17,1645,-3280,1335,2000,480,2910,1970,9673,3835,8622,3871,-213,2847,12,5065,7234,22824,-365,117,-3433,405,-595,-7020,-430,-1920,-6501,-340,-1120,-4681,305,3890,6601,1335,2000,6327,3275,6607,9673,3080,7192,32096,1160,4809,7637,5065,9714,33625,-3902,-6866,-1195,-1864,-4477,-4869,700,-1636,-1415,-8580,4035,8573,4984,-3686,9769,15777,-1564,-3905,9769,23718
4/28/2025,830,1243,1624,-140,-1020,2500,-122,-200,-11,1180,1508,644,-1115,-4214,-2998,-670,-2560,-966,39,-1932,2844,1135,3321,-627,-365,-1111,-315,1709,786,-1222,830,1745,-203,-640,-1020,-472,-430,15,-858,170,520,3062,-1115,-2590,-5120,-670,-4020,-8460,-2845,-3340,-10472,1018,-67,7431,-365,-4730,-10900,1709,3291,-12573,-3303,4940,1018,4595,-1845,4715,450,4406,-2397,-2664,-2247,548,-4408,887,2724,-2658,-706,639,2484,10175
4/29/2025,-30,2887,-3589,1210,727,-2827,229,3770,-577,-625,517,-2944,350,1690,12691,-410,-1814,-1134,2600,-84,-1505,610,-1725,-319,1886,-387,-403,2285,-1286,-3300,-30,1725,-7481,1210,727,-1212,229,973,-1881,-310,-1358,-3653,350,2130,9604,770,-1814,871,2750,-848,507,1388,-5804,-13627,1210,-1339,-1081,2285,-4495,-13123,-872,-3909,-482,-1650,1287,-3208,-260,-3142,5174,3836,-1744,-3266,1249,-3689,-2135,-3733,1298,-87,-2140,-4126
4/30/2025,-125,-909,-4525,-1705,220,-4525,-1659,-2417,-4525,-510,875,-975,775,3345,2630,330,3655,-5620,-1570,-1551,294,2315,8443,-2965,1815,5278,-5610,2760,4626,-7495,-125,1135,-1615,-630,220,2465,-590,-380,-1908,-510,1495,1681,775,5712,5318,965,3655,7393,3340,7487,3463,2320,7533,18780,1815,6304,5042,2760,8522,17860,1113,-4031,266,986,1774,-1928,886,-154,2758,18799,-601,-6385,4864,-1349,10406,-6885,-999,-4000,10386,7626
5/1/2025,1395,202,-1518,1735,200,5221,1554,-1106,-944,970,-289,5934,1825,4315,4472,1260,376,4997,5268,14208,-1102,1215,-1647,4191,-126,198,3270,-545,779,3345,1395,513,-2329,1985,200,2867,2720,175,-1582,835,935,-79,1825,4169,7501,1260,376,3580,6976,13513,-7425,798,-3988,-15002,865,12858,-5956,65,3123,-27866,1606,-355,125,7061,1625,2965,4029,7586,2844,6535,5514,6642,13051,-964,435,7055,2486,4335,435,6704
5/2/2025,1757,1941,4597,-370,801,327,1519,3002,3837,-585,615,2431,1570,5757,-3231,1915,3949,-2392,2952,3912,3134,4902,5140,-127,2040,5433,-1652,4691,3190,180,800,351,7464,205,801,3666,382,2010,5690,810,836,3833,1570,3767,-7776,2105,3949,-7892,1912,4015,6280,4014,5085,1299,2190,4385,6454,5121,5140,2196,2963,3344,3444,-2941,4132,-1614,2491,-5940,-2878,-6062,-1960,-1452,-660,2684,14018,-6091,-1944,-5205,14018,4783
5/5/2025,815,3050,5638,3135,2859,4252,3963,3168,3170,1700,6098,2306,1995,1461,4586,1899,4857,3006,5655,6527,4000,2969,10277,1773,4250,4040,2921,5684,2707,-4721,815,5203,5707,3135,2859,1972,3363,3605,3388,1104,2317,1338,1995,2588,5253,1899,4104,10977,8342,4325,4870,4730,10277,-5428,4250,3701,4706,5684,10277,-5428,2827,12995,2060,8378,3457,11530,2040,10302,-1465,-2325,6337,4435,7017,1582,7489,-2664,1884,-2280,7489,-5152
5/6/2025,975,2908,2550,1997,2500,5627,2726,3181,6284,745,2249,5370,4852,10793,18644,1715,13304,33526,12662,14707,38852,4226,12259,-2885,5886,1780,10520,2326,13248,2052,1005,2908,3237,1997,2500,6446,2367,2855,6284,1065,2131,3955,4900,13895,30943,3880,13304,33308,12353,20619,41850,7187,14611,38859,9027,19474,40378,6400,12949,39098,2660,-124,2602,494,3178,1751,1379,2094,6409,16424,9207,24134,21565,11211,11323,-1023,2203,3931,10975,-2345
5/7/2025,2515,4801,14119,1940,4791,10300,4859,7608,15699,1750,-77,15070,2607,6605,21056,4140,5350,25382,6687,8789,22008,2820,9135,10029,2010,2430,7417,3530,4668,23268,2515,4149,21881,3700,4791,29727,3965,5918,24021,2540,5904,28031,2607,6244,22376,4140,5350,31159,6630,7936,22168,2820,11316,46242,2010,6911,21488,3530,9135,51251,6398,18469,7807,12318,7906,8620,5365,12318,7301,16542,7234,20513,8656,22420,15600,16886,3293,8645,15585,16371
5/8/2025,1795,5714,1045,1595,1645,-503,1635,1575,1217,1525,3851,2516,1205,3787,8315,1406,1172,-1107,-369,1671,-4004,585,625,-1000,1060,-582,2432,430,-2464,-3568,1795,2796,7058,1555,1645,-976,1845,1763,-895,1370,2245,-3293,1205,3787,8099,1746,621,9440,770,2875,-3748,886,3227,-22742,1751,2260,-6069,940,2568,-46477,-310,-1571,-2967,-344,270,-127,-2862,-454,4057,8017,-469,-2402,-2029,-5221,-5759,-3860,404,2174,-5759,-1936
5/9/2025,3200,2952,-3809,2010,2000,-3548,957,-71,-1960,3860,509,-2469,1640,6993,7534,1882,5668,7404,2207,8324,11575,7328,5793,-2965,2565,3423,3464,8819,2120,-7490,3200,1950,-3099,1475,2000,-1689,680,-348,-3350,3508,-538,-4563,1640,6635,18463,1882,5668,15548,2222,8425,16286,7629,6986,-12947,2565,8370,17375,8954,6705,-6433,1934,-4276,248,-5135,1179,-2428,178,-4480,4413,16574,5435,1530,3797,9729,-6496,-6550,-7,2778,-6501,-7315
5/12/2025,335,4633,458,1180,1390,-4389,60,741,5319,550,2065,-3157,-1095,-437,-4794,-1295,-3995,-6929,-1826,-1945,-7102,165,4815,-2967,-1290,-1788,-2053,355,687,-3106,335,1835,-3186,1160,1390,-5497,1100,1750,-2237,-1125,-1235,-5452,380,820,-100,-1100,-2340,-8484,1290,-265,-1197,1114,7613,2328,930,-265,-1214,2510,8135,3070,4320,-5652,2922,-7720,3901,-5785,1757,-5652,-2597,-8625,-3735,-6982,-6098,-8393,-6860,-6959,-1877,-3950,-6860,-5880
5/13/2025,3101,7571,15126,4139,10218,11203,3788,6583,12900,2974,6146,14570,2268,1616,2361,3180,7839,17274,3391,730,26441,4487,7500,2037,1593,3127,-4725,10124,6879,15313,3101,7571,15370,4139,10218,11645,3459,7212,13963,3274,6443,13545,1545,1418,18117,3180,7839,17241,3528,4213,24165,7996,7746,17520,2875,3662,25408,10234,7500,19751,3862,1482,4703,4246,3389,849,5028,4328,74,6094,8087,12938,8148,15237,13691,1320,-873,-1007,13691,15330
5/14/2025,4366,11147,7205,6355,7119,6202,5455,10725,5173,4306,4135,11384,1955,11534,17601,2181,13251,18495,4784,13003,19501,2392,13962,-724,1573,2854,7909,1676,8364,4909,4366,11147,13340,6355,7119,10857,5455,10725,13194,4171,7630,9916,1955,11534,31754,2181,13251,26098,8943,15929,29913,2740,17718,28583,1711,15929,29603,2301,20545,30552,5523,4606,4938,6408,6685,5194,3733,6408,6679,19140,8731,17068,12710,20439,22568,4174,6312,4864,22368,10454
5/15/2025,3016,4597,7154,3035,3741,14200,5682,6134,10492,3755,4224,15600,1770,4705,5898,1680,1300,3667,4160,2933,3758,3505,651,-1850,2675,5110,-1462,-790,2585,-6072,3016,4232,12222,3035,3741,14473,4250,6134,9599,4210,6997,14728,1895,6025,7580,1875,1300,2542,4494,4205,1788,3453,646,-12072,2390,2540,-1863,-25,651,-11358,2733,8542,1672,11437,3883,10059,4096,11877,6172,9165,1530,7403,4634,7031,-3589,-5747,1419,-2414,-3589,-6193
5/16/2025,-175,-978,961,98,-1260,3289,256,-917,104,-840,-1580,2233,3440,-4445,-6975,-255,-3835,-5035,-1999,-1983,-8656,1570,-3321,1005,3669,-1960,231,-2340,1281,-3080,-175,-640,-219,98,-1260,2233,253,-1097,1191,-950,-845,1985,3440,-7495,-23680,525,-4635,-13965,-2575,-4728,-12771,1570,-7073,-7125,3669,-5333,-13285,-3415,-6910,-4901,-392,-1432,-1734,898,-452,-1328,-1734,898,-4424,-8992,-4360,-6895,-6376,-8224,-3446,-4155,-2079,-4575,-3446,-4610
5/19/2025,-65,3213,9052,1601,4614,8189,1889,5074,6122,-510,2979,8291,-18,-389,-2876,-230,995,6994,797,-87,2688,-260,4010,-968,184,-36,-4225,866,-1655,-2040,-65,4109,9052,2050,4614,8189,2199,5708,5306,305,4501,11566,-18,145,-3210,-80,995,6994,1103,3694,5740,1878,3837,26194,925,2198,6700,3775,3480,27741,3329,6128,2456,8407,2714,6211,2136,7405,-2272,-4402,935,7422,3707,4176,-1347,-3899,348,-5435,-1967,-2419
5/20/2025,4435,8517,12547,2190,8450,14503,4396,10427,12719,2615,5174,13624,5390,9593,12246,6055,6370,-2544,9740,7944,4293,6306,6522,4092,8100,3113,1808,6460,7012,-6346,4435,7790,17495,2190,8450,15782,3010,9700,18957,3755,3395,14739,5390,9593,15929,6345,6287,8279,9740,10290,10616,6727,3583,-906,8100,9975,10533,6945,3900,-60,5146,17870,5877,11781,7011,16508,4501,11781,6738,20096,-358,6407,5399,9619,-250,1088,1242,4153,-255,1162
5/21/2025,285,540,-1273,22,-480,-4506,918,-733,-5433,680,-150,-2616,1075,165,-3749,1700,2005,335,581,2345,-147,4737,2411,7571,950,2256,-1465,4960,3717,-3965,285,540,-3053,22,-480,-1546,113,-55,-7681,585,126,-5833,1075,1030,-1079,1700,2005,-5795,1010,1385,-9381,4156,1345,-23178,950,-35,-5750,6192,2506,-23905,793,-565,1800,-932,144,1029,2175,-475,-1600,-4691,1931,2980,1742,-6110,3750,-6563,-13,34,3745,-6210
5/22/2025,1703,6690,8770,4425,6020,10052,3596,6658,8456,2958,4887,9557,1986,5077,11360,2845,4631,14427,8747,1679,5633,2240,7829,1749,2375,3961,2382,3407,3341,6958,1703,4858,8770,4925,6020,9937,4250,4647,8321,2888,4003,10968,2335,5364,10166,2845,4631,11587,13256,6100,2556,4738,6048,-16555,3246,5940,810,5564,6442,-13879,6622,9866,4022,12595,4682,12101,5280,15432,6072,14607,3252,3366,4478,6694,6319,-3989,2000,1682,6249,8166
5/23/2025,432,505,3317,-241,2790,1690,1378,1284,3915,1321,4764,780,3995,-2653,-2328,-1110,2114,-1958,1971,-1125,4017,2615,2803,-1791,3958,-1034,-4375,570,5305,-3693,570,-550,-323,-855,2790,-320,-1525,-945,-3100,1396,-1360,-150,3995,1476,-839,3715,3278,-15178,2651,1195,-3473,2843,2054,-24822,4690,963,-424,3107,2855,-22297,1102,4684,-192,-845,2658,7499,638,-1918,-4237,-7416,-1815,-4128,-2092,-4321,543,-4932,-4301,-3880,543,-4146
5/26/2025,2960,4425,5774,2790,6535,3769,2045,3695,3769,3055,7176,3157,1885,4620,7795,2655,3915,2272,3650,4750,4079,820,-2880,-93,2590,3310,310,-1080,-1781,-3489,2960,4425,5827,2790,6535,3417,2045,3695,3417,2120,5316,3263,2070,4620,8105,2655,4820,3210,3650,3070,4577,1006,-3149,-11042,2530,3070,4577,-1200,-4615,-11042,3296,993,3066,-1060,3231,977,2866,-1975,-1206,608,-2940,-4440,-3564,-2727,-6545,-5025,-546,1669,-6545,-4135
5/27/2025,406,3852,4848,3355,6253,4150,589,2521,-590,2080,6942,2107,-400,-4250,-5071,3360,6205,1370,1350,-1995,-6095,1267,10048,-310,-1362,-2025,-3188,3374,8765,3506,1280,5056,730,3091,6253,2680,2286,3757,572,1395,5155,109,180,3785,7470,2895,8785,8906,2357,7610,13617,2369,11857,20543,2320,7240,13771,3551,12479,22314,4104,-853,4447,-6170,3951,1014,6705,-377,-4400,-8887,5325,5369,6069,-1279,11482,3387,-4604,-5395,11482,4537
5/28/2025,1185,2216,9512,3986,3108,10488,5350,1650,3437,-565,-983,11370,900,7871,2509,865,6934,9230,2050,-1105,9534,1185,958,-2100,1145,109,-2100,2095,-2013,-7231,655,1135,-4761,5449,3108,2089,5208,1758,1739,980,1405,1937,1282,9694,8815,1830,8914,14534,10951,9674,9185,744,-104,4691,1465,8429,10163,2220,2591,5943,3780,4251,1544,5642,2556,1637,3636,6384,1589,11459,8049,1989,7689,4328,102,-594,-146,-2100,102,377
5/29/2025,2338,-678,2082,1500,2415,-326,2993,1176,4490,-55,2521,-2120,2020,5286,19576,2505,3596,19375,2564,5765,16586,2075,7182,625,2050,2571,1818,4708,3313,-1399,1275,500,-1715,1565,2415,-108,1741,1871,2088,1070,995,10,2020,6602,19078,2505,3596,19375,2564,6045,17509,2075,7980,1641,2050,4993,16269,5792,6822,3537,1667,-281,210,-2003,1767,-281,-185,-1507,6971,22939,1908,21038,6656,22686,6090,19166,3537,2048,6080,25127
5/30/2025,810,3523,4206,2336,2488,11369,2227,2165,6294,1335,3691,11768,650,-497,-2261,670,884,298,2391,-325,-2145,535,-2612,6003,1949,3317,3707,-1005,609,7738,810,3518,6722,1915,2488,10611,1105,2632,3437,1360,1811,5826,650,342,18,-920,-2596,-758,2610,-705,-4335,600,-1030,-1924,1155,-1455,1527,-2640,-4811,-6096,4839,12033,2563,10759,4421,10300,3553,11115,-3507,-4237,-3126,488,-867,-1887,-5856,7111,-134,4755,-5861,7107
6/2/2025,575,-1692,-3274,-345,-673,-1244,-1744,-1599,-3852,30,-1785,-1472,2182,-2687,-5018,915,849,-4866,-1987,-1985,-8295,1525,13621,102,816,-2105,-1913,5750,8765,21558,575,-763,-3416,-345,-673,-479,-345,-853,-2821,-740,-1538,-2921,2182,-5631,-17311,975,-880,-5885,2083,-1470,-11040,534,13472,43685,3045,-971,-10690,5750,13621,44312,-250,-678,3317,2374,-830,-986,707,1864,-3736,-8871,158,-4005,-921,-8430,18954,20709,-2761,-1477,18954,22868
6/3/2025,995,4143,7202,2270,5038,6832,1591,4538,1994,2030,3325,9870,1590,-39,-3812,3865,4628,9488,2452,-1110,6294,4105,13,-1306,2249,70,-1632,4040,5343,-1170,995,4275,10302,2521,5038,11130,1948,4903,6473,1655,4382,12414,1590,5706,4920,3865,4628,9488,3462,4510,8343,3182,-1929,11598,3140,4315,7986,4300,120,13059,5033,9669,5435,10770,5073,7969,4175,8068,-3365,-6998,945,11933,2178,9695,-2083,-1312,-1444,-1279,-2083,1431
6/4/2025,4177,5455,517,3404,7702,-1189,2397,3818,2372,3995,3134,1182,1483,9135,27108,2860,9844,20005,3014,5852,27457,3825,5086,731,1744,5931,11552,4555,8581,4144,4495,4790,6586,3285,7702,-1373,2635,4255,2706,5120,2942,6480,1483,9410,36373,3050,9692,27363,5003,7345,31555,4165,23191,16353,1744,6851,30850,6120,23733,12268,-1404,-698,-1075,-4120,1973,396,-729,-3354,10046,10942,7670,4367,11241,4412,16070,-69,10395,3012,16070,-2624
6/5/2025,1155,810,154,1890,-168,300,1228,622,1714,745,736,-2841,80,8991,5292,-1160,5787,-773,-146,7345,-1112,4085,-6405,12953,705,749,4942,2855,5942,23450,1155,-115,-4139,1345,-168,-2075,1710,-451,2066,885,-586,-4911,80,8991,5363,-335,5787,26,425,1015,4630,2353,3801,-569,85,-60,1481,2015,1335,-2375,41,17,1198,12039,1286,7705,-2190,2257,8550,5524,5270,4321,3502,7214,6493,23633,129,2138,6478,12981
6/6/2025,4664,7749,6929,4684,9602,8859,5299,8803,10331,2392,5490,4483,1349,2918,6005,2410,3550,5228,957,415,545,1204,-6038,-1262,1855,1469,6908,1610,-3656,-6117,4664,7552,15538,4196,9602,6103,4570,9750,15193,2678,7021,10313,1349,2985,13927,2410,3550,8963,1613,702,4866,3723,-4382,-23186,2075,97,3530,2595,-8337,-24905,5774,6919,4020,3787,6191,9857,4545,5927,8561,23132,3740,18905,3624,10840,-5847,-5840,6161,17457,-5847,-6020
6/9/2025,3605,7620,2691,4034,4773,712,3331,5349,4268,1805,4200,-2076,3525,6368,25245,3583,1909,1680,1516,-1360,-396,1960,-798,-2443,3501,5527,5116,1325,-3736,-6522,2345,6624,9698,2987,4773,-2064,2643,4726,4693,2902,6019,4141,4185,6368,25126,4233,5055,-3410,2620,2438,7323,3087,-10691,-53562,3955,2060,7318,1950,-9916,-53663,826,-4372,-301,-4095,-454,-1252,-305,-776,14745,12267,6534,-4785,9801,-165,833,-5161,12070,3541,833,-6611
6/10/2025,1155,4755,640,2129,1782,983,3053,1950,666,1530,1979,3442,2810,10126,13524,3155,5976,22212,7678,10840,18828,3700,7088,162,3000,6196,770,4460,4533,15161,1155,4755,2639,3050,1782,3940,3145,4023,2263,1050,1513,-3810,2810,10126,14725,3155,5976,25893,7512,10840,19518,3700,6074,45414,3000,10205,18025,4480,7555,46434,2409,-140,955,869,2146,-549,635,886,8698,11321,7131,13601,9923,13363,7902,7090,6015,4006,7902,9677
6/11/2025,1620,1058,-1819,660,1581,-3458,534,904,-704,702,734,-5817,878,3826,2501,2825,3252,2434,-85,-1960,-8526,5355,-5730,-2965,565,3509,712,1443,4076,5975,1620,1058,-9064,95,1581,-8623,-490,-1073,-7414,-585,-3325,-15205,878,3826,-75,2825,3252,805,-340,2255,-6172,6326,-1715,-21258,565,215,-6967,2937,-965,-18274,849,-2970,202,-3740,798,-293,-851,-2329,3240,4624,2714,4588,-968,-2182,-6950,-6655,-1048,593,-6950,13655
6/12/2025,1665,1856,8052,945,5711,4083,1023,4126,5312,1215,1695,4182,3435,2160,4420,1630,4361,8800,-457,-204,8658,-250,7634,1743,3172,-1263,-3118,4806,4974,236,1665,1856,5120,945,5711,4422,1023,4126,5120,1655,-634,2702,3435,2463,17238,1630,4361,9851,672,380,16778,1330,6698,-21328,2802,-810,16418,4806,7434,-25405,1704,275,-1288,-6040,1704,-2971,-1288,-6040,3261,6747,928,675,12505,16083,2188,-6224,3026,-3900,2188,-6229
6/13/2025,3800,5595,4124,4455,2940,3431,5633,5666,6184,4506,1894,3592,905,2869,-679,3265,4232,-1284,-791,-1960,-2137,3625,1013,-2716,3826,4415,4944,5070,30,-1633,3975,4020,1145,4455,2940,1489,5455,5379,6555,5091,5204,4175,905,485,31,3470,4560,-3902,1736,3460,-6592,4034,11899,-6364,4220,3020,-2903,6295,9521,-13453,4712,928,2417,-584,6129,3610,3072,-2617,2589,-4818,2045,-4006,4899,-2322,-381,-3017,-83,6009,-391,-4432
6/16/2025,852,3417,404,1642,3087,3644,1484,3071,2462,657,2565,3683,855,163,-1955,1775,3748,-4619,568,6427,-4362,2830,11665,3514,430,992,21,3695,15623,-2662,852,1291,4168,1642,3087,4620,860,708,6480,702,933,5022,1275,-2448,-9283,1775,4173,-13732,-1424,6,-15776,4029,17120,-29516,430,-1772,-17871,4080,11749,-34902,4201,3857,4329,5277,3942,3700,4172,5277,1632,-961,1556,-3653,4339,-5282,2090,-420,3131,2122,2090,-3412
6/17/2025,-430,-1767,-4910,-565,-845,-4716,7,-1054,-5465,-85,-1020,-3385,215,3515,-6819,420,548,-6812,1422,-1769,-8941,2908,-5720,-3000,218,-1621,1339,-2490,4082,-6092,-430,-1500,-3890,-565,-845,-2835,-430,-675,-2415,-460,-1140,-4085,215,71,-5580,420,1757,-7691,1756,481,-6866,2908,10216,-34060,-65,-1670,-6866,3333,4330,-34310,-1560,-4568,-490,-256,-711,-4063,487,-2026,-4300,-5747,2850,-6997,-6344,-8496,-6595,-3182,2555,895,-6595,-7207
6/18/2025,1670,2132,2266,701,-1288,-1722,275,543,13,510,980,-2547,2715,5036,-2433,160,-3043,-4906,2260,4503,-2516,2525,-2217,15031,2796,1922,520,1632,3666,11833,1105,574,-9589,734,-1288,-8603,473,406,-6907,812,-1233,-8534,1255,2559,-5855,360,-1155,-19855,-2605,1985,-3904,4810,1191,-19596,780,243,-8357,2402,-7270,-21890,-860,4489,519,5134,2023,4754,-421,5386,3625,-1525,2004,1690,3827,2360,-794,3460,4751,1829,-794,15933
6/19/2025,830,359,-98,205,95,-585,205,-569,-585,910,167,-334,3335,6792,8524,3505,8049,6154,3638,5197,10974,5093,6142,-845,6720,2195,2369,4981,8748,2278,830,-805,-1565,205,95,-334,205,-569,-334,685,-1980,-1805,3335,6792,9149,3505,8049,10664,4696,7539,15699,6686,8776,35972,6720,7539,12886,6851,8776,33159,108,-1483,-2280,-7290,-932,-4797,-2905,-6890,9065,8720,8140,-597,7554,903,-1995,-5220,-338,1810,-1995,-5220
6/20/2025,524,41,-3991,1658,433,-4587,-967,-1334,-4968,-580,1633,-6002,1780,5740,7247,1415,3530,9568,1352,-1135,10350,-1045,-319,-2170,1740,1936,-4330,1486,11175,-6196,630,52,-6883,341,433,-10718,-495,-1172,-8731,96,-2140,-2229,1780,7165,12750,1415,3891,17628,1955,10319,12483,3475,949,17037,1740,7724,12788,3242,1855,22482,1123,-5337,-520,-6117,1287,-4078,858,-6117,6101,15282,6307,9090,9787,18950,-2547,-6894,5907,-4115,-2697,-6565
6/23/2025,1135,1528,2152,1360,1869,5530,968,-700,1571,1165,1352,4537,189,4686,7530,1525,3080,11487,5272,2975,2446,1945,8265,4536,-53,1573,3703,2790,4655,11590,1135,1528,2755,1360,1869,5530,968,-396,1888,1560,2040,660,855,4686,5726,1345,2185,10395,6365,7475,8074,501,6178,39588,1095,6685,9055,3325,8100,42412,918,2226,5,7154,1175,2089,1470,5853,3587,4198,3680,7365,5885,3002,9272,14384,2073,959,9267,16430
6/24/2025,1430,5341,4253,3132,5888,5536,817,4856,2835,2540,5306,6346,1330,-4085,-6275,-555,-2925,-6890,1826,-1991,-7167,5574,24999,-959,2940,-2160,-2049,8697,25444,-1545,1430,5341,5551,3451,5888,7617,2572,4856,5160,3321,4988,9181,1550,-4395,-12875,390,5185,-2960,3067,7860,1393,5213,23256,44872,3655,7860,75,8697,24999,44872,5421,4479,5603,6189,5381,5514,3104,6189,-4449,-8740,-4455,-4100,-3501,-4575,29325,968,-2586,-1230,29325,2482
6/25/2025,143,2597,2346,480,4548,1012,373,4710,2459,-900,1572,1815,-545,-3955,-4208,135,859,-5765,-1755,-1130,-7395,3856,-3930,-2183,705,-2055,-4225,2797,-2505,-5940,245,3081,5822,1247,4548,1800,486,4953,4865,-285,2243,6939,680,23,-850,2042,1569,-6845,-145,8118,2984,3856,-7092,-30731,1208,7883,2664,2901,-6792,-33282,1097,1830,-871,2289,1097,1958,-943,2521,-4006,-6776,-298,-6390,312,-8044,-6781,-5720,-2271,-4100,-6781,-6715
6/26/2025,1035,2389,-3193,720,815,-928,-529,-411,-2996,-940,-759,-1037,1710,-3675,-6026,265,-1970,-5850,-300,-1686,-8812,944,12571,-2935,777,-1755,-1860,824,13247,12353,1035,2925,-5036,720,815,-689,-70,70,-3141,-50,-1575,-5050,1710,-6445,-21260,265,-620,-10290,-550,-4040,-12767,1034,12419,35915,1005,-4345,-12767,2259,12287,36348,-1643,-3873,-1655,-2512,-1362,-4898,-3381,-2512,-4408,-6363,-4475,-6885,-6087,-7539,4133,-317,-1552,-1,4133,12752
6/27/2025,1703,3644,7763,68,535,4277,-190,-538,8308,-285,5233,5805,-445,-2566,-2056,-1260,-3385,-4992,-1020,-805,-4084,-1195,-5485,-920,1812,-539,907,-1075,-3485,-1491,-740,1413,5853,68,535,6209,-897,197,4589,-580,1987,4786,-445,-4039,-2913,-1040,-7595,-12636,-2500,-8005,-18241,-520,-10512,-59701,390,-8610,-16609,-4285,-17380,-60525,4219,13184,-2088,12511,3239,13924,-773,11901,666,5400,860,1440,-1439,389,-4830,-2725,2442,-320,-4830,-3906
6/30/2025,331,331,-4987,1796,-905,88,-485,-517,-5425,1031,-830,-4359,2100,1457,-6254,1940,847,-5256,2743,-325,-8745,2750,12245,2155,2305,-1630,841,3167,12157,416,331,331,-1494,1796,-905,-4159,-485,-517,-4544,-429,-1404,-3709,2285,2657,-353,1940,1032,-1007,4229,2591,-6577,2750,5751,-35290,2540,3671,-6577,3167,5746,-35290,869,-1680,125,-4185,1237,-5443,216,-3320,1300,-2630,-115,-4012,2065,-7438,7786,-3186,-70,-2797,7681,-5031
7/1/2025,2220,4104,10807,3978,4091,7913,3407,4206,9307,2130,3125,10093,2390,5751,18517,1730,2720,9619,3453,4004,23962,2935,-1594,-2420,2510,1217,17,3440,3690,-1488,2220,5190,11743,3980,4091,10070,3260,3925,11261,2460,4688,8749,2390,7776,28532,1985,3169,15940,4665,6161,25680,2935,1627,6241,2510,6006,25111,3440,1562,5931,8648,12676,6584,11522,7393,12676,5460,8561,5827,27991,2089,11730,3531,22416,-3520,481,4310,2164,-3520,-438
7/2/2025,1605,-775,2805,369,-1106,3057,-575,-1958,2333,300,-589,6139,-1735,-3256,-6985,-60,3578,1379,1563,-1070,-1540,105,9780,-2115,-1155,-2120,-4705,678,7740,2939,1605,-426,3492,369,-1106,7056,291,-1460,6106,60,-808,6578,811,11608,-7477,540,6469,7469,6781,8349,5094,828,18585,62414,995,8349,6729,1875,20809,62815,-481,3829,-672,5938,-664,3204,-335,6122,-3855,-5815,-2086,913,-4078,-3099,10539,-2550,-6775,-3855,10539,-1063
7/3/2025,1225,2456,6124,2562,2680,4185,1957,4515,6664,1422,3130,4419,-605,-897,-3376,-195,-1290,5400,993,-1958,3706,1175,4470,794,1493,995,-4740,510,-495,4614,1225,3350,6124,2562,2680,4185,1957,4515,6664,2302,3659,4895,-605,-1395,301,390,1205,4680,1810,-1960,4527,297,6522,6060,880,-2290,5085,-765,6660,6060,4783,2237,4705,2429,4593,3086,4775,2469,-711,-3605,4510,-4647,2947,2411,6850,5215,-2011,-3910,6850,10771
7/4/2025,-245,-930,570,220,-2270,570,220,-1445,570,590,630,-2700,-445,25,-1525,1120,-2015,-3805,-125,70,-5785,-570,-2060,10,-25,-922,-2210,745,1151,-4170,-245,-930,-2700,220,-2270,-2700,220,-1445,-2700,-295,-1325,-3260,-445,25,-4040,-30,-4280,-4345,-125,-4175,-3910,-1385,-6310,-15239,-1685,-4175,-3910,-2055,-6310,-16540,-920,-2457,-1830,-4870,-920,-98,-1830,-4870,-645,-1310,-3270,-6815,-3996,-1349,-6650,-6685,9,-2210,-6650,-6500
7/7/2025,-130,-3684,429,-1995,-3015,-3505,-2170,-2221,1562,280,-160,-4190,4420,3135,-3218,3685,6645,329,1148,-705,-7106,8505,16470,502,4038,1206,-4200,8213,17373,14994,70,-3035,-9259,-2975,-3855,-7040,-2745,-3230,-7960,-2315,-6085,-9045,4420,3585,-13436,3965,7629,10220,2380,5152,4266,8505,19434,64822,4140,5152,6124,8213,19424,66272,-1750,-6843,-1690,-425,-1750,-1261,-835,-425,1285,-6541,9085,-2359,4214,-891,16315,7692,1377,-4090,16315,19562
7/8/2025,1605,3954,-1690,2478,8884,-3761,-305,5005,171,510,2457,-3834,3325,11166,5789,5505,6020,7556,5586,9054,28808,10205,12548,-553,3825,7537,3885,10842,13540,-4020,255,3954,629,2195,8884,-2370,1020,5005,-334,130,1890,55,3325,11166,21444,5505,6020,6900,5586,9486,29122,10205,13769,12739,3825,10626,29249,10842,14889,14272,3381,-2999,4113,-4159,3381,-4052,4418,-5536,8770,15110,2086,3095,7958,17227,-4440,-4001,6544,5751,-4440,-3220
7/9/2025,1520,-1147,1497,1555,1925,1786,-338,-432,1161,505,1690,1887,815,-1631,-5967,-510,-2500,-2551,-1102,-1280,-8231,-595,-3844,-1401,315,1180,-1224,-1660,1980,-3913,1520,-925,250,1045,1925,647,230,-115,-1829,225,-560,-2673,815,-3856,-14874,-1045,-2500,-7494,-4082,-4589,-10917,61,-482,-11705,315,-5559,-16505,-3020,-2839,-11547,4516,-2332,294,-1971,-2673,-4969,750,-2275,-2684,-6641,-2785,2782,-2363,-3957,-670,-719,1279,-1224,-670,1506
7/10/2025,2204,5000,5170,667,3439,4241,-90,3839,9692,-690,1972,1635,5980,7050,5630,845,-2330,-5309,-336,2182,-8771,3020,-3094,-2160,4425,4592,-2554,2649,-2973,-7240,685,3104,5275,-850,3439,376,115,3864,3216,800,3094,-2350,5980,7835,18841,1950,5690,-2113,4950,665,-1938,4160,-3159,-53812,4450,390,-3495,3245,-4795,-57425,7230,1772,5944,-2048,5465,3965,5398,-2090,6610,-6943,-4285,-4873,-3758,-4898,-6595,-5624,2374,-2269,-6595,-5624
7/11/2025,1761,4334,-3534,15,2414,2313,1763,3929,-3818,-575,2074,-1355,2438,-318,3518,1651,-190,-62,-930,-1060,109,4170,-5000,-1810,2201,1375,391,5572,-3630,-1440,1995,3612,3348,200,2414,-4090,523,3571,2142,1600,2537,-1900,1235,493,11049,1651,-190,-940,241,180,-2738,6116,2491,-26564,1206,1310,-3377,6131,860,-27509,3895,-170,850,-1805,3895,-1760,220,-875,10162,16423,7941,-2613,5293,838,-5421,-6516,4670,3507,-5421,-4895
7/14/2025,1789,1422,751,1503,1010,2872,993,2058,1348,-450,1290,1691,3485,-3230,-6260,2685,3392,321,2174,-1825,933,4717,-2978,2407,4864,-1920,-4365,4580,-1933,2872,2395,1515,2769,1379,1010,2943,1638,1701,3393,1863,-11,5206,3485,865,-2570,2685,3392,321,2203,2027,4089,2252,-2479,30972,4864,1427,3999,3894,-1326,30972,1710,-2240,1515,1359,-584,152,1695,-383,-3930,-8510,-300,806,-911,-8362,-2184,5389,475,-4655,-2184,3599
7/15/2025,1577,3460,1310,2245,936,-622,2002,2192,-996,2941,2261,-3155,925,3133,-400,993,1585,-2105,1383,4993,7021,4202,4710,559,1241,74,-1616,5659,3752,11272,1786,2436,-3649,2245,936,-2868,1510,740,-4147,3180,-330,-4855,925,3133,-1899,993,1585,-230,1383,4205,4957,3718,4704,24176,1560,2815,4024,5759,3520,23903,1764,-2418,-430,688,1764,-383,1575,1225,2920,1751,415,-972,5599,13766,8565,5254,2905,-446,8605,19157
7/16/2025,575,-1253,-1214,-856,56,2717,-62,-1165,-1095,-275,-685,-860,1730,2368,455,1100,3096,7914,799,-725,720,2280,1665,224,2075,2669,-2563,1980,2033,-1589,575,-614,-2489,-64,56,-324,-205,-907,-2854,-1800,-2382,-4379,1730,2368,-941,1100,3096,4703,1043,2807,-1965,1142,1476,11915,2075,2622,-2570,1980,2205,15533,-362,-825,131,1974,-560,-2667,-1400,3669,-1125,-4488,1550,2888,2900,2153,2419,-917,3155,-4995,2419,348
7/17/2025,3971,8356,6940,2670,8609,7453,3259,8508,5273,3280,4819,11135,-825,-4060,-6715,3965,6360,5012,2277,-1935,-6412,4567,19622,1987,580,-825,-4320,7022,15733,12138,4235,8801,9078,4600,8609,12020,4875,9699,10135,3185,7728,7823,370,-1880,-7728,3965,6488,6731,2790,11580,2432,6113,26772,37190,2750,11350,2432,7265,26405,37611,5807,3915,7325,5770,5086,4837,5820,5300,-4360,-8590,985,-2645,1127,-5564,24914,7669,-1538,-4945,24914,4733
7/18/2025,605,6757,9311,8,7546,3457,154,9364,7911,-200,7442,867,2275,11585,14347,2491,8634,15613,2611,4552,16272,4423,7886,-241,4489,-1109,4999,9061,6578,-3329,605,6757,7350,8,7546,3451,154,9364,4947,-290,5866,8986,2418,11585,24856,2491,9117,19569,4281,21824,23502,4039,4970,22245,4133,21824,23502,3483,5984,22245,6947,-1731,5785,-2545,5169,-1560,5400,-2638,20811,13004,9302,5139,9247,3542,-4520,-4326,4497,2789,-4520,-2283
7/21/2025,2333,1772,-1525,751,-596,311,336,491,-2734,1484,2847,-4795,845,-2190,-6944,-445,-3750,-6968,-1361,-1605,-6943,-1395,-1550,2829,-1485,715,1271,-1146,423,7374,1546,879,-6205,325,-596,-3360,-436,491,-3705,1759,1216,-3909,840,-2190,-11859,25,-4871,-19010,-2294,-4046,-27637,-2345,-10827,-67727,-820,-4046,-27637,-808,-10832,-68487,319,2660,898,1075,49,1834,359,807,-2135,-8277,-4460,-6340,-5999,-8224,-2965,6861,-398,5318,-2965,5015
7/22/2025,1615,-135,1819,-1620,324,-147,-1131,926,2321,1610,340,-2148,720,1425,2507,2725,3962,-3746,1871,-1498,-6324,2619,2880,-825,5950,380,-4690,2468,2501,-621,1615,385,1487,-1620,324,905,-767,1414,3184,695,-1300,1269,720,1764,3207,2990,5162,-5770,4194,7905,-1174,2619,4360,-25890,5950,8165,-1110,2468,4360,-25890,8813,-476,7950,2146,8818,-1601,7531,2551,-1691,-3791,-3040,-6825,-5361,-5675,-6034,-5575,-296,-5270,-6034,-5990
7/23/2025,1575,415,720,1100,2151,981,450,757,-451,780,1650,169,765,-3895,-6945,-1360,-1725,-3282,-1990,-1953,-8248,1055,-1300,-1012,1160,-1955,-2806,515,2673,209,1575,524,-833,1550,2151,-671,870,1052,-2355,2314,78,-1842,765,-2494,-13480,-1160,855,-11972,-3669,-1400,-11484,1465,3817,-13167,1160,-765,-11484,1275,3405,-12457,-2532,-2753,-1470,-3081,-2302,-4874,-1470,-3081,-4457,-8980,-3740,-6960,-6345,-8480,-5035,-4865,-6355,-3905,-5035,-4385
7/24/2025,6326,9669,5866,1275,9420,3180,1845,6509,8277,4755,5248,2634,2993,12120,18955,3800,10421,8076,3177,6785,14651,2719,9806,-735,3379,5771,2864,2880,7983,-6651,6465,10125,14795,2325,10380,10822,3185,9318,14992,5600,9880,13042,2993,12120,22015,3355,10421,17840,3473,5847,14651,4672,11678,-31154,3379,6146,14281,4610,9806,-31369,-426,-3353,7175,266,1832,-2293,2150,266,5718,9563,7959,7107,4494,4533,-3920,-6285,312,2788,-3920,-7000
7/25/2025,-90,1025,1565,1064,1648,6437,2914,2637,1810,920,1160,8608,1040,231,-5591,1570,1628,-2822,3585,3168,-1354,-1145,-2681,1422,1240,1965,2157,1018,-640,-3472,-90,590,9936,1300,1648,8712,1560,2398,7542,320,-110,9509,1040,1229,-779,1570,1628,-4712,3657,10215,-232,1775,-6750,12477,545,10215,275,1168,-6849,12884,3691,7604,2785,11382,3942,7281,3010,11382,-4480,-8420,1967,-992,-4442,-6699,-4687,-714,-1360,-4800,-4687,-2461
7/28/2025,6295,7425,12975,4839,9475,3866,2874,10627,5949,4070,6660,1756,1560,7185,9602,2440,12819,16035,9377,9912,25384,8496,1944,-1897,4905,5017,1207,2124,819,-5101,6295,7425,14809,4839,9475,3965,2874,10627,6504,6060,5521,13514,1960,11095,29365,2440,10724,17810,9807,13996,26645,4636,2493,-6311,9525,13996,26713,2307,2493,-5199,2419,-1010,2860,-1235,2394,-306,2940,-1235,10785,9326,11315,2782,9660,4327,-4721,-6136,5619,445,-4721,-6798
7/29/2025,183,226,-3228,1850,-900,3839,2225,-1173,-3342,815,988,6091,-1495,-4324,-6969,1285,-2195,-668,-1102,-1975,-8660,4431,6435,13485,-1090,535,-4145,6271,7108,27626,460,242,4503,1850,-900,6165,2254,48,4451,948,-183,3289,-1150,-7090,-25820,1285,-2195,619,11,-3815,-6820,4306,6124,52739,-70,-4070,-7685,6271,5720,58472,4112,8302,6331,1099,-277,8592,5056,763,-3945,-8145,4491,3016,-6172,-6653,14774,15216,-5925,-4015,14769,29191
7/30/2025,2215,3670,4955,4027,3637,8926,4662,5467,5575,2050,890,14302,4140,10118,7930,3985,3775,6917,7755,5357,1943,4615,-1678,2180,5024,2381,8200,3380,-3096,6814,2215,3670,14597,4290,4270,14882,4925,5952,16856,2105,3250,14226,4140,10118,9190,3985,3775,7486,7755,5952,5475,5265,-1394,-22329,5262,5432,7479,4310,-1399,-20184,6143,10475,1590,12741,6053,7541,680,13451,6962,20146,7143,16306,8303,16462,335,998,3980,9742,330,1173
7/31/2025,720,-419,-3651,1345,-350,2451,1486,360,4628,690,-1825,6180,-450,-4270,-6671,-185,-85,11907,2675,-1310,-300,7165,9494,32288,1231,-384,-3640,8595,7747,37924,720,385,3133,1345,-350,6695,1525,1385,3475,1360,1115,7239,-450,-4610,-11360,-80,-85,12710,2973,880,-300,7088,7764,53889,1385,-225,1713,8595,9367,55680,2027,8051,-280,13306,1777,7656,-280,9478,-4303,-8999,-585,13031,-325,1412,15545,50983,-1803,10227,15530,50643
8/1/2025,1185,-240,2111,4690,789,5353,2847,1361,-2471,1330,1280,3634,3940,10259,22044,4761,7467,19038,5944,9676,26985,4516,12080,4908,4545,8870,19222,6758,10585,16894,1185,270,3468,3025,789,1951,1338,2275,5179,520,-910,-1755,3940,10259,23597,5975,7712,19233,6784,11908,30458,6273,11597,19662,4545,11757,29341,6758,12055,22639,365,2236,860,6865,392,6101,1226,8749,7982,27338,6512,23625,12379,34987,4830,13750,6049,12528,4830,16743
8/4/2025,880,1126,-787,292,877,-2534,92,332,6,1747,1151,-1434,2130,3169,4263,1721,2321,1665,3720,2887,1630,1457,1711,1991,1602,2578,1398,2193,266,4473,1537,351,-2155,292,877,-2360,362,241,-3097,952,722,-3313,2130,3169,2273,1721,2498,9371,5463,5863,3189,1086,681,47925,1637,5423,6750,2367,2297,47925,-1365,-3030,2014,-5057,149,-200,74,-5057,2323,3024,1757,3627,3711,6572,5500,9160,-555,1104,5500,10790
8/5/2025,1301,-1835,1550,434,1262,565,3,627,2949,-560,-162,-5306,2705,790,2910,3969,4289,5272,3656,2047,5693,2915,5490,2890,3283,3052,-2736,4714,6356,30833,1301,-486,2318,434,1262,-3240,214,1430,1852,1130,-2276,-1191,2705,5113,4086,3969,4289,10017,5033,6951,7442,2915,5255,52611,3283,6605,4913,4714,5485,52348,1592,4586,-236,-1732,114,3167,-9,-4656,2947,4489,4569,12455,9892,12626,17473,20987,5292,-2736,17473,43510
8/6/2025,1690,3001,-204,2025,2213,4293,1699,2703,279,1425,1707,4236,1685,-4462,-6054,815,-2415,-6028,1031,-1665,-7677,7215,7299,3500,3770,-1605,-1344,3765,4996,13279,1690,3287,-204,2025,2213,4368,1831,2703,902,1500,2722,838,1685,-1965,-14879,1805,1275,-4355,1514,1030,-9466,5769,7190,30428,5440,590,-9884,9080,7767,33204,3788,1601,3182,6496,3291,2027,3532,4569,-4180,-7995,-1152,-2218,-5427,-4977,12305,20199,-6620,-1193,12305,20499
8/7/2025,-785,1835,2837,-645,-2428,4267,1461,2134,1544,-240,-1530,3588,-1910,-3940,-6555,-1485,-3550,-5900,-2000,-1580,-8975,740,671,3066,-1060,-2236,-4240,1485,2549,12025,-785,-420,3456,445,-2428,6999,1055,1676,6041,-1425,-3280,-2345,-1300,-9170,-20405,-3335,-7325,-12010,-1575,-6570,-12489,343,553,29160,-375,-7160,-9880,1485,646,29975,-1139,13489,-376,7656,1901,12298,-1681,6067,-3760,-8345,-2605,-6140,-4533,-1770,2477,-6864,-1756,-3790,2477,8263
8/8/2025,1765,3700,22,1668,1005,-1647,2106,172,-1577,945,3320,-130,3840,10328,8114,3475,8221,5282,5318,8967,11566,2156,12274,562,3511,6065,5931,3611,10137,744,1765,3700,-4266,1683,1005,-2204,2106,1480,-2132,2017,3618,-2430,3840,10328,8393,3475,8221,7572,7102,13539,17477,1558,13055,49467,3781,13234,17477,2950,14414,49568,742,2376,976,843,1500,2995,-90,1019,2147,-1378,2670,4678,5558,6520,11918,5374,749,2127,11918,4715
8/11/2025,518,2943,4174,1133,2381,3514,1465,2863,4484,1135,3027,2543,675,-3807,-6087,1110,-353,-6785,-1999,-1737,-8173,-1495,1692,8988,-40,-2215,709,455,2168,9517,700,2868,4086,773,2381,3454,163,2681,4648,2158,3867,5283,675,-3807,-16190,1270,-353,-7988,-1894,-2580,-10250,164,2364,-6964,-40,-2600,-10550,1745,3197,-8198,1505,3635,2129,4557,4048,2833,1869,4134,-4166,-7861,-1061,-6954,-6106,-520,-6986,6879,-2134,-3775,-6986,5477
8/12/2025,402,-3046,-3180,245,-1819,-3891,-780,-1857,-2560,550,-1850,1245,2205,-4328,-6983,1175,-1644,295,1532,-1965,-7239,2919,4807,3878,3060,-2415,-77,3470,3385,15244,455,-2446,-951,311,-1819,1205,528,-2507,-1075,-524,-2481,-831,2205,-8303,-19661,1175,-1862,-79,1105,-1300,-5069,1729,6031,63542,3060,-302,-3467,3228,9364,64741,-1911,-3952,-1180,3360,-1116,-480,-1305,3360,-4412,-8103,-1762,2704,-6268,-774,12926,14407,-1704,-883,12926,17160
8/13/2025,4,1309,-794,-1251,1061,542,88,1127,-2497,69,815,-935,6164,5680,-597,5080,3268,2208,9125,-1990,7487,7701,4573,-2995,9128,2068,4442,9209,13328,-5604,4,521,-188,-893,1061,644,838,1525,-459,129,62,-340,6164,6028,7018,4975,3268,2251,8918,9530,11335,7701,15522,-9341,9128,10550,11189,9209,16631,-7515,2978,4666,2550,2733,3644,3180,2385,2733,-44,2181,1599,-2175,1674,-3256,1056,-5300,-636,4734,1056,-3207
8/14/2025,1490,4114,794,-53,6597,-962,933,2742,1703,1425,5259,-2280,3160,5838,18111,885,630,-121,-396,2547,8699,5290,-3610,-2530,3722,4363,3799,3133,-2276,-6075,1490,2095,1319,-1133,6597,-628,-1163,2682,1946,460,1729,-1164,3160,5838,25729,885,630,1455,313,1452,8774,8616,-3569,-30939,2915,1382,8479,3601,-5205,-34305,4352,-220,3759,-2570,3408,-2642,4700,-3792,8888,18759,1520,-5650,2507,2737,-5071,-5011,7677,4010,-5071,-5301
8/15/2025,731,953,-1943,-450,-1714,-4615,-593,1726,-1277,594,924,-7150,3657,7513,10418,2792,9238,20734,7496,11493,24884,7950,16276,5497,4745,2249,4269,11371,16641,8321,890,-2169,-4143,-1000,-1714,-6065,-593,1726,-2336,700,-2850,-8112,3657,9630,21945,2792,9238,22065,7566,11493,24928,7950,15736,39392,4745,10573,24891,11371,16276,36690,2513,-293,518,-5557,687,-4989,675,-6548,9911,14270,22909,10822,21731,31094,27560,-5415,3886,4083,27560,-5694
8/18/2025,-445,-447,-2025,-1469,-1553,-3847,-1294,-2585,-3006,-275,-730,-2826,-1260,-688,-3813,-705,3013,-870,-1998,3612,-4905,1465,8220,1175,-428,-153,-172,2008,3799,4180,-445,-447,304,-1469,-1553,235,-1294,-2885,-2417,-529,-542,-925,-1260,-459,-6833,-705,3013,-2652,-3213,4366,-3899,1630,7515,-22054,-1013,4381,-6732,2008,7515,-25414,-753,-2799,-820,2511,-94,-2181,-360,1437,-3921,-6089,-3010,-6812,-1188,-4897,1998,3926,-114,-420,1998,5594
8/19/2025,-506,-3708,-3762,395,-1925,-2492,-969,-3475,-1941,-540,-1100,-1296,-1165,-4105,-5654,1415,7040,-4877,2938,-1956,-8935,7477,13227,158,3890,4295,-3559,8447,11818,25564,-385,-3225,-532,395,-1925,-401,155,-2005,-2351,-1585,-2800,-1154,135,-1625,-17927,1540,7040,4213,3677,4930,-8335,6825,15799,44565,3890,4925,-7440,8547,16010,47403,-3524,2495,-3680,-2645,-3602,-1760,-3225,-1670,-4130,-8265,4205,7190,-6345,-8485,3789,16658,-2584,-4090,3774,30564
8/20/2025,-474,1264,7866,-945,2979,-1629,-804,3353,4475,-545,2690,-2382,1380,4725,9648,1520,3556,-3582,-1602,834,2420,1385,5540,-2048,1000,4514,6072,765,636,-6651,325,2015,3317,-1210,2979,-549,-1040,2834,182,-1240,484,-3611,1380,4725,7058,1520,3556,-3445,786,699,6664,314,5171,-13910,1000,-1145,-1240,1050,3380,-13308,3195,3676,3525,1558,5474,4297,3620,3976,6426,6794,3485,-2004,5286,-6752,168,-3824,527,3672,168,-4550
8/21/2025,608,2265,-1095,1220,2435,-52,1592,576,-2658,-870,-2490,-1347,1936,8067,8904,1180,7501,8482,1756,-219,14374,3166,7431,-1485,322,3226,-4105,4348,10202,-6510,-740,899,207,2639,2435,-1655,1920,1654,1654,-171,964,640,2097,8435,15831,1775,7501,10713,1848,7302,21132,3492,7576,11635,595,7610,21596,4421,7400,12910,-1650,-6057,-1285,-4100,-1250,-3911,-1330,-6349,8315,12001,1370,-2705,6356,3680,-2225,-6529,6049,-137,-2225,-6399
8/22/2025,1609,8014,8878,690,8531,4936,1526,6158,8334,1040,5525,3978,1560,1297,1925,390,5051,-4594,-650,1563,-8374,1765,-324,-2167,940,2786,9751,201,4578,-1609,1609,8381,13182,1505,8531,6675,311,6565,9894,1285,9491,9621,1560,1297,2399,60,5051,-470,-1927,-994,-3104,4533,-465,-40647,940,-964,-7903,-2604,-11681,-47749,1345,10915,5220,-3394,3501,11062,5181,-4621,-185,7475,2108,-614,-4685,-2252,1548,-6603,3025,13024,1548,-846
8/25/2025,2125,1448,1914,1404,596,4820,756,569,353,2740,3730,2726,-1243,-2961,-4146,-1390,-2025,-5368,-1486,-1883,-7959,-840,-387,2734,4,1479,6941,-1460,3057,4602,2125,1787,108,1075,596,1328,756,569,264,2579,2743,2231,-2385,-7715,-9573,-3370,-9745,-13303,-3799,-10205,-16866,3516,1254,-19984,-3395,-10505,-16866,-2380,-4689,-29393,6091,6971,2327,9299,5722,8781,2327,8956,-494,-781,-120,-2087,-3567,-2651,-5381,13029,3798,8419,-5381,15589
8/26/2025,597,1678,4268,-1064,-255,2597,-2029,-910,1094,-625,1064,1429,685,2964,259,835,-479,-1670,1421,1284,-2237,1315,3849,5164,23,1113,3286,1010,4244,16620,597,1678,4541,-1064,-255,1409,-2569,-910,1356,-308,814,8342,685,2964,-294,1035,-10,2824,4220,3430,3309,541,7013,66116,1063,1153,3309,1524,7013,66566,709,138,-396,1600,-103,-561,-708,1600,-1719,-3317,-2770,1595,-2653,-922,3311,13192,-272,-248,3311,14813
8/27/2025,3197,5619,2563,3535,2810,6083,3946,5685,6580,3552,4045,6217,1713,3824,13697,2920,4894,14682,4539,-1788,18983,1645,270,427,2555,1649,-696,1805,-290,-1902,3197,4879,6213,3535,2810,6217,3910,5685,6859,3617,3699,3299,2410,7077,19632,2920,4894,14993,4462,6040,14661,1975,-213,27804,2555,6040,17211,2405,2380,28172,4698,2990,4108,370,4191,3690,1750,736,4379,11663,2666,4732,3003,14353,-1453,-6975,762,699,-1453,-5606
8/28/2025,875,-892,2384,1395,-47,494,1036,-2239,2701,1475,2360,3205,2900,-712,-3273,1625,1839,5117,2762,-100,4693,2817,29938,2497,3253,2183,1703,4315,18398,14504,875,408,1157,2145,-47,3041,2028,179,1873,925,520,2737,2705,6436,8602,1625,4049,5556,4642,15321,10052,2408,29192,36788,3248,15130,10296,4315,29938,39513,1679,5921,2959,1364,2094,5270,3974,2591,-3505,-7004,3075,2262,3486,8108,28118,16639,3095,-319,28118,14649
8/29/2025,1427,-357,-2634,670,-1495,1413,2690,1970,-2645,340,-330,-1996,3345,980,7486,2710,-906,12982,8203,2228,18811,1807,-4584,-1992,3770,2986,2149,5742,-2745,-4075,250,-3115,2839,-535,-1495,-1219,74,692,1739,305,-4480,3697,3345,980,7852,2710,-906,14814,8203,2296,18811,1578,-3442,13184,3770,1606,18612,5742,-3582,13786,-976,-3512,-1820,-5196,1464,-47,-1702,-5196,3080,6805,4850,12774,1933,6503,-6101,-3796,711,4803,-6101,-5704
9/1/2025,3535,6095,6035,4020,7045,7365,4020,7045,7365,3290,6095,7700,1630,7450,14150,1795,6035,14220,6350,5605,17326,2530,8316,6330,2755,2845,3016,3970,7711,9536,3535,6095,7700,4020,7045,7700,4020,7045,7700,3240,6095,7700,1630,7450,14150,1980,7685,18760,7260,11035,21055,7740,17825,35305,2755,11035,21055,8060,17825,35305,-32,-731,-155,-1490,-32,-381,-710,-1490,-1147,-90,1710,5170,-1020,5520,5205,5200,-57,3545,5205,5200
9/2/2025,1010,538,-1695,1563,-198,7095,-554,-422,399,595,1727,2800,-1910,-1176,-3485,-1070,-69,2400,1586,-789,-3207,135,-3658,6104,-1224,623,5927,-2400,-2266,2652,1010,737,-4303,1111,-198,5697,-460,-422,-157,1075,1747,6084,-1910,-1176,-4053,-1070,-69,2400,1586,-297,-3207,247,-3066,-5469,-980,-152,-5265,-4055,-7670,-4261,-1974,-543,1542,5402,-1276,-2799,-157,5320,-3675,-5714,-2625,6535,-3705,-4026,-4538,1498,-615,1484,-4538,1498
9/3/2025,3905,7212,4453,4215,7787,10117,6037,8337,5274,2730,5966,7992,3205,8588,8211,3076,4565,3442,3790,5812,10075,-507,-2590,-655,4246,6252,5405,525,-105,-6390,3905,8482,7644,4215,7787,12072,4336,8826,9593,3545,8468,9916,3205,8246,10632,3451,4565,4457,3654,5740,2923,4632,-15811,-37122,2795,5070,1058,-3225,-17750,-39660,3523,4368,963,7149,2975,5782,2959,9585,8837,9922,2645,3543,5827,1366,-5676,-4125,3275,3845,-5676,-6595
9/4/2025,455,-62,2436,-240,-780,1434,-260,-1746,-275,465,375,3031,-1615,-3890,-6945,-1030,-3425,-6990,-1995,-1685,-8905,1670,3708,-355,-1010,-1605,-4030,1935,1851,-1537,455,890,1454,-240,-780,3108,-240,-695,1945,-10,1539,6048,-4330,-18155,-41015,-3230,-10165,-20880,-6920,-15425,-34685,446,3519,28169,-4085,-16750,-35385,2450,2898,29253,-1134,2803,-1333,2330,-344,2588,-281,208,-4445,-8950,-4500,-6975,-6396,-8409,-5500,-4000,-2046,-5125,-5500,-4410
9/5/2025,290,1961,1551,320,-587,1372,2315,606,1984,215,-73,3782,1340,3057,-240,-910,-728,-5207,-499,946,-4628,-1490,-4558,-2925,422,1574,298,-664,-3562,-4203,290,1961,4407,320,-587,3922,-358,1790,5975,355,2972,4832,1340,3057,1364,-910,-1195,-12517,-1945,-1270,-3714,-2688,-9822,-31305,545,-624,-7171,-840,-11455,-30202,1664,7632,-2174,5773,3693,4949,1625,7638,1428,-1693,-2638,-4935,-2628,-7587,-6740,-5800,-1902,-3895,-6740,879
9/8/2025,-995,-287,-2752,-895,-2191,-3280,-1148,-620,-1505,-35,-864,-5620,-948,-2076,1599,-1260,-2362,-6234,-1951,-1650,-7370,1365,-1454,723,-1105,-1730,-3895,53,7820,-2962,-995,-1570,-4492,-1425,-2191,-5930,-1148,53,-1680,-125,-1871,-6488,-785,1713,-2189,-2025,-1312,-9745,-1991,-3802,-93,1546,626,-31490,-695,-3802,-338,-1125,884,-31490,-2843,-5407,-4460,-5488,-1305,-5267,-3360,-5488,12,-735,-3755,-6925,-4499,-5335,-6490,-5074,-543,-4095,-6490,-3430
9/9/2025,-1835,-3821,-4196,-2000,-2445,-5125,-2466,-4289,-3366,-855,-2047,-4198,-1245,-4210,-6720,-1305,-2940,-5951,-1962,-1800,-7528,-110,-823,-2197,-1298,-621,261,-110,1895,-4687,-1525,-3305,-5597,-2350,-2445,-5945,-2350,-3515,-7445,-1280,-1840,-5018,58,-3650,-13136,-1580,-6405,-8087,-3180,-6074,-14909,-1724,-1697,16074,-1805,-6979,-13382,120,-1093,16786,-2158,-1892,-2895,-7395,-2371,-2226,-3350,-7355,-3725,-7921,-3260,-3717,-5395,-7825,-6395,-4314,-2298,2837,-6400,-5509
9/10/2025,456,722,2053,1158,800,794,1208,29,5820,-400,318,2017,1020,-4031,-6970,895,-3706,-6617,-1905,-1750,-8280,4929,17469,-2070,1290,-685,-4035,5807,19214,36089,-90,1110,2948,1158,800,2576,1208,-360,-17,-737,120,134,1020,-5646,-14830,895,-5361,-9022,-4445,-3966,-2585,5452,17591,50801,1290,-5071,-2590,7124,17889,50513,-989,1787,-3110,1150,-869,-2368,-3175,1150,-4374,-8772,-408,-3742,-3338,-8472,13300,14110,-2429,-2967,13300,18063
9/11/2025,99,2363,-2465,-120,1715,-2751,405,2363,-1557,-580,-40,-1446,7305,-1497,-2611,8000,12362,8776,5897,1163,11681,2105,14361,772,8834,-1875,-4660,4685,16472,848,320,1715,1784,405,1715,1988,405,1715,1592,280,1445,1592,7748,3232,2814,8140,13042,12218,7263,7169,13928,8151,25511,35574,11107,7154,15187,9744,27251,35574,-2823,-3612,-3715,-3955,-3168,-5772,-3140,-3955,-3920,-5767,8095,-977,1180,-1617,6731,-2159,-2334,-4200,6731,-1942
9/12/2025,1516,175,-3282,757,150,-2066,-68,-2125,-885,-65,887,-1959,4078,4766,2462,2475,6243,15728,4759,4640,14896,4060,11003,-552,4788,1305,-3800,3042,8812,-3923,1690,175,-554,757,150,-1869,-68,-2125,-554,1432,-30,-871,4078,13470,5033,2475,6243,16291,5632,14821,30017,3377,9698,66739,8250,14071,31426,4916,12315,68766,-1096,-4709,-2905,-5383,-1096,-5235,-2905,-5383,-4095,-4678,-1983,11373,-4726,3570,12297,-3804,-6365,-1441,12297,-6164
9/15/2025,-821,3701,1374,-617,939,-1202,-274,2447,387,250,882,-26,1680,1913,420,2110,3251,-184,3357,4871,19,1533,7273,5063,-55,1340,1559,2684,5001,8547,215,2078,-3377,99,939,20,181,2447,218,-200,1818,259,1680,1913,-5037,2180,3373,2838,4789,6066,5627,1339,6287,52203,2515,6051,5627,2684,10586,52203,-350,1056,-520,4901,-385,95,-220,4901,-2143,-211,1086,4747,1967,2843,8283,9330,-2613,1884,8283,12176
9/16/2025,2000,7883,10074,4433,10812,8669,5655,8538,7921,2208,8627,9852,2803,15174,17865,3045,15962,15473,5907,11916,27145,7163,20596,-1251,5170,7850,747,10798,15789,-3112,2000,7883,11566,4928,10812,11103,5888,8538,11702,2170,7258,8406,2803,18893,29186,3220,18976,20861,8371,24002,31347,7163,19235,20707,5170,24002,31347,13218,19617,20707,3546,-1981,5028,-1173,3546,-393,5028,-1529,4093,11464,761,12,1784,1934,-1915,-2878,5156,2754,-1915,-2649
9/17/2025,2195,6773,10858,3435,7291,14753,4675,9266,11988,2485,6608,22469,2025,6065,14807,2960,3385,28746,13932,10700,42742,4967,19929,9573,5015,5769,6588,9788,9949,12170,2195,6773,18700,3828,7291,24449,4686,9269,23071,3455,7974,20928,2450,7347,25112,4505,4132,29279,13932,15085,49166,4967,19929,69138,5575,15040,48606,9788,19924,69133,6355,16571,5136,21351,8270,17575,6681,18038,5745,19286,8447,29973,12720,35360,4892,10681,8245,10268,4687,6810
9/18/2025,1125,-1535,-2945,20,-3294,-4793,2825,-1976,-2927,440,-682,-7224,1201,3218,-3173,2320,2031,-3033,389,3133,-491,-105,-3098,-1750,391,2575,-1484,-775,492,4931,1125,-4658,-5325,-530,-3294,-10738,-550,-4557,-9280,-655,-5215,-10170,1201,1697,-6285,2331,2031,-14561,-2905,1788,-11137,2940,-1990,-46305,391,1068,-16563,-1540,-6096,-52445,-2825,-3457,-2369,-7089,-3442,-3178,-1264,-4920,1961,1665,2060,-724,800,-3178,-5663,-3419,101,7709,-5663,4711
9/19/2025,-110,-5316,-4448,-1480,-5128,-2867,-1621,-3254,-2636,-985,-2480,-2341,-250,-4289,-6902,-195,-3917,-4677,-366,-1978,-8732,673,2465,4193,685,-249,395,1310,1272,11079,-110,-4220,-1798,-1480,-5128,-5694,-1691,-3254,-6156,-1495,-4655,-3285,-250,-7644,-13556,560,-3634,-8617,604,-2534,-9926,1454,3802,44356,685,-1514,-9926,2948,3419,45421,-2911,-6456,-2920,-7610,-2982,-4622,-2920,-7195,-4434,-8984,-3716,-4704,-3799,-6502,4112,15346,-2085,-964,3562,12103
9/22/2025,1550,4400,5762,1959,3127,5697,1690,3027,5713,1760,2812,5788,4590,-4360,-5326,3865,4612,-783,2736,-1799,-8912,4770,8543,2705,6045,-2140,-4735,4747,10096,6590,1550,3667,5373,1903,3127,7372,2033,2916,7118,1960,3739,9196,4880,3180,-11536,3865,5180,310,4634,8270,2552,6075,15687,34879,6055,7990,3020,5894,16338,36640,3584,4114,2456,7142,3590,2315,2557,11417,-3910,-7825,-3692,-955,-5192,-6163,3228,5897,-6510,-5325,3228,537
9/23/2025,1225,-1011,-4973,220,420,-2199,-380,-819,-3383,-360,-1495,-1539,-1900,-4475,-6925,1055,-3950,-6711,-447,-1995,-8997,7500,14806,4456,-295,-58,-2107,12913,11891,10824,1225,-255,-5672,590,420,-1285,580,-345,-4505,40,-355,-5058,-3090,-9530,-15495,1055,-1410,-3891,458,-3590,-8109,7500,1298,26865,-295,-4150,-7672,13048,1406,26333,-1677,-3053,-1305,-1745,-1416,-3058,-920,-2145,-4500,-8998,-4225,-2494,-6490,-7520,2339,-2860,-512,1390,2339,-2892
9/24/2025,485,2152,-3315,-1502,-1817,-3818,-1623,-1038,-3929,-155,-1587,-5843,2990,-4155,-5359,1920,-2148,-6274,2124,-1415,-8603,6270,-3724,-2931,3875,1294,-2397,5145,-4335,-4988,485,-455,-5539,-2067,-1817,-5265,-1282,-1737,-6710,-1520,-3915,-10942,2990,-310,-12854,3645,1251,-19440,-504,-1426,-24424,6270,-4703,-25991,3875,-706,-29014,5995,-5070,-30625,-1590,-1218,-1065,1391,-3045,1051,-2420,-810,-4389,-8839,-4080,-5727,-4514,-1094,-6000,-6211,-2662,-1360,-6000,-6211
9/25/2025,1630,6106,8751,2470,3748,4210,2549,6407,7383,-570,6380,6630,2813,5067,9481,335,3958,6297,4320,4507,4030,2035,747,-2965,3735,2478,1396,-485,800,260,1630,5918,11511,2470,3748,6532,3021,5197,7551,2994,5471,5514,3910,5925,11161,2435,4325,1150,1920,3610,3584,2110,-874,-27037,3620,3025,2715,-2775,-3463,-24120,3647,13240,2887,7465,4053,5858,2292,7535,3633,703,1162,1554,2785,319,-4839,-2166,1490,-1241,-4839,-4127
9/26/2025,1520,99,2749,415,1070,2545,185,471,4316,1125,765,-446,2894,2179,-3299,1685,5760,-75,189,7447,-4317,1575,5103,-670,3254,-301,1344,1060,6292,-3169,1520,1053,-1159,1004,1070,1839,1112,1053,1990,798,-87,228,2894,3555,-6475,1685,5760,-7075,2334,5495,-3984,444,6485,13192,3254,5495,-2825,1326,7385,12891,-1452,1869,-1263,4150,-3606,1537,-1020,2434,-3220,-7748,-605,-2377,-1050,-3661,-5991,-333,-1296,-1677,-5991,-329
9/29/2025,1735,1641,7663,1536,3169,4462,1328,4585,4339,185,2435,2680,575,7092,9059,-1290,-3975,-3734,-1070,-1915,8749,-1105,-4608,-2409,1609,8291,-1583,-2350,-2023,-6915,1735,2723,5958,1536,3169,2105,1310,5007,4599,263,8032,4245,575,13777,11425,240,3385,14493,2931,9955,23483,-2121,-50,21706,3358,12327,24322,-1002,1764,22914,-770,5078,880,2714,-1597,123,1038,2714,7762,10967,11465,-6960,11482,-6940,-6975,-6929,1647,-786,-6975,-6930
9/30/2025,443,-99,-2297,880,-38,4349,-257,-2103,-1433,1556,-660,2050,514,-1251,-6199,947,-1157,-3221,439,-1890,-5976,-206,-2014,352,1277,-665,-1808,32,-2281,-1372,532,364,-249,160,-38,2363,260,-1485,-26,442,936,1687,514,-1615,-4047,947,-1159,-7576,189,-614,-7281,-206,1256,-10691,1277,1153,-14720,32,-2019,-10092,-372,469,621,5625,-1112,-12,694,4995,-1092,-3371,-937,-1612,113,-6052,-1612,-4755,801,5088,-1622,-4933
10/1/2025,329,-149,-798,435,-1020,-1081,-140,-249,-798,-685,-714,286,2600,-4465,-6192,2757,-410,47,3013,-1551,-8857,3455,11671,3957,3428,-1785,-1686,6042,9341,10238,860,400,-715,758,-1020,1500,823,300,-779,230,-672,-3011,2600,-4525,-16330,2757,-420,47,3249,6015,-8057,3271,12151,36861,3428,5675,-7545,6042,12314,40987,-832,-966,-1235,1355,-949,-3039,-3475,1790,-4435,-8479,-916,1891,-2152,-5863,16000,13034,-1541,-1124,15825,14266
10/2/2025,506,-1500,36,710,-890,-2035,-686,-1675,-2965,355,-125,-1465,2380,1533,-4266,3140,4075,-4079,-260,-146,-2841,4200,-4985,-2170,3765,210,319,4770,-1875,-1913,1030,-1500,-892,320,-890,-1065,-340,-1675,-861,317,-921,-1501,2380,6783,2163,3140,4775,-7354,3060,3989,1689,4200,-9050,-51899,4775,3974,1689,4770,-9940,-53102,-5,-1465,-1424,-6754,-86,-1998,-364,-6724,-1930,-6986,-3990,-6940,-5493,-8381,-6665,-2845,-2470,-271,-6665,-3225
10/3/2025,665,2492,-4345,510,2850,-4305,1498,3200,-5496,1015,2055,-3537,-910,-886,-6054,650,2405,6729,1605,-1215,624,705,6586,435,-1095,-2000,-1047,2825,6170,688,665,2670,-6913,510,2850,-3603,1525,3200,-5076,620,2060,-2861,-740,27,2915,650,2405,9780,1135,3652,9773,229,6197,17029,-595,3572,9325,1900,4685,16777,-272,-4073,1290,-3150,913,-2214,-25,-3150,1235,-1663,863,7919,2565,478,6167,10222,5165,-947,6167,12957
10/6/2025,3530,3915,2615,1295,3529,3844,3758,3990,2615,3985,2064,5940,2050,3369,4252,3530,4494,-934,3661,-1995,-2208,2570,-4201,-1530,5085,1513,5389,2310,-779,-6992,3530,3929,5169,2399,3529,6538,3364,3954,4791,3825,4097,10853,2050,4156,10757,3530,3525,-934,4047,2035,-3035,7083,4155,-50275,5085,2035,-3035,2680,1364,-56115,3803,8533,1049,3320,3803,5160,-595,3320,740,2781,-1950,-2630,-3294,604,-4650,-5250,3570,6513,-4650,-4925
10/7/2025,2715,7054,-3915,3419,7841,-1616,3592,5797,-2002,3375,9461,-568,1605,-455,-5395,-1080,7340,-5975,5149,-1705,-3892,4307,13443,-1798,-1075,3242,-2100,185,14505,-3456,2715,8065,-1827,3419,7841,-890,3613,5846,-924,3885,4961,1546,1830,1760,913,4737,9696,8645,4443,8773,8030,3739,19549,21324,1913,6770,8125,2821,20475,21703,-1376,-5349,200,-5415,-132,-4076,266,-5010,-2115,-7750,-1570,-6025,821,1705,-6139,-6510,840,871,-6139,-4443
10/8/2025,560,-5084,-4862,-23,-4405,-4438,-1377,-4327,-5075,660,-2290,-4832,55,-4490,-6145,1105,-2985,-6758,-1233,-1948,-8724,1383,2975,5645,800,-1870,-1671,4430,267,11898,760,-3945,-9528,227,-4405,-4020,-240,-4239,-8840,-65,-4988,-9432,55,-6700,-24065,1105,-2985,-9698,-1050,-4425,-16919,916,2126,35596,995,-5275,-16203,4430,2125,39313,-2569,-3850,-2405,1547,-2287,-3001,-1965,1371,-4150,-8885,-2955,-3269,-5604,-7578,7197,19976,-6790,-1149,6347,19421
10/9/2025,783,5293,10683,2387,6472,9772,2583,6537,12618,1855,4010,12303,-500,3271,8202,-1100,-51,10549,1557,3281,18176,1120,5249,3900,811,5356,6337,1442,492,-5335,865,5625,14371,2387,6472,10996,2583,6537,15366,595,5725,13017,-500,6135,12930,-1695,1731,10964,1557,6378,15761,1120,7254,12252,313,7558,16099,1442,7788,12252,4467,4487,3507,8597,4467,4487,2864,4723,-933,3690,705,700,-664,1427,-5907,-3857,100,1934,-5907,-7274
10/10/2025,2840,853,1240,2576,1665,4795,1994,140,-1067,3245,4215,7310,1800,440,-2845,3345,5142,7859,2592,-1240,2352,7095,14985,-2910,3465,5815,-3126,10644,5965,39299,2840,1985,1240,2576,1665,5613,2371,287,-1076,3245,3355,4881,1800,440,-2845,3345,5142,7859,2915,4155,2352,7095,14985,40016,3465,5295,815,10644,14825,36825,1675,2449,2235,5982,-112,4304,5702,5608,1890,-1640,3775,7430,4432,1922,15134,-6685,1941,-2911,15109,43929
10/13/2025,1510,-2140,-2199,-948,3026,-4390,-1498,2601,1648,1698,-1157,-8158,2990,6740,4392,3894,8016,14614,3205,11362,9750,1380,7823,159,3010,2530,3024,2635,-2,-4156,1510,-3984,2849,-820,3026,-9044,-520,2118,1905,1232,-2184,337,2990,7415,5476,3894,8016,15483,3378,10455,9750,2581,-1730,19296,3255,9785,10212,2828,-1527,21668,748,1704,678,-5120,1528,-1402,-269,-3895,3697,3882,2394,10715,5307,8039,12453,-5357,1353,230,12453,-181
10/14/2025,1075,1783,-4481,2540,715,-2576,2143,-829,33,-575,-535,-4085,1340,464,1305,1595,230,4687,3416,-1035,1221,3530,1314,-2300,625,-345,-702,5255,6763,-3582,1075,2085,202,2540,715,-609,2545,855,-2588,930,-280,-6279,1340,2310,-2045,1595,-1300,-7771,2670,-2495,-11744,4037,1584,-25670,825,-1905,-11060,5640,2822,-24292,2273,-4087,1151,-476,-2779,-4638,1392,-476,-1185,-5335,-125,4995,3183,-2669,8349,-3691,3240,-3940,8349,-5484
10/15/2025,-448,2013,509,1494,7298,5582,452,4766,2247,-690,8527,-1382,1665,4772,7305,-1035,5243,-6805,-1950,-1950,-8790,-1410,-6460,-1521,-1085,932,-3810,-2250,-4025,-7355,185,6395,3759,2219,7298,8812,2017,7639,13126,285,4640,4611,1665,5275,11839,1315,5450,3620,1470,3405,4094,916,-4712,6944,1126,2835,6490,1590,-855,5880,1860,-1862,10028,-2735,7830,2218,9862,-3330,5449,9047,3180,2244,2426,-8311,-6940,-6892,-1275,-722,-6940,-7482
10/16/2025,1870,3518,5967,1570,2311,2473,3058,3267,8119,1845,3778,6270,391,372,-5536,2055,1733,2449,3087,-1680,-7614,4980,5435,-2541,3221,5080,-3820,5600,7837,2487,1870,2773,5119,1570,2311,5897,3570,4271,11787,1805,2915,2068,470,615,-2275,2055,1733,1699,-105,2655,-1453,4818,3678,-2938,3300,2900,-2700,5600,5265,-4174,458,6500,2939,10104,2433,5940,1424,7749,-2002,-4811,2615,7655,-545,-888,619,-6815,-282,-5385,614,-6745
10/17/2025,2015,714,284,1595,547,-3791,2134,-264,1349,970,1704,-6806,2445,4349,9772,2538,3320,4066,6021,6400,18730,3365,7726,176,2825,2138,-750,7005,8765,22191,2015,515,-4507,1595,547,-7896,785,-439,-3014,-160,-1955,-8472,2445,4730,11298,2538,3320,4435,7109,9605,19398,1961,6563,32700,2825,7740,15953,7335,7935,36462,-3362,-5136,-1715,-5971,-558,-3337,-2790,-4618,4743,9349,1946,4884,6368,19341,11916,9029,-647,82,11911,12709
10/20/2025,1920,8517,6716,5502,7974,7274,3970,7089,5185,3025,8254,7563,-138,1968,-5248,1855,12077,5440,2714,-1970,6620,-755,14126,-2688,-76,-1860,-4600,1450,20664,12925,1920,8517,5792,5241,7974,7886,4449,7089,6950,2900,8860,7519,220,5217,12679,2295,16568,6924,3081,9317,14079,248,17379,7176,-635,8362,14365,739,17820,-3337,3059,4554,2849,-89,2322,1845,3319,-185,-3905,-7417,6070,-2220,10192,5089,14191,-731,-2356,-3875,14191,14837
10/21/2025,1409,1926,-337,-1745,569,538,2392,181,-398,1041,2258,-1136,3915,11722,6328,4600,10671,3569,2657,9740,3692,5801,16118,3259,7050,5600,-3135,1670,8075,3950,1846,802,-852,-305,569,-2235,1280,-955,-4235,1875,124,-861,3915,12275,14031,4600,10671,4511,3528,10971,7018,5972,19886,-15805,6881,13486,9990,575,21782,-20241,68,-7490,620,-6500,-815,-5810,-375,-7490,9366,1646,7997,-2375,7998,-4101,4698,-5973,2881,-5165,4698,325
10/22/2025,1165,1585,2341,2930,2645,8258,2027,3669,3853,1710,2543,9308,1575,102,-6280,3950,6938,-2646,2133,6470,-288,6903,6631,115,3010,8342,-4295,4525,5674,28168,1165,2440,2777,2930,2645,8874,3040,4245,5893,1440,2508,6677,1575,1917,-6872,3950,6938,-6105,3380,7195,-288,6838,6428,13168,3010,5845,-4745,4525,6246,13833,4002,9804,2169,15587,3234,10016,3030,16690,2175,-7368,2250,4980,6369,8663,11946,11133,191,-4080,11941,16926
10/23/2025,2590,2216,594,2622,2352,5518,2727,2060,5101,2230,711,5742,1470,2664,-6969,2080,657,1209,3432,6705,-5511,4950,1100,-18,4268,2245,95,5668,2099,-794,2590,3662,6717,2622,2352,5853,2727,2060,6266,2100,1389,4843,1470,5505,3479,2080,720,907,3802,6998,8357,4394,1907,16319,4268,6807,8010,6191,1645,16319,2481,8883,1923,6135,1756,5639,1107,5915,-4453,-8163,1185,-2028,3314,13045,-2704,710,351,-1102,-2704,8782
10/24/2025,1205,2515,1667,2980,2010,450,2512,2304,1667,1510,600,450,1195,3951,11594,3340,6649,2319,4510,4965,6977,4141,1657,-1004,2545,2025,10083,7421,4650,-4286,1205,2515,2337,2980,2010,450,1365,2455,2337,1255,2245,3719,1195,3951,18117,3540,6649,1550,4119,7302,12287,7045,10910,-37765,2545,6512,9896,7421,965,-38058,1480,1530,-100,-4757,2626,1530,-100,-4757,7330,10678,6533,-4057,4997,-3244,-4547,-4741,7614,3635,-4547,-5564
10/27/2025,-929,-3534,-4877,-831,-2619,-2398,-2185,-3534,-1529,-470,-2314,-693,415,-4333,-3554,1411,-1258,-6844,-1999,-1625,-6530,2155,5535,1277,1390,-2115,-4695,5216,4352,8820,-820,-3099,-4775,-547,-2619,439,-617,-3099,-2309,-1380,-2849,-3061,415,-11580,-25698,1546,-1258,-8846,-2624,-8905,-16983,3663,7683,53515,1785,-10025,-16983,5216,7683,53939,-3300,281,-2510,310,-3525,-3034,-2245,-1320,-4484,-7384,-4450,-3930,-6499,-7209,2979,3318,-6510,-5425,2974,6434
10/28/2025,1260,1433,2382,705,2177,2821,889,797,3840,1820,1322,3600,-400,-4020,-5135,505,-2015,-576,-50,-1990,-1275,2760,3451,1144,-1075,-2435,4773,5440,3042,8257,1260,1585,7447,965,2177,3551,1895,1110,7438,2186,3280,8140,-235,-3008,-3281,795,-1960,3875,3345,-70,9562,2997,4684,39688,120,-445,12140,5440,5475,39755,3138,5808,3808,8787,4082,5353,2753,9585,-4215,-7665,-2521,-1190,5258,-3566,8584,6020,26,-3905,8584,-4398
10/29/2025,1215,9700,9406,4965,10405,10148,6615,8373,9469,690,9854,11215,2118,18008,21626,2205,18981,34850,5005,5285,18428,6130,24386,6400,4405,8215,-2414,5560,33040,11403,1215,9700,10450,6290,10405,11109,6615,9548,10295,-150,9330,10791,2118,20831,35775,2395,22781,42577,10662,30311,43551,6570,35409,54976,5620,29846,43436,7105,34561,51252,6884,5788,3900,2609,6884,4467,2710,2609,8449,17246,11298,31467,17504,12931,-4735,-3674,4032,-2975,-4735,7446
10/30/2025,-676,-1295,-1488,480,-2325,-1953,1007,-1828,-1901,-530,-1637,-2840,540,-939,-6883,1525,-511,3596,1567,2471,-8565,3805,8151,15250,970,1445,-447,5165,6953,18314,-520,-927,-4639,1420,-2325,257,1313,-1385,-2823,-340,-1005,-3135,540,-1247,-8790,1525,-511,3596,1630,2442,-11075,3805,7282,33994,970,4498,-7919,5165,8141,32280,-2070,2610,567,1705,-2070,2354,2595,-465,-3953,-8694,170,-3721,-2477,-2727,6862,15092,-1182,673,6652,20974
10/31/2025,1980,6172,9986,3190,8797,10210,4055,5984,11043,2555,8293,13414,5375,9635,10074,4110,10335,7828,5633,5958,10490,4340,7862,266,4770,2636,2902,2375,12224,-2270,1980,6189,10936,3251,8797,14616,4215,6126,13496,1500,4650,11310,5375,9690,14050,4265,10335,11786,6250,7716,14408,4340,7944,9778,4770,7541,15181,2375,8115,9297,5228,8506,2121,7307,4280,8678,820,9303,6676,8896,1110,5142,9674,4222,-1780,-4733,8395,1583,-1780,-4183
11/3/2025,3911,3422,631,580,800,1886,3161,2755,1886,1195,558,384,710,868,-1761,975,2054,2046,4301,744,3745,805,-2465,1960,2005,-411,1087,-535,2779,-5844,1841,1765,-1340,-515,800,-3960,-267,1385,-1605,2227,1566,1324,710,2154,7096,1600,2445,2569,2713,3723,6479,3431,-371,-4161,2005,3853,1733,-315,-2124,-7484,2247,97,2555,-283,1717,1570,2325,2287,218,6225,-791,-2485,-1901,-4017,-4790,-5690,1781,1647,-4795,-5235
11/4/2025,575,-2106,-4629,-451,-1865,-5217,-212,-1928,-3122,340,-888,-4045,-275,-3970,-5243,1190,-3320,-6190,-1890,-1471,-8921,4007,5534,-2830,515,-15,-4025,5974,6061,-7415,575,-2035,-7738,509,-1865,-3810,570,-2990,-7073,1360,-3280,-1366,-95,-5300,-20680,1190,-2855,-14210,-2390,-5190,-23426,4164,7778,18499,655,-4600,-23365,6174,5399,21434,-2396,-3413,-110,-4990,-1019,-5772,1617,-5606,-3599,-8995,-4355,-6830,-6151,-8286,4422,-6780,-1933,-5500,4422,-7485
11/5/2025,1730,212,1512,3997,-655,-186,1706,237,3087,-565,817,758,3232,5547,7428,3137,3688,9667,6338,9878,16045,3175,895,7127,3782,3962,4295,7463,-722,-5832,1730,975,-612,2210,-655,-1954,2325,1000,-181,2189,-280,790,3232,6675,11104,3137,3964,8334,6900,7789,8496,4029,2352,-4226,3782,7244,8874,7653,895,-1177,1983,3870,-1322,-2355,1794,1344,-800,-2355,5300,6100,1450,10269,3781,4575,-3654,-5974,2468,5376,-3654,-1609
11/6/2025,2520,6829,7089,5740,7955,11857,5261,6330,7303,3835,7235,12309,2315,2284,14433,3630,5579,20103,6168,3792,18729,3284,1806,11823,2660,3917,2974,4188,-586,14368,2520,7185,7532,5740,7955,12461,5887,7414,9291,4270,8673,12960,2315,3659,17836,3630,5579,17552,7599,4764,15959,3284,3022,8928,2660,3895,14829,4188,1791,11677,1894,-1064,4,4707,2553,-819,1215,3947,1689,3039,-496,10847,7757,11055,319,1516,3785,7493,314,8228
11/7/2025,1905,3199,2597,2473,2164,10646,2412,2000,3788,2091,1765,5407,1271,-735,4330,2914,2410,2184,696,4265,2382,4116,11375,4355,2966,-169,3900,4995,4978,4497,1905,3206,5024,2473,2164,9541,2412,2293,7267,2789,4722,15205,1634,15,1337,2914,2885,-5267,1304,3925,2098,4130,7591,33163,3156,4625,4129,4995,11260,34140,3099,7238,892,8495,3083,7867,1305,7053,106,-7124,1930,-4155,3788,-150,7334,-371,3195,2987,7314,-886
11/10/2025,1185,3197,7221,498,684,11204,-1159,182,284,105,1780,9675,630,-3505,-4802,90,-205,3085,1672,-746,5169,2755,6057,14435,25,-1510,-1085,330,1472,39075,1185,4050,3652,1085,684,7268,715,671,2559,1355,1329,3858,630,-3082,-4142,-125,-1030,3616,1459,2220,4996,2875,4229,47776,25,1185,6164,1908,4554,49261,693,5777,858,9239,-1404,5460,2378,8398,-2195,-7788,318,2963,1011,6235,13440,27836,1060,3214,13310,35281
11/11/2025,2775,7425,6330,2508,5122,4583,3350,3635,7478,3262,5204,3972,1225,3790,5223,1140,2122,-3932,-1394,1062,-5193,3710,-1933,2468,2179,401,5404,3485,2241,604,2775,5415,6330,2898,5122,1036,2116,3182,5641,3367,5291,6945,1225,4960,11550,1140,2360,-2977,2270,3250,-11610,3710,1153,-67588,1875,2995,-11725,3535,-1165,-70197,5606,5174,5136,3401,5416,5610,5281,3401,2637,1615,920,-6950,-3492,-8456,-4585,-5891,1792,-75,-4585,-5279
11/12/2025,1100,577,-2082,200,-1231,205,2557,680,2191,935,-320,1339,3555,7739,30947,6555,10711,26817,5881,12190,43485,7810,11878,6526,5980,6381,8050,9965,14382,19917,1100,-1440,3328,450,-1231,977,1405,1114,2289,775,-783,-393,3555,8171,38175,6555,10711,29576,6850,12235,45324,7810,11878,20277,5980,10624,43440,9965,11873,21665,1857,3288,2645,2468,1709,2047,2940,3643,17110,39963,15564,21329,15421,37428,12796,11204,12770,9126,12791,21351
11/13/2025,1315,-958,-2864,1390,33,-3888,143,-2119,-3651,2085,664,-5355,1910,3183,1120,5890,11677,20442,4933,9683,-1100,9005,18095,9636,4275,3576,-4592,10685,18380,21100,1315,145,-7159,1390,33,-7426,1399,-791,-8552,525,-945,-5151,880,3856,3772,5890,11677,19542,3725,10528,13020,9025,17623,27629,3805,9053,9934,10685,18085,28170,-946,-3305,-2585,-5254,-3515,-3283,-2655,-4870,1389,-637,9048,9760,6615,5543,6607,8978,1484,-3595,6602,11657
11/14/2025,1520,2219,6224,2522,2612,4544,3644,2620,6195,1310,2952,8061,5092,3263,-229,2295,1255,2271,2591,-1364,6779,4395,14004,-1009,2985,3546,-3885,6998,6771,2858,1520,2977,6224,2522,2612,4544,2675,2789,3846,1375,4713,9465,1980,1930,4397,2295,1255,-5395,1605,5364,6603,5975,14484,-25928,2985,5914,-4983,6998,13899,-26203,4217,5169,2872,4186,4676,7162,3270,5411,241,10,181,-2981,1683,189,7465,8127,-774,-3100,7460,2104
11/17/2025,1695,2649,3153,3759,1495,3837,1037,2648,3729,2200,5704,6723,2630,4610,6757,780,481,4129,3684,1721,1967,535,-728,2247,2785,2086,-1311,1780,676,-2671,1695,3669,-645,3759,1495,3609,725,5561,4472,2754,3394,5439,2630,4610,9995,780,481,4129,3684,2235,336,-698,-4515,-8613,2785,1320,-1228,630,-5004,-5666,6126,5598,3066,1603,3877,3693,4190,6220,3446,9264,1810,294,2620,-1116,-825,1084,2415,-328,-825,-1060
11/18/2025,1910,6528,4518,2097,3382,6698,2398,4190,3841,2065,3708,7558,1856,6988,5882,2936,4929,1923,2542,7635,3187,3175,3686,-1288,2966,2836,2654,4485,1486,-55,1910,6528,5048,2097,3382,6698,-55,2886,5496,1170,846,1080,1856,6988,5882,2936,4929,1923,2542,7774,3187,3175,6235,-30000,2966,6151,3595,4485,3676,-14168,1893,2825,983,7292,4191,1459,2801,947,3385,7253,3490,12696,4576,2896,880,-5471,4191,6958,880,-2548
11/19/2025,2405,4235,12331,3766,6695,5695,5689,6110,9907,2865,5679,10746,2050,8483,19665,845,6030,8189,150,270,12580,1552,-844,970,1475,6519,2716,-333,191,-3710,2405,6204,12331,3766,6695,9900,5587,6856,10383,3907,5237,13083,2050,9425,19375,845,6735,11255,1950,8725,13763,1552,-1235,-1642,1475,8405,15305,-333,-418,-9374,3744,14460,6533,11961,6213,11950,2819,11139,6019,15933,8952,4045,7452,11548,1411,-5400,2295,2055,2686,-4616
11/20/2025,1340,1391,307,905,100,-4795,448,1128,-3690,1340,2395,3187,705,2165,-5392,2270,2460,11750,5537,5764,-7453,7980,13850,-2514,-1125,1031,707,8210,11023,32691,1340,2030,-1262,905,100,2155,650,1780,1723,1585,-710,-650,705,2165,-1791,2270,2460,11750,4504,5764,3270,7980,13850,41627,1650,2345,3066,8210,13800,39817,1648,-834,1725,1851,1246,428,3735,3182,-1186,-4918,3654,9936,5058,-7329,14378,32098,154,-440,14358,27796
11/21/2025,2055,6488,5936,3895,2646,3215,2433,3063,6520,2065,5200,2726,1725,4629,2453,2195,3865,-2135,4170,-1125,-2461,1625,4415,-1012,2085,716,4358,2515,-376,-6184,2055,4695,1395,3895,2646,2175,3015,3413,963,1985,6050,4393,1725,5390,2672,2195,3865,-5779,4533,6190,-1288,4078,8327,-15417,2085,5655,958,2790,4395,-7762,5774,6832,2500,9154,2464,8221,5735,9601,4005,12848,845,3003,3514,6994,2381,-4759,1295,2913,2366,-4634
11/24/2025,2410,4319,2893,2010,3394,1547,1781,4069,224,765,1205,3757,1095,-3965,-6395,2510,8780,587,3544,-1960,-5295,9181,28978,6890,1580,5612,-4110,8651,12373,36324,2410,4531,2893,2010,3394,1547,1795,4451,1712,545,1091,3300,1300,3865,-4328,2535,6574,1615,3745,11568,19390,7572,28524,72030,2310,10593,20713,8651,28978,72016,1201,-2017,4211,962,3341,-342,3327,768,-4410,-7311,2186,1168,-4810,-877,31923,28144,-1903,-1436,31923,29137
11/25/2025,1765,3487,-2235,1570,1793,-5990,885,-2083,-5334,630,3887,115,-15,-2597,-6869,305,-2700,-5926,-1736,-1838,-8115,2795,3094,-2970,-202,-2145,-677,1850,4807,-7435,1765,3487,-1399,1570,1793,-1029,1538,-1483,-4996,315,2479,-1908,-15,-2438,-6632,305,-2075,-15120,-1520,2115,-10643,3162,3512,-1428,-620,605,-6339,3005,4496,-134,397,1138,1421,-1403,-820,-718,2540,140,-4174,-8946,-2741,-6970,-1499,-8468,2138,-6730,-5845,-1321,1933,-6830
11/26/2025,2536,267,-1463,-455,595,-2926,558,1437,1440,2265,1687,-2733,2423,7359,-358,4685,2299,-409,6539,4888,6700,7496,-1951,617,3905,-1570,-4405,6795,727,-2839,945,134,-2928,-455,595,-4843,150,1789,-4426,1365,326,-2364,2705,3617,4863,4685,2917,-8238,4692,5567,4135,8240,-386,-38881,3990,4666,-1628,9111,-1481,-38056,-552,-2715,-1005,-2055,-1402,318,15,-3916,5746,-2566,81,-812,-733,-1935,951,-5890,-1250,-765,951,-5750
11/27/2025,1515,4945,6151,3175,5745,7061,3175,5845,5925,1050,4925,7061,2290,4085,5791,3350,9590,15200,6475,8895,19595,2175,9230,5570,3015,2985,3186,2660,7570,8935,1515,4945,7555,3175,5745,7555,3175,5845,7555,1465,4920,7555,2755,5640,9306,3350,9590,17080,7395,11650,21475,2415,17085,32890,3045,11650,21475,3580,17085,32890,-330,-2027,-1985,-2770,-330,-2027,-1985,-2770,1965,3650,-1280,-1750,-2980,-1800,-4220,-4290,-915,2530,-4220,-4290
11/28/2025,465,380,-1326,225,79,805,565,-248,-1001,-75,-1570,1469,2050,792,-1596,2600,2097,-3360,1710,-1325,-5718,2965,3745,2475,2155,601,-3920,3995,1905,6357,465,380,-40,725,79,1935,600,-248,-40,-75,49,-580,2050,36,-8523,2860,2097,-1728,2565,1429,-5130,3065,4339,18638,2160,1429,-5130,4180,4651,18638,590,349,-80,1522,590,-146,-80,1522,-3183,-8768,-5,-2823,-1206,-4080,5345,5287,1155,1499,5345,4073
12/1/2025,100,1648,-1324,-97,1460,-2795,2813,1444,-3544,-575,2746,-796,900,3909,3494,1543,2590,8539,-757,-1045,7492,360,5952,-2325,705,5065,130,4995,5293,454,100,534,-2939,-574,1460,-3875,-1080,315,-4985,188,2726,-3335,900,5529,7771,1543,2590,3930,-736,2510,4322,3753,10674,-14347,835,1870,3390,3592,11481,-15848,-65,-2837,265,-2481,130,-5394,1740,-3103,1324,1038,7361,10462,2901,4877,14898,-1195,1420,-3950,14738,4788
12/2/2025,3031,1803,-2672,1615,922,-2019,-516,1654,-2140,940,3478,-3654,2865,9132,20156,4055,6591,24263,6637,12592,10320,5455,13346,-1333,3228,8196,4372,4085,13496,3781,3045,2396,-2577,1615,922,-2391,1247,1534,-2695,2815,1776,-4989,2865,9132,20156,4055,6591,16769,7710,11402,10320,5845,12177,5147,4995,11747,9574,5630,13346,5147,-1021,1219,-1939,-1106,1832,-1160,-2467,-2196,12452,22353,12210,26017,15813,28597,3734,-5324,8353,22083,3734,11535
12/3/2025,236,-615,-1553,700,575,-2555,-627,-397,-2006,450,1035,-4668,2665,-3445,-5385,2073,2265,-6291,-1885,-1195,-7345,726,9303,-2960,1862,-1935,-5605,3931,9806,-5449,1195,330,-3801,320,575,-1052,830,60,-3229,535,1065,-3550,2665,50,-3900,2073,2265,-7440,2014,5370,7790,4614,11569,12242,5238,5365,7235,6564,12591,12632,1020,-2457,-2356,-876,-105,-2098,-525,-1023,-3693,-8790,-3765,-3295,-5889,-3696,-3303,-5084,-6955,-4345,-3303,-5276
12/4/2025,3574,7058,24812,2937,9298,24256,4413,13471,25273,2650,4696,25684,2775,7562,24369,2965,11202,18315,4287,10265,41264,5932,22661,-133,2590,4772,12037,6973,16985,7237,3215,5768,25576,3330,9298,27187,4806,13471,28802,2220,3592,22242,2775,7562,26772,2965,11202,29721,5317,12536,44641,6007,22661,94853,2590,11615,44602,6973,22661,96204,5503,14818,2809,10153,5173,13949,1939,7324,10251,25312,2873,4830,10070,29559,6419,-5269,4070,17394,6419,-5188
12/5/2025,3884,7402,2039,3655,7793,-3146,3011,6372,-1,3594,8565,704,1740,3921,15553,4879,4900,5794,3201,2125,12940,4010,13320,1465,3324,540,5558,8024,25579,-3137,4215,7875,6951,3655,7793,-680,3046,6549,1294,3305,6635,5314,1740,3921,16809,3615,-719,6062,2516,6370,16572,11851,20770,12901,2949,6370,17581,12360,18943,14708,1283,-3292,3907,-906,-89,-3550,5340,1701,5356,7554,1104,-5845,1913,-1850,-670,5760,3937,2109,-670,1187
12/8/2025,1266,6076,8264,3329,8923,3072,7698,14051,13985,-570,7633,11470,-815,-2655,-4843,-62,110,439,2270,-1998,25347,6315,3903,1458,-1063,2140,-4200,10532,8668,-5577,1415,6978,12452,4883,8923,16820,8235,15060,21088,2170,5750,10836,15,659,1033,913,1875,6654,2721,3526,26400,6533,2718,23593,210,3955,27206,10532,3833,28980,1160,10493,4654,10607,4644,10791,1884,8767,-1725,-8465,1670,12725,12872,24249,7660,-4646,-2632,-4100,8640,-1545
12/9/2025,2272,4361,8707,3957,4534,13284,5376,6301,9366,2315,4951,13428,1301,-84,-4561,550,-99,-457,2496,-1515,-5469,-980,2224,480,1466,-1740,-1449,2150,8863,12129,1155,4692,11166,3419,4534,12067,3889,5579,8591,2474,4456,13665,1301,450,-2195,1465,-110,-4494,2496,2706,-4923,6075,5447,-22660,1729,2706,-4729,5604,5731,-23988,7491,10062,5008,7994,5400,7973,6050,6172,-1355,-7177,-3040,-5955,3176,-6537,-2460,-4990,-2678,-928,-2460,3267
12/10/2025,-255,-2599,-2977,-75,-2192,-5073,-310,-2693,-5317,-615,-1072,-5864,960,1870,-5210,2235,4469,-4870,2766,6555,-846,1935,13906,-1345,2349,3488,-1678,2147,3365,-6891,-255,-3240,-8582,-75,-2192,-8810,-75,-2228,-8400,-1465,-2437,-12360,960,1359,-31,2235,4469,-10568,2766,7117,1908,1935,13906,-28187,2349,5592,-7017,2147,13886,-26721,-2496,-4392,-3505,-6584,-2496,-4912,-2535,-4463,3245,16421,-701,-6933,-2187,-5312,-6467,-5437,-191,1452,-6482,-6516
12/11/2025,-940,-4623,-3829,-1520,-4422,-3886,-2455,-3883,-3733,-645,-1685,-5738,-1071,-4072,-6850,-415,-1992,-4286,-1985,-1285,-6151,-1270,3639,-2910,-1005,94,-1211,1440,6473,-6652,-940,-3545,-7085,-1270,-4422,-4110,-2090,-3880,-5126,-2375,-3465,-6185,-115,730,-8111,145,133,-9262,-575,3398,-3051,-490,7809,-2468,-135,2435,-6172,1595,7924,-4590,-2507,-6133,-3950,-3425,-3572,-5518,-3230,-3245,-3772,-8834,-2607,-6890,-1409,-6622,-3493,-6999,-2009,-5315,-3493,-4583
