,v0-10,v0-20,v0-40,v1-10,v1-20,v1-40,v2-10,v2-20,v2-40,v3-10,v3-20,v3-40,v4-10,v4-20,v4-40,v5-10,v5-20,v5-40,v6-10,v6-20,v6-40,v7-10,v7-20,v7-40,v8-10,v8-20,v8-40,v9-10,v9-20,v9-40,v0-10-unc,v0-20-unc,v0-40-unc,v1-10-unc,v1-20-unc,v1-40-unc,v2-10-unc,v2-20-unc,v2-40-unc,v3-10-unc,v3-20-unc,v3-40-unc,v4-10-unc,v4-20-unc,v4-40-unc,v5-10-unc,v5-20-unc,v5-40-unc,v6-10-unc,v6-20-unc,v6-40-unc,v7-10-unc,v7-20-unc,v7-40-unc,v8-10-unc,v8-20-unc,v8-40-unc,v9-10-unc,v9-20-unc,v9-40-unc,v0-20-cATM,v0-40-cATM,v1-20-cATM,v1-40-cATM,v2-20-cATM,v2-40-cATM,v3-20-cATM,v3-40-cATM,v4-20-cATM,v4-40-cATM,v5-20-cATM,v5-40-cATM,v6-20-cATM,v6-40-cATM,v7-20-cATM,v7-40-cATM,v8-20-cATM,v8-40-cATM,v9-20-cATM,v9-40-cATM
TOTAL terminal $,969745,1473521,1412979,1002526,1392824,1542347,967164,1399981,1241781,779012,1373833,1791990,1013612,1363493,1327550,1181455,1881042,2131637,1559499,1486558,2539468,2018826,3421681,1179320,1338798,1046061,390394,2365566,3326075,2706540,956864,1528202,1602226,1050004,1398228,1763434,996947,1476550,1534925,869472,1262003,1509583,1093963,1815814,1995044,1316187,2061684,2834766,1827196,3043209,3481517,2353490,4075225,6752913,1566520,2815587,3307224,2665147,4041075,6768908,1179821,1440191,1012634,1664946,1137198,1361455,995823,1653097,1040456,1203960,1352160,1946609,1971299,1924160,2383708,2323535,651490,434480,2372316,3424143
AVG terminal/day $,1268,1926,1847,1310,1821,2016,1264,1830,1623,1018,1796,2342,1325,1782,1735,1544,2459,2786,2039,1943,3320,2639,4473,1542,1750,1367,510,3092,4348,3538,1251,1998,2094,1373,1828,2305,1303,1930,2006,1137,1650,1973,1430,2374,2608,1721,2695,3706,2388,3978,4551,3076,5327,8827,2048,3681,4323,3484,5282,8848,1542,1883,1324,2176,1487,1780,1302,2161,1360,1574,1768,2545,2577,2515,3116,3037,852,568,3101,4476
MEDIAN terminal/day $,1141,1619,1169,1245,1471,1337,1195,1484,796,846,1444,1549,1250,1360,-1224,1560,2200,713,1805,360,604,2225,3878,-38,1630,925,74,2764,3432,-64,1100,1769,1714,1360,1501,1805,1280,1651,1717,1045,1428,1577,1335,2499,2595,1745,2456,3575,2240,3793,3228,2895,4958,9489,1800,3460,2621,3320,5170,9893,1259,1093,1034,1585,1237,958,1059,1374,351,-1163,1176,806,1955,611,1910,-1771,630,25,1865,-477
RETURN / worst-10day-loss,1377.7,122.6,52.8,358.8,91.1,55.1,170.0,134.4,42.8,348.6,270.3,59.6,778.3,64.9,34.6,4314.2,146.7,57.1,309.8,150.6,50.7,,377.6,75.4,741.4,111.4,17.3,,1272.4,67.6,,107.0,35.3,421.9,96.5,53.8,328.1,93.7,35.4,915.0,69.0,34.6,723.8,59.3,24.3,445.2,88.3,54.1,404.9,167.4,44.4,1643.2,491.7,25.6,1783.6,151.9,42.6,,161.9,23.7,95.8,44.4,53.5,53.8,79.7,49.2,79.2,71.3,38.9,22.2,74.9,55.1,78.5,35.4,55.9,47.0,37.0,15.4,55.5,65.5
WORST 5-day loss $ (~1wk),-3076,-11434,-16227,-5896,-12085,-17728,-5775,-10359,-18673,-2725,-5608,-25672,-3527,-18730,-29765,-3140,-12827,-30146,-8939,-9503,-38069,-1843,-13684,-12838,-2029,-7782,-17381,-3132,-11193,-29032,-1980,-13257,-25515,-6051,-12085,-29140,-5760,-13823,-30988,-4000,-15076,-28397,-6625,-41756,-90214,-6410,-24106,-60467,-18696,-31563,-68961,-4419,-16404,-180665,-5320,-34267,-69786,-7665,-24424,-185193,-12065,-22588,-17085,-26099,-12925,-22114,-15930,-21804,-18934,-37247,-15599,-26294,-23712,-35748,-30801,-30653,-18071,-21071,-30806,-30102
  worst 5-day END date,11/2/2023,4/2/2024,12/29/2023,12/29/2023,12/29/2023,1/17/2023,1/23/2024,4/2/2024,1/17/2023,10/31/2023,12/29/2023,4/2/2024,5/18/2023,4/28/2023,7/19/2023,9/10/2025,7/18/2023,9/10/2025,9/10/2025,7/18/2023,9/24/2025,7/14/2023,1/29/2024,4/24/2023,4/28/2023,1/11/2024,5/23/2023,7/11/2023,4/20/2023,4/24/2023,9/11/2025,4/2/2024,1/26/2024,12/29/2023,12/29/2023,1/2/2025,4/3/2024,4/2/2024,4/2/2024,11/2/2023,12/29/2023,4/2/2024,4/28/2023,4/28/2023,4/28/2023,9/10/2025,9/10/2025,9/10/2025,9/10/2025,9/10/2025,4/28/2023,5/16/2023,12/18/2023,4/3/2024,4/28/2023,9/10/2025,4/28/2023,9/8/2025,9/8/2025,4/3/2024,12/12/2023,4/2/2024,9/12/2025,4/2/2024,4/2/2024,7/25/2023,9/12/2025,5/13/2024,12/16/2024,9/12/2023,3/22/2024,9/10/2025,3/22/2024,9/10/2025,9/9/2025,10/16/2025,6/5/2024,3/22/2024,9/9/2025,9/11/2023
WORST 10-day loss $ (~2wk),-704,-12016,-26747,-2794,-15293,-28006,-5688,-10418,-29024,-2235,-5083,-30055,-1302,-21015,-38318,-274,-12822,-37327,-5035,-9869,-50055,572,-9061,-15641,-1806,-9388,-22525,3015,-2614,-40057,156,-14285,-45374,-2489,-14493,-32806,-3039,-15759,-43366,-950,-18287,-43667,-1511,-30614,-82134,-2957,-23361,-52427,-4512,-18180,-78387,-1432,-8287,-263728,-878,-18539,-77620,879,-24962,-285090,-12314,-32416,-18941,-30925,-14266,-27680,-12577,-23186,-26732,-54282,-18050,-35334,-25120,-54281,-42631,-49451,-17605,-28195,-42726,-52292
  worst 10-day END date,3/31/2023,7/25/2023,4/2/2024,8/26/2025,7/25/2023,4/2/2024,1/30/2024,4/2/2024,4/2/2024,11/3/2023,1/30/2024,4/2/2024,2/21/2023,4/14/2023,12/16/2024,7/24/2023,4/10/2023,12/16/2024,12/13/2024,7/24/2023,10/2/2025,7/14/2023,2/5/2024,6/7/2023,5/18/2023,4/14/2023,4/25/2024,7/18/2023,4/26/2023,7/12/2023,1/20/2023,7/25/2023,1/30/2024,8/20/2025,7/25/2023,4/8/2024,8/26/2025,4/2/2024,4/9/2024,1/30/2024,7/25/2023,4/9/2024,4/3/2023,4/28/2023,2/1/2024,7/24/2023,1/29/2024,4/3/2024,1/16/2023,1/29/2024,1/16/2023,5/17/2023,12/26/2023,4/10/2024,1/16/2023,7/24/2023,1/16/2023,1/29/2024,1/17/2024,4/10/2024,4/2/2024,4/2/2024,9/15/2025,4/2/2024,4/2/2024,4/2/2024,9/12/2025,4/2/2024,12/16/2024,12/16/2024,4/1/2024,4/27/2023,4/2/2024,4/2/2024,4/10/2024,7/7/2023,7/11/2024,10/29/2025,4/10/2024,7/10/2023
MAX LOSING STREAK (days),4,5,10,5,4,8,6,4,10,5,5,7,4,6,10,4,5,6,5,9,7,3,4,8,4,6,8,3,3,8,4,4,10,5,4,8,6,6,5,4,5,7,4,5,5,4,6,5,5,6,5,3,3,7,2,6,6,3,3,7,6,6,8,8,8,7,6,8,6,9,8,7,7,13,9,14,8,7,9,10
  losing-streak $,-1069,-8756,-26506,-5249,-7758,-23258,-5222,-8945,-26225,-2200,-2981,-18254,-3270,-14289,-35353,-4015,-12827,-19698,-5445,-15552,-37590,-1895,-15148,-15767,-2787,-8647,-20902,-2866,-10066,-25139,-836,-8725,-45374,-3674,-7758,-32359,-4865,-7738,-30988,-3570,-7539,-36642,-8155,-17042,-51314,-7285,-19546,-45510,-8135,-17821,-68961,-2004,-7878,-234139,-1625,-18968,-45198,-8151,-17918,-243597,-12706,-17176,-21219,-30993,-10360,-21897,-5683,-14609,-19749,-35048,-21373,-19572,-25408,-61686,-43309,-61716,-19613,-25233,-43309,-52292
  losing-streak END date,3/31/2023,7/18/2023,1/30/2024,10/28/2024,5/17/2023,3/28/2024,10/28/2024,5/17/2023,1/30/2024,7/25/2023,9/11/2025,8/21/2025,4/27/2023,5/19/2023,10/11/2023,9/9/2025,7/18/2023,1/28/2025,4/28/2023,7/21/2023,11/20/2024,10/31/2023,7/14/2025,9/13/2024,4/27/2023,4/10/2023,9/12/2023,1/18/2024,4/10/2023,2/8/2024,3/31/2023,5/17/2023,1/30/2024,10/28/2024,5/17/2023,4/2/2024,10/28/2024,7/18/2023,4/2/2024,3/31/2023,5/17/2023,1/30/2024,4/27/2023,2/21/2023,2/21/2023,9/9/2025,7/18/2023,4/5/2024,1/24/2025,10/30/2024,4/28/2023,11/1/2023,5/17/2023,4/5/2024,1/9/2023,10/30/2024,1/24/2025,1/18/2024,12/15/2023,4/5/2024,12/13/2023,5/18/2023,9/15/2025,4/2/2024,12/10/2024,9/16/2025,1/20/2023,7/6/2023,12/16/2024,12/5/2024,3/27/2024,4/20/2023,1/31/2024,4/4/2024,4/9/2024,7/12/2023,9/15/2025,3/26/2024,4/9/2024,7/10/2023
MAX WINNING STREAK (days),50,16,12,24,19,15,22,14,10,16,23,13,23,14,9,37,24,19,15,10,13,31,21,11,21,12,10,29,20,11,58,20,13,25,19,13,20,14,11,42,15,12,28,18,10,47,23,22,26,27,19,72,25,12,59,27,19,44,23,12,14,12,16,20,16,10,15,15,9,9,16,13,18,16,11,8,12,8,11,13
  winning-streak $,80136,48918,31426,43200,61703,103323,56115,63411,49865,29375,70468,62389,45517,70722,119456,93267,115811,198151,77346,48312,304106,123563,185299,80783,41178,36714,26768,104160,130898,171356,84581,62372,73233,49661,61703,79177,44591,63701,62257,74184,68499,63836,49434,117285,115288,106000,89125,295115,119693,163586,269312,249960,204007,378859,169634,147885,246460,186533,191809,390816,25047,64887,54585,135526,45985,45583,59283,133483,56726,112359,61367,124254,124821,151348,134672,141540,49858,17235,133887,218482
WORST single day $,-2100,-6095,-5000,-2000,-5720,-5995,-2497,-4495,-5496,-985,-2500,-8922,-1995,-4500,-7000,-1500,-4000,-7000,-2000,-2000,-9000,-1500,-6500,-3000,-1500,-2480,-5790,-2495,-4500,-7500,-2100,-7315,-14063,-4480,-5720,-13505,-4480,-7185,-14909,-3650,-8420,-16890,-5960,-19465,-41085,-3425,-10785,-30205,-7385,-16115,-34810,-5785,-17881,-84356,-4910,-16845,-35510,-7111,-20288,-88495,-4000,-7490,-4460,-7980,-4494,-5989,-3475,-7490,-4500,-9000,-4500,-7000,-6500,-8500,-7000,-7000,-6995,-5500,-7000,-7500
  worst day DATE,12/26/2023,12/22/2023,10/7/2024,12/22/2023,12/22/2023,10/31/2023,2/1/2024,11/14/2024,10/9/2023,7/13/2023,7/17/2023,9/20/2023,9/11/2024,1/23/2024,3/31/2023,7/13/2023,4/13/2023,6/12/2023,7/18/2023,2/3/2023,7/18/2023,7/21/2025,12/13/2023,11/13/2023,3/1/2024,2/15/2024,5/18/2023,8/8/2023,1/16/2023,11/9/2023,12/26/2023,12/22/2023,9/28/2023,10/31/2023,12/22/2023,1/2/2025,10/31/2023,12/22/2023,1/23/2024,10/31/2023,1/2/2025,12/22/2023,4/27/2023,3/31/2023,9/4/2025,8/25/2025,8/8/2023,5/22/2024,8/8/2023,3/31/2023,9/4/2025,2/8/2024,10/17/2023,5/22/2024,4/27/2023,9/4/2025,9/4/2025,4/24/2023,10/17/2023,5/22/2024,9/26/2023,12/13/2023,9/8/2025,10/31/2023,4/2/2024,7/20/2023,12/26/2023,10/21/2025,9/23/2025,11/29/2023,5/22/2024,3/9/2023,5/22/2024,6/3/2024,1/6/2025,4/10/2023,6/5/2024,11/4/2025,1/6/2025,4/6/2023
BEST single day $,9649,12174,24862,8574,13849,28223,8419,13809,25233,7151,11960,33954,9138,18859,58391,9015,20114,51708,15105,19060,183582,13699,29838,43338,10120,16296,19357,14826,31747,64264,8843,12208,33772,8638,13849,33779,8678,15000,31295,8813,12135,28330,9158,20995,60142,9485,22726,56660,16715,30286,183582,16185,36215,103044,11303,30006,181256,16709,37430,105393,19833,33289,11096,31567,12612,21204,11600,29441,24854,48466,22909,41333,25948,56221,33496,68989,18745,21879,33751,198442
  best day DATE,10/18/2024,5/1/2023,12/4/2025,2/28/2023,5/1/2023,6/12/2024,4/29/2024,12/8/2025,12/4/2025,10/18/2024,5/1/2023,2/1/2023,7/5/2023,6/12/2024,3/18/2025,3/28/2024,3/18/2025,3/18/2025,1/29/2025,3/18/2025,4/9/2025,5/19/2023,8/28/2025,2/9/2023,5/13/2024,7/5/2023,8/1/2025,3/14/2024,10/29/2025,3/28/2025,10/18/2024,4/29/2024,3/22/2023,2/28/2023,5/1/2023,2/1/2023,4/29/2024,12/8/2025,2/1/2023,10/18/2024,4/29/2024,5/7/2025,3/28/2024,10/29/2025,11/14/2023,3/28/2024,10/29/2025,3/18/2025,4/22/2025,10/29/2025,4/9/2025,3/28/2024,6/30/2023,12/26/2023,3/28/2024,11/8/2024,4/9/2025,3/28/2024,6/30/2023,12/26/2023,5/7/2025,2/1/2023,4/29/2024,2/7/2023,2/16/2024,9/4/2024,1/4/2023,2/7/2023,1/24/2023,11/14/2023,8/15/2025,2/1/2023,1/24/2023,1/29/2025,4/4/2025,2/9/2023,1/24/2023,12/2/2025,2/21/2025,4/9/2025
opens/day,13.73,18.47,18.76,12.77,16.39,16.54,15.93,18.82,19.83,10.61,14.77,18.87,14.35,15.69,16.15,15.51,19,19.96,22.69,15.96,28.93,29.21,39.58,12.19,20.85,11.56,5.91,32.31,36.95,26.53,13.14,15.9,21.2,13.75,16.39,18.69,13.99,16.56,18.83,13.47,16.47,18.83,15,18.22,20.6,17.2,21.12,23.75,25.08,28.55,34.32,36.95,49.35,54.57,23.33,28.49,31.74,37.45,46.42,51.25,19.54,21.53,16.37,17.08,20.07,20.52,15.14,16.64,16.06,18.46,20.05,19.92,31.42,29.97,38.64,22.42,10.81,5.78,38.64,27.03
NEG days,122/765,213/765,307/765,193/765,209/765,302/765,215/765,246/765,322/765,210/765,199/765,297/765,159/765,306/765,415/765,150/765,240/765,358/765,222/765,363/765,365/765,110/765,226/765,385/765,151/765,296/765,373/765,131/765,194/765,384/765,112/765,200/765,305/765,180/765,207/765,314/765,193/765,226/765,292/765,168/765,245/765,307/765,120/765,231/765,329/765,116/765,209/765,298/765,173/765,212/765,301/765,86/765,185/765,315/765,97/765,214/765,307/765,106/765,196/765,319/765,251/765,319/765,263/765,293/765,256/765,319/765,263/765,309/765,366/765,409/765,293/765,348/765,286/765,371/765,322/765,440/765,321/765,380/765,323/765,394/765
WIN %,84%,72%,60%,75%,73%,60%,72%,68%,58%,72%,74%,61%,79%,60%,46%,80%,68%,53%,71%,52%,52%,85%,70%,49%,80%,61%,51%,83%,75%,50%,85%,74%,60%,76%,73%,59%,75%,70%,62%,78%,68%,60%,84%,70%,57%,85%,72%,61%,77%,72%,61%,89%,76%,59%,87%,72%,60%,86%,74%,58%,67%,58%,65%,62%,66%,58%,65%,59%,52%,46%,62%,54%,62%,51%,58%,42%,58%,50%,58%,48%
AVG WIN day $,1625,3300,4786,2029,3163,5206,2148,3460,4811,1608,2826,5891,1921,4969,9475,2133,4628,9068,3398,5064,11875,3220,7712,4923,2388,3139,3652,3977,6600,11578,1557,3306,6039,2088,3159,6453,2085,3481,5756,1691,3356,6130,1889,5382,12622,2217,4823,10658,3697,6918,13814,3632,8523,31187,2507,6596,13780,4365,8944,32042,3101,5327,2855,5670,3072,4927,2740,5757,5457,10329,4282,7959,6246,9845,8420,13292,3087,4010,8413,14170
AVG LOSS day $,-589,-1618,-2522,-798,-1736,-2857,-987,-1596,-2747,-509,-1119,-3229,-933,-2982,-4769,-855,-2267,-4329,-1272,-1499,-6024,-792,-3218,-1770,-828,-1429,-2781,-1159,-2248,-4410,-508,-1683,-3835,-942,-1745,-3632,-991,-1737,-4047,-812,-1959,-4209,-1022,-4557,-10625,-1041,-2920,-7154,-2047,-3658,-9682,-1264,-4645,-23016,-1062,-3794,-9741,-1911,-5302,-23480,-1638,-2916,-1589,-3432,-1654,-2605,-1413,-3127,-3092,-6021,-2269,-3921,-3546,-5242,-4155,-4507,-2221,-2909,-4142,-4616
PAYOFF (win/loss),2.76,2.04,1.9,2.54,1.82,1.82,2.18,2.17,1.75,3.16,2.53,1.82,2.06,1.67,1.99,2.5,2.04,2.09,2.67,3.38,1.97,4.06,2.4,2.78,2.88,2.2,1.31,3.43,2.94,2.63,3.07,1.96,1.57,2.22,1.81,1.78,2.1,2,1.42,2.08,1.71,1.46,1.85,1.18,1.19,2.13,1.65,1.49,1.81,1.89,1.43,2.87,1.83,1.36,2.36,1.74,1.41,2.28,1.69,1.36,1.89,1.83,1.8,1.65,1.86,1.89,1.94,1.84,1.77,1.72,1.89,2.03,1.76,1.88,2.03,2.95,1.39,1.38,2.03,3.07
(context) true MAX DRAWDOWN $,-3161,-12795,-26935,-5896,-15293,-28006,-5775,-12571,-33358,-3385,-7411,-36114,-3527,-39240,-74665,-4015,-13120,-44893,-8939,-15552,-69297,-2515,-15148,-24346,-3284,-10300,-38708,-4175,-11193,-48465,-2635,-14787,-46828,-6810,-14493,-40602,-7509,-16678,-52856,-4345,-18287,-59223,-8155,-60801,-161003,-7285,-29912,-74469,-18696,-31563,-87342,-7297,-22130,-281155,-6790,-34267,-85661,-8151,-28372,-300351,-13604,-33758,-21219,-32780,-15556,-37347,-16150,-24592,-44325,-85722,-22535,-47927,-31640,-61686,-55396,-61716,-21137,-39211,-55511,-61853
maxDD 7-day $,-3161,-12795,-21609,-5896,-12085,-21114,-5775,-10359,-21273,-3115,-7411,-25672,-3527,-18730,-40767,-4015,-12940,-31210,-8939,-12357,-44907,-2515,-15148,-14688,-3284,-9291,-21172,-4175,-11193,-34077,-2635,-14787,-35169,-6810,-12085,-33914,-7509,-14537,-37102,-4345,-15076,-36642,-8155,-42511,-90214,-7285,-26870,-60467,-18696,-31563,-79480,-7297,-22130,-234139,-6790,-34267,-83360,-8151,-28372,-243597,-12706,-22588,-20699,-30591,-12925,-22114,-16150,-24365,-19749,-42993,-19670,-27271,-26777,-39790,-37079,-40461,-18071,-25233,-37079,-40764
maxDD 30-day $,-3161,-12795,-26935,-5896,-15293,-28006,-5775,-12571,-33358,-3385,-7411,-36114,-3527,-39240,-74665,-4015,-13120,-44893,-8939,-15552,-69297,-2515,-15148,-24346,-3284,-10300,-36190,-4175,-11193,-47039,-2635,-14787,-46828,-6810,-14493,-40602,-7509,-16678,-52856,-4345,-18287,-59223,-8155,-60801,-161003,-7285,-29912,-74469,-18696,-31563,-87342,-7297,-22130,-281155,-6790,-34267,-85661,-8151,-28372,-300351,-13604,-33758,-21219,-32780,-15556,-37347,-16150,-24592,-44325,-85197,-22535,-47927,-31640,-61686,-55396,-61716,-21137,-39211,-55511,-61853
ret / maxDD30,306.8,115.2,52.5,170.0,91.1,55.1,167.5,111.4,37.2,230.1,185.4,49.6,287.4,34.7,17.8,294.3,143.4,47.5,174.5,95.6,36.6,802.7,225.9,48.4,407.7,101.6,10.8,566.6,297.2,57.5,363.1,103.3,34.2,154.2,96.5,43.4,132.8,88.5,29.0,200.1,69.0,25.5,134.1,29.9,12.4,180.7,68.9,38.1,97.7,96.4,39.9,322.5,184.1,24.0,230.7,82.2,38.6,327.0,142.4,22.5,86.7,42.7,47.7,50.8,73.1,36.5,61.7,67.2,23.5,14.1,60.0,40.6,62.3,31.2,43.0,37.6,30.8,11.1,42.7,55.4
avg peak capital $,737,1518,3014,730,1519,3038,737,1511,3044,710,1524,3084,743,1481,2994,754,1543,3095,765,1469,3156,791,1627,2867,760,1473,2401,798,1662,3169,737,1519,3083,735,1519,3096,739,1512,3100,742,1524,3122,748,1539,3145,762,1565,3154,775,1607,3217,809,1656,3296,777,1604,3232,812,1654,3294,1444,2785,1469,2738,1448,2744,1433,2722,1412,2777,1500,2796,1538,2930,1577,2763,1301,2193,1573,3099
ret on capital (daily $/$),1.72,1.269,0.613,1.795,1.199,0.664,1.715,1.211,0.533,1.434,1.178,0.759,1.783,1.203,0.579,2.048,1.594,0.9,2.665,1.323,1.052,3.336,2.749,0.538,2.303,0.928,0.212,3.875,2.616,1.116,1.697,1.315,0.679,1.868,1.203,0.745,1.763,1.276,0.647,1.532,1.083,0.632,1.912,1.543,0.829,2.259,1.722,1.175,3.081,2.475,1.415,3.802,3.217,2.678,2.636,2.295,1.338,4.291,3.193,2.686,1.068,0.676,0.901,0.795,1.027,0.649,0.909,0.794,0.963,0.567,1.179,0.91,1.676,0.858,1.976,1.099,0.655,0.259,1.971,1.444
profitScore ($20-norm),2536,1926,924,2620,1821,1008,2528,1830,812,2036,1796,1171,2650,1782,868,3088,2459,1393,4078,1943,1660,5278,4473,771,3500,1367,255,6184,4348,1769,2502,1998,1047,2746,1828,1153,2606,1930,1003,2274,1650,987,2860,2374,1304,3442,2695,1853,4776,3978,2276,6152,5327,4414,4096,3681,2162,6968,5282,4424,1542,942,1324,1088,1487,890,1302,1081,1360,787,1768,1273,2577,1258,3116,1519,852,284,3101,2238
riskScore ($20-norm),-6322,-12795,-13467,-11792,-15293,-14003,-11550,-12571,-16679,-6770,-7411,-18057,-7054,-39240,-37332,-8030,-13120,-22446,-17878,-15552,-34648,-5030,-15148,-12173,-6568,-10300,-18095,-8350,-11193,-23519,-5270,-14787,-23414,-13620,-14493,-20301,-15018,-16678,-26428,-8690,-18287,-29611,-16310,-60801,-80501,-14570,-29912,-37234,-37392,-31563,-43671,-14594,-22130,-140577,-13580,-34267,-42830,-16302,-28372,-150175,-13604,-16879,-21219,-16390,-15556,-18673,-16150,-12296,-44325,-42598,-22535,-23963,-31640,-30843,-55396,-30858,-21137,-19605,-55511,-30926
GOV lossMax $,-3000,-7000,-5000,-2000,-7000,-6000,-2500,-4500,-5500,-1000,-2500,-9000,-2000,-4500,-7000,-1500,-4000,-7000,-2000,-2000,-9000,-1500,-6500,-3000,-1500,-2500,-6000,-2500,-4500,-7500,,,,,,,,,,,,,,,,,,,,,,,,,,,,,,,-4000,-7500,-4500,-8000,-4500,-6000,-3500,-7500,-4500,-9000,-4500,-7000,-6500,-8500,-7000,-7000,-7000,-5500,-7000,-7500
GOV worst floor HELD $,-2793,-6828,-5000,-2000,-6770,-6000,-2500,-4498,-5500,-1000,-2500,-9000,-2000,-4500,-7000,-1500,-4000,-7000,-2073,-2150,-9000,-1500,-6500,-3000,-1500,-2500,-6000,-2500,-4500,-7500,,,,,,,,,,,,,,,,,,,,,,,,,,,,,,,-4000,-7500,-4500,-8000,-4500,-6000,-3500,-7500,-4500,-9000,-4500,-7000,-6500,-8500,-7000,-7000,-7000,-5500,-7000,-7500
GOV days over cap,0,0,0,0,0,0,0,0,0,0,0,0,0,0,0,0,0,0,0,0,0,0,0,0,0,0,0,0,0,0,,,,,,,,,,,,,,,,,,,,,,,,,,,,,,,0,0,0,0,0,0,0,0,0,0,0,0,0,0,0,0,0,0,0,0
GOV covers deferred,0,0,1287,223,0,591,86,219,1395,331,352,54,3,528,2841,301,1019,3785,2762,7442,9496,902,1209,2750,195,4,0,851,1311,1435,,,,,,,,,,,,,,,,,,,,,,,,,,,,,,,247,335,19,70,100,464,139,78,722,2116,966,2919,1884,7999,1018,1446,0,0,1022,1201
GOV offsets bought,4,31,1106,119,21,1196,254,262,1318,0,139,1340,31,263,1167,1,155,1126,342,296,2054,14,607,1073,62,152,360,22,618,2517,,,,,,,,,,,,,,,,,,,,,,,,,,,,,,,273,726,131,798,277,886,151,813,182,1119,176,647,245,1016,638,1796,32,216,637,2195
GOV offset spend $,1280,9201,406138,45373,6198,543459,87551,86066,510498,0,40005,610251,6831,78042,431470,193,42651,452942,115642,88168,780362,2999,207379,457010,16652,49894,157790,5124,204415,1151536,,,,,,,,,,,,,,,,,,,,,,,,,,,,,,,78457,255948,36416,332870,80501,314054,37753,332350,52420,388824,44033,258362,72310,358796,197558,741219,9226,89189,196901,924238
GOV opens blocked,1,8,2293,755,10,2010,205,208,1861,2067,1181,517,663,2642,4729,1291,1620,3333,2137,7015,3597,4560,5640,28716,1409,3536,3473,3910,6063,20206,,,,,,,,,,,,,,,,,,,,,,,,,,,,,,,655,849,537,1532,393,1688,1335,1805,3051,3319,1690,2898,1343,3183,9081,23777,460,4518,9079,20625
WING conversions,264,1172,1800,487,1380,1766,781,1530,1933,176,1142,1949,191,1149,1818,244,1101,1972,1066,808,2060,459,2168,1154,308,834,1257,589,2190,2265,151,1010,2480,613,1393,2654,794,1512,2756,403,1455,2760,183,1391,2710,282,1237,2549,1594,1347,2703,797,2374,3268,270,1303,2627,720,2465,3253,881,1789,941,1705,1040,1710,742,1613,831,1614,830,1384,1048,1722,1529,1634,738,1138,1529,1985
WING spend $,52889,260540,418181,96864,305420,429634,150713,337759,455726,36448,253714,487615,39240,284008,522333,51743,269839,533694,229644,192502,579351,99357,575548,279158,62888,193341,309601,130666,562287,622448,30736,228734,630526,120912,308889,672579,149736,339517,685622,84536,330492,720951,38124,367479,911857,59429,303542,764465,362755,357331,885280,173199,655399,1249499,56415,347296,852380,162698,688682,1237622,194888,455809,208600,455817,231568,425202,161966,434141,206205,469079,204978,377368,273932,492268,401905,473049,173720,283056,401802,557173
WING days active,183,530,576,334,566,554,433,568,582,140,501,571,154,466,523,204,474,560,515,358,576,308,591,435,228,410,472,367,614,588,127,496,667,391,571,669,457,593,674,293,572,676,148,562,688,231,525,663,599,536,682,438,671,704,215,524,677,412,652,704,434,574,474,547,484,554,415,539,372,492,398,469,434,524,484,493,374,453,484,539

DATE,v0-10,v0-20,v0-40,v1-10,v1-20,v1-40,v2-10,v2-20,v2-40,v3-10,v3-20,v3-40,v4-10,v4-20,v4-40,v5-10,v5-20,v5-40,v6-10,v6-20,v6-40,v7-10,v7-20,v7-40,v8-10,v8-20,v8-40,v9-10,v9-20,v9-40,v0-10-unc,v0-20-unc,v0-40-unc,v1-10-unc,v1-20-unc,v1-40-unc,v2-10-unc,v2-20-unc,v2-40-unc,v3-10-unc,v3-20-unc,v3-40-unc,v4-10-unc,v4-20-unc,v4-40-unc,v5-10-unc,v5-20-unc,v5-40-unc,v6-10-unc,v6-20-unc,v6-40-unc,v7-10-unc,v7-20-unc,v7-40-unc,v8-10-unc,v8-20-unc,v8-40-unc,v9-10-unc,v9-20-unc,v9-40-unc,v0-20-cATM,v0-40-cATM,v1-20-cATM,v1-40-cATM,v2-20-cATM,v2-40-cATM,v3-20-cATM,v3-40-cATM,v4-20-cATM,v4-40-cATM,v5-20-cATM,v5-40-cATM,v6-20-cATM,v6-40-cATM,v7-20-cATM,v7-40-cATM,v8-20-cATM,v8-40-cATM,v9-20-cATM,v9-40-cATM
12/27/2022,-1055,-1970,-1995,-1055,-2170,-3850,-1055,-1970,-3850,-515,-2170,-6080,-490,1740,2288,30,7851,2288,870,1929,4187,-490,4785,1259,-490,339,223,5,4785,2288,-1055,-1970,-6080,-1055,-2170,-6080,-1055,-1970,-6080,-1055,-3405,-6080,-245,2306,5026,275,8081,5026,1275,2306,5026,-490,4785,5026,-250,2296,5026,5,4785,5026,-571,-6268,-946,-6268,-571,-5462,-1137,-6268,5471,8789,4651,8461,4966,8939,-831,-2210,3056,687,-831,-2984
12/28/2022,1885,365,-782,163,377,2020,349,-74,2158,1829,3133,7399,-37,-4427,-6867,1975,-3754,-4166,2716,-1400,-6820,3159,1808,-2990,-1270,-1681,-4590,2415,6296,1389,1885,3256,4410,1587,377,8605,1959,724,7044,1914,3714,6554,360,-4317,-8741,1975,-3190,6436,3505,-1620,1711,3675,6727,43158,390,-4125,2361,5980,8918,46282,1785,3435,1759,7890,1631,5099,1909,7890,-4140,-7567,-1392,3192,-2710,-1474,-2161,-6875,-1697,-4410,-2161,7202
12/29/2022,3228,8494,1565,3678,8541,-2456,2687,9059,1565,1795,6855,3104,1275,8358,5961,3040,14780,8907,5883,16684,20918,3147,19177,605,3340,2050,-2164,3372,13359,852,2140,8713,4455,3678,8541,4718,3708,8732,6544,2985,10272,6323,1115,12132,10827,3040,14780,8907,5858,19100,22666,3507,19587,24376,5630,19100,25486,3988,20956,27060,5007,-1245,4582,-322,4677,-1462,5002,-2671,4766,4348,13929,1862,15676,16388,23875,5171,4790,-1585,23875,6715
12/30/2022,900,460,-3772,1238,309,-5054,1237,-932,-4681,-140,1607,-8728,780,480,2928,1105,849,-4578,453,-1404,2739,905,-3551,-150,670,-2230,2485,919,-619,-4580,900,1274,-6965,1238,309,-3252,1237,-355,-6965,-175,859,-7300,780,9457,5262,1445,400,-6459,4389,4913,-4917,1014,-8966,-29169,855,4788,-5113,1004,-6823,-27285,-99,-5557,809,-2018,-403,-5674,199,-3750,1125,348,936,-824,-3861,-3342,-4180,-3134,159,1210,-4315,-7432
1/3/2023,985,-80,-2123,829,1935,-1257,-236,1102,-4507,-575,-181,-2083,612,3597,-5069,475,4758,-2416,72,-1110,-2453,2834,5772,-2360,664,-515,840,2799,3036,-4768,985,533,-2243,279,1935,-1515,32,148,-3963,590,-567,-1376,-455,5937,3937,475,4758,639,841,6554,-12499,2754,8125,-14785,-1265,4883,-11291,4073,6576,-13128,1391,-1743,-1157,-5004,862,-1317,-1005,-4946,2084,-4808,3052,-535,3659,-527,3398,-5082,2877,-1090,5733,-647
1/4/2023,3056,309,5050,2017,4794,18073,4425,4422,11254,1325,2540,18849,1215,8424,7277,1500,6104,7994,526,6723,3695,-50,3854,1255,1670,208,5201,405,4342,-3420,1260,1106,15893,2017,4794,21197,2697,6000,19180,2790,2631,20312,1215,8728,10773,1195,5104,-6937,175,5189,-588,3151,-3147,-36464,1670,1766,1077,1891,-2479,-36860,5754,15479,10380,11774,7666,10266,11600,18433,9749,11572,1715,-425,5726,5263,-2570,1872,1743,4918,-3410,-4713
1/5/2023,1309,3558,2843,3096,4007,10080,1312,3425,10101,2411,3396,10592,1020,3966,7757,1147,7911,9076,2300,2181,8585,1995,6172,3356,1155,685,4208,3440,6197,1966,829,3942,12475,2659,4007,12018,3616,4610,13813,979,2510,9822,1020,3966,6744,1147,7911,9354,2629,5572,11401,1995,8134,33887,1155,4751,11168,2888,10202,33887,6959,9974,6290,12688,6841,9563,6390,5567,4909,12385,6355,6911,10020,13258,8609,1432,1101,1798,9174,6883
1/6/2023,880,452,1169,-60,1625,2814,-1156,1268,-282,-520,2073,2649,-1710,-3714,-6664,-1100,-2162,-6580,-1782,-1384,-8451,1780,2297,-436,-972,-2044,-2509,2415,1096,6950,880,1600,-847,-60,1625,3316,-55,1530,1306,-195,2440,1705,-1175,-4487,-12430,-570,-1595,-2965,273,-3715,-11234,586,1827,23487,-130,-3870,-12387,2790,2827,24586,1449,1316,900,4028,-286,169,900,4088,-3884,-8553,-581,1659,31,-8043,6543,919,-1864,-2293,6408,-4041
1/9/2023,2806,840,4430,1013,-1130,6163,1332,1049,994,1380,-2375,4152,2808,-3271,-4977,-790,-3040,-4806,2599,1244,-8994,-1495,-835,18669,2048,377,2579,2560,-4414,7721,765,585,-137,1420,-1130,5245,1545,1454,1908,1474,740,1422,-160,-4070,-13971,-1465,-6225,-11177,207,-7110,-20918,-654,1687,-20966,-1495,-7560,-21586,1465,-6659,-18941,-140,1343,-2719,2262,2035,2545,-2995,1,-4008,-8579,-4455,-6784,-4226,-6441,-2434,21429,-555,6437,-2449,4735
1/10/2023,-50,-2270,2657,-575,-2575,-374,-1529,-3105,1538,-300,-1360,-2639,935,-852,-864,1172,2113,6236,381,345,2910,470,7175,2414,1692,686,1535,835,6907,10318,-50,-1740,1552,-1665,-1740,-949,-1665,-1740,-2469,-675,-1920,-4048,935,252,-10402,1172,2113,6405,-265,6998,4109,470,5753,36981,1692,5740,3123,835,8227,36981,-1240,557,-1385,-4654,-2247,310,270,-4654,-1315,-2429,3018,13423,4081,6625,10048,16167,951,4426,10387,7826
1/11/2023,-1287,-1111,-3259,-840,-2138,-2809,-1229,-1280,-4166,-935,-555,-2119,-180,-4305,-5450,-347,-3620,-6029,-1998,-1913,-7765,830,3754,4378,260,-1828,-2638,1370,3489,17502,-1145,-734,-3370,-590,-2138,-1155,-665,-1912,-4141,-1170,-3011,-4207,-180,-8460,-27860,-347,-3620,-10302,-4021,-7990,-22861,830,3754,41715,260,-7821,-23001,1370,3754,41970,-340,-2045,-576,2117,-534,-39,-2335,2117,-4296,-8465,-3134,-772,-5743,-5817,4827,18959,-2336,-1882,4822,16559
1/12/2023,1100,5160,-4640,210,5119,-4640,-397,1102,-4640,1665,4887,-305,1480,4542,7335,1710,3957,4509,751,-1896,1224,-410,859,-1880,1195,3309,-3033,-105,-1501,-5850,1100,5329,-2136,210,5119,-1100,85,3447,-2315,1145,1685,-1640,1480,5165,8349,1710,3957,4007,751,2253,2869,63,1085,-22359,1195,1883,1477,-105,854,-20365,2311,-1009,2012,-3429,2727,-454,1745,-3429,6911,14438,4028,7823,3139,8930,-4672,-4196,-2646,-4815,-4672,-1560
1/13/2023,-270,-1613,-4820,255,-557,-5555,-87,-1625,-5185,430,-104,-2580,-915,-4160,-5018,-985,-3790,-6762,-1873,-1980,-8994,385,1673,6067,-755,-2460,3354,368,1045,16562,255,-311,-6081,255,-557,-1892,240,-1327,-3970,-900,-1077,-3648,-915,-8520,-14658,-985,-4100,-7159,-2468,-6942,-17291,570,877,30677,-755,-6942,-14826,533,3140,31536,-2146,1871,-268,3971,-1948,2668,-505,3971,-4240,-7723,-1840,-1052,-3437,-6920,2166,17448,-1667,3383,2166,20736
1/16/2023,-450,-470,184,1207,-58,1057,1600,-166,-889,165,280,4280,-1485,-4045,-6095,-915,-3095,-5595,-1985,-1970,-7025,30,-4470,-790,-975,-2040,161,-760,-4500,327,-450,-470,3788,1695,-58,3788,1930,-166,3788,-878,-805,3788,-1485,-2565,-7685,-2030,-2270,-9340,-2635,-5845,-11375,-2240,1605,-15060,-3205,-5845,-11375,-1605,1605,-16660,426,1093,950,1430,426,608,-155,1430,-4095,-5085,-4075,-6595,-6230,-6755,-4745,-4075,-920,4177,-4745,-3735
1/17/2023,134,6072,-2707,860,3754,-5781,346,1710,-3794,-795,3856,-5311,5549,13974,14312,2079,13171,5159,3231,9153,18625,640,-3938,-1250,4600,11041,571,1855,-2060,-61,810,3251,-6184,1390,3754,-9600,-75,1796,-9600,880,4221,-7460,5549,15204,17043,2289,13171,7665,3221,16579,18620,2112,2239,-5860,5685,18808,14646,1855,-116,-2436,7074,-2533,-771,-7655,5142,-4334,-1930,-6351,2373,6150,7758,8373,96,9583,-4533,-521,1973,3885,-4538,870
1/18/2023,951,442,-2735,3009,1501,1175,2202,548,-2600,2128,3296,1361,-1820,-4405,-5507,-490,-1093,-5188,-500,130,-6952,-1160,3789,-2069,-1225,-28,-1378,756,5198,-6779,951,1403,-2798,3009,1501,1521,2955,1851,-1362,1803,2689,705,-1035,-3990,-18870,-305,-581,-5609,1025,-1892,-12240,1332,4804,29403,-565,-2197,-13146,3277,5156,29607,-645,2258,-1989,3687,-1644,5098,-734,3687,-4455,-7057,-515,-4313,-3502,-6716,6072,-6584,-216,-795,6072,-7454
1/19/2023,-360,3043,5372,1210,3385,-407,-52,3286,6025,-500,3780,4166,2440,4252,5318,2736,3515,2378,3861,4415,2692,4375,1652,-1506,3110,4427,1593,4205,2472,-6014,-360,2071,8469,1210,3385,4672,560,3340,9227,756,3940,7294,2440,4910,15962,2886,1975,-2177,5113,7905,9613,4375,1037,-33541,3140,7360,16156,4795,-2788,-34585,3436,8732,2891,6797,4044,8564,-788,6630,7145,8525,2835,-1042,6091,-567,-2495,-6459,3535,11824,-2495,-5965
1/20/2023,-1963,-2268,-4596,-1275,-2689,-369,-1390,-2318,-4106,-505,-2330,526,-1165,-3845,-6500,-1400,-3970,-6996,-1745,-1960,-8943,410,5019,16120,-845,-2110,-1900,1275,4254,22918,-1720,-916,-3348,-1275,-2689,270,-1200,-966,-2572,-1545,-1588,-3849,-1075,-10205,-26540,-2270,-4325,-10451,-5230,-6760,-20032,-73,6308,37206,-670,-7130,-20585,1275,7287,39815,-1025,-1407,-1511,2903,-820,-1881,-1571,3133,-4390,-8961,-2900,-4705,-5639,-8497,10832,23473,-2345,-1415,10512,25925
1/23/2023,2640,5274,7493,3001,3962,6025,4178,4863,2450,3105,4324,3014,720,1920,3376,2260,6115,9988,2129,3921,12753,2737,2211,-1189,4955,-1685,-4495,5064,4385,-3261,2640,5294,2644,3001,3962,-70,4311,5051,3451,3275,5308,143,720,2930,21451,2260,6115,10192,2984,5854,15193,2737,7612,-905,4955,5184,15454,5194,7719,-87,4252,3570,4639,3767,3662,5689,5339,6192,3710,6943,4243,13381,8125,21858,10892,-2870,1654,-1542,10892,-4420
1/24/2023,2790,4750,1431,2160,5434,-1624,2370,6320,3074,3260,5445,-1304,1385,9797,27529,2165,12580,24486,3152,18246,27792,3485,6959,-163,3065,9953,9466,3375,8112,-6202,2790,4750,5300,2160,5434,-1111,2370,6320,3764,1400,3355,8577,1385,10503,34179,2165,12580,23612,3152,17693,28201,3485,6959,-2793,3065,17978,27396,3610,6409,-3819,2510,2160,4301,164,2109,-282,3253,164,24854,23725,22570,15758,25948,18136,2917,-1438,18745,1987,2837,2129
1/25/2023,400,-1923,-1511,430,2238,7252,870,-690,866,-65,326,5705,-1045,-2208,-6783,-1070,315,-6250,-1915,-1946,-8998,-570,4150,10469,-1140,-2040,-2238,-1995,11772,-3515,400,255,-261,430,2238,6735,968,-80,2660,1543,-3450,1723,-435,-937,-10332,-70,315,-12115,-1260,137,-11805,-706,4329,-3517,-15,1077,-13217,-725,5170,-1922,840,1162,2997,6548,749,2492,1821,4241,-1955,-7139,-1668,-5935,-4424,-7899,774,-6905,-1637,-1718,774,-7425
1/26/2023,50,814,-960,-180,52,3035,-745,268,-1338,-565,421,3035,982,-2952,-6679,727,-2704,-5002,-1907,-1427,-6626,1332,-4066,6608,1097,1781,3752,-1315,-4460,7437,50,1287,-712,-180,52,3035,-185,1082,400,-1035,1841,2159,982,-2952,-11514,727,-2704,-7172,-3602,-1261,-11314,1332,294,3420,1097,-2363,-3335,-1075,-23,7742,-202,598,-353,2483,-360,359,1059,2247,-2460,-8736,-2085,87,-29,-5018,-5075,12220,-698,-1662,-5075,2580
1/27/2023,2428,1596,1815,2770,2676,6060,1729,3639,2854,2385,111,7128,3460,5139,7405,6480,5378,9193,5371,7399,9733,7760,12241,1776,4380,958,601,6440,9285,-5430,2615,2739,3793,3285,2676,6860,3260,2310,5103,2415,3846,1598,3460,6569,14013,6480,4568,9193,6621,10553,23690,5697,12507,45649,4730,9443,25757,7285,12750,46216,1356,5497,1265,6789,1629,5070,2205,6869,476,-3108,4385,8629,10578,17514,16141,-4464,-2416,300,16091,-2398
1/30/2023,146,-3164,-3047,-405,-2894,1745,-47,-2485,-2997,860,460,-3205,985,-3477,-6747,835,273,-3170,-861,-1939,-3770,900,7210,6277,1110,1253,-2904,3988,8047,21227,195,-1820,2042,870,-2355,854,985,-1365,-189,315,-1285,-1145,985,-5461,-13098,835,273,-1790,690,-2447,-2486,412,8580,54168,1110,-1879,-6558,6060,11539,56363,416,-1084,-2190,-2516,416,-3769,-1260,164,-4018,-5577,2871,1901,39,-1176,14268,20390,-489,-2894,14268,39807
1/31/2023,-32,-1210,3880,-498,-1723,-1930,-807,383,-1627,278,-2012,-1877,899,3297,-460,5406,3315,-1038,2955,3101,-5066,1068,1580,1463,634,-1810,-424,915,332,15503,-32,-1210,-7155,-498,-1723,-5713,-807,-1234,-7155,-547,-2227,-3694,899,2964,-16965,5406,3315,-1038,3244,3055,-19490,2984,-839,49666,5003,4040,-18356,1925,2059,52159,693,-1926,-1885,77,688,-1988,-1605,-3,4857,-1265,4306,8226,4498,7397,4558,18303,4479,-3736,4433,13996
2/1/2023,430,4211,6423,1750,2455,10501,2460,3795,8241,700,1775,33954,1615,5970,9902,2295,6620,39651,3360,4616,8881,2388,9855,14765,1410,2490,1252,1635,8128,34264,430,4435,31248,2400,2455,33779,2460,3795,31295,680,3905,8580,1615,5970,8888,2295,6620,38271,4410,6021,33275,1320,9855,48532,1200,4681,32950,1460,8935,48709,6250,33289,3920,12267,5327,15792,4845,12067,5905,7388,6825,41333,5433,14149,8105,50091,4622,2171,7220,24047
2/2/2023,1300,1477,8528,3364,2947,10606,3106,3240,7826,-485,1241,10109,2201,4923,7181,3885,7140,11968,5966,-651,22973,6185,9918,-205,2585,4207,-581,8359,12287,6616,1300,2966,10689,3364,2947,14112,2599,1942,10815,2387,2287,7102,1740,9095,26923,3885,7140,24081,6114,11010,39659,6875,15962,58745,2810,11010,41051,8059,15613,59055,4554,11950,7884,14631,4785,11619,6561,9061,5024,3644,6714,8790,11917,16014,16796,4367,898,-2873,16591,8222
2/3/2023,115,219,4526,-704,955,-3297,-267,-178,1558,315,2585,-2209,-256,-3958,-6532,390,-384,-6549,-443,-2000,-8984,3713,8030,5181,-384,-1397,-2223,6500,1423,-7421,115,1840,-1499,-320,955,-1573,-1105,660,-1670,90,445,1577,155,-3275,-9491,390,-384,-5853,-2370,-1015,-2293,3577,11317,-1362,1138,-370,-3024,6925,10380,-1159,1492,-224,630,-815,203,718,1260,-242,-4494,-8861,2839,-5030,1350,-8463,-1003,-3678,1035,25,-1003,10756
2/6/2023,1811,5607,7331,2379,2600,3370,4640,3114,6144,1430,1825,644,1095,7199,9284,2615,7363,9975,2608,10916,4192,7425,9469,2221,2294,5381,5801,9523,10748,-2729,1811,4663,8465,2379,2600,-2928,1410,2436,78,976,551,-607,1095,7087,10003,2615,7363,8654,1789,8601,-2195,7372,9426,-6979,943,7846,134,9558,11180,-11455,1491,-333,1211,362,1132,1645,431,-419,7345,18908,11870,8989,9093,4139,4686,1851,2685,12033,4686,-4778
2/7/2023,1995,6383,19319,2536,4438,27840,2366,3389,10886,2100,5470,26629,1585,1750,7548,980,2880,26413,2940,4695,22152,915,27874,18457,1695,-635,881,925,3720,24376,1995,6020,24574,2536,4438,27840,3308,10900,13825,2550,6591,23283,1585,1750,9510,1760,4455,6802,4481,4570,11036,-453,4378,39900,1800,4280,26504,1590,27798,40688,4535,27123,3073,31567,3853,11382,3484,29441,3060,9109,2732,28105,4894,30167,7225,21617,1529,1138,6190,23835
2/8/2023,1410,3290,-575,1402,3335,-3788,2181,2456,-46,-555,60,-3763,-1030,-1447,-6795,909,6279,5477,1214,-1065,6067,7585,15227,-311,2768,-2445,-4535,11880,18302,12074,1410,4370,-2326,1402,3335,-3407,2302,3499,-2853,1220,2123,-1517,-905,-640,-6115,909,6279,15217,2486,12020,12147,8815,15509,69483,3144,11503,10593,11880,15989,69691,3576,-5190,849,-4312,3576,-4446,1375,-4807,-3860,-8975,15503,9284,12673,10096,12283,14217,1170,-4535,12263,9540
2/9/2023,-335,114,302,1065,-235,4040,1150,494,-1358,-125,-1965,2640,-1040,-4125,-6315,2200,2389,-1938,-542,-1974,-8996,7515,14348,43338,930,-1577,-1893,11420,13248,46913,-335,1075,-225,1065,-235,4757,1150,1465,1402,145,595,845,-875,-10425,-23975,2200,2389,-356,0,-1345,-11416,7515,13804,60485,980,-3380,-13361,11420,16293,58322,-3497,180,1025,5144,1052,-49,666,865,-4128,-8460,1590,-760,-6055,-7732,15040,68989,-1288,-1666,15035,67346
2/10/2023,955,7394,3099,220,6237,333,1284,5261,1728,1475,6976,5596,1933,4817,12074,1860,3562,7043,1924,2736,3779,218,3878,1332,179,4547,2952,-732,1172,-1798,955,6231,4174,220,6237,5099,1284,4712,972,1403,4955,3709,1933,5012,13723,1640,3847,5310,1773,5077,-3510,653,-5635,-42921,520,3311,1134,-4540,-11684,-31442,2746,3468,2768,2428,2882,3621,1765,3038,2713,4746,2367,842,2986,-3670,-6863,-3857,2246,119,-6863,-6230
2/13/2023,3065,3556,7524,2576,3501,1133,2087,2467,5501,2585,2249,1349,-1510,1147,-4267,1500,9735,18814,5042,-1885,6043,5098,4901,-2417,-1400,1323,-305,5913,1589,-3660,3065,4286,9398,2576,3501,739,2399,2467,6834,3091,4061,7000,4340,11600,19241,2615,11576,20361,7661,15334,22220,4889,4707,1527,4761,15159,24681,5913,4126,1257,4011,3736,3556,354,2920,2645,1898,354,5350,2435,14046,10575,15793,12157,9647,-3235,-743,-1144,9647,-5647
2/14/2023,472,3347,-449,100,3773,2971,537,2408,-1005,1813,543,602,205,2549,4969,1630,2842,1011,-168,5868,7450,1405,5893,-1851,465,2497,4078,1620,5563,5167,1528,5056,572,100,3773,660,985,4380,275,890,3290,381,205,2549,3330,1630,2842,1011,-168,5868,7450,1405,5344,7401,465,2131,9183,1620,5888,7477,275,-1858,3421,-194,3787,-1343,3836,-1534,6529,3987,7035,10993,12107,12342,18312,10418,9933,17576,18307,30253
2/15/2023,-855,-444,-1087,-1350,-360,484,-1360,-461,-785,-690,-88,2957,-380,-4432,-1626,-1115,-2515,-5119,-1995,-1985,-2674,445,4545,3999,-420,-2035,-2321,110,2685,5041,-655,710,-1176,-1350,-360,3049,-1360,685,2421,-1085,1428,-369,380,-1267,-6861,-1180,-1202,-7900,-2061,20,-4239,121,4124,21596,455,-255,-4539,110,4270,22443,-122,1306,-316,5332,177,-807,101,5042,-4069,-2163,-1009,-7,-801,2556,2826,-4889,-2337,2992,2826,2160
2/16/2023,1360,5598,4326,4471,2474,8886,5496,3496,4215,2435,4159,-478,1470,-1728,-2253,1855,-1305,3810,2280,2160,-8348,1600,3244,3716,1575,1315,10603,2085,3914,12988,1360,4727,3833,3748,2474,-632,3760,4275,3128,2440,7005,6124,1470,-986,-7073,1855,-2000,-11243,2662,-1180,-14705,1600,-6816,-32615,1575,-1885,-11803,2085,-7720,-32045,7688,7124,2330,2619,4286,2993,4368,6479,-1167,-4316,-1300,2291,-1732,-5018,2606,7934,1931,10893,2596,9712
2/17/2023,920,-1364,-933,135,-488,2300,-1823,-361,3596,513,-111,1609,35,-1656,-5961,1057,30,1853,-539,1122,-5212,-1086,236,80,-395,1486,3965,-2138,1127,-1798,920,-401,202,-370,-488,2300,-1260,-361,2004,-387,-156,-288,35,-1656,-8327,1057,30,-7256,-539,764,-8330,-591,-2001,-26816,180,-567,-13699,-2693,-860,-29308,-292,295,-715,214,-681,1614,-785,864,-1678,-8071,-162,-2291,-383,-6477,-5311,-2604,1556,2167,-5311,-4406
2/20/2023,95,1052,4860,1264,992,4830,1674,992,4830,95,864,6438,-685,-1095,-125,445,1963,5298,2844,2103,6772,-420,3519,1865,410,-2110,-3315,1265,2784,4104,95,1052,6047,1674,992,6494,1674,992,6494,-135,982,6494,365,-1805,-290,445,2863,5958,2844,2908,6772,764,17883,33928,530,2908,6772,2345,17883,33928,-1620,351,-1535,650,-1620,351,-1535,650,-865,-3175,-1065,-710,-1119,442,280,-2795,-2890,-4145,280,-1785
2/21/2023,-86,36,-2085,2537,1087,2280,1303,166,3702,-545,1857,6337,-300,-4485,-6990,751,-3750,-6591,-438,-1050,-8981,1309,6470,-2250,310,-2172,-4615,4174,5544,15571,270,1932,3851,3237,1087,8115,3338,1930,5230,2148,980,4030,-181,-11328,-28763,751,-4164,-6879,-87,-7094,-22411,1973,6967,55818,310,-6179,-20390,4330,7703,57561,547,4000,2344,6914,1692,2003,1520,7808,-4420,-7489,-4433,-4250,-6464,-3611,13993,30749,-2026,-4405,13993,22859
2/22/2023,790,3012,1687,1295,2483,2505,248,-538,-3184,1650,3755,5097,350,4290,10866,395,4260,13575,390,2026,16247,170,11677,1979,330,811,475,680,2500,-609,790,3407,2899,930,2483,1352,-680,838,-2130,1055,3383,3200,650,5411,15214,650,6194,12453,2893,4899,12398,375,18023,140,560,3344,12932,965,17940,-1703,1475,-3717,772,-4612,3437,-2174,-1859,-4202,6486,18156,5305,10092,6098,8159,2488,-5913,2784,-197,2488,-6945
2/23/2023,285,1503,-845,905,-944,2882,2484,-576,-157,365,705,4480,-505,968,11831,-30,2835,8686,-1050,4020,7418,625,-3839,-2027,-101,2285,8665,-365,-4116,-5728,285,1503,-1112,905,-944,2285,1617,653,711,120,2965,5130,-505,1358,8276,-2125,-1075,1154,-970,-65,-4591,-2309,-8197,-28339,49,-890,-2385,-4207,-4949,-31161,3443,4715,1453,6759,5378,8950,-26,8407,4434,14204,-1058,11781,3139,17114,-6832,-5097,1105,7213,-6832,-6519
2/24/2023,2585,6282,3679,877,7053,4474,3690,6835,392,4476,8687,-594,5786,8598,10501,5706,8000,2464,10980,5519,-2938,4391,2158,-1494,6251,6141,13707,3466,1053,-4775,2585,8216,-7248,1643,7053,-5845,1628,5098,-9893,1830,5238,-9858,5786,9596,19052,5706,8000,10919,10980,9321,6590,6313,-3025,-43541,6251,7349,7469,6696,-7387,-44515,4781,1144,8025,200,2533,-550,8472,200,3730,11150,-106,1280,-195,-2227,-6740,-3245,2985,5426,-6740,-4664
2/27/2023,261,-2877,10388,882,-1862,2292,600,-1481,10775,-850,1444,2330,303,-1624,2229,485,-330,-1228,-217,-1065,-2393,1311,4494,-870,-926,-1650,1594,2764,3209,-6379,745,-1122,13575,1278,-1862,2928,1937,-581,14775,944,-412,14354,996,770,18853,985,420,7632,1791,-935,14641,3366,9486,5290,-55,-1235,13697,4754,10932,6228,4956,3058,3840,-896,3756,3515,3042,-1925,-396,11664,2659,-1523,-1150,759,4350,-6965,1478,-472,4350,-1037
2/28/2023,5885,7168,5256,8574,11449,1728,7620,5369,2724,2940,8682,-235,3129,16090,18194,3235,1856,12350,4930,10417,14364,3233,1129,543,3314,6969,7413,5165,1239,3882,5885,7278,7447,8638,11449,4723,7620,5221,7404,5064,4966,861,3386,19857,31222,3235,2827,15792,5612,10852,19207,3233,-1000,-37514,2894,7457,18760,5165,-429,-38359,4792,-2856,8995,-5633,9317,466,9615,-2059,4829,10061,5705,-165,4425,7447,-3557,-6361,5557,8083,-3557,-6421
3/1/2023,-343,-3005,1878,-1143,-3095,-830,2680,1446,1578,-735,-1614,-3368,2620,-269,-4291,3935,6629,19737,1856,4859,9146,3925,12508,-451,3085,2057,-4675,3968,1979,4300,-343,-3372,2789,965,-3095,-2259,1337,-919,-2991,-1590,-3853,-1472,2620,1771,6143,3935,6629,19737,2859,8693,11996,2996,12661,38207,3085,8388,11753,4723,13975,45403,1584,-1868,1701,-1266,3257,546,-1370,-1266,-2588,2460,3694,17868,6752,9669,17134,519,1543,-4510,17134,-1369
3/2/2023,-345,-741,-4908,-295,-970,2704,-510,-1043,-5398,-435,-1815,2866,-1695,-3876,-6964,-1480,-3246,-6980,-1765,-1225,-8929,-375,2704,10177,-1075,-1178,-4655,520,1225,23859,-345,-353,-1924,-295,-970,3768,-510,-888,991,-1085,837,950,-1970,-6922,-23851,-2350,-4476,-5845,-6140,-4453,-22030,270,4214,49646,-1200,-4623,-22250,675,4732,48651,671,1167,165,8613,87,1126,480,8928,-3973,-8954,-4380,-2951,-5186,-8491,2405,34702,-6615,-5195,2395,35468
3/3/2023,940,2244,4891,1025,2405,1568,-334,2244,4891,340,1470,5498,1749,-3679,-6995,1795,-1741,-2594,-1857,-1987,-7179,1210,9011,4111,-1065,-1734,-933,1371,7462,14238,940,3120,4731,1025,2405,7028,1025,3120,5106,455,1956,3203,1045,-3916,-15150,1795,141,-1744,1583,-458,-10939,290,9525,46418,1335,502,-7176,1626,9477,49899,2566,3460,5291,9147,2566,1084,5291,8892,-4160,-8950,205,1529,-3427,-6565,14554,19979,-1345,-200,14554,20471
3/6/2023,1040,91,-1867,-52,-1644,-4509,227,-2665,-1529,169,447,-2681,-405,-3534,-6918,-1330,-3730,-6975,-1310,-1896,-8996,-1480,3425,-2888,-363,1658,-119,-1312,9029,-7482,1040,-930,-4026,466,-1644,-860,403,-1634,-3200,-1361,-3135,-7115,-405,-7035,-18090,-1760,-8910,-22200,-1978,-11055,-22138,2882,6265,-10050,-1690,-10920,-29078,1200,4737,-13344,-2544,-6665,-1140,-1781,-3211,-5223,-1204,-2203,-4459,-8220,-4450,-6300,-6423,-8495,-6805,-6398,-2564,-2002,-6805,-6764
3/7/2023,-757,-4005,-3765,-325,-3410,-4527,-1598,-2582,-3900,-570,-1870,-5006,209,515,-3042,1565,246,3153,1811,-1129,4931,782,8678,11126,1765,-847,-3700,3596,7056,21193,-65,-3015,-3660,-295,-3410,-4607,-130,-2040,-2393,-285,-2735,-2368,745,790,1429,1499,331,7934,3250,3458,7640,821,7922,37487,1765,1858,7715,1627,9587,35724,-3487,-1462,-2918,-998,-3642,-759,-2440,-1911,4036,4872,2741,11004,7746,16013,11187,22123,-765,-3440,11182,22233
3/8/2023,25,-332,-3249,34,502,-132,3654,10,-1855,330,-1356,135,4562,4499,11362,1611,5567,12712,1914,5565,5073,385,6007,-1378,1428,3242,3933,731,1079,-236,25,-1369,-4115,34,502,-2722,2926,-1868,-7782,365,-1848,-4210,4562,4499,14484,1611,5653,13918,1914,4582,486,-1343,-362,-9845,4902,5177,214,-1509,-2338,-9534,877,-996,-898,3492,985,5780,-906,4912,8675,9283,7211,15466,10480,7587,346,-3068,6958,7583,346,-3072
3/9/2023,1142,-244,-130,2260,-5,5436,1680,3390,1385,1795,1150,2678,-505,-4410,-6530,-1020,-3550,-6970,-1930,-1765,-8930,5975,-6480,-2880,-945,-1810,-1844,-2346,-4165,-6165,1615,1180,-130,2260,-5,4403,2160,3708,467,2175,2615,738,-505,-8910,-25852,-1400,-7275,-21940,-2870,-9420,-32498,6531,-1703,-13208,-745,-10370,-32785,4739,-885,-19610,751,30,185,4665,1312,2047,1950,5550,-3564,-8640,-3915,-7000,-5923,-8389,-6875,-6985,-3501,-1256,-6875,-7495
3/10/2023,620,-2299,-643,3969,-1479,-289,542,-816,2062,-715,-94,-2614,1935,393,2479,2810,3457,16677,2857,3123,8742,5915,12109,-987,2811,-967,-2578,9000,9358,9759,620,-998,-3990,1736,-1479,-2031,1296,-619,-4402,770,-992,-7150,1935,1755,4779,2810,3457,16965,4986,6366,11152,5717,9541,22149,2970,4566,12127,9105,12448,23872,-1842,905,904,3859,733,458,2659,3889,3314,13359,4277,14381,5371,6953,3980,8662,506,1561,3975,16082
3/13/2023,755,2608,5151,2316,3116,1017,2826,3164,7084,75,2954,6400,1095,2902,-1507,1800,521,-1701,1254,1974,1983,2055,-759,1310,918,508,5141,2235,968,-3943,755,480,5773,2732,3116,12913,3045,2429,5872,2554,1605,2903,1095,1099,4213,1800,521,5922,2707,255,416,2055,-1276,-23550,918,-110,-3021,2235,-764,-21134,2906,9597,1432,7058,2045,14234,1542,7419,3908,9299,6260,210,3529,1188,569,-3357,1538,7302,364,4460
3/14/2023,880,4628,11477,2700,4204,13573,4790,6486,14757,1440,1935,14284,1820,5830,8024,6728,6423,20383,5677,3670,18820,1390,2859,3565,1255,2065,5961,2462,3961,4410,880,5183,15344,2611,4204,14691,3016,6494,13019,1045,4213,13819,1920,9468,28985,6728,6262,25146,6748,11762,28117,19,5948,8400,1970,12312,28582,1500,6726,9190,4185,9921,4154,12187,5603,9678,1399,12187,3446,9475,8047,13232,12822,32640,425,-3648,3128,4137,420,-3530
3/15/2023,195,-1279,12105,-210,-26,-3734,-1028,-423,-1921,-580,-2317,-2604,1250,6400,17258,2275,2892,13818,3876,439,18243,290,2980,1315,1265,1803,3426,1320,3282,9307,195,-21,416,-210,-26,-3835,-880,44,678,-660,-3130,-5840,1250,6400,17258,2275,2892,13818,3876,6298,18243,290,2980,16534,1265,4930,10545,1320,2980,16419,471,-2076,815,-4755,621,-785,348,-3961,6118,9682,2038,5200,9266,9536,18281,7082,4235,7319,18086,15301
3/16/2023,330,2108,2843,1615,1907,7720,1458,1963,3725,425,676,7162,791,-4025,-5985,735,1103,-4936,-495,-1840,-4682,2333,7581,-2053,-142,185,-917,2738,7741,9744,330,2144,3406,1615,1907,7950,1645,1999,4217,785,3507,5953,1219,149,-11631,1260,2110,-2733,180,1816,-9033,2391,6572,37603,620,3810,-7760,2738,7588,41258,2017,6653,1683,9231,1416,6493,2140,9579,-4461,-8385,1240,-1880,-110,-5618,8572,21116,-1765,-5165,8467,19714
3/17/2023,-65,6990,5985,2655,8390,9958,2593,5985,6988,530,6862,7611,2991,10355,25557,1270,9762,18927,4023,10289,31405,6341,1562,-2980,3713,1512,2286,5214,5651,-5168,487,8837,9219,2655,8390,8436,2539,7697,9920,127,8123,5631,2991,12930,35589,4286,11512,38503,5493,11673,46725,5916,11624,18365,3713,11103,43722,5820,13364,17946,6549,6924,5873,6967,5612,9301,4318,7270,10147,25310,4278,19159,15266,23539,1258,-5851,1270,4023,1258,-5676
3/20/2023,-1289,1796,-3586,-1175,540,-3135,-1380,837,-1351,-505,-310,-1960,1395,1511,-3411,903,5610,-1194,144,-1940,4787,-225,4463,-2876,931,-640,-116,-405,8842,-7486,-635,1470,-22,-2270,540,1835,-3090,1735,1517,-530,-160,2595,1395,799,-6327,903,5610,-209,194,-424,3408,-1443,5880,26546,518,1624,4305,-3555,6976,27637,1276,1564,-35,-2315,2471,447,1820,-1645,199,-3707,1219,6798,377,4539,5459,-6890,810,1139,6504,-7425
3/21/2023,-505,1547,-4920,-1305,1428,-793,-486,-94,-5492,-680,-1670,-2086,-1755,-4017,-4614,-1465,-3840,-2419,-1895,-1906,-8952,-1025,-2820,1021,-1215,-2411,614,-1885,1910,5882,-505,2450,-10332,-2150,1655,-6068,-2195,2450,-9115,-1310,1930,-9354,-2685,-7167,-12713,-3170,-4465,-4064,-2950,-4590,-18236,-620,4498,-4720,-2550,-5130,-19506,-2865,5180,-3899,2898,-2049,625,2829,3786,85,1510,2612,-4252,-8599,-1660,-6993,-2384,-6435,4750,9541,901,-1968,4750,7287
3/22/2023,1334,5865,3407,3954,5833,7708,4110,5102,17249,1568,2665,8281,833,2052,7984,1600,3557,6742,9412,6805,14671,2207,12936,7559,2090,1730,-89,4701,3431,11836,1533,6487,33772,3917,5833,8378,4118,5267,4087,1370,5057,11243,833,2893,8813,1600,3592,24696,9412,8989,22396,3219,11846,27961,2090,9016,20755,3370,11756,28656,4258,6122,5199,3798,3419,3182,2430,3748,391,6079,3098,22676,8910,16395,24536,26110,417,-3315,24446,27405
3/23/2023,1270,4334,8759,3405,3350,13712,3000,3700,7207,2020,3504,10679,-1115,-2856,-3130,615,-3035,-1455,444,-1638,-5189,2680,-6487,-1389,2,2408,7080,2740,-369,-5084,1270,4334,11330,2894,3350,16220,2239,3700,8654,3283,8206,12618,-465,-3805,-7452,210,-5130,-6150,-1270,-5285,-11984,2275,-7458,-9667,110,-5300,-11640,3070,-7837,-10837,3733,12823,2339,14034,3291,9423,3652,11824,-3056,-4957,-1765,2415,-5157,-8486,-49,-4863,812,5281,-59,-3301
3/24/2023,-2055,-3090,-1436,-1920,-4077,-2499,-2191,-1871,-5408,-595,-1825,-4884,-180,1206,-6953,-580,3020,-6311,-1972,-1012,-3514,-425,-3035,5837,26,-294,-2129,-1805,1656,5263,-2055,-4025,-8454,-3065,-4077,-7770,-3065,-2635,-9970,-2225,-4740,-9202,-180,-2432,-20702,-705,3020,-9925,-2565,-947,-10841,-131,-2761,-1603,440,678,-11958,-2185,-367,846,-3563,-5249,-4040,-3982,-3749,-5893,-2075,-6120,-4056,-4222,-695,1127,-1008,-3845,-1091,16575,753,267,-1091,9636
3/27/2023,1610,1983,7749,2606,2088,6154,2054,2516,7572,1400,2867,6590,120,-2610,-6594,357,-2105,8702,3146,-1210,-2574,6090,9418,1559,970,-340,-4565,7163,4790,13290,1610,2353,6420,2606,2088,5292,2628,2516,6242,2450,6267,2426,120,-733,-232,897,-1135,12722,3510,1941,5187,6090,9035,29427,970,896,7241,7163,10459,33838,2670,5808,-923,1580,2570,5808,-805,1745,-4140,-4028,-975,11368,4386,-1934,4654,9870,-1405,-4565,4654,9271
3/28/2023,-34,274,995,56,781,-1731,342,609,360,-450,781,-1232,955,215,-2540,2933,372,505,3188,1725,5271,1644,-3692,3660,1621,-670,4965,-1523,1414,-220,-34,877,618,205,781,-1232,-595,1073,2072,-735,514,3267,955,436,-1601,2933,372,-2223,2426,2544,3212,1644,-4142,-43715,1621,3843,2336,5304,-4059,-44381,-1988,2996,1674,3960,198,904,777,3489,-2780,92,362,355,1347,7997,-368,-4677,-66,1706,-573,-6069
3/29/2023,-180,-565,392,-1985,-884,-3305,-2225,-2060,1920,230,1996,-1436,780,5717,-2589,305,209,-5739,554,3165,-2354,1430,2055,127,2300,-1438,-747,365,1710,2935,-180,-375,1950,-2065,-884,-134,-2030,-1910,2424,-1305,990,1447,780,5717,-1854,440,1052,-1471,1434,4890,5055,-125,2781,31982,2500,5441,6835,975,2606,32803,466,-1252,1125,60,91,-171,1572,60,752,-4500,-106,726,687,2363,3285,3273,1038,-1191,3360,7304
3/30/2023,-281,2403,1957,360,1660,4568,3605,3344,1957,-690,35,4685,3222,4481,9250,1400,790,5276,1414,2111,7343,5655,-1628,-1687,1830,2299,5828,3930,-820,-6468,-48,2045,5908,143,1660,4035,973,2239,5745,-140,407,2968,2790,5862,19012,-250,4273,7524,1825,6035,10195,2398,-2551,-19935,2120,6965,10439,1790,-2684,-20068,2009,3681,-1289,5061,2814,1503,-1174,4793,1256,6145,-275,-1398,5701,-5874,10835,-1932,875,1364,10835,-4382
3/31/2023,-575,-2192,-2248,-1350,-2840,-2630,-1878,1317,-2248,-385,-1767,-977,-1550,-4490,-7000,-1370,-3960,-5114,-1998,-2000,-8965,736,5030,7406,-1140,-2345,-4680,3130,4205,14819,-575,-1846,-5882,-1350,-2840,-15,-1558,-1731,-4733,-1390,-1346,-5326,-3965,-19465,-39035,-2196,-8120,-11888,-5664,-16115,-33025,1404,5728,36658,-3080,-16115,-32840,2949,5812,39327,-1276,-2773,-1855,861,-848,-2132,-857,-484,-3800,-8820,-4485,-3203,-6478,-6457,7405,21640,-2645,-5225,7405,20031
4/3/2023,904,1536,2081,-84,2145,210,-321,1028,462,675,1323,-540,305,-826,-5330,-380,-2632,-2404,-336,-1100,-8046,352,4854,-175,1084,-14,-307,494,4463,-244,470,1110,-2141,-935,2145,440,-745,1260,-730,105,1720,850,305,121,-5386,-255,-2554,-5821,278,-1055,-13812,-2629,-10552,-46109,1265,-1420,-12664,1119,-8373,-44030,1446,1920,1265,2846,781,620,285,2846,-630,-5162,1159,-4801,-2788,-8483,4992,903,-928,1318,4992,4667
4/4/2023,2192,1311,805,2668,492,-783,3298,1462,1912,1925,2863,3476,1895,64,1854,2325,3195,11568,5385,1709,11323,4859,23038,-1667,2020,-1048,4603,12837,27749,7951,2223,1002,6106,3468,492,2804,4184,1577,8647,4232,-2263,672,1895,769,852,2325,3195,11568,5385,3875,11848,4466,22950,57288,2020,3875,11141,10422,23756,57115,1153,-183,1802,-2004,868,958,772,-2004,2213,5016,7799,12223,5222,15577,17392,-994,-1135,6659,17392,7605
4/5/2023,1640,2369,4433,779,3645,7415,1401,3349,6349,1575,3350,6209,-1590,-3620,-6800,-470,-1530,-1259,687,-1880,-5600,2551,-505,-2434,-1280,-1510,-4730,1579,-2920,-5506,1640,2646,6810,1129,3645,9367,1398,3406,8233,2020,3850,8017,40,-2680,-893,-125,-1840,-1228,-10,-1465,-4620,4004,3794,-21685,1380,-1525,-4950,4459,3027,-23675,2625,8247,1630,10613,3054,7549,1745,9877,-3860,-8310,-2030,-3995,-3347,-3058,-5190,-6317,-1135,-2415,-5190,-6516
4/6/2023,1855,-2326,-2955,865,-2075,-4600,-66,-2707,-2150,-515,-2350,590,-1735,-4050,-6973,-1230,-3525,-6808,-1735,-1940,-8050,960,-2582,-1344,-1135,-1715,-2963,-755,-2651,-5921,1855,-1590,-1260,865,-2075,1527,865,-1860,289,1480,-2180,-2869,-840,-3924,-17668,-55,-3395,-4750,-2424,-1415,-6863,-63,4322,20350,-205,-1680,-5716,835,4882,21617,-2570,-2131,-2098,850,-2235,-1757,-3285,-444,-4105,-8515,-2840,-6640,-6484,-6935,-2877,-6680,-6855,-3960,-2877,-7500
4/10/2023,-1747,-2341,-1469,-1765,-1539,-525,-2316,-2516,-1191,-630,120,-1904,1465,-3129,-5298,811,-3635,-6935,-1750,-1965,-7013,49,-5125,-2995,-511,-2015,-4685,801,-4495,-7490,-1520,-1620,-1840,-2295,-1130,-243,-2295,-1795,-934,-1430,640,-795,1465,-3954,-7207,1161,-2729,-3304,-2919,-7716,-5394,339,8848,20189,1276,-7504,-3921,801,8874,18411,-2235,-4692,-19,-814,-2410,-5911,-1636,-2392,-3915,-8255,-3905,-6945,-6396,-8170,-6990,-7000,-755,-5475,-6990,-7485
4/11/2023,1328,4907,780,2624,5535,-221,3177,6999,2197,2430,3999,-2570,2906,4401,8492,2065,8932,16382,7599,5912,21133,3564,11243,2291,2810,2986,7558,5296,10661,3780,2345,4617,-60,3034,5535,-2547,3394,6999,-4238,2985,4702,-1437,3951,11581,28004,2215,9119,23606,10510,15026,30479,3302,6074,19134,4005,15026,32744,5296,6074,19776,5018,-518,3940,-594,5018,-1671,3940,-2382,4966,17939,7697,12259,10364,14256,1802,-1406,2740,11692,1802,-1042
4/12/2023,-487,-1305,1756,1080,-1040,3952,370,565,687,-785,1031,7098,215,-3758,-6959,-145,-2785,-5487,540,-1135,-7572,1750,8117,5708,415,-1795,-626,2450,10539,1812,390,605,-689,979,-1040,9265,1751,1219,1939,570,1211,-1618,215,-3530,-3428,475,-3090,178,2125,-1190,2092,3071,4191,27360,435,-1190,595,3705,7915,29767,1464,954,659,4394,1108,3083,1215,1426,-2216,-7783,1757,-2382,947,703,6723,4248,-898,-2594,6723,13391
4/13/2023,885,2267,1280,860,3095,4891,71,1138,2467,860,2595,5511,-1665,-4435,-5157,-495,-4000,-6990,-1982,-1980,-8999,1195,10452,2490,-355,-2400,-4605,2925,4254,19086,885,2800,1362,860,3095,6099,708,1615,3334,476,-92,829,-370,-9520,-21690,-135,-5485,-7980,-654,-4200,-12741,2002,11265,27623,960,-4355,-13147,3695,11227,30521,1558,335,2516,5998,317,1357,2306,4153,-4493,-8989,-4460,-4891,-6498,-8371,13066,16445,-2490,-5320,13066,14411
4/14/2023,120,1006,-4130,-777,-2075,-4130,-656,-2887,-4130,205,-797,-5237,275,-1172,2725,-860,-1692,-5440,-802,-1117,-4570,-1120,-1106,17,870,468,-2526,921,-3720,-1042,120,-730,-4353,-2800,-2075,-4009,-2720,-3635,-7502,-1920,-3848,-8733,275,415,-453,-1590,-1910,-6334,-345,-2915,-3829,-105,-871,-16507,970,-3165,-3335,304,734,-16990,-2172,-4145,-42,1506,-3668,-3230,-455,-4972,766,357,167,-3464,2815,-6009,-910,5038,1969,-2206,-910,5208
4/17/2023,-60,-736,-271,87,270,-474,-567,-531,-4127,285,1164,-1992,1100,-2789,-4312,1350,1291,-5849,1831,405,-6747,1986,2170,1741,3072,261,2295,620,-1313,-4004,-60,-175,-3959,-45,270,-471,0,-92,-2935,-660,934,343,1100,639,-7789,1350,1291,-15902,444,2453,-10993,1861,3179,-46228,3202,2453,-10993,2519,481,-46228,269,-3504,-141,808,14,-2136,-510,-1179,-3556,-2195,-843,-4377,-2670,-349,-560,-6189,897,3343,-560,-2306
4/18/2023,-90,6501,490,2174,4898,731,1238,4821,2195,745,4110,4610,2570,4984,4055,2649,7491,4875,6049,2754,10202,6859,3040,-1747,3921,3514,-4305,4395,1234,-5925,-90,5296,490,2174,4898,987,1293,5389,2195,470,5512,4651,2570,12134,18781,2649,9213,6827,5700,13614,17224,8023,19812,-10273,2815,13343,14057,7644,18664,-10221,4002,2947,4655,3814,4011,2737,3006,3814,2568,6760,-424,-673,7271,6744,-442,-1956,-706,-4035,-442,-4077
4/19/2023,1585,6720,7970,2576,7131,8550,1946,6481,10286,1035,3764,13495,64,-3057,-6965,-50,-2283,-1537,-875,-2000,-8401,1686,-3398,-2564,1539,-2470,-4675,3066,-3807,-6774,1585,6510,14657,2768,7131,14342,1997,6481,14698,1710,7306,17228,398,-6226,-6216,-302,-3115,-1071,389,-3345,8408,2236,-261,23084,1988,-3345,7143,3066,-3384,23084,5655,5693,6933,10885,5379,3934,5091,10885,-4355,-8830,-3240,-3338,-3012,-7330,-4656,2244,-2490,-5335,-4656,2316
4/20/2023,875,2127,-849,2991,2935,2513,2475,1397,-1862,1036,2461,1327,1455,1176,-6193,1030,1799,4601,1052,-1465,-2186,-710,-3716,-2737,485,5834,3651,-115,-3586,-3609,875,2436,-501,2991,2935,1433,3272,1397,-111,1606,3662,2801,1505,2530,4400,1505,1180,12620,4148,1381,-1059,100,7049,-10544,990,1641,-1064,0,6839,-13920,401,-2198,-263,-289,40,-2313,0,711,845,-5028,955,-448,803,-2565,-5914,-5702,5122,6088,-5914,-6941
4/21/2023,448,-861,-651,-1680,95,-2435,-1265,-376,-708,-180,302,-3194,2440,190,6906,2320,4880,11103,2404,2484,15543,655,6010,-2845,2515,7636,-65,1085,4204,-6533,645,-664,-660,-87,95,-3268,-992,-634,-279,840,1176,2751,2440,2065,9996,2320,5199,11628,3145,11158,25758,805,11064,26356,2515,12288,24937,1085,12710,28121,-1336,-3264,-1803,-6358,-1054,-1650,-2977,-5471,7732,7568,7653,2349,8268,5408,-4589,-6925,-2183,265,-4589,-4923
4/24/2023,715,-483,-3818,-1250,-4385,-912,-235,-1587,-1317,-560,-1363,1474,-1165,-3580,-5520,-1470,-2130,-4525,-1649,-1435,-7555,-1230,-5730,-2945,-1280,591,-4660,-2220,-3869,-6191,715,-3991,3638,-1250,-4385,306,-2060,-4021,1248,470,-2572,2321,-1730,-3594,-9038,-2800,-6830,-21070,-4680,-5850,-17688,-3587,-11840,-56273,-1605,-6045,-21183,-7111,-11627,-62897,-1406,2501,-3480,3293,-1399,2561,-2615,3293,-3120,-3234,-1685,-5505,-6310,-8228,-6935,-6770,487,-4150,-6935,-6041
4/25/2023,-355,-2181,-4054,1343,-2793,-1461,137,-3280,-5210,-570,-2485,175,-340,-3925,-6890,235,-3435,-6939,-209,-1980,-8999,3006,5067,8255,-307,-2222,-3113,5188,3605,23634,-355,-1290,-1724,1588,-2620,2139,1513,-1733,-1649,265,-1200,-2403,-340,-12830,-30775,235,-6665,-12371,-255,-7900,-22138,3584,5024,58285,225,-8140,-22538,5842,6703,57362,-3519,-203,-811,3099,-4160,-3115,-1376,787,-4468,-8996,-4315,-6928,-6463,-8497,10554,42464,-912,-2793,10554,49294
4/26/2023,899,597,5538,2100,893,8445,1232,622,9816,1270,598,6220,-125,-4323,-2120,325,-3800,-6973,-377,-955,-7765,-90,2998,-1515,-60,-2099,3900,2568,384,-6749,1490,1343,7822,1431,893,6931,1680,1343,6672,1903,-57,4491,-125,-6170,-6341,500,-5220,-4876,-452,-5810,-6204,2086,2321,-17836,-500,-9125,-3579,5259,2195,-24240,5953,6091,6622,8206,5179,6430,1728,8206,-1721,-7664,-3185,-6000,-5041,-7460,5660,-5886,-817,1136,5660,7224
4/27/2023,705,1209,5544,1845,1253,6801,-181,1978,5730,535,1540,6772,-1640,-3205,-6935,-1490,-3575,-6975,-1989,-1989,-8997,2225,11949,-609,-1140,-1901,-4630,4660,11179,19841,705,2508,4356,1845,1253,9743,1606,2563,6059,1476,3811,8906,-5960,-18285,-35270,-3255,-8155,-10605,-3194,-8530,-21037,1348,11433,39999,-4910,-8745,-20905,4660,11949,41951,2854,7940,4572,11805,3882,7059,3492,11530,-3850,-8905,-4475,-6950,-6497,-8495,15593,28341,-1564,-5310,15593,26316
4/28/2023,505,-2285,-4028,-320,-846,-1002,-1562,-2859,-2162,-65,-1445,428,1348,-3697,-3646,954,2836,5114,-1221,1997,-3915,1380,8951,9444,758,-1106,1824,1324,9496,13372,505,-456,-635,-410,-846,1366,-390,-746,151,184,-1041,-1425,1530,-876,-8790,954,2836,5595,611,-86,-1893,630,7952,52847,1470,205,-1580,1324,9217,54886,-1845,1328,-1355,64,-2600,-1850,-390,-377,-3441,-4453,1993,8619,2394,-464,11202,19206,-1458,1834,11202,19206
5/1/2023,5049,12174,1886,3911,13849,8750,5155,11114,3052,4083,11960,6768,3260,6895,14475,3145,-226,8732,3592,1980,4450,1860,-6124,-1085,2420,4395,10009,2210,-4004,-5418,5197,12174,12893,5633,13849,6605,5079,12315,10323,4811,11033,11974,3260,7398,30282,3145,-226,10131,3819,1705,15883,3739,-10885,-44074,2445,1835,18173,2285,-14464,-44708,8515,3087,8763,-66,7282,4955,8425,-64,7565,31016,1914,11370,570,15135,-6110,-6885,5270,10360,-6110,-7100
5/2/2023,1100,3834,4631,671,5090,6652,1195,5010,5402,1630,5316,7737,3493,13814,9366,-1060,-524,2411,5398,12247,874,-1005,-3908,-451,-20,4121,3413,-2455,-2124,-3996,1100,4452,7138,671,5090,7707,1556,4476,6564,360,4753,10118,1927,13191,14786,3712,7438,3951,4982,9182,5367,2942,-2516,-32977,2805,8702,6256,-355,-7343,-35582,2599,3726,2293,3722,2741,3575,1548,3718,4962,7914,-1096,-164,-1004,1006,-6090,-4112,2689,1203,-6090,-6102
5/3/2023,2030,2322,7698,3705,3314,3608,3255,2572,6043,2628,2372,5530,1740,4370,9423,1547,11020,12498,5050,6128,6595,1608,11249,12409,1870,2210,555,1586,-2116,18968,2030,2764,7598,3705,3314,15903,3255,3014,7344,1460,274,9272,1740,12430,7308,1547,10451,8823,7520,5005,4539,1708,10752,3753,2040,4425,4679,1736,10744,7605,5105,6074,7304,4005,6420,2689,1444,4005,3480,7305,7378,10149,11113,8017,7975,6666,12597,11696,7965,8669
5/4/2023,1720,5495,3858,1808,9150,4783,2430,3318,3858,1500,2505,1577,1445,9630,7847,2645,4363,12451,2630,7136,5277,1293,3092,717,1503,5271,5572,-1260,3226,2632,1720,5170,1447,3098,9150,1317,3418,5419,2725,2150,4200,2100,1445,9630,21065,2645,4363,6169,4838,10285,22963,1293,-3220,-9381,1503,11400,27737,-1235,-3513,-8441,3700,1015,4161,133,4580,17,4172,1374,11715,14887,7628,2415,7021,-601,7511,-2345,6615,2474,7511,-2930
5/5/2023,1265,475,-2397,849,-347,4008,550,2308,634,1893,2428,5890,285,-3644,-4424,520,489,8060,-1005,-1175,-3955,1285,4123,-1039,-1106,-1585,-404,965,2914,7586,1265,1514,2643,849,-347,6958,961,1175,5439,1920,4463,7971,-185,-2291,-2297,805,887,10845,828,2914,6616,-972,4017,29279,45,2914,8077,2025,5441,30719,498,8923,1278,14961,2182,9730,1313,15281,-2533,-6412,-2195,4163,207,1307,-629,3501,5,-1574,-629,5254
5/8/2023,-115,-2051,-2035,-1685,-2866,-1290,-1790,-1922,-677,-725,-634,2163,1426,-1140,-5776,275,999,-1226,-1835,-1475,554,150,-898,-147,1720,-2220,-4590,-200,-1293,811,-115,-2051,-8,-1790,-2866,3363,-1790,-2051,1166,-1040,-797,276,2915,3914,-949,2245,1538,-547,-250,4110,1097,150,-8727,9285,3609,3420,-164,-200,-11511,11211,-2139,-360,-2887,-3258,-1739,-170,-3010,-3429,-369,-4446,-4405,57,-3377,-7610,-6980,-7000,-3545,-5210,-6980,-7420
5/9/2023,-1125,-107,3324,-50,2596,815,-288,1932,963,185,153,1937,-86,-2343,7557,-328,-120,4599,590,-1162,16827,3195,11649,4269,-111,-2175,3122,3105,8182,-4863,-1125,-107,4289,517,2596,3294,502,2568,4289,-425,792,4289,-86,-2231,12862,-431,-421,13555,2737,-2985,26371,3276,11590,25837,4,-2985,26447,2923,11590,26162,10703,-2411,2641,-3387,9713,-1906,3311,-2542,10620,11876,11207,-1349,13040,9107,2390,-4295,12395,2367,2390,-4315
5/10/2023,-438,6222,3409,4099,5598,1540,2261,7499,8314,-15,-60,15718,-235,-1340,2953,-625,4235,4276,-988,6432,10878,-550,6355,-2858,-50,64,4596,1650,-1753,-6045,560,7139,11830,2477,5598,13543,2619,6167,11525,1130,6312,7285,-235,-590,9714,-625,2438,11202,2697,9322,15594,-4011,2513,5761,130,9405,12832,-755,3500,10806,4739,9761,2946,9123,4664,7368,2290,13007,1190,9994,482,12453,4023,10807,4355,-4446,4556,1752,4040,-6045
5/11/2023,1063,3029,-1412,-1173,2737,-4191,-1195,1672,-3036,1025,3964,-5513,4710,13968,12526,2265,9750,1196,-1022,102,7612,485,9070,-1857,-420,5311,1221,3767,13105,-5495,1310,2949,-4497,-1346,2737,-3885,-2186,404,-4268,399,-697,-4187,4710,18203,21228,5550,19145,5827,666,16288,13346,420,20672,-23338,2830,15988,13341,6125,20672,-25025,1924,-1419,5012,-4690,1094,-851,5848,-5452,9199,19866,7863,-1735,6590,1448,917,-6875,-2779,620,917,-6321
5/12/2023,1410,-1064,990,1148,-1675,1135,-494,-828,415,1920,1395,-584,-1080,-2097,-4837,1355,1906,313,2110,1488,9318,1120,5701,-2043,450,-1075,897,370,7475,-6567,1410,-2135,-841,155,-1675,-1054,185,-1875,411,1095,-1105,-720,-350,-2485,-3135,1425,1965,474,2345,695,11192,-405,3085,28694,685,310,11446,-936,3906,32483,1471,-1672,1316,2535,1457,912,300,1668,-2717,-4826,2975,1394,9523,14713,17273,-2440,18,5400,17273,-1955
5/15/2023,-650,-1636,-1995,-1915,-1578,-2605,-2030,-4473,-1995,-675,-499,-2010,-1460,-1085,-5628,-1490,-3995,-6955,-1995,-2000,-6874,-495,-5007,-1281,-1070,-2225,-1579,-2480,-3684,-5359,-650,-1415,-1995,-1915,-1578,-2010,-1915,-1580,-1995,-840,-462,-2780,-1460,-1543,-9915,-2475,-4228,-10875,-5590,-4953,-12013,-2342,-102,-646,-2200,-5323,-10000,-4450,1015,1002,-1424,-1737,352,-2979,-1399,-1737,-1494,-3474,-3580,-6635,-4300,-4211,-6076,-5645,-4964,-5114,-2625,-2037,-4964,-7305
5/16/2023,126,-1321,-1238,830,-1165,-5165,950,-1345,-3786,470,-1170,-5584,1018,-1811,-205,1058,241,-3543,319,1949,-4160,-200,-3961,1033,170,2020,297,1665,-2511,-1081,-540,-810,-3867,830,-1165,-6263,950,-930,-6894,-465,-1215,-7977,1068,1122,2492,1758,225,-5324,1829,2252,-5777,1919,-7691,-50235,1528,1432,-8286,145,-7696,-50235,-3034,-5258,-2847,-5009,-3034,-3904,-2579,-5644,-2713,-5122,-469,1265,602,-2742,-4685,-2618,3318,368,-4690,-2990
5/17/2023,10,-4779,-4004,-525,-3340,-3755,-627,-2299,-99,-545,-2215,-1759,-785,-4335,-6970,-385,-2040,-5346,-1700,-1515,-8995,981,-396,-89,-770,-2135,-4575,1206,-1323,2141,10,-4365,-1710,-525,-3340,-558,-525,-3955,-420,-1075,-4060,-504,-675,-4770,-13169,-385,-1990,-6162,-915,-2690,-10263,-760,-84,9117,-1220,-3180,-9992,1541,311,9981,-2800,-1385,-1246,-1626,-2833,-1973,-860,-2412,-4185,-8968,-625,-4974,105,-7243,-359,6833,1194,-5455,-359,1573
5/18/2023,1150,1771,-4419,452,2477,-4504,626,1932,-5234,685,2355,-2147,-1220,-1621,-4635,-255,-204,-870,1508,206,573,1540,6514,4803,-619,-1490,-5790,2115,2594,17124,1150,2455,-5542,452,2477,-3801,992,1932,-3281,565,694,-1226,-1220,-2722,-5693,-255,-204,4667,1160,4171,573,2397,6964,30661,-460,2067,488,2325,5859,29901,1858,-5705,2927,1876,2008,-1185,3803,2596,331,1312,3572,2044,-307,2377,7079,19214,565,-2020,6529,17137
5/19/2023,-1070,2810,796,-390,3285,7205,-496,5044,3551,-900,1840,7356,2170,-3340,-3293,1909,8527,11818,-949,995,3012,13699,-1586,-436,2455,1920,-873,5426,-1945,-6457,-1070,2810,6504,-390,3285,8678,-240,6038,9137,95,2135,6345,2170,1030,2530,1909,8527,11818,-949,1141,6515,12431,-332,14914,2455,1141,6960,5426,-1072,15820,3179,5505,5474,5972,4414,4355,4862,5507,-4345,-5123,927,-2238,1689,2831,4378,-5399,3404,320,4378,-6883
5/22/2023,3495,7226,2855,2670,7472,1808,1840,6177,3643,3030,6072,943,4130,3949,6221,2690,3774,4447,1750,2143,9183,1950,3392,-682,3240,1292,-3085,4760,3749,-5534,3495,7226,1644,2670,7472,-1349,1840,7390,1644,3165,7461,2582,4130,11146,23071,3730,9331,10689,2950,11489,16626,3501,8657,-17420,4320,11342,17584,5761,8798,-17005,3998,-6742,1525,-6960,4465,-3492,-810,-7035,3960,20093,981,-675,3673,-1898,-3833,-6745,249,-2661,-3833,-6374
5/23/2023,-125,-2779,-4670,845,-2643,-5423,429,-2323,-3090,620,-537,-6275,400,-3695,-6998,60,-3875,-6929,1861,-1395,-7761,6383,2705,6158,250,-1885,-3058,6595,410,9948,-125,-1330,-10213,1160,-2643,-8575,1225,-1468,-10130,1045,-2155,-8735,400,-5635,-18715,60,-3630,-9831,1861,-410,-9678,5299,9772,29270,250,178,-7895,7732,12630,30631,-3365,-2830,-2547,-3206,-3657,-1354,-3360,-3206,-3770,-7915,-4360,-6870,-6472,-6743,6860,24382,929,-3048,6860,25435
5/24/2023,1510,286,-2808,-490,-1362,-1001,-1268,-729,-2153,415,-90,-549,1053,7535,9008,2185,7425,8078,643,11543,8948,2496,3926,-1264,1880,5705,1978,2773,-2834,-1903,1013,-351,-1436,-1952,-2510,-3285,-1952,-2671,-4870,263,-1140,-6950,1855,7124,795,2335,7383,3010,-1380,12944,6676,2774,15549,-20436,2077,12401,1806,2506,9033,-26318,-2064,-2574,1310,-5225,-2064,-2257,1480,-2235,5724,5060,-1471,4728,-221,2802,-5534,-5647,1496,302,-4904,-6711
5/25/2023,700,1877,-714,-1070,1957,-2039,-1055,1747,-4016,405,1907,-2039,2135,9396,20039,2390,9230,26980,2992,4236,39822,-25,-4145,-2940,2385,1416,3632,930,3365,-6853,700,1877,-3741,-1070,1957,-1843,-1055,232,-3903,75,1097,-1958,2135,10075,31597,2390,9230,26980,3673,9223,41125,2851,9315,8760,2385,8553,41020,2377,9727,10162,2774,-2528,3763,-3815,1250,-1002,2828,-2430,15225,19025,11288,17794,16785,32567,-4685,-6102,11165,8193,-4685,-7500
5/26/2023,4205,7153,3984,2973,7935,8792,2823,5479,4813,4640,6000,9089,3775,-3840,-6215,2975,7783,-1159,1911,-1999,-6834,3470,23155,-2168,670,-1575,-2019,5853,16503,11064,4205,7635,5197,2973,7935,10617,3088,5535,6733,4524,8530,8585,4630,5075,-12001,2975,11373,3595,3625,12925,10993,3210,22815,48971,5275,11605,15733,6538,23991,50768,6419,3572,6275,10726,4863,3303,6875,10535,-4075,-7930,-2617,8005,2534,-1561,15595,13568,-1954,-1374,15595,10942
5/29/2023,-405,-1075,3833,-625,-1750,2650,-625,-1075,3778,-410,-1715,5678,65,1082,3253,-90,-205,4583,-1605,465,1290,-1025,35,765,-320,770,4064,-955,295,5059,-405,-1075,8014,-625,-1750,8014,-625,-1075,8014,-415,-1090,8014,65,-2820,-645,-470,-3725,-2680,-4130,-4210,-4297,-900,-8693,-12417,-320,-4210,-4440,-1010,-9340,-12560,-1443,2507,-2085,2184,-1443,1578,-2050,2149,-4080,-3625,-3995,-1730,-6285,-3078,-4725,-290,-1615,2528,-4725,-220
5/30/2023,575,839,897,960,1184,-4820,580,2066,-756,-560,876,-3940,854,3703,240,2906,10398,6404,2111,-1085,2831,2319,7437,-1863,1670,-1067,-4720,3323,5784,3709,575,796,-8208,960,1184,-6264,135,1664,-6478,1175,592,-9810,1140,2246,-3362,2906,10398,9722,1260,3813,-2307,1763,7815,35772,1696,3652,-3275,4142,7842,33746,-1433,-264,817,-3183,913,-3496,379,-6611,2799,7308,8562,15067,7391,9347,14151,8391,-1026,-4235,14151,-798
5/31/2023,1041,2009,-1699,-1085,1509,911,1420,-44,-2533,-55,1261,4375,710,4315,9497,975,5135,2427,616,8793,3493,2070,5334,1240,1320,1826,6661,2152,6184,586,1041,1210,3942,-1655,1509,5962,-665,2970,4919,-802,377,5859,710,5335,19821,975,5135,2427,1098,9349,8162,2952,-4238,-29541,1320,8604,7881,2152,-4619,-32597,4319,1064,4100,433,3851,-3224,5648,-332,6962,18581,2796,652,1464,5407,2468,-5716,4103,3535,2529,-4050
6/1/2023,1085,-72,-3834,-413,1685,-1645,848,-194,-1662,1465,-1148,-3696,-850,-2942,-6955,3297,4080,12934,4078,-2000,2365,5185,14901,-2850,810,-930,-1940,4425,11555,-2248,1085,1340,-4054,1895,1685,801,1741,1240,-2748,2285,1449,-1221,2530,5685,7665,3942,5525,11459,7530,13330,24677,4056,14547,53311,4720,13120,24845,5730,14901,54361,965,-990,787,-108,1087,-157,323,-138,-3690,-2237,6624,16024,6536,12622,7988,-1009,-1347,-1457,7988,5302
6/2/2023,3324,4432,-2315,637,1894,-2710,637,3190,-3650,0,-335,-3582,4405,9901,12237,-590,-789,334,1456,4839,5646,-1250,-3870,-162,2586,-2245,-473,1490,-3035,-6730,2729,3232,-4104,1095,1894,-2841,615,2354,-4006,1764,2778,-2921,4500,9704,11813,3715,2056,451,1336,4691,6745,4319,-3426,-27939,5905,4051,4141,2535,-7424,-30489,-1490,-5077,-2296,-5682,-3453,-5410,-2295,-5877,11290,3527,4530,-740,4631,-2421,-6805,-5795,-940,-8,-6805,-7480
6/5/2023,-299,-1931,-2728,-15,-2044,1973,121,-2053,227,-110,-745,-2967,800,-2262,-2049,175,-3032,-4415,-1984,-1540,-7146,-796,-4945,-2828,-210,-1532,-2358,3664,-2766,-6185,-150,-770,-1147,-845,-2044,-1721,-1670,-1554,125,615,840,-1107,905,139,961,175,-5715,-9755,-2344,-3125,-13618,4404,-3931,-46899,-435,-2155,-11875,2287,-9318,-40846,-588,5426,606,4670,-613,185,-8,7782,1099,837,-547,-4829,-916,-3391,-2391,-5985,3057,-2033,-2391,-7160
6/6/2023,355,1469,1984,-805,607,-277,-643,-165,1270,785,225,-1365,2020,6822,8470,1850,513,4642,1418,-717,3033,361,-1375,-1905,1675,4594,178,-137,-770,-4670,355,1517,1364,-1240,607,2006,-640,52,2097,-130,728,1844,2020,6822,11697,1850,706,5118,1418,7401,4288,1660,3810,-1117,1675,7401,4288,-1000,3900,-2790,1605,-965,-265,1034,1605,-155,398,1034,5673,9727,-53,3121,1204,6548,-6275,-6915,2728,1786,-6275,-3571
6/7/2023,-160,-3257,-4847,1338,-3652,3017,482,-2809,-1533,-550,-1830,1335,-1285,-3970,-5364,-695,-2490,-6981,-1690,-1805,-8992,3467,7450,-2930,-790,-1443,-4540,6467,5597,16504,-160,-2051,-2177,1338,-3652,4343,1666,-2607,664,642,-3693,-2726,-1285,-7145,-26904,-760,-2445,-7621,-1085,-5685,-16722,4535,5747,56743,-815,-5930,-11810,6565,7971,58990,-3913,7636,-3155,13975,-3823,7556,-62,11209,-4105,-8345,-3710,-3054,-4004,-7225,18633,10834,-1555,-4495,18633,13460
6/8/2023,2281,7574,7321,2827,5164,8157,3037,5925,8130,2305,4447,9378,-57,-4386,-6192,705,6182,11951,2202,-1310,14055,3644,5097,3263,2417,-1278,-4640,5232,2628,12604,2281,7574,8975,3072,5164,9168,2954,5996,9865,2735,7446,8243,875,-2864,2223,855,5994,18711,3115,5750,19767,3480,3267,61093,3000,6448,20030,5232,6287,61933,3719,8660,4255,8487,4064,6767,3663,10551,-4292,-8113,959,14911,4262,16677,22435,10548,-1881,-5355,22435,12643
6/9/2023,-500,469,-135,-915,56,-5978,-1203,-1447,970,-300,-1985,-4325,1050,1087,-5646,-445,2693,-4299,-507,-1935,-6702,-1075,-1328,-2584,1950,-1259,-1182,-1647,4667,-560,-500,-980,2856,-1620,56,-4540,-1620,-1992,-590,-1250,1208,-3605,1050,1577,7568,570,2693,2981,2156,180,2946,-440,4771,-1386,1950,541,5739,225,7252,-969,-1889,5036,-2611,-6848,-1188,2335,-2760,-6848,-938,-3703,-1045,-6303,-1793,-7165,-5872,-6917,-2277,-852,-5872,-972
6/12/2023,-1190,-3461,-4999,-1655,-3820,-5890,-1830,-3665,-5485,-665,-2485,-5310,-1865,-3870,-6381,-1370,-3995,-7000,-1990,-2000,-8945,965,12,4043,-1385,-2126,392,1015,-600,8620,-1190,-3160,-7900,-1895,-3820,-4907,-1830,-4350,-8181,-1365,-3952,-10445,-4420,-13705,-27891,-2440,-7805,-14880,-6330,-13695,-26470,-513,-1283,8171,-4635,-12825,-23880,1015,-290,8821,-3085,-4094,-1890,898,-2668,-4074,-1360,898,-4340,-8321,-4425,-6975,-6485,-8497,1283,3893,-2674,-916,973,-5634
6/13/2023,4910,3672,4336,3309,5352,2907,2740,4862,4688,4435,2930,3182,3125,8314,25962,696,8295,12329,2464,5297,14956,3265,959,-1820,2599,1448,5043,10,3224,-3225,4040,2441,6105,3309,5352,2007,2732,4459,4515,2852,2643,4065,3125,8352,26202,1810,8594,15482,3124,8931,17970,7039,13702,481,3760,8769,18246,4537,12725,-221,1728,5740,-785,3802,2217,4478,-2145,3559,9560,15269,10764,9835,7096,8885,-1685,-3835,4499,1106,-1685,-4903
6/14/2023,3315,11069,18655,4118,8057,16127,3229,9421,17865,3965,6206,16449,2590,9471,15443,3470,8225,16565,4975,6464,20648,2935,14430,10094,2766,3731,6916,2530,10697,12429,3655,10293,17727,4118,8057,16667,3304,9525,16864,4655,9758,17665,2590,9957,21218,3470,8225,14755,6505,10071,24032,3389,10080,22281,3470,9571,25377,1175,12247,26581,11083,12907,6900,15983,10386,11387,4058,13953,11393,15542,9925,13517,13431,19961,7357,9894,7719,5352,7157,8519
6/15/2023,730,2383,2850,1631,1587,4827,1475,2423,2866,910,793,4736,1645,-2833,-5492,175,105,5693,1335,1325,-7031,1917,7124,-1698,2305,-1975,-2156,3171,5242,13704,730,2885,3389,1631,1587,4995,1641,2423,2922,785,2827,2837,1645,-1945,-2268,441,105,4099,1470,640,-5774,1917,6737,37498,2305,729,-5134,3306,6949,37498,2260,3396,1982,5099,2706,3126,2617,6066,-4385,-7518,155,6553,-1481,-7170,1910,7897,-4358,-4820,1735,7395
6/16/2023,1475,752,-1057,1610,866,-4278,755,846,-3443,885,-639,-4254,821,2466,-6612,1411,230,-1253,1145,-1928,-1681,4072,11636,16307,1427,2186,562,5502,9566,26826,105,615,-11392,1610,866,-7870,755,846,-9170,1892,445,-4964,821,2466,-13381,1411,230,257,1145,3257,-4554,4072,11922,50997,1427,2602,-4719,6256,11852,49817,3575,-3350,-1735,-1937,1749,-2582,925,-1135,-4489,-8558,-237,-1735,1306,-991,11601,35142,538,1960,11596,28169
6/19/2023,2325,3565,5347,3385,4255,5094,3385,4255,5347,2620,2595,6302,2735,5495,7775,1880,5885,7978,4225,4260,11611,1230,6476,3642,2040,1375,840,1735,4866,7270,2325,3565,6522,3385,4255,6522,3385,4255,6522,2665,3565,6522,2735,5495,7725,1880,7610,12326,5900,9900,16361,1460,14785,27831,2575,9900,16361,1960,14785,27831,-2280,-2655,-2280,-2655,-2280,-2655,-2280,-2655,1335,1390,565,445,1722,612,-3235,-705,-132,-510,-3235,-1190
6/20/2023,-213,348,-1447,-90,2048,-4155,-667,166,-3171,180,240,-1785,3915,17028,17288,2745,3576,7495,3923,10781,2665,2360,310,-65,351,6735,1102,-140,3650,-821,-51,1530,-4236,-90,2048,-1643,-1045,145,-2758,99,-240,-2728,3915,18575,20058,3120,14765,11476,3460,12263,9294,4786,9624,-29890,3510,11808,10032,3055,7777,-28705,1135,-4852,-325,-3247,883,-1879,770,-3679,14326,19467,1255,-470,5640,-5818,-3700,-4901,4964,1107,-3700,-4617
6/21/2023,2211,4115,6730,3461,4315,10343,3807,5801,10289,2181,5002,7855,1823,1590,3691,1036,1614,8689,5523,1720,10347,2997,1954,1203,2511,1298,-1238,3037,3432,3423,2211,4425,10736,3461,4315,9727,4023,5707,8846,2121,4764,8687,2188,3880,13303,1036,1861,11001,5523,4331,20172,2225,-1744,23779,2511,3998,23982,3037,-372,24143,4718,7254,4370,6770,4897,7372,5157,4790,-1672,1487,-2575,2875,12121,13261,3531,1492,-1137,-910,3531,-1835
6/22/2023,-70,742,-729,-41,1585,-2963,-358,692,327,-610,1266,-1101,1244,-1767,-5417,1767,3118,1079,799,-815,-7017,1573,6704,6522,526,-2207,326,1728,4385,14325,290,1741,-5526,410,1585,-1336,-496,937,-3197,-405,450,3081,1244,-3559,-8338,1947,3118,1496,1534,3437,-10138,1426,9019,32261,2842,3297,-11015,2700,7081,33143,1033,2614,3413,-309,2154,212,3713,-1041,1386,-7302,3651,3868,4294,7709,7862,23325,326,3466,7862,24217
6/23/2023,3930,6245,3334,305,3591,5508,2731,4052,3761,1205,7273,8180,1935,6528,5178,1715,3863,4102,1186,4143,2400,3622,10989,-1655,1426,4632,3144,4635,10419,-2627,1260,6643,6969,638,3591,4556,1386,2999,5120,2021,6047,5481,1935,6873,11198,1930,2947,-1090,1311,4635,-1358,3915,4958,-42555,1086,4635,612,4360,4754,-43372,3262,6962,-549,849,3067,8107,695,849,5695,6167,7909,3116,4298,-811,2321,-3485,4704,15500,2321,-3880
6/26/2023,1018,-685,16,1853,-1280,-5265,944,-369,-5486,-935,-1915,-3508,470,-3700,-5495,-1365,-3290,-4402,-1025,-1640,-7850,4051,1531,-2466,-550,-2325,-4280,-275,2138,-7230,1018,355,-4348,2233,-1280,-2440,2290,1240,-4135,748,-2380,-4505,470,-180,-11952,590,1461,-6000,120,1136,-9269,3568,4844,14859,530,706,-7754,4258,6201,13557,140,-37,3,1338,290,-2800,818,1338,-3240,-4992,437,-2107,-1988,-7290,7149,-6880,-6190,-893,7104,2125
6/27/2023,982,-883,984,2408,-923,0,1184,2071,-1516,840,-1080,-527,-785,-4197,-6551,-870,-1652,-3585,-808,-1929,-6700,2345,-2199,-419,-465,-1040,-2127,3320,1194,7192,1355,172,-723,2855,-923,-374,2910,1002,-56,1925,237,-696,-685,-3047,-6971,-730,-2337,-2121,1808,-704,-7157,1412,-4218,10247,235,-1029,-6771,3320,-4749,13405,553,-846,-103,-223,943,-5202,-187,-193,-3796,-8197,-3236,-3762,-1576,-7277,9599,-1700,-677,-2030,9599,-1293
6/28/2023,3309,4325,298,295,1170,2031,2056,6388,1241,3450,505,2176,1460,5703,19007,3705,2910,16580,2568,657,14242,-964,-4380,2400,1485,2259,4163,-941,-2209,-4318,3640,1600,298,1370,1170,2047,-70,3273,347,1840,1545,-55,1460,4905,20698,3705,2910,17089,1763,4966,14103,3822,2064,-18382,1665,4061,11749,1985,-2592,-22820,991,-40,-1235,2364,3076,189,-1790,-114,12625,22368,9814,17968,11875,13782,-5503,-410,1066,5386,-5503,-5753
6/29/2023,2771,-228,-409,-173,-1480,-1940,51,599,-409,2791,351,-3860,3605,1649,7146,1801,6499,4918,4392,-22,11069,5795,4794,-2797,4315,-721,3414,4296,4540,-6895,2771,-268,-6332,-265,-1480,-8570,-250,-35,-9085,2466,-1348,-6895,3605,1649,21069,1911,7499,16318,4392,2954,20291,5795,5358,-9767,4315,2804,21054,4296,5407,-11908,1114,-1864,-795,-2562,1066,-3997,-805,-2562,11100,19778,542,7229,8089,15029,-710,-6747,2582,2744,-710,-6356
6/30/2023,2495,11342,1973,2871,6438,4042,2767,5373,5219,2260,6758,4283,5620,10401,18075,2301,5800,8590,6233,6792,11906,7207,18362,-2070,6565,1812,-1985,6385,7105,-6442,2495,11342,9361,2871,6438,6563,2767,5373,8921,2060,5708,10791,5620,9340,27043,2831,7761,14102,6556,9500,24744,12855,36215,-10751,7540,9500,24744,12615,37430,-10367,2926,-1505,1378,-2340,3060,-831,880,-1101,13726,13454,5107,653,13011,6055,-5674,-5788,7124,-2514,-5674,-5528
7/3/2023,145,-1410,-456,-1255,-1615,-1968,-820,-1475,-1503,-405,-640,-1968,705,900,8310,310,-2245,-4054,-1330,-1980,-1028,-980,-4765,-1625,-85,140,3148,-915,-2355,-6044,-75,-2625,-2015,-855,-1615,-2015,-855,-1475,-2015,-1045,-2235,-2015,705,900,8310,310,-4755,-4075,-860,-3685,602,480,-13648,-32956,385,-3685,602,-1975,-15565,-32956,863,1083,-3600,-2365,-131,1034,-2815,-2365,5785,6400,-345,-6070,1172,-2745,-3280,-6105,2633,3172,-3280,-5920
7/4/2023,295,3030,5659,1953,3328,6975,2640,2231,6850,1565,193,8536,2210,1918,5745,815,3310,7357,1145,403,11838,3180,4439,1035,45,-445,2400,3795,3606,5227,295,3030,10356,3050,3200,10926,3050,3465,10926,160,2935,10926,2660,2248,5940,2120,3310,7357,1145,5493,11838,3475,9485,17431,-585,5493,11838,3815,9485,18005,-550,-896,-1530,-970,-550,-826,-1300,-910,4375,4920,1210,1050,2030,7930,-3850,-2740,1285,3540,-3850,-2740
7/5/2023,5251,4428,3644,4255,4758,-2272,2563,4949,1465,365,5755,-1891,9138,15498,20179,4150,14063,7252,7620,7055,6981,-420,200,850,7801,16296,824,-1160,210,-6564,5390,4578,9702,3878,4758,-2099,2253,4663,8134,2090,3913,5782,9138,18851,29124,5445,19041,12400,10111,17819,20591,6380,4650,-31020,7801,17454,22626,3480,4650,-31020,2512,-1097,2491,-3422,2144,-623,1805,-2963,20338,17158,15906,2450,17298,7578,-6065,-6835,9008,5391,-6065,-7125
7/6/2023,-320,181,-1775,-919,-131,7,-599,-769,-806,-850,259,1137,481,-4260,-6762,-1315,-3625,-6995,-1998,-1458,-8961,340,-5054,-2999,785,-1710,-2584,-2309,-4469,-3465,-320,649,-2503,-919,-131,-3332,-1690,-717,-2089,161,354,-336,656,-8100,-18598,-630,-1098,-9485,-4928,-4453,-17612,165,8658,-18546,890,-4603,-17515,125,9535,-17599,-1692,-1236,640,-7945,-1245,-1236,725,-4400,-4475,-8155,-3280,-6990,-6343,-8480,-6760,-5360,-6835,-1758,-6760,-5665
7/7/2023,2325,2595,781,2284,2335,5087,3960,1273,466,3505,5174,4188,1165,-1505,651,1645,-898,-4403,3537,-1932,-4276,295,-3064,-2584,550,1362,5424,1015,-1930,-3949,2325,3560,2758,3564,2335,6098,2989,2526,5341,2321,4379,12204,1230,-2108,1615,1645,-898,-419,6730,-3900,-5682,147,-8224,-22719,480,-4157,-5328,1125,-6523,-27364,4913,8688,285,7153,3678,5865,2010,3279,-2507,5484,-3456,-2693,-3350,-4231,-1500,-6887,-1062,6985,-1505,-7430
7/10/2023,1150,7147,4742,2877,6199,1987,1525,3009,-640,1540,3150,682,4187,8883,7496,2757,8447,9116,2844,11752,7205,-180,7294,-139,2867,6331,6701,-850,5449,-2315,1165,6694,5004,2877,6199,2262,2277,4128,1846,1091,4549,1845,4187,8883,9065,2757,8447,5981,2491,10401,6053,541,7814,-1329,2867,10266,8698,-310,9159,-3073,3922,68,5215,759,4832,-2579,3646,-76,3406,-1299,1533,-122,3029,-1107,2404,-3479,1082,110,2404,-4482
7/11/2023,695,1657,-4518,-1670,1289,-4791,-43,-288,-3593,-755,-236,-5840,-92,-784,-5291,-665,1976,-3048,-1816,-1878,-7904,2,2859,690,-335,79,-2643,172,1814,-3315,732,1739,-10088,-940,1289,-9525,-1040,-314,-10085,-780,854,-9830,35,-2261,-12995,-590,-36,-6801,-1715,-931,-13687,507,4126,3546,-335,-116,-12358,321,5589,5210,-1708,-6629,-1943,-5885,-333,-4844,-358,-5716,-1242,-5258,-1051,-5387,-2158,-4432,3517,-256,-3134,-4870,3517,5287
7/12/2023,575,-820,2741,405,-2294,514,687,473,-656,630,808,1247,899,2363,9043,1228,-1349,-1909,4088,-1711,-2270,-760,-6175,-1100,2040,1029,6103,687,-2032,-6295,575,-3817,-2263,-145,-2294,-3564,-1135,-1085,-3693,585,-4127,-3822,1634,3199,13849,455,-2282,-1316,3444,739,2195,383,-13102,-40175,1585,499,-1837,-813,-18170,-45091,1266,-5152,2311,-4901,1590,-407,3558,-4288,8321,27250,1176,1559,5834,10409,-5240,-5046,1450,6282,-5240,-4892
7/13/2023,-990,-2945,-1986,-255,-3740,-3009,-285,-1848,-4441,-985,-2463,-2929,-1650,-4455,-6975,-1500,-3910,-5629,-1997,-1985,-7644,371,7049,3139,-1480,-1685,-2113,1511,5607,6179,-990,-2525,-4327,-300,-3740,73,-285,-2540,-4577,-950,-3589,-5191,-1650,-11290,-25710,-2875,-6310,-8162,-2888,-6755,-21062,531,8264,55074,-1480,-6755,-21062,1561,8449,59023,-1957,645,-3493,1120,-2706,-1558,-2935,1120,-4283,-8366,-4448,-2705,-6492,-7493,7008,18345,-2789,-1808,7008,14480
7/14/2023,2010,-885,-587,1635,250,998,1535,-119,-2225,1870,-170,-1244,75,-4130,-5644,-1220,-3485,-6923,-1730,-1890,-8508,-1275,-2170,379,-970,-1580,-1173,1680,4125,-4691,2010,-885,-2091,1635,250,-2105,1535,-119,-1908,70,-925,-1373,75,-2055,-11207,-1755,-4475,-17570,-3815,-6405,-20915,5861,-5860,-21283,-1270,-6405,-20915,7590,-5915,-20310,-829,-720,2500,-1179,141,-1200,2620,-2769,-3603,-8348,-3540,-6795,-6152,-8042,-5427,-6663,-1147,78,-5427,5946
7/17/2023,-1490,-2601,1367,-655,-2560,2800,-1057,-3696,585,-610,-2500,2970,1720,-4062,-6970,1830,-83,9110,54,-1917,4128,1334,10975,1572,2226,-2105,-1815,2369,10590,21887,-1490,-2060,-346,-655,-2560,5482,-650,-3625,1230,-1515,-4020,-385,1720,-4533,-13315,1830,-83,10700,1137,3300,4941,1419,11649,68516,2384,1435,7272,2734,11807,69540,713,2583,850,6734,98,2530,-130,5548,-3875,-7470,2110,8483,4298,-827,10121,1059,-2372,-5100,10121,2471
7/18/2023,780,-1504,2134,1365,-163,2898,929,-1035,1828,1375,70,5198,-1505,-3860,-6995,-1480,-4000,-7000,-2000,-2000,-9000,970,-3014,-2995,-1250,-1810,-4565,-100,-4185,-7485,780,20,2681,1365,-163,3382,1365,-55,3595,1160,1037,4265,-1000,-8630,-14680,-2225,-6360,-10074,-2990,-8030,-13929,1375,-11949,-10580,-750,-9155,-12408,-100,-10080,-8144,353,728,-290,2554,957,1254,-285,4536,-3780,-7579,-4425,-6995,-5880,-8485,-6980,-6810,-6330,-5445,-6980,-6865
7/19/2023,840,1571,-1584,-560,2410,-4940,-1123,2192,-5455,-5,2989,-3885,1370,7229,-3181,1675,9024,-6825,-270,-975,4999,2056,10180,-2351,1185,6255,-721,4102,10197,-2925,840,2260,-5538,-1005,2410,-7075,-1005,2080,-4645,-15,2335,-2950,1370,8855,15691,1805,9024,36,-358,9170,3092,2773,9842,-30451,1185,8051,2676,4328,10404,-30094,-2267,-6925,-820,-7750,-2267,-4955,-820,-6925,8030,3619,9286,-3390,4783,-5835,-5515,-3374,6702,-1020,-5515,-579
7/20/2023,111,-1698,-4690,298,-1662,822,-218,-2091,-5107,-575,-310,7185,-1240,-4400,-6925,-865,-3815,-3640,-780,-1335,-8988,3040,6254,-1325,-770,-1950,-4665,4723,1840,31414,111,-180,3576,298,-1662,7682,326,-955,4325,915,715,3011,-1240,-7240,-14520,-575,-3945,-2952,1105,-4285,-4302,1261,8436,50266,-675,-6795,-5347,5073,8668,50463,-2824,-370,2405,9133,-3068,-5989,345,8470,-4480,-8799,-4440,-6882,-6015,-8488,10505,37079,2355,-4335,10320,38289
7/21/2023,-369,-2950,-2345,245,-3142,-591,-523,-1424,-2095,-330,-250,-2533,-730,-1086,-4077,308,-3293,-2290,1261,-1860,-4187,1023,-56,3606,-67,-1399,-4565,2608,-713,3536,45,-1935,-3744,245,-3142,-3428,228,-2725,-3712,485,-3070,-4769,-380,-730,-6139,558,-2934,6790,2886,-70,-1521,620,215,28983,58,-1715,-1232,2613,1503,30389,408,-5133,1017,-3700,-755,-4540,909,-1300,-407,-6050,-440,-3445,-604,2951,2544,12614,2330,-4240,2544,10392
7/24/2023,2523,-720,-1426,-800,-3240,285,1558,-107,-1694,-325,-1130,-4380,980,4840,5970,415,-1700,10538,2075,5682,7313,2005,-778,-1900,2276,1755,2440,1597,-1715,-7080,725,-4500,-9381,-1280,-2440,-12699,-270,-4216,-12304,-190,-5350,-14379,655,4173,17964,415,-2125,15026,2684,2711,13956,6091,3359,-11960,375,2416,15166,4712,1765,-11379,-1287,-4171,-2995,-3660,-1074,-2984,-1990,-3660,7854,10629,5005,1350,7157,259,-6925,-6300,88,4447,-6925,-7365
7/25/2023,2130,537,-885,1014,-1153,-4685,1309,-411,-846,-965,-320,526,402,1154,1278,1692,3676,6938,1238,2646,7939,1740,9143,-1577,821,2029,4098,2370,3206,-6547,2480,-663,-1768,1089,-1153,645,1309,-648,-880,1865,-1293,273,402,2465,8420,1692,4447,8477,2716,4239,9944,764,11783,30892,821,4239,9944,3205,12447,30892,-2045,-1903,-3075,-2460,-2579,-3646,-2380,-2530,2214,199,1309,5958,3223,6858,-2782,-6444,2257,6518,-2782,-5324
7/26/2023,1085,6250,15744,2039,7883,11749,2465,7686,18253,1155,5183,21282,865,5039,7251,1650,5205,7618,8243,2876,24495,2355,419,8378,1065,1590,670,2998,910,8339,1085,6223,23747,2760,7883,22667,2465,8678,25397,1255,4053,22128,865,6930,18352,1650,5205,8843,5925,6290,25838,5210,3484,-25170,1140,5950,26701,3538,509,-24015,6690,14603,6017,13852,6560,14603,6247,13852,3255,18643,16022,14308,7368,23160,9857,5429,742,-136,9857,15406
7/27/2023,2635,1384,-4158,3465,250,4622,2702,-1557,-4358,2250,1250,1336,45,-4460,-5010,1350,-3195,-6955,2462,-1395,-8856,5225,7409,-2955,1635,-1900,-2859,5790,6288,-7495,2635,2290,-4712,3465,250,615,3350,-105,-2965,2905,2325,-1890,45,-3390,-11727,1815,-210,-11665,2643,640,-3624,5145,3633,27329,1635,-1110,-4000,6340,6120,26075,-3784,-2071,1550,7467,-4455,1944,1225,7162,-4191,-7832,-4225,-5695,-6333,-8463,8519,-6765,870,-2854,8339,17105
7/28/2023,2250,10316,3743,697,7175,2331,3389,9622,4730,1125,4924,4225,3605,12746,10146,800,2951,7092,5611,5723,1503,2700,-5978,-1629,2677,5170,4867,2135,-3771,-4690,260,8419,5956,2232,7175,4584,2217,8318,3808,1925,5935,-3656,3605,13335,10936,945,7317,9906,4695,11574,555,5231,-1785,-10347,4005,11004,-309,3345,-4954,-11373,6748,4051,6633,653,6568,1873,7258,653,4527,13851,3770,9085,8029,9604,-6837,-5246,356,16785,-6837,-3393
7/31/2023,1035,-3825,2260,2875,-103,-510,1547,-1043,-228,-155,2075,-3775,5350,770,-4228,6890,10238,9279,7571,2103,7963,6121,20593,-850,6463,1208,-3112,7260,22991,-966,1035,-3500,-9295,2705,45,-7875,2020,-1290,-8120,320,-5525,-9770,5350,3660,3055,6890,10357,24342,7985,10692,19885,6586,20843,55065,5810,10880,19885,7260,20838,55777,-1970,-2422,-1990,-5270,-873,-4031,-873,-2127,-2983,-5459,9332,1162,1899,1660,20205,-5672,-788,-3010,20200,-7357
8/1/2023,4170,8068,3403,3447,7886,1196,1817,794,2454,4445,4655,-933,3145,11280,5154,3566,14188,6037,5739,5940,18894,4241,1232,-416,3525,9161,4691,5454,4145,-3875,4170,7960,5041,4265,8013,-665,2635,5855,1700,3500,7920,1700,3145,16850,16209,3566,14681,9839,7184,17205,24665,5591,2759,-16897,3525,17923,24210,5454,2817,-17304,2958,-4604,4865,-5457,2958,-2303,3951,-4752,8392,-2915,10891,2553,7780,5608,-1945,-5605,527,6329,-1945,-4931
8/2/2023,2900,7686,12208,2495,8422,6793,4161,5736,7480,4053,3872,9593,-1685,-4305,-6690,4878,4382,18619,4439,-1615,14010,7656,11345,-2791,-1315,1258,-4415,8427,-2846,-6350,3555,7535,12285,2495,8422,7502,4331,7402,8430,4183,8705,15756,995,1235,4643,5698,5965,23515,4687,1085,16907,7756,11284,35512,2820,270,16446,6625,13484,36336,1143,-2764,2022,-1996,1184,-2764,1437,-2051,-4155,-8605,8450,18556,14692,15091,11583,-6819,1420,-4085,12413,-5875
8/3/2023,1310,2631,12,3990,1954,1282,4881,3647,5462,585,-1209,238,760,5366,9604,3396,3177,-382,3715,7912,10726,7300,8,-2372,5435,6993,6677,9347,4856,-6007,1310,1890,3646,4240,1954,1926,5225,4218,8383,1950,-473,7104,760,5446,16122,3396,3323,-3018,3642,11707,12568,10747,6105,-21682,5435,11707,12191,11482,6105,-21663,-1667,1567,-2330,551,463,3211,-1606,717,5900,8764,6927,1981,9876,14651,-2849,-5507,4795,7026,-2849,-7121
8/4/2023,1145,2548,4394,1805,265,8139,2529,2235,6347,2535,1920,7465,1270,-1494,-2435,1460,-165,-164,2263,-1989,-8986,1355,-39,21418,1005,-1526,893,1823,427,30602,1145,3145,3031,2055,265,7449,2355,3395,4488,2065,2393,8409,1270,-340,-1573,1610,-165,-164,2645,629,-13662,1484,-1818,-3844,1005,976,-12571,4552,4025,-3772,4016,-2069,2987,7094,3450,-1419,3585,8199,-3490,-3060,-1870,-3666,-2319,-8413,8913,34220,-1586,2258,8548,29978
8/7/2023,-185,-1300,-1383,-44,-2188,-2108,-1804,-3048,-4233,-925,-765,868,-1140,-4013,-6790,-950,-1431,-6780,-1989,-1946,-8992,-1070,945,1490,-770,53,-2269,-1625,-1443,-3869,-185,-1061,1227,-44,-2188,-45,-2426,-3048,-2346,-1505,-4153,-1131,-1140,-12953,-26622,-1500,-6808,-12645,-5965,-12664,-22280,-1140,449,17204,-1895,-11058,-21390,-1725,1222,12328,-3751,81,-2060,-4577,-4429,-593,-1770,-4171,-4498,-8528,-3658,-6870,-6430,-7907,-5010,-6667,-1621,-1964,-5015,-6833
8/8/2023,920,3394,2132,2110,2125,630,590,4918,-782,889,1664,4413,-1611,-3885,-6976,-900,-3885,-5167,-1997,-1949,-8994,-1445,-5015,-2406,-347,-1925,880,-2495,-3723,-5687,920,3394,4194,2110,2125,3042,590,3107,3190,1323,2657,5492,-1645,-13090,-21413,-3115,-10785,-23025,-7385,-14565,-32308,-2200,-6959,-45262,-2126,-14570,-32308,-3070,-5980,-44666,2673,554,3303,4270,2531,2226,1173,2599,-3862,-8528,-2995,-6490,-6056,-6494,-4842,1256,482,1073,-4842,1162
8/9/2023,3501,9409,6850,4155,5278,10588,4274,5937,7756,3841,6083,11827,704,-2860,-1625,2869,3758,13563,4845,-211,10028,3390,8586,576,1230,-322,1738,5193,5621,9603,3501,9075,8286,4880,5278,11088,4900,7020,9835,4611,10866,9326,1779,6110,10520,2869,2889,17035,6319,6090,13051,3251,2281,17217,2873,5120,14210,5392,4019,17407,5562,10460,3623,13689,4968,11310,4443,11239,150,-6797,7774,17044,4936,2895,-614,1639,4051,3140,-614,87
8/10/2023,2215,1979,-3304,3813,1225,-1187,3460,-271,-67,2365,3865,-2843,1765,1321,-5515,2000,978,-6959,-1780,-1526,-7945,7432,17854,-2194,-1055,-2154,-4135,14419,16104,-6854,2215,1900,-3910,4118,1225,-1149,3970,1316,-107,2050,2050,-1919,1765,5593,984,2000,2890,1451,-1295,3755,-122,6201,23968,17552,10,2640,950,14564,24025,17363,725,-839,-1615,-822,-1056,-564,-2287,2333,823,-7320,1173,-6469,-5770,-7605,307,-6934,-1521,-3810,297,-7449
8/11/2023,3754,4628,1033,-27,3733,-3917,-204,698,528,2050,4076,-2869,3007,1634,9609,4459,9987,530,2394,4049,22075,3285,-179,-444,3430,2098,7883,2470,1832,-1480,3714,5088,-3997,170,3733,-10045,-425,-2180,-9285,2859,3658,-5190,3935,2381,22500,4780,9987,6437,3056,4586,25573,3285,-456,2622,3316,4181,26925,2470,115,3273,-786,-4793,-955,-3631,-2766,-2614,488,-4337,7008,17711,-270,-4136,7306,15193,-5030,-5748,2272,16695,-5030,-5878
8/14/2023,880,435,506,-854,642,1972,-1390,-495,1450,1630,1297,2022,-354,455,-4398,-1030,-1030,-4354,782,-541,-5754,-350,4344,-1370,-1468,-2040,-2639,-211,4059,-458,880,-360,-3248,-854,642,1496,-994,-719,535,1390,5010,2144,-168,328,-8017,392,-2146,2741,100,-9,-2592,-1584,7216,55926,-307,51,-2023,324,7744,59294,1106,-180,-94,2285,22,-180,1231,2710,-1616,-3444,-1696,-4201,-820,-1382,2594,2295,-1327,-4470,2594,4243
8/15/2023,195,-3152,3262,-150,-2015,-1038,-540,-1929,1830,-110,-1141,-2418,582,-623,-2177,1487,-1512,3158,-90,-1128,6574,1033,-31,-2605,397,-1519,1819,2762,353,3077,195,-3540,-4500,220,-2015,-7830,-540,-1929,-3316,-223,-3688,-5624,582,423,-3171,1487,-1332,5841,583,-58,9259,1233,-2913,61729,397,-118,10662,3130,-890,63191,2173,3200,395,-653,1766,5127,751,-5723,1487,4606,5331,11290,5048,22372,16170,7444,5577,3793,16165,13529
8/16/2023,1530,4113,-41,1071,3282,-4685,1534,3678,243,2160,3258,-5974,840,5084,-1725,-1090,282,-3063,2882,2310,-8870,-1100,-6010,1234,855,4036,-4655,415,-4480,-7365,1530,4643,-4760,2475,3282,-4325,2285,3572,-3395,1905,5545,-945,840,5581,6315,200,-340,2294,3478,4321,2679,1402,4771,16959,855,3676,2837,2785,5188,17576,2948,-2562,2277,2292,1028,-462,3682,2292,1169,6659,-4090,-5805,4662,6365,-2364,-6975,1808,-4285,-2369,-4036
8/17/2023,1288,-375,202,3072,-1255,2275,2589,-814,1721,1553,-777,-238,430,-1913,-4045,527,-1925,-789,117,-1935,-8984,4577,1992,5519,221,-1657,1558,5607,1475,12994,1288,65,544,3072,-1255,-883,2870,-454,720,1718,1241,3613,430,-1913,334,527,-1121,4195,3771,-1509,-4590,4577,1047,25673,642,-1984,-4353,4732,2501,25668,70,-3091,260,-873,-284,1746,530,-873,-3396,-4507,-3685,-5594,-2946,-6956,1909,8737,-773,-2409,1909,14698
8/18/2023,105,5041,13961,-410,3772,16126,5,6153,12990,550,3899,16146,3090,-2828,-1618,2945,6859,13691,1215,-1785,9240,3235,19880,-1425,3100,-2410,-2438,3575,20343,2014,105,5218,13954,-410,3772,16704,5,6093,13029,-945,3463,13393,3090,-980,-4637,2945,6859,19485,-579,2585,8756,3235,18076,69358,3100,2330,8910,3575,19880,71866,4799,9666,5503,14382,6687,8486,5391,13974,-1575,-95,6630,16192,3452,15030,21873,-2250,-2098,185,21283,5076
8/21/2023,860,11,-1773,1525,1050,5579,-1017,1301,-4459,1275,2101,5415,-1675,-3585,-5796,-1135,-3175,-6705,-1983,-1903,-8922,460,-439,5446,-1485,-1615,-2701,-1415,2503,8831,860,2575,294,995,1050,4912,200,2470,1721,205,1069,5752,-1345,-6410,-15450,-2875,-4750,-6695,-1802,-8270,-15383,-903,-6270,24784,-1620,-3988,-13694,-3040,-4105,26127,2151,5653,725,6304,723,4352,1640,6729,-4040,-7994,-3895,1192,-6439,-7264,9107,7440,-753,-2019,9107,13897
8/22/2023,1115,3331,-3860,2605,1324,-1786,2032,1216,-464,1200,2093,-1216,1910,10135,1068,4061,11440,13967,7993,12957,19061,7796,19470,-2656,3740,3440,-1143,8733,12773,-2376,1115,870,1031,2605,1324,-611,1504,-160,1326,1395,-235,658,1910,10474,11726,4061,11440,16590,6966,15137,21340,6059,22399,18070,3740,14367,21155,9068,22514,18438,1049,1331,-752,1170,1049,1331,-752,-2015,7889,7332,6534,3390,10588,12992,1135,-1975,-271,1114,1135,-7124
8/23/2023,2965,3548,7647,3829,3915,12659,3563,5729,10567,2970,5107,12861,967,-383,-645,2403,4846,14981,4034,-1155,17258,2313,8537,-2395,228,-1424,-4665,3286,6583,-3029,2965,4615,11163,3793,3915,14298,4231,6432,12283,3005,3659,12516,1042,2268,797,2403,4975,15772,4635,7707,13238,3836,12670,27137,-144,7307,12505,4726,14460,29537,2434,2088,150,3437,708,3285,430,3042,-18,1193,9235,10491,4406,9703,12373,-160,-2278,-1670,12373,-99
8/24/2023,690,2666,-2961,2462,388,2051,1431,630,-3643,2065,467,2976,-1605,-4350,-6400,180,-862,-6530,-770,-1960,-8993,4824,6325,-1730,-1020,-1317,-4325,6757,5348,32400,690,3570,-2627,2462,388,2051,1467,929,-1733,2400,1417,1343,-1305,-6865,-23191,655,-862,-10259,-770,-1070,-18242,4824,5716,41832,-5,-2275,-16097,6757,6373,41077,1907,-2568,440,2777,184,-1222,2235,3027,-4475,-8952,-1620,-6929,-6154,-8468,5078,34679,-6385,-3685,5068,30531
8/25/2023,185,1156,2553,1387,3218,2993,2506,3293,-476,1185,528,-60,1862,4192,7194,2115,5954,-3506,1957,9954,249,1315,3867,-1039,877,1780,-562,841,2269,-2469,185,2763,-2060,1387,3218,2351,1602,3957,3039,327,2211,-2399,1862,4257,7652,3977,5954,-5103,2071,7068,-6013,797,3483,-21075,1101,6121,-6158,101,4746,-19008,584,-2960,2957,4304,2900,165,2559,1633,5702,14591,1176,-180,5197,4677,2612,-916,2031,6139,2612,3466
8/28/2023,300,3831,3873,-970,1255,2416,-1005,3522,5506,-235,2747,2974,1585,4049,3954,1595,3426,1583,473,3059,-4589,513,-1289,-2700,1875,3953,2390,-915,-1829,-5869,530,3831,4467,-970,1255,1075,-1005,3522,2189,1020,4181,5315,1585,4378,8442,1960,4780,2030,2054,3576,-3323,-36,-3722,-29128,1875,3576,-3323,-1260,-4405,-33483,4601,6188,3301,4998,5662,7417,3301,4824,5694,4987,4259,4273,4519,-3636,-3798,3443,6076,5730,-3798,343
8/29/2023,198,2582,2265,897,-2010,4607,1220,1818,2177,600,-1440,2978,2630,-855,-455,3095,5990,8751,605,-1576,4233,1880,15294,542,1072,400,-1719,3693,14266,12618,495,3371,2985,897,-2010,4875,1141,1838,3826,565,1024,1495,2630,462,-1085,3095,6215,10461,1872,1060,15125,979,5408,70923,2695,160,14910,4463,5347,72328,-213,6649,-820,4803,-683,6533,-590,5712,-3975,-6358,1904,9078,2251,13381,8607,16960,-925,-335,8607,16155
8/30/2023,5070,958,-3815,-300,304,-4535,2735,-2204,-3815,-95,1400,-3493,2331,4765,16426,2578,17608,14233,3810,4168,15690,3855,2027,219,1722,3961,1721,4345,5267,80,5070,-300,-5871,1410,304,-4442,1410,-3225,-4878,2540,-1396,-3462,2331,5500,27689,2578,18055,15563,4948,2905,18566,3855,2647,-6917,1722,2770,19458,4345,3294,-5256,-1317,-4037,-3066,-4855,-2571,-2257,-2626,-4855,6772,16987,4498,5677,1726,8249,740,-873,5403,2414,740,-1921
8/31/2023,1755,3291,2180,2703,1043,-260,3857,1864,629,835,487,943,1018,4148,6249,1325,3820,709,8142,5465,-612,-930,-2881,97,1451,5073,8767,275,177,-2647,1755,1077,1497,2703,1043,-4076,2093,1305,-2328,1790,158,-4918,1128,8182,22115,1960,5326,5530,10803,6370,7681,3494,136,-48174,2722,6010,-2639,855,367,-48551,1876,677,-227,401,1825,2835,378,401,4879,13807,3779,2559,4521,3121,-1068,-4950,3692,1188,-1068,-3447
9/1/2023,739,2292,-101,335,4465,1628,1880,4769,3906,100,2379,233,1300,-287,-5397,743,2279,-6275,2026,5315,4543,2138,5098,-2558,6533,-227,-4300,1947,735,-6452,739,1635,115,335,4465,2211,2097,5031,5159,310,1160,-1510,1300,237,-3647,843,2653,-11718,937,4010,9088,3155,13912,-24072,6394,3805,-1671,4735,13887,-24072,2977,4977,7493,7240,3838,4288,4683,6630,1125,-5143,1524,-5216,1348,-3941,-2460,-5072,-1003,-4290,-2460,-5045
9/4/2023,105,1336,820,2025,2285,2145,2025,3075,820,605,1525,2263,2465,2536,2395,2750,3826,7111,4451,4783,9072,1890,5045,-335,1415,226,-262,2995,4188,6254,105,1620,2745,2025,2285,2745,2025,3075,2745,635,1560,2745,2465,2536,4506,2750,3826,7911,4541,5249,9072,654,14021,32739,2415,5249,9713,4225,14021,32739,-345,-3289,2000,-1330,-345,-2379,1090,-2250,1415,3386,-411,4121,745,2685,3245,6240,827,4910,3245,6240
9/5/2023,3554,2713,-1398,50,165,-3941,2373,3088,-1785,440,56,-6449,1401,4143,919,3489,5214,8083,5658,5608,11624,1750,26,-799,4565,2632,-602,5034,791,-3571,2240,-186,-4000,-265,165,-8657,375,905,-7287,1155,-2670,-7071,1401,5110,6372,3489,5214,10570,5998,6620,13312,4075,5063,-9563,4565,5154,9106,5239,4447,-14746,-309,-4814,-1949,-4857,-260,-2961,-1308,-4267,4452,4377,5579,11795,7266,5954,-1014,-2979,3469,-150,-1014,-4462
9/6/2023,385,1490,-1643,1743,961,-2501,2551,730,963,-565,1144,696,150,-3960,-6955,-1140,-931,-5630,113,-1090,-4159,-1131,-3981,-2350,182,131,-4730,-349,-3309,-4273,385,957,2774,1355,961,-469,1273,281,3367,445,-738,1848,150,-5990,-10416,353,-2800,433,109,1900,4381,837,692,16956,-385,1755,4858,1954,-134,18164,115,5181,194,5278,-826,1435,-782,5278,-2750,-6570,-1765,-6111,-4345,-5048,-4672,-5724,102,-4085,-4672,-7349
9/7/2023,-405,-629,446,-165,-25,1191,-325,-504,446,1285,-1040,7123,2735,5822,4232,3125,9929,11328,3025,5275,8750,820,14691,2757,1965,-1323,-1043,419,16864,567,-405,-225,5090,-165,-25,7368,-80,-24,5938,-375,-140,5814,2735,5822,-464,3125,9929,8637,-738,7448,3017,1485,13905,22968,2465,7859,1253,419,14932,23826,2307,5555,2547,7828,2712,5148,544,7312,-770,-5688,13871,8651,6389,-808,-3665,-5355,-3535,-3485,-3665,-3335
9/8/2023,-182,-3479,-1360,345,-2705,-5343,437,-4344,-181,-5,-1839,-2665,-630,-2949,-5053,450,1980,-6965,-1996,-1940,-4968,-505,-4836,-1875,-145,-2270,-3155,-1770,636,-5662,115,-3350,-3933,345,-2705,-2755,652,-4334,-2615,-55,-3735,-4645,-630,86,-11169,450,2025,-17015,-2401,-1735,-18936,274,-699,-65900,-145,-3180,-18936,-475,1146,-65900,-321,2095,-2092,-2650,-701,1890,-2400,-5067,-3722,-7945,-1617,-4288,-2842,-4587,-3154,-6976,1526,-4470,-1694,-7476
9/11/2023,-420,2866,1635,-1565,4954,-1525,-1660,-410,-3413,-255,-1765,-1168,-1895,-3988,-6996,-1235,-3535,-6996,-2000,-1088,-8996,-1345,-6477,-2890,-1360,-2085,-2226,-1500,-4495,-7474,-420,3925,-1977,-1660,5387,-1378,-1660,1988,-328,-565,5311,482,-1405,-4418,-15280,-1715,-5885,-19110,-3825,-2738,-18003,-1564,-10951,-28399,-1335,-3388,-18003,-1815,-9322,-26399,-1844,-5565,2788,-5999,1243,-4933,1410,-5999,-4175,-8975,-4000,-6530,-6267,-8492,-6975,-6980,-2666,-5325,-6975,-7480
9/12/2023,708,-1087,-3873,-342,282,-2742,-200,-937,-3263,-230,292,-6376,1090,-3534,-6998,954,-637,-6199,1480,-1858,-3996,1288,5115,4779,1475,-1904,-4585,1313,2365,18415,708,-1160,-5273,845,282,-5715,945,-845,-5904,1640,-437,-7505,1090,-3627,-5855,954,-637,507,1610,-953,-649,636,4421,31924,1475,-1498,610,1638,5562,35912,-2409,1169,-1795,1166,-2810,-3328,-1877,2590,-3752,-8069,1944,2520,-226,9046,3017,14306,-594,-2736,3017,16781
9/13/2023,4104,487,9509,858,1990,8114,1512,1176,3861,1100,860,7606,3065,3031,12733,2040,4557,5803,1287,6605,15753,2920,1915,1260,4337,12307,4644,3038,1652,-347,2625,309,3233,-312,1990,4395,1495,843,5220,1250,1735,3734,3155,4582,21648,2040,4557,6439,1287,7372,17989,4227,7089,-38772,4427,7564,19607,3038,2323,-38772,3509,6899,2872,11920,3984,6499,1947,11920,254,20273,3033,5752,5246,13433,-1661,-6258,1681,1372,-1661,-7271
9/14/2023,3558,4714,1915,2060,5253,-2014,1838,5243,6036,2945,4555,-3796,1930,6718,4807,2152,6746,3500,2950,-1485,5979,-1075,-168,-2985,1654,-2105,-1840,6770,-350,-7495,3380,3691,6599,4525,5253,-2612,4570,5446,5084,3147,4126,3253,1930,6718,9852,2152,7736,4959,3578,7287,11558,8725,15457,-3374,4285,7287,12644,10429,15985,-2281,1933,-1323,2633,-5094,2869,348,8658,-2767,5346,4324,8489,2551,7698,13961,-1718,-5149,-100,-1435,-1718,-3970
9/15/2023,1045,-828,-3409,-310,-545,-3399,-1409,-157,-5089,280,-1410,-3131,1102,-154,-4951,3015,3215,-4436,4456,2937,-6924,6835,1923,-2016,2131,317,-1640,8179,-2482,-5815,1045,-1863,-3032,-310,-545,-2866,-1185,-1237,-3311,300,-1328,-4728,1162,5425,-10870,3015,3245,-3207,4515,12822,-11516,6835,11521,756,3015,12212,-10296,9359,12916,-852,-3721,-2529,-3795,23,-3721,-2529,-3365,-454,-1010,-4439,-2215,10235,-1720,10573,-2584,-3869,-811,-3635,-2584,-6413
9/18/2023,85,-413,4168,-466,68,7094,391,101,3652,295,-1240,11178,3815,974,1574,2915,-3895,1648,1296,1875,1005,7,-6335,-2643,2891,3300,2434,-809,-4388,-6297,85,-413,10554,-466,68,11427,-1450,556,9650,149,-849,11450,3815,1431,17942,2915,-5180,3870,1323,-2673,2929,3857,-14865,-47233,2891,-2673,3734,-613,-14865,-47233,2866,14304,2975,11589,4918,12307,805,11704,1414,8724,-4396,-2555,-3853,611,-6921,-5990,6894,3666,-6921,-6258
9/19/2023,365,1010,-2081,729,1572,-2217,88,277,-2186,-60,1758,1130,1955,-4445,-2577,1825,1374,3528,1249,-947,-2258,2739,3418,-905,4505,728,1574,2571,8528,-2751,365,1254,-2070,729,1572,-3179,355,396,-4187,115,654,-2842,2275,1587,-1404,2478,3562,6880,1531,5919,-6763,986,13809,-20782,4650,5729,-7798,2676,15196,-30475,75,-2506,505,-4099,1997,-4006,639,-4089,-3451,-1163,4565,-3814,3673,-8496,-4835,-5303,3850,2202,-4835,-6065
9/20/2023,2058,-1766,-4797,-80,-1286,-5923,175,-763,-2272,2245,1231,-8922,-385,-4290,-5851,930,3519,31448,373,-1865,30992,7305,13027,20171,612,4210,-4660,8650,9615,24873,2390,-1594,6071,515,-1286,-8806,455,-2130,8700,2570,604,5603,25,16177,2135,1380,3519,31216,1680,5174,28312,6574,11062,44902,807,4949,30930,9060,12477,43132,-3806,11280,18,-736,-3946,-2026,-2985,-66,-4295,-8990,1285,10925,19504,6410,12957,32864,1075,-4465,12582,31707
9/21/2023,134,1120,-2364,585,436,-5874,1101,789,-466,510,545,-4509,725,988,-1605,676,-304,-881,2969,1707,-5040,2971,5347,10278,726,775,3522,4698,4318,13997,320,2357,-5124,897,436,-327,1280,928,-3157,630,1475,-2670,725,988,512,676,-304,4681,3133,1935,-2050,2971,3491,17294,726,1017,-2553,4698,4990,19120,-2794,-1861,695,-2460,-1638,-4032,190,409,931,-4967,-3550,-691,-1153,-2036,1171,20957,-106,423,1166,19219
9/22/2023,1205,5435,3594,3282,976,4355,5966,2940,2254,1385,2127,1922,1455,3832,164,2790,1862,-2360,2141,3003,-4712,-1430,2926,-2996,2151,623,3100,1300,-3815,-3884,1205,1185,-3545,2015,976,2085,2485,3208,-1970,1276,5936,-290,1455,3540,10656,2790,1725,3765,2191,4260,4102,2198,12058,-7626,1495,1305,4189,4745,9355,-6528,1088,1805,1964,-2980,2835,2811,1489,9796,4162,10482,6591,1549,2598,-763,-4565,-1390,4423,10842,-4565,-2315
9/25/2023,1110,2359,1389,1400,710,-1088,1644,1212,1375,1320,758,-569,-50,1395,295,730,2635,-2724,4444,-1017,1723,515,3680,1010,1438,-613,8544,1985,1361,-569,1110,5076,1551,1530,710,-2791,1640,2580,1015,1395,2729,1020,-50,2411,4154,730,2658,7154,4863,2572,10926,1707,624,20632,549,2527,12355,1965,2580,23597,3928,6444,3571,2660,2166,2131,3096,3110,876,4258,5912,624,-232,1913,2202,1196,1365,6842,2202,4457
9/26/2023,-1580,-4664,-4907,-1995,-1490,-4845,-878,-4429,-4373,-575,-2208,-7950,2314,275,-4021,1400,7283,-1969,2312,8012,-3613,3008,15974,-1401,1185,1929,-4645,4733,21576,10651,-1580,-1845,-7719,-1305,-1465,-10325,475,-2055,-5420,-2255,-2900,-12395,2520,3766,-1448,3600,7283,2461,1547,10878,5142,1048,21326,33436,1285,10428,5718,4113,22737,39293,-4000,-1060,-4347,-5181,-226,-2906,-3307,-7018,235,-1136,4468,-2193,6080,6775,17419,4159,-1842,-4325,17419,2875
9/27/2023,705,5315,3927,1180,2707,6699,2263,7624,9644,760,-255,10627,2955,6108,15423,3300,7789,17002,6072,2690,20438,3065,1546,132,4629,1764,3444,1790,1789,-5909,705,4097,7201,1430,2707,7218,1345,2077,2889,890,3442,1013,2955,8164,18349,3300,6239,17002,6131,8282,19284,2915,4455,27537,4790,8146,18355,1790,6171,27596,2453,8175,2130,3372,917,7175,2761,3698,8629,14212,2488,18434,6360,15670,7283,-571,2612,-57,7283,-2928
9/28/2023,755,17,-1731,789,-2244,-3861,1218,-929,-4243,138,-1240,-6249,800,6263,-4281,2565,5510,-705,2518,937,-4564,-70,4107,-1642,1543,-1655,-857,250,-2909,-5910,755,-864,-14063,789,-2244,-11956,769,-4290,-10277,30,-7585,-11840,1875,4826,5709,2565,5510,6652,1991,5270,1227,2444,2980,-11267,2480,5195,1438,1275,4107,-4406,2122,-3383,2648,-6017,-801,-3057,1948,-3449,3838,1380,6438,-4960,6528,-2409,5009,-5985,-2230,-291,5004,-6527
9/29/2023,405,747,-2849,-205,-110,-856,161,419,-2452,95,1404,-1171,1240,2079,-6816,1981,-155,-6935,-1965,-1990,-8985,6660,-2707,-2995,4670,3738,-1992,4140,4340,-5304,405,290,-844,80,-110,-425,663,867,-1495,-25,745,-2330,1240,1710,-3465,1981,5557,-2920,-295,235,-13478,4847,3522,-21590,4670,650,-8395,5471,4248,-21487,3048,-926,5191,1778,4173,1490,4140,841,-2035,-7895,3155,-6960,-6080,-8498,-5245,-4597,-1431,180,-5305,-2981
10/2/2023,610,3377,4760,1764,3559,8422,2110,2035,8891,870,2474,8376,1102,2622,-491,1501,882,-4349,2290,434,2202,-295,-3723,577,1139,7425,1767,-305,-549,-4467,610,3746,7753,1764,3559,9566,2171,2500,9699,2893,3686,6239,1102,4420,2478,1811,2358,-76,2400,5122,1979,-1000,-1865,6016,749,5390,5288,-749,-3748,6476,2759,8914,1694,7127,2516,10747,1003,10138,4750,1694,6882,7892,5433,-2833,379,141,816,2108,379,1502
10/3/2023,1367,1675,-4425,-335,519,-3303,-88,3543,-4425,1872,970,1728,-970,-4090,-5981,-580,10,8607,-458,-1887,-2257,6419,11003,-2731,655,-1800,-3920,6915,9662,1292,1367,2265,92,622,519,3846,1607,4668,3668,-1015,-1340,2350,-715,-2142,-4188,950,1285,10974,415,3780,9000,6004,10581,78002,655,3460,9084,7447,11194,81217,5351,2892,7086,148,4800,2421,8256,2037,-4470,-2862,562,8645,5962,13129,8730,-1009,1848,-3835,8730,4906
10/4/2023,600,1007,-1381,-290,506,1495,-1259,864,-2718,630,982,368,205,2870,-1079,455,1194,5017,3551,3347,4900,1535,3083,1254,1377,970,529,1789,-1275,4702,600,1780,-4447,-840,506,-303,-910,860,-1797,-920,-1220,2838,370,5021,708,455,1194,5297,3879,6370,2006,551,2345,22111,1542,6984,2200,2064,4518,24886,428,3,2095,-1303,476,2373,1666,-1195,2220,1651,335,7650,4287,773,3241,16044,-1450,3462,2946,8760
10/5/2023,1400,-23,1063,1571,1638,2801,1762,1571,2204,155,1034,3219,72,-2678,-4619,800,-1765,-6174,302,2727,-5780,1865,-4261,-937,2322,3784,4415,-1370,-1695,-5765,1400,-355,1063,1571,1638,2902,1855,1997,2204,915,316,-931,1990,861,-3893,960,1225,-12420,-414,2502,-4823,2418,-7549,-49398,2635,6377,-6817,-2730,-8340,-49707,112,6147,1905,6316,2980,4866,685,7276,-2483,-1707,-2435,-301,170,-5267,-6011,-5313,2450,7220,-6011,-5384
10/6/2023,1795,3153,1026,2683,1084,6004,1558,3208,1032,2015,917,7504,-965,-2581,-7000,-1340,-3445,-6250,-1540,-1160,-7305,3465,4277,-2320,-1385,-2275,-4705,4612,3984,-4184,1795,3888,1232,2683,1084,6980,2875,4260,2522,2808,1786,8580,-240,-6910,-13560,-715,-2035,-4540,290,-3450,-3824,3118,4360,36460,480,-4050,-3665,4612,5014,40027,3256,2987,2121,7678,3192,2658,985,5745,-3890,-7490,-4455,-5750,-6486,-8302,7444,244,-6750,-3955,7319,-1844
10/9/2023,-1042,1309,-1826,361,2135,-5018,-1037,-4358,-5496,-690,3813,-300,3170,5863,-2200,2890,2229,412,2406,-1338,-2391,2130,16497,2533,1144,3429,-2208,3150,15785,7918,-545,2770,-41,300,2135,1489,-340,-248,-680,-1090,-453,-2630,3170,5863,616,2890,2229,2210,3304,7539,701,1054,15604,21966,2300,5293,2090,3385,16497,21966,846,-3571,4495,-2015,-1953,-5726,2623,-2015,-932,-5774,-1534,-1135,-229,-2009,12300,10241,-567,-1673,12290,5176
10/10/2023,1340,4520,2748,902,2241,-727,3205,6268,2095,1271,2595,1276,1675,1013,-99,1665,-315,2656,2605,3534,3593,310,-5407,-2958,1835,1685,7995,1275,-608,-3862,1340,3157,1911,902,2241,-228,2644,4799,1813,3516,4284,3702,1675,1503,2480,1665,-315,2988,1954,-121,4138,885,-5812,-19533,1885,1255,2385,-1030,-7902,-26343,2272,312,147,-3933,5534,-130,2162,-3462,1141,1718,1956,4980,3907,3591,-5610,-6052,1016,7925,-5610,-6102
10/11/2023,480,212,3129,1003,528,4203,776,1709,2050,1230,654,1431,265,-217,-2787,698,445,-3848,1624,-667,-3542,462,1744,2173,3941,1476,2745,-626,1939,-3343,480,631,3423,1003,528,1715,370,529,1663,-555,-216,3199,265,110,-2187,873,-320,-829,1624,-337,-8135,-671,-418,-25477,3436,-562,-8770,346,1744,-31853,221,1884,1270,8084,1197,428,1575,5876,-1625,-2740,2022,609,-543,-5017,4689,1490,3388,2202,4684,4287
10/12/2023,1005,3953,-4998,1270,4946,-3095,1177,5250,-5478,455,1465,-3042,2045,7655,1941,545,3500,-4955,3138,3879,-7357,345,-3823,-2940,1645,4320,4115,-1760,-4485,-6350,1005,5109,3137,1270,4946,6188,1715,4983,4638,1365,4569,953,2045,7845,6203,620,1930,-2795,3853,1644,-5298,-498,-12654,-39525,1645,1330,-6660,-2246,-11262,-35795,2838,1723,5605,7253,3490,2031,2344,7566,4785,5543,460,-2553,2949,-4487,-5616,-5897,4365,2903,-5616,-6903
10/13/2023,1659,-284,1380,1830,-342,164,-936,-1981,-823,-565,-394,-1981,205,495,-2842,-990,-3135,-6070,1496,-1580,-624,4606,9036,-2975,-315,-2090,-2272,2786,8477,3415,610,-358,-2384,1830,-342,-1564,1755,1102,-1055,335,-408,-514,2030,2818,6213,940,505,6680,1610,3536,12840,4747,11132,37397,900,2620,9315,6113,13150,39523,663,-6349,1507,-6688,-362,-3959,1507,-6943,1316,6598,838,-5755,10389,-2225,16675,-6345,-1169,-3920,16675,-4983
10/16/2023,-530,4406,9846,3789,1560,372,2830,5577,9973,649,540,2141,1070,7800,5373,1522,12723,11217,3315,8016,15507,1795,24569,-595,1515,3544,-4660,3230,28863,3894,-530,5791,7885,3789,1560,506,3013,6541,8685,149,3669,5749,1070,7494,10827,1522,12723,13929,4129,15346,15742,1795,33305,42854,1515,14544,15368,3252,34788,45074,-2658,3078,-3465,-2351,-2322,3078,-2700,-2296,11845,7341,6944,6964,11332,6902,11704,2762,746,-2655,11704,13785
10/17/2023,1110,3442,2366,370,-100,-4205,1816,562,271,1125,1866,6604,275,1720,2682,-1220,-1689,-3813,-1155,-1800,-5430,-235,-4185,-2990,-773,492,1284,-1229,-707,-6155,1110,1819,2985,71,-100,3746,1156,1418,4706,982,730,-160,275,2464,4749,-197,-5190,-12800,-1508,-3423,-16782,-715,-17881,-71128,-957,-3423,-19247,-3300,-20288,-76980,-672,5419,2342,7175,-736,-646,456,942,3097,5700,-2278,-5920,-1278,-7356,-6895,-6805,-1601,674,-6895,-6805
10/18/2023,2475,1824,6737,2722,1526,7202,2165,1610,9120,3235,3137,6874,1710,-203,1167,1527,-382,2104,2806,7737,12503,1787,15344,38733,1655,568,2367,2650,13800,35045,2475,3045,7025,3211,1526,6844,2461,1703,9686,3593,5178,7663,1710,-203,2227,1527,-382,1436,1185,7468,13461,1787,13212,50646,1655,6971,11194,2650,13609,50089,1929,4983,2323,8899,2209,5658,5252,8919,1045,137,443,-997,8425,8250,19395,47233,1077,-3144,19385,51051
10/19/2023,2145,6220,5363,3953,5628,4619,3067,4542,4067,1510,3369,11814,2325,3240,1329,2865,6988,13440,3965,7922,14217,3215,24057,34179,2715,3574,5300,3755,20737,47668,2145,6347,5234,4343,5628,11999,3366,7574,4529,2600,4654,3273,2325,3610,6365,2865,6988,13399,6322,10008,15809,3582,23618,54417,3015,8988,18196,3920,24487,55104,3252,3223,3874,21051,1937,5159,3503,16718,5458,2240,6259,12173,14448,11489,21344,39534,8635,4176,21329,40370
10/20/2023,2400,-2036,3686,3092,466,8536,2200,-999,5164,1830,-205,10117,-104,2109,25,1614,-1487,10288,3179,-1700,3092,5530,8075,-1640,-897,2893,-1259,6716,5334,12197,2400,-520,6461,3184,466,11878,3374,343,6719,1837,-109,7078,1050,2118,2236,2159,-1299,13179,5213,2085,7966,4863,9316,63240,369,3020,8317,6806,9598,61562,5107,5927,6446,8805,4656,7509,6311,13239,2295,-3332,2095,16016,79,5010,13438,17525,239,-891,13213,23250
10/23/2023,1940,6470,9033,3715,4700,13292,2346,6510,8511,-285,4283,17184,565,-1575,-6900,600,1725,-598,3650,-1140,-260,3358,615,-2370,1395,508,-4700,4250,3191,2393,1940,6198,15098,4284,4700,22326,4953,6238,16320,4943,10865,25298,565,-5295,-13237,820,-680,-4585,3015,-1750,-6215,2062,1517,-161,1395,-545,-5908,4476,3596,3248,8495,13510,5222,20242,8289,14641,4904,20867,-2455,-7612,975,452,-513,-5144,9258,-821,734,-5235,9253,1106
10/24/2023,1465,468,3126,1055,1126,7084,213,-190,4442,1185,2865,7173,-8,-845,-2385,312,-1602,1673,2238,8550,-278,1295,7064,-2514,700,-1178,5520,3079,4258,-1947,1465,1716,4128,1055,1126,8289,1050,1416,6695,770,1240,5294,760,-70,-470,-35,-1655,-1257,263,1015,-6406,-537,1730,-14579,575,1015,-5818,-2175,-2983,-13234,560,3221,552,10516,1655,3746,1717,10516,-4320,-1858,-387,3414,-2794,-191,11901,2309,-182,4317,11901,4081
10/25/2023,678,-3764,-4986,-115,-3330,-2636,-910,-4319,-5247,-685,-1919,-2937,-1635,-3955,-5580,4045,1599,-6986,-279,-2000,-8983,6855,8593,2753,3093,-344,-2299,7668,2882,20529,1145,-2700,-4645,-115,-3330,-1487,-162,-3030,-4902,145,-3800,-6303,-870,-2745,-14329,4045,2525,-682,753,2120,-10004,6855,11131,37607,3515,3185,-11259,7668,12889,37286,-1859,-6967,-2795,-4759,-2674,-5840,-1405,-5285,-4160,-8920,-1937,-4708,3610,-8238,15544,10103,-1852,-1737,15544,10968
10/26/2023,1262,2606,-3055,2608,2201,-2029,1322,1831,-1387,-560,2215,2528,2208,9250,20124,1533,4697,18111,3083,8052,26121,6835,1581,-2846,2928,3626,3660,7606,696,5087,1400,1426,742,2414,2201,167,624,1489,-1842,403,-4700,437,2208,9250,28389,1533,4818,18511,4056,7511,27639,7698,2225,-3274,2928,6389,23856,7606,-89,-3346,2537,263,1221,1870,1656,520,4007,4825,10614,32016,9189,21519,12129,31375,6497,-2881,6239,17329,6492,-1244
10/27/2023,-85,1257,3321,515,2150,6146,936,1127,1419,-870,1635,4272,1120,5001,-2581,510,2225,-7000,-819,-1908,-4118,-495,-5504,-2050,2370,-1326,8697,-650,-435,-5614,-85,2105,-535,515,2150,3415,1369,1157,347,55,1647,574,1120,5223,1018,510,6560,4703,476,15406,8170,6735,6761,-6654,2370,15120,7307,2775,5815,-7168,20,90,1590,2026,20,600,829,2219,-3210,-4190,125,-6958,-6492,-5271,-2198,-5629,7983,713,-2198,-6371
10/30/2023,170,7445,4349,1209,5909,5101,-441,3164,-2336,285,6693,2345,940,7254,12561,780,3433,3759,183,6295,6742,-1090,-1408,-607,1071,3800,9197,-2211,388,-3197,405,6564,4278,440,6436,2946,-450,3611,2973,-55,3788,4673,940,7924,15204,1021,4891,2358,1603,6215,11530,-1159,6027,-35798,1071,5270,13071,-2641,7049,-33663,5510,-2872,2326,-4970,699,-1655,6355,626,11226,12114,7432,8201,10295,2312,-4745,-5103,7365,9338,-4750,-5539
10/31/2023,-2072,-3927,-4999,-1985,-4094,-5995,-2090,-4413,-5150,-895,-1450,-7253,1400,764,-6008,3398,1905,-4199,-1553,-1690,-8181,-310,2490,-2975,2333,761,-2966,50,9325,-3841,-1885,-4312,-13824,-4480,-4072,-11875,-4480,-6115,-12810,-3650,-7030,-13230,1400,1087,-12676,3398,1905,-3929,-1447,-137,-8105,-712,854,-6491,2520,-332,-7097,50,2490,-4535,-3959,-7481,-3957,-7980,-4415,-5690,-3032,-7230,-3430,-8026,1194,-4265,-5165,-8357,-4121,-5265,-2362,-5485,-4121,3311
11/1/2023,592,1375,15860,285,683,-5424,285,403,-3221,175,8766,-5424,555,-65,9812,750,2527,-3964,-40,1886,-4162,1230,4000,5807,975,925,-3062,2415,699,4533,840,1375,-4071,285,683,-5424,285,403,8475,880,-165,-4978,555,1207,-2562,750,2527,-2224,538,3820,-7661,-133,4619,24560,975,3735,-7574,2415,5895,23839,1332,2603,1145,3641,1446,1693,260,2144,-2028,14574,1120,43,-275,-3213,11658,16257,-1325,-5395,11273,9892
11/2/2023,-1681,-451,-3852,-1425,4,-2152,-694,-1344,-2095,-565,-258,-981,270,-189,-5634,955,2826,-418,-335,-944,-3206,525,6686,2835,-435,1497,2457,360,643,2152,-435,-549,-1190,-1115,4,1667,-465,-1779,-303,-1230,-998,-776,1465,3456,-4503,1655,3221,7436,1486,3022,-1170,525,7490,33941,1490,3022,-2556,360,7490,34214,-2067,-5580,-865,-5526,-2147,-5150,-945,-4150,-3754,-6534,-1127,1062,112,9393,-3936,3997,-2019,928,-3936,4152
11/3/2023,534,2799,2656,1359,2935,297,1359,1743,1252,-20,795,332,1685,725,-1013,1315,1484,-2062,3903,-135,3444,1265,1629,-1044,3875,-834,-218,6520,-2980,-5994,534,925,1575,1609,2935,853,1912,1521,1249,1869,85,562,1685,2649,7846,1315,1484,-2427,5261,5314,15739,5706,-13,5947,3875,5054,15739,6455,467,6165,1445,2011,920,1590,2769,4052,185,1292,-2255,-5450,925,58,6238,1585,-3802,-5039,-1936,-5260,-3802,-6379
11/6/2023,-75,3981,3470,265,3302,3898,265,2226,341,-250,2483,3368,1010,12021,15658,1915,7928,12984,7444,7063,20521,1114,6270,2212,2339,5034,9022,3479,7180,-195,-75,4283,1714,265,3302,4295,265,2226,2428,1180,4531,2264,1010,16689,27606,1915,7812,17539,6913,14664,16344,-2433,1317,-8859,2339,9356,19158,1210,1885,-8859,4022,6133,2444,3450,4084,5853,780,3450,3807,7643,628,3852,5884,5517,1642,-3290,3395,4698,1642,-3525
11/7/2023,2790,3322,763,1612,2807,-817,1652,4101,1629,2395,3847,-992,581,2708,7567,1195,1135,-1548,4564,5031,10096,4225,-1302,155,3150,1365,-4630,6637,1253,-3902,2790,2377,-144,1020,2807,-1711,1025,3298,-306,1190,2172,-92,1250,2125,23661,1395,920,6445,5044,7653,14287,6568,2814,-5443,3150,7653,14378,7049,2489,-5021,284,-3540,-311,-3668,-561,-2785,2810,-2561,3287,9952,1843,-1010,8342,3027,-2872,-4911,2958,-2329,-2872,-2738
11/8/2023,1819,1650,349,1770,1163,2916,849,2965,4815,1314,863,3269,1937,1387,7953,945,-865,5834,1855,3002,9311,940,-6485,-1804,752,759,7654,-665,-3479,-5033,1819,1650,4517,1770,1163,3449,849,2965,5027,745,2093,4189,1760,-1135,20373,1639,0,10322,920,-2943,14093,847,-8398,-24936,480,-3063,13598,-4370,-11775,-31139,992,6715,709,2511,-1216,5771,7,3411,8418,7475,8103,6405,13677,9884,85,-3405,3750,7564,85,-5928
11/9/2023,2120,6227,-1564,2630,4940,3584,1982,4674,766,2295,4720,2822,-520,-3469,-6555,1385,-300,-6984,196,-1126,-7997,5425,14159,-2990,755,-663,236,9486,12949,-7500,2120,6227,2406,3385,4940,4872,2645,6220,3027,2940,4792,3509,-380,-3164,-10798,1385,5,-7130,499,-1816,-7221,5063,18580,9464,755,-986,-6271,9676,18899,2083,3973,5672,2080,9533,3855,2680,3320,10038,-4122,-7552,-4475,-6615,-4730,-5838,9866,24806,1270,2306,9866,21321
11/10/2023,810,210,-3608,1225,1060,-241,384,72,-4154,10,-160,1451,-1610,-4085,-6125,-1335,-1022,-1590,-1954,-1753,-7706,1920,8185,13080,520,-1555,-960,3835,7452,24406,810,825,4650,1225,1060,6265,1340,700,5377,1460,5200,5912,-2030,-12160,-21615,-1565,-1477,-1616,-855,-6650,-8186,1247,8502,52551,-1025,-6109,-7892,3835,8185,53554,-678,-2533,949,4089,1228,-3015,194,2123,-4175,-8575,-1910,2308,-3722,-3039,9908,29288,-2247,-280,9908,29590
11/13/2023,2089,4113,733,849,2326,638,4271,3628,956,2955,1176,4840,1315,3266,4969,1280,-860,-1180,-65,-1820,-755,330,-6005,-3000,1218,-255,-2206,-405,-3670,-6555,725,2981,5245,2026,2326,5447,2896,3366,5245,2766,2827,3517,1490,3039,8156,1011,-1260,687,1199,-662,851,2774,-6014,-37594,1185,-1347,-2487,441,-11497,-42970,2364,3337,-420,2685,598,3767,-1055,2685,5985,6427,-569,-6350,1590,-3723,-5870,-6195,2657,-1568,-5870,-6965
11/14/2023,180,2304,5642,5,1887,-398,30,3120,5419,50,-289,4780,2425,12231,51776,6090,7277,24788,7233,10052,33939,1935,4021,2655,3065,7108,12028,3120,7157,1037,180,395,7257,5,1887,4377,30,2090,7211,-275,330,6204,2425,12259,60142,6090,7747,39788,8266,15946,66730,1500,15750,24896,2895,14522,66290,7998,12556,24896,3748,802,7178,2546,3096,802,7188,-2428,19850,48466,13077,21025,17402,22200,-625,-4796,14371,7641,-625,-2912
11/15/2023,1192,-2998,940,395,-916,-1943,1419,601,586,1768,1208,-3642,2040,1689,-4616,1150,-78,6224,1363,460,593,1017,5968,2807,2365,334,-3139,1333,6386,12578,1192,-2755,-3077,1423,-916,-3150,1430,-963,-1861,1052,-5021,-6954,2040,1689,-8394,1150,448,9486,1933,6784,8836,1067,10765,39485,2365,7832,8768,1618,12356,39165,2466,3690,1593,-448,2466,909,2403,-618,3687,-1554,6270,6789,13847,24828,24870,1662,3509,-1235,24870,13642
11/16/2023,353,4572,822,-145,2192,-985,312,4154,-191,-590,95,-1704,1712,6373,12243,2870,6590,10132,2516,5365,12083,-135,5838,2821,3160,810,4131,-1405,5814,1678,545,3297,-1624,-145,2192,-1640,490,2282,-1836,240,2165,302,1712,6799,18814,2945,6590,10856,2591,5272,19209,2337,10133,5530,3160,4588,18093,-45,11795,4394,3720,-1987,2514,-363,3720,-549,3138,-183,791,8011,1050,5879,4596,9510,-4652,-1031,959,2007,-4652,-2678
11/17/2023,1141,3810,1687,2227,5219,-251,825,4324,1687,846,3049,-861,1650,6091,-2272,2515,4521,-1692,3220,2639,-1880,1620,-1522,-2590,1280,774,-2117,2591,91,-5569,1141,5689,5359,2227,5219,-1892,825,4250,5700,201,5639,4665,1530,8447,21650,2580,1967,6500,1825,7789,11471,1755,-879,-42699,1360,7784,11116,2591,-1377,-48746,2490,667,7030,-1965,1930,522,7030,-1865,2352,-1954,3675,-1454,733,-2648,-5274,-6235,3020,-5400,-4544,-7385
11/20/2023,360,757,273,-315,375,1000,-290,-1152,-937,15,-2495,-2810,2660,-4170,-6325,2270,5475,-1671,2085,-2000,-4961,2845,5077,-1151,4295,-1825,-1367,3310,953,5712,360,2205,-897,-65,1620,-1980,-290,296,-1075,95,2235,-5929,2660,-4305,-9545,2390,5475,-2044,2286,2740,1836,4710,23792,37114,4203,2510,1045,3750,24825,38340,1207,486,-3646,421,448,-779,-2496,421,-4362,-8180,3440,-356,-1976,932,4476,-2648,-1854,-1615,4476,6276
11/21/2023,-819,-370,1548,-245,1689,965,-920,822,829,-475,592,3657,5095,5569,-3876,3283,4046,-2624,-1173,1717,1256,2470,-1571,3503,-180,-196,-1455,2245,5567,2922,-1450,-370,8347,-275,1689,6755,-920,862,7128,-567,355,8235,5095,6648,-2310,3579,8608,-5580,-3505,5471,1394,2776,4818,-24498,-234,5011,3838,2345,1191,-25825,-1499,-591,-1253,-921,-609,-3138,-2368,-842,6872,-6218,7696,-2827,-1629,-7286,-1351,-4027,-872,-1873,-1351,-2602
11/22/2023,-235,1,824,450,1230,-2719,725,-395,933,-575,3340,-2963,2680,2239,9553,1840,-1666,3700,554,-910,-915,9972,-3885,-2085,2060,237,-740,8415,-245,-6894,-235,175,-2897,175,1230,-4772,380,535,-5162,-20,175,-5675,2680,4099,8991,2110,-1527,-1470,-305,1569,-5598,11845,-5984,-50089,2215,890,-8323,9040,-5825,-50179,5633,128,6059,-3479,4350,-117,4439,-2194,1001,15273,4176,4482,-1996,2685,-1905,-4098,645,-809,-1905,-3060
11/23/2023,390,3060,4990,2285,3060,4905,2285,3060,4990,530,3720,4985,-475,5575,6010,255,6195,8510,4120,7375,12900,785,6540,3130,-360,2055,2000,270,4860,6595,390,3060,4985,2285,3060,4985,2285,3060,4985,355,3060,4985,-350,6390,7430,255,6195,8590,4120,10975,13655,365,10790,17830,0,10975,13655,270,10790,17830,918,-254,-1015,-1810,918,-254,-355,-1810,4570,4680,-650,-895,-510,-274,-6820,-6795,210,1330,-6820,-6795
11/24/2023,800,4254,5429,2815,4525,5900,2815,4751,5429,775,4370,5924,145,5780,8505,1685,4049,7680,5440,4266,12305,4790,9356,2049,3335,2150,1764,4960,6951,3970,800,4254,6395,2815,4525,6395,2815,4751,6395,1350,5096,6395,145,9780,12025,1935,5980,13950,7255,14465,19070,5445,17227,27590,5335,14465,19070,6890,17227,27590,493,-2848,-1100,-2780,493,-2848,-1100,-2780,3735,1835,-1260,-2515,1635,-2050,-4170,-260,0,-1015,-4170,280
11/27/2023,2705,2175,2135,2417,218,1158,3097,2237,4215,1685,-57,1284,320,2040,578,2011,952,1579,226,2237,-1040,2085,3030,-33,2050,6137,3866,5000,2123,-6573,1115,2175,1777,1540,218,-2792,690,2318,1777,665,-1063,-627,425,659,7735,2011,2142,2951,226,1152,-3416,3783,3110,-27066,1595,2775,-2315,5000,2910,-27066,1154,2456,2089,2388,1154,2153,2089,2388,-203,746,1044,-3372,233,-4981,-6541,-4696,6388,6158,-6541,-6766
11/28/2023,-35,-1457,6405,-190,-650,2521,238,-788,2755,260,1696,611,809,1083,-3986,850,2215,-5920,1315,-279,377,935,-721,-2225,1136,-1042,-2953,2295,-396,-6525,-35,-275,3191,-190,-650,853,5,-705,2551,1093,-392,3168,849,2576,4534,430,2906,1850,1615,1196,6760,1570,-394,-2062,915,746,7725,1020,-1065,3236,3257,5246,1405,982,1222,3338,2300,982,-1866,-1918,-1808,-2645,-1570,-99,-4528,-4720,1758,-3900,-4528,-2575
11/29/2023,1203,-2845,-2469,-193,-2720,-2241,-848,-2467,-1659,-565,-555,-5780,-250,-4160,-6986,210,-2630,-6913,-495,-1750,-8960,3571,6244,-2990,5,-2050,-4765,5752,6256,7073,1378,-2175,-10867,-193,-2720,-7625,-333,-1428,-8015,-268,-4295,-9620,-250,-7574,-19539,465,-4240,-13129,-708,-5555,-11690,3073,5712,43750,681,-4775,-12911,4961,7508,46245,-2291,-2560,-2140,-2436,-2291,-1117,-117,506,-4381,-9000,-4340,-6015,-4235,-7805,5061,12671,-6715,-4120,5061,13708
11/30/2023,1300,487,2187,2376,5057,-207,1191,3016,-762,900,3792,2862,2275,13454,9260,3430,12258,10191,14414,5875,9929,4848,6537,5609,4959,4396,8256,5992,4583,6107,1300,9996,120,1762,5057,-2504,-618,9934,-4267,160,3103,1173,2275,12198,8278,3430,12258,6888,10589,13434,-7021,5169,763,-35427,4959,13214,1130,5992,6765,-34796,-933,-2823,-455,-4509,-933,-2846,-455,-4934,4348,1169,7509,5129,7533,7713,5143,-1604,8934,3894,5143,-2955
12/1/2023,3770,14,-1369,-81,-465,-1060,-228,-1055,531,1465,-432,-1262,1435,-1093,-2356,1379,981,-2850,-1786,1667,7085,185,-5040,-718,1814,-1088,-243,185,-2346,-6553,3770,440,-534,544,-465,-1097,544,-249,-700,474,-345,-1828,1435,2110,3950,139,870,459,-410,-198,5717,4387,-2133,-12263,1814,616,6640,1850,-726,-11218,-2595,-4458,-276,-1301,-3005,-762,-276,-501,7005,2656,-1448,-3405,7193,1122,-3318,-6970,-1473,-1243,-3318,-6367
12/4/2023,1595,4781,4298,326,3900,5414,272,4918,6321,1686,780,5535,1390,2277,5900,-20,95,1378,2830,6667,6363,4310,3220,3695,3695,-34,6400,655,4289,-2960,1985,5205,3589,745,3900,5885,740,4740,5605,1713,4719,6990,1390,5730,17913,1365,4105,17874,3858,6858,15643,4164,3962,2947,3695,6088,17184,1180,3855,4143,3026,3360,2531,2457,2896,3360,-1385,2332,946,10814,-445,10904,856,9207,-6672,-1784,264,4671,-6677,-4563
12/5/2023,347,5685,603,135,5182,203,1290,8107,3063,110,5279,-2082,6036,917,6981,3180,3460,12570,1343,7592,6622,2577,-1564,-226,2553,8691,8803,1039,-1782,-4665,-325,5844,1155,135,5182,755,1290,8113,5317,120,4669,393,7475,1171,11750,3180,3460,16824,2512,11274,11741,-1205,-1599,7965,4350,12519,12026,1064,-519,1119,3760,3885,5625,4127,5834,8989,4813,3588,1421,10919,2393,15590,3995,7202,189,-6332,4266,7914,189,-6392
12/6/2023,-717,-2711,-3277,695,-3905,-3100,585,-4106,-2937,-540,-1495,-2659,-1195,-4030,-6960,-1030,-3905,-6960,-1665,-1070,-7136,4168,5534,7364,-285,-300,-4695,3414,5425,14801,-315,-2550,-7308,965,-3905,-2762,1180,-3365,-6804,-640,-2545,-7650,-1095,-9570,-22327,-835,-8335,-14710,-240,-6190,-22603,4114,5655,35860,-650,-7875,-22760,4239,5855,34702,-2977,-4485,-2285,-1875,-3205,-3559,-1025,-1875,-3765,-8345,-4364,-6305,-5892,-5553,6956,14196,-6885,-4040,6401,15763
12/7/2023,7170,-1019,-2274,2372,-880,-5897,1367,-1711,-3672,-845,-2115,-7717,6700,4011,-6106,3876,11499,1451,3611,6182,8046,2235,9634,-662,5912,-1605,2604,9675,10054,3744,7170,-2755,-3443,2322,-880,-7717,1702,-3442,-4493,5755,-1792,-7668,6700,6686,1695,3876,11499,3345,3779,6262,8343,2529,14603,20190,8866,6082,13078,10865,16516,23754,-3426,-4833,-3003,-7460,-3663,-4833,-1833,-7180,-1596,-4199,967,2046,10005,2851,21342,1987,-2351,-3885,21342,2781
12/8/2023,3337,2479,-183,2070,1318,582,1492,2003,408,2465,403,387,3045,-1997,-2359,2240,-173,12177,1718,-1955,11999,5280,3485,1161,3320,402,451,3548,6965,-1298,3255,2213,8123,2730,1318,3472,2900,3050,3765,3255,2386,7438,3045,1070,4566,2240,-173,15669,3011,5728,23696,3882,8464,42121,3320,5534,24011,4718,8672,44135,-1517,-2417,-1668,-2784,-1138,-881,1114,-1016,-2250,-5580,-1000,5243,542,9589,-1728,-3416,868,-393,-1728,-6041
12/11/2023,3425,1275,-134,1088,2458,1183,1026,560,-1352,2305,1035,2247,-170,-1817,-4188,3635,5002,-3599,-996,-1716,-8013,3100,11213,1827,-980,-1830,2538,2235,8756,6435,3425,929,1342,2769,2458,3616,2678,1145,1126,4486,1385,1053,1830,260,-2858,3635,5002,-167,370,4987,2925,3100,11069,40647,1915,4777,2912,2845,10986,40647,-395,1165,441,1845,532,339,441,1312,-2043,-5484,1980,1779,9442,-2389,14642,8821,-780,1446,14642,10886
12/12/2023,-1032,-2294,-4663,-770,-2740,-1014,-682,-2490,-5143,-510,-2490,-1295,-1698,-3761,-6837,-1485,-3950,-6960,-1966,-1780,-8981,-85,2140,-465,-1493,-1955,-4675,65,1599,5035,-890,-2170,-5043,-479,-2740,-179,-479,-2257,-3254,-870,-685,-3513,-1305,-10465,-29420,-2285,-10685,-17965,-4905,-11040,-23895,-810,1190,24169,-1185,-11365,-23895,1445,4094,26768,-3750,1313,-1135,4213,-2964,-167,-485,3544,-4273,-8982,-4400,-6995,-6496,-8269,4146,7006,-6955,-5440,4146,7625
12/13/2023,-875,-2330,-4667,-898,-490,-4552,-1678,-635,-4879,-915,-284,-4968,1660,6586,3835,1245,1550,-5575,1945,3325,-846,970,-6500,-3000,1270,6931,-1111,-290,-4500,-7430,-875,-1840,-11097,-2195,-490,-10701,-2052,-410,-12146,-870,-2395,-6897,1660,9865,16201,1060,1440,-1605,2492,6150,1762,-4418,-10726,-40886,1645,5195,2555,-2565,-8480,-38705,-641,-7490,100,-3484,-975,-5830,-875,-3264,5765,5052,4595,-6940,6412,9007,5075,-5235,7125,-711,5070,-1869
12/14/2023,-60,-3750,-145,-1380,947,-3039,-2172,-885,109,-600,-2465,-977,-1600,-4135,-5630,-410,-1840,-1280,-1744,-1690,-1751,-1450,-787,-2997,-1210,-2065,-4385,-1568,-185,-3082,-60,-1425,510,-1085,947,-497,-1150,-85,2619,-1820,-2400,1218,-1600,-2869,-3451,-410,-1840,-1378,-2375,-2575,-4822,-2069,-3993,25030,-885,-2965,-4194,-1568,-2027,28399,1538,1692,6087,2214,2472,4460,7129,4372,-3415,-6843,2105,3595,2926,17418,16890,8139,-1139,-4380,16880,10460
12/15/2023,1428,6764,8902,1525,8005,5507,1625,5650,9419,860,6414,4588,3720,1177,7630,4707,3666,4190,1090,-910,9502,1555,-965,-75,2945,2907,7608,5056,2784,-2548,2310,7395,10370,1425,8005,7191,1300,5921,11166,-255,6620,14228,3720,4835,20146,3192,3645,1825,630,-2825,14228,3615,-7411,-36588,2590,-2825,16035,4935,-7411,-36588,6257,7331,7471,426,6365,12514,6181,-521,7898,12127,3962,1466,5186,483,-2428,660,8896,15414,-2428,-4400
12/18/2023,1615,3791,7369,3338,3376,9577,2871,3356,6918,1510,3701,9206,1025,-3654,-6997,684,2973,97,4905,-1959,-3815,1865,6270,-163,1920,-1180,-2608,3445,2669,442,1615,3791,9523,3338,3376,12497,2776,3356,9443,1870,4087,12898,2039,2429,2526,759,2808,2277,6811,6415,7922,2066,4536,14385,5038,6160,7922,4248,4536,13561,6237,8636,5478,10144,5761,9123,6431,12300,-3970,-8915,3495,6417,-2586,-509,5126,-5175,-5230,-1827,5126,-2211
12/19/2023,1315,3755,3582,1257,2946,2536,256,3171,759,1290,2230,3648,2528,1272,2928,2880,8188,10715,4319,2991,14742,1385,1726,534,2740,1416,1237,2570,-1074,8021,1315,3755,9000,1546,2946,9000,256,3138,9000,1230,3305,9000,2528,5817,7462,3150,8566,19674,5241,13651,27405,1840,4462,64927,3305,12951,27710,2595,4462,65317,-862,2387,-264,2760,-844,1325,27,2688,-2410,963,3114,5106,3208,7138,4930,5549,-4865,890,4930,5749
12/20/2023,954,1953,813,2434,1095,6676,2137,1114,-1119,1115,245,5083,-615,-1754,-6942,-1445,-3440,-6827,-1475,-1940,-8996,-1470,-4493,-2960,1900,1680,-770,2640,-3829,5538,760,1953,-957,1260,1095,3051,878,1223,-1532,1585,3813,4483,-495,-1854,-17648,-980,-1209,-10970,-1245,-804,987,4655,-4398,-29188,-317,-2084,2059,3605,-4598,-31945,150,-2211,-782,7009,324,-912,-223,7529,-2255,-8059,-4480,-6875,-2350,-8499,-6455,19624,1507,2897,-6455,14621
12/21/2023,1190,1978,4168,2553,1972,4521,2690,3589,3267,1110,1784,4803,723,-1222,-6859,1042,-3089,-6857,-1234,309,-8896,1382,683,2481,1223,471,959,815,2088,-1212,1190,2116,6581,2553,1972,5397,1909,2310,3434,1890,5084,8617,723,-3480,-9977,1042,-3354,-8847,405,-4278,-14071,1382,6752,-24782,1223,-4783,-12148,2592,6752,-24782,1834,2512,1164,8742,1113,5599,1337,8111,-3702,-8835,-1815,-6865,-2482,-7922,3844,-6466,712,17,3779,-6125
12/22/2023,1345,-6095,-2620,-2000,-5720,-3097,-2480,-3011,-3148,20,-1920,-7390,2490,2920,175,1105,1568,-5534,587,-1315,-6545,445,-4150,-1200,-1145,1106,8,-2260,-3665,-7325,1345,-7315,-13695,-2590,-5720,-11995,-2530,-7185,-12705,135,-7765,-16890,2490,3627,1321,525,929,-1739,-2508,-2029,-14411,394,-4919,-45850,-389,-2354,-14411,-768,-8958,-45850,-2936,-5971,-2639,-3656,-1358,-4355,-1464,-4367,2715,6068,-570,-1507,-2022,1243,-6870,-4865,1103,1214,-6870,-5625
12/26/2023,-2100,-2475,-4245,-1980,-3225,384,-2240,-2100,-2306,-885,-2426,4376,-1935,-3115,-4088,-1050,-3120,-1770,-2000,-635,-2540,-437,12049,335,-1470,-720,-27,-88,10287,3660,-2100,-2475,3704,-2260,-3225,6444,-2240,-1055,3704,-1650,-3901,3269,-2365,-9855,-15980,-370,-3678,14523,-2959,-10255,5810,-132,6219,103044,-2190,-10260,5918,35,6099,105393,-1248,8134,-3985,8625,-1248,5714,-3475,8625,-4465,-8878,-4465,10021,-6443,3560,8401,6841,-2970,2725,8401,6841
12/27/2023,2165,4615,-1184,205,4440,-5215,205,4615,-2075,2105,553,-1923,3823,9894,15469,3100,8127,912,680,4077,7416,4145,145,-765,3993,1316,-2070,2420,501,-5833,2165,4615,-382,205,4440,-820,205,4615,-820,2015,4405,-820,2460,12300,24050,3100,8127,4284,1185,9480,17097,5628,4456,-21970,2965,9610,16788,2980,1760,-23575,4177,-316,3990,-301,4177,-3329,3375,-301,8597,13568,2090,-1957,1874,5029,-3190,-3840,-1238,-2420,-3190,-4230
12/28/2023,135,-4895,-3488,-461,-5170,-4361,-743,-3265,-1476,170,-1430,-8615,1375,-2913,-6508,2235,-1935,-4541,179,-1189,-6942,1860,7060,5121,1490,370,-2531,2720,6983,10025,135,-4895,-9530,-461,-5170,-8935,-743,-5025,-8540,180,-4875,-9540,1375,-4415,-17255,2235,-1760,885,1300,-3169,-2345,2425,7555,53760,1490,-2669,-2475,2450,7555,53760,-1408,1920,-970,1909,-1383,1491,-835,-550,-4418,-6343,-536,3861,1244,7133,13663,6341,-720,5581,13663,7956
12/29/2023,229,1605,-4690,-1660,-2410,-3362,849,854,-4690,-565,-385,1826,413,4504,8333,945,-1641,-2852,1333,2024,-2760,1699,-5542,-1406,641,336,-3077,744,-3470,-5697,390,-1555,-2123,-945,-2410,622,-211,-1321,134,-373,-2940,-54,1533,3711,17914,848,-1182,6657,2079,-5254,4181,2980,-3500,-26011,1333,-4744,3756,1611,-4310,-25985,-602,-2169,-191,218,1029,-2341,-1955,-4921,3608,12553,-2387,-2233,-602,890,-6977,-5778,617,-2674,-6977,-6471
1/2/2024,2385,3584,-471,2980,4095,2974,3273,5233,4628,2110,2344,-309,2075,7754,5065,3470,11445,23164,7454,13362,30725,8960,11692,-1321,4615,5650,6590,8595,5932,8976,2385,3595,-1081,2405,4095,-549,1669,2489,-1778,2415,3050,-1212,2075,8513,17121,3470,11445,23494,7454,14205,31953,9268,21200,72838,4615,14350,30968,10970,20002,76472,4580,2006,2126,7673,3261,5035,1416,7673,6022,18313,6889,26755,14505,30794,4085,-2536,6293,15184,4080,-1161
1/3/2024,1075,3310,23,470,26,-1818,1014,3617,-4212,65,5719,-1912,1554,625,-3530,1565,681,4074,3026,1343,6091,690,-1096,8581,1150,1301,-1071,2147,-1292,7332,1075,3310,47,1230,26,-1945,1490,3353,-1207,540,1171,2706,1554,1388,5564,1565,756,4090,5572,4294,5264,690,-1605,41116,1150,2832,4904,2347,641,42758,2367,1218,2968,3040,2367,-1609,2670,4778,3245,-938,2764,8905,5255,14763,6575,2308,710,-1930,6570,8921
1/4/2024,-535,-192,1069,1564,-2170,1670,4124,-1562,821,-495,-716,1095,1158,1137,-1224,420,-1625,-3873,1286,628,1249,462,-3142,3569,514,1314,3342,497,-2077,4292,-535,-1705,1135,1564,-2170,-249,1251,-1562,821,475,-1212,-2897,690,-1880,-3045,-480,-3765,-4880,485,-5940,-9826,-1094,-3999,-8774,-860,-6215,-9910,-1410,-7330,-7160,1471,2314,-2193,1290,1156,2314,-512,1405,-1469,-3175,-390,-800,-1366,-5184,1667,2418,1447,5820,1667,2488
1/5/2024,2180,5067,3611,1663,4210,1015,4518,5154,2692,710,6022,7060,1615,2137,19757,1990,3690,6919,377,425,4047,-800,-3812,-236,2430,-556,7254,-1305,-3238,-6322,2180,5324,4409,1663,4210,1175,338,5154,145,615,5274,3474,1615,4546,24680,1990,3690,17155,1015,3385,7941,2270,-9618,-39288,2525,2290,8210,-430,-13095,-39108,8191,-669,5660,-1589,4391,-1100,6283,-4395,10933,24239,459,15595,3605,9349,-5485,-5627,6926,1942,-5485,-3655
1/8/2024,168,2111,4581,1811,2051,10286,7,1157,4347,1609,2966,11337,-1735,-4010,-6571,-1475,-3820,-6659,-1848,-1960,-8998,2894,3887,13712,-1051,-2035,-1806,4114,3034,27872,1450,3730,4656,2029,2051,12490,2100,3115,6912,1555,4089,10340,-2775,-13625,-28451,-1855,-7845,-9009,-3205,-7175,-14118,2215,2679,51941,-2161,-8985,-14118,4114,4427,51941,2855,5309,2582,13429,2861,5309,3126,13684,-4150,-8701,-4485,-3700,-4934,-8325,6353,30696,-6705,-1231,6153,28858
1/9/2024,2248,6624,4464,4089,6177,6597,1834,6481,4092,2420,5179,9614,333,-4265,-6705,-1125,-1475,-1428,1830,-1680,-2552,5605,16731,-327,298,-2010,-4725,4066,13947,3693,3323,6624,3311,4121,6177,6439,4077,6785,901,2631,5092,7504,1308,5155,5151,-580,8675,14026,3320,13700,8826,3811,15663,20660,15,14555,7851,4953,17187,22977,6423,1530,4845,186,6726,-1874,4835,-184,-3715,-7430,478,3677,5660,-3466,15219,5668,-2725,-5375,15219,3718
1/10/2024,1010,4616,4821,1760,3059,7112,538,4648,8124,695,1657,7676,635,-4065,-5362,2447,1317,-2556,4784,-1995,-5706,820,-343,-2418,-374,-2345,-403,3061,938,-939,1010,4423,11437,2276,3059,11629,2251,4648,8443,1229,4119,13162,1110,2127,-2577,2572,3138,4585,4127,-230,334,1957,-864,50652,1705,-875,1570,3376,-3503,50971,4056,1175,2452,5212,3907,285,1493,4542,-4120,-7206,1025,3416,-2420,-3265,6248,-3519,-2634,723,6248,-3519
1/11/2024,2235,3027,2451,1370,2588,4832,832,265,543,1895,3210,5143,418,3295,-4250,1050,-2785,-3216,1276,-826,-8656,-240,-2911,-1545,772,-836,3252,-1135,-2311,-2494,2235,3855,2451,1370,2588,5730,1375,1230,2936,2593,4250,7057,680,-410,-6026,505,-4310,-5408,10,-3349,-8906,-413,-5911,-3769,710,-3949,-6391,-1135,-8581,-3712,-2635,699,1114,2214,-2000,-4802,1264,2769,-1470,-4872,-2250,-5021,-5581,-6559,-4071,-540,636,2550,-4071,-3460
1/12/2024,3237,1581,556,1035,491,-2917,225,-420,-2898,-570,2149,-3380,1485,12784,20534,1875,3748,5861,4740,2238,12708,-715,-2321,-2960,2238,4832,6356,495,-1568,-6285,2719,1713,-8554,-615,491,-11490,-1370,-186,-11490,1385,292,-9250,1485,13676,29691,3341,6669,12568,5917,10965,22608,1662,1184,-9979,3197,10650,22031,-944,-3760,-10840,3154,-7444,-930,-7685,1110,-5628,-33,-5030,9701,21772,4848,4278,6773,14074,-4610,-1533,2146,5025,-4610,-2028
1/15/2024,1605,4195,4260,2655,4185,4145,2655,4195,4145,3290,3980,4145,1385,4590,6967,1415,3210,6118,5215,5610,10054,4395,11140,2585,4445,1780,3003,4350,8980,4898,1605,4195,4145,2655,4185,4145,2655,4195,4145,1820,4185,4145,1385,4590,8684,1415,3210,7385,5665,9120,11393,6770,7420,8485,5340,9120,11393,6790,7420,8485,1645,-1976,1800,-1835,1645,-1976,1800,-1835,748,5006,-1410,1785,1155,-190,-2985,-2940,-965,3238,-2985,-3825
1/16/2024,2799,5358,4769,689,2195,-1700,2532,4563,4229,1319,2584,2086,700,1382,3124,-705,-2492,-3664,931,-545,-3182,-1436,-5838,-2875,1515,524,2078,-2490,-4242,-5715,2799,3211,3628,1303,2195,-1430,-380,3777,492,1192,1713,874,700,1382,3831,-590,-3081,-7021,660,203,-3942,-528,-5618,-39951,1515,163,-6066,-3816,-10615,-47313,-1301,1439,2277,-2439,2662,890,275,-3261,2844,4983,70,-2497,683,-5115,-5443,-4682,319,2424,-5443,-4872
1/17/2024,1171,-594,-2880,-225,-1999,-3135,-1519,-1133,-5223,13,-1960,-4675,430,5592,-1899,734,736,-4162,-400,821,-4784,-1,-6423,-9,70,-9,-1497,-96,-3875,-5718,1171,-1579,-9096,-575,-1999,-10744,-1430,-3813,-7948,293,-3739,-10764,430,6398,2152,891,389,-7815,1991,1916,-4656,-1985,-6679,-18899,70,1366,-5198,-2975,-7111,-17133,-3261,399,-1494,-3021,-3112,-1133,-1571,-4736,-523,-1474,-1225,-6970,-2651,-8229,-6058,-1929,806,-5420,-6063,-4501
1/18/2024,-522,213,-1675,-160,55,3620,-941,606,-1675,-620,539,3760,425,-80,-790,760,-2105,3357,2224,-939,9007,-165,-2222,2490,830,-237,896,-280,-136,11690,-260,736,-768,90,55,4488,130,1285,1922,-975,556,2491,425,170,1116,760,-2105,5745,3325,-1236,4655,-3946,-3858,24157,1067,-1621,5149,-1360,-2222,26226,472,1865,1320,3054,922,1865,970,3054,-1315,-4986,-460,7914,924,4748,12640,13911,731,1804,12640,12533
1/19/2024,1610,175,-342,1400,670,4575,54,-195,-342,-580,200,4575,1830,-3965,-6640,-1455,-3785,-6960,-1985,-1615,-8735,2635,10703,5058,2415,-2090,-2080,4709,8532,19913,1610,955,-342,1400,670,4575,1400,830,950,1695,2935,3011,1830,-8415,-25675,-810,-5455,-11210,-2125,-5400,-20705,2635,9594,22880,2465,-5700,-18880,4709,10703,24270,1217,310,1825,3344,749,-1199,1825,3344,-3965,-8078,-4440,-6890,-6301,-8350,13278,1722,-2810,-4790,13278,6132
1/22/2024,1311,-380,-2842,-480,-590,-3180,-903,74,-1824,-580,1060,-3978,1039,2814,-1959,2192,5959,2470,3176,12630,6790,9379,27128,1733,3808,1585,4566,6083,23164,7355,-385,-1756,-2459,-75,-590,-3180,74,-1375,-3107,-1650,-1585,-3929,1056,3167,-2799,2192,5959,4030,2581,12476,13795,9803,26049,46341,3321,12116,11554,6387,28366,49354,-2008,-2394,-2511,-5830,-1689,-4763,-1542,-5688,3618,-4442,8682,4910,14850,15112,17352,4481,3630,-4115,17352,-2381
1/23/2024,-655,-5995,-4822,-1986,-4604,-5294,-2466,-4094,-5069,-925,-2265,-8763,275,-4500,-6267,70,-3740,-5810,-1325,-1390,-7164,-1025,-5660,2430,-360,-2415,-1301,-1230,-3941,6622,-655,-5995,-12392,-3056,-4604,-11729,-3056,-6814,-14909,-1450,-7915,-10171,410,-3965,-9471,70,-5830,-8442,-1950,-5245,-10378,-1315,-5065,-17377,-340,-5295,-10608,-1010,-5065,-17377,-3885,-5964,-2165,-6789,-3360,-5745,-2165,-6169,-2295,-723,-3875,-2029,-3492,-1918,-5850,106,-1935,-1462,-5850,-2357
1/24/2024,2370,-979,-1547,1741,889,2328,418,-477,-1084,2238,1929,-1913,1515,-516,-4660,2660,-2338,-749,7449,937,-5732,1730,-173,659,3563,2159,1656,3124,-652,926,2370,-117,-5579,745,889,-2095,780,-86,-5285,1013,698,-2520,1515,-516,-9013,2660,-2338,-541,4572,45,-10358,3598,5804,-6937,995,-277,-14331,3124,4512,-7707,-473,6456,850,2435,-629,5576,515,2388,-2596,-3939,-22,-1877,-2294,-8252,-5941,976,-302,2186,-5941,-5124
1/25/2024,130,1045,-2920,-420,-778,-2508,1,-986,-831,-25,79,570,-295,-3636,-6100,-455,-3655,-5920,-1964,-1505,-7866,1590,1556,-673,-985,-2155,-2631,1315,2848,-5224,130,-795,-2600,-420,-778,2315,-330,-594,2491,-125,1270,-1684,-295,-4756,-11548,-455,-5995,-13159,-4524,-9895,-16539,935,365,-22025,-1380,-9265,-17794,165,-230,-23670,-788,-908,1524,6239,-880,-4159,1289,6156,-3370,-8030,-3477,-4304,-5876,-8472,-399,-6061,-2005,-1430,-404,-6471
1/26/2024,926,-275,-1953,-320,3451,-2528,1361,3102,-2796,1414,-368,-6189,3540,5112,9352,2840,4325,4514,6158,-1925,-2723,150,-5695,-2885,2755,1672,3723,-1850,-2134,-6935,947,993,-2486,1104,3451,-5545,1391,3795,-6710,854,-997,-7734,3540,5112,8120,2965,4325,5458,1390,1055,459,548,9951,-21670,4345,1575,847,-1825,4035,-20830,2542,-5044,1706,-5931,2102,-3050,3695,-5187,6608,8085,1975,-1521,-3891,-2090,-5018,-3197,2433,3247,-5018,-4664
1/29/2024,-65,-26,-3553,-935,-807,-1190,-935,-1285,-3457,130,-1860,-90,-1415,-4320,-6705,-1270,-3990,-6975,-2000,-1910,-8990,-1005,-3713,1403,-1155,-2180,-2338,-2325,-270,5917,-65,-172,-2032,-935,-807,1502,-935,-565,-2032,-700,-1140,-5559,-1040,-10965,-24452,-1790,-9230,-16335,-4745,-12100,-19697,-2149,-8010,-2852,-585,-11175,-19312,-2520,-6712,-1825,-969,-1712,-227,1585,-737,-2208,-213,1359,-4151,-8950,-4495,-6990,-6465,-8491,-5938,-2448,-2604,-1605,-5673,-5027
1/30/2024,1525,119,-3972,-54,-23,-2614,-758,-3420,-3924,-855,-2435,-4725,-855,-3910,-4957,4030,9853,8003,1938,-1485,-4517,12305,-972,466,2250,2942,-4375,11913,-2861,-576,1525,111,-7621,-725,71,-5680,-635,-514,-7550,95,-1175,-5045,485,360,-1549,4030,11093,7877,2192,6505,19,7728,13765,11986,2620,5440,951,11913,12105,9893,-2395,-6047,-3877,-7180,-1719,-5292,-2875,-4005,-4315,-7793,2536,2826,-1400,966,-3256,-3952,390,2925,-3261,-6072
1/31/2024,2270,6601,8327,4914,5266,8254,5107,5787,10721,3265,5046,12234,1425,-135,9876,1750,3743,4281,4629,1000,2540,1520,2880,-961,1720,1605,7634,1710,885,-5418,2270,5933,8551,5352,5266,8985,5107,6706,10438,4286,7910,6330,1425,1104,7021,1750,3765,9550,6002,2389,5431,1090,1398,8899,1720,2174,5444,1710,4495,11854,4245,7460,3851,18113,4210,8670,3316,21632,302,9046,2960,10410,-1990,-1664,-1960,1953,975,1531,-1965,-6271
2/1/2024,255,-4615,-3948,-1710,-2080,-5270,-2497,-2394,-3352,-785,-1805,-7430,300,-1003,-3977,-1260,-3830,-1908,-1996,-1590,-6604,965,608,3208,-1015,-1397,131,-635,2156,-444,255,-4405,-9224,-2260,-2080,-7560,-2265,-4315,-9425,-120,-3740,-8870,675,2657,-12768,565,1928,-2921,-85,1333,-13650,965,500,-2090,570,121,-11775,-360,608,-1029,-3906,-4194,-1505,-6817,-3940,-3612,-2110,-3155,-2440,-6064,1826,-3181,3844,-8141,1929,-6978,-1300,-4560,1929,-6196
2/2/2024,2455,4044,7628,2079,2595,9483,3159,4199,4660,1765,919,9276,2850,-2564,-5081,3255,5351,276,-636,1377,-3068,4328,2794,-1653,3525,-414,-3041,5588,2704,-3684,2455,4075,7628,2500,2595,10044,3541,3795,5565,2620,3254,6529,2850,4354,3758,3255,5351,2113,2311,3871,1176,3193,3514,21895,3525,5071,7677,5588,2794,23435,4428,3389,3725,5588,4793,449,4855,5720,-4450,-7540,5690,-4995,-5705,-6221,2826,-5463,-6370,-2292,2826,-3784
2/5/2024,795,7919,4279,2605,8368,3067,1434,8161,1971,1100,3518,2926,2125,4743,6806,-145,-929,7240,508,4908,6835,-615,-687,803,135,-935,7563,-1510,-1065,-1185,795,6723,5706,2706,8368,5506,2269,5692,2306,1465,6137,5759,2125,5496,12500,345,4983,7220,508,6149,17453,3988,6760,-10811,1915,5804,17106,-1665,3685,-7374,3633,2214,4225,2722,2979,1219,4210,2586,6447,391,-189,3682,5817,7393,-3520,-5890,1756,4681,-3520,528
2/6/2024,1555,4445,8333,-232,3967,9434,1535,2006,6003,1820,3886,7979,3000,4226,2228,3628,5388,-4186,4298,-1130,4217,3167,8629,-2125,7309,2759,-1033,9572,10752,-6217,1555,4609,8725,-232,3967,9221,1535,2632,6883,840,4213,7432,1915,3560,-536,3984,6344,-2806,3309,9839,9916,9934,17505,1387,5701,8679,8888,11019,18775,1583,4903,5939,4086,7241,1253,5939,2854,7241,3425,-584,4070,-1416,2773,-1716,2220,-5184,1200,-617,2220,-5184
2/7/2024,2192,5841,-706,1395,4102,-2113,1360,5355,2370,2625,7006,-2414,1267,5443,20214,3215,4831,4029,2656,1712,9929,3035,-4564,-67,2995,4099,1805,3100,5082,-3409,2855,4891,1642,1395,4102,-837,1395,3642,-1160,4270,4176,850,1861,6919,21730,3103,8957,14623,4200,7161,17811,2502,12617,6042,2509,7166,17537,3355,11702,7535,4242,-3685,1323,-4486,3989,-1573,495,-4486,9726,17207,11041,-1178,9331,12565,-6104,-5956,1638,2267,-6104,-5308
2/8/2024,1623,-103,873,-340,-72,-4005,-845,346,-871,980,363,-4290,990,27,2343,360,3711,5579,-282,1319,109,6910,-2745,410,543,3448,-577,-550,-2670,-4207,1623,-1532,998,-670,-72,-6180,-360,797,-3645,820,-1930,-3205,990,5177,6627,312,3912,5579,-282,7184,2191,-5785,-7785,-7283,255,7184,2575,556,-7785,-7283,1983,-4361,1685,-6485,1943,-3829,-1720,-7065,1851,-4807,350,3438,3386,-5761,-3343,1553,3199,-2436,-3343,13171
2/9/2024,1307,-737,1498,-112,-1160,-999,202,-902,3068,272,-830,-728,374,-4465,-6743,2174,-1090,-2733,-1081,-1935,-8088,5460,13081,-2850,269,-1780,-1872,8175,5200,2076,1307,-620,2806,-112,-1160,-155,-112,-902,2087,-485,-900,929,1224,-4488,-9954,2174,843,-2733,456,829,-10057,6630,12099,29989,2944,524,-9176,8520,14557,34243,-477,4868,-530,-304,-1265,4013,-515,-1969,-4235,-8780,2478,-1438,1095,1343,9212,-2404,-521,-1261,11092,-2269
2/12/2024,610,321,-2889,1549,-442,-2392,1512,911,-3046,120,1128,-3588,145,-1247,-6744,340,-1889,-6964,-1955,-1147,-8988,445,-2495,-2990,-1140,-1287,-732,3851,-3738,-7476,610,558,-2777,805,-442,-963,1031,989,-508,0,6,-635,325,-845,-9585,515,441,-7409,-1745,-810,-18650,3116,2327,-13337,1256,105,-15655,2175,2886,-12310,-2515,-4906,-2715,-4564,-3230,-3715,-1430,-3509,-3510,-8308,-4384,-6705,-6186,-8480,20170,13105,-1603,830,20165,10581
2/13/2024,1655,4264,12493,385,2785,4761,928,4190,12248,855,6822,13730,2402,2293,-1207,1860,4880,5928,3845,3910,10740,2290,12720,3196,2751,2925,2882,4695,11388,3915,1655,3410,9985,1635,2785,10248,1909,2342,10964,710,1310,8032,1535,4565,4999,2005,4180,12482,3380,5415,8226,2347,11698,30450,1970,5060,10296,4890,12115,28322,6940,9102,9831,5063,7967,8652,8759,10718,2053,-1262,3850,4882,6784,10736,17990,5435,3613,2775,17990,6787
2/14/2024,1159,1799,-1612,-940,1111,-2550,-1338,-509,-4774,779,739,-1169,1488,4418,8887,675,619,-1849,-172,623,1601,920,114,1212,300,1504,4770,910,645,2801,1159,1808,-1570,-940,1111,-167,-975,814,-2535,699,2855,2189,1488,4785,8060,675,619,882,1479,11230,-646,1426,1179,-23541,1295,10670,-646,2105,-730,-21968,-565,2607,865,2470,-1611,583,480,4525,3690,10843,85,3445,7465,-1759,2340,9908,2566,2710,2300,9808
2/15/2024,241,1171,-3114,-610,-118,-2695,1612,1024,448,730,223,-1567,570,1949,-6570,2080,2945,-6905,-2000,-1940,-8888,790,-5155,-1715,1985,-2480,-1330,3415,-2970,-6060,172,193,-2441,715,-118,-3563,650,768,-836,85,163,-500,570,2499,-2602,2080,1840,-15965,-2970,470,-9556,2305,-2982,-55374,3000,470,-11762,3415,-6075,-56364,-2263,-2524,-1785,-3348,-2302,-3452,-2318,-5928,-2970,-5641,-4435,-6820,-5832,-8498,-6950,-6225,-2774,368,-6950,-7320
2/16/2024,1330,836,1319,1792,2541,8818,3994,2691,5745,2047,2475,3680,2865,1994,3428,2522,404,4943,3701,2477,2112,3565,4706,2126,2417,-450,-297,4190,3901,7632,1330,3001,-2506,610,2541,-3445,610,2103,3403,1767,867,-3402,2865,2063,4269,2522,895,6863,5130,3894,7625,2808,-4993,10537,2980,3909,7209,3335,-1920,11798,12905,10292,5415,14849,12612,12457,5750,14619,1590,3127,3414,5640,2625,5942,15189,7373,754,-51,14984,8566
2/19/2024,6085,5345,5330,3675,5320,5294,3675,5200,5294,4540,4375,5079,2030,6760,10000,1995,5590,5850,5420,5450,10955,2165,5375,2525,2670,3900,840,2805,3500,2515,6085,5345,5575,3675,5320,5575,3675,5200,5575,4815,5320,5575,2030,7700,9559,2560,8460,9780,6320,11240,14300,3490,11580,18080,3145,11240,14300,3810,11580,18080,-2129,-4164,-4005,-5040,-2129,-4164,-3065,-5040,3021,5379,2990,1785,4625,2550,3865,-1100,-44,-150,3865,-1100
2/20/2024,173,5631,8766,1535,5842,8133,1651,6031,7559,25,6108,16075,2034,1834,-2516,664,1797,4001,2908,700,-4543,1891,5275,1947,2521,693,4272,-730,5492,-853,275,6602,8950,1535,5842,10879,1753,4882,9518,1280,7955,13336,2034,-8,-1348,664,1797,996,2908,4768,3228,3628,5130,-5404,2615,3628,1223,1381,3547,-10631,487,9078,-827,2854,2006,7524,-1032,-910,-1454,-1923,-189,-5909,301,1020,-4443,-6689,24,9151,-4443,-50
2/21/2024,-85,3973,4232,925,4060,7856,772,4272,123,375,3632,5471,802,3455,6007,1782,1672,11289,4872,1369,-2178,1089,1621,-2073,1002,125,5729,-947,3233,-4228,-85,4390,832,925,4060,3911,950,4450,832,1429,2602,922,947,4405,6017,1782,1672,6533,7382,3942,8067,1089,785,3648,1002,3742,4324,166,-3874,-2885,975,1405,1669,4576,916,1743,564,5047,3075,5309,1035,10757,2847,3643,-5858,-4359,992,112,-5858,-5832
2/22/2024,-62,604,-3185,2040,1440,-1011,1533,867,-5393,-665,-1695,-525,-495,-4220,-5805,1315,1524,-5940,-445,-1990,-8997,2740,6399,361,1245,-660,-3885,4380,4355,5276,60,1835,-4033,2040,1440,-991,2835,1540,-2801,525,1410,-1002,715,-5596,-17431,1315,1524,-4867,812,-122,-7498,490,3261,25110,2450,651,-6766,4380,6225,25790,1028,-6233,710,-1600,-666,-4724,20,-2046,-4370,-8765,1985,-5727,-6474,-8440,20095,9431,-6860,-2945,20060,6753
2/23/2024,1824,-745,1156,-403,-3192,4894,-18,-707,3409,-580,-2160,560,2592,2928,4602,1465,1920,8623,408,1105,3660,5479,7000,-2950,1297,1328,-1868,5865,2174,-6824,540,-2117,-1723,-42,-3192,1842,859,-830,733,457,-1310,-996,2592,4395,7069,2020,2018,4484,867,1771,8935,4284,9599,56771,1495,1771,2907,5688,9000,54535,427,-259,1120,-831,1473,1985,1681,-139,4633,8241,1530,7848,3840,10809,8979,-47,5453,-508,8979,-652
2/26/2024,1637,-1622,-2828,1592,126,-5154,1602,-2443,-3738,967,-585,-4335,1512,2174,4965,896,985,-4302,1631,-464,-8699,-5,-366,4636,955,2990,541,192,2336,5320,1637,-1622,-6366,1592,126,-9867,1602,-2443,-7952,1069,-1769,-7823,1512,2754,1700,896,985,-2326,-85,1276,-15665,70,-3840,-39613,955,295,-15674,322,-4120,-40223,-1620,-3474,-3198,-7334,-2885,-3478,-1898,-7094,3155,12433,1160,3131,2083,6639,-735,12970,2699,7513,-513,12970
2/27/2024,145,1896,2316,577,1786,3493,714,1478,4886,-515,1120,8679,985,660,2605,2870,3927,7488,1860,-328,14639,480,2346,-1222,645,604,3307,-1520,441,-6428,145,1896,6424,577,1786,5900,714,1946,6424,-1255,1428,3544,985,660,4167,3880,7585,9839,2210,5881,10142,2002,2523,-5087,645,5581,9632,-4325,2074,-4640,895,3477,4187,5600,1641,3477,2449,5061,-1677,-463,1870,3052,5134,2018,-2062,-2743,57,-191,-2062,-4533
2/28/2024,5450,5981,3937,5040,5494,1501,4593,5874,4418,5315,3217,2666,1340,8903,23157,1830,5840,-1476,2537,6999,27838,1762,9343,990,1008,7821,7103,3502,5708,-723,5450,5981,2873,5040,5494,-748,4430,5874,2663,5000,5685,-745,1340,8836,31820,4620,6814,-1575,3361,12705,32238,1739,5974,-6916,873,12587,32410,6,5724,-4459,1313,-3500,-235,-2245,2666,-353,900,-2245,15919,39662,7795,-1253,10455,13447,-3960,-5759,3046,9730,-3965,-5668
2/29/2024,95,-298,1647,348,-379,-1698,-405,164,-793,195,-870,-395,335,-1099,-1590,815,2508,-2579,-565,1917,-1431,775,-526,5179,285,2619,1076,1320,-909,8951,95,493,1240,348,-379,6595,348,531,1990,405,1355,144,335,-652,-3228,815,3120,2281,21,1269,-12098,775,-140,26293,285,1264,-10385,1320,93,26570,-1105,-2063,-763,3430,-985,-164,-428,3177,-1972,-7836,-373,-718,-1552,-3337,1617,9847,-795,-1437,1532,10649
3/1/2024,2424,1959,-273,1780,1665,2710,168,701,409,2215,-587,2749,-1660,-4410,-6665,-625,-3760,-7000,-787,-1990,-8999,5770,4732,809,-1500,-2115,-2037,6470,5128,7129,3065,2550,-1248,1699,1665,2719,1601,1101,1070,2265,500,-404,-1815,-9150,-18459,108,-3185,-5115,-13,-6555,-10916,4960,2507,21478,-60,-5925,-11139,6935,4732,25612,492,-1793,-740,1959,-935,-1793,-740,2224,-4490,-8990,-4460,-6920,-6436,-8496,2898,8994,-1566,-1497,2898,9429
3/4/2024,1020,3938,1850,840,1442,-866,1575,1667,2690,1065,650,4626,1880,2885,-1023,1258,610,-5397,6622,531,2349,756,2058,-2973,1503,1102,2411,375,-986,-4314,1020,880,2835,840,1442,-2387,1575,1667,1306,910,2408,-2513,1880,2885,4736,1258,610,-2704,6622,525,13375,806,3672,30111,1503,-385,12655,375,3672,30605,1259,-69,1806,5784,1384,1642,1841,6654,3790,5769,3047,6451,5092,10376,6870,4738,1132,553,6870,2500
3/5/2024,2375,717,3626,2725,5656,11472,4264,8380,9232,1690,3838,8399,951,4793,1438,3155,5855,14558,5053,9101,30395,4222,3159,161,3720,7985,-4490,4182,3242,-422,2375,1444,3685,2725,5656,12317,7206,7485,10977,2015,1395,5327,1205,7988,16488,3155,5855,26995,5445,11440,32476,3977,3667,58509,3720,10105,35363,4407,5575,58988,3201,6535,2950,4593,4674,6117,1831,2785,12831,8811,7752,19404,21392,27521,3110,-3693,3273,-3955,3110,12608
3/6/2024,1615,4177,582,3145,2705,7105,6751,11338,9522,1470,1260,2439,1400,3057,-4059,1475,-1385,-5184,2861,1875,1487,2320,3125,-2990,1735,1727,904,5180,2196,-6068,1615,2730,582,3145,2705,6354,4658,10504,9239,1270,380,1693,1400,2040,2801,1475,-1385,-8700,2245,1639,-4009,3464,2427,-34156,2140,1114,630,4300,-2320,-35461,2649,6199,893,10888,5596,10965,111,9753,-3231,610,-2400,-4683,-2977,-5753,883,-4028,800,1275,678,-5709
3/7/2024,2607,10636,11968,2744,10747,13736,1867,8857,12031,2295,8164,14647,1390,-3095,-6790,2597,5243,3390,1613,-924,-4986,3123,17700,5695,2968,-1615,-2376,3106,20187,-5123,4005,11091,17506,2962,10747,15553,3562,10261,19784,2170,10223,22397,1390,3312,-4586,2597,5243,3464,1666,8617,1954,3123,15813,11199,2968,9592,4474,3106,17700,15959,7832,16853,7718,11594,7582,17148,7793,15149,-2175,-6214,-2145,-3689,840,-3712,8024,-577,-1626,-4000,8024,53
3/8/2024,490,2380,-3486,680,1575,-1119,-2392,1951,-1632,-560,1393,-2214,815,-4324,-3565,-1045,-3905,-6785,-1930,-1790,-8817,-1140,-6435,-2980,-1140,-1851,-2012,1185,9945,-7415,490,1495,-3288,680,1575,-1106,-675,1827,-2446,1555,-1085,-2899,1005,-474,-1831,1285,660,2340,2050,-2975,-6816,3618,554,7523,1250,-2240,-6462,5010,3141,8810,2760,-4593,1345,38,3100,1618,1292,135,-4000,-5601,-3750,-6350,-6373,-8323,-6730,-6535,-82,-5185,-6730,-7311
3/11/2024,3931,5216,223,3450,6962,-1141,4917,6571,-2609,3615,4941,-4175,3028,12436,19558,3036,5924,9400,4743,12280,13597,2845,1666,-826,3329,5165,2147,3330,7278,-6765,3931,5461,-6252,2705,6962,-5418,3705,6697,-4568,2725,1791,-8969,3028,13583,20595,3036,5924,6395,4187,16943,13963,4145,2271,-36958,3850,16404,14246,3330,1666,-37469,-295,-4523,-1060,-5861,777,-4406,-1265,-5490,9456,18178,2261,9612,7284,20354,-6125,-4913,921,5862,-6125,-4689
3/12/2024,1680,4118,37,655,2128,4444,1136,3796,1579,1430,3140,3796,174,-3732,-6155,820,2156,-4956,-1995,-1608,-6818,910,3055,-1730,-1292,-336,-4490,1730,1158,1010,1680,4981,1898,1190,2128,4764,1029,3137,3843,465,4772,6185,320,-6651,-14160,1045,1592,-999,128,-2731,-4436,-371,4141,32289,150,-3087,-5967,2260,5276,32725,3696,7925,3200,6177,2866,785,2231,6626,-4489,-8921,-446,-3265,-3922,-3241,4597,3244,-1332,-1009,4487,13228
3/13/2024,2794,3148,1937,2215,2111,5498,4016,2254,3933,185,278,695,5160,11068,16115,5390,8469,25696,8839,9095,26251,7160,12284,1175,5325,6359,7902,6695,6614,7429,2195,1430,1886,2465,2111,-354,3414,2254,3439,2099,1559,1748,5160,13044,29793,5390,8469,27868,9885,9964,29730,7160,8420,42887,5325,9914,29730,6695,11194,43724,2838,5145,2537,2904,2803,2764,1473,2904,8890,24018,9046,23544,10898,29277,16856,9462,3324,3085,16856,7016
3/14/2024,1930,6690,11889,4230,8393,15313,4898,8317,14865,1565,4715,16874,1625,1921,5866,4540,7211,12139,2441,725,20598,5596,16219,940,5426,4815,-2904,14826,9458,4431,1930,6978,14566,4230,8393,15384,5060,8534,14865,2130,6541,16440,1625,8110,18252,4540,7186,24424,3590,19074,39397,14682,17136,68135,5426,18094,35634,15386,16303,71867,4335,13693,1240,10941,4355,13633,2355,11277,7653,7530,6090,27356,10382,32269,5038,3934,3216,-2899,5038,-49
3/15/2024,2120,2971,246,2269,782,-1410,2243,2062,3678,1445,2290,-3574,6075,12972,20537,6130,7640,25852,10251,12961,24989,5525,11307,-1035,7020,1820,7848,6108,10702,5398,2120,2250,2291,2748,782,-1836,2018,1883,1780,1760,1318,-3249,6075,12842,28433,6130,6796,25908,10669,14409,30140,5525,11307,29746,7020,14634,31540,6108,11307,31102,1992,5605,2488,3312,1992,7829,1698,1178,9442,25606,9757,23188,16987,31316,6465,-1816,4777,8936,6465,-544
3/18/2024,1100,-708,-188,1790,60,3752,1915,-2153,695,945,137,-2485,-155,-2575,-2068,-1055,-2905,-6725,-1630,-1793,-6225,730,-3480,3067,-414,-935,-4425,606,-2100,2863,1100,300,-4992,1790,60,-2813,1915,-205,-271,1030,2025,-3747,145,-2005,-5883,3624,-4320,-12275,-1540,-2686,-12042,679,-6184,-7715,265,-2686,-11305,1645,-5430,-7715,-1290,-1342,906,-1855,-1290,1243,2161,-586,-2191,-5324,-3235,-6572,-4304,-5398,-4015,-3515,50,-4095,-4015,-4120
3/19/2024,290,-599,-502,-385,-831,-2144,-663,-1200,-5448,-580,-831,-2717,-456,-3905,-6995,-285,-3555,-6980,-2000,-1985,-8997,-150,4489,-1803,-1295,-2415,-4715,-2110,1896,3538,290,-584,-3484,-385,-831,-242,-370,-1450,-2170,-240,-779,-4651,400,-1815,-10225,770,70,-4815,1930,3105,-3484,1277,4923,13301,730,3105,-2375,1145,5788,16399,-2372,-2311,-2780,-1266,-1362,-3333,-2860,-829,-4458,-8981,-4280,-7000,-6351,-8283,571,-6760,-2490,-5360,571,-6758
3/20/2024,1360,3340,-4734,455,2705,-4580,705,95,-4924,-180,1650,1505,1050,2000,-4042,430,-2044,-6977,-1636,-1955,-8991,264,1174,-2916,-180,815,-3786,589,2880,-4834,1360,3340,875,705,2705,1805,705,470,535,1310,3645,3270,1050,2000,-3255,455,-1259,-1964,-3147,211,2727,-380,1218,-3591,240,206,2629,589,1148,-4505,-450,-5069,-860,1335,-630,-4997,-905,2015,1185,-8358,-3965,-6215,-6437,-8375,-2983,1070,-2859,-5445,-3093,-4249
3/21/2024,1605,-799,-4525,1065,-344,-3635,1126,-1143,-2207,1613,28,-3360,350,-808,-5395,905,1094,-7000,-582,-1929,-7291,5965,4354,6060,500,-743,1487,7117,9515,-7496,1605,-546,-3993,1131,-344,-1799,1126,-1081,-4639,1708,236,-2289,350,-799,-7799,1797,990,-12917,379,-1423,-6995,7528,7092,-11305,500,-1423,-6995,7117,9263,-11015,-2782,-4857,-1814,-402,-1421,-3935,-1340,-7,-3910,-8159,-2469,-5729,-4863,-8493,-6954,-106,1266,-2251,-6954,3334
3/22/2024,1927,654,1360,-525,-3093,-364,-87,-528,703,-645,-1230,-2054,1835,1585,-3026,1740,1507,-1920,246,1544,-5555,100,-3300,1679,1811,2365,-3111,-435,-2241,-2680,350,-945,1048,-525,-2895,-2282,285,-2145,-1594,752,-1517,-2864,1835,545,3945,1740,1507,1672,712,-541,-2235,1417,1004,326,1811,-846,-2235,-435,-2460,2897,1076,336,-3240,-3100,-54,2656,-875,-3100,-4220,482,-1650,2471,-1757,-2386,-5348,-5320,-4775,-3920,-5348,-4927
3/25/2024,2375,2789,-2267,3346,2596,-940,5628,2717,774,1840,-110,2243,1318,1785,-1337,1299,-852,164,3953,-708,70,1311,-1146,335,1851,1684,-610,3411,-1973,-6718,1650,2295,3049,3347,2596,-4073,3347,2270,92,2696,3086,202,550,763,11298,1555,335,113,4482,-1854,651,4685,-7243,-53417,1295,1163,-1208,4220,-8585,-52876,2126,2073,2113,-1392,2126,2060,1035,-638,-885,-3132,-2640,1367,-2708,-5743,-3876,-6892,2940,-141,-3876,-2825
3/26/2024,1390,-4580,-3478,-294,-4182,-4801,-429,-4232,-4547,1135,-465,-4814,1235,-3980,-6875,2115,-1801,-1773,684,-1998,-7918,2126,7049,13827,1534,-1510,-3164,4982,6358,16115,1390,-4375,-8525,-294,-4182,-4465,-429,-4752,-7215,1080,-4355,-10075,1235,-3985,-13935,2115,-1696,-565,1325,-3023,-4433,2126,6947,50559,1534,-3127,-4518,5540,8075,50237,-3640,-3290,-4025,-7880,-2590,-2325,-1120,-5155,-1090,-8795,-1431,-1528,-357,-1112,10518,17147,2762,-4020,10513,15645
3/27/2024,280,438,-789,2536,1150,-2504,1749,149,-3673,315,940,-2420,1597,2554,1590,2333,3428,-1424,4666,3420,6591,1590,3869,4394,1782,2015,834,2138,897,5831,280,438,-54,2536,1150,-2770,1749,149,-5933,545,-1067,-2626,1597,4185,5150,2508,5267,-2318,4174,8223,-1864,1590,5729,-40797,1782,8218,578,2138,5114,-44894,-1549,-4898,-661,-5147,-3643,-5133,-1907,-2756,2258,-2666,-1703,344,3228,-4532,-2280,3323,319,1128,-2280,4178
3/28/2024,307,-1803,-3968,-1945,-3505,-4290,-77,-1932,-3173,144,-493,-7305,7265,8241,3395,9015,9157,3744,165,2885,-1097,4394,12805,1603,3518,8158,-388,13759,17416,-5059,120,-3435,-4423,-2490,-3505,-7305,-2490,-3455,-7625,-500,-3560,-7660,9158,14647,11899,9485,14162,4111,-406,15260,575,16185,13685,-19420,11303,16385,1803,16709,13685,-21445,359,-4702,400,-6660,-871,-4702,1369,-6660,8420,-1604,3940,-1820,2963,-3170,-3950,-4230,176,-1500,-3950,-7175
4/1/2024,1040,-536,-4972,-880,225,25,-272,131,-1929,0,673,-3748,3520,2011,-3538,1835,2279,-1996,1879,209,2976,4370,7210,-1595,3162,1232,1900,5056,6515,-1073,1040,-1135,-1497,-1415,225,-2280,-1585,-855,-485,140,63,-1703,3520,3567,1721,2375,1511,-7292,1879,721,-1167,4370,8034,-35480,2260,611,-1774,5237,7210,-34431,-1133,-2394,-1572,-3899,-1327,-3080,-1722,-3544,-1658,-1864,-617,-2361,-3311,-4425,-3433,429,1402,2704,-3433,-1940
4/2/2024,85,-4954,-2873,-2000,-2848,-4773,-2275,-4475,-4600,-620,-2473,-7385,675,-3025,-6255,1439,-3272,-4767,-1999,-41,-4187,614,-3795,-637,430,-2425,-2556,929,-1561,292,85,-4750,-9730,-2905,-3605,-7385,-2875,-4910,-9730,-433,-2848,-6333,675,-6475,-20286,1439,-3272,-19011,-5339,-6362,-15290,799,-6520,-14343,680,-4951,-15290,1064,-6700,-14037,-3949,-7304,-4405,-2513,-4494,-4891,-3475,-2513,-4400,-6328,-1620,-6970,-5526,-7762,-4206,-232,-6165,-1648,-4206,-2485
4/3/2024,988,-1361,5326,1145,-761,5182,1255,393,6341,70,-246,1055,835,-1973,-4443,-210,-1695,-338,498,-1795,-4662,-1460,-4179,-1635,549,750,3012,-2235,-2750,-3455,-790,-1530,3160,1145,-761,3272,-559,-714,614,-1585,-1722,-268,835,-4850,-12948,235,-4275,-14255,-5759,-5970,-15834,-374,-13741,-70625,-2765,-6490,-18847,-5901,-19040,-70386,3031,6052,2536,4620,2901,10387,4579,4428,-4463,-7139,-1232,-34,-2216,-1658,-5953,-3914,-800,1843,-5953,-5029
4/4/2024,2365,5292,4708,2965,3757,5983,3010,3854,-4816,3505,5228,6602,1035,277,-1343,1370,-535,-361,419,-1114,-6871,4110,-6452,-2366,50,1799,1704,4195,-4464,-6748,2365,5292,354,2965,3757,1942,3010,4292,347,3495,6419,6277,1335,819,3862,2015,-200,-580,624,1681,-4231,3465,255,-21319,1060,2810,-6288,1770,-312,-26890,3564,1633,1850,8805,3296,2537,6150,10405,-1950,-1418,-1337,742,2650,-349,-6998,-6986,3310,1526,-6998,-6986
4/5/2024,1470,1697,-2395,152,1253,-1917,1796,294,-2374,1430,2389,-1887,-205,653,-893,-240,3142,-2812,1877,2299,-2102,2700,3284,-2624,212,-675,3419,-630,4089,-3058,1470,1681,-1334,152,1253,-2514,57,398,-1612,90,-1225,-8433,-205,1190,-220,-240,3142,-4372,-363,5707,-294,-1081,3266,-32155,1550,5445,-4475,-1555,4834,-31514,11,-1927,300,-1939,-1109,-2333,820,-1909,1351,3405,-296,1719,6063,8064,-3784,-4600,404,3426,-3784,-6428
4/8/2024,412,2387,2450,1242,4707,-5201,1089,2738,137,-665,2678,-4747,3134,5905,15807,1445,4232,13783,2716,1307,7024,4219,-568,818,2865,5094,4144,3620,14491,-1444,412,2737,-4509,147,4707,-7228,-10,2853,-6590,-420,3340,-4788,3134,5905,15807,2445,4232,10305,1858,4448,7793,5114,5494,5973,2865,12633,6989,295,6378,1990,946,-4013,2213,-7070,608,-2828,1840,-5560,4827,12961,4776,8561,5401,16625,-6605,-5410,4192,4227,-6605,-4868
4/9/2024,1343,4577,4478,2275,1167,972,3094,626,-1416,1690,2231,3946,-773,349,-2621,-245,-1615,-2621,155,-1115,2044,-175,-1790,-2105,-165,255,-2101,-1075,1060,-1496,1343,4216,213,2537,1167,-629,1642,2825,-5136,1420,1225,-8059,542,2892,3136,1293,-435,5918,3773,2260,-1898,2457,4914,-28878,627,1455,-4098,3753,1050,-32602,2775,2046,8653,353,4210,84,875,330,-3241,-2002,-3215,-3460,-2060,-5560,-6100,-3460,-3385,-2265,-6100,-3610
4/10/2024,1448,3443,5974,1940,2449,6647,1692,4561,4374,560,3127,5843,5988,9938,9527,4442,8443,10966,10704,8035,18056,3581,5227,5040,6658,8298,5203,4077,4003,5759,1448,3059,10270,1940,2449,12463,2558,3950,6028,3749,1846,7684,5988,10393,12109,4442,8443,13799,11515,10989,17964,3581,6653,-6684,6658,10329,16555,4077,4568,-10882,92,6005,1490,2655,1002,3676,0,7520,8053,7474,2806,10871,9256,5062,678,6929,5371,5317,583,2024
4/11/2024,160,-2667,974,810,-2860,-162,-660,-2809,826,560,-1405,-2077,-1590,-3840,-6935,-210,-2027,-6998,-1630,-1995,-8744,2860,9310,1822,-1135,-615,-1063,4985,9223,18219,160,-1300,1100,810,-2860,-205,474,-1435,2344,25,-820,2692,-2415,-6240,-14365,-210,-1213,-2188,398,1797,-6426,2532,9075,33046,-330,1642,-5730,4985,9688,30392,-854,356,-1085,-27,-488,-900,-1065,-1540,-4226,-8050,-1420,-2817,760,-6301,8226,12653,-2797,-5375,8221,24771
4/12/2024,1250,-3721,-4777,-813,-2025,-4347,-1004,-2079,-4577,565,204,-7715,2380,4624,876,3450,5287,9929,3624,8556,11086,7784,9435,-1970,3735,1362,-4770,7664,7299,-1177,1250,-3915,-9322,-1230,-2025,-10405,-1220,-4245,-9815,-675,-3195,-12605,2380,5085,2876,3450,6578,8729,3753,8430,13105,7784,6811,927,3735,7790,11276,8530,9196,2107,-2921,-6040,-2675,-2900,-3271,-4100,-1775,-2375,-119,405,2070,582,8141,7714,-146,-6953,3273,-4100,-146,-5422
4/15/2024,665,-87,3022,2136,1980,2701,171,-600,-2829,1190,2565,2621,2075,-4466,-4874,3165,999,-6451,-913,-1090,-8995,4665,8071,-2385,2979,414,-4755,8549,12044,4483,665,1870,4361,2136,1980,2517,1999,1125,2738,1135,1815,3366,2075,-1255,-21830,3490,759,-4367,-212,-12,-12631,4665,11227,52313,2979,-1589,-12130,9019,12076,51164,1120,87,105,2665,-710,87,1155,5591,-4340,-8690,550,-6230,1789,-8272,14216,12669,-5670,-4090,14206,27983
4/16/2024,4329,5780,9061,4030,5141,6513,5032,5488,10061,4630,3853,7514,1670,5705,18255,2043,4211,26579,5849,4996,39408,2509,8104,7403,1780,1721,5776,2743,6143,8350,3430,5728,12036,4030,5141,8387,4039,5436,10677,2830,5660,10871,1670,5705,31909,2043,4211,26728,5849,5381,36079,2727,8259,31479,1780,4701,33949,2743,8094,31179,5307,10429,5890,5137,5307,10504,3510,5137,10882,36505,6244,23341,11120,32707,9217,-5281,2695,7444,8802,-4778
4/17/2024,3220,7422,10016,4218,6925,12870,5224,8221,12002,2550,5126,12010,-245,-1981,-6108,2575,2422,2128,4930,-1560,-8104,9488,20876,1087,575,5521,-1749,10794,14596,11112,3220,8180,10016,4218,6925,11639,5224,8221,12357,2739,6211,12005,1125,2195,4770,2715,2422,6553,4930,12409,15515,9488,19180,30929,3375,10540,20246,10794,20626,29915,5117,11614,3319,11982,4876,11221,3692,12222,-3767,-8025,2245,11935,11002,2935,10638,8481,-1157,-3750,10633,23892
4/18/2024,840,952,633,1594,351,3450,1741,1806,1176,1600,1898,3572,720,2575,-4868,310,1333,-1872,4026,4360,1507,3838,9276,4595,1085,105,-874,3408,9847,15311,840,1591,-56,2020,351,2958,2063,2800,-610,2210,4237,3438,720,3990,-6917,425,1146,-2079,4544,6861,865,3488,5337,26886,625,6116,1126,3070,6026,28726,2653,1751,1666,5562,3239,793,2820,5562,207,1646,3230,-2086,2538,6361,17922,15536,2978,885,17922,39559
4/19/2024,575,1231,-2758,1735,152,1911,1408,-210,-3523,1465,3213,-908,-1590,-4330,-6755,-1135,-3410,-607,1182,-1095,-8845,6285,11305,-1680,-1135,-1675,-4470,8976,9390,24721,575,1837,-5720,1735,152,-1389,1591,1106,-7410,1996,4185,-3905,785,-5895,-15130,1045,142,6465,2915,620,-4992,6275,12472,43395,1320,1305,-563,9136,14102,44525,-388,2750,-530,974,-153,5663,-420,1033,-3820,-8680,870,-1837,-765,-8443,9698,42000,-4022,-4135,9688,36667
4/22/2024,1565,-737,1834,695,1570,888,1206,900,601,-540,831,-2315,1285,-185,3236,1280,-2052,-1278,3626,-1926,-3262,490,-4706,-2695,1820,5777,204,-2170,-4256,-6078,1565,745,-6143,1195,1570,12,1055,91,-4769,70,730,-3314,1495,102,2903,1245,-2052,-4550,1400,-4203,-11693,1649,-6354,-49124,1820,-132,-14099,-2120,-1404,-51957,-1292,-1659,-741,-1580,-2264,-3011,-473,-2913,2498,-3253,-129,93,-1463,-8034,-6990,-6771,-614,331,-6990,-7221
4/23/2024,2013,3969,7025,2438,4426,11748,3068,4580,9661,2473,5715,11178,2499,-3447,-3963,2855,4650,1498,6859,-1755,13230,5764,18729,-782,4244,-2410,-4675,8855,16099,672,2013,5495,7577,2438,4426,12017,3592,5451,10831,1943,4856,8275,3285,6766,10097,3795,7129,8072,7999,13430,19104,7148,21242,60496,4380,13335,21113,10265,20515,55064,-270,5511,2950,8550,1328,5717,2180,8565,-660,-4564,2415,-50,-237,523,2814,-6646,-1623,-3940,2814,-477
4/24/2024,590,154,-2144,-985,-10,-2398,1694,1270,-984,1740,1153,-3687,985,506,-4046,-625,-3525,-3907,-1605,-1960,-6668,780,-4933,-950,425,-2225,-4760,200,-2948,-6020,590,1295,-5307,-740,-10,-5513,260,1520,-5588,580,-205,-5863,920,862,6875,1740,-1860,-6403,-1106,334,-4971,3318,-5382,-46151,615,194,-9856,2545,-7600,-46955,-567,1012,-1814,-1645,-253,-1618,-2270,-1645,-866,-1107,-1380,-3823,-2844,-7739,-4777,-5065,-2208,-4255,-4777,-4005
4/25/2024,1945,-365,-893,920,575,-411,772,-3086,-1986,920,4057,-1927,240,-4304,-5930,1560,-700,-500,-514,-1940,-1946,3310,4110,2575,-1050,-1660,-2452,2425,-4165,-2535,1945,2937,-5711,1170,575,-320,1075,-845,-3986,1465,374,391,240,-3590,-7002,1560,805,6060,-254,5140,1070,3310,7912,2384,495,4595,-2500,2425,8875,2446,-156,-6567,-266,-3909,-1835,-4057,-1015,-4926,-3106,-8424,-315,2192,-4724,-5329,-455,-5704,-2572,-1414,-455,-6031
4/26/2024,2022,1004,194,3445,3215,-3564,642,3720,-1974,4425,1524,-1758,2610,1230,1782,3435,4513,12496,3991,6591,16569,2680,5532,-1813,3115,200,4339,5494,7344,-3716,2022,2331,1859,3445,3215,-836,2972,4390,1341,4520,172,1654,2610,2946,7693,3435,4513,12496,4768,9965,17397,3147,5873,-2743,3115,10387,17811,5494,5532,-215,-151,1031,-1926,-2451,567,329,-1816,559,2735,2172,733,3348,15248,14347,6172,-3895,15,4279,6172,-5829
4/29/2024,3925,11799,13457,6358,12640,12045,8419,11576,15814,3500,7640,14893,1500,12051,13894,2945,10149,17663,5745,9717,31947,6440,10250,-466,4662,5009,2781,2535,8215,1428,3925,12208,14517,7693,12640,14834,8678,11890,13962,3855,12135,12698,1500,14590,30555,2945,11829,29851,7695,13825,36750,6185,12350,35629,4662,12995,37020,2535,13640,35877,9264,14952,11096,15927,10382,13728,7584,15927,8833,18604,2601,13600,12525,11354,1090,-429,3743,3003,1085,-54
4/30/2024,382,-1859,-3720,351,390,-5245,652,-1386,-5468,915,631,-4354,483,-2023,-4610,1339,8947,5822,1419,-1870,5669,5679,10725,13070,1658,681,-1930,6939,9092,27317,382,600,-6742,1370,390,-2535,1518,493,-6185,508,-480,-5750,483,-2488,-8501,1489,-264,6407,2201,12505,2451,5362,10935,48176,1658,12505,1403,7589,11703,49100,-1709,-5247,990,-1405,-1179,-2657,180,-1210,-4170,-5747,-525,-680,12283,-1522,12165,32464,-1258,1900,12160,30482
5/1/2024,2145,4212,17273,3680,5242,14733,4331,5353,16264,1450,4453,17293,3915,4520,7314,4021,10225,19551,5650,5033,21256,6757,9182,7465,5095,4744,3213,6536,9283,7412,2145,3415,16974,3680,5242,14493,4331,5709,16134,1295,2789,15932,3915,9435,28450,4021,10225,25340,8321,11305,29297,6757,5495,8936,5095,11305,30074,6536,6152,6667,6942,12459,6080,11473,3904,12210,4810,12123,5136,9979,4980,20757,8021,13138,1324,13283,6163,3065,1104,11450
5/2/2024,1143,1150,-4995,769,1750,5009,-1249,3243,3894,-585,1362,5775,1736,3955,2036,-1360,1039,-5269,-1011,1687,-978,4013,-40,-2451,1020,2310,2406,553,-2937,-7440,2270,2197,-2412,769,1750,5253,-405,3469,4435,1700,2982,2932,1736,4407,11437,-1645,1607,2087,209,3226,6169,3930,1797,-19893,1255,3544,7760,748,2271,-19361,-1398,-762,-1280,3113,-954,-392,-1410,2891,-798,582,-4460,-6925,-3814,-2430,-6840,-6935,-121,-1028,-6840,-7440
5/3/2024,1444,4839,-723,902,5112,357,1982,4943,439,489,3495,-60,3215,7266,8724,4374,7055,7560,5277,9699,21873,4663,-48,89,3925,481,8299,5735,8915,-4235,1789,4546,4985,2339,5112,3006,3744,6298,5682,1987,5016,608,3215,7266,9782,4374,7055,17461,6259,10314,23191,4538,600,-13302,3925,9289,22575,5735,137,-11399,1059,-4123,-1133,-977,1915,-2800,-500,-1772,9030,15155,13347,6832,12590,23106,2323,-3987,-155,2507,2323,3293
5/6/2024,-510,-3626,133,-1055,-2704,923,-1022,-3045,-1223,-640,-1910,730,62,-4402,-5598,-505,1374,-5810,-1996,-1947,-8966,650,5711,4995,587,-186,-5017,1113,64,14962,-510,-3265,-1893,-782,-2704,3615,-963,-2804,-1278,-535,-2631,-1813,62,-4547,-26990,-355,1374,-8130,-930,-3064,-26138,1215,5612,43359,62,-3712,-26437,1553,6053,43359,-1665,267,-2050,2705,-1690,16,-1950,2705,-4100,-6635,-2790,-4365,-5170,-7904,2292,13149,-2659,-2047,2292,13070
5/7/2024,840,2234,-1185,2695,4540,-2930,595,3552,-4721,820,4578,-3823,-249,-10,-3986,-595,1329,-4579,173,-148,-3390,2492,2343,-1805,2599,3531,5936,5482,3777,-6992,840,2440,-6856,2102,4540,-7627,595,4130,-9036,925,3135,-7016,-1810,2958,2431,-300,1093,4462,-1208,6868,660,9816,-5910,-30102,630,7561,660,8654,-5695,-29486,636,-3367,-4075,-5287,-934,-1188,-2985,-5287,-1040,-4395,-2853,-2620,2174,-2874,-4655,-2232,5306,-1672,-4655,-4009
5/8/2024,2216,3396,5617,1248,5366,5592,-769,5566,3998,2690,3690,4702,3507,1754,1194,1670,-266,313,991,85,-702,1825,-2758,705,3310,-199,-3115,1880,550,-5239,1430,3396,5617,1248,5366,2963,-233,5725,2259,1050,2300,7413,3650,1741,13921,4010,759,9130,2165,2707,14212,5502,9294,7048,900,3944,14345,2180,6899,1514,3024,5328,5371,-1150,2793,5431,3910,-1165,-2379,8135,-1688,750,1230,3855,-4715,-4715,1088,-1733,-4715,-5250
5/9/2024,4243,8303,-948,12,7598,550,2072,6220,-365,1445,-1960,-3447,1876,11051,17910,5768,8160,12414,2818,10247,18206,5428,1366,-840,2487,8603,5853,6304,1096,-1481,4370,6713,5510,2773,7598,-1159,3033,6368,3306,3367,6173,-4070,1876,11051,21251,5768,8160,13076,3362,15324,21327,8537,7529,-13989,2487,15139,20530,9004,5039,-15381,4582,-5753,132,-6300,2764,-4101,-408,-6795,14027,9639,11622,2505,17985,2755,404,-1281,6562,497,404,-3409
5/10/2024,115,-1315,-3253,-2000,-2810,-4007,-1434,-3392,-3863,-595,200,-6020,3439,388,-2049,5465,3401,-3923,509,2939,-287,4400,7983,-1401,2975,874,-1589,4061,7376,-4854,115,-3925,-3877,-3085,-2810,-5020,-3070,-5030,-5170,-1630,-2505,-6460,3439,1,3093,5465,3760,-5661,-2070,1222,-72,4746,12086,-49893,2665,1239,-3402,5041,9358,-53693,244,-3186,255,-5822,-61,-3046,-1570,-3657,-617,1440,1471,-2405,-1276,-1596,-3464,-3328,754,3933,-3464,-5910
5/13/2024,-1170,-1811,3119,1310,123,1053,685,-448,3499,-415,932,1118,8275,15258,17143,6090,7062,11675,5154,13878,21658,4612,18561,4095,10120,4498,3619,5085,12746,9466,-1170,-1525,9429,1310,39,494,685,-190,7124,-2090,-2130,6499,8275,15258,23784,6410,8774,18744,5541,18166,39140,4612,21490,63997,10120,18166,39140,5612,21545,63997,89,-472,2679,-5268,628,-2766,3960,-4901,19403,14513,14142,168,20665,12995,14143,-1133,14242,440,14143,1408
5/14/2024,650,1495,-1449,-285,1620,308,-368,-746,-1449,65,-155,1501,-1285,-2718,-5867,-1110,-2955,-6986,-824,-1580,-8963,960,7684,-872,-639,-2350,-2490,1370,7848,9350,650,1495,-954,-25,1620,1989,30,5,650,-625,1475,-386,-1285,-200,-7240,-835,-1481,-8541,-305,1928,-3114,1027,11147,27510,-590,1633,-4151,1895,11340,27510,495,-1013,1655,3641,928,1311,2836,1558,-3617,-8945,-1885,-4480,-1199,-8448,11350,17782,-6095,-3890,11350,20602
5/15/2024,1859,1356,-106,1210,789,4792,-402,195,2447,2410,885,4341,-1655,-4005,-6485,3465,-3,-5506,505,-1995,-8639,3764,12919,6067,-1083,-1675,-4660,5314,11342,29522,2140,2070,2271,1484,789,6192,1639,1924,3328,2002,2047,2324,975,-5898,-18658,3465,-1258,-1709,2759,737,-5689,3224,10385,50654,1930,657,-4828,6424,13488,50654,1182,2594,416,4142,274,3055,643,4291,-4470,-8690,670,-848,1182,-1645,16328,27706,-6295,-3925,16328,25898
5/16/2024,310,-368,-933,1689,-1393,-3411,3971,-957,-3407,-535,-1076,-3980,645,-3550,-4951,-1050,-3751,-4747,-1616,-2000,-5986,-1345,-2482,7964,367,-1795,1520,-1935,-572,7761,310,-368,-118,669,-1393,-7036,-176,-583,-7756,-510,-1167,-8686,645,-7920,-14730,-1765,-8130,-9749,-2956,-11545,-17807,1299,-13265,-10221,-1705,-11990,-17807,-4650,-13265,-10221,-1188,-5062,-1651,-4469,-1295,-2323,-2106,-3674,-3756,-8727,-1945,-6906,-6342,-7364,-4160,-5795,-1951,1043,-4160,6731
5/17/2024,805,-650,2235,544,1407,7122,706,1672,696,1504,1509,6691,2485,-1730,-1909,4483,4003,4438,3139,-260,9944,8136,13020,-1058,1415,3028,1342,6723,12778,1960,805,-492,5235,544,1407,9182,1200,1132,7712,1460,427,4970,2525,-2380,-8243,4483,2912,9217,3139,-1445,16595,7624,13673,93286,5810,-1445,14925,6963,13673,94416,5714,11176,4205,7628,5646,11319,2448,3198,-1685,-5870,6724,19213,9765,12775,13146,-4805,1356,8513,13146,91
5/20/2024,1783,9337,3740,1687,8483,-2858,4280,11599,2198,212,5239,-3504,223,12854,22207,1382,16691,7584,8045,17180,31707,435,21766,-1403,138,7728,2969,3757,13520,-4961,2530,9088,6208,4797,8483,-2717,5384,9844,4558,2352,6005,6398,467,14821,25221,1382,16691,11582,7600,27151,34099,2119,26987,-4224,1152,27611,34641,5682,26171,-3423,8637,-2272,9225,-7133,9092,34,9225,-4005,17179,7580,12234,-1703,20629,4964,6137,-5972,6397,615,6137,-5911
5/21/2024,315,-1112,-634,-1782,-1752,-686,-2035,-2654,796,-885,-612,-3909,53,-4424,-6594,-95,-2215,-5257,-2000,-1620,-6007,340,384,978,1171,-2405,-4005,-90,400,95,315,-1112,-2433,-1499,-1752,-564,-1720,-2367,-2058,-480,-1197,-2666,53,-8105,-21638,-20,-2215,-6675,-4692,-6561,-11210,111,-607,27340,1171,-6886,-11210,150,7,31491,-1677,3855,-1807,3245,-1677,3429,-1812,3245,-4405,-8731,-4315,384,-6416,-1737,3170,-3325,-2704,-4680,3170,-3583
5/22/2024,195,1257,-4997,197,720,-5000,150,-120,-2452,-455,-285,-4565,170,-4360,-6995,-1440,-2745,-6000,-1395,-990,-9000,-1465,-6470,-511,-1275,-1860,-4365,-2445,-651,-7480,195,410,-5080,430,720,-3515,-275,-1235,-6205,-385,1445,-5053,170,-5695,-16753,-1995,-5595,-30205,-3470,-8945,-30354,-3151,-14728,-84356,-1060,-9210,-32110,-1460,-15745,-88495,-2892,1461,-3135,2072,196,5050,-1890,135,-4498,-4980,-4500,-2445,-6500,-6000,-6985,-5240,1504,-4355,-6985,-5606
5/23/2024,515,-176,-685,1190,370,89,4,928,-5462,1785,1097,-2604,1165,3442,-951,2230,-806,3959,3516,5434,178,-410,1847,945,1475,-205,2676,-730,3952,5424,515,805,-1500,1780,370,-709,150,2345,-922,1789,-301,-864,1165,3442,-1241,2230,-806,5276,3516,6598,803,-410,1847,16562,1475,6881,70,-730,1837,16258,429,1700,2048,5283,626,2330,2188,6468,3809,-5590,285,6995,4925,3796,3635,4109,4316,7635,3635,10196
5/24/2024,1150,5496,8314,7,6105,4259,1858,5132,9126,935,7222,7097,775,8064,-1219,445,1021,-4444,1161,1116,-3911,3158,-3115,-1239,2134,1114,408,4482,-1313,-5870,1150,5655,7658,857,6105,4777,1357,5132,7789,965,6246,8612,775,2462,-915,445,1166,-15660,-2083,276,-10156,3599,-1578,-43991,1440,-61,-16644,5610,-3025,-48546,4317,8909,5103,8185,4702,8582,4598,8656,6427,5166,-2190,-3366,443,-2691,-5950,-4511,1698,1305,-5522,-4081
5/27/2024,1935,1619,92,1118,1453,2297,1269,1619,92,1330,700,3657,1645,-1775,-4065,1290,2710,3262,3717,725,6523,2795,12305,1680,1835,-80,-75,4685,12126,6332,1935,1619,5125,2705,1453,7546,2733,1619,5125,1990,2439,4488,1645,860,-1760,1290,2710,4568,3717,7870,6553,1967,12855,34126,1720,7870,6553,5095,12855,34126,1750,336,1038,2324,1750,-209,1038,764,-3884,-7768,-1390,958,-2531,870,679,4264,-1509,-1165,679,4789
5/28/2024,3595,6449,14220,4654,10097,18399,3315,6393,11406,5045,9521,11255,1575,2617,11767,1860,5135,11076,2670,4245,9609,7140,2745,-1453,3540,3024,3781,7240,3305,-4455,3595,6449,10700,3144,10097,11665,2730,6393,8741,3235,10714,8811,1575,2792,29722,1890,5155,26291,3889,5850,24892,9191,-5551,-8654,3540,5660,24362,2620,-5980,-8659,4801,6346,3074,10837,4666,7751,2702,11074,6874,13859,7968,11065,7353,7092,1034,-5751,6205,209,1034,-966
5/29/2024,258,1926,1077,1057,1635,2435,2039,738,3170,45,2806,1993,3067,6871,7091,1695,2319,13568,1937,7652,206,-985,-1635,3310,2292,2623,3478,60,2175,2276,450,1926,1657,1057,1635,2258,2039,738,2522,-445,726,677,940,4247,-4222,2654,2319,2706,694,1759,-9392,1365,1449,-20057,625,519,-16547,-920,-5440,-32493,519,3255,-1411,4332,-936,781,-356,2133,7566,-699,4947,4763,8730,-1618,-990,-827,4779,9024,-990,1658
5/30/2024,2341,1324,-1937,1355,208,885,595,1347,-2402,2437,2506,2491,165,-4380,-6965,-1115,-3880,-6955,1778,-1979,-2555,3048,11,6228,-84,-2224,-4415,4640,1425,6778,2341,2338,-1422,1355,208,418,595,1331,-2759,1962,2181,8469,165,-5269,-11934,685,-3680,-3201,3550,-1650,-2070,3610,8,19708,1125,-1915,-4473,4756,368,17612,1602,6500,-270,6979,341,4561,1192,8914,-4297,-8979,-1720,-4475,-3709,-1249,661,18152,-6795,-4080,541,16354
5/31/2024,3257,-1028,2944,1632,3792,8054,1290,960,4236,3367,2763,9457,-820,-2001,-6768,-1245,-1249,16682,-85,-1120,-697,1665,-2642,-2120,122,5272,-2226,-681,-3450,-66,3257,3169,3430,1632,3792,6232,3203,1915,1706,3306,6851,6207,-495,-2705,-8749,-1245,-2383,15185,1651,-2965,5035,1790,-4192,-23534,792,-3100,3613,-1221,-3398,-15079,-506,-856,2280,8154,161,2940,2660,6805,-1965,-7908,-523,-5753,-2386,-4584,-6746,-5513,-691,-1997,-6746,-2203
6/3/2024,64,-835,2521,-75,1190,3398,-960,1955,4597,1260,983,1206,-135,-4380,-6485,1140,-3180,-6485,-1700,-1110,-8820,2465,-1547,-2980,2080,-2340,-4175,-520,69,-4730,490,1615,4967,280,1190,955,590,685,1152,-35,-718,-6221,-135,-6880,-15970,1140,-2945,-14566,-3800,-3466,-7406,3389,6450,-11284,430,-5231,-12436,1092,3764,-12149,1719,5319,3147,3907,1340,3555,1190,4201,-4155,-8500,-3985,-6485,-2510,-8500,-6765,-5540,-4216,-4175,-6765,-7215
6/4/2024,315,-2589,-270,258,-2547,-3542,-936,-2346,-1296,750,57,-2893,1425,3592,2422,1680,1734,-328,2814,4688,2327,435,-2409,772,945,2533,1773,605,-479,-3038,505,-4015,-5616,-2125,-2547,-13308,-1215,-1807,-9769,863,-4605,-8772,1425,2859,4794,1680,1734,4639,3339,4296,3865,435,-1772,11105,945,3240,1643,605,-1344,14469,-3571,-4543,-1746,-5580,-2579,-1647,-1750,-4805,1852,3376,404,3862,1021,5841,-3143,-624,627,-926,-3143,-307
6/5/2024,485,-204,1604,1310,660,5343,-227,-519,700,1675,1485,5116,-1975,-3977,-6114,2026,-3867,-1658,-1969,-1917,-8031,2640,11460,4218,-1056,-678,-4700,3784,4766,22921,485,1020,1474,1590,660,5909,1448,456,1648,1420,3990,1500,-1585,-9203,-28704,2026,-5757,-3667,2582,-3788,-19361,933,11972,61107,-1235,-4138,-19343,4529,12060,61782,1082,2834,1089,9398,532,297,1071,8960,-4156,-8874,-4475,-1185,-6077,-7203,13793,27217,-6995,-3608,13793,30927
6/6/2024,1095,-1763,-2685,-1068,-671,-1623,-843,1330,-905,836,80,-2271,5146,4655,11669,4416,11147,9038,6821,7773,20496,5971,26693,3027,7310,13555,3498,10287,25377,6636,1095,-1763,724,-1068,-671,-2563,-843,1630,5137,686,-2954,1869,5146,7694,16422,5121,12194,12909,6755,11806,33177,6597,26693,44883,7310,10841,32757,10287,26693,45842,2587,-984,1317,-5244,1287,-1103,-790,-5244,5520,10672,1163,6905,7751,16626,2504,-3095,7068,-118,2504,-2620
6/7/2024,470,1547,2110,2334,1855,-1803,1845,2973,-2100,330,1113,1335,1430,2639,4242,175,6075,-2019,-365,3672,3078,-1185,3807,7471,-565,6712,3588,-193,6702,-2415,470,2372,1249,2334,1855,-927,202,2859,-2641,635,1977,1862,1430,3699,8924,175,6075,4067,-525,4815,3756,-810,5902,-27799,-565,4535,3331,1637,3239,-27799,-596,-3611,-1280,-6656,1469,-1625,-990,-6626,1760,3797,4518,-1340,5003,296,4783,-3925,4508,686,4583,-2155
6/10/2024,6430,7402,6124,5246,5925,3908,4491,7657,4601,4890,6893,4925,2592,4891,13418,3280,9800,21624,3233,3265,31274,5027,16193,277,9782,-2115,3596,2230,23922,-4841,6430,6779,9818,6150,5925,4996,5505,7053,8707,5485,6430,5362,2592,7363,32506,3280,9850,30313,4043,24625,41798,7228,18895,11943,9782,25325,42931,5886,18642,10839,5518,3906,4129,1958,5518,2120,4414,1958,4744,9422,13146,12748,16285,11520,3184,-1319,3332,4482,3184,-2335
6/11/2024,-567,-3188,-2385,480,-2970,-1181,-969,-3188,-3963,355,-2130,-2366,-610,-1347,-5648,-350,-3080,-6879,-1599,-1991,-8991,750,533,3656,-1243,-1645,1076,1320,1323,17828,20,-2160,-4429,740,-2970,-1767,545,-2160,-4429,-525,-2208,-4731,-610,-511,-14086,-250,-2640,-8837,549,-2232,-12584,655,533,29310,-1195,-2767,-12924,2205,1175,30376,-936,-4196,-1242,-752,-796,-4284,-1215,-448,-4057,-8488,-2625,-1636,-2851,-7971,3641,3715,-2033,-1799,3641,3860
6/12/2024,3580,8985,19733,7155,8770,28223,8103,12256,20480,3645,5567,24683,5100,18859,36977,6800,16982,37704,9015,14582,36465,7085,15387,7127,5484,8662,7588,8565,21355,10565,3580,8064,22680,7155,8770,28613,8103,12256,23430,2130,6269,17487,5100,19711,49258,7910,18652,55631,15279,19108,50030,6458,20637,78034,6049,17558,51460,9170,20437,78034,6659,11695,422,16193,5149,11540,47,13403,18645,35474,20555,41307,22749,32517,15020,2939,9400,12274,14870,11766
6/13/2024,1966,1070,5980,2921,2156,4219,2788,679,4336,690,1195,5484,493,-3707,-5826,157,-1856,-5946,-2000,-1000,-8096,2883,3283,3014,2231,-970,74,5151,-2725,-5138,2380,3150,8089,2921,2156,6098,2179,2242,5726,2050,3575,4503,224,-6176,-15587,157,1195,-8247,-3950,-6161,-11083,2883,5299,-6072,633,-3556,-14047,5151,2561,-4654,1675,11346,1344,-430,895,9652,1450,-430,-3010,-3814,1185,-4460,-5272,-4555,-3467,-4832,-153,2563,-3467,-5322
6/14/2024,-824,-2233,-2417,-1318,-1205,-2672,-1318,-2576,-3283,-330,-222,-3718,1000,-784,-4718,695,1273,-2937,-996,-937,2861,745,9048,1681,1270,-1990,-592,1450,6454,7087,130,-2233,-4071,-1318,-1205,-3632,-1318,-2559,-4465,-1045,-2613,-4993,1000,-1859,-10757,920,1729,1044,-1531,-205,1325,948,8582,40423,1270,-205,1325,1765,8982,40397,-384,-2898,625,-1400,-562,-652,2059,-1474,-511,-4792,4559,1583,2322,797,17092,7105,-2254,654,17092,6994
6/17/2024,2745,1179,1512,2950,388,5301,1728,108,2330,3271,1221,5178,-1950,-3940,-6975,810,-3040,-6260,299,-1765,-8981,5175,-1595,-2930,-110,-2075,-3940,4860,-90,-6995,2745,1708,3717,2950,388,7354,2600,1060,4790,3489,4860,6766,-1590,-5800,-11575,255,-3495,-7735,1333,-6890,-18960,4223,-1795,-21428,1005,-7310,-18120,5750,-965,-19901,303,4399,147,6829,-1308,3623,292,5848,-3855,-8077,-4170,-2921,-6184,-8491,-205,-6915,-1732,-4820,-205,-5494
6/18/2024,2215,2332,3590,1876,10784,-157,288,3643,2599,2205,10214,-1624,3375,6996,12648,2530,4684,6851,2600,15387,7344,3756,6240,-529,3368,1438,7941,1875,4019,-2160,2340,2248,2674,1876,10784,-3046,221,3519,1630,1163,7951,2482,3375,7816,22330,2530,5337,10917,3493,17657,20126,3768,6500,-17059,3720,17749,20782,1925,6310,-21211,3364,-621,6143,-4005,1724,374,6469,-2525,7498,9731,1224,-4640,3576,-4635,-4505,-2823,3506,3484,-4505,-4092
6/19/2024,675,35,3930,1395,860,3050,1395,860,3015,835,650,3050,2315,1955,7060,1290,2025,8291,5625,3550,14607,2220,6790,3530,2090,680,2410,3580,5405,10763,675,35,3050,1395,860,3050,1395,860,3050,635,35,3050,2315,1530,7250,1290,1505,10743,5625,5555,15090,2815,6790,21645,3370,5555,15090,3580,6790,21645,-1999,-1774,-3430,-3505,-1999,-1774,-2820,-3505,1775,1390,2165,2130,495,790,-1065,-1920,630,1315,-1065,-1920
6/20/2024,1560,4411,8679,2138,3771,6276,216,3162,2602,-715,2763,1447,-605,-3650,-6440,2900,6740,12620,4217,-1840,4099,7875,23915,3583,1775,1378,-4505,9205,21632,50272,1560,4411,1645,2138,3771,3542,561,3295,6475,2675,1101,1495,265,2158,1666,2900,6740,12934,3825,6419,13442,7875,22035,51840,1900,5674,12354,9205,22182,44979,5200,5904,3567,2263,3498,2400,2473,572,-2186,-8638,4000,17070,8889,13444,11734,35327,3939,-4050,11729,36883
6/21/2024,4471,5211,3825,3531,6819,247,2570,4686,659,3960,6005,-2582,5391,12292,14157,7030,9310,4743,7956,5830,26878,11232,895,5045,3470,7685,6217,7351,3720,5844,4114,5292,2926,3531,6819,400,2691,5083,4484,4600,5726,1815,5142,10349,19657,7533,13061,14277,8561,17031,23682,12330,8335,-4025,3645,17031,23682,9473,9581,-1289,3268,-1846,1344,-3522,2447,-1907,-214,-5978,8740,21438,-2445,437,5055,12170,1611,-5315,7945,10340,1606,-148
6/24/2024,25,325,-3349,590,-699,598,-185,-1116,-2585,495,1021,803,780,1360,-4947,1563,1942,3060,2143,2869,132,3331,7042,621,1485,2573,3955,4841,3352,12874,575,820,-2981,671,-699,1694,661,-239,-671,276,-499,-367,780,2179,-1934,1563,1942,6631,2971,3455,486,3684,6046,44110,1485,3583,1316,4841,7172,40694,-1120,349,-534,1410,-2540,3025,310,4072,3178,1031,1330,11430,6257,6245,7741,25496,-466,2411,7731,24569
6/25/2024,1590,2287,3271,-570,1471,4638,-719,530,1129,-540,1464,3652,2674,-1915,-4597,1890,3460,5157,2299,-1807,6551,1630,9103,7525,2848,-1278,-1133,2625,3883,17986,1095,2879,5506,-300,1471,5662,-160,855,3636,-590,1031,3494,2674,3313,-1936,1890,3460,6530,2864,5531,15251,1336,8557,61111,2873,5293,17443,2465,9826,61860,1857,6051,812,3820,-137,6144,792,3820,-1862,-4023,2016,5542,2936,7286,13194,17843,-771,-648,13194,16828
6/26/2024,1284,3420,63,2515,1280,-1604,2347,3079,1236,330,1433,-1003,2850,7060,24240,3022,4720,6177,5682,1064,19911,1170,3217,-2170,3057,2345,2224,1075,307,-1658,1565,1542,5312,2985,1280,-1850,3080,1570,2024,1600,557,2697,2850,7060,26324,3022,4923,10393,5682,8403,22735,789,4351,3568,3212,7660,23262,2730,3689,4801,4647,4142,2429,6282,2582,3905,4774,6282,7819,12729,1616,1307,5439,4204,-2670,-4976,2897,2788,-1770,-3481
6/27/2024,1030,1107,-821,-345,1291,-3784,1477,3718,-4500,-915,-1490,-7990,1915,16828,15968,690,4840,-4661,1077,9246,9,1491,-5558,-1550,1669,10297,-1965,1185,-2867,-7036,748,-1145,-4234,-525,1291,-8815,1280,1428,-5523,547,-1708,-3036,2352,17450,24878,1445,4840,-3323,2149,16146,-5104,1691,-6143,-51684,1620,15066,-5339,1116,-5910,-51125,1488,-6901,-1140,-7510,-716,-4771,-1330,-5377,16697,29788,1253,-750,10318,10948,-6770,-6713,1415,8053,-6770,-7140
6/28/2024,-675,3102,2828,907,1590,4859,-46,2786,-1939,575,4887,5055,1185,-3585,-5469,1306,2632,-6429,-1321,-1060,-8384,-1235,-6235,2821,284,-1743,205,-2310,-2340,86,35,3471,1165,907,1590,4859,349,3427,4237,655,2662,3120,1185,-4890,-16173,1306,2707,-5358,-1086,-1110,-16654,2711,2179,29353,211,-2508,-16943,4920,3434,27257,188,5609,4323,10236,4734,8535,1548,12537,-3695,-7245,-1357,2252,938,-8244,-1485,34910,-1510,-5265,-1485,23102
7/1/2024,-876,356,1386,1125,-606,2870,-820,-661,-2491,485,922,2851,1020,615,-2951,-1150,-2280,-6149,59,-1959,-2403,-380,-515,4213,563,-2050,-1980,5,1484,-2240,710,541,1763,1125,-606,-12,680,-965,1332,920,255,1527,1020,-925,-6943,-590,-1846,-1222,1104,-2165,-5909,-1392,-385,18912,845,-3067,-5349,673,-166,20251,152,-648,-496,-63,-327,-3682,-261,3610,421,-3579,-4005,-6860,-2509,-4760,206,-6206,-2492,2735,206,-3700
7/2/2024,344,-1120,-3124,1070,-1260,-1359,-670,-1198,-1646,505,2732,576,921,-2724,-6751,1895,4395,1628,-1108,-1885,-6458,1301,13923,10322,2125,-2381,-2519,4315,10038,22212,480,-665,-1419,1070,-1260,1010,255,-580,-860,445,-215,-1696,921,708,-19137,1895,4395,2161,-681,5600,-10672,1301,14497,59054,2125,4506,-7327,4315,14859,59054,-2335,-2555,790,4099,-682,-3757,126,3841,-4430,-8745,2820,3272,-2081,-7156,16286,32912,-1230,-5475,16286,29261
7/3/2024,1610,2038,3730,2765,3923,5205,492,2816,4156,2105,3475,5679,1360,-4500,-4180,1315,2345,-4700,-1720,-1125,-9000,3245,6518,453,3000,-2250,-4715,5331,9069,7652,1610,3335,3889,2765,3923,6508,2832,3403,4581,1835,4170,2541,1360,-10165,-20535,1315,2345,-3635,120,-5475,-6965,3245,5859,25753,3000,-5450,-6965,5331,6518,28174,3098,4645,4042,6979,3722,2451,3133,6979,-3890,-7785,-3270,-6360,-6374,-8500,5461,13582,-6740,-3965,5461,13571
7/4/2024,1895,4485,7001,4110,5209,8028,4455,5294,7001,1910,2670,9670,1440,6865,8750,2270,6610,13095,8305,8240,20585,3575,6400,2980,2465,2075,1165,4385,4710,5835,1895,4485,10188,4455,5209,10188,4455,6099,10188,1705,4150,10188,1395,8175,11165,2270,7460,14740,8735,14730,22725,5425,18280,38920,2935,14730,22725,6510,18280,38920,-1957,-2162,-1235,-3570,-1957,-2162,-200,-2435,3700,4125,1775,2355,940,2105,-3370,-2095,-530,-170,-3370,-2095
7/5/2024,65,-631,806,188,-602,2682,-1008,-1793,1273,905,-783,2950,2063,-2650,-6930,1963,-3235,-4264,938,-1985,-7920,5250,12728,2092,4755,-2090,-4670,6205,9644,17073,65,207,1749,490,-602,3928,721,-158,1704,575,253,2087,2063,-1755,-14507,1928,223,-2152,1460,2329,32,5309,11847,42754,4755,1799,250,6345,12728,46557,45,2587,2287,6517,-50,2582,1610,5884,-3860,-7385,-2437,-2340,-4387,-8355,7679,13125,-2266,-3975,7679,21250
7/8/2024,1685,2700,-619,-398,1834,-3909,-953,-1440,-5048,1010,1582,-5025,920,3695,21766,1070,2241,11524,2933,4074,22894,-763,-1150,-2170,2559,-852,7909,-860,3079,-6279,160,2700,-1194,-398,1834,-4691,-953,-1300,-3360,55,1521,1347,920,4685,32340,145,1315,16148,3224,3872,32564,2488,-43,-3516,2709,3850,32564,660,-2705,-3516,-637,-5054,-2720,-6790,-748,-4661,-2641,-6070,9199,23962,1566,6467,5628,16306,-6897,-4165,7028,11206,-6897,-3175
7/9/2024,228,2290,-845,125,2527,2642,-419,1609,-742,565,1670,2674,1471,-3855,-6670,195,-2610,-4872,-1330,-1850,-2920,1869,-4823,-2940,2904,2840,-3520,326,-1699,-3878,525,2973,7425,125,2281,4362,110,2263,7270,35,1890,6150,2905,-3218,-5892,195,-4515,478,-1391,-2525,-772,2784,-5095,15292,2904,-2945,-1068,351,-7995,18071,856,5439,1272,2912,252,2730,1272,2912,-3855,-8850,-1000,4795,3796,10311,2766,-6863,-2554,1440,2766,-6635
7/10/2024,660,1409,-1081,0,445,-4120,-910,-455,-2505,-15,-615,1549,-185,-4065,-3292,-465,-3171,-4289,-1965,-1584,-1610,2019,6127,5443,-32,-532,-2133,2105,4490,-65,660,1620,3827,250,445,5003,300,1045,1990,184,-182,4189,-185,-6205,-17694,-440,-2575,-6941,-1736,-2755,-3455,2033,5070,37177,215,-2755,-3565,2745,6616,37648,-652,2743,630,5336,327,-622,-160,-1826,-4195,-5486,-4405,-2670,-5148,-3140,7802,12678,-1180,-1449,7802,15542
7/11/2024,1390,1805,574,2743,3250,1417,1543,3253,-2439,1970,1010,1989,1730,-4375,-6515,2365,-3480,-6987,3812,-625,-8914,5554,6842,-1185,4430,1874,-4200,7157,6682,19443,1390,1805,1331,2743,3250,1519,2322,3263,-1120,2615,2523,2941,1730,-2410,-9770,2365,-485,835,4165,3845,-915,5554,5219,40665,4430,3530,680,7157,6682,40101,-378,406,-1524,2281,-3007,-1727,-1584,2136,-4115,-8415,-1305,1107,1518,-8464,13385,23885,-6130,-4075,13385,29044
7/12/2024,3766,4870,2370,5789,1450,10170,4848,7708,4395,3616,3620,10383,1170,1899,367,695,-450,-3209,9971,2121,682,2010,-2174,1433,3045,2242,-1697,5145,-963,-4701,2990,4085,7551,6184,1450,12305,5994,3045,7778,4252,5651,9521,1170,72,6018,270,-1000,-3296,8196,-1015,2301,3913,640,-3348,3045,-1060,1356,5145,-3185,-391,7251,18249,105,11097,2294,7727,1890,11549,-189,473,-1730,-4936,591,7038,-5854,6896,511,39,-5854,476
7/15/2024,2900,4671,14067,3495,7275,15808,6456,7591,15746,2567,6767,18869,1055,4116,4529,1560,4533,4547,-677,2079,9533,-1465,8401,5525,1641,3595,31,-600,10411,-5831,2900,4928,14116,3495,7275,17609,5838,9786,15506,2692,6506,14361,1055,5844,11738,1320,4533,17082,1125,8387,16765,865,10159,35998,1841,7237,16365,1305,8735,35466,9998,8617,11052,10174,5911,10686,7180,10805,4538,12931,7328,24273,8233,5505,10036,-5005,1469,386,9896,-7427
7/16/2024,56,-370,-3650,-628,155,819,-519,-2727,-3396,-580,3826,-1940,625,3839,-1938,745,89,-4799,1075,1392,5532,1360,2864,-1219,905,5415,5165,510,5173,-3392,720,505,-5049,-1428,155,-4770,-2272,-3645,-4480,470,1416,-4691,625,3839,-606,745,89,-8217,1075,3596,-4348,1360,2049,-14106,905,3371,-4219,510,2864,-17363,-2506,-3847,400,-3088,-2302,-476,1148,-1313,80,2582,-473,3542,-879,-807,-2480,-862,-196,2745,-2480,504
7/17/2024,1397,2916,-3,3146,2573,2218,2066,1484,555,1172,1398,2868,1088,-3818,-5935,2837,3920,-328,3200,79,1417,5098,13691,-1217,2133,-429,-299,7627,13110,23657,1397,2490,2183,3146,2573,3568,2903,2782,1157,829,1543,1577,1088,-412,-2560,2837,3920,789,5419,3165,4660,4520,11070,54002,2133,2813,4451,7805,13691,53670,5004,2240,4971,3629,4054,1039,4870,3640,2301,-3849,5366,-1135,4003,12528,19744,26388,-1619,-1013,19744,27557
7/18/2024,1536,5872,16186,4535,3535,7428,4701,5859,14670,1454,2732,17536,860,3157,-6975,1505,361,-6975,5164,4661,20504,3795,10816,-1635,2403,1141,-4720,4910,5797,-3867,1536,6657,19885,4535,3535,14563,3396,6312,12125,1769,2157,16409,860,3380,21479,960,361,27392,10347,8862,33744,3795,6822,55059,2403,7497,31992,6600,9875,56131,7333,14841,2495,17588,7391,10245,4426,13062,768,3434,5236,12102,8727,25239,14321,-3753,170,-4045,14311,-1488
7/19/2024,285,1039,-685,1392,-1266,3702,1909,2285,2146,340,-110,3593,15,-2600,-6620,2365,3892,-3618,4031,-1795,1501,3627,15621,-2130,425,1345,-4255,5872,10848,265,285,-194,2902,1392,-1266,4181,852,1845,5676,968,-1140,-98,15,1915,7559,3020,3892,7575,2915,7955,12177,4749,14697,31615,615,7866,11107,5872,15391,32315,2846,-247,-38,405,2564,1271,97,-164,-1962,-6060,8760,3249,-1306,6127,16955,-4815,885,-4020,16955,18944
7/22/2024,3415,5476,5402,3625,5400,6824,4884,4158,4143,3735,4634,12921,2720,7362,5795,1580,2293,9109,3710,5653,2960,2790,666,2243,2257,4012,6711,-1110,2857,889,3415,6276,6666,3625,5400,8628,3113,5432,7294,3896,7131,9143,2720,7362,13204,1580,3643,9109,4008,3776,2023,2406,-7777,-31001,2390,3621,1851,-1150,-7060,-30285,1710,4791,2074,7342,3291,3749,1058,8167,5473,2724,4415,-357,1998,-5226,-5899,-3395,7138,5492,-5899,-4303
7/23/2024,1721,441,1456,1202,-2163,-5835,1215,574,-1335,2130,2405,-5220,2305,6716,13288,1790,1808,10844,4660,8154,16895,1460,-1008,-2972,1486,3350,10968,-460,2963,2023,2025,524,-669,1202,-2163,-6560,1516,686,-4115,2070,924,-6734,2305,6716,12781,2020,2147,17892,4660,7620,16895,2933,3737,11911,1900,7656,17645,2040,1968,5524,2196,-1759,134,977,645,-521,1340,-2291,10689,17322,8488,19067,9835,22710,-63,-1151,2504,8384,-1168,4216
7/24/2024,2155,3235,4773,3010,1147,8973,3523,1426,5320,1500,4841,8887,-1100,-4488,-5800,-90,-1126,-6758,-188,146,-8860,5155,9048,16130,1460,-1557,-5790,8178,4816,36933,2155,3542,4731,3314,1147,9475,3523,2499,6822,2810,4624,10249,-790,-7785,-24655,410,-2159,-8015,38,-1880,-14845,5030,8030,49939,1590,-3025,-17080,8178,8628,51911,3413,6902,2990,12924,3118,6902,715,12184,-1954,1036,-4280,-3874,-2423,-8394,10359,44657,-6430,-1295,10359,40242
7/25/2024,1270,2095,8735,2481,2575,7510,1303,3164,1800,1880,-260,8155,1025,453,-1355,1340,595,1051,1423,1265,-2220,3115,7543,10714,331,10986,643,3710,3835,-1398,1270,2754,6776,2481,2575,7510,2486,4560,-81,2020,2747,6915,1025,456,-5303,1340,810,-1934,-263,1768,-6883,3115,5435,4008,810,2398,-7895,4110,8445,367,5691,-1564,2450,7477,6988,-882,2775,6431,1346,-2095,1015,1266,5081,5305,17339,9495,3676,1489,17324,-1897
7/26/2024,2900,4527,3405,1416,4349,2660,3218,2621,1401,2920,4048,682,1685,2251,6308,2595,4762,-3505,2598,931,6108,3825,6010,3922,2250,134,2781,2061,3789,3712,2900,4720,3908,966,4349,-3607,579,2479,-6052,1945,3496,1372,1685,3099,9876,2595,4762,-3213,2598,1706,526,4511,510,-18879,2250,2686,1295,1830,945,-23188,-1003,-2126,-659,-7839,-393,4113,-538,-5237,5329,17481,-968,-1654,508,469,-487,-2984,1087,6602,-492,4757
7/29/2024,2842,1641,-4945,-1190,1448,-5170,-1455,1371,-5365,-65,1950,-5251,665,4278,-2474,885,3520,1065,799,1635,-4998,2734,-37,-1753,160,3177,2305,1558,1328,-7498,885,2095,-2393,-880,1448,-10680,-1555,-2720,-11810,990,-1059,-11660,665,4278,4297,885,3520,-944,521,2705,7708,3431,7273,-2422,290,45,3192,4565,5600,-2553,5079,-2106,778,-6520,-4325,-1768,-802,-7025,6809,5854,2455,-531,-1273,-4155,-735,-6530,3249,-319,-735,-3593
7/30/2024,2386,4087,6588,4509,3030,9046,3631,2667,6129,1931,2663,10451,-1505,-4315,-6715,-120,-3405,1734,-1575,-1110,-7985,4131,9122,-2095,-1170,-2250,-4405,7981,8539,2083,2386,4160,7300,4509,3030,9534,3631,3511,7645,3001,5409,11722,-455,325,790,940,3059,10433,3186,3685,5700,4556,8177,16938,300,1155,666,7981,8912,18027,8166,14343,5792,20030,5713,14022,5856,16908,-4235,-8985,-1115,3988,4167,-7430,4290,4325,-6305,-4400,4285,4262
7/31/2024,310,1417,7962,2685,2835,6223,4562,510,4038,-585,2451,10684,2775,6181,142,2940,5741,16199,9599,1676,19452,4917,6060,7451,4915,7331,-1281,7049,1984,12291,520,1481,7320,2685,2835,10176,4486,785,5453,2026,37,10635,2775,10311,16832,3335,8161,22287,8158,10820,23132,5464,5066,47556,5038,9310,25109,7249,6403,50053,3318,6325,1929,10963,2689,6510,1110,8553,3312,4371,5296,10712,12166,15793,11024,11961,941,-1345,11019,8236
8/1/2024,475,34,-3840,1055,-280,8141,664,2909,3376,1495,1080,9315,-1560,-3605,-6040,925,-1285,-6104,-696,-1430,-7474,10908,12033,-2890,1940,-1845,-4500,11573,11993,16885,475,665,2653,1055,-280,11827,1059,1885,3768,1715,960,9692,20,-5720,-17925,925,-2230,-4575,2926,-845,-11969,10908,11454,18692,2615,-2240,-15410,11573,11933,19203,2310,3010,2248,6623,2642,6381,3060,8206,-4116,-7134,-2569,-6217,41,-7363,8279,-6650,-1151,-4055,8279,-2473
8/2/2024,-230,1470,548,4338,-1653,-4184,976,-560,2780,-565,-331,-2184,2765,7762,9313,2975,5445,7412,3489,-1095,11435,3451,9845,-2070,2870,4900,772,3431,-2549,-5415,-230,450,-108,-215,-1653,-5245,-250,-2460,-6305,4123,-1565,-3800,2765,6553,10666,2975,5445,11394,8594,13075,17486,3451,17824,-10636,2870,12240,12863,3431,8336,-12398,502,1076,503,-4209,1100,-1282,39,-3104,9249,10628,5158,17523,7790,14487,-4898,-4115,-2125,1987,-4898,-4965
8/5/2024,820,521,773,2305,3947,5002,1522,294,6296,500,2145,-4125,1015,1623,-904,1904,1869,1405,971,-1146,-1983,3330,9573,-2360,3230,2005,-4675,2935,6387,-3091,930,840,773,2305,3947,5002,1505,1755,6296,750,80,-1835,1015,-535,-4860,1904,1869,-9177,1490,3667,828,4658,8448,-10454,2345,2845,-1987,2935,9088,-7550,1967,3075,4529,7834,3823,9225,2040,3600,-1525,-4935,-1435,3550,-1457,-164,7783,3597,4304,-3880,7723,2466
8/6/2024,770,-96,3025,2225,-873,1903,2004,4488,7177,-580,-285,16,1180,4038,-955,2235,1772,4910,7212,-1080,20317,5224,7737,-2385,2210,-53,-1430,6005,79,37335,770,-175,-2922,2225,-873,-1598,2160,-1087,-1037,1685,665,943,1180,4638,6818,2235,1772,4910,8235,6365,19997,7441,9404,1402,2210,6005,21064,6005,9225,2583,-388,10257,2390,1834,3143,3122,2605,1166,1850,4961,1495,7783,2712,23304,3148,9562,2564,3971,3143,16411
8/7/2024,2640,5278,-2341,2645,4775,4096,2338,1513,-5100,3680,6330,1801,620,426,-6491,1358,-3320,-5059,3753,-1280,-8259,6020,10333,-2910,746,-735,-904,7075,8562,-7135,2640,5840,-2333,2645,4775,2827,2860,1667,-1783,3200,5785,2902,620,1076,-4033,1673,-370,-9857,3753,3591,-5677,5009,8662,21410,1665,2751,-7892,7650,10138,10925,3007,-725,3165,2205,770,-3357,5040,2334,-2858,-7429,-3880,-6035,-2655,-7760,8925,-6652,405,955,8915,-6887
8/8/2024,1811,3267,2662,580,2865,1071,1009,175,-75,1380,3382,264,1427,5216,13625,1685,1966,7073,4740,5367,9990,2254,-3651,-2073,2530,4670,7773,991,160,3585,1935,2836,2691,830,2865,273,95,1435,-2824,775,190,-7372,1427,5216,13744,1685,1966,7073,4501,5851,9990,4792,-5016,-4730,2530,5451,10903,991,-3200,-5103,1976,1798,-505,-2716,999,-1306,950,299,10954,16699,4623,9041,12016,13938,-4259,-4315,429,3060,-4259,-1327
8/9/2024,545,-1754,-1244,-1135,-2560,-2421,-445,-2111,-3807,-150,709,-5619,1550,960,9918,1800,3061,8625,-267,-526,9985,1955,8540,2284,1406,594,571,2170,3553,1346,545,-3465,-11372,-364,-2560,-9090,-462,-2550,-8200,431,-3680,-11520,1550,1435,6646,1800,3061,6931,1460,1632,9985,1703,3672,13611,1940,1237,7153,2665,5034,13866,-3714,-2614,-2965,-3563,-2131,-3216,-351,-5085,1184,4054,7558,7510,-337,6420,9133,-2796,-1545,-2831,9133,-2113
8/12/2024,1600,1821,-3002,-839,1019,-3048,5013,4621,-1568,1510,1383,-6212,1270,2987,-330,610,5852,11732,3079,11449,-2489,4555,2767,6106,1175,2997,1425,1077,9639,-5821,1600,965,-2110,377,1019,-2650,1402,2280,-3210,475,-2330,-5780,1270,2440,-2240,610,5852,11030,-577,6160,13116,4114,6443,27555,1175,6490,6228,1655,6446,24787,762,-5543,-2145,-4133,157,-2569,-2275,-6159,4946,48,10072,9379,13925,-6046,-6330,-1312,935,-2843,-6330,1249
8/13/2024,1020,590,2501,1728,875,4950,-112,1402,1179,1953,2537,5977,170,-4215,-6950,-465,-3545,-6880,1542,-1535,-8915,4865,11523,6053,1378,-1950,-4690,7010,8337,20888,1100,1835,2066,2023,875,6317,1659,1606,2686,2095,3952,5975,220,-7655,-14840,5,-1701,4910,2955,-1675,-1924,4805,11097,60836,1490,-1925,-230,7075,12335,62568,-1716,4533,-366,7798,309,3982,-821,8663,-3895,-7785,-4440,-6931,-3772,-8497,13080,18849,-438,-3890,13080,13418
8/14/2024,712,6286,3781,1486,1343,1432,1002,6161,6967,2558,858,5081,5192,5949,15430,4467,3650,6761,3119,-939,7782,320,-2695,-2978,5421,95,825,-1225,-22,-3581,1380,2621,7064,1486,1343,3485,649,3707,8042,2559,3660,5737,5192,5949,15410,4192,3650,6761,3234,2232,9384,874,-4349,-4061,5122,1712,9028,-1167,-4728,-4283,6805,8666,5797,6768,4960,9824,1494,4163,4347,12718,3437,1911,3938,2638,-1771,-6782,164,758,-1771,-3457
8/15/2024,3696,9895,7975,4389,7531,6231,2841,7413,7897,2770,8236,6181,4230,-1591,1803,2185,6427,10892,5835,-53,-4817,8640,3053,-1840,6822,-1820,-4705,9886,2238,11110,4625,9895,8378,4389,7531,6231,4262,7843,9152,3755,9717,8892,4230,5241,2030,2185,6697,11125,5851,10333,9255,8968,2685,26172,7180,11321,9255,9886,3053,28801,7533,7270,6005,3174,6393,4520,6025,3204,-3945,-7890,2816,5820,-2585,-1261,8785,9894,-6795,-3940,8785,-2048
8/16/2024,1750,2579,5644,905,387,1720,3070,2209,1481,2235,2610,3720,2980,863,-6582,2445,-1381,-4210,420,-1504,-6798,-1010,-5933,-1742,1815,805,-4690,-1885,-3620,-6161,1750,1002,8514,1555,387,8013,770,687,8300,1688,2096,11183,2980,1194,1882,2445,-1175,-12040,909,-2330,-5899,545,-9391,-38145,1815,-2245,-11039,-2440,-12538,-38900,118,5941,-1746,6439,-1081,2380,-1309,557,-2415,-4511,-2915,-6464,-3507,-6405,-6628,-5754,135,-3905,-6628,-5271
8/19/2024,480,400,-2722,1010,415,-1978,-86,645,-1551,1325,973,450,-1550,-4300,-6825,-490,-2904,-6976,-1997,-1996,-8963,1750,8991,10251,-960,-2417,-3793,2465,5896,23582,480,798,5931,1300,415,2234,1305,1043,13,1428,2040,3829,-2520,-3009,-26910,-365,-2904,-6319,-2663,-5492,-19621,73,9195,38058,-2365,-6117,-21196,3025,10424,39540,659,430,1330,2141,819,199,1523,2141,-4350,-8978,-1422,-941,-2728,-8498,11062,35290,-4205,-4270,11062,33427
8/20/2024,3791,5640,15022,3215,5396,7760,2948,5486,7066,300,5337,10263,2600,6514,25073,3100,764,15050,1551,4411,12784,760,-3636,-325,1245,5900,9701,-245,-1015,-4668,3075,5480,15022,2875,5396,13160,2530,5407,14882,3905,5216,10654,2600,6514,25073,3100,3468,15728,1444,4697,13101,1845,-936,-16453,1245,4032,12171,-1345,-735,-13771,4331,9052,3680,3120,5296,11545,2645,2734,12236,23780,3799,6322,5348,10879,-4709,-5333,4481,2693,-4709,-6885
8/21/2024,3648,6615,17918,3228,4596,5013,3791,8504,18598,3528,5024,6402,3595,8796,19971,1760,3006,14882,7191,11349,23016,1915,9132,2669,4215,3437,2610,785,4242,4888,2270,5115,14005,3228,4596,7648,3383,6216,16792,2973,2656,6460,3595,8796,22819,2650,6741,15421,5906,10948,23321,5311,15671,4663,4215,11867,22013,4005,13294,-1455,8408,12282,5043,4413,7787,13457,5053,3554,7680,13462,6141,10424,12383,18019,11505,-1522,4582,1355,11505,18094
8/22/2024,1325,-13,-3184,2160,-872,766,1830,-459,-3893,1030,3683,-2106,-580,-3890,-6415,-1350,221,-924,-1790,-1755,-8975,5972,14323,-2895,-1035,-1129,-4305,8875,11178,19992,1325,1003,-3896,2160,-872,4369,2285,1581,1455,1715,3523,-771,-580,-7590,-19930,440,451,-924,1285,-3050,-8569,5604,14251,45822,950,-3235,-9359,9294,14693,49063,134,899,13,6878,-374,-2602,-15,7786,-3830,-8130,351,-2265,-5859,-8428,10817,39288,-5222,-4000,10807,35381
8/23/2024,-465,-1975,1765,23,-1082,2641,1704,-2246,5384,-165,-2400,3331,1655,4766,2580,2051,3518,-3898,-764,-1332,-2285,1831,-5637,-95,1140,1785,305,-624,-3447,-6131,-50,-968,2978,550,-1082,-2517,349,-1012,-1875,-975,-1437,-4542,1655,4766,-3997,2051,3518,-9590,-764,2238,-5920,1831,1383,-15493,1140,-562,-8600,-624,-3047,-20544,-2080,2981,-798,5905,-2443,6464,-705,63,1148,1557,1200,-2760,-980,-870,-1259,-2356,1206,2847,-1274,-3815
8/26/2024,2261,4522,2580,2335,5068,-1620,921,5811,3177,2166,3352,-5145,3515,5657,19281,4309,8128,10524,4543,4152,33581,3606,8103,-1346,3640,5771,-825,5284,5073,-5571,2261,4346,3049,1225,5068,-6482,486,5465,531,1701,4957,-2409,3515,5614,21858,4309,8128,10524,4692,6754,36062,3733,10332,11672,3640,8843,36342,5176,9395,11303,6928,-3686,4016,-915,5462,-2021,2672,-1625,9743,34346,809,10980,7262,28443,-5975,-6215,3364,3802,-5975,-6252
8/27/2024,1052,4648,2619,1241,8382,-312,1580,5837,3135,-580,2388,1034,1800,2158,12016,2165,-1683,1859,2451,8906,10504,-225,-2989,-1625,1152,2022,9563,4525,5999,-4375,1603,4961,8547,1841,8382,2218,2504,6919,7434,1540,4691,4342,1800,2216,15906,2455,-1790,-2487,2859,2513,10616,655,3544,-26831,1310,2083,7472,4525,2463,-28340,10305,4813,9935,2902,10425,4149,6723,2609,4630,15449,-2375,-3400,5909,12461,-3028,-4882,-1591,7461,-3028,-6285
8/28/2024,2044,8516,18696,4308,8255,20563,5235,9285,13317,1725,5920,20284,-1730,-4035,-6810,220,650,7871,4959,-1710,1007,3140,2303,-1710,-1240,-1940,-4475,3176,-2617,-1983,1700,8805,17474,4308,8255,21062,5235,10701,15412,1850,8701,18244,-1685,1420,8529,220,3601,23557,4352,3290,16179,2397,8302,55564,-390,3417,15019,3171,7930,54587,6059,17125,6560,23107,9174,13978,3125,21659,-4140,-8445,3345,9126,1011,-4424,850,9144,3517,-4140,570,9800
8/29/2024,1360,1222,-2830,1325,1346,-3115,945,476,-2316,967,225,-3028,500,-183,-5678,2020,1705,-6677,803,4463,-8109,10550,10845,-1765,1855,4755,740,6825,12554,-6378,1360,1190,-5425,1325,1346,-3040,1315,1260,-2426,1567,-345,-2899,500,384,-5315,2020,1705,-11009,218,4280,-7297,10550,10779,-10699,1665,3645,-18341,11660,11615,-6953,1633,-3871,-1137,-3886,66,-2149,-93,-2766,-920,-8702,-3171,-3755,-1901,-7971,1069,-6866,1363,1994,1054,5791
8/30/2024,-210,-498,6815,380,-65,2359,-1047,-153,-2560,-235,-278,1503,1746,412,440,2330,4359,3682,3160,4410,6404,1980,4749,5485,2296,2789,2144,2300,-510,8454,-210,-955,-1564,380,-65,1484,365,-341,-626,-380,-163,-2578,1746,772,-5207,2330,4359,-2967,2922,600,-4416,1980,6586,10502,2051,1513,-4500,2300,5944,12358,-1274,554,-125,5765,320,554,474,6371,-2784,-4981,170,-2489,1148,3530,2062,8972,1724,2144,1784,6109
9/2/2024,3241,994,-171,2040,135,175,2789,1559,247,-475,-395,-305,3035,1579,4443,770,133,4877,4010,205,3197,760,-1425,3215,2775,649,1634,670,-1512,512,2365,-765,1047,1910,135,-305,1910,-200,-305,1005,-815,-305,3035,1579,4704,1905,133,6123,4010,625,3266,4965,-731,-810,3470,625,3266,3430,-1610,-810,-1598,-6199,-3935,-5395,-1598,-5374,-2930,-4690,4880,2932,1965,586,2795,352,-5995,-1980,1170,4015,-5995,-1980
9/3/2024,1260,666,757,3482,79,5599,3508,585,1712,1923,1050,5225,-430,-3900,-6490,1705,1193,-6987,136,-1987,-8985,5458,5229,19286,1970,-1287,-1958,8246,4192,32077,1260,2248,2331,3482,79,8215,3508,962,4632,2656,2296,3537,-430,-8310,-33915,1705,1193,-4652,804,565,-18905,5458,6584,60086,1970,2138,-19565,8246,6546,58400,-855,4162,1265,11893,-3630,3826,575,9841,-3645,-8325,190,-6961,-1996,-8469,6557,66477,547,-3575,6547,59338
9/4/2024,1112,2854,8897,262,247,6931,2833,1149,12510,1700,1611,11328,2890,8720,5961,3460,6095,-2055,1178,6860,-561,2522,1017,-1615,3435,3730,1035,2191,3143,-6393,1112,4285,15557,262,247,18273,1477,1529,17517,1305,3171,18335,2890,9120,5829,3460,6095,-3154,1820,6607,321,2585,638,-44616,3435,6490,-1223,2191,-2153,-49002,6549,21204,5751,13495,7063,21204,5917,13495,1912,2795,-901,-803,548,3509,-3820,-5167,2572,1860,-3820,-6868
9/5/2024,3550,6351,11864,2225,3351,12107,5038,10191,15132,2865,4372,11554,1590,4111,9870,535,-425,632,1814,3098,7709,1570,-4395,-2840,1796,-1465,-1891,-530,-3830,-7390,3550,6435,11864,2225,3351,12107,4144,8591,17432,2840,3562,5088,1590,4111,11389,725,285,3212,995,2554,7867,1570,-1953,-14602,1135,2114,5557,-295,-2990,-12145,4688,8449,3703,13439,7048,13488,4255,11640,10567,8507,2394,2716,7581,3481,-3075,509,4877,3840,-3075,-3023
9/6/2024,4784,5407,2539,4779,4781,5766,4916,6728,5402,5109,4513,5533,4731,1200,-2047,3540,5426,-280,6690,-1140,16917,7445,5164,-2170,6858,-1080,-4250,7083,6083,9548,4784,5765,3467,4779,4781,5842,5054,7825,3839,5314,5380,6682,4731,7071,10266,3540,5426,8202,7007,11827,17381,7445,7155,37788,7022,10727,16948,7083,8753,34644,1124,-414,-780,3313,1114,1950,-1060,827,2726,1858,-1488,-6072,4465,6305,2895,-905,3492,-4140,2840,2170
9/9/2024,1279,2075,2238,-335,4397,-483,407,2215,-704,2028,5481,-2357,1304,7569,22213,565,916,12769,4248,7836,19839,1200,-1948,-1852,961,2749,4410,-450,3674,-365,2105,3132,2050,636,4397,-2408,-1019,2157,-120,1820,6876,1319,1304,9624,28632,1265,916,11369,4055,8171,19114,1038,-5992,-34319,1209,7376,19274,-1945,-9705,-32825,3981,383,3345,-280,2236,4698,4011,-2055,8945,19666,5837,7579,5839,14124,-1410,-4837,5314,7253,-1410,2221
9/10/2024,510,-31,5481,1245,66,6975,115,-2572,5329,120,1031,4527,715,-3013,-6185,-1175,-2442,-2214,-1605,-1927,-8711,169,-6093,-705,-1010,2455,-1599,-1420,-3445,-5689,510,651,2783,1245,66,5628,1135,-141,3149,-119,1306,2251,715,-3013,-16174,-1725,-3317,-5471,-1975,-5334,-11053,-4179,-10799,2279,-505,-5382,-8939,-5890,-8070,3814,153,4015,1568,8379,-825,6318,1955,7744,-2500,-8966,-3245,-1613,-5534,-7654,-3512,-1771,16,-1319,-3512,6207
9/11/2024,1535,1593,1432,2310,200,8249,2425,1779,2344,1165,1070,5059,-1995,-3702,-6325,-1035,-3235,-6434,-1991,-1780,-7053,1745,5465,-2980,-1440,-1815,-2176,4145,3375,-5990,1535,3180,1812,2310,200,6705,2425,2350,3174,2020,4653,6814,-1715,-11220,-26850,-2770,-6315,-17500,-2780,-9485,-24120,2191,1051,2514,-1200,-7140,-22680,3635,2830,4892,2304,4982,1890,12944,3338,7300,2285,10475,-4480,-8245,-4275,-6755,-6194,-7187,5095,3975,-2087,-4590,5080,-6501
9/12/2024,1296,428,-1221,1568,2292,-1813,1984,1427,-92,2300,-425,-2739,2465,5265,7250,2195,995,5833,2091,6810,10388,3450,1608,-1745,3855,-1899,1707,4510,3420,-1919,1930,974,-821,2300,2292,-137,2870,1604,0,1645,2736,405,2465,5890,18655,2195,995,5989,3316,5580,10858,3450,1329,2261,3855,4190,12115,4510,1608,3789,-1340,-620,-2380,-1584,-1220,-2063,-2930,-2061,12290,17540,3408,5955,11982,15143,-4420,-5276,-957,3178,-4420,-2687
9/13/2024,3397,1111,2570,1490,530,-1937,1359,2222,1411,2099,3531,-2857,2345,14181,16683,3021,6314,3814,1790,13602,23894,3551,7366,-1859,2730,5817,3471,4637,11030,-6509,2310,1285,3629,1490,530,-1733,1745,2080,1771,1161,1245,-711,2345,14181,20977,3021,6314,5858,1790,14181,25062,5754,11014,5233,2730,13691,24299,5192,11014,5374,1204,1229,959,-6641,2060,2243,1309,-5403,6463,10529,4832,3133,7322,15605,11864,-6527,-360,1344,11864,-5480
9/16/2024,129,1710,-129,-775,1882,-397,-913,-78,-1474,165,190,1467,2670,-1230,-2942,1005,1575,-5900,-201,704,-5246,270,829,2036,2840,2383,792,2240,-624,-1187,250,2308,1233,-775,1882,177,-795,640,-577,-650,907,343,2670,835,-6037,1005,1575,-2220,-1387,361,-3080,-157,7421,-8504,2840,996,-1144,2240,6609,-7321,2373,2212,2265,3688,2131,1142,3220,3227,-1305,-3954,949,-4504,-1903,-7185,-929,-6952,1834,1329,-929,-6870
9/17/2024,-775,311,-3518,-935,-1211,-4500,-1800,373,-3758,100,-532,674,695,354,-6359,1920,2685,-6676,-1578,-2000,-5060,5297,-1071,-1024,1743,-1355,2695,3691,622,-6763,-775,-391,3400,-935,-1211,-435,-1800,-464,1871,-380,-1151,3609,695,354,2595,1920,2685,-5232,-659,-27,2572,5297,6558,-22397,1039,-525,1767,5167,3646,-24616,2193,589,2030,-127,2193,1291,2030,-486,-3823,-7698,1839,-6852,436,-3652,6015,-6056,1515,54,6010,-6322
9/18/2024,1295,1229,8319,3958,3576,15947,2483,1839,7509,1130,1463,13713,1925,4281,7443,1990,4235,14314,8039,2167,5901,2055,2108,1682,2712,-384,4137,2738,973,9826,1295,2520,8076,3958,3576,15307,3401,3746,10105,1040,1405,8449,1925,4281,11839,1990,4235,19379,8039,3246,8997,1868,1310,26515,2712,3241,9284,2908,2424,29567,4480,13340,6743,16696,3644,13881,4971,16172,2520,13801,3915,24360,1441,9060,6173,16075,1373,4097,6153,10806
9/19/2024,1055,2635,2953,1286,2900,-198,1695,2554,1483,1554,2425,-1175,1565,742,-33,3150,4050,2291,3619,4992,-3181,3648,12527,4477,2955,3756,2629,2905,7567,-4193,1055,1550,5185,608,2900,5265,2532,1605,3812,330,-525,3043,1565,2500,5569,3150,4050,7269,3928,4735,1454,2305,14934,-25249,2955,4455,-6507,3105,12361,-25249,-81,2873,133,1648,1560,4537,213,-1598,2613,-2159,-718,-4464,4056,-3924,3411,-6058,3161,2765,3411,-6861
9/20/2024,2726,4787,3992,4529,5721,1894,2055,1974,4907,1695,3303,11700,4267,10312,17768,2480,4945,23536,9070,8079,13963,6580,5100,164,4575,4843,7057,4060,1190,11039,3820,6036,12078,4529,5721,10720,3000,3285,10404,3577,5675,4939,4775,10317,19265,3545,7265,19844,7126,9729,17516,3390,5547,12093,4620,8909,14501,2645,3205,10408,7404,20740,4206,18023,8068,18462,2492,11191,6637,14312,3021,14205,3787,1709,-261,-2065,1018,3967,-266,941
9/23/2024,2001,4950,6000,1776,5279,1687,690,5205,4079,1586,4830,4702,8701,15781,7631,8065,12356,5812,5537,7148,4002,5910,283,-1465,7832,4477,2428,8135,2160,-4688,2001,4092,4641,1460,5279,1532,690,5416,2846,785,3301,4368,8701,15781,19657,8065,12356,8546,3556,13743,7046,10051,8549,-21583,8121,11104,7046,7664,6518,-21585,2704,-3109,1213,-4819,4878,-4725,268,-5470,9808,4937,6183,466,11480,1044,-5520,-4741,11495,499,-5520,-6657
9/24/2024,1103,1665,5499,1228,146,4603,988,1647,9123,-175,1483,485,1080,5208,-2024,2095,250,-3750,284,7999,-7876,-290,-2540,-2027,1544,4945,1310,-1648,-1725,-4976,1103,-654,5499,1476,146,4296,1114,194,6973,1438,-55,4004,2485,6550,-2402,415,2010,-12738,-605,2880,-11894,1449,-3263,-59450,1295,2360,-12813,-2815,-3265,-58773,5832,9989,7171,8116,6447,11987,5565,4953,1784,811,1285,-5990,-110,-5426,-1325,-5473,1753,-464,-1325,-6775
9/25/2024,762,663,5833,622,2743,3813,787,4682,3410,-38,-130,3462,3567,1408,-2236,1935,2812,-4790,85,3883,-4671,5216,182,-1809,790,1274,541,4269,4402,-7132,873,663,5833,622,2743,6153,787,4682,7332,-212,-808,6770,4132,3419,-551,2970,5086,-3219,-89,3850,-5116,5165,27,-38018,3479,3850,-5116,2905,240,-40673,2847,10425,4268,5263,4383,12470,2914,2313,-659,-4249,9570,-3022,-1373,-3331,-6589,-5729,639,61,-6589,-4190
9/26/2024,1320,34,7592,4035,4410,1966,3897,2594,5212,1220,3655,3722,386,460,-1917,2505,4650,-2244,1874,-1265,-4418,1680,6846,-1507,1720,-5,-4425,1795,3373,-3543,1320,3559,6961,4035,4410,3536,3897,3469,6471,1485,2940,7444,1335,376,-3507,2505,7115,-1856,1601,1651,-5318,1680,10417,-14817,2420,1366,-4948,2300,5994,-16753,1334,4175,1640,4911,1912,4624,1555,3522,-1200,-4356,3818,-3802,-1926,-4828,4461,-588,655,-4415,5115,2833
9/27/2024,2775,3061,7418,1598,4185,6674,1611,4459,8536,2570,2335,7649,-1700,-2790,2289,-995,4324,3545,-1735,-1320,5354,5684,13802,524,-1025,2385,-4760,6086,14251,10236,2775,3290,7515,1598,4185,7568,2096,4459,8119,3025,3951,7898,105,1983,219,2573,3887,15771,1780,6304,18589,5759,13695,55310,1947,5907,21835,6241,13672,55727,4096,3064,3640,1523,4096,2388,2730,1575,-2883,-5886,6932,15956,13042,4651,18726,-1990,-2682,-4115,18726,4525
9/30/2024,445,-926,10522,1760,2640,4772,2521,267,4363,1040,2767,13372,1725,4391,10352,1350,582,9682,6242,2982,7581,1935,48,-1890,995,2452,1441,2730,-239,7477,445,825,5844,2375,2640,12260,2673,2087,6715,334,1146,6840,1725,5988,10740,1350,582,10361,5997,5298,8694,-618,-3606,9124,995,5088,8913,1265,-3301,8692,578,1684,-175,11700,1175,3566,-130,8348,3294,15423,378,11886,5178,16847,-654,919,917,1856,-654,3512
10/1/2024,4375,3596,6143,1875,2978,3225,2592,1050,1243,4984,5643,2384,2545,5917,7361,4465,4010,6684,5550,5211,2622,1590,-3023,-1207,3360,3844,1524,1335,-2590,-2921,4375,4461,3338,3125,2978,2114,2318,2420,5638,5114,4895,6130,2545,6477,10467,4465,4010,6684,3958,6225,3150,1590,-4530,-18521,3360,4015,-161,1335,-3178,-18181,2497,6463,663,1810,40,6621,1124,1181,1390,7529,554,-1866,-2539,369,-6598,-5698,2089,2792,-6598,-4353
10/2/2024,2215,743,-2791,-425,-2000,-898,-983,-348,-2786,55,421,-3772,3435,3627,8159,3005,11886,4186,2493,4670,13033,5020,6734,-1555,4545,2501,-3094,1560,16113,-3802,850,615,-8299,-740,-2000,-5579,-790,-394,-5250,945,380,-5052,3435,5292,17791,3005,10899,3097,2939,7306,7538,8011,7773,-21077,4545,6420,8279,4187,8843,-19103,11,2283,-875,-2753,516,-531,-833,-3156,3512,6654,11737,8256,6012,10422,2565,-4253,2295,-2370,2565,-2033
10/3/2024,1200,727,7401,-299,3387,3658,1373,2733,5060,525,470,4470,1695,4967,26212,95,3546,5424,2713,-238,6246,-970,-5963,739,2577,1373,9873,-2105,-2573,-1928,1200,455,7401,-844,3387,3658,1141,2764,5060,520,752,2285,1695,4967,26212,95,3546,13389,1413,-1139,7061,2093,-9521,-10533,755,-105,6945,-2464,-11720,-12844,2284,4899,1606,-288,1655,3912,2737,2386,9191,25996,6411,8457,3074,7851,-1599,-5218,8645,13242,-1599,-987
10/4/2024,715,2112,1624,710,1885,5086,360,1946,1074,1140,3905,2376,-885,-2160,-4536,-180,-384,-3146,80,-1775,-2401,260,1976,-2955,-1200,-464,462,355,1751,10374,715,2270,1425,530,1885,5086,597,2764,2716,205,2660,6570,-885,-2160,-8550,-180,-384,-2687,-1038,-3805,-8705,619,1767,-691,-1610,-1764,-8705,355,1976,-237,1188,-258,1034,-3118,1226,-594,329,-2048,-1761,-4212,708,-1067,-2479,-5158,3958,3798,-1416,-1165,3823,10863
10/7/2024,57,-407,-5000,486,-1990,-5864,1456,-566,-5311,387,-2064,-4378,-65,-4321,-6909,845,-3734,-6818,371,-1995,-8854,5745,-1842,-2764,610,-590,705,5575,10770,12935,57,-295,-3315,486,-1990,-4487,1456,-408,-538,212,-1580,-5938,-65,-4006,-22094,995,-411,-14075,-3715,-1556,-19175,5745,1915,-22275,610,-1882,-16608,5880,1890,-20385,-982,-7131,-720,-5085,-4446,-2644,605,-4929,-4199,-8614,1561,-6985,-6500,-8497,12863,3829,1586,789,12808,16111
10/8/2024,-1145,137,-2193,635,595,-5989,-607,-765,-3764,-580,-1342,-3422,-739,-4494,-6971,-1400,-3325,-6840,345,-1976,-7886,1065,3052,1862,-737,-1393,-3273,2155,3440,4679,65,705,-216,910,595,-4941,40,-680,-3239,240,-590,295,-739,-5503,-12872,-1090,-3055,-3411,582,-185,-9415,666,3648,27268,-1130,270,-10506,3420,5640,27268,32,-460,1676,-2311,139,-161,550,139,-4351,-8911,-2345,-2464,-1818,-3935,7089,16295,-1627,-5440,6909,17166
10/9/2024,665,-693,38,-278,-190,-928,-2471,-1650,93,-495,74,593,-285,-4235,-6620,-340,-2495,-4135,-1786,-1960,-6694,2480,10580,3651,-114,-2255,-4700,2895,6898,23035,665,-389,2279,-25,-190,20,-907,-1209,341,5,-21,237,545,-4064,-13104,630,30,-4816,104,-1307,-4239,2128,10053,50710,380,-1320,-5693,4034,10575,53846,183,2565,770,1449,729,1928,1350,2004,-4400,-8954,-1502,-3735,-4402,-5570,9797,19112,-2024,-5375,9782,16985
10/10/2024,2639,18,961,1530,1219,817,1978,1476,10950,3610,2880,-1999,3435,7457,-4359,3515,8137,-5079,2306,2078,-5907,4086,-2541,-1604,2122,6124,3824,3391,1054,-6028,2988,310,7616,1530,1219,-972,2585,2045,6322,2110,2698,-1749,3435,11998,11687,3515,8687,-14013,4080,11421,2497,3618,3496,-49581,3445,11321,-1871,2821,-1092,-55033,2230,3884,511,-1900,2686,3884,1095,-1900,4150,863,4561,3440,11500,-5644,-420,-6840,1399,2308,-440,-7186
10/11/2024,2532,5723,4428,2820,7808,5086,2237,5718,4053,2100,2311,6224,2367,5779,19672,4552,6236,16240,6224,-1700,18500,4167,-3858,-1450,2724,3429,390,2505,5434,-5872,3786,6375,7796,2820,7808,6686,2820,6810,5618,3060,6445,5868,2367,7178,27905,4552,6300,29432,6761,9937,27420,4167,22929,43787,2952,9492,25597,6246,21075,43987,3293,-2555,1786,-4325,3495,-2555,1913,-4325,6601,19771,8266,7586,15811,22349,-5543,-6815,2609,2152,-5543,-7005
10/14/2024,1110,3922,-586,215,3541,1660,1053,2801,-939,385,2648,2126,4178,8638,16824,3395,7260,11378,4835,11945,23632,1545,21847,-743,3965,1455,-64,4955,23972,-64,540,3922,6432,470,3533,10306,367,4137,7960,338,1822,8724,3655,8821,25314,3562,10401,29172,6147,18300,32231,5283,31143,91954,5515,15261,33428,6440,31143,93366,3812,4970,4801,-274,4682,-239,2758,-1535,5403,17265,5145,14442,11556,29623,5402,368,4435,1945,5402,2441
10/15/2024,1325,2503,5060,3442,1885,8886,3032,3608,5056,1557,1735,8342,595,-3885,-6238,980,-1844,-3845,-783,-1691,-6671,3709,2251,1160,1310,-503,-3543,4895,1429,4634,1325,2503,5616,3442,1885,9848,3032,3547,6945,1372,1735,7320,595,-3945,-19678,980,-1844,-2888,-1273,-2193,-6571,3709,1162,46981,1310,-3293,-6392,4895,671,47097,5200,17788,5275,21792,4868,16839,4865,20332,-3686,-7415,141,-3317,294,7020,11075,3024,-6465,-4050,10955,42011
10/16/2024,902,6192,-2690,14,5200,-747,72,4103,-3411,795,4145,1840,1800,-3198,-6213,-75,-3493,-3950,-1645,-1495,-8289,1751,1069,-2144,3071,-1835,-4355,1911,699,-4974,1325,5782,6159,985,5200,4199,1755,4605,5252,1058,5376,6986,1800,-1582,-6862,10,-2813,-10860,-3330,-912,-11426,1354,558,-25491,3071,-1022,-3660,2126,1069,-30629,76,2888,4034,1485,889,3379,1770,1485,-3882,-6576,-4080,-5455,-6318,-7856,-1376,-6965,-2912,-5310,-1376,-7145
10/17/2024,1790,246,1547,2609,-240,789,2105,1131,-11,1005,1787,-2695,930,1330,-3272,759,380,2873,2346,2100,4236,1425,794,3569,1330,586,3839,2273,-774,8972,1790,575,1391,2044,-240,-1584,2142,1131,1802,755,-1086,-648,930,1330,-4039,759,380,3415,2445,2541,2892,2290,1501,23348,1330,1114,2887,2618,1506,24880,1496,4600,3068,3715,2886,4283,150,3221,760,-888,215,2815,3873,4519,11096,10756,4069,3235,10891,8973
10/18/2024,9649,2497,8094,5261,6439,3037,5046,9377,6731,7151,3942,1577,2632,2640,16008,2210,8791,3346,1527,-1897,12859,3386,4744,-429,1132,5972,4678,6476,8295,-3008,8843,2497,5694,7121,6439,3653,7527,9377,5641,8813,2522,9610,2632,2640,24154,2210,8791,5897,1250,8390,21744,1196,5568,-24600,1630,8390,15667,4213,4689,-24029,3992,-5304,-6,-5473,4879,-5646,-830,-5303,11225,19142,13777,2113,15986,7736,9235,-5595,13200,7419,9235,-2500
10/21/2024,880,-1189,-3048,1433,320,-4906,-1034,1068,-1258,505,184,-909,1760,5228,8847,1880,8849,12047,4384,7357,16128,2150,9402,2730,2700,7304,9073,3335,14518,7451,880,-890,-6122,1433,320,-4906,-705,1068,-835,-180,-804,-6713,1760,6142,10695,1880,9649,13774,5306,9232,19464,4334,9145,46195,2200,8853,21870,5495,9590,48326,2715,1701,843,332,1663,2014,1180,-1513,4641,1666,5119,12150,7614,10579,7194,-1316,5595,3607,6324,8297
10/22/2024,770,-589,-6,-1335,-1827,-4834,-925,-2278,697,435,-686,-5422,440,6609,-1923,1695,3588,-6391,1253,-1940,566,1980,7931,-842,760,2691,-248,2715,2888,-1832,770,-992,-614,-1335,-1827,-8868,-2155,-2868,-3676,-1495,-3143,-3196,440,6881,4527,2245,4488,-3011,2347,10323,9795,2231,13072,16751,960,9983,9485,2950,13901,16814,-1066,-3143,-180,-3942,-1060,-3368,1627,-3942,1163,-485,1009,-2957,8011,1504,13741,-1462,408,-3920,13566,-5794
10/23/2024,-250,-202,-3893,-755,-3230,-2198,-26,-43,-3760,-675,-1557,-2924,-300,-4431,-6340,1100,-1868,-4779,426,-1940,-8132,2575,1821,-1514,710,-1521,-4485,3977,1671,6590,-250,-1695,-7483,-755,-3230,-3710,-103,-3520,-6260,-785,-2858,-8089,-260,-6250,-17920,1100,-1697,-8319,-722,-5214,-13572,2575,1436,10403,190,-5914,-12042,3977,1816,9455,-3227,-2067,-2950,549,-4187,-3537,-1660,-206,-4343,-8852,-445,-3365,-4121,-6622,-1015,13254,-1590,-4145,-1015,14959
10/24/2024,992,3582,2763,-679,3552,2258,-2047,2225,-182,1535,927,2632,1400,795,7911,2643,9615,6434,2875,3248,14673,1210,4127,-807,1520,1425,1174,1935,-747,-784,1151,3469,4358,-679,3552,2842,-1116,2225,4099,1224,1147,613,1400,802,10762,2643,9615,7146,2649,-1647,22036,2119,4127,-476,1520,-1352,20685,1935,4127,3557,741,10186,1233,2319,-574,8666,1233,1852,2357,246,1945,-3294,-891,1665,1865,-3195,604,-1430,1865,349
10/25/2024,-243,-2306,-4995,-1760,-2358,-5975,-520,-1490,-5474,-795,-2390,-8112,650,89,2909,-1115,-3920,-6790,1490,1393,-7205,-1455,-6305,-2162,1140,478,-509,-2360,55,-7042,-120,-2093,-7468,-185,-2358,-6875,-115,-3695,-8082,-355,-232,-8747,650,-710,-12864,-310,-2555,-15552,-1975,-835,-6448,-2178,1864,-23241,1140,-1150,-6099,-3285,-395,-22797,-1591,-7129,-605,-1247,-2156,-5893,515,-1247,119,-130,-2061,-6732,1485,-8494,-6800,-6727,-2034,-292,-6800,-7267
10/28/2024,265,-5402,-611,-720,-4065,-2168,-670,-4115,-3073,-180,-1170,-3706,565,-4473,-6145,739,-1482,-4064,356,-1697,-5410,3065,10365,6627,1257,866,-4060,4916,8843,17598,265,-5080,-5554,-720,-4065,-4810,-670,-5055,-6690,-1110,-3900,-5470,565,-5890,-17756,739,-1482,-5289,356,-1762,-6765,3065,10365,61593,1257,-2659,-7375,4916,10365,61593,-1850,-1025,-2685,-3678,-3115,-1025,-580,-1169,-3755,-7104,535,-295,77,2914,19441,19598,15,-3935,19441,23085
10/29/2024,1890,1370,-17,1965,366,764,492,23,305,2150,-149,320,2035,-4166,-6720,815,675,-6820,-1000,-1950,-4728,4115,14565,242,2803,-1950,-4440,6155,14565,19281,1890,1356,-2851,2052,366,2731,2420,2125,1176,1486,-974,-2477,2240,-9240,-24120,655,980,1165,-420,-5755,-1886,3382,14102,73460,3115,-4640,-3580,6315,16265,75704,-582,-147,569,3503,1265,1330,592,1766,-4430,-8950,-3555,-3805,-6446,-8495,12263,15603,-2584,-5000,12263,23989
10/30/2024,1841,-2433,1301,15,-3325,-396,1226,-2329,-1130,720,-1840,-2389,-60,-3831,-4734,-555,-3651,-2401,1527,-1554,-8408,4009,6511,5680,-1106,-1611,29,5082,5730,25490,20,-1490,-5124,15,-3325,-1577,425,-1575,-2295,465,-2305,-4615,-1575,-7868,-17684,295,-3342,-489,2694,-2607,-7385,4249,6480,41485,-531,-3252,-7995,6202,7406,40932,-744,-1298,-1170,1919,-89,-2381,-260,866,-2358,-6437,-3167,-501,-1131,1637,9856,37658,671,2507,9856,38012
10/31/2024,-320,2964,11945,1400,3676,16171,1296,4488,12239,495,1266,14551,690,8230,12321,2225,7786,24732,6586,18239,31418,1220,1402,-1261,2539,6457,7180,675,1302,-6939,-90,1380,12139,1400,3676,17184,360,4746,14727,-1910,-725,8570,690,9684,24112,2225,7786,25534,6613,18214,26156,1220,1005,10903,2675,19106,25796,675,1302,11507,5743,10330,4566,3479,4968,10721,4059,7319,11253,23890,7403,27835,16338,34380,2292,-1441,8220,2261,569,1438
11/1/2024,432,5782,-1693,1920,2196,-875,2752,5836,-1838,2445,2816,-5169,2825,7822,2255,2890,5121,-6338,7079,7471,608,1680,2650,-1337,4162,3741,1356,-840,10066,2858,890,3701,-2904,1920,2196,-6808,1315,3452,-2879,1885,1061,-289,2825,7787,2436,2890,5121,-268,1974,7250,8985,3106,12011,316,1760,6275,7533,1475,13785,1451,924,-4128,-1274,-3094,821,-4586,-239,-1807,5860,7442,2935,3261,7958,-4412,-3725,-3712,3538,2125,-3725,-598
11/4/2024,2654,4845,4378,2906,5642,3609,1286,3976,5675,2235,6386,4607,2605,2356,8115,1755,6713,6569,3514,3720,4735,6359,7572,1653,3042,3319,3721,6093,6321,9386,2322,6799,5594,1610,5642,-2702,877,5844,4558,3272,5805,3360,2605,4705,10117,1755,3520,8363,4808,2575,5656,6434,5305,3893,2935,2030,2621,7395,4335,1503,5974,9197,4072,6459,7235,10460,4106,6182,-2175,-1014,-2222,7886,-2505,6761,-6835,25093,1569,1002,-6835,26439
11/5/2024,3870,6337,3305,3486,5576,2593,2984,9014,4069,4135,6261,3310,950,8920,-2101,89,3660,2569,-1282,12604,-3255,1416,10016,-889,1734,800,-2555,-609,14404,-4977,3870,5606,4457,3838,5576,3050,3033,9014,5217,4188,6037,9445,950,10069,2640,-125,3871,3658,-228,11753,-3027,2623,11895,-5526,1734,11123,-4949,-154,10450,-1851,5572,2642,5160,187,8071,-1188,3776,3297,6584,-1992,5955,5899,13542,8134,-1852,-3901,1509,-1132,-1852,-5538
11/6/2024,1355,-640,-924,372,-260,-2367,580,-1129,-924,1965,-2365,3954,1635,-4010,-6992,2276,2435,731,1573,-1600,-6383,3140,19481,1284,508,-668,2909,4188,15080,36788,1355,840,2713,1772,-260,4625,2537,570,3729,1300,1709,4424,1635,-4345,-8707,2276,2435,-3615,2432,4305,2773,2248,18583,56426,3723,4812,4719,4188,19942,59070,-1920,3660,-1191,6226,-1920,3710,-1183,6069,-4281,-8979,27,-3125,-1260,-2275,19007,10469,-1005,-1275,18982,38687
11/7/2024,565,306,-2980,-500,-762,-93,-647,-1212,-669,918,1133,-93,3590,-3570,3782,1930,3780,13254,2789,1979,12079,3265,10546,-309,4438,-1645,-2141,4288,8074,20965,565,1601,-2122,-500,-762,-93,233,-2267,-1758,498,-57,-2278,3590,3159,4148,1930,3780,13520,2811,6633,12533,2279,10876,58811,4438,6854,12565,4980,10461,63585,-1873,-3301,-2515,1851,-2398,-3285,-2515,1851,-1859,1742,-525,19303,1635,4842,5645,759,1900,-1404,5435,12814
11/8/2024,1964,1611,493,3037,2582,-1003,2297,-424,1240,1917,-520,206,4439,6853,5417,2838,11378,11324,7489,5780,9650,3085,-5347,-1425,5240,969,-1374,2385,-2071,-4570,375,1004,6823,3037,2582,2682,2297,-521,6823,659,-1472,6427,4602,18711,17330,2858,8550,20831,7981,30176,33268,3863,-1058,37161,5170,30006,32775,2880,-1058,36950,7246,4845,3407,578,3464,658,3407,578,-3546,-4647,-1655,11602,2546,2305,-1694,-1797,-5920,-100,-1694,-134
11/11/2024,2315,7129,10036,1134,6745,10897,4879,7350,10646,1990,5863,10888,3745,6995,-488,2085,1503,7145,3127,12648,20113,4133,15235,1618,3462,7272,3091,4858,9304,-4204,2315,7203,14364,3154,6745,13555,4879,7526,17855,2348,6430,9550,3930,7340,5235,2085,1503,7625,3430,13182,18506,4133,16233,37675,3462,12902,18506,4858,15235,37675,6244,9802,7420,10363,6091,9791,6586,7778,5252,938,1635,2006,9584,6412,2368,-6945,3481,5015,2368,-7121
11/12/2024,-245,691,3067,1672,2880,4305,4282,-1207,5291,-655,1546,6644,4756,8713,4145,1510,3469,2831,4009,5292,-3208,2655,-4302,890,2130,-541,-3540,510,-2148,-2503,-245,943,7885,1672,2880,8798,1995,342,7563,-125,4298,3135,4200,9345,8797,2410,1796,5094,3434,7438,3557,2282,-1961,12735,2825,7438,4513,1200,-5448,8612,2846,4532,4717,4857,2954,4637,4573,5478,705,4220,-1620,-5855,6557,-2089,-6355,-5760,589,-3420,-6355,-5890
11/13/2024,2055,4542,7519,3661,5222,4273,3037,5542,6138,3580,4523,8006,345,1669,2006,890,724,-4400,-367,1141,-2591,1480,-250,-2555,2176,450,8575,1895,-1232,-4839,2055,4327,7519,3661,5222,8705,3360,5327,6423,2799,4290,9249,395,2978,8421,885,1410,-3544,383,2167,-2527,4403,3156,-52979,1140,1352,-2766,2070,-930,-55166,3119,4569,954,6781,3048,4798,2607,6781,243,986,-2544,-2559,-3476,-3044,-5065,-6564,1627,3692,-5065,-6983
11/14/2024,805,-1848,-4915,1045,-1397,-2983,795,-4495,-5044,425,138,-6663,1125,849,-5474,2783,3851,1179,2369,2505,-4618,2610,7922,18388,2097,2280,2933,4092,8103,24727,805,-1160,-9105,1045,-1397,-5100,795,-3200,-6930,260,-2440,-10851,1125,849,-8750,2783,3851,313,2721,2878,-4828,2610,7922,41284,2097,2288,-5236,4092,7912,40571,-3348,-3916,127,-1518,-2988,-2557,-230,-1294,1407,263,2842,4838,4395,-5397,6466,26895,2357,1226,6461,33098
11/15/2024,1395,3577,7381,1850,2149,9111,3217,2587,4488,345,3746,9217,265,-4185,-6470,240,-772,-3528,60,-1955,-7326,2967,8200,1112,415,-525,-1774,4252,4271,-5628,-175,3536,5945,2303,2149,9755,2022,3452,6505,780,3771,4490,265,-5855,-13138,-65,-798,-7025,262,-2183,-4782,3187,7507,11126,415,-108,-3662,4252,8195,13436,1994,1640,65,3726,2564,1640,65,3003,-4000,-7680,-3920,-5055,-2669,-5787,861,-6052,-1719,-1684,861,-4977
11/18/2024,424,-601,-4145,105,-3451,-4188,760,-436,45,235,45,-7161,3347,4744,-2536,790,497,-4060,-612,4041,-6051,1325,-2850,-2083,2218,1472,850,2210,-515,-1448,-335,-3398,-5328,-1085,-3451,-11985,-2035,-4343,-10134,-1440,-4581,-9130,1132,570,-6172,235,-544,-18470,-1928,-1265,-13158,2590,-167,-45469,785,-1410,-19370,2210,-5900,-52140,-1606,-4424,-1812,-6058,-1662,-3160,17,-5575,4375,-2900,-1220,-5824,-528,-4128,-3340,-3070,1294,2782,-3385,-5432
11/19/2024,1360,-177,2525,983,2482,822,-495,-116,-1213,910,1915,1028,120,-4330,2394,930,1935,-6611,-881,-1100,-8196,1603,5267,3365,800,-2245,-4690,5324,4769,10788,1360,1593,2693,983,2482,1012,771,-821,-1970,1370,1489,-2900,120,-2350,-5035,930,1935,4211,545,3580,2383,722,3265,27535,800,3580,2543,3817,6188,32469,-196,4033,2903,4359,1548,1446,1149,4616,-3860,-8862,1042,5403,403,-8348,1997,5653,-645,-3980,1997,4956
11/20/2024,-713,-1355,1466,815,965,1978,-123,-2233,-1836,-610,-765,-829,-894,-1154,1364,310,1514,10463,-2,-1532,-5599,-1465,-2576,-410,-290,-346,384,-2315,-2581,1751,-330,-1780,-362,-315,965,-800,-355,-1389,1082,-920,-1110,-2265,10,465,1948,310,1514,10265,1921,-919,-8795,-1865,-3595,-21693,-290,-1629,87,-2315,-2581,-15769,-1217,-1122,-997,1524,-2477,2430,-153,1649,7166,-1383,6815,-3606,-1468,-8074,-4192,-1641,-1618,-1516,-4202,-1533
11/21/2024,2000,3967,-4393,2645,5417,-4966,1933,4271,-4765,2425,4930,-1614,2325,4548,9129,3360,8900,3866,2806,85,11846,6641,16755,-2634,4130,-1800,-1943,6761,16039,-7385,2000,4653,-6628,2645,5417,-3864,3225,4608,-5443,3120,4655,-332,2325,4316,12711,3360,8900,3220,2639,9271,14205,6802,16344,-9085,4130,8901,12076,7376,16750,-7902,2421,-4192,3528,-2736,2963,-4813,3263,-2736,3540,6990,5276,-2782,6725,3999,1289,-6940,233,-4635,1289,-7350
11/22/2024,1542,3207,-2659,-470,652,-4190,-1326,405,-3200,1103,273,-7852,1961,8303,18681,2451,5097,10423,4573,4971,28613,2046,5214,-236,1756,4757,3440,2154,2127,2969,2445,1765,-1654,95,652,-5790,-535,2063,-2815,1184,862,-59,1961,10932,31298,2676,5097,18932,5424,10046,35756,2862,3446,38456,1986,10543,38941,3882,5890,38922,209,-3579,1520,-2872,2137,-1282,1330,-1797,7650,19531,8878,7478,8976,18008,1105,1167,5720,6332,1105,5550
11/25/2024,-1045,-1732,-2001,-1755,-4150,-5020,-2192,-3752,-3971,-575,-72,-5990,615,-1699,-6600,2382,11,-2402,2093,-32,1589,1591,914,-1291,2149,1053,-5650,2541,800,-5255,-1045,-5520,-6928,-3750,-4150,-12427,-3745,-6080,-9662,-2495,-5900,-12415,615,-956,508,2382,11,-2828,-293,-2085,6771,1571,-4681,-12142,1595,-1340,6947,2751,-2924,-10717,-2587,-5230,-4375,-2791,-418,-2946,-1685,-4501,885,-2819,909,-2559,5721,2657,-4522,-5122,-2207,-5035,-4522,-5487
11/26/2024,90,-625,-819,1566,-855,-327,906,-249,-819,-70,-815,1989,735,4053,6083,1288,2727,3144,4470,3372,6131,725,404,1077,365,2850,5300,-1750,1381,149,90,-625,4094,1566,-855,-60,906,-10,4232,-120,-1000,4039,735,5643,7465,1448,2472,10938,6946,8071,17616,-980,-631,12386,790,5969,17616,-1267,-631,13322,-1425,983,46,243,-1658,976,666,-1305,2068,-2358,-465,3301,4141,805,2025,846,1692,913,2025,4012
11/27/2024,1518,-770,445,2088,459,3048,1952,736,518,1153,735,4368,3047,3552,-2300,1628,-3100,-6675,566,5787,-7961,943,4699,2927,-580,166,-1853,2100,5399,-6988,1518,-770,445,2088,459,2967,1952,736,1034,1938,978,6623,3047,6657,7095,2730,2030,-4345,1580,8810,3932,3731,4751,-23223,1170,8585,2281,2100,4059,-28056,-479,-654,-1430,2019,-479,-654,-2555,4849,-4162,-2403,-4500,-5051,-973,-5191,-5490,-4608,748,-1853,-5495,-5612
11/28/2024,1430,3900,6855,3740,5190,6405,4000,6040,6855,1815,4210,7730,1530,2160,7575,1155,3435,9975,5105,11575,16222,2255,3430,3035,1330,4725,3123,2555,1545,4390,1430,3900,6695,3690,5190,6695,3690,4730,6695,1610,3695,6695,1530,1945,14563,3090,4925,11095,5810,17960,16355,6070,7475,7835,2980,17960,16355,6025,7475,7835,2390,-915,7990,-915,6215,-685,7255,-915,-290,-870,4730,1915,2136,658,6075,1105,1510,-1465,6075,1105
11/29/2024,2575,2606,4811,3394,2241,5448,2937,2481,4811,2175,4375,5609,1390,2770,1585,3270,3800,7084,5742,531,15828,2100,14286,1290,94,1465,3197,6128,17657,1404,2575,2606,5347,3394,2241,5609,3354,2481,6167,2345,2401,6530,1390,4605,11980,3270,3800,7084,6316,11190,15828,844,16749,18289,2130,11410,17697,6328,17953,20990,-508,2300,-1565,3145,-508,2300,-1565,3145,2278,-1860,2335,2760,15363,3284,14428,5760,-547,3460,14428,1874
12/2/2024,160,2582,6578,1645,5150,1341,770,5688,1492,-65,2590,1368,3135,3191,1308,3130,620,744,-194,6527,6591,2694,-588,-1199,2925,505,-2431,2495,-2089,-6595,160,1628,4777,1645,5150,1270,1110,3531,340,1815,5,-565,3135,5009,9403,4140,2277,7898,1010,3628,9628,4128,-4613,8190,4640,2893,8794,4975,-3995,8190,22,834,-2733,209,-658,701,-2427,29,1155,-1306,-2840,-3603,5187,2442,-4990,-4355,-29,-5445,-4990,-4436
12/3/2024,-405,-1400,-1661,-825,-112,475,-761,-1971,-819,-365,-1990,383,1285,-3721,-6994,1546,554,-6518,-2000,-1746,-3973,1126,7880,3582,1551,1023,-2660,1720,7259,9708,-405,-1400,-249,-498,-112,664,-459,-1971,-259,-570,-1340,-694,1285,-1076,-17123,1546,554,-6783,-3445,-3314,-7298,1126,4506,39529,1551,-3560,-7368,1720,8095,39529,-378,2909,-855,3541,-988,1100,-755,3541,-4375,-8810,258,-4480,-2775,-254,8790,7076,-6965,1204,8790,-811
12/4/2024,-603,-3954,-4877,-1175,-3440,-5794,-1282,-4407,-5323,-450,-1645,-4883,-1487,-4345,-6883,-415,-2182,-6911,-1999,-1862,-8960,860,1434,6014,-1482,-1604,994,1050,1268,9817,155,-2495,-6576,-965,-3440,-4621,-940,-4870,-6318,225,581,-8447,-585,-3945,-16245,-415,-721,-7772,-2453,-2156,-18196,-559,-835,30223,95,-2156,-13282,1245,3806,31535,-3520,-4578,-1705,-1890,-2705,-1838,-705,-905,-4330,-8780,-3135,-2694,-6263,-8369,1376,13143,-2239,-1389,1376,14514
12/5/2024,0,-2612,-1515,-935,-2145,-3583,-860,-2282,-1445,1080,-2440,-4093,860,-2159,-6252,1418,-3295,-6294,-436,-1475,-6535,2846,618,2469,900,-2141,-2443,4230,3135,-4812,0,-2405,-3850,-1145,-2145,-5665,-860,-2075,-3780,185,-1870,-2745,1175,-2321,-9606,1583,-3295,-11023,-1050,-2095,-9771,393,-1823,-5181,1185,-2095,-9535,248,-1542,-4135,-995,-1479,-975,-64,-1382,1064,-190,-64,-2320,-5842,-2337,-3742,-851,-1086,3939,1116,164,1036,3939,9908
12/6/2024,1025,2272,2246,-659,1959,4045,-359,1397,-347,1101,2897,3801,2430,10936,13626,1670,12418,7530,2748,9990,18013,2560,5257,2606,2415,585,5232,1895,7175,2725,976,2892,2184,-659,1959,4767,-359,474,3792,866,2469,3267,2430,12079,14835,1670,12945,10317,4755,11276,22605,1118,443,59070,2415,11061,23502,2575,3512,59070,-1190,742,1068,1235,-1078,-438,270,1654,4042,6059,3231,5744,7586,14628,7645,4003,5281,432,7645,5703
12/9/2024,1511,-919,2988,40,-1388,2864,-1912,-1440,-1332,-570,-310,-1380,-1165,-3511,-6090,-1015,1604,-4321,-1122,-1685,-1206,1384,-4161,-614,-655,1174,-4480,712,-3367,1792,1511,-919,-758,-500,-1388,-214,-1255,-754,185,161,-1670,-2190,-980,1500,-3829,-650,986,4264,712,2981,2375,-8,-5918,34528,531,4203,2357,800,-4796,35910,-360,-477,239,576,-627,-719,-3105,576,-816,-4602,959,783,6222,1930,8662,3602,-1973,-4145,8662,1452
12/10/2024,880,-2543,-687,220,-631,962,1496,-1536,-2098,-20,-237,930,-1425,-4420,-6880,-1005,-3985,-6925,-1930,-1991,-8992,2487,-6345,-2980,-1461,-1812,-4460,-2430,-4380,-5551,880,-1323,-1948,1050,-631,2517,1629,-1091,41,-465,-3088,-4078,-1425,-7770,-25107,-1265,-7530,-14890,-2490,-7810,-26741,1971,-7055,7059,-2375,-8085,-26230,3035,-5398,9373,-2248,-1769,-189,2040,-2413,-1321,-565,1733,-4473,-8949,-4365,-6991,-6253,-8473,-1922,-4728,-2323,-4340,-1922,-792
12/11/2024,1638,5673,4161,3776,6628,4639,3842,6802,3878,2475,4114,4558,2605,-2452,-4119,2865,6065,5206,2791,1199,-3062,9875,15088,-1570,5886,-168,-4685,7971,14257,-1746,2075,6618,5651,4099,6628,5331,4079,7020,5554,2360,6038,7326,2605,4495,2901,2865,8770,8987,4775,18085,12136,6735,16231,22215,5886,17735,12136,8461,15866,22189,2002,-2606,3675,-2396,3634,-892,3680,-1762,-3945,-7885,-600,2909,1222,-3286,10700,-2565,-1764,-3920,10700,-3800
12/12/2024,1725,-659,-2157,540,-1745,-5401,448,-2136,-945,1395,-650,-5983,1455,944,-3293,915,-116,-6845,-1101,490,-4041,5778,8585,3349,1485,3997,3629,1630,8527,-1210,1725,-820,-425,1065,-1745,-3505,-315,-2440,630,1235,-2265,-1857,1455,944,-3882,915,1476,-7683,-1101,1728,-7178,6423,10530,4666,1485,1498,-5763,3965,8585,5056,594,-2363,1545,-5089,664,-2592,2920,-721,-2438,-695,1217,-4950,485,-742,3975,581,2398,3263,3975,9998
12/13/2024,2275,-356,-2525,-521,-2690,1034,-1011,-1638,-2540,2010,2231,1210,-123,-505,-5363,-1405,-3915,-6935,-1793,-1585,-7860,2510,-5741,-2840,805,2576,-2501,-2170,-4215,-7430,2275,-2480,27,-271,-2690,-1481,-26,-2903,-1481,2430,-874,-1888,675,752,-6319,-1765,-5830,-19095,18,-6610,-14947,2510,-6993,-61631,2885,-5550,-19518,-1260,-8499,-63935,524,-403,2227,308,-1407,-2204,925,384,-3663,-5822,-4500,-6980,-6434,-8072,-6265,-6755,-1825,-2401,-6265,-7220
12/16/2024,1408,6661,2953,2069,2194,9514,2081,5304,2874,1534,1455,6876,-10,-3910,-6070,791,-3085,-5315,978,-1985,-9000,7780,-1498,715,1630,-1270,-2400,9673,909,138,1255,4153,4806,2069,2194,5829,1997,3647,2690,1644,2275,2296,225,-8410,-4682,791,-2985,1816,5880,-4760,-495,7016,-2520,5070,3765,-5825,-855,10202,-1298,5070,3554,819,1552,3562,2207,971,1873,3152,-4415,-8954,-1104,498,-6435,-7736,6885,1362,-5780,-1279,6885,-4379
12/17/2024,1070,2917,5113,1622,5790,-3745,2147,2885,3236,-715,5774,2349,1549,4247,7278,1758,956,-2342,1643,2632,1810,6875,4523,-2155,1242,2570,5281,4068,2456,-1708,1070,2138,8029,1052,5790,986,795,2881,3154,1892,3475,4571,2880,6830,19380,2363,1375,8922,2187,3100,8535,7648,4056,-22219,2055,3335,9569,4278,1885,-18715,124,5349,-726,2193,944,3063,-320,1375,6762,16934,4700,3007,5478,8222,-1272,-4847,1881,4269,-1272,-4450
12/18/2024,2399,1230,-4675,1170,867,-5910,-2242,232,-5300,1490,2170,-8910,-150,-3853,-6160,1313,864,-5224,838,-1167,-7106,7105,16525,24745,971,503,470,9290,13951,22946,2430,1230,-4330,1170,867,-1970,380,900,-6105,1280,140,-3305,-150,-4691,-16445,1313,929,-33,1938,1567,-8248,7738,16481,52012,1243,2667,-7778,9263,16341,48266,2073,-6310,320,4412,1593,-5900,1835,4690,-4476,-7318,1972,-182,2396,-6364,16525,35050,584,1746,16315,21482
12/19/2024,1832,-1130,2458,2335,1473,1515,2994,2828,2928,540,1532,-75,1074,1286,11630,1683,2262,8122,2760,5078,-924,4650,3233,11125,1512,1497,-4225,5072,3356,6262,1395,475,896,2335,1473,-745,2312,2828,577,1680,-60,-4157,850,7818,11063,1683,2262,7302,3926,7187,-380,4260,2812,26777,1512,4083,260,5072,3736,27498,3639,6636,999,2576,2980,6861,-394,2338,2188,12681,2147,2776,1421,6343,2586,13988,-381,-3990,2571,10484
12/20/2024,1583,1189,3411,1442,580,3368,5344,2262,5695,-585,1444,16059,2034,5458,392,2280,5356,-870,923,5886,17068,2020,1225,4468,2730,3940,-260,1605,4290,8151,1677,1732,3847,1442,580,5440,1490,467,5246,1507,3571,15119,2280,3978,2554,2280,5356,1169,-276,5830,13147,2725,7515,-1028,2730,4920,15810,1730,1215,-58,1715,14401,9729,8375,3952,4335,2852,18579,-1460,-7835,5707,1044,1607,3970,4594,13499,-1039,-3950,4584,25407
12/23/2024,2436,3152,6094,1841,3217,7657,550,2406,5145,1540,2028,8926,2260,6604,-2731,1880,4968,-1299,2592,-2000,-4743,3198,-157,4029,769,-265,5338,3205,7713,-2147,2436,4444,6325,1783,3217,8829,1075,4152,6208,1805,5770,3560,2260,12574,12619,1880,6074,6417,5523,8532,8887,3179,6833,11595,2575,9550,9947,4127,5628,9948,2235,5093,4670,7901,2572,4639,4643,5581,85,-2679,-174,-4565,-2198,-8368,-3604,-5275,-2617,4526,-3604,5175
12/24/2024,1650,1678,-1168,1967,1551,4355,493,540,-908,1310,1867,4933,1375,-1605,-5111,1535,605,-3463,365,-1995,-8855,3265,8291,1537,1576,-1875,-4655,5855,5469,13006,1650,2722,-199,2041,1551,6160,2134,2057,1655,1735,2786,1675,1375,-2080,-20750,1535,1170,-4209,365,1085,-16765,3265,6736,30596,2755,760,-16765,6270,9351,31818,2056,1816,1309,5367,1513,1595,1679,5367,-3880,-7923,-90,-2205,-5033,-8487,6867,8921,-1475,-3920,6867,10270
12/26/2024,2975,3236,-2956,2730,854,-2014,3461,4240,-2956,2980,2372,1836,4124,11885,10676,5560,12444,15426,6723,15747,28237,5730,11920,1093,5065,7404,4317,6634,10135,-3393,2975,2394,-1857,2763,854,-1114,3238,3585,-1857,2313,1122,-4753,4124,14403,27765,5560,12444,22132,7154,15934,28810,5730,11920,26601,5065,15849,28810,6634,11920,27302,1394,-2532,-400,-5816,317,-2389,-330,-5816,13671,21697,10494,16083,17566,23656,12197,-4664,4364,-880,12197,-4450
12/27/2024,900,6605,4863,3238,2180,-206,1931,1768,1809,1605,1946,862,2426,7679,7062,1605,3340,54,4649,4434,2243,3680,7760,3026,4714,2667,3993,4764,8471,-4225,900,4202,-1655,394,2180,-10201,-311,3619,-9111,1550,3570,3355,2555,7380,10301,1605,5555,8278,4725,3810,3777,4490,8633,-9730,2540,3995,3699,4764,7693,-13607,2697,-1444,2860,-314,3707,-428,3340,-2361,7391,7466,-1075,5043,12414,-5087,-4906,-3577,3269,3411,-4906,-3488
12/30/2024,3100,3999,-3745,800,1931,331,1095,1447,226,1915,3069,-657,50,-1717,-5765,-750,-1182,-5590,-2000,-1955,-8110,-1055,-3700,-2985,-790,-365,-4230,-2140,-1608,-7405,840,2494,3219,800,1931,-4290,-50,-235,-1853,1300,2595,-3255,50,295,-7763,-405,-2525,-17920,-2940,-6050,-23167,-370,-4302,-72650,-790,-6050,-27130,-2677,-8539,-72185,233,3141,1802,1233,838,3068,2929,126,-1740,-7950,2934,-6280,-6081,-6843,-6405,-6845,-3505,-3870,-6405,-1759
12/31/2024,-255,-1037,-2913,1219,-1215,-289,1449,565,2670,770,500,188,460,-3850,-5750,2545,5404,12375,6058,-1600,-2992,8184,15099,18434,2005,-423,-477,10726,13133,34356,-255,-16,-2856,1219,-1215,-31,1610,225,3294,710,5372,-383,460,-1035,-9313,2545,5404,13465,4695,5785,8128,8184,15148,53052,2705,6365,8765,10726,15074,52250,2207,4589,-348,4568,1095,5412,647,5383,-4080,-7715,1831,13299,3054,13977,32415,19381,-4155,-3975,32415,60200
1/2/2025,-385,-2049,-602,-1965,-2155,-5889,-1872,-2794,-5444,-625,-1480,-7323,1153,147,-571,1193,615,-5972,-117,-1165,-8336,2143,-1146,-2360,748,1330,1470,950,3414,-7427,-385,-1915,-11443,-2610,-2155,-13505,-1066,-3650,-10855,-2120,-8420,-14090,1153,387,-1112,1193,615,-8687,-47,-83,-6862,1136,-1386,-18569,1005,-680,-7178,950,-1156,-20491,-1194,-2194,-768,-4290,-3202,-4012,435,-3005,3484,4264,1540,-2848,848,-1611,-1465,-2670,1462,7119,-1465,2242
1/3/2025,2990,-424,1891,-235,-2460,4284,587,1838,4136,1350,220,3694,1022,-1666,-579,1685,-1968,12279,3333,-578,13311,2385,-2554,-2131,1390,-225,2883,4480,-2984,-5816,2990,-1340,472,-235,-2460,4284,-743,-1440,1886,1522,-3283,624,1170,-1497,12516,1685,-1738,12177,4233,-815,14094,2484,-4714,13293,1515,-1175,13674,5555,-2049,12932,-1178,2562,-1550,3831,-1116,2545,-3165,3938,177,1234,1936,16607,2173,13101,-3320,-6423,-262,4622,-3320,-4341
1/6/2025,935,856,2957,1500,487,2277,2530,1266,3960,1910,2282,2458,-1995,-4017,-5750,-1070,-3370,-7000,-1624,-1965,-8995,-230,-6465,-2986,-1380,-2120,1585,5095,17465,-7490,935,575,2957,1795,487,2277,1160,1370,260,1614,2779,3229,-1795,-1155,1253,-795,-4110,-5617,2155,-241,-12035,3223,988,-45514,615,-1311,-12400,5620,-1050,-39471,1479,2320,1265,3621,1242,3793,120,5371,-3810,-7680,-3435,-6895,-5962,-8499,-7000,-6552,-1455,-1306,-7000,-7496
1/7/2025,615,758,-4976,1050,987,1373,1346,1490,-5394,-495,2789,-1212,2135,4925,-6698,3010,4781,3175,3063,6197,205,6404,11289,13431,2410,2240,-4500,7834,7964,19207,615,1640,-2095,1873,987,-635,2678,1287,-1008,535,2593,-2072,2135,5700,-236,3010,4781,4269,2407,6941,986,6253,7683,39015,2410,6357,114,7834,9149,41127,-3923,-2636,-2212,-34,-151,-1964,591,1194,-192,-7398,2991,522,2608,6295,8985,22660,1077,-4050,8840,17107
1/8/2025,935,3019,10153,697,2820,10326,1531,4502,7842,-385,2774,9241,3785,7372,19088,2987,5358,21420,8816,3597,24948,5835,5351,5946,7188,2447,4460,5566,6643,10686,935,2439,10153,697,2820,11028,1494,4679,9091,352,3249,5576,3785,7372,20659,2987,5358,21420,7815,14131,25318,3924,3929,26808,5785,12576,22636,3975,2012,21505,3488,2981,3989,4483,6009,3397,1899,1038,11782,28569,5189,17588,13237,43306,7677,9326,5246,20782,7677,12455
1/9/2025,0,0,0,0,0,0,0,0,0,0,0,0,0,0,0,0,0,0,0,0,0,0,0,0,0,0,0,0,0,0,0,0,0,0,0,0,0,0,0,0,0,0,0,0,0,0,0,0,0,0,0,0,0,0,0,0,0,0,0,0,0,0,0,0,0,0,0,0,0,0,0,0,0,0,0,0,0,0,0,0
1/10/2025,1805,3713,2338,2459,2290,-897,1203,4313,8664,1455,2765,-1827,2080,3056,9421,2205,2620,-764,2516,2679,5191,2370,-2137,1798,2774,5905,3167,2905,-1612,-3384,1805,4157,142,2590,2290,-267,1909,4691,6086,2388,225,-170,2080,3463,11658,2205,2620,140,1520,5248,4454,3818,1724,-33747,2175,4718,1061,3076,-1932,-38022,4084,4664,3565,5317,4709,5652,3503,122,2563,9968,2620,2829,2687,7671,-1187,85,3960,3931,-1187,-3700
1/13/2025,755,1888,-3175,-515,-197,-5760,-916,-1109,-3175,-530,-427,-6185,365,3560,-84,928,914,-4922,625,2221,-3536,1730,9867,6708,645,3085,1405,2620,6350,1920,755,405,-5677,-515,-197,-6185,-327,-770,-5450,1858,-537,-5877,365,3560,-6597,928,914,-2178,181,4140,-5567,1730,10507,21848,645,3164,-5292,2620,9867,21890,-1066,-4189,778,-4311,-2076,-4189,778,-4311,-1032,-5318,-1016,-6321,977,-5378,10255,4723,1590,-1319,10250,17387
1/14/2025,1860,1827,-615,1636,383,5747,2705,3222,878,880,2998,5516,1455,1241,-3341,2501,3294,11154,5003,2866,7735,2430,2268,-1052,3060,1552,89,3648,3083,25611,1860,1929,768,2156,383,7538,1467,2220,2676,1705,4465,3980,1455,3765,6930,2501,3294,11242,5003,7465,16796,2430,-873,18795,3370,7740,16891,3648,1226,19083,3065,4010,2302,4135,4294,5412,1984,6577,3424,4879,4055,18393,7217,-5351,970,12231,690,-292,795,133
1/15/2025,2523,3810,14778,3119,5777,17010,3340,4401,15907,2553,2800,13497,1691,261,3076,2158,7622,17530,2560,3802,23182,4300,23269,1894,3107,1420,4632,4245,12464,9831,2523,4685,17163,3119,5777,17669,3408,4841,16732,3788,8607,18003,1867,2373,12858,2263,7877,20979,5310,10615,27059,4265,20713,72806,3107,9930,28993,4570,23577,73136,4819,13180,6002,9008,5177,11191,4839,9057,2295,-3255,7788,15743,10577,20147,11518,937,2732,77,11518,5224
1/16/2025,1580,-425,-4305,1245,-1933,3374,1817,1158,5932,-35,199,5445,2230,3610,11817,3071,2456,11346,2222,4822,9058,5040,8820,10050,2595,1234,13684,6470,6893,26117,1025,-23,4623,2850,-1933,5262,3055,1786,6022,100,-1489,5068,2230,3610,12257,3071,2456,12086,2222,4869,10272,5040,8820,37643,2595,4423,7182,6470,7415,35992,7433,9610,-2275,8402,4011,8168,-1785,5497,2822,11583,2431,11878,5828,13761,8777,35959,3856,7356,8567,27950
1/17/2025,4071,2970,-1581,1445,3216,-1994,3053,2970,135,595,3234,-2061,1435,4447,-3845,665,1916,-3576,1902,6594,-4213,-190,6151,-305,2201,750,-1170,2340,7245,-3372,1833,2466,135,1558,3216,-2782,1630,2466,-417,1144,563,-3670,1435,3372,-2336,665,2066,-3026,1895,4199,-9188,2110,6012,-6403,1485,3273,-9188,2340,6151,-17112,-1271,-444,-1237,-6314,-1361,-2749,-2120,-76,-266,-4277,599,1992,7265,-3446,441,-2353,1072,-1200,441,-2920
1/20/2025,1195,-586,2740,-1030,140,-855,-775,1725,670,770,710,-625,1495,2192,5106,2075,-1315,1487,482,-1870,-2355,425,-4390,-3000,418,-338,-239,600,965,-5040,1195,30,1045,-1030,140,-855,-775,1725,1975,-365,-1330,380,1495,2192,6885,2075,-165,2300,-178,-925,-175,408,-5055,-12025,525,-1170,-175,600,-5055,-12025,51,-2432,510,-3010,-251,-382,1359,-5815,4320,10086,-45,-1435,1255,4785,-5490,-6175,-736,3747,-5490,-7415
1/21/2025,1765,-258,-4236,2955,-1411,-4730,2533,-3,-2928,-845,-905,-2788,-199,-669,-3616,-275,-3030,-6845,-1865,-1918,-8986,160,-5271,-2945,1049,-1810,1741,1075,-872,-5478,1765,490,-3487,2955,-1411,-6720,935,-158,-4143,1715,-342,-5031,-85,-1035,-4943,-335,-3070,-20174,-2720,-1849,-18719,219,-7628,-64689,146,56,-15874,156,-10834,-69609,-3215,-1522,1026,-3702,-2179,1176,495,-3927,-2810,-2699,-2457,-6935,-6036,-8202,-5852,-6965,-1760,-4820,-5857,-7500
1/22/2025,2796,7149,3992,2385,2846,4782,5456,4639,4049,2597,2454,4711,-455,-2679,-4983,641,-1230,-1871,-143,4260,-5072,-1250,3033,3057,1766,4501,-163,560,15028,1951,1115,4641,8487,1830,2846,1333,2601,4639,297,2195,1901,5133,-455,-5525,-18366,641,-1569,-10673,-2118,334,2944,-945,10961,12353,-1130,-860,-1967,-850,8107,-857,-376,378,-1587,-2390,2698,378,-580,-2280,-4018,-6106,-2421,-5044,7069,3225,-128,209,1414,239,-128,8332
1/23/2025,-1037,-196,-4109,-683,855,-1714,-927,-205,-3927,-115,-1105,-1352,835,5973,-4384,1460,1370,-5036,-1455,-1635,-2475,2645,5062,1464,127,-973,245,3480,2497,8016,-760,-196,-3840,-247,855,-2326,-402,-205,-4237,-1230,-1112,-3231,835,1794,-10655,1460,1370,-4448,-1475,2214,-9908,1045,5600,32638,1250,1869,-11628,3602,5595,32385,-786,-2420,-1273,-29,-416,-3032,-859,-29,-1871,-5308,-199,-2529,-1300,-6071,3181,8481,1802,154,2911,9651
1/24/2025,-905,-618,-4970,-1980,-4785,-3400,-1789,-3009,-5400,-715,-1415,-4761,380,-3355,-6869,2215,-1058,-5670,-1315,358,-7611,2360,-2504,851,840,-1610,-1053,1945,-1592,-4170,-820,-2315,-1929,-1065,-4785,-150,-750,-2950,-1546,-2050,-3110,-3125,380,-2730,-8884,2215,-1058,-11090,-1645,-3730,-6772,2360,-2527,826,275,-3955,-6366,7123,-1626,3701,-2374,-3026,-1965,2171,-1614,-2501,-2875,2171,-3390,-8955,-1235,-6975,-1088,-6158,-811,8047,-1040,-4025,-811,7809
1/27/2025,1705,2898,3992,2315,1460,7189,1279,3500,6567,2471,3741,5951,4140,7840,5350,3640,4960,-62,5709,3445,8292,4240,-1104,1116,4640,5081,2729,1092,2114,-5735,1705,3443,4005,2315,1460,7189,2180,2434,4923,2456,2348,4866,4140,7840,9138,3860,5400,5251,6628,7968,9858,4240,4845,3422,4640,7253,7828,600,438,-1954,3961,8071,1700,8200,4528,7140,2050,7641,6233,9774,3916,1824,3128,4526,-4545,-1323,1339,253,-4545,7303
1/28/2025,505,1002,-681,800,3788,-1902,139,2030,588,-580,-1945,3091,1940,1552,-3558,3535,5763,-214,699,-1060,-3528,2654,2330,-2345,1695,2859,-4660,4486,-255,-6305,505,1468,3033,800,3788,4503,1520,2173,4603,600,2470,2758,1940,3533,1206,3535,5763,8076,4219,6453,12450,3464,4335,40168,1695,7043,13108,5505,4762,41845,1476,-629,2320,1537,2286,-1243,-558,1547,131,5039,408,-1085,1717,4362,58,-4878,1248,-3890,58,-2579
1/29/2025,2715,8374,14630,2818,6198,9211,3205,6574,10794,1275,6075,17910,5930,14927,28503,3645,14472,30415,15105,14446,64866,6545,14734,8467,7795,13837,17131,6146,15240,27336,2715,8490,18418,3943,6198,13796,3610,5978,14265,210,5025,16131,5930,15264,35815,3645,14472,44574,15105,21969,68773,6545,14734,86000,7795,19827,67656,6146,14734,81653,7636,13248,5294,11788,4657,12897,3588,13764,11893,31866,10488,37319,21894,56221,21590,15097,9684,15075,21445,31171
1/30/2025,854,3993,3816,1813,4429,2355,5192,4326,6225,945,-805,4516,5715,11846,14847,6797,13706,13190,9310,13703,14946,7233,13344,3981,4878,5325,8140,6743,11313,-1207,1535,4500,12768,1813,4429,9003,1788,2952,6818,113,3043,4061,5715,12798,15612,6797,13706,10100,9399,13968,10536,7233,18278,14068,5600,14426,10834,6743,14586,2443,4245,8202,2675,7537,1791,7819,1636,5356,5571,11057,6440,5725,6300,9924,506,-4791,2696,8492,506,-3541
1/31/2025,-245,138,-3334,1595,2026,-4655,859,877,-3689,395,-341,-5788,-630,-3799,-5764,-510,-3160,-6970,-43,-1096,-8998,3565,-1085,8458,-380,3881,-1957,2625,-4416,-6506,-150,220,-7095,1595,2026,-4348,794,877,-569,250,-473,-1175,300,-3265,-13515,-180,-3510,-20630,-3800,-2155,-15518,5084,2141,-42207,-465,-3235,-14715,3590,-2049,-44991,-2013,-753,153,-2035,874,895,-1040,-1533,-3955,-8795,-3750,-6696,-5925,-7838,-1408,6540,-381,-1837,-1618,9201
2/3/2025,1716,5857,3408,2985,4261,-4110,1955,4543,-4510,2300,5906,7258,5595,11016,26303,3369,12766,20807,4437,12031,22270,7430,12279,-1327,8090,1960,2330,6238,6886,8887,1850,6121,4630,2985,4261,4740,2200,4691,2460,1345,5356,5827,5595,11016,27690,3369,12766,35190,10370,13050,29621,9545,11288,43476,7555,13289,30291,6238,12279,43598,4224,4002,2851,3846,3618,2965,3853,3447,8750,21001,4775,16344,5756,16860,1305,-2378,-1524,7562,1305,17817
2/4/2025,3191,6587,5867,2826,5842,9185,1590,4035,3921,4192,5211,10198,3535,6978,9307,3399,7510,14768,3817,7917,18554,3236,15111,3979,1424,2097,5774,5732,17501,9714,3191,7627,12072,4053,5842,14937,3078,5003,10276,4025,6587,15143,3540,7116,13760,3559,7924,24200,6424,11141,33925,2555,13969,58691,3025,9668,38101,5975,16540,60878,5123,5481,4783,7874,4122,5150,6138,6693,4221,9758,11022,11970,5920,13681,18869,9580,2902,2672,18869,12287
2/5/2025,4012,830,4909,1875,-180,2055,3477,2334,2642,5244,873,515,955,-3895,-6125,1915,3888,2472,1647,-1875,-2059,1460,7122,7874,574,-1755,-2063,3120,5215,19088,4974,830,-1525,1875,-180,3025,4109,475,-1550,5149,111,402,955,-316,-5555,1915,3888,7807,2759,980,-2187,1460,4476,62985,1020,980,290,3120,7737,63738,2604,1521,-1645,2094,-1327,1521,2969,689,418,-971,1609,4758,943,-2831,8155,24182,-1388,-1653,8150,16799
2/6/2025,690,1962,75,2259,2354,-398,2046,1568,3976,710,1444,10685,900,5604,17149,905,1183,7986,4948,1252,14968,280,4388,1419,1330,3553,6685,1228,-2739,5797,690,2394,10945,3004,2354,11154,2389,3169,8311,823,1534,11804,900,5861,7767,905,1267,8789,5805,1889,15152,-190,271,26976,1330,1504,13543,1228,1533,27636,4092,4208,4303,5787,4866,1388,4160,6497,8390,12255,2361,8958,4280,16539,5066,4967,565,7858,5006,5364
2/7/2025,160,200,-2958,-325,1607,-3510,219,-1687,-914,490,303,-4239,2605,1239,-4453,2360,6250,-3893,2895,5763,1875,8019,14476,-1715,4035,1825,-4170,9311,6020,25915,160,-283,-2043,-325,1607,-4898,444,-817,-3674,-40,-1572,-6487,2605,2756,-4381,2360,6250,-2145,3217,7340,2161,8019,15001,39471,4035,7335,2496,9311,15281,45835,814,3051,-492,-2747,-724,4901,-1190,-1474,-713,-405,3030,4567,4524,13616,14860,30919,2814,-4165,14645,51424
2/10/2025,694,2471,4200,-504,1173,3865,1550,3775,4530,1426,1594,115,2680,3396,11660,1945,-1035,61,1661,-1742,-19,2158,-3784,-1233,3141,2605,3689,1175,-83,-2740,1016,-766,5359,-504,1173,554,-299,789,3144,878,494,3701,2680,3453,13591,1945,589,-1556,652,-4541,4695,2212,-4245,-48814,3141,-4111,-2661,1175,-6247,-51558,8793,32,6690,-6261,7110,273,6085,-4071,11045,15920,3015,-2746,2710,-4936,-4665,-6522,5206,5147,-4665,-7382
2/11/2025,3110,1369,8331,3938,5254,6379,4023,3313,6147,3474,3406,4108,990,2050,11710,2220,20,5022,2326,1676,1905,-1360,-6389,410,595,3031,5915,390,-308,-3511,3110,1769,6738,3252,5254,4747,4167,3874,5558,3789,2944,5234,990,3536,14679,2220,20,5593,2326,-1966,2297,848,-8788,-35448,595,-1966,2287,1815,-8788,-35448,4496,8592,4700,9103,3060,7775,4880,14797,8353,21841,711,3710,713,10370,-5968,-4452,4935,11458,-5968,-4387
2/12/2025,1254,-3980,-1985,-1800,-4438,-5958,-1501,-2560,-3778,-75,-2255,-5387,2763,3265,174,-1045,-3225,9217,-1660,-1075,9529,605,-2956,-2380,5432,-1985,-3219,2575,-3521,-7029,340,-1938,-7116,177,-3338,-6926,-1050,-1522,-8283,71,-3193,-8982,3135,7146,17042,3615,3532,12687,4095,9483,23696,8278,4749,12639,7335,9143,24737,7952,5908,13598,-3262,-3601,-3857,-6572,-4347,-5848,-3365,-5782,-790,-7485,2227,-5815,6977,-7485,-6422,-5572,4495,-3748,-6422,-5232
2/13/2025,-1455,1846,-1004,1265,1297,11213,1331,1576,450,610,1471,6415,-940,-3649,-6189,270,-1545,-981,-1962,-1989,-7445,1980,6886,11782,-627,-2046,-4625,2830,6495,20217,295,1604,-1004,1265,1297,11213,876,623,3674,280,1599,1310,-865,-5381,-11485,330,319,65,199,-3531,-5470,671,6865,33386,15,-4526,-5067,3516,8180,34767,1577,3827,980,9629,1243,4929,1190,9004,-4116,-8539,386,951,-2379,-8490,11604,26778,-1790,-5485,11039,27758
2/14/2025,726,-299,-2212,-1935,166,-2787,-1872,-199,-4239,185,193,-2351,983,2407,-5767,2015,2844,-900,954,193,-8451,2071,5127,3291,1222,1930,4,2847,3420,12985,605,309,-2599,-1185,166,-2351,-1260,-400,-4356,29,-1215,-3672,1313,1012,-6427,2545,3734,504,680,5572,5294,2495,6116,37525,1147,5572,5294,2681,6116,37525,-1361,-4667,-1855,-3614,-573,-4770,-2445,-1809,-3884,-6520,527,1868,519,-3758,5934,10321,-2626,-5490,5934,14179
2/17/2025,955,2240,6905,2155,3255,6275,2340,4070,6275,2140,2585,6655,1640,3525,11481,3080,3310,7245,5365,5050,14225,5930,4460,3150,4060,1055,1600,7730,2540,5020,955,2240,6400,2500,3255,6400,2500,2895,6400,935,2080,6400,1640,4330,13441,3080,3350,12305,6300,8640,19180,5960,13525,25390,4060,8640,19180,8295,13525,25390,-856,910,425,990,-856,1205,735,990,-163,4911,580,-420,-545,1025,-6475,-5850,209,-890,-6475,-7205
2/18/2025,1695,5839,8243,4676,7532,8156,2862,5302,6463,305,2001,12853,160,4690,222,2670,3795,12634,7037,5425,7210,2968,1755,-1509,1143,4357,4635,6019,-2206,4007,1695,6269,15568,4676,7660,15582,3178,7447,12772,1580,5788,13471,160,3728,13918,2670,3795,11860,8314,6713,16046,2968,1775,-9758,1143,6158,11688,5414,1750,-7879,2062,6881,1823,5437,1645,6740,6198,6052,3850,6128,2404,13608,4054,4840,4489,-5977,2489,5768,4489,-5532
2/19/2025,3377,2175,-2266,1940,3430,-2909,935,1804,253,2725,4459,-26,3105,5490,1887,3015,9202,2765,-310,-840,5089,3063,-3774,-1229,5015,-1670,-360,3986,6293,-6218,3470,2175,2507,1940,3430,-3174,1135,650,1128,2035,1801,2705,3105,12871,30063,3275,10852,25588,5020,18401,37943,6776,10817,-671,4325,18546,37593,5812,11759,-284,1695,-2783,1052,-6107,764,-1385,1718,-3232,3998,-795,6335,855,8381,5205,-5440,-5127,1443,-1526,-5440,-6947
2/20/2025,-1340,-1322,-3119,-1925,-4230,-4815,-1452,-2846,-4793,-585,-1705,-6926,-85,68,-4862,-1080,-1090,-6289,434,-1130,-4458,-800,-3883,-2145,40,-2105,-492,-472,-4003,-4021,-85,-2724,-7794,-1925,-4230,-6531,-1360,-2250,-6345,-1094,-3044,-7679,-85,628,-11937,-416,-1090,-17760,-2059,-4092,-14367,2087,-1580,-35479,246,-4465,-16651,-483,-2377,-42959,-2244,-3836,-2840,-5200,-2063,-3965,-3065,-2922,-1367,-4659,-2685,-6749,-5609,-3842,-5080,-5880,-2555,-1372,-5145,-5880
2/21/2025,2610,2943,4957,5345,2850,9370,3487,2163,2784,3274,3440,10503,-460,-3795,-6220,-1050,-3320,-6422,-779,-1545,-8901,11030,23356,13444,2130,1299,-4235,13400,21890,47743,2610,4615,5619,5532,2850,11144,4377,4105,5654,3755,5547,10578,-2030,-6835,-23380,2045,2000,-1849,1222,4225,-11931,11030,24254,60904,1830,3515,-9855,13340,23815,59839,4331,3093,3647,8051,3851,2687,3271,7541,-3590,-7110,1580,-6762,-5276,-8498,33031,27193,907,-4115,33751,28791
2/24/2025,2767,3457,7698,3527,2955,6093,3044,4062,6847,2510,5152,10035,1575,-2432,-4567,1715,-960,-2756,2881,190,-3242,3745,7096,7955,2220,1472,871,4385,7045,9502,2767,4865,7263,4191,2955,6444,2831,3348,4607,4419,10406,11823,1575,-2007,-5255,1715,-960,215,5273,59,-3906,3745,6727,15144,2220,-16,-2029,4385,6986,13692,3490,5612,3215,9039,5074,4832,3450,15546,-3252,1633,52,5237,-771,-4807,8920,12637,810,4905,8905,10591
2/25/2025,3850,5751,412,5094,4965,76,3055,6460,-237,3787,3944,15417,1755,8165,14837,1840,5726,14171,6249,8323,25894,1405,8355,4448,1440,6862,4243,2460,5088,9817,3850,5985,412,5094,4965,-635,2578,6460,209,4017,4847,15610,1755,9259,22672,1840,5935,18967,6375,9668,27049,1405,8405,1633,1440,9243,24860,2460,8155,5245,7215,5958,3997,1225,6833,4974,7865,3576,12455,26237,7758,17061,14400,24042,5083,5385,9935,727,5078,2488
2/26/2025,1680,905,4991,1967,435,6435,-1716,4423,-746,690,2680,5797,2595,1030,-2175,2195,500,-6994,-201,1298,-7099,5252,-5791,915,4190,-791,138,3020,4371,-2176,1680,1391,3460,700,435,5941,-785,1971,1415,1670,815,3904,2595,1225,4128,2195,500,-5379,735,1180,-10927,5696,188,-42248,4190,860,-5003,3380,-866,-37845,6431,4399,6044,13766,4199,5762,3300,13516,727,2346,-225,-1156,-771,-4017,-2335,4297,-1102,-141,-2340,7448
2/27/2025,1975,2365,8939,2215,3248,5889,1767,5474,1548,3395,4840,7309,1115,-745,-4210,2865,934,3947,3785,3918,1665,7030,13584,31341,2785,1286,1782,8075,9311,28434,1975,3512,8939,2530,3248,5889,2610,4204,5464,3120,5158,7595,1115,-745,-2705,2865,934,3947,5225,3918,1665,7030,13530,44820,2785,3245,2284,8075,13554,38834,3091,3493,1519,8597,2171,2273,4712,11775,2006,-1361,1773,6970,5597,8935,13238,36350,5563,1955,13218,32827
2/28/2025,1045,1369,5237,1525,3750,6302,719,461,2629,1160,735,5532,542,2683,1073,685,2200,8198,3020,2460,18599,335,-59,5063,514,-2142,17383,230,-2506,1418,1045,4860,5237,1525,3750,7230,1530,4419,3680,1960,5568,5104,815,2996,18108,685,2200,5561,3280,18855,15786,-1989,-6818,-3815,815,18557,16247,-195,-4864,-3722,3112,6216,1800,9688,800,6172,1770,7013,19996,3905,1715,14121,17431,4511,339,3105,18457,4284,-496,1735
3/3/2025,2275,426,-4945,2750,841,2491,502,-1521,-5289,2240,-1730,1543,3200,7082,12397,4530,6356,18534,6297,7844,9476,3950,12960,14446,4095,7078,116,8760,6000,18343,2275,1515,-3340,2035,841,-4285,1200,1035,-4075,1940,2601,-2745,3200,7082,12397,4530,6356,19817,6975,8948,9373,3950,11944,37955,4095,8408,7417,8760,12375,33040,312,-1434,2135,711,997,331,140,1630,6095,10529,7140,23192,9195,10550,14922,42771,7736,138,14897,20286
3/4/2025,1815,2650,3945,1390,1130,7360,2041,2956,4783,2045,1825,5313,1141,2663,-1205,2995,3840,2669,9424,1305,16465,6015,11310,702,4420,2766,405,6490,11361,-2783,1815,2650,3945,1390,1130,4222,1480,1661,4442,2445,3975,4827,3535,5368,5060,2995,3840,7395,8082,10885,23021,6015,11912,41601,4420,10190,18059,6490,11730,38517,2470,-361,1365,4409,2647,728,3720,4463,854,-289,1570,-1495,6954,9779,11630,9802,-825,575,11595,19478
3/5/2025,400,278,4027,2280,935,4551,1416,-91,-4486,460,-1715,9078,1425,3147,2837,625,2580,2769,2080,2884,5127,3800,3914,6272,2640,-880,-4090,2955,-1158,4239,400,1225,3535,2280,935,6196,1825,1981,4048,210,1581,4428,1425,4950,13280,1305,2580,6390,2620,2960,3713,3132,3928,17316,2640,1995,4297,2955,3889,28356,-586,1721,3390,497,-459,-269,2560,810,2064,966,3615,3412,4176,4331,8870,-4833,-1995,648,8855,17731
3/6/2025,915,1873,-4050,2048,-524,683,1721,1665,6458,685,484,-158,2865,12806,10300,2980,6657,8261,2287,14804,-1297,6680,6948,-1559,1456,7067,-2294,8534,15325,15725,915,83,-1374,2048,-524,-966,1749,-513,6243,1246,2033,3468,2865,12806,12751,2380,6657,8335,425,8940,4806,7152,9137,14950,2325,8370,5585,8300,10091,12781,5396,1662,2680,4293,1561,3375,2425,3435,10512,-1246,3038,3690,5862,2018,15758,14450,8930,4390,15758,20409
3/7/2025,1525,2680,6706,2438,4047,13049,2124,1906,8260,1200,5247,13521,2580,3024,-2985,4559,4680,4186,8417,5287,5123,3915,5170,2329,3395,1337,3522,3675,3445,-907,1525,4220,6706,2438,4047,10600,2683,3484,8419,1540,3297,6423,2580,3024,5990,4559,4680,9899,8417,5287,10491,3915,4862,9336,5315,4605,4213,3675,5145,8197,5391,7408,5300,11466,5041,6557,4635,11595,2017,2241,1090,10106,4763,5317,4044,-1066,1347,1123,4547,11988
3/10/2025,1525,6327,15243,5412,6249,17773,5457,7007,11924,3656,5031,12406,-1730,-4490,-6385,2611,7258,10052,9120,-2000,21285,9141,14717,40487,-1075,-1055,-4270,12356,12097,45449,1525,6327,15243,5412,6249,17773,5457,7785,13710,3851,5234,14392,400,6090,7457,2895,7258,17829,8655,14748,23012,8890,13037,69551,3690,13591,22070,12356,14627,68518,6915,13918,4725,16830,4846,9882,4910,15885,-4180,-8370,4920,12400,14502,1508,13290,51454,5860,-4150,13280,38825
3/11/2025,1835,8085,8164,4135,6058,12192,6494,7274,16288,3065,5784,14261,2585,6702,19005,2445,4205,14663,7163,9928,29955,3156,-1457,4000,3360,4031,5287,870,-2522,10042,1835,8085,13410,4135,6058,9883,5100,9173,13454,3235,8250,13074,2585,6702,14497,2445,4205,13719,7666,10266,26185,3156,-218,17044,3360,9941,19363,870,-1492,25382,8569,11897,5715,14191,9707,14327,5855,19567,9430,20153,3410,15584,10766,23683,1962,6232,8985,5557,1942,5886
3/12/2025,20,4876,3625,-417,4794,3638,778,4620,7227,712,5349,2146,1825,7887,16810,1535,4307,15610,2006,2436,8016,1020,-5401,3381,2895,2892,3530,-685,-906,-692,20,4203,138,-417,4794,188,-264,3683,-126,350,4229,504,1825,8346,18998,1535,4307,13757,1052,4906,7580,1041,-6957,-24514,2420,5680,7782,-770,-8201,-30791,5890,1961,4963,4320,4614,4523,6608,4365,9063,20612,3841,9562,6741,9071,-5525,7669,6469,7731,-5530,-7234
3/13/2025,2975,4810,-1068,3386,4777,7420,2328,2261,7045,1380,5435,12555,2390,10646,1949,3440,9939,9700,6781,13065,15615,6200,16214,8950,3890,10268,-850,8577,10213,21019,2975,6310,6244,3751,4777,6894,3585,3001,6972,2435,4958,3825,2390,8815,6750,3815,9939,9700,8768,14325,15615,6200,15527,28533,3890,13595,14238,8577,16189,28810,2538,12455,3748,9256,956,11898,4063,12766,8300,1720,8891,13772,10014,14635,6857,18608,4472,-1542,6852,14687
3/14/2025,775,124,-2950,276,-309,-2944,-605,-860,-4969,285,-269,-1375,2070,3935,2311,2295,3962,14052,4810,8198,8068,2843,9009,7406,2726,49,-1236,3625,6072,18544,775,-2075,-7421,-264,-309,-5251,-269,-3775,-6821,11,-3610,-6731,2070,4275,-3020,2295,3962,10753,4426,7674,7552,2921,9378,49780,2726,6982,4260,3820,9503,51282,-2012,-3146,342,894,-3211,-1637,-307,-1881,3534,2241,5273,11923,5902,6943,11330,20737,70,2014,11330,20430
3/17/2025,-660,-2134,-1379,-940,-1720,250,-1635,-1501,2036,-19,-240,8246,525,746,4565,623,545,8550,657,2525,7598,465,-4775,3721,511,664,5820,-70,-2095,4148,-660,-1580,3595,-905,-1720,9398,-885,-947,5035,-1380,655,8785,550,2225,8552,-440,-1670,11141,2207,-2180,1891,-231,-8280,-20732,1055,-2515,1475,60,-8335,-18605,-429,5553,-1970,9026,-2448,5607,400,4731,875,5765,-67,6420,-1764,4429,-4074,3400,3385,10215,-4074,11789
3/18/2025,6040,11202,20596,6206,6116,7503,3740,6430,12158,5920,6450,19611,3990,16119,58391,7975,20114,51708,9223,19060,50278,6365,12727,2831,6195,14121,17218,4900,12462,-1335,6040,11202,23517,6678,6116,8686,4748,6593,12193,4960,10543,20693,3990,16119,59055,7975,20114,56660,9223,21774,52531,6365,12727,29314,6195,20464,52738,4900,12722,27307,7420,15918,3300,897,3639,3714,4370,2714,17357,38208,15826,1839,14540,31977,5402,-3068,5197,9201,5397,-2250
3/19/2025,455,1382,2226,981,2461,478,1115,729,3547,-500,2619,1011,730,1754,3454,905,3457,9108,2277,-1135,12090,1180,5445,-2370,995,146,-1269,1095,6195,13712,455,395,6223,330,2461,-2600,-1225,-581,-2634,-900,-2645,-1882,730,3954,8988,1105,3457,15847,5698,5537,13915,472,4984,35889,995,4225,13936,2499,5911,36340,-320,12905,2525,4521,474,4973,1565,-2260,3285,2781,1617,5492,5358,12925,9396,8561,1462,-130,9151,12039
3/20/2025,3010,5314,6241,2388,4647,7800,3147,5832,4760,2770,5545,9472,815,7982,1933,934,3078,11991,-875,-1336,-6830,2767,-3193,432,925,2578,2293,305,13114,-4243,3010,4630,6241,2388,4647,8111,3170,6176,5571,2375,4320,11822,1145,6384,15668,934,3078,15576,1970,4995,17627,6779,7110,-22077,2365,4200,17079,2920,4619,-20985,2970,-663,1222,3849,2496,2666,1663,1974,10574,16612,5773,22706,16035,734,-1426,-5863,2935,11526,-1431,-4492
3/21/2025,5,846,-4618,-810,307,-3465,-102,7895,-4437,-55,-1466,-3965,1885,9611,11036,2096,5906,2781,1333,-1145,-6272,1685,6500,-2624,825,1297,-1553,2144,1679,-6168,5,2190,-12291,-300,307,-8485,-265,8298,-9078,520,-508,-3234,1885,10933,6653,2096,5906,19106,1495,3978,13444,1726,3626,25399,825,1617,14384,2144,6530,27721,-408,-5140,-395,-3284,-1330,-2956,-425,-3145,4124,4266,2945,-6945,1692,-7455,3113,-6940,745,91,3113,-5584
3/24/2025,2010,3977,-2984,-673,665,-1870,-920,3725,-3267,693,2931,-1050,3720,-385,-1289,3335,3974,713,1715,940,10360,2980,8189,600,3780,-233,2908,3025,5954,6729,2010,3287,-3847,-587,665,-711,-716,3725,-2919,1124,2736,-1514,3720,4052,8243,3335,4049,11514,3161,6405,14500,2112,3613,36384,3780,5965,17180,3025,8507,40852,850,-370,374,2975,619,-88,284,3088,-2428,-2385,-350,3670,567,4858,7201,8422,-687,2967,7026,7860
3/25/2025,953,3869,1689,3230,5104,4735,3285,4128,4449,1395,6953,6685,995,3299,8783,225,612,660,2882,5215,5373,5445,4247,-1666,3755,2663,790,5440,5300,442,1300,5049,2636,3230,5104,6455,3285,4619,2200,405,4659,8323,995,3163,12521,-586,2472,4318,3221,4074,6604,4699,-943,-1745,4225,3554,3852,5255,-595,-1745,1529,2232,1446,-1000,1856,2087,1726,-970,1506,2594,-426,1162,1731,2989,2928,1599,1952,936,2928,-2146
3/26/2025,1550,-297,5821,1420,-378,945,-134,-955,-1362,995,599,6722,-1655,-3815,-6755,2135,3287,-3421,2555,-1888,-8643,5701,4084,1213,305,1441,-4475,4204,2046,9060,1550,1034,1558,1420,-378,5716,1620,-222,1823,115,-228,838,-530,-4150,-17535,2135,3287,2387,3203,2409,-6976,5126,4333,24622,2210,1735,-4100,4586,5580,26326,-1184,2340,-635,6074,-154,2307,-1366,6074,-3369,-8475,4182,1260,747,-4888,7959,-1682,-5255,-4145,7959,1067
3/27/2025,1185,5571,9935,3131,4225,7009,4202,4285,12510,0,3807,6469,2425,6911,10963,3060,2080,16210,4549,-505,28304,1770,-3080,977,3190,7495,871,2614,6853,4219,1185,3913,8835,1905,4225,5397,1915,3112,15512,2725,7698,5410,2425,7030,13198,3195,5545,14903,4629,8097,24385,4682,9246,23077,2665,6465,29221,2320,4951,21881,5355,12621,7610,6793,5672,14232,5180,3405,8210,14715,6405,12998,12354,21824,-434,3537,4082,425,-439,9690
3/28/2025,1930,4187,6633,2631,2315,7441,1141,3672,7828,2470,2718,4798,-1520,-4200,-6615,1877,9615,12423,5146,-1495,-7407,6925,21779,-1450,3763,2166,-4500,7551,18226,64264,1930,4403,6633,2631,2315,7441,2037,3812,8000,2495,2690,4508,3235,4825,-3607,1877,9615,16560,5691,16724,11717,6925,20080,75086,3890,15799,12693,7551,21689,78336,1156,1537,-850,5101,1607,2190,-480,5516,-4085,-8280,7054,11608,7524,-4767,12589,31159,-509,-4160,12514,26390
3/31/2025,-290,-1259,3427,-605,-950,-5980,-2029,-3727,-5384,-145,360,-5777,-946,-4495,-5765,-180,-3853,-6957,-1700,-1570,-7895,1595,7161,-2482,-831,-1700,-4720,2345,5486,-1010,-290,-630,-6219,-605,-950,-2360,-570,-1835,-4585,-1185,-1705,-4305,700,-4727,-1488,-180,-2399,-18935,-4270,-3270,-16653,1182,6244,19523,790,-4030,-15548,2345,7146,18457,-3414,-6920,-475,-1069,-4325,-5110,-675,-1016,-4410,-8298,-2610,-6945,-1344,-7203,8335,-6920,-6420,-5365,8310,15055
4/1/2025,3080,3761,8283,3077,2775,9191,4037,3130,7800,2690,4540,8027,1095,-105,-3335,2800,3965,3589,2626,-1352,795,2359,2350,6619,1212,872,-380,2398,3180,905,3080,3100,6228,4241,2775,8210,4402,3768,5262,2415,4682,16784,1095,2705,5825,2800,3965,4406,3995,1805,125,649,-177,-4573,1635,1300,80,2043,2350,-3016,4214,9969,2238,8155,2736,8709,4826,10020,949,-630,1950,4578,1585,6450,667,2144,-1170,604,667,19017
4/2/2025,1405,3175,10888,3684,6573,13093,4285,5598,11432,757,5498,15272,1420,-2865,-3403,-220,-70,6991,5926,-910,12926,775,4018,-2701,1650,-1725,-4290,2545,4099,6979,1405,5303,10888,3684,6573,13093,2956,6149,11432,1357,7769,14380,1420,2755,3516,910,1150,7735,6226,6960,13120,415,2927,17028,1800,5465,10055,2545,4013,17559,4780,9063,5708,11244,5613,10071,4555,14747,-3048,-5535,-644,7302,2731,5864,4697,7663,-1392,-5350,4692,3127
4/3/2025,187,2966,-241,1145,140,204,128,-1029,2620,1105,1640,-1436,715,2870,32,851,220,5964,5557,3290,1587,3943,8504,20355,940,2398,2544,4403,8814,23037,410,2391,1534,1650,140,-687,1035,-1420,2405,740,465,3415,715,2870,-482,851,220,6378,5557,4438,1920,4054,6265,26567,940,1293,1514,4798,7461,25830,800,929,10,-2345,1043,3549,-80,-2136,814,-2447,-1040,13786,7003,1064,8497,29118,1122,4650,8487,12724
4/4/2025,2155,4066,7489,3615,3195,9378,2862,3541,8592,1875,1366,6761,3235,5798,3479,4060,8260,21139,11601,13730,17129,4090,15542,-2272,4310,7388,1165,9505,5280,30159,2155,3505,7489,3615,3195,9378,2862,3239,8592,2360,6658,12395,3235,5798,5903,4060,8260,21139,12078,11455,17129,4090,15542,44691,4310,9860,13682,9505,15367,41814,3630,25047,3305,24145,3322,19854,4176,22493,6367,9108,9210,19651,13535,23868,33496,47792,7210,73,33456,25824
4/7/2025,1175,3525,-4015,-123,3605,-4835,1540,4726,-4015,-575,2525,3949,1070,6760,11875,2080,6190,16220,3336,-1040,4754,-470,4385,-2310,1715,4560,-40,4575,4470,5695,1175,3525,-1215,745,3605,24,758,1675,-4133,-165,1455,-806,1070,6760,11875,2080,6190,16220,3336,6260,4754,5020,4385,15587,1715,5025,4330,4575,4135,16770,3369,-503,470,2419,4801,-1142,915,3718,6350,10890,5380,17790,5550,7610,11575,13561,3625,-870,11310,6244
4/8/2025,1785,3974,3393,4055,3485,11793,2308,3436,-3907,4700,7883,11402,-195,-1090,-5613,-1325,330,-3154,-1654,-1257,-7017,-1240,12245,-2825,2030,5965,-1868,7270,6285,12689,1785,4815,5378,4055,3485,9357,4140,3465,7385,5665,7099,11497,-195,-1090,-5920,-135,330,-455,2620,2880,-3503,6502,11079,14119,2230,1435,-5345,7270,12045,8727,4486,7403,3835,8960,5190,6537,3375,23010,-370,-6870,1370,325,5640,-8127,10290,-5603,-2125,-5250,10240,-6905
4/9/2025,2790,5322,7023,2395,3615,7727,1888,2510,5223,3400,3479,6773,2510,4869,2489,4255,7150,11364,7995,13158,183582,3510,14915,41731,5130,4430,5135,6485,4330,32323,2790,6360,6526,2645,3615,5932,2935,4350,4795,2805,4595,7426,2510,4869,2489,4255,7150,9800,7995,13158,183582,3510,14600,51110,5130,11225,181256,6485,14865,52352,5815,4834,3318,4440,3945,2911,5538,6377,3290,-1532,8520,12373,11292,15133,18342,50423,737,3963,18277,198442
4/10/2025,2795,5622,9287,4062,3185,4149,2859,5245,7023,2115,2225,8601,1935,4886,14926,1745,2250,18876,7751,9416,20165,5440,8370,33013,3950,6230,1482,5995,6515,29724,2795,3200,9287,4062,3185,8311,3210,4831,7062,2355,2317,6711,2310,4745,13573,1220,2250,14113,7830,9625,20165,5440,8370,35737,3950,9295,19650,5995,8310,32097,6199,6474,612,4175,5243,3943,3659,3375,6478,13244,3760,14773,10979,15785,11910,32627,1189,1601,11890,19732
4/11/2025,1040,-2168,-3796,-172,310,20,-2319,-3042,-5135,230,650,1449,995,4255,5725,1100,2520,18745,1325,5587,8427,4510,13710,4480,2600,3230,208,4595,10340,24885,1040,-552,-697,-172,310,6878,-172,-3772,6516,603,-2527,4873,995,4322,4878,1100,2520,18745,2240,5658,8427,4770,12962,25807,2600,3317,6778,4595,13350,28955,205,2040,180,618,-2315,1027,-1465,2713,4295,3701,4460,7866,7510,2012,14274,10842,3885,3186,14044,25764
4/14/2025,3145,4674,6712,3275,6077,8082,2610,3822,3804,3974,6790,9630,3305,2780,-60,4680,7333,-2030,3953,5800,492,5555,1583,2290,4150,-341,350,6355,272,-3418,3145,5185,6712,3275,6077,8082,2610,4923,3727,3249,6985,9494,3305,4306,2217,4680,7333,25,3709,5303,-867,5555,590,-26293,4150,4985,-2195,6355,1383,-23203,2318,8463,2438,8877,4329,3448,4830,9857,5404,1541,4695,6008,5171,3528,-3435,-1917,2996,1985,-3650,-800
4/15/2025,2080,3400,517,3030,3325,-2621,230,1575,-109,1520,1970,-1117,3480,6853,12009,4065,2420,4432,3390,1112,12880,1903,3039,-2900,3920,626,1111,-431,-1659,-6876,2080,3534,2405,3030,3325,-3215,560,845,-52,2375,2455,-2080,3480,6853,10719,3839,2420,-5690,79,5562,10262,3898,3995,-44958,3920,7806,9243,1074,880,-43025,3921,3226,950,-4062,1917,-5452,1246,-4062,10405,13785,2705,2124,9224,13186,-4173,-6560,2306,181,-4173,1653
4/16/2025,-210,-1697,-4091,730,-1112,4247,26,-1097,-4696,-650,1764,4947,280,-3831,-5955,1650,4129,11131,3472,-1843,8509,3260,7489,11616,2177,4255,1814,5470,3152,15084,-210,-607,-291,980,-1112,1393,830,-7,1644,-530,-112,756,280,-686,-1008,1650,4129,11949,3950,3646,8857,3037,6943,34906,1735,2150,7302,5470,7389,33557,-642,2246,-1155,5349,-1142,-4714,-1015,5349,-950,-4567,5060,13176,9396,11269,12512,19189,3629,-1657,12482,16688
4/17/2025,780,2881,14939,1018,2450,14625,1724,5839,12109,1245,2030,14860,1760,8397,17100,1860,6340,13874,8021,6149,17209,3855,746,4462,4276,9765,5948,4216,1374,8213,780,3097,14939,1018,2450,13137,1843,4675,9346,1698,3482,9798,1760,7424,17873,1860,6340,11692,9369,9053,17396,3855,1453,-1381,4276,14010,14378,4216,987,-5035,4534,9020,2845,10979,7813,8970,2920,10944,7972,8436,2065,4501,4752,3416,2842,-4840,4306,5648,2837,1682
4/21/2025,3280,4391,11721,4162,6128,12532,3079,5875,10433,3730,5742,12316,380,-700,-5287,2090,4620,10487,8430,1817,11862,5555,26623,-1070,3798,4181,-3600,5752,9020,615,3280,5700,11204,4162,6128,12989,3828,5660,13352,3845,6677,9103,380,-1170,-2138,2090,4620,1725,5930,5345,7407,5292,25540,34475,3035,3740,3760,5752,24617,34185,4410,8867,3025,12536,3458,9215,2450,14138,-1165,-927,-51,-3965,9012,1817,-710,3338,2343,-3940,-710,4264
4/22/2025,2641,6488,7474,3525,4168,4805,3714,5293,2884,3114,3803,6205,1875,14549,14779,2505,4174,7912,8978,14495,10839,2160,3684,81,2785,12059,3802,2845,-543,5788,2795,6488,7994,3525,4168,5436,2371,9544,1192,2894,2954,6049,1875,16679,9860,2505,4174,4510,16715,18770,8184,3974,4172,-11744,2875,17384,4935,2845,3474,-10875,4821,3725,2807,7000,5852,6256,8575,9137,5298,7214,3639,4051,5855,7026,3317,10320,16741,5979,3307,7628
4/23/2025,1146,857,4480,3873,2577,1664,1280,1138,-1447,1585,660,8322,3945,3586,2408,1190,25,10089,6008,1087,15135,4595,4214,-2995,1440,3913,3925,3980,7319,-7023,1855,1767,4724,3873,2577,2606,2700,2725,265,2599,4732,8486,3945,3586,2457,2765,1801,11620,5475,4410,16888,4595,8058,26514,3895,4917,15373,3980,6382,23363,2404,1028,1755,839,2582,-5023,1920,6584,1323,4106,4364,12951,6455,4464,8739,-6736,918,789,8724,-6744
4/24/2025,840,2121,3858,1800,1715,5958,1207,2334,3765,1775,535,5998,2370,-2180,-6250,2835,4181,6705,4841,1988,4676,2985,12180,8613,3995,-1488,524,4160,7949,25337,840,2890,4288,1800,1715,5958,1765,2515,1918,1810,2597,4046,2370,4113,-5767,2835,4181,10529,5144,6395,6705,2985,10419,44365,3995,5735,5259,4160,12175,44430,3033,7560,1923,11016,2888,7560,2194,9003,-2925,-5325,3464,7290,4271,5734,16194,33317,-434,-3960,16189,33163
4/25/2025,-1975,-1167,-4385,1914,-625,-5398,-1625,-3994,-5398,-565,-165,-4288,465,1620,-3836,1315,1955,460,2885,1665,7501,3215,9300,3861,-120,1794,12,5210,7144,22603,-410,77,-3468,1129,-625,-2729,299,-2711,-6546,384,-1160,-390,465,3865,6571,1315,1955,6292,3250,6552,6658,2939,7342,31960,1315,4754,7597,5210,9828,33489,-3697,-3086,-1195,-1864,-4377,-1526,700,-1636,-1624,-8580,4035,8573,4859,-3686,9900,15777,-1995,-3905,9900,23718
4/28/2025,790,1077,3036,-145,-1045,2490,-498,-215,-26,1350,1488,619,-1165,-4109,-3008,-645,-2510,-991,34,-1988,2829,1891,3464,-627,-420,-1131,-320,1661,2111,-1252,790,1755,3124,-650,-1045,-487,-440,0,-878,160,575,3017,-1165,-2215,-5170,-645,-3575,-8500,-2895,-2980,-9263,1891,-228,7930,-420,-4380,-10950,1661,3434,-12643,-3303,4842,865,4595,-2123,4715,450,4406,-2107,-2664,-2247,548,-4427,887,2724,-2658,-2425,639,2484,10175
4/29/2025,-50,1817,-3743,1300,692,-2867,-438,2752,-4506,-650,492,-2979,325,1695,4373,-445,-1815,-1179,2463,213,-1575,720,-1965,-334,1308,-392,-403,2185,-1411,-3330,-50,655,-6707,1300,692,-1257,324,-102,-1921,-330,-2438,-3693,325,2135,9579,755,-1815,821,2720,-1903,587,3164,-4706,-13671,1280,-2394,-1156,2185,-4740,-13233,-282,-4222,-482,-1650,1287,-3473,-260,-3142,4935,4336,-1744,-3266,938,-3369,-2135,-3733,1206,-87,-2140,-4126
4/30/2025,-140,-185,-4530,-1715,215,-4530,-1939,-2452,-4530,-515,1170,-995,660,3310,2605,385,3610,-5635,-1600,-1556,386,2470,8373,-2970,1195,4453,-5630,2770,4586,-7495,-140,1030,-1706,-640,215,2445,-600,-420,-1928,-530,1455,1661,660,5672,5293,945,3610,7338,3385,7432,4176,2470,7097,18477,1195,6244,4997,2770,8452,17770,1113,-3689,266,986,2005,-1928,886,-154,2677,18799,-601,-6385,4676,-1096,10287,-6885,-999,-4000,10267,7626
5/1/2025,1380,-196,-2228,1730,185,5206,1108,-1010,-3743,965,-314,5909,1805,4275,4287,1270,296,4967,5263,3956,-3280,1175,-1712,4166,516,168,3260,-535,709,3300,1380,478,-2642,1980,185,3678,2591,160,-1602,815,900,-99,1805,4274,7264,1270,296,3530,6966,3064,-2204,960,-6866,-28533,835,2414,-6011,70,-8671,-40855,1606,5883,125,7061,1406,4423,4029,7586,2722,5901,5238,6642,2060,1186,435,7055,2486,4335,435,6704
5/2/2025,1975,1401,4547,-390,707,312,1247,4036,8409,-590,789,2511,1555,5712,-4408,1840,3909,-2422,4383,4915,3118,3650,6534,-132,2005,5319,-1657,3875,2955,145,604,419,7151,29,707,3856,196,1749,5660,775,722,3808,1555,3722,-7816,2030,3909,-7937,1892,3955,6579,4114,4990,1213,2155,4345,6404,4300,4930,2079,2806,3344,3198,-2941,4126,-1614,3623,-5940,-2512,-5243,-1960,-1452,-660,2461,14018,-6091,-1944,-5205,14018,1411
5/5/2025,775,3788,4422,3758,2844,4237,3832,3148,3155,1650,3464,2291,1975,1451,4576,1995,4862,2966,5513,5887,4055,2844,10182,1763,4150,4035,2916,4173,2637,-4191,775,3333,5580,3758,2844,1957,3343,3585,3373,105,2198,1318,1975,2387,5223,1995,4863,10932,8141,4406,4825,4679,10182,-5523,4150,3886,4661,4173,10182,-5523,2708,12995,2819,8378,3457,11368,2040,10302,-1465,-2325,4487,1826,7017,2266,7489,-3134,1700,-2280,7489,-5152
5/6/2025,1050,1983,2535,1987,2460,5627,2553,3036,6269,745,2229,5360,3972,12020,18435,1760,12990,33476,12603,14727,38429,4196,12524,-2895,3739,1728,10510,2551,13133,2022,1000,1983,3222,1987,2460,6446,2362,2830,6269,1604,1210,3935,4915,13905,30893,3825,12990,33258,12357,20614,41285,7038,14748,38778,9017,19469,40308,6335,13209,39017,2662,-124,2602,494,3747,1751,1329,2094,6409,17473,9207,24134,21565,11211,11323,-1023,3627,3931,10975,-2345
5/7/2025,2851,6989,14099,2445,4761,10604,4228,7408,15669,1735,-110,15055,2787,6555,23971,4130,6177,25342,9262,10473,26569,2995,18235,10322,2195,1527,7402,3510,12940,23218,2695,4124,22188,3680,4761,30025,3945,6080,24315,2525,5879,28330,2787,6963,22356,4130,6177,31124,6600,7876,22497,2995,11251,47318,2195,6099,21629,3510,18235,65225,19833,18469,7807,12318,7585,10549,5365,12318,7301,16919,7234,20513,8656,22609,15600,27436,3259,8645,15585,16138
5/8/2025,1775,5679,1020,1312,1378,-533,1635,1525,1187,1505,3454,2491,1310,3570,8300,1386,1087,-1132,-483,1626,-4059,465,470,-1005,-52,-597,2408,270,-2529,-3588,1775,2761,15,1312,1378,-1006,1845,1803,-925,1345,2215,-3323,1310,3570,8079,1726,526,9410,730,2820,-3803,830,2346,-44699,1631,2205,-6119,875,2398,-46537,-310,3998,-3167,412,93,-1778,-2862,302,4057,8017,-469,-2402,-2125,-5102,-5759,-3860,404,2174,-5759,-1936
5/9/2025,3235,2192,-3829,1995,1950,-3578,937,-111,-4605,3855,698,-2494,1615,6526,7352,1580,5376,7212,1712,8264,14539,6056,5620,-2970,2580,3398,3459,8764,2050,-7495,3195,1915,-3124,1460,1950,-1714,660,-152,-3375,3503,-558,-4578,1615,6168,18276,1580,5376,15460,2187,8365,14550,7588,4592,-13225,2580,8305,17178,8894,6585,-6706,1502,-4276,248,-5135,1179,-2428,178,-4480,4413,16417,5435,1530,3606,9339,-6446,-6550,-7,3986,-6451,-7315
5/12/2025,320,1631,1295,1160,1360,-4404,740,1465,5187,525,2145,-3177,-1110,-447,-4804,-1295,-1825,-6949,-1846,-1955,-8615,115,4765,-2967,-1325,-1803,-2053,295,-593,-3131,320,1800,-3488,1145,1360,-5527,1085,1715,-2267,-1165,-1275,-5477,360,810,-115,-1105,-2395,-8519,1250,-340,-1252,884,7528,2243,880,-340,-1269,2430,8050,2985,4320,-5652,7240,-7720,3908,-5785,6075,-5652,-2139,-8625,-3735,-6982,-6098,-8480,-6860,-6959,-1877,-3950,-6860,-5880
5/13/2025,2868,6777,14771,4129,9943,11178,3134,7018,12860,2590,5871,14545,2026,1969,2356,2993,6754,17264,2686,705,24559,4808,8041,2017,2725,2862,-4725,10009,6974,15273,2868,6777,15340,4129,9943,11620,3484,7207,13923,3041,6105,13530,745,2246,18122,2993,6754,17231,2887,6413,24018,7992,6968,17410,2810,5847,25383,10124,8041,19641,3862,4577,4703,4246,3306,849,5028,4328,-311,6094,8087,11907,8397,15705,13556,1320,-1065,-1007,13556,15330
5/14/2025,4356,11122,7185,6335,11078,6383,5435,10695,5587,4296,5865,10363,2516,11485,18303,2926,13473,18041,4769,12993,19904,1037,13917,-734,2277,2859,7904,1721,8565,4879,4356,11122,13009,6335,11078,11124,5435,10695,13169,4136,11421,9258,2516,11485,31724,2926,13473,24661,8913,16292,29883,2025,17890,28523,2426,16292,29573,2331,20485,30492,5687,5679,4938,6408,6685,3453,3733,6408,6918,19240,8688,17576,12710,20439,22389,4174,6312,4864,22189,10568
5/15/2025,2991,4567,9439,3030,3706,14160,5657,6099,10447,3725,4199,15560,1785,4690,5888,1660,1255,3647,4155,2918,4971,1000,536,-1870,1985,4107,-1467,-370,2495,-6117,2991,4202,12981,3030,3706,14433,4225,6099,9554,4175,6967,14688,1905,6000,7565,1845,1255,2517,4119,4175,1753,2904,314,-12316,1985,2575,-1898,-125,536,-11423,3537,8243,1672,11437,3795,10033,4096,11877,6172,9165,1530,7930,3284,7031,-3618,-5197,1419,-2414,-3618,-6193
5/16/2025,-200,-998,931,123,-1785,3264,243,-937,69,-890,-1635,2203,3390,-4475,-7000,-255,-3860,-5065,-1777,-1973,-8436,1284,-2975,1000,3609,-1975,216,-2465,2537,-3065,-200,-1160,-254,123,-1785,2203,273,-1117,1156,-965,-1345,1960,3390,-7090,-23275,515,-3475,-14005,-2160,-4353,-12391,1284,-6100,-7175,3609,-4968,-12905,-3605,-6095,-4951,-716,-1432,-1734,898,-776,-1328,-1734,898,-4424,-8992,-4360,-6895,-6446,-8284,-3446,-4155,-2079,-4575,-3446,-4610
5/19/2025,-95,3958,8193,1606,4579,8154,1742,3195,6258,-530,2954,8146,-33,-409,-3382,-583,995,7243,797,-117,2078,-265,3885,-1003,1259,-51,-4235,2048,-1760,-2100,-95,4104,8051,2055,4579,8154,2189,4662,5953,285,4561,11521,-33,115,-3245,-200,995,7243,1103,3029,4206,1669,3717,26034,910,2199,5921,3680,3360,27581,2347,6376,2456,8215,2718,4845,2136,7405,-2272,-4402,935,7422,3615,-853,-1347,-4015,-1279,-5435,-1967,-2419
5/20/2025,3865,8492,12519,2150,8435,14483,3180,10402,12696,2590,3839,13703,5135,9563,12997,5865,7397,-2569,8547,6814,10572,6756,3817,4077,7575,3492,1798,4495,7302,-3736,3865,7765,17467,2150,8435,15757,3180,9675,18937,3735,3385,14719,5135,9563,15899,6145,6112,8244,9695,10245,9912,6685,3447,-2619,8015,9930,10483,4845,3655,-145,4828,18990,5877,11781,6693,15574,4501,11781,7797,20873,-358,6407,5961,9331,557,1088,1242,4153,552,1162
5/21/2025,245,520,-1288,-28,-495,-4511,621,-1099,-5448,560,115,-2641,1065,135,-3764,1845,1980,76,-91,2325,-167,4612,2271,2898,915,2317,-1470,4620,4374,-4005,245,520,-4319,-28,-495,-2459,58,-70,-7696,555,101,-5843,1065,990,-1099,1845,1980,-5845,1015,1305,-9406,4021,-1114,-22812,915,-115,-5775,6569,2366,-24005,1071,-1381,1800,-932,-149,1266,2175,-475,-1600,-4691,1931,2980,1742,-4592,7667,-6563,-13,34,7662,-6210
5/22/2025,1623,4843,8217,4160,6154,10027,3493,5600,9097,2948,4867,9507,1961,4620,12332,2795,4611,9667,10418,1240,5613,2235,6536,-955,2287,3951,798,3277,3258,-2563,1623,4843,8217,4910,6154,9912,4230,5548,8540,2638,4673,10953,2310,4907,10568,2795,4611,11552,13226,6085,2536,4698,9196,-16595,3136,5925,800,4659,6447,-25294,6195,10095,4022,12595,4432,12101,5067,15432,5987,14607,2418,3529,6417,9014,6319,-3989,2000,1522,6249,8968
5/23/2025,400,490,3113,-920,2795,1423,1182,897,3643,1105,4769,745,3980,-2663,-2368,-1120,2079,-2003,1955,-1125,3972,1963,2828,-1796,3681,-1039,-4385,550,5340,-3723,493,-565,-756,-1585,2795,-360,-1560,-960,-3377,1118,-1370,-422,3980,1451,-894,3528,3238,-15238,2606,1510,-3553,3253,2101,-24902,4680,1243,-494,3082,2880,-22377,1079,4684,-192,-845,2635,7065,638,-1918,-4237,-7416,-1815,-4128,-2092,-4321,543,-4932,-4301,-3880,543,-4146
5/26/2025,2940,4395,5769,2765,6500,3749,2015,3680,3749,3045,7156,3127,1865,4600,7775,3055,3880,2247,3610,4725,4044,800,-2910,-98,2575,3305,310,-1300,-1811,-3514,2940,4395,5802,2765,6500,3387,2015,3680,3387,2100,5306,3238,2045,4600,8085,3055,4785,3180,3610,3035,4542,981,-3204,-11102,2495,3035,4542,-1495,-4670,-11102,3296,993,3066,-1060,3231,977,2866,-1975,-1206,-98,-2940,-4440,-3564,-2727,-6545,-5025,-546,1669,-6545,-4135
5/27/2025,1756,3511,4583,3335,6234,3908,1677,2580,1426,2040,6929,1929,-395,-4260,-5086,3325,6180,-995,1340,-1895,-6135,1143,9224,-315,-1437,-2025,-3198,3012,6960,3481,1115,5021,700,3066,6234,2650,2261,3727,542,1355,5041,84,180,3870,7550,2860,8755,9085,2337,7755,13567,2029,11747,21124,2540,7385,13721,3426,12797,22901,2440,867,4447,-6170,4629,849,6459,137,-4400,-8887,5325,5245,5140,-1279,10719,3387,-4604,-5395,10719,4537
5/28/2025,1145,2465,6274,3971,3213,10458,5268,1625,3286,-570,-378,11340,900,7835,2771,765,6904,9220,2030,-1105,8821,1075,908,-2105,1125,109,-2105,2060,-2043,-7251,530,881,-4791,5567,3213,2059,5126,1509,1709,765,1146,1917,1440,9659,8790,1800,8889,14504,10931,9624,8075,1125,-117,4646,1630,8384,10133,2185,2531,5898,3780,3621,1544,5642,2556,1446,3636,6384,1589,11611,8049,1989,7689,4480,102,-594,-146,-2100,102,377
5/29/2025,1250,776,2062,1475,2380,-243,4384,1136,430,-70,2516,-2150,2010,5526,19551,2610,3571,19989,2539,5570,16551,2155,7171,515,2040,2433,1813,4547,3555,-1449,1250,460,-1745,1540,2380,-25,1961,1831,2063,1045,965,-20,2010,6918,18544,2610,3571,19989,2539,5845,17383,2155,8860,2226,2040,4793,16138,4603,6812,3442,-2248,-2515,210,-2003,2584,-2442,-185,-1507,6971,22668,1908,21038,6380,23177,6167,19314,3404,2048,6157,25343
5/30/2025,815,3477,3884,2321,2453,11645,1805,1899,6156,1320,3671,11738,625,-527,-5174,630,844,283,1969,-715,3214,510,-2692,5973,1834,-172,2088,-1045,-1727,7698,815,3483,6692,1703,2453,9294,898,3286,3279,1350,1776,5796,625,312,968,-960,-2641,-773,2595,-780,-4980,450,-6550,-2244,1828,-1525,744,-2685,-6041,-6181,3906,12458,2521,10759,4173,10136,3553,11115,-3507,-4237,-3126,411,-1788,-1887,-5856,7111,-90,4627,-5861,7107
6/2/2025,570,-1839,-2840,-360,-718,-1284,-1335,-1725,-3857,5,-1800,-1522,2192,-2337,-5043,940,804,-4901,1049,-1985,-7945,1510,13621,87,581,-2105,-1923,5685,8675,21128,570,-803,-2831,-360,-718,-650,-360,-883,-2871,-760,-1573,-2771,2192,-5661,-17361,955,-925,-5930,1813,-1525,-11125,314,13118,43446,2975,-1021,-10780,5685,13621,44207,-250,-678,3317,2374,-830,-986,707,1864,-4427,-8871,158,-4005,-921,-8430,18954,20709,-2753,-1477,18954,22868
6/3/2025,965,4245,7220,2245,5283,8415,2173,4508,5156,2000,3295,9835,1560,-39,-3773,3614,4613,9285,2410,-1115,6438,3480,530,-1326,2162,70,-1632,3676,6289,-1205,965,4245,9032,2491,5283,11090,1727,4873,6428,1615,4347,12369,1560,5557,4973,3614,4613,9285,3230,5339,7860,4012,-1469,11518,2882,5144,7830,3936,580,12979,5033,7472,5303,10770,5073,7969,4175,8068,-3365,-7312,945,11933,3796,9695,-2083,-6881,-1444,-1279,-2083,1431
6/4/2025,4162,3935,517,3399,7377,-1199,3248,2676,2057,3864,3119,1172,1438,8635,27083,2825,9824,19935,2242,5957,27402,2975,5292,721,911,5860,11174,4545,8549,4601,4479,3105,5039,3275,7377,-1378,2625,2683,2701,5105,2818,6480,1438,9345,36348,3010,9165,27876,4508,7218,31500,3681,23347,11561,1772,6916,30795,6105,23848,11886,-1742,-698,-1075,-4120,1721,81,-729,-3354,9814,10942,7345,4367,11241,4412,16070,900,10079,2696,16070,-2624
6/5/2025,1120,659,129,1736,-213,275,1130,567,-783,330,711,-2876,65,8951,5277,-1190,5737,-823,1469,7494,-1009,3960,-6340,12563,640,819,4937,2345,5324,23199,1120,-170,-4169,1191,-213,-2105,1554,-506,2036,840,-636,-4946,65,8951,5348,-370,5737,-24,385,920,4754,1615,2233,-694,-15,-135,1441,1900,885,-2505,250,-115,1198,12039,2824,7705,-2190,2257,8550,5524,5270,4321,3414,7214,6493,23633,799,2138,6478,12981
6/6/2025,4799,7884,6732,4682,9651,9008,5244,9021,10505,2457,5525,4458,1349,2898,5995,2400,3535,5065,947,360,-2723,1189,-6058,-1277,1855,1581,6893,1565,-4285,-6152,4799,7494,15513,4176,9651,5856,4535,9705,15647,2192,6991,10410,1349,2965,14142,2400,3535,8928,1593,667,3173,3693,-4675,-24601,2075,62,1690,2545,-8283,-24975,6087,15627,3992,4268,6352,9664,4352,5927,8479,24190,3740,18729,3271,11928,-5847,-5840,6161,17754,-5847,-6016
6/9/2025,3691,7376,2542,3980,5023,483,5091,5105,3696,1800,4335,-2116,3485,6313,25225,3740,2744,1640,1139,-1395,1163,1985,-858,-1659,3466,5532,5072,870,-3791,-6537,2315,6380,9673,3082,5023,-2104,2569,4702,4668,2877,5758,4078,4145,6313,25106,4360,5159,-3455,2482,2608,7278,3272,-6168,-52145,3915,2414,7273,1940,-10001,-52145,2694,-4372,-301,-4095,1414,-1252,-305,-995,14745,12382,6472,-4785,9337,-165,833,-5161,12070,3322,833,-6611
6/10/2025,1140,4240,615,2124,1722,1613,3048,1871,1291,1450,1710,4067,2570,9846,13919,3155,5936,22177,7028,10780,18720,3645,7013,147,2720,5931,770,3965,5123,15126,1140,4240,2495,2795,1722,3910,3135,3978,2233,1040,1473,-3820,2570,9846,14700,3155,5936,25858,6997,10780,19483,3645,5615,45271,2720,10145,17990,4205,7480,46359,2409,432,955,1524,2146,106,874,1540,8698,11321,7131,13601,9923,13363,7902,7090,6015,5384,7902,10332
6/11/2025,1610,2591,-818,660,1571,-3493,835,-900,-793,810,728,-5847,818,3679,2149,2815,3207,2394,-115,-1975,-8546,5063,-5582,-2975,510,3604,712,755,3266,5915,1610,1043,-9099,95,1571,-8668,-495,-1093,-7459,-600,-3345,-15250,818,3679,-95,2815,3207,765,-370,2210,-6336,6034,-1308,-21373,510,165,-7017,2772,-558,-18389,849,-4475,-40,-3740,798,-3417,-1094,-2329,3240,4582,2714,4588,-968,-1361,-6950,-6144,-1048,593,-6950,13655
6/12/2025,1395,1826,8407,925,5676,5980,998,4091,5302,1185,-246,4017,3410,2160,5289,1595,4362,11203,-248,-1087,7297,1060,7534,-1555,3082,-1263,-3128,4878,4934,181,1395,1826,5095,925,5676,4287,998,4091,5095,1630,-654,2672,3410,2606,17198,1595,4362,9576,786,370,16898,1404,6470,-21538,2712,-815,16348,4878,7334,-25615,878,-422,-1288,-6040,878,-2342,-1288,-6040,3330,6747,1190,675,12505,18614,2528,-6224,3026,-3900,2528,-6229
6/13/2025,3950,5304,4079,4189,2674,3396,6422,5616,6494,3949,1874,3547,850,2370,-1789,2750,4212,-1319,-1549,-1460,-2182,3525,-5130,-2736,3940,4405,6730,2855,-3161,-1668,3950,3493,1750,4189,2674,1404,5192,5329,6865,4275,5159,4130,850,445,-2589,2955,4540,-3942,1661,3395,-9554,3929,12936,-6449,4135,2955,-2968,5030,9344,-13538,4712,1057,2417,-584,6129,3187,3072,-2617,2259,-5620,2045,-4006,4899,-512,-4031,-3017,-83,6009,-4031,-4432
6/16/2025,633,3407,384,1637,3032,3619,1479,3291,2442,438,2535,3663,1275,1052,-1990,1745,3733,-4644,662,5648,-4412,1832,10595,3474,415,1727,1,3881,14764,823,633,1281,4148,1637,3032,4595,855,810,6460,488,918,5002,1275,-2483,-9328,1745,4153,-13787,-2379,-39,-15871,4296,17016,-31439,415,-1817,-17966,4261,12162,-35012,4201,3685,4329,5277,3942,3394,4172,5277,574,-961,1556,-3653,3904,-5282,2090,-420,2299,2122,2090,-3412
6/17/2025,-445,-1722,-4920,56,-860,-4721,-485,-1074,-5470,-830,-1040,-3390,210,2261,-6829,375,538,-6832,1422,-1032,-8956,746,-5740,-2995,208,-1626,1334,-2400,2687,-6112,-445,-1520,-3895,-585,-860,-2840,-450,-695,-2420,-475,-1170,-4095,210,46,-5620,375,1747,-7741,1706,421,-6931,746,9680,-34170,-85,-1725,-6931,4123,4270,-34420,-1645,-4568,-490,-256,-1097,-4063,487,-2026,-4300,-5747,2850,-6997,-6344,-8496,-6595,-3182,2555,895,-6595,-7207
6/18/2025,831,1538,2246,681,-1313,-1742,250,234,-7,500,405,-2572,2435,5011,-2458,140,-3088,-5216,2883,4426,-2541,2505,-2247,14996,2781,2696,520,840,3497,11469,1015,314,-9619,709,-1313,-8628,448,97,-6932,787,-1273,-8564,1240,2534,-5890,340,-1200,-19910,-2540,1945,-9010,4780,837,-20756,765,198,-9518,2357,-7350,-21985,-1087,4747,519,5134,1894,5021,-421,5386,4298,-1525,2004,1690,3827,2360,-794,3460,4751,1829,-794,15619
6/19/2025,795,730,-128,180,80,-620,180,-589,-620,775,162,-369,3335,6777,8494,3465,8024,6124,3633,5187,11400,5073,6122,-855,6720,2190,2369,5773,8738,2263,795,-815,-1600,180,80,-369,180,-589,-369,675,-1995,-1835,3335,6777,9119,3465,8024,10624,4691,7514,15644,6661,8756,35882,6720,7514,12831,6826,8756,33069,1006,-2741,-2280,-7290,-932,-4178,-2905,-6890,9065,8720,8140,-597,7554,1723,-1995,-5220,-338,1810,-1995,-5220
6/20/2025,519,-527,-4062,732,403,-4602,-537,-1379,-4982,-580,1603,-6032,1750,6101,6756,1395,3490,9686,62,-1135,10325,-1075,-354,-2170,1700,1926,-4335,2169,11150,-6216,625,-556,-6712,321,403,-10748,-515,-1217,-8766,71,-2180,-2264,1750,7140,12602,1395,3851,17857,1025,10274,12463,2794,1732,16801,1700,7922,12848,3815,2498,22422,1123,-5106,-520,-6117,832,-3651,858,-6117,6815,14901,6307,9219,10026,19068,-1834,-6894,5907,-4115,-1984,-6565
6/23/2025,1115,1483,2142,1460,1839,5530,943,-848,1769,1150,1332,4532,174,4666,7510,1500,3075,11257,3214,2960,7761,1925,8225,3779,803,1558,3693,2765,4640,11422,1115,1483,2745,1460,1839,5530,943,-436,1769,1540,1995,650,840,4666,5706,1120,2175,10710,6258,7445,8029,211,6192,39853,1060,6655,9010,3055,8050,42677,918,3346,5,7278,1196,2089,1470,5853,3587,7652,3500,7365,5344,4194,9272,14384,1813,959,9267,16430
6/24/2025,1420,5073,3800,3127,5492,5536,626,4540,2642,2525,5390,6336,1092,-4105,-6280,-1365,-2880,-6915,1805,-1941,-7217,5609,24646,-959,3035,-1775,-2049,8639,23625,-1580,1420,5073,5541,3506,5492,7607,2567,4540,5150,3361,4964,9161,1292,-4455,-12895,-230,4587,-3257,2997,7334,651,4715,22596,44767,3730,7334,-266,8639,24646,44767,5233,4479,5227,6143,5193,5514,3253,6143,-4449,-8733,-4455,-4100,-3501,-4575,29325,968,-2586,-1230,29325,2482
6/25/2025,123,2592,2326,475,4418,997,363,4595,525,-910,610,1795,-605,-3970,-4223,100,1445,-5780,-1595,-1145,-7410,3806,-4539,-2188,650,-2060,-4230,3432,-2548,-4481,225,3079,5807,1242,4418,1888,476,4617,4845,-300,2218,6924,620,355,-885,2453,1932,-6885,-205,8073,2924,3785,-5877,-31566,1992,7838,2604,3526,-6837,-33094,1216,1830,-871,2289,1216,1958,-943,2521,-4006,-6727,313,-6390,400,-7995,-6781,-5720,-2271,-4100,-6781,-6715
6/26/2025,1015,2379,-3053,705,785,-953,38,82,-2991,-960,-784,-1062,1685,-3715,-6046,195,-1985,-5790,-265,1480,-8852,715,12523,-2945,-1198,-1775,-1870,1100,11840,11204,1015,2915,-4013,705,785,-714,497,65,-3166,-70,-1610,-4576,1685,-6500,-21285,195,-635,-10315,-595,-4100,-12817,1843,12334,35321,985,-4405,-12817,2445,12471,36243,-1416,-5687,-1655,-2512,-1824,-3848,-3381,-2512,-4408,-6363,-4475,-6885,-6496,-7539,4133,-317,-1625,581,4133,12752
6/27/2025,1313,3634,7748,53,505,4257,-92,-22,6604,-290,5208,5785,-455,-2526,-2081,-1265,-3415,-5007,-1020,-1015,-5074,-1205,-5525,-925,1802,-489,907,-1100,-3505,-1501,-820,1403,5833,53,505,6189,-912,182,4559,-610,1967,4756,-455,-3999,-2943,-1045,-8715,-12676,-2470,-7990,-18291,-575,-11662,-59781,370,-8595,-16659,-4340,-18530,-60605,4171,13159,-2088,12636,3364,14041,-773,12026,654,5400,860,1440,-1439,389,-4830,-2725,2442,-320,-4830,-3906
6/30/2025,106,286,-4893,1566,-915,63,-679,-430,-5455,681,393,-4898,2060,1042,-6284,1820,847,-5281,2451,-1070,-8980,2710,10900,2145,2265,-1675,841,2070,10829,2556,106,286,-1519,1566,-915,-4194,-679,-430,-4574,-654,-1409,-3729,2245,2592,188,1820,1032,-1032,4168,2516,-6577,2710,5072,-35435,2500,3601,-6577,2180,5067,-35435,869,-2445,125,-4185,1237,-4728,216,-3320,1300,-2630,-115,-4012,1955,-8234,7786,-3186,-70,-2797,7681,-5031
7/1/2025,2095,4064,10782,3938,4074,8083,2773,4116,9520,2095,3090,10073,1988,5920,20072,1705,2732,9609,2735,3273,23640,2835,-1624,-2430,691,1241,17,3400,3665,-1518,2095,4910,11631,3940,4074,10055,3220,3895,11231,2425,4663,8724,2285,7746,28507,1955,3149,15920,4645,6121,24353,2538,1371,4391,2415,5961,25076,3400,1522,5861,8475,13546,6584,11522,8009,13078,6138,8561,4976,26239,2089,11730,5110,22043,-3520,481,4328,2164,-3520,-438
7/2/2025,1760,1106,2371,2158,668,3032,1191,-323,3259,2270,1125,6109,-1745,-2964,-6990,-80,1682,1349,1568,-1070,-1570,-160,9471,-2125,-1160,-2125,-4705,852,7660,2919,1760,1274,3452,2158,668,7026,2081,304,6066,2025,1020,6528,806,11659,-7401,500,6444,7424,6756,8860,5123,2183,19594,62802,866,8860,6684,3810,20719,62323,1125,3122,882,6035,-72,3204,1239,6218,-3855,-3550,-2200,913,-2278,-3185,10724,-2550,-6775,-3855,10724,-1063
7/3/2025,1200,2461,5633,2285,2670,4150,1937,4500,6634,1402,3115,4384,-615,-770,-3386,-280,-1310,5380,953,-1956,3686,1715,4430,784,705,888,-4745,200,-500,4579,1200,3355,6099,2285,2670,4150,1937,4500,6634,2282,3644,4855,-615,-1415,291,300,1175,4650,1765,-2243,4507,978,6452,5980,845,-2578,5065,-525,6590,5980,4783,2237,4705,2429,4598,3086,4775,2469,-1710,-3466,4510,-4647,3637,2411,7273,5215,-2133,-3910,7273,10771
7/4/2025,-255,-940,560,205,-2275,560,205,-1450,560,375,625,-2715,-460,10,-1530,385,-2025,-3825,-155,-120,-4496,-330,-2025,0,395,-937,-2210,490,-80,-4200,-255,-940,-2715,205,-2275,-2715,205,-1450,-2715,-305,-1335,-3275,-460,10,-4050,-265,-4300,-4370,-155,-4200,-2626,-1480,-6360,-14076,-1760,-4200,-3935,-2840,-6360,-16590,-920,-2457,-1830,-4870,-920,-98,-1830,-4870,-645,-1310,-3270,-6815,-3996,-425,-6650,-6685,9,-2210,-6650,-6500
7/7/2025,33,-3699,-2195,-2000,-3025,-3525,-2175,-2231,-3425,275,-160,-4210,4385,3120,-3238,3655,6615,294,1450,-725,-5765,8390,15230,477,4018,2906,-4205,8088,17438,15075,65,-3050,-9074,-2980,-3870,-7060,-2750,-3245,-7975,-2320,-6105,-9060,4385,3570,-13471,3935,7604,10165,1450,5112,4806,8291,18184,64707,4120,5112,6670,8088,18256,66162,-1750,-6843,-1690,-425,-1750,-1261,-835,-425,1285,-8254,8933,-2359,4214,-891,16605,7692,2343,-4090,16605,19663
7/8/2025,1580,3919,1761,2453,9233,-3806,-175,4980,126,470,2507,-3879,3300,11126,5749,5520,6066,7511,5576,9039,27351,10195,12503,-2186,3805,7828,4403,10857,13495,-4275,21,3919,647,2165,9233,-2797,990,4980,-756,-65,1995,-213,3300,11126,21128,5520,6066,7199,5576,9456,29027,10195,13724,13695,3805,10596,29303,10857,14844,14162,4553,-2381,4207,-4159,4553,-4822,4512,-5536,8770,15110,2086,3095,7958,17227,-4440,-4001,6544,5751,-4440,-3220
7/9/2025,1465,324,1472,1545,1900,1771,-348,-228,1284,505,1850,1852,755,-1581,-5965,-575,-2540,-2566,-1830,-1285,-8246,-700,-3884,-1411,1354,1442,-1042,-1675,1731,-3928,1465,-965,461,1035,1900,612,220,50,-1859,225,-585,-2708,755,-3806,-14729,-1115,-2540,-7519,-4132,-4554,-13885,-44,-1111,-11785,240,-5524,-16375,-3085,-2990,-11627,4268,-2332,294,-1971,-2673,-3057,750,-2275,-2797,-6641,-2785,2782,-2363,-4569,-670,-719,1279,-1042,-670,1506
7/10/2025,1737,4854,4394,647,3419,4221,984,3844,6188,-700,1962,1615,5716,6801,5391,1250,-2335,-5329,-340,2182,-8796,2746,-3144,-2160,4186,4353,-2564,2390,-3003,-7250,406,3089,5945,-875,3419,346,95,3483,3021,546,3064,-2604,5950,7586,18072,1920,5660,-2678,4691,645,-2518,3664,-3199,-53912,4420,370,-4075,2956,-4835,-57525,6880,1538,5944,-2048,5252,3731,5389,-2090,6610,-6943,-4285,-4873,-3758,-3576,-6595,-5624,1280,-2269,-6595,-5624
7/11/2025,2000,4269,-1668,-590,2374,2099,519,3864,-1634,-575,1821,-1351,2286,-502,3483,1591,-200,-202,896,-1060,1800,4275,-5045,-1820,1068,1370,60,4455,-3146,-1470,2000,3547,4825,175,2374,-4145,498,3506,2092,1590,2502,-1945,1245,568,11009,1591,-200,-399,246,135,-2793,6959,2601,-26684,1186,1265,-3432,5591,1117,-27629,3895,-4300,850,-1805,3895,-1890,220,-875,10162,13817,7941,-2613,5293,4356,-5421,-6516,4663,3118,-5421,-4895
7/14/2025,2500,1407,726,1508,872,2540,913,1919,1323,-450,1275,1666,3445,-3230,-6275,2655,3367,286,2002,-1840,1001,3673,-3075,2392,4799,-1920,-4375,3990,-2035,2955,2500,1500,2739,1379,872,2913,1623,1562,3363,1848,174,5181,3445,840,-3162,2655,3367,286,2084,1999,4246,3702,-2737,30917,4799,1409,4156,6160,-1359,30917,1841,-2555,1515,1486,-457,602,1454,-383,-3930,-8510,-300,806,-903,-8362,-2183,5270,475,-4655,-2183,5270
7/15/2025,1660,2145,1255,2230,-226,-667,1982,2167,-1041,2792,1621,-3205,905,1950,-430,1205,-1095,-2150,1358,2769,6991,4597,4748,539,1430,49,-1621,6405,4720,9154,1791,1546,-3704,2230,-226,-2923,2256,2082,-4202,3155,-345,-4910,905,1950,-1929,1205,-1095,-275,1358,3003,4927,4356,4649,24096,1430,1613,2047,6505,3558,23823,1764,-2418,-430,688,1764,-383,1575,1225,2920,1751,415,-2115,5450,11766,8316,5254,2208,-446,8356,19188
7/16/2025,560,-1046,-2152,-881,21,2692,-254,-1200,-1110,-315,-710,-890,1715,2298,-635,990,3066,7874,900,-805,680,2375,1520,189,2065,2644,-2568,1200,1993,-1614,560,-649,-2580,-74,21,-354,-215,-942,-2104,-1820,-2214,-4399,1715,2298,-971,990,3066,4668,858,3461,-2010,1532,495,11840,2065,3276,-2615,1200,2004,15405,-156,-992,-1674,1974,-560,-1488,-1584,3669,-1125,-4488,1550,2888,2900,2153,2419,-917,3155,-4995,2419,348
7/17/2025,3702,8109,6947,2650,8372,7423,3249,8223,5151,3365,4562,11105,-830,-4075,-6725,3298,6078,358,1900,-1960,-6902,6112,19562,1559,595,-835,-4330,6497,15688,12108,4015,8781,9038,4585,8372,11985,4865,9437,10095,2980,8083,7793,128,-2137,-8004,3298,6206,6676,2341,11298,2262,6138,25821,37070,2528,11068,2262,7410,26365,37491,5457,3607,6576,5402,4659,3865,5570,5402,-4360,-8590,758,-2645,1127,-5420,24914,7669,-1538,-4945,24914,4854
7/18/2025,394,7216,8750,-198,7798,3437,33,9354,7468,-210,6978,847,2225,11550,14322,2476,9426,15573,5037,4327,16212,4365,7856,-256,4846,-1129,4994,9257,6722,-3359,394,7216,7466,-198,7798,3426,33,9354,4719,-315,6061,8898,2363,11550,24821,2476,9480,19519,4488,21746,23297,4376,5128,22130,3996,21746,23297,3284,5889,22130,6947,-1899,5785,-2545,5169,-1560,5400,-2638,20901,12209,8853,5266,9171,2515,-4520,-4326,3177,2789,-4520,-1722
7/21/2025,1939,965,-686,736,-1448,291,306,213,-2769,690,17,-4820,785,-2185,-6974,-418,-3320,-6993,-1406,-1635,-6993,-1500,-2334,3755,-1445,200,1266,-1405,563,7302,781,-223,-6235,300,-1448,-3375,-466,213,-3735,1262,126,-3939,810,-2185,-11894,-250,-4901,-19050,-2354,-4346,-27702,-3621,-10932,-67827,-765,-4346,-27702,-3453,-10937,-68587,401,2660,898,1075,49,1834,359,807,-2135,-8277,-4460,-6340,-5999,-7169,-2965,7754,-398,5163,-2965,5015
7/22/2025,1585,-160,3362,-1640,378,-182,-1122,901,1692,1615,335,-2188,715,1405,2477,2725,3977,-3791,1426,-1635,-6369,2469,2850,-835,5612,375,-4700,1714,2456,-646,1585,360,1291,-1640,378,832,-792,1389,3134,675,-1325,1375,715,1744,2767,2985,5192,-6229,3744,7466,-1638,2469,4345,-26015,6430,7971,-1574,1994,4345,-26015,8404,-476,7541,1982,8302,-1601,7122,2387,-991,-3630,-3517,-6825,-5449,-5675,-6034,-5575,-2505,-5270,-6034,-5990
7/23/2025,1520,-870,690,685,2106,951,-185,-1297,-219,770,1605,139,1484,-3905,-6960,-1365,-1770,-3292,-1720,-1963,-8268,580,-1185,-1022,1879,-1960,-2821,-790,2628,174,1520,-761,-1115,1130,2106,-701,445,-1002,-2027,2309,33,-1872,1484,-2514,-13520,-1205,805,-12012,-3714,-1435,-11534,1450,3732,-13252,1879,-800,-11534,1210,3320,-12542,-2532,-2753,-1470,-3081,-2302,-4874,-1470,-3081,-4457,-8980,-3740,-6960,-6345,-8480,-5035,-4865,-6355,-3905,-5035,-4385
7/24/2025,6311,9644,5773,785,8922,3160,2790,6474,8184,4745,5228,2609,3068,11932,17673,3190,9990,8056,2643,6775,14438,2421,8224,-745,3564,5952,2859,2070,7966,-5456,6450,9637,14451,2290,9877,10608,3140,8805,14779,5580,8455,12823,3230,11932,21812,3510,9990,17728,3245,5842,14438,4461,11623,-30071,3660,5942,14063,4349,9691,-31464,-1016,-3353,7175,266,-1342,-2293,2150,266,5530,9595,7959,7107,4494,4533,-3515,-6285,312,2788,-3515,-7000
7/25/2025,-90,890,1553,850,1641,6225,2705,2391,1578,870,1320,7636,1015,216,-5626,1540,1618,-3123,3612,4593,-1867,-1050,-2676,1392,802,1965,2147,560,-692,-3994,-90,570,9896,801,1641,8800,1061,2441,7502,300,-125,9489,1015,1391,-829,1540,1618,-4777,3612,10390,-317,1753,-5643,12367,510,10390,190,855,-8014,12774,3696,7604,2785,11382,3947,7281,3010,11382,-4480,-8420,1967,-992,-2894,-5715,-4687,-714,-1360,-4800,-4687,-2461
7/28/2025,6285,7375,12855,4814,9445,3873,3155,10582,5929,4720,6620,1726,1545,7175,9592,2415,12804,16000,9357,9907,25329,8391,1884,-1917,4900,5002,1207,2017,769,-5131,6285,7375,14794,4814,9445,3935,3155,10582,6484,6050,5491,13489,1945,11175,29335,2415,10794,17775,9619,13966,26585,4616,2433,-8863,9500,13966,26653,2176,2433,-7924,2419,-1010,2860,-1412,2394,-306,2940,-1412,10785,9326,11315,2782,9660,4511,-4721,-6136,5619,445,-4721,-6798
7/29/2025,709,180,-3243,1799,-975,3824,2052,-1093,-3128,790,963,6076,-1335,-4187,-6631,545,-2230,-718,-1137,-1975,-8680,4228,6183,13551,-1015,-1880,-4155,5836,7011,27561,795,70,4488,1799,-975,6145,2224,68,4436,913,-385,3274,-1060,-7115,-25850,715,-2230,266,-103,-3870,-6867,3888,6118,54010,335,-4125,-7725,5836,5468,58347,4112,8302,6331,1099,-277,8592,5056,763,-3945,-8145,4650,3016,-4858,-5054,15102,15515,-5925,-4015,15097,30181
7/30/2025,2200,3655,4945,4022,3637,8906,4647,5457,5560,2185,980,14282,4125,10098,7920,3965,3739,6258,5453,5302,1923,4895,-1733,2155,4999,2361,8205,3315,-3031,6779,2200,3655,14587,4285,4270,14862,4910,5942,16846,2090,3240,14221,4125,10098,9185,3965,3739,7501,5453,5892,5465,6528,-1454,-22284,5237,5367,7469,4240,-1459,-20139,6143,10463,1590,12741,6053,7529,680,13451,6962,19761,7143,16306,8303,16462,335,998,3980,9742,330,1173
7/31/2025,510,-634,-3837,1315,-380,2421,1456,1304,4608,675,-1845,6155,-320,-4285,-6686,-270,-120,11709,2620,-1315,-1094,7070,9409,32238,1084,-414,-3650,8565,7727,37984,510,355,3108,1315,-380,6660,1495,1355,3445,1330,1085,7204,-320,-4640,-11390,-120,-120,12665,2918,820,-694,7012,7906,53534,1495,-280,1663,8565,9287,55570,4277,8051,-280,13306,3817,7656,-280,9478,-4303,-8999,-585,13031,-325,1412,15545,51107,-1551,10351,15530,50475
8/1/2025,1165,-481,2066,4670,759,5338,2857,1107,-2503,1325,1250,3594,3890,10204,22009,4731,7432,19008,6888,10506,26671,4426,11291,4223,4465,8908,19357,6411,10607,16854,1165,250,3438,3005,759,1931,1318,2260,5224,355,-935,-1785,3890,10204,23557,5935,7672,19357,5791,11833,30403,4426,11349,19514,4465,11687,29286,6411,11266,22559,365,3749,860,6865,392,6101,1226,7984,7621,27338,6512,25265,12463,31781,4830,13750,6243,12528,4830,17435
8/4/2025,820,-2008,-1586,262,-1460,-1219,57,-2109,-368,1427,641,-3519,2105,3406,3738,1391,4050,1635,3964,3507,3497,1855,1651,3359,1640,2750,2755,2685,251,5836,1477,-3244,-5936,262,-1460,-4445,327,-3354,-5172,1152,347,-5398,2105,3406,2238,1631,4226,9326,5448,5833,3149,2346,137,47870,2030,5669,6710,2890,2237,47870,-764,-2274,899,-5057,1021,-2422,-286,-5057,351,1858,3102,3627,-60,6572,5500,9160,-555,794,5500,10790
8/5/2025,1301,-1005,1582,404,45,-4870,1440,280,2776,-565,-167,-6116,2695,805,2895,3929,4090,7569,4758,2062,3441,2895,4685,2865,3268,3054,-2736,4604,4981,30505,1301,-501,2192,404,45,-3275,179,258,1812,1105,-2291,-1628,2695,5068,4071,3929,4090,9992,4861,6817,4494,2895,3754,51136,3268,6390,4878,4604,4680,50935,747,4262,-236,-1732,-905,4000,-9,-4656,3348,4489,4569,9483,9795,12626,17049,20987,4227,-2736,17049,41080
8/6/2025,1660,2971,-125,1798,2158,4273,1383,2678,-25,1400,1657,4211,1680,-4485,-6069,1850,-2480,-5988,861,-1690,-7587,7180,5488,6205,3735,-1625,-1349,4000,3123,7784,1660,3257,-125,1798,2158,4348,1607,2678,872,1465,2692,808,1680,-2010,-14929,1850,1205,-4325,1271,945,-9546,6995,7250,30617,5400,500,-9964,9310,7877,33089,3788,1542,3182,6496,3291,2027,3532,4642,-4180,-7995,-1152,-2218,-5427,-4999,12305,20199,-6620,-1193,12305,20685
8/7/2025,-790,1815,2812,-655,-2108,4252,611,2109,3161,-265,-1745,3563,-1855,-3955,-6555,-1490,-3195,-5905,-1985,-1590,-8985,695,1564,2360,-1060,-2241,-4240,1370,2405,12089,-790,-666,3317,430,-2108,6964,1035,1651,6016,-1445,-3537,-2375,-1340,-9215,-20430,-3400,-7045,-12055,-1645,-6645,-12911,298,1014,29045,-450,-7235,-12290,1370,1534,29860,-2108,13088,-376,7656,182,11478,-1681,6067,-3760,-8345,-2605,-6140,-4533,-1770,2588,-6864,-1756,-3790,2588,7275
8/8/2025,1725,2133,-8,1628,778,-3263,1987,-1823,-1228,915,2732,-2072,3810,10348,6095,3610,8176,5252,5012,8912,11335,2239,11317,542,3476,6050,5916,3189,9684,709,1725,2133,-4301,1643,778,-2239,2061,-423,-2167,1977,2046,-2470,3810,10348,6374,3610,8176,7542,7135,13021,17417,1488,12637,49178,3931,12721,17417,3119,13185,49463,2322,1508,976,843,1680,2736,-90,1019,2147,-1378,2901,4678,5558,6520,12316,5374,749,2127,12316,4715
8/11/2025,498,2928,3883,1108,2351,3509,1430,2833,-2997,1105,3007,2533,660,-3717,-6122,1055,-378,-6815,-1999,-1757,-8055,-1445,1607,11253,-70,-2130,699,-260,2416,9477,680,2853,4066,743,2351,3522,128,2651,4628,2128,3907,5258,660,-3717,-16230,1215,-378,-8028,-1919,-2510,-10123,96,2547,-7099,-70,-2535,-10418,1017,2926,-8333,1437,2346,2129,4557,4048,4159,1869,4134,-4166,-7861,-1061,-6954,-6106,-520,-6986,6879,-2134,-3775,-6986,5477
8/12/2025,445,-2102,-3301,220,-751,-3901,-921,-1892,-1979,540,-2393,2199,1695,-4343,-6998,1150,-699,260,567,-1970,-7234,3345,5717,2033,2530,-2191,-82,3500,3640,15779,445,-1502,-1621,61,-751,2160,270,-1733,-930,-549,-1542,129,1695,-7353,-18722,1150,-1897,-114,140,-1405,-5114,1807,8033,63701,2630,-402,-3512,3785,8549,64611,-1019,-3952,-339,3360,-221,-2529,-564,3360,-4412,-8103,-1762,2704,-6268,-774,13335,14652,-1704,-779,13335,17675
8/13/2025,-36,1073,-572,-1276,1026,512,68,1092,-2090,29,780,-965,6290,5150,-966,5430,2973,2158,9021,-2000,9279,7561,4730,-2990,9107,2340,4218,9059,11349,-3869,-36,466,-484,-918,1026,614,818,1490,-484,99,37,-365,6290,5993,6983,4945,3198,2201,8713,9480,11140,7561,15830,-9431,9107,10505,11164,9059,16577,-7605,2978,4156,2550,2733,3644,2327,2385,2733,-44,-1333,1599,-2175,1871,-2051,902,-5300,-636,4734,902,-3207
8/14/2025,1455,3386,779,-53,6461,-1404,-209,1437,1678,1130,5136,-2215,3115,6107,18086,855,590,-249,-436,1415,8654,5648,-2560,-2545,2392,4338,3794,3108,-1191,-6115,1455,718,1294,-1163,6461,-658,-1413,1284,1916,-140,1591,-1199,3115,6107,25704,855,590,1135,345,537,8719,8442,-3674,-31222,2969,227,8424,3322,-5310,-34430,4356,-813,3759,-2370,3973,-2766,4700,-3654,8687,19625,1520,-5650,2507,3125,-5071,-5011,7677,4010,-5071,-5301
8/15/2025,706,6,-3792,-475,-1719,-4650,-613,822,-649,622,919,-7185,3637,8181,9201,2752,9203,20670,7305,11468,24968,8045,16191,5274,5000,2244,4264,10813,16576,8276,865,-3384,-3491,-1025,-1719,-6100,-613,511,-2371,447,-2870,-8060,3637,9620,21930,2752,9203,21789,7556,11468,25012,8045,15629,40687,5000,10553,24866,10813,16191,36565,2489,-416,518,-5557,866,-1979,437,-6548,10291,14270,22909,10822,21662,31094,27199,-5415,3682,4083,27199,-5694
8/18/2025,-420,-457,-1987,-1474,-1558,-3867,-1299,-2595,-3121,-285,-735,-2846,-1295,-1034,-3828,-740,2988,-900,-1948,3572,-4975,1340,8170,925,-453,-13,-182,1948,3734,3914,-420,-457,111,-1474,-1558,215,-1299,-2895,-2478,-534,-957,-940,-1295,-499,-6863,-740,2988,-2682,-3228,3983,-2175,1610,7460,-21780,-1038,3998,-5997,1948,7460,-25519,-753,-507,-820,2511,49,-1336,-360,696,-3921,-6089,-3010,-6812,-1188,-4838,2238,3926,-114,-420,2238,5594
8/19/2025,-410,-3748,-3794,455,-1950,-2537,-1184,-4011,-1986,-545,-1115,-1254,-1460,-4120,-5659,1430,6857,-4902,3092,-1986,-8975,6435,13107,128,3696,4275,-3564,8322,11928,25494,-410,-3265,-559,455,-1950,-446,215,-2040,-2396,-1620,-2830,-1189,120,-1665,-17154,1555,6857,4168,3707,4885,-8486,6110,15389,44626,3845,4880,-7505,8427,15895,47288,-3513,2111,-3680,-2645,-3602,316,-3225,-1670,-4130,-8265,4205,6994,-6345,-8485,3937,16550,-2584,-4090,3922,30564
8/20/2025,133,1209,5021,-955,2726,-1644,-839,3389,4535,-570,2675,-2407,1345,4700,9132,1485,3526,-3622,-1900,2371,4654,1220,5510,-2058,945,4514,6047,825,601,-6666,300,1960,2671,-1240,2726,-589,-1075,2774,132,-1270,459,-3661,1345,4700,6142,1485,3526,-4351,771,654,6589,216,5186,-12376,945,-1195,-1860,985,3335,-13378,3195,566,3525,1558,3590,4297,3620,3976,6426,6794,3485,-2004,5286,-8238,168,-3824,527,3672,168,-4550
8/21/2025,-186,1315,-1110,-50,2384,-72,1597,546,-538,-885,-565,-1382,1806,7800,10362,1150,7468,8447,743,212,14624,2154,7610,-1515,103,3313,-4105,3941,10166,-6550,-640,618,2305,2614,2384,-1695,1925,1378,1624,-201,698,610,1967,8400,15661,1735,7468,10673,1320,6479,21072,3821,8803,12346,585,7155,21531,4351,7447,12830,-973,-6057,-1285,-4100,-973,-3911,-1330,-6349,7156,12001,1370,-2705,5582,3680,-2225,-6529,4057,-137,-2225,-6399
8/22/2025,1628,7828,7631,675,8081,4911,171,6133,8304,1005,5500,3948,1590,1297,1771,375,5026,-4639,-680,1533,-8429,3215,-384,-2167,965,2856,9686,146,4523,-1634,1628,7885,11727,1490,8081,6650,291,6540,9864,1255,9521,10559,1590,1297,2245,45,5026,-515,-1957,-253,-3148,3873,-885,-40742,965,-228,-7963,-2684,-11786,-47844,1578,10406,5220,-3394,3501,11643,5181,-4621,-185,7475,2108,-614,-4685,-2252,1548,-6603,3025,13024,1548,-846
8/25/2025,2110,1191,3103,1379,581,5820,726,524,-189,2705,3700,2235,-1860,-2925,-4166,-1440,-2420,-5408,308,-1918,-8469,-855,-793,3865,-1385,1474,6729,-1140,2013,4352,2110,1742,78,1045,581,1162,726,524,234,2589,2713,2211,-2420,-7745,-9598,-3425,-9590,-13343,-3854,-10255,-16916,4555,-1260,-22714,-3605,-10555,-16916,-2485,-3011,-32123,5382,8180,2327,9299,5613,9700,2327,8956,-494,-3781,-120,-2087,-3567,-2645,-5381,15367,3798,8419,-5381,15377
8/26/2025,587,2411,3783,-1019,1247,2712,-2074,787,3988,118,1807,1379,645,2944,239,1588,4976,-1695,2014,4079,-2282,2013,6634,5144,871,1098,3276,995,7119,15984,587,2411,4481,-1019,1247,1359,-2614,787,1306,-338,1562,8302,645,2944,-319,1788,3314,5604,4198,3227,3264,2328,7263,66799,1018,3771,3264,2442,7263,66799,1482,2328,1999,2473,1444,2249,1612,2473,-1719,-3317,-450,4405,157,3464,3401,13250,2537,2562,3401,14516
8/27/2025,2987,5574,2155,3530,2935,6048,3900,5399,7120,3532,4145,6177,1505,3792,13256,2895,4874,14647,4519,-1803,18928,1944,613,407,2167,482,-701,1965,-340,-1957,2987,4834,6183,3530,2935,6177,3900,5399,6824,3602,3664,3536,2370,6997,19597,2895,4874,14958,4362,5950,14606,3227,918,27173,2465,5950,17156,2670,2310,28072,2997,2990,4108,370,4520,3697,1750,736,3941,11663,2666,4732,2919,14412,-1453,-6975,1582,1055,-1453,-5606
8/28/2025,865,1089,2988,1390,63,479,739,-964,728,1450,2340,3185,2905,-737,-3283,1585,1779,5011,2753,-72,2802,2804,29838,2487,3228,2163,1698,4488,18421,14434,865,2736,1081,2140,63,3001,2023,2724,1330,910,636,2697,2705,6391,8562,1585,3999,5450,4607,15271,9658,2395,28854,36678,3353,15080,10226,4488,29838,39403,1679,5921,2959,1364,1987,5270,3974,2591,-3505,-7004,3075,2262,3486,6651,28175,16639,-817,-319,28175,14649
8/29/2025,1417,-387,-2659,745,-1515,1457,2761,1950,-2675,345,845,-1715,3325,955,7697,2427,-941,12942,8235,2096,18776,1777,-4644,-2017,3745,2971,2116,5582,-3055,-4120,240,-3145,2809,-555,-1515,-966,49,1033,1717,-205,-4500,3667,3325,955,8444,2427,-941,14774,8238,2096,18776,1645,-3841,13109,3745,1168,18854,5582,-3833,13711,142,-3443,-1820,-5196,1748,1076,-1702,-5196,3080,6805,4608,12774,972,6503,-6101,-3796,711,4803,-6101,-6061
9/1/2025,3515,6070,6025,3990,7020,7350,3990,7020,7350,3265,5265,7680,1165,7435,14130,1765,6015,14210,6057,5590,17301,2600,8246,6325,2300,2845,3016,3700,7636,9526,3515,6070,7680,3990,7020,7680,3990,7020,7680,3220,6070,7680,1165,7435,14130,1950,7665,18740,7220,11005,21025,5320,17770,35225,2300,11005,21025,8005,17770,35225,-32,-1848,-155,-1490,-32,-788,-710,-1490,-1147,-90,1710,5170,-1020,5520,5205,5200,-57,3545,5205,5200
9/2/2025,980,540,-1720,1568,-223,7070,-599,-619,374,735,1707,2775,-1935,-1206,-3530,-1110,-119,2355,1556,-888,-4065,145,-3753,2352,-1264,2515,5912,-2470,-2511,2582,980,712,-3731,1116,-223,5667,-505,-447,-187,1160,1722,6049,-1935,-1206,-4098,-1110,-119,2355,1556,-337,-4065,656,-3176,-5564,-1020,-202,-5254,-4135,-7780,-4356,-1974,-543,1542,5352,-1326,660,-157,5285,-3675,-5714,-2554,6535,-3705,-4026,-4538,1498,-831,1484,-4538,1498
9/3/2025,3910,8140,4428,4190,7653,10087,5275,8319,4003,2720,6146,7967,3340,8158,8206,2839,4705,3417,3188,5747,10055,-501,-2475,-1195,2695,8208,5202,-1615,10,-6400,3910,8437,7614,4190,7653,12042,4321,8786,9558,3530,8428,9871,3340,8196,10622,3214,4705,4432,3619,5680,3021,5478,-14427,-37157,2675,5015,1156,-3930,-17690,-39745,3364,4197,736,7149,2368,5902,2959,8087,8837,9922,2302,3543,6256,1200,-5676,-4125,2952,3967,-5676,-6595
9/4/2025,435,-92,2431,-250,-810,1444,-255,-1786,-285,445,330,2796,-1660,-3915,-6965,-1065,-3445,-6915,-2000,-1940,-8945,1625,3533,-370,-1084,-1620,-4040,1845,1731,-1557,435,860,1449,-250,-810,3200,-235,-735,2047,-30,1499,6028,-4935,-18210,-41085,-3280,-10190,-20920,-6965,-15500,-34810,414,3354,28039,-4575,-16845,-35510,2360,2723,29123,-1264,2803,-1440,2330,-474,2588,-365,208,-4445,-8950,-4500,-6975,-6396,-8409,-5500,-4000,-2046,-5125,-5500,-4410
9/5/2025,270,1931,2122,310,-642,1337,2634,571,1944,195,-123,3742,1315,3007,-460,-330,-783,-4378,-1028,876,2397,-1500,-2843,-2930,137,2141,288,-750,-2695,-4228,270,1931,4596,310,-642,3877,-368,1755,5935,335,2718,4787,1315,3007,1324,-330,-1255,-12562,-2000,-1345,-3779,-2775,-781,-29102,530,-694,-7231,-750,-2506,-30302,1664,6967,-2174,5773,4228,5686,1625,7638,1360,-886,-2638,-4935,-2773,-6601,-6740,-5800,-1430,-3895,-6740,879
9/8/2025,-1000,-297,-2772,-905,-2411,-3305,-1163,-184,-684,-45,-879,-5645,-988,-1081,26,-1285,-1825,-6249,-1991,-1670,-7410,1295,-1489,703,-1150,-1745,-3900,-7,7775,-3119,-1000,-1580,-4517,-1435,-2411,-5955,-1163,38,-1705,-135,-1891,-6518,-835,1698,-2214,-2065,-780,-9800,-2051,-2818,-153,1496,571,-31610,-735,-2818,-393,-1210,829,-31610,-2843,-6217,-4460,-5488,-1305,-5064,-3360,-5488,465,-2362,-3755,-6925,-4281,-5335,-6490,-5074,-543,-4095,-6490,-3430
9/9/2025,-1652,-3846,-2998,-1890,-2535,-5160,-2478,-4288,-3396,-860,-1922,-4228,-1220,-4235,-6740,-1335,-2965,-5986,-2000,-1835,-6803,-145,-893,-738,-1187,-1062,251,-205,-1425,-4732,-1535,-3330,-5190,-2370,-2535,-5975,-2370,-3540,-7475,-1295,-1855,-5048,83,-3695,-13166,-1610,-6440,-8127,-3215,-7900,-14974,-3374,-4640,15963,-1800,-8805,-13442,85,-3643,16671,-2158,-1892,-2895,-7395,-2603,-2226,-3350,-7355,-3725,-7921,-3260,-3717,-5395,-6932,-6395,-4314,-2298,2837,-6400,-5509
9/10/2025,446,672,2033,1128,725,769,1188,-21,2243,295,-12,1751,1005,-4046,-6980,875,-3771,-6617,-1920,-1760,-8295,4861,17413,-2095,1265,-690,-4040,5732,17575,36039,-100,1060,2918,1128,725,2551,1188,-410,-42,-767,85,104,1005,-5666,-14865,875,-5441,-9057,-4465,-4001,-2635,5290,17510,50479,1265,-5106,-2640,6657,18024,50438,-989,1787,-3110,1150,-869,-2368,-3175,1150,-4374,-8772,-408,-3742,-2677,-8472,13300,14110,-2429,-2967,13300,18063
9/11/2025,232,2343,-2470,-140,1695,-2751,385,2343,-784,-585,-45,-1456,7188,-537,-2654,7726,12307,8497,6783,-1995,11591,2085,14936,871,8264,-1890,-4670,5070,16080,-344,385,1695,2262,385,1695,1973,385,1695,1567,265,1425,1567,7188,3102,2774,7861,12987,12183,7198,7251,13838,6655,25876,35434,10532,6629,15097,9483,27136,35434,-2823,-5264,-3715,-3955,-3168,-5684,-3140,-3955,-3915,-5767,8095,-977,1144,-1617,6605,-2159,-1889,-4200,6605,-2182
9/12/2025,1057,150,-3297,762,115,-1998,-93,-2160,-644,-100,729,-1916,4048,4761,2272,2435,6208,15655,5656,4615,15292,4050,11142,-577,4797,1062,-3815,3193,8880,-1524,1660,150,-76,762,115,-1537,-93,-2160,-76,1237,-1075,-403,4048,14212,5624,2435,6208,16363,5656,15364,30348,2126,9610,65781,8460,14284,31757,4996,12405,69869,-1185,-4709,-2905,-5383,-1185,-5235,-2905,-5383,-4095,-4678,-1983,11643,-4726,4015,12218,-3804,-6365,-1441,12218,-6164
9/15/2025,-836,3631,338,-627,894,-1232,-1676,2377,457,235,837,-56,1624,2025,-270,2150,3376,-715,3346,4821,59,1713,7203,5043,2105,1294,-285,2659,4946,8512,200,2008,-4404,84,894,-15,180,2377,-503,-30,1768,-557,1624,2025,-4836,2215,3338,2788,4804,5986,5564,1035,6207,52078,2515,5966,5564,2659,10506,52078,-350,1025,-520,4901,-385,-718,-220,4901,-2143,-241,873,4747,1967,2843,8470,9330,-2613,1950,8470,12176
9/16/2025,2015,7770,10039,4330,10782,8649,5553,8411,6688,2150,8514,10053,2720,15539,19912,3000,16833,15725,5366,11647,28098,6995,25482,-1261,5160,8223,742,10720,16632,-3260,2015,7770,11531,4825,10782,11063,5785,8411,11652,2160,7145,8366,2720,19122,29200,3175,19593,20801,8126,23839,31227,6995,19094,20572,5160,23839,31227,13055,19577,20572,3950,-1981,4772,-1173,3950,-603,4772,-1529,4175,11464,1658,12,1652,1934,-1915,-2768,5656,2812,-1915,-2538
9/17/2025,2160,6753,10853,3530,7136,14748,4660,9246,11978,2460,6598,22439,1945,5856,14901,2960,3161,29170,13872,10406,42876,4399,19849,9548,4455,5759,6588,9664,9701,12140,2160,6753,18690,3883,7136,24429,4671,9116,23061,3420,7949,20908,2375,7317,25078,4480,4327,29400,13872,15045,49286,4399,19849,69073,5500,14995,48726,9664,19844,69068,6355,16571,5136,21351,8270,17575,6681,18038,5745,19603,8501,29973,12541,35093,4892,10681,8087,10268,4687,6810
9/18/2025,1100,-1553,-2026,-714,-3329,-4818,2790,-2006,-1147,415,-707,-7254,1176,3984,-1339,3090,2036,-3058,457,2937,-2765,-1270,-5038,-1755,-224,2696,-1494,-830,243,4775,1100,-4678,-2243,-1395,-3329,-10773,-585,-5339,-9320,-685,-5240,-10205,1176,1657,-6315,3101,2036,-14601,-2945,1748,-7739,1011,-194,-46415,-214,1028,-16608,-2185,-6136,-52555,-2453,-3457,-2369,-7089,-2442,-3178,-1264,-4920,4473,1370,1904,-724,800,-1287,-5663,-3419,3129,7709,-5663,4851
9/19/2025,-378,-5344,-4599,-1500,-5153,-2902,-2170,-3284,-3073,-900,-1158,-1369,-305,-4349,-6922,-210,-3962,-4687,-509,-1849,-8777,915,2727,4188,909,-264,380,1105,1237,10528,-378,-4265,-6480,-1500,-5153,-5734,-2237,-3284,-5403,-1748,-4680,-3310,-305,-7704,-13591,540,-3684,-8637,574,-2599,-9971,1907,4007,44256,909,-1579,-9971,3120,3457,44607,-2911,-6456,-2920,-7610,-3079,-4622,-2920,-7195,-4434,-8984,-3716,-4704,-3971,-6502,3994,15346,-2085,-964,3444,13008
9/22/2025,1630,4241,5661,1954,3129,5524,1660,3269,5347,1745,2731,5768,4480,-4370,-5341,3810,4537,-873,3305,-1906,-8887,5215,6498,2695,6030,-2145,-4745,4612,10229,7445,1630,3586,4755,1837,3129,7352,1741,2846,7098,1945,3703,7011,4770,2952,-10856,3810,4947,265,4594,8017,2279,6300,15657,36234,6040,7742,2747,5749,16268,37037,3584,4114,2456,7142,3590,2147,2557,11417,-3910,-7825,-3692,-955,-5687,-6163,3138,6008,-6510,-5325,3138,537
9/23/2025,1205,-1031,-4998,205,410,-2219,1135,-830,-3398,-380,-1505,-1564,-1920,-4495,-6945,1020,-3995,-6731,-497,-2000,-8997,7189,14748,3683,-335,-68,-2117,12544,12111,9476,1205,-275,-5314,575,410,-1310,565,-355,-4525,15,-370,-5083,-3120,-9580,-15530,1020,-1470,-3946,408,-3650,-8169,7189,934,26626,-335,-4200,-7732,12674,1411,26363,-1677,-3053,-1305,-1745,-1416,-3058,-920,-2145,-4500,-8998,-4225,-2494,-6490,-7520,2339,-2860,-512,1390,2339,-2892
9/24/2025,-105,2263,-2719,-1532,-1847,-3858,-1719,-1073,-3974,-760,288,-5888,2995,-4160,-5374,1895,-2163,-6319,-1979,-1420,-8643,6220,-4366,-1279,3870,1401,-2407,3680,-4360,-4119,-105,-495,-6041,-2097,-1847,-5315,-1312,-1772,-6755,-1555,-3950,-10987,2995,-340,-12780,3620,1343,-18264,-549,-1186,-27147,6220,-4768,-24230,3870,-709,-30502,5480,-4722,-30360,-1590,-1218,-1065,1391,-139,1051,-2420,-810,-4389,-8839,-4080,-5727,-3806,-3066,-6000,-6211,-2662,-1360,-6000,-6211
9/25/2025,1590,5814,6417,1935,4523,4170,3001,6606,4564,-570,6340,6590,3340,5756,9609,340,4210,6251,4300,4710,4514,2105,1447,-2980,3135,2587,2307,-720,775,220,1590,5873,9314,2460,4523,6487,2794,5147,7516,2814,5416,5469,3340,5895,11951,1870,3988,1110,1895,3575,4319,1563,-1059,-27132,3295,2990,3445,-3595,-3648,-24215,3647,13240,2887,7465,3872,5858,2292,7535,2664,222,1162,3100,1972,1152,-4839,-2166,1490,-1423,-4839,-1815
9/26/2025,1525,451,2548,410,878,2540,18,451,4316,1115,750,-451,2869,2401,-3309,1665,5680,-100,200,4751,-4511,1535,4993,-670,3229,-143,1442,1045,5447,-3184,1525,1033,-1061,978,878,1834,1018,965,1859,720,-117,160,2869,3805,-6855,1665,5680,-7110,2329,4605,-4619,-846,6423,12436,3229,4605,-2985,1535,7285,12304,-1452,1857,-1263,4150,-2538,1537,-1020,2434,-3118,-7748,-605,-2377,-2370,-3661,-5991,-333,-1296,-1677,-5991,-329
9/29/2025,1705,1631,7658,1297,4184,4350,1260,4709,4314,170,3805,2435,385,6959,9039,-1295,-4000,-3744,-1085,-1930,3050,-1290,-6475,-2409,1409,7981,-1588,-2365,-2228,-6935,1705,2713,5953,1297,4184,1993,1275,4776,4564,228,7647,4205,700,13447,11400,225,3345,14683,2611,9866,22573,-2550,115,21841,2825,12051,24699,-1047,1704,23069,-2569,4903,880,2714,-1597,187,1038,2714,7813,10967,11465,-6960,10948,-6940,-6975,-6929,1647,-786,-6975,-6930
9/30/2025,423,-74,-2808,870,164,4334,-277,-2078,-3267,1546,-660,2030,484,-1291,-6072,907,-1187,-3246,1174,-1910,-6046,-266,-1989,327,1297,-685,-1823,-48,-2311,-1412,512,389,-298,145,164,2343,240,-1460,-41,432,921,2029,484,-1650,-4106,907,-1189,-10623,925,-649,-3947,-266,1281,-10993,1297,1128,-14790,-48,-1994,-10197,913,1061,621,5625,-1521,482,694,4995,-1092,-3436,-937,-1612,139,-3900,-1612,-4755,801,5088,-1622,-4933
10/1/2025,845,-1747,-2439,415,-1050,-1111,-1024,-1990,-1340,-960,-1585,251,2560,-4485,-6217,2697,680,-8,1984,-1576,-8917,3420,11356,3927,3520,-1785,-1701,6687,10749,10168,845,355,-1257,738,-1050,1460,575,255,-809,200,-1100,-3046,2560,-4580,-16375,2697,680,-8,3274,5935,-8132,3420,11972,37539,3520,5595,-7620,7697,12174,40872,-1486,-966,-1235,1355,-656,-3039,-3475,1790,-4435,-8479,-916,1891,-2155,-5863,15905,13034,-1541,-1124,15730,14266
10/2/2025,452,-1565,-2940,690,-910,-2065,-905,-1740,-2972,330,-140,-1500,2645,1503,-4281,3115,2870,-4094,-285,-141,-2841,3672,-5199,-2190,3770,200,319,3780,-3709,-1943,940,-1565,-912,295,-910,-1100,-370,-1740,-876,-30,-941,-1526,2645,6847,2138,3115,3565,-7389,2726,4027,1639,3672,-7937,-52520,4710,4012,1639,4675,-10174,-53202,-5,-2125,-1424,-6754,-153,-2125,-364,-6724,-1930,-6986,-3990,-6940,-5493,-8299,-6665,-2845,-2470,-271,-6665,-3225
10/3/2025,625,2447,-3460,480,2303,-4325,1463,3150,-4001,990,2010,-3577,-920,-886,-6074,615,1935,6694,1580,-1240,604,665,2326,415,-1105,-2005,-1047,2780,6105,633,625,2625,-6948,480,2303,-3628,1490,3150,-5101,600,2030,-2896,-750,27,2885,615,2270,9745,1110,3617,9723,-380,5433,17958,-635,3537,9275,1845,4695,17197,-272,-4073,1290,-3150,913,-2214,-25,-3150,1235,-1663,863,7919,2565,478,6167,10278,5165,-947,6167,12872
10/6/2025,3515,3715,940,1285,3509,3814,3635,3985,3976,3435,2049,5910,1995,1945,4242,3695,4459,-884,3651,-671,-2248,2700,-4211,-1695,5010,1503,5384,2255,-854,-7037,3515,3729,5832,2389,3509,6508,3344,3944,4766,3800,4082,10838,1995,3476,10737,3695,3490,-884,4012,1345,-2951,6824,4130,-48055,5010,1345,-2951,2615,1339,-55290,3803,8533,1049,3320,3803,5160,-595,3320,740,2306,-1950,-2630,-3294,1479,-4650,-5250,3570,6038,-4650,-4925
10/7/2025,2695,7366,-3512,3389,7791,-1681,3583,5762,-2468,3355,9541,-633,1585,-485,-5410,-1080,7310,-5980,3108,-1725,-6079,4492,13353,-1808,-1080,2403,-2105,145,14440,-3496,2695,8030,-2201,3389,7791,-955,3583,5811,-989,3860,4926,1486,1810,1958,878,4702,9661,8250,4408,8718,7955,3929,19740,21317,1878,6360,8050,2721,20128,21817,-1376,-5349,200,-5415,-71,-4236,266,-5010,-2115,-7750,-1570,-6025,2356,1979,-6139,-6510,840,871,-6139,-4443
10/8/2025,84,-5367,-4892,-288,-4420,-4473,-1402,-4127,-5100,400,-2330,-4862,30,-3178,-6155,1085,-2990,-6778,-1283,-1968,-8754,1451,2312,5635,745,-1408,-1676,4355,-6,11868,225,-3980,-9623,-38,-4420,-4055,-265,-4284,-8865,-325,-5018,-9472,30,-6720,-24100,1085,-2990,-9723,-1100,-4465,-16969,659,2274,35193,940,-5315,-16253,4355,1701,39143,-2649,-3850,-2405,1547,-2290,-3155,-1965,1371,-4150,-8885,-2955,-3269,-5604,-7578,5028,19976,-6790,-1149,4178,19421
10/9/2025,698,5069,10678,2367,6686,9732,2178,6492,12613,1745,4219,12268,-505,3241,8371,-946,-111,10499,1547,3246,18175,826,5169,3850,-410,5341,6332,1392,1678,-5405,780,5605,14366,2367,6686,10956,2578,6492,15343,575,5730,12972,-505,5901,12905,-946,1676,10914,1547,6328,15775,826,7260,12152,-245,7513,16039,1392,7703,12152,4467,4487,3745,8597,4467,4487,3102,4757,-933,3690,705,700,148,2000,-5907,-3857,93,1934,-5907,-7054
10/10/2025,2250,1426,1165,2526,1645,4735,1815,-71,-1043,3000,4165,7240,1210,425,-2890,3290,5097,7789,2248,-1245,1664,9583,15420,-2915,3440,5790,-3131,10469,5920,39200,2250,1940,1165,2526,1645,5553,2316,242,-1141,3205,3305,4816,1210,425,-2890,3290,5097,7789,2870,4125,1664,9583,15420,38528,3440,5270,735,10469,15260,36650,734,2449,2235,5982,166,3491,5702,5608,1890,-1730,3775,7430,4449,1922,15110,-6685,1941,-2911,15085,43929
10/13/2025,1942,-2165,-2234,-953,2519,-4415,-1928,2549,1297,1688,503,-8193,2965,6685,4529,3694,8553,14569,2719,8579,10513,1180,4662,154,2567,2548,3014,2575,919,-4253,1948,-4009,2698,-830,2519,-9089,-545,2108,1860,1217,-1496,312,2965,7500,5348,3694,8553,15438,3183,10802,10513,2368,-1796,19235,3185,10132,10176,2768,-1467,21908,748,1659,678,-5120,1528,1645,-269,-3895,3697,3882,3832,11252,5389,8039,12493,-4798,580,230,12493,-181
10/14/2025,1050,1855,-4511,2520,685,-2596,3092,-859,-1589,-575,-545,-4110,1195,464,1316,970,220,4672,2556,-1035,1218,3445,1083,-2305,315,-345,-707,4650,6859,-3592,1050,2050,432,2520,685,-634,2525,825,-2613,905,-55,-6304,1195,2305,-2080,970,-1335,-8615,2620,-2535,-11867,4016,1263,-25288,635,-1940,-11000,5100,2521,-24392,-108,-1037,1151,-476,-2718,599,1392,-476,-1185,-5335,-125,4995,3183,-2669,8349,-5463,3240,-3940,8349,-5484
10/15/2025,-263,1988,499,1479,7273,5557,1023,4736,2237,-695,8507,-1402,1860,4469,7275,-1045,5495,-6820,-1960,-1965,-8815,30,-6495,-1536,-1095,927,-3820,-2285,-4040,-7365,370,6370,3309,2204,7273,8772,1997,7617,13091,255,4600,4581,1860,5235,11794,1305,5636,3575,1435,3345,4019,1114,-4358,6392,1306,2775,6415,1500,-1855,5795,1860,-2265,10028,-2735,7830,1867,9862,-3330,5693,9047,3180,2244,2426,-8311,-6940,-6892,-295,-722,-6940,-7482
10/16/2025,1885,4565,7880,1550,1046,2453,3038,4119,8327,1805,838,6250,361,347,-5480,2005,1703,2664,-1633,-1700,-7568,4840,5325,-2546,3166,-153,-3830,4315,7106,4675,1885,2728,4926,1550,1046,5877,3550,4746,11777,1760,2865,2048,440,590,-2285,2005,1703,1914,-1965,2600,-2896,4761,3568,-2508,3245,2845,-2735,5480,5170,-4014,-293,6275,2637,10104,1054,5940,1424,7749,-2002,-4811,2615,7655,-545,-1079,176,-6815,-282,-5385,171,-6745
10/17/2025,1980,761,-2142,2008,-500,-3816,1122,-284,-5380,950,740,-6841,2410,4309,9732,2448,3275,3906,5879,6365,19223,3290,7691,156,2785,2108,-765,6708,8715,22131,1980,495,-3917,1565,-500,-7541,760,-459,-3054,569,-1970,-8512,2410,4690,11258,2448,3275,4400,6665,9555,19118,2385,6566,32480,2785,7690,14803,7215,7895,36382,-2479,-6508,-1715,-5971,-1333,-4064,-2790,-4618,4414,9349,2030,4884,6368,19341,11730,9029,706,82,11725,12630
10/20/2025,1531,8472,5867,5477,7487,7224,3610,6677,5741,2990,8224,7502,-158,1516,-4667,1800,11879,6468,2266,-1975,6673,-835,14001,-2698,291,-1865,-4600,1600,21056,12890,1860,8472,5759,5211,7487,7836,4506,6677,6900,2860,8810,7469,195,5202,12639,2225,16528,6886,3063,9282,14677,2342,17106,7061,-941,8332,14963,489,17226,-3452,3059,4612,3080,-89,2180,3347,3550,-185,-3905,-7417,5983,-2220,10188,4798,14104,-625,-2356,-3875,14104,14837
10/21/2025,1841,1638,-367,-1760,539,523,300,173,1089,1021,2318,-1161,3900,11687,6278,4495,10636,3519,2632,8787,3632,5776,15403,3239,6009,5487,-3145,1610,7633,3831,1841,-78,-887,-330,539,-2260,1260,-980,-4265,1860,99,-881,3900,12235,13976,4495,10636,4461,3488,10911,6943,6089,19728,-14425,6872,13426,9915,485,21722,-20324,-122,-7490,620,-6500,-647,-5810,-375,-7490,9500,1519,8304,-2375,8114,-4101,4698,-5973,2959,-5165,4698,440
10/22/2025,1140,1105,1688,2910,2570,8213,2007,3264,3818,1680,3956,9413,1570,62,-6295,3920,6913,-2686,1953,6410,-835,6803,6551,85,2950,8307,-4305,4490,5599,28083,1140,2405,2209,2910,2570,8821,3020,4035,5858,1410,2663,6632,1570,1877,-6907,3920,6913,-6170,3200,7135,-835,6803,6348,13998,2950,5780,-4800,4490,6166,13708,3759,9804,2169,15869,3234,9758,2543,16458,2175,-7368,2250,4980,7384,8663,11946,11133,191,-4080,11941,17701
10/23/2025,2575,2191,574,2612,2342,5489,2712,2040,5081,2335,701,5727,1425,2654,-6989,2070,647,920,2789,6685,-5442,4925,945,-38,4203,1860,90,5423,1964,-844,2575,3637,6692,2612,2342,5838,2712,2040,6241,2205,1369,4823,1425,4949,3893,2070,559,862,3762,6973,8446,4937,1595,16234,4203,6988,8156,5946,1495,16234,2481,8560,1923,6135,1756,5639,1107,5915,-4453,-8828,1185,-2028,3314,6361,-2681,762,351,-1102,-2681,8782
10/24/2025,1798,2485,1652,3086,1985,430,2482,2274,1652,1455,300,430,1185,3946,11569,3350,5547,2289,4485,4905,7644,4195,456,-1019,2515,2139,10078,7219,3460,-4316,1978,2485,2317,3086,1985,430,1466,2425,2317,1245,2220,3689,1185,3946,18092,3550,5547,1515,4850,5450,12237,4195,9694,-37649,2515,4665,9846,7256,-260,-38158,2605,-274,-416,-4757,3805,-274,576,-4757,7330,10678,6340,-4413,5884,-3244,-4547,-5097,7695,3635,-4547,-5564
10/27/2025,-949,-3499,-4427,-846,-2639,-2433,-2200,-3499,-3355,-575,-2334,-728,-44,-4151,-2458,1336,-1116,-5953,-2000,-1645,-6575,1584,5567,1267,1320,-2120,-4695,5101,3632,8790,-840,-3119,-2448,-557,-2639,394,-627,-3119,-2354,-1405,-2864,-3106,370,-8561,-28183,1466,-1116,-7790,-2840,-5911,-19518,3528,7828,52319,1710,-7036,-19518,5101,7828,52998,-3300,-2962,-2510,310,-3525,-4395,-2245,-1320,-4329,-7495,-4450,-3930,-6499,-7800,3169,3318,-6510,-5425,3164,6434
10/28/2025,1130,1260,2372,690,2147,2806,874,752,3835,1795,1287,3585,-435,-4045,-5150,465,-2955,-586,-72,-1950,-1240,2680,3201,-52,-1145,-2455,4768,5590,2947,8167,1130,1415,6812,945,2147,3536,1875,1065,7423,2181,3150,7950,-255,-3033,-3321,745,-2090,3865,3162,-50,9502,2751,4579,39593,65,-425,12080,5590,4741,39660,2672,5701,3808,8109,3956,5120,2753,10037,-4215,-7665,-2521,-1190,5969,-3566,9095,6020,26,-3905,9095,-4398
10/29/2025,2015,9685,9396,4960,10395,10138,6610,8363,9459,1395,9844,11205,1993,18176,21606,2160,19235,34815,6582,5275,18413,2355,24296,4167,4325,8205,-2419,3155,31747,11363,1185,9685,10440,6285,10395,11099,6610,9538,10285,-155,9315,10781,1993,20995,36017,2350,22726,42532,10617,30286,43506,6473,35404,54886,5540,29821,43386,7535,34556,51162,6806,5627,3900,2609,6806,7697,2710,2609,8449,17246,11128,31467,17488,12931,-4735,-3674,4032,-2975,-4735,5935
10/30/2025,-540,-1315,-814,465,-2325,-1958,-564,-1846,-1916,-540,-1622,-2845,515,-1888,-6441,1535,-546,3571,1338,2675,-8592,3612,7920,14965,945,1430,-452,5032,6908,18274,-540,-947,-4446,1395,-2325,247,1283,-1425,-2848,-350,-1020,-3155,515,-1452,-8830,1535,-546,3571,1338,2312,-11102,3612,6902,33909,945,4463,-7964,5032,7910,32195,-1268,2610,567,1705,-1268,2354,2595,-465,-3953,-8592,170,-3721,-2477,-730,6862,15092,-2052,673,6652,20974
10/31/2025,2380,6162,10823,3180,8782,10180,4040,5984,11013,2540,8283,13379,5335,9605,10029,4085,10315,7788,4067,5063,10435,4650,7855,177,4700,2611,2892,2330,11744,-2320,2380,6179,14374,3241,8782,14586,4200,6126,13466,1480,4640,11280,5335,9660,13995,4235,10315,12513,5305,7666,14338,4650,7427,9489,4700,7491,15116,2330,7775,11111,3981,10628,2121,7601,4066,9048,820,9597,6676,8896,1110,5142,9674,4222,-1780,-4733,8395,1583,-1780,-4183
11/3/2025,3704,3229,-908,560,900,1953,3801,2705,1958,1052,692,172,690,963,-1766,970,2409,2011,4276,734,3866,745,-3339,1935,1970,-391,1092,-590,2749,-5864,1970,1725,1060,-540,900,-4000,-292,1335,-1640,2192,1383,1386,690,2244,7071,1590,2525,2529,2683,3793,6787,1470,-1763,-4810,1970,3953,1892,-365,-3029,-8133,1910,97,2555,203,1862,2056,2325,2566,218,6225,-1068,-2485,-399,-4017,-4790,-5690,1781,1647,-4795,-5235
11/4/2025,530,-2126,-4875,40,-1900,-5227,-509,-1889,-2989,315,-908,-4080,-270,-3990,-5266,1140,-3335,-6205,-1910,-1491,-8951,3912,5464,-2840,-1224,-35,-4035,6010,5986,-7430,530,-2055,-7647,479,-1900,-3845,545,-3010,-7098,1320,-3305,-1396,-90,-5340,-20720,1140,-3910,-14250,-2435,-5270,-23491,4089,7142,17252,425,-4680,-23430,6210,5324,21494,-3685,-3413,-110,-4990,-1308,-3270,1617,-5606,-3599,-8995,-4355,-6830,-6390,-8286,4422,-6780,-2000,-5500,4422,-7485
11/5/2025,1910,1542,3540,3952,-680,-201,4214,1363,1635,-565,2832,733,3172,5594,7413,3087,3424,8559,3584,9903,16108,3150,820,7107,3682,3942,4295,6539,1133,-5862,1910,930,-1696,2155,-680,-1984,2270,955,-211,2364,-310,755,3172,6375,11079,3087,3939,8494,4145,7669,7834,5957,2128,-4306,3682,7605,8129,6729,820,-1257,1983,2854,-1322,-2533,1794,7199,-800,-2533,5300,6960,1450,10269,3781,4363,-3654,-5974,2468,5461,-3654,-1609
11/6/2025,2500,6814,6035,4940,7935,11827,4597,6300,6809,3070,7105,12284,2290,2051,12999,3280,5584,20204,5884,3785,18674,2440,1677,11672,2610,4561,2959,3354,-631,14323,2500,7170,6479,4940,7935,12431,5087,7194,9236,4250,8653,12920,2290,3387,17791,3280,5584,17399,7408,4744,15894,2938,1596,8853,2610,3870,14603,3354,1662,11597,1579,1097,4,4707,1439,-1907,1215,3947,1689,3039,-496,10847,7734,13271,319,1516,3785,6662,314,7976
11/7/2025,1880,3164,9128,2448,2108,10146,2148,1955,3208,2066,1750,7192,1222,-243,7992,2864,2365,2149,1164,4235,2621,4061,11174,4315,2901,232,3875,4905,4913,2927,1880,3171,3904,2448,2108,9496,2387,2248,7227,2759,4697,16980,1589,-20,1292,2864,2840,-5312,2008,3840,12370,4075,9256,33048,3300,4540,4054,4905,11059,34020,2932,6284,892,8495,3231,6976,1305,7053,106,-7124,1930,-4155,1849,-291,7334,-371,3195,2987,7314,-886
11/10/2025,1165,3000,7892,488,823,10380,-1238,-594,-826,100,1758,9640,600,-3540,-4975,65,-405,3030,1032,-801,4997,2483,6057,15099,-30,-1520,-1100,120,1432,38637,1165,3918,3632,1065,823,7238,700,444,2539,1335,1224,3813,600,-3122,-3624,-155,-1010,3566,1489,2150,5719,2719,3966,47970,-30,1120,6084,2060,4554,49186,-1687,5511,858,9394,-1404,5937,2378,8398,-2195,-7788,318,2963,743,6235,13440,27836,1060,3214,13310,35281
11/11/2025,2765,7400,6300,2508,4860,4513,4126,3378,6428,3257,4942,3922,1160,2780,5193,1145,2107,-3962,-1409,47,-5173,3655,-1963,2448,2673,-552,5394,2325,2211,584,2765,5390,6300,2898,4860,961,2111,3152,5596,3357,5261,6900,1160,4527,11500,1145,2345,-3032,2240,1850,-11690,3655,4573,-67693,1790,1590,-11800,2885,-1220,-70302,5606,5208,5136,3401,5416,5406,5281,3401,2637,1565,920,-6950,-3492,-8468,-4839,-5891,-236,-75,-4839,-5279
11/12/2025,1080,580,-2080,180,-1246,185,992,674,1632,915,-330,1314,3475,7956,31125,6530,10568,26782,7682,11447,43520,7550,11503,6623,5890,6356,8045,9860,14297,19877,1080,-1455,3330,430,-1246,952,1385,1099,2264,755,-798,-423,3475,8153,38150,6530,10568,29541,6711,12009,45140,7550,11503,20736,5890,10300,43395,9860,11498,21605,2004,3213,2645,2468,1288,1627,2940,3643,16228,39963,15849,21166,15445,37642,12350,11204,12770,9126,12345,21351
11/13/2025,750,-978,-2291,1360,13,-3893,1192,-2250,-3835,2000,1910,-5360,1002,3298,1110,5910,11672,20407,5065,9643,-1396,8965,18025,9611,3685,4170,-4597,10610,18325,21070,750,125,-8308,1360,13,-7436,1374,-821,-8562,490,-965,-5151,315,3841,3742,5910,11672,19507,3685,10473,11832,8810,17736,26947,3770,9008,9824,10610,18015,28105,-946,-3305,-2585,-5254,-3423,-3800,-2655,-4870,4134,-814,9048,9760,3704,-1962,6607,8978,-754,-3595,6602,11421
11/14/2025,1495,2194,6516,2502,2502,4529,3619,2595,5684,1280,2927,8046,5061,5060,584,2250,1210,2251,2627,5944,6729,4230,13999,-1014,2910,6869,-3895,6883,6806,2813,1495,2952,6516,2502,2502,4529,2421,2764,3831,1345,4683,9445,1915,3150,4362,2250,1210,-5435,1555,6559,6538,6679,13963,-26043,2910,7099,-5058,6883,13894,-26318,4217,4855,3643,2929,4242,5281,3270,3431,-175,901,181,-2981,1944,-2194,7465,8127,-774,-3100,7460,2104
11/17/2025,1615,2447,2863,3724,1460,3802,1809,3491,3679,2180,5654,6678,2540,4785,6260,610,555,4107,3619,1610,767,-490,-705,3226,2720,2420,-1316,1475,1335,-2606,1615,3634,-680,3724,1460,3559,695,5753,4422,2724,3354,5384,2540,4785,9950,610,555,4107,3619,2284,1009,-1009,-4765,-8830,2720,1138,-1313,580,-4980,-5791,6126,5598,3066,1603,2882,3693,4190,6220,3446,7507,1810,294,2620,-1380,-825,912,2415,-328,-825,-1060
11/18/2025,1890,6503,5316,2092,3372,6340,1628,4160,3826,2050,3688,4635,1836,6948,5847,2916,4904,1878,2420,7610,3191,3145,3840,-1338,2941,2796,2634,4455,1610,-85,1890,6503,5626,2092,3372,6340,-70,2856,5481,410,826,1237,1836,6948,5847,2916,4904,1878,2420,7749,3191,3145,5707,-31791,2941,6121,2731,4455,3830,-14238,1997,5316,983,7479,3517,2167,2801,1134,3385,7253,4315,12696,4576,2769,880,-5471,4191,6958,880,-2548
11/19/2025,2385,3538,12286,3741,6879,5645,5669,6953,9494,2830,5521,10711,2020,8707,19525,10,6000,8099,135,265,12052,1506,2354,955,2179,6494,2529,-369,146,-3725,2385,6036,12286,3741,6879,9850,6177,6816,10338,3872,3817,13043,2020,9395,19613,815,6695,10970,1915,8685,13473,1506,-411,-2610,2179,8365,16175,-369,-473,-9192,3758,14460,6533,11961,6213,11950,2819,11139,6019,14435,12239,4045,7414,11143,1411,-5400,2295,2055,2686,-4616
11/20/2025,1310,1467,1296,885,70,-4805,-240,978,-3725,1315,2345,3732,685,2140,-5407,2230,2435,12300,4467,6044,3056,7735,13519,-2519,-1145,1675,697,8075,10701,32596,1310,2000,-1366,885,70,2110,675,1730,1688,1555,-760,-695,685,2140,-1826,2230,2435,12300,4519,6044,5517,7735,13519,41764,1505,2630,3016,8075,13469,39206,2915,-834,1725,1851,2077,428,3735,3182,-1186,-4918,3654,9936,5058,-7329,14378,32098,154,-440,14358,27796
11/21/2025,2400,6646,5748,3860,2606,3150,2476,3003,6470,2395,5145,2666,1715,4609,2403,2175,3855,-2190,4109,-1140,-4483,1555,4365,-1022,2050,711,4333,2210,-406,-6224,2400,4640,2229,3860,2606,2134,2975,3253,742,2295,5990,4333,1715,5370,2622,2175,3855,-6031,4503,6155,-4064,1555,8257,-15522,2050,5610,701,2480,4345,-7867,5774,7060,2500,8556,3977,6377,5735,9601,4005,12848,845,3003,3514,6994,2381,-4759,513,2913,2366,-4634
11/24/2025,2335,4284,2868,1980,3314,1517,1741,4034,199,720,1155,3727,1080,-3975,-6400,2285,8720,557,2514,-1975,-5325,9065,29033,6875,2710,5345,-4115,8460,13012,36294,2335,4496,2868,1980,3314,1517,1755,4416,1687,500,1046,3275,1275,3840,-4348,2520,6514,1580,2790,11543,19335,7430,28704,71390,2250,10573,21016,8460,29033,71936,1201,-2017,4211,962,3341,-2505,3327,768,-4410,-7311,2186,1168,-4810,-877,31923,28144,-1903,-1436,31923,29137
11/25/2025,1730,3302,-2250,1630,1783,-5540,860,-2258,-5365,600,3997,80,5,-3817,-6889,270,-2730,-5941,-1746,-1316,-8140,2795,2605,-2975,-104,-2145,-692,1810,4757,-7485,1730,3302,-1414,1630,1783,-1069,1513,-1863,-5031,280,2459,-1958,5,-2483,-6667,270,-2115,-15160,-1555,75,-11156,2905,3531,-2557,-605,540,-6404,2955,4566,-204,397,1138,2281,-1403,-820,-989,2795,140,-3888,-8946,-2741,-6970,-2790,-8468,2138,-6730,-5845,-1321,1933,-6830
11/26/2025,1432,854,-1498,-740,393,-2966,-1298,1504,1400,2230,511,-2773,2575,7298,-995,4635,2284,-434,5587,2037,8095,6155,-2031,597,3840,-2390,-4410,4985,-209,-4273,900,-104,-3123,-480,393,-4888,125,1587,-4408,992,74,-2399,2780,3655,4838,4635,2897,-8288,4627,5742,-800,8519,-2198,-39074,3920,4841,-3070,8620,-2098,-39558,129,-3009,-1005,-2298,59,-1479,15,-3916,5934,1277,175,-812,-746,-4256,951,-5214,-1611,-765,951,-5750
11/27/2025,1505,4935,6141,3160,5735,7051,3160,5830,5915,1035,4910,7051,2270,4060,5786,3320,9545,15175,6430,8865,19560,2115,9195,5565,2980,2975,3181,3060,7540,8925,1505,4935,7545,3160,5735,7545,3160,5830,7545,1450,4910,7545,2730,5610,9296,3320,9545,17055,7345,11610,21440,2340,17025,32845,3005,11610,21440,3975,17025,32845,-330,-2027,-1985,-2770,-330,-2027,-1985,-2770,1965,3650,-1280,-1750,-2980,-1800,-4220,-4290,-915,2530,-4220,-4290
11/28/2025,465,370,-1331,390,69,795,560,-258,-1006,-80,-1575,1459,2085,782,-2944,2585,2082,-3385,1670,-1360,-5753,2880,4195,2465,2185,571,-3925,4135,2001,6332,465,370,-50,890,69,1925,595,-258,-50,-80,39,-590,2085,21,-8548,2850,2082,-1758,2525,1379,-5170,2950,4408,18588,2190,1379,-5170,4330,4671,18588,590,349,-80,1522,590,-146,-80,1522,-3354,-8768,-5,-2823,-1206,-4080,5345,5287,1155,1499,5345,4073
12/1/2025,-239,807,-1344,-122,1425,-2800,887,644,-3549,-580,2647,-831,835,3815,3489,1503,2445,8524,-25,-1045,7452,420,5792,-2325,1811,5055,130,4870,6666,439,70,279,-2964,-654,1425,-3900,-1297,290,-5015,168,2479,-3785,835,5499,7751,1503,2445,3890,-786,2470,1288,1662,11412,-14462,735,1835,677,3685,11328,-15963,-65,-3426,265,-2481,130,-5394,1740,-3103,1133,1180,7361,10462,6235,3596,14993,-1195,1293,-3950,14833,4788
12/2/2025,2526,1437,-2877,1660,887,-2044,655,1624,-2108,920,2948,-3674,2835,9093,20126,4025,6536,24238,6451,8984,10117,5405,13256,-1348,2720,8193,4357,3820,13416,3731,3020,2361,-2592,1660,887,-2411,1227,1504,-2710,2785,1741,-5009,2835,9093,20126,4025,6536,16744,7685,11368,10117,5266,12554,5087,4930,11703,9524,5355,13256,5087,-681,2820,-1939,-1106,1404,292,-2467,-2196,12452,22353,11762,26017,15365,28597,3734,-5324,8149,21879,3734,11864
12/3/2025,216,-650,-1573,705,570,-2565,277,-498,-2031,230,1020,-4688,2615,-3475,-5405,2043,2072,-6291,-1900,-1220,-7360,950,9243,-2970,1731,-1945,-5610,3216,9751,-5474,1175,295,-3831,295,570,-1082,805,25,-3259,515,822,-3608,2615,-10,-3950,2043,2072,-7480,2200,5275,7715,5054,11708,12142,5163,5270,7230,6717,12258,12532,-547,-2479,-2356,-876,-361,-2098,-525,-1023,-3693,-8790,-3765,-3295,-4497,-4568,-3367,-5084,-6955,-4345,-3367,-5276
12/4/2025,3796,7028,24862,2912,9350,24211,4388,13131,25233,2615,4671,25639,2735,7542,24675,2910,11182,18270,3897,10235,41209,5862,22571,-163,2520,4903,12022,6868,19325,7172,3200,5738,25626,3305,9350,27142,4781,13131,28762,2205,4547,22715,2735,7542,26742,2910,11182,30192,4129,12501,44670,5937,22571,94486,2520,11580,44552,6868,22571,95246,6629,14818,2783,10357,6299,13949,1752,8304,10251,25312,2873,4830,10070,29559,7737,-5269,3492,17394,7737,-5188
12/5/2025,3864,7432,2051,4113,7913,-3152,2301,6052,649,3564,8540,674,1705,3799,16114,4839,4885,5764,3156,2125,12915,2709,11650,1455,3279,535,5558,7944,25519,-3157,4195,7865,6968,4113,7913,-741,3499,6412,1272,3270,6610,5279,1705,3799,16789,3570,-620,6027,2466,6340,16562,11605,21644,12831,2899,6340,17571,12250,19755,14643,5284,-3289,3907,-906,-89,-2146,5340,1701,5356,7554,1223,-5845,1913,-1850,-1975,4918,3937,1292,-1975,1187
12/8/2025,1352,6026,9543,3299,8888,3047,7082,13809,12120,-575,7608,11445,-835,-2675,-4853,-1360,65,399,2129,-1678,24483,5989,4813,1403,-1093,2144,-4200,10153,8581,-5786,1375,6928,12551,5063,8888,16785,8425,15000,21048,2130,5705,10806,-35,629,1013,778,1835,6706,2646,3451,25695,6161,3189,23528,220,3885,26432,10153,3778,28860,1256,10493,4559,10607,4739,10562,1979,8767,-1725,-8465,1670,12725,12872,24249,8044,-3042,-2632,-4100,9024,-1545
12/9/2025,2262,4346,8692,3937,4474,13264,5346,6274,9094,2285,4936,13408,1321,-99,-3942,520,-77,-487,2821,-1520,-5717,-985,201,470,-1090,-1740,-1459,2090,8594,12109,1145,4824,11150,3349,4474,12047,3859,5514,8575,2464,4588,13640,1321,-830,-2127,1430,-155,-4529,2631,1401,-4279,6030,5367,-20962,1584,1401,-4769,5481,5651,-24058,7264,10062,5008,7994,5254,7973,6050,6172,-1355,-7177,-3040,-5955,3440,-6537,-2460,-4990,-156,-928,-2460,3260
12/10/2025,-275,-3616,-2987,-90,-2212,-5088,-325,-2708,-5327,-650,-1097,-5879,925,1645,-5215,2160,4434,-4895,2731,6623,-891,1885,13861,2090,2146,3473,-1688,2072,3479,-6161,-275,-3455,-8592,-90,-2212,-8825,-90,-2243,-8410,-1485,-2585,-12380,925,1134,-41,2160,4434,-10588,2731,6882,1863,1885,13861,-28908,2146,5557,-7057,2072,13841,-29380,-2496,-4863,-3505,-6584,-2496,-3203,-2535,-4463,3245,16421,-701,-6933,-2417,4824,-6467,-5437,-191,1452,-6482,-6959
12/11/2025,-945,-5163,-4151,-1530,-4467,-3891,-2465,-3903,-5307,-650,-1705,-5748,-475,-4107,-6865,-445,-1992,-4321,-2000,-1290,-5822,-1300,3569,-2920,-990,69,-1216,1205,6033,-6437,-945,-3570,-7105,-1280,-4467,-4125,-2100,-3905,-5151,-2385,-3500,-6205,-135,436,-8141,115,128,-9312,-600,3338,-2337,-537,7705,-2574,-165,2375,-6232,1550,7854,-4444,-2507,-6133,-3950,-3425,-3572,-5518,-3230,-3245,-3879,-8988,-2607,-6890,-1409,-8499,-3493,-6999,-2009,-5315,-3493,-4583
