,v0-10,v0-20,v0-40,v1-10,v1-20,v1-40,v2-10,v2-20,v2-40,v3-10,v3-20,v3-40,v4-10,v4-20,v4-40,v5-10,v5-20,v5-40,v6-10,v6-20,v6-40,v7-10,v7-20,v7-40,v8-10,v8-20,v8-40,v9-10,v9-20,v9-40,v0-10-unc,v0-20-unc,v0-40-unc,v1-10-unc,v1-20-unc,v1-40-unc,v2-10-unc,v2-20-unc,v2-40-unc,v3-10-unc,v3-20-unc,v3-40-unc,v4-10-unc,v4-20-unc,v4-40-unc,v5-10-unc,v5-20-unc,v5-40-unc,v6-10-unc,v6-20-unc,v6-40-unc,v7-10-unc,v7-20-unc,v7-40-unc,v8-10-unc,v8-20-unc,v8-40-unc,v9-10-unc,v9-20-unc,v9-40-unc,v0-20-cATM,v0-40-cATM,v1-20-cATM,v1-40-cATM,v2-20-cATM,v2-40-cATM,v3-20-cATM,v3-40-cATM,v4-20-cATM,v4-40-cATM,v5-20-cATM,v5-40-cATM,v6-20-cATM,v6-40-cATM,v7-20-cATM,v7-40-cATM,v8-20-cATM,v8-40-cATM,v9-20-cATM,v9-40-cATM
TOTAL terminal $,1089452,1643200,1952758,1060600,1621683,1930145,1004620,1517290,1913555,928222,1576411,1918892,1126059,1634861,1638106,1393413,2268497,2542016,1806214,2678377,2818031,2794412,3249127,2783842,956183,655292,561900,2732435,3161811,2717692,1089452,1609639,2029458,1060600,1578921,1992967,1004620,1480002,1956432,823260,1204749,1566092,1163487,1832099,2178989,1394906,2294432,2687924,1802163,2779534,3522480,3013653,5144156,7134242,1646999,2573811,3272360,2958792,5046126,7039138,1279419,2021145,1250776,1993424,1258540,2007479,1204516,1946538,1212849,1468483,1700873,2493560,2257860,3060494,2499531,2834715,636243,602495,2482977,2819851
AVG terminal/day $,1424,2148,2553,1386,2120,2523,1313,1983,2501,1213,2061,2508,1472,2137,2141,1821,2965,3323,2361,3501,3684,3653,4247,3639,1250,857,735,3572,4133,3553,1424,2104,2653,1386,2064,2605,1313,1935,2557,1076,1575,2047,1521,2395,2848,1823,2999,3514,2356,3633,4605,3939,6724,9326,2153,3364,4278,3868,6596,9201,1672,2642,1635,2606,1645,2624,1575,2544,1585,1920,2223,3260,2951,4001,3267,3706,832,788,3246,3686
MEDIAN terminal/day $,1390,2017,1582,1345,1969,1574,1307,1867,1631,1175,1883,1507,1779,1793,-333,1821,2493,1891,2084,2382,1605,3845,2811,-482,1128,920,1196,3752,2706,-584,1390,1995,2098,1345,1962,2170,1307,1850,2085,1070,1422,1576,1840,2617,2658,1817,2672,2745,2084,2745,3383,4270,7191,9470,1881,2448,3383,4209,7038,9420,1624,1982,1623,1934,1636,1860,1520,1965,1287,0,1619,1984,2095,2231,263,-2260,888,1184,263,-2190
RETURN / worst-10day-loss,244.9,122.5,75.9,237.4,139.3,63.3,229.0,119.5,68.4,212.6,94.5,78.0,68.8,48.9,29.1,235.2,149.3,58.3,344.4,217.7,56.5,397.2,133.3,69.0,87.0,21.9,16.9,352.6,136.6,66.1,244.9,75.8,69.4,237.4,80.6,63.0,229.0,73.1,52.8,214.3,75.5,33.5,95.6,42.0,24.3,235.4,133.8,37.9,343.6,215.8,44.0,284.7,91.3,21.2,391.1,107.6,43.7,291.5,89.0,21.3,67.5,73.3,62.9,70.5,65.3,70.4,68.8,70.6,29.3,26.2,76.9,63.5,80.3,68.5,52.3,46.8,28.7,16.9,52.0,45.8
WORST 5-day loss $ (~1wk),-5965,-14687,-20428,-6195,-13649,-23759,-5498,-14509,-22464,-5665,-15062,-18225,-13118,-29396,-37968,-16466,-25009,-35994,-17031,-26768,-40438,-15247,-22419,-30814,-13719,-25130,-25412,-15247,-22419,-30996,-5965,-15687,-27662,-6195,-14727,-25446,-5498,-14196,-23948,-4275,-13671,-29999,-15590,-40281,-83915,-16466,-30174,-53083,-18136,-31605,-57471,-16677,-62582,-206361,-17520,-32201,-58329,-16677,-64287,-194811,-14248,-30265,-15838,-30438,-15033,-30709,-14258,-30265,-30016,-38075,-23284,-36805,-26468,-39533,-31674,-39511,-23205,-30933,-31674,-39511
  worst 5-day END date,12/29/2023,12/29/2023,11/26/2024,12/29/2023,12/29/2023,4/2/2024,12/29/2023,4/3/2024,4/2/2024,4/3/2024,12/29/2023,11/26/2024,10/29/2024,9/24/2025,9/12/2023,9/10/2025,9/10/2025,9/10/2025,9/10/2025,9/10/2025,9/10/2025,1/17/2024,9/11/2023,4/24/2023,7/3/2024,7/5/2024,7/20/2023,1/17/2024,9/11/2023,4/24/2023,12/29/2023,12/29/2023,1/2/2025,12/29/2023,7/25/2023,1/2/2025,12/29/2023,4/3/2024,1/2/2025,4/3/2023,12/29/2023,4/2/2024,9/10/2025,4/28/2023,4/28/2023,9/10/2025,9/10/2025,9/10/2025,9/10/2025,9/10/2025,9/10/2025,1/17/2024,4/5/2024,4/3/2024,9/10/2025,9/10/2025,9/10/2025,1/17/2024,4/5/2024,4/5/2024,7/5/2023,5/13/2024,7/5/2023,5/13/2024,7/5/2023,5/13/2024,1/26/2024,5/13/2024,9/24/2025,8/12/2025,9/10/2025,9/10/2025,7/23/2025,9/10/2025,3/21/2024,3/25/2024,7/5/2024,3/22/2024,3/21/2024,3/25/2024
WORST 10-day loss $ (~2wk),-4449,-13409,-25740,-4467,-11644,-30497,-4387,-12702,-27958,-4366,-16688,-24604,-16376,-33464,-56257,-5925,-15196,-43611,-5245,-12302,-49864,-7035,-24367,-40328,-10985,-29854,-33329,-7750,-23150,-41112,-4449,-21227,-29264,-4467,-19578,-31628,-4387,-20241,-37046,-3842,-15955,-46684,-12169,-43575,-89839,-5925,-17144,-70955,-5245,-12881,-80024,-10585,-56370,-336196,-4211,-23909,-74851,-10149,-56715,-330253,-18955,-27560,-19886,-28258,-19263,-28529,-17508,-27560,-41426,-56056,-22106,-39246,-28107,-44685,-47748,-60601,-22191,-35609,-47748,-61604
  worst 10-day END date,8/22/2025,7/25/2023,4/9/2024,8/20/2025,7/25/2023,4/9/2024,5/19/2023,7/25/2023,10/29/2024,5/19/2023,7/25/2023,10/29/2024,12/16/2024,12/16/2024,12/16/2024,7/19/2023,7/19/2023,1/29/2024,1/16/2023,1/16/2023,7/19/2023,1/17/2024,7/6/2023,7/6/2023,7/11/2024,7/11/2024,7/7/2025,1/17/2024,7/6/2023,7/6/2023,8/22/2025,7/24/2023,9/12/2023,8/20/2025,7/24/2023,4/8/2024,5/19/2023,7/24/2023,4/9/2024,11/1/2024,7/25/2023,4/9/2024,7/11/2024,7/11/2024,7/11/2024,7/19/2023,1/29/2024,4/4/2024,1/16/2023,4/3/2024,4/4/2024,9/19/2023,7/12/2023,4/10/2024,7/19/2023,7/24/2023,4/4/2024,9/19/2023,7/12/2023,4/10/2024,7/11/2023,5/16/2024,7/11/2023,5/16/2024,7/6/2023,5/16/2024,7/11/2023,5/16/2024,5/27/2024,12/16/2024,4/3/2024,4/1/2024,7/23/2025,7/23/2025,7/12/2023,2/7/2024,7/11/2024,3/26/2024,7/12/2023,2/7/2024
MAX LOSING STREAK (days),6,6,6,5,6,6,6,6,6,4,5,6,5,6,7,5,6,9,5,6,5,5,8,7,6,6,6,6,8,7,6,6,7,5,6,7,6,6,8,5,8,7,5,6,5,5,5,5,5,5,9,4,5,10,5,6,6,6,6,10,7,6,7,6,8,7,7,6,6,8,7,7,7,7,11,12,9,5,11,12
  losing-streak $,-5410,-11838,-20087,-3287,-13346,-24292,-5128,-10846,-22997,-2790,-9430,-17311,-12820,-27597,-45815,-16466,-12854,-20206,-7724,-19069,-39137,-14407,-26130,-37711,-11259,-8285,-25672,-10055,-26690,-37892,-5410,-11525,-25367,-3287,-13033,-29809,-5128,-14583,-29545,-4210,-10391,-36587,-15590,-42144,-83915,-16466,-30174,-40558,-7724,-17896,-64632,-17886,-45896,-336196,-17520,-19048,-59211,-12894,-68082,-330253,-21760,-26016,-22443,-26016,-22356,-26595,-21760,-26016,-21521,-39621,-17994,-22375,-23893,-23489,-52193,-64554,-23215,-30392,-52193,-65558
  losing-streak END date,8/20/2025,4/3/2024,4/3/2024,10/28/2024,4/3/2024,4/3/2024,10/28/2024,9/12/2023,4/3/2024,9/12/2023,5/17/2023,10/23/2024,9/10/2025,4/28/2023,7/21/2023,9/10/2025,10/10/2024,4/5/2024,1/24/2025,10/10/2024,1/29/2024,3/22/2024,4/9/2024,4/24/2023,9/11/2025,10/21/2025,10/29/2024,7/28/2025,4/9/2024,4/24/2023,8/20/2025,4/3/2024,4/2/2024,10/28/2024,4/3/2024,4/2/2024,10/28/2024,4/3/2024,4/3/2024,7/17/2023,8/21/2025,1/30/2024,9/10/2025,4/28/2023,4/28/2023,9/10/2025,9/10/2025,1/29/2024,1/24/2025,4/28/2023,4/5/2024,9/11/2023,7/25/2025,4/10/2024,9/10/2025,10/10/2024,4/8/2024,7/28/2025,4/5/2024,4/10/2024,7/6/2023,7/6/2023,7/6/2023,7/6/2023,7/6/2023,7/14/2025,7/6/2023,7/6/2023,4/28/2023,9/15/2025,11/29/2023,4/20/2023,11/29/2023,11/27/2023,7/12/2023,2/9/2024,7/25/2023,7/20/2023,7/12/2023,2/9/2024
MAX WINNING STREAK (days),25,18,15,25,20,17,23,16,15,30,21,15,22,11,8,26,22,16,26,12,15,17,9,11,20,10,17,17,9,11,25,20,16,25,17,16,23,16,16,17,18,12,22,17,14,26,22,16,26,12,19,20,16,8,19,16,19,20,16,8,25,8,25,12,17,14,32,8,9,9,20,22,18,19,11,7,11,10,11,7
  winning-streak $,55741,65631,117705,51710,65866,124880,52159,53576,125705,53305,72494,140345,85819,85362,121580,88061,163395,202559,133567,112101,254227,108272,90426,201998,64876,46819,62603,103673,85519,199416,55741,70671,131633,51710,53753,123581,52159,53864,120664,35816,43494,65417,86239,103083,217765,88061,162878,199757,133567,70711,316399,125847,255164,266593,64464,127556,284858,121427,250753,253607,103316,43047,105094,105198,86383,139999,140632,38134,81554,103982,149760,247323,204511,275283,199354,150066,38874,54972,198981,150546
WORST single day $,-4455,-6994,-8312,-4455,-6994,-8532,-4455,-6994,-8923,-4455,-6994,-8135,-5995,-7000,-9000,-5205,-7000,-9000,-5965,-7000,-9000,-5999,-7000,-9000,-5640,-6985,-9000,-6000,-7000,-9000,-4455,-8671,-13855,-4455,-8671,-13855,-4455,-8130,-14359,-3630,-8355,-16855,-8916,-18715,-37315,-5205,-12240,-28085,-7485,-15105,-31085,-11120,-32815,-87160,-7695,-14000,-31085,-11120,-32815,-87685,-6805,-9000,-6805,-9000,-6805,-9000,-6805,-9000,-7000,-9000,-7000,-9000,-7000,-9000,-7000,-9000,-6995,-9000,-7000,-9000
  worst day DATE,10/31/2023,1/23/2024,9/20/2023,10/31/2023,1/23/2024,11/25/2024,10/31/2023,1/23/2024,10/17/2025,10/31/2023,1/23/2024,1/2/2025,4/27/2023,5/17/2023,7/13/2023,9/4/2025,1/29/2024,12/10/2024,9/4/2025,6/12/2023,6/12/2023,2/20/2025,12/10/2024,7/24/2023,9/4/2025,11/14/2024,12/12/2023,5/22/2024,12/10/2024,7/24/2023,10/31/2023,7/24/2023,12/22/2023,10/31/2023,7/24/2023,12/22/2023,10/31/2023,9/28/2023,7/24/2023,10/31/2023,1/2/2025,12/22/2023,3/31/2023,3/31/2023,3/31/2023,9/4/2025,6/18/2025,5/22/2024,8/8/2023,8/8/2023,8/8/2023,10/17/2023,5/22/2024,5/22/2024,9/4/2025,8/8/2023,8/8/2023,10/17/2023,5/22/2024,5/22/2024,5/22/2023,5/22/2023,5/22/2023,5/22/2023,5/22/2023,5/22/2023,5/22/2023,5/22/2023,12/12/2023,4/25/2023,9/11/2023,9/11/2023,10/16/2024,6/12/2023,9/11/2023,5/15/2023,9/4/2025,3/27/2023,9/11/2023,5/15/2023
BEST single day $,8508,16801,28859,8934,14554,30296,8995,17232,28825,7813,16341,29124,12036,24787,52579,12554,30464,48010,18296,33972,69435,17230,41803,66612,17212,21344,25725,17230,41673,64788,8508,16801,31901,8934,14554,32615,8995,17232,31946,7709,11186,28911,12525,26845,55390,12554,30562,65131,18296,33972,75057,17230,50951,111962,17685,32679,76005,17230,50951,112337,10849,32792,11338,35280,21016,31429,11360,32952,27383,50048,26657,43693,29917,72629,44549,80613,14050,25075,44549,80613
  best day DATE,3/18/2025,10/19/2023,2/7/2023,2/28/2023,6/12/2024,2/7/2023,6/12/2024,6/12/2024,9/17/2025,10/18/2024,10/19/2023,2/7/2023,1/29/2025,4/22/2025,6/12/2024,4/2/2025,6/12/2024,10/29/2025,9/17/2025,10/29/2025,1/29/2025,2/21/2025,3/28/2025,3/10/2025,4/22/2025,4/22/2025,2/7/2023,2/21/2025,3/28/2025,3/10/2025,3/18/2025,10/19/2023,5/7/2025,2/28/2023,6/12/2024,2/7/2023,6/12/2024,6/12/2024,5/7/2025,10/18/2024,2/24/2025,5/7/2025,1/29/2025,6/12/2024,6/12/2024,4/2/2025,6/12/2024,6/12/2024,9/17/2025,10/29/2025,1/29/2025,2/21/2025,10/14/2024,10/3/2023,4/22/2025,10/29/2025,1/29/2025,2/21/2025,10/14/2024,12/26/2023,7/26/2023,2/7/2023,1/5/2023,2/7/2023,4/4/2025,2/7/2023,9/17/2025,2/7/2023,6/12/2024,6/12/2024,6/12/2024,6/12/2024,9/17/2025,1/29/2025,11/24/2025,2/9/2023,4/22/2025,5/3/2023,11/24/2025,2/9/2023
opens/day,13.35,16.36,19.4,13.62,16.64,19.55,13.86,16.89,19.66,13.43,16.37,19.4,15.79,17.68,17.63,17.91,21.74,23.06,24.85,29.21,28.39,36.63,32.64,27.47,14.16,8.77,6.88,36.52,32.56,27.49,13.35,16.32,18.9,13.62,16.6,18.98,13.86,16.83,19.06,13.46,16.38,18.83,16.09,19.37,20.95,17.91,22.09,23.97,24.89,30.05,32.01,39.64,47.94,51.34,24.57,29.81,31.92,39.55,47.93,51.33,16.46,18.03,16.59,18.09,16.75,18.13,16.49,18.05,17.38,17.05,21.65,22.1,29.44,28.71,29.95,25.78,8.37,6.97,29.95,25.81
NEG days,172/765,216/765,285/765,191/765,217/765,276/765,211/765,228/765,283/765,176/765,210/765,291/765,230/765,299/765,389/765,176/765,238/765,318/765,184/765,269/765,336/765,195/765,305/765,395/765,225/765,282/765,308/765,202/765,309/765,397/765,172/765,213/765,275/765,191/765,216/765,269/765,211/765,227/765,279/765,190/765,257/765,307/765,225/765,274/765,321/765,176/765,230/765,297/765,185/765,249/765,301/765,181/765,262/765,322/765,190/765,265/765,307/765,187/765,262/765,318/765,261/765,285/765,260/765,288/765,259/765,288/765,261/765,286/765,324/765,382/765,265/765,297/765,253/765,299/765,378/765,438/765,292/765,308/765,378/765,435/765
WIN %,77%,72%,63%,75%,72%,64%,72%,70%,63%,77%,72%,62%,70%,61%,49%,77%,69%,58%,76%,65%,56%,74%,60%,48%,70%,63%,60%,73%,59%,48%,77%,72%,64%,75%,72%,65%,72%,70%,63%,75%,66%,60%,70%,64%,58%,77%,70%,61%,76%,67%,61%,76%,66%,58%,75%,65%,60%,75%,66%,58%,66%,63%,66%,62%,66%,62%,66%,62%,58%,50%,65%,61%,67%,61%,50%,43%,62%,60%,50%,43%
(context) true MAX DRAWDOWN $,-8295,-14687,-33527,-7070,-13649,-36815,-6779,-14896,-29228,-6234,-16688,-33482,-16376,-33883,-75995,-16466,-25009,-52389,-17031,-26768,-55299,-19355,-30703,-56196,-13920,-31966,-46594,-19045,-31263,-54827,-8295,-22437,-45235,-7070,-20788,-43353,-6779,-21331,-46376,-5395,-15955,-61323,-15590,-50459,-115541,-16466,-30174,-92998,-18136,-31605,-105462,-17886,-72460,-362726,-17520,-32201,-106497,-17316,-72805,-358964,-22599,-30420,-28864,-30594,-29445,-30865,-23380,-30420,-78456,-113432,-33004,-54992,-43411,-58794,-61346,-83951,-32932,-61132,-61641,-85946
maxDD 7-day $,-8295,-14687,-23547,-7070,-13649,-25790,-6779,-14896,-24766,-6234,-15062,-22345,-14943,-29396,-45815,-16466,-25009,-35994,-17031,-26768,-46478,-19355,-25416,-37711,-13920,-28175,-28981,-19045,-25565,-37892,-8295,-15687,-31589,-7070,-14727,-30153,-6779,-14583,-28700,-5395,-14338,-36587,-15590,-45071,-83915,-16466,-30174,-56764,-18136,-31605,-62448,-17886,-66377,-269357,-17520,-32201,-59211,-17316,-68082,-263414,-21760,-30265,-22443,-30594,-21918,-30865,-21760,-30265,-36937,-48417,-23457,-37848,-29719,-48058,-42389,-50500,-23240,-38855,-42389,-50500
maxDD 30-day $,-8295,-14687,-33527,-7070,-13649,-36815,-6779,-14896,-29228,-6234,-16688,-33482,-16376,-33883,-75995,-16466,-25009,-52389,-17031,-26768,-55299,-19355,-30703,-56196,-13920,-29854,-46594,-19045,-31263,-54827,-8295,-22437,-45235,-7070,-20788,-43353,-6779,-21331,-46376,-5395,-15955,-61323,-15590,-50459,-115541,-16466,-30174,-92998,-18136,-31605,-105462,-17886,-72461,-362726,-17520,-32201,-106497,-17316,-72806,-358964,-22599,-30420,-28864,-30594,-29445,-30865,-23380,-30420,-51687,-87155,-33004,-54992,-43411,-58794,-61346,-83951,-27717,-53823,-61641,-85946
ret / maxDD30,131.3,111.9,58.2,150.0,118.8,52.4,148.2,101.9,65.5,148.9,94.5,57.3,68.8,48.3,21.6,84.6,90.7,48.5,106.1,100.1,51.0,144.4,105.8,49.5,68.7,21.9,12.1,143.5,101.1,49.6,131.3,71.7,44.9,150.0,76.0,46.0,148.2,69.4,42.2,152.6,75.5,25.5,74.6,36.3,18.9,84.7,76.0,28.9,99.4,87.9,33.4,168.5,71.0,19.7,94.0,79.9,30.7,170.9,69.3,19.6,56.6,66.4,43.3,65.2,42.7,65.0,51.5,64.0,23.5,16.8,51.5,45.3,52.0,52.1,40.7,33.8,23.0,11.2,40.3,32.8
avg peak capital $,1481,3083,7147,1464,3228,7288,1541,3319,7463,1759,3109,7102,1585,3342,7146,1573,3404,7521,1731,3921,8156,2049,3255,7107,1456,2894,6015,1965,3248,7086,1481,3085,7266,1464,3231,7422,1541,3321,7599,2002,3409,6621,1593,3399,7572,1573,3405,7672,1731,3947,8474,2095,3574,9884,1500,3428,7947,2012,3562,9835,2806,5771,2832,5802,2860,5836,2890,5778,2914,5877,2910,5873,3006,5935,2919,5831,2796,5418,2919,5831
ret on capital (daily $/$),0.962,0.697,0.357,0.947,0.657,0.346,0.852,0.597,0.335,0.69,0.663,0.353,0.929,0.639,0.3,1.158,0.871,0.442,1.364,0.893,0.452,1.783,1.305,0.512,0.859,0.296,0.122,1.818,1.272,0.501,0.962,0.682,0.365,0.947,0.639,0.351,0.852,0.583,0.336,0.537,0.462,0.309,0.955,0.705,0.376,1.159,0.881,0.458,1.361,0.92,0.543,1.88,1.881,0.944,1.435,0.981,0.538,1.922,1.852,0.936,0.596,0.458,0.577,0.449,0.575,0.45,0.545,0.44,0.544,0.327,0.764,0.555,0.982,0.674,1.119,0.636,0.298,0.145,1.112,0.632
profitScore ($20-norm),2848,2148,1277,2772,2120,1262,2626,1983,1251,2426,2061,1254,2944,2137,1071,3642,2965,1662,4722,3501,1842,7306,4247,1820,2500,857,368,7144,4133,1777,2848,2104,1327,2772,2064,1303,2626,1935,1279,2152,1575,1024,3042,2395,1424,3646,2999,1757,4712,3633,2303,7878,6724,4663,4306,3364,2139,7736,6596,4601,1672,1321,1635,1303,1645,1312,1575,1272,1585,960,2223,1630,2951,2001,3267,1853,832,394,3246,1843
riskScore ($20-norm),-16590,-14687,-16763,-14140,-13649,-18407,-13558,-14896,-14614,-12468,-16688,-16741,-32752,-33883,-37997,-32932,-25009,-26194,-34062,-26768,-27649,-38710,-30703,-28098,-27840,-29854,-23297,-38090,-31263,-27413,-16590,-22437,-22617,-14140,-20788,-21676,-13558,-21331,-23188,-10790,-15955,-30661,-31180,-50459,-57770,-32932,-30174,-46499,-36272,-31605,-52731,-35772,-72461,-181363,-35040,-32201,-53248,-34632,-72806,-179482,-22599,-15210,-28864,-15297,-29445,-15432,-23380,-15210,-51687,-43577,-33004,-27496,-43411,-29397,-61346,-41975,-27717,-26911,-61641,-42973
GOV lossMax $,-6000,-7000,-9000,-6000,-7000,-9000,-6000,-7000,-9000,-6000,-7000,-9000,-6000,-7000,-9000,-6000,-7000,-9000,-6000,-7000,-9000,-6000,-7000,-9000,-6000,-7000,-9000,-6000,-7000,-9000,,,,,,,,,,,,,,,,,,,,,,,,,,,,,,,-7000,-9000,-7000,-9000,-7000,-9000,-7000,-9000,-7000,-9000,-7000,-9000,-7000,-9000,-7000,-9000,-7000,-9000,-7000,-9000
GOV worst floor HELD $,-4730,-6994,-8995,-5115,-6994,-8995,-4780,-7000,-8995,-4695,-6994,-8995,-5995,-7000,-9000,-5980,-7000,-9000,-5995,-7000,-9000,-6000,-7000,-9000,-5995,-6990,-9000,-6000,-7000,-9000,,,,,,,,,,,,,,,,,,,,,,,,,,,,,,,-7000,-9000,-7000,-9000,-7000,-9000,-7000,-9000,-7000,-9000,-7000,-9000,-7000,-9000,-7000,-9000,-6995,-9000,-7000,-9000
GOV days over cap,0,0,0,0,0,0,0,0,0,0,0,0,0,0,0,0,0,0,0,0,0,0,0,0,0,0,0,0,0,0,,,,,,,,,,,,,,,,,,,,,,,,,,,,,,,0,0,0,0,0,0,0,0,0,0,0,0,0,0,0,0,0,0,0,0
GOV covers deferred,0,13,51,0,12,44,0,2,65,0,13,57,14,487,1717,2,415,1203,8,967,4684,298,927,677,0,0,0,325,945,709,,,,,,,,,,,,,,,,,,,,,,,,,,,,,,,47,30,45,30,44,29,25,30,403,1967,579,1109,1415,3463,1266,1079,0,0,1266,1079
GOV offsets bought,0,175,1908,0,185,1959,0,212,2050,0,169,1903,24,477,1833,5,353,1814,24,592,2168,72,1025,3007,10,194,768,73,990,3005,,,,,,,,,,,,,,,,,,,,,,,,,,,,,,,232,1586,253,1624,272,1646,224,1574,280,1109,301,1092,435,1108,721,2427,135,674,716,2442
GOV offset spend $,0,72215,932099,0,78280,948990,0,88491,994764,0,69061,925260,9031,187616,773433,1433,141935,790973,9114,236673,958950,26655,414750,1521454,3236,77518,353075,26566,404076,1518785,,,,,,,,,,,,,,,,,,,,,,,,,,,,,,,93081,729113,100712,747113,110073,758612,89968,724837,109699,458419,123826,476299,193733,486548,253122,1095351,52795,306919,251865,1099192
GOV opens blocked,0,68,611,0,71,597,0,69,614,0,76,613,233,1448,3436,6,441,1844,42,733,2969,2283,12072,20097,42,597,1946,2300,12082,20077,,,,,,,,,,,,,,,,,,,,,,,,,,,,,,,478,1313,480,1318,472,1325,463,1301,1508,3098,700,1741,1120,2289,16128,21921,482,2414,16129,21911

DATE,v0-10,v0-20,v0-40,v1-10,v1-20,v1-40,v2-10,v2-20,v2-40,v3-10,v3-20,v3-40,v4-10,v4-20,v4-40,v5-10,v5-20,v5-40,v6-10,v6-20,v6-40,v7-10,v7-20,v7-40,v8-10,v8-20,v8-40,v9-10,v9-20,v9-40,v0-10-unc,v0-20-unc,v0-40-unc,v1-10-unc,v1-20-unc,v1-40-unc,v2-10-unc,v2-20-unc,v2-40-unc,v3-10-unc,v3-20-unc,v3-40-unc,v4-10-unc,v4-20-unc,v4-40-unc,v5-10-unc,v5-20-unc,v5-40-unc,v6-10-unc,v6-20-unc,v6-40-unc,v7-10-unc,v7-20-unc,v7-40-unc,v8-10-unc,v8-20-unc,v8-40-unc,v9-10-unc,v9-20-unc,v9-40-unc,v0-20-cATM,v0-40-cATM,v1-20-cATM,v1-40-cATM,v2-20-cATM,v2-40-cATM,v3-20-cATM,v3-40-cATM,v4-20-cATM,v4-40-cATM,v5-20-cATM,v5-40-cATM,v6-20-cATM,v6-40-cATM,v7-20-cATM,v7-40-cATM,v8-20-cATM,v8-40-cATM,v9-20-cATM,v9-40-cATM
12/27/2022,-1050,-1710,-6070,-1050,-1710,-6070,-1050,-1710,-6070,-1050,-1710,-6070,1295,3196,4212,1295,3196,4212,1295,1691,4212,-540,1001,4212,1130,2366,3530,-540,1001,4212,-1050,-1710,-6070,-1050,-1710,-6070,-1050,-1710,-6070,-1050,-3390,-6070,1295,3196,5051,1295,3196,5051,1295,1691,5051,-540,1001,5051,1130,1356,5051,-540,1001,5051,-1715,-6268,-1715,-6268,-1715,-6268,-1715,-6268,6976,9479,6606,10981,3226,9629,-861,-3559,380,5420,-861,-3559
12/28/2022,2877,4530,7502,1863,2415,7502,1999,2334,8840,2372,4530,7502,1988,-1212,-8947,2890,1449,3051,3670,-908,2228,6493,5240,9834,975,-465,-7278,6263,4790,9834,2877,4530,8150,1863,2526,8150,1999,2334,9730,1974,3423,6345,1988,-1120,-5583,2890,2614,7175,3670,1203,6353,9380,22423,47997,3465,-1213,2276,9150,21783,48707,4960,3884,4950,3884,2145,3884,4960,3884,-2779,-7685,2782,5531,4360,12220,-602,-8990,1424,-5607,-602,-8990
12/29/2022,3225,11457,4042,3353,9857,4692,3383,8372,5692,4430,12642,4042,2316,12055,3138,4280,13871,10354,6059,14711,17999,4426,9334,-392,2435,3918,-970,4426,9334,-392,3225,11457,6418,3353,9857,7068,3383,8372,8068,3045,10317,6738,2316,12101,7052,4280,13871,10762,6059,15195,20684,4426,23581,30500,5592,15195,23034,4426,23581,30500,7284,-2467,5664,-2467,4049,-1467,7284,-2467,11749,971,14917,1120,9573,10867,7172,665,1558,-712,7172,665
12/30/2022,1725,1133,-6247,1415,-923,-6247,1722,-923,-6247,1910,1140,-6247,8443,10022,-3084,2743,2676,2957,6733,6193,-452,-1574,-2423,-1245,261,-47,6526,-1574,-2423,-1245,1725,1133,-5878,1415,-923,-5878,1722,-923,-5878,740,684,-7290,8443,13613,-1706,2743,2676,-1633,6733,707,-9418,-1574,-10219,-28190,6498,157,-10418,-1574,-10219,-28190,1686,418,1686,418,1686,418,1686,418,9576,2642,603,-493,-100,-4778,-3421,-8940,-511,55,-3421,-8940
1/3/2023,75,388,-1193,304,-1132,1140,-710,-579,-1241,625,388,-1193,-25,1178,-3897,351,2344,-6052,-289,-4224,-6586,-7,1405,-6094,760,220,-957,-7,-6263,-6094,75,388,641,304,-1132,2095,-710,-579,-44,660,-547,-2107,-25,879,6921,351,2344,-4939,-289,-4224,-11339,-7,-1914,-17140,726,-2348,-12474,-7,-2239,-17905,-1615,1583,-1615,1583,-1412,1583,-1615,1583,276,-3322,730,128,-2254,-5195,-6809,-3941,3610,1194,-6809,-3941
1/4/2023,1290,531,19119,2357,5036,21854,3172,6004,16173,2390,1331,17494,2321,2798,5472,3961,-415,-644,195,-1275,1808,788,161,-3660,-5,548,4571,788,-659,-4055,1290,531,19267,2357,5036,22002,3172,6004,21321,2710,2646,19807,2321,2798,4976,3961,185,-8448,195,455,-3000,400,-8719,-38250,-25,595,-3028,400,-10913,-38645,7195,18246,5840,18979,5824,18324,6730,16929,2882,7237,-1898,-1189,3681,-3307,-1237,-7065,884,4323,-4262,6945
1/5/2023,2704,4901,8679,2664,6168,8679,3418,6617,10634,2534,3821,8679,1920,6706,4633,3236,6469,743,2615,9534,7758,5197,3556,8212,837,3041,4728,5197,3556,8212,2704,6027,11041,2664,6536,11041,3418,7371,12996,994,2839,9818,1920,6706,2158,3236,6469,1238,2615,9534,8979,5872,9497,32257,2199,6563,7279,5872,9497,32257,10104,6606,11338,6606,11338,6606,10104,6606,8180,5525,17458,3815,9445,8588,13830,4657,1610,6700,14395,4657
1/6/2023,-35,3180,1368,-55,3180,1368,-195,3175,1637,-270,2880,1368,-2945,-6665,-7986,30,455,-811,18,-1262,722,5660,9910,5426,280,396,-5237,5600,9910,5426,-35,3180,2445,-55,3180,2445,-195,3175,2219,-270,2430,2287,-2340,-5805,-11100,30,455,-521,18,-1262,663,5660,11097,26646,-355,-1717,-2348,5600,11097,26646,5023,3090,5068,3090,5167,3090,4723,3090,-6940,-8675,4155,4976,4172,6430,11639,-8339,1665,-7875,11279,-8339
1/9/2023,1460,2490,5067,1455,4326,4233,1575,1994,3455,720,1330,4377,1075,-1499,-8254,-490,-1518,-7822,-934,-4465,-8846,-3665,-6893,9267,-222,-1300,-172,-5665,-6893,8574,1460,2490,5067,1455,4326,4233,1575,1994,3455,1210,190,3637,1075,-1499,-8685,-490,-1518,-12228,-934,-3224,-18732,-2000,-8653,-24903,-1857,-5148,-16532,-2180,-10153,-25513,-45,6929,1073,5764,1960,1974,-1310,3334,-4095,-6832,-3515,-3574,-6616,-8094,-6975,14704,-2125,3203,-6975,14704
1/10/2023,-1645,-2235,-3103,-1645,-2235,-3103,-1645,-2235,-3103,-1645,-2235,-3103,-425,1818,-754,616,4925,5607,1620,3391,5889,3425,12739,11157,1762,4512,4838,3425,12739,11157,-1645,-1395,-1413,-1645,-1395,-1413,-1645,-1395,-1413,-665,-1895,-4033,-425,1818,-5470,616,4925,6518,1620,3391,7714,3425,15087,43845,2404,3694,5919,3425,15087,43845,482,101,482,101,482,101,482,101,381,-1385,3068,9675,5274,8887,12175,15202,-250,1571,12175,15202
1/11/2023,-1310,901,-1155,-875,901,-1155,-955,702,-1155,-1310,321,-1155,-5925,-4626,-7260,-3015,-2549,-4059,-3926,-4111,-2966,3410,14147,20662,-650,-1995,1405,3410,14147,20662,-1310,1066,3153,-875,1066,3153,-955,840,3153,-1435,-2996,-4177,-6455,-12775,-25550,-3015,-2549,-6987,-3926,-4104,-11930,3410,16510,48553,-2039,-4350,-13300,3410,16510,48553,2314,6073,2314,6073,2403,6073,899,6073,-6535,-8180,206,3833,1682,-296,13190,24713,-1955,321,13190,24713
1/12/2023,1005,398,-2684,135,-237,-2684,110,-252,-2684,1185,398,-2684,1734,5351,11455,1137,-955,468,771,-1262,6106,555,-5056,-5430,1071,870,-3828,415,-5076,-5430,1005,950,-2225,135,-715,-2225,110,-730,-2225,1185,70,-1450,1734,5351,11455,1137,-1005,229,771,-1986,-1953,555,-12725,-26192,454,-1600,-673,415,-12745,-23755,-903,-3985,-903,-3985,-918,-3985,-903,-3985,6639,15280,-1677,2515,-2696,104,-2066,-5725,4310,-3274,-2066,-5725
1/13/2023,250,2267,-3267,270,2267,-3267,250,2079,-3267,-75,1612,-3267,-2765,-6564,-8114,-1327,-853,-5327,-2690,-6392,-8995,2057,8768,17305,624,1120,466,2057,8768,17305,250,2267,1468,270,2267,1468,250,2079,1468,-820,-1097,-3498,-2765,-8709,-16344,-1327,-853,-3599,-2690,-5997,-12976,2057,15314,37879,-2690,-5997,-13736,2057,15314,37879,2282,5016,2282,5016,2277,5016,1127,5016,-6449,-8980,921,2828,1775,226,9738,20895,-440,-2767,9738,20895
1/16/2023,1390,2234,4300,1730,2234,4300,1970,2234,4300,897,1722,4300,-1565,-5230,-4995,-1945,-3175,-6590,-2625,-2235,-7005,-2645,-4655,-2670,-2070,-1205,2331,-2645,-4655,-2670,1390,2234,3813,1730,2234,3813,1970,2234,3813,-1158,-785,3813,-1565,-5230,-5335,-1945,-3175,-8085,-2625,-2235,-9015,-1755,-2645,-15370,-2625,-1050,-9015,-1755,-2645,-15370,2100,1770,2100,1770,2100,1770,2100,1770,-3590,-5085,-4290,-7945,-6075,-8900,-3805,-5930,1670,4177,-3805,-5930
1/17/2023,-285,-1690,-5291,1405,-1240,-5291,-50,-2635,-5291,795,-1680,-5291,6349,10756,9092,3214,7244,9079,3111,10246,12002,1250,-30,-2177,4845,3255,571,1250,-30,-1668,-285,-1690,-9565,1405,-2295,-9565,-50,-3690,-9565,900,4206,-7425,6349,10756,11026,3214,7244,7947,3111,10246,13261,1250,-3673,-1031,6525,13057,12127,1250,-3673,1306,-992,-7041,-4321,-7041,-4321,-7041,-992,-7041,4264,5864,1436,21943,-4835,1954,-3909,-2219,2732,3840,-3909,-1042
1/18/2023,2958,3728,5662,3044,3616,5741,2985,3336,5448,1833,5119,4702,740,-3827,-8955,1430,-1941,-2855,920,-2184,-8106,6713,3452,-8984,-1520,-5944,3595,6013,4867,-8984,2958,3728,5726,3044,3616,5616,2985,3336,5781,1833,2849,715,740,-3458,-14521,1430,-352,-1102,920,192,-4721,7909,20947,36787,1235,-690,-8366,7209,20147,36117,2641,5246,2856,5246,2856,5196,1681,5246,-4944,-4796,600,2923,89,-5848,6020,-8534,-6005,1045,6020,-8534
1/19/2023,256,4366,4095,1230,3901,5555,580,3811,6555,506,4366,4095,4440,7839,16338,3336,3335,4422,5171,7332,170,1963,340,-5109,3131,2068,6275,1930,1372,-5109,256,4366,3556,1230,3901,4206,580,3811,5043,746,3561,6885,4440,7839,21417,3336,3335,-1040,5171,4174,10214,1963,-4145,-33525,4156,5264,8969,1995,-4260,-33525,3735,6439,3735,6439,4485,6439,3375,6439,10093,15933,5331,-1320,1016,2119,-3363,-6296,430,7057,-3363,-6296
1/20/2023,-1260,1992,2745,-1260,1962,2745,-1185,1962,2745,-1260,1992,2745,-5740,-6597,-7692,-3930,-2281,-6683,-5190,-4062,-8637,3615,13246,24639,-4795,-6025,-865,3615,13246,24639,-1260,1992,3153,-1260,1962,3153,-1185,1962,3153,-1495,-1478,-3799,-6770,-11745,-24200,-3930,-2281,-7081,-5190,-3413,-9759,3615,19088,46596,-5240,-4038,-11539,3615,19088,46596,2934,5984,2904,5984,2904,5984,2934,5984,-6937,-8935,1095,-451,2296,-1634,18903,30955,-5745,-48,18338,30770
1/23/2023,3095,5550,1548,2188,5254,1498,3398,4764,5573,3510,5388,1548,1334,4937,8297,3083,4527,8032,2769,5325,13505,6210,1077,-5957,1103,3838,3157,6210,1077,-5957,3095,5550,1253,2188,5254,1440,3398,4764,2094,3510,5388,333,1334,6293,24413,3083,4527,10151,2769,5105,13750,6210,2674,-15483,3020,5125,11449,6210,2674,-15483,5547,1937,4092,2102,4207,4404,3968,1937,9923,11671,5536,14262,7639,17655,1711,-3154,6668,-712,1711,-3154
1/24/2023,2225,3289,-3277,2185,3154,-3277,2395,3074,-3277,1900,2784,-3277,3110,13391,26597,1600,7576,25730,3528,13167,30510,4000,3630,-7877,2085,6500,16972,3690,3165,-7877,2225,3289,-4972,2185,3154,-4972,2395,3074,-4972,1400,1425,8582,3110,14089,36384,1600,7576,25160,3528,13167,30037,4000,811,-2849,2707,12120,30830,3690,346,-3919,-361,-1449,-361,-1449,534,-1449,-361,-1449,19750,28837,12730,20679,16413,21744,1104,-2475,4546,7173,1104,-521
1/25/2023,500,1285,6349,435,2733,5709,580,3623,2023,250,-155,6349,1109,953,-5180,-556,-758,-4755,-1215,2649,-8350,-5480,-6935,-8954,-1435,-964,1811,-5480,-6935,-8954,500,1285,6349,435,2733,5709,580,3623,2702,1190,-3140,1848,1109,888,-11054,-556,-1135,-10805,-1215,1541,-10815,-3475,-1280,-2162,-1085,3230,-11610,-3475,-1280,-2162,2908,4832,3443,3237,4363,3692,-49,4832,937,-6699,-465,-4798,4265,-8545,-6905,-5623,-4690,71,-6905,-5623
1/26/2023,-145,3541,1897,-155,3496,1897,-165,3496,2252,-775,3441,1897,-1935,-4143,-6576,-860,-1463,-4277,-2612,-266,-1696,-3075,100,13042,203,-588,1791,-3075,100,11397,-145,3541,2615,-155,3496,2615,-165,3496,2970,-1030,1851,2239,-1935,-4143,-14323,-860,-1463,-5384,-2612,-266,-2897,-3075,4443,9537,-2445,674,3635,-3075,4443,11092,3708,5356,4131,5356,4131,5711,4098,5356,-2500,-6193,1826,1666,4911,3722,3975,19114,160,9818,3975,19114
1/27/2023,3285,5680,9991,3040,5374,8633,3285,5551,9633,2212,6830,11346,3322,1897,530,6941,6612,14039,7200,12506,18433,9196,15355,4711,40,2535,-1282,9196,15355,4711,3285,5680,10133,3040,5374,10337,3285,5551,10503,1882,3876,1758,3322,5756,7004,6941,6612,14039,7200,12506,18863,9196,23270,56733,6970,10024,20873,9196,23270,56733,4108,9985,3679,9794,3946,8485,4753,11340,-2266,-8325,6329,13568,10585,15053,16994,-7722,2450,-2456,18229,-7722
1/30/2023,855,-344,-2656,905,-344,-2656,1020,691,-2656,240,-344,-2656,-900,-4412,-8932,-680,-1050,-1513,265,-2678,-3258,11833,15022,19653,2005,1240,-3676,11833,12737,19653,855,565,2578,905,565,2578,1020,895,2578,330,-1275,-1120,-900,-8225,-12981,-680,-1050,-1513,265,-2517,-2496,12048,27376,62082,1988,-1770,-2039,12048,25091,62082,319,-1547,319,-1547,319,-1547,50,-1547,-4823,-7942,369,2848,2221,5953,18550,26766,3793,-3676,18550,26766
1/31/2023,3049,-1913,-3561,2194,-2624,-3561,2001,-2837,-3561,3394,800,-3561,2439,4747,1667,4741,1067,-683,4023,2732,-3461,4295,13762,18134,-42,3510,-3956,4295,13762,18134,3049,-1913,-2988,2194,-2624,-2988,2001,-2837,-2988,-697,-2110,-2836,2179,-3873,-12643,4741,1067,-1603,4023,939,-7961,4295,19269,61819,4099,1839,-10783,4295,19269,61819,794,2465,345,2465,345,2465,-56,2465,-5870,2856,2907,8012,9086,8909,17774,19783,1584,-7281,17099,19783
2/1/2023,2235,7880,8140,2190,7705,8750,3160,6355,8470,1500,7040,8235,4265,6190,11057,3935,9880,38945,5565,8233,11809,3960,15219,4095,2110,3491,207,3960,14319,3680,2235,7880,7943,2190,7705,8553,3160,6355,8273,630,3930,8765,4265,6190,11816,3935,9880,41982,5565,8233,13933,3960,16737,46368,4625,6560,12993,3960,15837,45953,8065,12230,7990,12630,8040,14160,7235,12230,7245,13110,12335,23225,12490,23450,13850,33716,4651,3355,12950,32956
2/2/2023,3560,4415,16433,4048,3166,15126,3278,2935,16068,3122,4415,13253,3865,8551,5779,5730,9037,12054,6256,14889,26499,9994,3770,-3595,2410,5220,-1996,9994,4740,-3595,3560,4415,23959,4048,3166,14608,3278,2935,14632,2597,2261,7152,3865,12736,27646,5730,9551,21651,6256,16670,42776,10194,14817,60842,4872,16670,42776,10194,15787,60842,4484,18859,4527,17150,4454,15322,4484,16104,9411,7120,7654,14971,19210,35004,17995,4396,3851,3494,17995,4396
2/3/2023,1145,420,-2165,-465,660,-2165,-1250,2410,-1306,-305,420,-2165,75,-3982,-7899,-1230,-4300,-2679,-2460,-2755,498,6387,-4077,-8688,-5,638,628,5932,-2197,-7023,1145,420,-1003,-465,660,-1003,-1250,2410,568,-415,90,1767,75,-3533,-9033,-1230,-3970,-3903,-2460,-3210,-4274,6387,2005,-2374,-805,-1335,-2519,5932,2915,-3174,1170,-2136,2061,-2649,1170,-2498,1170,-2136,-3180,-6984,-3478,-8995,-4017,8963,-2469,289,9625,5822,-2469,289
2/6/2023,3019,3569,-3522,2235,946,-3522,1435,1031,-3522,1583,2016,-3522,1982,5331,12840,2542,5712,-105,2488,4569,3929,5945,6623,-6109,1293,1929,2857,5945,6618,-6109,3019,3569,-5518,2235,946,-5518,1435,1031,-5518,1001,571,-602,1982,5331,13988,2542,5712,41,2488,4569,597,5945,11235,-16218,2323,4412,1377,5945,10515,-16218,2428,1946,-1158,1946,-1158,1946,2428,1946,3608,19850,620,11693,1940,8785,2688,-3716,1203,14990,2688,-3716
2/7/2023,2635,7590,28859,2556,6328,30296,3461,3845,9855,2385,7750,29124,3720,6101,12200,2310,27452,6811,2200,8127,22686,5054,29363,21031,1491,1186,25725,5054,28963,20912,2635,7590,29221,2556,6328,32615,3461,3845,27659,2580,6581,23268,3720,6101,12504,2310,27452,7614,2200,8127,22129,4845,12660,24746,1500,7112,21989,4845,12260,38629,8210,32792,8493,35280,8330,31429,8215,32952,7722,10216,6385,8740,9300,34375,9346,19132,3824,3999,8696,18708
2/8/2023,2350,753,-2852,1775,905,-2586,2510,26,-2586,1575,753,-2852,-2555,-4909,-8913,2490,5416,11263,2179,4362,-87,15995,20144,35898,1390,-1169,-6845,15925,19379,35041,2350,753,-1882,1775,905,-1817,2510,26,-1817,1710,2193,-1282,-2555,-5855,-11172,2490,6487,12677,2179,4733,4950,15995,27950,77271,2920,4132,3385,15925,26780,75788,685,-6373,685,-6373,685,-6373,685,-6373,-6425,-8975,12019,11189,1244,-880,14213,12926,-1359,-6845,14178,12926
2/9/2023,1860,3122,6814,1085,3107,6417,1175,3102,6602,210,2527,5814,-4545,-6770,-8285,1135,355,2763,40,1844,-2836,15455,30570,65284,-2175,-3272,733,15195,29425,63104,1860,3122,6977,1085,3107,6977,1175,3102,7162,210,650,1141,-4545,-11230,-23380,1135,355,2707,40,1844,295,15455,30570,67058,975,529,-5150,15195,29425,63724,4237,7487,4237,7487,4242,7487,3178,3257,-6615,-8895,1182,4404,1170,3748,31690,80613,-1475,-877,31535,80613
2/10/2023,1244,2684,4495,245,3887,4495,1295,2717,4495,1064,4919,5105,3194,3869,12358,1050,5,6547,1693,1270,6160,-3290,-3554,-7313,1573,5192,3120,-3290,-4935,-4110,1244,2684,4050,245,3887,4050,1295,2717,4050,1419,3615,4651,3194,3869,16612,1050,5,6185,1693,1270,3965,-6310,-22755,-42538,1343,2242,615,-6325,-23760,-32896,3037,3941,2942,3941,2978,3941,2499,3941,3562,5506,1285,2199,-450,264,-5155,-5386,2908,4045,-5155,-5386
2/13/2023,2433,3616,966,2929,1961,966,1592,2251,1226,3071,3483,966,2447,3448,-1755,3755,15147,14816,7671,9870,8199,3919,305,2597,1991,4240,825,3919,305,2597,2433,3616,2200,2929,1961,2200,1592,2251,2160,3096,4157,5450,3216,12401,10148,3755,15147,13902,7671,10287,9814,3919,-69,-3888,6735,10287,9814,3919,-69,-3888,2180,-809,3180,-809,2538,-809,1595,-809,2083,1600,13949,4991,12564,5783,1248,1770,5765,-17,1248,1770
2/14/2023,1760,4410,3167,115,2643,5367,1000,4074,2615,1005,2547,3167,3109,-1025,1288,2814,2662,17870,802,-278,9071,-1725,9495,-3097,147,1405,5275,-1735,5500,-584,1760,4410,1801,115,2643,3130,1000,4074,3078,1005,1965,511,3109,-1025,315,2814,2662,3616,802,-278,3649,-1725,9955,7942,-278,-1540,660,-1735,7671,9442,6981,-507,5457,1433,7427,-2674,3642,-507,3625,1744,11750,13803,10342,12248,27842,21948,6952,6029,27612,21948
2/15/2023,-1245,2656,3833,-1325,2751,3833,-1335,2567,4408,-690,3588,3833,-2460,-728,-3293,-2571,-1483,-2657,-3090,-873,-2988,-530,421,5556,-3365,-4141,-1491,-530,421,5556,-1245,2656,5607,-1325,2751,5607,-1335,2567,6182,-1070,1573,-858,-2460,-4235,-9248,-2571,-3286,-5740,-3090,-86,-3965,-530,9871,27093,-3365,-926,-980,-530,9871,27093,3230,4514,3230,4514,3067,5199,3230,4514,-366,-2100,400,546,4073,1199,-1860,-2629,1375,3967,-1860,-2629
2/16/2023,5080,6564,4741,5073,4974,4406,3785,4017,4721,3945,6530,3216,1807,1589,5681,1588,-1061,-895,2330,1622,-1836,5949,3050,14983,3004,3311,4153,5799,2250,13778,5080,6564,2479,5073,4974,2144,3785,4017,-816,3530,5529,6199,1807,1589,937,1588,-1061,-5516,2330,1297,-1756,5949,-80,-29975,2155,-103,-3281,5799,-880,-31180,6300,4130,4265,3720,3377,3720,6958,4130,4050,2702,1645,4550,3855,6295,7212,17344,7050,17109,7212,16114
2/17/2023,-460,1409,-2622,-360,1567,-230,-1250,-309,-1013,-940,909,-2622,2726,3197,-4410,1849,6563,-967,-489,-3726,-8799,-3301,1830,-6903,3109,2042,8502,-3306,5060,-6903,-460,1409,-2754,-360,1567,-118,-1250,-309,-2479,-760,179,-268,2726,3197,-4803,1849,6563,-196,-489,-3726,-13488,-3301,-7381,-27909,1561,-4878,-12779,-3306,-196,-27909,1754,81,2553,-214,3220,-1241,1754,81,863,2262,752,2836,2329,1562,-4696,608,2486,7043,-3641,608
2/20/2023,1725,1867,6478,1684,1867,6478,1684,1867,6478,1725,1867,6478,265,-1080,-115,1994,3603,5988,2034,3653,6807,5000,4444,4543,1695,-2835,-3390,5000,4444,4543,1725,1867,6551,1684,1867,6551,1684,1867,6551,805,604,6551,265,-1080,-275,1994,3603,5988,2034,3653,6807,10390,18668,34013,2424,3653,6807,10390,18668,34013,-1620,650,-1620,650,-1620,650,-1620,650,-865,-3175,-1130,-665,-2105,-885,280,-1640,-2890,-5205,280,-1640
2/21/2023,3118,5605,8133,3427,5920,8133,3650,5920,8133,2831,5605,8133,-2770,-6975,-8685,-546,-533,-4165,-77,-3180,-8920,11738,14115,25558,-306,-961,-6910,11763,14115,25558,3118,5627,11860,3427,5942,11860,3650,5942,11860,2168,826,4045,-2770,-12173,-25893,-546,-533,-2975,-77,-3180,-12219,13187,27295,69681,226,-2262,-12219,13212,27295,69681,5359,8935,5359,8935,5359,8935,5359,8935,-6995,-8970,-201,611,-3219,-1375,22718,23869,1295,-8985,22718,23869
2/22/2023,1760,3986,5565,955,2351,5565,-645,2351,5565,1510,3986,5565,3640,6702,20886,2598,9466,16483,3095,3267,19784,720,12257,-5684,2940,1625,5825,720,8577,-1222,1760,3986,-130,955,2351,-130,-645,2351,-130,940,3590,3164,3640,6702,24320,2598,9466,17130,3095,3267,19123,1045,17307,-8128,2940,3935,18448,840,18815,-5803,374,1934,374,1934,374,1934,374,1934,10796,16147,7222,6208,7665,13193,2314,-6697,5067,4759,2314,-6697
2/23/2023,920,2289,5128,915,2993,5669,865,2288,4829,340,2554,5128,-65,3725,13908,-965,1629,8132,-935,976,5931,-5193,-3243,-8335,-682,5797,11874,-5193,-3794,-8335,920,2289,5128,915,2993,5669,865,2288,4829,115,2602,5690,-65,5593,14332,-965,1985,4570,-935,1205,3910,-6313,-7327,-34771,-408,230,2310,-6313,-6367,-33471,5555,4620,4670,4650,5392,5444,3770,8870,7017,14144,-786,10274,4294,4531,-6727,-8298,6650,7058,-6727,-8298
2/24/2023,5626,2797,-1616,1605,1930,-1616,2373,1930,-1616,5491,2797,-1616,8370,18691,5921,8097,6222,-1580,10606,3283,-530,1316,3869,-1289,6591,5647,3895,1316,3869,-1289,5626,1238,-12636,1605,-152,-12636,2373,-152,-12636,1980,2578,-8957,8370,20016,13159,8097,6222,-659,10606,3173,-1020,1486,-8614,-50839,10416,3140,840,1486,-8614,-50839,1081,-2721,846,-2721,1101,-2721,1081,-2721,10477,3410,2094,-1098,1218,-3982,-4693,-5557,3038,7867,-4693,-5557
2/27/2023,1564,-566,804,1441,4665,437,1947,4690,611,1219,2226,804,3855,1357,4860,2839,5200,2113,1776,1453,-150,5043,-4316,-7351,740,-473,-1133,4958,-4316,-7351,1564,814,2276,1441,4665,2106,1947,4690,2801,1185,-387,14580,3855,1357,3517,2839,5200,569,1776,1583,610,6993,16112,1289,940,883,1885,6898,15632,1289,-2286,309,-2286,309,-2286,309,-3575,309,5430,8858,5895,2837,-3885,4077,-608,-8940,1812,-1272,-608,-8940
2/28/2023,7569,5763,3950,8934,5541,3950,7364,5424,958,5223,5763,3950,7936,21538,16046,6481,9122,10644,5932,18117,7984,5755,4197,-1498,2858,10272,13498,5755,4197,-1498,7569,5763,3432,8934,5541,3432,7364,5424,1626,5094,4876,1045,8286,22987,32562,6481,7048,9832,5932,16307,16724,5755,-7171,-44529,5467,14947,17593,5755,-7171,-44529,-140,7111,60,7111,60,7111,-140,7111,7752,8155,2758,-3639,3263,1621,-1743,-6779,5586,13450,-1743,-6779
3/1/2023,1872,-3239,-6138,1013,-4640,-6138,1209,-4740,-6138,-1755,-3239,-6138,1862,3639,-1529,3946,9285,17109,2103,5651,8150,2593,5337,6296,282,2321,-4218,2753,5337,6296,1872,-1649,-2934,1013,-2820,-2934,1209,-3690,-2934,-1150,-3982,374,1862,3442,2658,3946,9285,17396,2103,5651,8986,3358,16395,39484,1922,5017,7893,3518,16270,45408,-4880,-5530,-3867,-5530,-3867,-5530,-4652,-5530,3845,-4138,5789,15804,-1222,5381,1708,-1240,1190,-3697,1708,-1240
3/2/2023,-375,2303,6319,-280,2222,6619,-500,1885,8264,-750,2303,6319,-5608,-6797,-8802,-4390,-4194,-5672,-5770,-4444,-6758,275,7275,25605,-2183,-3743,-7030,275,6960,30671,-375,2303,6972,-280,2222,7272,-500,1885,8917,-1080,937,1250,-5608,-11961,-21346,-4390,-4194,-2365,-6205,-4420,-11225,275,12820,58021,-6555,-4860,-12100,275,11655,55531,4812,9300,4492,9600,4155,10948,4812,9300,-6975,-8140,405,3400,1890,1894,8211,39210,-6440,-8665,7496,40318
3/3/2023,1035,3692,8210,1035,3692,8210,1035,3692,8210,1580,3692,8210,-1715,-5770,-8642,557,706,-2058,213,-699,-2931,4631,15543,13604,-724,-506,252,4631,15543,13604,1035,3692,8929,1035,3692,8929,1035,3692,8929,1060,1869,3263,-1715,-7678,-13830,557,706,-859,213,-692,-363,5031,21367,54644,-32,1673,-571,5031,21367,54644,5372,10360,5372,10360,5372,10360,7125,10530,-6975,-8634,2459,3398,-1798,5450,19861,23709,637,982,19861,23709
3/6/2023,359,466,-2129,402,107,-1906,144,-1003,-1351,-226,155,-3129,362,-4918,-8856,-1440,-6509,-8969,-2953,-6374,-8997,-4570,-5321,-7007,-525,-841,2198,-4570,-4718,-7007,359,466,162,402,366,39,144,-283,594,-1555,-3255,-7095,362,-4918,-14435,-1440,-6879,-20503,-2953,-8569,-23380,-3400,1632,-10664,-2005,-8301,-23615,-3500,1432,-11524,90,-1651,-20,-1651,-797,-1651,-410,-2661,-6985,-8247,-6909,-8992,-6993,-8992,-4058,-8568,-938,3639,-4058,-8568
3/7/2023,75,-1605,-5173,-270,-1450,-5003,-110,-1285,-5003,75,-1605,-5173,1232,2104,-333,3397,3862,-1033,2964,6267,2476,7766,8536,10554,3432,-103,-1807,7331,17843,11110,75,-1605,-3015,-270,-1450,-2845,-110,-1285,-2845,-1005,-2530,-3341,1232,2104,1505,3397,3942,4055,2964,6261,7682,10651,21964,42132,3792,3845,11335,10216,20449,38304,-1319,-1872,-409,-1872,-409,-1872,-1679,-1872,4376,3115,5414,6094,9363,15985,10294,22014,851,-783,10294,22014
3/8/2023,1921,2614,-3275,519,-1591,-4585,2116,-2014,-4585,554,2314,-3275,3257,9304,9918,4841,7197,13590,2660,5267,5821,-541,850,-2667,5458,6124,2793,-541,850,-2667,1921,-741,-10219,519,-2282,-11529,2116,-1864,-11529,372,-951,-3348,3257,9304,15590,4841,7197,14103,2660,5267,5782,-541,-7664,-13079,1721,4747,4750,-541,-7664,-13079,-1193,-90,-1897,-1400,-2177,-1400,-1193,-90,9420,13989,8046,15351,7107,7616,-1935,-5520,1770,5056,-1935,-5520
3/9/2023,1980,3482,6134,2180,2716,4224,2185,3516,4229,1920,3002,4184,-845,-6019,-8889,-2450,-6994,-8170,-3015,-6969,-8022,5316,-6545,-8490,-2230,-5965,-60,2674,-6545,-8490,1980,3482,6134,2180,2716,4224,2185,3516,4229,1920,2781,1023,-845,-8274,-24267,-2450,-7455,-21340,-3015,-9515,-25675,4664,-3715,-11000,-2930,-11280,-27880,4244,-4635,-17375,3796,7676,3605,5751,4605,5721,3886,3266,-6415,-8400,-6990,-8910,-6925,-8260,-6995,-8990,-6145,2646,-6995,-8990
3/10/2023,1562,-331,-2234,2157,552,-438,1334,407,-408,845,-331,-2234,1725,2781,6778,3755,7046,19823,5011,8945,14050,10225,19068,10816,3937,1310,109,10140,19063,6841,1562,-331,-1535,2157,552,-1210,1334,407,-1180,430,-897,-7095,1725,2781,7762,3755,7046,21576,5011,9741,17682,10225,24723,25977,4567,7091,13936,10140,24123,23668,4454,418,4454,418,2804,418,3954,418,5690,16055,8414,20613,9978,17022,10782,12269,4661,6323,10672,12269
3/13/2023,2935,3781,4901,2737,4403,6284,3055,3165,9557,2935,3781,4901,2044,1402,11093,2830,2174,3131,2717,-705,5688,4681,-6994,-4883,925,2252,8599,4576,-6994,-4913,2935,3781,4448,2737,4403,2173,3055,3165,648,2574,1448,3088,2044,2663,13982,2830,2174,8241,2717,-705,4305,4681,-676,-35041,1872,-929,471,4576,-676,-35071,6335,5584,7177,7834,4938,11760,6335,5584,6734,10836,3215,7658,-705,1995,-4504,-6337,2983,10406,-4504,-6337
3/14/2023,3440,5947,18240,3151,7177,17724,3995,6967,17699,2930,5947,18240,6790,13777,15371,4015,8133,24435,7508,16988,32219,2316,5102,1901,3858,4567,10551,2316,5102,2192,3440,5947,17173,3151,7177,16978,3995,6967,16778,1120,5027,14119,6790,15927,40071,4015,8133,30056,7508,15397,40210,1451,6957,8015,7215,16322,40210,1451,6387,8805,5328,12784,5328,12784,5328,12784,5328,12784,12885,21795,14710,17530,18408,32699,3883,-1082,4920,13774,3883,-1082
3/15/2023,-210,394,213,-205,-960,213,-875,-1020,103,-685,394,213,2970,13693,7532,3315,5253,9561,5693,7350,9046,2665,6837,14868,2824,2688,1236,2665,6837,14433,-210,394,-1565,-205,-960,-1565,-875,-1020,-1675,-675,-3100,-5815,2970,13693,12198,3315,5253,4261,5693,7350,11297,2665,6837,19879,4164,7743,11569,2665,6837,19764,-734,-2043,-384,-2043,-444,-2153,-734,-2043,6278,8846,6888,4163,10821,13961,19592,16714,2631,-2741,20332,16719
3/16/2023,1605,4683,9922,1630,4683,10705,1665,4628,10826,775,5340,7598,-2315,-2322,-6120,-420,-1018,-2928,190,-885,-3266,4973,11986,15590,-1810,-6485,1539,4933,12711,15590,1605,4683,10439,1630,4683,10705,1665,4628,10826,780,3507,6263,-2315,-5415,-12476,-420,885,2722,190,270,738,4973,14615,46558,1130,3506,461,4933,15340,46558,4329,12185,4447,12477,4369,12298,3515,11850,-3595,-8686,2920,3653,2182,2659,15888,23398,-6765,2145,16613,23398
3/17/2023,757,9263,1246,3180,9628,1464,2663,8288,3652,242,9263,1246,4602,17488,24440,5317,13158,9285,5518,12715,13947,7244,-1492,-7766,2992,-870,-735,7283,-1563,-7766,757,9263,885,3180,9628,1485,2663,8288,2442,612,8578,5662,4602,17488,30734,5317,17473,27569,5518,17194,35430,7362,8166,6336,5209,16120,34020,7252,7966,5581,6684,1281,6684,1281,5514,1281,5272,1281,15368,18867,10830,3355,8714,15301,-5271,-7923,-1990,-622,-5271,-7923
3/20/2023,-2710,2490,-865,-2710,2490,-865,-3525,-185,-865,-2710,2490,-865,1459,2407,3264,128,1745,1068,61,1891,3189,-1650,321,-7087,2821,1513,2383,-1650,966,-7087,-2710,5015,4917,-2710,5015,4917,-3525,3490,4917,-520,-125,2830,1459,2407,-1714,128,1745,323,61,-303,5811,-3215,12634,31350,500,3303,7662,-3215,13279,31350,6220,1366,6220,1366,6220,1366,6220,1366,651,1295,5475,10121,4110,12466,-6925,-8875,1589,4533,-6925,-8875
3/21/2023,-2120,4185,994,-2130,4185,994,-2180,4185,994,-2120,4185,994,-2331,-5639,-8227,-2741,-3489,74,-2905,17,-5631,-3480,9719,1612,-1470,1894,1873,-3480,9719,1612,-2120,4012,-1050,-2130,4012,-1050,-2180,4012,-1050,-1310,2732,-9329,-2331,-5639,-8650,-2741,-2730,-619,-2905,263,-13987,-3855,9280,264,-2766,-955,-12757,-3855,9280,264,609,3555,609,3555,609,3555,609,3555,-3823,-8621,445,-1112,834,-2628,4292,9320,-436,4430,4292,9320
3/22/2023,5090,10122,12711,5000,8337,11621,5029,8192,13071,3035,9003,11386,4644,9558,13605,4112,11878,15050,10212,18514,28597,7240,24141,19025,4258,3277,4421,7240,23661,19590,5090,10122,12945,5000,8337,11855,5029,8192,13305,1815,5077,11125,4644,12545,44960,4112,9594,18358,10212,19279,40095,7240,36734,32492,5977,18515,38540,7240,36404,33207,9957,9850,8227,8760,8262,10210,9647,10215,23072,11437,9277,13322,18553,23021,8905,17917,3940,8063,8425,18386
3/23/2023,2997,5747,13094,2924,5351,15118,2121,5406,15118,3445,6768,11259,312,-1274,-2580,-385,-1468,-5829,-1345,-4423,3480,100,-6353,-6626,1088,1603,3289,-65,-6353,-5111,2997,5747,14525,2924,5351,16827,2121,5406,16827,3475,8276,12563,312,-1197,-1912,-385,-3200,-4970,-1345,-3310,-4454,100,-11104,-9177,-740,-4115,-7314,-65,-12974,-12142,4759,17563,3533,17563,4117,17563,5848,13988,548,-526,-882,-943,3121,2582,-2945,-7018,9444,10422,-2945,-6957
3/24/2023,-2285,-3325,-3852,-3045,-3325,-2845,-3045,-3325,-2890,-2505,-3325,-3852,-3085,-6105,-8061,-1845,-4377,-8991,-1675,-3494,-6023,-2430,1646,9430,-1030,41,1960,-2430,1646,9430,-2285,-3325,-5040,-3045,-3325,-4995,-3045,-3325,-5040,-2210,-4680,-9197,-3085,-9165,-19009,-1845,-4250,-10886,-1675,-6514,-9640,-2430,1153,5851,-1785,-1449,-11459,-2430,1153,5291,-1360,-3630,-1485,-3324,-1485,-3965,-305,-3630,-4350,-916,-1680,3402,3929,5741,1413,11482,-725,1468,1413,11482
3/27/2023,2815,4638,3029,2621,4501,3614,2643,3657,3614,2450,5569,3029,595,2366,-3769,480,4564,9281,2355,2575,7283,10750,16136,17673,3026,338,-8860,10750,16136,17673,2815,4638,3356,2621,4501,3677,2643,3657,3677,2450,5569,2641,595,2366,1406,480,4787,15050,2355,2972,13401,10750,21061,36320,2702,787,12138,10750,21061,36320,933,705,933,705,33,705,915,705,325,-5071,6640,11658,6050,4460,10092,12925,3212,-9000,10092,12925
3/28/2023,1020,665,385,390,665,385,-570,-1425,385,65,665,385,-754,3057,-2372,3817,2816,845,2456,2992,621,2384,-2948,-5254,4654,3809,1125,2384,-3213,-5254,1020,665,-746,390,665,-746,-570,-1425,-746,-375,-956,3277,-754,3057,-2188,3817,2816,-1883,2456,2992,-3212,2985,-14900,-47629,1881,1797,-5114,2985,-16142,-46906,1470,3449,1470,3449,1135,3449,1470,3449,-1910,1172,1329,-1457,1517,-3028,-5684,-6276,5766,-1083,-5684,-6276
3/29/2023,-3040,1920,3492,-2655,350,3492,-2505,305,3492,-1305,1920,3492,281,-158,-5103,-329,88,817,1732,4510,-2833,2780,6038,5357,1528,190,1540,2780,5623,5357,-3040,1920,5182,-2655,350,5182,-2505,305,5182,-2380,1065,1557,281,-158,-398,-329,126,2439,1732,4808,772,2780,11684,47427,1998,6648,-1533,2780,11269,47427,2860,-338,1290,-338,1245,-338,2860,-338,1733,3513,3601,4901,6656,12837,7409,6859,155,1724,6994,6859
3/30/2023,895,1389,2870,153,2404,1479,983,1524,1479,850,1389,2870,1265,8715,11348,-255,1690,4445,-135,5010,12745,3570,-1716,-6578,255,900,6744,3570,-1716,-6578,895,1389,2020,153,2404,-1160,983,1524,-1160,470,7,5028,1265,9632,24358,-255,2499,11243,-135,5189,18151,-1035,-6751,-22258,100,6114,18151,-1035,-6751,-22258,-233,1520,-233,1520,-233,1520,1207,1520,3140,1968,4336,-567,2876,-2614,263,-4632,630,4248,263,-4632
3/31/2023,-1763,-215,1223,-1585,-253,1223,-1543,-248,1223,-1160,-215,-122,-5955,-6735,-8920,-3131,-459,818,-3600,-6958,-8808,5100,15709,22467,-1925,-4265,-8920,5100,15709,22467,-1763,-215,3020,-1585,-253,3020,-1543,-248,3020,-1345,-1311,-5291,-8916,-18715,-37315,-3131,-4319,-8436,-6029,-8313,-17385,5100,19986,55922,-5841,-8313,-17385,5100,19986,54807,2140,3753,2102,3753,2107,3753,1650,2408,-6660,-8820,205,-2457,-1748,5243,13983,23901,-3786,-8820,13983,23901
4/3/2023,-485,-395,1839,-1255,-410,1839,-1065,15,1839,-970,-725,334,1648,3610,5009,-575,1033,-3439,113,3911,-3356,1245,4810,1075,855,6500,9352,1245,4810,1075,-485,-395,1839,-1255,-410,1839,-1065,15,1839,-645,815,905,1648,3560,5433,-575,1496,-3439,113,3911,-2827,-3847,-19076,-43075,-107,2494,-4092,-3847,-19076,-43075,2015,1666,1807,1666,2461,1666,2015,1666,3205,7002,344,-477,2165,-315,6496,6618,905,7534,6496,6618
4/4/2023,2500,2435,9,3068,2870,1009,3794,3800,2089,1645,4319,1354,839,-910,3685,2555,2275,16773,1660,4977,16841,17092,34308,24193,1992,1439,1718,17092,34308,24193,2500,2435,423,3068,2870,1423,3794,3800,2503,1835,-2793,707,839,-910,1457,2555,2275,17107,1660,4977,16804,17092,37000,66724,2622,4977,16804,17092,37000,65885,2670,4179,3670,4179,3670,4179,1432,5819,3266,8083,12530,15187,9699,12734,28016,-4456,915,5974,28016,-4456
4/5/2023,1440,2554,6655,1380,3072,6637,1545,2807,7707,1975,4045,6655,508,-1025,-7625,605,-690,-3638,140,-2165,-3945,599,-5897,-6744,258,2217,-4535,599,-5897,-6744,1440,2554,7740,1380,3072,8173,1545,2807,8394,2030,4045,8717,508,-555,103,605,-690,-3418,140,-2165,-4750,2566,-11817,-24820,-95,-2689,-5750,2566,-11817,-24820,3442,9317,3471,9478,3456,9478,4293,9317,-2360,-8275,-3325,-5865,-4355,-4860,-2385,-8937,1597,1460,-2385,-8937
4/6/2023,880,-896,-483,880,-896,517,880,-936,517,880,-896,-483,-5145,-6420,-8728,-2115,-4828,-7968,-2606,-6310,-8995,1550,-3355,-7720,-5545,-2022,-5303,1550,-3355,-7720,880,94,1170,880,94,2170,880,-185,2170,1495,-2155,-2945,-3760,-8895,-16905,-2115,-3975,-4905,-2275,-2485,-6246,2150,7745,18542,-2625,-3366,-5998,2150,7745,18542,180,1814,147,2814,107,2814,180,1814,-6615,-8065,-3405,-8115,-5450,-8220,-2374,-8420,-6645,-8980,-2374,-8420
4/10/2023,-2265,-669,-1178,-2285,-669,-1178,-2285,-1107,-1178,-2265,-669,-1178,-779,-3815,-6047,-2894,-3686,-8980,-2984,-5112,-7785,-4370,-6980,-8990,-1544,-24,-8930,-4370,-6980,-8990,-2265,560,939,-2285,560,939,-2285,560,939,-1420,710,-769,-779,-3884,-9222,-2894,-4539,-6109,-2984,-6746,-7186,-3760,-2880,14913,-2784,-5619,-7186,-3760,-2880,14913,-574,459,-574,459,-574,459,-574,459,-6370,-7575,-5394,-7502,-5252,-7653,-6990,-8915,-6505,-8955,-6990,-8915
4/11/2023,2967,907,-1202,3044,1149,-1202,3409,1209,-1202,3142,907,-1202,8216,14557,11025,5660,12388,12144,11161,19838,22592,8622,4476,4947,3465,2877,5745,8622,4476,4947,2967,907,-1617,3044,1149,-1617,3409,1209,-1617,2985,2437,-1262,8216,16654,28087,6030,14368,21761,12015,21303,32148,11679,11860,21251,10305,21303,32148,11679,11860,21251,1581,-2205,1581,-2205,1581,-2205,1581,-2205,16785,16506,8230,12939,15882,11772,-148,-524,1930,13776,-148,-524
4/12/2023,1184,1407,1894,245,1542,2653,1786,1561,1594,1184,1407,1894,2173,67,-6215,1980,290,2341,2090,2267,1279,5546,11539,20413,-190,1944,-5355,5231,10889,20413,1184,1596,1529,245,1731,3807,1786,1561,1595,615,1236,-848,2173,-836,930,1980,290,3678,2090,2745,6742,7185,17250,34362,2184,2745,6742,6870,16415,33562,9,7379,1672,7379,1727,8179,9,7379,1988,-8305,4395,-2390,3570,-460,9685,17967,1166,-5558,9685,17967
4/13/2023,895,2178,5003,865,2178,5003,713,2178,5003,907,2178,5003,-5600,-6725,-8875,-1325,-3404,-4931,-926,67,-6272,5705,16616,11681,-420,98,-8035,5705,16616,11681,895,2178,7524,865,2178,7524,713,2178,7524,666,-72,839,-4640,-9810,-19965,-1325,-3913,-5002,-926,67,-940,5935,22842,39749,-1091,-118,-4558,5935,22842,39749,3376,4716,3150,4716,3150,4716,3376,4716,-6885,-8925,-3147,-3153,248,-3863,18165,14720,450,-8855,18165,14720
4/14/2023,-1145,-823,-6361,-2770,-1037,-6361,-2685,-1042,-6361,-1145,-823,-6361,625,-146,-882,-630,-990,-5119,-405,-3864,-4966,-1529,-3420,-905,305,1539,-1120,-1529,-3420,-905,-1145,-2514,-7070,-2770,-2529,-7070,-2685,-2534,-7070,-1905,-4519,-8698,625,131,4929,-630,-990,-7340,-405,-3864,-7547,-1529,-2224,-18578,660,-4489,-8241,-1529,-2224,-14178,341,-1303,341,-1303,726,-1303,341,-1303,2383,-2129,1135,-5224,3895,-3582,-414,4621,3997,56,-414,4621
4/17/2023,-5,3410,417,-40,3445,417,10,1860,417,-915,3155,-711,-1355,-30,-3204,-530,-861,-5520,-357,2245,-7903,-2443,-121,-5992,2673,1490,3915,-2443,-121,-5992,-5,1860,2855,-40,1895,2855,10,1860,2855,-650,1004,-1751,-1355,-571,-700,-530,-1936,-9467,-357,-36,-13818,-2443,-11160,-56313,-284,-36,-13818,-2443,-11160,-56313,1702,2222,1530,2222,1530,2222,1702,2222,1103,3161,-4280,-4087,-688,1747,-5464,-5333,1460,6155,-5464,-5333
4/18/2023,2570,5347,1712,2204,3360,1605,1278,3768,3980,480,5642,5336,4555,11102,2716,3477,14878,-1526,5740,13770,1810,4219,2889,-7535,1350,1142,-3033,4219,2764,-7716,2570,5347,2006,2204,3360,1999,1278,3768,4374,480,5642,4701,4555,14684,11732,3477,15345,-3002,5740,13830,2227,9964,37729,-24358,5740,14374,4125,9964,37604,-25720,4770,4844,4665,4844,4665,4844,5715,4844,1980,2544,2420,-1399,2055,2826,-3593,-5641,-2265,-1361,-3593,-5641
4/19/2023,2886,4687,9638,2768,4769,9638,2201,4861,9119,1891,4687,9638,-2775,-6790,-5482,779,-2500,70,384,-1197,-4900,2635,-5807,-2870,-220,586,-5482,2635,-5807,-2870,2886,4687,13392,2768,4769,13392,2201,4861,13380,1796,7341,16798,-1538,-4966,-10546,779,-2500,70,384,-928,-1851,2635,-11521,18304,-251,-928,-2851,2635,-11521,18304,2927,7498,2806,7498,2896,7633,2927,7498,-6600,-8830,-2300,-4392,-3307,-1138,-5904,2502,5659,-8830,-5904,2502
4/20/2023,3674,4890,-659,3810,5015,-834,3847,3845,550,3451,3740,-659,4931,7225,2241,6423,9500,-659,3842,5592,-8820,718,659,-6217,2566,6154,5272,1043,659,-6217,3674,4890,-2112,3810,5015,-2287,3847,3845,-3102,1764,3955,2811,4931,7891,6785,6423,8545,-5797,3842,5155,-10332,718,3995,-19009,2656,4455,-10332,1043,3995,-19009,3046,4184,2866,4184,1451,4374,3021,4934,7296,7563,8856,-1730,2939,-7967,-6858,-4139,5886,4370,-6858,-4139
4/21/2023,-1310,-823,-4231,-118,-2423,-4231,-1028,-2423,-4231,-680,-823,-4231,1661,-2318,-2018,2657,4489,6596,3474,3738,10686,650,-4576,-6460,1651,4099,-1251,650,-4576,-6460,-1310,-823,-4093,-118,-2423,-4093,-1028,-2423,-4093,850,1184,2754,1661,-1863,3571,2657,4489,6596,3474,3738,11205,650,12315,23363,2919,5420,12859,650,12315,23363,-5005,-6698,-5005,-6698,-5005,-6698,-5005,-6698,-129,-6166,4464,3305,3585,1473,-4091,-7577,1331,-2948,-4091,-7577
4/24/2023,-1305,-3869,1334,-1235,-3869,1334,-2045,-3156,1334,-1575,-3869,1334,-1254,-4268,-8070,-4933,-6980,-7415,-5915,-5950,-6630,-5640,-6410,-7732,-1071,-1016,-6875,-5640,-6410,-7732,-1305,-3869,4,-1235,-3869,4,-2045,-3974,4,190,-2326,2361,-1254,-2453,-6931,-4375,-8375,-21325,-4625,-7781,-21160,-7053,-21793,-62792,-4945,-8021,-21160,-7053,-21793,-62792,-3956,706,-3956,706,-3956,706,-3956,706,-3100,-6178,-5423,-6180,-4663,-8045,-6972,-7393,861,-5238,-6972,-7393
4/25/2023,1795,2017,3091,1750,2037,3091,1680,2089,3091,1250,2017,3091,-2455,-6915,-8165,-755,-2662,-8347,-230,-2322,-8987,11988,21186,30189,794,-276,-3835,11788,20851,29389,1795,2465,4916,1750,2329,4916,1680,2537,4916,455,-1150,-2230,-2455,-11520,-28525,-755,-2662,-9263,-230,-2322,-10879,13702,27673,70402,437,-2442,-11909,13502,27338,68802,3588,4346,3588,4346,3588,4346,3588,4346,-6750,-9000,-4233,-3708,-5424,-7718,29699,49857,-28,-5790,29699,49857
4/26/2023,2320,3058,4810,1690,3058,4810,1700,3058,4810,1435,3058,4810,941,-4240,-4956,-350,-5838,-5827,-662,-3921,-5827,3330,162,-6778,-495,920,4450,3330,-98,-6778,2320,3058,3595,1690,3058,3595,1700,3058,3595,1418,-17,4753,941,-4301,-6014,-350,-5838,-3620,-662,-2951,-8165,3330,-9075,-23745,-1010,-5320,-6209,3330,-9335,-23745,7349,4792,7349,4792,7349,4792,7183,4792,-3970,-6982,-4485,-7830,-4605,-7840,-2732,-8575,1348,4631,-2732,-8575
4/27/2023,1765,5371,9930,1840,5321,9930,1621,5702,10339,1787,3571,9930,-5995,-6855,-6879,-3065,-6450,-8815,-3639,-4424,-8996,6051,21585,20342,-1700,-283,-6879,6051,21585,20342,1765,5371,13734,1840,5321,13734,1621,5702,13451,1812,3891,9694,-7870,-18220,-35210,-3065,-5080,-7665,-3164,-2899,-11309,6051,21585,48946,-3504,-3599,-12610,6051,21585,48946,6643,13297,7593,13297,7802,13520,7044,13297,-6370,-8905,-780,-2355,1080,-3335,25737,20231,-6215,-8905,25737,20231
4/28/2023,-710,1075,2229,-695,1075,2229,-675,825,2039,-195,1075,2229,1579,-3001,-4068,1523,3174,4888,641,-3177,2120,4319,15382,18042,2099,1335,929,4319,15382,18042,-710,1075,2695,-695,1075,2695,-675,825,2411,319,-406,-1550,1579,-3787,-7235,1523,3290,7395,641,-1944,5195,4319,25629,63187,-352,-1385,5195,4319,25629,63187,1590,285,1590,285,1600,285,1590,285,-1201,-2780,5308,9788,2660,8891,20992,16911,2535,849,20992,16911
5/1/2023,5099,8894,488,5375,8702,488,4745,7691,488,5005,8380,488,5649,8677,19945,3587,557,6455,3864,1817,9130,-2011,-6168,-8085,3087,4266,3722,-2011,-6168,-8085,5099,8894,339,5375,8702,339,4745,8128,339,4035,9687,12004,5649,9123,25864,3587,557,5300,3864,1817,11746,-2220,-22489,-49468,3100,3174,13935,-2220,-22489,-49468,1294,-4775,1550,-4775,529,-4775,1294,-4775,10632,24313,3595,4855,1140,8081,-6604,-8134,3237,8779,-6604,-8134
5/2/2023,415,2521,5570,-359,1578,5570,531,1358,5616,370,3696,5570,4946,17160,7554,4707,10601,-3070,4807,6849,-3432,-5990,-3691,-8549,1837,4653,4703,-5990,-3691,-8549,415,2521,5933,-359,1578,5933,531,1358,5979,370,3838,9748,4946,17160,8907,4707,10251,-1680,4807,9356,-1838,-5250,-13347,-36862,4492,9306,-1838,-5250,-13347,-36862,542,1804,92,1804,132,1804,542,1804,8472,6115,3088,-1562,-2656,-1399,-4936,-6103,3647,6451,-4936,-6103
5/3/2023,3775,4508,13694,3705,5363,12579,3260,4763,12579,2115,4508,12579,6103,8787,9541,6473,11000,17210,7535,16192,14563,5941,12498,7776,3625,6869,7292,5941,13213,8941,3775,4508,12969,3705,5363,11854,3260,4763,11854,1470,269,8989,6103,10932,23813,6473,11000,19098,7535,16590,25714,6591,17040,16248,7240,15410,23984,6591,17476,17413,4274,10540,4919,10540,5794,10540,4274,10540,9783,16774,9723,20044,17715,25477,7775,8695,4234,25075,7485,7895
5/4/2023,2680,2889,5245,3113,3509,5245,3348,3509,5245,2335,2889,5245,3528,8942,12449,2798,3657,7561,4853,7169,9522,1489,5238,2012,2339,6165,8250,1489,5238,2012,2680,2101,2390,3113,2721,2390,3348,2721,2390,2220,2965,2110,3528,9622,17727,2798,4385,7192,4853,7498,12122,1489,593,-7671,3379,8613,12122,1489,593,-7671,2934,2714,2934,2714,2934,2714,2934,2714,8267,13011,3555,769,2627,7507,1384,-5350,4023,3527,1384,-5350
5/5/2023,1277,3767,8836,1324,4040,8836,1228,4040,8836,2142,4967,8836,-271,-139,-418,1821,6009,3715,862,4954,2063,3958,8997,5186,1266,21,1607,3958,8997,5186,1277,3767,10705,1324,4040,10705,1228,4040,10705,2197,4815,8111,-271,-139,2890,1821,6834,10813,862,5977,8241,4916,15588,33263,681,5977,8241,4916,15588,33263,3472,12627,3537,12627,4537,12627,4672,11575,320,-47,1879,1468,3139,1810,2037,-2617,-918,269,2037,-2617
5/8/2023,-2155,-1375,-821,-2155,-1375,-821,-2155,-1375,-821,-2265,-740,-821,110,-4681,-3604,-2345,-5225,-1862,-1730,-2165,-2075,-4480,-5460,-2430,-1815,-1743,-6517,-4480,-5460,-2430,-2155,-1375,53,-2155,-1375,53,-2155,-1375,53,-580,-343,296,110,-1036,-6547,-2345,-3705,-6045,-1730,-1315,-6585,-5030,-9770,-109,-2230,-2015,-6585,-5030,-9770,-109,-380,-2428,-380,-2428,-380,-2428,-380,-2428,-435,-1538,-881,-3236,-1007,-2538,-6985,-8955,-1880,-8780,-6985,-8955
5/9/2023,-1740,1711,2129,-1365,1146,2129,-1095,1701,2129,-1990,1711,2129,-150,170,7833,1667,2784,7963,1941,1482,13555,4216,2972,-2880,992,2695,3518,3751,2972,-2880,-1740,1711,3066,-1365,1146,3066,-1095,1701,3066,-2780,966,4061,-150,170,13573,1667,3130,14095,1941,3864,26251,6536,11807,26710,2713,3864,26251,5801,11807,26710,345,-3272,345,-3272,345,-3272,345,-3272,7026,11264,5670,1610,4558,10779,380,-7580,4246,7376,380,-7580
5/10/2023,3129,8614,18929,3284,8222,19867,3266,9869,21346,2914,8614,18929,197,3292,14868,1440,7147,8149,2824,12585,15083,2315,3841,-5564,3482,-225,3563,2315,3841,-5564,3129,8614,16452,3284,8222,16220,3266,8191,16940,1728,6352,7360,197,4300,18722,1440,6575,12461,2824,11934,19147,1250,3930,1261,2862,8917,17864,1250,3840,3376,5999,15348,5999,15348,5905,15348,5999,15348,6061,14496,9995,15576,8139,18918,2550,-7215,5149,5052,2160,-7215
5/11/2023,-95,-4040,-5031,-1336,-4040,-5031,-2176,-4040,-5031,380,-4040,-5031,6215,9942,14978,4255,4514,1976,666,5179,652,2910,-4364,-5446,-731,611,3428,2880,-4364,-5446,-95,-4040,-4050,-1336,-4040,-4050,-2176,-4040,-4050,775,-682,-4152,6215,9942,18317,4255,4813,5524,666,5437,6355,2910,165,-25008,314,4521,8899,2880,165,-25008,-4480,-3759,-4480,-3759,-4480,-3759,-4480,-3759,5507,11508,-81,-1035,-1790,-1619,-6925,-8730,445,5444,-6925,-8730
5/12/2023,35,-1330,937,195,-1447,573,8,-891,1463,340,-1330,937,-720,-1341,-3758,1200,1671,4143,2395,4507,19132,-2263,1664,-6469,1850,443,1762,-2263,1664,-6469,35,-1330,1478,195,-1447,1114,8,-891,2004,1140,-1090,-797,-720,-289,1665,1200,1730,4616,2395,4565,21234,945,5938,34488,2395,4107,19776,945,5938,34488,14,5916,-119,6992,-241,6992,14,5916,-172,-4156,3855,1550,9355,18783,-1649,-2556,3320,6725,-1649,-2556
5/15/2023,-2190,-550,-2330,-2190,-550,-2330,-2190,-550,-2330,-2190,-550,-2330,-3765,-4210,-8300,-5080,-6460,-7112,-5775,-6615,-5489,-5925,-6867,-7179,-3930,-1370,1548,-5925,-6867,-7179,-2190,-550,-1688,-2190,-550,-1688,-2190,-550,-1688,-825,-656,-2755,-3765,-4920,-9369,-5080,-6460,-9980,-5775,-6930,-9528,-6205,-945,1362,-5775,-5435,-7520,-6205,-945,1362,1073,-1385,980,-1385,980,-1385,1073,-1385,-4525,-5936,-3733,-5610,-5679,-5095,-6990,-9000,-3580,-428,-6990,-9000
5/16/2023,1105,500,-2493,1105,500,-2493,965,500,-2493,615,-355,-2493,2194,869,-3050,1528,2592,-5634,4330,5254,-1464,1525,-4467,5469,2574,3833,3019,1525,-4467,5469,1105,500,-7001,1105,500,-7001,965,500,-7001,-355,-1200,-7967,2630,5644,8922,1528,2592,-4707,4330,5254,-9338,1525,-10830,-51960,4600,4439,-9423,1525,-10830,-51960,-5480,-2841,-5480,-2841,-5480,-2841,-5480,-2841,-965,-1875,-3887,-928,-6018,894,745,-4516,2941,2577,745,-4516
5/17/2023,-510,-3155,-567,-510,-2734,-567,-510,-2734,-567,-510,-3155,-567,-2745,-7000,-8825,-810,-2165,-3278,-900,-2718,-3883,3280,1258,-430,-328,-538,-6855,3280,1258,-430,-510,-3155,574,-510,-2742,574,-510,-2742,574,-1045,-4025,-482,-2745,-6015,-11849,-810,-2165,-3320,-900,-2163,-2244,3280,5850,14356,-1620,-2730,-2279,3280,5850,14356,-765,-1001,-970,-1001,-989,-1001,-765,-1001,-4694,-8988,-253,-2419,1988,-1476,-3202,620,460,-8955,-3202,620
5/18/2023,-390,2061,-371,-433,1509,-371,-285,1511,823,-670,3851,-371,-572,2920,-4942,1508,4563,-3060,-85,-1382,1591,4049,10434,19993,-830,1324,4896,4049,9424,19193,-390,2061,1392,-433,1509,1392,-285,1511,2487,-670,941,-873,-572,5091,-2419,1508,4563,-20,-85,-1382,3234,4049,13408,40303,253,-931,1845,4049,12398,39503,3311,6832,3249,6832,3251,7842,2881,6832,2495,801,3538,3059,4515,9434,10286,19262,-2770,6827,9916,19262
5/19/2023,-420,2715,3521,-370,2750,4359,-215,3914,3149,-990,2215,2947,-1800,-1189,-4671,376,-78,1777,-1399,-3886,5118,3545,-793,-2027,-759,-307,5532,3515,-793,-2027,-420,2715,3788,-370,2750,4625,-215,3914,3415,115,2165,6585,-1800,-245,1889,376,-78,1978,-1399,-3749,5559,3545,-3415,13642,-309,-3749,7854,3515,-3415,13642,4835,3780,4835,3780,5272,3780,4835,3780,-4294,-7070,-5861,-3678,-3155,-3670,3083,-8319,-1347,8738,3083,-8319
5/22/2023,5275,385,1489,3245,685,1489,2415,685,1489,4075,683,1489,7660,11595,7793,5061,1544,1337,2590,2451,4998,6457,177,-5398,1165,-799,-3330,6457,177,-5398,5275,385,-1309,3245,685,-1309,2415,685,-1309,2770,8178,2617,7660,12003,12762,5061,3860,2314,2590,1845,5004,8007,8548,-27706,3885,1150,5004,8007,8548,-27706,-6805,-9000,-6805,-9000,-6805,-9000,-6805,-9000,1005,7065,-3874,-3719,-5433,-4629,-5850,-7769,-2295,-3534,-5850,-7769
5/23/2023,1145,-898,-6780,1055,-1013,-6780,1165,-1458,-6510,335,-1230,-6780,1571,-5668,-8418,734,-1546,-6945,1841,52,-5195,8563,13079,11002,1948,-5166,-5246,8538,12566,11002,1145,-898,-5605,1055,-1013,-5605,1165,-1458,-5335,1344,-1945,-8710,1571,-6467,-16875,734,-1546,-8186,1841,52,-3500,9415,19946,32546,2053,-928,-2310,9390,19251,32546,-1550,-1599,-1550,-1599,-1550,-1599,-1990,-1599,-6945,-7085,-1390,-3045,-553,570,18807,35210,3307,-5246,18452,35210
5/24/2023,-1071,-1190,-695,-1901,-1190,-695,-1901,-1190,-695,-1286,-1190,-695,-610,738,3980,-599,1595,3337,-1430,6214,8176,-2250,876,-568,2285,4370,5598,-2250,876,-568,-1071,-2065,-3795,-1901,-2065,-3795,-1901,-2065,-3795,344,-1135,-6700,-610,1469,4149,-599,335,3095,-1430,3440,10,-8838,-18219,-32833,-1130,2305,1675,-8938,-18219,-33633,-4644,-3779,-4644,-3779,-4644,-3779,-4644,-3779,1895,3665,-2313,2644,2028,4370,-6080,-6901,1455,2557,-6080,-6901
5/25/2023,-1095,710,-3035,-1060,710,-3035,-1035,1710,-3035,-1345,-415,-3035,3022,9863,19249,3312,8478,21159,3388,13857,24438,1850,-6600,-8965,2540,5688,1600,1850,-6600,-8965,-1095,710,-3035,-1060,710,-3035,-1035,1710,-3035,-245,1798,-1943,3022,9863,24433,3312,8478,21159,3388,13857,25699,5205,9090,13700,2890,13157,23991,5205,9090,13700,-375,-3492,-375,-3492,370,-3492,-375,-3492,19065,18730,10509,14026,18106,22121,-6130,-6404,7553,1774,-6130,-6404
5/26/2023,3479,5803,7016,3238,5594,6561,3368,5490,6571,4924,9928,7016,-2855,-6357,-6079,1880,4603,930,3665,9030,4561,8469,17261,18616,1025,-2692,-409,8469,17261,18616,3479,5803,9257,3238,5594,9628,3368,5490,9638,4264,8813,8847,-555,173,-11884,1880,4603,1319,3665,9188,4881,8469,32593,56456,1875,7120,11693,8469,32593,56456,5406,6717,5261,6630,5395,7117,6081,6717,-6527,-8773,1898,3557,1618,8022,14450,13168,-782,-28,14450,13168
5/29/2023,-615,990,5713,-615,990,5713,-615,990,5713,490,990,5713,-2630,630,2896,-3540,1705,4627,-4115,1365,1325,-5380,545,3832,-1535,610,4112,-5380,545,3832,-615,990,8049,-615,990,8049,-615,990,8049,-405,-1065,8049,-2630,-500,-610,-3540,-1540,-2650,-4115,-1880,-4400,-8750,-8795,-12500,-4115,-1880,-4400,-8750,-8795,-12500,2980,2837,2980,2837,2980,2837,2980,2837,-2845,-3625,-3705,-3515,-4750,-5625,-3925,-2015,-935,5936,-3925,-2015
5/30/2023,85,-1287,-4026,185,-1242,-3938,-640,-563,-2273,-670,-1287,-4026,41,-329,-2125,1630,3165,10134,1445,305,1190,6144,8841,-5090,-360,-6285,-5535,6144,8536,-5090,85,-1287,-7750,185,-1242,-7780,-640,-563,-5859,1010,649,-9775,41,-1470,-4167,1630,3165,9381,1445,305,1358,7251,15752,37296,1550,-497,2442,7251,15447,37596,-327,-1943,-507,-2525,-1398,-2525,-327,-1943,1143,5545,7010,18249,9778,18149,6913,2083,1235,-7252,6913,2083
5/31/2023,-530,595,1633,-1885,1645,2132,-895,455,463,-1465,595,1633,2669,8698,14437,235,2956,-1436,1173,8360,3663,-2581,4365,-3370,2069,1632,7919,-2581,4365,-3370,-530,595,1767,-1885,1645,2533,-895,455,951,-290,507,5899,2669,8698,21175,235,2956,-1266,1173,8360,3838,-2581,-5121,-43049,178,8177,3268,-2581,-5521,-43049,1627,1999,1627,1999,-372,1999,1627,1999,11923,14578,1060,-928,1881,2186,-3590,-2424,4470,5033,-3590,-2424
6/1/2023,1910,2119,480,1910,2265,480,1756,2265,480,2365,1804,-4808,2415,-5240,-8641,5895,2925,4964,8310,4088,22677,8155,14427,3042,1921,-687,2211,8155,14427,3042,1910,2119,795,1910,2265,795,1756,2265,795,2390,1474,-427,3990,1695,9388,5895,2925,5467,8310,4354,27073,8155,22599,62948,7895,3429,27043,8155,22599,62948,1762,1575,1582,1575,1660,1575,2496,1575,-2899,-6726,8710,17028,12792,31193,13341,9188,-685,1276,13341,9188
6/2/2023,156,-1595,-4519,10,-1595,-4519,645,-1625,-4519,480,-1595,-4519,3576,5638,9798,1166,-438,3471,1356,1151,2910,-3395,-4740,-7075,1632,-2245,-1680,-3395,-4740,-7075,156,-1595,-3976,10,-1595,-3976,645,-1625,-3976,1542,2268,-2891,3576,5638,10717,1166,-689,1356,1356,541,2866,-3413,-18944,-30693,4110,331,3786,-3413,-18944,-30693,-5675,-8302,-5675,-8302,-5705,-8302,-5675,-8302,3090,3784,-1296,-1400,-1953,-5344,-6805,-7785,-2485,-952,-6805,-7785
6/5/2023,-740,-3430,-6038,-765,-1918,-6038,-1580,-2048,-6038,-1375,-4070,-6388,1904,-1038,-3307,-1385,-4357,-4409,-2299,-4301,-8614,-4450,-4239,-4674,-376,-381,-3638,-4450,-6430,-4674,-740,-2755,-3711,-765,-2766,-3711,-1580,-2896,-3711,865,840,-1087,1904,2165,6771,-1385,-4357,-3950,-2299,-5122,-12967,-4575,-19421,-46616,-1666,-2632,-10587,-4715,-19961,-44881,-715,5242,826,5242,826,5242,485,5242,5617,5422,-750,-1295,2026,-4749,-4233,-7028,4416,-3443,-4233,-7028
6/6/2023,-410,679,-2125,-1220,679,-2125,-615,679,-2125,115,679,-2125,3054,11665,9964,-775,3012,2534,1444,9788,398,-2215,750,-6900,2097,2350,1436,-2215,750,-6900,-410,1265,-659,-1220,1265,-659,-615,1265,-659,-70,873,1884,3054,11665,10753,-775,3012,3264,1444,9788,3383,-2215,-345,-5400,1174,9278,3383,-2215,-345,-5400,1636,-1763,1636,-1763,1636,-1763,1636,-1763,6717,7800,3013,4014,780,3839,-5990,-3771,-1639,2125,-5990,-3771
6/7/2023,1677,1246,6640,1671,1170,6985,1812,1464,7320,927,651,5640,-3530,-6690,-8584,-1040,-1848,-6285,-1355,-3211,-7443,13848,17676,18889,-2580,-6665,-3909,13508,17276,18889,1677,1246,7768,1671,1170,8234,1812,1464,8184,587,-3578,-2711,-3530,-10045,-24379,-1040,-1632,-2801,-1355,-3211,-9098,13848,24932,64061,-1450,-3776,-8554,13508,24532,64061,2205,15247,2205,15247,2205,15247,1430,14102,-6800,-8460,-1245,2390,2070,-4898,27427,35252,835,-8930,27427,35252
6/8/2023,3513,7727,8991,2842,7727,8991,2949,7679,9866,2611,7966,8991,-2251,-2598,-8263,482,9306,12036,906,4739,13159,6481,9909,13230,665,1082,-8885,6481,9909,13230,3513,7727,10620,2842,7727,10620,2949,7679,11495,2611,5696,8438,-2251,1100,-2113,482,9151,18086,906,4747,19424,6481,25601,62941,-149,6540,18747,6481,25601,62941,5059,9337,5059,9337,4875,9337,5340,8337,-4831,-7932,8264,11341,6961,17919,7662,18240,1386,-8915,7662,18240
6/9/2023,-810,-1094,-4557,-1615,-1094,-4557,-1610,-1094,-4557,-810,-1094,-4557,2560,2696,-6217,820,1349,-4819,1266,921,-4386,-40,-4438,-6879,-215,2870,-5159,-40,-4438,-6879,-810,-947,-6075,-1615,-947,-6075,-1610,-947,-6075,-1135,733,-3281,2560,3356,5751,820,1349,1892,1266,1129,3618,1160,967,-2396,2788,1895,3618,1160,967,-2396,388,-3424,388,-3424,388,-3424,388,-3424,-625,-1491,-711,-7077,-1880,-3170,-1240,-7777,1931,-4839,-1240,-7777
6/12/2023,-1880,-2470,-2772,-1880,-2320,-2772,-1815,-2320,-2772,-1945,-2925,-2772,-5735,-6895,-8986,-4145,-6445,-8979,-5890,-7000,-9000,-2015,-1356,10875,-2715,-5770,1661,-2015,-4033,10875,-1880,-2470,-2522,-1880,-2320,-2522,-1815,-2320,-2522,-1635,-3932,-10594,-6655,-12545,-25286,-4145,-7270,-10965,-6295,-8050,-14985,-1215,1859,15502,-7000,-7445,-13042,-1215,-1166,15502,1886,3707,2177,3707,2257,3547,1886,3707,-6900,-8976,-802,-3293,-1829,-9000,-6625,-6869,-5835,-55,-6625,-6869
6/13/2023,1627,2731,3282,2314,3592,1372,1453,545,1631,1627,2731,3282,4023,9372,25649,1774,7254,17152,3160,7021,19873,-1170,-2954,-3024,539,2100,3877,-1170,-2954,-3024,1627,2731,1009,2314,3592,2425,1453,545,196,2047,2697,5365,4023,9372,27547,1774,7254,18003,3160,7021,20667,-283,-4065,1341,2827,5091,20667,-283,-4065,1341,-1237,1102,-1083,3283,2112,4653,-1237,1102,11256,18147,9374,12172,9548,16311,-3438,-4370,3744,3877,-3438,-4370
6/14/2023,6060,9909,19584,5896,10024,19419,5086,9929,20089,6060,9794,19584,4803,11888,23241,5290,12801,13318,6385,15352,19257,3160,5321,11569,4015,13027,6223,3160,5321,11569,6060,9909,19992,5896,10024,19827,5086,9929,20497,6240,9756,18652,4803,11888,25939,5290,11930,13897,6385,15505,27947,3160,3276,15861,5608,13475,25757,3160,3266,17816,8793,17933,6703,17768,6548,18438,6043,16953,20413,24309,9324,11542,22425,19045,-430,6441,11932,5441,-430,6441
6/15/2023,1630,4166,7573,1590,4259,7064,1825,4359,7250,530,3761,7573,-1980,-2978,-2910,1011,2214,7015,1078,4765,982,5819,16401,21300,360,-6315,-8190,5819,16001,21300,1630,4166,9592,1590,4259,10064,1825,4359,9977,245,3067,2962,-1980,-2781,-1328,1011,2214,8029,1078,4765,3034,6308,18322,46318,1123,5812,3578,6308,17922,46318,4845,8018,4506,7566,4526,7685,4440,8018,-3185,-7638,5114,10101,2777,4890,11559,13941,-507,-7935,11159,13941
6/16/2023,2210,-465,-484,2445,-750,2448,1350,-720,2448,1790,-465,-1724,1067,-4889,-8953,3153,3567,-1028,473,1564,-5143,10208,21655,27076,266,267,1540,9958,21655,27076,2210,-465,-3535,2445,-750,-3305,1350,-720,-3305,1937,460,-2873,1067,-4889,-13844,3153,3567,234,473,1564,2197,10208,28452,59720,283,1267,-2543,9958,28117,58545,1220,2861,1040,2861,1040,2861,1220,2861,-4818,-8208,4682,1514,5454,-1502,19112,37687,785,4030,19022,37687
6/19/2023,3400,4270,6317,3400,4270,6317,3400,4270,6317,2665,4270,6317,3570,5515,8185,4785,8490,9723,5920,9880,11646,6065,6231,7071,2985,2187,1240,6065,6231,7071,3400,4270,6537,3400,4270,6537,3400,4270,6537,2665,3580,6537,3570,5515,7750,4785,8490,12361,5920,11595,16406,9990,18200,27881,5920,11595,16406,9990,18200,27881,-2280,-2655,-2280,-2655,-2280,-2655,-2280,-2655,1335,1390,830,850,-6350,-70,-3235,-2630,-1190,-380,-3235,-2630
6/20/2023,735,-685,-934,-80,-866,-4989,-1035,-2415,-4989,564,-685,-934,4395,13397,16537,3545,1270,2730,3195,2830,4250,-2820,760,-5507,3100,1310,2436,-2820,760,-5507,735,-685,-658,-80,-866,-1441,-1035,-2415,-1441,104,-225,-2968,4395,13397,19736,3545,9575,11335,3195,9216,9250,-2665,-7850,-27605,3195,7977,9250,-2665,-7850,-27605,762,-3807,692,-3807,592,-445,762,-3807,10799,10273,-764,-2818,90,-3363,-4005,-6845,-1255,2410,-4005,-6845
6/21/2023,3931,8435,11763,3481,7433,12188,4081,9030,11772,2626,7390,10043,2853,7211,4219,3745,6696,11384,6428,11444,20061,5627,6289,6595,2839,1905,-752,5627,6289,6595,3931,8435,12287,3481,7433,11436,4081,9030,11951,2626,5968,9037,2853,10004,14513,3745,6696,11895,6428,11444,20355,5627,12005,25563,5778,10044,21483,5627,12005,25563,7552,8274,7722,8274,7722,6534,5950,6525,4867,4302,2004,5123,17270,14040,306,-2647,2803,1275,306,-2647
6/22/2023,401,888,-421,396,888,854,-321,555,1285,1036,1833,-421,1247,-3163,-7544,2189,3153,-2131,1513,2259,-4325,6388,15160,16404,1245,4129,2559,6388,15160,16404,401,888,1609,396,888,1734,-321,555,1718,-570,2865,5043,1247,-3163,-11710,2189,3153,402,1513,2729,-2645,6678,19681,41747,1928,2234,-3463,6678,19681,41747,1580,2089,846,2118,1081,2118,1580,3708,-4528,-5262,3188,4780,2539,5450,17166,32597,1688,2027,17166,32597
6/23/2023,606,1694,5080,658,1463,5080,1401,1219,5080,606,1694,5080,4561,7222,12164,2321,1987,4412,2469,-708,1798,1040,-3427,-5791,2744,4312,6198,860,-3427,-5791,606,1694,1603,658,1463,1603,1401,1219,1603,2136,4174,5420,4561,7793,15295,2321,752,1105,2469,-295,-292,705,-14320,-44357,2469,-295,325,525,-14320,-44357,587,326,587,326,587,326,587,326,4049,9824,-244,4217,721,-2100,-4507,-5370,2043,8762,-4507,-5370
6/26/2023,2373,1028,-1035,2253,833,-1105,2305,1183,-3224,1363,1028,-1035,-1820,-6570,-8398,980,-3462,-7408,-700,-2405,-8055,8311,3298,-8985,-3735,-678,-7025,8311,3298,-8985,2373,1475,750,2253,1280,680,2305,1630,680,778,-1260,-4480,-1820,-1065,-13120,980,837,-2425,185,2712,-5305,9861,16945,29283,948,1937,-5790,9861,16945,25958,2357,484,1757,484,2507,344,2357,484,-6960,-8420,-1696,-4912,-5132,-8285,10987,-8920,-6480,-3268,9602,-8920
6/27/2023,2835,687,-346,2845,687,-346,2875,7,-346,2335,387,-346,30,-5271,-8032,715,-231,-5296,1871,-2495,-5939,4285,1178,5086,487,-497,1472,4285,1178,5086,2835,718,3034,2845,718,3034,2875,38,3034,2035,-582,-631,30,-2556,-5706,715,-231,-3291,1871,-1893,-3091,4285,1178,9257,1317,-2296,-3091,4285,1178,9257,242,-702,242,-702,-438,-702,2457,-702,-1655,-8320,-385,-3140,-1315,-6648,7020,10359,-285,1870,7020,10359
6/28/2023,1395,-1550,460,1395,-1560,460,-40,-2270,460,1610,-1360,210,2145,1020,18782,2765,-502,12909,1768,-3784,6084,-2450,-6050,-6987,-780,153,6448,-2605,-6050,-6987,1395,-1550,929,1395,-1560,929,-40,-2270,929,1855,2180,-812,2145,1020,18724,2765,-502,12472,1768,-3494,7319,-4235,-16090,-30740,1405,-3556,11672,-4390,-16090,-30740,-4557,2497,-4560,2497,-4840,2497,-4557,2497,10493,17597,7287,7779,6862,4273,-4445,-4192,1296,8124,-4445,-4192
6/29/2023,-670,-3755,-4850,-670,-3755,-4850,-335,-3925,-4850,675,-3755,-4850,2288,1914,10922,1056,1702,2493,2301,-2254,517,9318,-5394,-7226,2451,-605,2398,9213,-4177,-8010,-670,-6125,-11580,-670,-6125,-11580,-335,-5095,-11580,2446,-813,-6870,2288,2161,16531,1056,2040,8102,2301,-1313,6260,9318,2749,-23853,2111,-298,5512,9213,2604,-24919,-2985,-5100,-2985,-5100,-2985,-5100,-2985,-5100,8751,16056,3576,6743,10798,11532,-5860,-7779,3888,2661,-5860,-7779
6/30/2023,2905,5321,4017,3149,5787,4457,3051,5131,5602,2920,6258,4017,3899,8209,17005,5475,3902,10076,6875,3340,7922,11536,-3890,-2182,2552,521,-774,11536,-3890,-2182,2905,5321,5318,3149,5787,6298,3051,5131,7443,2120,6021,10816,3899,8305,20164,5475,3902,14223,6875,3340,14967,10780,-14579,-14149,5748,1930,14967,10780,-14579,-14149,-918,-2912,-2508,-2912,-1703,-2512,-918,-2912,7696,11382,-695,1489,2401,4050,-6345,-7771,3750,-4745,-6345,-7771
7/3/2023,-1045,-2125,-1948,-850,-2125,-1948,-850,-2125,-1948,-1045,-2125,-1948,1680,3059,5699,-1665,-3420,-5516,-840,-1331,-5039,-4590,-5595,-7570,1495,635,144,-4590,-5595,-7570,-1045,-2125,-1995,-850,-2125,-1995,-850,-2125,-1995,-1045,-2220,-1995,1680,3059,5699,-1665,-3420,-5370,-840,-1331,-3395,-8465,-18815,-34331,-840,-1331,-3395,-8465,-18815,-34331,-2160,-2365,-2160,-2365,-2160,-2365,-2160,-2365,1900,1791,-3005,-7785,-2906,-6551,-5080,-7940,1560,-1017,-5080,-7940
7/4/2023,2655,4250,8566,3085,4250,8566,3085,4250,8566,2655,4250,8566,3874,4352,5805,3504,4477,7602,1185,7293,11868,4915,5731,7335,5,225,3575,4915,5731,7335,2655,4700,10966,3085,4700,10966,3085,4700,10966,185,2385,10966,3874,4352,5960,3504,4477,7602,1185,7293,11868,4915,9860,18070,1185,7293,11868,4915,9860,18070,-2005,-970,-2005,-970,-2005,-970,-2005,-970,4115,4920,955,1050,1515,7930,-3850,-4540,1030,4580,-3850,-4540
7/5/2023,3431,-1558,-2104,4123,-1558,-2589,2168,-698,-2599,3256,-1558,-2104,9961,14458,15321,7172,10906,7814,12226,8847,6570,885,-3607,-7068,3661,3739,3855,835,-3607,-7068,3431,-1902,-2933,4123,-1902,-3418,2168,-1257,-3428,2085,3093,5827,9961,14499,18559,7172,12913,13430,12226,11668,10244,4108,-4623,-31435,7471,12640,11599,4058,-4623,-31435,-6180,-7915,-6180,-7915,-6180,-7915,-6180,-7915,18190,13942,7549,3062,6410,2054,-5040,-8790,-230,-960,-5040,-8790
7/6/2023,116,-437,1616,-739,-2228,1616,-1665,-2228,1616,201,-437,1616,-2636,-6732,-8942,-2920,-3536,-6603,-5154,-6780,-8999,-5478,-6611,-6938,-262,-3225,1655,-5478,-6611,-6938,116,-437,-1622,-739,-2228,-1622,-1665,-2228,-1622,606,586,20,-2636,-7795,-14445,-2920,-4280,-9275,-5138,-7140,-15105,-5558,-11086,-21001,-3966,-7700,-16105,-5558,-11086,-21001,-2955,-6754,-2045,-6754,-2045,-6754,-2955,-6754,-6967,-8704,-3854,-7990,-6965,-9000,-6955,-7325,-3140,-101,-6955,-7325
7/7/2023,3291,2546,11869,2731,1987,12759,2466,1907,10979,2826,2546,11869,4399,6309,10194,2580,2750,6309,7640,7397,178,-964,-831,-5359,7665,7986,10776,-964,-831,-5359,3291,2766,13901,2731,2471,14791,2466,2391,15619,1514,2135,13278,4399,6718,8318,2580,2750,3396,7640,7397,-2384,-964,-4120,-27905,6340,6904,-227,-964,-4120,-28705,5532,13502,5284,13502,6197,10770,6979,13247,8542,9408,4217,5662,4300,4686,-1440,-1771,2287,5255,-1440,-1771
7/10/2023,1040,4291,-3173,1825,3119,-299,1235,1583,-3493,619,2741,-3173,3308,9299,10677,2453,7746,8398,2738,6661,5436,-2820,7055,-1204,2937,5590,7442,-2820,7576,948,1040,4291,-247,1825,3119,345,1235,1583,-1826,54,3292,2153,3308,9299,11445,2453,7746,8398,2738,6661,6180,-2820,8283,-3478,1982,6775,10946,-2820,8083,-1913,1841,271,1841,271,1841,271,1841,271,3611,865,693,-2216,4145,653,-2720,1488,2365,2741,-2720,1488
7/11/2023,536,385,-3482,-140,385,-3482,-1005,165,-2482,216,385,-3482,-260,-3942,-5910,-31,-2117,-5028,-1685,-3634,-7665,2687,1141,-222,-841,-727,-5267,2687,1141,-222,536,-3034,-5950,-140,-3034,-5950,-1005,-3254,-4950,-515,799,-9780,-260,-3833,-8904,-31,-2008,-5560,-1685,-6500,-8500,2687,1045,7320,-2010,-6500,-9937,2687,1045,7320,-4568,-6765,-4568,-6765,-4568,-6765,-4568,-6765,-2080,-4375,-2635,-5712,-1968,-4685,-3663,-1492,-3102,-8620,-3663,-1492
7/12/2023,-760,-5329,-2665,-360,-3629,-2665,-1110,-4586,-1738,-955,-5329,-2665,4355,3372,11758,439,-3708,-5478,3384,-1124,-3732,-2374,-5168,-6032,3596,2559,4151,-2374,-5168,-6032,-760,-6434,-6373,-360,-4734,-6373,-1110,-4586,-4158,-1050,-3285,-3567,4355,3372,12033,439,-3708,-4099,3384,80,-2219,-3499,-25084,-47746,5236,80,-1374,-3499,-25084,-47746,-831,-3032,-3491,-3032,-3003,-3032,-831,-3032,9318,24102,-157,-6,2715,4741,-6795,-5919,2695,6286,-6795,-5919
7/13/2023,-135,-2240,-2327,-145,-2240,-2327,-145,-2463,-2327,160,-2240,-2327,-5560,-6740,-9000,-3264,-4614,-5062,-3283,-3217,-8986,4183,10912,9354,-1146,-3560,1331,4183,10912,9354,-135,-2240,3570,-145,-2240,3570,-145,-2463,3570,-465,-2719,-5166,-6120,-11035,-23040,-3264,-4423,-4127,-3283,-3054,-9748,4183,19260,71721,-4289,-3054,-9748,4183,19260,73911,-517,1742,-427,1742,-621,1742,-517,1742,-6605,-9000,-1199,39,928,-304,11203,15181,-3660,1145,11203,15181
7/14/2023,990,1270,-729,1300,1825,-2184,1365,2050,-439,-570,55,-729,-1740,-4156,-7325,-3670,-6950,-8983,-4445,-6430,-8973,7264,-5970,-8947,-2690,-1087,-8015,7264,-2920,-8947,990,1270,-1505,1300,1825,-1130,1365,2050,-1215,-675,-825,-1348,-1740,-4087,-12842,-3670,-6875,-17580,-4445,-7930,-21100,7264,-9875,-18535,-2585,-7930,-21100,7264,-10505,-18735,2540,816,2350,-814,2370,-334,2540,816,-5992,-8780,-6980,-8595,-6870,-8975,-6975,-8723,-1409,-7635,-6975,-8723
7/17/2023,-640,1080,5090,-640,1080,5090,-650,-600,5090,-615,1080,5090,-2682,-6075,-7595,1086,866,11462,752,5451,869,6465,19185,9457,-679,276,1040,6465,19185,9457,-640,1080,8011,-640,1080,8011,-650,-600,8011,-1505,-3990,-175,-2382,-6310,-13285,1086,866,14968,752,5451,11782,6465,29245,78295,535,6241,13697,6465,29245,78295,1650,8078,1705,8078,25,8078,1650,8078,-6570,-7470,3902,11998,7198,3437,16099,12681,-499,-7470,16099,12681
7/18/2023,1110,973,4322,1115,1043,4457,1160,1043,4462,995,973,4322,-4584,-6785,-8305,-2945,-6255,-8925,-4665,-6720,-8995,-4730,-6560,-8310,-5355,-6245,-8980,-4730,-6560,-8310,1110,973,5156,1115,1043,5226,1160,1043,5230,670,1107,4600,-3508,-6175,-11007,-2945,-5285,-6945,-2945,-5030,-5695,-2730,-15420,-4922,-4200,-6535,-5695,-2730,-15420,-4922,2027,3233,2231,3780,2383,3738,2027,3233,-6610,-8634,-2455,-8905,-2224,-8575,-6945,-8600,-6660,-5255,-6945,-8600
7/19/2023,-485,-4051,-4597,-1300,-4051,-4597,-1300,-4051,-4597,200,-4051,-4597,3105,2681,-3970,347,621,-7156,-278,-2028,-8996,-1581,-229,-4602,-1165,-3819,-4036,-1581,-4620,-4602,-485,-3615,-8975,-1300,-3615,-8975,-1300,-3615,-8975,-370,2430,-2925,3105,4271,5038,347,771,-4444,-278,-1214,-7664,1153,-7,-40952,-1255,-2634,-6954,1153,-157,-38478,-4603,-7463,-4603,-7463,-4603,-7463,-4603,-7463,1295,1830,-1020,-5934,-4555,-5539,-4213,-6489,-5451,-5274,-4213,-6489
7/20/2023,1320,1835,10892,338,1795,10251,425,1665,10916,1146,1835,10892,-1354,-6455,-7913,490,702,-4716,1245,-164,810,8784,15103,37536,924,-6435,-5420,8769,14183,37536,1320,1835,10761,338,1795,10828,425,1665,11421,1281,735,3161,-1354,-7450,-14955,490,1050,260,1245,-164,5148,9891,24683,58860,1094,-3879,107,9876,23763,58060,4723,11455,4803,11455,4666,11705,4723,11455,-6135,-8716,3868,1337,7106,9242,20119,41633,-1050,-4758,19734,41633
7/21/2023,340,364,-2432,270,-156,-1978,253,646,-2577,320,-1700,-2062,773,1383,-1707,4801,4154,-785,3149,685,-3228,6330,4465,9270,583,-1589,-980,6330,5115,9270,340,-2390,-3493,270,-3025,-3518,253,-2593,-3638,495,-2820,-4383,773,1383,-5661,4801,4175,2820,3149,1066,-4109,7475,14074,33012,2339,-375,883,7475,14724,33012,-471,-1201,-3385,-1591,-3615,-966,-2700,-1201,1120,-4787,4526,1216,1218,816,4508,17312,-375,3189,4198,17312
7/24/2023,-1560,-6100,-6745,-1270,-6100,-6745,-260,-5315,-6745,-1560,-6100,-6745,2097,1993,9661,1952,5174,3273,2694,5289,2594,1559,-5568,-9000,297,-2235,1229,1559,-4513,-9000,-1560,-8671,-12579,-1270,-8671,-12579,-260,-7886,-14359,-175,-5325,-14359,2097,1993,11525,1952,5661,4803,2694,5741,7599,5459,-2,-27335,2280,676,9324,5459,-2,-27335,-4715,-6103,-4715,-6103,-4715,-6103,-4715,-6103,6799,9163,-570,-2035,-470,236,-6910,-8855,-2635,-373,-6910,-8855
7/25/2023,1130,-1210,-604,1114,-1210,-772,1344,-1090,-772,1635,-1210,-604,2533,3379,2343,-290,2389,1776,2736,1692,5175,5425,1109,-6588,1269,1907,4348,5425,1109,-6588,1130,-1210,-275,1114,-1210,-200,1344,-1090,-200,2060,-1263,303,2533,4155,8055,-290,2389,2636,2736,1692,7268,5425,7990,26423,2094,1692,7268,5425,7990,26423,-3445,-2705,-3445,-3098,-3445,-3098,-3445,-2705,2340,6057,1973,2804,-1370,7476,-3448,-8761,-1475,5959,-3448,-8761
7/26/2023,3775,10988,23547,3140,13323,24345,3170,12567,24345,2600,12123,23547,2521,12871,5607,4695,13428,11139,6162,4694,9897,10479,8662,9328,3042,6430,-612,10479,9077,9328,3775,10988,24308,3140,13323,24983,3170,12567,24983,1350,6408,22038,2521,13545,13475,4695,13428,11139,6162,7452,9897,12675,7471,-32541,5332,6987,9897,12675,7038,-32541,10849,20719,10849,20719,10849,20719,9204,20719,13131,10445,12714,16415,6827,15636,13492,13025,1165,-1851,13492,13025
7/27/2023,3420,4195,3428,3490,2535,3408,3370,2435,4278,3065,3205,3428,876,-3115,-7398,955,5155,-8047,2683,1242,-8950,7185,14890,22730,-970,-17,-894,6820,13305,20459,3420,4195,4710,3490,2535,4690,3370,2435,5560,3105,2355,-985,876,-2693,-17017,955,5155,-10004,2683,1242,-1869,7185,13780,26525,1810,-528,-6024,6820,12195,24000,2040,6414,1865,8314,1870,8314,2040,8334,-2666,-8911,-1230,-8483,-525,-8783,18104,27589,-5,-894,18104,27589
7/28/2023,705,5895,-1171,2262,5727,-1171,2257,4365,-1171,730,5030,-1171,2982,9504,3041,1165,2375,9206,2514,1996,-3771,3450,-5261,-7249,2517,1455,4558,3450,-5261,-7249,705,5895,-1304,2262,5727,-1304,2257,4365,-1304,1755,8673,-3541,2982,10250,11475,1165,2375,11255,2514,2200,347,3450,-8541,-19167,3240,2200,347,3450,-8541,-19167,2722,-1679,3265,-1679,3265,-1679,2722,-1679,12607,2500,-1731,8758,820,8490,-5900,-6264,-875,3558,-5900,-6264
7/31/2023,1690,-1535,-2145,2725,415,-1648,2040,340,-1648,1075,-1535,-2145,3255,1910,-3312,6495,11173,14599,7593,9447,11237,8293,9248,-1756,1420,555,-3825,8183,10273,-1756,1690,-1035,-7745,2725,915,-6615,2040,840,-10020,300,-5500,-9745,3255,2515,430,6495,11173,15285,7593,9447,12386,8813,30022,55597,6183,9129,12386,8703,29982,55597,-1468,-5738,-1468,-5738,-1468,-5738,-1468,-5738,-2713,-3410,10845,-3053,10797,-6105,1952,-5683,-2935,-3395,1952,-5683
8/1/2023,3745,5645,-898,4070,2270,-898,2450,2270,-898,3570,4175,-898,5535,8249,6954,5705,7308,10204,7164,14375,14718,6676,-743,-2297,2340,1659,5407,6676,-743,-2297,3745,5645,-409,4070,4370,-409,2450,4370,-409,3255,8170,1951,6265,12372,18030,5705,7308,10984,7164,14717,17927,6676,-666,-16899,7650,15315,16630,6676,-666,-16899,-1955,-7194,-1955,-7194,-1955,-7194,-1955,-7194,-3125,-2310,-140,1883,4010,1815,-4065,-7869,150,3954,-4065,-7869
8/2/2023,3765,8092,3104,2515,7132,3616,2863,7280,3396,4280,9317,8339,1529,323,-8930,4005,10603,10891,4175,15969,7493,8657,17966,-1836,415,1570,-8930,8657,19956,-1836,3765,8092,2613,2515,7132,2908,2863,7280,2880,4280,7444,15868,1529,2158,-2580,4005,10603,11187,4175,16371,12980,8657,19551,38824,3870,15003,11930,8657,21541,38824,1309,-3331,1309,-3331,1309,-3331,1309,-3331,-1130,-8605,10840,12588,9658,12064,2343,-7922,4001,-8605,2343,-7922
8/3/2023,3270,216,1172,4094,2962,378,5240,3972,1023,2765,186,1172,5605,7084,6054,5031,2150,572,3627,7725,1698,12925,-1242,-8780,2600,1085,1949,13525,-1242,-8780,3270,216,-2269,4094,2962,-2112,5240,3972,-968,2020,-900,4075,5605,7553,13267,5031,2150,-1950,3627,7725,-3657,13444,1278,-28227,3595,7725,-2250,14044,1278,-28227,-32,1341,1,2088,928,2088,1248,1341,4953,8800,3235,35,3184,6480,-2989,-7845,-475,4692,-2989,-7845
8/4/2023,3387,5348,8009,1965,5493,4648,2115,4617,6822,1978,3868,8944,5544,6728,11102,3275,3239,187,3425,3351,611,7505,7256,30809,3315,3875,7825,7457,7256,30809,3387,5348,8808,1965,5493,4728,2115,4617,5741,1378,2522,8597,5544,6728,10885,3275,3239,187,3425,3351,611,8205,17157,-6317,3765,1897,-3483,7930,17157,-4797,8988,9965,7883,10323,8983,12336,7263,11975,3615,6882,1341,-1298,1234,1908,13600,29893,4987,10394,13240,29893
8/7/2023,510,-61,3190,726,-2249,265,-2391,-2249,265,190,-61,3190,-5368,-6948,-7648,-2755,-6051,-8878,-4666,-6069,-8978,83,6756,-1585,1859,-2720,1558,68,6681,-1585,510,-61,4040,726,-2249,721,-2391,-2249,721,-1005,-4191,-1101,-5368,-7034,-21276,-2755,-6900,-12763,-4666,-12599,-20733,83,11480,17518,-4092,-11494,-20733,68,11405,15988,-1825,-555,-3390,-555,-3390,-555,-1825,-555,-6544,-8875,-3265,-8775,-5350,-8950,-4495,-7377,-1305,2181,-4495,-7377
8/8/2023,1805,3997,4810,1790,2060,3996,280,1705,3924,1615,3822,4810,-3686,-6721,-7720,-4995,-6726,-7187,-5915,-6995,-9000,-5825,-6835,-5657,-335,749,2160,-5825,-6835,-5657,1805,3997,6788,1790,2060,5550,280,1705,4839,1335,3296,6255,-3686,-8821,-18164,-4995,-12156,-22945,-7485,-15105,-31085,-7505,-18855,-53056,-7170,-14000,-31085,-7505,-18855,-53056,2706,5066,2636,5126,3578,5066,2206,5066,-5690,-8015,-5875,-8025,-6335,-6907,-669,1571,-1230,3498,-244,1571
8/9/2023,4996,9161,10413,4915,10029,10499,4925,7971,13112,4781,8586,10491,2061,6404,-403,3751,8220,19200,6486,17801,22933,8871,11143,10502,1450,977,9658,7909,11143,10502,4996,9161,13306,4915,10029,13296,4925,7971,13324,3886,8137,9341,2061,6440,16614,3751,8320,19895,6486,16710,23480,9821,10979,21848,5040,6690,21275,9861,10979,21848,6476,14218,6308,14218,6396,14218,7021,9767,8016,-1804,6896,15594,11376,15326,338,984,4026,7391,338,984
8/10/2023,3990,2818,-5403,4668,2863,-3760,4510,538,-7137,2865,1778,-6261,125,-2096,-3771,10,-565,-8739,-1710,-354,-7539,8394,-6880,-8949,-3330,-618,-8705,8294,-6885,-8949,3990,2818,-5403,4668,2863,-3760,4510,1212,-5360,2865,2078,-1806,125,1536,-5390,10,355,-6004,-1710,-1076,-2429,8394,22220,16179,-2460,-2540,-3960,8294,21088,18004,914,-2222,952,-487,422,-3200,-986,-3056,-2004,-1760,620,-8094,-3236,-8984,-6740,-8929,-6215,-8200,-6740,-8929
8/11/2023,-635,-3600,-6035,-635,-3600,-6035,-1230,-3600,-6035,1665,-3600,-6035,2478,6532,15756,2021,4983,2951,3472,8174,17607,-1090,-5924,-2865,2665,4884,7239,-1090,-5924,-2865,-635,-6320,-12295,-635,-6320,-12295,-1230,-6320,-12295,2245,5343,-5150,2478,6532,19471,2021,6100,4970,3472,8206,26170,-1345,-11193,-8031,2832,6918,25206,-1345,-11193,-8031,-6800,-5481,-6800,-5481,-6800,-5481,-5180,-5481,6740,23372,-712,-5156,1344,12596,-5480,-7553,735,14214,-5480,-7553
8/14/2023,-129,-1063,2243,-824,-1063,2243,-969,-999,2243,641,-304,2243,1239,-822,-3146,1204,-4237,-2609,-1649,-2544,-3477,2973,3557,2334,-175,-2367,-4938,2973,2667,2334,-129,-1063,2134,-824,-1063,2134,-969,-999,2134,1761,5015,452,1239,-822,-4417,1204,-1946,7201,-1649,1274,5481,5203,20380,65969,-1306,184,4261,5203,19490,65969,185,5303,185,5303,255,5303,-520,5303,-3574,-352,666,-182,1368,22,3946,5691,-3576,-4727,3056,5691
8/15/2023,-745,-1263,-3608,-205,-2397,-1451,-510,-2122,-1634,-1753,-2943,-3608,1956,-861,37,2070,1483,6221,400,751,5657,6544,1926,8812,58,-455,2022,6424,931,8002,-745,-1263,-3025,-205,-2397,-3078,-510,-2122,-3399,-1753,-3673,-4744,1956,-861,-2310,2070,2437,9605,400,1792,9454,11794,20117,75323,400,1792,11772,11674,19122,74513,2326,3065,-2665,3065,-2665,3065,1361,5735,-629,6366,6366,25000,7762,25579,14107,14186,-55,2452,14107,14186
8/16/2023,2250,2189,-2828,2510,2549,-3038,2320,2239,-3357,1860,2189,-2828,3469,7974,7644,2020,4784,-521,3003,3871,4647,4275,-6955,-3264,650,529,-6975,4155,-6955,-3264,2250,2189,-1110,2510,2549,-1235,2320,2239,-1485,1697,5460,-655,3469,7974,11153,2020,3595,7310,3003,4551,10630,6420,14915,24133,1555,4651,6972,6300,14310,23053,1872,3845,1872,3845,1872,3845,1872,3845,13695,8816,6355,7861,4989,15620,-6895,-9000,3674,454,-6895,-9000
8/17/2023,3089,3055,1397,3092,2971,897,2890,2990,-1215,2528,3055,1397,3914,1091,467,1392,1959,-4075,4936,418,-8729,5847,9840,10498,3271,25,624,5847,8710,10498,3089,3055,1474,3092,2971,1095,2890,2990,755,1808,1541,3723,3914,1091,2419,1392,3447,1805,4936,3854,-1083,8326,16183,31423,5531,2154,-1928,8326,15053,30443,4375,874,4355,874,4136,874,4555,874,793,373,2424,-1921,4167,1270,12920,19888,332,-506,12465,19888
8/18/2023,-390,5806,18744,-390,6437,18586,25,6396,18182,-905,5806,18744,-890,-3649,-1451,180,7756,21748,-544,2930,9143,3610,16378,8056,-1530,-4735,-1081,3610,16378,8056,-390,5806,19494,-390,6437,19242,25,6396,18545,-905,3189,13293,-890,-3405,-3102,180,7756,21748,-544,3085,8865,3610,27312,76472,-944,2415,8865,3610,27312,76472,6636,16272,7369,16272,7271,16164,6541,16272,-3787,1650,7250,21422,6188,15816,9220,3218,1400,-283,9220,3218
8/21/2023,1010,1126,8601,1010,1126,8601,215,1555,8601,760,1126,8601,-2160,-6129,-7793,-1870,-2325,-3913,-1757,-5109,-3366,-2255,2120,17120,491,1763,1786,-2255,2120,17120,1010,2110,9487,1010,2110,9487,215,2277,9487,-115,1169,6522,-2160,-5594,-12739,-1870,-2325,-2839,-1757,-3704,-6059,-1900,-1880,24062,-2247,-1011,-7154,-1900,-1880,24062,2100,8668,2100,8668,2202,8668,2100,8668,-5684,-8319,-1096,-343,2280,2792,8670,13430,2450,1421,8670,13430
8/22/2023,2625,-460,1302,2625,-1452,1302,1452,-1784,1960,1720,1220,1302,1117,9410,1358,5858,13398,8389,6941,9549,11757,13331,13106,2242,2250,1164,1822,13331,8304,2242,2625,-460,1606,2625,-1452,1606,1452,-1571,2447,1405,-140,247,1117,9410,1669,5858,13398,11025,6941,9984,13245,15506,17890,23997,6916,8674,12150,15506,17159,23997,-913,2847,-913,2847,-913,2847,152,2847,8312,6009,13530,7113,8600,670,5828,-4860,-1560,7248,5828,-4860
8/23/2023,3603,6881,12339,3818,6760,11725,4251,7770,11765,3573,5296,12339,2955,2968,-1986,5477,9268,14764,4665,10509,18129,7552,4312,-3240,640,-717,-5580,7552,4312,-3240,3603,6881,14337,3818,6760,14599,4251,7770,14464,3115,3737,11182,2955,3633,295,5477,9268,15851,4665,10509,19529,7552,20355,-13010,3682,13359,19529,7552,20355,-13010,4765,-89,4825,-94,4554,-303,3655,-89,1875,1974,8341,6541,14152,5724,-2360,-5034,772,-4685,-2360,-5034
8/24/2023,1020,4417,5796,2282,3397,6023,1307,2791,5566,1000,2235,4126,-4929,-6984,-8952,-602,138,-6381,-2299,-2141,-8999,12560,21728,35156,-535,-5400,-8375,12315,20270,36611,1020,4417,5796,2282,3397,6023,1307,2791,5566,1120,1672,1333,-4929,-11426,-26551,-602,138,-6433,-2299,-2141,-15837,12560,25146,50591,-1659,-1855,-14716,12315,23371,50421,5027,8181,3674,8181,3674,8181,3147,8181,-6988,-8955,-427,-7173,-800,-5053,19678,44022,-796,-7105,19488,44022
8/25/2023,1437,1603,-1109,1407,843,-211,1577,2087,-1193,1187,1603,-1109,1706,7500,9211,466,2087,-1421,2485,5542,-3820,-645,1427,-7816,3842,930,5063,55,1384,-7696,1437,1875,-834,1407,1564,1221,1577,3179,-389,347,2600,-2304,1706,7500,8246,466,2087,-3673,2485,3633,-4802,-645,2434,-27375,-30,2758,-5512,55,4721,-25375,-820,2305,660,2039,705,2729,-820,2305,3945,15162,-3140,-3425,2076,-1177,3319,2203,7133,4475,3319,2203
8/28/2023,-980,2664,1331,-955,1996,1495,-995,2878,1495,150,1939,1341,4206,5589,11264,5637,2536,6417,2084,4680,6818,-2570,-5759,-8383,2278,3631,4513,-2570,-5759,-8383,-980,2664,-715,-955,1996,-4075,-995,2878,-4075,1020,4927,5455,4304,9025,19525,5637,3440,6147,2084,4384,7675,-5870,-19220,-31243,1319,4384,7675,-5870,-19220,-31243,3543,142,4268,142,3843,142,4273,142,6387,9102,5255,9145,6233,10862,1185,-461,4734,6910,1185,-461
8/29/2023,1020,2861,6572,877,2827,7313,1320,2946,7079,1180,732,6572,-1105,-2995,-201,955,2427,12873,1987,1726,18325,3557,16469,13976,-950,2224,-5880,3557,16469,13976,1020,2861,7267,877,2827,7313,1320,2946,7079,1046,1335,1674,-1105,-1085,4,955,2427,13285,1987,1726,19566,7950,22980,81358,725,-378,18402,7950,22580,81358,4212,5984,4172,6183,4259,6021,2100,7634,-2640,-5467,1875,4508,7156,12123,18055,17256,1910,67,18055,17256
8/30/2023,2065,-3667,-5023,1440,-3667,-5023,1440,-3667,-5023,2595,-3667,-5023,3389,5445,13191,2981,2667,8670,3811,2227,6081,3996,1449,1204,3169,3478,1227,3996,1449,1204,2065,-3667,-6888,1440,-3667,-6888,1440,-3667,-6888,2570,-1371,-3442,3389,5445,14048,2981,2667,10633,3811,2227,8018,3996,202,-4331,3295,2103,7188,3996,202,-4331,-4547,-3715,-4547,-3715,-4547,-3715,-4547,-3715,7956,8391,3216,4225,1344,1700,-1398,-1373,21,1471,-1398,-1373
8/31/2023,4380,3553,1497,3815,3973,1497,2974,1628,1497,4005,3553,1497,8330,13562,12430,3638,8374,-40,6898,6435,1760,4817,-4029,-7262,2228,4324,3724,4817,-4029,-7262,4380,617,-3630,3815,1097,-3630,2974,-143,-3630,1846,967,-4858,8330,13309,23547,3638,8447,5132,6898,10231,9789,7257,-15173,-55786,6898,9776,-1151,7257,-15173,-55786,368,2144,-2043,2144,-2043,2144,368,2144,16204,14381,7515,4324,6751,4605,-1729,-4695,4112,5917,-1729,-4695
9/1/2023,1955,1135,-1480,1230,1962,2311,2992,2982,-2629,135,770,-1480,-734,-3145,-8077,615,-3942,-6345,897,1453,-4502,1687,-995,-6089,440,-844,-5359,1687,-730,-6089,1955,1135,-1059,1230,1962,2727,2992,2982,-2213,-1240,-450,-1480,-734,-2575,-6019,615,-7578,-11776,897,-324,-6051,1687,7940,-36220,-55,-874,-10703,1687,9120,-36220,3245,6624,4335,7294,5087,8664,3245,6624,-3255,-6240,-4526,-7950,-3370,-8105,-3983,-7913,-779,-5359,-3983,-7913
9/4/2023,2055,3110,2288,2055,3110,2288,2055,3110,2288,2055,3110,2288,2960,4019,6895,3645,5000,8799,4592,6725,11561,6126,5509,7347,1852,1291,4358,6126,5509,7347,2055,3110,2770,2055,3110,2770,2055,3110,2770,-335,1595,2770,2960,4019,6792,3645,5000,8941,4592,6725,12538,9255,18601,32964,4162,6725,12538,9255,18601,32964,-1230,-1330,-1230,-1330,-1230,-1330,-1230,-1330,1700,7686,1110,4176,2610,2967,4295,7360,704,5684,4295,7360
9/5/2023,-475,-3029,-4387,-110,-3680,-4677,530,-3065,-4677,80,-3029,-4387,3940,5039,5375,3146,4543,5204,6444,1352,2010,4800,-6775,-3367,1585,319,1696,4800,-6775,-3367,-475,-4690,-8794,-110,-3680,-11429,530,-3065,-11429,1300,-2645,-7060,3940,5039,7350,3146,4543,5137,6444,1352,1779,4800,-2246,-21073,5867,-767,255,4800,-2246,-21073,-3455,-3579,-3615,-3869,-4174,-3869,-3455,-3579,3167,7100,834,5507,-1719,-79,-6932,-2600,204,1896,-6932,-2600
9/6/2023,2035,1178,-2529,1465,1159,-2529,2143,-2922,-2529,1165,1178,-2529,-1140,-5405,-7325,1822,-658,-5710,-1750,-6278,-2743,-1979,-5866,-5398,-1451,-719,-3865,-1979,-5866,-5398,2035,1575,-4103,1465,1337,-4103,2143,-1846,-4103,308,-453,1873,-1140,-6235,-7915,1822,-160,-4975,-1750,-9987,3491,-706,1786,20806,-512,-8455,3491,-706,1786,20806,-395,3299,-395,3299,-395,3299,-395,3299,-4325,-6570,-4200,-8346,1029,-6271,-4074,-7661,28,-4975,-4074,-7661
9/7/2023,-165,-383,622,-165,-383,622,-165,-393,622,-665,-383,622,-621,-307,-4834,143,3147,3141,-1349,5352,-887,-3090,2706,-2884,-711,1396,1196,-3090,2706,-2884,-165,-383,1359,-165,-383,1359,-165,-393,1359,-375,-2190,5834,-621,-355,-5146,143,3147,557,-1349,5352,-6508,-3090,16161,8493,-1619,6119,-4314,-3090,16161,8493,346,1058,346,1058,-944,1058,346,1058,-4315,-5909,4195,3819,1116,-1057,-3763,-7726,-3865,1173,-3763,-7726
9/8/2023,-385,-1745,-2750,360,-1935,-2555,885,-3155,-702,-635,-1745,-2750,-1200,-3890,-8110,-2620,-1761,-8920,-2381,-6208,-8270,-4565,-5486,-8327,-775,-1131,-5385,-4565,-5486,-8327,-385,-1745,-2750,360,-1935,-2555,885,-3155,-45,265,-3710,-4615,-1200,-2050,-8305,-2620,-3925,-15685,-2381,-8480,-17937,-4820,-22275,-65725,-955,-8810,-17937,-4250,-20435,-65725,-2120,-1485,-2120,-1485,-2155,-1485,-2120,-1485,-5826,-6384,-5785,-6015,-6255,-8365,-6580,-8237,1153,-8975,-6580,-8237
9/11/2023,-870,-706,-712,-1640,-706,-712,-1640,-706,-712,-1075,-706,-712,-1740,-5845,-9000,-4686,-6997,-8996,-4605,-6993,-8996,-5980,-6999,-8977,-765,-1102,-2234,-5980,-6999,-8977,-870,188,-650,-1640,188,-650,-1640,188,-650,-10,5401,692,-1740,-4455,-11475,-3680,-5622,-17510,-4060,-3113,-14173,-9270,-15469,-27334,-4465,-1463,-14173,-9270,-15469,-27334,-271,-4228,-271,-4228,-271,-4228,-271,-4228,-6515,-8580,-7000,-9000,-6995,-9000,-7000,-9000,-4002,-8870,-7000,-9000
9/12/2023,303,-590,-2915,250,-590,-2915,365,-605,-2915,-415,-590,-2915,1939,-2744,-8699,814,1144,-1629,1818,946,558,6671,9603,18826,1792,1491,-4517,6656,9603,18826,303,-590,-5520,250,-590,-5520,365,-605,-5520,1705,-397,-7490,1939,-2657,-7862,814,1144,471,1818,1469,1876,5571,16400,42687,2111,1950,718,5571,16400,42687,-2717,-3542,-2717,-3542,-2717,-3542,-2717,-3542,-3816,-8960,2266,2074,1830,4066,7436,15824,341,-3035,7436,15824
9/13/2023,600,-912,4334,430,88,4334,1955,1543,3511,330,-912,4334,2390,6521,17911,489,2845,1629,337,4119,8431,224,-2221,-5138,2410,3239,2810,54,-2221,-5138,600,-912,3565,430,88,3565,1955,1543,1484,1675,1695,3723,2390,9502,29178,489,2845,2252,337,4119,7840,-2401,-15523,-44965,774,5229,7025,-2571,-13398,-44965,2038,8183,4033,8183,3343,5952,2038,8183,-1438,8527,-1540,-4849,271,345,-4719,-7752,-1468,-2041,-4719,-7752
9/14/2023,4952,4261,187,4880,3007,187,4925,3413,187,4952,3799,187,2649,5185,2435,2186,3703,4178,1970,2842,-1682,1101,-6640,-7237,795,-787,1721,1101,-6640,-7237,4952,4261,-36,4880,3007,-36,4925,3413,-36,3212,4288,3273,2649,5185,8298,2186,3727,3354,1970,2849,-1608,3905,4502,-19921,1285,2849,-1608,3905,4502,-19921,-1530,-5972,-1520,-5972,-460,-5972,-1530,-5972,3030,344,3857,2165,2431,1122,-5923,-8237,1035,-280,-5923,-8237
9/15/2023,1560,-1718,-1746,-290,-847,-1899,-1165,-1319,-14,1000,-2494,-1746,-935,-2998,-6063,3055,2985,636,4541,6390,-3978,10164,21632,-3001,805,7,1916,10089,21232,-3001,1560,-1718,-1362,-290,-847,-1407,-1165,-1319,478,320,-1344,-4678,-935,-4183,-10678,3055,2985,726,4541,6390,-2726,10934,27186,4265,5357,8605,-2551,10975,26536,3470,-1359,-882,-1359,-882,-1359,-882,-1359,-882,-4583,-3900,-709,14103,-2109,15829,-4992,-2578,285,801,-4992,-2578
9/18/2023,-1631,846,9705,-656,1604,9705,-1456,1620,9705,-1785,846,9705,3074,50,-1834,1034,-6458,-6819,923,-3389,-6882,-5777,-6610,-8938,2437,2218,2612,-5777,-6610,-8938,-1631,846,7527,-656,1604,7527,-1456,1620,7527,-380,-3172,11495,3074,1328,14848,1034,-7298,-3865,923,-3389,-670,-5777,-22631,-57113,2265,-3389,-670,-5777,-22631,-57113,3755,2793,4544,2793,4569,2793,2730,4423,3735,1541,-4616,-4945,-6976,-6312,-6745,-8410,2325,93,-6745,-8410
9/19/2023,126,141,1107,-50,836,1154,375,-637,-649,245,758,1107,1583,863,-57,90,3219,406,645,763,-4287,-3311,-4032,-4680,863,2428,5871,-3316,-4032,-4680,126,141,529,-50,836,576,375,-637,-2965,95,-220,-2802,1583,163,-118,90,3219,2651,645,763,-4606,-4931,-9490,-32933,475,562,-2536,-4936,-9490,-32933,-1105,-1697,-1122,-1697,-590,-1697,-1105,-1697,1427,-1516,2325,-1199,2896,-8960,-4344,-8897,735,5928,-4344,-8897
9/20/2023,670,-1899,-8312,560,-2116,-8312,495,-2819,-8517,940,-1899,-4484,-872,-3239,-6954,881,3387,14944,2115,-1450,31937,13997,17639,29083,1565,-5950,-7010,13517,17059,27988,670,-1363,-7261,560,-1398,-7461,495,-2102,-6646,2565,279,6483,-872,-4660,14116,881,3387,12415,2115,-1450,32661,14262,28865,48072,1435,1471,34206,13782,28285,46317,385,-1364,-130,-2029,-300,-398,385,-1364,13801,-8995,1946,7627,18719,13088,21245,35948,-35,-8850,21245,34673
9/21/2023,2055,2381,-2658,1836,2511,-2728,2001,2262,-2728,2602,2381,-2658,4793,143,-6940,3232,3725,2244,3611,2788,-5971,7549,13000,18698,3339,1164,1307,7549,12725,18698,2055,2682,630,1836,2646,560,2001,2563,560,565,1495,-2655,4793,143,-6727,3232,3725,3851,3611,2788,-3962,7549,15755,27554,4708,2436,-4877,7549,15010,27554,625,-1024,625,-1024,625,-1024,625,-1024,1648,-5635,4072,1311,-120,3775,12965,24853,2746,3575,12965,24853
9/22/2023,1384,5816,4323,2594,1800,5156,2134,1410,3526,1036,5821,4323,3791,8433,7746,2035,4593,1066,2046,6702,-7142,-5840,-6980,-3864,1520,3418,2594,-5840,-6980,-4219,1384,4917,3340,2594,1800,4115,2134,1410,2485,1036,2300,-60,3791,8433,8463,2035,4978,162,2046,7150,3480,60,-7064,-5488,590,4211,1882,-85,-8524,-5843,3204,2785,3154,7210,3709,10727,2409,2785,8607,8874,8189,6442,6179,-8915,-4560,-1614,2148,6809,-4560,-2119
9/25/2023,4345,9722,4296,1495,6904,4296,1690,7324,4296,2937,7682,4296,3324,4576,9808,2076,8012,3846,1248,9842,10822,3405,5595,571,1920,-2070,1289,3405,5595,571,4345,6904,-6400,1495,6904,-6400,1690,7324,-6400,1855,2744,1060,3324,4725,7958,2076,8352,6699,1248,10182,13734,3290,13295,27524,2732,9567,12209,3290,13295,27524,10418,1255,9613,1255,6466,1255,10418,1255,4531,3662,3290,2808,5357,8874,4820,3087,-65,2101,4820,3087
9/26/2023,-1145,-215,-6880,-1285,-310,-6795,495,-260,-4795,-1145,-215,-6880,91,1763,-108,2808,9032,-2047,1437,9171,2605,10470,30811,7819,1822,3925,-5354,10415,30611,7819,-1145,-1220,-8295,-1285,-1315,-8380,495,-1265,-6285,-2245,-2835,-12365,91,1986,-2106,2808,10722,5046,1437,9804,4468,10762,39787,37803,1242,6955,2723,10707,39587,39938,-940,-4469,-940,-4469,-890,-4469,-940,-4469,-1992,-1272,5003,3781,9770,21811,24511,1808,3934,-7219,24511,1808
9/27/2023,1315,3157,3411,2325,4027,3421,2270,2427,3421,2450,3157,3411,6164,9953,11071,3950,9466,14409,7511,12499,19888,5882,15527,-6643,5895,3460,5971,5882,15012,-6643,1315,3157,3142,2325,4027,2978,2270,2427,2978,1452,131,1288,6164,11238,20001,3950,9466,11028,7511,12499,20104,5882,18426,13965,8076,13326,19170,5882,17911,13350,7004,1780,6929,1780,6754,1780,7004,1780,12035,17183,10620,15010,17525,20464,9847,3504,3821,5034,9847,3534
9/28/2023,910,-3905,-6987,-1325,-3885,-6432,-1495,-4183,-5332,415,-3905,-6987,1470,2740,-5865,3052,3950,-2209,1869,2382,-3719,918,-6503,-6571,2325,721,-510,918,-6503,-6571,910,-7852,-11351,-1325,-7832,-11072,-1495,-8130,-9208,-85,-6920,-11410,1470,3675,5707,3052,4572,-3026,1869,3208,1583,918,-2197,-7589,2665,4273,-1246,918,-2197,-7589,-2825,-5948,-2840,-6182,-4270,-6182,-2825,-5948,5101,-652,5266,-1044,1714,2758,-5983,-7714,-264,427,-5986,-7714
9/29/2023,-175,1271,-299,90,2032,651,673,2702,836,340,1851,-299,420,546,-5889,-245,4007,-8920,-270,122,-8985,3488,-6825,-6788,700,4685,-865,3288,-6825,-6788,-175,1271,144,90,2032,1094,673,2702,1279,20,930,-2165,420,1780,20,-245,4445,-3105,-270,485,-8910,3488,-1844,-21102,275,3785,-2700,3288,-1844,-21102,5141,3766,5948,3766,5948,3766,4781,1852,-97,-8665,519,-8745,-4885,-8960,-5515,-8970,609,2450,-5515,-8970
10/2/2023,685,3912,2694,1023,1446,3395,1420,2434,4370,2325,6367,2694,5491,5549,2642,8702,389,1884,969,7802,4855,-1599,-4415,-5171,1985,9942,6197,-1684,-4804,-5171,685,3912,2393,1023,1446,2358,1420,2434,2085,2055,2398,6339,5491,4759,7527,8702,389,-2101,969,7802,2864,-1599,-4757,-11621,1495,7645,3383,-1684,-4757,-11621,2160,3634,1255,3570,3147,1831,2499,3634,5561,4980,5276,1783,1290,-2904,-4579,-1921,-165,6026,-4579,-1921
10/3/2023,907,1180,-1063,262,860,644,1307,2495,639,907,1180,-1063,-2252,-2065,-5872,242,4966,9344,-145,8290,6356,11577,18951,15115,-97,-261,-6447,12232,19646,17410,907,2540,1329,262,2220,3187,1307,3150,2742,-995,-1250,1576,-2252,-1940,-1909,242,5495,11695,-145,8633,10713,12647,23338,111962,255,7373,12126,13302,22938,110942,5645,2334,5635,2138,5516,2063,5645,2334,-812,940,9850,9285,10277,16988,20331,15520,3475,-5919,21426,15520
10/4/2023,780,-1525,-2609,-835,-350,-1985,-890,-95,-1609,50,-1525,-2609,3240,7899,6011,3185,5629,4002,4369,8915,3170,4190,9154,9417,1831,3133,7653,4190,9154,9417,780,-1525,-1685,-835,-350,-1630,-890,-95,-1685,-865,-505,2403,3240,6374,-2717,3185,5629,4386,4369,8915,3170,4190,12089,30701,3178,10520,4063,4190,12089,30701,788,144,721,-206,966,-261,788,144,3700,9469,5485,4854,9248,5699,9785,17811,7961,6271,9385,17811
10/5/2023,660,2250,4505,1551,4101,4501,2105,1695,3312,1330,1630,4505,1544,-772,-7200,-111,-5495,-7129,-539,-2592,-8591,-4880,-5484,-7295,550,3825,1553,-4880,-5484,-7295,660,2250,4505,1551,4101,4501,2105,1695,5657,1155,1223,-711,1544,-1160,-4361,-111,-7035,-11550,-539,-2592,-12959,-5455,-10610,-49763,-754,870,-8512,-5455,-10610,-50253,3485,5685,3800,5900,2250,5900,3485,5685,-352,-2034,-2699,-2321,-6080,-7767,-6029,-8642,1685,2051,-6029,-8642
10/6/2023,2638,5192,10921,2698,5187,11086,2890,6029,10258,2835,2018,10181,-5800,-6940,-5190,-705,-5259,-8295,340,-4484,-7300,7101,7887,-1859,-3793,-6940,-5190,7101,7887,-1859,2638,5192,11287,2698,5187,11478,2890,6029,11352,2835,2018,9125,-3660,-6250,-13525,-705,-2770,-2125,340,-1325,5165,7453,8072,45227,-660,-835,5165,7453,8072,45227,5712,11686,5429,12168,6587,11710,2977,9868,-6750,-7490,-3612,-5638,-2765,-8995,8898,431,-6750,-7490,10188,431
10/9/2023,310,2025,1094,310,2015,1094,-320,630,1803,-190,2025,1094,2373,-1168,170,2953,2493,4091,3232,2037,2953,3238,13354,10418,2490,-1133,1968,3238,13354,10418,310,2025,3524,310,2015,3524,-320,630,3674,-1085,-215,-2335,2373,-1057,-381,2953,2510,6212,3232,2037,4094,3238,11185,25382,3272,3902,2601,3238,11185,25382,825,-114,935,-114,935,-2132,825,-114,-3772,-7584,1848,1125,-1538,-119,10867,7147,-2790,77,10992,7147
10/10/2023,2523,4204,-2370,847,4113,-1443,2589,5808,2098,3162,4204,-2370,4471,2247,938,1566,-624,-511,2909,-2641,-4435,-3913,-4486,-6836,2006,1980,5651,-3913,-4486,-6836,2523,4204,-8272,847,4113,-7272,2589,5808,-5347,3975,4434,2843,4471,2247,3482,1566,-624,197,2909,-2641,-4098,-1125,-7807,-30995,4026,-1299,-3562,-1125,-7807,-30995,2389,-2784,2260,-2174,4274,-2037,2389,-2379,4507,9320,506,3893,-955,1991,-2215,-4838,5812,8272,-2215,-4838
10/11/2023,1545,-2802,-1030,650,-2811,-995,-175,-2866,-1040,970,-2802,-1030,1079,4754,404,-145,1780,-1666,906,-1563,-3369,4184,1832,-1622,3839,2345,6070,3377,1832,-1622,1545,-2802,-2185,650,-2811,-2150,-175,-2866,-3766,-1375,-992,3369,1079,5735,6762,-145,1780,-1260,906,-1563,-3071,4184,87,-37143,3032,-859,-236,3377,87,-34963,2652,5054,2652,5054,4428,5054,2652,5054,4074,77,3677,684,4332,-3841,1511,3773,4031,5812,1511,3773
10/12/2023,1345,4293,5827,1315,4808,5879,1760,5690,7867,370,4293,5827,3860,10373,8441,1390,3530,-4722,4820,6678,-6589,-2111,-2655,-2532,4076,7778,2540,-2111,-2655,-2532,1345,4293,6399,1315,4808,6249,1760,5690,6795,1500,4603,1338,3860,10373,10511,1390,3530,-6930,4820,6678,-3195,-2111,-12855,-37530,4780,6185,-5130,-2111,-13210,-34790,2883,9088,2458,9435,3663,9108,2128,7248,9532,7667,1587,-6914,5995,-372,-1721,-7131,6912,2664,-1721,-7131
10/13/2023,2147,999,-5883,2507,728,-5883,2432,1977,-6813,1662,499,-3973,1580,616,-1373,995,1665,1288,1790,2766,-2087,10135,9881,-7420,-945,-1860,-1462,9935,8495,-7420,2147,999,-5685,2507,728,-5685,2432,1977,-6410,727,-353,-525,1580,-396,-4522,995,1665,2615,1790,2766,2263,10135,21995,40864,1354,2047,1460,9935,21895,41669,70,-8004,70,-8004,70,-8004,805,-8004,5028,4555,8458,1366,2330,855,5643,-7736,792,-24,5643,-7736
10/16/2023,2656,5673,-2177,3953,5426,-1792,2958,6426,-1792,1875,6833,-2177,1944,6295,5652,2869,11135,12241,4272,8581,9438,7479,8158,1917,1840,1250,562,7479,8158,1917,2656,5673,-2177,3953,5426,-1792,2958,6426,-1792,149,4774,6034,1944,7039,14071,2869,11387,15682,4272,12617,19378,9236,30576,45476,3113,12697,18423,9236,30576,45476,-5522,-3870,-4522,-3870,-4522,-3870,-5522,-3870,3591,2617,7166,10163,5477,4372,10100,5387,1150,-1083,10100,5387
10/17/2023,621,-645,697,111,-565,697,1196,1305,1312,-100,-645,697,1949,1768,3340,-1422,-2943,-7520,-2546,-4331,-3914,-5638,-6745,-8430,917,1132,3685,-5638,-6745,-8430,621,-645,3557,111,-565,3557,1196,80,4172,1117,750,658,1949,2295,10028,-1422,-7360,-11485,-2546,-5543,-12712,-11120,-26920,-76870,-1427,-5543,-12712,-11120,-26920,-76870,865,1269,865,1269,1880,1802,865,1269,6983,12366,-3650,-3495,-1245,-1505,-6895,-8765,-1570,1731,-6895,-8765
10/18/2023,3308,5782,5997,3166,4511,5997,2421,5554,6912,4223,5782,5997,2596,4700,-8771,2640,245,-965,1770,7568,6828,6672,27701,40185,420,-1972,-3809,6557,25411,39385,3308,6380,7465,3166,4511,7465,2421,5554,8380,3723,5519,7462,2596,4700,-14605,2640,245,-2195,1770,7568,4895,6672,31757,55387,420,3145,2505,6557,29467,53637,6180,4302,5035,4302,5840,4302,5035,4302,-1759,-7505,-1340,-1369,4400,4590,31804,50532,-1163,-4913,31804,50532
10/19/2023,3335,16801,13880,4258,8197,10570,3281,6060,9507,3135,16341,9005,5459,1866,12395,6781,8626,32805,6552,8347,6592,17015,38692,46416,5463,5821,1349,16985,38257,45641,3335,16801,14199,4258,8197,11121,3281,6060,6065,2485,5768,3298,5459,3008,8312,6781,9405,20099,6552,8838,14011,17015,41239,58958,5982,9149,14441,16985,40804,57418,5985,5715,4390,4069,4232,4069,4552,3392,4016,6848,9430,21217,12776,13053,37575,46396,6089,5892,37575,45486
10/20/2023,3350,2800,5603,3204,3148,7506,3399,4005,3743,645,2800,5603,2968,5829,11371,4057,4549,16054,7308,11885,9237,9195,7906,18537,2517,3025,2816,9105,8114,18537,3350,2800,6355,3204,3148,7538,3399,4005,3240,2415,265,7404,2968,5829,11896,4057,6551,18062,7308,12171,21786,11979,22231,70326,6228,12936,17366,11879,22581,67856,7777,10444,8555,10444,9236,8822,7777,10444,5579,9162,7237,19310,9838,18451,11327,22597,3775,6926,11817,22597
10/23/2023,3577,8305,17567,3549,9160,17567,4228,9070,17517,4957,8540,17567,870,-2093,-5870,3420,3065,1378,1465,5291,1667,2852,5844,-5226,1500,3657,-5557,2797,4944,-5226,3577,8835,20053,3549,10454,20053,4228,10364,20003,5067,10522,25513,1170,-1267,-5262,3420,3065,-1655,1465,5291,2672,2852,5536,2474,410,5857,672,2797,4636,2474,9920,18926,10774,18926,11770,18876,10060,18926,-3835,-6303,-2375,-4123,-2400,-4151,4711,-3030,4111,-5893,3811,-3030
10/24/2023,345,4825,8749,335,4860,8749,330,4815,8744,525,4825,8749,736,2937,4990,-150,2491,2826,512,5858,4899,-650,3250,-2623,1607,2505,3594,-650,3158,-2623,345,4825,11019,335,4860,11019,330,4815,11014,270,1495,5499,736,2937,6387,-150,499,1961,512,4310,5111,-5615,-9289,-11684,-219,4310,4152,-5615,-9594,-11684,4657,11706,4607,11706,4892,11701,4657,11706,537,3653,444,6848,1629,4373,4990,2048,643,3306,4990,2048
10/25/2023,-215,-1115,-2047,-300,-420,-2317,-217,-554,-2422,-315,-1115,-2047,-1124,-6878,-8404,3685,3201,-1297,488,-828,-6810,10029,14887,25532,-54,-557,-811,9844,14887,25532,-215,-1115,-1390,-300,-420,-1660,-217,-554,-1634,-690,-3755,-6283,-1124,-5775,-16477,3685,3688,1153,488,-428,-7959,10029,20515,41219,2316,1960,-5634,9844,20515,41219,-1480,-4589,-1480,-4589,-1480,-4589,-1480,-4589,-6410,-8067,-642,-4693,-1025,-6777,16554,15306,1423,132,16554,15306
10/26/2023,1768,882,-876,2191,337,-876,406,257,-996,788,882,114,5999,9665,6663,3517,7731,10743,4314,6584,20983,5681,-5753,-4384,2962,227,6121,5681,-5999,-3128,1768,882,-486,2191,337,-486,406,257,-606,498,-2534,-3955,5999,9938,26407,3517,7731,14237,4314,7207,19682,5681,-10843,-1606,4311,8327,21077,5681,-9819,-6366,3239,5153,3239,5153,1784,5153,3239,6143,14983,9240,10880,15685,12346,23425,-3373,-6824,582,-1662,-3373,-4493
10/27/2023,503,1579,1243,730,1519,1178,1389,1539,1178,783,1579,1243,1668,3291,-6814,829,8981,-8040,381,11541,-7896,785,-6434,-8990,1132,283,2944,770,-6434,-8990,503,1579,-2199,730,1519,-2264,1389,1539,-2264,65,2597,594,1668,3291,-3879,829,8981,2025,381,11876,-5265,3295,9273,-17298,560,10499,-6265,3220,9103,-17298,1747,5055,1747,5055,1747,5055,1747,8180,2069,-2328,6340,9295,-5775,-8545,-6990,-4442,-1520,7986,-6990,-4442
10/30/2023,-1635,1250,2028,375,2909,-95,-515,-3435,-3497,-1635,1250,2028,1897,8367,8573,290,3080,-2559,1960,7161,981,-3351,-2776,2002,1345,6955,6329,-3406,-1286,2002,-1635,550,5075,375,2435,5970,-515,-900,2515,180,4082,4823,1897,8367,11142,290,3080,-6758,1960,7655,1076,-3351,-7932,-41500,1340,3115,5826,-3406,-6442,-41500,1550,-2460,-245,-4169,-27,-5394,1550,-2460,8691,14067,4466,4722,5854,3179,-4913,-7106,7413,9235,-4913,-7106
10/31/2023,-4455,-6477,-7713,-4455,-6477,-7713,-4455,-6477,-7713,-4455,-6477,-7713,685,-5111,-7277,494,-4316,-2869,-2135,-5696,-8445,-4385,-2415,-2529,-1001,1215,-4684,-4385,-2415,-2529,-4455,-6060,-10085,-4455,-6060,-10085,-4455,-6060,-10085,-3630,-7000,-13200,685,-5612,-10082,494,-4515,-1224,-2135,-6421,-9341,-3900,-5295,-2430,-2100,-6981,-10136,-3900,-5295,-2430,-6140,-8910,-6140,-8910,-6140,-8910,-6140,-8910,-2677,-7860,-5195,-3800,-4993,-4363,-5290,-8975,-2793,-5838,-5290,-8975
11/1/2023,1865,170,-1778,300,170,-1778,300,-1776,-1778,745,81,-1778,659,14884,10114,1810,2035,2379,1443,452,2598,4931,7103,13079,-1100,583,-3771,4906,7628,12279,1865,170,-4584,300,170,-4584,300,-1776,-4584,890,-1210,-4968,659,15052,790,1810,2035,4036,1443,707,5495,5733,17270,38238,1390,-353,1809,5708,18220,35988,28,4894,203,4894,203,4894,28,4894,318,436,1400,7659,4863,4026,11097,20200,-1465,-3259,10997,19400
11/2/2023,-624,28,971,-1314,28,971,-664,28,971,-889,28,971,324,-2374,-3515,1706,2095,6239,1571,3773,5221,3022,7590,2220,-10,1459,691,3022,7590,2220,-624,28,4967,-1314,28,4967,-664,28,4967,-1305,-744,-746,544,286,444,1706,2871,8142,1571,4585,14189,3022,16163,39089,1571,4585,5859,3022,16163,39089,-367,-5526,-367,-5526,-367,-5526,-367,-5526,-2741,-4981,2034,4008,2500,7279,671,3997,-876,2693,671,3997
11/3/2023,1860,1489,-6,1830,2308,-522,2138,2480,-462,1839,1489,-6,912,-762,-3741,1154,1173,-497,4031,2825,6444,7875,2669,-7090,1437,1375,-2935,7875,2669,-7090,1860,1489,3400,1830,2308,3033,2138,2480,3093,1654,-87,487,1109,2639,5944,1154,1173,-498,4031,2825,8538,7875,10435,9420,2574,2145,8538,7875,10435,9420,-725,1078,-328,694,-331,502,-301,1078,-4515,-3996,-590,3660,-1196,-1978,2715,-7705,1340,-4270,2715,-7705
11/6/2023,1700,3936,-696,1175,3851,-696,1175,3886,-696,1205,3261,1277,2536,12074,20869,1114,7941,15819,6134,17969,28658,3210,7385,-835,3225,6749,12659,3210,7385,-835,1700,3936,105,1175,3851,105,1175,3886,105,1205,4671,2299,2536,13509,34917,1114,7941,16716,6134,18174,27343,-735,-655,-7339,6724,10556,27758,-735,-655,-7339,4245,836,4245,836,4245,836,4245,836,8169,7520,5937,8064,9767,4545,2396,-3575,2746,14593,2396,-3575
11/7/2023,765,2930,139,1225,2960,139,1230,3162,49,515,2655,139,2497,4339,12524,2650,358,4214,5704,7599,1547,6772,3057,-2189,2925,-780,-2310,6772,3057,-2189,765,2930,-1074,1225,2960,-1074,1230,3162,-939,1645,2747,63,2497,4841,18861,2650,358,8502,5704,7599,14226,7135,4169,-10002,4170,7599,13329,7135,4169,-10002,-834,-4996,-1596,-4996,-1187,-4996,-834,-4996,4875,13639,-804,1127,5590,6524,2074,-4883,2719,-3098,2074,-4883
11/8/2023,2040,2498,2499,1795,2136,2499,874,1797,2041,1575,2498,2499,-185,5074,7877,1434,3123,5284,2575,-1737,8287,-2731,-6490,-5697,2258,2442,7631,-2731,-6490,-5697,2040,2498,5353,1795,2136,5353,874,1797,3099,750,1278,4128,-185,3253,20884,1434,3123,3352,2575,-1737,5122,-2731,-2851,-39189,2850,-2033,11741,-2731,-2851,-39189,-675,3719,-675,3719,-760,3719,-675,3719,9177,4681,6565,5930,2970,5248,-4905,-6663,4789,7342,-4905,-6663
11/9/2023,3520,7525,2982,3425,7410,2967,2690,7390,2967,2940,5275,2982,1915,-3638,-8831,915,-1671,-8459,404,-5255,-8851,10184,14879,-6879,-730,1808,-3101,9859,14454,-6879,3520,7525,4157,3425,7410,4142,2690,7390,4142,2940,4077,3444,1915,-3638,-15349,915,-1671,-14458,404,-5691,-11836,10184,9395,5273,800,-5211,-11336,9859,8970,5273,5560,1980,5745,1980,4525,1980,3770,2520,-4414,-7049,-5822,-8991,-3938,-8920,7119,20353,1349,-1950,7119,20353
11/10/2023,1360,5355,5006,1155,5320,5431,1355,5470,7232,1685,5355,5006,-5580,-6670,-7394,-190,3603,-4043,-1535,-2446,-3457,7865,23226,20961,790,2044,-487,7865,23226,20961,1360,5355,9473,1155,5320,9244,1355,5470,9209,1500,5265,5827,-5465,-12380,-22844,-190,3603,-3098,-1535,-2446,-3229,7865,22180,59704,-2415,-1786,-1747,7865,22180,59704,5553,7249,5518,7564,5409,8623,5553,7249,-6895,-8040,3263,4893,2062,4140,25254,31074,-6765,148,25254,31074
11/13/2023,2065,2005,5982,2295,2005,5982,3170,2005,5982,1700,1645,5982,2782,3055,9313,-320,-1307,1249,1274,-2739,-1083,-2125,-4530,-8882,387,642,-923,-2125,-4530,-8882,2065,2005,4431,2295,2005,4431,3170,2005,4431,2916,3160,3810,2782,3274,12706,-320,-1443,835,1274,-850,-1002,-2125,-17525,-45480,336,-610,-1002,-2125,-17525,-45480,-305,2872,-305,2872,-305,2872,-305,2872,2594,5503,-2054,-1837,-2394,-2542,-6578,-7366,1578,826,-6578,-7366
11/14/2023,35,2130,6013,-35,3855,5878,15,4190,5878,-255,2130,6013,6060,24407,52238,7402,15126,28629,9364,19438,28478,13503,6047,2697,4070,6222,10058,13503,6047,2697,35,2130,6292,-35,3855,6157,15,4190,6157,-255,380,6219,6060,24407,53695,7402,15080,37348,9364,18809,44691,13848,16831,31366,8629,16588,43691,13848,16831,31366,5307,4929,5252,4929,5972,4929,5307,4929,22667,39582,22072,16825,8336,19212,898,-5709,6143,9863,898,-5709
11/15/2023,885,-1105,-6235,1453,-1951,-5635,1643,-742,-5635,2348,-1105,-6235,-1190,-4100,-894,1360,1432,5128,1725,-11,2792,5987,15036,22410,-3,-3383,-3967,5912,15756,22410,885,-1105,-6162,1453,-1951,-5562,1643,-742,-5562,1345,-4996,-6924,-1190,-3314,-6644,1360,1479,7732,1725,1245,8969,1914,22477,45455,1257,1120,7799,1914,23197,44870,1178,-1248,1178,-1248,1178,-1248,1178,-1248,-242,-4349,5151,10277,7106,14426,18901,17721,-1500,-5721,18901,17721
11/16/2023,-130,86,-3709,-130,86,-3709,505,86,-3709,-120,886,-3709,2402,5887,11669,622,5236,7919,1109,1488,10006,-2090,-5090,-3246,696,2837,5843,-2090,-5090,-3246,-130,86,-3290,-130,86,-3290,505,86,-3290,250,2037,-797,2402,6371,17082,622,5236,11719,1109,1802,13174,-2090,6085,3705,402,4184,13292,-2090,6085,3705,-1771,-3031,-1771,-3031,-1771,-3031,-2356,-3031,2125,5334,2781,5589,586,4574,-4134,-3878,-520,515,-4134,-3878
11/17/2023,236,3350,-2199,231,3350,-2199,845,4635,-2199,136,3350,-2199,3895,10657,4567,895,1025,10893,1466,-2739,-2497,-2414,-4119,-7329,1325,2365,-2115,-2414,-4119,-7329,236,3350,-3072,231,3350,-3072,845,4635,-3072,-315,4165,4680,3895,10334,14538,895,1417,9730,1005,1007,27,-3964,-20581,-48211,1005,1007,2540,-3499,-20581,-48211,2845,-2565,2845,-2565,3430,-2565,2845,-2565,10722,5091,3110,785,1045,-3038,-6245,-8900,4360,-4209,-6245,-8900
11/20/2023,25,3346,-2707,-65,3376,-2707,-285,3157,-2707,555,3346,-2707,-810,-3954,-9000,919,3542,-2922,1916,2176,-1681,5700,19364,7096,-404,751,1978,5700,19364,7096,25,2452,-2267,-65,2695,-2267,-285,2476,-2267,95,2425,-5904,-810,-2989,-8380,919,3542,-2440,1916,2176,-1551,5700,37249,32315,1968,1606,-2391,5700,37249,32315,4191,366,4048,366,4013,366,4191,366,-3964,-7380,3393,-606,1205,-1268,12466,9530,1661,-70,12466,9530
11/21/2023,-1095,-296,1851,-255,159,1851,-895,159,1851,-297,-296,1851,395,-1352,-2901,-915,-39,-2925,-4550,605,-3348,-5430,-2397,-2282,1790,-1170,-1119,-5430,-2397,-2282,-1095,-296,5910,-255,159,5910,-895,159,5910,-557,617,6155,395,-1254,-2338,-915,-39,-5865,-4550,266,-3768,-7730,-13604,-32260,-5075,-507,-1458,-7730,-13604,-32260,-1827,-1769,-1827,-1769,-1827,-1769,-1827,-1769,-3035,-8300,-2392,-3398,-6875,-4502,-5331,-5958,-2835,-1049,-5331,-5958
11/22/2023,-400,-3315,-4673,160,-3390,-3728,365,-3445,-3728,-400,-3315,-4673,1305,-607,914,-460,-3696,-2117,-530,-3245,-7731,4625,-4390,-5966,-1238,-2925,-266,4625,-4390,-5966,-400,-3315,-6630,160,-3390,-5685,365,-3445,-5685,900,190,-5655,1305,-351,120,-460,-4811,-6640,-530,-5219,-13826,4625,-16600,-52394,-780,-6840,-12713,4625,-16600,-52394,-1560,-3229,-1670,-3229,-1670,-3229,-1560,-3229,525,13504,-3601,-3135,-5961,-4052,-3715,-8969,1085,-1122,-3715,-8969
11/23/2023,2295,3090,5020,2295,3090,5020,2295,3090,5020,670,3090,5020,2065,6420,6160,3950,6235,8550,4160,11025,12945,6795,6585,8020,3000,2070,3075,6795,6585,8020,2295,3090,5020,2295,3090,5020,2295,3090,5020,240,3090,5020,2065,6420,7455,3950,6235,8630,4160,11025,13705,6795,10855,17895,3730,11025,13705,6795,10855,17895,-1015,-1810,-1015,-1810,-1015,-1810,-1015,-1810,5090,4680,-650,-895,-925,-1280,-6820,-8005,-275,2750,-6820,-8005
11/24/2023,2825,3921,5949,2825,3921,5949,2825,3921,5949,1140,3921,5949,3455,7405,9440,4805,7404,8620,7315,11386,12330,6365,5854,5184,2780,75,3284,6365,5854,5184,2825,3921,6420,2825,3921,6420,2825,3921,6420,1355,5101,6420,3455,7405,12030,4805,8755,13960,7315,13135,19095,10885,20535,27655,7315,13135,19095,10885,20535,27655,-1925,-2780,-1925,-2780,-1925,-2780,-1955,-2780,2945,1835,-2470,-1550,-2280,-1925,-4280,-1255,-180,-135,-4280,-1255
11/27/2023,2185,254,-1818,1560,254,-1818,715,-1339,-1818,1685,-246,-1818,3349,5784,365,2845,2931,-3469,16,-1451,-7452,7755,-3890,635,2815,5002,83,7755,-4491,635,2185,254,-8291,1560,254,-8291,715,-1339,-8291,1185,-2136,-612,3744,6777,9331,2845,2931,-7124,16,-1451,-10133,6960,3313,-36886,801,-527,-10133,6960,2338,-36886,-1666,1800,-1666,1800,-3241,1800,-1666,1800,1935,-1630,-1591,-2889,-4770,-7424,-4898,-7079,4153,7088,-4898,-7079
11/28/2023,-1375,1735,1101,-1390,105,981,-1180,-775,981,-860,1735,1101,2585,4290,-802,540,880,2785,1665,368,4747,1627,-1289,-6483,610,-4,-4434,1627,-1289,-6483,-1375,1735,1279,-1390,105,1159,-1180,-775,1159,1123,-372,3241,2585,4401,4602,540,880,2785,1665,368,5100,-1288,-4310,896,1845,-307,5100,-1288,-4310,3506,2755,1895,2755,1895,2755,1895,2755,1895,2725,2622,-3495,140,-302,2803,-5749,-3300,2565,-3964,-5749,-3300
11/29/2023,-573,-2460,-4460,-353,-2695,-4280,-493,-2460,-3750,-573,-2460,-4460,-1920,-6145,-8605,30,-3336,-7842,-933,-4030,-8600,9555,11946,10098,-783,-5340,-7025,9555,11636,10098,-573,-2460,-5696,-353,-2695,-5516,-493,-2460,-4986,-728,-4270,-9585,-1920,-8204,-20434,30,-3336,-8959,-933,-4030,-11270,11336,21042,52594,-266,-4685,-10407,10818,20872,51943,-2065,-3291,-2065,-3291,-2065,-3291,-2065,-3291,-6605,-8985,-3795,-4792,-2780,-3734,11645,29313,-5155,-8375,11645,29313
11/30/2023,745,4111,2979,1782,2748,239,-588,212,-594,745,4111,2979,4318,7391,6991,12013,15036,1722,13199,10874,16295,5725,6535,4606,6220,6302,5949,5725,6535,4606,745,4111,-2385,1782,2748,-2858,-588,212,-3690,170,3213,321,4835,9024,13025,12013,15036,13,13199,10948,3443,4791,10349,-49500,12499,10758,1818,4791,10349,-49500,-3010,-869,-3010,-869,-3010,-869,-3010,-869,7502,4609,3297,60,7778,-436,-2301,-677,2215,3969,-2301,-677
12/1/2023,-295,-877,-754,-95,-877,-754,-95,-877,-754,965,283,-754,-546,-1941,-286,-2090,-895,-3325,-929,-4131,-1678,-2005,-5228,-8703,-1325,-47,1572,-2005,-5228,-8703,-295,-877,56,-95,-877,56,-95,-877,56,300,-969,-1313,-546,-1941,3960,-2090,-724,1311,-929,-2974,5090,-705,-160,-9943,-1572,-1653,5903,-705,-160,-9943,-1197,257,-1197,257,-1197,257,-1197,257,3642,179,-4473,-2911,3683,-5818,-6100,-8870,-3640,1184,-6100,-8870
12/4/2023,630,3770,7732,570,3905,7732,640,3835,6674,1616,3770,7732,1927,9458,12750,3238,8384,9758,3723,11375,14341,-1119,6191,3128,1493,4230,6671,-1119,6191,3128,630,3770,8700,570,3905,8700,640,3835,7650,1616,2916,7625,1927,9970,20767,3238,9528,17754,3723,12519,22134,1065,2329,6033,2061,13303,20959,1065,1249,6033,4013,9551,4013,9551,3653,9551,4013,10961,6608,12564,3801,11682,4444,12734,-6560,2665,1480,6473,-6560,2665
12/5/2023,540,2193,-1729,685,3336,-2469,2115,2059,-2469,1030,1861,-1729,3341,3313,11531,2103,4539,12438,2704,6400,6287,797,-4448,-6163,4205,2257,3681,642,-4448,-6163,540,2193,-944,685,3336,-1720,2115,2059,-1720,645,3916,580,3341,3313,12001,2103,4539,13667,2704,6953,10687,797,-2892,249,7261,7911,7093,642,-2892,249,1963,3772,3268,543,1005,543,2931,3772,427,10694,1183,13122,1653,4481,-5375,-7382,855,2652,-5375,-7382
12/6/2023,1005,70,483,990,250,488,1210,-185,-18,380,-270,483,-3150,-5870,-6955,-210,-5070,-7089,-205,-3495,-7580,11801,17314,19460,-2420,-6410,-6955,11366,16759,18830,1005,70,483,990,250,488,1210,-185,-18,-630,-2510,-7635,-3150,-12025,-21117,-210,-5070,-10555,-205,-3495,-11330,11801,21816,44724,-465,-4465,-11330,11366,21441,43565,405,740,490,890,675,740,-335,740,-6505,-8345,-3740,-8395,-5667,-3340,13174,21512,-6150,-8345,12619,21512
12/7/2023,3350,-4422,-6052,2540,-4422,-6052,1925,-4372,-6052,5035,-4422,-6052,1162,-1923,-4341,1027,4838,1954,3809,2504,6082,9631,3127,1440,580,629,1190,9631,3127,1440,3350,-4422,-7452,2540,-4422,-7452,1925,-4372,-7452,5770,-1891,-7633,1162,284,-975,1027,4838,3153,3809,2909,6633,9491,12162,26043,5160,2987,7583,9491,12162,26043,-5868,-6286,-5868,-6286,-6008,-6286,-5868,-6286,-3713,-5287,1930,3216,576,466,5348,3787,324,-7400,5348,3787
12/8/2023,3475,-3477,-736,2675,-2567,-736,2850,-3127,-736,3575,-2296,-736,2067,-2901,-653,2300,2214,13423,3092,4682,13995,7210,-303,-1404,1235,-289,1163,7210,-303,-1404,3475,-1477,2739,2675,-567,2739,2850,-1127,2739,3300,1388,7463,2067,-391,3787,2300,2214,17022,3092,4682,19974,7810,14690,47800,2000,4182,19829,7810,14690,47800,-2435,616,115,616,-925,616,-2435,616,-1514,-1945,1791,7128,1945,11475,-4354,-4249,0,2791,-4354,-4249
12/11/2023,3625,3122,2808,3366,2642,2808,3428,3179,3202,4140,3122,2808,-273,-3833,-6129,749,2720,1090,395,3413,-1743,5773,7887,9757,-889,-1253,-1156,5773,7887,9757,3625,3122,6974,3366,2642,6974,3428,3179,7024,2965,1460,1203,-273,-2491,-2719,749,2720,2104,395,3896,3851,5773,19780,44562,158,3961,3179,5773,19780,44562,2759,2218,2759,2218,3221,2218,2759,2218,-3752,-6559,1941,4896,4336,5543,10648,10237,-1342,-6463,10648,10237
12/12/2023,-474,1367,360,-464,1377,360,-464,1410,360,-474,1367,360,-5585,-6982,-9000,-5050,-6973,-8953,-5155,-6598,-8904,1322,6397,7170,-5445,-6850,-9000,1322,6397,7170,-474,1367,4055,-464,1377,4055,-464,1410,4055,-855,-630,-3478,-5305,-14910,-26360,-5050,-10375,-14525,-4780,-9330,-15500,1474,6555,34093,-4365,-10435,-15500,1474,6555,34093,3762,5834,3298,5834,3288,5834,3762,5834,-7000,-8980,-5374,-7450,-3986,-7166,11378,6484,-6300,-8975,11378,6484
12/13/2023,-335,-4605,-3122,-1732,-4650,-2737,-2532,-4650,-3002,-1330,-4311,-1670,5455,7625,8828,516,2930,-7675,2403,7822,1245,-1615,-6975,-8790,3022,3794,2504,-1620,-6975,-8790,-335,-4222,-7046,-1732,-4267,-6661,-2532,-4267,-6926,-855,-1880,-6373,5455,13800,16122,516,2930,-2630,2403,6132,3025,-4520,-17435,-35040,1948,4592,2015,-4525,-17465,-35775,-1645,-1785,-1745,-1400,-1620,-1665,-1645,-1785,8220,6498,1635,2435,8174,10299,4350,9163,5154,884,4320,4183
12/14/2023,-1090,-610,-2107,-1140,15,-2260,-1205,55,-1020,-950,-610,-2107,-2657,-3218,-2624,-604,-1814,-2909,-2700,-6385,-2910,2475,3221,-5784,-755,-4742,-7349,2475,3099,-7937,-1090,-610,-1027,-1140,15,-1752,-1205,55,-512,-2450,-2160,-1827,-2657,-2982,-6481,-604,-1814,-6025,-2700,-7905,-4740,2475,7458,19979,-1925,-9070,-8457,2475,7336,21734,6040,7190,6040,5913,6172,5913,6040,7190,-2689,-4580,1686,3545,655,12675,9665,792,-1097,-7349,9665,792
12/15/2023,520,5669,4983,1450,4324,3207,1325,5299,3207,-10,5669,4983,6062,9074,12317,4500,3860,3565,3280,-1030,5428,1648,-2200,-7323,3190,2232,4038,1863,-2200,-7323,520,6116,7716,1450,4771,4426,1325,5746,4426,676,6650,14263,6062,9535,20889,4500,6950,1110,3280,-365,7515,1648,-12874,-38243,3160,-365,7515,1863,-12874,-38243,5095,-3699,5095,-3699,3585,-3699,5095,-3699,18832,12790,2090,1271,4535,-4025,2881,-994,4761,8266,2881,-994
12/18/2023,2835,5596,4685,3591,5226,4422,2554,4690,4422,2380,4851,4685,-193,-4763,-8272,-272,2592,2664,5794,12212,-1395,7251,9179,-5948,-442,-627,-1156,7251,9179,-5948,2835,5662,10472,3591,5242,10472,2554,5045,10472,1769,5272,13038,2477,3135,4856,-272,3119,4902,6073,12513,5769,7970,12677,11320,5478,8081,5769,7970,12677,11320,8127,5778,7604,5778,7715,5778,8127,5778,-6525,-8990,5203,3633,5186,2748,-2286,-752,1944,-143,-2286,-752
12/19/2023,1105,4341,3603,-5,3056,3603,-649,3056,3603,-20,5536,3603,2850,-1503,4185,3789,6113,12497,3386,9995,14620,3557,3334,9143,1930,236,4985,3557,3334,9143,1105,4341,9035,-5,3056,9035,-649,3056,9035,-385,3321,11295,2850,5244,5707,3789,6741,20999,3386,12436,25910,5731,25285,66420,3190,11736,25910,5731,25285,66420,1901,3732,1901,3732,2186,3732,1901,3732,-3250,1638,4114,7411,5557,6766,5241,7110,-1995,4033,5241,7110
12/20/2023,1165,4038,4308,1280,2183,3858,893,2103,3603,640,4263,4308,148,-2946,-7192,-1506,-6429,-7471,-1455,-6236,-8695,960,-6620,17947,-1007,-533,-522,660,-6620,11813,1165,4038,19491,1280,2183,18946,893,2103,18691,1680,3726,4513,148,-2946,-12330,-1506,-5559,-11765,-1455,-5213,4754,-170,-16035,-30725,-691,-5973,2914,-470,-16035,-34030,2061,1982,2071,1462,1736,836,2721,1982,-3153,-8090,-6990,-8512,-3332,-8984,-7000,18315,-3530,-3362,-7000,10263
12/21/2023,2329,5494,7687,2003,3588,6509,1869,4295,4134,2270,5866,7144,-418,17,-7145,-434,-1118,-7360,380,-1159,-7216,1519,-788,-4146,2184,5005,5407,1459,-788,-4146,2329,5494,6520,2003,3588,6340,1869,4295,2940,2040,5249,8437,-418,271,-5155,-434,-1118,-8776,380,-1159,-8657,1519,-9248,-33031,59,-659,-6368,1459,-9248,-33031,3373,6195,2768,6195,2973,6195,3373,6195,260,-5237,-1725,-4390,2300,1273,-2439,-6180,1400,3157,-2439,-6180
12/22/2023,-2505,-6059,-6272,-2575,-5605,-6272,-2515,-6555,-7490,-2970,-6435,-6272,133,-902,691,-2940,-2504,-2083,-2678,-3094,-4112,-5225,-6560,-2991,-2310,-60,838,-5225,-6560,-2991,-2505,-7060,-13855,-2575,-6795,-13855,-2515,-6555,-12760,-747,-7755,-16855,133,-902,-3497,-2940,-3195,-2468,-2678,-5410,-9461,-6535,-16680,-44770,-1698,-5555,-9461,-6535,-17040,-44770,-4788,-6009,-4788,-6009,-4788,-6009,-4788,-6009,-197,7730,-5868,3720,-4552,7564,-6830,-5134,-215,6612,-6830,-5134
12/26/2023,-2615,-2464,7468,-2615,-2464,7468,-2425,-1059,7468,-1550,-2464,7468,-5975,-5585,-5581,-2065,-927,4624,-4074,-4951,-2725,555,8533,1212,-830,-655,3638,555,8533,1212,-2615,-2464,9479,-2615,-2464,9479,-2425,-1059,9479,-2235,-3431,3484,-5240,-11465,-11300,-2065,-1059,20287,-3904,-6895,14477,569,24093,110317,-3890,-7010,14477,569,24093,112337,-505,14191,-505,14191,-505,14191,-505,14191,-6935,-8190,494,16128,1336,20329,5529,6317,-805,9988,5529,6317
12/27/2023,215,1050,-1913,215,1050,-1913,215,1050,-1913,1980,1050,-1913,778,8339,11841,507,4527,3877,238,4558,4768,2995,-1625,-6700,627,-184,-1164,2995,-1625,-6700,215,1050,-810,215,1050,-810,215,1050,-810,2020,4410,-810,778,8339,15263,507,4527,4334,238,5692,5808,575,-5730,-23535,193,5032,8349,575,-5730,-23535,325,-1873,325,-1873,325,-1873,325,-1873,6866,3686,-2860,-4865,-2616,-1384,-4245,-5320,-2310,-273,-4245,-5320
12/28/2023,-30,-2345,-7619,-295,-1485,-7619,-587,-1175,-6964,1081,-2345,-7619,-805,-6648,-7882,1520,-892,-3200,-280,-72,-8128,4638,11338,6045,1039,-1350,2244,4183,11338,6045,-30,-2345,-7395,-295,-1485,-7395,-587,-1175,-6740,791,-4835,-9495,-805,-8610,-13750,1520,-1199,4420,-280,416,4924,6545,18152,59912,1215,-118,4204,6060,18152,59912,-2265,2074,-2265,2074,-2265,2074,-2265,2074,-6865,-6343,2627,3892,4517,7608,10211,11310,2093,8558,10211,11310
12/29/2023,-1030,-4868,-1145,-925,-5145,-3164,-186,-4835,-3164,-1030,-4868,-1145,3944,7326,13311,754,-273,-1678,249,-80,-2035,-4123,-6289,-7766,571,37,240,-4123,-6289,-7766,-1030,-4868,-3066,-925,-4951,-4030,-186,-4290,-4030,-348,-2060,-39,3944,7329,21329,754,1999,7797,249,344,7656,-2990,-14634,-24836,1704,391,7146,-2990,-14634,-24836,-1242,-3116,-257,-3116,-257,-3116,-1242,-3116,6509,18445,-2908,261,1924,5012,-4992,-8106,888,907,-4992,-8106
1/2/2024,1120,3139,4739,2235,3464,8385,2319,3509,8815,585,3139,4739,1862,7081,7742,6246,13217,24415,8428,20480,34933,12715,20535,10805,3080,1700,1237,12715,21700,12935,1120,3139,2034,2235,3464,3674,2319,3509,5419,2915,4015,-847,1862,7081,14134,6246,13217,25178,8428,20480,36049,12940,27844,77726,8133,18598,33589,12940,28454,79856,2911,11362,1686,11362,1686,11362,2791,12327,7011,14668,11772,25223,18116,33750,11994,12139,2878,6407,12909,12139
1/3/2024,2353,-1244,2932,745,-894,3752,170,-144,2397,2473,-1244,2932,3000,1961,-3882,5144,1889,4132,5742,-455,-807,6178,2024,1597,3586,1409,-1161,6178,1964,1597,2353,-940,925,745,-590,1745,170,160,390,285,-1284,2726,3000,5187,-2755,5144,1889,5458,5742,-2550,479,7557,9339,52166,6029,-768,1075,7557,9279,52166,2804,3331,2804,3331,2804,3331,2804,3331,814,-4395,5760,1799,7400,3212,10424,11503,1890,-691,10424,11503
1/4/2024,1325,1169,1955,1522,599,1955,1191,1171,3439,1075,669,1955,-490,975,1618,-820,-3175,-2207,645,410,-1208,-4010,-4063,1296,2534,115,5769,-4010,-4063,1296,1325,1169,1564,1522,599,1564,1191,1171,2231,60,-1508,-2432,-490,975,1184,-820,-3175,-316,645,410,-4541,1100,-3785,-6340,1205,410,-6552,1070,-4685,-6340,-307,2656,-307,2656,-307,2656,-2212,2656,122,287,-2655,-3145,2800,832,3942,-2033,1932,6568,3942,-2033
1/5/2024,-105,5192,9938,1838,5423,3826,133,686,4362,515,5468,9938,1968,6252,22710,1590,5287,18453,660,-521,-2025,-1411,-6471,-8882,970,565,7044,-2126,-6830,-8882,-105,5192,9390,1838,5423,3125,133,686,3804,450,4042,4119,1968,6494,24976,1590,5287,18745,660,215,8181,-880,-17916,-41048,635,645,7066,-935,-18045,-41048,2789,-2698,2836,-689,2110,-689,3149,-2698,11829,23256,7663,12546,1435,10349,-7000,-7774,355,3379,-7000,-7774
1/8/2024,1829,6007,13852,2019,6083,14393,2105,6303,14393,1839,6007,13852,-5890,-6970,-8071,-3090,-3526,-6048,-3580,-3692,-3982,5700,14886,28406,-745,-6910,-808,5700,14081,28406,1829,6127,17435,2019,6127,17435,2105,6303,17435,1590,3992,10520,-6405,-13195,-26870,-3090,-3526,-6195,-3580,-3692,-3581,5700,21619,60356,-4915,-4588,-3581,5700,20814,60356,7785,17538,8221,17538,8221,17538,7405,17538,-6920,-8930,635,520,3783,1659,23307,33454,-3875,185,22502,33454
1/9/2024,2820,5947,6982,4151,6919,7632,4107,6784,4217,2505,3742,3194,1961,-4567,-8350,2255,10263,12904,1220,8536,1712,4381,15997,-648,-160,3106,-7030,4381,15997,-648,2820,5947,6039,4151,6919,6039,4107,6784,2624,2710,5127,5214,1961,1527,8358,2255,11275,15757,1280,9456,14905,4381,18549,24227,-50,10135,14050,4381,18549,24227,5578,-4840,5390,-4840,5245,-4990,5358,-3115,-6160,-8235,2690,12333,7558,5910,14142,4277,4746,-7545,14142,4277
1/10/2024,1876,8164,7511,1881,8164,7511,1856,8164,7511,1425,4500,6511,1972,720,-5146,2805,4125,5526,3857,3874,3772,3552,3027,-70,3317,3710,717,3552,3027,-70,1876,8425,15049,1881,8425,15049,1856,8425,15049,1234,4234,13667,1972,2802,1760,2805,4125,7348,3857,3874,5204,3899,12337,46601,3592,3174,4099,3899,12337,46601,2867,4073,2867,4073,2867,4073,1187,3073,-4279,-6707,2138,6032,3955,16078,1744,-4437,1380,918,1744,-4437
1/11/2024,1385,2725,9258,1385,3609,6477,1390,2533,5793,1105,2688,9258,2601,-1588,-4504,105,-4541,-1887,-85,-4930,-4518,-5110,-5842,-623,4130,1137,10662,-5110,-5842,-623,1385,2988,9677,1385,3609,7139,1390,2533,5579,2578,4378,7392,2601,-1588,-2861,105,-4390,-2308,-85,-4040,-2747,-6540,-11577,-6601,-150,-5250,-1637,-6540,-11577,-6601,1894,-847,1864,-847,1562,659,2799,-847,1621,-2867,510,-5416,3105,-4205,-5130,-6892,1589,1611,-5130,-6892
1/12/2024,2130,-2567,-4517,-580,-2182,-4517,-1335,-2229,-4517,-50,-2567,-4517,6218,17521,17423,3837,13107,4412,5772,12490,10072,-2905,-3425,-8530,1797,1629,1386,-2905,-3425,-8530,2130,-4235,-11450,-580,-3850,-11450,-1335,-5565,-11450,1420,260,-9205,6218,19555,23298,3837,15013,9887,5772,13259,15897,-2905,-5280,-13805,4202,12378,16845,-2905,-5280,-13805,-4612,-7115,-4612,-7115,-4612,-7115,-4612,-7115,9643,20501,4952,5244,5474,15195,-4392,-3786,639,5940,-4392,-3786
1/15/2024,2675,4255,4165,2675,4255,4165,2675,4255,4165,1835,4255,4165,3630,6350,8471,2645,4030,6063,5685,8905,10079,2300,6555,5263,3445,2530,4038,2300,6555,5263,2675,4255,4165,2675,4255,4165,2675,4255,4165,1835,4200,4165,3630,6350,8709,2645,4030,7420,5685,8905,11423,2300,7370,8525,5685,8905,11423,2300,7370,8525,-735,-1835,-735,-1835,-735,-1835,-735,-1835,2830,5006,2560,1700,2035,-375,-3015,-6490,-880,4933,-3015,-6490
1/16/2024,175,2538,-3460,-95,912,-3460,-370,1502,-3460,-75,2538,-3460,784,3084,4062,-1629,-2564,-5732,-790,-2490,-3917,-5512,-6443,-6721,326,100,4141,-5512,-6443,-6721,175,1402,-2293,-95,679,-2293,-370,210,-5365,1703,932,899,784,3084,6400,-1629,-2564,-8484,-790,-2490,-7193,-5512,-11785,-48509,-616,-2920,-8243,-5512,-11785,-48509,-645,-2646,530,-2646,1909,-3044,547,-2646,4561,15285,182,-820,-656,755,-5518,-3112,1837,3634,-5518,-3112
1/17/2024,-225,-2194,-1257,-1410,-2194,-1257,-1410,-2280,-1257,-225,-2194,-1257,1567,6594,2041,1205,5461,-5986,1041,-884,-1955,-4020,-6992,-8996,2229,832,2641,-4020,-6992,-8996,-225,-2194,-9421,-1410,-2194,-9421,-1410,-3843,-9421,-485,-3339,-10634,1567,5114,5861,1205,978,-5022,1041,3778,-547,-4020,-5339,-17755,1529,5270,4406,-4020,-5974,-17755,1239,-2099,1164,-2099,1124,-2099,1239,-2099,3323,4005,-780,-5885,2410,-2795,-6375,-3747,-630,-4276,-6375,-4242
1/18/2024,15,2785,4032,15,2785,4032,50,3270,4032,-570,1396,1496,3387,7694,5337,1990,2563,3842,4250,6360,5639,345,12590,13161,1120,-307,11799,345,12590,13161,15,2985,3157,15,2985,3157,50,3470,3157,-1230,366,2256,3387,5896,8676,1990,2563,7865,4250,6360,18569,345,8323,26441,922,5191,15146,345,8323,26441,3061,3797,3061,3797,3511,3797,3061,3797,7915,2816,5921,7245,10812,7290,16252,17331,230,9546,16252,17331
1/19/2024,1420,3240,6554,1430,3240,6554,1430,3245,6554,680,3240,6554,-3935,-5524,-8995,-1105,-3740,-8960,-3610,-6415,-8995,5125,5995,17590,-3295,-6315,1349,5125,5995,17590,1420,3240,6719,1430,3240,6719,1430,3245,6719,2160,2975,3356,-3120,-10029,-23898,-1105,-3635,-8505,-2230,-4880,-12825,5125,11840,28765,-2160,-3735,-11690,5125,11840,28765,3406,5369,3406,5369,3411,5369,3406,5369,-6559,-7614,-2238,-8515,-1835,-6160,125,228,-6930,-556,125,228
1/22/2024,65,-329,-3447,220,11,-2827,114,-408,-2827,-185,-329,-3447,-899,-740,-4214,2775,1895,4930,2146,6463,8857,10324,13746,12306,55,-2327,2315,9794,13746,12306,65,-329,-3477,220,11,-2857,114,-408,-2857,-1115,-1701,-3894,-899,-249,-6199,2775,1895,4930,2146,6463,9353,10924,26916,51800,1671,6983,11523,10365,26516,51800,-4131,-5660,-4131,-5660,-4131,-5660,-6765,-5660,-477,-3522,744,5232,663,6439,3370,7315,2082,-5323,3370,7315
1/23/2024,-3060,-6994,-7453,-3036,-6994,-7453,-3036,-6994,-7453,-2125,-6994,-7453,-1815,-1150,-2967,-2690,-3625,-7304,-1930,-1914,-5618,-5750,-802,5469,-1196,2138,2169,-5750,-802,5469,-3060,-6994,-10419,-3036,-6994,-10419,-3036,-6994,-10419,-2180,-4107,-10151,-1815,-527,-3959,-2690,-3625,-7873,-1930,-1914,-7825,-7385,-8707,-16152,-535,-592,-8700,-7385,-8707,-16152,-4760,-7740,-4760,-7740,-4760,-7740,-2025,-7740,1071,521,-550,-823,1485,1791,-3889,498,713,2549,-3889,498
1/24/2024,630,-443,-936,475,327,-1368,615,-403,-1436,120,-443,-936,2153,-194,-3001,1350,-520,-7186,4577,2156,-8845,4490,2718,-58,3116,5461,8744,4490,2718,-58,630,435,-2373,475,650,-2648,615,540,-2328,430,826,-2485,2153,-194,457,1350,-520,-6586,4577,2156,-8110,4490,7191,-10680,4092,656,-10370,4490,7191,-11950,815,3620,749,3910,1254,3260,-115,3620,2484,-3337,2502,1278,-71,-6498,-6849,617,4519,8105,-6849,617
1/25/2024,-1365,935,2261,-455,998,3898,-510,1606,6360,330,935,2261,-511,-5000,-8830,-2129,-5791,-7585,-4479,-6502,-8998,-1615,-4875,-7872,-954,-913,223,-1770,-4875,-7872,-1365,935,2950,-455,998,4380,-510,1606,7386,-320,1390,-1599,-511,-4701,-12772,-2129,-8871,-14389,-4479,-13507,-20986,-1615,-16155,-22575,-3814,-12877,-20986,-1770,-16175,-24465,-806,2432,-721,2432,-976,2432,-806,2432,-4740,-7334,-5802,-6324,-6795,-8997,-6805,-8106,609,3733,-6805,-8106
1/26/2024,2163,-1755,-6617,1684,-1288,-6925,1981,-1008,-7081,1598,-1755,-6617,4721,2617,866,4360,3980,-640,2285,-1355,-6681,-3120,-4346,-4483,2693,1934,1188,-3120,-4346,-4483,2163,-1755,-6616,1684,-955,-7076,1981,-675,-6951,1489,-1872,-8039,4721,2617,-711,4360,4566,-36,2285,-241,-6629,-4395,-9440,-21335,2699,262,-6629,-4395,-9440,-21335,-4547,-6219,-4547,-6219,-4547,-6219,-4547,-6219,6205,5379,209,-1586,-4732,-1915,-4097,-6205,1321,3782,-4097,-6205
1/29/2024,-965,2143,2194,-960,2453,2194,-960,2453,2194,-610,1738,2194,-4369,-6549,-8968,-3765,-7000,-8990,-4257,-5114,-8996,-3640,-971,6386,-1139,-2927,1471,-3640,-1281,6411,-965,2471,5583,-960,2781,5583,-960,2781,5583,-680,-1110,-5549,-4369,-12584,-20132,-3765,-7930,-11675,-4745,-4730,-10886,-3440,-1374,2207,-5365,-4270,-11061,-3440,-1684,2232,2274,3950,2584,3950,2584,3950,2274,3950,-6175,-8997,-3015,-5384,300,-2570,-3295,-2925,-1690,1854,-3509,-2925
1/30/2024,-965,-3207,-3705,-895,-3212,-3705,-805,-2967,-3705,-1195,-4389,-4545,-1455,-2270,-7447,2193,7484,9465,1672,6553,543,3317,-1028,1628,2135,390,1951,3317,-1028,1628,-965,-2922,-5005,-895,-2927,-5005,-805,-2682,-5005,-310,-1155,-4870,-1455,-1410,-2191,2193,7049,9583,1672,6283,5454,5548,3264,11478,2365,6861,6785,5548,3629,11478,-4291,-4485,-4291,-4485,-4291,-4485,-4291,-4485,-4061,-7803,-304,8508,-420,6316,-857,-5435,-460,6989,-857,-5435
1/31/2024,5452,10741,19901,5382,12021,20203,5264,11677,21958,3696,7361,16791,5436,5635,7280,4773,11227,8060,6253,8884,11660,6130,5724,-2168,4075,5267,4524,6130,6909,-2168,5452,10741,17600,5382,12021,16356,5264,11677,18111,3696,8310,8995,5436,5635,14857,4773,12370,15639,6253,11896,16273,6330,12269,18852,5878,11006,15254,6330,14074,18852,9718,21042,9683,21042,9673,21042,8513,18026,7339,12136,9195,16195,10565,13315,2685,-1969,-380,9546,2400,-2972
2/1/2024,-2220,-4805,-6653,-2235,-3705,-6201,-2240,-4761,-6135,-435,-4805,-6653,514,-3531,-7146,1501,1881,-2894,-1870,-6995,-7096,-2325,-2821,-5617,-1064,-1339,3285,-2325,-2821,-5617,-2220,-4805,-5245,-2235,-3705,-5275,-2240,-4400,-5135,415,-3655,-8780,514,1470,-12805,1501,1881,-5667,-390,-4680,-12659,-2325,-3801,2230,-1130,-2536,-7920,-2325,-3801,2230,-4093,-3278,-1990,-4015,-2395,-3688,-1795,-3278,-5579,-8437,-385,-1451,-1885,-6965,2559,-8930,-6465,2705,2559,-8930
2/2/2024,1940,5252,7230,2520,5164,5893,3500,5179,5926,2460,5252,7230,-802,-1317,-8956,1660,4694,3994,1404,3513,-5490,6862,2656,-3294,-1485,-6330,-5391,6732,2656,-3294,1940,5252,7542,2520,5164,7496,3500,5179,7466,2090,3269,6470,-802,2156,357,1660,4694,4214,1404,4791,4262,6862,7202,20345,1026,6195,6699,6732,7202,20345,5470,4072,6406,3766,5161,3736,6595,4072,-3200,-8550,3801,1984,-6280,-7329,10850,-5698,-4522,-7850,10850,-5698
2/5/2024,1790,4694,5130,2481,5411,3971,2279,4094,4287,1220,5789,5130,132,4208,4058,292,5746,6348,235,-975,7216,-210,-4791,-5535,1286,1858,2866,-210,-4173,-5535,1790,4694,6184,2481,5411,5451,2279,4094,5451,1220,5214,5919,132,4208,6189,292,5746,6348,235,360,7705,-210,-289,-9129,-180,842,6114,-210,761,-9129,617,2422,827,2422,12,2422,617,2422,3090,4064,2767,2850,1857,3196,-3054,-8066,959,3653,-3054,-8066
2/6/2024,1540,4468,5533,-217,3143,9114,783,4661,9917,930,4393,5358,2140,4817,-447,2090,11394,-3385,4159,7762,2715,3959,-4497,-7689,2399,577,480,3959,-4497,-7689,1540,4468,5533,-217,3143,8351,783,4661,8394,865,4223,7052,2140,4817,-3866,2090,11394,-10256,4159,7744,3326,6878,4290,1735,4004,6992,3811,6878,4140,1735,4493,3575,3051,3575,2574,3575,3263,3144,4191,-1368,1416,1686,2525,653,-3683,-7034,-2303,1772,-3683,-7034
2/7/2024,2140,738,-1577,1420,176,-1577,1420,196,-1577,2900,738,-1577,2524,7766,16161,3417,3317,6691,2812,4464,9492,-1265,-6059,-4293,2663,2847,3896,-1490,-6059,-4293,2140,738,-182,1420,743,-182,1420,763,-182,4295,4412,707,2524,7766,19504,3417,4688,12973,2812,4580,15688,-806,-3277,1765,1298,4585,15688,-1031,-3277,1765,-340,-4374,-340,-4374,-1600,-4374,-340,-4374,6433,13989,3287,722,2095,348,-6018,-6233,3146,5659,-6018,-6233
2/8/2024,-820,-2590,-6150,-635,-1590,-6150,-320,-2430,-6150,-630,-2590,-6150,1349,3304,1057,-96,1956,954,-557,913,-958,-4435,-3981,-3792,-520,2081,-39,-4635,-3981,-3792,-820,-2590,-6150,-635,-1590,-6150,-320,-2430,-6150,540,-1530,-3175,1349,4184,4711,-96,1956,1396,-557,913,-4850,-10920,-17025,-16798,133,913,-4850,-11120,-17025,-16798,-4215,-8940,-3050,-8940,-3050,-8940,-4215,-8940,184,-998,-593,2371,-3245,-5060,-1932,-1018,-2205,-7055,-1932,-1018
2/9/2024,3,482,572,8,659,535,-2,437,535,3,482,572,-900,-5456,-7274,525,-22,-1076,-89,547,-8051,9407,6668,2517,30,-1404,-1030,9407,6668,2517,3,482,890,8,659,1076,-2,437,1076,-315,-865,805,-900,-3505,-7292,525,-22,-1076,-89,547,-5949,11329,16139,41142,-585,547,-5949,11329,16139,41142,539,478,534,433,674,433,539,478,-4414,-7941,49,612,1927,2560,12098,-2935,2405,-125,12098,-2935
2/12/2024,275,1341,-2542,820,1401,-1757,1250,1721,-1757,-425,531,-2542,462,3879,-6838,-1025,1766,-8984,-2115,-1899,-8988,3130,5661,-6346,877,-885,853,3130,5661,-6346,275,1341,-2092,820,1401,-1307,1250,1721,-1307,120,76,-545,462,3879,-13923,-1025,1911,-8752,-2115,-894,-18534,3660,2340,-10050,300,-329,-16174,3560,2340,-10050,-2560,-4957,-2595,-5549,-2125,-5549,-2995,-4957,-1885,-8274,-2310,-8775,-250,-8636,17265,18034,597,1963,17265,18034
2/13/2024,1147,3465,14215,1560,3250,12045,1804,2983,12045,252,3465,14215,1725,6265,1046,2325,5994,13078,3375,7101,17763,7472,20103,15331,3130,3707,5155,7412,19363,14531,1147,3465,12029,1560,3250,11804,1804,2983,11804,500,1340,5682,1725,6265,9586,2325,5994,12467,3375,7101,18570,7472,21375,32557,3130,6401,19982,7412,20635,31757,6925,13003,6925,13003,6925,13003,6925,13003,1324,-310,8550,8691,14401,18250,8547,12308,6596,6444,8547,12308
2/14/2024,-175,1692,3650,-930,761,3420,-965,761,3420,-810,1692,3650,2167,2529,-2065,1597,1582,540,2314,5970,3179,-985,4415,1752,-135,3651,2795,-905,3825,1752,-175,2135,5009,-930,1204,5009,-965,1204,5009,34,2860,2234,2167,541,-4263,1597,1582,558,2314,5970,-6362,-720,-3730,-18603,-1728,5970,-6362,-905,-4320,-18603,1385,3986,1477,3986,1477,3986,1060,3986,800,5732,1758,1613,3456,1441,6452,12408,1900,4138,6187,11298
2/15/2024,-15,-473,-4403,690,-578,-4403,615,-2218,-4403,-250,-883,-4403,365,5197,-5070,-1960,-6930,-6225,-3105,-5990,-8917,-2008,-5740,-7466,145,-929,1643,-2008,-5740,-7466,-15,-473,-2770,690,-578,-2770,615,-2218,-2770,250,-949,-715,365,4332,-174,-1960,-3065,-14345,-3105,-6125,-21182,-2558,-17170,-55924,-2658,-6125,-21182,-2558,-17170,-55924,-2810,-7888,-2810,-7888,-2810,-7888,-2810,-7888,3690,-1190,-2529,-8935,-6940,-8975,-6065,-8210,-2860,1758,-6065,-8210
2/16/2024,2648,4212,7563,510,2100,12270,520,2582,11815,1413,3167,7563,4775,5904,6637,4664,5908,4847,5744,7743,10972,5730,8915,23306,4030,2430,2097,5435,6646,24396,2648,1513,-1365,510,-332,-325,520,188,816,1215,-388,-3138,4775,6209,5477,4664,7398,9583,5744,9683,13038,6818,10708,21182,4659,9203,10248,6523,10398,23207,7170,13649,6850,13649,5860,13315,7170,13649,4989,5683,8992,3368,9522,10285,14361,8651,3491,3654,15356,8651
2/19/2024,3695,5215,5094,3695,5215,5094,3695,5215,5094,3695,5215,5094,4590,8190,9569,4970,8235,7610,6360,10755,10965,5395,6345,3145,3795,1765,2105,5395,6345,3145,3695,5215,5590,3695,5215,5590,3695,5215,5590,3830,4800,5590,4590,8190,9569,4970,8235,9795,6360,10755,14325,8535,13490,18145,5595,10755,14325,8535,13490,18145,-4005,-5040,-4005,-5040,-4005,-5040,-4005,-5040,1055,3608,2830,2605,3560,5270,1905,-140,-945,1935,1905,-140
2/20/2024,1400,5596,15166,1550,5770,9938,1768,4914,8391,1270,4396,15166,1050,2310,-2628,-665,-100,-7756,1973,-1321,-3665,-3108,-851,-4839,1835,2699,3040,-3108,-1424,-4839,1400,5596,6144,1550,5770,6282,1768,4914,3081,1270,4298,13671,1050,2310,-4781,-665,-100,-4331,1973,-1321,-9508,-2735,-502,-13827,2413,1618,-7724,-2735,-1277,-13827,-608,481,1821,486,1641,486,-608,481,2629,-4127,-434,-7843,-6840,2320,-4654,-4604,-239,1826,-4654,-4604
2/21/2024,1800,3015,9606,935,3080,9606,965,3080,9606,1439,4154,9606,2315,8939,22612,4537,11531,27988,5439,22323,22465,2404,2741,-3095,3777,1382,12795,2404,2741,-3095,1800,3015,7996,935,3080,7996,965,3080,7996,1439,2612,952,2315,9145,24003,4537,9845,18681,5439,19530,18989,2404,5805,10295,6158,18585,18989,2404,5655,9135,4176,13651,4176,13586,4171,13716,4761,13651,9180,12752,12873,28944,23634,36190,-1159,-364,3205,10980,-1159,-364
2/22/2024,1590,3050,1352,2055,2684,1773,2855,2659,1717,1530,3595,1352,-5585,-6590,-7747,600,-2111,-4950,1100,-667,-8991,6809,8225,3996,-925,-1265,-3855,6699,8225,3996,1590,3050,1766,2055,2684,1821,2855,2659,1761,600,1465,-354,-3735,-8636,-16363,600,-2111,-3501,1100,109,-5597,6544,11897,32630,1486,2632,-1670,6434,11897,32630,1933,-48,1677,752,1631,741,1933,-48,-5375,-8980,-295,-956,-1305,-4289,10579,3743,-3210,-8995,10579,3743
2/23/2024,275,-2094,1922,91,-1632,3922,1101,16,2262,627,-2861,1922,1311,3160,5590,699,-226,4525,1057,1323,1839,8350,-2411,-6264,286,390,891,8350,-2411,-6264,275,-2094,1074,91,-1632,3074,1101,16,1414,615,-1275,-951,1311,3160,7266,699,-304,1816,1057,1323,3907,8044,12041,45186,707,1323,3674,8044,12041,45186,866,2637,1636,2637,1636,2637,866,2637,3297,16912,295,7994,6441,12518,-4843,-5240,-1560,633,-4843,-5240
2/26/2024,1532,-5933,-3848,1102,-5083,-3848,1117,-5083,-3848,1712,-5662,-3848,2502,2808,3445,2282,-632,1618,215,-610,-3619,-2011,2616,11684,1867,96,-3863,-2426,1681,11684,1532,-5933,-8608,1102,-5083,-8608,1117,-5083,-8608,1142,-2686,-7808,2502,3103,7740,2282,-632,1181,215,-610,-3498,-5685,-15970,-37862,455,-1518,-8038,-6100,-16905,-38472,-2368,-6650,-2368,-6650,-2368,-6650,-2368,-6650,4261,11453,259,7009,-1825,5085,3145,13943,1409,8358,1830,13943
2/27/2024,1388,2705,1274,1502,3769,1274,1639,3199,1274,1038,2705,1274,1779,1744,3010,4634,4526,9852,3593,6181,10592,931,-2864,-7070,3781,3325,4996,931,-2864,-7070,1388,2705,401,1502,3769,401,1639,3199,401,-982,1592,3574,1779,1744,4182,4634,4526,10121,3593,6181,6266,931,-1807,741,3363,3803,8456,931,-1807,741,2468,3165,2468,3165,1973,3165,3345,3165,228,1610,2639,2820,3780,8187,-199,-6610,-1135,2924,-199,-6610
2/28/2024,3970,7418,518,4525,5931,518,3865,6205,518,3050,6448,518,3100,4889,14734,4067,3627,-1322,2946,13177,21590,6757,6690,-3567,3421,7687,1668,6757,5967,-3567,3970,7418,-41,4525,5931,-41,3865,6205,-41,4447,5780,-665,3100,4889,17949,4067,3627,-1068,2946,13177,17404,1858,6284,-6834,1140,14187,18753,1858,5764,-6834,-4345,-3376,-4345,-3376,-4498,-3376,-4345,-3376,11151,19758,-1050,-4984,1589,-146,-5705,-4802,1465,5740,-6080,-4802
2/29/2024,510,2735,2059,535,2376,2059,362,2416,2059,425,2735,2059,-619,-2078,-4930,807,2761,2959,-34,1208,-1589,3315,6994,9740,278,1716,1053,2942,6134,9740,510,2735,6421,535,2376,6421,362,2416,6421,425,1120,164,-619,-1900,-5784,807,828,7721,-34,1821,63,3315,11577,39110,-427,1186,63,2942,10717,39110,4483,3504,4483,3504,4483,3504,4483,3504,-1123,-4170,3805,4468,5392,2231,4998,15169,540,730,4713,15169
3/1/2024,1560,1883,3429,1685,2112,3429,1461,1616,3164,2690,1883,3429,-5500,-6400,-8180,-956,-2604,-8656,-303,-2788,-8996,6610,1927,12434,-1222,-2713,-903,6610,1927,12434,1560,1883,3862,1685,2112,3862,1461,1616,3957,2275,500,-420,-4390,-8662,-20018,-956,-2120,-4865,-303,-3351,-7264,6610,9036,30999,-2865,-3052,-6254,6610,9036,30999,475,3725,475,3725,529,3725,475,3725,-6245,-8590,359,-3319,-5263,-5410,2910,11363,-3704,-210,2910,11363
3/4/2024,1445,2447,649,1305,-1033,584,1405,-183,439,1365,57,649,6036,11966,2592,4338,7008,-3043,6440,4266,1565,6530,4693,-4940,5797,1460,-777,6530,4693,-4940,1445,2447,-872,1305,-1033,-937,1405,-183,-1082,1640,457,-2493,6036,12804,-9353,4338,7721,-5253,6440,4654,590,8397,9931,37420,6034,5169,-1120,8397,9931,37420,-1975,5067,-1975,5067,-1975,5067,-340,5067,5269,7661,5150,2304,75,6531,5815,5893,-818,4557,5815,5893
3/5/2024,1015,5070,12682,1639,7630,15900,3409,10571,18281,770,5675,12682,2360,4587,10758,2893,9135,26731,7193,13024,34103,9980,8965,7638,2248,3330,-2809,7025,8965,5598,1015,5070,13265,1639,7630,16292,3409,10571,18966,460,1465,5802,2360,6294,19091,2893,9315,31639,7193,13379,41356,9473,15514,70218,6353,11373,38105,7902,14719,68875,3767,9669,5607,8888,5493,10139,6446,6928,10744,12654,12083,22318,21431,34487,8511,2716,1009,-1059,8511,2716
3/6/2024,2213,1065,892,3020,2574,4108,5576,9643,4840,1848,240,-243,2685,2610,-1164,1285,463,-6253,2245,1725,5598,4855,3375,-3098,3084,-1415,1832,4855,3073,-3098,2213,1065,216,3020,2574,4108,5576,9643,4840,1568,465,-112,2685,3052,5867,1285,463,-14930,2245,1725,1920,3745,-7490,-33811,1930,1174,1215,3745,-7890,-33811,5195,5654,5605,9340,6077,12341,3520,6910,2563,7698,-4403,-8856,735,-1938,-2266,-4301,285,8502,-2266,-4301
3/7/2024,1935,8994,8850,2728,8650,8850,3377,8650,8850,1650,8634,9410,-1953,-3750,-6805,649,3831,1580,1461,5414,-856,7624,16272,4457,-800,1559,-971,7624,16272,4457,1935,8994,11612,2728,8650,11612,3377,8650,11612,1756,10812,22482,-1208,52,-4571,649,3831,1580,1461,5798,-1246,8699,24696,15034,668,7029,780,8699,24696,15034,6581,9816,6581,9816,6581,9816,5781,13371,-5019,-7134,-3290,-3634,-3483,-5310,4706,1316,-243,-7775,4706,1316
3/8/2024,1390,860,-5118,1103,1370,-5218,175,658,-6304,1590,860,-5118,1415,2778,-2712,1845,3194,-8657,2170,-985,-7502,3215,-6755,-7182,-1510,-635,2126,3190,-6755,-7182,1390,860,-1859,1103,1370,-1959,175,-900,-2184,1590,495,-2884,1415,1707,-651,1845,3565,2278,2170,2480,-1790,4444,5772,12448,2770,1685,400,4419,4882,10863,640,1050,354,598,-990,-1520,640,1050,2318,-7664,230,1969,-4425,-8960,-6995,-8540,-3817,1031,-6995,-8540
3/11/2024,3900,-565,-6680,3700,-1535,-4787,4700,115,-5704,4967,-565,-6680,4617,10861,12726,2825,6876,1545,4314,2421,3726,1640,-4880,-7235,2769,-419,-963,1640,-4880,-7235,3900,-565,-12188,3700,-1535,-10188,4700,115,-11688,2785,1843,-8939,4617,10861,15434,2825,6876,2212,4314,2841,10345,945,-1050,-42384,5364,2209,8353,945,-1050,-42384,-4675,-6487,-4325,-6867,-4360,-6958,-4675,-6487,8378,12177,1171,1202,-3080,1006,-6635,-6508,-1500,-180,-6635,-6508
3/12/2024,2089,3805,3878,1205,2634,3242,1049,2555,5407,2119,3805,3878,-88,-5160,-2313,1025,925,-1606,953,-1784,-7878,4034,6869,5050,348,3595,256,4034,6334,4985,2089,3805,7021,1205,2634,3181,1049,2555,6781,635,4237,6890,-88,-5160,-6009,1025,2257,4341,1103,1429,4695,4234,17668,42801,697,2448,3552,4234,17438,42281,4041,9044,3837,9044,3835,8413,4041,9044,-3857,-7272,2356,2154,-1326,-7337,8747,9265,215,1858,8265,9200
3/13/2024,2510,-997,6249,2480,-525,5976,3429,-255,7561,2395,-997,6249,9489,17409,18344,5600,16748,24039,9930,14554,25510,7170,9945,8543,6120,6430,6233,7170,9945,8543,2510,-997,1357,2480,-525,-1300,3429,-255,285,2154,409,3293,9489,17639,28214,5600,16392,24800,9930,17790,27899,7170,4154,27529,9580,16990,27899,7170,4154,27529,1332,5187,1332,5187,375,5187,2335,5187,19475,28419,19050,23786,17015,15121,14538,-479,4475,1965,14538,-479
3/14/2024,3830,7000,18370,4260,9090,19100,5090,9680,20414,1615,7645,20280,1845,-446,3821,4940,11152,27245,3305,17249,42194,12846,21589,11447,1625,2381,-5058,12796,20944,13732,3830,7000,18386,4260,9090,20175,5090,9680,20298,2155,6556,16515,1845,5097,17915,4940,12004,30549,3305,17517,52518,13742,30595,80972,3750,18327,41991,13692,29950,83257,2990,14663,2855,14461,3331,16020,3005,14623,5680,10723,15295,35000,28735,41557,3590,-196,1646,-8650,3590,-996
3/15/2024,3210,1958,-1958,2853,2090,-2465,2104,1940,-123,2975,673,-4789,6617,13523,16816,7778,14046,23852,8534,12094,29842,9677,10363,477,4425,4074,1622,9677,10363,477,3210,1958,-2620,2853,2090,-2968,2104,1940,-2148,1990,1697,-3094,6617,13523,27012,7778,14458,24267,8534,12094,32323,9677,17246,31587,8416,10644,30483,9677,17246,31407,1098,-1136,1098,-1136,1098,-1136,1098,-1136,17621,16824,16222,20349,18476,27966,-3934,-7047,1799,9930,-3934,-7047
3/18/2024,1855,1840,-1757,1871,1720,-950,1881,2320,-1085,1165,1840,-1757,236,-1616,-4016,-2000,-5715,-8430,-1035,-5009,-8633,-4030,-4185,-5400,-815,-1480,-5016,-4030,-4185,-5400,1855,1840,-1757,1871,1720,-950,1881,2320,-1085,1165,2120,-3182,236,-1616,-8772,-2000,-4525,-14150,-1035,-4096,-15731,170,-3440,-10125,-1035,-4096,-15731,170,-4240,-10125,-1460,256,-1460,256,-1460,256,-1460,256,-2653,-5391,-6575,-7422,-6980,-6997,-6805,-3942,-310,-8290,-6805,-3942
3/19/2024,-315,525,-4320,-365,695,-2288,-350,805,-2306,-580,525,-5188,-220,-6260,-9000,705,41,-8990,1780,-4275,-9000,-565,-160,7985,710,3038,-7065,-565,-160,7985,-315,525,-2141,-365,695,-1997,-350,805,-1772,-105,-1570,-4541,510,-2345,-9175,705,2990,-6800,1780,2915,-3615,435,5844,17964,1080,2915,-4325,435,5844,17964,1362,775,1537,1032,689,1102,1362,775,-5890,-8950,-4323,-8355,-1005,-8980,-6955,-8380,-55,-8955,-6955,-8380
3/20/2024,1345,1255,3375,540,1030,3260,540,1030,3260,1765,1435,2790,-300,-850,-8072,-1904,-6362,-8540,-3712,-6621,-8220,-3742,-6131,3237,-971,450,-3199,-3742,-6131,2812,1345,1255,4375,540,1030,4260,540,1030,4260,-350,3695,3320,-300,-850,-9585,-1904,-7879,-1039,-3712,-5709,-3886,-3742,-2110,-18276,-3556,-5709,-3921,-3742,-2395,-19501,-335,3375,-335,3260,-335,3260,-120,3570,345,-6075,-6815,-8845,-6790,-8968,-7000,-9000,-2005,-8975,-7000,-9000
3/21/2024,1590,1306,315,1396,966,315,1336,1261,425,1878,2105,817,584,-4413,-7149,551,-1651,-8840,409,-2346,-8999,-848,-6439,-3902,-397,-294,-5598,-848,-6439,-3902,1590,1548,1647,1396,1208,1912,1336,1503,1892,1878,-4,-2099,584,-4185,-15488,551,-840,-16498,409,-2330,-19993,1997,-1279,-12832,-587,-2330,-19993,1677,-1594,-12997,109,362,109,362,109,362,-487,757,-6426,-8502,-5744,-8856,-3004,-8999,-6980,-8394,-1233,3037,-6980,-8394
3/22/2024,-183,-35,-2376,-685,-35,-2376,130,-35,-2376,807,-515,-2542,276,1088,1756,256,-1024,2617,906,-728,1659,-5222,-1682,-6671,125,-805,-3192,-5222,-1682,-6671,-183,-35,-2156,-685,-35,-2156,130,-35,-2156,807,-1321,-3602,276,1105,8202,256,-1024,3269,906,-728,2395,-5222,-7982,4151,805,-1364,2395,-5222,-7982,4151,-1305,-3031,-1305,-3031,-1305,-3031,-1305,-3031,6095,6639,1619,6127,-325,6895,-3822,-7280,305,-7750,-3822,-7280
3/25/2024,3777,1342,345,3367,1342,345,3367,1342,345,3777,1342,345,5419,2265,546,6534,5399,-664,8199,1331,-1461,6930,-4370,-5382,2923,2553,624,6930,-4370,-5382,3777,1667,-4807,3367,1667,-4807,3367,1667,-4807,2771,3156,227,5711,4658,12623,6534,5399,-2190,8199,1331,-1446,6930,-10487,-60301,5790,1331,-1446,6930,-10487,-60301,3852,104,3852,104,3852,104,3852,104,3433,3528,1583,-341,120,-1328,-6892,-6457,3157,589,-6892,-6457
3/26/2024,905,-632,-2949,-29,-792,-2704,-184,-387,-1794,-280,-1202,-2949,-1170,-4471,-8682,750,2092,-1359,1420,4156,-4074,9493,13939,21540,-1208,-765,-5514,9298,13939,20750,905,-632,-2650,-29,-792,-2405,-184,-387,-1495,1645,-4340,-10060,-1170,-4268,-11147,750,2092,1175,1420,4156,-738,13413,24145,60728,1420,2855,-1723,13143,24145,59938,-75,-8735,-775,-8735,-575,-8735,-75,-8735,-6655,-8945,4681,2329,5606,3818,15299,19494,2045,-8510,15299,18364
3/27/2024,2908,-3,-701,3667,-1571,-3751,2841,-2890,-3751,560,396,1097,3900,4074,-1228,4578,4746,-3835,3358,8341,-3691,3687,4455,1665,3205,4426,2746,4250,4455,-970,2908,-3,-701,3667,-1571,-3751,2841,-2890,-3751,50,2766,-4594,3900,4042,2395,4578,6307,-7038,3358,6100,-5498,4565,7891,-56456,3212,5875,199,5130,7891,-43554,285,3088,-1355,153,-1190,153,-2735,195,2685,957,610,-2342,7483,-64,-2370,2722,2231,2630,-2370,2722
3/28/2024,-2475,-4959,-6610,-2480,-4959,-6610,-2480,-4959,-6610,-2730,-4959,-6610,2314,1218,2378,445,1458,-202,-616,1515,-2025,11860,-1125,-8501,1128,3213,-952,11860,-1125,-8501,-2475,-4850,-6610,-2480,-4850,-6610,-2480,-4850,-6610,-495,-3545,-7630,2403,4558,9769,445,1280,1026,-616,1436,-1642,14010,-3795,-25050,4229,2561,1038,14010,-3795,-25050,-2580,-8155,-2580,-8155,-2580,-8155,-3080,-8155,-650,-2734,-2205,-5395,-732,-6310,-5060,-6436,-1890,-3781,-5060,-6436
4/1/2024,-1960,-1173,-3308,-1380,-1933,-4708,-825,-1144,-4323,-2085,-1173,-3308,-197,1567,-2480,-2264,-3886,-3552,984,-51,2730,-914,-3005,-3754,3428,1118,538,-914,-3005,-3754,-1960,-1173,-2457,-1380,-1933,-4094,-825,-1144,-3895,145,163,-1328,-197,1837,2377,-2264,-3830,-7901,984,-277,-5919,-914,-10875,-36886,854,-726,-7128,-914,-10875,-36886,-1758,-3631,-1788,-3746,-1788,-4433,-1758,-3631,453,55,-3127,-6146,-6465,-7146,-3725,-729,690,6035,-3725,-729
4/2/2024,-2870,-3874,-5985,-2895,-3874,-5985,-2860,-3874,-5985,-245,-4269,-5985,-3944,-6166,-5453,-5070,-4906,-3751,-5354,-6986,-4915,-3820,-590,304,-1444,-633,-31,-3820,-590,304,-2870,-3670,-5985,-2895,-3670,-5985,-2860,-3670,-5985,-330,-2798,-6388,-3944,-7266,-15212,-5070,-7151,-16936,-5354,-7051,-11116,-3820,-14980,-18977,-6114,-9256,-11116,-3820,-14980,-18977,-2810,-4740,-2810,-4740,-2810,-4740,-1315,-4740,-5003,-8313,-6370,-5425,-5309,-6866,-6925,-1719,-2400,-327,-6925,-1719
4/3/2024,-990,-1197,-533,1085,-217,-533,-614,-1642,-533,-1165,-1197,-533,-2650,-4452,-6039,-3665,-4654,-3700,-3643,-4082,-2569,-5594,-3579,-5331,-2377,-1298,-30,-5594,-4139,-4784,-990,-1197,121,1085,-217,121,-614,-1642,-845,-1605,-1677,-3014,-2650,-5953,-12853,-3665,-7583,-14871,-5709,-9809,-20222,-9805,-29480,-68991,-6474,-11404,-18057,-9805,-29670,-69791,4811,12618,4886,12618,157,6113,4811,12618,-5981,-5708,-6339,-1762,-3483,-3486,-3903,-8198,355,2967,-3903,-8198
4/4/2024,2485,4117,7189,3005,3882,7374,3045,4017,8489,2615,3815,9382,3193,2803,-4281,2938,5857,-2653,660,1227,-3113,4069,-6908,-8827,648,-271,-550,3984,-6908,-8827,2485,4117,5275,3005,3882,5460,3045,4017,6695,3555,5859,6377,3193,2803,-5094,2938,5857,-10990,660,-1454,-15845,4069,743,-32245,459,-2099,-19020,3984,-772,-38405,5535,12350,5520,12110,5270,11880,6690,14465,1891,-4018,3954,-8559,-886,-7511,6975,-8916,749,4725,6975,-8916
4/5/2024,2206,1286,-4227,126,-500,-4227,260,-470,-4337,1471,1286,-4227,80,253,148,70,172,-490,-423,1570,-2517,-3275,-3872,-5001,1526,1256,2374,-3275,-3872,-5001,2206,1286,-2634,126,-500,-2634,260,-470,-4523,130,-1330,-8413,80,2277,3939,70,172,-54,-423,1570,-2207,-3275,-7990,-30752,-444,349,-2574,-3275,-7990,-30752,-2280,-2946,-2280,-2946,-2399,-3056,-2280,-2946,3000,9977,-10,6391,1735,11453,-4083,-6929,1847,5850,-4083,-6929
4/8/2024,-425,-1770,-5301,-410,-1720,-5301,15,-1700,-5301,-590,-1770,-5301,4373,4510,8420,2510,2704,5056,2093,3194,1767,-1340,-3275,-2244,3118,733,2351,-1225,-3275,-2244,-425,-1770,-6923,-410,-1720,-6923,15,-1700,-6923,-215,2764,-4763,4373,4510,8174,2510,2704,4717,2093,3194,2655,-335,6129,-845,2590,-2604,-1315,-405,6129,-845,-5980,-6592,-5980,-6592,-5980,-6592,-6030,-6592,2835,8607,1257,3680,-1525,5020,-6491,-7874,2971,3591,-6491,-7874
4/9/2024,3470,7318,-3313,4087,5292,-4051,2428,3944,-221,3550,7318,-3313,2690,11754,308,3960,3988,-132,5513,1505,-2238,-2305,-3775,1671,-36,-103,-1095,-2305,-3775,1671,3470,7318,-2394,4087,5292,-4520,2428,3944,-9714,3065,3176,-6872,2690,8299,6929,3960,8157,631,5513,8387,2231,5295,11994,-38386,4843,8822,1246,5195,11994,-38386,-440,-1458,-550,-1058,-155,-448,-440,-1458,3328,4417,1500,-4960,-512,-4975,-6100,-5425,-1758,-3393,-6100,-5425
4/10/2024,1902,3676,5111,3525,3459,4456,3613,711,4456,2906,4201,5111,6858,14404,16019,7533,14879,11957,8137,6660,10651,6035,10193,1048,11332,4443,8411,6035,10193,1048,1902,3676,8578,3525,3459,7923,3613,711,7923,2020,1846,7694,6858,14404,15433,7533,14879,10900,8137,6660,2726,7330,12005,-27607,8137,6834,4986,7330,12005,-27607,290,5981,815,5981,790,5981,290,5981,7127,4295,8054,4206,8074,4341,-2574,6317,3380,4428,-2869,6317
4/11/2024,985,380,758,940,-735,725,604,-730,680,395,380,758,-3315,-6775,-8768,243,952,632,-422,1891,-2490,6938,11251,19110,275,-670,-3945,6938,11251,19110,985,380,3348,940,-735,3588,604,-730,3543,415,-800,3127,-2835,-6890,-15878,243,952,1526,-422,1891,-438,6938,15046,38687,-492,1361,-1438,6938,15046,39037,730,651,780,651,558,606,596,651,-7000,-8735,1600,1224,3455,286,17373,21857,-1160,-7645,17373,21857
4/12/2024,-80,-3035,-7280,-1190,-3526,-7340,-1180,-3397,-7230,-20,-3035,-7280,815,3320,-2680,4056,9522,5334,3780,4812,2734,10094,14219,-768,1180,-2010,-7070,10768,14219,2271,-80,-3035,-8862,-1190,-4290,-7917,-1180,-4720,-7807,-650,-3075,-12490,815,3795,-2956,4056,9522,3102,3780,5015,2596,10094,23561,-2289,3533,3045,4337,10768,23561,-2289,-3375,-747,-3120,-747,-3120,-747,-3375,-747,3027,-2786,-411,-417,9484,2873,703,-7566,2954,-7047,703,-7566
4/15/2024,1685,3912,5154,2096,2512,4330,2029,3528,4936,1055,2897,5154,-2605,-6937,-7478,1515,166,-8057,-592,-3070,-7516,12702,13765,13212,-245,-6400,-7145,12492,14940,11619,1685,3912,4733,2096,2512,4385,2029,3528,4936,1055,1932,4121,-2605,-6880,-20670,1515,630,-4392,-592,-2002,-7669,13385,21614,58234,940,-4265,-12910,13145,22789,55109,3805,7064,3805,7064,2423,7064,1355,7454,-6040,-7950,1260,-1417,424,-6464,21636,18769,-6275,-8595,21636,16189
4/16/2024,5328,3060,5956,5378,3075,5956,4325,3061,5956,4848,3060,5956,4599,6884,26013,4253,6254,26219,6474,11717,24787,6426,7952,4542,5384,3473,6879,6426,7952,4542,5328,3060,6345,5378,3075,6345,4325,3061,6345,2594,4948,10987,4599,6884,29883,4253,6254,26751,6474,11717,30269,6426,14090,17806,6922,9584,28049,6426,14090,17806,4355,8872,4355,8872,4355,8872,4355,8872,11104,30668,10105,24850,10397,21299,1363,-4878,3933,7060,1133,-4878
4/17/2024,3850,7580,10181,4825,7027,11524,5164,6591,12327,2949,6830,13222,-265,-6968,-8964,2589,4724,7123,8335,12419,16243,13027,27723,10093,3305,527,-189,12847,27178,10093,3850,7580,10181,4825,7027,11524,5164,6591,12766,2949,6830,12262,70,2217,5776,2589,4724,7817,8335,12419,23899,13027,27723,29369,9305,12038,22274,12847,27178,28527,5724,12988,6035,12364,6128,12339,7007,12749,-5830,-8932,4740,8495,12724,26844,8397,24825,4124,-157,8397,24655
4/18/2024,2401,4930,1411,3135,2876,1697,3235,4878,1732,1705,3820,1411,2928,7053,-3343,2985,5936,-618,4079,9164,7090,5450,13581,17007,3463,1668,4486,5250,13581,16894,2401,4930,340,3135,2876,195,3235,4878,230,2246,4871,3788,2928,7053,-3892,2985,5936,1321,4079,9218,7890,5450,16559,32716,2884,4578,5740,5250,16559,31916,2405,4857,2470,4857,3150,5456,2517,4857,6387,-2361,3915,25,10395,13228,3331,22603,3492,3004,3331,22603
4/19/2024,2130,3446,-3758,1715,2828,-3698,1571,1087,-3113,1741,1660,-1605,-745,-6990,-7615,2100,5656,6735,2965,6868,-7904,15250,20059,28231,1350,-6185,-8995,12680,19064,28981,2130,3446,-3544,1715,2828,-3144,1571,1087,-2559,1741,4360,-3630,-745,-5270,-8531,2100,5656,8195,2965,7585,5065,15250,27744,46225,3330,7244,6372,12680,26749,45885,2939,6164,2939,6164,2444,6164,1479,1795,-6285,-8680,5775,11602,3582,8952,22244,56897,-4023,-8675,22154,56182
4/22/2024,435,326,711,1235,211,787,1090,141,863,985,-1469,-1147,1534,4098,7194,475,-1550,-693,1080,-232,-4287,-4940,-5799,-3388,2020,2825,1489,-4940,-6004,-7958,435,326,2276,1235,211,2293,1090,141,2227,50,-90,-3174,1534,4098,4248,475,-1217,-2675,1080,-232,-10633,-3455,-19260,-49562,1850,-305,-13141,-3455,-19440,-50412,-411,1516,-181,1401,-301,1401,-746,1516,6196,3590,-889,-2195,-1659,-4212,-7000,-8761,6930,3098,-7000,-8761
4/23/2024,1493,6179,9956,1462,6049,10906,2837,4731,12149,2813,6179,9956,5890,3842,-7055,5593,8556,723,11268,10356,13575,10887,1865,-6006,965,680,-7055,10887,1865,-6006,1493,6179,10077,1462,6049,10818,2837,4731,12173,3131,4886,8535,6106,7629,2265,5593,7706,-590,11268,10711,13890,12492,24916,38399,9653,9159,11794,12492,24916,38399,3107,3596,4032,3409,4810,5919,3107,3596,-4365,-5626,3332,-6404,-822,2150,-1930,-5201,3175,-7245,-1930,-5201
4/24/2024,920,1147,-4406,-975,2282,-2333,-10,1966,-4904,-195,1147,-4406,247,759,-870,102,-1569,-3096,-321,-1028,-7165,-3640,-6440,-6570,-247,970,-6320,-3655,-6440,-6570,920,1147,-5163,-975,2282,-4644,-10,1966,-4489,325,887,-5643,247,2453,7612,102,-2360,-8442,-321,-3180,-8341,-6050,-16622,-44697,187,-2105,-9391,-6065,-16797,-44697,-1552,-1257,-540,-1257,323,-2623,-1552,-1257,3962,1045,-1042,-3364,-2402,-5540,-5540,-5480,-1199,-5432,-5540,-5480
4/25/2024,2040,80,357,960,-10,1197,940,926,1197,150,80,357,-1290,-5572,-7489,190,-1087,7069,-917,-76,-490,720,-2611,486,-2975,-3662,-95,720,-2611,307,2040,80,1412,960,-10,2252,940,926,2252,1830,-26,591,-1290,-4388,-4593,190,-1087,7066,-917,-2352,3073,720,2585,-435,-1255,-1187,-110,720,2585,-1385,-190,-1773,-269,-933,632,-1073,-190,-2933,-2733,-8660,3250,2677,-660,-8348,-6460,-8787,-3616,155,-6460,-8787
4/26/2024,3200,2129,522,3465,765,522,2987,2396,1320,3655,1264,522,3519,4137,6919,4103,7658,3938,5063,13327,7684,315,-1687,-8764,3643,4968,8683,315,-1687,-8764,3200,2129,26,3465,765,26,2987,2396,769,3530,187,1656,3519,5448,15640,4103,7658,5732,5063,13327,10389,315,-2670,-15318,3339,16445,12779,315,-2670,-15318,-3992,-1203,-3992,-1203,-2932,-1203,-3992,-1203,5474,9084,2115,5213,11904,6782,-4348,-7418,7243,10550,-4348,-7418
4/29/2024,6385,10255,15723,6458,10390,15289,7291,9899,15531,5528,10255,15723,4003,14587,31472,4990,19122,25495,9035,21968,33718,6317,11189,9777,5170,550,9425,6317,11189,9777,6385,10255,15939,6458,10390,15505,7291,9899,15747,4800,10305,13683,4003,14587,33815,4990,17864,35007,9035,22436,44761,6317,16771,44599,8500,20364,44761,6317,16771,44599,9594,8521,9594,8521,9774,8521,10539,8521,11328,27674,11670,20566,16375,25073,2234,1201,6408,11807,2234,1201
4/30/2024,1445,1565,-4015,1400,1555,-4010,1518,1980,-3384,1445,1565,-4015,-1530,-2551,146,1587,1913,8142,2386,12820,10007,14884,20329,33175,1296,2665,3475,14309,20329,33175,1445,1565,-1000,1400,1555,-995,1518,1980,-1185,1044,-470,-5705,-1530,-3605,509,1587,1913,8727,2386,12820,8058,15399,26951,56998,2646,12820,6458,15214,26741,56028,420,-1626,420,-1626,420,-1626,420,-1626,-4722,-6272,3085,3530,3754,3750,28326,40104,2491,4990,28326,40104
5/1/2024,2775,7179,15593,4252,6529,15063,4691,6612,16035,1205,5419,14466,7061,10834,19797,6970,13342,26860,8550,16900,24586,1996,6588,11714,7903,8721,7089,1996,6188,11424,2775,7179,15036,4252,6529,14506,4691,6612,15782,825,1404,15107,7061,12516,38916,6970,13342,29300,8550,16900,38574,1996,2606,55432,8995,16900,38574,1996,1756,52582,4590,10690,4145,10260,4040,11278,4590,10690,10182,17952,7310,24743,11375,21552,3409,16802,8464,9778,3614,16802
5/2/2024,1345,3096,7337,1097,1395,6568,-230,925,5500,2160,3126,7337,2687,5221,-568,570,2725,-6429,519,-1307,-8446,-2800,-6974,-7720,2136,887,846,-2800,-6199,-7720,1345,3096,7688,1097,1395,6855,-230,925,4297,2160,3215,1336,2687,5221,2887,570,2725,43,519,-786,63,-2200,-2655,-22078,1016,-1502,1017,-2200,-2775,-22078,1949,5506,384,524,426,524,1979,5506,2548,3199,-2813,-6141,-4476,-6555,-6910,-8840,1633,5704,-6910,-8840
5/3/2024,1580,2728,310,1291,3363,760,2701,3313,760,1115,2728,310,842,6438,9688,3697,6385,11373,6213,8586,12316,5677,3995,-6292,2402,3175,8332,5677,3995,-6292,1580,2603,2316,1291,3436,2072,2701,3386,2072,1955,5051,628,842,6438,11083,3697,6447,15865,6213,9689,13397,5437,9583,-13882,4788,7914,11405,5437,9583,-13882,-1735,-4360,-1231,-4886,270,-4886,-1735,-4360,8006,17823,7308,12854,9957,8665,7279,-3336,2535,10339,7279,-3336
5/6/2024,-872,1687,2720,-1047,1713,2720,-1233,1543,2720,-482,1687,2720,-5770,-6934,-7996,-3013,-4474,-5036,-1858,-2202,-8912,2689,10997,17307,-3670,-1356,1219,2689,10997,17307,-872,1610,8687,-1047,1928,8687,-1233,1758,8687,-490,-2616,-1768,-7435,-16010,-27586,-3013,-4474,-3519,-5386,-8753,-14050,3422,13064,51509,-7315,-4763,-14050,3422,13064,51509,3320,4730,2727,4730,2727,4730,2320,4730,-7000,-7830,586,-416,1626,-1727,11509,18540,-5875,-299,11509,18540
5/7/2024,245,1185,-7989,1770,-890,-7989,-185,-890,-7989,-1455,310,-7989,-1265,918,-5583,-1613,-1869,-4448,-1763,369,-5754,-3935,-2874,-4592,743,1124,3106,-3935,-2874,-4592,245,1185,-10345,1770,-890,-10345,-185,-890,-10345,135,3140,-6996,-1265,918,-2553,-1613,-1869,-9438,-1763,369,-13343,-9555,-20262,-36461,-1404,1434,-13343,-9555,-20262,-36461,-4720,-8785,-4720,-8785,-4720,-8785,-4720,-8785,-3520,-7717,-4764,-5879,-5393,-7907,-6089,-7668,-1877,3123,-6089,-7668
5/8/2024,210,-1413,-75,1248,-404,1368,567,-546,803,195,-2184,-75,1217,599,1091,1296,589,5269,2058,335,1091,2110,-5420,-6969,-951,-887,-1621,2110,-5420,-6969,210,-1413,1102,1248,-404,1092,567,-546,934,1095,-734,7643,1217,961,9673,1296,589,10130,2058,335,13506,3054,-1266,2062,1850,1395,13506,3054,-1266,2062,560,-1700,-955,-1872,50,-2144,560,-1700,3050,4475,68,-2035,3104,2420,-3765,-6665,767,-2510,-3765,-6665
5/9/2024,3328,1965,1224,2645,2210,1224,2900,2210,1224,3768,1775,-3397,3773,7746,16971,2924,4475,10942,3362,7730,13572,3473,-1141,-4188,3043,3080,2415,3473,-1141,-4188,3328,695,-1013,2645,940,-1013,2900,940,-1013,2718,5955,-4015,3773,7746,17760,2924,4475,12837,3362,7974,16046,4500,-6715,-17940,3958,9234,16046,4500,-6715,-17940,-3955,-7225,-3955,-7225,-3955,-7225,-3955,-7225,7715,9445,1559,1317,2544,1770,-1906,-4688,1664,209,-1906,-4688
5/10/2024,-3110,-5775,-5567,-3110,-5870,-5637,-3045,-5020,-5637,-3050,-5775,-5567,-680,-504,4212,1573,-642,-2877,-1686,-4508,-4945,-1914,-392,-6594,3095,2184,-722,-1914,-392,-6594,-3110,-5775,-5150,-3110,-5870,-6905,-3045,-5020,-6905,-1620,-3161,-6425,-680,-374,6872,1573,-642,-4459,-2225,-5839,-5102,-3689,-18824,-53408,1610,-5016,-3715,-3689,-18824,-53408,-3480,-6352,-3480,-6352,-3480,-6352,-3480,-6352,-2040,2272,-3289,-3486,-3447,-4468,-4375,-7410,11,3144,-4375,-7410
5/13/2024,-1185,-2318,1138,705,-3185,1138,405,-3185,1138,-2220,-2961,1138,4076,10724,12129,4121,7261,8494,5561,11820,14507,11149,9429,13912,2452,2323,3210,10859,9687,13912,-1185,-2175,514,705,-3185,514,405,-3185,514,-2820,-1700,7174,4076,10724,12610,4121,7261,14157,5561,12823,21259,11759,24048,56012,6477,12878,21259,11469,24103,56012,-2266,-6203,-2266,-6203,-2266,-6203,-1406,-6203,9437,5383,6717,1209,4915,5084,7366,-62,917,1549,7366,-62
5/14/2024,-75,2235,4021,-10,2335,4021,45,2435,4021,480,2475,4021,-1506,-2057,-7839,-1135,-2166,-8009,428,100,-5830,4440,12548,16226,-2160,-2733,-4805,4440,12548,16226,-75,2235,5344,-10,2335,5344,45,2435,5344,-955,1500,-336,-1506,-1713,-7042,-1135,-1690,-3511,428,499,177,4440,18564,34177,1214,273,-1222,4440,18564,34177,3620,6170,3715,6170,3620,6170,3860,6170,-6620,-7815,-664,-3109,-798,740,14853,23576,-5181,-7615,14853,23576
5/15/2024,1674,4127,6372,1509,4305,6372,1659,4093,6758,2489,4127,6372,-1745,-6210,-8225,4350,539,-1555,2937,4196,770,8135,20150,27040,-1679,-5353,-7234,8135,20150,27040,1674,4127,10523,1509,4305,10523,1659,4093,10366,1999,2247,2389,-255,-7810,-17860,4350,539,999,2937,4196,1817,8855,24004,58959,1880,3713,1817,8855,24004,58959,4771,4763,4716,4763,4721,4763,4851,4763,-6770,-8155,3649,1522,4938,4783,24161,28073,-6680,-8161,24161,28073
5/16/2024,-150,-3450,-5275,714,-4935,-5275,-106,-4935,-5275,-845,-3805,-6270,-1130,-6388,-8986,-1326,-5814,-6787,-2926,-6298,-7403,-5290,-1816,58,-570,-2115,-1411,-5290,-1816,58,-150,-3496,-8946,714,-4182,-8946,-106,-4182,-8946,-375,-1351,-8646,-1130,-7408,-14926,-1326,-5568,-10384,-2926,-8508,-18129,-2880,-10576,-12226,-2225,-9038,-19269,-2945,-10576,-12226,-5116,-8596,-5116,-8596,-5116,-8596,-4765,-8596,-6970,-8719,-6335,-8888,-6835,-8948,-4755,-4024,-784,-3130,-4755,-4024
5/17/2024,680,515,7573,474,1868,8398,1145,3255,9213,270,248,7573,-1210,-4565,-2349,3890,2805,9675,1784,2831,15231,5304,12696,3903,-245,-13,2254,5244,12696,3903,680,515,8702,474,1868,9527,1145,3255,10612,1310,387,5130,-1210,-3943,-8964,3890,2805,10462,1784,2831,26734,5015,26594,99107,1784,2831,20214,4955,26594,99107,7589,11313,7589,11313,7589,11313,7589,11313,-3737,-6125,8515,28000,13947,29542,7160,1819,3917,8839,7160,1819
5/20/2024,4798,8435,-3374,5809,8435,-3374,6619,8730,-3374,4798,8435,-3374,6366,14546,13299,4026,12685,5738,2792,20313,11920,660,14104,-6870,698,2865,1752,660,14104,-6870,4798,7252,-2262,5809,7252,-2262,6619,7547,-2262,2340,6114,8555,6366,14616,13779,4026,12685,8770,2792,20738,13595,2176,36593,-12643,2843,21198,13595,2176,36593,-12643,3080,-6753,3080,-6753,1945,-6753,3080,-6753,750,1671,7943,-743,-1949,-1145,2457,-7317,289,-1318,2457,-7317
5/21/2024,-1630,-104,-70,-1438,-154,-70,-1655,-154,-70,-1875,-469,-70,-5935,-6895,-8856,-2650,-3330,-853,-4187,-4217,-2777,-1851,967,3662,-2415,-3820,-1142,-1851,967,3662,-1630,-104,2470,-1438,-154,2470,-1655,-154,2470,-2065,-1177,-2626,-5935,-11215,-20328,-2650,-3330,-1993,-4187,-4217,-8300,-1851,5858,43506,-4402,-4922,-8300,-1851,5858,43506,1379,7218,1379,7218,1379,7218,1379,7218,-6625,-8820,-369,2527,-1145,-770,2177,2154,-3605,-553,1377,2154
5/22/2024,-295,-440,-1366,500,-490,-3641,-285,-270,-2876,-295,-440,-1366,-825,-6204,-9000,-2935,-7000,-8385,-3290,-6000,-8485,-5965,-6990,-5730,-600,-666,-8940,-6000,-6990,-5730,-295,-440,-2175,500,-490,-4925,-285,-2020,-4040,-645,1505,-5013,-825,-5909,-12103,-2935,-9155,-28085,-3290,-11035,-29345,-9045,-32815,-87160,-3510,-11805,-29345,-9245,-32815,-87685,-1125,6823,-1120,7547,-2705,5283,-1125,6823,-6965,-4980,-6970,-8500,-6945,-4985,-6920,-7485,74,-8745,-6920,-7485
5/23/2024,1280,-650,-285,1800,430,981,170,1850,-808,1904,-466,-285,1542,3795,-2985,3793,5056,4871,3611,6683,7405,2088,13340,9196,2214,1199,2237,2033,13070,8551,1280,-650,587,1800,430,963,170,1850,-207,1904,-286,-729,1542,3795,380,3793,5056,6943,3611,7122,7771,2088,15204,22659,3314,6727,4556,2033,14934,22014,2440,7911,2440,7911,2685,8911,2440,7611,1045,314,5400,8605,8595,10376,12403,9218,4083,4429,12403,9218
5/24/2024,800,3980,2473,1017,4517,2570,1562,4347,1992,2035,4627,4488,266,-564,1413,-2603,-5068,-4584,-2048,-2548,-7526,420,-5971,-7537,519,2118,2905,310,-5971,-7537,800,3980,3991,1017,4517,3988,1562,4347,4076,2035,6062,8681,266,-564,242,-2603,-6365,-15461,-2048,-6027,-13874,478,-21960,-50101,-1586,-5702,-17909,368,-21960,-50101,6805,1383,7328,1383,7333,1311,6650,6254,-1059,1352,-3444,-5723,-4837,-6945,-5809,-7618,384,3600,-5809,-7618
5/27/2024,2725,4883,5692,2720,4883,5692,2748,4883,5692,3050,4883,5692,830,760,-3650,1832,5276,7320,3767,9571,7405,8170,8466,7801,1215,-830,3835,8170,8466,7801,2725,4896,9586,2720,4896,9586,2748,4896,9586,2395,2459,4513,830,1630,-640,1832,5276,7658,3767,9571,8903,9705,16164,37154,3567,9571,8903,9705,16164,37154,3986,4096,3986,4096,3986,4096,3986,4096,-4475,-6850,1879,2686,2389,3025,6752,7491,-1950,2295,6752,7491
5/28/2024,4217,4490,4241,4477,5608,233,3023,2998,502,2193,4490,4241,2331,10182,20396,2796,4738,17583,3240,7844,11407,3580,4160,-3487,3545,2528,6754,3580,4160,-3487,4217,4490,4875,4477,5875,1250,3023,2998,1655,2670,9097,8851,2331,10182,32800,2796,4738,25019,3240,8974,28249,-1515,-5640,-5729,2690,7965,27004,-1515,-6165,-5729,323,2348,-47,2348,-139,2348,323,2348,18292,15139,14832,10427,14772,8967,1051,-1074,9872,2530,1051,-1074
5/29/2024,1436,2680,3060,1031,3207,2760,2074,2834,4188,-5,962,3060,2409,621,1783,1050,886,2837,439,498,5682,-2745,-4020,1780,2790,1332,2938,-3745,-4020,1780,1436,2680,4686,1031,3207,4386,2074,2834,4546,75,1921,947,2409,1314,-2668,1050,886,-2425,439,498,-8938,-2755,-10490,-31178,1274,-842,-9938,-2995,-10490,-32783,1430,-1445,1430,-1445,1222,-1445,1430,-1445,867,4066,-2065,4584,661,4818,-1315,-3044,5981,12141,-1315,-3044
5/30/2024,2145,1500,7545,1345,1485,7545,500,1660,4735,1785,1298,8109,830,-3181,-8901,4020,-2393,-2400,3879,1542,-1666,9550,8014,17048,745,-1665,-8910,9550,7794,14733,2145,1500,6088,1345,1485,6088,500,1660,3278,1785,1920,8429,830,-3149,-13702,4020,-1900,219,3879,2749,1776,10472,17008,37341,3442,1764,-684,10172,16788,33491,6033,14932,5943,14932,6044,12122,6033,12122,-7000,-8960,-935,-2176,-1308,3914,3778,21986,286,-7022,3463,21186
5/31/2024,2216,7684,6393,1602,7793,541,2435,4902,8041,3778,7714,4063,-159,-2016,-7433,-283,19709,-4304,1686,2471,-1202,417,-3725,-1140,3175,1424,-136,417,-4040,-1140,2216,7684,3852,1602,7793,942,2435,4902,-429,3613,8645,6387,-159,-1131,-5036,-283,19709,-5344,1686,-28,9397,417,-4359,-18409,1621,-1819,8376,417,-4674,-19689,4742,9301,5575,8370,3690,8275,3652,6971,-2457,-3014,-2835,-4733,-390,-4678,-5984,-2378,3042,1154,-5984,-3453
6/3/2024,1111,1920,3238,275,3416,5217,620,2336,4828,456,1920,3238,-3988,-6705,-8815,-2235,-3587,-8815,-3755,-3890,-8815,1416,-2037,-5488,-1494,-4597,-8815,1416,-2367,-5488,1111,1920,884,275,2550,2050,620,765,1324,-550,-563,-6131,-3543,-7225,-16007,-2235,-5155,-13900,-3755,-5770,-15571,1685,499,-8617,-2145,-4274,-12437,1685,-26,-9412,3990,4250,5338,4130,3808,3672,3990,4250,-5895,-8500,-5241,-8500,-3147,-8500,-6480,-7068,-4377,-8500,-6480,-7068
6/4/2024,-1100,-4506,-3349,-2100,-3714,-4689,-1185,-3395,-4689,-1957,-4506,-3349,2717,2264,2108,2717,1572,2295,3280,3581,4370,3436,-3123,-2938,2489,1341,-431,3436,-3123,-2938,-1100,-6144,-11858,-2100,-7024,-10858,-1185,-7079,-10858,878,-3617,-8762,2717,2990,6458,2717,2190,6771,3280,4015,12032,3436,2146,12479,2626,3859,10723,3436,2146,12479,-6170,-886,-6170,-886,-6170,-886,-6170,-886,2194,5921,884,6259,4485,11591,-384,-1522,1155,-3136,-384,-1522
6/5/2024,1810,5408,7351,1820,4702,7518,1458,4722,7140,2390,5408,7351,-1207,-6245,-8570,1005,-2587,-2642,106,-4035,-8028,9886,23248,28250,130,-6405,-6639,9766,23248,28250,1810,5408,9963,1820,4754,9945,1458,4774,9931,1460,4093,1540,-3350,-16150,-29275,1005,-2587,-3082,106,-3768,-5826,10362,30149,69773,-1670,-2841,-6652,10242,30149,69773,6317,11548,6263,10247,5752,10221,6317,11548,-6575,-8080,1309,1254,2452,-2220,22569,37774,-6815,-7088,22524,37774
6/6/2024,-230,-3461,-3126,-1058,-3776,-2890,-1013,-2841,-1583,1905,-2161,-3126,6205,1396,10970,7997,819,13472,7751,5954,16797,6931,11565,5143,2508,-358,2428,6931,11565,5143,-230,-3461,-2863,-1058,-3776,-2383,-1013,-2841,-568,1505,-2399,1899,6205,1396,11492,7997,819,13674,7751,5954,18575,6931,19495,43467,7850,5580,19831,6931,19495,43467,-4830,-3460,-4994,-3460,-4259,-4440,-4830,-3460,3909,4400,4670,1777,-1174,3385,-6828,-5253,-2215,1979,-6828,-5253
6/7/2024,1775,1960,-3147,2522,-19,-3147,395,-1459,-3147,1190,3105,-3147,2555,4992,3292,1520,4219,-5075,-495,3894,-4605,2505,2424,-6138,620,4094,2846,2435,2474,-6138,1775,1960,-4913,2522,-19,-4913,395,-1459,-4913,650,3527,1627,2555,5719,7148,1520,4219,-4964,-495,3894,-6288,2505,5111,-34894,365,5034,-4525,2435,4246,-34894,-3725,-5945,-3725,-5945,-3664,-5945,-2745,-5945,2178,3796,1215,-2808,1254,-2634,423,-3673,3173,3751,423,-3673
6/10/2024,6740,4520,1187,6665,2875,1187,5425,2431,1187,5575,5995,1187,2838,8452,11879,3499,8439,19988,4582,10747,19161,6206,-3530,-1003,340,1550,3728,6206,-3530,-1003,6740,4520,2422,6665,2875,2422,5425,2431,2422,5600,6495,5562,2838,8483,23224,3499,8439,25021,4582,11182,32015,5865,13294,10346,4733,12277,33400,5865,13294,10346,3999,496,3999,496,3999,496,3999,496,8449,2520,10857,12212,7709,9049,2099,-6675,312,5098,2099,-6675
6/11/2024,500,115,627,495,115,627,500,115,627,-100,115,627,1161,-3750,-8000,-135,-1650,-5112,474,-2195,-5013,3705,11345,13814,-1276,-33,1321,3705,11345,13814,500,115,598,495,115,598,500,115,598,-495,-1965,-4716,1161,-5168,-13338,-135,-1650,-4190,474,-2195,-5579,4035,17220,39275,-471,-3860,-6579,4035,17220,39275,2441,2074,2441,2074,2611,2074,2441,2074,-4932,-5878,1287,854,2337,3334,14205,11115,171,2502,14205,11115
6/12/2024,6965,12439,19339,8455,14554,19339,8995,17232,19302,3275,11914,19339,8373,22541,52579,9552,30464,45229,11845,24814,39520,14482,13748,11431,6084,5718,9182,14310,13348,11431,6965,12439,19719,8455,14554,19719,8995,17232,19681,2067,6885,17497,8373,26845,55390,9552,30562,65131,11845,27617,62146,16457,39275,82754,11740,25537,60186,16079,38875,82754,6608,13210,6608,13210,6608,13210,6608,13210,27383,50048,26657,43693,29786,43080,10994,7682,9518,11254,10599,7682
6/13/2024,2555,3476,4372,2805,1708,4585,1882,1019,5330,2520,2442,4372,-2226,-4978,-7151,457,-2585,-6234,-3900,-5459,-7645,-1123,-1177,-6934,-275,-1675,-105,-1123,-1177,-6934,2555,3476,4839,2805,1708,5655,1882,1019,4170,1460,2244,4528,-2226,-4785,-7281,457,-2585,-5856,-3900,-8151,-13770,-467,5483,-16833,-3320,-4077,-12385,-467,5483,-16833,839,2482,839,2482,1174,2482,839,2482,-2265,-4355,-865,-604,-4930,-6992,-3334,-6531,705,3451,-3334,-6531
6/14/2024,-120,-581,807,-1153,-581,902,-1153,-1054,303,-350,-581,807,206,-4221,-4539,872,2248,3711,-622,-875,7331,4625,14926,9822,-1858,364,2698,4625,14926,9822,-120,-581,1742,-1153,-581,1983,-1153,-581,1646,-595,-2588,-4158,206,-4333,-7908,872,2677,7713,-622,138,3849,4552,24034,48518,-315,138,3849,4552,24034,48518,1071,1799,936,1018,493,1018,1071,1799,-4685,-8093,3855,6132,3143,5777,13442,9858,-3695,3668,13442,9858
6/17/2024,3805,3705,8235,2980,3655,8240,2620,3760,8140,3980,4045,5895,-1350,-6697,-8951,-55,-1370,-3199,1053,-335,-8555,1670,-5061,-8879,-110,-3279,1349,1670,-5061,-8879,3805,3705,9519,2980,3655,9524,2620,3760,9424,3838,5280,7179,-1350,-3982,-8041,-55,-1370,-5270,1053,-335,-9725,4295,-3118,-15286,460,-1615,-12415,4295,-3118,-15286,3914,5527,3864,5527,3835,5562,4389,7473,-5057,-7711,-90,-4468,30,-4150,-2710,-8096,-2468,-211,-2710,-8096
6/18/2024,1388,2316,-1408,1908,1434,-1408,253,-434,-1408,720,2321,-1408,2138,9054,9576,1415,4817,3984,3523,9901,2140,-1506,-839,-2786,3260,6117,3534,-1506,-839,-2786,1388,2316,-2996,1908,1434,-2996,253,-434,-2996,695,4446,2522,2138,9224,13953,1415,4817,6090,3523,12054,6035,-1293,-1746,-22821,3542,11843,8120,-1293,-1746,-22821,-2550,-4815,-2550,-4815,-2550,-4815,-1495,-4815,10126,8284,-4705,-1825,-775,-4340,-5295,-3391,-1610,3348,-5295,-3391
6/19/2024,1425,870,3075,1425,870,3075,1425,870,3075,655,45,3075,3525,4100,7125,3420,5163,10047,5670,8145,14672,5800,9516,12445,2715,605,3983,5800,9516,12445,1425,870,3075,1425,870,3075,1425,870,3075,655,45,3075,3525,4100,7285,3420,5163,10778,5670,8145,15155,5800,12210,21725,5670,8145,15155,5800,12210,21725,-3430,-3505,-3430,-3505,-3430,-3505,-3430,-3505,1775,1390,2165,2130,495,790,-1065,-1135,630,2000,-1065,-1135
6/20/2024,1860,3406,3099,3367,2767,5246,596,532,3603,1930,1674,3099,-2335,-6430,-7498,3005,5899,9044,3494,7372,17412,13247,25714,42814,1601,-6535,-5243,13247,26359,40917,1860,3406,3527,3367,2767,6095,596,532,3936,3075,1266,1530,-2335,-1905,-1487,3005,5899,9044,3494,7372,18954,13247,30047,53590,2711,3343,4339,13247,30832,46300,3776,5218,4652,3476,3931,4064,2566,2503,-4105,-2703,5760,21419,13504,20513,19153,40441,-2602,-6823,19153,40441
6/21/2024,3410,4833,-4475,3826,3728,-4286,3234,1055,-4286,3285,4681,-4475,5455,14959,17662,5822,8859,4757,8976,18384,17340,3686,9484,3332,6983,6139,4882,3686,9484,3332,3410,4833,-4375,3826,3728,-4649,3234,1055,-4649,4350,3515,1560,5455,14959,18912,5822,8859,10270,8976,18384,21574,2127,10875,-781,8976,18384,21574,1927,10875,-781,-2881,-2684,-4466,-2684,-4466,-2684,-2881,-2684,12879,18120,6152,2825,6447,9011,-1015,-4310,4271,6598,-1015,-4310
6/24/2024,1570,1501,4217,695,1597,4501,485,1444,4094,660,1501,4217,534,14,-1973,2550,4887,9698,3395,6283,6463,11068,16697,25712,1318,2702,2084,11058,15376,27985,1570,1501,5635,695,1597,5167,485,1444,5592,-20,-491,-352,534,14,-857,2550,4775,10150,3395,6283,7186,11068,23771,50893,3028,5927,7616,11058,23413,47143,1675,5689,1695,5689,1695,5689,321,5689,960,-1127,3648,15885,1781,13430,19203,29258,3228,5978,18948,27008
6/25/2024,675,504,1427,-80,1239,-422,90,-444,203,1185,504,1427,2525,1336,-4730,2265,2424,8937,4574,6309,12145,5691,11658,18972,1254,776,107,5691,11658,18972,675,504,7197,-80,1239,3768,90,-251,4393,-420,1102,4364,2525,3492,-5513,2265,2424,10077,4574,7237,15676,5691,23155,61661,4364,8637,15676,5691,23155,61661,3410,4964,3200,4964,3385,5224,3410,4964,1519,-3078,4090,7866,7598,10476,11155,19169,-152,4794,11155,19169
6/26/2024,1410,-40,-3610,2785,-1616,-3610,2195,-1201,-3610,1410,-40,-3610,2930,14134,22717,2785,9285,5190,5985,9149,22323,4405,7865,-2553,2940,1171,6010,4885,7865,-2553,1410,-40,-470,2785,-1616,-470,2195,-1201,-470,665,-1128,2747,2930,14134,23217,2785,9285,4382,5985,7578,22389,4405,8310,-5569,6090,7455,22917,4885,8310,-5569,4722,1272,934,1272,1379,1272,4722,1272,12435,15284,2503,2863,8126,6506,-3955,-5525,2263,2593,-3055,-5525
6/27/2024,35,-3610,-7805,-500,-1715,-6562,1300,-1900,-7107,90,-3610,-7805,5740,16571,16663,-353,506,-4907,2189,8655,-1667,-1065,-6205,-7970,201,4084,1822,-1065,-6205,-7970,35,-3610,-9220,-500,-1715,-8375,1300,-1900,-8920,400,-1535,-2856,5740,16802,22862,-353,119,-2819,2189,9136,-1422,-2310,-18270,-58620,1632,9014,-1341,-2310,-18270,-58620,-4470,-8206,-4494,-8206,-3799,-7424,-4470,-8206,14120,20500,-1083,-835,6045,-179,-6925,-8758,2210,5918,-6925,-8758
6/28/2024,1625,2802,10748,1212,6395,7193,219,5833,7033,1920,1537,6703,-1515,-6121,-6383,520,1327,2502,-1581,-4102,-5060,2775,-6570,-8995,-3370,-3045,-8070,2775,-6570,-8995,1625,2802,10748,1212,6395,7845,219,5833,7685,1345,182,3298,-1515,-9476,-20819,520,1327,972,-1581,-5195,-1360,4155,16366,36721,-1510,-6680,-5377,4105,15666,34062,2755,12021,2760,13221,7623,13221,2755,8506,-6685,-7449,-1105,5577,1212,1389,-880,40862,-35,-7420,-880,38562
7/1/2024,824,2189,5471,926,2102,4,230,2102,4,1419,2189,5471,520,-3735,-2945,-340,-3890,-7560,1059,-6115,-8535,-725,8188,-2527,-2020,-6780,-540,-725,7793,-2952,824,2189,7352,926,2102,2885,230,2102,2885,769,-1,1662,520,-3595,-6998,-340,-831,-1641,1059,-795,-2928,298,11331,20806,15,-4636,-1193,298,11167,20381,2596,5643,2616,1225,700,1225,2596,5643,-955,-4309,-1181,-4469,-2320,-8825,-6875,-8925,-2410,-2985,-6875,-8925
7/2/2024,1035,1050,4741,1045,1035,4656,230,979,4155,260,1050,4741,-1305,-6670,-8561,2830,1276,1891,-1396,-4462,-4567,8712,25135,26864,-3895,-6780,-8080,8712,25135,26864,1035,1050,5043,1045,1035,4958,230,979,5159,260,-590,-1326,-1305,-9958,-21594,2830,1276,3174,-1396,-4462,-5780,8712,29834,70414,-1706,-2587,-4736,8712,29834,70414,3163,5951,2877,5951,3011,6865,3163,5951,-6950,-8855,3040,3802,-29,-1089,30913,34954,-6600,-7930,30913,34954
7/3/2024,2305,6045,7783,2770,5671,7783,2682,5654,7783,2270,6045,7783,-4645,-6825,-7060,430,155,-4460,40,-970,-5195,5386,11248,10783,-4635,-6825,-7060,5386,11248,10783,2305,6045,9798,2770,5882,9798,2682,5710,9798,1925,4185,2586,-4735,-10145,-20510,430,155,-1410,40,-970,-2640,5833,15387,31640,-650,-945,-2640,5833,15387,31640,6044,8338,5814,8338,5814,8338,6044,8338,-6740,-7785,-2545,-3865,-4570,-7660,9476,13498,-6740,-7785,9476,13498
7/4/2024,4480,6124,9695,4480,6124,9695,4480,6124,9695,4480,6124,9695,4885,8205,8935,5535,9380,13460,8785,15120,20645,6280,6425,7525,3290,2165,2260,6280,6425,7525,4480,6124,10213,4480,6124,10213,4480,6124,10213,1720,4170,10213,4885,8205,11200,5535,9380,14775,8785,15120,22790,13190,23395,39010,7910,15120,22790,13190,23395,39010,-3230,-3570,-3230,-3570,-3230,-3570,-3230,-3570,4625,4125,1775,2355,940,2105,-3370,-3220,-530,1370,-3370,-3220
7/5/2024,230,2598,3638,457,2211,3638,416,1948,3638,655,2363,3638,-4690,-5495,-7491,-150,92,-1389,1505,3251,-1284,9214,21036,15131,-1365,-6910,-7491,9214,21036,15131,230,2598,6257,457,2532,6257,416,2071,6257,265,428,2152,-4715,-7790,-14462,-150,92,-737,1505,3251,5044,9214,23605,50547,450,1851,5044,9214,23605,50547,4414,7330,4414,7330,4414,6776,4414,7330,-6790,-7385,-590,-771,1428,-3040,19126,20134,-6925,-7385,19126,20134
7/8/2024,-303,655,-6978,-363,-1480,-6978,-918,-2920,-6978,190,430,-4980,1516,8197,17494,745,5625,8417,2699,8593,15006,-580,-1925,-7532,1048,4095,9244,-580,-1925,-7532,-303,655,-4646,-363,-1480,-4646,-918,-2920,-4646,-255,2004,1069,1516,8022,21753,745,5671,13748,2699,9439,25039,-1075,-3945,-4191,2596,8749,25039,-1075,-3945,-4191,-3860,-6024,-3860,-6024,-3685,-6024,-2915,-4695,12184,13406,5088,7116,4224,6456,-2756,-6694,5754,6498,-2756,-6694
7/9/2024,-5,2240,1197,-590,1225,2097,-605,1635,3097,-20,2240,1197,-1350,-4739,-8588,-2484,-3271,-1520,-1501,-1059,3769,-1345,-4339,-2330,1054,756,-642,-1345,-4199,-2131,-5,2240,1475,-590,1225,2375,-605,1635,3375,-630,1910,6180,-1350,-3024,-4070,-2484,-3271,-1520,-1501,-1059,3541,-1345,-4508,17373,559,-1764,3541,-1345,-4723,19788,2063,1064,2063,1064,1225,1064,2063,1064,-5850,-8095,-4181,6371,3925,14330,-6969,-6106,865,4654,-6969,-6106
7/10/2024,-121,1860,182,-85,2060,182,-30,1708,182,444,1860,182,-3986,-4018,-5415,-1266,-2235,-3621,-2086,-2020,-3184,4270,11886,6991,29,-15,166,4270,11331,6991,-121,1860,7140,-85,2060,7140,-30,1708,7140,334,-107,4844,-3986,-10098,-19044,-1266,-2235,-4696,-2086,-1548,-4318,4270,22056,45253,-2165,-1548,-3758,4270,21501,45253,1855,5189,2055,5189,2055,5189,3189,5189,-6345,-6396,155,320,1934,1738,6359,16221,560,1788,5804,16221
7/11/2024,2010,1353,3433,2593,2877,4189,2152,847,442,2520,3173,3681,-3180,-6515,-8860,330,2855,-2417,3616,4510,-2943,8355,15105,29752,-1122,-6515,-8860,8355,14960,22749,2010,1353,3433,2593,2877,4189,2152,847,442,2520,3173,3781,-1484,-5716,-15295,330,2855,-530,3616,4510,-110,8355,15991,43013,3210,4315,-575,8355,15846,42504,-655,4217,904,4902,-856,1180,731,4133,-6575,-8415,3935,-70,1642,-2679,18226,29253,-6130,-8415,18226,29253
7/12/2024,6367,11096,13186,6292,10757,13076,6092,10131,12926,5550,9521,10996,3043,3891,5848,4268,5405,3007,8226,8891,4416,5927,562,-6152,5179,4106,-11,5927,562,-6152,6367,11096,8033,6292,10757,8037,6092,10131,7887,4486,4349,7050,3043,4019,5642,4268,6482,-2342,8226,7399,7125,5927,6246,-3831,9001,9756,7125,5927,6246,-3831,9756,15257,9211,15662,9476,14935,7851,13497,5103,3146,1591,-4052,9359,5939,-5036,1812,3845,1937,-5036,1812
7/15/2024,3990,5562,20448,3703,8471,17385,5925,10633,17402,2707,5771,16668,2970,4943,21255,3030,7289,12862,2225,4931,5952,3605,-6950,-8452,2546,2440,1298,3605,-6950,-8452,3990,5562,18256,3703,8471,14936,5925,10633,16296,2707,5771,14476,2970,4943,10887,3030,7289,15043,2225,4931,16133,5405,7035,28538,3685,4410,16053,5405,6695,27288,9624,10980,11190,9351,10549,9965,8841,11365,8918,18457,9590,22989,11940,6225,2029,-8935,2430,1199,2029,-8935
7/16/2024,-1100,138,-4272,-653,-305,-4143,-1497,-3035,-5827,-1565,138,-4272,1151,-1137,-913,-483,1295,-4655,1980,-2519,-4693,-120,-5974,-2538,2070,-562,1683,-120,-5974,-2538,-1100,-715,-4375,-653,-1385,-4430,-1497,-3035,-7725,905,2726,-4666,1151,-1137,-598,-483,1295,-12532,1980,-2519,-12657,-120,-4685,-10378,1020,-1444,-13427,-120,-4685,-10378,-4186,-1528,-3465,-1956,-2100,-3488,-4186,-1528,529,1784,-3726,-1602,-5162,-2913,-4160,-6306,-1172,-22,-4160,-6306
7/17/2024,2722,6083,4946,3382,6003,5923,3140,6268,5903,2292,5583,4634,2693,1889,-3891,2050,5766,836,7144,9297,1750,12628,19316,29762,1465,3282,3451,12628,19316,29762,2722,6083,6401,3382,6003,6542,3140,6268,6832,824,1563,1772,2693,4956,-9301,2050,5766,1299,7144,9329,3578,13810,29194,68389,5898,6213,4059,13810,29194,68389,5897,6444,5651,6215,5898,6607,5322,5534,2249,-5864,6150,1194,11861,5751,19569,27776,3781,5577,19569,27776
7/18/2024,4105,9940,22079,4570,12671,14749,4016,7971,16877,2214,9940,18949,2344,5015,-6965,3114,3790,27134,10543,13771,31074,8604,11801,4288,1010,-2421,-6965,8574,10412,8026,4105,9940,24906,4570,12671,17567,4016,7971,19428,1774,260,16483,2344,6193,27683,3114,5599,30616,10543,14164,43571,8604,23889,54432,9148,10981,39466,8574,24123,53174,9255,16380,7550,14250,6435,14879,7515,13250,13084,11430,10439,15392,13024,20674,3988,10911,-2316,-4146,3988,10911
7/19/2024,795,897,3069,1422,643,1134,1547,981,1557,1215,322,1786,425,-516,-6585,1860,4640,5670,2275,5225,12110,7486,7151,1114,998,552,-7485,7486,7151,1114,795,897,3069,1422,643,1134,1547,981,1780,1215,-1103,-28,425,3462,7454,1860,4640,8275,2275,7480,11955,7486,14155,33801,1605,5058,12430,7486,13485,33001,1961,-267,2252,503,2567,1573,1983,-1331,-2245,-6065,4325,6651,7938,6619,4219,-2235,-736,-2488,4219,-2235
7/22/2024,4506,7752,7311,4063,8010,4424,3313,4730,4397,3941,8447,16774,4474,7380,13330,2360,5453,12444,4008,2447,5554,-2790,2034,-1800,3982,7343,10266,-3080,2029,-1800,4506,7752,8779,4063,8010,5815,3313,4730,5472,3941,7294,9148,4474,7380,16747,2360,5453,8222,4008,2447,6715,-2805,-5548,-27008,4165,4374,5529,-3095,-5553,-27008,5999,9332,7316,9332,4108,9332,5598,9332,4257,5418,1164,3030,1762,-358,-1500,-2718,7138,5081,-1500,-2718
7/23/2024,2350,-2055,-4201,1299,-3245,-770,1471,-3045,-930,2420,-2555,-2128,6988,8332,4011,7896,9985,8392,3430,4143,5771,1625,494,-3276,1057,1820,281,1970,-611,-3276,2350,-2055,-4425,1299,-3245,-4965,1471,-3045,-4380,2095,990,-6619,6988,8332,2737,7896,9985,5819,3430,4143,5520,3740,7597,4149,2675,4497,1759,3540,6492,4149,887,5484,1227,6367,1347,6367,887,5484,12610,17059,8691,13009,6720,12205,-426,861,1255,2015,-1531,861
7/24/2024,3035,6184,13761,3188,6272,13286,3598,6601,13128,3210,5307,11916,-1281,-6255,-8990,743,-596,-866,93,-1186,-8999,13231,25995,44733,450,-806,-398,12863,24780,42103,3035,6184,14989,3188,6272,14567,3598,6601,14405,3055,4820,10304,-4290,-12725,-27534,743,-596,-2252,93,-1186,-9029,13231,29327,61861,1915,-3695,-11319,12863,28112,59456,8536,15992,8655,15992,8655,15992,7386,14132,-6935,-8705,2185,7514,4829,5114,27056,59585,484,1114,27056,59585
7/25/2024,3401,1995,10170,3541,4801,7763,3761,4421,7528,2846,2988,8890,531,1380,13926,1852,-185,636,1577,1824,4493,5080,4314,1551,3305,1708,19823,5030,392,-1974,3401,1995,10170,3541,4801,6382,3761,4421,6383,3210,2640,6380,531,1380,767,1852,-185,-129,1577,2386,-2829,5080,-1930,8147,1920,3685,12742,5030,-2220,3522,5675,10696,5985,9176,6910,5060,3905,8896,2265,-2686,1180,3738,6150,3731,4185,1309,6491,6054,4185,1189
7/26/2024,1475,3816,3425,951,-568,2465,604,-623,536,915,4381,3425,3498,3380,4344,2655,-1248,-2552,2430,-955,5498,-3860,306,3214,3373,1830,-936,-3860,306,4336,1475,3816,-4512,951,-568,-3567,604,-623,-3855,910,4334,-3,3498,3380,9825,2655,-1248,-5076,2430,-955,1233,-4560,-8588,-27993,2928,99,1559,-4560,-8588,-25898,-1599,-2366,-2438,-2366,-2190,-2366,-1599,-2366,6879,15225,-6805,-3280,-1129,-3847,-5191,-3906,2875,3981,-5191,-3906
7/29/2024,-270,1008,-5026,-865,-9,-5026,-1540,-9,-5449,-270,1008,-5026,3162,5801,334,626,3497,-4932,546,212,-4348,4489,-3733,-3366,-649,-1240,-1195,4214,-4180,-3366,-270,-2635,-13250,-865,-2260,-13250,-1540,-2210,-13395,870,-1792,-11630,3162,6589,147,626,3497,-2517,546,456,-5780,4489,1522,-5859,-895,-3209,-5370,4214,2331,-5859,-4986,-8745,-3791,-8745,-3791,-8745,-4986,-8745,8231,-2162,2089,-2353,3440,-1474,-5214,-2190,1503,-4314,-5214,-2190
7/30/2024,1966,6359,9327,4544,5800,8668,3597,6268,10243,3133,4722,9317,-170,-3051,-8985,2905,9753,14884,3458,9051,-7795,6701,16111,15588,1541,-6455,-8985,6681,15096,15588,1966,6359,9870,4544,5800,8597,3597,6268,10243,3133,4862,12097,130,1697,4815,2905,9753,13633,3458,9378,13774,6701,14562,23054,3932,6675,6919,6681,14525,21153,8838,23536,8923,23801,9170,21471,7276,19870,-6305,-8985,4858,10139,7277,14330,10567,8757,-6305,-8985,10567,8757
7/31/2024,3901,5902,11099,4819,4535,8467,4276,4105,8572,2561,5902,11099,5230,10815,5856,5051,11880,16883,8238,20243,22232,8543,5378,13490,2423,4693,2066,8253,5263,12655,3901,5917,13486,4819,4616,11394,4276,4186,9980,2121,1663,10835,5230,15000,19965,5051,16295,23982,8238,23326,33502,8543,14436,56876,6766,20076,32327,8253,14321,56041,4268,13272,4775,17485,5719,14967,5483,13272,9833,8771,8576,14994,15322,28570,10895,17988,2450,-1504,10780,17188
8/1/2024,1635,1860,5122,1085,3290,6210,1094,4214,6286,1715,1860,5567,-3060,-6410,-8895,-70,295,-4659,3100,880,-8909,9043,13810,19315,-795,-6510,-8885,9033,12991,14854,1635,1860,6042,1085,3290,7461,1094,4214,6791,1715,1485,9883,-2430,-5845,-15147,-70,295,-645,3100,880,-4395,9043,13810,18442,2295,-3425,-14545,9033,12991,17285,4385,3365,4388,7078,5893,8426,4415,3440,-6860,-8180,1375,-2554,2622,-8979,11177,-6601,-6585,-8360,11177,-6601
8/2/2024,-225,-2859,-214,-200,645,-214,-235,625,-214,-800,-2859,-214,3591,5871,18409,2081,3206,10822,2571,9686,15242,4118,-6129,-5886,2235,-1485,70,4113,-6129,-5886,-225,-2650,-3760,-200,-1140,-3760,-235,-1160,-7140,-920,-520,-5985,3591,5871,17932,2081,4131,13368,2571,10078,14444,3285,3916,-10988,990,7740,16474,3185,3846,-9743,-360,-4432,-675,-4432,-904,-4432,-360,-4432,9415,17820,7660,15418,8156,7935,-5059,-4825,-2130,56,-5059,-5364
8/5/2024,675,3010,2663,229,4316,4605,1535,3072,10453,225,890,-3845,305,1111,2701,7864,7220,7144,745,3545,1040,1763,7713,-7485,1986,1407,2895,1568,6583,-4748,675,3010,2663,229,4316,4605,1535,3072,10453,225,850,-1725,305,155,-8945,7864,914,-2059,745,2405,1105,1763,7713,-17579,1755,4450,-6302,1568,6583,-13769,4340,10054,4315,14780,6699,16055,2445,5830,2351,-4085,-2985,-4831,8792,-2687,10626,2610,3214,-7715,10341,4735
8/6/2024,1615,1950,4567,1390,1825,9782,1320,1681,10477,970,1545,4567,3980,3480,3949,4089,4865,7718,7560,13338,17069,11470,16430,760,4480,4111,1593,11370,16430,25462,1615,1950,1809,1390,1825,1661,1320,1681,2524,970,710,1842,3980,7295,15184,4089,4865,2434,7560,14409,17286,11470,19225,1573,6430,12969,14745,11370,19225,753,2440,5353,2267,6967,2187,8005,1895,5353,5005,7899,6503,17933,11810,19303,13769,5240,7710,7790,13769,5200
8/7/2024,3840,5215,4500,2630,3477,4050,2880,3699,4295,3075,4680,4500,1387,31,-8840,1496,-6170,-7947,3573,3591,-7792,7425,-6485,-8650,-2375,-2773,-904,7370,-6485,-8650,3840,5215,4615,2630,3477,4542,2880,3699,4707,3075,5855,2997,1387,-242,-14620,1496,783,-8632,3573,3591,-1832,7425,10515,18840,1180,3080,-4586,7370,10260,12030,5410,6150,3604,6710,3532,6710,3955,6150,-6205,-8544,-6685,-8430,991,-8245,-6640,28957,-6330,955,-6640,28957
8/8/2024,350,1955,-990,1227,2270,-1115,20,283,-1306,1330,1955,-990,4238,6239,11331,2795,8084,7988,4286,3817,732,2999,2950,-4551,4330,2311,-1512,2644,2795,-4551,350,1955,-414,1227,2270,-803,20,473,-806,1330,250,-7372,4238,6239,9053,2795,8084,7988,4286,3817,732,2999,5772,-398,4015,2556,-188,2644,5617,-398,1135,-2181,1445,-2306,-50,-2497,1135,-2181,7043,12682,6172,6577,9807,12000,1812,-7385,-57,501,1812,-7385
8/9/2024,-429,-3554,-7234,-334,-3151,-7234,-442,-1573,-7234,1571,-3554,-7234,865,2077,6504,1210,2527,10565,2175,1717,8040,1240,5513,1480,500,751,-3808,1235,5498,-1224,-429,-4755,-9115,-334,-4755,-8115,-442,-1573,-8655,896,-3665,-11405,865,2066,8804,1210,2527,9324,2175,1717,12045,1240,6933,15521,1900,1452,9717,1235,6788,15521,-3630,-5820,-2036,-5820,-2465,-5820,-3630,-5820,6882,5501,4916,9991,3608,7858,2241,588,-1018,-7635,2241,588
8/12/2024,715,-2659,-3563,115,-1917,-3563,1244,-3584,-4073,465,-2659,-3563,1695,-530,-6154,-510,-495,-3115,-1415,-405,5116,200,-5480,-5912,-790,159,1168,-407,-5480,-5912,715,-680,-445,115,-1330,-2990,1244,630,-8205,90,-3325,-5635,1695,-530,-5234,-510,438,9970,-1415,2545,10641,2256,1202,29405,-1030,2350,12844,2251,2317,29405,-3778,-6037,-3778,-6037,-3778,-6037,-3778,-6037,1131,-1760,6899,6482,12724,3364,-5809,-1862,-1590,-2326,-5809,-1862
8/13/2024,2707,3266,6497,2028,3286,6467,1664,3241,6467,2247,4206,6447,-3590,-6720,-7000,395,1680,-3984,3215,-878,-8990,11215,19193,12803,100,-6720,-7000,11000,19193,12803,2707,3266,9347,2028,3286,9317,1664,3241,8982,2287,3860,6595,-2990,-10400,-21955,395,2880,2745,3215,-33,45,11215,27109,69773,730,-540,45,11000,27109,69773,4516,10052,4686,10022,4651,10022,3546,10797,-6785,-7785,867,-2383,1862,1163,17199,18794,-1905,-7785,16799,18794
8/14/2024,1410,2861,2341,1936,2385,2341,698,2276,2623,2105,2361,2341,4459,8399,16033,3012,3172,6034,4077,3515,6604,-1895,-3845,-2594,2515,-1237,-38,-1900,-3845,-2594,1410,2861,468,1936,2385,468,698,2276,583,2105,5519,4252,4459,8399,14754,3012,3172,6175,4077,4347,7471,-1895,-6508,-5618,3677,3066,8686,-1900,-6508,-5618,694,4775,1064,4775,2001,4775,1639,6715,9200,17267,4107,5366,6859,9005,-2485,-7929,5065,444,-2485,-7929
8/15/2024,5065,9383,7015,4394,9383,6987,4267,9596,6868,3790,10578,8165,1100,-1640,-1322,2107,4207,12780,5034,12258,5224,9868,4382,1184,-165,-6545,-7075,9218,4382,1184,5065,9383,7285,4394,9383,7249,4267,9596,7283,3790,9341,8962,1550,4150,-613,2107,4207,13108,5034,12258,8574,9868,9030,36516,4750,11364,8574,9218,9030,36516,6890,1835,6890,1835,6910,1860,6635,1835,-6825,-7890,-2040,5431,1254,20,-440,15534,-6795,-7890,-440,15534
8/16/2024,2104,1565,5000,1570,1755,5648,785,2750,6568,1453,1565,5000,3172,-1991,-8340,493,-6453,-8795,779,-6768,-6441,-5525,-5832,-7732,-201,-1351,-3730,-5525,-5842,-7732,2104,1565,5758,1570,1755,6669,785,2750,7589,1798,2170,10463,3172,-1714,-2794,493,-6453,-13755,779,-7148,-14120,-6505,-19684,-41600,881,-7215,-12378,-6505,-19520,-41600,-4473,1856,-4706,2539,-3641,3459,-4473,1856,-4755,-8164,-5415,-8009,-6985,-6284,-4450,-8101,-4959,-6254,-4450,-8101
8/19/2024,1575,2095,952,1305,2095,952,1310,2110,952,840,2095,952,-5380,-6901,-8961,-1425,-707,-3630,-2406,-4066,-8990,5744,16332,27299,-1006,565,1932,5744,16332,25724,1575,2095,4839,1305,2095,4839,1310,2110,4839,1722,2095,4839,-5380,-11036,-24131,-1425,-707,-2332,-2406,-4066,-8767,5892,20158,48600,-2876,-4505,-10342,5892,20158,47025,3718,3534,3718,3534,3008,3534,3718,3534,-6709,-8996,1498,2784,1282,1124,19877,36773,629,778,19877,36773
8/20/2024,2580,2750,6935,2770,3295,6935,2300,1580,6935,2880,2750,6935,3320,4006,20366,4060,-1405,11330,1064,-1491,11007,266,-2759,-8172,1325,1584,4345,-259,-2849,-8172,2580,2750,6478,2770,3295,6478,2300,1580,6478,4410,5491,6590,3320,4006,20366,4060,-1405,11917,1064,-1491,12329,2201,-461,-36743,874,-629,15112,2116,-551,-34215,-2644,-1170,-2009,-1170,-2009,-1170,-2644,-1170,8395,19586,2109,3127,138,7022,-6686,-7210,3089,4169,-6686,-7210
8/21/2024,3435,4257,1389,3265,3765,930,3192,3032,434,1350,4984,1389,6108,13287,15873,3764,10821,11309,5581,10710,15257,2325,9140,2510,4420,2490,567,2325,9125,2510,3435,4257,-340,3265,3765,1139,3192,3032,-995,1350,3435,6150,6108,13287,17787,3764,10821,12057,5581,10710,15374,2325,10450,-2541,6075,11530,14524,2325,10435,-2541,2097,739,2117,1603,2273,1603,4659,739,9635,14971,6474,9144,6906,11765,14660,3432,1404,1781,14660,3432
8/22/2024,2035,4679,2500,2200,4984,2215,2325,5129,2176,1910,4335,1232,-1634,-6267,-8090,1325,2410,-3780,2050,155,-7305,12244,21021,35628,-1530,-3917,-1336,12124,19986,36800,2035,4679,4644,2200,4984,4359,2325,5129,3652,2070,3759,-771,-1634,-7765,-22622,1325,2410,-3780,2050,155,-8535,12244,25758,58242,1915,-380,-8395,12124,24138,56332,4806,6934,5307,8297,5395,8202,2410,6299,-6082,-7390,2415,769,2095,-8445,24600,45839,-3972,-7530,24200,45839
8/23/2024,690,-1378,463,565,-1278,-606,369,-3223,-1923,350,-1378,463,2726,1873,-2705,1056,-907,-3213,-749,-2318,-6521,-2411,-1733,-7667,-77,-1241,-1807,-2411,-1733,-7269,690,-898,-3758,565,-802,-3956,369,-2270,-4724,-945,-1448,-4522,2726,1873,-7067,1056,-907,-10413,-749,-4679,-18808,-2411,-1733,-27382,-810,-5308,-16538,-2411,-1733,-26184,181,1645,181,1645,1534,1645,237,1645,2172,5346,-852,1046,-3266,-188,-5450,-2046,991,1642,-5450,282
8/26/2024,295,1048,-4479,595,950,-4475,441,1059,-5385,1875,4269,-4404,2726,7757,29306,5019,7294,11371,3248,7804,28281,10115,2939,-6272,4715,3215,706,10115,2939,-6272,295,1494,-6789,595,950,-4067,441,1282,-4835,1875,4514,-1924,2726,7757,30649,5019,7294,11371,3248,7804,28878,10115,11064,3904,4715,9443,31219,10115,11064,3904,930,-1349,21,-1473,-966,-5448,4805,-1349,11962,36484,4331,15758,7210,21326,-6887,-7443,851,7171,-6887,-7443
8/27/2024,1443,1958,3500,1851,6612,1485,2648,5082,1485,2474,1958,3500,3370,6636,11725,2281,-607,-2621,3314,1999,1646,465,-554,-4553,2091,2567,2126,465,-554,-4553,1443,1958,2247,1851,6582,232,2648,5052,232,2254,4714,4507,3370,6636,13242,2281,-607,-2165,3314,1999,1825,465,-4554,-27323,3787,1500,592,465,-3434,-27323,5239,8068,5279,5373,4588,5373,5239,8068,4330,9046,-307,-5671,1723,2365,-4310,-4139,546,5472,-4310,-4139
8/28/2024,4385,10575,24094,5135,10676,24452,5800,12844,22107,2355,9455,22514,-455,1826,-7350,1955,6812,16854,4427,8324,19213,5718,6838,11436,-1190,-111,-6810,5703,5753,8189,4385,10575,24541,5135,10676,25392,5800,12844,23047,2355,8196,19269,-455,3426,10853,1955,8997,25994,4427,8236,26571,5718,19524,67083,3770,7695,23711,5703,19301,66588,7689,26563,10434,27557,12383,24100,6139,25003,-1787,-8445,6212,17966,10615,26739,12709,12664,3076,-8445,13829,12664
8/29/2024,2173,1380,-4010,1340,1570,-4600,1330,2278,-3414,1808,-315,-4010,1739,1267,-4088,1945,-766,-8728,803,-2223,-8997,9235,-6975,-7519,3045,-182,1811,9235,-6975,-7519,2173,1380,-4223,1340,1570,-4300,1330,2278,-1843,1808,-75,-1960,1739,3394,1147,1945,-766,-13233,803,-2223,-15461,9235,1765,-24419,1299,-3544,-13359,9235,3760,-21909,-269,-6266,-269,-6546,1287,-4956,-1604,-6266,755,-1660,-4422,-4906,-6227,-8997,1681,-5382,763,4503,1681,-5592
8/30/2024,420,3532,3953,410,3559,2786,390,1391,2622,375,3532,3953,1530,1465,1322,735,2387,2114,2332,4390,9424,5200,5963,8249,2899,6714,3579,5200,5963,8249,420,2000,3944,410,2028,1297,390,555,1597,-95,-148,-2548,1530,3701,1891,735,2660,-3156,2332,2060,-2291,5200,12377,-8122,1490,1259,-3696,5200,11977,863,3985,7265,3985,7265,3804,7100,3985,7265,755,-2766,1216,-2208,2515,5516,3248,10292,3789,3579,3248,10292
9/2/2024,1925,-195,-270,1925,-195,-270,1925,-195,-270,1925,-195,-270,4010,4246,8720,2960,2350,5547,4035,3331,6597,490,-1902,-563,3710,2978,3021,490,-1902,-563,1925,-195,-270,1925,-195,-270,1925,-195,-270,1020,-810,-270,4010,4246,8792,2960,2350,6143,4035,3331,7458,5385,-982,-755,4610,3331,7458,5385,-982,-755,-5095,-5395,-5095,-5395,-5095,-5395,-5095,-5395,3105,2925,989,431,1044,676,-4870,-2985,-25,5234,-4870,-2985
9/3/2024,4096,6136,10547,3731,6199,11206,3483,5825,10160,3341,4861,6967,-5580,-6895,-7840,1369,1245,-1231,779,606,-8996,13986,25144,40087,-520,-6540,-413,13786,24599,38682,4096,6136,12536,3731,6199,13008,3483,5825,12748,2651,2516,3792,-6145,-14505,-32940,1369,1245,-279,779,606,-4912,13986,26192,71764,1154,2787,-8572,13786,25647,69099,6975,15858,6505,15684,6196,15684,5620,12943,-6490,-7465,1789,4399,3170,2216,25643,77132,635,21,25328,75662
9/4/2024,1367,4042,11924,337,3121,14123,1697,5606,14123,725,2507,13492,3547,7081,10739,2685,4370,655,2225,1397,-838,376,-4106,-5883,3274,9139,-478,306,-4506,-5883,1367,4042,16781,337,3121,18644,1697,5606,18644,775,1288,18705,3547,7081,10708,2685,4370,46,2225,1397,-4629,376,-7782,-49291,3274,4084,-4144,306,-8182,-49291,9148,17203,9548,17203,9548,17203,6343,17203,2895,3980,-565,-3609,-1009,-717,-5757,-6943,2625,522,-5757,-6943
9/5/2024,2420,3275,9355,2265,4360,10807,4079,8255,13898,1530,3580,9355,3055,5228,7946,1020,-880,3765,1035,5672,2964,-2055,-3355,-8995,1610,4274,-1025,-2190,-3355,-8995,2420,3275,7808,2265,4360,10874,4079,8255,11617,2075,3723,5608,3055,5228,8597,1020,-595,499,1035,4792,905,-2055,-2975,-14045,1615,3198,4962,-2190,-2975,-12435,4710,11055,5410,6800,5395,9480,4035,8445,7750,7496,2417,2734,6154,2307,-4740,-5304,5504,4187,-4740,-5304
9/6/2024,4910,8337,7482,5040,8567,7370,5320,8481,6792,4167,7933,6119,2590,6420,-79,6400,9327,7977,7882,16234,12776,10823,13158,7226,-70,1691,-4529,10823,12783,11771,4910,8337,7482,5040,8567,7370,5320,8481,6792,4167,7153,7253,2890,8608,7233,6400,9327,10573,7882,16234,19736,10823,18352,40673,7037,14333,18502,10823,18232,39470,-755,2871,-830,2871,-885,2871,280,2250,4050,1498,1593,3602,2885,13210,1476,126,315,-7890,1221,2111
9/9/2024,1369,-214,1568,2093,189,3094,-380,-330,-3073,2784,-214,1568,4904,12834,30551,1168,4589,14821,4545,11678,31562,-4155,2158,-330,4035,4077,3490,-4155,-56,-2160,1369,-1499,-2137,2093,2190,-1826,-380,-1242,-6890,3102,6061,693,4904,13204,33199,1168,4589,15450,4545,11678,28325,-7155,-17185,-29550,4097,9671,22287,-7155,-17675,-30165,1306,7186,3558,5165,3229,2293,1306,6781,15158,28020,7441,14080,11985,20522,-470,-7395,8522,3047,-470,-7395
9/10/2024,3071,3796,9403,1165,3971,9083,1025,3924,9238,924,2526,9018,-970,-3603,-7811,-1565,324,-285,-1669,-1519,-2089,-4281,1430,1019,1010,499,2886,-3916,22,1019,3071,3796,9172,1165,3971,8852,1025,3924,9007,429,1346,2548,-970,-3603,-8587,-1565,-1164,-2557,-1669,-1519,-4626,-4261,-3926,7374,-1579,526,-3830,-4466,-2511,7374,4926,12133,5400,11813,5245,11968,3960,11936,-695,-4619,1214,1630,3292,4852,5171,8314,2479,2886,5171,8314
9/11/2024,2470,5743,8671,2335,5470,6301,2455,3445,8887,2095,4878,6366,-5081,-6687,-7322,-2845,-6200,-8952,-2870,-6520,-8725,2850,-6126,-7160,-4730,502,40,2715,-6276,-7160,2470,5743,8671,2335,5470,6401,2455,3445,8887,2095,4878,6906,-5081,-14325,-29484,-2845,-7785,-15075,-2870,-10150,-22575,3380,2645,9342,-2885,-8715,-24975,3245,2495,7857,5595,16062,6657,15149,6184,14200,4825,16306,-6962,-8904,-4913,-8909,-5086,-8945,2218,-8221,-46,1368,2093,-8221
9/12/2024,2065,1925,-1793,2205,2250,-1753,2890,3245,-2612,2065,3340,-1793,3579,3408,3893,2758,1686,430,3314,-718,9184,6285,-68,-4605,1311,1705,3392,6185,-68,-4605,2065,1925,370,2205,2250,410,2890,3245,489,1525,2856,447,3579,3408,9893,2758,1686,708,3314,-718,10389,6285,4328,8387,2149,590,8983,6185,4328,8387,-850,-1819,-1079,-1819,-49,-1819,-850,-1819,6038,7657,1695,2446,6274,10811,-5386,-6791,595,282,-5386,-6791
9/13/2024,1016,-17,-2640,1136,-17,-4185,1410,858,-4185,301,-17,-2640,504,3902,7930,1291,926,804,1627,4444,7949,-1552,351,-7584,2005,1723,3822,-1552,351,-7584,1016,-17,-2591,1136,-17,-4136,1410,858,-4136,1760,1265,-681,504,3902,11202,1291,1639,1966,1627,4444,10266,-459,3937,1875,2286,5000,12515,-459,3937,1875,-1579,-6720,-1579,-5025,-869,-5025,-1579,-6720,3042,11218,1028,1852,1004,6904,-6741,-8446,-545,2872,-6741,-8446
9/16/2024,-880,2234,-53,-860,2302,-53,-880,2302,-53,-565,1886,-53,2153,-1201,-3819,-1835,-4147,-3725,-2132,-1292,-5010,2946,-6502,-2902,795,1661,985,2946,-6502,-2902,-880,2234,691,-860,2302,691,-880,2302,691,-365,927,373,2153,-838,-3252,-1835,-2745,-3586,-2132,-1292,-4659,2946,47,-5935,-832,-757,-2374,2946,47,-5935,2562,1168,-433,1168,-433,1168,1283,1168,-1613,-5966,-3833,-5789,-1385,-4834,-1420,-8228,-642,3293,-1420,-8228
9/17/2024,-940,-1602,673,-935,-3047,673,-1800,-3082,673,-385,-2200,-495,179,72,-8796,2095,-2531,-7386,-521,-5435,-6871,3916,-6637,-8318,1836,-2430,-1307,3916,-6933,-8544,-940,-1602,1195,-935,-3047,1195,-1800,-3082,1195,-385,-1121,3619,179,544,-2439,2095,-2265,-5263,-521,-9450,-12194,3916,-86,-25766,304,-11590,-10563,3916,-586,-24731,2100,-1905,2100,-1905,2100,-1905,1720,-1905,-4986,-8998,-3673,-7718,-6285,-8998,-4220,-6321,-1395,-3609,-4220,-6321
9/18/2024,4278,6040,14567,4375,5482,14574,3818,6632,15755,2193,5040,13567,6789,14830,19989,5549,11278,21872,8064,13993,24095,8688,11687,20562,6745,10948,9616,8688,11672,19977,4278,6040,14436,4375,5482,14819,3818,6632,14314,1348,1535,7870,6789,14064,23491,5549,11278,21872,8064,13593,23409,8688,12348,28887,8459,13593,22444,8688,12333,30907,9194,11295,9064,11295,8217,12130,8694,10295,12545,23827,17234,29418,13637,22104,17183,14930,9827,9876,17168,14028
9/19/2024,1545,4579,2946,835,6159,6616,6337,8519,2728,1385,4579,2946,2319,855,1189,3492,3924,6221,3663,-571,-5402,7106,8064,-4243,7013,-100,773,7106,8064,-4243,1545,-1195,-2701,835,140,-1761,6337,1966,-1634,395,395,3173,2319,7503,6620,3492,3924,887,3663,-571,-13683,7106,3803,-34564,6474,-84,-15888,7106,3803,-34564,2369,-522,4171,2651,5867,1047,2369,-522,2448,-365,-1326,14201,-4920,4871,8582,-1158,430,3105,8582,-1158
9/20/2024,4485,11846,8768,5029,9392,8319,3495,8492,8319,3895,11846,8768,6943,13848,15602,7133,11538,10584,7452,14223,9614,2940,9908,-3406,5170,6593,8809,2940,9908,-1061,4485,11846,7371,5029,9392,7525,3495,8492,7525,3060,5841,5184,6943,13848,16903,7133,11538,11285,7452,14223,10068,2940,5245,8603,7262,12061,9033,2940,5245,8603,10100,17494,7991,17494,7991,17494,10100,17494,9369,22621,5873,16362,9412,18035,-5324,366,1014,6964,-5324,366
9/23/2024,355,1014,-525,2270,-595,-525,1500,-595,-525,775,3843,401,2971,4282,4711,1423,2317,-1229,1031,906,-907,-844,-4622,-7893,181,-2474,824,-844,-4622,-7893,355,1014,-790,2270,-595,-790,1500,-595,-790,805,2343,4393,2971,7493,14263,1423,3234,1781,1031,1651,3484,1805,-10382,-23930,1497,736,3484,1805,-10382,-23930,-3881,-7120,-3881,-7120,-4281,-7120,-6230,-7120,2198,4086,-2047,-1604,-822,-2020,-5875,-7206,-1512,454,-5875,-7206
9/24/2024,565,-3165,1582,1286,-2748,-84,1139,369,-84,1177,-4165,2095,2055,5510,-397,-1225,-1886,-7208,-580,-739,-8365,-4978,-4112,-7977,494,2095,4331,-4978,-4112,-6681,565,-3165,1975,1286,-2748,385,1139,369,385,1362,-3275,3321,2055,5681,1958,-1225,-804,-11555,-580,-24,-10493,-8385,-11513,-62373,-505,147,-9113,-8385,-11513,-62428,6165,5026,8501,-1793,7320,-1793,2965,4031,3337,3145,-4025,-7150,-2572,-5491,-4600,-8013,3812,4081,-4600,-8013
9/25/2024,322,-143,1698,752,678,1370,1003,580,1370,1952,1650,1698,1303,1226,-1965,-633,-3905,-6500,-1264,-2495,-5291,-1545,-4134,-5249,-1440,285,406,-1940,-4134,-5249,322,-143,1924,752,678,1804,1003,580,1804,782,-803,7337,1303,788,204,-633,-386,-2784,-1264,-1902,-8086,-895,-15734,-43383,327,-1902,-8086,-1755,-15734,-43383,-1280,2393,77,-489,92,2813,-1280,2393,-1895,-4880,-4365,-7055,-5425,-6990,-6699,-5709,-1895,-996,-6699,-5709
9/26/2024,3880,3909,5032,4060,4194,3427,3162,2665,5401,1445,4284,5119,603,899,-2520,3465,4259,-4109,1066,1054,-7236,3809,773,-5095,1669,3103,-3512,3809,674,-6754,3880,3909,6575,4060,4194,4628,3162,2665,6159,1670,2340,8376,603,1345,-5438,3465,4700,-3471,1066,-1764,-11605,4209,1208,-23988,535,-2456,-14715,4209,888,-25207,895,4829,729,5102,190,4326,3164,4757,-2835,-4356,-1619,-5937,-1872,-5549,-2078,-2260,3055,-2874,-2078,-2260
9/27/2024,2505,2652,3750,1599,2436,4220,1777,3899,5177,3714,4597,3750,-1398,-1319,-1230,2257,5635,12181,1812,4936,3863,9795,17807,12503,1570,-6510,-7005,10335,18332,12503,2505,2652,5013,1599,2436,5483,1777,3899,6693,3789,4097,7938,-1196,-2001,-6657,2257,5635,12906,1812,4936,13415,9795,22929,55444,4938,6193,13415,10335,23454,54964,1994,-1408,1994,-1408,2024,-1408,3984,-1408,-1935,-5676,12768,18000,5031,9579,8632,-2756,-6265,-8360,8632,-2756
9/30/2024,725,6244,12239,2395,7535,12997,2703,6807,13702,-541,6244,12239,5042,13421,20285,2917,6899,12753,5182,13640,19843,568,3267,3441,3678,1867,2973,328,4327,3441,725,6244,14140,2395,7535,14430,2703,6807,13905,-1050,1176,6295,5042,12515,20437,2917,6899,13678,5182,12238,26353,568,-4874,15645,4968,11707,25978,328,-4964,14030,8015,14261,8975,14077,8975,14211,8015,14261,10700,21934,8821,16679,14777,18189,7847,-1800,3295,3595,7847,-1880
10/1/2024,3140,4114,2320,2360,4134,4049,2770,2916,2512,4604,4409,2320,4211,6229,10633,3595,4506,9524,3580,8249,10791,3755,-4132,-8999,1733,2331,3657,3755,-4132,-6650,3140,4114,5824,2360,4134,4759,2770,2916,5097,4659,4356,7539,4211,6662,15668,3595,4506,7104,3580,8249,7595,3755,-5662,-25162,3555,6943,6586,3755,-5662,-25557,-776,7263,-616,7028,-751,7028,544,7263,4854,11777,-2081,-76,-4629,-1579,-6777,-7245,664,9555,-6777,-7245
10/2/2024,-1560,-580,-6098,-710,-680,-4923,-765,-91,-4199,-1830,-490,-6098,3103,5325,4854,1585,9601,1211,3554,6772,-1736,4384,535,-918,642,762,-1752,4384,535,-918,-1560,-580,-8386,-710,-680,-7376,-765,-91,-8545,1035,955,-4750,3103,7979,15792,1585,9601,1386,3554,6801,1080,4384,2503,-20446,3672,5528,-1349,4384,2503,-20446,-2172,-2332,-1478,-2332,-1600,-4347,-956,-2332,2276,-1460,8090,2892,1065,2506,5114,-3165,3615,-4176,5114,-3165
10/3/2024,1130,736,141,305,2567,406,2310,2458,-1599,1335,165,556,2532,6026,20200,2788,-671,1531,2981,-3344,1369,-4377,-4912,-3422,1175,821,5858,-5255,-4912,-3422,1130,736,141,305,2567,406,2310,2458,-1599,1335,239,4420,2532,6026,22542,2788,-711,3442,2981,-3305,1657,-5280,-10917,-26475,746,-5101,3344,-5545,-9807,-26475,-389,-300,-928,-300,-1063,-300,-389,-300,10467,23908,5203,9443,407,4899,-374,-6133,3416,6685,151,-6133
10/4/2024,225,3322,5626,145,3837,6233,367,2811,5045,142,3317,5626,-330,-2485,-5909,310,-598,-1907,-1018,-3894,-5274,-775,985,84,-2210,1899,2119,-775,985,84,225,3322,6069,145,3837,6551,367,2811,5407,142,3069,6680,-330,-2485,-6080,310,-598,-897,-1018,-3894,-8350,-775,1530,773,-2210,-3040,-8350,-775,1530,773,155,-1246,-68,-956,117,-1246,155,-1246,668,-3071,2985,2491,510,-919,6562,3579,564,726,6167,3579
10/7/2024,1349,639,-3883,436,109,-3922,1406,1989,-1188,944,639,-3883,-2472,-6208,-8832,-2395,-6788,-8849,-3665,-6993,-8724,-1525,4235,1337,-2980,-2868,-2890,-106,4235,1143,1349,639,-3622,436,109,-3262,1406,1989,-262,-704,-2705,-5918,-2472,-8568,-21943,-2395,-4438,-16410,-3665,-6903,-24945,-1210,-2085,-27190,-2895,-7548,-24696,-250,-2300,-25340,2190,-3085,1785,-2780,3285,220,1725,-3085,-6843,-8924,-6888,-8999,-6977,-8809,3538,8316,-1148,-5434,3538,8316
10/8/2024,1185,2510,-2943,420,-1940,-3462,-405,-2144,-3167,415,1485,-2903,-2065,-4992,-9000,925,-297,-4831,442,-2652,-3490,5284,9065,10372,-1355,-2870,-5608,5134,8630,10372,1185,2510,-2621,420,-1940,-2678,-405,-2144,-2514,-720,-570,499,-2065,-4992,-12233,925,148,-541,442,-2137,-980,6679,19016,41404,20,-1182,-3589,6529,18581,41404,870,-1430,865,-2035,785,-2396,870,-1430,-5485,-8895,1910,1344,2494,3596,12255,20522,-907,-5993,11820,20522
10/9/2024,1065,-437,1134,-1025,-188,1134,-1122,240,1474,50,536,1134,-3550,-6912,-7564,-25,-3950,-7169,435,-2036,-4454,6811,16349,22941,-3700,-6875,-8885,6811,15979,22941,1065,-437,1686,-1025,-188,1686,-1122,240,2026,185,73,332,-3550,-9026,-14487,-25,-4509,-4061,435,-1014,538,7604,19679,59685,-365,-1678,-4107,7604,19679,58885,1556,3370,1805,3370,2284,3370,1896,3370,-6650,-7482,180,-1438,2020,-4324,16832,23832,-6225,-8800,16832,23832
10/10/2024,1165,853,-3843,1460,1873,-4358,2530,2122,-4743,550,100,-3843,4650,4100,-1900,3900,-550,-7361,4100,-150,-8141,2195,4183,-7513,3331,490,2673,2120,4183,-7513,1165,853,-6664,1460,1873,-5664,2530,2122,-6790,2165,1453,-1113,4650,8084,2173,3900,-550,-12838,4100,87,-13046,2195,710,-54598,5106,-499,-12166,2120,710,-54598,-1030,-4905,-1030,-4905,95,-4905,-1030,-4905,3372,-1440,-5130,-1442,1589,273,-4380,-8040,2661,4479,-4380,-8040
10/11/2024,2805,3118,1727,2840,3283,1727,2840,3283,1727,3120,4108,1727,4364,11085,21134,3768,2116,14715,7758,14403,11366,10081,-5291,-6613,4288,1175,6273,10081,-5291,-6613,2805,3118,1778,2840,3283,1778,2840,3283,1778,3120,6923,5630,4364,11085,22774,3768,3087,20562,7758,14058,18559,8838,22127,33937,5573,3287,20366,8838,22127,33937,-250,-3872,-250,-3872,-250,-3872,740,-3872,6480,14362,4900,7536,7827,7438,-5611,-6980,660,6701,-5611,-6980
10/14/2024,975,2970,2600,335,4020,3595,202,5005,6186,730,2970,2600,3823,9713,21020,5429,12467,16181,6242,19121,27184,6825,10163,14018,3796,1975,3273,6825,10163,14018,975,5174,12896,335,6224,13891,202,7209,13846,373,1842,8966,3823,10462,29057,5429,15162,34107,6242,21796,42612,7922,50951,102640,5233,19812,42612,7922,50951,102640,8375,3140,5121,2985,5121,2985,8375,3140,6506,13767,10221,13606,8902,25524,10564,2650,1250,2686,10564,2650
10/15/2024,2782,3538,12623,3452,4248,14018,3047,5136,14490,2532,2307,11237,-3700,-6940,-8183,-765,-4730,932,-1319,-1523,-4348,11413,6917,16351,-610,-6745,-3538,11265,5977,12286,2782,3538,12623,3452,4248,14018,3047,5136,14490,1702,1735,7330,-3700,-8275,-20568,-765,-4535,2165,-1319,-3325,1674,11413,16701,54982,416,-4363,194,11265,13631,53597,7835,24577,8165,24192,8005,24112,7495,20853,-6960,-7724,4488,12262,2581,19834,18861,19626,-1565,-8175,18851,19626
10/16/2024,1331,2380,-2020,1010,2380,-2020,1780,2380,-2020,1671,2380,-2020,-3990,-5814,-5504,-1954,-6593,-6911,-3640,-6909,-7780,586,-5315,-5669,-1483,-4384,-7035,586,-5315,-5669,1331,2866,87,1010,2866,87,1780,2866,87,1171,5386,6659,-3390,-5654,-8893,-1954,-6629,-12916,-3290,-7569,-15278,586,-11249,-32610,-1339,-5573,-14753,586,-11249,-32610,-960,-3987,-960,-3987,-960,-3987,-960,-3987,-6850,-6735,-6480,-8280,-7000,-7175,-6535,-8234,675,-7875,-6535,-8234
10/17/2024,2780,2084,-7190,3040,1969,-3469,2693,845,-5729,1485,1194,-7190,1379,793,-1998,2195,889,1084,2610,2549,6824,8330,7639,8274,1514,127,782,8130,7639,8274,2780,2084,-3259,3040,1969,-3034,2693,845,-3169,1260,-2450,-1456,1379,793,-3493,2195,889,2978,2610,2549,5633,8330,13869,33067,1944,2249,6689,8130,14109,33677,3695,6276,3530,6276,1975,6276,3195,6276,2858,328,1360,2896,4975,8616,16068,11657,1485,5140,16383,11657
10/18/2024,5756,5662,-228,6226,6577,-795,7631,8787,-795,7813,7448,-228,2440,1406,7604,593,3881,5087,772,6123,-2685,6559,1048,-6656,1203,1319,608,6339,1048,-6656,5756,5662,668,6226,6577,248,7631,8787,248,7709,2542,9650,2440,2194,11677,593,3084,3307,772,1684,5658,6559,-8928,-24969,-4,1684,5658,6339,-8928,-24969,303,-7093,303,-7093,303,-7093,-2659,-6175,7475,1185,4133,-2612,5190,-3685,2425,-7835,1402,5246,2425,-7835
10/21/2024,-45,-2155,-1941,1588,-2248,-6441,-690,-4612,-6441,-120,-2155,-1941,5405,3487,8251,3002,11050,14835,5301,6798,15385,6530,6314,7202,3325,9002,7711,5940,6314,7202,-45,-2155,-4063,1588,-2530,-6538,-690,-4612,-6538,-35,-3154,-6588,5405,3487,9627,3002,11050,17901,5301,7796,22653,7335,21355,51051,5301,6855,22653,7210,21355,51051,-2587,-452,-2587,-452,-2587,-452,-2587,-452,5867,5583,8096,13977,10280,9079,1665,-2023,4605,1615,1665,-2023
10/22/2024,105,-2518,-3387,-1185,-2398,-3387,-1980,-2493,-3387,-895,-2518,-3387,1486,1727,-4151,2627,2258,-4131,2097,1335,-2090,4003,10860,-1308,1059,-326,-1413,5999,10860,-1308,105,-2518,-6833,-1185,-2398,-6833,-1980,-2493,-6833,-1170,-2433,-3071,1486,2066,-599,2627,2505,-2295,2097,1381,742,5793,19095,24806,2428,1527,3038,6609,19095,24806,-2120,-6244,-2120,-6244,-2160,-6244,-2120,-6244,-3678,-5788,216,-2728,3477,570,10694,-3120,-2673,-4651,11994,-3120
10/23/2024,65,-1925,-2544,-745,-885,-2634,-93,-44,-2939,-505,-2425,-2544,-2795,-6905,-8920,-1430,-2727,-5595,-737,-3690,-4357,8663,6586,14072,863,-6710,-6766,6390,6446,11222,65,-1925,-1630,-745,-885,-2636,-93,-44,-2941,-795,-3905,-7974,-2795,-7482,-16112,-1430,-2727,-5622,-737,-3690,-5814,8663,8360,15274,1973,-2832,-6176,6390,9370,13461,1161,2072,1206,2072,1206,2072,-538,2072,-6350,-8905,-1780,-1175,1387,-635,11623,21408,244,-8520,11623,21408
10/24/2024,1215,3552,1645,-67,1433,1645,-1145,1433,1645,995,3552,1645,1399,4600,2975,2902,6988,932,2520,103,7225,1469,5894,2285,583,3226,-65,1384,5894,2285,1215,3552,-1052,-67,1433,-1052,-1145,1433,-1052,955,-770,633,1399,-959,9544,2902,6988,2666,2520,103,5153,1469,15714,-3472,972,-3519,6336,1384,15609,1538,-3870,-2600,-3870,-2600,-3870,-2600,-3870,-2600,825,-531,744,-2287,-2391,-6477,-5225,-6365,530,-2249,-5225,-6365
10/25/2024,15,-982,-4980,-600,-1317,-6085,-525,-2063,-7120,-1055,-3138,-4980,-1387,-5007,-8988,-3580,-6219,-8800,-2850,-6213,-8185,-5770,-6978,-8127,-2025,-397,-292,-5770,-6978,-8127,15,-982,-5002,-600,-1317,-4190,-525,-2063,-5866,-2235,728,-8607,-1387,-6430,-16075,-3280,-6020,-14917,-3045,-6278,-12069,-2870,-8318,-20487,-1945,-4542,-8879,-3015,-8473,-21117,-1420,-1444,-1420,-1444,-1420,-1389,-1420,-1444,-5277,-8999,-6975,-8382,-6988,-8984,-7000,-8847,-1211,688,-7000,-8847
10/28/2024,-945,-1005,-1972,-690,-990,-2340,-695,-949,-2442,-400,-1005,-1972,-4635,-6620,-7331,-876,-86,-1930,802,-220,-1556,9291,21943,31669,1037,-3810,-8855,9291,21943,31669,-945,-1005,-1902,-690,-990,-1710,-695,-949,-1115,-483,-3890,-5445,-4635,-11020,-18811,-876,-86,-1930,802,-220,-455,9291,31159,72128,2421,-770,409,9291,31159,72128,-370,-2740,-370,-2740,-420,-2740,-370,-2740,-6995,-8931,2095,3000,1438,2569,19467,22441,3728,-8410,19467,22441
10/29/2024,2205,2129,-1986,2027,2134,-497,2400,3009,1270,2491,674,-1986,-5700,-6955,-8985,-185,985,3465,-560,-3895,-8995,9194,27388,11315,-4615,-5016,-8280,9194,27388,11315,2205,2129,162,2027,2134,1261,2400,3009,3191,1491,-914,-2421,-4670,-10745,-22660,-185,985,3665,-560,-905,2960,9194,27438,77114,-1770,205,6830,9194,27438,77114,3078,866,3043,1723,4320,3271,1923,-79,-6875,-8435,4450,1795,-267,-6950,25929,28834,-6930,-8015,25929,28834
10/30/2024,-485,520,1056,-55,-127,966,375,113,916,-1110,520,1056,-1825,-6194,-7349,721,805,-984,2749,-627,1531,9695,18463,29228,1934,-311,2228,9465,18063,29228,-485,520,2098,-55,-127,2008,375,113,1958,-350,-378,-4590,-1825,-8434,-17985,721,1510,1640,2749,784,2459,9695,21885,49769,2564,694,459,9465,21555,48969,-160,563,-160,563,395,563,-160,563,-4507,-6829,2039,2115,4073,4014,22479,38294,1970,4018,22479,38294
10/31/2024,310,2845,5715,1435,5266,6458,473,4021,5923,-1080,2845,5715,2933,11328,14340,3408,14218,22206,7278,14556,29283,1998,-2454,-7924,3445,4437,6031,1998,-2883,-7924,310,2845,6444,1435,5266,8020,473,4021,7809,-2690,-530,8986,2933,11805,27910,3408,14218,22355,7278,14556,30763,1998,-813,9162,6420,14441,29014,1998,-1538,9162,7941,3064,7921,2867,7752,-349,8084,3064,12304,24505,12748,31374,16140,38584,-366,-151,4524,4140,-466,-151
11/1/2024,1680,1605,-2465,1680,1605,-2465,1340,1605,-2465,1385,1605,-2465,3065,3446,3002,1885,-2067,-3996,1999,2582,-5106,-4320,-4456,-8640,224,887,7850,-4320,-4456,-8640,1680,1605,-1462,1680,1605,-1462,1340,1605,-1462,1470,155,-94,3065,3446,-1886,1885,2833,237,1999,3275,11,620,7014,99,1629,275,352,620,5264,99,-2136,-3700,-3641,-3700,-3641,-3700,-2136,-3700,-81,8513,-3878,-529,2557,-5879,-2745,-7968,2605,3289,-2745,-7968
11/4/2024,2052,4004,858,497,2349,-891,492,3486,23,2175,4004,858,4421,7419,11683,3135,6175,9515,4504,6695,9203,5860,-1570,10569,5013,3371,5563,5265,-1570,10569,2052,2291,-4049,497,2256,-3884,492,966,-4054,3572,5066,4194,4421,7419,12803,3135,6175,9715,4504,6695,12186,5860,3215,6871,3939,6118,9991,5635,2840,6196,1905,4001,3661,7026,3627,5396,2680,4001,2924,5797,2972,8300,527,9396,-1034,10054,1714,6500,-1034,10054
11/5/2024,3186,3723,2580,3423,3189,2292,2632,2762,3170,4018,5291,5430,1369,1941,-1803,314,2415,-505,207,1237,-2554,-4125,-336,-5102,198,-2435,1747,-4125,-336,-5102,3186,3723,4157,3423,3189,4362,2632,2762,5235,4018,6147,9442,1369,2351,5914,314,2415,4831,207,1874,286,-4692,368,-739,-745,1345,102,-4692,368,-739,1020,-1085,1890,-1085,1492,-134,4330,2540,6783,1205,6307,3771,4814,1862,-961,-8045,1480,1236,-961,-8045
11/6/2024,1709,3279,5922,1787,3279,5922,2552,3515,5922,1655,3279,5922,-1337,-5737,-7871,1136,-256,1307,1972,7136,8887,7175,30591,20279,966,499,862,6620,30591,20279,1709,3279,7871,1787,3279,7871,2552,3515,7871,1345,2399,4459,-1337,-4542,-7651,1136,-256,170,1972,7136,6030,8315,37424,66036,2091,6499,5060,8175,37424,66036,2916,2033,2916,2033,2916,2033,2916,2033,-6915,-8410,2786,1392,9804,7185,22512,18103,-498,592,23812,18103
11/7/2024,-1060,-2119,2961,-1040,-2267,2961,-312,-2267,2961,53,-577,2961,978,9,9657,600,763,18241,2466,4896,16296,6719,14118,9914,-448,-260,-926,6719,16578,9914,-1060,-2119,2961,-1040,-2267,2961,-312,-2267,2961,53,-307,-2253,978,-862,7251,600,763,18649,2466,4896,17903,6719,23774,75275,1567,5018,20678,6719,26234,75275,-2074,4602,-2074,4602,-2074,4602,-2074,4602,-2465,7862,2046,22926,8385,16327,8568,606,-95,-474,11028,606
11/8/2024,1980,-1812,-816,3015,-477,-816,2280,-1962,-816,1230,-1812,-816,3976,3081,1580,3258,6545,9434,6851,12912,13968,1017,-6045,-4604,2284,2269,-1133,1017,-6045,-4604,1980,-1812,1347,3015,-477,1347,2280,-1962,1347,247,-1840,6472,4811,11000,11545,3258,6545,9434,6851,12775,14844,1908,4579,18116,6508,15015,14844,1908,4579,18116,-357,-722,-357,-722,-937,-722,-357,-722,-4695,-4295,-1724,1682,7223,3918,-5621,-6506,-1680,-7670,-5621,-6506
11/11/2024,3584,6655,11371,2979,6364,7811,4682,8123,10516,2611,6084,11371,2145,4259,3932,2906,113,5938,3220,12863,12651,1901,6402,-4839,4896,1575,2919,1901,6327,-4839,3584,6655,12507,2979,6364,9176,4682,8123,11881,2196,5951,9680,2145,4496,9239,2906,113,6357,3220,12863,13728,1901,10351,39117,2860,8389,13728,1901,10166,39117,7128,8083,7317,8083,7317,8083,6531,7023,2875,610,1156,-989,635,1780,-3490,-7646,-580,3857,-3490,-7646
11/12/2024,584,-1437,5930,1697,-1462,8558,1920,-1708,8347,23,-1437,5930,3966,5865,5076,3602,2024,2583,4811,2229,3305,2930,-4175,538,825,-606,-4230,2930,-4195,1987,584,-1437,8173,1697,-1462,9888,1920,-1708,10808,-311,4348,3270,3966,5865,13426,3602,2024,3371,4811,2871,7126,2930,-2635,5164,4019,2871,7126,2930,-2655,7629,3090,8371,2962,8371,2962,8371,5799,8371,1448,4173,-820,-2101,1352,3546,-6920,-7785,-1734,-4115,-6920,-7785
11/13/2024,2420,6011,7734,3211,5301,7681,2700,5376,7681,2765,6035,7734,4001,4968,3435,-50,-1062,-5339,43,165,-3242,-5240,-3216,-4889,1450,4027,7406,-5240,-3216,-4889,2420,6011,8243,3211,5301,8073,2700,5376,8073,2535,5080,8516,4001,7628,15224,-50,-529,-5746,43,693,-8823,-3560,-17760,-59756,-278,-448,-9286,-3560,-17760,-59756,1923,5540,2070,5540,2070,5540,1828,5540,7315,3667,-2197,-2538,-226,-8202,-3916,-8350,3811,5951,-3916,-8350
11/14/2024,915,-525,-3941,990,-545,-3734,815,-751,-3606,-660,-525,-3941,-2330,-5835,-7430,1655,1363,1868,3059,2230,-4415,5435,14610,28226,1960,-6985,1888,5435,14605,27571,915,-525,-3554,990,-545,-3690,815,-751,-2950,635,-2410,-10826,-2330,-5835,-12685,1655,1363,3587,3059,2294,-1616,5435,21257,43712,1910,1160,-4549,5435,21257,42257,-285,-2850,-430,-2850,165,-2850,-3027,-2850,-5180,-4969,4399,4596,5240,1214,16076,32353,3623,7939,16056,31698
11/15/2024,1560,5721,9369,2328,6062,10229,2042,6543,6394,1840,5535,9739,-2265,-6830,-8255,-500,-3705,-4378,-3,-3123,1535,5189,3976,-2305,-173,-800,-761,5179,2271,-2305,1560,5721,10361,2328,6062,10878,2042,6543,7265,820,3636,4376,-2265,-4945,-9573,-500,-3705,-4945,-3,-3123,-1188,5189,5639,12590,132,-1822,-1188,5179,5459,12590,3642,2140,3642,2140,3637,2140,3462,3415,-6350,-8745,-4780,-7850,-3685,-6324,3256,-6075,-1835,-111,3256,-6075
11/18/2024,-595,-5234,-6714,-1045,-5799,-6425,-2005,-5770,-6451,-1095,-5234,-6714,1305,-2006,-3756,-898,-4508,-6858,-3198,-4830,-4577,-2730,-6445,-2230,-1180,435,-1899,-2845,-6445,-2230,-595,-5234,-11820,-1045,-6909,-10363,-2005,-6371,-9333,-1390,-4561,-9105,1305,-2741,-8528,-898,-7073,-17237,-2468,-6505,-20992,-2730,-21335,-51940,-1200,-5495,-21990,-2845,-22085,-51940,-3063,-6997,-4849,-6997,-4849,-6997,-3063,-6997,-1878,-3214,-5020,-6289,-5580,-4336,-6035,-5011,-780,3868,-6035,-5011
11/19/2024,1797,2821,3595,1013,1227,4058,641,1249,4588,1515,2364,2595,-3090,730,-8420,260,2201,176,385,2438,3041,4219,12184,5566,-1725,-6885,-7080,4219,12184,5566,1797,2821,5186,1013,1227,5102,641,1266,5061,1303,1365,-2865,-3090,-3870,-6960,260,2201,7131,385,3654,5326,4219,15243,38592,-655,3654,5326,4219,15243,38592,1664,6873,1884,6978,1927,7094,3538,6873,-6950,-8095,4922,7367,6475,8076,6732,9898,1785,-7400,6732,9898
11/20/2024,-495,1916,-1744,-300,3586,985,-340,3498,2153,-495,2246,-1744,901,2765,2740,2758,237,4595,3743,-452,-5042,-5220,-5865,-1973,3137,3552,846,-4040,-5865,-1683,-495,1155,-1940,-300,2055,-2120,-340,3687,2297,-760,-2185,-2315,901,2765,2740,2758,1033,3060,3743,-452,-4251,-5220,-9574,-25781,3388,1878,-3006,-4040,-9574,-25491,1258,4190,1623,4107,1883,5182,1258,4190,3734,2127,899,-981,-2331,-2839,-3485,-6503,1194,3285,-3485,-6503
11/21/2024,3460,3454,-2000,2670,3694,-2000,3190,3559,-2846,3774,3454,-2000,977,5547,1672,945,3519,1852,2654,2620,-1852,8575,-6975,-8215,1748,1291,-543,8575,-6990,-8903,3460,3454,-2133,2670,3694,-2385,3190,3559,-2270,3024,4485,-312,977,5547,2580,945,3519,-850,2654,2620,-215,8575,13496,-19168,3933,2635,7595,8575,13481,-17158,3935,-2453,3990,-2453,4040,-2378,3935,-2453,1293,-3187,3333,-5287,708,-6210,-4890,-8855,193,1806,-4890,-8855
11/22/2024,589,-2651,-7832,-1465,-2236,-7832,-1730,-2236,-7832,969,-2651,-7832,5307,12998,15965,4601,6996,7788,5610,11988,13697,2429,6464,2244,3571,6041,4635,2429,6464,2244,589,-4935,-5760,-1465,-4520,-5760,-1730,-4520,-5760,1184,-1655,-153,5307,13853,21767,4601,7098,16068,5610,14159,28057,3564,13399,38729,6982,17996,28235,3564,13399,38729,-3012,-3707,-3012,-3707,-3012,-3707,-3012,-3707,5801,11156,5873,11038,6150,10423,3915,2007,3902,5344,3915,2007
11/25/2024,-3670,-5545,-6157,-3725,-3971,-8532,-3715,-4146,-5030,-3905,-5545,-6157,-1385,-227,-2036,-105,-4550,-3256,-680,-4167,4812,1339,-6662,-7291,-1180,-4006,-7795,1339,-6662,-7291,-3670,-6430,-11727,-3725,-7910,-11997,-3715,-8085,-10897,-2470,-5885,-12385,-1385,10,2489,-105,-4550,-2921,-680,-4167,5253,2165,-6200,-7975,-715,-3867,4648,2165,-6200,-7975,-3747,-6594,-3852,-6436,-3912,-5743,-3747,-6594,2766,80,-1217,-3859,1630,-2420,-6485,-5418,-3576,-7195,-6485,-5418
11/26/2024,1090,1790,-2694,1006,420,-2694,351,420,-2694,360,2115,-492,4293,12114,7241,2815,8470,5303,9626,10583,9180,1960,-3124,-1775,3801,4108,9059,1960,-3124,-1775,1090,1790,-2630,1006,420,-2630,351,420,-2630,-190,-1000,4059,4293,12023,10622,2815,9545,7939,9626,13163,19417,-810,3710,12812,8911,13163,19417,-810,3710,12812,965,-806,965,-806,965,-806,965,-806,6840,2408,3838,2190,4753,5217,2610,619,1583,-2317,2610,619
11/27/2024,785,499,5805,1814,2444,1976,1667,976,6162,1873,1592,7830,4310,5674,-3053,815,-6920,-7230,1675,985,-7878,-2479,-4827,-7386,805,2202,486,-2479,-4912,-7386,785,499,5528,1814,2444,2917,1667,976,4906,1988,798,4763,4310,9129,-268,815,-7630,-5436,1675,5052,-3286,-2479,-4452,-31606,1335,6429,-4351,-2479,-4537,-31606,1091,2372,1121,2372,1091,2372,-939,5917,998,-4412,-3985,-7862,-3820,-5192,-5947,-8141,1919,524,-5947,-8141
11/28/2024,3730,4755,7765,3730,4755,7765,3730,4755,7765,3730,4755,7765,5565,7075,7570,5260,7380,11480,5880,11250,16257,4605,6895,5110,3560,1500,4024,4605,6895,5110,3730,4755,6730,3730,4755,6730,3730,4755,6730,1145,3710,6730,5565,8735,14593,5260,7380,11125,5880,11250,16395,5515,7005,7900,5450,11250,16395,5515,7005,7900,-1065,-240,-1065,-240,-1065,-240,-1065,-240,1180,-870,1585,1515,-1550,-2590,2545,1815,-780,-1950,2545,1815
11/29/2024,3189,3994,5582,3374,3994,5582,3374,3994,5582,3155,3994,5582,3960,6210,6895,3524,4980,7474,6356,10836,16538,6604,2649,4260,2220,2078,4260,6604,2649,4260,3189,3994,5959,3374,3994,5959,3374,3994,5959,2685,2285,6570,3960,7105,11945,3524,4980,7474,6356,10836,17017,6604,13680,22270,4120,11021,19118,6604,13680,22270,-1580,-765,-1580,-765,-1580,-765,-1580,-765,-1875,-1335,465,2285,4077,3783,4622,7005,-160,3045,4622,7005
12/2/2024,1010,2367,2942,1175,1960,2917,880,1740,2600,745,1942,2942,1346,501,3609,1425,-1366,287,1105,-849,2541,6063,-4376,-7475,98,870,3701,6063,-4376,-7475,1010,2367,2942,1175,1960,2917,880,1740,2600,1300,35,-525,1346,492,8053,1425,-969,6054,1105,-435,9646,6263,-5817,11673,976,-1363,8457,6263,-5817,11673,-1863,368,-1889,1056,-2179,1264,-1863,368,1860,-3149,-3845,-3561,-4518,1206,-4676,-8096,-2225,2182,-4676,-8096
12/3/2024,-340,597,2229,-493,342,2229,-454,407,2229,-130,597,2229,-5075,-6956,-8979,-3340,-5052,-3306,-3405,-5050,-2530,1942,8862,14143,-4210,-6820,-3799,1942,8862,14143,-340,597,3038,-493,342,3038,-454,407,3038,-130,-470,-684,-5075,-9846,-15301,-3340,-6850,-6586,-3405,-5050,-4755,1942,10625,41974,-3760,-5750,-4070,1942,10625,41974,3034,4660,2836,4660,2617,4660,3034,4660,-6935,-8970,-1070,-1400,-1944,-905,7482,11574,-4675,1435,7482,11574
12/4/2024,-1180,-1221,-1546,-1180,-1221,-1546,-1155,-1666,-1546,835,1150,-1546,-352,-6607,-7634,-378,-433,-4405,-2650,-4207,-8763,3814,6034,14675,-1183,-459,-1132,3814,6034,14675,-1180,-743,184,-1180,-743,184,-1155,-1175,184,934,671,-8427,-352,-8237,-18558,-378,111,-1290,-2650,-2741,-10277,5373,16156,44554,-2200,-2741,-10277,5373,16156,44554,882,-2753,882,-2753,882,-2753,882,-2753,-6975,-8919,1869,1980,673,580,7713,14224,-896,-636,7713,14224
12/5/2024,-1505,-2545,-2932,-1540,-2055,-3164,-1250,-2115,-3164,-850,-3549,-3795,-1935,-6407,-8196,-399,-2845,-6672,-1900,-2741,-8877,1765,-639,-215,-1621,-1740,-747,1765,-639,-215,-1505,-2545,-2700,-1540,-2055,-2700,-1250,-2115,-2700,-455,-2455,-2620,-1935,-6792,-13775,-399,-2845,-8383,-1900,-3476,-14673,1440,8174,-1245,-965,-3476,-14673,1440,8174,-1245,-3396,106,-3396,106,-3396,106,-3396,106,-6910,-8692,-5690,-6290,-5985,-8950,2971,5559,-1080,4711,2971,5559
12/6/2024,580,486,4115,-25,-1046,4996,-169,-1229,4950,1656,1897,4115,1877,5521,9271,2588,8693,7699,4285,10714,8799,6002,3948,5954,2703,2524,2010,5782,3948,5954,580,486,4983,-25,-1046,5517,-169,-1229,4983,1620,552,3307,1877,5521,10195,2588,8419,16974,4285,11489,17940,6457,19607,61710,3491,11526,17940,6237,19607,61710,1100,2767,912,2573,937,2601,1100,2767,2624,3870,4369,7350,3957,7053,6934,11922,1534,1010,6934,11922
12/9/2024,-625,-725,-1751,-480,-2340,-1058,-1275,-689,-1278,361,-725,-1751,-1394,-2017,-7250,877,951,-939,937,-1225,753,4905,-1564,2648,-1210,500,-6835,4905,-2022,2648,-625,-725,-1249,-480,-2340,-404,-1275,-689,-624,176,-966,-2160,-1394,-1956,-6094,877,2219,5362,937,-315,5338,4862,3419,39637,1404,397,5338,4862,3365,39637,-2370,-3790,-2335,-3790,-2335,-3790,-2370,-3790,36,-5103,2524,-1262,7328,-6929,3214,3532,1404,-8235,3214,3532
12/10/2024,777,-196,4560,495,799,1890,1765,1321,2977,-8,-196,4560,-3810,-6705,-8997,-1431,-5692,-9000,-3210,-5880,-8615,409,-7000,-8957,-1038,-6680,-8985,1179,-7000,-8957,777,-173,6352,495,822,3675,1765,1827,4884,-865,-2932,-1295,-3810,-8449,-20782,-1431,-5345,-11081,-3210,-5880,-15895,7162,4160,13628,-1081,-4972,-15895,7532,5040,13628,1458,4593,2203,4593,2523,4593,1458,4593,-6840,-8963,-5580,-8975,-4690,-7242,-5616,-8937,-500,-8590,-5616,-8937
12/11/2024,5845,6181,6550,4529,6936,6550,4094,6968,6729,5064,6181,6550,228,-3098,-4756,4105,7433,9617,4655,11096,6919,4914,-1627,-1766,605,-3897,-5446,3812,-1627,-1766,5845,6181,7751,4529,6936,7751,4094,6968,7731,2234,6795,7351,2525,4825,3635,4105,7606,11169,4655,12020,14285,4914,20054,24950,4050,12124,14285,4029,20054,24950,1403,-632,1230,-557,1465,-175,1403,-632,-6865,-7885,1138,3376,2581,-2798,4772,-3805,1495,-7885,4772,-3805
12/12/2024,165,-2606,-4461,795,-4176,-3901,-730,-3331,-3901,1650,-2606,-4461,-966,-479,-6486,-1184,-4171,-6833,-854,-2862,-6088,4478,-2235,2099,637,2000,2122,4478,-2235,2099,165,-2310,-3015,795,-3690,-2455,-730,-2845,-2455,1820,-2170,-1762,-966,-479,-6791,-1184,-4171,-6436,-854,-2862,-5905,4478,-2793,5390,-467,-3567,-5905,4478,-2793,5390,-4655,-5404,-4655,-5404,-5205,-5404,-4840,-5404,-1331,-65,-3610,-6331,-3360,-6347,4365,-2160,1821,3615,4365,-2160
12/13/2024,1830,-2515,-3962,635,-2450,-2796,920,-1298,-3441,2910,-2515,-3962,-399,272,-4265,-4590,-6995,-8878,-1913,-6982,-8998,-5623,-6330,-7779,-2225,-860,-1403,-5623,-6330,-7779,1830,-2515,-3238,635,-2450,-2493,920,-1298,-1082,2910,-1780,-3793,-399,272,-759,-4590,-8705,-17550,-1913,-7032,-19629,-5363,-30566,-66580,-2543,-7718,-19233,-5363,-30566,-66580,-1130,-2060,-610,-2837,-1165,-3497,-1130,-2060,-1380,-2354,-6995,-8985,-7000,-8995,-6770,-8870,-870,-1367,-6770,-8870
12/16/2024,2849,-289,5790,2079,-530,5790,2012,-262,4267,2074,1061,5790,-4550,-6988,-8965,795,-3176,2412,6997,232,-7999,11950,5669,7319,1649,-1224,-1015,11720,5669,7319,2849,-289,5403,2079,-530,5403,2012,-262,6147,1674,2285,2351,-831,-4071,-3637,795,-2934,258,6997,106,-3055,11950,6164,6141,2939,-1964,-3770,11720,6164,6141,-177,4471,-177,3738,-177,3689,163,4471,-6640,-8974,50,535,2825,3727,2606,9300,-862,-600,2606,9300
12/17/2024,1895,3222,-1437,980,1390,-1437,710,1432,-1437,1850,3222,-1437,2544,5649,7071,5888,2704,-470,2277,5862,2865,2681,-2785,-4773,1003,1834,2017,3361,-1755,-5069,1895,3222,-6190,980,1390,-6190,710,1432,-6190,2155,3305,4611,2544,6717,18554,5888,2704,6377,2277,6139,9179,4106,3969,-24620,1943,4937,8011,4786,3804,-26273,-4170,2853,-4100,2853,-4150,2853,-4170,2853,6545,8869,7040,6947,8448,9183,-3065,-7792,1750,3666,-3065,-7792
12/18/2024,2365,-123,156,1420,-428,131,640,695,3185,220,-123,156,-1967,-6067,-6916,1579,-251,-4215,1713,435,-7951,12583,20786,35498,1763,-5210,293,13423,20756,31828,2365,340,2265,1420,35,2975,640,695,4215,1490,-405,-3270,-1967,-9477,-18108,1579,390,-1333,1713,1457,-995,12583,28727,55180,2678,1982,-2465,13423,28697,51180,2160,5832,2320,6107,1965,5682,5,3332,-6217,-6906,1609,980,3439,3097,20055,40131,-2925,2388,20055,37356
12/19/2024,2335,4053,2132,2240,3693,4493,2317,3504,4022,1215,2475,4261,1455,5560,8185,3865,4848,12276,3260,8922,7428,7161,10535,15995,-795,-2115,-7056,7161,10535,15551,2335,4053,2549,2240,3693,577,2317,3504,711,1485,-505,-1164,1455,8472,-3056,3865,4848,6929,3260,9059,6466,7161,17153,36123,1495,8040,6661,7161,16860,34678,1071,5870,844,5870,1730,6090,844,5870,8457,4706,8399,5697,11858,14441,10002,25081,-160,-6821,10002,24771
12/20/2024,2482,4055,17924,1467,3825,8825,1575,4335,10786,1878,4162,18764,1165,640,-3576,373,-2680,-2926,-830,-509,10791,1238,-6271,12600,5029,6054,2535,-643,-6271,12600,2482,4055,17924,1467,3825,8825,1575,4335,10786,1878,3611,15169,1165,1620,2224,373,-1680,2909,-830,-1231,3450,1238,-6301,-5233,3061,-2035,11065,-643,-6301,-5233,5730,22525,5185,18672,4985,19992,6755,23365,-2755,-7835,-542,1795,1030,2554,2963,17773,3493,-7835,2963,17773
12/23/2024,1285,5719,7604,1155,5614,7392,101,4028,3825,1370,3209,10536,4692,12217,3135,4583,8967,7285,6088,14856,8222,2220,-6905,-2175,2523,4354,9754,2220,-6905,-2175,1285,5719,6869,1155,5614,6853,101,4028,4082,1375,2971,7425,4692,13393,13477,4583,9192,7826,6088,14633,18403,3461,5156,12452,5059,17304,16957,3461,5156,12452,7347,10642,7417,10642,7605,10642,7755,8117,7658,1029,3520,7238,7155,11778,-1865,-5525,1845,2799,-1865,-5525
12/24/2024,1935,4922,7412,1751,4873,6698,1849,5106,6447,1935,4922,7412,-3925,-4145,-3690,-410,215,-1434,290,140,-3280,8390,10849,13690,-900,-2620,-6990,8390,10849,13690,1935,4922,9067,1751,4873,9137,1849,5106,9175,1475,2712,1740,-3925,-8820,-19455,-410,215,-1434,290,140,-3280,8390,15337,44318,-150,-480,-3280,8390,15337,44318,5095,8792,5095,8792,5304,8792,5095,8792,-5760,-6230,1565,770,2278,1892,11642,13183,-958,-7750,11642,13183
12/26/2024,3060,2295,-146,3513,2300,-146,4013,2300,-146,2890,3237,-146,5024,12591,10997,6151,13588,9756,6093,14984,13850,6292,3997,-4168,2228,3250,4531,6292,3997,-4168,3060,2295,-3996,3513,2300,-3996,4013,2300,-3996,2101,1422,-4728,5024,12912,18382,6151,13588,8833,6093,14984,14737,6292,15647,16387,5771,14188,14737,6292,15647,16387,-2639,-5160,-3385,-5160,-3385,-5160,-2639,-5160,11277,761,9780,3248,11395,10704,1837,-5254,1960,-4165,1837,-5254
12/27/2024,1409,2668,3005,414,4790,3005,-286,3255,2960,765,2168,3005,4879,7006,3312,2054,5803,787,5210,234,-144,-1539,-4908,-6374,1480,2404,2084,-1539,-4908,-6374,1409,2668,-8891,414,1083,-8891,-286,-452,-8936,1775,3780,1455,4879,7006,6769,2054,5803,3085,5210,882,-1637,-545,-3677,-28961,5380,1850,-1098,-545,-4567,-28961,6861,-2741,6861,-2741,12738,-2741,6986,-2741,5467,8234,-2775,-5986,-3190,-4662,-5082,-5196,1970,3982,-5082,-5196
12/30/2024,1820,-90,1762,970,-50,1395,-25,-229,1616,1820,-90,1762,483,-2277,-4617,-2390,-5000,-8970,-2990,-4750,-8625,-4785,-6860,-8335,462,1037,-7985,-4785,-6860,-8335,1820,-90,-2650,970,-50,-2436,-25,-229,-1344,1300,2665,-3180,483,354,64,-2390,-6865,-19655,-2990,-6705,-24010,-7170,-26535,-79320,-2127,-6449,-24010,-7170,-26535,-79320,-614,2460,-509,3294,-564,3294,-614,2460,380,-3917,-4715,-7770,-5745,-8460,-6960,-8815,3820,-7815,-6960,-8815
12/31/2024,1310,2793,1011,1285,3070,1574,1606,3375,1654,495,6541,2006,-1950,-6965,-7800,3295,7510,17967,4600,9120,-1155,13105,22866,43248,2020,-169,-2592,10665,22242,41182,1310,2793,981,1285,3070,1693,1606,3375,1773,495,5580,-373,-1640,-1610,-7086,3295,7510,18655,4600,9120,12380,13105,27034,56479,4870,10615,11380,10665,26201,54734,1587,4561,1562,6108,1732,6411,2322,6376,-6630,-8930,6085,13290,6595,10695,26028,27222,106,-3,26028,27222
1/2/2025,-1275,-6925,-8135,-2570,-5213,-8265,-1031,-5388,-8818,-2080,-6925,-8135,2823,-163,-1317,681,-1153,-6183,-22,-5957,-6331,1220,2239,-7415,490,929,5328,1195,2144,-6291,-1275,-6925,-13105,-2570,-6385,-11815,-1031,-6460,-11445,-3130,-8355,-14065,2823,-163,-4959,681,-1153,-9095,-22,-6957,-11875,1220,3998,-20184,-145,-2595,-7555,1195,3870,-19966,-1500,-4517,-1160,-4531,-1360,-4576,-1500,-4517,3455,5457,1795,-2490,-148,-3515,-3899,-2558,1098,7084,-3899,-2558
1/3/2025,-495,-3341,-305,-430,-2906,-351,-785,-2086,1050,373,-3341,-305,1710,-663,2050,2243,-645,8904,4285,285,10536,4095,-4806,-5507,3303,1438,3664,4095,-4806,-5507,-495,-3341,-488,-430,-2906,257,-785,-2086,1084,1845,-3218,839,1710,-663,10128,2243,-645,11669,4285,109,16570,5175,-5428,13734,4588,290,16717,5175,-5428,13734,-7,2831,3,2831,-7,5537,-7,2831,1304,-8655,3942,10017,3963,16036,-4588,-8013,5988,4085,-4588,-8013
1/6/2025,1505,4509,-701,1730,2561,182,1130,2286,364,1580,4309,-701,1495,61,-8018,1165,-6992,-8986,3250,-6827,-8998,1674,-4011,-8149,-2155,-1134,-7995,1379,-6077,-8149,1505,4509,-3439,1730,2561,-4119,1130,2286,-3879,1715,2964,3014,1495,1436,3839,1165,-1057,-5713,3250,613,-12894,1485,-2672,-42291,430,315,-8724,1190,-3272,-38221,775,3470,1655,4295,840,1505,775,5225,930,-7915,-6945,-8975,-6300,-9000,-6895,-8944,1175,-7600,-6895,-8944
1/7/2025,1855,4870,17,1793,4255,-375,2698,4398,-124,1220,5042,644,3854,9448,-1085,3330,7191,1157,2102,3172,1025,12221,22040,30587,300,-2161,-3524,11926,21050,29807,1855,5194,2711,1793,5005,2768,2698,4788,3485,605,2638,-1932,3854,6336,-7506,3330,7232,1499,2102,3172,1025,12221,28004,50876,2059,4092,305,11926,25999,52486,2665,3276,2710,1510,2665,1510,1970,-930,4595,3559,7128,6705,4133,17985,19531,28577,1842,-1396,19191,27777
1/8/2025,-35,606,7476,872,1378,5299,1745,834,6058,751,3628,7476,6660,9606,24810,6587,8326,20600,8690,15575,30930,4435,8880,21093,5756,2148,8323,4415,8880,21093,-35,606,9393,872,1378,8058,1745,834,8364,1171,3190,5374,6660,9606,24835,6587,8326,20600,8690,15575,29140,4435,6221,21238,7679,15990,21648,4415,6221,21238,2008,6721,3199,3386,2704,4151,3698,6721,10403,31320,6316,15308,9902,29693,10416,13315,5364,16839,10416,13315
1/9/2025,0,0,0,0,0,0,0,0,0,0,0,0,0,0,0,0,0,0,0,0,0,0,0,0,0,0,0,0,0,0,0,0,0,0,0,0,0,0,0,0,0,0,0,0,0,0,0,0,0,0,0,0,0,0,0,0,0,0,0,0,0,0,0,0,0,0,0,0,0,0,0,0,0,0,0,0,0,0,0,0
1/10/2025,3813,-585,3310,2810,305,5664,1929,1089,2671,3008,125,3310,3883,6321,15584,1140,543,3088,1570,193,-1386,-1100,-4487,-6764,2293,-73,7447,-1100,-2405,-5924,3813,-585,795,2810,305,3692,1929,1089,3519,2958,280,205,3883,6321,17095,1140,543,3154,1570,590,2948,-1100,-6793,-40359,1638,1498,5065,-1100,-6853,-38815,1585,5613,1883,6995,1905,8666,1085,5613,6404,11899,2465,2985,1990,1531,-365,-6608,-2406,5748,-365,-6608
1/13/2025,8,-1860,-6375,-710,-1860,-6375,-312,-1530,-6375,1533,-1860,-6375,2844,-4377,-7183,1040,-4333,-7588,912,-3931,-7000,3321,-1601,3602,1906,-871,1701,3321,-1601,3602,8,-1860,-5382,-710,-1860,-5382,-312,-1530,-5382,1533,340,-5444,2844,-5309,-13855,1040,-4333,-9158,912,-2628,-5378,3321,7922,31409,707,-2060,-8653,3321,7922,31409,-1269,-2907,-1269,-2907,-939,-2907,-1269,-2907,-5887,-8186,-1435,-5204,-1150,-2944,12052,9740,2078,580,11652,9740
1/14/2025,1005,3034,6209,1881,4517,8989,2237,3369,5091,1130,4079,6209,2065,7008,6851,3327,6655,16902,6653,11765,21467,6983,5023,27139,1838,8599,4534,6983,4918,27139,1005,3034,6961,1881,4517,9596,2237,3369,5344,1790,4452,4135,2065,8150,11737,3327,6655,16902,6653,11765,25532,6983,9166,24055,5458,11208,22397,6983,9061,24055,5399,5305,5363,6781,4552,3995,5044,5885,8982,11678,6555,23256,14487,30029,7602,10447,9099,5005,7602,10447
1/15/2025,3058,6777,16423,3139,7564,17925,3653,7191,14479,3826,6897,16423,3075,3658,8004,2237,8144,21746,5230,14324,32312,8436,4617,14379,2286,6005,3265,8196,4617,14379,3058,6777,18403,3139,7564,19118,3653,7191,16389,3826,6032,18598,3075,4721,18041,2237,9229,25144,5230,15413,36696,9255,19659,79927,3687,13325,36696,9015,19659,79927,6342,12894,6008,11242,6219,11957,5837,12894,6248,1783,7773,18375,12629,22085,12244,6332,4432,776,12049,6332
1/16/2025,1740,3646,841,2750,4649,2634,2270,5588,4373,1440,2996,7239,2315,4614,3213,3830,5983,10721,1412,2146,6997,10331,18150,29066,2200,-1228,-1034,10241,15910,27634,1740,3646,1663,2750,4649,1321,2270,5588,1351,245,-1074,5103,2315,4614,-2787,3830,5983,10721,1412,2146,7120,10331,20462,44732,1774,1554,6232,10241,18222,43222,3620,10276,3620,10276,3545,10276,5135,10276,1999,6373,6663,12591,7900,24255,17708,42961,2578,4794,17708,42961
1/17/2025,1830,1817,428,1834,1817,428,1783,1817,428,1580,1817,428,2785,3978,-4011,2221,-285,462,2135,-203,-3011,10443,-517,-6012,722,501,-11,10443,-517,-6012,1830,585,-3458,1834,585,-3458,1783,585,-3458,1910,626,-3645,2785,3972,-1286,2221,-285,-670,2135,-1238,-5603,10443,3000,-23217,2695,729,-5603,10443,3000,-23217,-1790,-1623,-1790,-1623,-1790,-1623,-1790,-1623,1135,-53,-2524,1732,2363,551,2920,-2676,5675,1622,2920,-2676
1/20/2025,-1020,-1635,-1765,-1010,-940,-1765,-755,-940,-1125,500,-1635,-1765,1231,3040,3779,387,370,-608,-158,-415,-3395,-3010,-6935,-8880,819,1205,1360,-2450,-6935,-8880,-1020,-1635,-1765,-1010,-940,-1765,-755,-940,-1125,-780,-1325,395,1231,3040,5542,387,760,2095,-158,445,-770,-3010,-7360,-14580,819,1055,-770,-2450,-7360,-14580,-4720,-6775,-4720,-6775,-4720,-6775,-4720,-6775,3360,5061,440,-2885,165,340,-6815,-8270,2040,5109,-6815,-8270
1/21/2025,905,85,-5949,1175,-1293,-5949,1925,-963,-4949,1360,85,-5949,702,-2929,-6960,-2085,-4253,-8994,-2108,-5855,-8919,-3679,-5280,-8295,-523,-376,-5386,-3679,-5280,-8320,905,85,-10210,1175,-1515,-10210,1925,-1185,-9210,1680,-963,-5021,702,-2748,-4393,-2085,-6559,-21414,-2108,-10780,-20425,-5924,-24604,-68939,-4175,-5534,-18065,-5924,-24604,-68964,-2170,-7030,-2170,-7030,-1170,-7030,-2170,-7030,-3260,-2386,-3829,-8880,-5740,-8970,-6985,-8950,-307,-7340,-6985,-8950
1/22/2025,1085,3068,-1605,1320,2687,-1611,2101,2092,-1611,1642,1323,-1605,-1295,-6974,-7212,-1610,-3100,-6388,-2213,-4065,-4109,5497,2811,1931,-597,-1135,-2253,5497,2706,3751,1085,3068,-3485,1320,2687,-4048,2101,2092,-4048,1392,937,4803,-1295,-6137,-12972,-1610,-2938,-11635,-2213,-1583,-9092,5497,8924,-15992,-2093,-2177,-7902,5497,8819,-17177,-1285,-1872,-1473,-1872,-1473,-1872,-1285,-1872,-6880,-8642,-6116,-2495,-3330,-8507,432,12269,47,-1560,432,14089
1/23/2025,-365,285,108,-482,241,-43,-507,-24,-43,155,285,108,28,-4009,-5395,496,-480,-2475,-1445,-3863,439,6703,11124,12371,-283,377,-817,6703,11124,12371,-365,576,2014,-482,521,2014,-507,26,2014,-1215,-1427,-3186,28,-4009,-13245,496,-480,-362,-1445,-3863,553,7508,16510,47559,-1867,-2471,-1167,7508,16510,47559,1802,4899,2029,4899,1764,4899,1802,4899,-3595,-5714,1568,3021,3119,5018,10395,15419,-229,161,10155,15419
1/24/2025,-1370,-1356,808,-1050,-1241,-3730,-730,-1356,-3730,-1845,-1356,808,-3000,-6534,-8414,-1715,-5730,-6668,-1800,-1830,-3660,1768,-4265,-4414,-125,-904,-3793,537,-4265,-4414,-1370,-925,1974,-1050,-810,1819,-730,-925,1819,-2040,-3045,-3095,-3000,-4969,-9099,-1715,-5730,-9585,-1800,-1830,-2855,1768,-4219,2842,-1445,-919,-2855,537,-4219,2842,824,825,824,825,824,825,475,825,-5975,-9000,-4210,-1640,1110,30,763,4754,2640,-8320,763,4754
1/27/2025,3030,4316,7687,2840,4199,8420,2705,2789,8139,2265,4231,7687,6335,11136,12906,7906,2852,-845,9124,5808,6774,-2165,-2000,-4910,3189,-527,1633,-1460,-2000,-4910,3030,4316,3925,2840,4199,2846,2705,2789,5867,2265,3948,4212,6335,10560,16789,7906,6440,-971,9124,5808,11012,-1130,-1951,-6455,7079,2558,3778,-555,-1951,-8682,6411,8422,6426,8836,6421,8836,6561,8422,8484,14979,6638,2426,7909,10519,-1906,-3613,1626,1296,-1906,-3613
1/28/2025,170,1960,1085,810,3093,134,1535,3043,134,510,1960,1085,110,1448,34,2183,5177,2647,3344,6264,7511,6938,2857,-7772,-650,-3880,-5482,6938,2752,-7772,170,1960,3629,810,3093,3634,1535,3043,3634,630,1435,2768,110,1448,4851,2183,5177,6222,3344,6264,21080,6938,15258,48735,1041,5712,18429,6938,15153,48735,649,-1606,1354,-1601,1349,-1601,649,-1606,870,7884,2281,3795,6124,6877,-4591,-6484,2428,-7660,-4591,-6484
1/29/2025,3676,7934,16499,3973,2870,12834,3645,3005,13965,2581,5739,18074,12036,18513,39171,7365,23775,41808,15045,25548,69435,9756,23227,23829,9237,12896,12540,10183,23984,23064,3676,7934,18079,3973,2870,14948,3645,3005,15363,26,2929,15753,12525,21132,52603,7365,23775,49207,15045,25548,75057,12161,39753,85482,14752,27472,76005,13263,39538,81642,7875,16868,8465,15052,9465,15052,6680,18695,18559,39194,18764,41910,28735,72629,17733,21128,12170,17903,17708,23553
1/30/2025,2198,6013,11240,1478,5863,11317,1448,6538,8230,1043,4263,13320,8878,15939,13400,11009,16618,8820,7396,15181,7327,9244,7970,-4146,6199,14802,4615,9244,1270,-7969,2198,6013,9871,1478,5863,11959,1448,6538,8921,-1092,3618,3136,8878,15939,14939,11009,16618,8710,7396,15181,6041,9244,14030,7445,7865,12630,2363,9244,13845,5815,6295,10789,6228,10819,6465,12182,4712,10789,8155,10344,10400,7883,3285,10983,240,-3471,5380,12635,240,-3471
1/31/2025,-105,-2280,-1906,896,-706,-450,739,-2092,-629,-940,-2870,-3680,-1204,-1943,-7080,-2460,-6543,-8995,-4160,-6995,-8995,2162,747,-3259,640,2566,1074,2012,532,-5524,-105,-2280,-1906,896,-706,-632,739,-2092,95,-940,-178,-1145,-1204,-1875,-9731,-2460,-7435,-17625,-4160,-5555,-10275,2385,-7405,-41211,-2405,-4455,-10120,2235,-7710,-44136,497,-1519,1301,846,-661,-65,402,-1298,-2839,-8862,-6475,-7795,-6445,-8517,-832,11351,-2295,2584,-1232,11636
2/3/2025,2215,6545,9301,2995,6540,3782,2210,4915,3782,1340,6820,9301,5505,14150,29520,5901,17735,24460,7590,13007,17196,6871,1088,-2456,5407,3456,5195,6646,1088,-2456,2215,6545,8456,2995,6540,5630,2210,4915,5630,1355,5590,5526,5505,14150,29520,5901,17783,32736,7590,15533,32979,6871,20759,42446,7481,16460,32300,6646,20759,42446,4232,9822,3742,10181,3742,10181,4232,9822,12101,21934,7786,21793,6667,6042,-3069,-4174,4505,8921,-3069,-4174
2/4/2025,4366,9935,9825,4484,8452,9825,2807,6944,9559,4937,8390,9825,5289,5194,18331,5463,9291,21783,8495,10947,23504,7858,11368,10405,4407,3158,6653,7858,11368,10405,4366,11366,15758,4484,9432,15758,2807,8781,15758,4393,6167,15313,5289,5194,18808,5463,10961,28238,8912,14063,36106,8407,28156,66508,9500,12785,37503,8407,28156,66508,5128,5369,4842,5369,5436,5369,5128,5369,5609,7300,9368,13857,9857,14823,10236,10001,2850,2072,10236,10001
2/5/2025,6044,4064,2573,6124,3807,2573,3849,3458,2573,5064,1074,2573,-158,2467,4861,1997,6738,6480,2459,7169,6520,7220,13401,22683,-720,395,2129,6719,13401,22683,6044,4064,2875,6124,3807,2875,3849,3458,2875,4544,126,507,-158,2467,770,1997,7892,11774,2459,8045,11928,7220,27514,71188,470,8045,13563,7020,27514,71188,1339,2975,1113,2975,1568,2975,379,2975,670,-1607,7254,8839,9572,10062,14656,28410,1959,4573,14656,28410
2/6/2025,5167,7114,5124,4889,4884,3680,3054,3099,3680,4195,7114,5124,5525,12642,15240,3947,4289,9881,6690,11943,23437,3987,5924,2747,3631,2898,3408,3987,5900,2747,5167,7114,6870,4889,4884,454,3054,3099,454,1211,2673,11829,5525,13140,14925,3947,4806,16582,6690,12994,29106,3987,9506,30827,4950,10204,28001,3987,9246,30827,6040,4698,5220,3111,4753,3111,6864,4698,10167,8742,8470,8836,14558,17284,6795,2797,3280,3055,6795,2797
2/7/2025,80,-640,-4134,324,-270,-4200,474,-797,-4446,450,-640,-4134,4806,-1996,-3143,2998,1830,-2426,2894,2237,3300,15705,23844,28660,1091,936,-8850,15705,25224,30013,80,-640,-3335,324,-270,-3154,474,-797,-2900,-20,-1300,-5318,4806,1146,-11673,2998,1830,-1503,2894,2237,2489,15705,22515,49963,3364,2467,2489,15705,23025,51258,-715,-1421,-715,-4326,-696,-3586,-715,-1421,-1963,-4637,-1849,3266,2165,4473,28114,47684,-2986,-8205,28059,47684
2/10/2025,-2630,-1330,181,-728,522,46,-339,-558,46,-2713,-1330,181,2084,3221,12832,-669,-2258,1590,-346,-2389,3115,-4910,-5548,-6609,268,2864,3292,-4955,-5548,-6609,-2630,-1193,428,-728,522,293,-339,-558,293,-518,-613,3766,2084,3221,14308,-669,-1771,127,-346,-2650,-1978,-6325,-18857,-52921,-346,-3078,-1978,-6370,-18857,-52921,-548,-6271,-548,-6271,-548,-6271,-548,-6271,7401,9489,-1879,-3286,-2118,-5936,-6615,-8678,3006,3150,-6615,-8678
2/11/2025,2375,4035,721,3730,4008,721,5235,3088,721,2295,4035,721,3931,7197,11916,2521,2104,2743,1940,-1029,704,-2472,-6972,-4061,1491,2849,3308,-2472,-6972,-4061,2375,4035,-3724,3730,4008,-3724,5235,3088,-3724,3350,3405,5094,3931,7879,16356,2521,2104,2257,1940,-1029,-1523,-3557,-14812,-41158,1671,-1029,-2298,-3557,-14812,-41158,5592,2552,4602,-623,4602,-623,6487,2552,9081,17036,-485,5158,-1230,5098,-5085,-6481,1280,4271,-5085,-6481
2/12/2025,-660,-2865,-6442,-2430,-2775,-6775,-1185,-1992,-6775,-1195,-2865,-6442,1884,1660,-8758,1650,-1573,-8758,5238,1117,-8758,-632,-4031,-8091,1585,-3071,-3968,-632,-4031,-8091,-660,-2865,-6789,-2430,-2775,-6554,-1185,-1992,-6554,-930,-4012,-8952,1884,7358,6272,1650,7127,5307,5238,8022,12390,4395,-912,12844,5238,7419,12390,4395,-912,12844,-4148,-5738,-4368,-6208,-4188,-6208,-4148,-5738,2183,-7770,1466,-7770,1771,-7770,-5985,-6812,-6785,-7770,-5985,-6812
2/13/2025,1290,4007,9459,1275,5532,9709,983,5072,9709,285,2052,6359,-1940,-2968,-7278,753,730,2099,294,-458,-1863,6251,13617,23672,-1145,514,-7055,6343,13617,23672,1290,4007,10182,1275,5532,10197,983,5072,10197,285,1782,1570,-1940,-4758,-8900,753,2691,5850,294,1709,1077,6251,19549,46318,139,62,552,6131,19549,46318,3841,11652,3902,11667,4069,11667,3841,8552,-5881,-8780,2511,3525,1276,3365,16793,37201,-6635,-7685,16793,37201
2/14/2025,-450,-480,-1219,-1155,-480,-1219,-1235,-130,-1219,1189,665,-1219,1897,-1272,-6535,1817,1902,920,1506,-1036,-1175,6136,12031,9605,-159,-1800,-3932,5869,12031,9605,-450,-480,-436,-1155,-480,-436,-1235,-130,-436,594,-265,-3662,1897,-3530,-8970,1817,1036,4568,-5,2334,4648,6136,19299,47175,9,2334,4648,5869,19299,47175,-2450,-2642,-2450,-2642,-2530,-2642,-2450,-2642,-5475,-4633,1427,3235,2561,3846,13548,15595,-2010,-7870,13548,15595
2/17/2025,2515,3350,6670,2515,3350,6670,2515,3350,6670,2185,3350,6670,3925,7355,13461,3980,7510,9005,6340,11680,14260,6085,5995,6770,2665,1940,3101,6085,5995,6770,2515,3350,6420,2515,3350,6420,2515,3350,6420,1070,2105,6420,3925,7355,13461,3980,7510,12330,6340,11680,19220,8375,17275,25455,5910,11680,19220,8375,17275,25455,-290,990,-290,990,-290,990,-290,990,4230,5130,900,-105,315,1025,-5805,-6600,640,-575,-5805,-6600
2/18/2025,2750,6910,9905,4701,9723,14565,3978,5914,8241,1100,6253,8865,4653,11499,9245,5610,9352,9798,8219,9874,8570,4289,2842,-83,1468,3995,4748,4289,2842,-83,2750,6910,11475,4701,9723,14147,3978,5914,7482,1585,5632,12719,4653,13905,17930,5610,9352,9750,8219,9874,7827,5168,8277,-13609,8757,10489,8372,5168,8182,-11279,6081,7979,5371,7931,4597,7761,4716,5777,7835,5809,5098,4398,2395,5006,-4082,-5330,1504,4758,-4082,-5330
2/19/2025,3705,765,-1942,1795,695,-1942,1060,590,-1942,2875,765,-1942,5535,11919,6037,5010,9815,8141,5035,4153,1648,2650,-4706,-2760,1115,2165,-413,2650,-4706,-2760,3705,765,-5045,1795,695,-5045,1060,590,-5045,2265,656,2014,5535,13986,14411,5010,10735,9482,5035,17938,8615,4390,-2445,-14240,5395,18538,7615,4390,-2445,-14240,-2735,-7314,-2735,-7314,-2735,-7314,-2735,-7314,3337,-3960,4465,4679,4691,7119,-6985,-5176,4643,-613,-6985,-5176
2/20/2025,-2000,-2870,-4807,-1915,-2810,-4942,-1350,-905,-2482,-579,-1528,-5856,-630,-4863,-5177,-3156,-6999,-7041,-3079,-6954,-3816,-5999,-6271,-6295,-1260,-3335,-706,-5999,-6271,-6295,-2000,-2870,-5436,-1915,-2810,-4981,-1350,-905,-1981,-1094,-3034,-7659,-630,-4863,-12234,-3156,-6755,-14851,-3079,-11534,-17401,-10244,-18080,-43624,-4440,-10855,-13330,-10244,-18080,-43624,-2470,-4654,-2475,-2879,-950,-1879,-1179,-1833,-4784,-7845,-6582,-7299,-7000,-8201,-5942,-7775,-3930,-591,-5942,-7775
2/21/2025,4884,7968,12187,5552,6912,11499,4387,6906,11380,3260,5009,12187,-5655,-6980,-8440,1895,1331,-7096,977,1558,-8873,17230,30691,45507,32,-6180,-8440,17230,25356,44147,4884,7968,13200,5552,6912,12409,4387,6906,13063,3260,5009,11092,-5815,-11490,-26590,1895,1331,-1534,977,1951,-4789,17230,36681,64419,2911,722,-5599,17230,31346,63059,8021,12388,7893,12388,7798,12388,7372,9708,-6235,-8320,1320,-3764,-1096,-7388,39063,33853,1711,-8320,38663,33853
2/24/2025,3920,7396,10761,4545,7379,6313,2781,6403,7348,3639,7401,10761,4184,3692,2289,4344,3425,1917,5293,4004,4265,8530,8986,14133,3907,542,6578,8530,8986,12727,3920,7396,10761,4545,7379,6594,2781,6403,7629,4909,11186,13768,4184,4630,5959,4344,4965,6601,5293,5409,8026,8530,12701,19363,5085,4679,6932,8530,12701,17156,9100,12173,8315,9640,8775,9445,9100,13608,1660,-993,5146,8582,7284,6103,7715,17632,6217,9356,7715,17632
2/25/2025,4502,2686,1326,6049,4646,897,2013,4601,1198,4077,3908,15920,6237,14502,28439,3145,10237,8189,8519,11474,13059,6395,9282,6154,3158,6115,4975,6395,9262,8264,4502,2686,11804,6049,4646,9129,2013,4601,1753,4077,3053,15735,6237,14502,29212,3145,10495,14728,8519,11966,23608,6395,7921,-5302,7214,10446,19563,6395,7901,-5747,5950,5958,4280,2082,4069,3529,6295,4907,17167,26650,12564,16008,9508,18286,5147,-3707,4790,1442,5127,-4017
2/26/2025,1413,1105,1392,725,2519,1232,-755,1057,3316,1415,1105,1392,3064,5091,10965,1694,-543,-5097,555,-3134,-8953,1035,-6897,-8915,2691,2794,2643,1035,-6897,-8915,1413,1105,3208,725,2519,3048,-755,1057,2938,1445,865,3904,3064,5511,15058,1694,-543,-3654,555,-3134,-6180,1035,-13690,-44205,1874,1499,-1805,1035,-13830,-39180,8800,11463,7005,11463,6291,13716,7191,13552,7768,11552,2140,-1807,-1040,-7196,-1945,-552,3545,2814,-1945,1623
2/27/2025,2540,5102,9270,2540,5029,9497,2765,5197,10929,3345,5820,9265,3759,875,34270,4272,2684,3237,5995,3549,6090,11157,25201,40266,5461,1817,456,11037,25026,34296,2540,5102,9270,2540,5029,9735,2765,5197,11354,3345,5163,7650,3759,875,34270,4272,2684,3237,5995,3549,6090,11157,25201,46054,6196,5289,5239,11037,25026,39024,6227,12114,5752,11700,6272,12345,7192,13745,-253,2467,5170,9166,9722,14408,25181,42816,1136,10696,25181,41216
2/28/2025,2250,6285,7798,1545,7405,8807,1555,6010,7914,1925,6285,7973,3461,6885,10258,3031,8224,9072,3920,10418,12826,2880,4634,9313,3013,3225,5717,2880,3804,8579,2250,6285,8772,1545,7405,8807,1555,6010,7914,1960,6065,4501,3461,6885,11304,3031,5435,5683,3920,8965,12048,1164,-1005,-2679,3608,7835,9426,1164,-1005,-3194,5631,9677,5521,9577,5531,9602,4156,9222,7063,12228,3785,11754,9486,13591,6044,11763,2558,6894,5214,11563
3/3/2025,935,3063,1135,1875,3981,485,1045,2091,490,655,4515,1135,4807,7394,15845,7377,12571,23948,7885,12909,19404,14015,25420,32332,7699,9776,5899,13950,24230,21853,935,3530,-1880,1875,3315,-2530,1045,1425,-2525,1965,2441,-2500,4807,7394,15845,7377,12571,23948,7885,12909,18992,14015,25420,41084,7625,11669,14509,13950,24230,31149,4695,1790,4220,950,2860,1390,3290,2730,8606,12176,15370,21618,14161,20633,26520,47127,9441,11927,26520,44827
3/4/2025,2075,2895,3401,1400,1779,3225,1490,2144,6436,2220,4055,6335,5723,7714,6040,4738,6005,12863,8308,10813,26705,10094,3717,17846,2124,-963,1218,10054,3477,19056,2075,2895,3401,1400,1779,3225,1490,2144,3225,2220,3995,4887,5723,8850,12695,4738,6005,11008,8308,10813,27169,10094,14069,33149,6869,14328,24497,10054,13829,33174,3115,3996,1320,3315,1685,6603,4035,6391,6800,6852,6445,10396,13105,22290,7239,14968,1368,693,7109,17238
3/5/2025,1675,4752,7992,2295,4940,9367,1840,5150,9782,625,3317,10342,2366,5056,13474,1590,3612,16102,4073,2993,7857,2695,5152,-5814,1713,1186,2786,2690,4505,-2409,1675,4752,3584,2295,4940,4959,1840,5150,5374,195,1646,4565,2366,5761,16546,1590,3612,11077,4073,2993,7857,2695,6947,26130,2808,3893,9318,2690,6742,25591,5090,-648,4515,-273,4350,-323,3695,-648,5638,6989,4525,3625,5736,940,4030,-8903,1300,1258,4030,-8903
3/6/2025,1935,-875,1527,2058,-842,1517,1754,-2459,191,240,1350,4211,4325,8859,-604,2667,7319,1305,205,2425,1975,7653,3857,-5253,470,1499,185,6815,3692,-5253,1935,-875,-910,2058,-842,-920,1754,-2459,-830,1296,2113,3463,4325,8859,7913,2667,7319,-171,205,2425,1408,7653,9574,10031,-135,4314,1913,6815,9174,6235,4860,6434,4805,6700,3901,8179,2921,5562,9144,12525,5392,3108,6411,11963,1331,-2011,3196,881,1331,-2011
3/7/2025,1888,5902,14034,2449,5884,12820,2790,5479,14239,1255,5122,14039,4707,5609,11393,4334,5227,15509,8439,9447,17993,2572,3572,8305,5355,2284,7673,2552,3572,1321,1888,5902,9228,2449,5884,9420,2790,5479,8993,1355,3572,3725,4707,5609,13609,4334,5227,15509,8439,9447,17993,2572,6428,14333,6765,7767,12109,2552,7169,12118,8348,12027,8455,12314,8472,11357,5453,12027,7026,12543,7880,14020,11325,19473,-1863,1131,3612,9010,-1863,1111
3/10/2025,4460,7496,19781,5437,10751,22408,5362,10268,22035,3881,5139,15249,680,-5700,-8485,2870,7568,15346,10243,17195,19005,14534,30357,66612,4060,-4628,-8485,14534,30312,64788,4460,7496,19781,5437,10751,22408,5362,10268,22035,3881,5294,14372,1100,-290,4591,2870,7568,18833,10243,17195,31676,14534,30955,75292,7795,10850,25712,14534,30573,73542,10599,17389,8862,17535,8665,17362,7065,14615,-6590,-8370,9440,20938,20905,16941,30823,60123,-2265,-8370,30823,60123
3/11/2025,4420,11045,18221,4170,10176,18336,5130,10636,21031,3465,11520,18221,5243,9600,22167,4462,9412,24391,7601,18586,31532,3132,8392,17099,4495,9719,14584,3132,7996,15340,4420,11675,17670,4170,9920,16558,5130,10315,20399,3255,10044,16671,5243,9600,21340,4462,9412,21404,7601,18586,29709,3132,8076,32012,7754,18620,25734,3132,7996,17832,8645,15571,7900,15211,9805,19546,9520,17811,12499,24234,10312,25500,17319,31930,3905,3142,6090,3096,3905,2832
3/12/2025,-20,824,1999,-184,35,3936,-31,-545,3600,-220,824,1999,4473,8244,15317,2198,5826,6789,948,1011,4950,-4065,-4936,-1179,1143,3353,4120,-4260,-4936,-1284,-20,824,-202,-184,35,-588,-31,-545,860,345,2449,1039,4473,8244,17987,2198,5826,2102,948,1011,2988,-4065,-9933,-33425,338,4234,3706,-4260,-9933,-33730,5745,5147,4693,5147,3918,6732,5745,5147,10955,16527,7085,6979,3163,9982,-6834,-5860,3083,7152,-6834,-5710
3/13/2025,4270,6511,6879,4005,6422,3474,3938,3737,5817,2345,5149,11316,3377,4017,-640,6154,10733,13225,9573,15070,21005,15250,23595,17660,4114,5566,-1089,15105,17260,17376,4270,6511,16951,4005,6422,13546,3938,3844,12481,2420,5278,9531,3377,6915,11434,6154,10733,13225,9573,15070,21113,15250,27972,33405,7916,15083,17858,15105,27212,32345,5444,13618,4009,13618,2143,13618,3961,7664,6352,-1795,10980,17434,18886,28387,15905,21563,905,-7880,15710,23468
3/14/2025,485,-1306,-5420,-220,-1325,-6671,-225,-1357,-7535,-5,-2552,-5420,3518,6202,5596,3945,8534,12070,6515,7685,10910,6295,16991,30915,1615,-6,3032,6055,16991,30915,485,-1122,-6495,-220,-1142,-6644,-225,-1357,-7176,260,-3636,-6656,3518,6202,-1290,3945,8534,8905,6515,7685,8997,6295,19395,56096,4610,6329,3295,6055,19395,56096,1296,-3044,1146,-1821,915,-1821,1296,-3044,2488,6323,5992,12345,3607,9889,17512,27565,-1020,1402,17512,27565
3/17/2025,-85,780,4328,-880,795,4328,-860,1598,1792,-585,1800,4328,2386,5746,14088,483,2182,6552,2402,-706,9462,-2225,-110,5427,3125,5763,5273,-2245,-4575,5427,-85,780,10722,-880,795,10722,-860,1598,7492,-1375,700,8920,2386,5746,16055,483,2182,9019,2402,-395,7621,-2225,-10805,-15565,1576,-1990,4711,-2245,-11140,-15565,933,9740,948,9740,933,8152,933,9740,6236,18634,1261,7124,1605,11014,1299,8300,-9,6068,1299,8300
3/18/2025,8508,12346,14438,6688,6996,7825,4773,5819,6627,5415,11931,14438,5279,18726,51662,7874,25135,16480,12078,23596,49332,6552,18376,11924,5099,7236,11016,6551,18376,6815,8508,12346,14386,6688,6996,7762,4773,5819,6803,4980,10541,20993,5279,18726,52764,7874,25135,19116,12078,23596,51488,6552,23803,16310,7722,16101,51472,6551,23758,18742,275,983,80,1610,-2852,3897,275,983,19191,38875,19100,10208,10632,28208,-4539,-3745,4199,1280,-4539,-3958
3/19/2025,390,-155,1986,350,-2455,1881,-1200,-2162,1751,390,-155,1986,4573,10269,8401,3449,9198,16092,6408,13401,15181,4594,9091,12564,4142,2603,1755,4594,8166,11924,390,-1441,-1965,350,-3914,-2070,-1200,-4004,-2200,-845,-2421,-1832,4573,10269,18135,3449,9198,17948,6408,14101,19908,5963,13345,47490,5421,12169,25997,5963,12420,45840,-618,373,-1565,268,-1464,138,-618,373,7992,9184,9320,10958,11283,18347,13141,16917,3370,5606,11806,15069
3/20/2025,2288,4080,12465,2753,4657,7427,3278,4882,10885,2885,4270,12465,2165,8314,5716,320,3400,9579,2045,4845,-7333,-4642,-4294,-7333,1460,3081,6579,-4642,-4294,-7333,2288,4080,12465,2753,4657,7377,3278,4882,10885,1985,4910,12696,2165,8939,17598,320,3540,13784,2045,3350,9609,1600,-5650,-18955,1595,3010,12041,1430,-5650,-19545,1538,3850,2877,2464,2709,2464,1763,4510,12727,13459,6534,17607,7441,10887,-4868,-6658,5001,5940,-4868,-6658
3/21/2025,-225,-2242,-4758,-270,-2222,-4888,-240,-1443,-4233,1016,-2242,-4758,4887,5872,4479,3696,3422,-3460,1705,809,-548,4638,-5027,-8973,-1095,-1538,629,3403,-5027,-8973,-225,-2242,-6770,-270,-2222,-6900,-240,-1443,-6245,811,7917,-3124,4887,5908,11521,3696,3230,10564,1705,1035,11336,4638,8146,23515,1005,-807,8301,3403,8146,23515,-1075,-703,-1095,-995,-1050,-1236,-1075,-703,3115,7096,-1675,1578,-2090,1244,-6785,-8885,-2787,-3382,-6785,-8885
3/24/2025,162,404,-386,-552,792,-386,-686,131,-551,937,404,-386,3997,2809,233,3442,6512,4315,3356,3491,8197,1730,7670,3604,425,17,3868,1395,7670,3604,162,404,936,-552,792,936,-686,131,-93,1159,2106,-1489,3997,2809,-168,3442,8019,9126,3356,6177,13130,1730,17677,46137,3376,4899,11312,1595,17677,46137,1665,538,1665,538,1531,-245,-1460,538,-2095,-465,497,5334,1003,3857,9438,10995,-215,674,9198,10995
3/25/2025,2725,4014,5298,3925,4627,2277,3955,3707,2277,350,5095,5298,2607,5564,11559,2108,4818,1869,3420,8425,8844,2780,3515,-474,2364,162,2738,2780,3515,-474,2725,4014,6212,3925,4627,2867,3955,3707,2867,560,5070,7640,2607,5673,17273,2108,5635,8389,3420,9692,17266,2085,6130,333,1446,7652,17707,2085,6130,333,529,-3194,339,-3194,1189,-3194,529,-3194,468,3863,245,1408,834,1301,6049,2081,928,2024,6049,2081
3/26/2025,1360,3412,5149,1460,1838,5328,1650,2333,486,140,622,5349,-4530,-6480,-8990,2025,2394,2489,4808,-152,-2581,10052,13132,9020,570,-4955,-8990,8283,12792,11295,1360,3412,5747,1460,1838,5478,1650,2333,1434,140,-198,948,-3190,-7495,-15972,2025,2394,2568,4808,-152,-1470,10947,20159,29314,4730,-1440,-3175,9332,19819,30806,3562,7142,3292,7142,3182,7424,2987,9222,-6300,-8475,4915,4176,3452,-170,14593,7623,2910,-8475,14593,7623
3/27/2025,1910,6165,7200,1875,6178,7498,1890,5902,7924,3055,6165,7200,4511,7625,17632,4409,8560,17678,3549,12549,22959,1375,-3095,2901,2044,3075,1133,1375,-3095,2901,1910,6165,4029,1875,6178,4530,1890,5902,4382,2805,7396,5984,4511,8544,16554,4409,8560,16228,3549,12724,19657,4635,8410,22876,2780,13172,24759,4630,8410,22321,7823,10492,7960,10354,7893,9955,7823,10492,9963,18837,10796,14050,14029,19329,-1771,-1146,3871,1415,-1771,-1146
3/28/2025,2944,7605,10226,2713,4785,9778,1892,5394,12071,2485,5730,7328,-1585,-6595,-8935,1535,10060,11545,4746,11528,7621,9674,41803,47323,3000,-1148,-8905,9854,41673,42117,2944,7605,10613,2713,4785,9778,1892,5394,12071,2485,2800,4548,-440,-1205,-8327,1535,10060,13035,4746,11528,10341,9674,41087,84458,7605,12357,12631,9854,40957,85536,4554,5691,4811,5791,4806,6747,5686,8861,-6225,-8280,7310,17999,12460,13661,20533,32735,-613,-8170,20258,34605
3/31/2025,-75,-115,-3184,-585,-115,-3184,-550,-200,-3184,-540,-115,-3184,-4306,-5651,-7635,-4295,-6400,-7637,-2983,-4291,-8380,2370,10787,-8343,-5595,-3565,-8925,2300,10594,-8343,-75,-115,730,-585,-115,730,-550,-200,1345,-1135,-1605,-4260,-4195,-9705,-6123,-4295,-8215,-15670,-3955,-7700,-19560,2370,11446,12242,-4615,-8565,-18395,2300,11203,10465,1200,1667,1200,1667,1075,2377,1200,1667,-6906,-8615,-4195,-8625,-3171,-8600,10283,-8960,-6750,-7625,9540,-8960
4/1/2025,3415,6254,13407,4261,5344,13695,4422,5917,13358,2659,6914,13407,2010,8515,15475,3350,4093,7422,3655,7733,11156,2493,6889,-2686,1418,9973,6955,2483,6889,-2686,3415,6254,11390,4261,5344,19017,4422,5917,15865,2659,5230,17082,2010,7720,14918,3350,4093,7993,3655,8225,8918,2493,3679,-1131,3350,8300,6510,2483,3679,-1131,8007,13609,7012,13928,6982,13902,6791,15281,6941,11140,6155,8078,10105,12307,4974,1654,2928,20318,4974,1654
4/2/2025,2147,6136,13398,3694,8591,12427,2971,6147,9131,1517,4808,17223,3320,3430,-4245,12554,6850,8651,6156,15157,19495,3845,11521,11834,3174,6133,-8960,3720,11521,10719,2147,6136,13398,3694,8591,12427,2971,6147,9131,1517,4543,14833,3320,8810,12287,12554,6850,9130,6156,15157,17965,3845,11658,22324,4292,13032,12235,3720,11658,22324,5920,14077,8233,11179,5448,11330,6105,15652,2715,-448,5731,9195,12865,19473,9507,9824,5131,-2616,9507,8709
4/3/2025,1605,5481,6223,2223,1511,689,1468,1178,714,1285,4556,4953,3018,5881,5157,3912,6602,12436,5582,9373,13760,6245,9606,17329,4953,6324,3901,6190,9201,13679,1605,5481,3936,2223,2125,3154,1468,2045,3179,855,555,3430,3018,5881,5157,3912,6602,12436,5582,9373,13393,6245,17929,33057,4711,7070,8999,6190,17124,30973,1111,5063,1111,3956,1254,12861,1246,5063,2352,2851,7296,19726,11638,14981,19320,35979,2138,7048,19060,35179
4/4/2025,3202,8452,13780,4426,9242,13501,3614,6368,24347,2962,8298,12995,5305,10758,20905,6330,16347,22824,13461,23105,32861,11955,27188,48688,8551,2923,4447,11670,25688,44896,3202,8452,13780,4426,9242,13501,3614,6368,24347,2962,8328,12560,5305,10758,16413,6330,16347,22824,13461,23105,32861,11955,27188,49672,9708,20541,27052,11670,25688,45485,8729,23180,8784,23176,21016,21426,8222,22430,12283,21511,16559,27060,27458,40378,42335,67336,12345,19341,42335,66561
4/7/2025,845,2250,9014,770,385,6367,1618,2126,-3065,1185,4135,8569,2340,8790,15032,4172,10555,20028,3106,11568,13477,6500,7376,17226,2851,7537,733,6300,6846,16281,845,2250,9014,770,385,2964,1618,-810,-950,-155,1505,-626,2340,8790,15032,4172,10555,20028,3106,11568,13477,6500,7376,17226,2851,6486,9962,6300,6846,16281,2915,-695,2188,1327,270,78,2835,-695,8580,16720,7960,22711,10958,19021,11361,16587,5450,1670,11361,16537
4/8/2025,4905,8210,14194,4060,6595,16009,4170,8345,18435,5605,8440,14194,850,160,-7847,2435,1420,-681,2660,4379,-8871,10885,-6225,-7518,-2040,-5255,2434,10440,-6385,-7518,4905,8210,12587,4060,6595,14402,4170,8345,16192,5605,7270,11727,850,160,-5307,2435,1420,-2775,2660,2800,-1300,10885,12640,16682,1365,160,-4725,10440,12275,11687,8865,14110,9375,15839,8630,16434,9955,15350,-291,-1497,2470,5159,6405,9703,16610,-8253,1374,9289,16610,-8253
4/9/2025,3000,7010,6246,2650,6445,6175,2940,6730,7888,2625,4945,6246,1266,3697,3691,3541,8607,11268,8530,15846,23001,13839,29483,54961,4634,5985,7339,13759,29353,54566,3000,7010,9263,2650,6445,10061,2940,6730,11214,2790,4665,7636,1266,3697,2106,3541,8607,11268,8530,15846,23001,13839,29483,57477,8184,13461,17514,13759,29353,57082,5935,8251,5475,6986,5675,8416,5935,8526,5010,2927,9660,14438,17641,25306,31028,54548,6115,6246,31028,54548
4/10/2025,3415,5045,9362,4692,5940,10891,3235,5583,17859,3250,3865,9929,4182,6742,12502,3313,7916,18225,7605,13630,26907,7666,14965,35894,6125,10185,6949,7666,14330,32184,3415,5045,9362,4692,5940,10353,3235,5583,17859,3010,4157,8432,4182,6742,13240,3313,7916,18225,7605,13630,26907,7666,14965,37719,7245,12442,24945,7666,14330,34009,5145,4705,5990,3853,4332,24213,7808,10663,8255,10467,9857,19778,18700,24995,20085,34527,9104,7640,19915,34527
4/11/2025,633,-3932,3116,-147,-701,207,-142,-1865,935,1018,-4212,3116,1873,5601,12155,1410,10117,16999,1490,2980,11934,7600,16705,30787,850,1051,-1193,7440,16572,28078,633,-3932,12242,-147,-701,9333,-142,-1699,9563,643,-2197,4873,1873,5601,4668,1410,10117,16999,1490,2980,11934,7600,17190,32436,1850,3440,5648,7440,17457,35765,1164,3965,1621,-139,633,436,894,3965,5297,4489,8328,4694,5617,3911,13319,12522,4945,3181,14394,16847
4/14/2025,3200,8002,11278,3285,7464,6499,2585,6806,5023,3409,8737,13185,1308,1325,-6254,1665,-363,3493,4193,811,2133,4625,1834,-3450,690,840,3042,4615,1584,-5895,3200,8002,8394,3285,7464,4050,2585,6806,2871,3409,8602,9659,1308,2022,4418,1665,-377,1819,4193,1254,1917,4625,-1019,-23252,2660,-541,-2022,4615,-1269,-19502,4985,8574,6579,6572,4746,4400,4130,10969,3809,7624,3684,9231,2102,8416,-1315,-4448,1420,4586,-788,-6675
4/15/2025,1985,210,-3530,3055,155,-3613,510,-1600,-4103,1825,210,-3530,1840,736,8771,2898,-1148,2824,84,-1460,3745,-5600,-5259,-3905,-804,-2280,-1516,-5600,-5259,-5389,1985,210,-4539,3055,155,-4664,510,-1600,-4650,1575,3155,-2040,1840,1725,11309,2898,-5590,-7625,84,-5431,152,-3145,-15275,-51600,41,-2279,2573,-3145,-15275,-50525,2747,-1965,1361,-1965,-120,-1965,2792,-1965,4209,8612,-570,519,2260,1686,-3154,-6044,-877,-2113,-1314,-6044
4/16/2025,1577,2179,5938,1738,2489,5801,1588,2319,5801,1310,2439,5938,-140,-663,-2573,3645,6974,15468,4690,5006,16387,12290,19755,19919,4970,3193,5863,12020,18029,19175,1577,2179,4673,1738,2489,4323,1588,2319,4323,-30,-112,861,-140,170,4383,3645,6974,15394,4690,5006,18513,12290,25230,40497,3980,2475,11806,12020,24275,37487,3341,8307,3341,8307,3701,8307,2566,6817,-3310,1474,9236,17338,13523,22931,20111,30504,6896,4523,20046,29484
4/17/2025,2118,3050,13432,1888,2755,13216,2398,4774,13475,2163,3050,13432,5640,13736,21564,4533,8658,12224,8440,17483,21587,5110,6255,7506,7526,1654,7106,5080,5401,9611,2118,3050,11300,1888,2755,11145,2398,4774,12256,2163,1867,9953,5640,13736,27186,4533,9332,16272,8440,17982,20122,5110,-864,1785,6797,16878,21287,5080,401,680,3810,14705,3810,14705,5075,14705,3810,14380,11100,14221,6886,7586,9512,12061,5295,17368,2490,10001,5295,17368
4/21/2025,4550,7869,15726,4282,9737,17804,3953,9078,16674,2355,5369,15236,-121,275,-1895,3130,3305,8127,5100,6432,18682,11027,18703,-2134,4150,1168,-1895,11027,18583,-1009,4550,7869,15726,4282,9737,17804,3953,9078,16674,2355,6772,9328,532,1410,3458,3130,3305,4442,5100,6432,10294,11027,11104,19023,4770,4510,5020,11027,11771,16711,6017,15727,6207,18331,8462,18968,7022,15358,718,-927,1733,3163,6532,10136,14584,19410,4956,-927,14584,19410
4/22/2025,3350,8273,11341,3355,7365,8598,2761,5439,8890,3069,5954,10439,5602,24787,9486,4119,17691,6061,17540,24513,15646,3299,-459,5921,17212,21344,11083,3169,51,4716,3350,8273,9002,3355,7365,9186,2761,5439,9128,2784,3431,6031,5602,14230,16027,4119,17691,6061,17540,24513,13376,3299,-459,-6005,17685,21995,10851,3169,51,-7565,4506,11608,3797,11302,4651,11142,5748,12338,5145,14779,15155,7076,19105,15194,-338,5061,14050,15620,-338,7485
4/23/2025,1794,3895,8885,3898,4850,8800,2735,2935,7098,1799,4710,7389,6112,8348,5474,5073,5121,5417,5435,5244,8063,6188,4702,-8995,3414,231,3572,6078,3840,-8995,1794,3895,3843,3898,4850,3764,2735,2935,1573,1799,5542,8541,6112,8348,6534,5073,5121,11507,5435,5740,14257,6188,13075,27200,5439,6273,15831,6078,12127,23530,5305,8762,5188,8627,5023,8372,6615,12102,5825,4867,9700,14492,10339,4117,4727,-8826,1531,642,4727,-8826
4/24/2025,6476,4576,9166,6416,4443,9166,6551,4717,9166,1692,2987,9166,2149,-2190,-6238,2810,7779,10038,5584,6656,9675,9395,20066,32019,1311,-3579,1332,8865,20066,31464,6476,4576,9166,6416,4443,9166,6551,4717,9166,1692,2662,4141,2149,3282,-7409,2810,7779,9059,5584,5013,4582,9395,21238,54624,3762,6232,6623,8865,21238,54069,4779,13605,4738,13605,4490,13605,3410,13605,-5345,-4566,5586,5877,12169,8939,21712,39592,1315,3,21667,39402
4/25/2025,395,-1945,-5519,405,-3520,-5519,-430,-3475,-5519,-445,-1945,-5519,785,1523,1156,2150,4325,9546,2880,7441,7855,7515,14719,26552,110,3564,-5223,7510,14719,26552,395,5,-4435,405,-1570,-4435,-430,-1525,-4435,-360,-1110,-4379,785,-280,2632,2150,4325,9750,2880,7441,8811,7515,18760,37093,1320,6994,7976,7510,18760,37093,11,-3806,381,-3806,426,-3806,11,-3806,2135,-4467,7001,10024,7583,13785,17131,32137,-1125,-6180,17131,32137
4/28/2025,270,-975,579,-640,-1055,739,-430,-900,944,120,-975,579,-892,-3320,-1967,-1285,-4418,3920,-3075,-4519,195,803,-4665,6392,-452,1729,2110,803,-3609,6392,270,-975,2343,-640,-1055,2373,-430,-900,1888,150,860,3162,-630,-1096,64,-1285,-5140,-6305,-3075,-8335,-10065,803,-4713,-7187,-3165,-9050,-14905,803,-6353,-10217,690,1431,635,3225,318,3030,690,1431,-465,-2275,-1327,2521,-983,4027,-702,17335,-215,6243,-702,15580
4/29/2025,1215,-838,-4134,1210,-919,-4146,229,-1198,-3091,905,-1463,-4134,3795,6855,5911,2495,-690,-3455,5201,1512,-1508,1673,-1405,-4100,3981,335,-628,1673,-1405,-4252,1215,-838,-1809,1210,-919,247,229,-1198,-2104,-315,-1328,-3488,3795,6914,3811,2495,-690,-6284,5201,-1452,-1689,1323,-1735,-11935,5133,-3948,-3549,1323,-1735,-11738,-705,-2098,-537,-296,954,-2025,330,-2956,6030,4763,935,-3161,406,-4103,-1043,-4237,-895,-1590,-1113,-4742
4/30/2025,-850,1975,586,-630,1942,1015,-590,1579,216,-930,1485,586,4256,7181,18171,4853,8509,-55,2254,1759,-8470,525,-6170,-8260,-1500,-1702,121,4285,-6170,-8260,-850,1975,4709,-630,1942,4707,-590,1862,4628,-730,1510,1806,4256,7263,18015,4853,8509,5148,2254,4793,21958,525,9990,24011,920,3774,21850,4285,9990,22431,2794,3829,2946,3799,2679,3459,2794,3829,3645,519,5080,1388,2969,2439,16921,-8905,-3416,867,16921,-8905
5/1/2025,2120,1671,6605,1985,1560,6605,2290,2368,7320,-65,1671,6605,5485,6704,10650,4710,4974,5564,6796,15973,6487,-930,3243,945,4975,3243,3833,-930,3243,945,2120,1671,3626,1985,1560,3626,2290,2368,4386,-840,960,-84,5485,6891,13955,4710,4974,4076,6796,15973,1087,-930,-13770,-25021,4410,15474,337,-930,-13770,-25021,7815,9260,3529,9260,3529,9260,7815,9260,11689,15280,15517,6859,8257,3837,2220,4714,5076,5129,2220,4714
5/2/2025,-585,2106,119,-615,3556,1096,382,2159,1745,190,2106,119,2607,-305,-7491,1508,-975,-4646,1982,-4776,-907,5182,-1418,-5455,-183,-546,2436,3981,-1418,-5455,-585,2106,479,-615,3556,1249,382,2159,1999,190,741,3853,2607,-1071,-11950,1508,-1741,-8392,1982,-6413,4893,5182,1013,5026,-538,-5130,8668,3981,1013,5026,4692,3612,5649,-3102,3979,-3102,5932,3612,-2370,-6889,-3576,-4254,-3120,451,-263,-7846,3398,2152,-263,-7846
5/5/2025,2581,6639,6099,3135,7325,6820,3363,8493,6269,520,6474,4759,4110,2265,1666,5245,7014,7597,7042,11547,4618,8675,-3,-3648,3947,5646,3996,8675,-3,-3648,2581,6639,3111,3135,7325,3111,3363,8493,4121,309,-833,1333,6020,8287,12768,5245,7014,6762,7042,15257,5519,8675,13569,-7014,7042,14557,4139,8675,13569,-7014,8130,9676,7916,8914,9087,10421,8876,9676,-65,-2325,5460,205,10814,1775,10988,-6801,4236,-1406,10988,-6801
5/6/2025,1025,4121,2918,1902,3960,1665,2242,4188,3312,330,4121,3178,6538,16675,21198,6247,19608,25526,9014,20980,23264,4364,7416,6679,4195,1302,3687,4359,7416,6679,1025,4121,2806,1902,3960,1554,2242,4188,3200,340,2131,4370,6538,16854,24204,6247,19608,26142,9014,20836,24608,4861,12332,29954,8897,19310,20816,4856,12332,29954,1624,1877,1444,2682,1747,741,1825,4659,5460,13053,11675,21467,12898,2531,4611,-3633,937,2136,4611,-3633
5/7/2025,3430,8538,16939,3700,9204,16939,3965,9109,16939,3430,8538,16939,4120,11370,32606,5495,14093,38322,8239,16150,42825,7600,10100,22347,5760,3108,12779,7600,10100,22347,3430,7250,31901,3700,7917,32037,3965,8094,31946,2590,6715,28911,4120,11370,32672,5495,12420,35628,8239,16060,38183,7600,16911,52051,8375,13290,34098,7600,16233,52051,7876,20449,8070,20449,8065,20429,7876,20449,16094,30183,18606,30803,19357,37728,17781,20490,4289,14078,17781,20490
5/8/2025,1777,1691,-218,1825,49,-609,2115,-162,-2166,2155,1691,-218,4389,8505,9579,942,1572,-1768,1315,1436,-1660,-860,-2441,-4440,545,1248,5107,-860,-2441,-4440,1777,1691,225,1825,49,-205,2115,-162,-2186,1870,870,-3193,4389,8505,10164,942,-110,2835,1315,1436,-4336,-470,295,-36902,-695,-841,-8742,-470,295,-36902,375,-1395,355,-1395,1105,-1969,375,-1395,7230,7732,-2534,-781,-2472,-4835,-5946,-3501,-600,4546,-5946,-3501
5/9/2025,1050,-935,-5247,1280,-2699,-5247,470,-2699,-5247,328,-935,-5247,3343,7349,9789,1158,4030,7501,2062,667,7091,589,-6370,-8065,2628,511,1580,509,-6370,-8065,1050,-2641,-5255,1280,-4405,-5255,470,-4405,-5255,1678,-488,-4563,3343,7349,18444,1158,4030,8663,2062,667,13665,589,-5424,-18448,1601,507,14170,509,-5424,-16458,-5848,-1666,-6163,-1666,-6163,-1666,-5848,-1666,4249,15008,-631,5804,-1051,3630,-5414,-8620,-1420,-781,-5414,-8620
5/12/2025,1070,-490,768,1200,-550,768,1140,-555,-1268,865,-490,768,2254,-1729,-6324,610,-6990,-8974,1290,-6995,-8997,-1370,-2735,-8997,2160,4081,-6327,-1370,-2735,-8997,1070,-490,-4167,1200,-550,-4167,1140,-555,-4167,-1125,-2860,-5457,2254,1207,3419,610,-4915,-7074,1290,730,418,860,9735,9470,-475,730,418,860,9735,9470,3553,-7720,3493,-7720,3488,-7720,5331,-7720,1840,-454,-6850,-8942,-6965,-8935,-6935,-8436,3229,-7855,-6935,-8436
5/13/2025,4172,7056,12048,3014,8399,12490,4244,7791,12490,2698,7856,12048,2305,3304,1199,5009,8682,10204,2598,5052,26772,3239,1624,7043,1578,993,-3494,3604,1624,7043,4172,7056,12928,3014,8399,12949,4244,7791,12949,2698,7024,12783,2305,5767,12736,5009,8682,10204,2598,5052,27168,3239,5446,22239,2331,3075,28531,3604,5446,22239,3376,1285,3301,1489,3064,1323,3400,359,3730,4468,4395,6319,7322,13468,-520,-4769,1370,-4815,-520,-4769
5/14/2025,5740,6238,7802,4865,4588,7802,3965,2843,7802,4478,7364,7802,6242,15653,25412,4133,11986,21784,9103,16752,27016,3705,7266,1516,6972,5433,6843,3267,8301,1516,5740,6238,9117,4865,4588,9117,3965,2843,9117,4478,7350,9936,6242,13901,29126,4133,10454,26304,9103,16412,28329,3705,13686,32469,8247,16412,30454,3267,14721,32469,5718,2938,5718,2938,5718,2938,5718,2938,15499,21627,11593,19480,15403,20822,8202,3458,4864,5215,8202,3458
5/15/2025,3780,4670,12132,2860,4783,14434,4250,7549,14867,3930,6427,14412,3618,4104,8756,3501,4623,2441,3939,-915,-6014,3132,2015,-8472,3714,775,-3372,3132,2015,-8472,3780,4670,16375,2860,4783,17570,4250,7549,19656,3930,7112,12875,3618,6339,10261,3501,4623,3024,3939,-915,-7993,3132,406,-10958,4246,-473,-7973,3132,406,-10958,2847,16743,3639,16743,5471,17408,2037,13773,7287,16691,3306,14267,1030,10653,-3185,-6358,4738,4831,-3185,-6358
5/16/2025,98,1791,1721,98,1791,1721,253,1302,1721,-370,1016,1507,-2885,-6624,-8954,-3293,-1750,-7076,-2139,-6697,-8070,-4155,106,-3756,775,-684,-3699,-4155,106,-3756,98,1791,1579,98,1791,1579,253,1302,1579,-620,-855,1985,-1930,-7645,-24105,-3070,-4715,-17293,-2575,-8232,-14589,-4755,-4070,-2331,-3070,-8047,-10329,-4755,-4070,-2331,3209,1318,3209,1318,2980,1318,2670,1318,-6955,-8940,-6965,-8900,-7000,-7720,-6955,-7500,-4180,-8140,-6955,-7500
5/19/2025,975,3652,10641,2050,3521,10536,2199,5219,9885,225,3179,9092,-2040,-830,-2488,33,5020,8492,1093,3498,10549,4815,1113,957,542,1217,-4811,4685,1083,957,975,3652,10641,2050,3521,10536,2199,5219,11272,682,3506,11581,-2040,-535,-697,33,5020,8999,1093,3498,10951,4815,10947,33846,-749,2714,10231,4685,10332,33846,3477,8037,3433,7784,4052,7251,3797,7037,-4294,-6008,5375,5663,8905,11567,-2937,-2531,3935,-8320,-2937,-2531
5/20/2025,1790,9607,15881,2125,10552,16881,2945,11367,18150,3075,9607,15881,5472,7427,12093,7710,4343,4462,8885,13775,1830,11295,1634,-4728,4223,2974,2874,11295,1634,-4728,1790,9607,15915,2125,10552,16915,2945,11367,18040,3075,2575,14739,5472,7989,17948,7710,2979,7614,8885,13775,10072,8825,3655,-615,8775,13075,10072,8825,3565,590,8752,14276,9317,14276,9282,14276,8152,14276,6258,14296,5395,9970,14242,23084,4824,-919,1715,3554,4644,-919
5/21/2025,1122,749,6278,22,1736,6694,113,11,6804,1330,-1631,4843,2118,644,-817,210,1340,499,1150,672,642,9040,-1498,-7910,5498,2320,4211,8650,-1977,-7910,1122,749,409,22,1736,369,113,11,479,1330,536,-5778,2118,2199,4906,210,1340,-3710,1150,-835,-4020,9040,-4509,-21450,2926,-475,1165,8650,-5489,-21080,2689,7957,3712,8082,3357,7377,1721,6007,1145,-1294,1525,1102,6475,8767,11815,8488,-2560,1915,11815,8358
5/22/2025,5598,8219,11641,5825,6939,11641,4908,5314,11641,4138,5457,11641,7472,11737,19824,10872,20468,25257,13511,19548,9326,7787,3098,-1857,6049,1505,2437,7787,4213,-1857,5598,6494,10355,5825,5428,10355,4908,3803,10355,4138,5255,10963,7472,11737,20566,10872,20330,16546,12856,17795,9640,9025,2364,-26381,9238,17847,6795,9025,3479,-26381,10524,12276,9970,12276,8455,12276,10494,12276,10942,20119,12531,15856,15033,3863,-4336,-5467,2550,3634,-5016,-5467
5/23/2025,-895,1420,4917,-855,280,4917,-1525,280,4917,1856,726,4917,2267,-1076,-5095,2527,-1818,-5007,2736,-527,-5004,1185,-3875,-7521,1560,-498,-3539,1185,-3875,-7521,-895,1420,1154,-855,280,1154,-1525,280,1154,1606,-425,120,2267,-3421,-9511,2527,-6479,-18618,2736,-4549,-10918,1185,-3945,-21854,2281,-74,-7074,1185,-3945,-21854,-1525,-2572,-3085,-2572,-3085,-2572,-1525,-2572,-6990,-7191,-6995,-3902,-3535,-3132,-4365,-6130,-6880,-7830,-4365,-6130
5/26/2025,2540,2891,3157,2790,2891,3157,2045,2891,3157,2540,2891,3157,3341,6412,8782,2640,4895,3877,3650,5415,4634,-2250,-3630,-5884,2596,2565,2038,-2250,-3630,-5884,2540,2891,3417,2790,2891,3417,2045,2891,3417,2115,4371,3263,3341,6412,8823,2640,4895,4375,3650,5415,5132,-2250,-5445,-11042,3650,5415,5132,-2250,-5445,-11042,-820,-3730,-820,-3730,-820,-3730,-820,-3730,-2084,-57,-3960,-4190,-3525,-3195,-6755,-6780,-990,2752,-6755,-6780
5/27/2025,3060,5500,-101,3091,5279,445,2286,3990,483,3060,5500,-101,-517,-4580,-5958,2081,9566,5379,3077,12128,1224,6356,3820,3693,-393,-5499,-5583,6201,3820,3693,3060,5551,1188,3091,5379,906,2286,3990,1521,2980,5315,134,233,6535,-886,2081,9566,6120,3077,12128,8907,6356,14307,26769,2179,11190,7904,6201,14307,26769,4996,-3445,4996,-3912,3428,1339,2246,-3445,-6180,-7945,8935,7685,6363,9115,9267,5112,3521,-8945,9267,5112
5/28/2025,5127,5913,5630,5824,6011,5630,5751,6678,5630,4877,5913,5630,9762,11976,9343,9180,19129,7081,12541,21631,6599,4430,5913,394,5257,5605,1120,4430,5913,394,5127,5913,4439,5824,6011,4439,5751,6678,4439,1790,2070,1113,9762,18966,3555,9180,19009,12849,12541,19914,13918,7635,7695,11923,10305,18964,12843,7635,7695,11923,5273,2266,5273,2266,5273,2266,6098,2266,8942,457,11909,7070,13789,4029,10679,-674,2519,-3475,10679,-674
5/29/2025,985,-940,-1411,1565,1770,1719,1741,2223,-311,1455,190,-1411,2642,5054,11779,3266,5027,15141,2442,6011,13923,6160,6947,500,212,374,2004,5975,7972,1370,985,-940,-1411,1565,1770,1719,1741,2223,3077,1060,790,-311,2642,5054,11779,3266,5027,15141,2442,6011,13923,6160,6975,5817,2177,5189,10953,5975,8000,6422,-3005,-1845,-3040,-1845,-3040,-1845,-3135,-1845,6100,18991,5421,22061,9040,22344,16118,17385,2425,3140,16118,17385
5/30/2025,2690,7357,14405,1915,5883,15765,1105,6871,15765,2570,5307,15145,2168,4217,8149,-232,2549,6731,5290,3795,9752,-2605,1072,13257,4250,3319,11683,-2605,1562,12757,2690,7357,13585,1915,5883,14018,1105,6871,14018,1375,2209,6279,2168,4217,9490,-232,2549,7679,5290,3795,8067,-2605,-2343,-4001,5365,5635,10562,-2605,-723,-2686,7165,14581,7976,12661,7456,12661,6243,14406,3740,7523,1520,5937,5060,10257,-3605,10560,2599,8148,-3605,10560
6/2/2025,-550,668,1100,-550,668,657,-550,668,657,-635,178,1100,-2700,-4669,-5958,253,-429,-4503,1913,-93,-1843,5976,17733,23861,1258,-2639,1876,5976,17733,23861,-550,668,1443,-550,668,1443,-550,668,1443,-1290,-1543,-2836,-1986,-8931,-18381,253,-290,-3645,1913,-356,-2918,5976,28171,52408,854,-216,-2918,5976,28171,52408,2703,4838,2703,4586,2703,4586,2203,4838,-6440,-7210,-1118,-23,2360,-581,20483,27621,-3185,522,20483,27621
6/3/2025,1426,4015,9323,2521,5843,9622,1948,4074,6485,1790,4855,9323,1350,1970,-3514,2465,6992,10997,2957,4025,11130,3100,-964,-2435,-168,-1047,8840,3100,-964,-2435,1426,4015,11196,2521,5843,11640,1948,4074,8147,1566,4487,12849,1350,3673,6925,2465,6992,10997,2957,4025,13062,3100,4671,15429,2929,4025,13062,3100,4671,15429,6174,11046,5755,11011,4645,8119,7011,9141,2695,-5640,3431,11100,2905,14540,-1723,4021,2699,-69,-1723,4021
6/4/2025,4080,-1120,-962,3285,-760,-962,2635,-760,-962,4318,730,-962,3372,12927,21340,2253,12975,14778,4303,16594,16878,9415,-5165,5194,2172,3535,8982,9415,-5165,5194,4080,-1120,-1373,3285,-760,-1373,2635,-760,-1373,4875,2942,6480,3372,13199,29934,2253,13332,17898,4303,16594,20473,9415,2330,6883,3732,14900,19931,9415,2330,6883,-84,-4120,-664,-4120,-664,-4120,-84,-4120,8705,4664,-94,149,5444,-657,3856,-1841,3175,-4546,3856,-1841
6/5/2025,1320,1858,-2272,1345,1765,2607,1710,2724,4879,860,288,-2272,570,12007,4823,760,8757,6256,425,8048,-1797,4960,15916,23718,1675,928,5709,4960,15746,21238,1320,1858,-6520,1345,1765,-2510,1710,2724,759,890,-201,-4744,570,12007,3515,760,8757,4162,425,7848,-736,3130,5620,3204,415,1106,-3551,3115,5450,724,1945,751,3315,-2498,2497,2826,375,751,11597,4127,8947,4368,5116,6528,12622,23323,1855,4878,12622,21133
6/6/2025,3383,5286,2963,4196,6803,2963,4570,6444,2963,2133,5321,2963,2815,4177,15349,4186,707,13577,1088,876,376,4417,-4561,-7643,768,1393,6704,3140,-4561,-7643,3383,6504,-2071,4196,6501,-2071,4570,4482,-2071,2658,5671,10393,2815,4304,16472,4186,2672,12296,1088,3354,-3139,4417,-3246,-45369,536,1332,-3794,3140,-3246,-45369,-115,5825,-125,5825,-125,5825,-115,4935,7973,27251,2291,10742,3690,4267,-5895,-7487,2388,16934,-5895,-7487
6/9/2025,2324,2621,-1803,2112,1763,-1803,2083,2558,-1803,2262,2621,-1803,4860,5683,12929,2173,-1475,-1230,1925,-2100,-306,-3665,-5975,-7202,1047,498,4739,-3380,-5975,-7202,2324,2621,-1809,2112,1763,-1809,2083,2558,-1809,2510,6714,4141,4860,5683,14635,2173,-2648,-493,1925,-1429,-4165,-5855,-17827,-54975,1362,-2849,-3800,-6105,-17827,-54975,-3321,-3351,-3321,-3351,-3321,-3351,-3321,-3351,8664,11725,28,-6856,-802,-1799,-4900,-7175,74,4701,-4900,-7175
6/10/2025,3210,3175,3048,3050,3400,2918,3145,2936,2848,2160,3175,-152,8101,12604,17730,5753,13697,19477,6502,12362,19933,8532,8214,6992,5254,2481,1059,8532,8214,6992,3210,3175,7085,3050,3400,6955,3145,2782,6885,1900,1498,-3820,8101,12604,17730,5753,13694,25971,6502,12895,26487,9720,16664,40244,5864,11924,21906,9720,16664,40244,2660,2337,2885,2337,2853,2337,3235,-313,11030,14856,11242,17032,17458,20070,10492,12658,3389,2936,10492,12658
6/11/2025,740,-2765,-5534,-410,-3415,-6340,-995,-2030,-5782,490,-2765,-5534,667,-960,-1501,2340,396,2058,-515,-2174,-2857,335,-5690,-7233,-1935,-1113,-1119,-1155,-3778,-8143,740,-2765,-9893,-410,-3415,-6975,-995,-2030,-6955,-450,-3600,-15215,667,-960,-4140,2340,396,540,-515,-2174,-9906,1765,-10735,-21592,640,-2400,-7186,1465,-11485,-19819,-3975,-4221,-5470,-3450,-3030,-3725,-3975,-4221,570,1674,-218,4181,-1868,-2415,-6500,-7958,341,171,-6500,-8118
6/12/2025,492,-2198,1522,780,736,1522,858,453,1522,1522,-2198,3082,1655,2305,6393,13,1719,8582,123,2287,16713,3290,-3189,-3434,2059,-856,579,3290,-3189,-3434,492,-2198,1930,780,736,1930,858,453,1930,1522,-494,2702,1655,4026,21943,13,1719,7791,123,2287,17909,3290,-14689,-31009,235,-864,17490,3290,-14689,-31009,-5558,-7709,-5558,-7709,-5558,-7709,-5558,-7709,4910,4543,-5435,-1542,4839,6330,-1359,-7574,4000,-2739,-1359,-7574
6/13/2025,4850,6723,8790,5230,3374,10493,6230,6870,9521,4485,5273,7559,3685,2753,103,3557,922,-2627,1561,-188,-5295,3439,-5215,-7893,1014,1316,8397,3582,-5215,-7893,4850,6723,2832,5230,3374,4694,6230,6870,4926,5931,6861,4588,3685,2553,1169,3557,922,-4372,1561,-135,-5394,4804,9220,-5371,1001,328,-6418,4947,9555,-6761,1217,4410,1007,5410,3012,4840,2067,4410,1272,-1104,1677,-7280,-286,-923,-5298,-3800,1974,9202,-5298,-4600
6/16/2025,1172,1372,1760,1452,2432,1760,860,945,2455,1595,1016,980,2737,-2636,-4686,2288,-5295,-4171,55,-6886,-7668,45,3782,1993,-978,1628,356,45,2512,1993,1172,1372,2148,1452,2432,2148,860,945,2843,1595,943,5027,2737,-7722,-12388,587,-9565,-15855,-1424,-11338,-25655,-315,-10458,-44584,-493,-8153,-25655,-315,-11728,-44584,3907,2832,3907,2832,2362,2832,2887,2832,-3826,-1963,-3701,-4023,-6747,-5989,-2605,-1460,-1048,2225,-2605,-1460
6/17/2025,-675,-970,-2130,-650,-645,-1506,-515,-280,-1866,-125,-970,-2130,120,545,-5971,801,810,-7817,1756,-6490,-8997,-115,-4917,-5761,-1428,-1793,-417,-350,-4917,-5761,-675,-970,-2130,-650,-645,-1330,-515,-280,-1525,-675,-900,-3860,120,1777,-1394,801,-187,-5513,1756,1425,-4298,380,-10110,-34595,137,-580,-4298,145,-10110,-35245,-290,-809,-1530,901,-730,116,-290,-809,-955,-8015,-3573,-8934,-6869,-8999,-6885,-4932,-686,-694,-6885,-4932
6/18/2025,670,-1765,-4484,529,-1957,-3529,368,-1972,-4744,850,-1765,-4484,-1005,-3751,-4197,-3300,-1368,-342,-2605,-3447,1166,-1400,-3931,9357,-291,1788,2329,-1560,-3931,7878,670,-1765,-7167,529,-1957,-6212,368,-1972,-7427,147,-1724,-8484,-1005,-3388,-18237,-3300,-12240,-18213,-2605,-4134,-12561,-500,-12305,-18093,-1411,-6176,-9461,-675,-12305,-19218,3073,5533,3648,6303,4543,7443,2471,5533,366,2571,-2001,5226,-2309,-26,-803,1192,2428,6810,-1203,582
6/19/2025,-45,-1823,-334,205,-1423,-334,205,-1423,-334,-1575,-1823,-334,3940,5123,7165,4286,6719,8311,4696,6249,9021,5816,4215,2445,1875,-1225,251,5816,4215,2445,-45,-1823,-334,205,-1423,-334,205,-1423,-334,635,-1980,-1805,3940,5123,9030,4286,6719,10664,4696,6905,11374,6894,17069,33159,5261,6905,11374,6894,17069,33159,-6270,-7290,-6270,-7290,-6270,-7290,-6270,-7290,4460,6590,385,1498,905,30,-3220,-6910,-2970,-215,-3220,-6910
6/20/2025,1061,-2127,-3284,341,-342,-6696,-495,-1928,-6136,156,-1192,-3284,1464,5707,4593,3010,4346,13347,2035,-223,4948,7343,-4403,-5472,2005,1916,-995,7853,-1820,-5472,1061,-2127,-5189,341,-342,-8443,-495,-1928,-7756,706,-1035,-2249,1464,5707,5166,3010,4346,19135,2035,48,9820,7343,5489,23557,2395,-445,11151,7853,5284,25522,-954,-6655,-2529,-6655,-2529,-6655,-954,-6655,5599,11971,7817,17347,9545,10403,-6781,-8232,1727,-2058,-6781,-8232
6/23/2025,3003,2025,7887,1360,2355,8333,968,239,5269,2375,2540,6547,3000,7428,11976,4330,7430,11781,6040,12862,11103,5786,11790,18617,4312,7534,8718,5880,11790,18617,3003,2025,7940,1360,2355,7689,968,239,4625,2375,2220,650,3000,7428,12893,4330,7430,12006,6040,12586,13730,5490,19205,48154,5245,11145,13035,5370,19205,48154,4362,9286,4973,9261,5090,9487,2820,7946,6868,12671,8965,15762,13064,12950,14246,17364,4638,6100,14246,17364
6/24/2025,3706,4190,5372,3451,4250,5372,2572,4255,5508,3551,4190,5372,-3880,-6870,-8930,-880,1965,-3343,2467,4992,-2663,11586,15496,375,220,2306,1454,11147,15496,375,3706,4751,8836,3451,4258,8836,2572,4263,8731,3551,5661,9911,-1750,-4070,-11435,-880,1965,-1161,2467,4992,312,11586,23730,39670,1605,4992,312,11147,23730,39670,4803,6641,4803,6641,4803,6641,4803,6641,-6770,-8990,-834,-275,209,60,4805,2949,-513,-618,4805,2949
6/25/2025,395,3178,413,1247,2916,191,486,3020,1812,380,3178,413,-975,-4485,-6258,-685,-1245,-8415,-1300,208,-8000,-3974,-3824,-4534,-496,699,-8710,-3974,-3824,-4534,395,3178,-336,1247,2916,-410,486,3020,1344,-285,1278,6939,-540,1330,-2740,-685,-1245,-6005,-1300,208,-2327,416,6394,-32007,-1450,-219,-3174,416,6394,-32007,-2850,2301,-2850,2301,-2850,2301,-2850,2301,-4440,-8905,-4465,-8300,-5200,-8905,-6043,-7400,4570,-8265,-6043,-7400
6/26/2025,1365,-1401,32,730,-1185,32,-65,-1385,32,550,-1401,32,-2627,-5965,-6315,-1975,-4285,-3606,-960,-2422,-6407,4477,10797,4384,-3487,-6150,-1084,4477,10797,4384,1365,-1401,2249,730,-1185,2249,-65,-1385,2249,-25,-1975,-5050,-2425,-8920,-17845,-1975,-4420,-7275,-960,-2422,-4782,5877,18079,42783,-2440,-3025,-4782,5877,18079,42783,737,-681,717,-681,702,-681,737,-681,-6960,-6550,-2938,-7168,-658,-1195,4395,-3211,-4343,1888,4395,-3211
6/27/2025,-840,228,9938,-122,-90,9803,-1097,1660,10778,-670,78,9938,-366,-1879,-1609,-3280,-6990,-4377,-2600,-6014,-3097,-4801,-6896,-7884,1610,1722,-2834,-127,-6896,-7884,-840,228,8244,-122,-90,8109,-1097,1660,9084,-670,1732,4946,-366,-1879,-387,-3280,-7115,-13185,-2600,-9654,-18066,-6910,-30725,-60290,-2025,-7014,-12819,-7070,-30725,-60290,4139,11815,4184,11815,4184,11815,3689,11815,2385,6840,-2970,-1723,-6975,-4098,-4920,-6486,3690,-682,-4920,-6486
6/30/2025,3816,2799,-4565,4206,-973,-4565,165,-1197,-4565,936,1919,-5595,3435,-3691,-6411,4626,5514,-548,10359,-539,-8891,10501,5765,9018,3564,1723,-462,10416,5765,9018,3816,2799,-8117,4206,-973,-8117,165,-1197,-8117,-840,-2249,-3709,3435,4605,1286,4626,5523,-12232,10359,-4245,-24288,13331,-13760,-58200,10359,-3165,-24288,13246,-13940,-58200,2225,-3285,2033,-3285,1987,-3285,2570,-3285,3727,-1050,1321,-5204,-4455,-9000,-4536,-4485,-1035,-1956,-4536,-4485
7/1/2025,3445,4749,5179,3395,4099,5756,3260,5668,6338,2857,4749,5179,5695,8202,16246,4530,5661,11487,4665,5558,12495,45,-4212,-3205,2480,1717,2916,45,-4212,-3502,3445,4749,5631,3395,4099,6411,3260,5668,6381,2607,2860,9184,5695,8495,23401,4530,5360,13786,4665,5962,19228,1940,-1464,-2999,4120,5957,21283,1940,-1464,-3953,9214,8063,9144,8063,7799,8063,8747,4658,7017,30552,2595,19294,3863,22597,-5724,-1800,2663,4833,-5724,-1800
7/2/2025,1518,178,5517,369,1240,5803,291,1749,6014,2241,178,5517,3094,-3205,-4950,2369,6924,3462,7581,14845,208,6663,8679,7997,-1185,-4420,-6985,6663,8679,7997,1518,629,8731,369,1499,9043,291,1541,8969,595,-806,6239,2163,6938,-7477,2369,8114,8129,7581,15901,7854,7555,29768,65745,6113,17081,7854,7555,29768,65745,4034,6929,4009,7539,4241,7539,4034,6929,-5790,-6038,872,1541,942,-3065,5885,2156,-6775,-7705,5885,2156
7/3/2025,2540,2954,4890,2562,3360,6011,1957,3611,5675,2537,2954,4890,445,53,-1938,1880,2990,3415,1810,384,4725,900,6710,7544,2510,-162,-3548,415,6710,7544,2540,2954,4890,2562,3360,6011,1957,3611,5991,2502,3669,4890,445,469,1074,1880,2990,5025,1810,1555,1910,900,2510,5750,1390,485,1910,415,2510,5750,2185,3024,1988,3939,2469,3939,2185,3024,-1275,-3605,-717,-3540,-990,325,2645,4478,-1710,-4400,2645,4478
7/4/2025,220,-685,-2700,220,-685,-2700,220,-685,-2700,-295,-685,-2700,-205,-1072,-2845,-630,-2030,-3025,-125,-1285,-1935,-2370,-2115,-4785,1925,1710,-6605,-2370,-2115,-4785,220,-685,-2700,220,-685,-2700,220,-685,-2700,-295,-1325,-3260,-205,-1072,-2065,-630,-2030,-4345,-125,-1285,-1935,-2370,-6320,-16540,-125,-1285,-1935,-2370,-6320,-16540,-2995,-4870,-2995,-4870,-2995,-4870,-2995,-4870,-2165,-1480,-5295,-7890,-5120,-5485,-6975,-8700,-1025,-6605,-6975,-8700
7/7/2025,-2045,-4755,-6910,-2870,-3625,-6910,-2740,-4520,-6910,-2455,-4755,-6910,-860,-6420,-7377,2665,6860,9407,1880,1998,14028,11077,18519,20131,2070,-1230,-7471,11077,18354,22396,-2045,-5595,-5855,-2870,-4465,-6010,-2740,-4520,-6010,-1885,-6085,-9045,-860,-7460,-12136,2665,6860,13478,1880,1998,14700,11077,29216,70899,3575,1998,17186,11077,28641,72354,-4105,-2050,-4105,-2050,-4105,-2050,-4105,-2050,-5800,-6970,9873,10090,8423,19705,6506,17006,665,-8230,6506,17006
7/8/2025,657,849,-2354,2236,939,-2312,1240,620,-2049,1647,849,-2354,1463,559,4254,3036,2743,5575,5311,6694,14837,11960,6862,-6870,1477,538,2675,11960,7982,-6870,657,849,-971,2236,939,-900,1240,939,-95,32,442,-1010,1463,1307,5019,3036,2743,5957,5311,6694,15440,11960,11117,14195,4709,7009,18152,11960,12237,14195,-4610,-4118,-5850,-4118,-5850,-4118,-4610,-4118,995,2909,-4995,-6085,-945,672,-6457,-7596,-485,2002,-6457,-7596
7/9/2025,660,-613,2119,1045,1387,18,230,-1070,18,-1075,-613,2119,-3347,-4673,-8095,-2847,-3973,-5357,-4282,-4798,-8853,-5175,-2225,-7476,-518,1062,2117,-5175,-2225,-7476,660,-1420,647,1045,580,-1216,230,-1070,-1216,635,250,-2678,-3347,-5961,-10372,-2847,-3973,-7374,-4282,-4798,-13107,-5795,-9254,-10217,-4282,-5379,-13107,-5795,-9254,-10217,-993,-3965,-792,-4550,-1800,-6353,-993,-3965,-3043,-3217,-505,646,-930,-1741,-1955,-2485,2265,2333,-1955,-2485
7/10/2025,-890,2427,1663,-1055,3150,1894,-30,2776,1894,-935,2042,-184,8578,7133,398,1895,-1040,-6921,2765,-4749,-8800,-4445,-6810,-7288,305,-1425,1780,-4445,-6810,-7288,-890,2427,-2686,-1055,3150,-2310,-30,2776,-2310,865,1384,-2200,8578,9640,10246,1895,1215,-7040,4215,-3085,-11005,-4170,-23655,-56475,3560,-3785,-11005,-4170,-23655,-56475,5201,-1930,4124,-1930,4124,-1930,5201,-1930,-1253,-6448,-3990,-6406,-6010,-7942,-6615,-7599,-2060,-1195,-6615,-7599
7/11/2025,25,629,-5050,200,751,-5050,523,-607,-5050,-180,629,-5050,2610,331,416,-1123,-3568,-5839,396,-3835,-6639,4036,-6754,-3045,1019,223,-1103,3836,-6754,-3045,25,629,-7785,200,-966,-7785,523,-607,-7785,995,2106,-1900,2610,1823,6440,-1123,-3685,-9213,396,-3535,-12324,4036,-12846,-35891,-20,-2405,-12324,3836,-12846,-35891,-4005,-7075,-4005,-7075,-4005,-7075,-4005,-7075,2953,4504,-4378,-2740,-4434,-856,-5905,-6915,-506,2968,-5905,-6915
7/14/2025,2175,332,2502,1379,1268,2042,1638,-112,2240,1692,332,2502,1050,-2816,-6536,2007,54,424,1963,3509,2382,1878,-2932,5302,339,-2492,-1964,1668,-2932,5302,2175,332,2233,1379,1181,2919,1638,-112,3257,1903,29,5206,1050,-1190,-5621,2007,54,424,1963,3509,2382,2505,1946,26725,2264,2180,1605,2295,1946,26725,-823,579,-991,579,-1241,-199,-823,579,-6365,-7898,-523,-1008,1671,-7073,-2619,-2081,-125,619,-2619,-2081
7/15/2025,1885,1375,-2828,1975,1050,-2903,1240,906,-2502,1913,1375,-2828,2253,1420,-4157,1230,62,-1800,1533,511,-2119,9312,12357,9768,1567,-44,-3975,9855,11172,9768,1885,1375,-287,1975,1050,-362,1240,906,-1135,2588,-175,-4025,2253,1420,-12264,1230,62,440,1533,511,-2102,9312,14820,33269,1880,-1123,-2994,9855,13520,32279,1030,1012,1030,1012,1030,1012,1030,1012,-999,-75,2890,665,3030,4869,10714,8688,-2412,-5255,9529,8688
7/16/2025,-234,1526,1695,-289,1372,1469,-430,1282,2289,-1404,1526,1695,1344,314,-1462,102,1511,8492,668,1596,3569,435,580,-2580,936,1364,-1056,435,570,-1282,-234,1526,2591,-289,1372,2591,-430,1282,2992,-2295,-2302,-4379,1344,2452,1656,102,1511,8211,668,1596,5448,435,1420,11329,1351,821,2642,435,1410,14098,2682,4626,2517,4626,2557,4611,2682,4626,-511,-2398,2566,3646,4105,4520,2630,-1119,1451,677,2630,-1119
7/17/2025,3360,6837,6190,3770,6942,6190,4045,7025,6190,3265,6257,6190,-2378,-6045,-8185,2065,2778,3582,1895,7098,3283,10208,17628,16093,-1625,-2355,-3422,9698,17628,16093,3360,6873,9636,3770,6978,9636,4045,7430,9636,2298,7465,7823,-1800,-3300,-6938,2065,2778,5215,1895,7098,5055,10208,31715,40360,-70,5993,5055,9698,31715,40360,3931,2407,4128,2407,4383,2407,3931,2407,-6905,-7920,-1507,-3529,-5235,-6085,20645,9819,-6300,-7385,20645,9819
7/18/2025,-375,1816,1342,8,2134,1862,154,2369,1605,-805,4751,1342,3389,8832,15297,3480,11362,17807,4281,10764,10661,319,-2056,-2670,1783,844,2334,319,-2056,-2670,-375,1816,2406,8,2134,3170,154,2369,3122,-805,5476,8986,3389,8832,18298,3480,11362,18941,4281,10764,14084,414,9668,20325,4986,10764,14084,414,9668,20325,-1755,-4485,-1755,-4485,-1755,-4485,-1755,-4485,8630,10990,1975,-552,-3538,-6749,-5490,-5138,-1459,1151,-5490,-5138
7/21/2025,-96,-2208,-724,55,-534,-3040,-461,-1944,-3040,-701,-2788,-724,862,-3753,-7530,-2351,-5442,-6297,-1739,-6822,-6943,-1839,981,7964,-1415,-1221,1884,-2549,576,7964,-96,-2208,-1877,55,-537,-3386,-461,-1947,-3386,9,1651,-3909,862,-3753,-6043,-2351,-6190,-16740,-1739,-4227,-19553,-6348,-25257,-68982,-1174,-4227,-19553,-7158,-25662,-68982,-640,-5740,-2461,-2708,-3976,-2708,-1300,-5740,-838,-2412,-5984,-8504,-4485,-8750,-1892,1962,1895,5005,-1892,1962
7/22/2025,-830,-2012,-2919,-1620,-1338,133,-767,-289,-2254,-215,-832,-2919,659,1522,-1430,874,-798,-5493,3514,-2209,-7184,-265,-6841,-2329,3105,-170,-5101,-265,-6841,-2329,-830,-2012,-2665,-1620,-1338,1033,-767,-289,-545,690,-2670,1314,659,1704,264,874,-2794,-7616,3514,-2045,-11035,-265,-2736,-31400,3714,-1350,-11035,-265,-2736,-31400,2970,952,3058,952,3058,952,2970,952,-2088,-2065,-6360,-7805,-6815,-7680,-6120,-5994,-4286,-7765,-6120,-5994
7/23/2025,1115,-92,748,720,-92,748,720,3,748,1974,-1382,748,-2845,-5037,-8151,-2860,-1092,-4466,-3721,-5737,-7610,-4005,-3327,-3379,-2534,-2497,-5486,-4005,-3327,-3379,1115,-92,801,720,-92,801,720,3,801,1835,647,-892,-2845,-5505,-14612,-2860,-2812,-11252,-3704,-3197,-12792,-3225,-447,-11202,-3704,-2562,-12792,-3225,-447,-11202,-520,-212,-520,-212,-425,-212,-520,-212,-6635,-8930,-6255,-5844,-6395,-8940,-5480,-6950,-6850,-7610,-5480,-6950
7/24/2025,2325,6006,4754,2325,7006,4754,3185,7006,4754,2310,6006,4754,4573,9164,16710,4785,6100,15065,3473,3455,9756,1316,-4735,-7557,578,4548,-14,-1492,-4735,-7557,2325,7170,6840,2325,8170,6840,3185,8170,6840,4134,8480,13042,4573,9459,19481,4785,6100,16219,3473,3455,10241,1316,-15352,-30942,2723,3133,9455,-1492,-15352,-30942,-1505,-5550,-1505,-5550,-485,-5550,-1505,-5550,5576,11570,950,2745,446,2985,-5559,-8712,5010,4280,-5559,-8712
7/25/2025,976,963,4283,1300,1503,4283,1560,2678,4283,731,963,4283,3256,2006,-3480,795,-166,-8104,3657,6497,8694,-804,-4533,-6875,1541,3504,5976,-1024,-4533,-6875,976,963,4242,1300,1503,4242,1560,2678,4242,315,-450,6249,3256,3393,341,795,-166,-10422,3657,6497,9677,121,-2103,-6796,3334,6497,9677,-33,-2103,-6796,4018,8957,4018,8957,4528,8957,4018,8957,-6390,-7715,-611,-3933,-3696,-6280,-295,-6170,765,5339,-295,-6170
7/28/2025,4804,8898,1801,4284,4864,486,2874,3519,486,3790,10242,1801,5040,12408,9878,6179,17312,11772,11997,20752,17261,-13,-1953,-7487,3549,4600,3018,-721,-1953,-7487,4804,8898,3155,4284,4864,1840,2874,3519,1840,6028,1826,13514,5040,16845,24525,6179,17312,12196,11997,20752,19316,-13,5543,-13279,10800,20752,19316,-721,5543,-13279,-2198,-3727,-2198,-3727,-2198,-3727,-2198,-3727,11820,7507,11024,-653,2279,-3550,-5384,-8406,3295,1025,-5384,-8406
7/29/2025,1610,2611,6158,1690,2494,5327,2119,2384,6595,1178,3696,6158,-3150,-6825,-7900,660,-292,-2618,-40,-1640,-7673,11581,16752,29273,-3755,-3724,-8090,11581,16752,29273,1610,2611,5925,1690,2366,5751,2119,2384,7293,608,-39,3289,-3150,-11180,-28525,660,-292,91,-40,-1224,-5729,11581,25600,62622,-99,-1591,-6889,11581,25600,63447,3984,-2121,3354,-2121,2171,-2246,3324,-2121,-6985,-7879,2060,5577,-2288,2856,15247,24271,-6615,-6256,15247,24271
7/30/2025,4268,9392,10601,4750,10612,10526,5375,11212,9431,2718,10982,10551,5715,13524,22494,6507,5901,8862,8010,9230,8124,10940,9205,2915,3473,2495,13201,10900,8950,3190,4268,9392,10674,4750,10612,10599,5375,11212,9504,2048,3240,14216,5715,13524,23824,6507,5901,7604,8010,9230,6748,15670,10694,-41154,6478,10000,7388,15630,10439,-39009,9142,11945,9057,11945,9057,10895,9472,12450,12000,37466,6817,16872,7876,19655,163,-1825,5795,15687,-82,-1825
7/31/2025,1625,2435,7019,1345,2610,6969,1525,2331,7458,1235,1770,7019,-921,-2907,-8570,3435,4534,13648,3168,5516,10073,13492,23667,48585,1000,2375,-1703,13492,23562,46480,1625,2435,8568,1345,2610,8518,1525,2331,8517,1120,1245,7748,-921,-2907,-9904,3435,4534,14067,3168,5516,10073,13492,24880,63662,3208,4990,10603,13492,24775,63812,6294,11041,6634,10956,6534,10956,6359,10889,-4274,-7985,7039,15501,8880,11107,30675,51976,6120,5812,30675,52456
8/1/2025,3100,-860,-629,3025,870,6258,1338,1021,3907,2438,-860,-629,6785,10501,25662,8306,10133,15910,7279,8385,27676,10518,15268,8520,5274,5813,19053,10498,14943,10915,3100,-600,685,3025,778,2873,1338,950,-416,793,-809,-1585,6785,10501,26388,8306,11320,19733,7449,10933,34042,10518,18683,26326,6594,10063,31742,10498,18531,28721,2382,7155,1200,9095,5395,6535,2232,7155,8863,26666,11488,19985,7575,25103,12546,10361,4694,1594,12546,10361
8/4/2025,-743,-1158,-2205,-738,-1420,-2240,-208,-1445,-2129,-1753,620,-2205,3690,4887,-739,3538,6751,3715,3773,4112,3032,3066,5195,8233,2530,790,2791,3066,5195,8233,-743,-1158,-2205,-738,-1420,-2240,-208,-1445,-2444,1522,318,-3313,3690,4887,-1559,3538,7498,12279,3773,5089,8625,5825,21029,55507,2949,5089,8625,5825,21029,55507,-2480,-3702,-2480,-3702,-795,-3707,-2480,-3702,387,1229,4969,9532,5849,9098,6776,12103,2121,1154,6776,12103
8/5/2025,-201,-736,-3681,504,34,-3675,-86,-1361,-3916,851,-1611,-3681,5141,4521,4707,7240,6253,11436,5033,9177,7187,8706,20569,41993,3439,1298,716,8706,20581,40978,-201,-736,-3661,504,34,-4032,-86,-1361,-3927,-299,-2916,-1201,5141,4521,5170,7240,6253,11491,5033,9427,14135,8706,23968,60953,5114,9542,4170,8706,21820,59938,-2304,-2653,-2399,-1588,-1864,-1588,-2304,-2653,2621,8506,6854,12971,11493,14938,24938,40373,170,267,24938,40373
8/6/2025,1850,3595,4306,2025,3888,4531,1666,3708,4560,1800,3595,4306,-3035,-5202,-8150,1205,105,-5554,1263,-33,-7387,13770,9822,15795,-2743,-2516,-1159,13770,9822,15795,1850,3595,5706,2025,3888,6148,1666,3708,6283,1800,2722,718,-2175,-6574,-16320,1205,591,-2840,1263,548,-3830,13993,13238,40212,660,20,-4189,13993,13238,40212,4239,8073,4398,8261,4119,6635,7054,8073,-6575,-8835,1090,-429,-2886,-5791,14551,26472,-538,-73,14551,26472
8/7/2025,440,1301,6355,445,1366,3261,1055,4440,6630,155,1301,6355,-5575,-6505,-8905,-2800,-2064,-8055,270,-6980,-8980,3298,9297,14626,-2865,-6505,-8905,3868,8757,12494,440,1785,6904,445,1850,8209,1055,4440,10959,-1430,-3225,-2345,-4750,-9150,-18520,-2800,-4915,-9735,270,-10830,-7980,3298,12130,38233,270,-11455,-6605,3868,11325,35163,4360,13595,5290,13595,5290,13595,3815,13595,-6195,-8455,-1386,575,2310,-7975,11113,4005,-6195,-8455,11113,4005
8/8/2025,4197,474,-1205,1573,1865,468,2106,1041,-1173,2392,149,-1205,4830,10044,4540,5381,9932,7322,7102,8349,9913,6797,7758,5691,3948,1992,2515,4903,7758,5691,4197,474,-802,1573,1865,-848,2106,1041,-728,2087,3529,-366,4830,10044,2152,5381,11152,8121,7102,9711,18247,7201,22906,52586,6391,8978,18247,6791,22906,52586,-715,1738,40,1738,40,1738,-715,1738,-2078,-3698,4705,2323,2948,4318,8182,4777,-2053,3885,8182,4777
8/11/2025,75,-507,2433,275,-517,2433,-477,-780,2433,-425,-507,2433,-1898,-5999,-8995,-2425,-2736,-2174,-2629,-3113,-8997,7351,-4211,6030,-237,-4860,-3638,6956,-4211,6030,75,-507,1715,275,-517,1715,-477,-780,1715,2198,4197,6238,-1898,-5999,-19841,-2425,-2404,-7986,-2629,-2871,-11988,7351,-1745,-12520,-1899,-3431,-12988,6956,-2145,-14420,975,491,975,491,975,491,975,491,-6790,-8998,-6985,-8997,-3684,-8996,-7000,-8998,-4130,-3709,-7000,-8998
8/12/2025,400,-461,2127,311,-443,2127,528,-214,2391,150,-461,2127,-78,-5843,-8881,-407,115,783,415,-3250,-3334,9629,9914,20338,-453,-199,1677,9629,9914,20338,400,916,3912,311,612,3912,528,796,3957,-449,-2451,-781,-787,-10068,-17535,-407,115,1728,415,-3250,-2189,9629,29422,70147,-196,-3725,-2189,9629,29422,70147,2572,5348,2663,5348,2363,5957,2572,5348,-5525,-8089,2430,3330,2161,5653,13266,25073,1005,1734,13266,25073
8/13/2025,-165,-688,917,-893,794,2589,838,1319,-491,530,-993,917,5906,11713,-3881,6320,11661,5388,8656,7374,4124,6067,1112,-4730,980,2421,7372,6067,1112,-4730,-165,-688,1804,-893,794,2872,838,1319,561,119,-263,-345,5906,13238,2193,6320,11661,5047,8656,7374,-2253,6067,9896,-13860,8359,7979,52,6067,9896,-13860,2380,1728,2380,1728,2216,1728,2380,1728,-447,-2692,-1047,-2432,-5980,-4479,-3243,-3907,-1995,-495,-3243,-3907
8/14/2025,-1180,800,-4940,-1343,1571,-944,-1383,2391,-2041,-830,800,-4940,2890,5737,10417,-1505,-920,-2156,313,-559,1134,-2115,-2900,-7042,1480,2143,2311,-2115,-2900,-7042,-1180,800,-5125,-1343,1571,-3701,-1383,2391,-4506,150,-188,-914,2890,6211,17521,-1505,-920,-1872,313,-559,2475,-5080,-15935,-35465,30,-511,1635,-5080,-15935,-35465,-406,-3543,-321,-4344,-82,-4344,-406,-3543,3709,9899,-5915,-8305,-6510,-7143,-4511,-7026,-160,-61,-4511,-7026
8/15/2025,-1365,-2783,-6835,-1275,-2768,-7321,-868,-3025,-6721,-685,-4370,-6835,4424,10193,6621,4103,9404,16659,6363,12516,17093,6955,9827,7437,2817,7543,-279,6955,9827,7437,-1365,-2783,-6835,-1275,-2768,-6657,-868,-3025,-6295,685,-2860,-8002,4424,10344,12564,4103,9404,18132,6363,12516,17493,6955,12278,35589,6576,11143,14163,6955,12278,35589,-6385,-8393,-5333,-8061,-6150,-8061,-6385,-8393,9924,4136,9306,7589,5826,10930,4252,-6999,-64,2489,4252,-6999
8/18/2025,-740,-1841,-1888,-2129,-1861,-1888,-1424,-1766,-1888,1100,-1396,-1888,-1059,176,-4453,-629,1060,-4439,-3923,-2861,-6712,1965,5068,2867,-484,-964,172,1965,5068,2867,-740,-1841,2530,-2129,-1861,2530,-1424,-1766,2530,-239,-492,-925,-1059,176,-7019,-629,1060,-6333,-3923,-2861,-10846,1965,-3723,-27634,-3261,-2352,-10327,1965,-3723,-27634,-670,-1815,-700,-1815,-245,-1815,-670,-1815,-4791,-7827,-4711,-5610,-5265,-8495,1745,2574,-960,-6033,1745,2574
8/19/2025,-425,-262,-1040,215,875,-116,-20,495,-1408,-350,-262,-1040,-4207,-6650,-8054,1491,3373,5292,2922,2835,-3697,15028,22128,26643,361,-1261,-5654,14923,21733,26643,-425,-262,694,215,875,764,-20,495,-26,-1600,-2800,-834,-3810,-7185,-17927,1491,4059,6978,2922,2835,-2644,15028,27937,49808,3472,3775,-2644,14923,27587,51908,280,-2309,270,-2289,165,-2694,280,-2309,-6235,-8265,6883,5545,6654,-1316,20566,29832,2658,-8265,20566,29832
8/20/2025,-1535,2418,302,-1645,2213,7248,-1290,2513,5579,-1535,2464,302,3010,4339,3344,2350,3097,-394,581,-2579,-767,-505,-6411,-8771,-1790,-761,-223,-505,-6411,-8771,-1535,3119,-376,-1645,1714,3776,-1290,1604,3108,-1295,-1136,-3281,3010,4339,1269,2350,3163,-1300,581,-4179,-6804,-505,-7171,-10508,-1375,-4624,-6134,-505,-7171,-10508,3324,5151,2004,5066,2646,-44,3324,5151,3558,5106,1045,-2469,-325,-6259,-4925,-6010,-1860,3864,-4925,-6010
8/21/2025,1574,-2035,-2623,2574,-1040,-2623,1850,-1040,-2623,1319,-2690,-6414,3965,7555,6044,3613,6362,4676,1638,7357,5533,3573,-321,-8760,-209,1962,-2762,3752,-321,-8760,1574,-2035,-6724,2574,-1040,-6724,1850,-1040,-6724,-171,-201,640,3965,8315,11744,3613,6628,8062,1638,6782,17195,3615,6977,9105,1371,8139,16085,3810,6977,8510,-4084,-7359,-4084,-7359,-4084,-7359,-4084,-7359,-222,-496,1126,-1439,2656,-313,-5227,-7549,-3000,-3409,-5227,-7549
8/22/2025,-1089,3872,4009,1490,3022,4009,426,3022,4009,-150,3872,4009,2635,2008,1046,-1515,-189,-7561,-1927,-3862,-8969,-3884,-4103,-5902,109,2405,-111,-3919,-4103,-5902,-1089,3872,6392,1490,3022,6392,426,3022,6392,401,7347,9681,2635,2008,2697,-1515,-990,-5658,-1927,-3646,-14066,-3494,-16181,-52282,410,-879,-14419,-3614,-16181,-52282,71,-3972,-122,-3972,208,-3972,71,-3972,104,9625,-2623,-1993,-5952,-7864,-4368,-7502,85,-565,-4368,-7502
8/25/2025,705,1424,2623,720,335,2628,401,234,3168,-17,1424,2623,-545,-3537,-6101,-3180,-6207,-7082,-4059,-5170,-8214,-3260,-3631,5603,334,-362,6978,-3460,-3631,5603,705,1424,1472,720,335,1477,401,234,2017,1282,2868,2226,-545,-3222,-4353,-3180,-8007,-14700,-4059,-5340,-17007,-3240,-13618,-40518,-3763,-6545,-17007,-3645,-13618,-40518,2456,6827,2456,6827,2536,6827,2456,6827,2405,850,-887,1843,30,-4365,-526,16954,6480,7076,-526,16954
8/26/2025,782,-2111,2365,-1064,-2001,2160,-2569,-1971,2760,3,-1850,2365,1423,-2503,-8350,1276,-1771,-3693,7754,-5602,-3860,3101,7894,19815,2913,424,1846,2820,7894,19815,782,-2111,3742,-1064,-2001,3537,-2569,-1971,4137,-418,169,8342,1423,-7582,-15652,1276,-1500,-745,7369,-7231,-3913,7053,18574,73649,7218,-7588,-3913,6196,18574,73649,5,2490,815,2490,1020,2225,1730,2490,-2224,-4093,1465,1986,1379,4109,7509,18458,112,-314,7509,18458
8/27/2025,3740,5950,1656,3890,4265,1656,4355,3654,1432,3380,5259,1656,3922,12073,20167,2820,8971,13662,3847,12110,16857,3678,2981,-4747,983,2074,275,3678,2981,-4747,3740,5950,2147,3890,4265,2147,4355,3654,2142,3967,3263,3294,3922,12073,19350,2820,8971,11156,3847,12110,18176,3838,8017,29537,3497,12110,17759,3838,8017,29537,4405,1209,4395,1209,4400,1204,4405,1209,7125,13491,4967,6182,6600,11421,-2677,-5765,3166,-2747,-2677,-5765
8/28/2025,2145,1998,-646,1965,2248,-1324,2072,2060,-1324,1440,1998,-646,1065,989,-4968,2346,4407,7430,4367,14092,11156,6413,18480,17861,-925,309,1507,6188,18480,17861,2145,2691,2709,1965,2975,2714,2072,3025,2714,610,570,2737,1830,6314,7262,2346,4407,9512,4367,14092,17586,6671,24956,42035,3547,13535,17586,6446,24956,42035,3665,3265,4452,4073,4224,4073,3665,3265,-6609,-8928,2800,2475,37,4003,19579,16273,-572,-8630,19579,16273
8/29/2025,-565,-4759,-2627,-1415,-3420,-2854,-396,-3334,-2074,601,-4332,-2627,4635,1009,10830,6901,3245,16686,7063,8553,11982,6439,3628,-4754,4393,2758,5087,6439,3628,-4754,-565,-5695,-2627,-1415,-3420,-2854,-396,-3802,-1817,681,-4485,3692,4635,1009,11386,6901,3245,18023,7063,8553,12605,6439,8865,14833,6828,7328,10628,6439,8865,14833,-4169,-6261,-3784,-6261,-3725,-5674,-4169,-6261,142,6472,2704,4621,-4460,1568,-3505,-7653,1215,1154,-3505,-7653
9/1/2025,4020,6575,7700,4020,6575,7700,4020,6575,7700,3930,6575,7700,4565,8750,14150,5920,10851,15396,7260,12836,17326,7270,9161,11181,3525,3485,4631,7270,9161,11181,4020,6575,7700,4020,6575,7700,4020,6575,7700,2750,5535,7700,4565,8750,14150,5920,11325,18760,7260,13310,21055,12050,23425,35305,5750,13310,21055,12050,23425,35305,-155,-1490,-155,-1490,-155,-1490,-155,-1490,-1050,-90,2860,6685,3585,5520,5835,6825,-1105,6540,5835,6825
9/2/2025,450,3293,12181,1501,1738,5034,-765,-23,5819,1545,2788,10226,272,149,2237,1207,2109,8248,1351,1310,-912,-4974,1106,116,1033,4871,9234,-4974,1106,116,450,3293,5650,1501,1738,2323,-765,-23,3108,1480,2288,2675,272,149,2561,1207,2109,8195,1351,1310,131,-3948,-143,-2041,288,2747,-118,-3948,-143,-2041,3538,10109,2472,6178,4517,6178,3333,8249,1129,4400,3375,9262,3152,4738,-5345,-95,2738,1591,-5345,-95
9/3/2025,4127,8327,10181,4215,8509,15217,4336,8594,10196,3030,8327,10181,4888,7068,10199,4764,3843,3151,3509,2037,4668,-2175,-4205,1885,2229,2092,4484,-2175,-4205,1885,4127,8327,11398,4215,8509,13043,4336,8594,8725,3030,8513,8089,4888,7076,10281,4764,3843,3621,3509,2322,1729,-6905,-17560,-41800,3784,3031,1729,-6905,-17560,-41800,4825,9512,1829,13507,4023,12376,4825,9512,4471,11796,1133,1659,988,-4525,-4001,-7757,-900,2013,-4001,-7757
9/4/2025,470,776,5223,-240,1299,5223,-240,1290,5223,120,776,5223,-5821,-6990,-8423,-5205,-7000,-8990,-5965,-7000,-8865,1335,9572,-268,-5640,-6150,1793,1335,9572,-268,470,1334,6957,-240,1299,6957,-240,1290,6957,35,1569,6628,-8591,-18115,-36912,-5205,-9295,-16885,-7070,-10565,-22600,2115,13231,36153,-7695,-12705,-23625,2115,12421,36153,2333,4359,2071,4359,2062,4359,2333,4359,-6886,-8984,-5010,-8628,-3415,-9000,-6945,-8000,-6995,680,-6945,-8000
9/5/2025,-600,4132,3783,-1205,2958,2617,-1883,3051,3774,-1060,4132,3783,-333,1528,1316,-1616,-2853,-6151,-2100,-3769,-7152,-4146,-3815,-6679,-214,2243,786,-3836,-3815,-6679,-600,4132,5017,-1205,2958,3994,-1883,3051,5151,-1060,2942,5227,-333,1617,1792,-1616,-2853,-9503,-2100,-3625,-6553,-4777,-13632,-35213,-935,-3116,-7818,-4202,-13632,-35585,3767,4795,4502,3131,3359,3486,3767,4795,1600,-373,-5098,-8950,-4764,-5365,-6850,-4715,425,2249,-6850,-4715
9/8/2025,-975,-3635,-6255,-1520,-3435,-5000,-1208,-3215,-5804,-25,-3635,-6255,-440,-1736,-6781,-2960,-3086,-7940,-1991,-5658,-8636,-3666,-5240,-4142,-1084,-4934,-8760,-3666,-5240,-4142,-975,-3635,-6255,-1520,-3435,-6740,-1208,-3215,-6470,-25,-1881,-6453,-440,-3910,-6506,-2960,-4047,-8590,-1991,-6370,-11207,1001,-14880,-32125,-1670,-6370,-12302,951,-14880,-32125,-6225,-8540,-6225,-8540,-5800,-8540,-6225,-8540,-1315,-4851,-5230,-8965,-5995,-7996,-2525,-8504,-565,-8655,-2525,-8504
9/9/2025,-1822,-1567,-4954,-2350,-2187,-4954,-2350,-1852,-4954,-2250,-1567,-4954,-1876,-2880,-5350,-3560,-5446,-5321,-2530,-3951,-7263,-5728,-3893,-8710,-125,-122,3979,-5728,-3893,-8710,-1822,-1567,-4388,-2350,-2187,-4388,-2350,-1852,-4388,-1800,-2925,-6215,-1876,-2880,-6886,-3560,-6950,-11222,-2530,-5950,-11966,-4453,337,12811,-3115,-4580,-8905,-4453,337,12811,-700,-3874,-700,-3874,-365,-3874,-700,-3874,-3855,-5210,-5144,-4670,-6975,-8965,-5718,-3267,-2220,4930,-5718,-3267
9/10/2025,155,3750,4858,843,3330,4793,853,3465,5632,115,3750,3683,-4350,-6980,-8467,-3125,-6625,-7592,-4445,-6390,-8522,8444,7450,31845,-2910,-6630,-7217,8164,7450,31845,155,3750,5970,843,3330,5848,853,3465,6927,-1135,120,134,-4350,-7850,-18680,-3125,-7030,-6882,-4445,-5095,-5145,8275,21999,55808,-4105,-5430,-5680,7995,21044,54807,1890,6339,1890,6339,1682,6339,2305,6339,-6475,-8147,-2803,-5592,-199,-8207,5093,11842,-6005,-3292,5093,11842
9/11/2025,485,2410,-2156,405,2410,-2156,405,2410,-2156,485,2410,-2156,3469,-435,1610,5175,8989,12406,6013,8710,13524,6229,5786,2570,-1285,-2686,-7040,5668,5786,2570,485,2410,1163,405,2410,1163,405,2410,1163,280,1445,1592,3459,2186,3516,5175,8989,13558,6013,8710,17251,13221,26078,38577,5223,8664,17251,13021,26078,38577,-370,-2978,-370,-2978,-370,-2978,-370,-2978,-6325,-5975,3997,-1042,-2405,-4000,4769,-241,-4325,-7730,4769,-241
9/12/2025,1412,-192,-4570,757,-227,-4570,-68,-1717,-4570,1850,-192,-4570,5500,2431,1464,3808,6061,9576,5309,4965,10864,8199,1868,-5479,1072,1999,-511,7519,1868,-5479,1412,-192,-4292,757,-227,-4292,-68,-1717,-4292,1452,-30,-871,5500,8142,1068,3808,6061,10832,5309,4965,13159,8414,18213,60731,4716,4135,13159,7934,18213,60731,-1560,-5152,-1560,-5152,-1560,-5152,-1560,-5152,-3744,-5856,-210,6585,334,3164,9376,-4212,-811,-161,9376,-4212
9/15/2025,1166,-1526,-342,-666,-593,-91,-359,-751,-91,652,-1526,-342,3923,-307,-900,1384,2771,4127,1804,1677,3576,8121,9165,8656,209,-260,2910,8121,9165,8656,1166,-1526,2005,-666,-593,1799,-359,-751,1799,-755,1818,259,3923,-307,-2518,1384,3181,7388,1804,5269,14362,8121,24706,66228,1252,4869,14362,8121,24706,66228,1628,4929,1603,4929,1603,4929,1628,4929,-1405,-225,1610,6492,3435,9751,8654,11803,1710,3241,8654,11803
9/16/2025,3588,8619,7364,4928,8503,8184,5888,7313,8184,3470,8619,7364,5746,19807,15563,5073,9040,11976,8156,19136,22347,5925,1593,-2002,3881,4953,2760,4990,1593,-2002,3588,8619,8597,4928,8751,9946,5888,7561,9946,1680,5252,8060,5746,19807,20926,5480,9955,17471,8491,20608,25272,10535,16737,22142,7481,20608,25272,10085,16737,22142,-1523,-3158,-1523,-3158,-1523,-3158,-1523,-3158,4795,8295,-361,440,-107,487,-4475,-4392,513,1332,-4475,-4392
9/17/2025,4007,10115,23377,4593,10978,25084,5366,13334,28825,3397,10585,24177,5376,9432,21560,7425,19037,35477,18296,32091,56344,9844,18460,27124,6154,7170,9919,9844,18460,27124,4007,10115,24598,4593,10978,27353,5366,13334,29858,3370,8024,20828,6091,15052,30684,7425,19037,36122,18296,32091,61466,12092,29941,77668,13572,31236,60536,12092,29941,77668,10360,23723,10660,24803,12350,26033,11360,22148,10470,27552,16012,34584,29917,54919,10722,14937,8825,11173,10322,14937
9/18/2025,195,-4998,-5599,-530,-4035,-5599,-550,-4160,-5479,-345,-4998,-5599,-1090,-3385,-2649,-1026,-4585,-3723,-3420,-4606,-4752,1352,-5193,3041,-189,245,5405,1052,-5193,3041,195,-6355,-8238,-530,-5610,-8238,-550,-5735,-8423,-645,-5215,-10170,-1090,-3385,-5114,-1026,-6883,-11661,-3420,-4606,-10494,2522,-22840,-55990,386,-4111,-11494,2222,-22840,-55990,-4692,-7480,-770,-7480,-770,-7480,-4692,-7480,-3245,-1590,-6492,-7324,-6941,-5380,-4910,-1869,4155,10491,-4910,-1869
9/19/2025,-1903,-1484,-2058,-1840,-1579,-2058,-2051,-2628,-1888,-1475,-1578,-1018,-1252,-5471,-8845,-778,-1494,-8331,604,-2416,-8775,4951,12833,14679,774,-187,112,4951,12833,13074,-1903,-1484,-3266,-1840,-1579,-3266,-2051,-2628,-3096,-2010,-2865,-3285,-1252,-5471,-17205,-778,-1483,-7214,604,-2198,-8885,7783,25535,58907,627,-1048,-8885,7583,24990,58907,-2270,-3665,-2270,-3665,-2165,-3665,-820,-3665,-6659,-8663,1606,-406,1432,-1698,10463,18840,-2945,-6333,9918,17235
9/22/2025,2139,5076,6867,1903,4824,6867,2033,4228,6240,1960,5076,6867,-2622,-6680,-7110,2140,4433,703,3784,6348,3654,7545,6109,9233,-322,-6680,-7110,5969,6109,9233,2139,5076,9901,1903,5048,9901,2033,4451,9781,1980,3769,9356,-1040,-2758,-11536,2140,4433,1517,3784,6461,14234,7745,23902,41859,595,6321,14234,7988,23902,41859,5562,7675,5538,7675,5088,7675,3422,7675,-6795,-7825,2351,-1909,471,-5150,4839,927,-5257,-7825,4839,927
9/23/2025,801,954,-746,590,1254,-901,580,843,-526,1166,954,-746,-4845,-6995,-8985,661,-942,-4215,-312,18,-7662,8760,9488,8427,52,1370,1862,8750,9103,8041,801,954,449,590,1254,294,580,843,669,35,-360,-5063,-4845,-7250,-13140,661,-563,-1893,-312,18,-1178,10566,18799,30068,678,-487,-1178,10556,18414,29213,-250,337,-250,337,-250,337,560,337,-7000,-9000,-2204,-2982,-1209,-224,-859,-2750,-719,6495,-859,-2750
9/24/2025,-900,-3059,-4891,-2067,-1816,-4842,-1282,-1271,-6953,-1145,-3319,-4891,50,-6865,-8959,146,1033,-6447,-4,-713,-6937,2800,-4911,-7675,-1209,-488,-774,-120,-4911,-7675,-900,-3059,-6274,-2067,-1816,-4524,-1282,-1271,-6689,-2030,-3595,-10712,-525,-270,-15177,146,-464,-17838,-579,-3667,-22401,2265,-7581,-26960,-869,-3663,-23496,870,-7581,-26960,-208,3814,577,3769,517,3769,-423,1965,-6317,-8844,-5725,-6907,-5341,-4673,-6655,-8798,-250,4803,-6655,-8798
9/25/2025,2965,2916,5293,2470,3421,5960,3021,3389,5414,3034,2396,5293,4390,8408,9719,3483,6845,3805,1920,5994,1605,-1440,420,-6563,3573,1426,3580,-1440,420,-6563,2965,2916,5524,2470,3421,5359,3021,3389,6666,3034,5329,4714,4390,8408,11555,3483,5396,2859,1920,4388,-945,-3325,-6605,-25685,2660,4613,2160,-3325,-6670,-23240,1453,6261,2646,6261,2472,7321,1453,6261,5466,13383,5227,3284,5347,-3380,1180,-5015,4080,6040,1180,-5015
9/26/2025,775,3117,214,1004,3249,364,1112,3361,364,458,3117,214,3449,-753,-4726,1375,674,-4111,784,433,937,-495,-4154,-3822,1455,-1530,3179,-495,-4154,-3822,775,3117,3406,1004,3249,4231,1112,3361,4231,513,-355,228,3449,-1583,-6535,1375,1085,-5650,784,885,-2895,930,4035,13826,784,180,-2895,930,4035,13826,738,3166,803,3166,434,3816,738,3166,-4596,-7110,-1803,288,-1295,1703,-2206,1087,1400,-677,-2206,1087
9/29/2025,320,5088,172,1219,4374,-1278,1035,3470,-254,-338,5088,172,1092,3825,4542,106,5876,1251,1986,688,-348,-5947,-6242,-8550,-2359,-279,-5067,-5947,-6242,-8550,320,5088,172,1219,4374,-1278,1035,3470,261,282,6582,5038,1092,4512,6825,106,7836,10773,1986,2086,12491,683,3641,24746,138,3546,14981,738,3641,24746,-214,129,-1088,129,-2626,129,-214,129,7364,6670,11110,749,4871,7480,-6920,-8820,-536,-5665,-6920,-8820
9/30/2025,1800,3186,-653,160,1449,-433,260,1889,-522,1800,3186,-653,2311,-4952,-7366,1272,-3854,-3533,-516,-6876,-8391,-865,-105,831,2061,817,-214,-304,-565,831,1800,1655,1120,160,1449,1120,260,1889,1730,1307,1772,2582,2311,-4952,-11874,1272,-5832,-14611,-516,-8296,-17660,-865,4251,-19687,-942,-966,-20632,-304,4251,-19687,414,3101,1839,3430,1794,2402,414,3101,-1869,-5767,-2960,-2130,-5470,-7387,-4940,-8930,1422,1502,-5400,-8930
10/1/2025,871,1817,2286,928,1812,2286,958,1812,2286,831,1817,2286,-1655,-5973,-8793,1877,58,3476,2999,4739,1298,10491,16551,10808,209,-476,4365,10266,16551,10808,871,2315,4440,928,2310,4440,958,2310,4440,206,-1140,-3011,-1655,-6293,-14373,1877,58,4057,2999,4739,2577,10491,23665,49058,984,4288,2577,10266,23665,49058,1877,3485,1872,3485,1872,3485,1877,3485,-5754,-8628,3418,4693,4747,3872,22264,14320,-127,375,22059,14320
10/2/2025,45,-1520,-4665,320,-1520,-4665,-340,-1520,-4665,770,-833,-4665,3431,1968,-1645,480,-3230,-7932,3005,-3447,-6450,2092,-6268,-4481,965,2310,1559,1642,-6268,-4481,45,-1520,-3694,320,-1520,-3694,-340,-1520,-3694,-425,-2111,-1501,3431,5337,6843,480,-2320,-8719,3005,-567,-4528,2092,-15230,-58677,2835,-111,-4528,1642,-15230,-58677,-1924,-4028,-1672,-4028,-1672,-4028,-916,-4028,-476,-4408,-6670,-8780,-3985,-8910,-6640,-5437,1310,1157,-6640,-5437
10/3/2025,1320,20,-3493,155,25,-3773,1325,465,-3413,1145,1385,-3493,-455,-1798,-7435,2555,5445,7746,330,4447,5132,4880,5057,5939,-680,-983,-2739,4795,4662,13295,1320,20,-2313,155,25,-2858,1325,465,-2498,-1170,2040,-2271,-455,-1798,-3777,2555,5445,8915,330,4447,3920,5885,8605,18554,285,5302,8265,5800,8075,20656,-1355,-80,-495,-80,200,-2565,-1355,-80,-4062,-6964,2675,10522,2000,2645,11457,18238,1951,-3025,11457,18238
10/6/2025,2775,1698,4185,2419,1688,4185,3589,1863,4185,3881,1158,3862,3917,7045,8979,2845,99,-1683,4047,938,-2790,1440,-600,-7830,1066,3497,4012,1440,-600,-7830,2775,1698,5253,2419,1688,5253,3589,1863,5253,3953,2612,10853,3917,8033,14529,2845,99,-1683,4047,938,-2972,1615,-9583,-58065,4951,938,-2972,1615,-9583,-58065,-25,7155,945,7155,945,7155,-25,7155,2929,8906,-254,-4047,-3067,-4720,-4375,-7315,3999,5603,-4375,-7315
10/7/2025,3505,2150,-688,3419,1821,-491,3613,2016,-500,3855,5425,-688,2726,599,-5401,3935,10742,3843,5115,3161,9245,4120,569,-8068,1748,-763,-124,4120,569,-8068,3505,2150,-412,3419,1821,-421,3613,2016,-224,3855,5425,1526,2726,1536,2997,3935,10742,10024,5115,3293,11540,5082,13070,21423,5185,2170,9925,5082,13070,21423,-4602,-7260,-4657,-7260,-4657,-7260,-3242,-7260,1287,-226,915,-2209,2800,-5912,-5635,-8570,5130,5785,-5635,-8570
10/8/2025,325,-725,-2704,107,-689,-2669,-345,26,-2048,1447,-725,-2704,-5230,-6816,-7541,-1602,-2615,-6747,-1265,-2690,-7779,8287,10725,17954,-433,-991,-978,8287,9875,17954,325,-725,1225,107,-689,1012,-345,26,920,-327,-4153,-9432,-5230,-11186,-23126,-1602,-2615,-6302,-1265,-2690,-7190,8287,21216,49948,-1599,-3540,-7190,8287,20366,49948,2385,3778,2669,3788,2767,3606,2385,3778,-6901,-8911,347,1023,1544,2644,13292,24626,-836,-60,12442,24626
10/9/2025,1702,3868,5563,2687,4721,7025,2907,6585,4724,740,3478,4258,633,4971,2733,992,4214,13111,2042,8001,10035,2206,1179,-5528,370,860,5132,2206,1179,-5528,1702,3868,8604,2687,4721,9616,2907,6585,5240,300,6005,12387,633,6098,13021,992,4214,13332,2042,8001,11844,2206,722,-2892,2200,9106,11101,2206,722,-2892,5098,7289,5098,7289,5098,7289,5098,5578,4087,3639,3835,8258,200,3126,-6694,-4376,-265,3816,-6694,-4376
10/10/2025,2880,5420,8815,2576,4801,7822,2371,4777,7807,3032,3245,8101,-1230,1373,-3568,2765,5350,4537,2915,5470,5820,13863,-6955,-8955,5580,3542,-4511,13893,-6955,-8955,2880,5420,8815,2576,4801,8536,2371,4777,8521,3032,3245,4881,-1230,1373,-5472,2765,5350,4537,2915,5470,6783,13863,24245,44316,5580,6730,7735,13893,23920,39521,6078,10885,5079,9715,5266,10378,5612,6718,-436,-3722,5987,7715,8083,22306,-6325,-8810,-60,-4946,-6325,-8810
10/13/2025,-810,-822,-4894,-1205,-2056,-4894,-665,-2096,-4894,1865,3128,-4894,3567,3937,6235,2465,5886,11580,3707,4615,8302,3494,2869,-158,2481,316,3953,3289,2869,-158,-810,-822,-4545,-1205,-2056,-4545,-665,-2096,-4545,795,-294,337,3567,3937,8206,2465,5886,12314,3707,4615,9806,3494,5708,16892,4332,4040,11246,3289,5708,16892,-3320,-3959,-3605,-3959,-3605,-3959,-2499,-3959,3142,4078,6259,12019,4408,4734,3252,-1027,629,2897,3252,-1027
10/14/2025,1615,3175,-5172,2540,3405,-5172,2545,3462,-5172,1985,2390,-5172,3690,1990,1912,630,4338,9208,960,10304,12358,909,1125,-4262,1986,-130,2368,909,1125,-4262,1615,3175,-1358,2540,3405,-1328,2545,3462,-1368,1000,-1570,-3552,3690,3295,4625,630,-1921,-6576,960,4665,-6055,909,-2419,-23952,475,2410,-4495,909,-2419,-23952,896,-420,901,-420,896,-420,381,429,-500,-8790,920,8833,416,15736,-3363,8154,4080,-7835,-3363,8154
10/15/2025,900,5245,-2017,1890,5392,2537,1724,7852,5290,-195,5245,-2017,1222,1785,8957,365,-157,-8257,1040,1112,-8957,1396,-6735,-8300,-2015,-2178,-2667,1396,-6735,-8300,900,5245,4276,1890,5863,6926,1724,8257,10212,-530,4375,4601,1222,2416,11183,365,29,3803,1040,3447,2398,-27,1266,7457,1080,2430,4893,-87,876,5505,8392,1005,8938,749,8662,1505,7717,1005,5975,4829,213,-8742,2109,-8535,-7000,-8827,-550,-1044,-7000,-8827
10/16/2025,1740,4265,1261,1570,3101,4071,3570,4981,2590,1765,3578,1261,-1140,-2923,-1620,440,-1199,314,-105,-4573,2266,4830,-6965,-8958,-3390,-2908,-62,4755,-6965,-8958,1740,4265,602,1570,3101,3412,3570,4981,7634,1765,3190,1768,-1140,-3293,-7988,440,-2143,-5283,-105,-1353,-4188,4830,5190,-1745,835,-173,-2042,4755,6235,-3965,2478,7819,2388,9487,4546,11014,598,8049,1853,-2413,3817,10208,-6500,3643,3974,-8790,-2188,-447,3974,-8790
10/17/2025,865,-1136,-5784,1595,-2077,-8425,785,-3287,-8923,665,-1136,-5784,4351,7867,12148,3883,7288,2115,7109,9669,10542,8580,19111,20895,4479,-1112,266,9250,19016,23095,865,-1136,-6900,1595,-2077,-6754,785,-3066,-5485,265,-1240,-8472,4351,7867,11863,3883,7018,3080,7109,9727,13035,8580,21390,38667,5899,7577,10875,9250,21295,40867,-3992,-8744,-3932,-7637,-4596,-7637,-3992,-8744,6485,17348,4692,6346,11396,13058,16363,13922,1110,5388,16268,16182
10/20/2025,2815,8276,5994,4401,6915,6099,3609,6109,5705,1365,8326,5994,2130,3890,-4387,2306,9124,4453,2846,11102,8952,-785,9485,7199,-680,-1816,-6870,-221,9485,7199,2815,8276,7039,4401,6915,7144,3609,6109,7096,1980,9018,7594,2130,7402,8777,2306,9124,5549,2846,11102,5416,-269,19968,-12752,2182,8343,5416,-221,19968,-12752,-2545,-1528,-2322,-1528,-3023,-1528,-2545,-1528,-30,-5855,4068,-1053,3219,-673,7951,934,1946,-7820,7951,934
10/21/2025,520,-3865,-3011,-305,-2730,-4543,1280,-2960,-4543,520,-3865,-3011,4559,9136,8767,2982,3257,5809,3527,5424,3128,-2155,-1991,-241,-683,-141,-2716,-2350,-1991,-241,520,-3865,-4460,-305,-2730,-6110,1280,-2960,-6110,1905,953,-861,4559,9151,13236,2982,2446,4296,3527,4892,4059,1815,-6745,-24886,4271,8622,7179,2560,-6745,-24886,-2890,-4944,-1645,-4944,-1215,-4944,-2890,-4944,3629,1885,1120,-2675,-650,-7860,-6880,-6880,-3875,-7430,-6880,-6880
10/22/2025,1770,3910,9300,2930,5265,10045,3040,5411,10614,1870,3923,10670,-565,-2822,-5169,1320,340,-3635,3380,3360,5016,7785,16293,9977,4006,4249,-6540,7712,18762,8857,1770,3910,9300,2930,5265,10204,3040,5411,10773,1400,2568,6508,-565,-1262,-7248,1320,340,-4925,3380,3360,1759,7785,18602,18571,3626,6065,2050,7712,10133,16496,8149,17363,7037,17562,7046,17740,6158,18491,-5525,-7545,200,5719,4505,12031,18006,17203,3509,-7360,18006,17203
10/23/2025,3060,2947,4923,2622,2540,4803,2727,3045,4921,2715,2947,4923,492,-3506,-7897,962,1462,303,3802,7018,4060,6536,1478,956,505,1431,646,5991,1478,956,3060,2971,6945,2622,2564,6825,2727,3045,7069,2180,1389,4843,674,2604,-1488,962,1462,1267,3802,7018,5250,6536,5905,20819,2686,6087,4333,5991,5905,20819,2836,4581,2836,4379,2712,4911,2424,4581,-3730,-8580,4647,-3013,4922,-4707,-1184,1289,3472,1961,-1184,1289
10/24/2025,3670,5850,1020,3655,2935,1020,1365,20,1020,3015,5850,1020,3498,6341,10137,6118,8796,3587,4434,6060,2537,3536,3416,-3028,3392,4980,4138,3611,3416,-3028,3670,5850,1020,3655,2935,1020,1365,20,1020,2275,2245,3719,3498,8797,18225,6118,8796,2692,4434,6060,3387,2391,-331,-51909,3579,3780,3387,1921,-331,-51909,1340,-3470,1340,-3470,-205,-3470,1340,-3470,3305,3343,-124,-468,-735,-3670,-5497,-8196,2605,-1355,-5497,-8196
10/27/2025,-562,1556,950,-547,1556,950,-617,1556,950,-562,1556,950,-4633,-3242,-1887,-3147,-4451,-770,-2904,-2673,-7975,7271,8800,11753,-2695,-6580,-7025,7271,8800,11753,-562,1608,6092,-547,1608,6092,-617,1608,6092,-1360,-289,-3061,-7390,-12045,-22073,-3147,-4451,-1297,-2904,-2673,-5791,9965,29804,72183,-2459,-2532,-5791,9965,29804,72183,1441,1850,1441,1850,1636,1850,1441,1850,-5400,-7473,-291,1021,-753,-2405,11336,9709,-5510,-7745,11336,9709
10/28/2025,970,450,5299,965,345,5299,1895,1325,4571,2030,1700,5495,-2055,-6680,-8543,2039,1035,-625,4985,-3184,2661,7145,10290,4239,-940,1666,-431,6150,10290,4239,970,450,6237,965,345,6237,1895,1325,6347,2155,2930,8810,-1420,-3873,-4626,2039,1377,3229,4985,-1801,12647,7186,19554,41193,2255,-2586,14952,6591,19554,41193,3321,9234,3448,9234,4473,9935,3976,10868,-6290,-8800,3565,4097,2233,10628,13475,-5128,157,-7570,13475,-5128
10/29/2025,4060,12035,8580,6580,13155,8693,6905,11049,8693,2500,12035,8580,6000,22917,31075,3922,26580,48010,6617,33972,23794,8140,8256,866,1940,2185,-2414,7910,8596,957,4060,12035,8514,6580,13155,8474,6905,10983,8474,1490,6320,10791,6000,26533,38908,3922,26580,46585,6617,33972,52179,8140,43115,53247,6701,32679,50488,7910,43940,52447,8650,2784,8650,2784,8650,2784,8650,2784,16805,32129,23201,40502,15205,26712,-6073,-6549,620,-2740,-6073,-6549
10/30/2025,1460,1728,-37,1420,1803,-1620,1313,1595,-1625,635,2138,-37,115,-2484,-2233,1260,2353,7065,1385,-1401,-2377,11150,19375,22940,-460,-2505,2007,11150,19265,25612,1460,2990,6043,1420,2815,6153,1313,2870,6148,-1525,-990,-3135,115,-2484,-9348,1260,2353,1150,1385,-1401,-140,11150,23038,42680,616,1819,-1140,11150,22928,41325,1913,6186,1913,6186,1913,6186,2083,6186,-4934,-8572,-2950,-1526,1722,2037,11302,18247,1223,522,11112,16582
10/31/2025,3350,6890,16349,4141,7668,16590,5105,8777,14373,2275,6890,16349,6911,8913,9944,6225,7710,8022,6165,6553,13182,850,-1759,3293,4051,4202,2143,850,-1854,3293,3350,6890,16922,4141,7668,17666,5105,8777,15234,1585,3730,11355,6911,8763,15793,6225,7710,9086,6165,7091,15790,850,2766,10596,4720,8423,13740,850,2671,10596,5946,11668,5936,11474,6976,11474,6041,11668,2618,7855,827,3486,3448,4826,5151,573,2653,9390,5151,573
11/3/2025,-1555,-1735,-165,-705,-845,-1820,-457,-2145,755,-625,-1735,-165,1615,1047,-1964,2102,3909,-1671,2018,816,-3566,-2940,-3999,-6890,-300,-825,1279,-2940,-4885,-6890,-1555,-1735,-4800,-705,-845,-6214,-457,-2145,-3639,2447,1551,1484,1615,1359,997,2102,4151,-145,2018,816,-3303,-4355,-5479,-16968,2018,-115,-3437,-4355,-6365,-16968,-534,898,-234,898,-1684,898,-579,898,-1580,97,-2893,-2413,-5035,-1574,-5890,-5140,-630,613,-5890,-5140
11/4/2025,205,-1025,122,385,-755,-86,340,208,-1760,205,-1025,1292,-4150,-6494,-7231,-1345,-2854,-8525,-2730,-6939,-8440,7255,-6425,-8965,-3915,220,887,6785,-6425,-8965,205,-1025,863,385,-755,674,340,208,-566,-800,-3510,-1111,-4150,-6944,-18266,-1345,-2854,-8240,-2730,-5449,-14725,7255,8254,24617,-1030,-2515,-14725,6785,7514,24617,-170,-1093,-165,-219,-170,-219,-170,-1093,-6090,-7867,-3390,-8905,-6603,-8785,-6995,-8645,-6430,450,-6995,-8645
11/5/2025,1974,3060,2559,2210,3180,2559,2325,3020,2899,1454,3060,2559,5050,6515,12147,3705,5092,6916,6825,6095,7241,5591,791,-3429,2794,3443,6536,4550,791,-3429,1974,3144,-68,2210,3264,-68,2325,3104,-68,1559,110,785,5690,11160,21486,3705,5092,7299,6825,6095,8072,5591,1613,-22122,7763,3335,7750,4550,1613,-22122,1712,1265,1802,1265,1802,1265,1712,265,7595,10318,4638,7825,3474,12829,-790,-8732,4717,10791,-790,-8732
11/6/2025,5890,9881,12285,5740,8766,11480,5887,9426,11234,4205,8996,10680,6602,9692,13674,6396,11964,20029,7599,14388,33845,5922,10472,19916,2961,5501,5146,5922,10322,14609,5890,9881,12285,5740,8766,12815,5887,9426,12740,4245,8781,13564,6602,8973,23013,6396,11964,17305,7599,14388,31100,5922,7055,12474,6614,10829,22682,5922,7271,14326,2805,2944,2740,4252,3032,2224,2285,2944,9239,10221,6745,10068,11517,21060,2506,4831,6471,10846,2466,4831
11/7/2025,2408,7109,15985,2473,7638,17380,2412,7336,17341,2794,4941,11635,2321,6485,2583,1839,2496,6038,1159,3654,8810,4979,12369,10215,4084,4636,1800,4979,12144,11695,2408,7109,15985,2473,7638,17638,2412,7336,17599,2794,5712,16450,2321,5173,1981,1839,938,-1457,1159,3654,-554,4979,12369,28967,4083,3661,-1005,4979,12144,29562,5614,12124,5819,12024,6244,11844,3604,7900,-745,1073,399,4157,7205,6819,9046,-2054,5894,5356,8861,-2054
11/10/2025,1834,4913,12557,1085,3410,12537,715,3203,12572,1014,3228,12557,1221,-634,-3239,516,706,3781,1839,6689,10150,3078,15767,33461,2610,3374,891,2653,14982,33001,1834,5448,7781,1085,2641,7761,715,2436,7796,1030,1339,4348,1221,-634,-1415,516,706,4152,1839,6913,10445,3698,12352,49011,1059,4765,12965,3273,11567,48551,3959,11611,2349,11611,1572,11611,2274,11611,-1209,-2853,1673,7570,6731,8862,21916,30806,3391,3851,21131,30346
11/11/2025,3498,2747,3894,3268,2854,3134,2116,4221,2757,3677,2747,3894,4060,7768,11005,1240,2513,-1352,2270,-3595,-2647,-3065,-3135,-2309,1570,5267,6524,-3065,-3135,-2309,3498,2747,-860,3268,2854,92,2116,4221,-1436,3677,4117,7977,4060,8822,16614,1240,3010,-7447,2270,-1460,-12437,-2910,-15155,-71912,1720,-2090,-11820,-2910,-15155,-71912,1956,846,1956,846,1822,846,1956,846,5963,3915,-1960,-2702,-5595,-7990,-3360,-3499,1515,752,-3360,-3499
11/12/2025,375,-246,3774,450,-522,4216,1405,828,4121,50,-246,3774,5555,14464,35762,4922,13456,26616,6790,14052,33143,4120,1413,2155,3159,8670,12352,4120,3668,1305,375,-246,2934,450,-522,2882,1405,828,3282,785,-1720,-398,5555,14464,35549,4922,13862,31164,6790,14052,36012,4120,2922,18680,7055,15080,40075,4120,4387,17880,3630,-2629,3745,-829,3578,-3979,3630,-2629,21813,29958,10535,2901,18601,29782,-3140,1708,6212,-765,-3140,908
11/13/2025,1510,-608,-5604,1390,-678,-4722,1399,-2216,-6510,1175,-1108,-5604,-600,-2377,-3565,6860,9703,10635,4165,3265,6267,14415,19106,-2319,-615,-2975,-180,14335,18756,-2319,1510,-608,-7729,1390,-678,-8245,1399,-2216,-8434,510,-1445,-5166,-600,-2610,-3129,6860,9703,10807,4165,3265,3343,14415,25753,18592,3580,3386,4369,14335,25403,18202,-1555,-3745,-1555,-3800,-1758,-3800,436,-3745,1110,-9000,7896,11135,2770,11827,11860,16299,-4324,793,11860,16443
11/14/2025,2696,5671,5333,2522,4554,3153,2675,4609,3924,1385,5517,8612,4170,1897,-460,1890,106,3676,885,5648,1244,5381,9125,-5214,855,1091,-1709,6127,10185,-5214,2696,5671,5388,2522,4554,3153,2675,4609,4142,1385,4798,9500,4170,2525,5167,1890,106,-1115,885,4399,-3589,5381,7796,-24464,680,2745,-8271,6127,7988,-23844,5782,6008,5347,5121,5282,4885,5155,6008,4544,2000,-1110,-5836,4234,-696,3575,-6684,3164,-696,3575,-6684
11/17/2025,1830,981,4708,3759,4128,5122,670,3052,6960,2744,981,4708,2922,7339,8436,1610,2060,3905,1814,-322,1501,-290,-4124,2031,1886,2316,-1311,-1445,-4174,-2075,1830,1445,4439,3759,4625,4699,670,3052,6517,2160,3275,1939,2922,7339,10499,1610,2060,3905,1814,-322,1501,325,-1894,-6091,791,-1849,-2500,-95,-2134,-5051,4780,5798,5075,6162,5137,7401,4780,4968,6862,10881,3130,5953,7598,-1883,6030,1745,1454,-382,6030,1500
11/18/2025,2185,4119,12296,1987,6225,11136,-55,1424,8077,975,2920,6211,3903,9133,10979,5253,6727,8962,3709,2077,-239,1566,-3934,-7190,4861,3426,10079,1566,-3994,-7668,2185,4119,12296,1987,6225,11136,-55,1424,4394,975,2560,986,3903,9133,14675,5253,6727,8962,3709,2077,239,1566,-3934,-36000,5394,3806,2170,1566,-3994,-34363,3618,8680,2823,10157,5643,5793,3878,6854,5165,14473,3315,15433,938,3890,-6831,-5570,1542,5624,-6831,-5570
11/19/2025,5242,6094,6948,3336,8285,9800,5202,8533,10086,3832,4184,8953,5544,8506,22416,4071,2121,11378,1725,4191,14447,895,-1366,-5345,2910,9065,143,790,-1391,-5345,5242,6094,8219,3336,8285,10629,5202,8533,10912,3832,3710,14317,5544,9370,22065,4071,2121,8232,1725,4626,15840,895,-1680,-7040,2545,4964,13669,790,-1705,-5860,5348,12746,7565,13196,7494,12503,4939,9781,10490,19438,7105,2018,4149,8362,-2780,-6170,5980,-622,-1505,-6170
11/20/2025,1600,535,-440,905,815,-1883,650,-530,-198,1545,-175,-440,1481,2470,-7023,3105,8945,4618,4434,4311,-6909,10350,24717,-7377,-1614,-2432,-1172,9945,24352,-7377,1600,535,2260,905,815,1595,650,1405,2125,1545,-720,-225,1481,2470,-3023,3105,8945,6527,4434,4756,8550,10350,24717,39470,2515,3335,6412,9945,24352,36344,2320,894,2710,519,2075,-936,1520,894,1651,-7846,8796,7094,2951,8877,26132,42755,1495,-170,26132,42680
11/21/2025,3875,4785,4923,3775,3926,5049,2895,2604,4784,1900,5500,4227,3685,7025,8213,2875,2339,1786,6625,7272,1642,2775,4769,-8948,3940,4430,-1142,2720,4769,-7242,3875,4785,4098,3775,3926,4085,2895,2797,3959,1200,5985,4233,3685,7025,9352,2875,2339,-2993,6625,7272,1058,2775,10020,-9360,6540,8715,6599,2720,10020,-4460,7095,11416,5171,11361,5184,11251,6855,7615,8000,14252,2820,4043,6051,10993,-2290,-5360,6084,3973,-2290,-5879
11/24/2025,1880,2399,3608,1795,2184,5054,1700,3647,3555,580,4739,3608,-2896,-6315,-8310,1120,6890,1132,2370,8758,9561,12461,30915,37183,76,-913,-1485,12026,30915,37183,1880,2399,4857,1795,2184,5054,1700,3647,4804,580,1086,3295,-2896,-2683,-7089,1120,7054,3418,2370,9045,10847,12461,44798,70136,2235,8809,12022,12026,44798,70136,2911,2928,2896,2928,3426,3043,2911,2928,-6200,-8931,3237,9183,-120,6974,44549,28821,-3300,-1101,44549,28821
11/25/2025,1825,5597,-1104,1570,1475,-1264,1538,1418,-1606,425,4471,-1104,-2425,-6841,-7997,-1230,-6207,-8996,-2271,-6417,-8812,2742,-6430,-8985,-1245,-1084,-426,2742,-6435,-8015,1825,5597,3797,1570,1693,3637,1538,1813,3512,-50,2504,-1907,-2425,-2945,-2593,-900,-6147,-13932,-1520,-3732,-11085,3339,5944,5931,-130,2284,-1930,3339,5939,5591,4794,5802,3255,5436,3385,5184,2988,2680,-6095,-7737,-6635,-8950,-6730,-8725,-6915,-8875,-1223,-7920,-6915,-8875
11/26/2025,175,-2599,-2569,-1410,-1963,-4568,-290,-499,-3703,-3,-2164,-2569,3500,1793,-6404,1080,872,-2669,1287,2851,-3289,4020,-1237,-3663,427,1512,-5389,3815,-1237,-3663,175,-2599,-3442,-1410,-1963,-4318,-290,-499,-3453,557,341,-2314,3500,1592,303,1080,-1669,-10098,1287,-494,-8633,4327,-12902,-45707,577,801,-8733,4122,-12902,-45707,-4040,-2030,-3995,-2030,-4040,-1030,-3240,-2030,1308,-7405,-4269,-4538,-675,-6990,-1751,-6168,-67,-7785,-1751,-6168
11/27/2025,3175,5845,7061,3175,5845,7061,3175,5845,7061,1465,5845,7061,3570,6880,7331,5940,11170,16155,7395,13835,19595,7335,7885,10640,3330,2735,3186,7335,7885,10640,3175,5845,7555,3175,5845,7555,3175,5845,7555,1465,4920,7555,3570,6880,9306,5940,11170,17080,7395,13835,21475,10595,20530,32890,7080,13835,21475,10595,20530,32890,-1985,-2770,-1985,-2770,-1985,-2770,-1985,-2770,5520,3650,-2290,-1750,-2980,-1800,-5845,-5005,-915,4795,-5845,-5005
11/28/2025,530,974,3068,505,1134,3068,410,1149,3068,530,974,3068,-208,-1063,-4077,705,2286,-172,2565,4540,419,6450,8093,11016,453,1052,887,6245,8093,11016,530,974,4814,505,1134,4814,410,1149,4814,-485,49,-580,-208,-1063,-3465,705,2286,3854,2565,4944,7544,6450,11614,30079,1108,4944,7544,6245,11614,30079,1990,3238,1990,3238,1990,3238,1990,3238,-572,-1630,2280,3963,4450,3945,8050,9674,3605,4121,8050,9674
12/1/2025,-687,-448,-2410,-574,-352,-6333,-1080,-184,-6333,-702,-448,-2410,2339,6248,3991,-590,2291,4170,-891,356,5209,-3749,-4827,-4902,388,2889,684,-3889,-4827,-4902,-687,-1657,-7558,-574,-1505,-7558,-1080,-1585,-7558,173,628,-3235,3479,10462,15303,-590,2291,5724,-891,356,2633,-3919,-3645,-21925,-1430,-341,3599,-4059,-4225,-21925,307,-2566,307,-2566,-1243,-2566,307,-2566,1472,482,7085,12766,4372,1940,10686,-1576,1836,-3913,10686,-1576
12/2/2025,2570,3258,-1525,1615,2961,-1854,1247,2423,-2071,2560,3258,-1525,5362,10546,21406,6835,5153,17291,7010,5895,15261,5495,9598,-482,4213,3236,2739,5300,9598,-482,2570,3258,-1207,1615,2961,-589,1247,2423,302,2865,1821,-5494,5362,10546,21406,6835,5153,18149,7010,6201,11297,5495,9063,4054,5983,6404,9239,5300,9063,4054,-3319,-1558,-3997,-2604,-4093,45,-3319,-1558,9394,20481,4731,20103,1892,15160,2086,-6602,4472,10157,2086,-6602
12/3/2025,330,956,-1521,320,1476,-1516,830,1501,-2907,200,2357,-1521,-1610,-5983,-6415,170,-3539,515,1025,440,-8445,4015,-1748,-8459,-735,-2410,-3381,4015,-1748,-8459,330,1436,1056,320,1476,1061,830,1501,1279,565,1125,-3550,-912,-2488,-8043,170,-3405,-5515,1980,2735,-2955,6295,13055,12507,1015,2435,-4605,6295,13055,12507,1011,-2615,1036,-1140,2001,658,1011,-2615,-6840,-8759,-6315,-5375,-3530,-2250,-6045,-8190,-6910,-760,-6045,-8190
12/4/2025,3784,8683,19595,4110,11846,22890,5404,10703,15981,2389,10096,23135,3659,8900,22689,5581,12646,25773,8057,18359,48034,10928,3090,-2001,2763,2765,3500,11568,3090,-2001,3784,8683,20923,4110,11846,23088,5404,10703,17156,2255,8002,23129,3659,9188,27493,5581,12639,31669,8057,19030,54323,10928,20929,80627,6338,16771,54323,11568,20929,82882,5605,7545,6052,7545,5922,7545,5105,7545,13807,26339,8857,10869,14897,25652,1535,-7856,-905,8033,1535,-7856
12/5/2025,2895,5550,-2319,3280,7986,2176,2726,2005,1018,2575,5550,-2319,3564,5595,11612,2389,-226,6683,2516,6803,12196,9687,-5420,-6165,1114,1839,4761,9687,-5420,-6165,2895,5550,-2084,3280,7986,2385,2726,2005,-1245,2555,6640,5304,3564,5595,15552,2389,37,5252,2516,6802,14879,11014,12911,12938,3263,6802,14879,11014,12911,15043,530,351,1065,-2798,1065,-3741,530,351,3555,-737,-3275,-8572,3125,-6670,-2000,-3205,484,524,-2000,-1785
12/8/2025,3005,8848,12270,4883,12095,8370,8235,10277,6681,3775,8848,12270,-1055,-4625,-6695,2490,3590,7814,2861,4892,15411,4571,2776,-4782,875,693,-8890,4571,3756,-4782,3005,8848,11165,4883,12563,9001,8235,10795,6282,2165,4985,10836,-1055,-2792,-3197,2490,3590,7999,2861,4892,15411,4571,15095,23220,1492,4072,13981,4571,15095,25725,6708,6098,6708,6098,6708,6718,6708,6098,-4615,-8465,4887,8820,1471,2170,-3531,-7176,-572,-8465,-2551,-7176
12/9/2025,3230,4014,8146,3419,6041,8146,3889,4624,8146,2980,4014,8146,1602,142,-4751,-935,-1285,-3337,2496,2042,-4243,2258,-1187,694,196,550,-905,2258,-1187,694,3230,4184,7835,3419,6272,7835,3889,4624,7835,1455,3343,13705,1602,3100,1975,-935,-1285,-6219,2496,2101,-3824,2258,-4481,-33773,2009,2101,-3824,2258,-4481,-33773,4615,3555,4615,3555,3085,3555,4615,3555,-4554,-7382,-5415,-5910,-614,-8040,-2420,-6635,3078,-57,-2420,-6635
12/10/2025,-70,-4013,-5636,-75,-3968,-5406,-75,-3968,-5406,-720,-4890,-6204,1509,1371,1251,1493,-1209,-8355,2646,2711,-2055,2465,-6251,-7385,118,1236,3119,-1060,-6251,-6934,-70,-5555,-7163,-75,-5510,-6932,-75,-5510,-6932,-1465,-3047,-12360,1509,1755,2925,1493,-1209,-14815,2646,2328,3853,2465,-10509,-23896,217,-955,-4232,-1060,-10601,-25021,-3015,-3828,-3015,-3828,-3015,-3828,-3515,-4266,3505,6723,-6515,-8995,-6285,-8994,-5995,-7339,2786,1324,-5995,-6124
12/11/2025,-2275,-2155,-4999,-2120,-2312,-7429,-2090,-2731,-7339,-2500,-2155,-4999,-781,-2600,-6065,-1230,-5933,-6390,-2730,-2937,-8986,-955,-5736,-8916,-2365,-930,-3767,-1010,-5736,-8916,-2275,-2155,-2985,-2120,-2312,-4471,-2090,-2731,-4381,-3160,-3470,-6190,-781,455,-8365,-1230,-3240,-9780,-2730,-3447,-10923,-955,2609,-2590,-3550,-2900,-9258,-1010,2609,-2590,-775,-2505,-800,-3405,-1466,-3264,-775,-2505,-2215,-8961,-5643,-8788,-5215,-8795,-7000,-6369,-3189,-7900,-7000,-6369
