,v0-10,v0-20,v0-40,v1-10,v1-20,v1-40,v2-10,v2-20,v2-40,v3-10,v3-20,v3-40,v4-10,v4-20,v4-40,v5-10,v5-20,v5-40,v6-10,v6-20,v6-40,v7-10,v7-20,v7-40,v8-10,v8-20,v8-40,v9-10,v9-20,v9-40,v0-10-unc,v0-20-unc,v0-40-unc,v1-10-unc,v1-20-unc,v1-40-unc,v2-10-unc,v2-20-unc,v2-40-unc,v3-10-unc,v3-20-unc,v3-40-unc,v4-10-unc,v4-20-unc,v4-40-unc,v5-10-unc,v5-20-unc,v5-40-unc,v6-10-unc,v6-20-unc,v6-40-unc,v7-10-unc,v7-20-unc,v7-40-unc,v8-10-unc,v8-20-unc,v8-40-unc,v9-10-unc,v9-20-unc,v9-40-unc,v0-20-cATM,v0-40-cATM,v1-20-cATM,v1-40-cATM,v2-20-cATM,v2-40-cATM,v3-20-cATM,v3-40-cATM,v4-20-cATM,v4-40-cATM,v5-20-cATM,v5-40-cATM,v6-20-cATM,v6-40-cATM,v7-20-cATM,v7-40-cATM,v8-20-cATM,v8-40-cATM,v9-20-cATM,v9-40-cATM
TOTAL terminal $,988673,1474535,1577132,1075490,1685187,1493696,1008796,1323745,1758422,751391,1783311,1956128,1159291,1588098,1788781,1454295,2281709,2702835,1813530,1635008,2283757,1744116,3549320,1414367,897257,1017954,500627,2158303,4363484,3149786,1127619,1708489,2061510,1075490,1651868,2023038,1015697,1550824,1976666,868526,1312331,1601728,1200636,1961336,2351138,1454693,2492737,2905581,1876635,3141082,3803326,3165045,5567940,7331582,1766645,2892701,3544098,3102625,5464103,7224844,1299687,1997348,1344483,2032608,1327991,1956253,1295887,1315344,1290108,1530317,1890827,2546177,1888356,3032490,2552979,2859122,491549,497129,2495086,3946575
AVG terminal/day $,1292,1927,2062,1406,2203,1953,1319,1730,2299,982,2331,2557,1515,2076,2338,1901,2983,3533,2371,2137,2985,2280,4640,1849,1173,1331,654,2821,5704,4117,1474,2233,2695,1406,2159,2644,1328,2027,2584,1135,1715,2094,1569,2564,3073,1902,3258,3798,2453,4106,4972,4137,7278,9584,2309,3781,4633,4056,7143,9444,1699,2611,1757,2657,1736,2557,1694,1719,1686,2000,2472,3328,2468,3964,3337,3737,643,650,3262,5159
MEDIAN terminal/day $,1170,1806,1548,1385,2055,1218,1272,1463,1448,930,2239,1633,1871,1918,-346,1952,2849,2115,2280,246,400,1800,3090,-324,1119,1253,946,2316,5297,0,1425,2129,2147,1385,2032,2170,1300,1955,2125,1050,1505,1740,1920,2802,3120,1945,2833,2991,2285,3040,3633,4415,7845,9420,2180,2920,3579,4381,7726,9420,1645,1980,1821,1999,1540,1807,1712,1311,1362,-224,1930,2074,2060,2167,314,-2314,630,887,1094,-316
RETURN / worst-10day-loss,,119.7,45.6,329.3,171.2,37.0,217.7,101.7,60.8,210.5,111.3,79.9,73.2,69.5,30.7,626.5,101.1,70.4,303.4,199.0,53.9,,176.8,62.6,109.0,53.1,14.6,,342.0,78.4,419.2,86.6,70.9,329.3,91.4,68.4,379.1,82.8,56.8,509.0,77.1,38.2,96.8,46.7,26.2,626.7,173.8,45.0,583.8,244.3,48.5,1878.6,86.9,22.2,544.5,149.9,51.3,2237.2,83.1,22.2,81.2,79.9,76.5,71.9,89.0,73.0,92.0,30.9,33.9,29.3,88.5,68.9,72.8,66.7,53.0,47.2,18.8,12.8,52.2,73.3
WORST 5-day loss $ (~1wk),-2613,-8588,-25090,-5810,-13754,-31590,-5961,-10537,-21969,-2863,-10461,-18225,-13002,-23868,-36720,-15958,-23636,-35839,-16913,-8533,-38665,-874,-21978,-15121,-10225,-17015,-27312,-1554,-15704,-30996,-6250,-15602,-27662,-5810,-14750,-25446,-5278,-13520,-23948,-4010,-14341,-27808,-14667,-37567,-83915,-15958,-29598,-53083,-18481,-29535,-55836,-13887,-61888,-204026,-18045,-29657,-57467,-13887,-63593,-191913,-15116,-26751,-14845,-30438,-15290,-26189,-15269,-33193,-28679,-36968,-23284,-34345,-22645,-41023,-31649,-39511,-22049,-32194,-31300,-37716
  worst 5-day END date,11/2/2023,1/23/2024,4/2/2024,12/29/2023,12/29/2023,4/2/2024,8/20/2025,12/29/2023,4/2/2024,9/12/2025,5/17/2023,11/26/2024,10/29/2024,4/28/2023,10/10/2024,9/10/2025,7/18/2023,9/10/2025,9/10/2025,10/10/2024,8/10/2023,10/4/2023,9/11/2023,9/17/2024,7/19/2023,7/5/2024,7/20/2023,5/17/2023,12/13/2024,4/24/2023,4/3/2024,12/29/2023,1/2/2025,12/29/2023,12/29/2023,1/2/2025,12/29/2023,7/25/2023,1/2/2025,11/2/2023,12/29/2023,4/2/2024,9/10/2025,4/27/2023,4/28/2023,9/10/2025,9/10/2025,9/10/2025,9/10/2025,9/10/2025,9/10/2025,1/17/2024,4/5/2024,4/3/2024,9/10/2025,9/10/2025,9/10/2025,1/17/2024,4/5/2024,4/3/2024,10/28/2024,5/13/2024,7/5/2023,5/13/2024,10/28/2024,5/13/2024,1/26/2024,4/2/2024,8/12/2025,8/12/2025,9/10/2025,9/10/2025,4/28/2023,9/10/2025,3/25/2024,3/25/2024,7/5/2024,3/22/2024,3/25/2024,4/9/2024
WORST 10-day loss $ (~2wk),888,-12315,-34562,-3266,-9841,-40323,-4634,-13016,-28901,-3569,-16025,-24469,-15829,-22847,-58355,-2321,-22579,-38367,-5978,-8215,-42389,1830,-20073,-22606,-8231,-19160,-34285,514,-12758,-40176,-2690,-19724,-29064,-3266,-18074,-29582,-2679,-18737,-34786,-1706,-17015,-41922,-12399,-41975,-89839,-2321,-14342,-64539,-3214,-12857,-78402,-1685,-64076,-330901,-3244,-19299,-69106,-1387,-65781,-324948,-16007,-24984,-17580,-28258,-14916,-26816,-14082,-42505,-38015,-52156,-21376,-36966,-25952,-45433,-48199,-60601,-26159,-38912,-47837,-53809
  worst 10-day END date,1/23/2023,7/25/2023,1/30/2024,1/30/2024,7/25/2023,4/2/2024,8/26/2025,7/25/2023,4/2/2024,10/2/2025,7/24/2023,4/2/2024,12/16/2024,4/14/2023,12/16/2024,7/19/2023,1/29/2024,1/29/2024,1/16/2023,7/24/2023,4/1/2024,7/14/2023,7/7/2023,5/22/2025,7/11/2024,7/11/2024,4/24/2024,5/17/2023,9/14/2023,9/26/2024,1/30/2024,7/24/2023,9/12/2023,1/30/2024,7/24/2023,4/8/2024,8/26/2025,7/24/2023,4/9/2024,1/30/2024,7/25/2023,4/9/2024,7/11/2024,7/11/2024,7/11/2024,7/19/2023,7/19/2023,4/4/2024,1/16/2023,7/19/2023,4/4/2024,9/19/2023,4/5/2024,4/10/2024,7/19/2023,4/3/2024,4/4/2024,1/29/2024,4/5/2024,4/10/2024,7/11/2023,7/12/2023,7/6/2023,5/16/2024,12/7/2023,4/2/2024,7/6/2023,4/2/2024,12/16/2024,12/16/2024,7/23/2025,4/1/2024,9/12/2025,4/1/2024,4/10/2024,2/7/2024,12/11/2024,3/26/2024,4/10/2024,5/17/2023
MAX LOSING STREAK (days),4,5,10,5,6,8,6,6,8,4,5,6,4,6,7,5,5,7,5,7,7,3,8,8,5,5,6,2,5,7,6,4,7,5,6,7,6,6,7,4,5,7,5,6,8,5,5,5,5,6,7,4,5,10,5,5,6,4,5,10,6,8,7,6,6,8,7,6,6,8,7,7,5,7,11,12,8,8,10,10
  losing-streak $,-1120,-7299,-34562,-3594,-12471,-31063,-3586,-2463,-28847,-2464,-10461,-16296,-13761,-21083,-45296,-15958,-23636,-16798,-6918,-10144,-34720,-2000,-26268,-16245,-10225,-9476,-11413,-537,-15704,-37892,-4145,-10890,-25337,-3594,-12158,-29779,-4785,-13708,-28670,-3480,-7653,-36222,-8347,-38904,-66305,-15958,-29598,-40318,-7970,-14559,-63084,-16434,-60474,-330901,-18045,-29657,-56466,-15864,-60664,-324948,-15837,-15391,-20165,-26016,-15903,-15203,-19482,-15096,-25827,-41627,-15601,-20441,-14045,-44278,-52983,-64554,-22925,-42190,-47837,-52904
  losing-streak END date,4/3/2023,3/10/2023,1/30/2024,10/28/2024,4/3/2024,1/30/2024,10/28/2024,6/5/2024,4/2/2024,9/8/2023,5/17/2023,10/23/2024,7/18/2023,7/18/2023,7/21/2023,9/10/2025,7/18/2023,4/5/2024,4/28/2023,1/16/2023,11/20/2024,8/8/2023,4/9/2024,4/9/2024,7/19/2023,6/5/2024,7/17/2025,5/9/2023,12/13/2024,4/24/2023,8/20/2025,4/3/2024,4/2/2024,10/28/2024,4/3/2024,4/2/2024,10/28/2024,4/3/2024,4/2/2024,3/31/2023,5/17/2023,1/30/2024,9/24/2025,4/28/2023,1/30/2024,9/10/2025,9/10/2025,1/29/2024,1/24/2025,10/10/2024,4/5/2024,9/11/2023,4/3/2024,4/10/2024,9/10/2025,9/10/2025,4/8/2024,9/11/2023,4/3/2024,4/10/2024,10/28/2024,11/24/2023,7/6/2023,7/6/2023,10/28/2024,11/24/2023,7/6/2023,12/3/2025,9/13/2023,9/15/2025,11/29/2023,4/20/2023,12/27/2023,9/11/2025,7/12/2023,2/9/2024,9/15/2025,10/29/2025,4/10/2024,2/7/2024
MAX WINNING STREAK (days),28,24,13,25,20,12,15,12,11,15,24,15,22,16,10,26,18,16,31,11,16,31,9,11,10,16,11,59,20,11,26,20,16,25,20,16,23,16,16,27,15,12,22,17,14,26,26,22,26,19,19,20,16,8,19,16,19,20,16,8,22,11,25,12,17,12,32,12,16,10,20,22,18,13,15,7,10,10,15,13
  winning-streak $,53085,76356,74745,51133,69161,71304,36752,33785,84225,23197,82834,137394,79104,74496,144714,87857,94146,227967,140916,58272,181976,75983,90696,100547,10787,81341,24457,200803,170524,196370,52620,77472,134445,51133,69243,125913,51763,53583,119199,44938,42876,65918,83064,102079,223157,87857,185937,300695,122554,180479,329103,126048,253628,266555,65809,122259,293571,122108,248002,252453,103454,49353,109997,110178,78574,123614,142957,71239,123683,102512,154271,253445,100686,169941,230087,158041,26865,34138,193810,254960
WORST single day $,-2180,-6890,-8998,-4455,-6994,-8820,-4642,-5994,-8997,-1000,-6939,-8135,-5995,-6995,-9000,-5320,-7000,-9000,-5987,-2000,-9000,-1000,-7000,-3995,-6000,-7000,-9000,-3980,-7000,-9000,-4455,-8671,-13855,-4455,-8671,-13855,-4455,-8130,-14359,-3630,-8355,-16855,-8916,-18715,-37315,-5320,-12020,-28085,-7390,-14685,-31085,-11120,-32815,-87160,-7725,-13580,-31085,-11120,-32815,-87685,-6185,-9000,-6270,-9000,-6185,-9000,-6772,-9000,-7000,-9000,-7000,-9000,-6997,-9000,-7000,-9000,-6985,-9000,-7000,-9000
  worst day DATE,12/26/2023,10/31/2023,9/20/2023,10/31/2023,1/23/2024,4/2/2024,10/31/2023,12/22/2023,9/20/2023,9/2/2024,1/23/2024,1/2/2025,4/27/2023,4/13/2023,7/13/2023,9/4/2025,1/19/2024,12/10/2024,8/8/2023,6/11/2024,4/13/2023,11/22/2023,12/10/2024,10/31/2023,9/4/2025,1/29/2024,12/12/2023,2/8/2024,10/12/2023,7/24/2023,10/31/2023,7/24/2023,12/22/2023,10/31/2023,7/24/2023,12/22/2023,10/31/2023,9/28/2023,7/24/2023,10/31/2023,1/2/2025,12/22/2023,3/31/2023,3/31/2023,3/31/2023,9/4/2025,6/18/2025,5/22/2024,8/8/2023,8/8/2023,8/8/2023,10/17/2023,5/22/2024,5/22/2024,9/4/2025,8/8/2023,8/8/2023,10/17/2023,5/22/2024,5/22/2024,6/4/2024,5/22/2023,6/19/2025,5/22/2023,6/4/2024,5/22/2023,1/22/2024,5/22/2023,12/12/2023,4/25/2023,8/11/2025,9/11/2023,5/16/2024,7/6/2023,9/11/2023,5/15/2023,5/6/2024,3/27/2023,1/25/2023,5/15/2023
BEST single day $,9482,11335,30677,8934,15854,29902,8445,12844,28858,6429,15093,29124,12663,20279,55910,10802,23760,48399,15035,27063,183457,12970,42963,47811,9590,12493,25607,18095,31981,63104,8508,16801,30896,8934,15854,32615,8663,18864,30713,8823,12175,28136,12663,27923,57875,10802,29917,65131,16755,33992,79993,20809,50088,115227,16900,33484,79350,20569,50088,114207,12618,29062,16027,34385,21016,28052,14405,21773,29047,50048,26657,43693,26313,71933,47212,80613,17996,20672,39768,201458
  best day DATE,10/18/2024,10/29/2025,2/1/2023,2/28/2023,6/12/2024,2/1/2023,6/12/2024,12/8/2025,9/17/2025,10/18/2024,10/19/2023,2/7/2023,7/5/2023,10/29/2025,6/12/2024,6/12/2024,3/18/2025,3/18/2025,1/29/2025,3/18/2025,4/9/2025,8/13/2025,3/28/2025,4/9/2025,4/14/2025,6/14/2023,2/7/2023,7/18/2025,9/26/2023,2/9/2023,3/18/2025,10/19/2023,5/7/2025,2/28/2023,6/12/2024,2/7/2023,4/29/2024,6/12/2024,5/7/2025,10/18/2024,4/29/2024,5/7/2025,7/5/2023,10/29/2025,6/12/2024,6/12/2024,6/12/2024,6/12/2024,4/22/2025,10/29/2025,1/29/2025,3/14/2024,10/14/2024,10/3/2023,4/22/2025,10/29/2025,1/29/2025,3/14/2024,10/14/2024,10/3/2023,6/12/2024,2/7/2023,7/26/2023,2/7/2023,4/4/2025,2/7/2023,8/9/2023,5/7/2025,6/12/2024,6/12/2024,6/12/2024,6/12/2024,1/24/2023,1/29/2025,2/21/2025,2/9/2023,11/14/2023,5/3/2023,2/21/2025,4/9/2025
opens/day,13.85,18.12,21.89,13.63,16.63,19.15,15.88,18.58,23.09,8.82,16.84,19.41,16.68,18.12,19.49,17.92,20.68,23.07,26.61,17.84,28.28,24.27,32.86,14.53,14.32,11.56,7.21,31.34,37.86,28.99,13.3,16.33,18.9,13.63,16.59,18.99,13.84,16.82,19.07,13.39,16.36,18.82,16.09,19.35,20.95,17.91,22.08,23.98,24.88,30.07,32.01,39.34,47.93,51.35,24.57,29.83,31.91,39.24,47.92,51.34,19.78,21.08,16.66,18.1,19.9,21.2,16.55,18.51,18.75,18.58,21.74,22.11,32.1,32.03,29.98,25.8,9.94,7.24,35.31,29.55
NEG days,123/765,201/765,303/765,178/765,206/765,314/765,204/765,255/765,311/765,240/765,179/765,288/765,220/765,248/765,388/765,157/765,223/765,314/765,181/765,362/765,373/765,134/765,293/765,402/765,236/765,239/765,304/765,69/765,210/765,382/765,157/765,206/765,273/765,178/765,202/765,267/765,192/765,212/765,276/765,171/765,244/765,305/765,218/765,267/765,318/765,157/765,215/765,290/765,172/765,231/765,297/765,170/765,237/765,321/765,175/765,239/765,303/765,174/765,237/765,319/765,253/765,283/765,253/765,287/765,255/765,291/765,248/765,304/765,329/765,390/765,246/765,297/765,273/765,304/765,376/765,439/765,330/765,309/765,354/765,387/765
WIN %,84%,74%,60%,77%,73%,59%,73%,67%,59%,68%,76%,62%,71%,67%,49%,79%,71%,59%,76%,53%,51%,82%,62%,47%,69%,69%,60%,91%,72%,50%,79%,73%,64%,77%,73%,65%,75%,72%,64%,77%,68%,60%,71%,65%,58%,79%,72%,62%,77%,70%,61%,78%,69%,58%,77%,69%,60%,77%,69%,58%,67%,63%,67%,62%,67%,62%,67%,60%,57%,49%,68%,61%,64%,60%,51%,42%,57%,59%,54%,49%
AVG WIN day $,1650,3229,5520,2117,3710,5561,2175,3431,5977,1708,3588,6017,3074,4800,10663,2852,5449,9262,3694,5311,11347,2904,10145,6414,2238,2901,3704,3206,9213,13472,2084,3809,6516,2117,3684,6352,2102,3614,6400,1704,3428,6241,3094,6681,12836,2850,5838,10264,3771,7390,13272,6270,14697,35474,3572,6994,12974,6219,14544,34991,3565,6198,3755,6414,3618,6295,3587,5030,6259,10344,5079,8249,5765,9931,10969,16688,3124,4292,9872,16006
AVG LOSS day $,-560,-1708,-3193,-927,-1868,-3213,-1026,-1657,-3052,-592,-1765,-3152,-2331,-3583,-5723,-1763,-2986,-4666,-1878,-1382,-5772,-614,-4195,-2257,-1196,-2113,-3957,-1009,-3526,-5227,-862,-2024,-4168,-927,-2073,-4247,-971,-2095,-4153,-819,-1927,-4140,-2243,-5090,-10610,-1755,-3314,-6757,-2068,-3453,-8063,-3290,-9188,-26116,-1927,-3260,-8043,-3255,-9286,-26164,-2064,-3476,-2270,-3578,-2015,-3509,-2239,-3285,-4355,-5995,-3007,-4398,-3452,-5052,-4530,-5842,-2619,-4711,-4385,-5395
PAYOFF (win/loss),2.94,1.89,1.73,2.28,1.99,1.73,2.12,2.07,1.96,2.89,2.03,1.91,1.32,1.34,1.86,1.62,1.82,1.98,1.97,3.84,1.97,4.73,2.42,2.84,1.87,1.37,0.94,3.18,2.61,2.58,2.42,1.88,1.56,2.28,1.78,1.5,2.16,1.72,1.54,2.08,1.78,1.51,1.38,1.31,1.21,1.62,1.76,1.52,1.82,2.14,1.65,1.91,1.6,1.36,1.85,2.15,1.61,1.91,1.57,1.34,1.73,1.78,1.65,1.79,1.8,1.79,1.6,1.53,1.44,1.73,1.69,1.88,1.67,1.97,2.42,2.86,1.19,0.91,2.25,2.97
(context) true MAX DRAWDOWN $,-2830,-12864,-38969,-6755,-13754,-46779,-6039,-14518,-34720,-4178,-16943,-31015,-15829,-44946,-65463,-15958,-23636,-47799,-16913,-10144,-66292,-2155,-28647,-31025,-11001,-22240,-53428,-3980,-15704,-55786,-8210,-20934,-44735,-6755,-19284,-42888,-6694,-19827,-46001,-4300,-17015,-56561,-14667,-45579,-117865,-15958,-29598,-85912,-18481,-29535,-103948,-16434,-66172,-354986,-18045,-29657,-97417,-15864,-67877,-351214,-25790,-26751,-24497,-30594,-25402,-29493,-19482,-44193,-63467,-106363,-29855,-52712,-36053,-64924,-72219,-83951,-29871,-60586,-71467,-63688
maxDD 7-day $,-2830,-9776,-30857,-6755,-13754,-31590,-6039,-13346,-26182,-3838,-11159,-22889,-14068,-27372,-45296,-15958,-23636,-35839,-16913,-10144,-46142,-2155,-25142,-19930,-11001,-18399,-34652,-3980,-15704,-37892,-8210,-15602,-31319,-6755,-14750,-30148,-6694,-13708,-28670,-4300,-14341,-36222,-14667,-41606,-83915,-15958,-29598,-53589,-18481,-29535,-63084,-16434,-66172,-266192,-18045,-29657,-57467,-15864,-67877,-260239,-17408,-26751,-20165,-30594,-15903,-29493,-19482,-37055,-34596,-49691,-23284,-35388,-26352,-44278,-39319,-50500,-25224,-40115,-39128,-51101
maxDD 30-day $,-2830,-12864,-38969,-6755,-13754,-46779,-6039,-14518,-34720,-4178,-16943,-31015,-15829,-44946,-65463,-15958,-23636,-47799,-16913,-10144,-66292,-2155,-28647,-29790,-11001,-22240,-48341,-3980,-15704,-55786,-8210,-20934,-44735,-6755,-19284,-42888,-6694,-19827,-46001,-4300,-17015,-56561,-14667,-45579,-117865,-15958,-29598,-85912,-18481,-29535,-103948,-16434,-66172,-354986,-18045,-29657,-97417,-15864,-67877,-351214,-25790,-26751,-24497,-30594,-25402,-29493,-19482,-44193,-49422,-81764,-29855,-52712,-36053,-64924,-72219,-83951,-29871,-60586,-71467,-63688
ret / maxDD30,349.4,114.6,40.5,159.2,122.5,31.9,167.0,91.2,50.6,179.8,105.3,63.1,73.2,35.3,27.3,91.1,96.5,56.5,107.2,161.2,34.4,809.3,123.9,47.5,81.6,45.8,10.4,542.3,277.9,56.5,137.3,81.6,46.1,159.2,85.7,47.2,151.7,78.2,43.0,202.0,77.1,28.3,81.9,43.0,19.9,91.2,84.2,33.8,101.5,106.4,36.6,192.6,84.1,20.7,97.9,97.5,36.4,195.6,80.5,20.6,50.4,74.7,54.9,66.4,52.3,66.3,66.5,29.8,26.1,18.7,63.3,48.3,52.4,46.7,35.4,34.1,16.5,8.2,34.9,62.0
avg peak capital $,2414,2845,5771,1462,3224,5814,1537,2899,7483,1266,4949,7096,1584,3431,7118,1571,3039,7469,1729,3418,6318,2889,3238,6380,1453,4552,5890,4435,7410,8770,1478,3078,7258,1462,3226,7415,1537,3316,7592,2057,3412,6616,1591,3392,7519,1571,3397,7609,1729,3931,8379,2099,3524,9821,1496,3401,7855,2026,3516,9768,2809,5780,2832,5802,2862,5848,2893,6055,2917,5880,2910,5870,5524,5938,2919,5831,2779,5327,4114,10486
ret on capital (daily $/$),0.535,0.677,0.357,0.962,0.683,0.336,0.858,0.597,0.307,0.776,0.471,0.36,0.956,0.605,0.328,1.21,0.982,0.473,1.371,0.625,0.472,0.789,1.433,0.29,0.807,0.292,0.111,0.636,0.77,0.469,0.997,0.725,0.371,0.962,0.669,0.357,0.864,0.611,0.34,0.552,0.503,0.317,0.986,0.756,0.409,1.211,0.959,0.499,1.419,1.045,0.593,1.971,2.065,0.976,1.543,1.112,0.59,2.002,2.032,0.967,0.605,0.452,0.62,0.458,0.607,0.437,0.586,0.284,0.578,0.34,0.849,0.567,0.447,0.668,1.143,0.641,0.231,0.122,0.793,0.492
profitScore ($20-norm),2584,1927,1031,2812,2203,977,2638,1730,1150,1964,2331,1279,3030,2076,1169,3802,2983,1767,4742,2137,1493,4560,4640,925,2346,1331,327,5642,5704,2059,2948,2233,1348,2812,2159,1322,2656,2027,1292,2270,1715,1047,3138,2564,1537,3804,3258,1899,4906,4106,2486,8274,7278,4792,4618,3781,2317,8112,7143,4722,1699,1306,1757,1329,1736,1279,1694,860,1686,1000,2472,1664,2468,1982,3337,1869,643,325,3262,2580
riskScore ($20-norm),-5660,-12864,-19484,-13510,-13754,-23389,-12078,-14518,-17360,-8356,-16943,-15507,-31658,-44946,-32731,-31916,-23636,-23899,-33826,-10144,-33146,-4310,-28647,-14895,-22002,-22240,-24170,-7960,-15704,-27893,-16420,-20934,-22367,-13510,-19284,-21444,-13388,-19827,-23000,-8600,-17015,-28280,-29334,-45579,-58932,-31916,-29598,-42956,-36962,-29535,-51974,-32868,-66172,-177493,-36090,-29657,-48708,-31728,-67877,-175607,-25790,-13375,-24497,-15297,-25402,-14746,-19482,-22096,-49422,-40882,-29855,-26356,-36053,-32462,-72219,-41975,-29871,-30293,-71467,-31844
GOV lossMax $,-6000,-7000,-9000,-6000,-7000,-9000,-6000,-7000,-9000,-1000,-7000,-9000,-6000,-7000,-9000,-6000,-7000,-9000,-6000,-2000,-9000,-1000,-7000,-4000,-6000,-7000,-9000,-6000,-7000,-9000,,,,,,,,,,,,,,,,,,,,,,,,,,,,,,,-7000,-9000,-7000,-9000,-7000,-9000,-7000,-9000,-7000,-9000,-7000,-9000,-7000,-9000,-7000,-9000,-7000,-9000,-7000,-9000
GOV worst floor HELD $,-2843,-6890,-8998,-4680,-6994,-8990,-4811,-6740,-8997,-1000,-6995,-8995,-5999,-6998,-9000,-5965,-7000,-9000,-5995,-2179,-9084,-1000,-7000,-4000,-6000,-7000,-9000,-5975,-7000,-9000,,,,,,,,,,,,,,,,,,,,,,,,,,,,,,,-7000,-9000,-7000,-9000,-7000,-9000,-7000,-9000,-7000,-9000,-7000,-9000,-7000,-9000,-7000,-9000,-6990,-9000,-7000,-9000
GOV days over cap,0,0,0,0,0,0,0,0,0,0,0,0,0,0,0,0,0,0,0,0,0,0,0,0,0,0,0,0,0,0,,,,,,,,,,,,,,,,,,,,,,,,,,,,,,,0,0,0,0,0,0,0,0,0,0,0,0,0,0,0,0,0,0,0,0
GOV covers deferred,0,0,180,0,12,303,0,0,78,742,8,57,6,67,1560,2,313,1128,27,4279,9145,1431,779,972,0,0,0,3,427,808,,,,,,,,,,,,,,,,,,,,,,,,,,,,,,,4,22,9,30,4,22,21,79,340,1849,489,1094,1199,3399,1231,1073,0,0,1975,824
GOV offsets bought,0,24,1141,0,175,1037,1,35,2225,27,96,1896,33,143,1983,5,165,1796,21,762,1982,6,968,1500,8,114,726,2,936,3116,,,,,,,,,,,,,,,,,,,,,,,,,,,,,,,191,1571,247,1626,212,1680,224,884,304,1150,292,1093,225,1238,716,2438,62,628,589,2665
GOV offset spend $,0,7370,433304,0,73343,417035,203,8374,1012441,8736,39925,923314,12433,37917,818726,1433,55082,789290,7351,276615,720757,1214,392704,648768,2560,43517,328575,620,385780,1563607,,,,,,,,,,,,,,,,,,,,,,,,,,,,,,,78519,695343,100677,747705,89092,751685,90186,331459,114775,462185,123273,475208,60552,504121,256425,1097437,22235,276835,190253,1244432
GOV opens blocked,0,18,279,0,70,313,0,2,480,3490,28,611,228,735,3353,3,416,1830,24,6981,3724,8098,11804,27529,37,453,1958,12,7077,19031,,,,,,,,,,,,,,,,,,,,,,,,,,,,,,,305,1153,457,1317,319,1172,435,639,1449,3079,651,1740,846,2156,16108,21924,775,2402,11926,19150
WING conversions,243,907,2051,517,1449,2276,770,1563,1849,164,1664,1901,1070,1251,2046,828,1138,2122,1347,936,1947,297,1840,1274,853,1723,1545,380,2366,2309,270,1326,2813,517,1530,2882,678,1699,2943,337,1365,2754,1013,2247,2980,828,1947,2725,1444,2483,2845,955,2533,3298,1205,2304,2763,947,2529,3290,900,1449,977,1456,1065,1460,896,1853,1159,1563,920,1416,1044,1353,1195,1664,597,1287,1356,1954
WING spend $,48778,208617,501506,101250,317035,566686,147704,353612,448372,34523,376060,484483,242385,322901,580269,185236,297414,580319,300163,223874,575780,64653,500526,311187,178311,390578,374585,83987,628368,648402,57262,302830,736086,101250,336364,751826,127272,366734,758143,70480,313700,730329,233082,612013,999396,185236,496116,819917,328428,650039,901355,242251,785529,1297833,271655,610844,890165,240681,782178,1296061,204482,390033,228950,397585,237768,390185,216527,482102,308863,459870,234710,389154,279679,381115,340839,495702,145434,336765,382923,582543
WING days active,172,475,615,361,556,623,446,582,572,134,603,572,530,532,565,472,495,590,591,410,555,233,561,470,483,613,533,280,619,586,220,549,671,361,570,669,416,601,673,262,555,675,520,654,714,472,613,676,577,670,694,467,633,708,543,647,688,467,632,708,447,505,473,512,482,508,454,568,465,507,419,483,460,492,406,493,340,484,448,539

DATE,v0-10,v0-20,v0-40,v1-10,v1-20,v1-40,v2-10,v2-20,v2-40,v3-10,v3-20,v3-40,v4-10,v4-20,v4-40,v5-10,v5-20,v5-40,v6-10,v6-20,v6-40,v7-10,v7-20,v7-40,v8-10,v8-20,v8-40,v9-10,v9-20,v9-40,v0-10-unc,v0-20-unc,v0-40-unc,v1-10-unc,v1-20-unc,v1-40-unc,v2-10-unc,v2-20-unc,v2-40-unc,v3-10-unc,v3-20-unc,v3-40-unc,v4-10-unc,v4-20-unc,v4-40-unc,v5-10-unc,v5-20-unc,v5-40-unc,v6-10-unc,v6-20-unc,v6-40-unc,v7-10-unc,v7-20-unc,v7-40-unc,v8-10-unc,v8-20-unc,v8-40-unc,v9-10-unc,v9-20-unc,v9-40-unc,v0-20-cATM,v0-40-cATM,v1-20-cATM,v1-40-cATM,v2-20-cATM,v2-40-cATM,v3-20-cATM,v3-40-cATM,v4-20-cATM,v4-40-cATM,v5-20-cATM,v5-40-cATM,v6-20-cATM,v6-40-cATM,v7-20-cATM,v7-40-cATM,v8-20-cATM,v8-40-cATM,v9-20-cATM,v9-40-cATM
12/27/2022,-1050,-2010,-6070,-1050,-1710,-6070,-1050,-2160,-6070,-510,-1710,-6070,1295,8086,4212,1295,2896,4212,1295,680,4212,-485,1001,2661,1130,2366,3530,-490,1001,4212,-1050,-1710,-6070,-1050,-1710,-6070,-1050,-1710,-6070,-1050,-3390,-6070,1295,3196,5051,1295,3196,5051,1295,1691,5051,-110,1001,5051,1130,1356,5051,-110,1001,5051,-1715,-6268,-1715,-6268,-1715,-6268,-1715,-6268,6976,9479,6606,10981,4336,9629,-861,-3559,3686,5420,-831,-3559
12/28/2022,1850,640,3265,1863,3402,2947,1086,-1451,6048,-535,5123,7502,793,-5298,-8885,2890,-287,4017,1932,-1327,-8859,1125,5240,2745,297,-4,-7278,5236,12529,9834,2877,4530,8150,1863,3681,8150,1999,2936,9730,1974,3508,6345,1988,-1120,-5583,2890,2614,7415,3724,1533,6353,8519,22423,47997,3519,-655,2276,8289,21783,48707,3102,11387,4950,3884,2540,11387,4960,5416,-4177,-7490,4157,8142,-4836,6695,-602,-8990,-659,-3628,-2661,-8990
12/29/2022,3238,9576,2040,3683,9857,4481,3036,8213,5645,3870,9657,4042,1866,10585,2929,4600,14668,10354,6071,13424,21999,3047,9784,-988,2435,-2602,-1450,8140,13319,-392,3555,11457,6418,3683,9857,7068,3713,8472,8068,3045,10317,6738,2316,12101,7052,4600,13871,10762,6059,18225,20684,5371,27074,30500,5592,18225,23034,5371,27074,30500,7841,-3452,5664,-2467,4338,-2452,7284,-3878,12106,1037,14917,1120,16202,11274,7172,665,3017,-1062,20461,665
12/30/2022,1743,204,-4778,1338,-923,-5297,1262,-1002,-7345,1293,232,-6247,8309,2883,-3387,2633,2236,2957,6894,-1975,1748,-280,-2423,-1083,816,7961,5501,860,1833,-1245,1253,1133,-5878,1338,-923,-5878,1262,-923,-5878,478,684,-7290,8633,9217,-1706,2633,-105,-1633,7218,707,-9418,-4456,-10219,-28190,7053,157,-10418,-4456,-10219,-28190,1975,418,2754,418,1975,418,2754,-2694,9576,2642,603,-493,-1787,2296,-3421,-8940,4832,-970,-3404,-8940
1/3/2023,995,-1453,-2788,304,-1132,-3816,-1536,544,-1493,-575,1378,3097,-25,1096,-4526,1691,5458,-4482,-1636,-1105,-3363,-960,1405,-2360,1310,-292,-957,4141,-6338,-6094,75,388,641,304,-1132,2095,-710,-579,-44,660,-547,-2107,-25,1786,6921,1691,2112,-3369,826,-3539,-11339,688,-1914,-17140,856,-2258,-12474,688,-2239,-17905,118,-2477,-1615,2883,118,-2477,-1615,-2047,-386,-4067,1820,128,5125,-2927,-6809,-3941,2149,804,4833,-2460
1/4/2023,954,2632,14809,2252,5036,18052,2426,4108,14467,1360,3316,18114,1604,7209,3071,4116,4860,-644,1259,-1005,3278,1840,1916,2257,454,2543,6000,3471,7150,-4055,1185,531,20262,2252,5036,22997,3162,6004,21321,2800,2646,20427,2476,2798,4976,4116,185,-8448,195,-115,-3000,1935,-7114,-38250,-25,40,-3028,1935,-7934,-38645,5882,17619,5840,19084,5144,17829,6730,14489,3440,8781,-1898,2075,6189,-637,-1237,-7065,1743,5640,-2930,7601
1/5/2023,550,2933,10580,2664,6168,9431,3418,3014,9108,1805,4089,8679,2670,3036,5633,3931,3074,743,2746,8185,9798,2000,4201,2101,1077,2321,5863,1520,2290,2457,2704,6027,11041,2664,6536,11041,3418,7371,12996,994,2839,9818,2670,8291,2158,3931,7188,1238,2855,10019,8979,5085,10622,32257,2499,6967,7279,5085,10622,32257,7494,6606,9718,6606,9638,6606,8484,13498,8970,6327,17504,3815,7571,4619,13830,4657,-92,6810,8108,1008
1/6/2023,890,327,-226,-55,3180,1349,-912,1463,259,-520,2540,1368,-2945,-6164,-8302,30,-1875,-811,298,-1927,-4602,1315,9418,761,405,-2044,-1994,155,7668,5426,-35,3180,2445,-55,3180,2445,-45,3175,2219,-270,2430,2287,-2340,-5805,-11100,30,10,-521,298,393,1013,5660,10252,26646,-75,-62,-1998,5600,10252,26646,2015,1655,5068,3090,2191,1655,4723,2910,-6940,-8945,4510,4976,-717,5716,11639,-8339,-1321,-1717,7878,-8339
1/9/2023,2851,-890,2188,1455,4326,-563,1362,-1271,2488,2380,2054,4887,3571,-3600,-7290,-275,-4210,-7797,-1232,-1995,-8970,-915,-708,844,1215,1998,3392,2585,5347,6974,1460,2490,5577,1455,4326,4743,1575,1994,3965,1519,785,3757,1315,-1189,-8685,-275,-1518,-12038,-589,-3224,-18732,-2000,-7148,-19308,-1512,-5148,-16532,-2180,-8648,-20108,1176,4379,1073,5764,1828,1974,-1310,-3455,-1957,-7045,-3400,-3574,-5135,-8930,-6975,14704,-113,3120,-6660,11008
1/10/2023,-45,-845,-779,-1645,-2235,-2629,-1509,-2245,-3103,-770,-2835,-3103,-697,621,254,991,3108,5607,1474,-222,2702,475,12739,11699,1648,1817,4693,620,12344,7401,-1645,-1395,-1413,-1645,-1395,-1413,-1645,-1395,-1413,-665,-1895,-4033,-875,1818,-5470,991,4925,6518,1474,3391,7714,2400,15087,43845,2054,3694,5919,2400,15087,43845,-1011,86,482,101,-1011,86,482,1130,381,-1385,8638,9675,2583,6722,12175,15202,3171,2835,11582,9276
1/11/2023,-1262,-210,-2702,-570,901,-4587,-1214,-1039,-1155,-575,390,-1155,-5925,-3991,-7260,-3015,-5949,-4059,-3981,-961,-7289,480,14147,12479,-161,-1279,861,120,12732,20662,-505,1066,3153,-570,1066,3153,-650,840,3153,-1145,-2996,-4177,-6455,-12775,-25550,-3015,-2784,-6987,-3981,-3156,-11930,3205,16510,48553,-2041,-3470,-13300,3205,16510,48553,-194,5339,2314,6073,2403,5339,899,-537,-6535,-8180,1351,3833,-3136,-296,13190,24713,-3153,-644,8716,24713
1/12/2023,1190,4960,2649,135,1438,-1225,1525,3769,-3008,1515,1737,-2684,1734,4253,8832,1137,902,468,157,-1600,2954,-475,-5056,-3570,-317,-558,-3828,-590,-3082,-5268,1005,2625,-2225,135,960,-2225,110,945,-2225,1185,1745,-1450,1734,5351,10840,1137,-660,229,771,-1558,-1953,555,-12725,-26192,454,-1490,-673,415,-12745,-23755,487,-4514,-1363,-3985,298,-4514,-1363,-1669,6639,14914,-1677,2515,4085,-4969,-2066,-5725,-2086,-3364,-2993,-2079
1/13/2023,-260,-121,-5765,270,2267,-7682,-77,-1199,-2247,0,255,-3267,-2838,-6010,-8616,-1327,-1710,-5327,-2438,-1998,-8109,35,8768,10020,741,1120,466,125,8463,17305,250,2267,1468,270,2267,1468,250,2079,1468,-820,-1097,-3498,-2838,-8709,-16344,-1327,-853,-3599,-2438,-5282,-12976,2857,15314,37879,-2438,-5282,-13736,2857,15314,37879,2358,3467,2282,5016,2424,3467,1127,2477,-6564,-8980,921,2828,-2726,-1149,9738,20895,-1356,-2767,3867,20895
1/16/2023,-390,1109,2818,1730,2234,4300,1970,-38,2818,452,3019,4300,-1565,-1405,-4995,-1945,-3250,-6590,-2625,-1440,-7005,80,-4985,359,-2070,-1205,2331,-1770,-4840,-2670,1530,2234,3813,1730,2234,3813,1970,2234,3813,-848,-785,3813,-1565,-4900,-5335,-1945,-2845,-8085,-2625,-2235,-9015,-1755,-2250,-15370,-2625,-1050,-9015,-1755,-2250,-15370,1530,1770,2100,1770,1530,1770,2100,1770,-3590,-5085,-4290,-7945,-6230,-8900,-3805,-5930,-825,4177,-4745,-5930
1/17/2023,322,4213,-3674,1405,-1240,-4790,-50,1625,-5291,-885,180,-5291,6410,15548,11505,3714,13891,9079,2715,9118,18110,360,-30,-256,5230,6908,571,3290,4249,-1668,-285,-1690,-9565,1405,-2295,-9565,-50,-3690,-9565,900,4206,-7425,7254,12206,11026,3714,7244,7947,3236,10246,13261,1250,-3673,-1031,7580,13057,12127,1250,-3673,1306,347,-7041,-4321,-7041,-4270,-7041,-992,-4675,3845,5445,1436,22438,-929,3232,-3909,-2314,2978,3885,-5018,-122
1/18/2023,986,1952,-1859,3044,3616,-1226,2751,2376,3563,2068,5119,4702,297,-5933,-8955,1430,499,-1130,397,77,-5673,-605,3452,-3924,-1520,-5944,1422,1707,11516,-8984,2958,3728,5726,3044,3616,5616,2985,3336,5781,1833,2849,715,740,-3458,-14521,1430,-152,-1102,1055,192,-4721,7461,20402,36787,1235,-690,-8366,6761,19602,36117,168,4157,2936,5246,383,3611,1761,697,-4944,-4796,600,2923,-3767,-6748,6020,-8534,1119,975,1375,-8534
1/19/2023,-355,2944,7315,1230,3901,6164,580,3554,7078,1390,4366,4220,4440,4953,13668,3336,1815,4422,5171,-1654,609,4390,340,-1422,4184,2115,6847,4330,1372,-5109,256,4366,4426,1230,3901,5086,580,3811,5973,746,3561,7621,4440,9034,21417,3336,4930,-1040,5171,7264,10214,2784,-4145,-33525,4156,8354,9714,2674,-4260,-33525,5649,5206,3735,6439,5292,5206,3375,8314,12077,18152,5331,-1320,3461,2322,-3363,-6296,1407,6787,-4718,-5059
1/20/2023,-1958,-1818,-4708,-1260,1962,-5250,-1297,-4192,2603,-585,727,2745,-5740,-6380,-7916,-3930,-4005,-6083,-5190,-1725,-8976,415,13246,15832,-4795,-4751,-1195,-65,12372,24639,-1260,1992,3153,-1260,1962,3153,-1185,1962,3153,-1495,-1478,-3799,-6770,-11745,-24200,-3930,-2281,-6481,-5190,-3213,-9759,3395,19088,46596,-5240,-3953,-11539,3395,19088,46596,2547,5351,2904,5984,2517,5351,2934,-2383,-6988,-8818,1095,-451,-5990,-2393,18903,30955,-6390,-633,15125,30770
1/23/2023,2660,6150,4663,2188,5254,3747,3398,4022,5422,3510,4638,1548,1558,1496,7636,3188,7225,8032,2223,6278,11345,3290,1077,-698,893,3020,4466,2075,-1226,-5957,3095,5550,1253,2188,5254,1440,3398,4764,2094,3510,5388,333,1334,7433,26128,3188,4517,10151,3024,4048,13750,6210,3899,-15483,3230,3198,11449,6210,3899,-15483,4426,3838,4092,2102,4560,5158,3968,3083,9923,11671,5536,14262,9190,16917,1711,-3154,1404,-1067,5242,-3154
1/24/2023,2795,5635,1868,2185,3154,1965,2395,6499,-3277,1830,1340,-3277,2895,10176,26334,1945,11338,25730,3157,13433,29447,3480,3630,-2838,2085,6945,15793,1420,8772,-7877,2225,3289,-4972,2185,3154,-4972,2395,3074,-4972,1400,3360,8582,2895,15564,36384,1945,7576,25160,3157,14767,30037,4000,811,-2849,2484,13720,30830,3690,346,-3919,-99,-1449,-361,-1449,-318,-1449,-361,1665,19750,28837,12730,20679,26313,22321,1104,-2475,11860,6183,-1165,4239
1/25/2023,435,579,-1418,435,2733,345,265,-311,919,400,-155,6349,1109,-4688,-7146,-556,-2012,-4755,-1466,-1889,-8897,-895,-6935,-3988,-1884,-3022,1676,440,-6965,-8954,500,1285,6349,435,2733,5709,580,3623,2702,1190,-3140,1848,1109,888,-11054,-556,-1135,-10805,-1215,346,-10030,-2785,-1685,-2162,-1085,2035,-10825,-2785,-1685,-2162,2473,4661,3443,3237,3928,3521,706,669,1037,-6699,-260,-4798,1153,-8545,-6905,-5623,-4728,-64,-7000,-6912
1/26/2023,-363,1079,-1422,-155,3496,-482,-725,-1322,2135,-405,3441,1897,-1935,-2534,-7036,-860,-334,-4277,-2837,5078,-7716,1147,2743,13568,-747,1431,1336,320,1350,3500,-145,3541,2615,-155,3496,2615,-165,3496,2970,-1030,1851,2239,-1935,-4393,-14323,-860,-1445,-5384,-3552,-266,-2897,-2910,4208,9537,-3237,674,3635,-2910,4208,11092,3002,5783,4390,5356,3244,6138,4356,1072,-2500,-7707,1826,1667,-925,4013,3975,19114,-790,9828,-410,11476
1/27/2023,2478,3030,2543,3320,5374,958,3062,2141,7387,2500,5618,11346,3502,2533,439,6346,6858,14039,6535,5813,12346,6640,15355,-1900,3000,2535,2470,2700,15457,4711,3285,5680,10133,3320,5374,10337,3285,5551,10503,2390,3876,1758,3502,5756,7004,6346,6612,14039,6671,12986,19763,9225,23270,56733,5839,11675,20998,9225,23270,56733,3073,9985,3679,9794,2908,8462,4753,1011,-2266,-8325,6879,13568,8008,17556,16994,-7722,-2396,1212,16778,-7722
1/30/2023,240,-2437,-4220,905,-344,-4589,323,-3216,1417,770,1466,-2656,-1561,-3733,-7309,70,-2797,-1513,-560,165,-5293,820,15022,19013,529,-830,-3676,885,15575,30812,855,565,2578,905,565,2578,1020,895,2578,330,-1275,-1120,-530,-8225,-12981,70,-1050,-1513,715,-610,-2496,12048,25651,62082,1988,1777,-2039,12048,23366,62082,-418,-1692,319,-1547,-418,-1692,50,-3644,-3149,-7184,-264,2848,-142,4491,18550,26766,-357,-3676,16867,48100
1/31/2023,-7,113,-1939,2529,-2109,-1067,2231,-1035,-3561,-950,-1283,-3561,2439,5606,1606,4741,6098,-683,3949,2655,-4272,235,13762,3164,-222,3510,-3956,649,7456,18134,3384,-1913,-2988,2529,-2109,-2988,2231,-2322,-2988,-552,-2110,-2836,2179,-3873,-12248,4741,2542,-1603,4113,1409,-7566,4295,19269,61819,4539,2389,-10388,4295,19269,61819,462,2238,345,2465,-573,2238,-56,-1413,-954,2856,2907,8012,4231,8868,17774,19783,-4940,-7281,6508,19002
2/1/2023,435,6166,30677,2410,7705,29902,2480,2325,7018,1430,2030,8235,4265,6260,12937,5010,6405,42597,4425,5842,7916,975,14959,14465,2110,802,22236,960,9529,8855,2455,7880,7943,2410,7705,8553,2480,6355,8273,680,3930,8765,4265,6190,11816,5010,9880,41982,4425,8233,13933,5285,16477,46368,3485,6560,12993,5285,15577,45953,8065,12230,7990,12630,8040,14160,7235,12441,5987,13110,12335,23225,4572,23450,13850,33716,1887,3587,35800,23856
2/2/2023,1325,1759,10310,4048,3166,10235,2893,947,13126,2872,2001,13253,4517,8423,4685,5355,7575,12054,6777,3047,18488,2084,13353,-1305,1227,9068,-896,3815,9752,-3595,3560,4415,23959,4048,3166,14608,3278,2935,14632,2597,2261,7152,3865,11875,27646,5355,9376,21651,6256,16390,46326,10194,15217,60842,4872,16390,46326,10194,16187,60842,4233,14324,4527,16915,3295,14962,4484,10200,10091,6110,7654,14971,10359,34998,17775,4396,-552,2319,22236,9382
2/3/2023,140,1061,-319,-315,1065,-1629,-1144,-842,-2211,1581,4628,-2165,-179,-2142,-7007,-1145,-4348,-2679,-2143,1919,-2273,5431,-4077,-1309,-243,-806,887,3722,16250,-3389,1295,1040,-1003,-315,1065,-1003,-1100,2815,568,55,485,1767,75,-3533,-9033,-1145,-3970,-3903,-2365,-4390,-4164,7047,2005,-2374,-710,-1240,-2519,6592,2915,-3174,668,-1048,2061,-2649,578,-1368,1170,-1596,-4571,-7181,-3383,-8995,4392,-8990,-2469,289,6518,943,4433,17549
2/6/2023,1821,4296,4822,2235,946,2408,2334,1483,-3522,2290,3852,-3522,2702,5830,17050,2872,10146,3726,2029,400,2658,7185,13494,-2806,1084,6570,2705,3655,14515,-3261,2980,3533,-5518,2235,946,-5518,1435,1031,-5518,1001,571,-602,2702,5671,17668,2872,5897,3918,1804,4569,5717,6825,13134,-13378,1639,4412,6182,6825,12734,-13378,2428,7330,-1158,1946,-1158,7330,2428,105,3763,19562,6575,11693,8256,4678,2688,-3716,4457,13885,5919,1488
2/7/2023,1906,4893,15658,2556,6328,10687,2386,1859,24919,1955,5261,29124,3780,3080,9172,2716,4685,6811,3928,24579,23260,595,29363,18971,1258,-1647,25607,1215,9760,20912,2635,7590,29221,2556,6328,32615,3461,3845,27659,2580,6581,23268,3780,7611,10865,2716,27452,7614,3928,8127,22244,4845,12660,24746,3139,7112,22104,4845,12260,38629,6750,29062,7598,34385,7435,28052,7320,15462,7722,10550,6385,10115,4698,34544,9346,19132,1910,3579,8068,24333
2/8/2023,1435,2903,-2260,1540,905,-819,2704,1685,-2348,-550,2292,-2852,-660,2300,-8913,2490,9034,11263,1527,-1060,5129,-970,22259,6005,1412,2011,-6845,9355,21284,35041,2115,753,-1882,1540,905,-1817,2440,26,-1817,1225,2193,-1282,-2425,-5195,-11172,2490,8417,12677,2531,5563,4950,14900,27620,77271,3070,4962,3385,14830,26450,75788,1321,-5212,685,-6373,1321,-5212,685,-5622,-6425,-8975,12019,11189,14118,956,14213,12926,1705,-6845,20010,19541
2/9/2023,-425,413,-1083,1085,3107,-966,1175,-1227,5700,1170,2527,5814,-4545,-3238,-8285,1135,-131,2763,-589,-1910,-8935,7595,31013,32393,-2175,466,-1102,6013,28863,63104,1860,3122,6977,1085,3107,6977,1175,3102,7162,210,650,1141,-4545,-11230,-23380,1135,885,2707,40,2229,295,15302,31013,67058,470,914,-5150,15042,29933,63724,3166,7487,4237,7487,3431,7487,3178,111,-6615,-8895,1182,4404,-1196,1375,31382,80613,-6475,-1227,25083,74312
2/10/2023,960,7201,2808,245,3676,3072,1295,5713,3965,1455,4811,5105,2069,3558,12358,1050,4613,6547,2315,5281,5643,-180,-6299,-1993,1642,5997,3120,-2005,253,-1975,1244,2987,4050,245,3676,4050,1295,2717,4050,1419,4711,4651,2069,4882,16612,1050,1838,6185,1693,6154,3965,-5570,-19670,-42538,1503,4933,48,-5585,-20675,-29118,3987,3941,3048,3941,4564,3941,2605,1312,7244,4071,1285,2199,712,-2324,-5155,-5386,1660,4320,-4007,-5347
2/13/2023,3070,3054,9077,2929,1961,9105,1112,3097,3027,2356,3802,966,2092,4424,1687,3910,14050,14816,7676,-1424,5212,2680,305,-1552,2174,2929,11191,5082,14841,2597,2433,3616,2200,2929,1961,2200,1592,2251,2160,3096,4157,7540,3371,12401,10413,3910,16108,13902,7676,10912,10079,3919,1161,-3888,7041,10912,10079,3919,1161,-3888,2207,562,3180,-809,2660,562,1595,3389,4534,1600,12894,4991,20721,8513,1248,1770,2286,-362,10627,-1649
2/14/2023,1183,1789,169,115,2338,209,635,3289,1304,1290,3019,3167,2179,1294,1288,1884,4602,17870,-128,-126,9667,1420,14855,788,147,1405,4392,470,9360,-584,1760,4105,1801,115,2338,3130,1000,3769,3078,1005,1660,511,2179,-1025,315,1884,3531,3616,-128,622,3649,-1725,16055,7942,-278,-150,660,-1735,13771,9442,7290,-1597,5457,1433,6537,-3373,3642,-826,2770,1744,10835,13803,9856,12248,25791,21948,10067,5999,23879,38453
2/15/2023,-840,-406,424,-1325,2751,741,-1335,-537,4392,-535,1843,3833,-2235,-4206,-3293,-2346,-791,-2527,-2860,-1970,-6787,465,421,-1450,-3135,-3907,-1776,745,10077,5556,-1245,2656,5607,-1325,2751,5607,-1335,2567,6182,-1070,1573,-858,-2235,-4235,-8294,-2346,-3286,-5610,-2860,799,-3470,-530,9871,27093,-3135,-41,-850,-530,9871,27093,2949,3650,3230,4514,2928,4335,3230,2437,-366,-2100,770,546,-1121,-57,-1860,-2629,-2281,3891,-3135,8428
2/16/2023,1425,5979,4255,3758,4974,4345,1390,3280,5991,4492,6959,3216,2397,-1717,-2115,1918,-975,-190,2530,4693,-8957,1925,3090,4100,3009,3311,7285,1370,2450,12588,3765,6564,2479,3758,4974,2144,3785,4017,-816,2545,6949,6199,2397,1589,937,1918,-1151,-4991,2530,1297,-1231,4081,-40,-28755,2355,-103,-2756,3931,-840,-29960,5801,6758,4265,4110,1179,6348,6958,4875,1152,7950,1645,4550,-2426,-1404,7212,17344,2715,13248,5949,6865
2/17/2023,940,-424,650,-360,1568,335,-1725,1403,-617,433,652,-2622,2204,-2759,-4410,2819,1869,-967,-489,-1528,-5270,-961,2110,-1940,3269,3944,8387,-2116,-6981,-6903,-460,1988,-2754,-360,1568,-118,-1250,-769,-2479,-482,-111,-268,2204,972,-4803,2819,4338,-196,-489,-2496,-11233,-1156,-5956,-27909,3201,-4253,-9612,-1161,1124,-27909,280,81,2553,-214,1549,-1889,1754,1888,863,1149,752,3106,1621,4462,-4696,608,-957,5653,-3092,175
2/20/2023,105,1217,6478,1684,1867,6478,1684,1017,6478,575,1867,6478,265,-1790,-115,1994,3603,5988,2864,2058,6807,135,4444,2309,1695,-2835,-3390,220,4444,4543,1725,1867,6551,1684,1867,6551,1684,1867,6551,-125,1007,6551,265,-1080,-275,1994,3603,5988,2864,3653,6807,9795,18668,34013,3254,3653,6807,9795,18668,34013,-1620,351,-1620,650,-1620,351,-1620,650,-865,-3175,-1130,-665,-2105,-885,280,-1640,-2890,-5205,280,-1640
2/21/2023,43,1759,4792,3427,5920,3894,2717,-368,7639,-545,5501,8133,-2610,-6966,-8930,-6,-6130,-4165,-546,-1045,-8863,-225,14115,5144,-728,-536,-6910,2316,17125,25558,3118,5627,11860,3427,5942,11860,3650,5942,11860,2168,826,4045,-2610,-12173,-25893,-6,-533,-2975,-77,-3180,-12219,12617,26710,68561,226,-2262,-12219,12642,26710,68561,5359,7389,5359,8935,5359,7389,5359,4857,-6995,-8970,-201,611,-6874,-2144,22718,23869,-1653,-8985,16515,21679
2/22/2023,665,5561,1396,955,2351,5046,723,-54,4760,1848,4861,5565,3640,2815,21524,2598,8128,16483,1807,5784,16806,155,12257,-2714,695,2742,3779,385,16248,-1222,1760,3986,-130,955,2351,-130,-645,2351,-130,940,3590,3164,3640,8901,25075,2598,10206,17130,3095,6477,19123,2465,16632,-8128,2940,7020,18448,2260,19348,-5803,2618,-528,374,1934,2618,-528,374,-606,10432,21540,5395,8154,4837,9509,2314,-6697,4536,3457,-100,-6697
2/23/2023,300,1308,-2203,915,3180,2290,1499,-441,711,335,2914,5128,800,105,14067,-965,-951,8132,-566,5497,8453,564,-3121,-316,-607,398,11426,50,-3975,-8335,920,2914,5128,915,3180,5669,865,2588,4829,115,3249,5690,980,5813,15807,-965,2665,4570,-935,1205,5560,-5093,-6036,-34771,-408,230,3960,-5098,-5808,-33471,3542,4620,4670,4650,5418,5444,3770,5218,5269,12350,-786,10274,1659,7021,-6727,-8298,-451,6683,-5512,-8298
2/24/2023,2981,8536,-2008,1120,5148,-1533,2004,7275,-4691,4425,7171,-1616,8435,7963,5921,8162,10323,-625,10985,7775,-75,4376,3869,-1846,7113,8223,4445,7226,-2171,-1289,5746,6253,-12636,1120,5208,-12636,1105,5013,-12636,1673,7867,-8957,8435,19280,14114,8162,6281,296,10985,8703,-1020,1571,-5734,-50839,10795,8233,840,1571,-5734,-50839,1081,-2721,846,-2721,1101,-2721,1081,-3076,9566,4175,6193,-1098,-1523,-1351,-4693,-5557,877,4828,-4647,-5969
2/27/2023,266,-1192,10899,1441,4665,14748,1947,-1140,538,855,1478,804,2018,571,3910,1881,748,2113,1179,-768,-3910,-650,-4316,-2305,740,-285,2672,4468,-6031,-7351,1564,814,2276,1441,4665,2106,1947,4690,2801,1185,-387,14580,2896,2732,3517,1881,6135,569,1776,1838,610,6683,16112,1289,940,1138,1885,6588,15632,1289,-2070,309,-2820,309,-440,309,-4175,1198,5430,8858,5895,2837,3057,3693,-608,-8940,3427,1835,-1359,-8940
2/28/2023,5885,9378,6731,8934,5541,5928,7364,11132,2864,2754,8258,3950,7971,12064,16046,6481,5262,10644,5410,13827,17982,3149,5962,-2565,3578,10917,12183,2595,6149,-1498,7569,5763,3432,8934,5541,3432,7364,5424,1626,5094,4876,1045,7971,16481,32562,6481,7212,9832,5632,15767,16724,5687,-2611,-44529,5167,14407,17593,5687,-2611,-44529,7430,12499,6000,7111,7966,12499,5208,-1487,7752,8155,2758,-3639,1058,1621,-1743,-6779,3160,14981,-3594,-6779
3/1/2023,-268,-1932,2322,1273,-4640,-1833,2708,581,-4268,-495,-1324,-6138,2734,1271,691,4804,7711,17109,2543,1563,5597,3234,8372,5528,-395,2068,-4218,2717,10152,6307,1960,-1649,-2934,1273,-2820,-2934,1362,-3690,-2934,-1545,-3982,374,2192,3442,3498,4804,9285,17396,3038,5681,10771,4693,20280,39484,2857,5047,9671,4853,20155,45408,2023,-5530,-3867,-5530,824,-5530,-4652,-2362,5129,-2191,8292,16494,7800,6085,1708,-1240,581,-3697,19549,-2633
3/2/2023,-335,-1211,-1221,-280,2222,-2280,-500,-843,3388,-590,1356,6319,-5608,-5702,-8802,-4390,-5814,-5672,-5670,-1337,-8975,-535,7275,13404,-2183,-2783,-7030,345,6986,30671,-375,2303,6972,-280,2222,7272,-500,1885,8917,-1080,937,1250,-5608,-11571,-21346,-4390,-4064,-2365,-6105,-4837,-11225,275,12820,58021,-6455,-5277,-12100,275,11655,55531,2962,4422,4492,9600,3557,6765,4812,3138,-6710,-8140,940,3400,-4409,2160,8211,39210,-6440,-8665,4450,40318
3/3/2023,900,2274,4587,1035,3733,4232,-240,1566,4383,765,3424,8210,-1715,-6389,-8642,557,123,-856,-913,-1092,-8910,535,15543,8918,-707,79,332,665,15214,13604,1035,3733,8929,1035,3733,8929,1035,3733,8929,1060,1958,3263,-1715,-7678,-14005,557,706,96,213,793,-363,5031,21367,54644,-32,3158,-571,5031,21367,54644,4842,9987,5372,10360,4842,9987,7125,6772,-6959,-8987,2459,3398,-3434,1467,19861,23709,-1057,207,14114,22478
3/6/2023,380,-51,-1797,481,107,-3865,529,-2313,1947,284,751,-3129,180,-6235,-7895,-1440,-6315,-8969,-2150,-69,-7821,-925,-5321,1968,-154,1392,1738,1185,-216,-7007,564,466,162,481,366,39,263,-283,594,-1281,-2990,-7095,362,-4918,-14435,-1440,-6879,-20503,-2773,-8289,-22760,-314,1032,-10664,-1634,-8021,-22995,-414,832,-11524,-366,23,-20,-1651,-797,23,-410,-355,-6985,-8247,-6909,-8992,-6892,-5261,-4058,-8568,-6935,2474,-6965,-7749
3/7/2023,-132,-3810,-4310,-270,-1450,-2498,-1177,-3144,-5003,-570,-1781,-5173,865,233,-2064,3397,3257,-1033,2105,5079,3667,3151,8536,14304,1440,-57,-5042,1510,10184,11110,380,-1605,-3015,-270,-1450,-2845,-110,-1285,-2845,-315,-2530,-3281,1337,2104,1505,3397,3942,4055,3334,6469,8152,10156,21964,42132,3792,4050,12265,9561,21466,39164,-1934,-3087,-409,-1872,-1024,-3087,-1679,-1419,3776,1777,5414,6094,7602,16178,10294,22014,389,-4792,11522,22876
3/8/2023,65,-1303,-3909,799,-1591,-4534,51,1063,-4676,1329,2614,-3275,3287,3204,9918,4299,4198,13590,1250,6110,10281,-50,850,-1104,5458,5822,4251,-247,1260,-2667,1544,-741,-10219,799,-2282,-11529,2870,-1864,-11529,335,-951,-3348,3287,6514,15590,4299,5957,14103,1250,5217,5782,63,-7664,-13079,1766,4747,4750,63,-7664,-13079,-1039,-90,-1897,-1400,-199,-1400,-1193,10,9690,13989,9036,15351,7234,9555,-1935,-5520,5538,4476,-4179,-2820
3/9/2023,1235,-899,-2716,2290,2801,-17,1705,1333,3085,1755,4255,4184,-845,-6575,-8889,-2450,-6970,-8170,-3006,-1920,-8950,-660,-6545,-3850,-2065,-1070,-250,9845,-5335,-8490,1899,3088,6134,2290,2801,4224,2185,3601,4229,2229,2545,1023,-845,-8194,-24267,-2450,-7455,-21340,-2850,-8935,-25675,4479,-1090,-11000,-2765,-10700,-27880,4059,-2410,-17375,3307,7058,3605,5751,3712,5103,3886,-2085,-6335,-8400,-6800,-8910,-6533,-8178,-6995,-8990,-6185,576,-6910,-8985
3/10/2023,130,-1236,-3533,2157,552,-4034,555,-2783,-112,890,-466,-2234,1999,-573,14430,3985,6541,20533,4941,4707,7134,2570,17746,-1944,3651,1437,496,6410,13550,6812,1562,-331,-1535,2157,552,-1210,1334,407,-1180,625,-897,-7095,1725,2781,9227,3985,7003,21576,5011,9741,19147,12485,23658,27392,4567,7791,15401,12400,23058,25083,3590,784,4574,418,1940,784,3510,-668,4794,15149,9127,20399,4980,17022,10782,12269,810,4415,7344,10086
3/13/2023,765,806,7956,2737,3512,7658,3469,4540,6829,80,1260,4901,1302,688,14657,2450,-768,2021,2430,-1960,-1369,1725,-5566,-1243,94,772,6954,1825,1472,-4315,2935,4184,4448,2737,3512,2173,3055,3737,648,2574,1570,3088,2044,2663,13982,2450,1859,7131,2717,-315,3824,3981,-4917,-35041,1872,-1450,266,3876,-4917,-35071,5638,6059,7177,16731,6691,11545,6335,8905,4998,13391,2495,7678,4740,5888,-4504,-6337,997,9881,-2203,-3660
3/14/2023,731,4252,10337,2441,7177,15350,5032,6804,15619,1490,5223,18165,5596,8472,15371,4015,7031,24435,6135,13744,18648,869,5102,381,5457,3362,7530,910,4874,2192,2730,5947,17038,2441,7177,16843,3285,6967,16643,1120,4367,13874,5475,16112,40071,4015,10598,30056,6778,18935,40210,1026,6957,8015,6425,19160,40210,1026,6387,8805,7364,13256,6618,12784,7364,13256,6618,6471,12478,32003,14710,17530,11795,32919,3883,-1082,5546,14731,4219,-1082
3/15/2023,195,-285,-2156,-205,-960,-1400,-1023,-1429,-54,-865,-530,213,2105,10755,13778,3315,4482,11056,3896,-1219,12026,310,7487,4218,2824,675,1274,115,10049,14433,-210,394,-1565,-205,-960,-1565,-875,-1020,-1675,-675,-3100,-5815,2105,13693,18218,3315,4433,5651,3896,7680,10027,2790,7487,19879,3549,8073,10301,2790,7487,19764,-1196,-2028,-384,-2043,-1136,-2299,-734,-3026,6133,8846,5893,4163,7311,12553,19862,16714,4482,-2741,16828,13266
3/16/2023,345,3005,2785,1630,4683,3770,1478,1223,10335,1010,2903,8108,-2315,422,-6120,5,619,-2928,75,-1910,-8263,2218,11986,-3755,-1810,-2410,854,1568,10977,15590,1605,4683,10439,1630,4683,10705,1665,4628,10826,780,3507,6263,-2315,-5415,-12476,5,1240,2722,190,2370,738,4758,13310,46558,1130,5326,461,4718,14035,46558,4375,11767,4447,12477,4267,12298,3515,7551,-4375,-8686,2920,3653,-916,627,15888,23398,-1371,-7265,11317,21079
3/17/2023,1303,7986,8551,3085,9628,7063,2591,4818,3371,837,9948,1246,3344,9107,23559,5112,15814,9285,4190,8196,21384,5400,-1492,-2825,2875,4062,14,4050,-528,-7766,512,9263,885,3085,9628,1485,2591,8288,2442,117,8578,5562,4397,18448,30734,5112,19983,27569,5518,17068,35430,7362,8166,6336,5209,16173,34020,7252,7966,5581,8176,3072,6684,1281,5662,3072,5272,5468,14447,18631,12653,3355,13692,10457,-5271,-7923,3066,2891,-5080,-6124
3/20/2023,-71,2537,1866,-2255,2490,-729,-3014,432,-2418,-880,3815,-865,486,63,2023,128,5565,1068,24,764,4628,105,321,-2401,1926,1735,2193,2652,-1422,-7087,-2255,5015,4917,-2255,5015,4917,-3070,3635,4917,-520,-125,2830,1459,2407,1011,128,6405,1918,264,417,5811,-4015,12844,31350,-85,3454,7662,-4015,13489,31350,5769,3840,6220,1366,5447,3840,6220,3843,445,987,4675,10121,-972,12966,-6925,-8875,3950,4268,-5385,-8840
3/21/2023,-495,2648,-3870,-2130,3865,-2958,-1620,653,-683,-880,1913,994,-1677,-5967,-8995,-2741,-6345,564,-2905,-1987,-8998,-505,10889,-1409,-1470,1835,1393,90,7769,1612,-2120,3840,-1050,-2130,3840,-1050,-2180,3840,-1050,-1310,2060,-9329,-1677,-5639,-7865,-2741,-890,-129,-2905,608,-13497,-3355,10870,264,-2766,-610,-12267,-3355,10870,264,-1706,3555,609,3555,-1706,3555,609,-2018,-5027,-8373,1065,-887,-2815,-8678,4332,9320,1824,2450,-1226,9320
3/22/2023,1374,5864,4656,3927,8337,5427,4194,3952,14091,2715,2675,11386,4644,1294,8272,4112,8094,15050,9442,10775,11510,1797,12429,6115,2759,2750,346,1970,16040,20570,4255,10122,12945,3927,8337,11855,4194,8192,13305,1390,5077,11125,4644,9120,44960,4112,10494,18358,9442,20999,42870,5815,23998,35387,6660,20235,41710,5815,23668,36102,9194,9061,6677,8760,7499,9773,6402,5243,6541,10533,7532,13322,3844,32539,8905,17917,945,3290,27874,17141
3/23/2023,1495,3355,10046,2924,5351,9299,3133,2100,14508,2847,4523,11259,134,-3459,-3416,-385,-3760,-5829,-1288,-1881,-3954,2975,-6353,-2409,1088,2092,2829,1865,-2513,-5506,2997,5747,14525,2924,5351,16827,2121,5406,16827,3475,8276,12563,312,-1197,-1912,-385,-3200,-4970,-1345,-3150,-3519,-460,-11104,-9177,-740,-3955,-6379,-625,-12974,-12142,6386,17563,5318,17563,5902,17563,7083,10925,-74,-3562,-882,-943,-5565,-965,-2945,-7018,1323,2839,-5009,-6603
3/24/2023,-1699,-4851,-4751,-3045,-3325,-6989,-3045,-2496,-4086,-905,-3480,-3852,-4010,3418,-3260,-1770,-127,-8991,-3120,-1994,-5410,260,2770,11462,232,2057,575,-645,473,9430,-2285,-3325,-5040,-3045,-3325,-4995,-3045,-3325,-5040,-2210,-4680,-9197,-3010,-9165,-19009,-1770,-3940,-10886,-2540,-4854,-9640,-2215,1135,5851,-1009,-1139,-11459,-2215,1135,5291,-3012,-3630,-1485,-3324,-3565,-4117,-305,-5183,-4150,-6688,-1390,3834,3636,5016,1433,11482,-264,211,-2133,10351
3/27/2023,1590,1458,6571,2621,4501,4847,2083,1838,1001,2200,5569,3029,595,978,-3769,2430,23,9281,3171,17,-4698,5645,17759,4733,2482,2379,-8860,1176,7066,17673,2815,4638,3356,2621,4501,3677,2643,3657,3677,2450,5569,2641,595,1276,1406,2430,3697,15050,3535,2662,13206,10880,20358,36320,3922,477,11882,10880,20358,36320,2489,5120,1419,310,1344,5120,2536,-792,-658,-5071,5155,10968,-1094,7803,10092,12925,3880,-9000,7067,12925
3/28/2023,195,66,-651,225,665,-328,-821,847,1218,1583,665,385,-779,820,-1658,2982,-1141,-800,3277,2465,4433,1231,-3135,-534,4177,3689,4010,2222,-3348,-5254,855,665,-746,225,665,-746,-570,-1425,-746,-715,534,3277,-779,3147,-763,2982,3426,-3528,2456,5757,-4857,5100,-10775,-44739,1881,3960,-6759,5100,-12709,-44016,1470,3449,1470,3449,1135,3449,1470,4493,-1397,408,3612,-1457,-375,4055,-5914,-6276,551,4979,-2654,-6276
3/29/2023,-155,-359,-2472,-2040,350,-91,-2200,-2212,-980,-860,720,3492,281,2240,442,-329,2896,1392,1464,-1445,-5066,140,5333,919,693,190,567,75,4918,5357,-2040,1920,5182,-2040,350,5182,-2005,305,5182,-1285,1065,1557,281,1392,177,-329,1676,3014,1464,5183,2392,2241,10999,47427,2538,6368,87,2241,10584,47427,2118,-338,1290,-338,343,-338,2860,-490,1778,2723,3646,4901,429,12450,7409,6859,-2370,248,4247,6859
3/30/2023,-297,2500,7138,153,2404,3804,983,2170,842,-850,2884,2870,1265,4531,18144,825,3808,4922,821,1331,9425,3370,-1716,-3076,314,1967,6199,3205,-408,-6578,895,1389,2020,153,2404,-1160,983,1524,-1160,-135,457,5028,1265,9632,24968,825,2499,11853,1845,5189,18560,900,-6751,-22258,1720,6114,18560,900,-6751,-22258,1999,1520,-233,1520,1999,1520,1535,3205,5784,1790,4336,-567,5205,-2614,263,-4632,3631,6193,460,-4632
3/31/2023,-585,-2306,-3249,-1330,477,-3282,-1863,-2916,-1006,-518,-169,513,-5955,-6735,-8920,-2981,-6870,818,-5624,-1988,-8976,825,15663,12214,-4720,-6790,-8920,1786,12316,22467,-1508,515,3655,-1330,477,3655,-1543,482,3655,-1345,-1311,-5291,-8916,-18715,-37315,-2981,-4389,-8436,-5624,-8433,-17385,5334,18641,52737,-5436,-8433,-17385,5334,18641,51622,2140,1908,2102,3753,1981,1908,2055,-3556,-6660,-8820,205,-2457,-6966,549,13983,23901,-1743,-8820,11673,23901
4/3/2023,-84,975,-1345,-950,430,-2230,-1177,663,1839,895,-770,334,2595,122,6164,-575,-1426,-3399,-1471,-1549,-7979,-25,5385,-92,855,6500,8822,-10,462,1075,-180,445,1839,-950,430,1839,-760,855,1839,120,1655,905,1648,3560,4493,-575,286,-3399,333,3911,-3757,-3309,-18861,-43075,113,2494,-5022,-3309,-18861,-43075,1075,1666,2007,1666,1293,1666,2215,1336,3205,6852,349,-477,-5743,-3866,6496,6618,-1232,10143,6348,6618
4/4/2023,2159,3407,7815,3483,2870,2780,3681,732,3162,1065,495,1354,929,694,3685,3021,520,17926,3070,3595,7292,4954,35453,-2157,2982,3195,1208,4349,28447,24193,3210,2435,423,3483,2870,1423,4209,3800,2503,2355,-2303,707,929,-910,1457,3021,2635,18597,3070,4977,16804,17614,36638,66724,3882,4977,16804,17574,36638,65885,2670,4179,3670,4179,3670,4179,1717,115,3018,12455,13790,15187,4846,19640,28016,-4456,2763,5482,22060,4164
4/5/2023,1655,2633,5165,1380,3072,4473,1545,2647,7707,285,4045,6655,508,-2970,-7625,605,-1669,-3638,727,-602,-5545,2996,-5897,-2470,393,2605,-4535,7103,-5897,-6744,1440,2554,7740,1380,3072,8173,1545,2807,8394,2030,4045,8717,508,-555,103,605,-690,-3418,30,-2165,-4750,2676,-11817,-24820,40,-2689,-5750,2676,-11817,-24820,3442,9317,3471,9478,3536,8874,4293,6248,-2360,-8275,-3325,-5865,-3800,-5166,-6291,-8937,-430,1460,-4739,-8937
4/6/2023,1786,-1854,-2539,880,-896,-3663,354,-3790,-1362,-510,-1401,-483,-5145,-6420,-8728,-2115,-4700,-7968,-2606,-1595,-7560,885,-3355,-3935,-5545,-2022,-5303,1018,-2239,-7720,880,94,1170,880,94,2170,880,-185,2170,1495,-2155,-2665,-3760,-8895,-16905,-2115,-3715,-4905,-2275,-2195,-5831,2150,7534,18542,-2625,-2171,-5583,2150,7534,18542,-1550,1136,147,2814,-1590,2136,180,-3911,-6615,-8065,-3405,-8115,-6498,-8220,-2374,-8420,-6740,-8980,-4408,-8420
4/10/2023,-1894,-521,-3745,-2285,-669,-3456,-2525,-2949,-1724,-950,-2504,-1178,-42,-2135,-4019,-2894,-4696,-8980,-2385,-1725,-7985,-865,-6980,-3125,-121,-1204,-8930,871,-6980,-8990,-2265,560,939,-2285,560,939,-2285,560,939,-1420,710,-769,-779,-3581,-9222,-2894,-4539,-6109,-2894,-6741,-7186,-4555,-2880,14913,-2784,-6089,-7186,-4555,-2880,14913,-2331,-1738,-574,459,-2331,-1738,-574,-1510,-6370,-7575,-5204,-7502,-6908,-7653,-6990,-8915,-6470,-8955,-6985,-8915
4/11/2023,1121,4421,-660,3044,2909,-4980,3409,7644,1588,1051,2897,-1202,8216,8715,11204,5660,15103,12144,7810,10665,21145,5204,4476,-242,3195,2222,4595,4587,10081,4947,2967,2897,-1617,3044,2909,-1617,3409,2969,-1617,2985,4362,-1262,8216,16654,28087,6030,18663,21761,10540,21303,32148,11679,11860,21251,9170,21303,32148,11679,11860,21251,1849,-2205,1581,-2205,1849,-2205,1581,-1417,17145,15625,8230,12939,9738,9995,-148,-524,2405,12897,-1365,-524
4/12/2023,-309,100,-527,245,1542,630,-575,-205,7277,-820,1867,5893,1638,-5754,-7359,2265,-915,2341,1470,-556,-7701,1290,11701,10181,-1241,933,-5355,1745,14292,20413,1184,1596,2374,245,1731,9501,1786,1561,8030,615,1236,-1598,2458,-601,85,2265,525,3678,2145,3215,5117,6950,18665,34362,2239,3215,5117,6635,17830,33562,-401,5512,1672,7379,-961,8958,9,-1727,1040,-8188,4395,-2390,226,-6703,9685,17967,-1182,-5558,7283,17967
4/13/2023,895,1338,2148,865,2178,3774,76,1711,3721,961,1142,5003,-5975,-6995,-8875,-1365,-4321,-4931,-525,-1757,-9000,620,16616,4135,-420,-6885,-8035,945,14603,11681,895,2178,7524,865,2178,7524,713,2178,7524,511,-72,839,-4470,-9810,-19965,-1365,-3493,-5002,-541,-88,94,5701,22842,39749,-706,-273,-4558,5701,22842,39749,1903,4446,3150,4716,1719,4446,3376,1457,-6885,-8925,-3147,-2308,-6894,-4696,18165,14720,-2273,-8855,12231,14720
4/14/2023,155,-738,-4689,-2770,-1037,-5822,-3170,-1180,-4973,-550,-1360,-6361,-210,-1369,-1244,-630,-1410,-5119,-310,-1112,-5345,-810,-3420,917,305,795,-1110,-593,-3982,-905,-1145,-2514,-7070,-2770,-2529,-7070,-2685,-2534,-7070,-1905,-3629,-8698,-210,821,4929,-630,-1285,-7340,-310,-2609,-7547,-1529,-2224,-18578,755,-3234,-8241,-1529,-2224,-14178,-68,-3337,341,-1303,317,-3337,341,3538,2743,213,1135,-5224,1335,-5838,-414,4621,2672,-382,-524,4621
4/17/2023,520,996,-4384,-40,3445,-1998,-557,-1122,-1691,637,305,224,-1135,-211,-3204,-375,768,-5100,-1300,6191,-6644,3176,229,-2822,2673,1671,3915,2221,-4292,-5992,-5,1860,2855,-40,1895,2855,10,1860,2855,-650,1004,24,-940,1079,-1444,-375,-1936,-9047,-187,604,-10613,-1107,-8251,-56313,-114,604,-10613,-1107,-8251,-56313,1139,506,1940,2222,472,506,2112,-1958,347,3161,-4280,-2997,723,-1096,-5464,-5333,1350,6160,-4900,-4169
4/18/2023,40,6874,475,2204,3360,2530,1342,4974,3088,1090,5642,5336,2709,7594,2716,4357,12340,-1526,6415,5294,7847,6495,1969,-2638,1270,1327,-3033,6325,3479,-7716,2570,5347,2006,2204,3360,1999,1278,3768,4374,480,5642,4701,2709,14684,11732,4357,12785,-3002,5740,13870,1097,13968,30559,-24358,5740,13499,709,13968,30434,-25720,3213,5116,4665,4844,3108,5116,5715,2542,1980,4574,2420,-1399,7973,2661,-3943,-5641,-531,-1361,-1191,-5641
4/19/2023,1590,7000,11398,2768,4769,13185,3197,5298,8874,1335,5378,9638,-2775,-6750,-5482,779,-4085,545,384,-1995,-7791,1741,-5628,-895,-220,-5561,-5482,1806,-6725,-2870,2886,4687,12172,2768,4769,12172,2201,4861,12160,1796,7341,17248,-1538,-4966,-10546,779,-2500,545,384,-898,-1851,2635,-9598,20314,-251,-898,-2851,2635,-9598,20314,2608,5297,2806,7498,2896,5728,2927,11105,-6600,-8830,-2300,-4392,-6680,-3049,-5904,2502,-4197,-8830,-1033,2502
4/20/2023,850,2865,367,3006,5015,-1559,3287,1901,5224,1916,1667,-659,4823,556,2281,6423,5547,-659,2531,-1997,-2677,170,11698,-3150,2182,4975,3783,889,6088,-6217,2869,4890,-2112,3006,5015,-2287,3287,3845,-3102,1614,3955,2811,4931,8231,6990,6423,8545,-5797,4173,2390,-10332,2385,15215,-19009,2987,1690,-10332,2710,15215,-19009,1075,752,3010,4184,-1353,942,3165,5258,7676,7563,7326,-1730,-300,-8560,-6858,-4139,3961,4424,-6012,-8588
4/21/2023,538,-667,-1613,-118,-2423,1590,-1028,28,-4115,-840,-823,-4231,826,580,-1909,2727,12205,6596,3285,3371,14171,255,-4576,-3278,1651,1968,-1251,1865,5011,-6460,-1310,-823,-4093,-118,-2423,-4093,-1028,-2423,-4093,850,1184,2754,1661,-1863,3571,2727,4489,6596,3474,3308,11585,650,12315,23363,2919,4990,12859,650,12315,23363,-5396,-4379,-5005,-6698,-5396,-4379,-5005,-25,-622,-6177,5535,3305,7104,5027,-4091,-7577,-633,-2948,-5370,-7577
4/24/2023,720,-865,5412,-1235,-3869,2579,-736,-1724,2050,-560,-2881,1334,-445,-3879,-8070,-4933,-6135,-7415,-1289,-1390,-5013,-955,-6410,-3990,-1071,2598,-6875,-2351,-6550,-7732,-1305,-3869,4,-1235,-3869,4,-2045,-3974,4,500,-2517,2361,-1254,-1738,-6931,-4375,-8375,-21325,-4625,-7781,-21160,-7053,-21793,-62792,-4945,-8021,-21160,-7053,-21793,-62792,-1123,3257,-3956,2561,-1123,3257,-3956,4103,-1917,-6178,-5423,-6180,-6723,-8174,-6972,-7393,315,-5238,-4550,-7393
4/25/2023,-375,-1864,-3298,1750,2037,-3608,1573,-3183,3253,-565,3007,3091,-2455,-6000,-8165,-365,-5095,-8347,-184,-1605,-8989,2779,19976,14999,831,-645,-3835,1425,17929,29389,1795,2465,4916,1750,2329,4916,1680,2537,4916,455,-1150,-2230,-2455,-11520,-28525,-365,-2662,-9263,-230,-1712,-10879,12938,26216,69287,437,-1832,-11909,12738,25881,67687,2693,3418,3588,4346,2693,3418,3588,651,-6865,-9000,-2873,-3708,-3618,-7820,23210,49857,-565,-5790,14459,52071
4/26/2023,1047,1367,4426,1690,3058,7574,1003,1772,4464,1750,2806,4810,941,-5024,-4506,90,-5268,-4897,-447,-1945,-7997,750,162,-2286,-100,801,3910,705,-1436,-6778,2320,3058,3595,1690,3058,3595,1700,3058,3595,1873,-17,4753,941,-4226,-6014,90,-5128,-3205,-447,-2471,-7750,4075,-9075,-23745,-795,-5080,-6209,4075,-9335,-23745,8158,4792,7349,4792,8158,4792,7183,5866,318,-4528,-4480,-7560,-6873,-7997,-2732,-8575,1790,3226,1487,-4178
4/27/2023,895,2169,4282,1840,5321,4377,437,1007,9050,1040,4452,9930,-5995,-6855,-6879,-3065,-6975,-8790,-3732,-2000,-8998,495,21585,11429,-1072,-6685,-6879,1310,20218,20342,1765,5371,13734,1840,5321,13734,1621,5702,13451,1812,3891,9694,-7870,-18220,-35210,-3065,-4565,-7220,-3164,-2824,-9939,6578,21585,48946,-3504,-3524,-11240,6578,21585,48946,6282,12350,7593,13297,7397,11397,7044,5368,-6370,-8905,-780,-2355,-6996,-4035,25737,20231,-1437,-8905,19698,10633
4/28/2023,294,-2509,173,-400,865,358,-603,-2990,-943,-595,1064,2229,631,-2110,-5598,1763,2464,4952,-1266,664,-3276,1164,17425,1885,1737,-215,981,1540,18399,19587,-415,865,2695,-400,865,2695,-380,770,2411,234,-1016,-1550,1819,-1337,-7235,1763,3678,7395,641,3576,5195,4208,24769,62102,-352,4135,5195,4208,24769,62102,459,285,1590,285,184,285,1590,485,-4113,-4882,5308,9788,1565,7020,20992,16911,-1544,1211,13999,21639
5/1/2023,5129,10627,11310,5552,8122,12986,5170,11340,488,3302,10457,488,5569,5893,20098,3507,1370,6455,3829,1510,3870,1395,-6168,-1993,3477,1493,8815,3005,-6204,-8085,5757,7915,339,5552,8122,339,5203,7548,339,4935,11253,12004,5569,9123,26569,3507,1032,5300,3829,2282,11746,-75,-22489,-49468,3368,3639,13935,-75,-22489,-49468,1187,-4775,1550,-4775,788,-4775,1294,7120,11112,25913,4075,5610,1676,11445,-6604,-8134,7244,14108,-6345,-8134
5/2/2023,1015,2364,6521,-359,1578,10679,300,3777,4076,1795,2521,5570,5158,10700,5966,5512,5321,-2510,5995,4176,-851,-990,-3691,-2123,2057,2584,4538,1665,-3691,-8549,415,2521,5933,-359,1578,5933,531,1358,5979,370,3838,9748,5751,17160,8907,5512,10251,-1120,5027,10346,-1838,-3810,-13347,-36862,4712,10296,-1838,-3810,-13347,-36862,729,2436,92,1804,319,2436,542,3982,9000,5898,3088,-1562,61,-908,-4936,-6103,3163,5756,-4951,-6103
5/3/2023,2040,4284,5058,3705,5363,5567,3260,5013,12579,2975,1579,12579,6103,11102,9541,6473,11016,17210,7535,5734,25449,1850,13928,3851,3625,6232,6110,1595,10886,14728,3775,4508,12969,3705,5363,11854,3260,4763,11854,1470,269,8989,6103,12167,23813,6473,11000,19098,7535,16590,25149,5116,19834,16248,7240,15410,23419,5116,20504,17413,4274,10540,4919,10540,5794,10540,4274,1230,9783,16774,9723,20044,2117,23943,9205,8695,11602,20672,2710,9400
5/4/2023,2475,5490,6333,3113,3509,6615,2989,7892,3445,1300,2314,5245,4654,6738,14694,2798,4812,7561,4566,6326,24025,1375,1963,332,1689,4547,7588,1230,208,2012,2680,2101,2390,3113,2721,2390,3348,2721,2390,2220,4275,2110,3749,9622,19222,2798,4385,7192,4853,7858,12577,1489,-557,-7671,3379,8973,12577,1489,-557,-7671,2750,984,2934,2714,2750,984,2934,368,9250,10923,3555,769,6845,2014,1384,-5350,4273,3527,1879,-3318
5/5/2023,1275,2744,2398,1324,4040,3052,1161,-52,7490,1575,4740,8836,-466,-1557,-353,1821,3524,3715,868,532,-5643,1095,8997,-336,-284,24,1067,1020,7682,5186,1277,3767,10705,1324,4040,10705,1228,4040,10705,2197,4815,8111,-271,-139,3120,1821,6834,10813,862,6492,9061,4578,15588,33263,681,6492,9061,4578,15588,33263,2473,9854,3537,12627,3766,9854,4672,10225,819,192,1879,1468,-1619,1778,2037,-2617,-1488,-101,-2366,-2617
5/8/2023,-75,-2029,-783,-1770,-1375,65,-1770,-1530,-3654,-895,-2020,-821,110,330,-2492,-1555,-1505,-1862,995,-1985,-2684,10,-4345,-2582,-1665,-1743,-6517,-305,-4345,-2430,-1770,-1375,53,-1770,-1375,53,-1770,-1375,53,-1025,-933,296,110,-521,-6547,-1555,-3190,-6045,-225,-925,-6585,-5030,-9770,-109,-575,-1625,-6585,-5030,-9770,-109,-1820,724,-380,-2428,-1820,724,-380,-3750,-435,484,-881,-3236,-2110,-885,-6985,-8955,-3915,-8780,-6980,-8955
5/9/2023,-1105,-478,2129,760,1146,3169,545,988,2129,-525,1812,2129,1400,-2505,7392,1392,-486,7963,2966,-556,17379,2732,2972,-634,1587,2695,4103,-232,2972,-2880,385,1711,3066,760,1146,3066,545,1701,3066,-435,966,4061,1400,1750,13573,1392,3390,14095,2966,4544,26251,6729,11807,26710,2553,4544,26251,5994,11807,26710,2981,-3272,345,-3272,2981,-3272,345,-3272,7026,11264,5670,1610,13492,9481,380,-7580,10715,8281,3120,-7580
5/10/2023,341,6418,10415,2487,8222,8068,3348,3671,20348,1640,8614,18929,682,193,12308,1495,2429,8149,1967,9617,11255,345,5391,-1549,3682,2698,3724,355,5205,-5564,2578,8614,16452,2487,8222,16220,2629,8191,16940,1125,6352,7360,682,4550,19667,1495,6825,12461,3072,11457,20512,1910,8470,1261,2987,13982,18730,1910,8380,3376,4544,14308,5999,15348,4574,14308,5999,9838,3925,14030,11445,15576,2398,19275,2550,-7215,3832,4507,4460,-7215
5/11/2023,1073,5347,-5432,-1336,-4040,-1999,-2176,2837,-7677,1845,-4715,-5031,6038,16593,15125,4645,20433,1976,666,-1945,11855,79,-4364,-1680,-731,-1800,3112,-354,1490,-5446,-250,-4040,-4050,-1336,-4040,-4050,-2176,-4040,-4050,620,-682,-4152,6174,11378,18317,4645,4813,5524,666,5437,9490,4110,165,-25008,314,4521,12034,4080,165,-25008,-3532,-3708,-4480,-3759,-3532,-3708,-4480,-392,5507,11508,-81,-1035,9200,1097,-6925,-8730,4554,4708,-6920,-8730
5/12/2023,1437,-950,154,195,-1447,-2771,-465,-1065,-1044,1625,-801,937,-720,-1887,-3758,1200,2670,2956,2354,3521,8244,145,3066,-2165,1850,1391,1442,-295,3066,-6469,35,-1330,1478,195,-1447,1114,8,-891,2004,1140,-1090,-797,-720,-289,1665,1200,1190,2956,2395,4565,21234,808,5938,34488,2395,4107,19776,808,5938,34488,-708,5971,-119,6992,-472,6613,14,1359,-172,-4156,3325,2140,12403,18564,-1649,-2556,847,6438,-4293,-2497
5/15/2023,-95,-2449,-2035,-1885,-550,-2645,-2000,-1473,-2330,-510,-1150,-2330,-3765,-208,-7596,-4875,-5400,-7112,-5595,-1893,-8840,75,-6867,-1763,-3930,-2950,-1054,95,-6867,-7179,-1885,-550,-1688,-1885,-550,-1688,-1885,-550,-1688,-825,-656,-2755,-3765,-4920,-8634,-4875,-6460,-9980,-5595,-6930,-9528,-6405,-945,1362,-5595,-5605,-7520,-6405,-945,1362,229,-1385,980,-1385,-224,-1385,1073,-1079,-3760,-5936,-3733,-5610,-3390,-5095,-6990,-9000,-6435,-1288,-5750,-9000
5/16/2023,937,635,-5553,845,500,-4809,965,-1611,-6019,1385,-10,-2493,1128,1464,-3401,1673,1387,-5634,3990,2512,-4857,185,-4467,5039,1814,3833,1261,-1125,-5409,5469,845,500,-7001,845,500,-7001,965,500,-7001,-455,-1200,-7967,2630,5644,8922,1673,2592,-4707,3990,4744,-8803,1525,-10830,-51960,4260,3929,-8888,1525,-10830,-51960,-3660,-4138,-5480,-2841,-3660,-4138,-5480,-5741,-965,-1875,-3887,-928,-5439,-1861,745,-4516,4097,2577,-1316,-4516
5/17/2023,30,-4473,-4450,-510,-2734,-4206,-510,-2493,-218,-540,-3785,-567,-2745,-1864,-8825,-810,-3685,-3278,-900,-1995,-8961,-115,1258,2536,-328,-793,-6855,125,409,-430,-510,-3155,574,-510,-2742,574,-510,-2742,574,-1045,-4025,-482,-2745,-4855,-11849,-810,-1940,-3320,-900,-743,-1579,3419,5850,14356,-1620,-1955,-1579,3419,5850,14356,-1622,-937,-970,-1001,-1562,-937,-765,-2038,-4694,-8988,-78,-2419,-233,-1200,-1113,620,-261,-8955,1094,620
5/18/2023,1185,1265,-5430,347,1509,-6545,897,2774,-25,1072,2890,-371,989,-4,-5378,1508,37,-2920,2012,1408,-437,1090,10296,10434,-560,1324,9169,1770,6332,19292,390,2061,1392,347,1509,1392,460,1511,2487,-175,941,-873,-242,4876,-2419,1508,4348,-20,1180,273,2909,4049,11783,40303,1137,1404,1520,4049,10773,39503,3260,7190,3249,6832,2550,8200,2881,-4918,2289,1190,3937,3059,-2030,8862,10286,19262,1150,6408,7616,23223
5/19/2023,-1025,3060,6411,-370,3440,5643,-471,5865,2820,-715,5427,2947,-1115,2730,-4671,781,2855,1777,-919,-1389,-441,208,1023,-3022,151,-286,5467,4900,3184,-2027,-420,3395,3788,-370,3440,4625,-215,4239,3415,115,2165,6585,-1115,-245,2314,781,-78,1978,-919,-3556,5984,3299,-3210,13642,171,-3556,8279,3269,-3210,13642,4456,3343,4835,3780,6299,3343,4835,6709,-4294,-7861,-5861,-3678,3021,-3691,1992,-8319,1936,8053,1499,-6598
5/22/2023,3525,5430,1634,2695,231,3812,1865,7255,1489,3382,-183,1489,6625,8327,7793,5356,5440,1337,2970,3515,11860,2240,177,-1244,1482,448,-3330,3440,4603,-5398,4725,-69,-1309,2695,231,-1309,1865,231,-1309,3190,7481,2617,6625,11237,12762,5356,3875,2314,2970,2780,5004,9077,8548,-27706,4265,2085,5004,9077,8548,-27706,-4695,-9000,-4695,-9000,-4695,-9000,-4695,-9000,3644,8270,-1787,-3719,6876,-4629,-5850,-7769,3274,-3534,-5765,-7769
5/23/2023,-100,-2705,-8518,1160,-1013,-7220,470,-3993,-7528,930,-412,-6780,1274,-4175,-8418,959,-1045,-6945,1891,-1421,-8120,5235,13079,5767,1948,-4901,-5246,7461,11864,11002,1250,-898,-5605,1160,-1013,-5605,1270,-1278,-5335,1145,-1945,-8710,1691,-6467,-16875,959,-1546,-8186,1891,777,-3500,9201,18862,32546,2053,-203,-2310,9176,18167,32546,-1550,-2521,-1550,-1599,-1550,-2521,-1990,-2942,-6945,-7085,-1445,-3045,-4437,201,18134,35210,-1116,-5246,8880,36635
5/24/2023,1510,-2081,1230,-1901,-1190,-5681,-1901,1213,1662,625,-2680,-695,2144,7109,4843,-599,4290,3337,1045,5885,13689,2045,-481,-324,1293,3203,5538,2765,-5374,-568,-1071,-2065,-3795,-1901,-2065,-3795,-1901,-2065,-3795,344,-1135,-6700,10,1564,4154,-599,260,3095,-1430,5315,10,-5625,-16660,-32833,-1130,3915,1265,-5725,-16660,-33633,-4905,-5618,-4644,-3779,-4905,-5618,-4644,-4682,5589,7485,-2950,2644,1368,10317,-6080,-6901,3351,1917,-5072,-6901
5/25/2023,725,1347,-711,-1060,710,-2367,-1035,767,-3077,-385,-1208,-3035,3292,9555,18685,3221,13200,21159,3577,10805,37031,-795,-5958,-3328,2540,3300,1400,2245,1518,-8965,-1095,710,-3035,-1060,710,-3035,-1035,1710,-3035,90,1256,-1943,3292,9863,24433,3221,9718,21159,3683,12327,26084,2960,12150,13700,2890,10482,23991,2960,12150,13700,112,-2008,315,-3492,-765,-2008,315,-2496,18340,18607,10509,14026,17039,21958,-6130,-6404,12970,1555,-6145,-6404
5/26/2023,4265,8861,4641,3238,5594,3770,3302,7060,5994,4344,9366,7016,-2855,-5018,-6701,2075,9901,1710,3736,2992,-6811,3100,27023,-584,-1663,-2692,-899,9265,16796,18616,3479,5803,9257,3238,5594,9628,3368,5490,9638,4794,8813,8847,-555,1503,-11884,2075,8123,2099,3890,9288,5866,7919,33470,57506,2335,7265,11693,7919,33470,57506,4156,6504,5261,6630,5631,6417,6081,4053,-6527,-8773,2148,4922,9860,7336,15355,13168,-1478,-298,22227,13168
5/29/2023,-375,-370,5470,-615,990,5713,-615,-1725,5470,-615,990,5713,-2630,-2335,2896,-3540,900,4627,-4115,2080,1685,-555,1080,1779,-1535,610,4112,-735,1080,3832,-615,990,8049,-615,990,8049,-615,990,8049,-405,-1065,8049,-2630,-500,-610,-3540,-1540,-2650,-4115,-1880,-4400,-8750,-8260,-12500,-4115,-1880,-4400,-8750,-8260,-12500,1276,2477,2980,2837,1276,2477,2980,2837,-2845,-3625,-3705,-3515,-6800,-5625,-3925,-2015,-1615,5936,-4050,-2015
5/30/2023,1146,1062,-3774,975,-1242,-5687,199,1992,-806,-560,-766,-4026,41,2145,-2125,1785,7815,10134,3096,-1080,2504,-365,8841,-3003,263,110,-5535,2012,8536,-5090,875,-1287,-7750,975,-1242,-7780,150,-563,-5859,1010,649,-9775,41,-1260,-4167,1785,3165,9381,1305,870,1358,7130,15752,40451,1970,-492,1992,7130,15447,37876,138,-1943,-507,-2525,-1036,-2525,-327,-5336,2713,8249,6505,18249,5737,16331,6913,2083,1125,-7252,15037,11886
5/31/2023,1056,1859,1523,-1635,1645,3058,1440,1778,4301,285,550,1633,2554,4656,14437,235,3310,-1436,585,10180,4102,2040,4159,-1172,2004,2035,8014,1735,4079,-1415,-280,595,1767,-1635,1645,2533,-645,455,951,-595,507,5899,2554,8343,21905,235,2921,-1266,1108,9620,3838,-1886,-5613,-43049,113,9437,3268,-1886,-5613,-43049,8315,3072,2377,1999,5801,3072,2377,3154,11923,14578,1060,-928,5358,2186,-4280,-2424,2017,4807,-2485,-2542
6/1/2023,1003,783,-2537,1910,2265,-2262,1359,-357,85,-865,1092,-4808,2415,-1865,-8641,4755,6760,4964,7428,-1485,-3948,3280,14427,-2535,1921,-4295,2424,2050,20466,3042,1910,2119,795,1910,2265,795,1756,2265,795,2390,1474,-427,3990,2055,11278,4755,3900,5467,7520,4919,29507,7981,22599,62948,7105,3994,29477,7981,22599,62948,1469,-573,1582,1575,1297,-573,2496,-4389,-2899,-6726,8710,17028,6473,30532,13341,9188,-1104,6446,10966,19109
6/2/2023,3264,1576,-2769,1120,-1595,-6226,81,1828,-3385,-150,-251,-4519,4305,8459,8919,1531,2172,2908,2348,3389,6941,1990,-4740,325,2175,-2245,-2225,4530,-4427,-7075,1120,-1595,-3976,1120,-1595,-3976,645,-1625,-3976,1769,2989,-2891,4721,5638,10717,1531,-689,1126,1356,1126,2866,-2799,-18944,-30693,4315,1091,3786,-2799,-18944,-30693,-5675,-8302,-5675,-8302,-5705,-8302,-5675,-6002,4194,4237,-1296,-1400,3631,-5482,-6805,-7785,-940,772,-6805,-7680
6/5/2023,-80,-1320,-2887,-830,-1918,-383,-1137,-1740,-6038,-950,20,-6388,1663,477,-3307,-925,-6215,-4409,-2299,-1267,-4382,-520,-4239,-1335,-376,-857,-6549,-856,-4626,-4674,-990,-2755,-3711,-830,-2766,-3711,-1645,-2896,-3711,615,840,-1087,1904,2165,6771,-925,-3982,-3950,-2299,-5122,-12967,-4818,-18261,-46616,-1666,-2632,-10587,-4958,-19956,-44881,-183,5242,826,5242,3967,5242,485,2107,5534,2188,-1360,-1295,4190,-7369,-4233,-7028,2412,-6194,-5888,-8524
6/6/2023,385,2162,1303,-1220,679,711,-618,722,-2125,305,1862,-2125,3054,5162,9964,435,-597,2534,1444,2841,-1943,820,475,-1714,3437,2350,3844,2470,1020,-6900,-410,1265,-659,-1220,1265,-659,-615,1265,-659,-70,1190,1884,3054,11665,10753,435,1739,3264,1444,9898,3383,545,475,-5400,1174,9388,3383,545,475,-5400,1910,-1565,996,-1763,1910,-1565,996,813,7415,8293,2896,4014,-1020,3881,-5990,-3771,1015,3511,-5915,-2941
6/7/2023,-671,-2938,-3376,1540,1170,-3016,1027,-4606,5297,-550,1253,5640,-3530,-3845,-8584,-1135,-4270,-6285,-1177,-1420,-8970,2937,17676,-3560,-2425,-621,-3909,3576,15691,18889,1787,1246,7768,1540,1170,8234,1681,1464,8184,697,-3578,-2711,-3530,-10045,-24379,-1135,-1632,-2801,-1045,-3051,-9098,10863,24412,64061,-1140,-3616,-8554,10523,24012,64061,1089,13151,2205,15247,1089,13151,1430,6423,-6800,-8460,-860,2390,-2407,-6049,27427,35252,-370,-8930,22485,49201
6/8/2023,2305,7369,10885,3082,8292,7518,3039,3741,9405,2030,4847,8991,-1944,-2593,-8064,1277,6897,12036,2534,1406,13434,3359,10334,5158,665,1227,-8885,2655,6585,13230,3986,8292,10620,3082,8292,10620,3039,8244,11495,2661,7511,8438,-876,1495,-2113,1277,10086,18086,3336,6727,19424,6746,33766,62941,2216,8390,18747,6746,33766,62941,5103,9221,5059,9337,4919,9221,5340,7770,-5541,-8056,8264,11341,3066,18495,7662,18240,-1216,-8915,14298,19985
6/9/2023,-495,1195,-3690,-1615,-1094,-3051,-1610,1177,-4249,-535,1998,-4557,2533,2964,-6522,245,751,-4819,2274,-1879,-5124,-510,-4438,-465,830,973,-5159,2255,489,-4404,-810,-947,-6075,-1615,-947,-6075,-1610,-947,-6075,-1135,1123,-3281,1985,3715,5751,245,1559,2857,1401,400,3618,1875,5802,-2396,2923,1747,3618,1875,5802,-2396,658,247,388,-3424,658,247,388,2529,97,-224,-711,-7077,-3524,-7776,-1240,-7777,-758,-4839,-2970,-3622
6/12/2023,-1180,-3216,-8570,-1880,-2320,-8700,-1815,-4251,-5405,-585,-3670,-2772,-5735,-6985,-8986,-3920,-6810,-8979,-5890,-1985,-8920,462,-2288,10353,-2715,-6975,76,-89,-1210,10875,-1880,-2470,-2522,-1880,-2320,-2522,-1815,-2320,-2522,-1360,-3932,-10594,-6655,-12545,-25286,-3920,-6560,-10965,-6295,-7705,-14985,-1215,1687,15502,-7000,-6375,-13042,-1215,-1338,15502,852,2795,2177,3707,1256,2635,1886,-5853,-6900,-8976,-802,-3293,-6996,-8916,-6625,-6869,-6680,-1640,-6970,-6869
6/13/2023,4078,3510,4553,3154,2497,7633,2770,4912,1214,1041,2046,3282,2937,6572,27144,1774,5061,17152,2923,7960,13957,1145,-2954,-2815,-148,2753,2692,6352,271,-3024,2467,1382,1009,3154,2497,2425,1988,1172,196,2887,2121,4100,3133,11127,29122,1774,7254,18003,3160,7021,20667,-283,-4065,1341,2827,5091,20667,-283,-4065,1341,2719,4252,780,3283,978,6962,1015,-1154,13636,17949,10260,11282,9019,16311,-3503,-4370,3287,2692,-3645,-4370
6/14/2023,3966,10005,18230,4138,9994,15551,3254,8095,18750,3460,10704,17684,5255,8246,23278,5290,10580,17138,5220,13517,22636,1460,5321,7908,3741,12493,6123,681,13851,15473,4515,11224,18092,4138,9994,17927,3329,9899,18597,4695,9726,16862,4503,12488,25939,5290,11930,16767,6545,15505,27947,4147,3276,15861,5768,13475,25757,4147,3266,17816,8746,19797,6703,17768,8350,20302,6043,12818,19997,22156,8764,12372,12000,21477,-430,7901,11082,5011,8716,12805
6/15/2023,750,2298,5800,1590,4964,3320,1726,1824,5511,755,2576,7573,-1972,-2207,-2167,1611,2310,7015,1585,2336,-6053,1598,14596,-1347,-124,-6315,-8260,1525,12442,21300,1630,4871,9592,1590,4964,10064,1825,5064,9977,805,3067,2962,-1740,-3026,-1328,1611,2214,8029,1638,3650,3034,6196,18232,46318,1353,3967,3578,6196,17832,46318,3302,6204,4506,7566,4206,6268,4440,3309,-2863,-7790,5114,10101,-656,8168,11559,13941,-6875,-8005,7028,2387
6/16/2023,1385,1222,-1421,2445,-1160,-2221,1350,446,-3786,1485,-314,-1724,1438,-1815,-6765,3468,1837,-1028,1180,-1946,-1382,3617,21284,10623,371,1809,850,782,20619,29018,2210,-875,-3535,2445,-1160,-3305,1350,-1130,-3305,1937,460,-2873,1587,-4889,-13844,3468,3567,234,1180,1319,2197,11913,26809,59720,990,1022,-2543,11663,26474,58545,-2424,2861,1040,2861,-2604,2861,1220,-915,-5446,-8903,4682,1514,1996,-2560,19112,37687,2059,2404,14863,30881
6/19/2023,2325,4270,6317,3400,4270,6317,3400,4270,6317,2470,4270,6317,3570,5515,8185,4785,7675,9723,5920,5075,11646,1270,6231,4833,2985,2187,1240,915,6231,7071,3400,4270,6537,3400,4270,6537,3400,4270,6537,2665,3580,6537,3570,5515,7750,4785,8490,12361,5920,11595,16406,9990,18200,27881,5920,11595,16406,9990,18200,27881,-2280,-2655,-2280,-2655,-2280,-2655,-2280,-2655,1335,1390,830,850,-1140,496,-3235,-2630,-1190,-380,-3235,-2630
6/20/2023,-198,1704,-5105,-80,-866,-3895,-1035,2098,-4832,10,-2438,-922,4831,16706,17314,3825,6206,2730,3879,7770,6238,2905,760,971,1162,1310,-341,6140,760,-3022,735,-685,-168,-80,-866,-1441,-1035,-2415,-1441,104,-225,-2698,5023,16967,19736,3825,13145,11335,3490,9216,9250,-1740,-7850,-27605,3490,7977,9250,-1740,-7850,-27605,248,-156,1042,-3807,78,-2847,1112,-1876,10326,10089,-764,-2818,7784,-3224,-4005,-6845,1559,782,-2570,-5371
6/21/2023,2541,5362,10331,3481,8688,8128,3797,6006,9979,3024,7390,10043,7755,5622,6564,3398,3346,11698,5383,7008,8121,3016,6289,-484,3356,1757,-1059,4986,6289,6595,3686,8435,12287,3481,8688,11436,4081,9030,11951,2131,5968,9037,2853,8572,14513,3398,6696,12161,5533,11444,19960,5042,11455,25563,4883,10044,21088,5042,11455,25563,6884,9098,4437,8274,4145,7458,3789,5882,9298,3991,1329,5760,10859,12072,1381,-2647,-502,613,1654,-3482
6/22/2023,-476,6854,-187,231,558,-739,-789,2488,-234,-870,4186,-421,996,-1830,-8580,2189,7112,-214,1912,-600,-7204,1005,14743,7840,1039,330,-519,1283,7695,18621,236,558,1609,231,558,1734,-486,225,1718,-335,2035,5043,1247,-3163,-11710,2189,2638,1017,1748,2729,-1110,6459,17509,43372,2163,2234,-1928,6459,17509,43372,-543,2416,846,2118,-1026,2118,1580,4391,-3918,-5469,2860,4780,3285,5931,17166,32597,-397,546,11294,32597
6/23/2023,2534,2617,3843,658,1463,5263,1401,3278,7724,880,357,5080,3675,6366,12164,2321,3489,4412,1144,5363,3999,3835,-625,-2205,2095,3128,5706,3044,7416,-5791,606,1694,1603,658,1463,1603,1401,1219,1603,2136,5983,5420,3675,7858,15295,2321,752,1105,1689,2505,-292,2229,-13955,-44357,1689,2505,325,2049,-15155,-44357,2187,-42,587,326,2187,-42,587,8617,4148,9124,-169,4217,3290,-1328,-4507,-5370,-544,8005,1145,-4492
6/26/2023,816,-339,-5161,2253,833,-5069,1622,-422,-2511,1685,2291,-1035,-1820,-2055,-8398,980,-2311,-7408,-672,-1830,-8620,4130,3847,-3935,-3735,-983,-7025,4308,10196,-8985,2373,1475,750,2253,1280,680,2305,1630,680,778,-1260,-4480,-1820,-1065,-13120,980,837,-2425,185,2712,-5305,9861,16720,29283,948,1937,-5790,9861,16720,25958,1833,2381,1757,484,22,2264,2357,569,-6960,-8420,-1871,-4912,-2372,-8285,12342,-8920,-6775,-3268,10970,-1642
6/27/2023,849,-1378,-1894,2845,1232,-1891,1498,-1191,-346,1765,12,-346,-575,-5537,-8359,715,411,-5296,1397,-1999,-7408,2035,2822,-2935,664,-598,1271,1805,378,9855,2835,1263,3034,2845,1263,3034,2875,583,3034,2035,193,-631,30,-1821,-5706,715,844,-3291,1823,-1668,-3091,4480,2822,9257,1452,-2071,-3091,4480,2822,9257,-165,42,242,-702,302,42,2457,-4699,-1655,-8913,-385,-3140,-3974,-4537,8070,10359,1038,1082,3958,4488
6/28/2023,3490,3057,1389,1395,-1180,704,2086,3886,982,1945,-375,210,2145,5676,18782,2765,2176,12909,2969,-616,10761,-420,-6065,-3740,866,-460,4894,1675,-2086,-4722,1395,-1170,929,1395,-1180,929,-40,-1890,929,1855,1760,-8,2145,2725,18724,2765,1068,12472,1768,-1664,7319,-1965,-16170,-30740,1405,-641,11672,-2120,-16170,-30740,-3696,1852,-3275,2497,-1718,1852,-3272,4760,12699,17702,9187,7779,11562,4351,-5235,-4192,302,5654,-3265,-7024
6/29/2023,2661,-2037,-4280,-235,-3755,-4560,557,-39,-4850,37,-4070,-4850,2288,-129,10926,1056,7537,2493,3778,-1117,9317,5560,-5394,-425,2286,676,2029,602,-491,-8010,-235,-6125,-11580,-235,-6125,-11580,-215,-5095,-11580,2481,-1343,-6870,2288,2161,16531,1056,9265,8102,3778,-793,6260,7372,2749,-23853,3588,222,5512,7267,2604,-24919,-2985,-5100,-2985,-5100,-2985,-5100,-2985,-1387,7396,16056,6516,6743,6361,11564,-5860,-7779,9830,4395,-5855,-7645
6/30/2023,2535,5306,6521,3149,6487,9286,3051,6666,5149,2555,10430,4017,3899,10751,16795,4235,6364,10076,6825,2654,13270,3825,-1684,-2870,2552,656,-774,3295,16516,-2182,2905,6661,5318,3149,6487,6298,3051,5291,7443,2120,6021,10816,3899,10300,20164,4235,5642,14223,6825,3890,14967,13130,-5345,-14149,5556,2480,14967,13130,-5345,-14149,1118,-2912,-2508,-2912,541,-2512,-918,-4710,7696,12410,-1665,1489,12717,2456,-6345,-7771,5177,-4745,-5219,-7771
7/3/2023,150,-1520,492,-850,-2125,-1948,-850,-1720,-1948,110,-2125,-1948,1680,500,5699,-1665,-4425,-5516,324,-1197,1731,-405,-5595,-1450,1495,635,144,-1335,-5910,-7570,-1045,-2125,-1995,-850,-2125,-1995,-850,-2125,-1995,-1045,-2220,-1995,1680,3059,5699,-1665,-3420,-5370,-840,-1331,-3395,-8465,-18815,-34331,-840,-1331,-3395,-8465,-18815,-34331,-1394,-2365,-2160,-2365,-1394,-2365,-2160,-1130,1900,1791,-3005,-7785,1110,-6551,-5080,-7940,3950,-1017,-3125,-7940
7/4/2023,345,4035,8566,3085,4250,8566,3085,3521,8566,845,4250,8566,3874,2405,5805,3504,3253,7602,1185,2038,11868,525,5731,2011,5,225,3575,2950,5731,7335,2655,4700,10966,3085,4700,10966,3085,4700,10966,185,2385,10966,3874,4352,5960,3504,4477,7602,1185,7293,11868,4915,9860,18070,1185,7293,11868,4915,9860,18070,-2005,-970,-2005,-970,-2005,-970,-2005,-970,4115,4920,955,1050,2030,7930,-3850,-4540,1285,4580,-3850,-4540
7/5/2023,5510,2640,5114,3893,-823,375,2268,4024,-1818,3950,262,-2104,12663,18046,15118,7812,16143,7814,10151,4273,7592,220,-4257,-2704,7261,10689,5048,11650,1800,-7068,3431,-1382,-2933,3893,-1382,-3418,2268,-1102,-3428,2085,4003,5827,12663,14499,21274,7812,12913,13430,10151,11668,10244,2313,317,-31435,10507,12640,11599,2263,317,-31435,-5194,-7915,-5187,-7915,-5194,-7915,-5187,75,18190,13825,8231,3062,16243,3280,-5040,-8790,7416,-960,-5105,-8855
7/6/2023,-300,-758,-936,-899,-2228,-315,-1665,-1480,1120,-735,-1163,1616,-2809,-4102,-8942,-2710,-2881,-6603,-4899,-442,-7029,-200,-6611,-2024,-501,-1126,946,575,-6611,-6938,-44,-437,-1622,-899,-2228,-1622,-1665,-2228,-1622,196,586,20,-2636,-7630,-14445,-2710,-4280,-7935,-4883,-7140,-15105,-5558,-11086,-21001,-3966,-7700,-16105,-5558,-11086,-21001,-3252,-6210,-2045,-6754,-2178,-6210,-2955,-2810,-6682,-8704,-3854,-7990,-2923,-9000,-6955,-7325,-6600,-107,-6855,-7325
7/7/2023,2255,1690,1586,3461,4966,1164,3051,820,12391,2960,4895,10979,4504,-1444,10949,2855,-1580,7119,6698,3110,655,425,-2867,2118,6595,6131,10171,335,-3156,-5359,4021,5525,13901,3461,4966,14791,3196,4886,15619,2421,4894,12694,4504,5244,9073,2855,2435,4206,7640,4767,1033,95,-6403,-27905,6340,3810,-652,95,-6403,-28705,4598,11959,5284,13502,5445,11319,6979,6097,7927,12884,3382,5682,-3357,5166,-1440,-1771,-407,11048,1078,-1771
7/10/2023,1212,6909,2331,2570,3119,2836,1516,4719,-1085,-115,2741,-3173,3640,9479,9831,2610,10123,7853,2280,9115,12275,335,5592,1304,1957,6975,7869,475,7414,948,1592,4291,-247,2570,3119,345,1980,1583,-1826,1252,4635,2153,3640,9299,11726,2610,7746,7853,2738,6556,6180,30,8363,-3478,1982,7217,10919,30,8163,-1913,89,238,1841,271,89,238,1841,-515,2641,865,693,-2216,3696,-1022,-2720,1488,-140,2531,3195,2588
7/11/2023,1238,965,-6296,-140,385,-6630,-1005,473,-2482,-920,-3523,-3482,-829,-551,-7130,764,707,-5057,-1908,-1579,-8251,622,3130,565,-1142,-727,-5267,890,889,-222,536,-3034,-5950,-140,-3034,-5950,-1005,-3254,-4950,-515,799,-9780,-880,-3833,-8547,764,-2008,-5560,-1685,-5160,-8500,2687,2740,7320,-2010,-3170,-9937,2687,2740,7320,-3286,-6765,-2652,-6765,-3286,-6765,-2652,-4958,-4046,-4375,-1710,-5712,-1610,-4685,-3663,-1492,-1591,-8620,2266,3753
7/12/2023,961,-1106,-4177,-200,-3629,-2750,-87,1468,1426,210,-3454,-2665,4430,-384,11529,1059,-2987,-5478,4183,1338,-1461,1168,-5168,-2524,3193,3534,6917,2760,-4138,-6032,-515,-6434,-6373,-200,-4734,-6373,-1110,-4586,-4158,-805,-3285,-3567,4430,4973,12113,1059,-3708,-4099,4183,227,-2219,-3744,-24129,-47746,4383,227,-1374,-3744,-24129,-47746,-1667,-4944,-3491,-3032,-2368,-4944,-831,-5901,11098,24884,-382,-6,5167,6404,-6795,-5919,1983,5849,-5957,-6002
7/13/2023,-970,-2286,-4854,-300,-737,-5974,-260,-4343,-2565,-880,-1937,-2327,-5290,-6930,-9000,-2134,-6394,-5512,-2898,-2000,-8966,121,13443,1938,-1146,-3625,617,70,10407,9354,-290,-737,3570,-300,-737,3570,-260,-960,3570,-870,-3534,-5166,-5290,-11035,-23040,-2134,-4423,-4577,-2898,-3169,-9878,4585,20737,69636,-3554,-3169,-9878,4585,20737,71826,-675,1548,-255,1742,-1507,1548,-345,-2769,-6761,-8980,-1199,39,-6880,-304,11203,15181,-5380,760,10175,21299
7/14/2023,2000,130,-831,1660,1825,-798,1565,751,-747,740,1074,-729,-1205,-2600,-7045,-3670,-6960,-8983,-3780,-1767,-7263,-980,-6265,67,-2560,-1221,-8450,7665,3421,-8947,1380,1270,-1505,1660,1825,-1130,1565,2050,-1215,135,-825,-1348,-1205,-4032,-12562,-3670,-6875,-17580,-3780,-7660,-21100,5140,-9655,-18535,-1920,-7660,-21100,5140,-10285,-18735,560,-1278,2350,-814,453,-334,2540,-1039,-6037,-8780,-6980,-8595,-6731,-8975,-6975,-8723,-1290,-8100,-6155,1356
7/17/2023,-1605,-1941,-221,-640,1080,-377,-1057,-3148,4792,-865,-984,5090,-2682,-4412,-7595,1241,-880,10967,946,51,-321,1114,20606,6278,-493,366,-426,949,23265,9457,-640,1080,8011,-640,1080,8011,-650,-600,8011,-1505,-3990,-175,-2382,-6310,-13285,1241,1551,14473,1172,5296,11782,6179,30141,78295,955,6726,13697,6179,30141,78295,4183,7021,1705,8078,2623,7021,1650,5227,-6570,-7470,3902,11998,5033,9258,19179,12681,-2131,-7470,15098,12681
7/18/2023,835,-1105,1360,1385,1043,1912,994,-1046,4260,1125,973,4322,-4584,-6205,-8305,-2945,-6415,-8925,-4665,-1995,-8995,745,-6560,-3655,-4860,-6245,-8980,985,-6560,-8310,1380,973,5156,1385,1043,5226,1385,1043,5230,1175,1107,4600,-3508,-6175,-11007,-2945,-6360,-6945,-2945,-5360,-5695,-2930,-15420,-5257,-4035,-6865,-5695,-2930,-15420,-5257,753,3542,2231,3780,1426,2852,2027,397,-6610,-8634,-2125,-8905,-6445,-8575,-6945,-8600,-6230,-5255,-7000,-8640
7/19/2023,1540,468,-4901,-985,-4051,-1433,-1108,1675,-5443,-585,-3307,-4597,3105,7810,-3970,609,5901,-7156,-542,-43,3734,-935,-4530,-3945,-1165,-465,-4036,7940,-2027,-4602,-170,-3615,-8975,-985,-3615,-8975,-985,-3615,-8975,15,2430,-2925,3105,4271,5038,609,1581,-4444,-323,-1214,-7664,823,-1311,-40952,-1420,-2634,-6954,823,-1442,-38478,-4603,-7463,-4603,-7463,-4603,-7463,-4603,-3851,1295,1830,-1020,-5934,5848,-5539,-4213,-6489,7115,-5274,-6975,-6783
7/20/2023,16,-891,-1465,338,1795,-2961,-195,-2569,10903,-570,2635,10892,-1354,-6155,-8518,490,690,-4716,599,-1997,-8983,2085,15179,19624,88,-6435,-5420,2730,15574,37536,1075,1835,10761,338,1795,10828,495,1665,11421,920,735,3161,-1354,-7450,-14955,490,1220,360,1135,411,5248,9891,22523,58860,870,-3304,107,9876,21603,58060,2420,10744,4803,11455,2314,10700,4723,3922,-6135,-8716,3968,1337,-6595,9485,20119,41633,-5967,-4758,12502,43178
7/21/2023,-333,-422,-2683,270,144,100,-498,-2542,-5033,-550,-855,-2062,877,542,-862,3184,-852,-785,1704,-1805,-3834,1490,5770,2534,-124,-774,69,1200,3914,9270,340,-2390,-3493,270,-3025,-3518,253,-2593,-3638,495,-3065,-4383,1041,1498,-3796,3184,4175,2820,3009,1516,786,6875,13438,33012,2199,170,883,6810,14088,33012,-3684,-6482,-3385,-1591,-3977,-6247,-2700,-4043,-1205,-4411,4332,1216,-764,-3729,4508,17312,1058,3398,5354,11148
7/24/2023,1677,-5710,-6837,-1270,-6100,-6832,-260,-3295,-6745,270,-6646,-6745,2097,4036,9270,1952,-1738,3273,2634,1582,17867,3135,-5568,-2309,297,478,2882,5775,1098,-9000,-1560,-8671,-12579,-1270,-8671,-12579,-260,-7886,-14359,-175,-5325,-14359,2097,3618,11525,1952,6835,4803,2694,4418,7599,6321,6193,-27335,2280,676,9324,6321,6193,-27335,-4715,-6103,-4715,-6103,-4715,-6103,-4715,-5803,6531,8017,-570,-2035,7916,310,-6910,-8855,-1705,-373,-6960,-8380
7/25/2023,2871,549,-2271,1114,-1210,-2650,1344,35,-1858,1165,-918,-604,2533,895,2343,3125,4843,2131,2571,1481,10186,1386,5586,-2177,1909,1402,3268,2307,1713,-6588,1130,-1210,-275,1114,-1210,-200,1344,-1090,-200,2060,-1263,303,2533,4155,8055,3125,2389,2991,2736,1692,7623,5450,10384,26423,2051,1692,7623,5450,10384,26423,-2189,-1629,-3445,-3098,-2361,-299,-3445,-1553,2340,6057,1518,2804,2480,7476,-3448,-8761,1577,5092,270,-8761
7/26/2023,1085,5536,20950,2795,10183,22642,2825,8335,23837,2450,8508,23962,1910,5609,5689,3960,8075,11139,6987,5462,22990,2365,10142,4884,2203,2216,6954,5080,12337,11353,3430,7848,24723,2795,10183,25398,2825,9427,25398,1350,4048,22678,2690,13545,14330,3960,11458,11139,6632,5504,10302,9544,11786,-32541,5802,5039,10302,9544,11353,-32541,11338,20017,16027,20719,11338,20017,14382,15533,10361,14473,11137,16415,5822,13363,11926,13025,1386,4439,10939,15212
7/27/2023,2650,715,-8297,3490,2055,-7030,2498,85,7284,1600,2295,2908,-106,-3270,-7484,755,5345,-8047,2502,-1116,-8778,-460,14890,-3795,-970,-112,661,5010,15922,23719,3420,3715,3795,3490,2055,3775,3370,1955,4645,3105,2355,-1900,819,-2138,-17017,755,4970,-9939,2683,1242,-1869,8835,13780,31985,1810,-528,-6024,8470,12195,29460,2124,1242,2950,8314,1969,3142,1970,-180,-6509,-8304,-1667,-8483,-5927,-8385,18104,27589,1907,661,12834,24971
7/28/2023,2290,8167,4015,2262,5037,5515,3654,9229,1689,3321,6359,-1171,2600,12121,3264,1574,11591,9601,6988,1004,3809,470,-5261,-1511,2517,1066,2268,1495,-6433,-7249,950,5205,-1304,2262,5037,-1304,2257,4035,-1304,2000,7324,-3541,2982,10250,11475,1574,2995,11650,4949,3845,-8,4025,-8541,-19167,4365,3145,-8,4025,-8541,-19167,5112,-262,3265,-1679,5161,-262,2722,447,10333,3509,-232,8758,7004,9755,-4225,-6264,2229,3809,-6512,-6244
7/31/2023,1055,-3240,-3995,2725,415,-3970,2040,-710,-1648,3100,3457,-2145,3255,6742,-3312,8605,7566,14599,8228,2010,7788,8640,11108,-2634,1420,2355,-3825,5966,31564,-1756,1690,-1035,-7745,2725,915,-6615,2040,840,-10020,300,-5500,-9745,3255,2515,430,8605,11173,15285,8228,9447,12386,11594,32927,55597,6183,9129,12386,11484,32887,55597,-1468,-5738,-1468,-5738,-1468,-5738,-1468,-6745,-2713,-3410,10845,-3053,2947,-6105,4992,-5683,-2935,-3395,16132,-5683
8/1/2023,4190,7705,2686,4280,2270,4283,2660,7156,-898,3980,4175,-898,5695,17353,6954,5920,13908,10204,7429,11130,22753,4300,3999,-2166,2605,2624,4867,3065,8744,-2297,4325,5645,-409,4280,4370,-409,2660,4370,-409,3510,8170,1951,6480,12372,18400,5920,7308,10984,7429,15612,18297,7116,7144,-16899,7915,16210,16630,7116,7144,-16899,1652,-7194,-575,-7194,1652,-7194,-575,-4758,-750,-2310,-140,1883,8654,1808,-3878,-7869,-155,5564,-3111,-5139
8/2/2023,3199,5300,19088,2515,7132,11671,2693,5747,4173,3795,10221,8339,971,-485,-8930,4785,8329,10891,4464,-1490,7078,5977,17966,-2824,310,3407,-8930,4847,11817,-1836,3765,8092,2613,2515,7132,2908,2863,7280,2880,4280,8741,15868,2054,1115,-2580,4785,10650,11187,4712,10211,12830,7936,19082,38824,4650,9850,11780,7936,21072,38824,1499,-2142,1309,-3331,1685,-2142,1309,1829,-1130,-8605,11635,12588,11750,10010,2343,-7922,-53,-8605,14954,-926
8/3/2023,1340,2328,7168,4094,3771,6150,5064,2007,-732,1605,77,1187,4276,6140,7059,4286,3586,572,3700,5849,18248,5000,2609,-3014,2600,4664,1949,10880,5904,-8780,3270,1026,-2254,4094,3771,-2097,5240,4743,-953,2020,-382,4945,4920,6963,13577,4286,1560,-1950,3627,6520,-3657,12599,6418,-28227,3595,6520,-2250,13199,6418,-28227,-1101,1761,1,2088,928,1988,1248,5671,4953,8800,3235,1837,10253,3656,-2989,-7845,601,4416,-860,-7274
8/4/2023,1740,1722,5686,2075,5533,-366,1946,-278,8078,2575,3055,8944,5694,-2784,10542,2540,2204,552,2260,3280,-8813,-125,7301,19445,2839,1598,7445,2090,2354,32213,3837,5613,8808,2075,5533,4728,2390,4632,5741,2045,2503,8597,5694,6028,11520,2540,1759,552,2650,4345,-253,7454,20498,-6317,3240,1347,-2848,7179,20498,-4797,6748,10976,7734,10623,5302,11789,7154,5140,3288,5856,796,-1298,-6368,523,13600,29893,210,3644,11848,24233
8/7/2023,-155,-1081,-3503,-44,-2249,-4054,-2391,-3328,-1286,-910,-2170,3190,-5804,-6970,-7648,-3370,-6835,-8878,-5974,-1965,-8795,-965,3022,1467,-1345,-1226,-242,-1315,-980,-1585,-145,-61,4040,-44,-2249,721,-2391,-2249,721,-1485,-3931,-1101,-5178,-6479,-19701,-3370,-5545,-12763,-5905,-10914,-20733,-1471,11573,17518,-6025,-8759,-20733,-1486,8184,15988,-1825,-555,-3390,-555,-3390,-555,-1825,-604,-6544,-8875,-3305,-8775,-6942,-8928,-4135,-7377,-5231,-2448,-3795,-4620
8/8/2023,930,3619,275,2030,3500,2171,520,2112,3412,2045,2896,4810,-3686,-6654,-7720,-4895,-6715,-7187,-5987,-1999,-8869,-910,-6835,-2070,-240,-8,1920,1100,-6835,-5657,2045,5262,7623,2030,3500,6385,520,3236,5674,1575,3038,6865,-3686,-9091,-16769,-4895,-11951,-22945,-7390,-14685,-31085,-7505,-15816,-53056,-7075,-13580,-31085,-7505,-15816,-53056,2856,6446,2786,6506,3728,6446,2486,445,-6226,-8015,-5565,-8025,-6544,-5999,-669,1571,245,2010,-4112,1571
8/9/2023,3496,7829,6763,4915,11360,8213,4826,5377,9998,3261,11216,10491,1158,1163,-403,3740,4253,19200,5414,9062,-3758,3505,11143,3348,406,3225,11077,4194,11143,10502,4996,11791,13306,4915,11360,13296,4925,10014,13324,4101,11081,9341,2061,5680,16614,3740,8005,20460,6525,11680,23480,9635,11054,21848,6350,8945,21275,9311,11054,21848,8117,14573,6666,13802,7319,14573,14405,5304,7813,-507,6791,15594,8104,13542,338,984,2707,4238,-598,7842
8/10/2023,2245,1811,-3847,4138,2863,-3741,3720,-125,-7284,2445,3628,-6261,125,5002,-1831,-590,-135,-8739,-650,-1443,-8430,-830,-6880,-3979,-1774,-1893,-8705,7405,15326,-8949,2915,2818,-5403,4138,2863,-3760,3980,1212,-5360,2020,2078,-1806,125,1536,-5390,-590,355,-6004,-1260,-1076,-2429,8080,28150,16179,-2010,-2540,-3960,7980,26763,18004,241,-2085,993,-101,-258,-3879,-1306,-3962,-2004,-1668,620,-8094,2451,-8623,-6740,-8929,-6515,-8200,-6790,-8904
8/11/2023,3794,1731,-1280,205,-3600,-3059,-41,1103,-2870,120,-2487,-6035,2876,689,16909,1786,8560,2951,3287,6502,19764,3330,-5924,501,2480,4884,8306,3555,-5924,-2865,205,-6320,-12295,205,-6320,-12295,-390,-6320,-12295,3070,3763,-5150,2243,6532,19471,1786,6100,4970,3287,8206,23662,-1425,-11193,-5638,2647,6768,22847,-1425,-11193,-5638,-5380,-5481,-5180,-5481,-5180,-5481,-6310,-6880,7746,23193,-712,-4882,6546,11166,-5385,-6610,4483,15927,-5657,-6269
8/14/2023,900,-2863,-2229,-824,-1063,-505,-1180,-219,2763,1046,-638,2243,2115,-2858,-574,1983,1514,-2609,-1559,-1565,-6221,-335,3557,-1060,-691,-2367,-4843,310,1792,2334,-129,-1063,2134,-824,-1063,2134,-969,-999,2134,1390,5015,452,2115,-822,-4417,1983,1119,7201,-1704,1119,5481,4368,20380,65969,-1361,29,4261,4368,19490,65969,-467,3788,185,5303,-397,3788,795,1949,-3574,-861,666,-182,-3881,2920,3946,5691,-6280,-4722,1595,6668
8/15/2023,225,-3353,-2346,240,-2342,-2347,-510,-1729,-1634,-135,-2953,-3608,1956,-494,-75,2685,-591,6221,-59,-785,5239,1252,4831,-2814,366,-1037,1912,768,2850,8002,55,-1263,-3025,240,-2342,-3078,-510,-2092,-3399,-123,-3683,-3800,1956,-641,-2310,2685,2657,9605,510,1792,9454,8423,19607,75323,1304,1792,11772,8303,18612,74513,136,9682,-2665,3065,1372,9682,-2625,860,1362,6366,7697,25000,3208,27600,15882,14186,-462,1426,17130,14186
8/16/2023,1635,3812,-3875,2510,2549,-3307,1511,3646,-2196,1500,5021,-2828,3264,1517,2922,2270,3450,-521,2905,4006,-8820,10,-6955,-723,284,2369,-6975,2880,6963,-5595,2250,2189,-1110,2510,2549,-1235,2320,2239,-1485,1697,5460,-655,3264,7974,11153,2270,4110,7310,3503,4581,10630,6905,14450,23028,2180,4746,6972,6785,13845,21948,-2068,5667,1872,3845,-2068,5667,1872,2126,10722,8590,6925,7861,3382,12318,-6895,-9000,3873,149,-6975,-1921
8/17/2023,1282,-293,-164,3092,2971,-132,2659,-1648,-5128,2407,3055,1397,3404,-2388,-1483,1462,2163,-4075,2533,-1713,-8994,3413,9840,7411,2354,277,104,4422,8710,10498,3089,3055,1474,3092,2971,1095,2890,2990,755,1808,1541,3723,3404,1751,2419,1462,4317,4180,3766,4279,2567,8326,16183,31423,4361,2579,1722,8326,15053,30443,2888,547,4355,874,2709,547,4555,381,793,219,2424,-1921,-4059,581,12920,19888,1723,-1435,5155,13651
8/18/2023,120,6242,14886,-390,6437,13071,25,3739,17510,-640,4307,18744,-890,495,-1714,180,5434,21748,-874,-1524,9950,3056,19545,-2351,-1530,-6905,-1401,2196,21664,8056,-390,5806,19494,-390,6437,19242,25,6396,18776,-905,3189,13293,-890,-3405,-3102,180,7756,21748,-544,3085,8865,3200,25742,76472,-944,2415,8865,3200,25742,76472,5327,15227,7369,16272,6950,14390,6541,19112,-3787,1650,7675,21422,3660,15596,9220,3218,-3465,-588,9160,-7372
8/21/2023,282,1508,2083,1010,1231,3161,-706,106,8601,1525,880,8601,-2160,-6943,-8383,-1400,-2425,-3548,-2033,-1783,-8984,365,2627,9672,-31,1108,-2057,360,1965,17120,1010,2110,9487,1010,2110,9487,215,2277,9487,130,1169,6612,-2160,-5219,-12739,-1400,-1725,-2603,-1757,-2534,-4954,-1660,1870,24933,-2102,159,-6049,-1660,1870,24933,1465,8265,2100,8668,1540,8265,2100,2193,-5954,-8419,754,-343,-6971,558,8670,13430,-527,731,10250,13430
8/22/2023,1135,5018,-2209,2625,-1452,-2781,2497,1692,-910,2105,1694,1302,1517,9640,5662,5856,14570,13779,6976,4071,16384,5205,12836,-1937,2173,702,1462,5455,11227,2242,2625,-460,1606,2625,-1452,1606,1452,-1571,2447,1405,-140,247,1517,10267,7074,5856,13423,16865,6976,10734,14200,15465,17903,23997,6951,9424,13105,15435,17159,23997,16,2741,-913,2847,16,2741,152,1602,7855,5687,11990,7113,8974,3387,5828,-4860,-848,6305,1021,-6065
8/23/2023,2990,4130,10379,3818,6760,9413,3935,5745,13363,3653,6513,13688,1706,1918,-2350,5327,7139,14764,4762,-1150,14697,-510,4312,-2061,553,-640,-5580,2934,3448,-3240,3603,6881,16197,3818,6760,16459,4251,7770,16324,3115,3737,11507,2955,3633,295,5327,9268,15851,4665,10509,21124,7552,20355,-13550,3682,10504,21124,7552,20355,-13550,2507,-1880,4825,-94,4694,-1950,3655,2422,805,-255,10111,6541,4266,5979,-2360,-5034,-63,-4685,13793,-5034
8/24/2023,645,2876,-5487,2492,3397,-2029,1490,-546,4369,2250,2235,4126,-4929,-6190,-8949,-437,510,-6381,-660,-1690,-8855,4709,21884,19550,-535,-1095,-8370,4170,21409,36611,1775,4417,5796,2492,3397,6023,1507,2791,5566,1675,1672,1333,-4929,-10621,-25066,-437,138,-6433,-619,-1951,-13117,11143,24653,50591,-490,-1665,-11996,10898,22878,50421,3888,6588,3674,8181,2869,6588,3147,2185,-6983,-8955,-427,-7173,-6558,-8705,19678,44022,-930,-7100,13368,42365
8/25/2023,-1049,2932,-523,1407,1086,1881,1050,4578,-1451,1610,745,-1109,1731,2149,9211,466,5461,-156,1782,8125,2613,335,1427,-1373,2407,3268,4858,2956,1780,-5323,1437,2245,-364,1407,1584,1531,1577,3422,689,347,2734,-2304,1731,7500,8246,466,2975,-3673,1350,4623,-4802,745,2434,-27375,165,2953,-5512,2283,4721,-25736,858,-544,2383,2039,333,-553,1363,-1379,5146,15162,-3140,-3425,3910,4696,3319,2203,2216,8276,-2818,-110
8/28/2023,465,3636,3275,-955,1996,5094,-995,2424,1495,-975,1939,1341,4090,2977,10267,4155,2783,6417,990,-1901,-7461,650,-1910,2005,1879,1702,3178,529,-5239,-7824,-980,2664,-715,-955,1996,-4075,-995,2878,-4075,1020,4435,5455,4994,9695,19525,4155,3903,6147,2084,4384,7675,-6900,-17185,-31243,1319,4384,7675,-6910,-17185,-31243,4272,142,4997,142,4572,142,5002,8658,6487,8977,4395,9145,3160,10862,1185,-461,5220,5235,-3362,4183
8/29/2023,501,2613,2190,877,4497,2420,1211,-262,5651,500,1626,6572,-1105,736,-201,1255,1560,14290,1775,1437,4672,1955,16469,4661,-950,2800,-1719,1460,7271,13976,1020,4531,7267,877,4497,7313,1320,4736,7079,795,1335,1674,-1105,-1085,4,1255,2697,14290,1932,3611,20001,7943,18935,81358,670,1742,18837,7943,18535,81358,3761,4121,4172,6183,3592,4769,2100,5834,-4086,-5467,1875,4973,4069,12864,18055,17256,-668,170,11303,17256
8/30/2023,5075,3470,-3493,1440,-3667,-4658,1448,868,-6243,-130,-3095,-5023,3090,4608,10851,3186,5283,8670,4753,1224,16576,3880,1449,2646,3452,687,2437,5250,7512,1204,2065,-3667,-6888,1440,-3667,-6888,1440,-3667,-6888,2570,-1371,-3442,3749,5445,14048,3186,2667,10633,4953,2227,8018,3182,432,-4331,4375,2103,7188,3182,432,-4331,-4547,-3715,-4547,-3715,-4547,-3715,-4547,-4537,7954,7554,3216,4225,682,1089,-1398,-1373,4852,2852,407,-2246
8/31/2023,1770,2724,797,2150,3128,-1032,3780,1907,-748,2535,360,1497,5425,6896,12655,7183,6609,-40,10952,8285,1716,-275,-869,-1737,4933,4153,3734,415,3422,-7262,2960,1072,-3630,2150,1357,-3630,2295,-870,-3630,1785,-658,-4858,5425,12574,23547,7183,8447,5132,10833,10180,9789,7257,372,-55786,10833,10261,-1121,7257,372,-55786,4121,3158,-2548,2144,1314,3158,-1058,323,19931,18833,5835,4324,5498,4114,-1729,-4695,3170,5697,-3889,-4890
9/1/2023,-185,1938,-435,350,3522,2376,1776,5233,-2554,-215,3054,-1280,-754,323,-7960,615,-1161,-6345,2467,2775,-1805,1430,-995,-2149,3041,-185,-5359,3209,-5068,-6089,1075,2695,-859,350,3522,2892,2112,4542,-2138,-1240,1110,-1480,-754,-2910,-6019,615,-7578,-11776,897,-164,-6154,3115,10840,-36220,4790,-714,-10703,3115,12020,-36220,3217,9336,4335,7294,5572,10012,3245,4736,-3255,-6240,-4526,-7950,3561,-8126,-3983,-7913,-1877,-5359,386,-3695
9/4/2023,130,2015,2288,2055,3110,2288,2055,2450,2288,1260,3110,2288,2960,2166,6895,3645,4339,8799,4491,5448,10093,2060,5509,3191,1515,1291,3325,4585,5509,7347,2055,3110,2770,2055,3110,2770,2055,3110,2770,655,1595,2770,2960,4019,6792,3645,5000,8941,4592,6725,12538,9595,18601,32964,4162,6725,12538,9595,18601,32964,-1230,-1330,-1230,-1330,-1230,-1330,-1230,-1330,5336,7686,1110,4176,2115,2967,4295,7360,422,5684,2555,7360
9/5/2023,3808,1893,-3744,-240,-3680,-4882,2127,2243,-4806,-790,-3426,-4387,3192,5217,5375,4126,7883,5204,6494,1277,14705,3090,-6775,-2776,1585,1049,1115,4779,-4436,-3367,-605,-4690,-8794,-240,-3680,-11429,400,-3065,-11429,1170,-2645,-7060,3350,5039,7350,4126,4543,5137,6664,1352,1779,5585,-2246,-21073,6087,-319,255,5585,-2246,-21073,-3725,-3775,-3615,-3869,-3272,-4066,-3455,-4217,3450,7100,834,5507,7173,1103,-6932,-2600,4172,1953,-344,-2934
9/6/2023,248,478,4398,1375,1092,2196,1042,45,-730,-565,1581,-2529,-1514,-4045,-7325,267,-3380,-5710,-819,-1090,-761,-995,-5866,-565,-273,-602,-3865,1362,-5556,-5398,1123,1497,-4103,1375,1275,-4103,1293,1295,-4103,273,-453,1873,-1140,-4715,-7915,267,5,-4975,-487,-3350,3668,-1021,1786,20806,660,-1065,3668,-1021,1786,20806,2070,3299,1137,3299,1646,3299,782,4642,-4325,-6570,-4450,-8346,-4319,-6823,-4074,-7661,-630,-4975,-3402,-7661
9/7/2023,-385,-1357,4187,-165,1437,5894,-410,-442,-1112,-580,1040,622,-106,8624,-596,143,5484,3619,-689,2804,4348,1540,2706,-264,-711,-1543,351,1615,6752,-2884,-165,1437,1359,-165,1437,1359,-165,1427,1359,-375,-125,5834,-416,-355,-4046,143,3147,1162,-999,5466,-4628,-2155,16215,8493,-1269,6989,-3039,-2155,16215,8493,1991,410,3391,1058,701,410,3391,5888,-4315,-5909,4195,3819,8445,-1239,-3763,-7726,-6805,248,-138,-7726
9/8/2023,403,-3039,-3217,360,-1935,-4985,447,-2789,-1227,-529,149,-2750,-1200,-239,-7561,-2620,-1589,-8920,-2381,-1955,-4489,1540,-5045,-2232,-1215,-1696,-5385,1350,-4240,-6563,-385,-1745,-2750,360,-1935,-2555,885,-3155,-45,265,-3710,-4615,-1200,-2050,-8305,-2620,-3925,-15685,-2381,-8480,-17937,-4503,-22860,-65155,-611,-7555,-17937,-3933,-21020,-65155,-2120,-1485,-2120,-1485,-2258,-1485,-2120,-3995,-6072,-6202,-5785,-6015,2870,-8994,-6580,-8237,1624,-8975,-6065,-8794
9/11/2023,190,1474,-589,-1640,-706,-458,-1640,2891,-391,160,-1333,-712,-1395,-4901,-9000,-3336,-6428,-8996,-4510,-1996,-8995,-740,-6999,-3990,-765,-2952,-2234,-375,-6926,-8977,-870,188,-650,-1640,188,-650,-1640,188,-650,-10,5401,692,-1395,-4455,-11475,-3180,-5622,-17510,-3780,-3113,-14173,-8755,-15469,-27334,-4465,-813,-14173,-8755,-15469,-27334,-653,-5255,-271,-4228,-653,-5255,-271,-3374,-5251,-8580,-6550,-9000,-6947,-8464,-7000,-9000,-6585,-8870,-6880,-9000
9/12/2023,1015,-1166,-2992,860,115,-4026,137,-280,-2892,-555,738,-2915,1337,-2970,-8947,936,-72,-1629,847,672,-6605,1363,9718,1395,1442,755,-4517,988,9718,18826,913,115,-5520,860,115,-5520,960,100,-5520,1705,-397,-7490,1939,-1272,-7862,936,2679,471,1818,2739,1876,5198,16400,42687,1639,2370,718,5198,16400,42687,-3954,-2440,-2717,-3542,-3954,-2440,-2717,7454,-4100,-8551,2266,2074,1454,4551,7436,15824,1372,-1017,3781,20330
9/13/2023,4149,-400,6465,-100,88,4828,2781,1996,6991,-635,1257,4334,2323,4567,17559,1189,3349,1629,1283,4705,14654,2800,-2221,-3868,2660,11312,5332,1365,-1872,-1245,70,-912,3565,-100,88,3565,1510,1543,1484,1145,1595,3723,3035,9402,29178,1189,2950,2252,1182,3964,9490,2414,-14343,-44965,1869,5074,8675,2244,-12218,-44965,2038,14484,4293,8183,4157,11584,2038,6906,-1765,6959,-1540,-4849,4723,1439,-4719,-7752,3625,-248,-2239,-8942
9/14/2023,3317,3697,-105,4570,3677,5097,5146,5456,-522,1907,5457,187,2649,6644,1463,2067,6086,4178,2965,362,8624,-970,-6640,-2317,960,-787,1234,9803,-6640,-7237,4642,5164,264,4570,3677,264,4615,3996,264,3212,4288,3273,2649,5185,8298,2067,3942,3354,3755,2849,-1608,6911,4502,-19921,3070,2849,-1608,6911,4502,-19921,-1530,-3882,-1520,-5972,-460,-3882,-1530,-5346,2767,34,3857,2165,10177,1134,-5923,-8237,2760,-150,-5168,-6618
9/15/2023,1060,-1574,-4105,-290,-847,-4076,-1261,-797,124,1135,-2494,-1746,405,3445,-6063,3055,5660,636,5085,4660,-7017,7080,24181,-1766,566,7,610,7455,23781,-3001,1560,-1718,-1362,-290,-847,-1407,-1165,-1319,478,320,-1344,-4678,-1345,-3013,-8863,3055,4010,726,4530,8085,-931,10934,27501,4265,4972,10300,1209,10975,26851,3470,-908,-3199,-1004,-882,-908,-3199,-1004,-1823,-4373,-3900,-1034,14103,-2772,13454,-6606,-2578,-175,36,-4711,-2578
9/18/2023,115,287,8841,-436,1604,8029,-1236,-159,9572,-861,-1766,9705,2722,3045,4203,384,-5011,-6819,1203,970,6592,3544,-6610,-3780,2059,2218,4171,5354,-6198,-8938,-1411,846,7527,-436,1604,7527,-1236,1620,7527,279,-789,11495,2722,1688,14773,384,-7298,-3865,1203,-3389,-745,-5777,-22631,-57113,1679,-3389,-745,-5777,-22631,-57113,3755,11437,4544,2793,4569,11437,2730,8372,7129,1541,-3021,-4945,-4755,-4888,-6745,-8410,2868,93,-6889,-8410
9/19/2023,360,-151,-2110,-50,-1070,-1883,23,3331,-1722,-704,210,1322,1447,-3163,-57,215,3711,406,1056,-1526,-2817,1802,-6513,-750,-663,1253,4466,680,-3904,-7922,126,-374,529,-50,-1070,576,375,-637,-2965,95,-210,-2802,1583,653,507,215,3494,2651,770,1268,-4606,-4931,-6495,-32933,475,1067,-2536,-4936,-6495,-32933,-1633,-2659,-1122,-1697,-1550,-2659,-1105,-2287,1697,-1516,2673,-1199,2677,-6861,-4344,-8897,34,5013,-4645,-8017
9/20/2023,2183,-6130,-8998,560,-2061,-8455,174,335,-8997,2290,3351,-4484,-1314,-220,-6709,786,19698,17181,1769,-1944,12699,7630,17639,22261,676,1296,-7010,2510,16857,27096,670,-1308,-7261,560,-1343,-7461,495,-2047,-6646,2565,619,6483,-872,-4660,14361,786,3387,31812,2115,-1450,32661,13907,28355,48072,1435,1471,34206,13427,27775,46317,-1776,-3303,-130,-2029,-2461,-2283,385,-8888,13801,-8995,1946,7627,1239,11598,21245,35948,1427,-8850,17035,33127
9/21/2023,149,1947,-5823,917,2511,-4505,935,588,-2490,1905,4215,-2658,4090,-414,-5414,3232,3206,3509,3172,807,-5031,2651,15592,13049,3257,2790,2889,2210,13725,18698,1090,2682,630,917,2646,560,1305,2563,560,650,1495,-2655,4383,1163,-4687,3232,4745,5116,3146,2578,-1922,7794,17117,27554,4243,2226,-4102,7639,16372,27554,625,-1024,625,-1024,625,-1024,625,-3906,1648,-6007,4072,1311,-3356,-864,16445,24853,-862,2239,9150,22985
9/22/2023,1130,5775,43,2040,1800,-389,6122,3890,3526,1140,4108,4323,3969,2347,7479,2035,2627,1066,2191,6232,-2963,-995,-6980,-1918,1633,2370,4060,2730,-6940,-4219,1390,4917,3340,2040,1800,4115,2029,1470,2485,1091,4707,-60,3969,7703,8463,2035,4978,162,2241,6875,3480,60,1291,-5488,785,3066,3507,-85,-4124,-5843,4615,12234,3154,7210,3453,12362,2409,5083,8852,10164,8434,4023,7254,8455,-4560,-1614,4148,6179,-6980,-2119
9/25/2023,1160,3937,1296,1580,2510,1630,1127,798,2193,1160,5162,4296,3273,2077,10262,2835,3552,3846,4719,5618,5045,340,5180,-806,1238,4550,5324,560,195,571,2930,3334,-6400,1580,2510,-6400,1690,3754,-6400,1325,2744,1060,2788,6015,7958,2835,5652,6699,4888,10182,13734,3290,11975,27524,4183,9567,12209,3290,11975,27524,7275,4457,9278,1255,4485,4457,10083,1393,3828,4714,3290,2808,1364,8120,4820,3087,-835,1558,5990,5247
9/26/2023,-1734,-4291,-8970,-1285,-310,-7790,-291,-1799,-4795,-570,-255,-6880,1801,1624,-3137,4203,12201,-1962,-318,6124,487,2693,32181,1163,-242,-300,-5354,4033,31981,7819,-1145,-1220,-8295,-1285,-1315,-8380,495,-1265,-6285,-2245,-2835,-12365,1801,1596,-2106,4203,10962,5131,1572,10577,6598,10948,41157,37803,1832,8868,4853,10893,40957,39938,-1518,-4361,-940,-4469,-1014,-4361,-940,-6985,-964,1445,5003,3781,5169,18717,24511,1808,3189,-7219,17829,912
9/27/2023,541,6115,7088,1460,7517,1741,3021,2757,5052,-190,6937,3411,4166,6804,14826,4360,8284,15198,6124,11870,18906,3105,15527,-1274,4416,3572,8146,2285,15012,-6643,1315,6722,3142,1460,7517,2978,1370,5837,2978,945,3457,1288,4939,11583,20001,4360,11061,11817,6651,12452,20104,6365,21503,19780,6490,11952,19170,6365,20843,19165,7141,5516,6314,1780,7242,5516,6389,-1995,10546,17195,9565,15315,7664,20366,15429,3504,5009,7262,3259,8054
9/28/2023,790,-1042,-7146,-1240,-3885,-5692,-589,-2621,-7224,-950,-4150,-6987,-125,7507,-2453,2137,5732,-2089,1629,567,1590,-540,-6443,-2300,1890,-775,146,705,-5975,-6571,973,-7852,-11351,-1240,-7832,-11072,-1260,-8130,-9208,210,-6920,-11410,1470,3675,5707,2137,4907,-2906,2036,3338,1583,1558,-1047,-7589,2665,4331,-1246,1558,-1047,-7589,-516,-5310,-2840,-6182,-3365,-4709,-2825,-3655,6215,-1888,5266,-969,5549,-200,-5983,-7714,-2104,2211,4589,-7752
9/29/2023,410,-415,-356,90,2032,-2547,323,2426,2403,355,2612,-299,-340,5255,-5889,-245,3230,-8920,-114,-1750,-8965,-665,-6825,-3605,-1316,5269,-1110,5426,5668,-6788,-175,1271,144,90,2032,1094,673,2702,1279,20,930,-2165,85,3020,20,-245,5585,-2140,-270,1940,-8910,3199,-1844,-21102,275,5240,-2700,2999,-1844,-21102,3621,3751,5948,3766,4771,3751,4781,-706,-97,-8665,-90,-8745,-1188,-8960,-5515,-8970,-1417,1900,-5015,-7615
10/2/2023,630,3562,5491,1023,3013,6559,1527,2913,5272,1016,5034,2694,2234,4437,3357,6452,8031,2469,3946,-1410,3653,125,-4415,-1151,1903,8587,7552,-1250,-5048,-5171,685,5452,2393,1023,3013,2358,1420,3974,2085,2055,3726,6339,3851,4759,8112,6452,389,-1516,2148,5174,3349,676,-4757,-11621,2670,5134,4002,591,-4757,-11621,4723,3368,1255,3570,4334,3486,2499,7331,5561,4980,4860,1783,5531,1206,-3963,-1509,2366,7614,-116,1036
10/3/2023,1417,647,3360,652,860,6340,736,506,-436,-555,4629,-1063,-2252,-3062,-5916,397,2530,9344,-182,-1950,-4974,-555,22086,366,-286,-533,-6882,5559,24426,17410,1347,2540,1906,652,2220,3768,1637,3150,3467,-995,-1250,2455,-2252,-1635,-1909,397,5700,11695,460,7833,10713,12647,25603,115227,860,7133,12126,13302,25203,114207,3189,1864,5635,2138,4454,1191,5645,10847,-1750,894,9360,9285,705,16827,26936,15520,-124,-5914,14236,18320
10/4/2023,-346,1825,-1947,-835,-170,-457,-1703,407,-3641,1825,-575,-2609,3223,3522,3995,3704,4369,4402,3576,6916,3066,761,9154,6787,-546,-561,-1325,1020,6190,6931,695,-200,-1685,-835,-170,-1630,-890,85,-1685,-865,-1230,2403,3240,6374,-2717,3704,5135,4786,3904,11395,3590,4470,12089,30701,2835,13000,4483,4470,12089,30701,-558,144,721,-206,-952,-476,788,-785,4410,9211,6155,6079,2792,5928,9785,17811,1236,-663,5068,14241
10/5/2023,1280,39,2676,1586,3781,1862,1678,963,2333,-75,825,4505,672,3250,-4525,84,1260,-7129,1319,-1440,-3525,885,-5484,-2331,699,579,-785,2050,-3620,-7295,700,1930,4505,1586,3781,4501,1865,1375,5657,945,573,-711,1714,-1160,-4361,84,-7035,-11550,-374,-2592,-12959,-4810,-10610,-49763,-589,1470,-8512,-4810,-10610,-50253,3735,5250,4065,6402,2023,6343,3750,2486,-2686,-7972,-2699,-2321,1094,-8821,-6029,-8642,3544,-1744,-5291,-6757
10/6/2023,1810,2597,308,2698,5187,-1175,2527,-17,9786,2873,1118,10181,-5800,-6940,-5190,-440,-4610,-8295,-744,-81,-7300,2848,9270,-2320,-3793,-6940,-5190,2919,4754,-1859,2638,5192,11287,2698,5187,11478,2890,6029,11352,2908,2018,9125,-3660,-6250,-13525,-440,-2770,-2125,340,-1010,5165,6792,9627,45227,-660,-520,5165,6792,9627,45227,5169,10780,5429,12168,6568,9836,2977,2212,-6750,-7490,-2912,-5638,-6971,-8854,8898,431,-6750,-7490,11590,431
10/9/2023,-1052,843,1740,310,2015,433,-856,136,-803,30,4614,1094,2613,4895,-2302,3078,3421,4164,3246,-1985,-2976,1355,13591,7357,1782,673,1519,1125,13585,9488,310,2025,3524,310,2015,3524,-320,630,3674,-1085,-215,-2335,2613,-592,-16,3078,2240,6577,3232,2252,4094,4792,14325,25381,2805,4367,2601,4792,14325,25381,-382,-710,935,-114,-272,-2729,825,-1818,-3353,-7584,3633,1125,902,-765,10867,7147,737,-549,10098,7182
10/10/2023,1355,1863,3633,922,4113,-68,2498,4209,208,1606,3957,-2370,5434,1220,108,1566,1704,-136,3072,-312,3092,2215,-6920,2054,2883,5169,9613,-1720,-6350,-6836,2598,4204,-8272,922,4113,-7272,2664,5808,-5347,3975,4434,2843,4471,2452,3922,1566,-444,572,2909,-2541,-3553,-815,-8522,-30665,3536,-1199,-3017,-815,-8522,-30665,2370,-3018,2260,-2174,3339,-235,2389,-553,5370,9320,1141,3893,3416,1991,-1140,-4838,1556,7647,777,-4838
10/11/2023,515,1068,1038,1023,-706,4256,-288,-59,-1040,1770,-237,-1030,1024,-1791,604,-145,1095,-1361,906,-385,-4221,1122,2067,1753,3839,942,5080,993,3258,1163,2105,-681,-2185,1023,-706,-2150,385,-761,-3766,-535,-992,3369,1024,5255,7367,-145,2200,-1035,906,-1053,-2586,4179,87,-37058,3032,-349,249,3372,87,-34878,2434,4682,2652,5054,4256,4682,2652,3762,2507,-2156,4261,684,-2203,-5665,1511,3773,1265,4588,1827,2677
10/12/2023,1025,3479,736,1315,4808,-2700,1013,3809,7596,1665,4768,5827,3860,6390,9349,1735,3370,-4722,4035,7405,-8302,-810,-3058,-2880,3532,9517,4951,2075,-7000,-2532,1345,4293,6399,1315,4808,6249,1760,5690,6795,1500,4603,1338,3860,10113,10681,1735,3530,-6930,4035,6908,-1925,-3111,-12655,-37530,3995,6415,-3905,-3111,-13010,-34790,5781,10623,3713,9435,4883,10416,3383,4045,8767,8318,1597,-6914,-467,1249,-1791,-7131,5860,3833,-5105,-7713
10/13/2023,823,1161,-465,1865,728,-2417,1918,-948,-7395,-315,1390,-3973,3392,526,-1373,995,2971,1388,1531,-1745,-4050,5398,13811,-3920,-945,-1858,-1697,5820,18636,-7420,1625,999,-5685,1865,728,-5685,1795,1977,-6410,380,-353,-525,1580,-396,-4522,995,1725,2615,1645,3726,2263,10135,23540,40864,1209,3532,1460,9935,23930,41669,3788,-7786,5773,-8004,3788,-7786,2188,-7822,5028,4555,8458,1366,8652,38,8138,-7736,-264,-724,13779,14995
10/16/2023,-515,4028,7850,4043,3930,6985,2855,5561,-1331,1470,4954,-1737,464,10473,8947,2869,10301,12241,3532,10565,16418,1800,14610,763,1716,2732,-2165,1230,29736,2939,2956,4223,-1737,4043,3930,-1737,3038,4930,-1737,149,4048,5749,1944,7039,14071,2869,12132,15682,4272,14257,19378,9236,41587,45476,3113,14154,18423,9236,41587,45476,-3196,-5626,-4522,-3870,-3968,-5626,-5522,5420,4620,6483,5755,10163,10368,9398,10100,5387,-1116,-2129,13341,15803
10/17/2023,1155,1687,5417,111,-565,3121,2573,3481,4665,1226,-1140,697,1909,3384,6505,-1422,-3595,-7520,-144,-1640,-3445,-735,-6745,-3770,-1110,-969,3460,-1730,-1943,-8430,621,-645,3557,111,-565,3557,1196,80,4172,1117,750,658,2049,2295,10028,-1422,-7360,-11485,-1453,-5028,-12712,-11120,-26920,-76870,-1067,-5028,-12712,-11120,-26920,-76870,1963,4313,865,1269,4278,4846,865,6170,7331,11213,-3650,-3495,-1123,-2338,-6895,-8765,-1853,1350,-6885,-8765
10/18/2023,2495,2179,7260,3166,4511,7022,2307,1525,6912,2485,3780,5997,2596,-350,-5221,2440,3136,411,1210,8050,12217,1995,26665,45307,1266,-279,-3809,1595,20658,38047,3308,6380,7465,3166,4511,7465,2421,5554,8380,3723,5519,7462,2596,4700,-14720,2440,470,-2310,1210,7568,4780,6140,30657,55972,80,3145,1865,6025,28367,54222,5183,4178,5035,4302,4843,4178,5035,7882,-2247,-5670,-1340,-1369,6295,971,31804,50532,5534,-569,21544,48621
10/19/2023,2160,6473,5113,4363,8197,3369,3100,5233,9288,2380,15093,9005,4918,3500,14778,6048,9836,32205,5849,8641,13180,2660,38398,41987,5463,510,2461,2850,31564,49798,3440,16801,14199,4363,8197,11121,3386,6060,6065,2590,5768,3298,4918,4830,8447,6048,8770,19499,6352,12396,14011,5955,41248,58958,5920,11921,14441,5915,40813,57418,6423,6851,4390,4069,3062,-733,4552,2380,3331,6848,9430,21217,9353,13053,36707,46396,6267,3607,32737,42178
10/20/2023,2425,-1006,4377,3204,3323,7325,2822,-197,4493,-575,4748,5603,3199,15,12605,3542,1477,16054,4867,-1460,-497,5550,7906,-3690,808,1962,1726,5465,10954,18537,3350,2800,6355,3204,3323,7538,3399,4055,3240,2155,265,7404,3767,7384,11896,3542,7036,18062,5362,10716,24321,10961,23179,70326,4768,11481,19901,10861,22969,67856,6821,9552,8555,10444,5795,7625,7777,6246,2529,8357,9277,19310,1939,20673,11327,22597,622,9031,17926,21841
10/23/2023,1775,4838,12925,4314,9740,8952,3578,3853,18161,-255,9368,17567,586,-1332,-5870,2525,-1570,868,3613,-1140,-640,-505,5844,-2365,1216,693,-5557,5502,6073,-5226,4342,9415,20858,4314,11034,20858,4993,11074,20808,5067,10997,25513,1170,-1267,-5262,2525,2700,-860,3050,4311,-788,4447,7071,2474,1995,6362,-2788,4392,6171,2474,9920,20945,10774,18926,11770,20895,10060,15545,-5431,-6303,3275,-4123,-97,-1861,4711,-3030,480,-5893,5950,-3030
10/24/2023,1400,1728,3947,1085,4860,2923,243,1014,8616,1670,4054,8749,323,-368,4156,-150,1330,2826,-1876,5676,-2450,250,4535,-1067,1607,-668,3597,-2325,10183,-2623,1095,4825,11019,1085,4860,11019,1080,4815,11014,770,1495,5499,736,3322,5710,-150,884,1961,512,4430,5111,-5615,-6174,-11684,-219,4430,4152,-5615,-6479,-11684,4464,11783,4607,11706,4254,11778,4657,3645,-286,3248,1193,6848,-308,4373,4990,2048,2110,4048,9579,-2354
10/25/2023,678,-1145,-5293,-95,-420,-6461,-1042,-4299,-4467,-685,-625,-2047,-1920,-2597,-8404,4090,4928,-1297,95,-1805,-8989,7107,14887,5039,96,2082,-1099,5950,7329,25532,-10,-1115,-1390,-95,-420,-1660,-132,-554,-1634,80,-3755,-6283,-1774,-5550,-16477,4090,3688,1153,778,-368,-7959,10598,20515,41219,2606,2020,-5634,10413,20515,41219,-3497,-4589,-1480,-4589,-3497,-4589,-1480,-5224,-6570,-8067,-642,-4693,3509,-7718,16554,15306,-1813,2175,19462,15633
10/26/2023,2310,2995,1107,2191,337,-344,1916,-159,-819,-555,9811,114,5514,4022,5481,3337,4714,10743,3477,7652,19580,7575,-5753,2242,2817,3869,6121,6645,523,1685,1768,882,-486,2191,337,-486,406,257,-606,498,-2534,-3955,5514,9938,27841,3337,7361,14237,4101,4802,20257,5066,-9388,-1606,4341,5922,21652,5066,-8364,-4056,10239,2797,2509,5326,8784,2797,2509,3242,16226,13852,11250,17676,8596,24502,5351,-6824,4716,-1662,5656,512
10/27/2023,-80,2024,2184,530,1489,558,976,688,2203,180,2781,1243,1668,3958,-7312,829,7327,-8040,350,-1802,-1885,-965,-6434,-2935,-1037,-311,2504,5985,1070,-8990,435,1549,-2199,530,1489,-2264,1389,1509,-2264,65,1662,594,1668,3291,-3879,829,9096,2025,486,13386,-5265,3295,9273,-17298,665,12009,-6265,3220,9103,-17298,1728,4735,2187,5055,1728,4735,2187,5322,1696,-4208,6340,9295,-1848,-6853,-6684,-4442,2753,6010,-6031,-5778
10/30/2023,200,6821,4551,375,2569,5353,-479,3184,-2031,-270,-495,2028,1932,8374,9400,290,2506,-2559,1255,5515,8869,-515,-2441,2047,76,6631,5061,260,-1251,2002,-1635,550,5075,375,2435,5970,-515,-900,2515,-30,4082,4823,1932,8367,11142,290,3080,-6758,1960,8490,1076,-3351,-3821,-41500,1340,3675,5826,-3406,-2631,-41500,-417,-2460,-245,-4169,899,-5774,1550,2612,8691,14067,4466,4722,14271,1737,-4913,-7106,6744,7904,-3320,-7141
10/31/2023,-2102,-6890,-6915,-4455,-6477,-7827,-4642,-4278,-7713,-965,-2621,-7713,-157,182,-7475,1304,-385,-2869,-2082,-1999,-8547,190,-2415,-3995,-841,-1043,-4684,377,5343,-2529,-4455,-6060,-10085,-4455,-6060,-10085,-4455,-6060,-10085,-3630,-7000,-13200,580,-4867,-10082,1304,-3890,-1224,-1895,-6236,-6426,-3535,-5295,-2430,-1860,-6796,-7221,-3535,-5295,-2430,-6140,-8910,-6140,-8910,-6140,-8910,-6140,-6556,-2613,-8151,-4685,-3800,-2886,-4363,-5290,-8975,-5532,-5838,-4255,3624
11/1/2023,557,1006,-1683,300,170,-4019,300,203,-1778,1575,961,-1778,5497,1245,11470,1810,2713,2379,1650,2456,-4844,955,7336,9198,-596,2305,-3771,380,5135,6589,1865,170,-4584,300,170,-4584,300,-1776,-4584,890,-135,-4968,659,15052,790,1810,2035,4036,1443,6325,5495,6160,14250,38238,1390,5265,1809,6170,14785,35988,-130,1588,203,4894,-83,1588,28,235,-728,-482,3088,7659,-1339,4893,11012,20200,-2337,-3705,8856,10597
11/2/2023,-1188,1020,5462,-1314,28,-2908,-903,-1985,2891,-895,-1026,971,324,491,-3311,1706,1396,6239,1516,-1349,-2668,225,7590,-1206,-65,306,57,320,2313,2220,-624,28,4967,-1314,28,4967,-664,28,4967,-1305,-744,-746,544,286,5824,1706,2871,8142,1516,5300,14189,2607,16163,39089,1516,5300,5859,2607,16163,39089,-608,-4176,-367,-5526,-608,-4176,-367,-5670,-2741,-4888,2034,4008,428,4387,671,3997,-1341,1943,-4305,3997
11/3/2023,765,2905,-426,1830,2771,151,2138,2380,-922,1165,600,-6,912,1255,-3741,1154,-159,-7,5276,-363,6106,1360,4615,-2368,1602,-3121,-2935,5825,2489,-6334,1860,1207,3400,1830,2771,3033,2138,2555,3093,1934,180,487,1109,2639,5944,1154,1173,-8,5276,2710,8538,8379,10435,9420,4209,2030,8538,8379,10435,9420,-1331,2277,-328,694,2154,1643,-301,3061,-4515,-3996,-815,3660,3400,-1071,2715,-7705,-1636,-4270,-3261,-8141
11/6/2023,-65,5156,4899,285,3851,1149,285,1987,970,370,3911,1277,2536,10129,20869,1379,5176,15819,7404,6107,20563,1625,5545,-1765,3225,6749,11149,-845,5170,-835,970,3936,105,285,3851,105,285,3886,105,475,4671,2299,2536,13509,34917,1379,7941,16716,7404,16514,27343,-20,-1285,-7339,7994,11346,27758,-20,-1285,-7339,3687,836,4245,836,3687,836,4245,3941,9461,7486,5937,8064,3564,6166,2486,-3575,1835,9622,3244,-3575
11/7/2023,2800,2281,575,1055,2960,-1176,1705,2852,247,1480,4570,139,2292,1057,13197,2650,2420,4214,4911,6915,6207,4200,3057,-2491,2925,-780,-2310,6795,3535,-2189,595,2930,-1074,1055,2960,-1074,1060,3162,-939,1475,2747,63,2292,4841,18861,2650,358,8502,5339,9474,14866,7460,4169,-10002,4015,9474,13969,7460,4169,-10002,-1421,-5686,-1596,-4996,-2300,-5686,-834,-4984,4434,13298,-804,1127,9212,6167,2074,-4883,3511,-3098,-3229,-5573
11/8/2023,1879,3467,7061,1795,3120,2786,874,-76,3459,1445,3815,2499,343,-991,7695,1434,2268,5284,995,-87,8018,800,-6490,-3410,2363,2101,8530,659,-3887,-5697,2040,3815,5353,1795,3120,5353,874,3402,3099,750,2063,4128,765,3273,21239,1434,3123,3614,1180,-1717,5477,-2731,-2851,-39189,1228,-2013,11878,-2731,-2851,-39189,-213,739,-675,3719,-591,739,-675,3375,8137,4681,9835,5930,14834,5231,-5000,-6663,5620,7162,-110,-6081
11/9/2023,1675,5850,-3785,3425,7410,1282,2690,4695,-1606,2350,6185,2982,1309,-4594,-8831,405,618,-8459,524,-1963,-7500,5380,14373,98,673,1038,2893,4503,17154,-6879,3520,7525,4157,3425,7410,4142,2690,7390,4142,2940,4892,3529,1309,-3598,-15349,405,-1671,-14458,524,-3871,-11836,11794,9365,5273,1165,-3391,-11336,11279,8940,5273,3032,1980,5670,1980,3187,1980,3815,8688,-4414,-6989,-5822,-8991,-5410,-8860,7119,20353,3241,6021,11789,19876
11/10/2023,830,1894,545,1240,5320,1408,548,-818,7253,-475,3625,5006,-5580,-6290,-7394,45,1933,-3217,-1227,-1985,-7836,1938,22658,5635,92,-861,-587,1227,18458,20961,1360,5355,9473,1240,5320,9244,1355,5470,9209,1500,5265,5827,-5465,-12380,-22844,45,3603,-2408,-785,-2376,-3229,8000,20885,59704,-1695,-3390,-1747,8000,20885,59704,4906,7574,5518,7564,4913,8562,5553,4053,-6895,-8040,3878,4893,-2345,3674,25880,31074,-6925,88,19994,31074
11/13/2023,2267,3502,3927,2295,2005,3561,4520,4115,6806,730,2970,5982,2782,4581,10285,395,-272,1249,1274,-367,524,150,-4530,-1991,387,642,-923,2030,-4530,-8882,2065,2005,4431,2295,2005,4431,3170,2005,4431,2990,3160,3810,2782,3274,12996,395,437,835,1274,-850,-1002,-1665,-17525,-45480,336,-610,-1002,-1665,-17525,-45480,367,2556,590,2872,667,2556,370,1955,4542,6788,-2054,-1837,-1257,-358,-6578,-7366,2011,826,-5640,-7366
11/14/2023,185,3205,7406,15,3855,6644,40,3145,5878,280,1352,6013,6060,8955,52820,8302,11456,29029,7869,10723,37347,1240,6047,-3647,4203,6222,8878,2345,14617,5521,35,2130,6292,15,3855,6157,40,4190,6157,-255,380,6219,6060,26182,54510,8302,16744,37748,7869,22294,45091,12145,23026,31366,7311,21223,44091,12145,23026,31366,5235,5548,5252,4929,5900,5548,5307,6694,21897,39420,22072,16825,14094,19375,898,-5709,17996,9153,-685,-3745
11/15/2023,1405,-4365,-4463,1453,-1951,-3794,1444,-181,-5707,2140,-1105,-6235,-1190,451,-1007,1160,1647,5388,2215,-570,9821,1077,14486,4404,-3,1207,-3967,1018,15206,22119,885,-1105,-6162,1453,-1951,-5562,1643,-742,-5562,1250,-4996,-6924,-1190,-2529,-6454,1160,1323,7732,2215,1430,9159,5694,21437,45455,1675,1305,7989,5644,22157,44870,-291,-1757,2283,-1248,-291,-1757,2283,943,-420,-569,5151,10277,12764,15098,18901,17721,2134,-5721,27935,19308
11/16/2023,358,5161,-489,-130,86,92,327,3044,-3636,-305,886,-3709,1671,6239,12511,1282,7954,8894,2803,967,9492,405,-1433,1248,2006,-69,4072,2875,-3049,-2764,-130,86,-3290,-130,86,-3290,505,86,-3290,250,2037,-797,2402,6967,19152,1282,4925,13269,2586,1647,15444,-1815,9095,3359,2207,3927,14657,-1815,9095,3359,-2779,-3031,-2925,-3031,-2779,-3031,-1951,2044,3162,5334,4706,5589,3875,1741,-2864,-3878,2716,2138,201,-3878
11/17/2023,1156,2994,4552,231,3350,4660,845,5655,-2653,496,3350,-2199,3744,5995,4567,1685,-585,10893,2306,-1379,-526,705,-4119,-2489,2165,1681,-2115,1875,-4119,-7329,236,3350,-3072,231,3350,-3072,845,4635,-3072,221,4165,4680,3895,10334,14538,1685,1427,9730,1845,1007,27,-3964,-20581,-48211,1845,1007,2540,-3499,-20581,-48211,2561,-1911,2845,-2565,3146,-1911,2845,2219,10722,2324,2575,785,7248,-4133,-6245,-8900,-131,-4209,-6925,-7880
11/20/2023,365,1137,-2304,-65,2446,921,-421,661,-2320,-630,2351,-2707,-810,-2178,-9000,1019,2927,-3243,2281,2595,-4937,2500,19364,-2701,-244,-398,1583,4563,17145,7096,25,2682,-2267,-65,2712,-2267,-285,2706,-2267,95,2425,-5904,-810,-2989,-8380,1019,3542,-2440,2281,2476,-1551,5570,37249,32315,2333,1906,-2391,5570,37249,32315,3813,-1174,4048,366,3379,-986,4191,945,-3964,-7380,3393,-606,86,-2391,12466,9530,-826,-142,8075,7556
11/21/2023,-779,-482,4380,-255,159,4582,-895,1784,1076,-720,88,1851,395,5943,-964,-915,2547,-2925,-1199,2520,1172,2050,-2397,-3948,1320,102,-1119,2725,866,-2282,-1095,-296,5910,-255,159,5910,-895,159,5910,-557,410,8270,395,-344,-2338,-915,-39,-5865,-3465,266,-3768,-6615,-12558,-32260,-4005,-507,-1458,-6615,-12558,-32260,-2498,-656,-1827,-1769,-2498,-656,-1827,719,3951,-6274,-2392,-3398,-261,-2006,-5331,-5958,-1815,-838,-1910,-5958
11/22/2023,-500,-1334,-528,220,-3390,-1473,767,28,-2005,-570,-2395,-4673,2041,1508,2589,-340,625,-2117,621,-910,-3219,-1000,-4390,-1405,576,-512,1904,11060,-2982,-4635,-95,-3315,-6630,220,-3390,-5685,425,-3445,-5685,0,190,-5655,1545,-351,120,-340,-4811,-6640,-260,-5219,-13826,5435,-16600,-52394,-510,-6840,-12713,5435,-16600,-52394,1682,-2271,240,-3229,906,-2271,350,120,365,13468,-3601,-3135,1445,4431,-3715,-8969,831,1839,-4679,-5696
11/23/2023,270,3090,5020,2295,3090,5020,2295,3090,5020,2560,3090,5020,2065,6420,6160,3950,6235,8550,4160,7395,12945,595,6585,4670,3000,2070,3075,615,6585,8020,2295,3090,5020,2295,3090,5020,2295,3090,5020,240,3090,5020,2065,6420,7455,3950,6235,8630,4160,11025,13705,6795,10855,17895,3730,11025,13705,6795,10855,17895,-1015,-1810,-1015,-1810,-1015,-1810,-1015,-1810,5090,4680,-650,-895,-925,-1280,-6820,-8005,-275,2750,-6820,-8005
11/24/2023,265,3434,5949,2825,3921,5949,2825,5286,5949,2270,3921,5949,3455,8335,9440,4805,8184,8620,7315,8559,14441,4025,5854,2120,2780,1930,3284,5295,6919,5184,2825,3921,6420,2825,3921,6420,2825,3921,6420,1355,5101,6420,3455,7405,12030,4805,8755,13960,7315,13135,19095,10885,20535,27655,7315,13135,19095,10885,20535,27655,-1925,-2780,-1925,-2780,-1925,-2780,-1955,-2780,2945,1835,-2470,-1550,2335,-1925,-4280,-1255,-180,-135,-4145,-735
11/27/2023,2826,981,3104,1560,254,3107,2196,1032,-1818,2607,-1051,-1818,2139,1630,365,2145,1042,-3469,286,1300,-1143,3757,-3890,-2262,3085,3410,2760,2323,-1246,635,1940,254,-8291,1560,254,-8291,715,-1339,-8291,860,-1168,-612,3964,6402,10826,2145,3671,-7124,286,86,-10133,8433,3313,-36886,1071,-356,-10133,8433,2338,-36886,-1666,2304,-1666,1800,-3241,2304,-1666,5797,1595,-1630,-1591,-2889,5608,-4155,-4898,-7079,5403,6828,-4279,-7079
11/28/2023,-10,558,3610,-175,105,3562,414,-1551,1131,850,1505,1101,2585,1531,-802,540,2280,2785,2085,-884,-692,1625,-1289,-2885,2136,1813,-4434,2895,-2369,-6483,-160,1735,1279,-175,105,1159,35,-775,1159,1123,-372,3272,2585,4401,4602,540,210,2785,1665,-252,5100,-828,-4310,896,1845,-927,5100,-828,-4310,3506,3442,4082,1855,1895,1879,4082,1815,4529,2725,2531,-1102,140,-3049,2803,-5749,-3300,1808,-3964,-5805,-5245
11/29/2023,1228,-3103,-6043,-168,-2695,-7537,-1563,-2064,-5065,-565,425,-4460,-2105,-5344,-8605,-155,-3940,-7362,-786,-1515,-8930,3889,12938,-3665,-783,-1908,-7025,4660,14681,10213,-358,-2460,-5696,-168,-2695,-5516,-308,-2460,-4986,-218,-4270,-9585,-2105,-8204,-20434,-155,-3006,-8479,-693,-4030,-10820,10294,19957,52219,-26,-4685,-9957,9775,20473,51568,-3485,-3093,-2065,-3291,-3485,-3093,-2065,-3275,-6899,-8985,-3795,-4792,-6377,-4465,13190,29518,-2911,-8375,8468,29518
11/30/2023,1345,2618,3495,1782,2748,622,-504,2096,-594,1850,4111,2979,4357,8252,6991,8929,6512,4257,9630,7806,12422,2496,6387,4424,5365,10909,8567,3291,13426,4606,745,4111,-930,1782,2748,-1403,-588,212,-2235,170,3213,1331,4835,9493,13025,8929,15364,2548,9819,11413,2783,7785,10174,-49500,9119,11833,1158,7785,10174,-49500,-3587,-3162,-2870,-869,-3587,-3162,-2870,-4785,6864,4609,3172,60,733,1177,-2301,-677,3617,2774,-2650,-3287
12/1/2023,3780,-1851,-1472,675,-877,-1028,-93,-417,-2039,110,-3028,-754,-546,2594,2839,-1450,1485,-3325,939,-1592,211,-435,-5213,-3519,-1325,-978,967,-385,1751,-8703,475,-877,56,675,-877,56,675,-877,56,-180,-969,-1313,-546,9,3960,-1450,-724,1311,-259,-1820,5090,-1115,208,-9943,-902,-64,5903,-1115,208,-9943,-1785,-18,-1197,257,-1785,-18,-1197,2160,4037,-2489,-319,-2911,6225,-4394,-6170,-8870,-2219,813,-6630,-5413
12/4/2023,2440,2574,3420,775,5105,3244,329,3656,7205,104,4970,7732,2010,4366,12988,2348,6695,9758,3114,6601,3235,4810,1121,380,2810,3409,4796,4455,1121,3128,905,4970,8700,775,5105,8700,775,5035,7650,1713,5120,7625,3147,9585,20767,2348,9143,17754,3873,11324,22134,-265,5954,6033,3066,12108,20959,-265,5554,6033,2756,10850,3253,9551,2216,10850,3253,3407,4911,13468,3801,11682,-844,12792,-6560,2665,1190,5747,-6670,-1482
12/5/2023,462,3905,643,145,3336,5448,1300,7322,-2456,435,4514,-1729,2115,2603,9600,2103,3666,12438,1231,604,10361,3147,-5007,-234,5743,5616,5844,3645,-3235,-6163,0,2193,-944,145,3336,-1720,1300,2614,-1720,90,4759,580,3341,3313,12001,2103,4539,13667,2704,9853,10687,-180,-3445,249,8826,10811,7093,-295,-3445,249,1652,3408,3268,543,1005,915,2931,3571,3956,10809,1817,13237,3814,6707,-4090,-7382,2177,5200,897,-7057
12/6/2023,-431,-2997,-6432,990,310,-5709,615,-3211,-2307,720,-270,483,-3150,-6235,-6955,-415,-6950,-7089,-366,-1065,-6280,4195,17314,8867,-2420,-1465,-6955,2940,17261,18830,1005,70,483,990,310,488,1210,-185,-18,-630,-2510,-7635,-3150,-12025,-21117,-415,-4875,-10555,-205,-3495,-11330,10736,21816,44724,-465,-4465,-11330,10301,21441,43565,-291,2176,570,890,19,2176,-50,-4370,-6505,-8345,-3740,-8395,-5916,-3340,13174,21512,-6150,-8345,9021,21512
12/7/2023,7190,-2133,-4892,2540,-4422,-4339,2538,312,-7911,5620,-5000,-6052,1907,8541,-2610,1027,8626,1954,3809,3022,12980,5952,3127,1683,281,-913,1284,1912,5914,1440,3350,-4422,-7452,2540,-4422,-7452,1925,-4372,-7452,5770,-1891,-7633,1907,284,-975,1027,4838,3153,3809,2909,6633,9397,12162,26043,4880,2919,7422,9397,12162,26043,-6061,-6286,-5868,-6286,-6011,-6286,-5868,-5450,-3713,-5287,1930,3216,14341,-265,5348,3787,-1359,-7400,20643,2954
12/8/2023,2652,1031,3575,2675,-2567,6920,2435,1813,-3173,2915,-1976,-736,2731,-3015,1463,2745,380,13678,2667,-1040,12192,1312,-303,-387,1235,731,527,4040,3411,-1020,3475,-1477,2739,2675,-567,2739,2850,-1127,2739,3300,1676,7463,2067,-391,3787,2745,2359,18257,3092,5002,21939,7810,19210,47800,2000,4502,21329,7810,19210,47800,-1193,-5354,560,616,-1128,-5354,-2435,550,-1514,-1300,2096,7128,2468,10811,-4354,-4249,-430,2659,-3063,-6459
12/11/2023,2895,459,-181,3366,2642,2830,2254,2259,559,1585,2239,2808,-273,-1401,-6129,1014,3852,1345,395,-1998,-7808,2362,12066,3746,-1444,-1253,-1691,2565,10082,9757,3625,3122,6974,3366,2642,6974,3428,3179,7024,4520,1460,1203,-273,-2491,-2464,1014,2425,2359,395,3571,4106,5773,18015,45637,-169,3636,3434,5773,18015,45637,2465,313,2759,2218,2927,313,2759,1458,-3752,-6559,2843,4896,10069,5543,10648,10237,-6850,-7551,13245,10237
12/12/2023,-1191,-2853,-5605,-464,1377,-4598,-936,-3142,-32,-505,1367,360,-5950,-6445,-8887,-4845,-6988,-8953,-5145,-1988,-8898,-505,6665,-3994,-5445,-6850,-9000,560,6665,7170,-474,1367,4055,-464,1377,4055,-464,1410,4055,-855,-630,-3478,-5100,-14200,-26360,-4845,-9485,-14525,-4840,-8865,-15500,1512,12599,34093,-4425,-9565,-15500,1512,12599,34093,1986,5177,3298,5834,2275,5229,3762,1554,-7000,-8903,-5374,-7450,-6956,-7240,11378,6484,-6955,-8975,5471,11439
12/13/2023,-220,843,-7440,-1302,-4740,-7083,-2102,-677,-3935,50,2853,-1670,4510,8690,8828,516,1505,-7675,2283,2205,6736,730,-6975,-3586,2891,2989,-865,-870,-1250,-8040,215,-4537,-7046,-1302,-4357,-6661,-2102,-4357,-6926,-855,-2195,-6373,4510,12220,16122,516,3305,-2630,2283,5812,4979,-4245,-17875,-35040,1578,4272,3384,-4250,-17905,-35775,-4602,-4022,-1745,-1400,-4195,-3625,-1645,-3379,6268,7368,3425,2435,4313,10299,6160,9163,7650,-485,7050,9732
12/14/2023,-50,-1863,-3021,-1060,15,-546,-2285,465,-994,-760,821,-2107,-2896,-4249,-2484,-604,1261,-1454,-1689,-1755,-3742,-995,3221,-2828,-755,-1359,-7349,-2650,3099,-7986,-1010,-610,-1027,-1060,15,-1752,-1125,55,-512,-1700,-2160,-1827,-2447,-2982,-6481,-604,-1814,-4570,-2320,-7575,-4530,2220,7458,19979,-1925,-8740,-8247,2220,7336,21734,2380,8222,6040,5913,5256,7345,6040,2680,-2814,-4580,1686,3545,-697,13044,9575,792,1910,-7349,13320,10559
12/15/2023,2053,4011,9169,1450,4324,6461,748,8618,3172,61,4281,4983,5356,3887,12317,3805,3195,3565,1642,365,9005,4240,-2200,-3210,2465,1707,8315,2045,2536,-7323,520,6116,7716,1450,4771,4426,1325,5746,4426,-250,6650,14263,5356,9535,20889,3805,6950,1110,1540,-365,7515,1918,-12874,-38243,2260,-365,7515,1718,-12874,-38243,5095,-3699,5095,-3699,3585,-3699,5095,5199,18652,11741,2090,1271,10803,-4014,2881,-994,2919,9173,-719,-994
12/18/2023,1635,3679,8633,3591,5226,12440,2302,4028,3750,1830,4851,4685,-193,-951,-8272,1413,1547,2664,6576,-1865,-7533,-58,8455,-820,-132,-627,-1756,6169,10186,-5948,2835,5662,10472,3591,5242,10472,2554,5045,10472,1769,4122,13038,1952,3380,4856,1413,5359,4902,6719,12738,6344,7366,12512,19330,6124,8081,6344,7366,12512,19330,7228,5416,7604,5778,8103,5416,8127,13011,-6525,-8990,5203,3633,-1804,3288,-2286,-752,-6910,-515,6774,-4795
12/19/2023,1390,3755,3603,1775,3056,3603,96,3576,3603,1111,2416,3603,3759,4430,4185,4783,8805,12497,5266,5686,14620,670,3334,3460,1930,1668,4985,2035,4028,9143,2435,4341,9035,1775,3056,9035,96,3056,9035,1235,3321,11295,3759,8019,5707,4783,10156,20999,5266,17471,25910,4940,24375,66420,4596,16771,25910,4940,24375,66420,1901,3732,1901,3732,2186,3732,1901,3732,-3250,1638,4114,7411,5631,6766,5241,7110,-5250,4033,4300,7110
12/20/2023,979,1005,-467,1280,2183,64,893,481,3603,1240,5068,4308,-260,-2954,-7558,-1331,4134,-7471,-1314,-1996,-8996,-635,-6620,16014,-782,-533,-1032,1525,3980,11813,1165,4038,19491,1280,2183,18946,893,2103,18691,1680,3808,4513,148,-2946,-12330,-1331,-5584,-11765,-1205,-5213,5749,-2210,-16035,-30725,-466,-5973,3909,-2510,-16035,-34030,1575,1804,2071,1462,1250,658,2721,1217,-3153,-8090,-6990,-8512,-2422,-8984,-7000,18315,2089,-4072,-6835,15484
12/21/2023,564,2063,-1268,2003,3588,2546,1869,1430,4949,2295,4994,8194,-491,-3609,-6604,-314,-3680,-7360,380,-786,-8710,1857,191,-2262,2209,1216,3402,1636,-307,376,2329,5494,7570,2003,3588,7390,1869,4295,3990,2040,5249,9487,-298,10,-5155,-314,-1628,-8776,380,-1159,-8657,3414,-8178,-33031,59,-659,-6368,3226,-8178,-33031,4161,6195,3218,6195,3380,6195,3631,2747,-3915,-7401,-325,-4390,-1670,-1996,-6595,-6180,409,1744,-6846,-1797
12/22/2023,1360,-6715,-7655,-2575,-5605,-8713,-741,-5994,-7490,-995,-5634,-6272,86,2723,-403,-3120,3306,-2083,-1664,-505,-8315,-495,-6660,-895,-2105,-717,313,1280,-3029,-2991,-2505,-7060,-13855,-2575,-6795,-13855,-2515,-6555,-12760,150,-7755,-16855,258,-902,-1892,-3120,-3195,-2468,-2473,-5185,-9461,-6535,-14525,-44770,-1493,-5330,-9461,-6535,-14885,-44770,-5412,-6009,-4788,-6009,-5412,-6009,-4788,-7695,907,7700,-5868,3720,-2920,6767,-6830,-5134,1517,6905,-6825,-5134
12/26/2023,-2180,-1978,4228,-2230,-2464,2040,-2205,-1810,7911,-985,-2198,7468,-5995,-5625,-5581,-1145,-6000,4624,-2909,-505,-2055,-578,8533,2472,-735,-765,2153,-772,9475,1212,-2230,-2464,9479,-2230,-2464,9479,-2205,-1059,9479,-1640,-3431,3484,-5355,-10390,-11300,-1145,-1294,20287,-2909,-4440,14477,3429,24943,110317,-3255,-4555,14477,3429,24943,112337,-212,14478,-505,14191,-212,14478,-505,6920,-6970,-7741,494,16128,-6975,19989,5529,6317,-2602,8143,8691,6317
12/27/2023,2160,4925,-1913,215,1050,-1913,215,4445,-1913,-120,2970,-1913,2228,10815,11412,1221,10795,3877,973,4297,6162,3125,-1625,-3030,1362,1791,-1164,4590,-2710,-6700,215,1050,-810,215,1050,-810,215,1050,-810,2020,4410,-810,2228,8339,15263,1221,4527,4334,973,5692,5808,885,-5730,-23535,928,5032,8349,885,-5730,-23535,325,-1873,325,-1873,325,-1873,325,-1873,7919,4293,-2860,-4865,-59,-23,-4245,-5320,279,-608,-3170,-5320
12/28/2023,155,-4880,-8505,-295,-1420,-5798,-587,-5150,-6964,445,-1120,-7619,-1005,-4485,-7882,1120,-1315,-3200,1325,345,-7150,1585,11338,534,1384,790,1434,2180,10652,6045,-30,-2090,-7395,-295,-1420,-7395,-587,-1175,-6740,200,-4835,-9495,-1005,-7095,-13750,1120,696,4420,1325,1221,4924,8025,18152,59912,2820,687,4204,7540,18152,59912,-2265,2074,-2265,2074,-2265,2074,-2265,2074,-6865,-6343,2627,3892,2406,7608,10211,11310,-720,8558,14356,11310
12/29/2023,259,326,1140,-925,-5315,740,697,-2028,-5314,-560,-2467,-1145,3074,3081,16105,754,-822,-1678,2267,-526,-2864,1155,-6289,-2488,571,2204,-150,2167,-6550,-7766,-1030,-5038,-3066,-925,-5121,-4030,-186,-4460,-4030,-348,-2730,-39,3944,7329,21329,754,1999,7797,2114,344,7656,-2990,-14634,-24836,1704,391,7146,-2990,-14634,-24836,-834,473,-660,-3116,-1535,473,-1652,-5331,7528,17822,-1385,261,1364,4006,-4992,-8106,870,496,-5208,-7686
1/2/2024,2595,4164,903,2425,3464,884,3083,4098,14159,2755,7102,5069,1862,8152,8544,5566,12708,24650,7489,18449,23635,6675,20910,-3273,2559,6055,1575,7881,22656,12935,1310,3139,2034,2425,3464,3674,1694,3509,5419,2600,3075,-1197,1862,7261,14134,5566,13217,25413,7489,18358,36049,14634,35209,77726,7004,16398,33589,14634,35819,79856,6078,13483,2081,11362,3946,13483,3186,766,7011,14629,11772,25223,9197,33212,11994,12139,6937,10122,9019,4769
1/3/2024,1055,5606,3422,2030,-780,3956,982,1547,2397,-570,-458,2932,2790,429,-3992,4934,4491,4132,4623,-1951,3903,795,2024,-2702,3426,441,-968,665,628,1597,2005,-890,925,2030,-540,1745,1455,210,390,560,1186,2726,2790,2698,-2755,4934,3048,5458,5582,-215,2109,6790,9339,52166,5869,382,2705,6790,9279,52166,2804,3331,2804,3331,2804,3331,2804,3106,1307,-2117,5760,1799,3193,3293,10424,11503,937,-895,9471,15193
1/4/2024,747,65,-1285,1499,499,-1808,1965,-1241,6805,1555,-820,1910,505,-1181,1368,-820,-5000,-1918,1377,2743,-1461,930,-4038,4653,1693,1262,6399,-1865,-1167,2688,1750,1069,1564,1499,499,1564,1276,1071,2231,515,-2503,-2807,505,90,32,-820,-3175,-1752,750,855,-683,1502,-3785,-4715,1310,855,-790,1472,-4685,-4715,207,4499,-337,2446,207,4499,-2242,-1137,422,287,-2655,-3145,458,-1699,4537,-2033,2000,8701,1742,-2033
1/5/2024,1987,4901,6454,1683,5848,3263,2314,3939,4932,45,6847,9938,2758,3718,23690,2645,3910,18453,929,499,9064,730,-6931,-2980,1190,-1288,5925,1670,-6669,-7880,135,5617,9390,1683,5848,3125,338,836,3804,690,5217,4119,2758,6494,26686,2645,5287,18745,955,415,8181,-1475,-19091,-41048,930,845,7066,-1530,-19265,-41048,6408,1376,5321,-689,3869,-1550,5226,-1131,11822,25484,7663,13796,4981,14098,-6550,-7774,6182,5320,-6302,-6200
1/8/2024,193,2008,3078,2019,6083,4437,53,-224,11436,1800,5227,13852,-5890,-6560,-8071,-2905,-4171,-4673,-3321,-1974,-8965,2774,15254,12056,-761,-6910,-1218,1215,14048,28406,2069,6127,17435,2019,6127,17435,2105,6303,17435,1590,3992,10520,-6405,-13195,-26870,-2905,-3526,-4820,-3165,-3329,-2346,7098,21911,60356,-4245,-4225,-2346,7098,21106,60356,5532,13421,8221,17538,7618,13421,7405,5856,-6920,-8930,1215,520,-6659,1551,23307,33454,-1190,-310,13803,33454
1/9/2024,1987,6042,5662,4151,6919,6491,3923,5271,6473,2210,6138,9619,1961,-2891,-8350,2255,10020,14054,3007,-1580,-3132,2724,15997,-1235,-160,3106,-7030,4945,14882,-648,3080,5947,6039,4151,6919,6039,4107,6784,2624,2710,5127,7524,1961,1527,8358,2255,11210,18042,3360,10151,18090,4381,17213,24227,2030,11800,17235,4381,17213,24227,4732,-448,5390,-2180,7389,-2949,5358,2512,-6160,-8235,2690,12333,2396,2825,14142,4277,-6310,-7545,19556,4347
1/10/2024,1040,3688,6417,2281,8704,7509,1695,3128,5249,425,2893,6511,1972,2465,-5146,2805,2022,6735,4035,5586,-4526,230,3242,208,3317,2910,464,2782,2959,-70,2276,8965,16084,2281,8965,16084,2256,8965,16084,1234,4174,13817,1972,2802,1760,2805,5785,8026,4132,5934,6864,4664,12337,46601,3867,5234,5759,4664,12337,46601,4221,4073,4487,4073,4221,4073,1282,-986,-4014,-6707,2138,6032,-1698,12732,1744,-4437,-219,762,3445,-4437
1/11/2024,2235,2826,3002,1385,3476,3976,590,-866,5706,2215,4740,10639,3934,404,-4539,105,-4426,-1647,2917,-50,-5766,345,-1959,-2717,1295,577,5891,410,-1959,-623,1385,2920,9677,1385,3476,7139,1390,2400,5579,2578,4310,7392,2601,-1173,-1856,105,-2930,-2068,45,-4190,-3862,-6540,-10472,-6601,-925,-5315,-2752,-6540,-10472,-6601,1716,785,2032,-847,-328,-2604,3199,1362,1177,-3636,450,-5416,1023,-3464,-5130,-6892,1193,5266,-5140,-4958
1/12/2024,2945,1314,-4090,-580,-2182,-4199,162,557,-6142,-570,-2567,-4517,6108,11279,16674,3837,10635,4412,5927,4219,9012,520,-3970,1355,2882,2688,1246,1175,-3315,-8530,1065,-4235,-11450,-580,-3850,-11450,-1335,-5565,-11450,1420,222,-9205,6108,17630,23298,3837,13088,9887,5927,13259,15897,-2905,-6650,-13805,5442,12378,16845,-2905,-6650,-13805,-4612,-7115,-4612,-7115,-4612,-7115,-4612,-4385,9593,20501,4952,5244,4789,14209,-4392,-3786,85,5895,-2242,-3786
1/15/2024,1615,4255,4165,2675,4255,4165,2675,4200,4165,1910,4000,4165,3630,5505,8471,2645,3295,6063,5685,7805,10079,4770,6555,3838,3445,2530,4038,10210,6555,5263,2675,4255,4165,2675,4255,4165,2675,4255,4165,1835,4200,4165,3630,6350,8709,2645,4030,7420,5685,8905,11423,2300,7370,8525,5685,8905,11423,2300,7370,8525,-735,-1835,-735,-1835,-735,-1835,-735,-1835,2830,5006,2560,1700,985,-375,-3015,-6490,-975,4933,-3010,-6490
1/16/2024,2749,4475,3153,-95,1219,1087,1882,4319,-3460,1478,6301,-3460,854,1966,2816,-1174,-4611,-5732,785,-1518,446,-660,-6997,-2960,1356,2192,3871,185,-6922,-4281,175,2699,-2293,-95,1219,-2293,-370,-880,-5365,1703,1113,899,1239,2879,6400,-1174,-2769,-8484,685,-2595,-7193,-4112,-11385,-48014,859,-3025,-8243,-4112,-11385,-48014,4482,8374,530,-2646,3384,7141,547,-5192,6780,15285,1438,-820,753,-2130,-6223,-3112,1259,3444,-6264,-3112
1/17/2024,450,-2664,-761,-1410,-2194,-5412,-1499,-3625,-4287,-220,-3974,-1257,1567,2812,5824,2019,682,-5986,3372,-1665,913,514,-6992,-3893,2860,3855,1620,-1480,-2706,-8996,-665,-2194,-9421,-1410,-2194,-9421,-1410,-3843,-9421,-925,-3339,-10634,1567,7005,5861,2019,1775,-5022,1268,2313,-547,-2630,-5769,-17755,2509,3390,4406,-2630,-6404,-17755,1239,-4321,1164,-2099,1124,-4321,1239,-3537,3520,2712,1003,-5885,-2656,-4035,-6375,-3747,1456,-1562,-5939,-4242
1/18/2024,-637,816,-612,110,2785,305,-124,-20,2382,-255,1937,1496,2616,-215,5612,1990,-145,8116,2771,3008,4688,670,10496,1701,3501,2938,11334,-2390,6941,13161,290,2985,3157,110,2985,3157,110,3470,3157,-955,531,2406,3677,6166,9611,1990,3108,9460,3315,7070,16523,730,8323,26861,2705,5901,12681,730,8323,26861,2536,3555,3061,3797,2986,3555,3061,2220,7267,2816,5921,7245,-200,5065,16252,17331,-2228,14006,9414,17319
1/19/2024,1645,49,-2332,1430,3240,-1620,502,-1364,5389,900,2640,6554,-3935,-6500,-8995,-1105,-7000,-8960,-2940,-1995,-8860,3315,11139,344,-3295,-6400,704,1915,10290,17590,1420,3240,6719,1430,3240,6719,1430,3245,6719,1755,2975,3356,-3120,-10029,-23503,-1105,-3635,-8505,-2075,-4650,-11435,5555,11969,27700,-2005,-3505,-10300,5555,11969,27700,1790,4054,3406,5369,1786,4054,3406,-664,-6559,-7614,-1933,-8515,-6847,-7822,125,228,-6410,-835,9381,228
1/22/2024,1395,-933,-1878,-40,11,-1899,-718,550,-2976,325,616,-3447,912,2944,-4214,2030,1605,4930,3152,6354,12391,9715,16371,5171,55,2245,2779,5961,16371,12306,-195,-329,-3477,-40,11,-2857,114,-408,-2857,-1625,-1701,-3894,-899,-249,-6199,2030,1895,4930,2616,6758,9353,9379,27771,51800,2141,7278,11523,8849,27371,51800,-4131,-5660,-4131,-5660,-4131,-5660,-6772,-1045,-477,-3522,2405,5232,15463,10689,3370,7315,1700,-5323,7225,4201
1/23/2024,-650,-5855,-7928,-3036,-6994,-7323,-3036,-5924,-7453,-990,-6939,-7453,-1325,-4560,-2967,-2200,-5285,-7304,-1930,-146,-6379,-630,-637,4228,-1196,-874,-532,-945,-506,5469,-3060,-6994,-10419,-3036,-6994,-10419,-3036,-6994,-10419,-1435,-7900,-10151,-1325,-1002,-3959,-2200,-3445,-7873,-1930,-1914,-7825,-6980,-8302,-16152,-535,-1127,-8700,-6980,-8302,-16152,-4760,-7740,-4760,-7740,-4760,-7740,-3030,-7654,1071,521,-550,-823,-3636,1625,-3889,498,-1355,2212,-5435,498
1/24/2024,2410,-408,-4334,660,327,-1924,438,-2154,1846,1665,1950,-936,4805,-3750,-4566,1885,110,-6216,4606,-179,-4017,1870,2718,-1573,2098,4209,4976,1420,11795,-879,815,435,-2373,660,650,-2648,800,540,-2328,1150,826,-2485,3178,-129,-153,1885,-25,-6346,4592,2486,-7595,5820,7191,-7615,3777,986,-9855,5820,7191,-8885,876,4014,749,3910,-234,3289,-115,2403,417,330,1802,1278,-3416,-1595,-6849,617,2820,7624,-3672,617
1/25/2024,145,-780,-4324,-455,998,-4327,-473,-809,5370,-535,2298,2261,-429,-4535,-8927,-2129,-6610,-7585,-4479,-1997,-8998,-725,-4990,-1721,-954,-1108,-1271,755,-4175,-7872,-1365,935,2950,-455,998,4380,-510,1606,7386,-125,1390,-1599,-429,-5036,-11082,-2129,-7811,-14389,-4479,-12527,-20596,-3690,-16635,-22575,-3814,-11897,-20596,-3845,-16655,-24465,605,-2614,-721,2432,599,-2614,-806,-577,-3331,-7334,-5247,-6324,332,-8997,-6805,-8106,1745,2085,-6009,-7319
1/26/2024,965,643,-3136,1129,-1723,-3671,1272,3986,-6437,1590,-744,-6617,4721,4742,1339,4250,5665,-640,4607,-1998,-1840,180,-4346,-3113,2283,2871,8338,-50,-6845,-4483,1800,-2065,-6616,1129,-1390,-7076,1426,-915,-6951,929,-1107,-7674,4721,3147,-286,4250,4266,-36,2285,254,-6629,-1805,-9440,-21335,3718,57,-6629,-1805,-9440,-21335,-4547,-6219,-4547,-6219,-4547,-6219,-4547,-6227,6205,7868,209,-1586,1434,-784,-4097,-6205,2967,5708,-5372,-1234
1/29/2024,85,967,-4407,-960,2453,-5380,-960,-489,1729,-895,1593,2194,-4489,-6810,-8997,-3580,-6990,-8990,-4222,-1955,-8990,-535,-971,3357,-1104,-7000,393,1370,-273,6411,-965,2471,5583,-960,2781,5583,-960,2781,5583,-680,-1110,-5549,-4489,-10204,-19377,-3580,-5935,-11675,-4710,-4730,-10886,-2970,-1374,2207,-5330,-4270,-11061,-2970,-1684,2232,1984,4054,2584,3950,2294,4054,2274,-3420,-6175,-8997,-3015,-5384,-6938,-4427,-4315,-2925,-2204,-731,-4530,-2925
1/30/2024,1540,-2295,-4850,-695,-3212,-4920,145,-1395,-3303,-850,-4389,-4545,-1455,-1235,-7447,2358,9088,9465,2048,-1147,-3817,5946,712,-127,1981,390,1846,7736,712,1628,-765,-2922,-5005,-695,-2927,-5005,-605,-2682,-5005,205,-1155,-4870,-1455,-1410,-1746,2358,7759,9583,2212,6843,12334,3971,4104,11478,2718,6861,10810,3971,4469,11478,1254,-4350,-4291,-4485,1254,-4350,-4291,-5995,-4061,-7803,401,8508,513,5741,-1605,-5435,970,6789,-5618,-7279
1/31/2024,2280,5871,9561,5367,11081,8096,5249,6171,20152,4782,7870,15816,4694,2209,8014,4773,4990,8395,6253,7208,4525,1430,5979,-1596,4075,3670,7275,1390,4931,-3076,5527,9801,13865,5367,11081,12621,5249,10737,14376,4281,7970,6380,5436,7681,15447,4773,11177,15039,6253,12281,17078,5430,12894,18852,5878,11391,16049,5430,14699,18852,7409,17176,8323,21042,7364,17176,7153,6668,6446,13136,9795,15200,-1617,11434,2685,-1969,-840,13937,-2618,-5525
2/1/2024,270,-5376,-7362,-2235,-3705,-7685,-2390,-2270,-7023,-850,-5405,-6653,514,4312,-8080,1391,1863,-2894,-25,-1982,-7978,1085,-2821,-1158,-924,72,72,1115,-1804,-4469,-2220,-4805,-5245,-2235,-3705,-5275,-2240,-4400,-5135,-100,-3655,-8780,514,1470,-12805,1391,2441,-5667,-25,-4275,-11419,-2995,-4666,3523,-755,-2131,-6680,-2995,-4666,3523,-4152,-4211,-1990,-4015,-3398,-4364,-1795,-4367,-5579,-8592,15,-1451,4943,-8948,2509,-8930,-6525,1213,-6970,-8956
2/2/2024,2475,3768,6910,2520,5164,6724,3199,3939,5408,1900,3222,7230,1939,9961,-8956,2345,3949,3888,1855,6,-3182,4428,6482,-2002,461,-6445,-5391,3113,5264,-2719,2465,5252,7542,2520,5164,7496,3561,5179,7466,2620,3269,6470,-117,2156,357,2345,4694,3991,2351,7512,4262,7434,5567,20345,1986,8856,6699,7304,5567,20345,4554,2996,6406,3766,4412,2324,7005,4911,-3147,-8550,3946,1984,1313,-6010,10850,-5698,-5305,-7850,2218,-5427
2/5/2024,820,6256,3358,2873,5786,3739,1444,9622,4096,1415,6819,5130,-287,3529,3608,292,6857,6348,214,-1235,12333,-50,-4791,1377,1244,1225,1823,3315,-1758,-5535,2165,5724,6184,2873,5786,5451,2279,4094,5451,1535,6244,5919,132,4944,6189,292,5746,6348,543,360,7705,-1925,141,-9129,68,842,6114,-1925,1191,-9129,1253,3760,1311,2422,1627,3760,1622,3067,2913,3287,2767,1695,4021,744,-1849,-8066,881,1211,-5380,-1425
2/6/2024,1565,3270,6541,-217,3143,5713,783,1325,6396,1340,2888,5358,1652,3781,-2844,2090,6844,-2780,5004,-1125,6750,-580,-4497,-2120,3224,1718,480,10098,2394,-6849,1540,4468,5533,-217,3143,8351,783,4661,8394,865,4223,7052,1920,4817,-3866,2090,6636,-9651,3359,4324,4486,6824,5725,4650,4004,3572,4971,6824,5575,4650,3992,4810,3051,3575,3548,4810,3263,3665,3651,-716,1416,1686,5397,4685,-4589,-7034,824,1647,-3352,-5845
2/7/2024,2291,3256,2089,1420,176,442,1328,3293,-2135,225,4200,-1577,3360,4922,16595,3417,5508,7420,4423,2879,15901,3045,-6059,-2322,838,5536,3194,3575,-1535,-4293,2140,738,-182,1420,743,-182,1420,763,-182,4295,4412,707,3979,7766,19984,3417,4688,13453,4052,4580,16168,-236,-3277,1765,3441,4585,16168,-461,-3277,1765,-123,-4374,-340,-4374,-849,-4374,-340,-4683,5115,10899,3287,722,9611,3879,-6018,-6233,2028,1917,-6054,-6968
2/8/2024,2238,-790,261,-635,-1590,-1426,-320,2090,-6309,130,-1665,-6150,1236,4506,1057,49,2121,954,-362,670,-1842,6830,-3981,-1612,-520,2081,-39,-3980,-4204,-3792,-820,-2590,-6150,-635,-1590,-6150,-320,-2430,-6150,840,-1905,-3175,1349,4184,4711,49,1956,1396,-362,913,-4850,-10920,-17025,-16798,328,913,-4850,-11120,-17025,-16798,-3125,-8940,-3050,-8940,-3172,-8940,-4215,-6925,184,-998,-593,2371,5108,-4467,-1932,-1018,-1004,-7055,-2587,2461
2/9/2024,1327,-322,1727,-92,659,721,217,-1497,-42,-125,1113,572,-900,-3570,-7274,610,600,-1076,-506,17,-8603,5600,6668,-853,450,-1404,-1308,3375,9952,2517,90,482,890,-92,659,1076,-97,437,1076,-475,-865,805,-900,-3505,-7292,610,1578,-1076,501,1717,-5326,10954,16139,41142,-60,1017,-5326,10954,16139,41142,-871,-1959,534,433,-876,696,539,2593,-4234,-7941,49,612,-1081,1855,12098,-2935,-2193,-410,9830,-47
2/12/2024,630,341,-1960,820,1401,-335,650,2670,3060,-975,936,-2542,657,5,-6838,-1025,-2901,-8984,-1944,-1692,-8983,3845,7451,-3925,877,-895,10789,2630,9444,-6346,275,1341,-2092,820,1401,-1307,1250,1721,-1307,120,76,-545,657,3879,-13923,-1025,2031,-8752,-1700,-809,-18534,3130,1550,-10050,306,-244,-16174,3030,1550,-10050,-3164,-1066,-2595,-5549,-2899,-1277,-2995,-3410,-1615,-8274,-3959,-8775,-4523,-6228,17265,18034,-1401,9346,11555,18034
2/13/2024,1522,8379,10240,1660,3250,15512,1648,2377,16782,-275,5015,14215,2364,2793,1046,2325,4795,13358,3375,6068,11727,930,20383,1015,3130,3707,4462,2872,19643,13695,1147,3465,12029,1660,3250,11804,1904,2983,11804,750,1340,8082,1725,6265,9586,2325,6269,15872,3375,7476,18570,7524,22843,32557,3130,6776,19982,7464,22103,31757,10796,10047,6925,13003,10796,10047,6925,11030,1228,-155,8550,8691,6573,16603,8547,12308,5507,5897,5410,17932
2/14/2024,1164,997,-2475,-930,761,-1753,-1378,711,4193,890,1062,3650,4058,1711,-3259,1952,579,5454,1504,482,2025,920,4415,-519,1541,2838,81,1655,725,1752,-175,2135,5009,-930,1204,5009,-965,1204,5009,699,2860,2234,4058,926,-2738,1952,1582,852,1504,5970,-3552,1090,-3730,-18603,1454,5970,-3552,905,-4320,-18603,1314,3034,1477,3986,1676,3034,1060,2312,4579,5732,1758,1613,922,3895,6452,12408,3630,3201,4426,10695
2/15/2024,261,259,-2160,735,-578,-2044,1698,700,-5615,890,-868,-4403,465,4925,-5070,-1750,-4525,-6066,-2524,-1975,-8896,1740,-5465,-3907,145,-90,655,3845,-6264,-7466,500,-473,-2770,735,-578,-2770,670,-2218,-2770,90,-1153,-715,465,4652,-389,-1750,-3065,-14345,-2905,-5920,-19997,-2558,-17170,-55924,-2543,-5920,-19997,-2558,-17170,-55924,-2887,-6200,-2810,-7888,-2887,-6200,-2810,-3905,3690,-2273,-1989,-8935,-6348,-8987,-6065,-8210,-2437,894,-5865,-8210
2/16/2024,1360,1764,-5623,1475,3169,7908,1457,2531,5318,1815,2791,7563,4775,1364,5605,4664,3029,4847,4966,4749,2385,3045,8731,3074,3438,3286,1170,2175,8660,24396,2380,2325,-1365,1475,575,-325,645,1005,816,2060,872,-3282,4775,6139,5397,4664,6313,9583,5180,9708,12468,6000,7543,23117,4770,8348,9678,5705,7233,23207,9523,12535,6400,13649,8232,11965,6720,8821,4486,3385,7222,3368,550,11146,14361,8651,3845,2882,14440,21370
2/19/2024,2195,5215,5094,3695,5215,5094,3695,5215,5094,2330,6140,5094,4590,7625,9569,4970,7575,7610,6360,6010,10965,1630,6345,1880,3795,3575,2105,4800,11005,3145,3695,5215,5590,3695,5215,5590,3695,5215,5590,4830,5335,5590,4590,8190,9569,4970,8235,9795,6360,10755,14325,8535,13490,18145,5595,10755,14325,8535,13490,18145,-4005,-5040,-4005,-5040,-4005,-5040,-4005,-5040,1055,3608,2830,2605,4625,5270,1905,-140,-945,1935,3865,-140
2/20/2024,193,6551,8315,1550,5770,6982,1666,5475,7307,1135,7479,15166,1050,2024,-2723,-665,-1830,-7756,1343,-427,-5436,1298,-851,76,2015,2691,2402,841,-34,-4839,1400,5596,6144,1550,5770,6282,1768,4914,3081,1270,8185,13671,1050,1284,-4781,-665,491,-4331,1343,-1486,-7248,-1889,3293,-13827,1783,1453,-5934,-1889,2518,-13827,2349,4518,1821,486,2003,7487,72,2605,3174,-3113,-434,-7843,-1047,1985,-4654,-4604,216,807,-3172,-1186
2/21/2024,-85,2508,1946,935,3080,-497,787,1377,9606,1830,4400,9606,2257,3494,21442,4107,2747,27988,6584,14349,-2929,994,4726,-2,3515,2218,9794,-225,5552,-3095,1800,3015,7996,935,3080,7996,965,3080,7996,1439,2612,952,2435,9890,23967,4107,9575,18681,6584,14070,22176,5134,2545,10295,7558,13125,22176,5134,2395,9135,4176,12858,4176,13586,4171,12923,3676,4631,9138,13876,12873,28944,2936,31404,-1159,-364,708,9745,-5245,-741
2/22/2024,-198,-244,-4666,2055,2684,-1716,2033,1414,-738,-200,2230,1352,-5585,-250,-7716,685,-585,-3928,930,-961,-8980,1902,7945,2436,-265,-1265,-3855,1865,4437,3996,1590,3050,1766,2055,2684,1821,2855,2659,1761,600,1465,-354,-3735,-8636,-16073,685,-1566,-2479,930,534,-4422,6974,13022,32630,1316,3823,-495,6856,13022,32630,1193,-969,1677,752,1428,-894,1933,-2794,-6900,-8980,600,-956,1617,-5054,10579,3743,-6600,-8995,14745,-1586
2/23/2024,1726,999,-354,91,-1632,-120,2179,-2451,471,-580,-511,1922,2241,2315,4975,1324,1108,4525,115,2014,1043,-795,-2411,-3475,997,2192,-1257,4513,2186,-6264,275,-2094,1074,91,-1632,3074,1101,16,1414,485,-1275,-951,2241,3160,7266,1324,-19,1816,907,1316,3907,8684,12041,45346,887,1316,3674,8589,12041,45346,1532,2424,1636,2637,1413,2424,866,4136,5080,16003,295,7994,2472,15176,-3352,-5240,-1549,280,3640,-5240
2/26/2024,1705,-1047,-1788,1102,-4383,-1817,1117,-1513,-3848,1488,-4873,-3848,4654,1474,4572,2055,3207,1618,845,2069,-6345,475,1976,3398,3086,-43,-3863,905,1398,11684,1532,-5063,-8608,1102,-4383,-8608,1117,-4383,-8608,1142,-1759,-7808,4654,4943,7740,2055,893,1181,845,-610,-3498,-4410,-16610,-37862,2792,-1523,-8038,-4825,-17545,-38472,-2368,-6650,-2368,-6650,-2368,-6650,-2368,-5859,4261,11453,259,7009,2174,5085,3145,13943,3650,7973,3017,13943
2/27/2024,150,2471,7543,791,3769,6640,724,2388,3171,-885,2705,1274,1046,2964,3010,5355,6928,10422,2618,920,10610,955,-4518,-1213,2775,4434,4626,2850,-4518,-5210,925,2705,401,791,3769,401,724,3199,401,-1250,1592,3574,1559,1744,4182,5355,6986,10691,2618,4001,6836,-619,2583,741,2388,5538,9026,-619,2583,741,1221,660,2468,3165,726,660,3345,3095,-173,1610,2639,2820,4402,9686,-624,-6610,1501,2394,-4974,-7270
2/28/2024,4925,4596,3573,5055,5931,5687,4764,6172,-1262,4045,7627,518,3300,7125,14784,4836,8781,-1322,3586,8644,33143,2334,5985,-3780,4101,6148,1668,2464,8387,-3567,4465,7418,-41,5055,5931,-41,4455,6205,-41,5015,5780,-665,3300,5339,18214,4836,3627,-1068,3586,13487,18254,1800,8731,-4899,2935,14074,19709,1800,8539,-4899,-3751,-1202,-4345,-3376,-5166,-1202,-4345,-2388,11151,19836,6448,-4984,8292,-146,-5705,-4802,4197,7880,-2334,-4802
2/29/2024,-156,114,907,535,3052,-625,-258,-1384,3350,-905,1986,2059,-838,-1591,-3545,807,2331,4344,-727,-117,-4491,795,6669,2717,278,1232,1426,670,5220,10591,510,3278,6421,535,3052,6421,362,3092,6421,425,1460,164,-719,-420,-4134,807,2568,10166,-34,2896,4823,3315,10737,39110,-427,2261,4823,2737,9877,39110,2360,4261,4483,3504,2360,4261,4483,-1826,-270,-4170,4830,4468,-2269,616,5858,15169,-656,10,2902,15644
3/1/2024,2517,2165,-2454,1900,2112,-443,815,407,1642,1708,346,3429,-5500,-6780,-8180,-956,-2702,-7541,42,-1995,-8928,4285,2032,-1587,-867,-6310,-842,4656,5211,13535,1845,1883,3862,1900,2112,3862,1621,1616,3957,2275,500,-420,-4390,-7877,-20018,-956,-1455,-4465,42,-2316,-6574,7155,8401,30029,-2535,-2017,-5564,7155,8401,30029,-612,3070,475,3725,-867,3070,475,-1211,-6245,-8590,494,-2629,-6987,-6067,2875,11363,-6980,-552,6127,4945
3/4/2024,765,4845,3666,860,892,1603,960,1707,439,1375,1320,649,5074,2863,31,4478,1998,-4773,6440,-176,-1143,955,1788,1099,3476,1125,3599,998,1379,-4940,1000,4482,-872,860,892,-937,960,1502,-1082,950,2493,-2493,5074,9574,-7293,4478,4491,-6313,6440,2009,-1625,8002,9511,37420,6034,2524,-4335,8002,9511,37420,-1975,5067,-1975,5067,-1975,5067,-275,5432,5269,7809,5150,2304,3540,6251,5815,5893,2117,5224,5845,5893
3/5/2024,2420,2042,3974,2679,7630,7144,4299,8844,19129,2545,5675,12682,2555,7842,10515,4528,6917,26731,4818,6804,27983,4490,11970,1520,2248,7020,-2809,1805,6024,-3724,2305,5070,13265,2679,7630,16292,4414,10571,18966,1960,1465,5802,2555,6294,19091,4528,9315,31639,5633,13449,41611,9333,14699,70218,4793,11523,38397,7902,14304,68875,4998,9979,5607,8888,7900,11958,6446,675,10484,8652,12493,22318,17747,38478,8511,2716,6260,-1604,2730,6726
3/6/2024,1630,3830,1899,3155,2574,5999,6840,9110,8570,1920,-648,1692,4677,3008,-576,1385,-160,-6253,1208,2964,-194,570,4765,-2774,2498,1144,4359,2570,3679,-3098,2165,1065,2151,3155,2574,5858,4587,9643,6775,1185,465,1823,2685,3052,5867,1385,1323,-14930,2265,2140,1920,3130,-5755,-32076,1950,1589,1215,3130,-6460,-32876,3511,7965,4864,9340,6875,14690,295,9585,4780,2960,-4403,-8856,-3449,2065,314,-4301,495,8039,319,-4578
3/7/2024,4010,10365,18169,3163,9285,20299,2203,8350,8294,2515,8154,10680,-1953,-1103,-6805,744,7504,2730,1598,1512,-3247,3575,16272,1665,-800,-1244,-1311,2975,20093,-1373,2370,9629,14117,3163,9285,14117,3812,9285,14117,2326,10202,22482,-1208,52,-4571,744,4272,2730,1686,6723,104,4415,24696,21004,1173,7954,2130,4415,24696,21004,5763,8158,6581,9816,5763,8158,5781,20143,-5019,-7134,-3290,-3634,2274,-4089,4706,1316,-6890,-7775,18855,-4282
3/8/2024,515,1295,1372,1103,1370,-605,-49,1801,-817,1390,2707,-5118,1979,-1149,-2712,1845,565,-8657,1469,-1883,-8158,570,-6755,-2244,-1432,266,2141,5285,11644,-7182,1390,860,-1859,1103,1370,-1959,175,-900,-2184,1590,495,-2884,1415,1707,-386,1845,3565,2278,2170,2175,-3365,4360,5247,12448,2770,1735,-1175,4335,4357,10863,2975,-403,354,598,1754,-1037,640,1747,4231,-7664,320,1969,-3452,836,-6995,-8540,13,822,-6990,-8956
3/11/2024,4180,4377,-4195,3535,-1535,-5829,5484,8365,-5203,2924,1149,-6680,3797,10694,12621,2405,6052,1637,3735,3989,9368,4352,-4880,-3935,2089,2165,2501,3225,4389,-8215,3735,-565,-12188,3535,-1535,-10188,4535,115,-11688,2585,1843,-8939,4522,10861,15434,2405,8746,2487,4314,3465,10345,1625,-1050,-42384,5364,2474,8353,1625,-1050,-42384,-5020,-6487,-4325,-6867,-2882,-6958,-4675,-6395,8573,12805,1171,1202,8621,3210,-6635,-6508,891,-50,-5470,-6236
3/12/2024,1700,3589,3575,1205,3042,3088,836,1665,5725,-500,4808,3878,-549,-6045,-4736,1025,-739,-1606,-584,-1130,-8170,825,6869,-3775,-36,3149,-1726,450,3542,4985,2089,4360,7021,1205,3042,3181,1049,2825,6781,635,4792,6890,-88,-5375,-6659,1025,2042,4341,163,1314,4810,3626,16623,42801,497,2333,3667,3626,16393,42281,3933,6346,3837,9044,5278,6070,4041,4469,-4126,-7920,3124,2154,-4114,-4365,8747,9265,-859,4313,6662,17754
3/13/2024,2824,2200,1223,2480,1145,-145,4031,2262,4211,10,256,5523,9294,10849,18229,5230,11292,24039,10599,15927,23444,6303,12590,2329,5746,6832,6623,7055,11235,8543,2510,673,312,2480,1145,-2345,3429,1415,-760,2154,1579,1783,9294,17514,25784,5230,14676,24800,9930,14795,28153,8460,3649,27529,9580,13995,28153,8460,3649,27529,1332,4475,1332,5187,706,4475,2335,2486,19159,28419,17460,23786,13145,15121,14538,-479,2656,4255,19545,-479
3/14/2024,1750,6550,16791,4260,9090,13070,4928,8346,19816,2260,8620,20280,2918,6536,2540,5510,10472,27245,3494,1189,17256,-415,22082,520,1453,5634,-1119,14751,13451,13732,3830,7000,18386,4260,9090,20175,5090,9680,20298,2155,6556,16515,1145,5097,17915,5510,12999,30549,3610,19337,48914,20809,32915,80972,3859,20392,41991,20569,32270,83257,3358,15183,2855,14461,4528,19948,3005,11102,7380,14109,14595,35000,12241,39340,3590,-196,1965,-8650,3967,-2491
3/15/2024,2130,1867,1333,2763,2235,-1337,1967,2105,-4292,2160,-130,-4789,8637,11959,15791,7888,14126,23982,10704,7666,31020,4295,10363,796,3955,2394,1127,5620,12300,7308,2955,2113,-2620,2763,2235,-2968,2038,2010,-2148,1735,1532,-3094,8637,13523,27012,7888,14963,24267,10704,13304,33143,10140,16289,31587,10586,11904,30738,10140,16289,31407,5562,-654,3789,-1136,5562,-654,3378,5790,15111,16824,14997,20349,22500,27416,-865,-7047,8912,5598,4628,9262
3/18/2024,313,-653,-2479,1805,1720,-5118,408,-1532,-1528,2000,2957,-1757,278,-3157,-5640,-1520,-3745,-8430,-1707,-1997,-6805,925,-4185,2795,-1032,-103,-5016,2765,-1780,-277,1585,1840,-1757,1805,1720,-950,1696,2320,-1085,980,2120,-3182,481,-1616,-8772,-1520,-4505,-14150,-1490,-3726,-15731,810,-3440,-10125,-1490,-3726,-15731,810,-4240,-10125,-1742,856,-1460,256,-1742,856,-1460,-1688,-1957,-3641,-6575,-7422,580,-8965,-6805,-3942,-1056,-8290,-2160,-4817
3/19/2024,-318,-1232,-5894,-365,695,-4265,-643,-968,-3314,-580,300,-5188,-220,-6220,-9000,345,-4083,-8995,1330,-1995,-8927,-805,-964,-3508,710,-154,-7065,1390,-33,7985,-315,525,-2141,-365,695,-1997,-350,805,-1772,-105,-1570,-4541,510,-2150,-8505,345,945,-6130,1965,2525,-3615,215,4489,17964,1265,2525,-4325,215,4489,17964,274,830,1537,1032,559,-931,1362,-1890,-6220,-8955,-3868,-8355,-5303,-8951,-6955,-8380,-1332,-8955,-6950,-8755
3/20/2024,745,2360,-1171,730,1030,-1130,730,245,3260,-985,2855,2790,-300,2411,-7911,-1904,-1883,-7865,-3092,-1975,-8938,-90,-6091,-3917,-359,1305,-3199,449,5671,3031,1535,1255,4375,730,1030,4260,730,1030,4260,1015,3695,3320,-300,-850,-9585,-1904,-7879,-1039,-3092,-5334,-3886,-2247,-295,-18276,-3661,-5334,-3921,-2247,-580,-19501,-512,3375,-75,3260,-512,3260,140,1410,-424,-7929,-6815,-8845,-1258,-8968,-7000,-9000,-2399,-8975,-4479,-9000
3/21/2024,1480,148,-3853,1136,966,-5536,1136,-704,-2665,1705,2812,817,584,-740,-8679,551,-1485,-8700,409,-1408,-8509,4675,-1015,-645,-397,-499,-6078,4665,-2645,-4578,1330,1548,1647,1136,1208,1912,1136,1503,1892,1618,216,-2099,584,-3935,-14963,551,-1030,-15973,409,-2550,-19468,2092,-721,-12832,-587,-2550,-19468,2022,-1036,-12997,-1555,348,408,362,-1761,348,-524,-4970,-5965,-8502,-5374,-8856,640,-8999,-6980,-8394,-3064,1776,-7000,1685
3/22/2024,365,-78,1131,-515,-35,-438,-139,-1280,-687,752,-1195,-2542,959,3992,3782,451,-1120,2617,976,71,-4880,685,-2900,-769,125,-805,-3302,181,-1720,-6671,-13,-35,-2156,-515,-35,-2156,300,-35,-2156,807,-1631,-3602,276,1480,8202,451,-1024,3269,976,-373,2395,-3930,-10687,6596,875,-858,2395,-3930,-10687,6596,874,-3076,-1640,-3031,874,-3076,-1640,-4112,6147,10315,1619,7872,-1028,6000,-3822,-7280,2753,-7750,-6950,-7280
3/25/2024,3013,5826,3655,3367,1342,2636,4813,3536,-3526,1615,2009,-2181,3316,3052,546,4227,1103,-784,4497,394,849,785,-4424,-2909,2758,3358,624,1290,-4193,-5382,3777,1667,-4807,3367,1667,-4807,3367,1667,-4807,2771,3156,227,3786,4668,12878,4227,3354,-1989,4497,821,-3736,2306,-11362,-60301,3760,-2307,-3736,2306,-11362,-60301,2630,-377,3852,104,2630,-377,3852,250,3433,3528,1583,-341,-2795,-4235,-6892,-6457,3065,589,-5922,-8092
3/26/2024,1340,-2820,-5224,-269,-792,-8189,-409,-4265,-1794,1200,-800,-2949,-1170,-743,-8682,750,-789,1156,1189,2419,-8933,1911,13939,16005,-1208,-765,-5514,1327,13939,20750,665,-632,-2650,-269,-792,-2405,-409,-387,-1495,1155,-4340,-10060,-1170,-3708,-11147,750,1850,3690,1420,4346,3177,10657,24145,60728,1420,3085,2192,10387,24145,59938,-75,-8735,-775,-8735,-575,-8735,-75,-7820,-6165,-8945,5171,2329,-500,3818,15299,19494,-6525,-8510,9831,18364
3/27/2024,300,3236,-2473,2566,-696,-4883,1669,3918,-3721,665,771,687,2253,2478,-2083,4578,4677,-3835,5644,4884,1397,1415,3260,5619,4335,1148,7672,915,9428,5564,1960,872,-671,2566,-696,-3721,1669,-2015,-3721,-220,191,-2403,3390,4402,2395,4578,6992,-7038,3358,6100,-7486,5955,-489,-56456,2288,5875,604,4280,-489,-43544,-1164,3088,-1310,153,-2639,153,-1170,-5971,2685,1574,1300,-1807,1909,-2011,-2370,2722,-23,5691,-2325,4603
3/28/2024,-249,-3033,-4778,-2480,-4959,-7625,-13,-1858,-5466,-995,-3334,-6610,2314,10476,2378,445,11999,-202,-616,-1935,254,7435,-1125,-3555,3178,5203,-952,15445,1404,-8501,-2475,-4850,-6610,-2480,-4850,-6610,-2480,-4850,-6610,-495,-3545,-7630,2403,4558,9769,445,1280,1026,-616,2001,-1642,15115,-3795,-25050,8419,3126,1038,15115,-3795,-25050,672,-8155,-625,-8155,672,-8155,-1125,-8720,1386,-2734,230,-5395,3500,-6310,-5060,-6436,3955,-3781,-3740,-6385
4/1/2024,974,-315,-3775,-1380,-1933,-2073,507,96,-5002,-985,-523,-3308,0,2338,-2541,-1065,1191,-3007,2286,3290,2102,3977,-3005,-354,3428,2738,543,3638,1980,-3754,-1960,-1173,-2457,-1380,-1933,-4094,-825,-1144,-3895,145,163,-1328,1504,8382,2377,-1065,-2266,-6851,1904,-277,-5919,-914,-10875,-36886,1774,-726,-7128,-914,-10875,-36886,-1337,-253,-1788,-3746,-750,-4433,-1758,-2543,453,55,-3127,-6146,-3505,-6811,-3725,-729,3310,5475,-2643,-2565
4/2/2024,140,-4419,-8840,-2895,-3874,-8820,-2860,-4557,-5985,-950,-4269,-5985,-3944,-5865,-5103,-5070,-5965,-3751,-5309,-1085,-2236,474,-1010,-393,-1514,-6360,-1318,1274,-1130,34,-2870,-3670,-5985,-2895,-3670,-5985,-2860,-3670,-5985,-428,-2798,-6388,-3944,-7546,-14482,-5070,-7151,-16206,-5309,-6936,-11116,-3370,-15835,-16642,-5659,-8751,-11116,-3370,-15835,-16642,-3526,-4870,-2810,-4740,-3526,-4870,-1315,-8140,-4548,-8313,-5260,-5425,-5414,-8785,-6925,-1719,-6180,-928,-6940,-3726
4/3/2024,1755,-1454,3164,1170,-217,1224,616,-886,8697,165,556,9881,-2650,-2477,-8612,-3665,-2284,-3700,-1697,-1570,-8502,-795,-3579,-3860,420,1105,761,1210,-4629,-7433,-905,-1197,2137,1170,-217,2137,-529,-1642,1385,-1520,-1677,-443,-2650,-5953,-12853,-3665,-7583,-14871,-5709,-9669,-20222,-9620,-29480,-68991,-6474,-10859,-18057,-9680,-29670,-69791,5344,13737,5016,12618,4968,7103,4941,6988,-5981,-8086,-6339,-1762,-2422,-3195,-3903,-8198,1207,3491,-5878,-8743
4/4/2024,2415,3681,-37,3005,4307,1756,3045,2627,6673,2765,6312,9382,4078,-1842,-4349,3823,2844,-1813,1402,-1202,-6818,5180,-6898,-3149,648,835,-1030,4579,5619,-8827,2485,4542,5275,3005,4307,5460,3045,4182,6695,3555,6264,6377,4078,2803,-5094,3823,6077,-9595,765,-1449,-14385,4069,2734,-31415,459,-2094,-15830,3984,1219,-37575,5220,9524,5520,12110,4955,9054,6690,3085,2306,-4018,4369,-8559,-2171,-7511,-6968,-8916,-65,2450,-6881,-8916
4/5/2024,1485,3573,-3127,126,-500,-878,2484,288,-4295,1956,1911,-4227,370,1888,3757,70,1428,-490,1555,-1009,-5954,3370,-3600,-2470,508,-340,5788,925,6310,-5001,2206,1286,-2634,126,-500,-2634,260,-470,-4523,130,-1330,-8413,370,2279,3939,70,172,-54,-328,1885,-2314,-1515,-8432,-30752,156,664,-3019,-1515,-8432,-30752,-722,-2805,-2280,-2946,-477,-2548,-2280,-1384,702,9406,1160,6391,5130,10848,-4083,-6929,269,5016,-3373,-7610
4/8/2024,602,-505,-2616,367,-2155,-1195,1103,2234,-2645,1000,1109,-5301,6686,7247,8420,3150,4190,5056,3470,111,5435,3605,-3275,-364,2678,3423,2283,2735,7726,-2244,-670,-2205,-6923,367,-2155,-6923,15,-1700,-6923,-460,3375,-4763,5013,4510,8174,3150,2844,4717,2093,3344,2655,-851,6129,-845,2590,-1134,-1315,-921,6129,-845,-5980,-6592,-5980,-6592,-5980,-6592,-6030,-7280,2835,8912,1257,3680,5530,6830,-6491,-7874,5033,1334,-6746,-6853
4/9/2024,1373,3012,-2652,2562,5362,1105,2291,199,-3323,-500,8456,-3313,2693,-161,308,2695,3069,-132,3192,-1110,-3021,-990,-3775,-2100,-1522,255,-1090,3996,-1905,1671,1835,7388,-2394,2562,5362,-4520,1658,3944,-9714,1430,1420,-6872,2145,8299,6929,2695,7392,631,3793,6937,2231,5980,13454,-38386,3123,7372,1246,5880,13454,-38386,6382,1354,7478,-1058,8434,2838,4965,2095,4801,5871,1500,-4960,-3851,-4975,-6100,-5425,-2670,-3553,-6100,-5595
4/10/2024,1453,4813,11156,1945,3889,8029,2568,4153,4456,1510,2705,5111,7638,9203,14337,7193,7959,12012,9181,5225,17085,2749,9823,5504,9557,3805,7588,2560,9650,-1213,2778,4312,8578,1945,3889,7923,2568,1347,7923,526,1846,7694,7638,12417,16148,7193,9120,10465,9394,7665,8866,4863,11640,-25477,9394,7484,10314,4863,11640,-25477,290,5981,815,5981,790,5981,290,10179,7127,4295,8054,4206,4052,5673,-2574,6317,4851,5781,-3210,6317
4/11/2024,180,-2296,-1724,825,-735,-1918,-645,-3706,-364,870,-285,758,-3315,-6503,-8768,613,667,632,-298,-1465,-8970,2705,14421,9662,-394,-890,-3945,2218,11432,15065,870,380,3348,825,-735,3588,489,-730,3543,30,-800,3127,-2835,-6890,-15878,613,952,1526,403,2366,-438,7253,15245,39319,333,1836,-1438,7253,15245,39764,-110,852,780,651,277,807,596,93,-6385,-8735,5675,1224,-2652,-857,17373,21857,-6280,-7645,19968,24607
4/12/2024,1265,-950,-7448,-1190,-3526,-6152,-1105,-3163,-7060,185,-857,-7280,265,6666,-2928,4696,7815,5334,3703,5129,11134,7779,15684,-1632,1135,816,-7070,8794,13553,1649,-80,-3035,-8862,-1190,-4290,-7917,-1180,-4720,-7807,-650,-3075,-12490,580,4405,-2956,4696,9747,3102,4015,5420,2596,10566,23561,-2289,3768,4310,4337,11422,23561,-2289,-2911,161,-3120,-747,-2656,161,-3375,-5124,2378,-3398,-411,-417,9923,1009,968,-7566,1594,-7047,-1975,-1569
4/15/2024,700,1385,3284,2096,2512,4835,1771,1766,3437,1216,2897,5154,-2682,801,-8837,1515,405,-8057,-319,-1085,-8963,4730,13188,-2380,-710,1187,-7145,3915,21042,11619,1685,3912,4733,2096,2512,4385,2029,3528,4936,1055,1932,4121,-2605,-6880,-20670,1515,630,-4392,-162,-1742,-7584,12125,21444,58234,1070,-4195,-12910,11885,22619,55109,1809,6835,3805,7064,772,6835,1355,3230,-6040,-7950,1260,-1417,2805,-8162,30736,18769,-6275,-8595,16658,28319
4/16/2024,4359,6500,12052,4050,3075,9652,5057,4990,8479,3494,4023,5956,4379,4893,25360,4033,6798,24711,5859,8170,30223,3206,7952,1923,3649,3861,5024,1545,5982,18738,4000,3060,6345,4050,3075,6345,4064,3061,6345,2785,4948,10987,4379,7339,29133,4033,7333,24957,5859,10193,31659,6661,14090,17806,5091,8355,29354,6661,14090,17806,3946,8872,4355,8872,3946,8872,4355,6751,11104,31043,10105,25090,10123,23062,1363,-4878,6847,6172,6526,-4999
4/17/2024,3240,6697,9381,4302,7027,10852,5244,6350,11368,2770,6830,13222,1296,1335,-7405,2699,5205,7123,4975,12208,-6437,9548,26569,3570,3440,7795,-814,8701,22655,10093,3525,7580,10181,4302,7027,11524,5244,6591,12766,2654,6830,12262,300,6130,5776,2699,4724,7817,4975,17244,23899,12167,26569,29369,5945,12274,22274,11867,26024,28527,5646,12988,5595,12364,5594,12339,6472,10110,-6964,-8955,4740,12561,12813,27233,8397,24825,-839,-516,11994,29529
4/18/2024,875,2725,-1162,2760,4500,-1765,2653,-307,2733,950,5325,2066,2810,2590,-3651,3445,4045,-618,4433,7983,-931,4573,13585,9194,2779,4962,1108,4530,15072,17420,2285,4500,340,2760,4500,195,2905,5041,230,2175,4347,3788,2928,7068,-3892,3445,6736,1321,4519,9766,7890,5838,16316,33416,3384,8256,5740,5825,16316,33416,1786,3618,3783,4857,3539,4217,2728,4361,6766,-1455,3915,25,-557,11268,4073,22603,5281,5226,17934,46553
4/19/2024,635,36,-3577,1775,2828,-1824,1448,-1671,-3683,1825,2560,-1605,-370,-5875,-7615,2100,2545,6735,1786,-1090,-8785,4966,19405,1473,265,-918,-8995,5220,17403,24845,2385,3446,-3544,1775,2828,-3144,1631,1087,-2559,1996,4360,-3630,-745,-5595,-8371,2100,5951,8195,2965,7355,5335,13390,26159,49085,3330,7219,6642,13370,25164,48745,2068,3794,2939,6164,842,3794,1479,5445,-6285,-8680,5775,11602,-878,2559,22244,56897,-3807,-8675,14986,43876
4/22/2024,1470,2006,-2149,1235,1206,-2383,1210,3183,463,1723,1201,-1147,873,454,6393,660,-3833,-693,3653,-151,-5472,605,-5799,-3983,2300,4382,927,1785,-6992,-7958,435,1321,2276,1235,1206,2293,1090,1136,2227,545,905,-3174,1719,4098,4248,660,-2037,-2675,1360,-682,-10633,-3210,-19260,-49562,2130,-305,-12631,-3210,-19440,-50412,-1174,1371,-510,1401,-1244,1256,-895,-2552,5491,-507,-1704,-2195,-2625,-3807,-7000,-8761,-352,-3702,-6995,-8711
4/23/2024,2038,4656,8443,2453,6139,9519,3557,4451,10935,3418,4136,9956,5751,5443,-7055,5593,7095,473,9062,39,4094,4495,6371,-3381,965,-781,-7055,4665,11001,-1730,2410,6269,10077,2453,6139,10818,3723,4651,12173,2638,4886,8535,6051,7629,2265,5593,7706,-1009,9043,9291,14743,12103,24751,38399,7428,7739,12244,12103,24751,38399,2322,3529,4032,3409,3836,5316,3107,5444,-4365,-3943,3332,-6404,-1256,697,-1930,-5201,412,-7245,1218,-896
4/24/2024,610,1689,-1239,-725,2282,-2229,1518,589,-4335,100,1883,-4406,1359,-54,-870,897,126,-3096,645,-1830,-1522,1455,-6506,-1835,733,243,-6320,2915,-4383,-6570,765,1147,-5163,-725,2282,-4644,240,1966,-4489,575,887,-5643,662,3538,7612,897,-2206,-8442,-1428,-2230,-7989,-5355,-16302,-44697,-970,-2395,-9039,-5370,-16477,-44697,-1570,-1688,-540,-572,-339,-1557,-1552,19,3603,939,-1042,-3364,-898,-5540,-5540,-5480,1380,-5432,-6530,-6610
4/25/2024,1960,377,-3986,1185,-10,-2246,792,-1950,-455,1195,-520,357,580,-3150,-7489,690,-170,6711,-1087,-1362,-3801,3330,-2611,2175,-1885,-1629,-1968,3110,-4283,307,2040,80,1412,1185,-10,2252,1090,926,2252,1445,414,591,-605,-4388,-4593,690,-1087,7151,-917,-2242,3073,880,2585,-435,-1255,-1077,-110,880,2585,-1385,-780,-4123,-269,-933,271,-3167,-190,-7463,-708,-8660,3865,2677,8365,-8440,-6460,-8787,-4418,-934,-6285,-6991
4/26/2024,2047,653,3485,3465,765,-184,2101,3814,1416,1300,1626,522,1871,430,6509,4103,3971,3938,4491,9187,15404,1861,1768,-2221,4158,1116,3496,3000,5725,-8764,3200,2129,26,3465,765,26,2987,2396,769,4530,187,1656,3519,5448,15640,4103,7658,5732,5063,14132,10389,1273,5155,-15318,3854,16485,12779,1273,5155,-15318,-3456,831,-3992,-1203,-3842,831,-3992,1038,5040,8572,2115,5213,12857,6598,-4348,-7418,2387,6700,4874,-8548
4/29/2024,3945,9383,14700,7678,10390,10083,8203,12515,15685,-135,11858,15723,4003,11193,29700,5800,14171,25495,7715,13310,19967,6635,6231,-1768,4795,3773,7907,2740,11017,8277,7605,10255,15939,7678,10390,15505,8663,9899,15747,4005,12175,12733,4003,14982,33815,5800,17589,35007,7715,22229,44761,6317,18436,45039,7810,20061,44761,6317,19471,45039,9013,8521,9594,8521,9032,8521,10539,6432,11089,25836,11670,20566,11189,27303,2234,1201,8773,11827,1373,1564
4/30/2024,387,-313,-7631,1400,1555,-7165,927,-331,-5973,-580,3352,-4015,-647,-2430,-1802,1382,10250,8487,2236,1586,-639,5000,20329,15460,1296,2684,3010,5175,18705,33175,1445,1565,-1000,1400,1555,-995,1518,1980,-1185,705,-470,-5705,-1525,-3605,609,1382,1913,9072,2236,12920,8803,12854,26951,56998,2496,12920,7203,12669,26741,56028,-1815,-4610,420,-1626,-1815,-4610,420,-6715,-4722,-6272,3445,3530,323,3689,28326,40104,2511,4205,15577,36751
5/1/2024,2170,4695,15408,4252,5654,13427,4691,5615,16035,2640,4204,14466,7061,8735,21320,6970,12095,26860,8550,7193,29893,4176,10624,6390,6968,5410,5439,7161,5977,11424,2775,6304,15036,4252,5654,14506,4691,5737,15782,1320,2499,15732,7061,14511,38916,6970,13725,29300,8550,16753,38574,3336,8499,55432,8060,16753,38574,3336,7649,52582,5066,10659,4145,10885,6744,11104,4590,15391,10182,18340,7310,24743,5465,22329,3409,16802,5402,8568,3256,16136
5/2/2024,1460,1236,500,947,1395,2828,-964,2139,4192,2225,2055,7337,1486,3583,3086,-135,3876,-5634,-591,-1872,-4769,4063,-5872,-3190,1531,891,702,2160,-6565,-7720,1195,3096,7688,947,1395,6855,-380,925,4297,1760,3215,1336,1823,4192,5147,-135,1495,673,254,494,2508,-1415,-1746,-22078,346,-222,3317,-1415,-1866,-22078,1128,5314,384,524,31,368,1979,3106,234,-489,1130,-6141,-4548,-9000,-6910,-8840,233,5009,-6925,-8985
5/3/2024,1719,6237,2285,2566,3624,2829,3976,6683,760,1560,3096,310,4720,7635,9688,6564,7982,11373,6194,8171,17967,4028,2988,-3678,2001,184,7968,4263,8382,-4786,2855,3049,2316,2566,3931,2072,3976,3647,2072,2261,5051,628,4747,6438,11083,6564,6447,15865,6558,11689,13397,8595,9525,-13882,5133,9914,11405,8595,9525,-13882,648,-4360,-1231,-4886,3272,-4886,-1735,-4686,8822,15882,7743,13393,13963,8456,7279,-3336,3713,9489,5452,13123
5/6/2024,-500,-909,-2221,-762,1103,-2156,-948,-2489,3075,-447,1195,2720,-5770,-4288,-4507,-2818,-3414,-5036,-1673,-1035,-8916,85,12229,9545,-2725,-1356,333,770,9535,17307,-587,1094,8687,-762,1099,8687,-948,1013,8687,-490,-2616,-1768,-7435,-14880,-27586,-2818,-2509,-3519,-5201,-5051,-14050,4037,20539,51509,-6370,-5278,-14050,4037,20539,51509,3320,4730,2727,4730,2727,4730,2320,-1400,-7000,-7830,586,-416,-3854,-1727,11509,18540,-6985,-890,9172,18540
5/7/2024,865,609,-5025,2335,-890,-5340,610,4167,-4542,260,4105,-7989,-1265,3620,-5388,-1613,2023,-4283,-1183,822,-2231,5577,-2874,-2466,2852,4263,3529,1695,489,-4592,810,1185,-10345,2335,-890,-10345,610,-890,-10345,920,3140,-6996,-1265,2228,-2178,-1613,-1869,-9273,-1183,369,-12193,-9240,-20222,-36461,-824,1434,-12193,-9240,-20222,-36461,-267,-8785,-4720,-8785,-267,-8785,-4720,-7282,-785,-7717,-4694,-5879,852,-8994,-6089,-7668,2308,2341,-6047,-5133
5/8/2024,2358,1132,6345,1248,-404,6534,31,5877,3081,1010,25,-75,1812,2171,-2401,1296,-935,5269,1839,-49,3123,3401,-5420,-3120,-929,-887,85,3435,-4065,-6969,210,398,1102,1248,-404,1092,567,-546,934,1095,2221,7643,1812,741,9673,1296,369,10130,2058,3535,13506,2654,-1266,2062,1850,4595,13506,2654,-1266,2062,2928,955,-955,-1872,2332,1517,560,4354,1816,6101,68,-2035,1232,3824,-3765,-6665,1608,3076,-4860,-6665
5/9/2024,3891,6445,557,2645,2210,-3392,2436,6772,1962,-885,3160,-3397,3489,9473,15196,3854,8614,10942,3049,4183,17310,5376,-1602,-2236,2983,3370,1800,1531,488,-4188,4083,695,-1013,2645,940,-1013,2900,940,-1013,3223,5955,-4015,3773,7746,17290,3854,4475,12837,3362,9714,17271,4454,-6280,-15070,3898,10206,17271,4454,-6280,-15070,-3876,-7225,-3955,-7225,-3876,-7225,-3955,-8185,7715,9445,1559,1317,18627,-259,-1906,-4688,2794,351,-1851,-4688
5/10/2024,165,-5316,-4232,-3110,-5870,-5575,-1620,-2074,-4486,-920,-4334,-5107,290,2315,4686,1803,-204,-2877,-582,688,-1563,3024,-392,-1832,2496,727,-722,2584,-1874,-6594,-3110,-5775,-4690,-3110,-5870,-6905,-3045,-5020,-6905,-1620,-3161,-6425,290,916,7332,1803,-82,-4459,-2035,-1854,-4642,-7283,-18824,-53408,-250,-1031,-3655,-7283,-18824,-53408,-24,-6352,-2640,-6352,-24,-6352,-2640,-3156,-750,2850,-3289,-3486,1066,-719,-4375,-7410,883,3841,-5634,-6300
5/13/2024,-1690,-1173,3506,1325,-3185,2905,700,-758,259,-240,-1200,1138,4076,15083,12411,4121,9574,8494,5561,9138,26421,4430,9429,4368,2779,631,4151,3987,8250,13912,-655,-2175,514,1325,-3185,514,700,-3185,514,-2070,-2105,7174,4076,11939,12610,4121,7261,14157,5561,12823,21259,11079,24048,56012,6537,12878,21259,10789,24103,56012,-2266,-5344,-2266,-6203,-2266,-5344,-1406,-3236,9297,5184,6717,1209,22377,5084,7366,-62,14597,1549,9913,703
5/14/2024,660,810,-652,-10,2335,-371,-353,-283,2458,-125,1450,4021,-1402,-1773,-7839,-1196,-2120,-8009,-396,-1740,-8954,720,12548,6157,-1091,-2733,-4805,575,11208,10505,-75,2235,5344,-10,2335,5344,45,2435,5344,-610,1500,-336,-946,-1713,-7042,-1196,-1690,-3511,-275,794,177,4440,18564,34177,559,568,-1222,4440,18564,34177,3271,6170,3715,6170,3271,6170,3860,1631,-5144,-7815,-664,-3109,-1010,-2640,14853,23576,-2243,-7615,11484,23866
5/15/2024,1886,572,891,1509,4305,1493,384,-582,4386,1395,3607,6372,-1745,-6200,-8225,4350,-1055,-1555,2511,-1996,-8837,3935,20150,9489,-1679,-6710,-7234,2330,17363,27040,1674,4127,10523,1509,4305,10523,1659,4093,10366,1999,2247,2389,-255,-7810,-17860,4350,1024,999,3047,4046,2867,8653,24004,58959,1880,3563,2867,8653,24004,58959,3407,4308,4716,4763,4132,4308,4851,1085,-6770,-8155,3649,1522,379,4737,25332,28073,-6945,-8161,22156,28073
5/16/2024,-5,-618,-1474,689,-4935,-4007,-151,-1378,-4906,-350,-1049,-6270,-1130,-5150,-8986,-1326,-6230,-6787,-2926,-1255,-5715,-800,-841,3264,-570,-2115,-1411,-2969,2216,58,-175,-3496,-8946,689,-4182,-8946,-151,-4182,-8946,-455,-1101,-8646,-1130,-7713,-14926,-1326,-5873,-10384,-2926,-8713,-18129,-3840,-8046,-12226,-2225,-9243,-19269,-3905,-8046,-12226,-5116,-8596,-5116,-8596,-5116,-8596,-4765,-4229,-6965,-8719,-6030,-8888,-6997,-8973,-3445,-4024,-1841,-3130,-4575,-2348
5/17/2024,830,1299,4319,574,1868,4195,1245,2707,9221,1005,1473,7573,-1100,-1595,-2349,4260,2974,12570,3524,860,6834,7870,12706,534,275,542,1754,7480,12706,3903,780,515,8702,574,1868,9527,1245,3255,10612,1410,387,5130,-1100,-3943,-6069,4260,2805,13317,3524,2926,28064,10771,26644,99107,3524,2926,23339,10711,26644,99107,7393,11089,7589,11313,7393,11089,7589,7296,-3737,-6125,8515,28000,9473,29893,7160,1819,1167,7388,10770,-831
5/20/2024,2197,11139,3742,4954,8435,3715,5384,9438,-674,4251,6389,-3374,4849,13742,12607,5271,17845,6825,6599,12164,25506,1350,14838,-3514,1902,2865,1607,999,19072,-6870,3978,7252,-2262,4954,7252,-2262,5764,7547,-2262,2340,6114,8555,5200,14401,13779,5271,14885,9745,7447,21898,13595,3726,37103,-12643,7349,22358,13595,3726,37103,-12643,3080,-3113,3080,-6753,1945,-3113,3080,-1791,8603,5310,7943,-743,19012,-2659,2457,-7317,5837,2419,2713,-7317
5/21/2024,395,-2179,-2119,-1243,-154,-2014,-2275,-2887,-924,-995,-754,-70,-5450,-6125,-8516,-2950,-2575,-853,-3737,-345,-5403,50,967,663,-2300,-6980,-1857,131,1251,3662,-1435,-104,2470,-1243,-154,2470,-1460,-154,2470,-425,-1177,-2626,-5450,-11175,-17518,-2950,-3330,-1993,-3737,-4227,-8300,-1136,5858,43506,-3732,-4932,-8300,-1136,5858,43506,1379,3942,1379,7218,1379,3942,1379,3618,-6625,-8776,-369,2527,-4731,117,2177,2154,-6900,-989,-98,2154
5/22/2024,230,980,-5315,450,-490,-8425,125,-860,-3101,1150,585,-1366,-705,-5390,-9000,-2815,-3930,-8385,-3450,-1870,-8995,-945,-6990,-1201,-600,1679,-8940,-750,-3560,-5730,-345,-440,-2175,450,-490,-4925,-300,-2020,-4040,-380,1505,-5013,-705,-5119,-12103,-2815,-8780,-28085,-3450,-10525,-29345,-8425,-32815,-87160,-3670,-11295,-29345,-8625,-32815,-87685,-1125,6820,-1120,7547,-1300,5283,-1125,-190,-5353,-4980,-6970,-8500,-6984,-4985,-6920,-7485,176,-8745,-6870,-7485
5/23/2024,33,-579,-1463,1800,430,351,-777,150,-1137,100,666,-285,290,1755,-3249,3588,3839,4871,3546,4648,3009,-605,12330,3890,2559,7385,2600,-75,9598,11622,1280,-650,587,1800,430,963,170,1850,-207,1704,-286,-604,1542,3795,380,3588,5056,6943,3546,7637,7771,1531,14194,22659,3352,7242,4556,1615,13924,22014,1848,3854,2440,7911,1553,4854,2440,3081,1275,-160,6515,8605,1187,10740,13493,9218,5452,2984,7764,11625
5/24/2024,1170,6360,7207,882,5482,6809,907,4550,1079,-170,4372,4488,956,5437,2202,-2603,-891,-4584,-528,56,-4131,2644,-5971,-2218,900,1539,1120,765,-3979,-7537,665,4945,3991,882,5482,3988,1387,5312,4076,1015,6387,8681,266,-564,242,-2603,-6365,-15461,-2048,-6027,-13874,2333,-21960,-50101,-1586,-5702,-17909,2223,-21960,-50101,7638,2064,8301,1383,7999,2194,11730,10315,1240,5237,-284,-5723,-1463,-4702,-5809,-7618,1149,3075,-6134,-6385
5/27/2024,1980,1956,1499,2720,4883,1649,2748,1473,5692,445,4968,5692,830,-435,-3650,1832,3182,7320,3767,6276,6213,1510,8376,3480,1215,955,3835,2490,12438,7801,2725,4896,9586,2720,4896,9586,2748,4896,9586,2235,2459,4513,830,1630,-640,1832,5276,7658,3767,9571,8903,9280,16602,37154,3567,9571,8903,9280,16602,37154,3147,4096,3986,4096,3147,4096,3986,1731,-4475,-6850,1879,2686,-3477,3025,6752,7491,-5300,2295,1282,7491
5/28/2024,3615,6512,13564,3087,5608,11328,2660,6728,1691,4005,7471,3306,2331,8240,20308,1961,2700,17583,3919,5572,15957,6745,2135,-1331,3545,2628,9536,3325,1790,-3487,3135,4490,4875,3087,5875,1250,2660,2998,1655,3250,10947,8851,2331,11582,32800,1961,4118,25019,3919,9724,28249,-945,-6810,-5729,3545,8715,27004,-945,-7335,-5729,3524,5705,-47,2348,3457,3133,323,5861,16556,14037,10607,10427,9841,11295,-1418,-1074,6700,4471,-723,-2247
5/29/2024,298,1425,2096,1026,3207,2222,2069,-384,4154,495,1267,2965,2409,7203,2059,1050,4211,4337,2071,1140,2138,-395,-4020,1440,1107,2737,2763,-1150,2245,1780,1166,2680,4591,1026,3207,4291,2069,2834,4546,-445,1921,687,2409,1979,-2668,1050,1401,4850,729,993,-6438,-1335,-10490,-29878,2389,-347,-8438,-1575,-10490,-32283,4688,3728,1430,-1445,4241,3728,1430,2707,867,4066,320,4584,9109,3735,-2391,-3044,3452,10925,-900,-3044
5/30/2024,2559,1846,-100,1320,1485,4830,565,-325,3915,1165,3196,8109,830,-6528,-8901,3325,-2065,-2400,3292,639,-6394,3605,7444,14380,632,-1303,-8910,3220,6161,11923,2100,1500,6088,1320,1485,6088,565,1660,3278,2282,2186,8429,830,-2949,-13007,3325,-817,914,3585,2159,1046,9836,14308,36256,3442,1174,-1414,9536,14088,32406,2424,8792,4241,14932,2256,5982,4326,4097,-5641,-8961,-815,-2176,-6957,2293,4728,21986,-6555,-4097,3358,18379
5/31/2024,3282,679,3384,1602,7793,1856,364,-490,4434,1005,7714,4063,-363,10576,-5089,-276,16669,-4304,-1517,-1120,14733,-575,-6926,-2120,339,-592,-1619,1355,-2960,-1140,2216,7684,3852,1602,7793,942,2435,4902,-429,3381,8645,6387,-159,-1131,-5036,-276,19709,-5344,1686,-28,9397,201,-4359,-18409,1609,-1819,8376,201,-4674,-19689,4469,6294,5575,8370,738,4148,3652,6568,-2538,-4809,-2835,-4733,-555,-836,-6290,-2378,-294,-731,-6981,-3453
6/3/2024,76,-52,6601,275,3416,6127,-214,-493,1354,-570,3247,3238,-3980,-3980,-8815,-2235,-1942,-8815,-2850,-1110,-8815,170,-2037,-3205,-106,-774,-8815,-110,-943,-5488,1111,1920,884,275,2550,2050,620,765,1324,-40,-563,-6131,-3543,-7225,-14957,-2235,-5155,-13900,-3755,-5555,-14516,2380,5684,-8617,-2145,-4370,-13528,2380,5159,-9412,3033,5214,5338,4130,3623,5094,3990,4482,-5895,-8500,-5241,-8500,-2069,-8500,-6480,-7068,-4377,-8500,-4366,-1590
6/4/2024,375,-890,-1984,-2100,-3714,-3579,-1185,-316,-4541,-835,-3616,-3349,2597,3209,2108,2597,2540,2475,1809,3333,-20,565,-268,887,3047,-401,-1086,480,-1033,-1209,-1720,-6144,-11858,-2100,-7024,-10858,-1185,-7079,-10858,878,-3617,-8762,2597,3705,6458,2597,3135,6771,3314,4880,12152,1853,5346,12779,3062,3564,10843,1853,5001,12779,-6185,-1264,-6170,-886,-6185,-1264,-6170,-6680,2192,5921,884,6259,2265,11591,-384,-1522,953,-3136,-4598,-2126
6/5/2024,430,733,1026,1820,4702,174,337,-455,6405,480,3980,7351,-1010,-6113,-8570,1005,-4670,-2355,41,-1996,-8948,2256,25398,11008,-789,-6405,-6639,2536,18323,17658,1810,5408,9963,1820,4754,9945,1458,4774,9931,1460,4093,1540,-3350,-16150,-29275,1005,-1502,-838,256,-3768,-4851,9104,29916,69773,-1520,-2841,-5677,8784,29916,69773,5192,9499,6263,10247,5004,9034,6317,3030,-6575,-7805,1844,1529,-4166,-1409,22569,37774,-6965,-7088,13759,33683
6/6/2024,1050,-3790,-3682,-1048,-4156,1758,-813,2350,-3069,525,-1792,-2767,6205,8545,7975,8412,5040,13472,7817,9179,19770,6648,11835,3644,3020,2296,1953,4916,11835,5143,-5,-3841,-2323,-1048,-4156,-2283,-813,-2961,-568,716,-1814,1899,6205,1846,10182,8412,4043,13674,7751,8053,19144,6931,20065,43467,7850,7607,19831,6931,20065,43467,-987,-339,-4994,-3460,-896,-1024,-4830,-2014,6585,8640,4436,1777,7333,5206,-6674,-5253,3870,4419,1117,-4110
6/7/2024,485,2004,2139,2522,-19,3037,1514,974,921,1160,1231,-3147,2555,4295,2531,705,5385,-5075,-495,-667,3263,-795,2424,-354,620,5410,4950,980,5616,-1207,1775,1690,-4913,2522,-19,-4913,395,-1459,-4913,650,1927,1627,2555,5719,7148,705,4474,-4964,-495,4064,-6288,1905,5111,-34894,-365,5204,-4525,1835,4246,-34894,-146,-5101,-3725,-5945,-198,-5101,-2745,-5278,2178,3796,1215,-2808,3265,-4360,423,-3673,6087,3366,3301,-1675
6/10/2024,6245,6496,9868,7005,2875,9919,5141,7140,-197,4395,6087,1187,2838,6228,12192,3499,11699,19988,3746,10255,25317,4310,-2355,-387,-27,458,1308,8609,14619,-1003,7080,4520,2422,7005,2875,2422,5765,2431,2422,5600,6495,5562,2838,8878,23224,3499,8439,25021,4023,17807,32810,5865,13449,10346,3948,18902,34180,5865,13449,10346,3439,-260,3999,496,3439,-260,3999,6290,8649,5526,10857,12212,11641,11820,2099,-6675,3323,4834,7804,-5445
6/11/2024,-578,-3223,-2526,750,115,-4172,305,-3218,-1621,230,-1822,627,970,-3341,-8294,450,-850,-5112,-16,-2000,-8829,470,12225,4452,-673,-184,516,488,10426,23315,755,115,598,750,115,598,755,115,598,-495,-1965,-4716,1376,-5168,-12708,450,-1910,-4190,569,-835,-5579,4240,15780,39275,-153,-2115,-6579,4240,15780,39275,-169,1391,2441,2074,1,1391,2441,-5176,-5681,-5878,1287,854,-3422,2520,13418,11115,-1558,44,7157,14302
6/12/2024,3575,9314,22790,7100,15854,20640,8445,11524,19302,3650,7254,19339,8278,18181,55910,10802,22005,47534,12511,18645,33922,6053,13748,6708,4081,7642,7704,7560,19193,18929,6015,13739,19719,7100,15854,19719,8445,18864,19681,2155,6725,17497,8373,26460,57875,10802,29917,65131,13705,29587,62146,16179,39275,85779,11850,26810,60186,15469,38875,85779,12618,11226,6608,13210,12618,11226,6608,13013,29047,50048,26657,43693,19523,41524,10994,7682,9430,9277,14320,14639
6/13/2024,1877,4292,7270,2941,2447,5772,2781,2154,2314,1715,2322,4372,-2226,-5166,-4171,732,-2200,-6234,-3447,128,-7365,3133,-2229,-2357,893,-1158,-591,1750,-241,-6934,2691,3754,4839,2941,2447,5655,2172,1830,4170,2050,3037,4528,-2226,-4995,-7281,732,-2585,-5856,-3900,-8261,-13770,-642,4734,-16833,-3320,-4187,-12385,-642,4734,-16833,1523,5980,839,3502,4449,5980,839,6633,-1335,-4462,-1230,-604,-5901,-4964,-3389,-6531,1089,2307,-3327,-6531
6/14/2024,-814,-1574,11,-1303,-581,-3015,-1303,-2660,-911,-45,-1622,807,206,1895,-4539,872,5136,3711,68,-1272,2304,580,15032,5001,-1858,-3220,2010,610,13539,9822,-270,-581,1742,-1303,-581,1983,-1303,-581,1646,-995,-2588,-4158,206,-3763,-7908,872,3292,7713,68,-117,5534,6307,22319,48518,-50,-117,5769,6307,22319,48518,59,1799,936,1018,194,523,1071,-2107,-4779,-8342,3855,6132,3043,5914,13442,9858,134,2891,16181,8017
6/17/2024,2775,775,1951,2980,3655,996,2062,-1213,6534,2886,4045,5895,-1295,-6320,-8951,275,-2840,-2899,1054,-1505,-8332,4470,-5061,-1149,0,-3279,1272,2945,-4940,-8879,3805,3705,9519,2980,3655,9524,2620,3760,9424,3838,5280,7179,-1295,-3982,-8041,275,-675,-5270,1353,-80,-9605,4195,-3775,-15286,760,-1360,-12295,4150,-3775,-15286,3692,5375,3864,5527,3402,5410,4389,3310,-5010,-7811,-90,-4468,-6988,-4867,-2710,-8096,-2057,153,-2900,-7925
6/18/2024,2260,2929,1848,1908,1434,2087,303,3926,-1170,1626,3265,-1408,2528,7646,9343,1415,3782,3984,3523,7991,8925,3806,-839,-392,2708,2425,5094,3756,1306,-4300,1228,2316,-2996,1908,1434,-2996,253,-434,-2996,1218,7860,2522,2748,9129,13953,1415,4637,6090,3523,15234,6035,-1293,-1251,-22821,2882,14523,8120,-1293,-1251,-22821,-2550,-4815,-2550,-4815,-2550,-4815,3140,-2664,10232,8634,-2490,-1825,7907,-3756,-5370,-3391,3021,4847,-3605,-4742
6/19/2024,690,870,3075,1425,870,3075,1425,870,3075,1245,45,3075,3525,1580,7125,3420,3315,10047,5670,5411,14672,2360,9516,5175,2715,605,3983,1275,9516,12445,1425,870,3075,1425,870,3075,1425,870,3075,655,45,3075,3525,4100,7285,3420,5163,10778,5670,8145,15155,5800,12210,21725,5670,8145,15155,5800,12210,21725,-3430,-3505,-3430,-3505,-3430,-3505,-3430,-3505,1775,1390,2165,2130,495,790,-1065,-1135,630,2000,-1065,-1135
6/20/2024,1250,4042,2844,2168,2767,6405,463,3609,2656,2415,3314,3099,-2335,640,-7498,3150,8455,9044,3194,4326,-8715,7420,31654,28004,-564,-1755,-5243,7482,30869,56266,1860,3406,3527,2168,2767,6095,596,532,3936,2655,1266,1530,-2335,-1905,-1487,3150,6114,9044,3809,7922,18954,13515,32460,53025,2811,3408,4339,13515,33030,45735,3365,3225,4652,3476,2824,2652,2566,3700,-4105,-2703,4310,21419,7282,20163,19433,40441,-1662,-6823,17971,43849
6/21/2024,4637,3373,3885,4191,3688,3916,3232,5586,-4873,3016,2484,-4873,6350,10059,17662,6717,14131,4757,8339,5491,15241,7160,4234,3334,5443,7381,7280,9628,2369,6557,3775,4793,-4132,4191,3688,-4416,3599,3435,-4416,4590,5895,1940,6350,13114,18912,6717,16009,10270,8571,19089,22296,2127,9230,-781,8571,19089,22296,1927,9230,-781,3214,-2343,-1821,-2808,2089,-2343,-236,-2378,13649,18120,4608,2825,1908,8869,3070,-4310,9818,8779,8965,1176
6/24/2024,212,280,-3231,905,1597,-2282,113,-3777,4094,1320,1789,4217,444,1660,-639,2730,4206,8553,2426,1367,2990,3632,16697,9828,1173,2269,1485,2650,9388,24786,1730,1501,5635,905,1597,5167,895,1444,5592,450,-491,-352,534,119,-792,2730,4775,10215,3185,6283,7601,10554,21941,50893,2818,5927,8031,10544,21508,47143,-56,4706,1695,5689,1695,4706,582,-1630,3177,-1244,6978,15885,8397,10885,19203,29258,2,7715,9353,38581
6/25/2024,1600,769,3335,-285,1979,5554,-704,446,1422,-65,-1203,1427,1679,1380,-3687,2115,2267,8405,2875,291,2751,940,11744,7771,1450,-8,-433,1733,10866,18464,470,1819,7197,-285,1979,3768,-145,489,4393,-570,700,3595,1679,3332,-1663,2115,2959,8956,2899,6317,15533,6041,22038,63426,2868,6502,15533,6041,22038,63426,2732,4145,3200,4964,2762,4405,3410,5521,456,-2545,4090,7866,5785,9739,12364,19169,1234,4390,12720,19169
6/26/2024,1309,2865,4624,2785,1252,3302,2195,2879,-3610,2060,1047,-3610,4295,5882,22486,4265,5465,4130,5920,7860,21582,1210,7865,-3022,2940,1171,4318,1960,9430,-2553,1410,2827,-470,2785,1252,-470,2195,1667,-470,1610,852,2747,4295,14134,20433,4265,9285,3322,5920,7578,22389,4405,8310,-5569,6090,7455,22917,4885,8310,-5569,4722,2046,934,1272,1379,2046,4722,3780,9873,16469,2503,2863,5020,8238,-3955,-5525,2403,2268,-2450,-3925
6/27/2024,927,-23,-4514,-500,-1715,-2468,1474,2862,-4445,20,-2648,-7805,5318,16233,14826,167,4401,-4437,1887,3820,205,1121,-6205,-2673,2457,7902,1397,-1500,-4688,-7030,260,-3610,-9220,-500,-1715,-8375,1300,-1900,-8920,497,-1563,-2856,5318,18217,23707,167,774,-1748,2189,12316,448,-2220,-18270,-58620,1632,7417,529,-2220,-18270,-58620,-4251,-7661,-4494,-8206,-3531,-7802,-4470,-2614,14120,20500,-1083,-835,8221,-497,-6925,-8758,4019,9027,-6695,-8145
6/28/2024,-8,2910,1947,942,5865,1662,-355,2887,10209,1085,6022,6703,-1515,-3906,-6383,350,2642,2502,-1251,2195,-1172,-855,-6570,8910,-790,639,210,3291,11476,-8995,1355,6062,10748,942,5865,7845,399,5603,7685,825,2702,3298,-1515,-9476,-20819,350,3792,972,-1061,-4405,-1360,5255,12959,36721,-764,-5890,-5377,5205,12259,34062,4694,10699,3661,13221,6723,12037,3155,4120,-6685,-7449,-735,5577,168,2833,-880,40862,-729,-7420,-960,20792
7/1/2024,-887,-461,1277,990,2102,1981,-330,150,1840,670,1709,5471,560,-236,-1847,-340,-3475,-7560,930,-1910,-2185,100,7696,3027,-2020,-4528,-985,684,6012,-150,1119,2189,7352,990,2102,2885,535,2102,2885,1064,-1,1662,560,-1770,-6998,-340,-1956,-1641,1059,-1895,-2928,298,10694,20806,594,-5076,-1193,298,10529,20381,2091,5668,2616,1225,-90,-850,2596,3773,-1164,-1532,-1181,-4234,-1132,-8825,-6875,-8925,-1639,-3614,-1574,1232
7/2/2024,-79,-382,-1759,1045,1035,-1766,-554,-1962,3463,-505,1002,4741,-1543,-994,-8885,2670,3983,1891,-816,-1948,-4267,880,25135,3497,-3390,-6780,-8605,961,17494,25227,1035,1050,5043,1045,1035,4958,230,979,5159,260,-200,-1326,-1245,-9678,-21594,2670,1276,3174,-646,-4037,-5285,7647,28637,67169,-865,-2162,-5511,7647,28637,67169,2754,5297,2877,5951,2482,5000,3163,595,-6669,-8760,3040,3897,-1129,-2504,30913,34954,-6815,-8160,22916,31825
7/3/2024,1630,1753,2667,2770,5671,2150,751,3393,4871,2280,5448,7783,-4645,-4805,-7060,585,-1430,-4460,93,-1125,-8865,3265,11483,1379,-4635,-6825,-7060,1870,15954,10783,2580,6045,9798,2770,5882,9798,2842,5710,9798,1925,4185,2586,-4735,-10145,-20510,585,155,-1410,175,-855,-2370,6630,15162,31640,-515,-830,-2370,6630,15162,31640,5410,7687,5814,8338,5679,7687,6044,4014,-6740,-7785,-2355,-3865,-3683,-7777,9476,13498,-6740,-7785,6003,13498
7/4/2024,1925,4549,9695,4480,6124,9695,4480,6124,9695,3465,6124,9695,4885,9035,8935,5535,9925,13460,8785,8350,20645,4505,6425,4180,3290,2165,2260,4905,6425,7525,4480,6124,10213,4480,6124,10213,4480,6124,10213,1720,4170,10213,4885,8205,11200,5535,9380,14775,8785,15120,22790,13190,23395,39010,7910,15120,22790,13190,23395,39010,-3230,-3570,-3230,-3570,-3230,-3570,-3230,-3570,4625,4125,1775,2355,940,2105,-3370,-3220,-530,1370,-3370,-3220
7/5/2024,250,-45,97,782,2211,303,-749,-861,1868,463,-749,3638,-4690,-6675,-7491,295,-1208,-1389,1256,-1995,-8250,5455,18980,5399,-1365,-1048,-7491,5310,18245,14850,608,2598,6257,782,2532,6257,741,2071,6257,775,428,2152,-4715,-8025,-14462,295,397,-737,1505,2935,6344,8465,21485,50547,450,1535,6344,8465,21485,50547,2883,6487,4414,7330,3128,6250,4414,3865,-6790,-7385,80,-771,-5720,-2164,19126,20134,-6325,-7385,10888,19670
7/8/2024,1361,614,-1572,-363,-1480,-2670,-918,270,-6978,-500,184,-4980,1516,3760,17494,1240,1781,8417,3174,4505,25005,955,-1925,-3059,1253,614,9056,3120,3035,-7532,-303,-95,-4646,-363,-1480,-4646,-918,-2920,-4646,75,1541,1069,1516,7752,21753,1240,5401,13748,3174,9269,26529,-360,-3945,-4191,3071,8579,26529,-360,-3945,-4191,-3860,-6024,-3860,-6024,-3685,-6024,-2915,-4575,11709,13406,4570,7116,5886,6456,-2756,-6694,4597,6498,-5256,-6694
7/9/2024,344,2875,4465,150,1225,4888,-71,3238,1511,1485,5323,1197,-2103,-1566,-8588,-2229,-4110,-1520,-1295,-1177,-3926,2119,-4040,-2028,689,756,-1202,980,-4283,-2131,735,2240,1475,150,1225,2375,135,1635,3375,70,1910,6180,-1350,-3024,-4070,-2229,-3601,-1520,-1356,-818,3541,-645,-4789,17373,1164,-1523,3541,-645,-5004,19788,3311,1184,2063,1064,2036,1184,2063,3367,-5185,-8095,-4181,6371,3980,12063,-6969,-6106,2200,3964,-6034,-6106
7/10/2024,545,1900,4166,270,2060,4658,-500,-1667,-2895,-565,2074,182,-4316,-5030,-5415,-985,-3325,-3621,-1924,-1685,-2298,2480,9782,-2002,-141,-6595,-732,2400,12992,2837,365,1860,7140,270,2060,7140,325,1708,7140,609,-107,4844,-4316,-10098,-19044,-985,-2235,-4696,-1771,-923,-4003,5195,16881,45253,-2475,-923,-3443,5195,16326,45253,1452,4194,2055,5189,1652,4194,3189,3076,-6345,-6396,155,320,-5871,1735,12877,16221,-2621,569,5542,13829
7/11/2024,1415,505,-39,2758,2877,-988,2381,2437,939,2520,3173,3681,-3180,-5285,-8860,1093,915,-2417,3777,-615,-8329,-565,15105,4398,-1122,2441,-8860,6395,16455,30473,2010,1353,3433,2758,2877,4189,2357,847,442,2520,3173,3781,-1484,-5716,-15295,1093,2855,-90,4180,4555,-110,8669,15991,43013,3616,4360,-575,8669,15846,42504,-695,3598,904,4902,-776,1155,731,-1823,-6575,-8415,6969,-70,2632,-3746,18226,29253,-6130,-8415,16038,39208
7/12/2024,3429,3462,5618,5412,10757,7144,5787,3429,13062,3540,6171,10996,3768,-375,5848,4268,-2195,3007,8719,1986,-1282,1400,562,-85,6469,3580,-726,730,458,-644,5587,11096,7768,5412,10757,7772,5212,10131,7622,4521,4349,9671,3328,4019,5642,4268,6482,-2342,8226,9199,7125,7321,6246,-3831,9001,7821,7125,7321,6246,-3831,11370,16736,9211,15662,7539,17097,7851,8123,6051,7408,1591,-4017,-739,8170,-5036,1812,4108,782,-6258,6048
7/15/2024,2925,4098,13131,3703,8796,14765,6082,6965,16603,3532,7438,16668,2970,5286,21084,2365,6572,12862,3582,8255,15379,-970,-6950,577,2546,3229,1013,1760,12987,-2883,3990,6382,18256,3703,8796,14936,5925,10638,16296,2707,6352,14476,2970,7148,12197,2365,9639,15043,2080,9296,15493,3605,7035,29428,3540,8855,15413,3605,6695,28178,9078,10091,8488,9351,9934,13510,8255,10389,8918,18226,9590,22989,9440,493,2029,-8935,4261,819,6103,-1748
7/16/2024,156,2042,-5456,-653,-305,-3823,-1524,946,-6030,-580,3353,-4272,1151,801,-1318,-483,-498,-4655,1116,1839,-3003,1255,-5974,-2029,1207,938,3284,990,3632,-4383,-1100,-1025,-4375,-653,-1385,-4430,-1497,-3035,-7725,505,1416,-4666,1151,-1137,-598,-483,1015,-12532,1980,-2519,-12657,-1775,-4647,-10378,1020,-1444,-13427,-1775,-4647,-10378,-1716,-1528,-3465,-1956,-2181,-3488,-4186,-3722,-175,1535,-1863,-1602,-1036,-4314,-4445,-6306,-704,3703,-5855,6470
7/17/2024,1392,3346,1998,3382,6003,1588,2284,1711,5234,1937,1220,4634,2370,496,-5439,2050,2216,836,5105,9636,5945,4578,18865,11716,642,933,1247,3962,19735,31307,2722,6083,6401,3382,6003,6542,3140,6268,6832,824,1563,1772,2493,4956,-9301,2050,5766,1299,5529,13252,3708,12525,26859,68389,5328,10108,3579,12525,26859,68389,5128,5699,5651,6215,4726,5215,5322,3580,3660,-5864,6775,1194,5476,5908,19584,27776,993,1473,20604,31515
7/18/2024,1561,4995,17536,4570,11871,15590,4530,4484,19691,1420,5274,20974,1838,1926,-6965,2994,1204,27134,5863,-1080,12722,3435,15540,1602,-808,-427,-6965,2880,20205,8026,4105,9360,23641,4570,11871,14757,3431,7171,16618,1774,2397,15159,2344,5656,27328,2994,7264,31091,10392,12699,39221,12624,24066,54432,4929,9374,35116,12594,20739,53174,10869,15440,7550,14250,7870,14365,7515,7127,13269,10122,10439,16082,7196,19608,3988,10911,355,-4366,7744,10780
7/19/2024,789,999,2289,1422,643,2347,3044,1640,2514,1550,497,1786,5221,4413,-6585,1635,3989,5670,4303,-1120,453,400,7151,540,1672,1129,-7485,1900,12643,1114,795,897,3069,1422,643,1134,1547,981,1780,1215,-1103,-28,425,3462,7454,1635,4640,8275,3160,8456,11955,6701,14155,33801,2765,5763,12430,6686,13485,33001,1192,-590,1279,503,1126,1250,1009,-704,-4594,-6065,4325,6651,874,5825,4219,-2235,925,-2488,17457,18385
7/22/2024,3435,5259,4715,4063,8010,4550,5262,4640,3342,3236,8012,16774,3433,2202,13136,2680,5864,12444,3686,-127,-4251,2505,1145,3044,3836,5300,9164,3035,-2504,-3436,4506,7752,8779,4063,8010,5815,3313,4730,5472,3941,7294,9268,4042,8038,16747,2680,5599,8222,4028,2327,6715,-2010,-6663,-27008,4035,3678,5529,-2320,-6668,-27008,5932,11116,7316,9332,3713,11116,5598,3178,4814,5054,1164,3030,-40,-358,-1500,-2718,4179,4667,-954,-6247
7/23/2024,1726,2703,-1484,1299,-3105,-3980,1240,264,-1029,2210,2110,-2128,6988,7194,6483,7176,5881,8392,4655,4472,18170,1930,-1292,-984,3347,4235,4815,2115,4992,-8599,2350,-1920,-4425,1299,-3105,-4965,1541,-2975,-4380,2095,950,-6619,6988,8007,2737,7176,8121,5819,4655,4468,5540,5609,6310,4149,3900,4587,1759,5409,5205,4149,-773,1354,1227,6367,-387,2311,887,280,13490,17059,8691,13009,6067,12072,-426,861,3294,2025,-872,-1007
7/24/2024,2185,2941,4759,3343,6272,2996,3558,-136,10489,2285,5307,11916,-1426,-6166,-8652,1523,-46,-866,-133,5195,-8655,5110,25995,32571,950,929,-848,4445,10846,40433,3160,6184,14989,3343,6272,14567,3558,6601,14405,2865,4820,10304,-4290,-12725,-27534,1523,-451,-2252,93,-1051,-8759,13231,28307,61861,1915,-3475,-11319,12032,27092,59456,8492,16037,8655,15992,8437,16037,7386,4752,-6910,-8705,2750,7514,-5300,5150,27344,59585,2572,7007,18091,50738
7/25/2024,1305,645,-2687,2511,5056,6307,1591,8573,7244,1586,1530,9125,531,2456,14027,1067,-1173,13,112,1634,3951,3025,5264,6589,2435,138,5093,1215,3348,-1749,2371,2530,10405,2511,5056,6454,2516,4676,6618,1965,2797,6905,531,1565,767,1067,-185,-654,707,1741,-2504,4430,-980,7302,1050,3040,12742,4380,-1270,4022,7041,11572,6025,9176,14939,5835,4485,-555,1336,-1741,1135,5788,2282,3013,4185,1309,3700,4685,5895,7388
7/26/2024,2855,3120,3724,951,-568,-341,2577,3720,5198,2475,5556,3425,3413,3637,4511,2655,4906,-2552,2300,-399,1351,3495,1247,1437,2478,2355,-936,5615,2935,4336,2531,2892,-4512,951,-568,-3567,604,-623,-3855,2020,3549,-3,3413,3665,9825,2655,-598,-5076,2300,-480,2140,-1845,-5643,-26573,2798,484,2029,-1845,-5643,-25193,-2507,-2957,-3197,-2366,-2298,-2957,-1599,-285,6747,17608,-6805,-1575,3529,4646,-4095,-3906,409,3447,-1839,3698
7/29/2024,3417,3074,1328,-865,-649,-5041,-1358,2973,-5449,-625,1772,-5026,3353,4242,334,626,2095,-4932,1818,-1505,-2665,-185,-3693,-176,-102,1447,3242,4079,1024,-4663,-270,-2635,-13250,-865,-2260,-13250,-1540,-2210,-13395,870,-1792,-11630,3282,7139,147,626,4047,-2517,546,746,-5780,3929,2608,-1183,-895,-2919,-5370,3878,3416,-1183,-710,-8745,-4376,-8745,-2054,-8745,-4986,-6730,9693,-2162,3194,-2353,659,-1165,-5999,-2190,1991,2499,-6120,4647
7/30/2024,2311,2448,6624,4544,6267,7440,3597,-331,9500,2802,3767,9317,-170,1170,-8985,2135,6633,14884,2141,-1110,-8970,-570,19197,-3945,253,-3278,-8985,3710,18080,15588,1966,7010,9870,4544,6267,8597,3597,5913,10243,2852,4507,12097,130,3332,4815,2135,9753,13633,3062,9698,13774,7936,17546,23054,3002,6282,6493,7916,17509,21153,9902,23536,10208,23801,9929,21471,8716,11622,-6305,-8985,4858,10139,3298,17329,10567,8757,-6305,-8985,7882,7715
7/31/2024,820,3177,11519,3565,5050,7812,2665,2210,9969,-585,2185,11099,6290,7533,3838,5646,10651,17877,7500,7691,10162,2749,5688,11102,2395,11961,2156,6209,2634,11965,4432,6432,13486,3565,5131,11394,2671,4806,9980,3117,887,10835,5125,12803,19965,5646,15600,25722,11000,19745,35717,10449,14436,56876,9254,16720,33542,10159,14321,56041,2372,16308,4775,17485,2920,14621,5483,8712,9608,8771,7711,15949,6881,32109,10185,17988,1433,646,12318,20783
8/1/2024,515,1202,5042,1085,3320,7382,699,302,8194,1545,3518,5567,-2520,-4985,-8895,685,-840,-4659,3424,-1105,-7329,9935,12885,-2400,-205,-69,-8885,8820,16457,15994,1635,2040,8557,1085,3320,9976,1094,4214,9306,1715,1665,9883,-1890,-5360,-15147,685,455,-645,2971,1710,-4395,10520,12885,18442,2620,-2445,-14445,10510,14647,17285,3380,6634,4358,8593,5727,8801,4720,2431,-6961,-8180,1375,-2554,-2312,-8961,11177,-6601,-781,-8360,8468,12267
8/2/2024,-215,781,2703,-200,645,205,2133,-1596,-3792,-310,-635,-214,4172,6195,17229,3526,5286,10822,4601,-1090,7244,-560,-6129,-2065,1780,3920,665,2065,-309,-5886,-225,-2100,-3760,-200,-1140,-3760,-235,-1160,-7140,-920,-1520,-3780,4246,7476,17932,3526,6671,13368,3556,10078,14194,4365,6871,-10988,2375,9335,16224,4240,6801,-9743,2034,-4391,-675,-4432,484,-4391,-360,-3486,9848,19296,7550,15418,6601,10904,-5059,-4825,-2125,904,-5110,-1066
8/5/2024,970,1755,1548,2330,3916,3868,1663,3677,9800,770,485,-3845,2974,1117,2701,7014,1398,7144,2430,-1146,3338,-580,8656,-2360,2886,1823,-20,3060,6250,-6749,1030,2630,2663,2330,3916,4605,1535,3394,10453,770,470,-1805,480,220,-8945,7014,2364,-1849,1530,2385,-310,3080,8795,-14764,1770,4150,-7327,2885,7665,-11294,4245,9262,4315,13865,6030,18718,2445,4825,-1880,-4085,2644,-5291,6456,961,8956,2610,4534,-7715,5563,514
8/6/2024,785,-2220,6414,2240,1825,-328,2014,-93,8690,-580,55,4567,4075,2696,3949,4184,3800,11165,7197,-1075,21635,-580,16430,-2380,4570,977,913,3565,8081,34525,2465,1950,1809,2240,1825,1661,2170,1681,2524,1570,710,1842,4075,7295,15184,4184,4870,6064,8220,12319,17446,9775,19225,1573,7090,11069,14905,9675,19225,753,880,5614,2267,6967,2194,7831,1895,285,5005,7899,5985,20308,4069,16928,13769,5240,1017,5821,5786,17489
8/7/2024,2475,5530,-1455,2680,3477,93,2595,1714,3280,2880,6505,4500,1387,6,-8840,1496,1720,-7947,5221,-1960,-7668,5965,-6950,-3975,-2375,-41,-904,5985,12481,-8989,3985,5215,4615,2680,3477,4542,2895,3699,4707,3220,5855,2944,1387,-552,-14620,1496,1163,-8632,3778,3376,-3047,7865,11070,18840,1320,3080,-5801,7875,10815,12030,4865,5778,3769,6710,3181,5522,4515,2275,-5055,-8544,-6685,-8430,3713,-7837,-6640,28957,1014,955,12305,-8787
8/8/2024,1826,1806,132,1477,2270,-2036,1076,665,-2291,-580,1039,-990,4238,5395,14266,2795,5473,8073,5244,9639,5428,1986,3428,-1267,4240,-2063,1065,1450,4761,-1162,600,1955,-414,1477,2270,-803,115,473,-806,830,250,-7372,4238,6239,9053,2795,8084,8073,4481,5637,2857,3259,5934,-398,4785,3676,309,2904,5779,-398,49,-2346,1445,-2306,-403,-1884,1135,58,6485,12320,6232,6577,4968,11703,2209,-7385,527,-363,1232,-4713
8/9/2024,253,-222,-6161,-334,-3151,-7190,-178,846,-6695,-755,-3499,-7234,544,4461,6488,1425,2481,10550,1108,2906,7153,1675,5513,1956,-659,2981,-3808,1285,4344,-743,-429,-4755,-9115,-334,-4755,-8115,-442,-1573,-8655,456,-3665,-11405,1080,2289,8929,1425,2527,9324,2335,1592,12045,1370,6823,15521,2060,1763,11182,1365,6678,15521,-4475,-6169,-2036,-5820,-3310,-8138,-3630,-5290,4609,5080,5276,9991,2142,7008,-19,588,-1190,-7635,5446,-1137
8/12/2024,1695,3006,-586,417,-1917,-3496,2158,1982,-6678,-565,910,-3563,3404,4114,-5077,-1158,2729,-3115,693,14279,13623,4377,-2759,679,2916,-649,4613,4170,-6948,-5912,1117,855,-445,417,205,-2990,1299,2165,-8205,-185,-2290,-5635,1695,2656,-5234,-1158,5164,9970,-1225,6155,10641,3626,6756,29405,-840,6335,12844,3621,7871,29405,1310,-6516,-3778,-6037,931,-6516,-3778,-5845,2212,-2982,6899,5383,14679,-1963,-5809,-1862,1011,37,-6570,-8935
8/13/2024,1029,-495,1070,2028,3286,1287,290,518,6370,1873,4005,6567,-3478,-6650,-7000,1180,-1685,-3984,2252,-1997,-8933,4575,18773,6409,270,-6840,-7000,3385,14345,21274,2707,3266,9347,2028,3286,9317,1664,3241,8982,2287,3860,6595,-2990,-9555,-21955,1180,2425,3320,3000,132,45,10493,24404,67288,600,-375,45,10497,24404,67288,2434,9928,4686,10022,3457,9286,3546,4908,-6785,-7785,1657,-2383,-6452,-1086,17199,18794,-77,-7785,13095,15599
8/14/2024,1788,3833,6280,1936,2847,6591,792,5986,2213,1343,2936,2341,3759,4512,15882,2312,1255,6034,3154,3266,2688,280,-3845,-1132,2640,479,1113,-1260,-3405,-2594,1410,2492,468,1936,2847,468,698,1877,583,2105,5209,4252,3759,8399,14754,2312,3172,6175,3482,4347,7471,-2705,-6508,-5618,3112,3066,8686,-2710,-6508,-5618,230,4523,1064,4775,1587,4523,1639,6143,9325,17023,4107,5366,1291,8050,-1995,-7914,2414,449,-1750,-7914
8/15/2024,3711,8069,7832,4394,8714,8081,3512,7175,6412,5341,8858,8165,1150,2759,-1397,2677,5397,12780,5935,992,-2839,3420,4382,32,-165,-6545,-7075,8440,2541,5922,5065,8714,7285,4394,8714,7249,4267,8591,7283,3790,9981,8962,1890,2125,-613,2677,5172,13108,6109,10233,9434,11973,9030,36516,5805,9339,9434,11323,9030,36516,5740,298,6890,1835,6081,624,6635,7497,-6825,-7890,-1902,5431,2775,-529,-440,15534,-6795,-7890,11018,6187
8/16/2024,1780,3010,10854,1570,1755,8676,3085,3059,7148,675,3190,5355,2957,446,-6671,838,-3651,-8545,584,-1879,-7920,490,-5832,-3059,2591,-1546,-3730,-2255,-6159,-7732,2104,1565,6113,1570,1755,7024,785,2750,7944,1798,3296,11243,3172,-1714,-1094,838,-6453,-13170,914,-6648,-14120,-4135,-19674,-41600,1016,-6715,-12378,-4135,-19510,-41600,-1440,6106,-3906,3914,-65,6375,-3673,2192,-4755,-8164,-5415,-8009,-2661,-6284,-3290,-8101,-3883,-6254,-6803,-7249
8/19/2024,480,1057,-1174,1305,2095,-631,-113,-148,1234,1040,1961,952,-5230,-6225,-8961,-1425,-2815,-3280,-2587,-1996,-8957,1855,16821,7513,-941,-866,1177,614,10142,25724,1575,2095,4839,1305,2095,4839,1310,2110,4839,1478,2095,4839,-5230,-11036,-24131,-1425,-707,-2332,-2583,-2296,-8767,6317,19841,48600,-2811,-3055,-10342,6317,19841,47025,2179,2421,3718,3534,1173,2421,3718,2248,-6274,-8996,2368,2784,-4963,-883,19877,36773,-4010,280,15926,33334
8/20/2024,3383,2451,14784,2915,2900,16462,1750,5847,8644,3740,6323,6224,4115,4991,20406,4060,7040,10295,2077,-554,16512,1340,-1465,-1271,2215,1326,3673,695,-1296,-5406,2860,2355,6010,2915,2900,6010,2580,1185,6010,4140,5177,6104,4115,5290,20611,4060,3530,10692,1604,-1491,10987,3478,2093,-36743,1414,-629,13487,3393,1603,-34215,2046,7014,-294,-1170,2681,7014,-929,9654,8410,18795,2525,3127,3324,6946,-6686,-7210,6726,3517,-6683,-7602
8/21/2024,3658,6950,14349,3265,3397,12369,4315,5392,1213,3953,4520,1389,5724,8471,15353,3939,8919,10789,4776,10980,23133,310,11550,676,2695,2230,2637,3495,12738,6614,3435,4339,-340,3265,3397,1139,3192,2828,-995,2185,2911,6495,5794,11702,17267,3939,9236,11537,5866,10530,14854,3160,10625,-2541,6699,11350,14004,3135,10610,-2541,7110,2832,5511,1603,6127,1854,5941,7722,10595,16159,6949,9304,10704,12100,16815,8640,3627,4490,16315,18374
8/22/2024,1340,176,-4445,2200,4984,-1520,1235,-2487,-3209,1205,4335,1232,-2456,-3217,-8090,1115,-415,-3780,598,-1505,-8955,6565,20017,-3705,-2611,1951,-8490,4605,17529,29795,1775,4679,4644,2200,4984,4359,2325,5129,3652,1715,3759,-771,-1634,-7765,-22622,1115,2410,-3780,1335,1461,-9230,12909,25253,58242,1150,186,-6885,12789,23633,56332,4382,5932,5307,8297,4489,7352,2990,4110,-6113,-7390,4241,769,-6267,-8445,24384,45839,-5167,-7575,15584,43010
8/23/2024,-445,-1836,-629,565,-988,-1943,1206,474,82,1080,-1553,463,2726,2702,-2577,1056,995,-2077,-749,-1997,-2543,1921,-487,-2020,-131,577,-1972,1856,-206,-7269,690,-759,-3758,565,-512,-3956,369,-2070,-4724,-945,-1509,-4522,2726,1753,-4752,1056,-907,-8823,-749,-4599,-16378,-2540,-2258,-27382,-810,-5228,-14108,-2540,-2258,-26184,790,392,181,1645,941,392,237,6149,2172,4679,-852,1046,180,-1250,-5450,-2046,1681,1557,-4170,991
8/26/2024,2545,5100,-1758,1250,950,1242,978,4467,-4296,1235,5159,-4404,4057,3478,33035,6204,9384,11371,4348,6595,34475,3701,4606,-2046,3751,9818,65,2384,4271,-6272,950,1494,-6789,1250,950,-4067,511,1282,-4835,1875,4514,-1924,4012,7757,31679,6204,7874,11371,4558,7994,31338,11400,12883,3904,5779,10358,33679,11400,12883,3904,3286,-3152,21,-1473,2917,-1265,3975,545,13324,37469,3481,15758,3875,24280,-6887,-7443,5363,6048,-3290,-7574
8/27/2024,952,5432,5788,1851,6427,4893,3199,6912,1213,-580,5959,3500,3370,30,13925,1856,635,-2621,2738,3282,8980,1750,-554,-2230,1970,3267,1816,520,2745,-5003,1443,4933,2247,1851,6397,232,2648,5052,232,2039,4706,4507,3370,6636,15442,1856,918,-2165,2889,3385,4025,465,-2158,-27323,3172,2456,2792,465,-1038,-27323,6577,7729,5279,5373,6316,5034,5239,5731,4221,9046,-307,-5671,4219,2177,-4310,-4139,-1338,4936,-2603,-5927
8/28/2024,2445,7634,14814,4338,10676,14955,5220,8556,21971,2385,9455,21579,-1048,1249,-7350,2005,4872,17314,5034,-1880,-3455,4750,5543,-2245,-1190,-710,-6810,5420,7733,8189,3805,10575,24541,4338,10676,25392,5220,12844,23047,1895,8196,18334,-455,3426,11313,2005,7187,26059,4427,8236,28006,5718,15894,57908,3770,7695,23686,5703,15671,57413,8924,25365,10434,27557,11943,22942,6139,14340,-1787,-8445,7637,17966,3582,26377,9314,12664,1346,-8445,8302,18285
8/29/2024,1360,1390,-3271,1340,1570,-2904,953,183,-1200,2175,-185,-4010,1549,-822,-3868,2010,3560,-8728,317,-1999,-7583,6140,-6436,-3623,764,2901,1356,2085,15567,-7435,2175,1380,-4223,1340,1570,-4300,1330,2278,-1843,1810,-75,-1960,1549,3089,2770,2010,-115,-13233,1148,-758,-15461,8795,4159,-24419,1839,-2079,-13359,8795,6154,-21909,692,-5009,-269,-6546,1178,-2266,-1604,-3336,241,-2820,-4422,-4906,-3068,-8999,1681,-5382,-456,5726,3190,-4440
8/30/2024,-190,-1545,-1860,410,3559,-946,-1578,4121,679,130,-72,3953,714,3490,2813,925,185,3401,1564,6570,1293,1990,4158,7710,2761,5040,2084,2100,1451,9119,420,2000,3944,410,2028,1297,390,555,1597,-95,-148,-2548,1725,3701,3556,925,2660,-1941,2967,1485,294,1710,10572,7423,2125,-181,-2076,1710,10172,9603,2728,3940,3985,7721,2897,4240,3985,516,-578,-2358,1486,-2208,176,5157,3518,10292,3270,2084,-1455,4095
9/2/2024,3260,-195,-550,1925,-195,-270,1925,-195,-550,-1000,-195,-270,4010,1233,8720,2960,858,5547,4035,2702,3261,340,-1902,1828,3710,660,3021,3285,-2956,-563,1925,-195,-270,1925,-195,-270,1925,-195,-270,1020,-810,-270,4010,4246,8792,2960,2350,6143,4035,3331,7458,5385,-982,-755,4610,3331,7458,5385,-982,-755,-5095,-5395,-5095,-5395,-5095,-5395,-5095,-5395,3105,2925,989,431,2950,676,-4870,-2985,300,5234,-5870,-2985
9/3/2024,1280,1441,231,3731,6199,771,3483,-759,10078,2593,4861,6967,-5580,-5675,-7840,1369,-685,-1231,651,-1417,-8999,5431,24409,21076,-420,3496,-806,4489,23864,31738,4096,6136,12536,3731,6199,13008,3483,5825,12748,2651,2516,3792,-6145,-14505,-32940,1369,670,-279,864,606,-4147,13409,26192,71764,1239,2770,-7807,13209,25647,69099,4721,14373,6505,15684,4103,13954,5620,5320,-6490,-7465,2464,4399,-955,766,25643,77132,697,-109,12976,69652
9/4/2024,1142,1321,14518,297,2751,15685,3057,2149,19399,820,3820,13492,3557,8089,9784,2695,5760,655,1737,6639,-3252,2120,-4630,-642,3317,6407,582,3600,2185,-8386,1405,6799,16781,297,2751,18644,1507,5236,18644,410,3106,18705,3557,8866,10788,2695,4035,126,1845,3282,-4549,121,-11539,-49051,2894,5039,-4064,51,-11614,-49051,11482,15314,9548,17203,11227,15314,6343,21411,3446,4622,-1670,-3609,604,-5956,-5757,-6943,3071,1248,-5453,-7826
9/5/2024,3590,5466,11426,2265,4360,12467,5153,8833,14737,1995,3252,14610,3055,4413,9497,1020,-2476,3765,2311,-1652,7617,1600,-3355,-2150,2366,-1035,-992,1335,-3158,-8995,2420,3275,13063,2265,4360,14069,4079,8255,12862,2075,3723,7348,3055,5313,10547,1020,-580,2449,1035,2535,2855,-995,-2975,-10680,2293,3213,7117,-1130,-2975,-9070,3632,8394,5410,6800,5391,10600,4035,8084,8120,6740,2417,2734,6078,938,-4740,-5304,3174,3722,-2425,-848
9/6/2024,4820,4654,7210,5040,8368,4926,4765,5684,6469,5245,6499,6119,4677,5327,889,6400,7950,9459,6695,-1140,11595,-560,13158,-2165,47,3160,-4529,8482,13464,13672,4910,8138,7902,5040,8368,7790,5320,8282,7212,5590,5819,7253,2890,8188,7933,6400,9327,11403,7145,17354,20371,11001,17063,40673,6600,15453,19137,11001,17090,39470,-648,2193,-830,2871,-778,2193,280,1094,3905,714,1593,3602,4460,12923,1476,126,3953,-7890,-6579,574
9/9/2024,1317,3682,-2434,656,534,-355,-762,3968,-1887,2445,6326,1253,4933,7743,28637,1963,871,14821,4158,10718,21434,875,1802,2378,4913,2902,1135,-1295,862,2773,219,-1499,-2137,656,2190,-1826,-841,-833,-6890,1832,5316,693,5033,13204,33199,1963,4567,15450,4290,11678,27121,-7180,-15920,-30320,3842,9671,22287,-7180,-17675,-30935,694,4212,2923,5165,1171,2243,1651,-92,14858,27499,7776,14080,5799,17894,-470,-7395,6468,387,-380,1042
9/10/2024,525,1310,4761,1265,3971,3048,884,-1261,7206,870,1681,9018,-900,-6035,-8092,-1495,-2542,-285,-4248,-224,-8193,304,1750,-1235,240,2481,34,605,-4535,-5336,1935,3796,9172,1265,3971,8852,1125,3924,9007,100,1346,2548,-900,-3493,-8587,-1495,-1054,-2992,-1945,-1519,-4626,-3740,-3606,7374,-2115,-617,-3830,-3945,-2191,7374,3464,10837,5328,11731,3614,10672,4034,5994,-2611,-5729,1449,1630,-4919,1028,5171,8314,32,-762,-2183,7106
9/11/2024,1560,158,799,2335,5470,1980,2455,-150,9026,1990,3503,7012,-5945,-6948,-8506,-2845,-6440,-8952,-3673,-1595,-7138,3790,-6126,-3800,-1323,-1028,1283,3055,-6300,-7160,2470,5743,9317,2335,5470,7047,2455,3445,9318,2095,4878,7207,-5081,-14040,-29484,-2845,-7500,-15075,-2720,-9455,-21755,3305,3045,9342,-2600,-8350,-24155,3170,2895,7857,5370,14911,7082,15379,6609,14310,5090,3432,-6724,-7865,-4260,-8909,-6994,-8977,2733,-8221,-1527,688,7590,-8421
9/12/2024,1965,625,-1868,2325,2795,-4786,2004,1191,-4280,1464,2274,-1793,3132,4095,4310,2668,3560,1225,2491,328,10208,3440,-68,-2883,-171,-1526,6078,2565,757,-2178,2230,2790,370,2325,2795,410,2890,3790,489,1690,3041,447,3759,4068,9893,2668,2036,1503,4169,1657,9804,6065,4328,7954,3004,1067,8398,5965,4328,7954,-1881,-2257,-1079,-1819,-980,-2257,145,-2443,5884,7583,5300,2446,9344,9669,-5386,-6791,78,781,-4615,-5034
9/13/2024,2211,1045,1263,1510,-17,-2060,1523,1060,-3111,1096,716,-2640,729,12088,8818,2146,5610,804,1662,4430,13054,2511,106,-3719,621,2854,7004,2680,-1128,-8278,1395,-17,-2591,1510,-17,-4136,1780,858,-4136,1271,1265,-681,729,6172,11202,2146,2239,1966,1662,6144,10266,2147,6222,1875,1982,6700,12515,2147,6222,1875,407,-7128,-1579,-5025,399,-5433,-1579,-4928,3042,12069,1028,1852,13082,6904,-6741,-8446,1467,3919,-6605,-8211
9/16/2024,144,2608,991,-860,2302,769,-998,1092,-2032,-330,890,-53,2363,899,-2584,-1835,559,316,-478,503,-4211,15,-6502,-1955,1927,2485,931,905,-475,-644,-880,2234,691,-860,2302,691,-880,2302,691,-615,927,373,2363,-838,-3252,-1835,-2305,-3586,-1502,-1167,-4659,1266,47,-5935,-872,-632,-2374,1266,47,-5935,2185,1168,-433,1168,2008,1168,1283,5247,-1163,-5547,-3883,-5789,-132,-6039,-1420,-8228,-2307,2195,-3020,-8911
9/17/2024,-775,189,3143,-935,-3047,4182,-1800,107,471,-990,-619,-420,-396,1453,-2775,2095,1585,-7386,450,-1901,1644,4530,-1610,-2763,1361,-2235,492,4017,4658,-7594,-940,-1602,1195,-935,-3047,1195,-1800,-3082,1195,-385,-1121,3619,179,544,-2439,2095,-585,-5263,-521,-7730,-12194,3911,3051,-25766,-171,-9870,-10563,3911,2414,-24731,3136,-2550,2100,-1905,3136,-2550,1720,-1324,-5117,-8895,-3673,-7718,1543,-8895,-4220,-6321,679,-2913,6105,-6200
9/18/2024,1305,2761,7594,3968,5482,10434,2493,3439,16834,1770,3025,13567,8809,3765,19989,6189,4185,21872,8064,8726,1360,2012,10611,3895,5263,6658,9636,1804,1365,10834,3535,6040,14436,3968,5482,14819,3411,6632,14314,1050,1535,7870,5824,13124,22521,6189,11048,21872,8064,13438,24114,6808,11384,28887,8392,13438,23149,6808,11369,30907,7356,10524,9064,16887,6373,11359,8694,16333,11319,23827,17234,29418,3200,22297,17183,14930,2472,11692,7244,17685
9/19/2024,1065,5283,7744,835,7394,10545,2247,4186,2420,1280,550,2946,2319,1885,1189,3522,3315,6496,3105,3208,3691,3485,12603,1270,4142,2612,-372,-180,1320,-4243,1545,-350,-2701,835,650,-1761,6337,2476,-1634,395,-505,3173,2319,8138,6620,3522,3984,1162,3983,-571,-11098,8897,8333,-34564,7184,41,-13303,8897,8333,-34564,-66,1725,4171,2651,2665,-3557,2369,2585,2448,-365,94,14201,545,4412,8582,-1158,1740,1375,6266,3545
9/20/2024,3882,6122,11887,4559,8642,7033,2000,4716,9098,2403,7057,8768,8963,7476,18624,7623,10770,11734,9096,11156,7244,6380,9908,-1594,5140,738,8263,5655,5992,-1371,4245,10902,7371,4559,8642,7525,3035,7937,7525,3597,5785,5184,7433,14878,22058,7623,13383,12435,7246,15293,15223,3600,5245,7933,7056,13131,14188,3600,5245,7133,8337,17164,7668,17494,6882,17164,8928,19398,9346,22621,5873,16362,2611,15122,-5895,366,952,6135,-6835,11018
9/23/2024,2250,3715,3371,2270,1195,7766,1500,4732,-525,730,5115,401,7135,14267,4711,3828,10987,-1229,3586,3813,4982,1505,-4622,-2357,181,370,824,10459,-2115,-7893,355,3669,-790,2270,1195,-790,1500,1195,-790,805,3449,4393,5376,8453,14263,3828,6194,1781,3586,3761,3484,4789,-10382,-23930,3712,736,3484,4789,-10382,-23930,-518,-5296,-3881,-7120,-918,-5296,-4819,-6805,2198,4207,-2047,-1604,15843,-2088,-5875,-7206,5830,454,-6875,-7446
9/24/2024,1138,-987,5237,1496,1412,6275,962,1527,-157,130,85,3128,1317,6540,-2299,-805,-830,-7208,627,2416,-7213,-595,-3904,-1268,267,2526,3940,-1170,-4259,-6681,950,70,2103,1496,1412,289,1139,488,289,1423,-40,4303,2055,5681,1958,-805,-494,-11555,-580,166,-10383,-8710,-10018,-58388,-505,652,-9003,-8710,-10118,-58443,5696,6794,8482,-1793,6129,3799,6475,11215,3127,-563,-4025,-7150,-3633,-2357,-4600,-8013,3314,3508,-6470,-8013
9/25/2024,2022,-605,7164,637,678,6650,1138,4550,-35,545,6274,1698,1648,4837,-1965,-178,-68,-6500,-44,43,-2224,4609,-3294,-657,-1440,5881,195,7285,-2005,-7551,407,-143,1924,637,678,1804,1138,580,1804,612,-803,6855,1648,788,204,-178,-386,-2784,-44,-1902,-8086,-1570,-15734,-43383,327,-1902,-8086,-1755,-15734,-43383,-513,3612,77,-489,392,4024,-1280,11262,-2275,-5218,-4365,-7055,-300,-6990,-6699,-5709,107,-588,-6444,-6539
9/26/2024,1345,1321,8834,4060,4194,4468,3162,2611,3756,3055,3629,5119,1557,1190,-2520,3465,8509,-4109,2553,1692,-5821,1805,7493,-2466,-992,1197,-3512,1995,5144,-6754,3435,3419,6575,4060,4194,4628,3162,2665,6159,1670,2985,8376,1763,1280,-5438,3465,4700,-3471,1646,-1764,-11605,4295,11413,-23988,715,-2456,-14715,4295,11093,-25207,-630,3959,729,5102,-329,3957,3164,2281,-3225,-4356,-1619,-5937,-1859,-4312,-2078,-2260,2160,-2874,949,614
9/27/2024,2718,3769,4629,1709,2436,5909,1977,4573,3285,770,4597,3750,-18,50,-1305,2257,3830,12181,1052,-540,10663,4838,17233,675,475,3868,-7005,5805,18156,12503,2765,2652,5013,1709,2436,5483,2062,3899,6693,3050,4097,7938,-1091,-780,-6657,2257,5635,12906,1657,4844,14275,8764,21439,55444,4013,5894,14275,9314,21964,54964,2281,-588,1994,-1408,2226,-588,3984,-857,-1935,-5676,12768,18000,8876,12706,8632,-2756,-5051,-8360,13818,3409
9/30/2024,475,416,5853,2395,7535,2296,2715,-57,12810,2617,5902,12239,4889,3466,20910,2937,3486,13378,6032,6883,7392,1615,7282,1421,3703,6429,1878,-1720,1763,3441,2240,6244,14140,2395,7535,14430,2703,6807,13905,104,1176,6295,4889,11630,21062,2937,7644,14303,6032,13733,26353,4165,1936,15645,5818,13202,25978,3925,1846,14030,6552,13829,8975,14077,7399,13674,8015,3986,12926,23590,9296,16679,1687,14027,8187,-1800,4472,3111,-836,-316
10/1/2024,4400,5092,7035,3145,3914,4979,4888,200,4921,3076,4403,2320,3717,4085,10441,3595,5661,9524,5768,8085,1366,1630,-3560,-2875,1994,3705,3109,2090,-5822,-5060,3925,3894,5824,3145,3914,4759,3130,2696,5097,5019,5024,7539,4211,6662,15668,3595,4506,7104,4175,8249,7595,3172,-3560,-25162,3670,6943,6586,3172,-3560,-25557,1980,8665,-616,5838,1162,7049,544,6147,3236,11619,-2081,-76,-1653,5839,-6777,-7245,-104,10418,-5459,-7967
10/2/2024,2208,334,-3609,-710,-680,-3172,2214,100,-6251,-980,-490,-6098,3165,3361,5517,2160,10976,1211,3724,4852,16700,4620,535,-1240,642,2223,-1752,5850,9730,-1292,-1560,-580,-8386,-710,-680,-7376,-765,-91,-8545,1035,560,-4750,3103,8619,16262,2160,10531,1386,3724,7496,2173,4384,3968,-20446,3102,6223,-965,4384,3968,-20446,404,-2094,-1478,-2332,68,-3288,-956,-684,3606,-1460,8090,2892,2993,4648,4509,-3165,2365,-4176,717,72
10/3/2024,1215,2163,6973,-600,2652,6957,1319,3813,155,-300,1048,556,3267,5041,20200,4182,3100,1531,1394,-215,6028,-560,-6204,-468,452,-527,7191,500,-3617,-7710,225,821,141,-600,2652,406,1385,2543,-1599,430,904,4420,3267,6176,22602,4182,-1206,4427,2241,-3200,1657,-4210,-10457,-23630,1981,-926,3344,-4475,-9347,-23630,1036,3150,-928,-300,1047,3150,-389,5934,10315,23908,4353,9443,2723,8484,111,-6133,4331,8251,-2998,-815
10/4/2024,735,3455,3177,565,3547,6738,284,1596,2572,465,2575,5626,-1023,-2785,-8505,310,-485,-1907,-1018,-1871,-2924,280,985,-3790,-1369,-1642,1064,60,3477,10646,790,2982,6069,565,3547,6551,632,2811,5407,240,2675,6680,-330,-2485,-6080,310,-598,-897,-1018,-3109,-8350,-775,1530,773,-2210,-2645,-8350,-775,1530,773,-260,-9,-68,-956,-339,-9,155,1564,-1003,-3071,2985,2491,-1566,-3248,4707,3579,-371,594,2207,10323
10/7/2024,201,-1527,-2705,516,93,-5275,1486,-798,-2879,265,2279,-3883,-2472,-2392,-8913,-2395,-6515,-8749,-3665,-1989,-8757,5690,4210,6692,-1555,5234,-638,4545,13334,8744,1429,543,-3622,516,93,-3262,1486,1973,-262,217,-1545,-5918,-2472,-8003,-21943,-2395,-4238,-16310,-3665,-6608,-24945,-1320,-2650,-27190,-3455,-7283,-23486,-510,-2865,-25340,2083,-3005,1785,-2700,3178,300,1725,-4319,-6943,-8924,-6948,-8999,-1271,-8809,3538,8051,867,-5434,14760,14694
10/8/2024,-421,3050,-63,870,-1940,-1746,-636,1232,-2481,-580,2003,-1117,-2065,-6332,-8972,800,-1409,-4416,-44,-1844,-7897,400,9351,4533,-782,-1467,-5608,2135,7149,10763,1835,2510,-691,870,-1940,-798,45,-2144,-723,270,-570,499,-2065,-4992,-12233,800,1353,-541,627,-597,-613,5867,16346,41404,20,358,-3589,5717,15911,41404,479,74,865,-2035,600,886,870,16,-6647,-8955,1910,1344,-4582,2099,12255,20522,-1077,-3598,6300,22857
10/9/2024,720,-1350,1525,-15,-188,917,-2076,-1530,468,-490,-769,1134,-2998,-6690,-8678,600,-3615,-7169,-221,-1971,-7003,1775,15111,8978,-3700,-6875,-8885,2095,9500,22941,910,-437,1686,-15,-188,1686,-897,240,2026,105,73,332,-2585,-7846,-14677,600,-2404,-4061,370,-1007,348,8242,19224,59685,-430,-2314,-2457,8242,19224,58885,-1873,1844,1805,3370,1468,1844,1896,2809,-6831,-8895,180,-1438,-1926,-4547,16832,23832,-2029,-8800,12029,23928
10/10/2024,3256,2541,7245,1545,1873,2773,2470,4042,-2600,820,-779,-3843,3283,12190,-1652,3900,7160,-7361,4683,-857,-4402,4150,3968,-3821,4554,2558,2378,3001,5518,-8308,1545,853,-6664,1545,1873,-5664,2600,2122,-6790,2230,2813,-1639,4650,8049,2173,3900,-550,-12838,4100,-38,-13046,1675,495,-54598,5106,-624,-12166,1600,495,-54598,-1030,-4067,-1030,-4905,637,-4067,-1030,542,3613,-3762,1375,-1442,13642,1247,3642,-8040,1505,4184,5628,-7360
10/11/2024,2552,6622,5304,2840,3503,4914,2131,5859,1119,1235,5585,1727,3711,5710,19914,3768,5843,14715,7020,14240,21488,2585,-5291,-2591,2987,2313,5506,6968,1720,-6613,2805,3503,1778,2840,3503,1778,2840,3503,1778,3120,6495,5630,4364,11085,22774,3768,6577,20562,6983,15938,18559,8838,22127,33937,5403,7232,20366,8838,22127,33937,1120,-4029,-250,-3872,1120,-4029,740,-6352,6981,14175,4900,7536,10341,8818,-5611,-6980,4631,6560,-6255,-6980
10/14/2024,1104,4386,2089,470,4020,735,372,3452,1612,725,5007,2600,3656,10202,20614,5324,12119,16181,5758,16990,22647,2650,9043,11961,3311,3497,29,4217,26597,14018,1230,5174,12896,470,6224,13891,372,7209,13846,363,1842,8966,3718,11732,29872,5324,17247,34737,6187,26081,43242,8750,50088,103460,5233,22717,43242,8750,50088,103460,6553,4171,5121,2985,5121,4016,8375,4721,6506,12399,10221,13606,10490,30400,10564,2650,4747,1831,3105,-1705
10/15/2024,1280,2313,5561,3452,4248,6460,3047,2334,13802,2487,2307,11237,-3700,408,-8183,-300,-3332,932,-1383,-1998,-1137,2375,9846,5491,-705,-508,-3538,2930,12449,11286,2782,3538,12623,3452,4248,14018,3047,5136,14490,1417,1735,7330,-3700,-8275,-20568,-300,-3665,2165,-1089,-3325,1674,9722,14961,57637,551,-4363,194,9417,13686,56252,7835,24577,8165,24192,8005,20576,7495,16423,-6984,-7628,2883,12262,-1876,17409,15461,19626,-6960,-8175,14265,32927
10/16/2024,858,6592,5198,1010,1280,6945,328,3602,-645,260,1596,-2020,-3791,-2687,-5598,-1954,-6759,-6911,-3640,-1545,-6986,1536,-5315,-3009,-1483,-4384,-7035,3799,-1074,-5669,1331,856,87,1010,856,87,1780,856,87,1171,5386,6659,-3270,-5654,-8893,-1954,-6629,-12916,-3290,-7569,-15278,366,-11249,-32610,-1339,-5573,-14753,366,-11249,-32610,-830,-1479,-830,-3987,-830,-1479,-830,3147,-6850,-6735,-6480,-8280,-2610,-7175,-6535,-8234,-6345,-7875,-5970,-8149
10/17/2024,1830,1286,3377,2059,1474,2503,2125,1823,-4129,1590,1236,-7190,3179,468,-1998,2255,1608,1084,2376,2194,4040,785,7639,3071,1189,1854,3662,500,5418,8274,2220,1819,-3259,2059,1474,-3034,2315,900,-3169,990,-1071,-1456,664,793,-3493,2255,1039,2978,2475,2579,6629,6593,13869,33067,1809,2279,5428,6393,14109,33677,1876,7287,3758,6276,2474,7287,3258,4995,2858,328,2020,2896,2948,7966,16068,11657,1585,9770,12168,11048
10/18/2024,9482,3236,3617,7026,6602,6564,7631,7233,-586,6429,7908,-228,3050,9080,9479,962,10463,5087,1017,568,10773,4350,1468,29,2418,3837,608,3742,-3886,-4627,6991,6123,668,7026,6602,248,7631,8787,248,8823,2542,9650,3050,2194,12682,962,4294,3307,1017,2994,5658,6559,-8656,-24969,885,2994,5658,6339,-8656,-24969,303,-7093,303,-7093,303,-7093,-2659,-6175,7809,1185,4133,-2612,21130,-3685,3295,-7835,16270,5186,11180,-4615
10/21/2024,-190,1049,-3537,1463,-2248,-1348,-1019,1629,-4174,255,-1746,-926,3810,3805,5528,3002,9682,14835,4790,2091,18676,2620,6314,8040,2073,5070,5537,4085,16514,10154,694,-2155,-4063,1463,-2530,-6538,-690,-4612,-6538,-1205,-3154,-6588,3384,4902,9627,3002,10450,17901,5301,7801,22653,7845,20990,51051,5301,6860,22653,7720,20990,51051,-721,1041,-2272,98,-613,1041,-2272,3991,4420,3759,8401,13977,6004,8851,1665,-2023,3856,1615,4338,10984
10/22/2024,780,-417,-1149,-1340,-2708,-1354,-43,-1867,-4064,-575,-2343,-3387,1561,6301,-1290,2227,2656,-4131,2321,-2000,167,1490,7411,-3120,1059,-323,2333,1805,10719,-1835,-50,-2828,-6833,-1340,-2708,-6833,-2135,-2803,-6833,-1450,-3113,-3071,1561,2066,-234,2227,2075,-1930,2387,1596,3132,6569,16585,24806,2428,1742,5428,6609,16585,24806,-2343,-6381,-2120,-6244,-2383,-6381,-2120,-980,-3781,-5990,216,-2728,7041,-1466,10694,-3120,-978,-4651,17430,-498
10/23/2024,1557,181,-3531,-745,-835,-4869,-16,-2660,-925,-480,-1710,-2544,-5615,-6218,-8920,-1155,-4725,-5660,486,-1037,-8134,2690,7521,369,-99,912,-6432,2375,4223,11222,65,-1210,-1630,-745,-835,-2636,-93,6,-2941,-795,-2668,-7974,-2795,-7322,-16112,-1155,-2727,-5687,-505,-3605,-5444,7689,7855,15274,1548,-2747,-5806,7266,8865,13461,-1713,-649,1206,2072,-1668,-649,-538,-591,-6350,-8933,-1850,-1175,-5323,297,7096,21408,-1174,-8520,814,21379
10/24/2024,1012,483,4563,-664,1433,1310,-1733,3556,1958,1075,3507,1645,2119,845,2975,1357,8036,1132,2915,-741,20582,1220,12783,1849,2213,2278,1432,1185,18860,2285,380,3552,-1052,-664,1433,-1052,-1091,1433,-1052,1244,1127,633,2119,2556,9544,1357,6988,1886,2935,128,5573,2280,15399,-4332,2239,-3519,6756,2195,15294,678,-4137,-2600,-3920,-2600,-4137,-2600,-3920,6145,938,-531,54,-2287,295,-7871,-699,-6365,807,469,1517,-2662
10/25/2024,-1058,-1130,-8091,-155,-1317,-8645,-80,-4354,-8547,-995,1627,-4980,829,-2035,-7417,-3580,-2396,-8365,1039,-1238,-3545,1570,-6978,-3792,353,119,-382,1925,-6537,-8982,680,-982,-5002,-155,-1317,-4190,-80,-2063,-5866,-350,-137,-8607,-1387,-6430,-15640,-3280,-6020,-14482,-1940,-6558,-11634,-3790,-8393,-21122,-1155,-4822,-8444,-3945,-8548,-21752,-4215,-3849,-1420,-1444,-4344,-3791,-1420,-6387,-5277,-8999,-6975,-8382,3564,-8984,-7000,-8847,-4670,308,-6890,-8362
10/28/2024,250,-4677,-2726,-690,-990,-3411,-695,-4195,-3277,275,-675,-1972,-4635,-2550,-8172,-321,-1732,-1930,396,-800,-3194,3065,20978,9544,763,-363,-8855,2215,19013,31669,-945,-1005,-1902,-690,-990,-1710,-695,-949,-1115,-955,-3890,-5445,-4635,-11020,-18811,-321,-86,-1930,396,-220,-455,10139,27284,72128,1928,-770,409,10139,27284,72128,-2708,-2740,-370,-2740,-2758,-2740,-370,-2974,-6995,-8931,412,3000,2727,3485,18927,22441,-5520,-8410,17504,25193
10/29/2024,1935,1000,-3811,2027,2134,-2580,1596,391,-720,1205,466,-1986,-5700,-2976,-7718,25,-2750,3465,-370,-1525,-4528,3475,26316,1875,-4615,-5016,-8400,2535,22388,21421,2205,2129,162,2027,2134,1261,2400,3009,3191,1491,-914,-2421,-4670,-10955,-22660,25,775,3665,-370,-790,2960,9470,28998,77114,-1425,320,8260,9470,28998,77114,2154,941,3043,1723,3169,3309,1923,-1639,-6875,-8435,4590,2305,-6965,-6950,25929,28834,-6260,-8175,18352,21653
10/30/2024,1876,-654,1386,50,-42,114,249,-1802,-935,190,898,1056,-1066,-6341,-6181,1281,-167,-659,2729,-1816,-7152,4049,17193,9700,1924,-505,1703,3140,15399,29228,85,-115,2098,50,-42,2008,460,293,1958,530,-2260,-4590,-1725,-8434,-17985,1281,1225,1965,2729,3839,2784,9619,18605,49769,2409,2554,784,9434,18205,48969,-1392,346,-160,563,-837,346,-160,-1465,-6255,-7873,2039,2115,-2900,1795,23349,38294,2927,2955,16101,38303
10/31/2024,-60,6207,12615,1435,5266,14757,2283,2952,4801,600,527,5715,3363,7164,13000,3208,8542,23296,6395,15902,21352,1200,-996,-2580,3815,1830,5884,1240,-1721,-8528,310,2845,6444,1435,5266,8020,473,4141,7809,-1845,-530,8986,3363,11805,27910,3208,14498,23445,6628,17716,31618,1486,355,9402,6040,18941,29869,1486,-370,9402,5646,1604,5786,2867,4783,2585,5949,5941,12304,24034,12748,30900,13829,37108,-366,-151,2705,3100,835,4884
11/1/2024,484,6032,-3455,1935,1605,-3610,3363,2623,942,190,3699,-2465,4818,5967,5425,1885,5166,-3996,3689,12255,3066,1515,-4306,-3572,2170,944,4807,1060,8004,1098,1935,1605,-1462,1935,1605,-1462,1340,1605,-1462,1985,1310,-94,3065,3446,-1886,1885,2833,237,1999,3540,226,2375,9444,99,1629,1885,567,2375,8549,99,255,-3711,-4350,-3700,-1156,-3711,-2845,-5443,1747,9195,-2680,-529,4292,-4807,-3785,-7968,4430,1688,-4530,-6756
11/4/2024,3328,5892,5343,887,2634,5717,1291,4599,2580,4212,6047,858,4373,3434,10123,2940,3145,9760,4662,5529,-1676,3505,-1570,1787,4485,4440,5807,2565,5930,-40,2442,2576,-4049,887,2541,-3884,882,1251,-4054,3322,5431,4194,4373,7419,13048,2940,6155,9960,4788,6695,10853,6155,3360,6871,4104,6118,8591,5930,2985,6196,4009,3272,3266,7026,801,6874,3415,14331,3026,6003,3147,8840,-2657,10635,471,16194,5039,6800,-133,17332
11/5/2024,3900,5802,3816,3783,3469,9356,2357,8607,2439,3588,6203,6195,886,11277,-1803,419,6624,-505,-1038,-416,-4910,1152,-336,-2867,-546,-1926,1393,1432,11789,-5697,3546,4003,4157,3783,3469,4362,2992,3042,5235,4218,6147,9312,886,2516,5914,419,2415,4831,-8,2624,286,-1859,-270,-739,-1020,2095,102,-1859,-270,-739,2049,1193,1890,-1085,1555,-1318,4330,2283,6867,-58,5937,3771,13698,7980,-961,-8045,-85,3511,2500,-4376
11/6/2024,1360,236,3548,1787,3279,2501,1609,-579,2632,1125,1688,5922,-1337,-4305,-7586,1136,465,1997,2834,285,-6465,2560,30591,2362,-294,-87,2479,3065,21211,27033,1709,3279,7871,1787,3279,7871,2552,3515,7871,1345,1734,4459,-1337,-4302,-7366,1136,1624,860,2467,7911,6720,9028,37424,66036,2586,8503,5750,8888,37424,66036,1930,5898,2916,2033,1979,5898,2916,-27,-5124,-8110,2786,1392,-4582,8630,22512,18103,102,887,23671,24437
11/7/2024,605,703,-2402,-470,-2750,-1712,-554,-2822,2541,-830,-1793,2961,178,5163,9858,805,4192,18241,2881,4022,2519,2010,14118,6338,-278,-1130,-1211,1740,9274,14019,-490,-2700,2961,-470,-2750,2961,258,-2750,2961,548,-47,-2253,178,-1072,7611,805,553,18649,3426,5976,18693,7962,22094,74310,2527,6098,21649,7962,24554,74310,-3562,2073,-2074,4602,-3562,2073,-2074,-1661,-2465,7759,2356,22926,1945,16966,8568,606,-6610,-539,6826,14951
11/8/2024,2057,2526,4582,3245,-177,4692,3454,3739,-816,2245,348,-816,3976,15821,1580,3258,10915,12069,7991,2964,19491,2661,-6045,-2905,2429,-1456,-1133,2435,-6660,-4604,2245,-1177,1347,3245,-177,1347,2510,-1662,1347,762,-1269,6472,4811,11000,14540,3258,6545,12069,7991,16085,17069,1103,4579,18116,7648,18325,17069,1103,4579,18116,-357,1477,-357,-722,-937,1477,-357,8975,-4695,-4295,-974,1682,6393,3904,-5621,-6506,-764,-7670,-1630,-1138
11/11/2024,2880,8420,11785,3109,7254,15904,4682,7658,10516,2565,6596,11371,2145,6523,3662,3091,6903,6538,3177,2013,12225,4246,4241,1906,5147,2192,2522,7325,4430,-4839,3714,7545,12507,3109,7254,9176,4682,9013,11881,2196,6447,9680,2145,4496,9659,3091,113,7137,3480,15715,15055,5233,9871,39117,3120,9990,15055,5233,9686,39117,7788,8083,7977,8083,7977,8083,6811,8530,3359,540,1156,-989,8114,1109,1646,-7646,2080,6043,7284,-7646
11/12/2024,-240,-710,5865,1697,1478,2005,2937,-1473,10772,106,1426,5930,3146,9861,5076,2983,2305,2583,3029,657,-5465,2710,-527,157,498,323,-4230,3921,907,-5919,584,1426,8173,1697,1478,9888,1920,1077,10808,-311,4348,3270,3966,5865,13426,2983,3340,3371,3484,2871,7126,2930,1584,5164,2692,2871,7126,2930,1564,7629,4339,7967,2962,8371,4156,7967,5799,1691,1798,4173,-820,-2101,2818,3446,-6920,-7785,-1285,-4115,-4295,-8270
11/13/2024,2080,4999,8687,3146,5731,10059,2312,4970,8492,1400,3522,7734,767,3366,3435,-50,-3147,-5339,1495,424,-3021,1080,-3216,-2414,1450,3009,6742,1500,788,-4889,2355,5286,8243,3146,5731,8073,2635,5806,8073,2744,4325,9031,4011,7628,15224,-50,-529,-5746,418,-27,-8823,-3545,-16480,-59756,292,-1168,-9286,-3545,-16480,-59756,5495,5897,2070,5540,5510,5897,1828,4953,7164,1975,-3417,-2418,-2368,-4466,-3916,-8350,3401,8837,-5305,-7261
11/14/2024,825,-4236,-8540,990,-545,-7045,815,607,-3741,-10,1740,-3941,-2270,346,-3419,2732,2809,1973,3194,-1944,-1807,2655,15420,14995,2250,33,1573,1949,11825,30400,915,-525,-3554,990,-545,-3690,815,-751,-2950,390,-2410,-10826,-2020,-5835,-12685,2732,2298,3587,3194,2509,-1616,7657,21367,43712,3462,1375,-4549,7567,21092,42257,-1018,-2850,-430,-2850,-657,-2850,-1742,-2570,-5551,-7529,4399,4596,4055,1020,16076,32353,4289,8043,7080,31519
11/15/2024,683,4404,5112,2328,6132,4418,1711,2645,7512,315,6821,10994,-2265,-2365,-8255,-1385,-4494,-4378,110,-1640,-8996,3934,5562,-2953,1099,2183,-844,2499,3152,-2305,1560,5956,12986,2328,6132,13503,2042,6608,9025,820,3811,4376,-2265,-4945,-9573,-1385,-3850,-4945,312,-1583,-1188,4954,9682,12590,447,443,-1188,4944,9502,12590,3919,2089,3642,2140,3914,2089,3462,743,-6350,-8745,-4780,-7850,-2343,-6829,3256,-6075,210,-961,235,-7498
11/18/2024,746,-1794,-6293,-1045,-5799,-6034,-767,-540,-4338,720,-2945,-6714,1778,3492,-5419,-713,-4400,-6858,-1637,438,-4818,-60,-6445,-2734,53,305,68,1745,580,-2230,-595,-5234,-11820,-1045,-6909,-10363,-2005,-6371,-9333,-1390,-4561,-9105,1305,-2741,-8148,-713,-7073,-17237,-2366,-5329,-20992,-1940,-21335,-51940,-880,-4319,-21990,-2055,-22085,-51940,-2583,-8340,-4849,-6997,-930,-8340,-3063,-5162,1547,-3420,-5020,-6289,3300,-5227,-6035,-5011,1753,3190,-3395,-5011
11/19/2024,1225,1669,1776,1013,1227,-1545,80,-501,1680,2187,-584,2595,-3090,-955,-8420,265,335,296,-67,-1100,-6530,1728,10743,651,-1725,-6885,-7080,1280,9549,5566,1797,2821,5186,1013,1227,5102,791,1266,5061,1303,1365,-2865,-3090,-3870,-6960,265,2201,7251,575,3654,7871,6815,15243,38592,-705,3654,7871,6815,15243,38592,322,5382,1884,6978,-755,3413,3538,3475,-6950,-8095,4922,7367,683,7079,7004,9898,-3020,-7400,4478,9026
11/20/2024,-623,-2769,1427,-300,3606,-2844,262,-2580,467,-955,542,-1744,223,244,3055,2143,-533,4595,2135,-948,-4082,-975,-6138,-2052,-110,-196,-12,-1330,-3885,-1658,-495,1175,-1935,-300,2075,-2115,-340,3707,2302,-760,-1140,-2310,1058,3671,3055,2143,1098,3060,2858,-387,-4246,-4560,-9672,-25756,2503,1463,-3001,-4090,-9672,-25466,1598,3128,1891,4107,2083,5009,1990,-877,3064,3041,-221,-2379,956,-3952,-3868,-3179,-517,81,-3758,1001
11/21/2024,1940,5115,-5062,2670,3694,-203,2893,4147,-2543,760,2318,-2000,148,5205,480,1055,5979,1852,2699,-1582,5543,5553,-6975,-3535,1748,2944,-688,6468,-3956,-8903,3460,3454,-2133,2670,3694,-2385,3190,3749,-2270,3024,4485,-312,977,7542,2580,1055,3984,-850,2654,2620,-215,8575,15471,-19168,3933,2635,7595,8575,15456,-17158,2458,-3064,3990,-2453,1497,-2989,3935,-409,-339,-5877,4288,-5287,7760,-5479,-4890,-8855,555,1122,-6080,-7580
11/22/2024,2368,2510,-2140,110,-2236,404,-1223,-196,-5936,-225,-3107,-7832,5004,9373,15830,4091,7303,7788,5903,8322,23153,2545,6694,1279,3863,2417,4574,3132,3557,2244,1159,-4935,-5760,110,-4520,-5760,-575,-4520,-5760,2045,-2040,-153,5004,11926,21767,4091,7098,16068,5810,16574,28057,5406,12025,38729,7157,15671,28235,5406,12025,38729,-3012,-3707,-3012,-3707,-3012,-3707,-3012,-714,8660,11748,7463,11038,6646,10060,7534,2007,4745,4457,2772,6206
11/25/2024,-1035,-3194,-5415,-3725,-3971,-7371,-2228,-3149,-8507,-575,-5930,-6157,-901,-1040,-2390,81,-1735,-3256,-840,-1082,-2817,2291,-6662,-2733,1119,1209,-7790,2610,-4585,-7291,-3670,-6430,-11727,-3725,-7910,-11997,-3715,-8085,-10897,-2470,-5885,-12385,-1160,10,2489,81,-4791,-2921,-412,-4167,5253,1830,-6742,-7975,-722,-3867,4648,1830,-6742,-7975,-4620,-5222,-3852,-6436,-4146,-7374,-3747,-6996,3745,413,-1217,-3859,5779,2714,-6485,-5418,-3143,-7190,-6506,-6033
11/26/2024,-5,141,4605,1576,420,1779,921,-5,-956,1860,1988,-492,4293,4320,7241,3625,2670,5303,6991,7306,3634,505,-3124,-195,2946,3283,8464,-231,-1698,-695,1660,1790,-2630,1576,420,-2630,921,420,-2630,-190,-1000,4059,4293,10298,10057,3625,8200,10439,6991,14168,19417,905,3490,13633,6276,14168,19417,905,3490,13633,965,-806,965,-806,965,-806,965,5485,6840,2408,3838,2190,5740,5217,2610,619,-639,564,1735,6035
11/27/2024,1553,1905,4361,2119,2699,940,1972,906,7517,560,1847,8595,5733,5952,-2207,815,-3010,-7230,2731,-1118,-3163,505,-4827,2909,805,1042,255,3400,-3972,-7386,1090,754,6883,2119,2699,4272,1972,1231,6261,1988,1053,6768,4310,9129,-268,815,-5620,-5436,1620,9727,-2621,236,-4452,-31606,1280,11105,-3686,236,-4537,-31606,1472,2372,1408,2372,1472,2372,-517,1034,3699,-3410,-3985,-7862,-5073,-7770,-5947,-8141,70,429,-5447,-6418
11/28/2024,1465,4290,7765,3730,4755,7765,3730,4755,7765,2460,4755,7765,5565,2225,7570,5260,7665,11480,5880,7490,16257,2560,6895,3040,3560,1500,4024,3745,6895,5110,3730,4755,6730,3730,4755,6730,3730,4755,6730,1630,3710,6730,5565,8735,14593,5260,7380,11125,5880,11250,16395,5515,7005,7900,6050,11250,16395,5515,7005,7900,-1065,-240,-1065,-240,-1065,-240,-1065,-240,1180,-870,1585,1515,3320,-2590,2545,1815,-780,-1950,3355,1815
11/29/2024,2595,2536,3556,3374,3994,5826,2957,2251,4329,3035,6120,5582,3960,4070,6895,3524,2973,7474,5782,6976,13983,4760,2649,843,2725,2078,3962,1320,8858,3260,3189,3994,5959,3374,3994,5959,3374,3994,5959,2375,2411,6570,3960,7105,11945,3524,4980,7474,6356,10836,17017,6604,13680,22270,4625,11021,19118,6604,13680,22270,-1982,-112,-1580,-765,-1982,-112,-1580,4650,-1961,-1335,465,2285,16664,3304,4622,7005,-126,2895,10307,5960
12/2/2024,180,3667,6126,1670,1960,2257,1263,6598,4074,1695,1335,2942,1346,3535,2650,1425,2174,2162,663,-621,7448,4199,-4376,-1212,-150,-545,1305,4168,-261,-7475,1695,2367,2942,1670,1960,2917,1135,1740,2600,1765,35,-525,1346,1087,8053,1425,-244,7929,1045,1280,9646,6638,-6222,11673,916,352,8457,6638,-6222,11673,28,2968,-1889,1056,487,2883,-1863,-552,1163,-2521,-4540,-3561,3723,-12,-4676,-8096,-29,2455,-3850,-8305
12/3/2024,-400,-1414,-6,-493,342,-476,-454,-1487,2229,-95,-221,2229,-4870,-258,-8979,-3340,-5057,-3306,-3405,-1140,-2006,1151,8862,8431,-4210,-6820,-4629,832,8316,14143,-340,597,3038,-493,342,3038,-454,407,3038,-540,-1330,-684,-4870,-9846,-15301,-3340,-6850,-6586,-3405,-5050,-4755,2107,10625,41974,-3630,-5750,-4070,2107,10625,41974,1967,4266,2836,4660,2617,4266,3034,2730,-6785,-8970,-1070,-1400,-4339,534,7482,11574,-6965,943,7145,2427
12/4/2024,-588,-3673,-7838,-1180,-1221,-7611,-1434,-4820,-2457,-980,-2565,-1203,-1095,-6566,-8976,-378,340,-4405,-2975,-1995,-8965,390,6034,6547,-1183,-284,-119,524,5712,14675,-1180,-743,184,-1180,-743,184,-1155,-1175,184,265,671,-8427,-352,-7142,-17068,-378,266,-1290,-2600,-1801,-8917,5373,15359,44554,-2150,-2436,-8917,5373,15359,44554,-1532,-1167,882,-2753,-1532,-1167,882,1291,-6190,-8999,1869,1980,-6541,-2441,7713,14224,-6600,-1168,1902,14224
12/5/2024,10,-2107,-5162,-1130,-2055,-4840,-840,-2407,-3948,160,-325,-3795,-1755,-4124,-8854,-194,-1071,-7777,-1025,-995,-5599,3050,-324,2044,-546,-1696,-1836,1620,1933,-215,-1095,-2545,-2700,-1130,-2055,-2700,-840,-2115,-2700,185,-1870,-2620,-1755,-6267,-13270,-194,-3215,-7403,-1025,-3476,-14673,1636,7594,-1245,-90,-3476,-14673,1636,7594,-1245,-3396,106,-3396,106,-3396,106,-3396,1154,-6644,-8320,-6635,-6290,-2103,-6890,2971,5559,-2208,4071,3470,9752
12/6/2024,1210,577,2112,-200,-366,3341,-344,-522,4950,220,-1768,4115,1925,10623,8449,2588,6903,8159,4548,4924,20082,2630,4358,2986,1747,-610,2037,2150,8000,4534,405,2571,4983,-200,-366,5517,-344,-299,4983,1195,1761,3307,2567,5521,10195,2588,12299,17434,4790,11229,17940,6232,16245,61710,3996,11526,17940,6012,16245,61710,75,1674,912,2573,236,952,1100,3707,2203,5192,4369,7350,6067,8966,6934,11922,-2130,700,8174,6464
12/9/2024,1250,-714,3335,-480,-2340,737,-1703,483,-353,-565,862,-1751,-306,285,-7250,824,1299,-939,485,-1500,-2085,679,-2388,1205,-1305,650,-6835,997,-3557,3585,-625,-725,-1249,-480,-2340,-404,-1275,-689,-624,176,-1505,-2160,-1394,-1596,-6094,824,3214,5362,772,-540,5338,3922,1624,39637,764,172,5338,3922,1570,39637,-1161,-2828,-2335,-3790,-1275,-2828,-2370,1311,2774,-5103,2524,-17,6076,16,3219,3532,1316,-8235,7737,2339
12/10/2024,875,-1042,-2794,1050,799,-2152,782,-2446,2232,530,1464,4560,-3810,-6575,-8997,-1431,-6920,-9000,-2754,-1650,-8995,3056,-7000,-3662,-1202,398,-8985,2430,-2842,-8957,1332,-173,6352,1050,822,3675,1890,1827,4884,-435,-2932,-1295,-3810,-8784,-20447,-1431,-5345,-11081,-2450,-5200,-15895,6299,4160,13628,-1183,-4292,-15895,6669,5040,13628,1261,4381,2203,4593,2326,4381,1458,-622,-6983,-8963,-5580,-8975,-6961,-8932,-5616,-8937,-6785,-8590,-1155,-679
12/11/2024,2241,4073,5493,4129,6936,6542,3857,6977,4589,3995,5737,6550,230,4269,-4756,4225,6442,10022,4768,6206,2589,7600,-1627,-1526,740,-2268,-5446,10195,-1223,-2747,5045,6181,7751,4129,6936,7751,4094,6968,7731,2234,6795,7351,2330,4825,3635,4225,7606,11574,5160,12485,14285,4243,19619,20065,4555,12589,14285,3358,19619,20065,403,-503,1230,-557,1232,735,1403,-2274,-6865,-7885,1138,3376,3680,-2436,4772,-3805,-1852,-7885,12104,4752
12/12/2024,1740,-196,-2969,1095,-2706,-2107,576,-1575,-2114,245,439,-4461,-496,-126,-5936,-714,-4250,-6283,-854,-1999,-4376,6083,-3545,481,637,5498,3055,7045,-2928,2099,1125,-840,-3015,1095,-2220,-2455,-280,-1860,-2455,1310,-1175,-1762,-496,-479,-6241,-714,-3971,-5886,-854,-3062,-5905,4488,3905,5236,-467,-3767,-5905,4488,3905,5236,-2612,-5365,-4655,-5404,-2477,-5365,-4840,-2606,-1331,-65,-3000,-6331,-1224,-3564,4365,-2160,2917,2789,7815,5730
12/13/2024,2365,-476,1845,635,-2775,-3095,1497,-923,-1354,680,-849,-3962,-1102,1173,-4090,-4440,-6115,-8878,-1317,-990,-8064,2605,-6330,-3420,-58,1234,-1683,2180,-5153,-7755,1680,-2605,-3238,635,-2775,-2493,875,-1795,-1082,2515,-2280,-1658,-347,272,-759,-4440,-8705,-17550,-693,-6742,-19629,-5363,-25276,-66580,-1353,-7238,-19233,-5363,-25276,-66580,-1585,-2298,-610,-2837,-1624,-2517,-1130,-1414,-1380,-67,-6800,-8985,-1165,-7952,-6770,-8870,-347,-1487,-6360,-8355
12/16/2024,1351,3415,3628,2079,-530,1838,1843,3160,1993,2124,426,6046,-4550,-5790,-8965,605,-2420,2587,5712,12,-8995,5912,5669,106,1334,-1224,-796,4720,4213,4044,2849,-289,6107,2079,-530,6107,2012,-262,6302,1674,2285,2351,-1246,-4071,-3187,605,-2709,708,5887,2066,1375,12046,6164,6141,2650,36,660,11816,6164,6141,-1332,-234,-177,3738,-1156,-229,163,-1559,-6815,-8974,355,535,-6941,3808,2606,9300,-2049,-920,3079,-3028
12/17/2024,1024,4236,7520,1067,1390,5954,1754,3843,2333,1195,3227,-1437,2092,4935,7998,3763,725,-470,1990,1685,4870,5785,-2785,-600,2413,2311,2403,5548,-2434,-5662,1982,1887,-6190,1067,1390,-6190,55,1432,-6190,1957,2812,4611,2744,6477,18554,3763,2279,6377,2212,4939,9179,4731,3969,-24620,2133,3737,8011,5411,3804,-26273,1858,1328,-2005,2853,1415,1328,-1705,1264,7289,8869,7040,6032,4362,7114,-3065,-7792,4132,2235,-6400,-4925
12/18/2024,2434,3000,-8115,1205,-328,-3614,-133,-403,2142,1885,2570,156,-2038,-2744,-7172,2049,-737,-4215,1988,-1082,-7689,7165,20636,29368,1763,855,-8960,7188,17300,25698,2150,440,2265,1205,135,2975,425,795,4215,1275,130,-3270,-1967,-9177,-18108,2049,390,-1333,1988,1457,-930,13313,30132,55180,2993,2062,-2400,12078,29977,51180,2160,5656,2320,6107,1825,5506,5,-1815,-6217,-6906,1609,1080,1742,3097,20055,40131,590,2253,20080,24057
12/19/2024,1289,-1203,2720,2340,3693,4955,3130,2812,745,1525,3544,4261,2107,458,10326,3893,3852,11387,2430,4926,-2196,3447,10535,12364,-536,1428,-4136,4572,8853,5294,2435,4053,2549,2340,3693,577,2317,3504,711,1585,-165,-1164,1615,8472,-2886,3893,5338,9250,3425,8799,6466,8255,17153,36123,2125,8122,6661,8255,16860,34678,4815,8471,2996,5870,2783,8691,3196,2611,8414,5425,8212,5137,993,17118,10002,25081,212,-3901,8425,12559
12/20/2024,1403,1800,10087,1467,3825,665,5091,2464,10221,2380,4329,18764,1372,4452,-3576,373,1320,-2926,1705,4310,8082,1275,-6271,6519,3887,4783,2540,2085,4810,5727,2482,4055,17924,1467,3825,8825,1575,4335,10786,1842,3611,15169,1165,1620,2224,373,-1585,2909,-830,-26,4290,1885,-6301,-2423,3061,90,11905,625,-6301,-2423,3793,19015,13974,18672,3669,18255,6860,14637,-3604,-7835,-542,-836,2997,2493,3068,20583,3760,-7835,2317,23845
12/23/2024,2456,2677,8225,2275,6609,4767,570,3115,3935,1561,4754,7399,4692,11098,3135,2764,6980,7285,4916,-1996,-3708,2253,-6905,-1090,1447,548,-64,4043,1830,-4361,2405,6714,7365,2275,6609,7439,1221,5083,4162,1860,4026,7585,4692,13393,14222,2764,6655,7826,5548,14633,16369,3200,4506,12452,5583,15939,15077,3200,4506,12452,4452,10455,7520,10642,4407,10455,6220,6207,6977,1262,3860,7238,-566,10353,-1865,-5525,-1780,1183,-3594,5207
12/24/2024,1515,1662,452,2051,4873,34,1122,1445,6369,1380,2602,7412,-3925,-1760,-3690,100,-2790,-1434,415,-1689,-7295,3225,9654,5797,-775,-2620,-6990,1490,8210,13690,2235,4922,9067,2051,4873,9137,2149,5106,9175,1845,2712,1740,-3925,-8820,-19455,100,215,-1434,415,140,-3280,8390,15337,44318,-25,-480,-3280,8390,15337,44318,3767,4673,5095,8792,2913,5396,5095,1275,-5760,-6230,1565,770,-2459,877,11642,13183,-2045,-7750,9324,14035
12/26/2024,2990,2443,-2673,2783,2300,-2445,3023,2691,954,2104,-569,-146,5194,12270,12873,6506,13131,9849,6896,8513,24538,5780,6554,-1884,2518,3250,6906,4345,10399,-2887,2690,2295,-3996,2783,2300,-3996,3253,2300,-3996,2287,1422,-4728,5194,12912,18382,6506,11411,9173,7199,15134,16603,8866,15890,15387,6641,14338,16603,8866,15890,15387,328,-3375,-3385,-5160,-1040,-3375,-2639,-270,12848,12025,9780,3248,12205,8423,1837,-5254,2278,-4165,8107,-7355
12/27/2024,860,4378,1985,414,8478,3875,1337,1844,-240,1065,2453,3005,4994,8207,1556,2054,7095,1122,4698,-1096,-1338,1720,-4492,-250,1432,4875,1501,5455,4995,-6374,1409,6356,-8891,414,4771,-8891,-286,3236,-8936,1605,6758,3530,5074,7006,7164,2054,5803,3200,4755,1952,-1637,115,-267,-28961,4620,2920,-1098,115,123,-28961,6873,-3135,6861,-2741,5303,-3135,6986,-1285,6498,7089,-2775,-5986,10677,-8995,-5147,-5196,1530,2543,-5147,-4313
12/30/2024,3145,3573,1838,820,-50,-428,1789,3512,1912,1650,2778,1762,-684,-2166,-4617,-2390,-3315,-8970,-2885,-1995,-8630,-735,-6860,-3750,-1640,785,-8045,105,-6965,-8055,1670,-90,-2650,820,-50,-2436,-25,-229,-1344,1300,2665,-3180,483,1014,64,-2390,-6205,-19655,-2885,-6625,-24010,-7170,-24985,-79320,-2022,-6369,-24010,-7170,-24985,-79320,2068,4790,-509,3294,3957,5352,-614,149,761,-3917,20,-7770,-4097,-8477,-6960,-8815,-3203,-7815,-6955,-7555
12/31/2024,-411,-1317,-1455,1328,3070,693,1643,-813,-738,880,6646,2006,2150,456,-7800,3835,6365,17967,3976,-1340,-1908,8309,22331,16162,956,3255,-8260,7278,15507,39837,1490,2793,981,1328,3070,1693,1515,3375,1773,675,5580,-373,-1640,-1610,-7086,3835,7860,18655,4750,11435,14735,13573,24879,56479,5020,13010,13735,12001,24193,54734,456,4648,1562,6108,1162,6356,2322,106,-6630,-8930,5825,13290,5575,10319,28483,27222,-3140,-2853,31613,51887
1/2/2025,-445,-3186,-7360,-2570,-5213,-7188,-1776,-3651,-6065,-550,-1943,-8135,2998,845,-722,681,-1133,-6113,-92,-1291,-5941,1318,2628,-2972,420,-677,4477,2010,1606,-7798,-1275,-6925,-13105,-2570,-6385,-11815,-1031,-6460,-11445,-3130,-8355,-14065,2998,-163,-4889,681,-1628,-9095,-22,-6827,-11440,1705,2512,-20184,205,-3660,-6395,1680,2384,-19966,-4696,-1880,-1160,-4531,-4556,-6371,-1500,1850,2273,10799,2010,-2490,1613,-4446,-2310,-2558,2496,6214,110,3064
1/3/2025,2736,2798,189,-205,-2906,594,469,1023,882,215,-2165,-305,1495,-1164,2780,2243,-1293,10754,3695,-1358,10483,2945,-5495,-1604,1774,433,2933,3840,-1796,-3104,-270,-3341,-488,-205,-2906,257,-560,-2086,1084,1542,-3218,839,1710,-663,10518,2243,-349,13519,4285,109,21895,6462,-5335,13468,4588,290,23083,6462,-5335,13468,-810,2490,3,2831,-810,4995,-7,2501,-927,-8655,3942,10017,1967,15553,-4588,-8013,-2,6620,-4373,-2087
1/6/2025,980,539,3231,1825,2561,1359,1313,1948,1120,1575,4975,-431,665,-3030,-8018,10,-4188,-8986,2175,-1996,-8998,-760,-4011,697,-2155,-1174,2467,3435,3868,-6817,1265,4509,-3169,1825,2561,-3849,1195,2286,-3609,1810,2964,3284,665,626,4439,10,-1792,-5713,2175,7883,-12619,5530,-1717,-42291,1000,7570,-8449,5235,-2317,-38221,302,1831,2275,4295,771,-134,1660,3780,930,-7915,-6965,-8975,-6633,-9000,-6895,-8944,-524,-3797,-6985,-8319
1/7/2025,640,1057,-4724,1793,4255,-3368,1570,633,-490,1780,5195,644,4289,3723,-3814,3640,5204,1157,2206,2540,-1325,6224,22513,14888,184,3079,-429,5900,15256,25148,1855,5194,2711,1793,5005,2768,2698,4918,3485,605,2638,-1932,4289,6336,-7506,3640,6877,1499,2347,3992,1025,11759,28985,50876,2304,4092,530,11464,29170,52486,2421,1578,2710,1510,1963,4608,1970,-1081,5456,3154,6268,6705,211,16128,19577,28577,118,-2018,13262,16325
1/8/2025,1112,3198,7487,872,1348,9926,1556,2650,5605,-425,3124,7476,5965,7702,24585,5000,7378,19064,7969,12711,18803,2795,8880,19133,5499,7672,7616,2310,5780,15724,-35,-124,9393,872,1348,8058,1745,834,8364,1171,2686,5374,6273,10281,24835,5000,8537,19064,8196,14769,29140,3335,6186,21238,7231,15204,21648,3315,6186,21238,2382,8332,3199,3386,2709,5770,3698,-1077,9143,31138,6316,15308,11603,29253,10231,13315,2111,14155,13819,11185
1/9/2025,0,0,0,0,0,0,0,0,0,0,0,0,0,0,0,0,0,0,0,0,0,0,0,0,0,0,0,0,0,0,0,0,0,0,0,0,0,0,0,0,0,0,0,0,0,0,0,0,0,0,0,0,0,0,0,0,0,0,0,0,0,0,0,0,0,0,0,0,0,0,0,0,0,0,0,0,0,0,0,0
1/10/2025,1663,2159,1879,2495,305,3162,4130,3725,6091,2648,1420,3310,3298,2915,15846,285,1997,3088,2659,-61,3863,2545,-1280,-640,3081,545,6562,2035,-4890,-7577,3498,-585,795,2495,305,3692,1929,1089,3519,2453,280,205,3883,6321,17095,285,593,3154,1570,1655,2948,-880,-4928,-40359,1638,2563,5065,-880,-4988,-38815,1672,8461,2288,6995,1641,8059,1490,6374,5930,11907,2465,2985,973,5289,-359,-6608,2595,7701,347,-4666
1/13/2025,78,81,-6075,-505,-1860,-4263,-908,-769,-6435,-755,-2591,-5905,1969,1887,-8068,1008,-1219,-7588,1034,-1995,-4977,1755,1416,5400,2458,-268,1377,1440,7165,9798,253,-1860,-4149,-505,-1860,-4149,-312,-1530,-4149,1893,340,-5772,1969,-3118,-13645,1008,-3958,-9158,1034,-2703,-5168,3530,9307,31409,740,-2135,-8443,3530,9307,31409,-2106,-4246,-1269,-2907,-1776,-4246,-1269,-6077,-4022,-8660,-1435,-5204,-147,-4311,12052,9740,2904,-285,4320,13809
1/14/2025,2112,2667,4627,2127,4517,1627,2354,3530,7365,-560,4067,6604,3877,3752,9335,3487,5825,16637,5008,7771,2061,3060,4743,1473,1381,3257,3322,3065,2602,25708,2079,3034,7356,2127,4517,9606,2237,3369,5354,1790,3742,4135,3873,8415,11842,3487,7170,16637,5008,10750,25532,6983,8886,24055,4664,9694,22397,6983,8781,24055,5079,5305,4962,6781,4222,5870,5956,4169,9151,12551,6705,23256,5928,24317,8383,8605,1626,5025,2163,3896
1/15/2025,2528,5376,16372,3139,7564,17004,3365,3178,13254,2503,7846,16423,3285,2142,4085,3992,8264,22161,5230,4385,16560,3525,10305,3209,2286,3038,2618,2930,14926,14565,3173,6777,18403,3139,7564,19118,3653,7191,16389,3916,8567,18598,3285,6546,18041,3992,11489,25559,5230,18448,37686,8330,24509,80192,3687,16360,37686,8090,24509,80192,4385,12406,6374,11242,5870,11729,4153,11843,6675,-654,7378,18375,10165,21375,12244,6332,4528,1782,9863,6708
1/16/2025,1389,-1565,126,2880,4649,5482,3649,-1577,-301,395,5511,7239,2470,2610,3049,3985,3983,9746,2282,3306,8547,5170,18150,10834,3005,1174,-1049,2115,15910,30933,1875,3966,1663,2880,4649,1321,2280,5588,1351,-50,-1514,5103,2470,4614,-2787,3985,7624,9746,2282,3366,6581,9231,20462,43557,2599,2234,6126,9141,18222,42047,1445,2018,3620,10276,3545,2018,5135,12369,2605,6373,7868,12591,2797,24174,17157,42961,5708,4024,9779,34816
1/17/2025,2766,4209,2560,1578,1817,865,2751,3077,379,1105,1661,428,2150,3494,-3866,2221,1990,462,1917,2146,-1777,3113,4692,1055,1449,1018,-11,4103,8729,-5129,1565,585,-3458,1578,585,-3458,1655,585,-3458,1395,626,-3645,2744,2967,4256,2221,4035,-670,1975,-268,-5683,8474,9790,-23217,5832,1269,-5683,8474,9790,-23217,2620,-103,-1790,-1623,2620,-103,-1790,2479,-1067,-502,-2524,1732,5511,3069,-1545,-2676,13,1622,-1865,-798
1/20/2025,1215,1405,-580,-1010,-940,1352,-755,1625,-1125,-455,-336,-1765,1231,1962,3779,387,335,-608,-158,-283,-2375,1210,-6935,-1830,819,1682,1062,760,-1310,-8880,-1020,-1635,-1765,-1010,-940,-1765,-755,-940,-1125,-340,-1325,395,1231,3040,5542,387,760,2095,-158,445,-495,-3010,-7360,-14580,819,1055,-495,-2450,-7360,-14580,-945,-2880,-4720,-6775,69,-2880,-4720,-3175,3360,5061,440,-2885,1620,340,-6770,-8270,-512,4824,-6205,-8430
1/21/2025,1785,-1255,-1999,3200,-1290,-2447,2660,-523,-6907,1880,-688,-5949,582,823,-6625,-1880,-6675,-8994,-1155,-1975,-7454,-95,-4820,-2945,-820,-2833,-4544,-1705,-6300,-5623,2930,310,-10210,3200,-1290,-10210,1925,-960,-9210,1965,-693,-5021,582,-2982,-4393,-1880,-7409,-21164,-2680,-10700,-20425,-5754,-25189,-68939,-3160,-5329,-18065,-5754,-25189,-68964,-2110,-2049,-2170,-7030,-1110,-2049,-2170,-1790,-3282,-2386,-3569,-8880,-4046,-8970,-6990,-8950,-417,-7340,-6980,-7120
1/22/2025,578,7492,8481,1865,2692,5470,5662,3045,-1861,1970,3128,-1605,850,-4601,-8964,-1610,-1145,-6388,-1497,50,7354,-695,3591,2592,-772,2156,2973,-1590,20169,2007,1630,3073,-3485,1865,2692,-4048,2646,2092,-4048,2532,1915,5163,-1295,-5652,-12972,-1610,-2868,-11635,-2073,-1583,-9092,4746,9244,-5727,-1953,-2177,-7902,4746,9139,-7622,1579,2204,-1473,-1872,3986,2204,-1285,-1544,-3254,-6780,-6116,-2495,4784,-5217,432,12269,1483,3969,-1462,3051
1/23/2025,-1017,934,-1550,-252,916,-1962,-387,-1050,-1791,-555,-305,108,28,1799,-5395,496,3483,-2290,-1425,-1488,-3881,1780,11124,4216,-283,-511,-278,1305,9565,10077,-80,1251,2014,-252,1196,2014,-387,701,2014,-1215,-1837,-3186,28,-3554,-11610,496,-480,1273,-1445,-1918,738,6789,16510,47559,-1867,-526,-982,6789,16510,47559,1802,4899,2029,4899,1764,4899,1802,-1745,-3170,-7196,2113,3021,-1592,5018,10395,15419,-710,-623,4767,11483
1/24/2025,-875,-4094,-2736,-1050,-1241,-8435,-174,-4114,2179,-640,-1120,808,-3000,-601,-8414,-1315,-3485,-6668,-1615,-1615,-3890,2240,-4615,2104,105,-1231,-3793,3336,-41,-3839,-1370,-925,1974,-1050,-810,1819,-730,-925,1819,-2040,-3045,-3095,-3000,-4969,-9099,-1315,-5730,-9585,-1615,-2920,-2760,2838,-4704,5095,-1260,-1884,-2760,2104,-4704,5095,815,73,824,825,815,73,475,-1158,-6130,-9000,-4210,-1640,-42,-811,763,4754,-4680,-8320,-3220,5270
1/27/2025,4080,3385,4801,2325,3219,3480,1804,3164,8664,2510,4145,7957,6335,6820,12906,5350,4470,-845,5718,2230,6611,4035,-2000,1110,3148,4500,1117,3760,3713,-7561,2515,3208,4850,2325,3219,3771,2190,1809,6792,2481,2213,5137,6335,11402,16789,5350,7370,-971,6654,8463,11252,370,571,-6455,5604,4308,3778,945,571,-8682,6332,6879,7409,8836,6417,7216,7544,5711,8688,15133,6638,2426,2667,15846,-1906,-3613,1394,1191,-6270,-4198
1/28/2025,530,508,666,810,3093,428,917,2886,363,-580,1938,1085,-213,5587,3154,2593,4153,2647,3078,-1055,629,-580,2232,-3233,-958,-1889,-5482,3790,-1976,-7487,170,1960,3629,810,3093,3634,1535,3043,3634,630,2500,2768,275,1448,4851,2593,5592,6222,4244,8664,21335,6938,12300,48735,1041,8112,18684,6938,12195,48735,2683,-1535,3974,-1601,3383,-1530,3269,5691,286,7450,2281,6320,1516,10886,-4591,-6484,-1810,-7660,-560,250
1/29/2025,2735,7117,17380,3973,5160,15630,3645,4965,13965,1610,8272,18074,8517,14506,38872,7250,18699,41098,15035,18695,56927,6495,23227,11802,8272,6944,11850,4700,29332,41504,3676,10082,18079,3973,5160,14948,3645,5115,15363,26,4657,15753,10705,21412,53180,7250,23775,48497,15035,33346,79993,12836,39753,87259,13600,27472,79350,15524,39538,81693,7875,16868,8465,15052,9465,15052,6680,15168,20192,39194,20259,41910,18828,71933,17733,19873,11105,19148,21841,35455
1/30/2025,4462,7773,7851,1828,5863,6741,5449,4036,11168,305,3151,12834,7718,11338,10081,8964,16599,7739,9240,10545,12611,6488,7970,-833,6891,7507,6486,4465,13355,-7969,2548,6013,9886,1828,5863,11974,1798,6538,8936,148,3618,4206,8792,15939,13571,8964,16878,7465,9419,15391,4786,11304,15385,7445,7915,12840,5363,11304,15200,5815,10798,12506,7443,10819,11161,12004,5927,8787,7183,10642,9370,7883,6129,8669,1240,-3471,3235,6870,595,-1731
1/31/2025,-281,-806,-6535,1046,-1121,-5056,339,1143,-2535,100,-740,-3680,-1527,-2216,-6940,-2460,-6026,-8995,-4089,-1940,-8998,5260,747,1185,125,-798,22,4240,-6630,-5798,180,-2695,-1906,1046,-1121,-632,824,-2507,95,-480,-458,-1145,-1204,-545,-8711,-2460,-6710,-17625,-3740,-5760,-10110,2020,-5985,-41211,-2500,-4950,-9775,1870,-6290,-44136,-1323,228,1301,1896,-1140,-1929,402,119,-4039,-8450,-6475,-7795,-1550,-8987,-610,11351,-326,-193,1670,4384
2/3/2025,1721,6116,6365,2995,6540,5190,2076,4302,6854,1360,5070,9301,5505,8675,28590,5901,15027,25440,10126,9103,26428,7350,1983,-3083,5080,887,5277,10443,6801,15803,2215,6545,8456,2995,6540,5630,2210,4915,5630,1355,5590,5526,5505,15531,30130,5901,17578,35611,10395,18103,33499,6871,20064,42446,10455,15505,34280,6646,20064,42446,3051,5352,3742,10181,2683,11675,4232,5640,9420,21817,7786,21793,4312,10385,-3069,-4174,-699,8894,1375,13151
2/4/2025,3170,6324,9509,3844,8452,10795,2734,4250,11463,4293,5495,9825,4629,6053,17523,5463,9605,21783,5271,6532,19419,3350,11368,7273,3527,3409,2165,3464,17466,11330,4386,11366,15758,3844,9432,15758,3117,8781,15758,4050,6257,15313,5289,4379,18808,5463,10731,28238,6767,13138,36106,8119,26045,66508,7355,12215,37758,8119,26045,66508,4772,5029,4842,5369,3291,5029,5128,7306,3758,6209,9368,13857,4121,17701,10236,10001,3446,3529,13761,15702
2/5/2025,4027,637,1589,1895,3807,-77,3820,-718,1850,2473,605,2573,-158,552,2274,2192,3040,6480,1719,4703,-1847,1690,13401,11898,-635,1045,6533,1235,8378,17401,6239,4064,2875,1895,3807,2875,3959,3458,2875,1563,126,507,-158,2467,770,2192,8092,11774,2784,8045,11928,7699,25966,70173,1210,8045,13563,7499,25966,70173,923,2077,1113,2975,1238,2077,379,-2868,3134,-2152,7254,8839,861,8702,14646,28410,2309,6753,10884,17961
2/6/2025,705,3606,13901,3029,5269,9401,2066,1564,-714,2375,3259,5124,4607,504,15930,3947,1253,9566,5835,9934,8310,960,5924,3450,2716,940,4489,430,-1341,3272,3307,7499,6870,3029,5269,454,2409,3484,454,23,1479,11829,4595,9310,15009,3947,7151,15647,5835,12994,25671,3702,9506,30827,4761,11484,24566,3522,9246,30827,4403,3435,5220,3111,3290,3111,6864,7734,10167,8742,8470,8836,2496,16281,5820,2797,1542,2199,5363,5798
2/7/2025,750,-503,-61,459,-270,-2371,531,-489,-4012,-565,972,-4134,4190,4994,-4062,3043,5781,-2426,3199,1888,5611,8074,23844,6405,1035,7158,-8850,8025,12249,36455,80,-640,-3335,459,-270,-3154,479,-797,-2900,-20,-1300,-5318,3968,1391,-11673,3043,2365,-1503,3207,4213,2489,12470,22515,50028,3677,4137,2489,12470,23025,51323,-1286,-3095,-568,-4326,-1558,-2458,-765,-1527,-2227,-4301,-1849,3266,6714,4615,28114,47684,-519,-8205,23429,44014
2/10/2025,789,873,3336,-458,1442,4057,508,3611,791,677,1032,181,1704,3503,12692,-669,3097,1590,407,-1527,-453,1895,-5618,-1183,483,3063,2762,3125,-3951,-6609,-575,-1523,428,-458,1442,293,-269,-483,293,953,401,3766,2084,5721,14308,-669,-421,127,914,-2095,-1978,-6365,-13822,-52921,914,-2523,-1978,-6410,-14222,-52921,3807,-2366,-548,-6271,3807,-2366,-548,-2534,7401,9489,-1879,-3286,1339,-3206,-6615,-8678,8431,2998,-4420,-7672
2/11/2025,2648,1044,6323,3730,4008,7348,4774,4050,318,455,4908,-2,3998,2535,11916,2551,1905,2828,1780,-386,-170,-940,-6827,1307,1491,2595,6784,1715,-543,-7564,2565,4035,-3649,3730,4008,-3649,5235,3088,-3649,4050,3405,5169,3998,7879,16356,2551,2999,3142,1780,41,-1208,-3807,-14752,-41158,1511,41,-1983,-3807,-14752,-41158,3824,2255,3288,-623,2729,-920,5412,6819,7966,17036,-485,5158,1109,6708,-5085,-6481,5884,4281,-4920,-7058
2/12/2025,-87,-4837,-4517,-1300,-2775,-4718,-1229,-4648,-7750,-695,-4652,-6442,1884,6195,-8758,1385,6003,-8758,3367,-1075,9525,-585,-4031,-2375,1585,1052,-3968,8104,-1569,-8091,-505,-2865,-6789,-1300,-2775,-6554,-1030,-1992,-6554,-640,-4012,-8952,1884,7358,8332,1385,7907,5307,4258,8022,13000,7696,-1402,12844,4258,7419,13000,7696,-1402,12844,-4652,-6411,-4188,-6208,-4795,-7547,-4148,-7080,-2051,-7770,846,-7770,5935,-7770,-5985,-6812,-3570,-7770,-5946,-6812
2/13/2025,-1445,2726,-1565,1275,5532,2416,1432,1695,7640,1045,2052,6359,-3510,-5142,-8932,1013,-1231,2099,-460,-1922,-7871,1885,13147,13950,-1035,2468,-7055,1965,8968,23903,1290,4007,10182,1275,5532,10197,1073,5072,10197,285,1782,1570,-1940,-4268,-8280,1013,2566,5850,389,2154,1617,6410,17975,46318,634,12,1092,6290,17975,46318,2981,7586,3902,11667,3602,7601,3841,5591,-5437,-8901,2996,3525,-3065,1930,16793,37201,-1106,-8660,12690,37443
2/14/2025,756,-1027,-3355,-1155,-480,-1280,-1847,-471,-4894,-650,-587,-1219,1667,1333,-5847,2907,5526,1355,2491,-1940,-6619,1251,12186,6033,106,49,-3932,1960,9046,11299,-450,-480,-436,-1155,-480,-436,-1235,-130,-436,69,-1200,-3662,1667,-4350,-8970,2907,1801,5633,640,2334,4648,6136,17074,46340,654,2334,4648,5273,17074,46340,267,-2251,-2450,-2642,187,-2251,-2450,-4911,-5215,-4048,1427,3235,1894,3597,13548,15595,-2229,-7870,8724,17358
2/17/2025,990,2270,6670,2515,3350,8075,2515,3280,6670,1295,3350,6670,3925,2545,13461,3980,6870,9005,6340,7455,14260,7235,5995,4895,2665,1940,3101,5790,5995,6770,2515,3350,6420,2515,3350,6420,2515,3350,6420,945,2105,6420,3925,7355,13461,3980,7510,12330,6340,11680,19220,8375,17275,25455,5910,11680,19220,8375,17275,25455,-290,990,-290,990,-290,990,-290,2395,4230,5130,900,-105,-60,1025,-5805,-6600,805,-575,-5805,-6600
2/18/2025,1730,6296,8709,4701,9723,12220,3978,6969,5766,1090,4611,8865,3882,2276,7586,6390,5384,9163,8071,9263,-3341,1848,2842,-1932,1468,7923,3572,1976,2842,-83,2750,6910,11475,4701,9723,14147,3978,5914,7482,1585,5632,12719,4653,11975,17725,6390,9352,9115,8359,11654,7622,7938,8277,-13609,8897,12269,8372,7938,8182,-11279,4731,8848,5371,7931,5155,9088,4716,2338,7353,5809,5098,4398,3058,5700,-4082,-5330,-64,4076,-2059,-5602
2/19/2025,3407,2416,6193,1970,695,2741,955,1660,-3329,2115,1260,-1942,5535,11019,6074,4400,9127,8141,5045,4222,11824,2875,-5624,1978,1185,5100,-716,8523,-5181,-6294,3460,765,-5045,1970,695,-5045,1155,590,-5045,2045,645,2014,5535,14186,15868,4400,10240,11810,5045,15696,8615,4390,6890,-14240,5405,16586,7615,4390,6890,-14240,-493,-7314,-2510,-7314,-493,-7314,-2510,4548,3337,-3605,4465,4679,11977,7206,-6985,-5176,-3620,-566,-5755,-8437
2/20/2025,-1366,-2771,-3684,-1915,-2810,-5758,-1987,-3978,-2397,-925,-1528,-5856,-907,403,-2003,-3156,-477,-7041,922,-1130,-1654,-580,-6271,-2275,811,-3335,-2633,1970,-6041,-6295,-2000,-2870,-5436,-1915,-2810,-4981,-1350,-905,-1981,-1094,-3034,-7659,-630,-4548,-11544,-3156,-6755,-14851,-2029,-10114,-17401,-9305,-18080,-43624,-3390,-9435,-13330,-9305,-18080,-43624,-2464,-4441,-2475,-2879,-1177,-3003,-1264,-3180,-4362,-6109,-6582,-7169,-4268,-8343,-5942,-7775,-2965,-2518,-4600,-7775
2/21/2025,2645,4328,2425,5552,7547,3111,3956,1441,10723,3345,5644,12187,-5655,-2800,-8440,1895,2828,-3720,1015,-1981,-7441,11205,29845,19155,-438,-1970,-8440,9480,30912,44147,4884,8603,13200,5552,7547,12409,4387,7081,13063,3260,5644,11092,-5815,-11490,-26590,1895,1331,-1354,1272,1951,-4789,18611,36681,64419,3206,722,-5599,18611,36561,63059,7612,12294,7893,12388,7627,12294,7372,4475,-6235,-8320,1555,-3764,-6861,-7040,47212,33853,-1049,-8320,39768,33864
2/24/2025,2955,2998,6441,4097,6909,6593,1792,2229,8200,3436,8207,9232,2636,-2913,4283,4344,-1100,1917,3544,-28,-3509,3665,8986,11638,2904,1135,6845,2355,8181,11187,4047,6926,9232,4097,6909,5919,2781,5933,6954,4509,10716,12348,4184,4960,7479,4344,5295,6601,5293,5584,8471,7680,11717,21203,5675,4854,7377,7680,11717,18996,8118,9663,7815,9640,6645,12993,8443,6360,1821,11886,6696,8582,203,4273,11365,17632,648,2766,9895,12168
2/25/2025,3875,6262,2223,5204,4172,6202,3968,4855,1448,3790,6152,15920,5588,8661,27744,4175,9156,8189,6279,4091,26340,1095,9685,719,3004,4547,3285,2655,488,8099,5255,5483,11804,5204,4172,9129,2603,4127,1753,4197,6152,15815,5892,14502,29929,4175,10495,14728,6405,12016,24233,4475,7507,-4737,5589,10496,20444,4475,7447,-5257,3735,4400,3415,2082,4978,1746,4530,6613,17563,25700,13174,15488,12306,12193,2817,-3995,9822,1017,4717,8710
2/26/2025,1385,1209,2966,725,2629,2766,1179,1556,5523,65,3230,1392,3274,-510,9348,1944,-233,-4687,152,214,-8853,5242,-6897,325,2039,2159,2093,3385,2320,-8900,1413,1745,3208,725,2629,3048,-755,1057,2938,1445,975,3904,3274,6581,15058,1944,602,-3244,780,-2579,-4945,415,-12625,-44205,2099,1785,-783,415,-12765,-39180,6247,10124,6115,10833,4422,12821,7191,9864,7847,12521,2140,-1807,450,-3130,1905,-552,1348,1962,6340,2586
2/27/2025,1985,549,7169,2540,5029,6894,1357,5337,9849,3845,5563,9265,3346,-1175,33670,3982,2849,2892,3805,3339,3971,6827,21641,35020,4425,1803,1272,5095,11985,30203,2540,5102,9270,2540,5029,9735,2765,5197,11354,3345,5163,7650,3042,875,33670,3982,2739,2892,5245,2998,6311,11695,21641,49419,5022,4747,4639,11575,21466,42389,5261,9388,5752,11700,5306,10612,7192,-13,-1390,1676,5170,9166,2663,13880,24769,42971,931,11826,17477,34701
2/28/2025,1055,1659,6442,1545,7384,4573,246,3038,5762,1840,3371,7973,2542,1233,25205,3031,1854,9072,3109,4492,17931,55,4634,-3225,2083,1605,356,-485,-2443,4093,2250,6450,8772,1545,7384,8807,1555,5929,7914,1960,5558,4501,3571,6915,11304,3031,5514,5683,3300,7410,12048,480,-1420,-1089,2863,4975,9426,480,-1420,-1604,4349,9000,5671,9577,4795,8925,4306,8261,5615,12933,3785,11754,2060,9018,6004,11763,3234,5289,2170,8406
3/3/2025,2305,964,-1236,2080,3981,-569,547,593,-30,2715,1708,1135,4140,6482,17706,6739,9891,23764,6653,9977,6849,3975,23511,26135,5927,6082,4536,3345,13945,24101,1980,3530,-1880,2080,3315,-2530,1250,1425,-2525,1965,2621,-2500,4140,7434,15900,6739,12571,23764,7245,12989,19277,13330,23511,46914,7130,11749,14794,13265,22321,38464,2554,2834,4470,950,719,2434,3540,3950,8135,12220,15370,23234,9187,20344,26460,50577,8945,12662,19150,24411
3/4/2025,1825,3055,3268,1400,1779,406,2051,-202,6724,1965,3455,6335,4142,4028,3159,4738,6025,12863,9456,8043,15460,6405,16597,29791,1975,1588,966,5570,18818,20531,2290,2895,3401,1400,1779,3225,1490,2144,3225,2435,3995,4887,5233,8660,12925,4738,6775,11008,8308,10813,27169,7140,16997,33149,6869,14668,24806,7100,16717,33174,2996,3624,1320,3315,1628,7283,4035,-1818,7245,3380,5545,10396,7350,22570,7239,14968,-625,478,11585,28591
3/5/2025,415,-177,7205,2295,4940,10355,2757,1798,9896,530,1073,10342,1550,4760,13743,1590,2655,16247,1993,3852,4922,3805,4225,5717,804,2472,-594,2890,2552,-8975,1675,4752,3584,2295,4940,4959,1840,5150,5374,195,1646,4565,2366,6426,16776,1590,3732,11077,2670,2993,7087,3650,6462,26130,1405,3893,8600,3645,6257,25591,3576,-2618,4515,-273,2836,-2502,3695,2841,4215,6209,4525,3770,5848,-147,3960,-8903,3210,-372,8335,33607
3/6/2025,910,3148,1505,2058,-842,2125,1462,1185,-959,1310,2049,4211,4325,11748,1810,3062,8681,1727,2616,-1466,226,6715,3857,4630,159,4384,440,7000,20086,23711,1935,-875,-910,2058,-842,-920,1754,-2459,-830,1296,2113,3463,4325,11314,8048,3062,7319,729,425,2650,1543,8663,9385,10341,85,2689,2048,7815,8985,5635,3151,4696,4805,7911,3709,6328,2921,3303,8917,3443,5807,3108,5832,11107,334,-2011,1589,196,13710,16364
3/7/2025,1555,3325,4993,2458,5884,5795,2144,3517,7842,1983,4715,14970,4707,2580,8046,4334,3494,15509,8457,9980,3583,3995,5027,5617,4610,1373,2391,3380,4655,48688,2333,5902,10428,2458,5884,10620,2703,5479,10193,1480,3572,6628,4707,5909,13609,4334,5227,15509,8457,9787,16993,2635,6443,14333,6020,7652,11109,2615,7184,12118,5274,11049,7522,12314,6687,12035,5962,8174,7026,12543,7880,14020,677,20011,-1863,-920,3753,8871,-2135,13897
3/10/2025,1650,5006,13826,5437,10751,13835,5362,4068,21033,3756,5139,15249,2863,4570,-8485,3560,8787,15346,10057,-1515,4410,9785,30703,37842,-670,-1112,-8485,7875,23198,53724,4460,7496,19781,5437,10751,22408,5362,10283,22035,3881,5294,14372,1100,-200,4591,3560,8058,18833,10368,19135,31569,16478,30899,75292,7920,12395,25008,16478,30669,73542,10599,20334,8862,20615,8494,20442,7065,10264,1440,-8370,9440,20938,8491,17019,29539,60123,-2457,-8370,20258,34122
3/11/2025,1820,6207,10237,4165,8406,9627,5458,8188,25892,1695,7883,17416,5243,4727,27051,4462,5570,24506,8341,11532,22626,2435,8392,-727,4705,3828,6071,2050,-2117,9534,4415,9905,17670,4165,8150,16558,5125,10315,20399,3250,8463,16671,5243,9600,24445,4462,9412,21404,7691,16185,29059,3740,7379,32012,7844,16104,25799,3740,7094,17832,9145,20791,8400,15211,10305,22294,9560,18691,11970,29980,10627,25500,9434,32046,3905,3142,8014,3659,3835,3534
3/12/2025,1621,863,1518,-184,35,536,-1563,5078,2384,-570,3994,1999,4268,7453,17273,1734,6970,6789,2079,4855,7977,1800,-3180,1009,2393,-795,3467,105,-4171,-4883,-20,824,-202,-184,35,-588,-31,-545,860,345,4749,1039,4448,8859,17987,1734,5826,2102,500,2541,3168,-3070,-9181,-33425,-110,3782,3966,-3265,-9181,-33730,4834,4155,4693,5147,5613,2783,5745,1436,11439,18950,7085,6979,3289,7587,-6289,-5860,7433,5984,-6850,-4469
3/13/2025,2990,3942,9714,4065,6422,8753,3382,3994,7694,1375,5827,9769,4559,8464,-534,4880,10645,13465,7893,-1115,13907,6215,24603,7839,1170,12326,-1089,5220,15370,18245,3900,6511,15421,4065,6422,12016,3903,3844,11082,2420,5278,9320,3377,8650,11434,4880,10793,13465,8808,15135,21353,15135,27988,33645,7401,14506,18098,14990,27228,32585,2318,12034,4009,13618,2731,12034,3961,10150,2961,-1795,11455,17434,9410,26293,16914,21563,6634,-7880,11010,12663
3/14/2025,805,2124,-3727,-995,-1325,-2752,-724,-2593,-5046,881,-2459,-5420,3466,5536,4759,3945,6577,10793,4469,-1729,8016,2723,16991,12375,1513,919,819,2173,11645,25209,-255,-1122,-6495,-995,-1142,-6644,-1000,-1357,-7176,-480,-3636,-6656,3466,6202,-581,3945,8324,11380,4640,9155,12070,6210,19316,54834,3972,7244,8042,5970,19316,54834,1184,-726,1146,-1821,2033,-3246,1296,-3810,1777,5303,5992,12345,3073,9162,17512,27565,-211,1069,16698,20152
3/17/2025,-750,1608,4396,-880,795,6159,-1506,-99,3002,-105,2350,4328,618,-336,13346,483,-1728,7664,1303,698,4132,845,1749,383,2731,79,2651,230,-5850,5427,-85,780,10722,-880,795,10722,-860,1598,7492,-1375,700,8920,2386,5746,16065,483,2297,9829,2402,1055,7631,-2225,-8660,-15565,1576,-540,4721,-2245,-11140,-15565,47,8763,948,9740,47,7237,933,6601,5488,16940,1451,7124,-2396,8199,1299,8300,3231,5139,-4020,11901
3/18/2025,6105,8525,22628,6688,10036,22081,3414,7206,6670,5545,10344,14438,5279,14005,54379,7874,23760,48399,9233,27063,44589,6380,20705,2702,5253,6978,9826,5345,17076,5800,8508,12951,14386,6688,10036,7762,4773,7464,6803,4980,10558,20993,5279,21551,55511,7874,27890,54331,9233,30336,51488,7109,25653,16310,7309,14968,53072,7338,25608,18742,2055,2468,80,1610,-621,906,275,12610,21029,38875,19100,10208,13976,29153,-4539,-3745,9129,1016,3777,-4267
3/19/2025,460,4198,5156,350,-2782,3412,-1744,3458,-330,-500,3198,1986,4129,944,6394,3449,5298,12685,4288,-1130,8332,-500,9091,-2370,1369,496,-909,1080,6443,15014,390,-1495,-1965,350,-3200,-2070,-1200,-2379,-2200,-845,-2565,-1832,4573,9328,17640,3449,9198,22515,5728,14101,30505,6259,13659,47490,4741,12169,25442,6259,12734,45840,131,-686,-1928,268,-1688,-921,-1094,5814,7111,9632,9515,10958,2868,17352,13141,16917,1596,3028,8096,14481
3/20/2025,3020,4676,6041,2484,4272,6739,3160,5320,8844,3060,5910,12465,1827,5870,4512,410,3585,6245,3049,-1156,15044,4400,-5308,-383,-796,2128,5852,2760,7185,-7333,2170,3695,12465,2484,4272,7377,3160,4497,10885,2495,4570,12696,2540,9829,17598,410,3605,16259,2015,6310,10574,480,-6245,-18955,1415,5775,17156,310,-6385,-19545,1308,7940,2877,3746,4050,1643,1763,-758,10559,11508,7959,20954,15009,-4086,-4868,-6658,5468,7240,-4890,-6305
3/21/2025,530,8458,-4843,-270,-2222,-3594,-13,-1093,-4588,-590,5192,-4758,3627,4731,9922,2807,8744,-3460,987,-1990,-1326,1675,-5027,-3604,-1184,358,3257,1707,30,-8463,-225,-2242,-6770,-270,-2222,-6900,-240,-1443,-6245,460,7547,-3124,2977,5248,11521,2807,5341,10564,1520,1035,11336,4796,8146,23515,515,-807,8301,4113,8146,23515,-1832,-3746,-1095,-995,-1807,-1966,-1075,-5090,8757,14403,-1675,1578,2062,4407,-6450,-8885,-676,-860,-1989,-2432
3/24/2025,2045,3422,-3852,-552,792,-2928,-890,878,-2072,1050,3033,-386,4369,1848,-429,3542,5351,4315,2573,676,12865,3030,9120,203,725,1549,3423,2535,7282,3604,162,404,936,-552,792,936,-686,131,-93,1159,2761,-1489,4332,3619,-168,3542,8019,9126,3181,6177,13130,4294,19522,46137,2851,4899,11312,4159,19522,46137,-1422,416,1665,538,-235,-737,-1510,2163,-2466,-506,2170,5334,-771,4971,9438,10995,793,79,8542,4196
3/25/2025,986,5231,3465,3245,5697,5311,3265,4876,2388,1240,6017,5633,2607,1673,13906,2108,1304,1874,3420,4951,2618,4835,3515,-3850,2364,2851,1346,5669,5526,-6126,1215,4014,6547,3245,5697,3202,3265,4777,3202,420,4640,8358,2607,7679,16798,2108,6140,8394,3420,9672,16791,1390,5105,333,2426,6962,17232,1390,5105,333,1645,-2054,2630,-3194,2305,-2054,2820,1669,2493,4277,970,1408,-257,-138,5480,2081,2141,834,4085,-2626
3/26/2025,1560,-264,-796,1460,1978,500,-104,-1543,469,705,762,5349,-4530,-2101,-8990,2025,2405,2489,2682,-1623,-8838,2711,13132,-2222,-758,-1259,-8990,5156,9569,11295,1360,3552,5747,1460,1978,5478,1650,2473,2309,140,-198,948,-3190,-7495,-15972,2025,1654,2568,3228,-152,-595,9228,20159,29314,3150,-1440,-2900,7663,19819,30806,2514,5690,3292,7142,2134,5690,2987,1640,-6300,-8475,4915,4654,2108,1236,14593,7623,-835,-8475,10934,6578
3/27/2025,1205,3658,9193,1875,6313,11649,1675,3903,7315,-580,6148,7200,7054,5137,19167,5269,8740,17678,5503,-500,20033,0,-3100,852,4261,4273,1447,1220,8679,2896,1910,6026,4029,1875,6313,4530,1890,5902,4382,2805,7683,5984,5456,8495,16554,5269,7720,16228,4664,11049,21197,4045,7485,22876,3445,10597,24614,4040,7485,22321,7151,10376,7348,10354,8094,9782,7451,10504,9882,18432,10796,14050,11259,21661,350,-1146,2187,5005,1008,4951
3/28/2025,1930,3170,6022,2713,4785,4536,1374,2777,11391,2935,5730,7328,-1585,3871,-8935,1470,10480,11545,5088,-1998,-8832,7145,42963,2392,3400,858,-8905,5570,28239,42117,2944,7605,10613,2713,4785,9778,1892,5394,12071,2485,2800,4548,-440,-1205,-8282,1470,10060,13035,5756,15848,10341,11661,38883,84458,8615,16493,12631,11841,38478,85536,5667,5388,4811,5791,2634,6087,5686,4630,-6225,-8280,7310,18534,7244,10865,20533,32735,-975,-8170,16093,40421
3/31/2025,-275,-886,-3313,-585,-115,-4578,-1093,-2533,-2245,495,-1670,-3184,-5595,-3243,-7635,-4025,-4805,-7637,-3718,-1565,-8098,1575,10284,-3902,-3096,-1460,-8925,1873,5708,-7918,175,-115,730,-585,-115,730,-550,-200,1345,-1135,-1605,-4260,-5135,-9705,-6123,-4025,-8215,-15670,-4235,-6710,-19410,3450,10578,12735,-4665,-8555,-18245,3380,10361,10932,223,-141,1200,1667,98,569,1200,-3407,-6906,-8615,-4085,-8625,-3896,-8600,9470,-8960,-6750,-7625,11120,15616
4/1/2025,3100,3171,5397,4261,5344,3595,7552,2407,11680,1945,3810,13407,3783,2017,14912,3670,1893,8417,3415,3298,-3263,2390,10273,2009,2644,7400,-319,2279,756,-2918,3415,6734,11905,4261,5344,19532,4422,5917,16380,2525,5440,16939,2330,8565,14918,3670,4573,6978,4025,6891,8699,2288,3134,-1131,3660,6966,6145,2278,3134,-1131,8137,9860,7012,13928,6548,8718,6791,10133,7192,9907,5830,7913,2101,11135,4974,1654,-1356,5312,2245,21958
4/2/2025,1435,4832,8448,3694,10336,9571,3041,5398,9691,1642,6591,16973,3776,-922,-2927,3865,2835,8651,5481,6368,-3153,-185,11185,1670,161,10300,-8960,-5,10341,13184,2027,7881,15458,3694,10336,12987,2971,7892,9691,1517,6288,14583,3320,8005,12287,3865,6850,9130,6291,13662,21345,5803,11322,22324,4661,12221,15405,5678,11322,22324,7625,10720,8998,11179,6037,10206,5465,9437,1643,-800,5891,9195,4541,18851,9507,9824,1813,-6130,6972,10697
4/3/2025,-135,932,2869,1670,1511,5105,1360,-1812,-4779,-575,3176,4953,3018,767,4811,3712,4839,12436,5582,5598,817,1805,9606,13698,4953,1570,3074,5150,10981,27023,1060,5481,3936,1670,2125,3154,1055,2045,3179,750,555,3430,3018,5881,5157,3712,6602,12436,5582,9373,13393,6879,17929,33057,4711,6685,8999,6824,17124,30973,314,4079,1111,3956,427,10732,1246,-239,4378,2851,7342,19726,4378,12992,20385,35979,-673,7642,14216,18406
4/4/2025,2185,3130,8887,3630,7397,6464,2818,3041,23160,2936,5373,12995,3595,4260,19189,6330,11166,24174,12697,24382,8854,4150,26792,39205,7398,10033,3906,3385,9534,31609,2640,6607,13780,3630,7397,13501,2882,4713,24347,2400,6483,12560,4435,10428,16748,6330,16347,24174,12486,23435,33481,12440,26792,49672,8823,21430,26787,11805,25241,45485,8729,23180,8784,23176,21016,20281,8222,19716,10342,24279,16774,27060,11180,39814,42845,67261,325,3875,34355,26455
4/7/2025,1205,4970,1674,770,385,-623,682,5232,-1855,-575,2811,8569,2695,5700,17177,4172,8305,20028,3366,-1035,4119,-575,9845,-2305,2851,4980,429,1695,5425,6145,845,2250,9014,770,385,2964,1618,-810,-950,-155,1505,-626,2695,8790,17177,4172,10325,20028,3366,11552,13477,4510,9845,19752,2851,6360,9962,4310,9315,18807,2379,3232,2188,3902,3585,2269,2835,1304,8580,17590,10565,22711,3685,19021,12851,18532,3945,591,12250,6239
4/8/2025,1820,4172,2709,4060,6640,5227,3687,5823,16977,4895,9208,14194,465,-2290,-8290,2435,3347,-681,2583,-1205,-6814,-920,-6225,-2665,-1139,6999,1302,5700,8190,22890,4905,8044,12587,4060,6640,14402,4170,8166,16192,5605,7104,11727,850,160,-5307,2435,1420,-2775,2660,3040,-1300,9825,12925,17622,1365,755,-4725,9380,12435,11512,5857,12821,9375,15839,8630,15581,9955,6065,-489,1083,2470,5159,4412,-7739,16920,-8253,-1235,1368,14310,17258
4/9/2025,2810,4865,4374,2650,6445,811,2316,778,8075,2475,4660,6246,1566,4020,3691,3426,8165,10808,8050,11864,183457,3535,29378,47811,4634,4335,6834,2885,7665,34158,3000,7010,9263,2650,6445,10061,2940,6730,11214,2790,4665,7636,1566,2167,2106,3426,7682,10808,8050,14406,20037,14189,29378,57212,7704,12656,18795,14109,29248,56817,5935,8098,5475,6986,5675,8374,5935,5541,4215,2927,8865,14438,9824,24712,31028,56758,-251,5721,22342,201458
4/10/2025,2825,1384,5131,4087,6050,5335,2990,1281,19428,2650,3585,9061,4182,4130,11566,3313,4162,18225,7860,13131,16605,5520,16050,31463,6380,4148,2981,4160,9827,28321,2810,5345,9264,4087,6050,11276,3235,5693,11759,2405,1705,6641,4182,6882,13240,3313,6916,18225,7860,14562,29012,6846,16050,34479,7500,12397,26050,6846,15415,30769,4645,7548,5990,6258,4502,25324,7808,10104,8460,10934,9857,19778,8724,25661,18396,37060,2376,4957,16725,22035
4/11/2025,1075,-2906,-7103,-147,-701,3367,-142,-4412,-184,485,1824,3116,1873,135,10873,1600,8280,16999,1928,-1279,8895,4370,15490,21671,850,3550,223,4705,11802,35032,633,-1672,12242,-147,-701,9333,-142,-1699,9563,643,-2197,4873,1873,6372,4668,1600,9978,16999,2275,2980,11934,6060,16375,32436,2635,2732,5648,5900,15851,35765,312,3434,1621,-139,-574,-937,894,-1161,5297,3195,8328,4694,3579,3368,13319,12522,4415,3186,18614,27713
4/14/2025,3165,4492,5283,3285,6115,5398,3485,3998,6032,4240,7773,13185,2296,7624,3460,1780,1329,3493,3925,5079,-2927,5610,500,19,9590,6707,2372,4290,267,-2680,3200,6653,8394,3285,6115,4050,2585,5457,2871,3409,7253,9659,2735,2897,4418,1780,1781,1819,4741,4898,1917,4495,-3065,-23252,3005,1854,-1772,4485,-3270,-19502,6492,9180,6579,6572,5140,6523,4130,3049,5372,7502,3684,9231,4707,4996,-1782,-4448,2534,4556,-2935,-2771
4/15/2025,2105,3078,1833,3055,155,2491,963,2607,-3941,-880,1294,-3530,4430,6452,13298,1525,4670,2824,1742,546,12440,4745,-5259,1146,1721,406,3262,3893,-6985,-3444,1985,210,-4539,3055,155,-4664,510,-1600,-4650,1575,2555,-2040,1940,1880,11309,1525,-3920,-7625,84,-4941,622,-810,-7400,-48685,41,-1914,3043,-810,-7400,-47610,2756,-3218,1011,-1965,-457,-3218,2442,4510,6419,15017,-570,519,8689,11504,-3154,-5634,598,-1908,-3723,-3238
4/16/2025,-379,-1753,1587,995,2489,1279,407,-2087,6706,935,2518,5938,2086,244,-2645,3645,5765,15388,3152,-1977,525,3465,16999,12888,2575,3898,2981,2755,6661,17452,920,2179,4673,995,2489,4323,845,2319,4323,-480,-112,861,-140,685,4383,3645,7389,15314,3970,5151,18513,11395,22669,40497,3260,2620,11806,11125,21714,37487,2840,8236,3341,8307,3200,8236,2566,1499,-445,-2398,10611,17338,7480,23594,20256,30504,1574,-4003,16240,19612
4/17/2025,785,5429,13063,1028,2755,13425,3300,4361,15625,1660,140,13432,6602,8661,22437,4328,5558,12007,9466,5360,11980,4645,7287,6655,6982,5647,8296,4025,1457,5660,1910,3050,11300,1028,2755,11145,1848,4774,12256,1688,1867,9953,5247,14321,27676,4328,9193,15327,9384,16732,19932,6175,641,1785,8571,15628,21097,6145,1906,680,5521,11675,3810,14705,6920,11675,3810,9664,15124,14195,7591,11047,3584,11497,3316,17368,2743,11310,6190,3484
4/21/2025,3295,3915,10270,4187,9737,9700,3561,5096,16100,4310,4489,15236,264,929,-1895,2240,3746,9527,8672,6482,13975,6202,14674,3265,4150,4938,-1895,3880,11585,-1009,4805,7869,15726,4187,9737,17804,3848,9078,16674,3850,6772,9328,532,1410,3458,2240,4125,5842,5970,7405,10964,11027,19093,19023,5615,4445,5690,11027,18973,16711,6758,15727,7072,18331,8455,18144,7317,9256,718,-927,2058,3163,1179,11785,14584,19410,3223,-927,11408,14688
4/22/2025,2595,5290,7027,3540,7365,6523,3031,4462,16829,3544,3774,10439,5602,4114,11386,3500,5453,6436,8154,26538,4489,1990,-459,1472,5752,4593,13838,2350,1016,5294,3535,8273,9002,3540,7365,9186,2386,5439,9128,2969,3431,6031,5602,14230,16027,3500,17691,6436,16755,24513,12666,3075,-459,-6005,16900,21995,10141,2945,51,-7565,9150,11398,5742,11302,13938,11425,5803,3936,8018,16681,16340,7076,4319,13945,-338,5061,6928,13988,4707,6060
4/23/2025,1880,-836,2132,3898,5674,-1949,2102,3018,6633,2489,4025,7389,6112,3760,9742,4718,3580,11306,7576,-1594,13001,4790,7526,-3810,3414,1836,1663,2665,8936,-8275,2599,4719,3843,3898,5674,3764,2735,2783,1573,2604,5826,8541,6112,8463,6759,4718,5356,11792,5435,6650,14402,5073,13499,28935,5439,7088,15976,4963,11774,25160,4222,8016,5188,8627,3988,7375,6615,555,5835,4867,9518,14492,6119,13223,2415,-8826,2011,3517,4762,25531
4/24/2025,850,2072,4058,1810,4443,2733,1417,1003,9424,2185,1962,9166,749,4516,-6238,2810,5967,10038,5592,6902,3156,3020,19478,10623,-1484,-3579,69,2260,9276,28235,2685,4576,9166,1810,4443,9166,1780,4717,9166,1168,2662,4141,2149,942,-7409,2810,8424,9059,6034,5213,5427,8957,20650,54624,4212,6432,7933,8262,20650,54069,4580,11984,4738,13605,4318,11984,3410,5414,-5345,-4566,6196,5877,4898,9075,21712,39592,462,-358,18557,36305
4/25/2025,-898,-1930,-1138,405,-3520,-1453,-1132,-2242,-5445,-125,80,-5519,1634,1647,6729,2270,5084,9546,2910,-1999,2310,3045,14451,13909,79,-2361,-5223,3105,9571,25487,395,5,-4435,405,-1570,-4435,-430,-1525,-4435,-360,-1110,-4379,785,-280,2632,2270,4325,9750,3275,7441,8811,7515,18355,37093,2010,6994,7976,7510,18355,37093,-769,-2992,381,-3806,-109,-2992,11,-2338,5075,-6014,7019,11015,7288,12555,17131,32137,-1409,-6180,13880,31873
4/28/2025,830,-924,1079,-640,-1300,373,-357,-1842,416,250,-345,579,-1760,-5725,-1967,-1285,-3645,3920,-4470,-402,114,780,-871,-2110,-265,2039,2410,1025,2399,4796,270,-1220,2343,-640,-1300,2373,-430,-1145,1888,150,615,3162,-540,144,414,-1285,-2675,-6305,-2845,-5870,-10065,1091,597,-7187,-2935,-6720,-14905,1091,-1005,-10217,-1227,7809,635,3225,-290,5636,690,1494,-395,-2275,-1327,2521,-4935,4027,-702,17335,-446,6258,2688,40245
4/29/2025,-30,1595,-4774,1210,-919,-4688,229,1673,-3327,40,1762,-4134,2130,1365,7009,1710,-1498,-3455,2600,-6,-4735,1305,-1105,-968,1783,321,-2824,1345,-1978,-4538,1215,-838,-1809,1210,-919,247,229,-1198,-2104,-315,-1328,-3488,2130,6914,3811,1710,-690,-6284,2750,-817,-1689,1345,-3700,-11935,2701,-3313,-3549,1345,-3700,-11738,-2306,-2098,-537,-296,-1879,-3121,330,-3173,5529,5253,935,-3161,433,-3805,-1043,-4237,3689,-1900,-3812,-4556
4/30/2025,-125,-1094,-110,-630,1942,449,-1680,-648,1586,-560,1312,586,2821,5157,19954,3247,5971,-55,4119,-1476,5454,2115,-6170,-3705,-881,10067,-340,1955,7305,-8745,-655,1975,4709,-630,1942,4707,-590,1862,4628,-535,1510,1806,4256,6969,18015,3247,7804,5148,3340,4357,21958,2635,10740,24011,2465,2579,21850,4591,10740,22431,1751,3252,2946,3799,1132,3352,2794,-448,3645,1240,5080,1388,544,-8451,16594,-8905,-1239,307,13112,6830
5/1/2025,1395,2655,-1681,1985,1560,-1033,1554,753,490,750,4468,6605,5349,1538,12899,4710,3258,5564,6095,5743,-1861,1120,1619,6510,2518,1963,2968,1380,-1391,945,2805,1671,3626,1985,1560,3626,2720,2368,4386,815,960,-84,5485,6891,14375,4710,4974,4496,6976,17123,1507,-930,-12780,-25021,5671,16124,757,-930,-12780,-25021,125,7280,3529,9260,1064,7280,7815,7396,9377,14227,7158,10849,10257,7766,2220,8806,3969,3579,-433,1516
5/2/2025,1757,2599,5494,205,4500,6052,2956,2791,4745,-585,1836,119,5340,3347,-6734,2343,2365,-4646,-528,-1991,1321,4491,-416,-3043,1648,5087,4787,3761,-2090,-2898,75,2696,479,205,4500,1249,382,3103,1999,870,831,3853,2607,-811,-11950,2343,-1539,-8392,1912,-2703,3633,5962,5411,5026,-538,-1525,7408,4761,5411,5026,8255,3436,5749,-3102,4494,1068,6032,5321,-1310,-4908,-3576,-4254,-3315,-1736,-403,-7846,-1156,-2030,956,1067
5/5/2025,815,3303,7358,3135,8800,1026,4125,3420,9314,705,3787,4759,4110,1210,1666,4282,3685,7597,8342,7927,6441,3653,11367,432,3947,4972,3996,2344,6211,833,2581,8114,3111,3135,8800,3111,3363,9968,4121,309,2077,1333,5323,7957,12768,4282,8644,6762,8342,11916,5519,10200,13569,-7014,8156,10980,4139,10200,13569,-7014,5585,12399,8786,8914,8906,8721,9341,10223,-65,-2325,4587,205,6545,6367,7575,-6801,2609,-1406,4299,-5910
5/6/2025,975,2788,2065,1997,3960,3611,2726,3787,3312,1750,2256,3178,7453,12152,19888,6247,15121,25526,13437,21000,37236,5632,10707,4628,4419,6306,2763,5436,12855,14764,1250,4121,2806,1997,3960,1554,2367,4188,3200,1065,2131,3995,6788,16854,24204,6247,18080,26142,12353,22841,24608,8555,19586,29954,12598,21315,20816,8550,19586,29954,2482,3014,1444,2682,2439,722,2306,-180,6584,12787,11675,20537,19833,2884,4721,-3633,3867,1576,8650,-2520
5/7/2025,2515,4524,21166,3700,9204,19356,3092,6812,14608,615,2669,16939,4658,4172,34222,5555,8240,36764,7959,5925,23420,2820,10240,6384,3369,1134,10071,1960,8963,28852,3430,7167,30896,3700,8054,31032,3965,7586,30713,2590,5884,28136,4060,8860,31677,5555,11900,35868,6630,13235,40799,7407,17051,52051,5670,11040,34593,7407,16373,52051,7458,20067,8070,20449,7418,20275,7876,21773,12085,28759,13521,30803,6169,37095,15765,20490,1573,11300,9108,17907
5/8/2025,1795,2338,3549,1555,1874,-488,1635,3659,-576,330,3670,-218,3724,2576,5620,2011,5893,-1768,681,2048,-3502,325,-1583,-1646,354,-2210,4939,825,-3119,-4745,1507,3321,225,1555,1874,-205,1845,33,-2186,1350,2230,-3193,3704,8505,10164,2011,-110,2835,770,1046,-4091,-200,5131,-36902,240,-1231,-8532,-200,5131,-36902,734,-2203,355,-1395,1313,-68,375,-4215,6146,7732,-2654,-781,7981,-5484,-5611,-5413,1199,3164,-6454,-5581
5/9/2025,3200,2864,-1957,1475,-2699,-2262,957,1099,-3453,-565,636,-5247,3609,5965,11951,2586,4852,7501,2207,78,11544,5411,-6370,-3335,2524,5368,4117,1290,-4831,-8065,1475,-2641,-5255,1475,-4405,-5255,680,-4405,-5255,2628,-488,-4563,3343,7349,18444,2586,4770,8663,2222,667,11895,2828,-3107,-18448,1998,507,12400,2748,-1982,-16458,-2397,-3270,-6163,-1666,-3947,-3270,-5848,-5797,5311,14199,-631,5804,6035,8115,-5414,-8620,609,582,-5610,-5972
5/12/2025,335,811,2723,1160,-550,-3658,60,235,1096,1149,800,768,2145,425,-6324,-250,-6200,-8744,827,-1981,-8982,-535,-2735,-2987,-356,-1648,-6472,2765,-6210,-7267,1030,-490,-4167,1160,-550,-4167,1100,-555,-4167,-1125,-1355,-5457,2254,1207,3419,-250,-4915,-6724,1290,850,-975,2475,9735,7360,50,850,-975,2475,9735,7170,1303,-7720,3493,-7720,290,-7720,5331,-2744,-294,-1968,-6850,-8942,-6414,-8935,-6935,-8436,-2615,-7855,-6990,-8890
5/13/2025,3101,6421,11908,4139,7794,10271,3788,6833,10123,2080,7725,11417,3375,3062,2268,5294,7258,13375,2839,5415,18658,4365,3149,-2148,81,326,-3494,7834,5675,343,4836,6451,12043,4139,7794,12064,3459,7186,12064,3117,6573,13943,3375,5475,12736,5294,8352,13375,3528,5052,28780,11626,8116,22239,3261,3075,30044,11316,8116,22239,3546,846,3301,1489,2517,505,3400,2897,3730,4468,12435,7554,10286,12734,-520,-4769,-2068,-4815,12431,10828
5/14/2025,4366,9853,10944,6355,6263,10513,5455,7339,7940,3215,6361,7802,4531,12546,24341,3398,8952,21784,8680,12544,23907,672,7725,-2605,1629,2858,6450,1270,12513,2324,7230,7733,9117,6355,6263,9117,5455,4518,9117,4246,7620,9936,4767,15810,29951,3398,12014,27129,8943,16412,29519,3705,14461,32469,8087,16412,31644,3267,15496,32469,2888,6100,5718,2938,2888,6100,5718,7892,11568,18010,9640,19680,11005,16857,9557,3458,5442,7265,23705,8583
5/15/2025,3016,4882,11400,3035,4783,10893,5682,4625,16005,4615,4031,14412,3212,5410,8756,3501,3290,2441,4160,1170,2275,630,2015,-3628,3714,2022,-3507,1230,3180,-8472,3780,4670,16375,3035,4783,17570,4250,7549,19656,4185,7112,12875,3618,6339,10261,3501,3996,3024,4494,-915,-6843,3027,406,-10958,4125,-473,-6823,3027,406,-10958,4522,14265,4289,15598,6727,14930,2687,8547,7303,16490,4526,16237,2814,10476,-3185,-6358,-384,4841,-1195,-6827
5/16/2025,-175,-1037,-340,98,1466,-683,256,-2462,1143,-35,292,1507,-2675,-6940,-8869,-3293,-6550,-7076,-2313,-1652,-8541,1570,-1335,-3581,-1164,4,-3699,990,-731,-3756,98,1466,1579,98,1466,1579,253,1132,1579,-950,-855,1985,-1720,-7120,-23025,-3070,-4955,-17293,-2575,-8132,-14589,-4755,-3824,-2331,-3070,-8087,-10329,-4755,-3824,-2331,1035,-1470,3111,1318,1050,-1470,2616,20,-6978,-8853,-6965,-8900,-6896,-7485,-6955,-7500,-1765,-8180,-6930,1852
5/19/2025,-65,3462,7847,2050,3521,5969,1889,5343,9192,-315,3766,9311,-37,2207,-1492,568,1795,8492,797,3026,6611,80,1113,745,690,-781,-4921,2186,4717,201,975,5197,10566,2050,3521,10461,2199,5219,10592,350,4501,11581,-1705,-535,-697,568,5260,8999,1103,3273,11391,4610,10947,32666,-389,2489,10671,4480,10332,32666,2621,6229,3433,7784,3042,6299,3797,4276,-3206,-4802,5815,5663,2647,11009,-2912,-2531,-1354,-8440,-1031,-3315
5/20/2025,4435,8197,15773,2190,10552,17548,4396,9815,17238,3165,9655,15587,6565,8723,12093,7065,8023,4462,9740,6857,11590,6826,1039,2007,5220,7010,5676,3065,4970,-4728,2180,9607,15915,2190,10552,16915,3010,11367,18040,3775,3390,14739,5472,9584,17948,7065,5154,7614,9740,11677,13847,9385,7735,-615,9785,10977,13847,9315,7645,590,7977,12572,9317,14276,8573,12572,8152,17512,7191,14538,5395,9970,2809,19019,4824,-919,2206,6182,-530,-919
5/21/2025,285,-1811,-2939,22,1736,-1751,-1023,-1412,5153,-78,2049,4843,1978,1110,-817,210,1845,499,581,4720,575,2440,-1498,-3964,4308,5574,1391,3900,9799,16227,1122,749,409,22,1736,369,113,11,479,610,111,-5778,1978,2294,4906,210,885,-3710,1010,-420,-4020,6919,-5534,-21450,1391,-60,1165,6529,-6514,-21080,2966,7142,3712,8127,2028,6635,1721,-2233,483,-583,1525,1417,3804,3607,13725,8488,1262,321,1364,9253
5/22/2025,1703,5534,8747,4925,8739,4917,3596,5360,9401,3848,5115,11641,5423,3542,21508,7817,9241,22274,12716,2707,2105,1105,4643,-3110,4713,4386,1463,1505,12315,-3951,4708,8294,10355,4925,7228,10355,4250,5603,10355,2998,4048,10963,6687,13162,20911,7817,17080,16546,13256,15645,7545,9254,14695,-13604,9953,15711,4700,9254,15810,-13604,8620,15763,9970,12276,7828,15763,10499,9580,15071,21368,13479,15856,3325,8885,-4336,-5467,2737,3544,4729,4831
5/23/2025,432,-780,-1195,-855,-380,-768,1378,4308,3777,-525,1182,4917,2452,3658,-5095,1977,1183,-5007,4033,-1125,2095,-560,-3875,-2963,1560,1323,-3539,3730,4975,-5116,-895,760,1154,-855,-380,1154,-1525,-380,1154,1396,-1370,120,2452,-3421,-9511,1977,-6479,-18488,2651,-4549,-10918,965,-3945,-21685,2406,536,-7074,965,-3945,-21685,-276,-2655,-3085,-2572,-1836,-2655,-1525,-2935,-6990,-7191,-6995,-3902,386,-3132,-4365,-6130,-6250,-7830,-2285,-7364
5/26/2025,2960,4280,7583,2790,2891,5478,2045,5957,3157,2130,4571,3157,3341,4410,8782,2640,5030,3877,3650,5450,2629,1345,-3630,-846,2596,3607,2038,1410,-3953,-5884,2540,2891,3417,2790,2891,3417,2045,2891,3417,2115,5316,3263,3341,6412,8823,2640,4895,4375,3650,5415,5132,-2250,-5445,-11042,3650,5415,5132,-2250,-5445,-11042,-820,-3730,-820,-3730,-820,-3730,-820,484,-466,956,-3960,-4190,-3844,-2140,-6755,-6780,50,2593,-6495,-6780
5/27/2025,406,6651,1152,3091,5279,1605,1967,4728,-874,2455,4370,-101,-737,-2675,-5136,2081,8580,5379,1749,-1685,-8692,-200,3820,767,-393,1390,-5583,-555,8334,3693,3060,5551,1188,3091,5379,906,2286,3990,1521,1375,5315,134,13,6535,-886,2081,10316,6120,2357,12128,8907,6356,14307,26769,1459,11190,7904,6201,14307,26769,-2499,-2405,4996,-3912,1960,-634,2246,1293,-6180,-7945,8935,7680,5703,7463,9267,5112,-2340,-8945,11824,5112
5/28/2025,655,3320,8325,5449,5362,4604,5061,2647,2884,-565,2795,5535,8672,8226,8603,7240,9864,7081,10951,-1105,8691,-565,5018,-2100,5677,-1355,4788,910,2605,673,3410,5897,4539,5449,5862,4539,5208,5902,4539,975,1400,1932,8672,11941,3555,7240,15309,12849,10951,14104,13918,6805,7845,11923,8715,13154,12843,6805,7845,11923,2611,756,5273,2266,2611,756,6098,5099,8528,2662,11909,7070,8259,1688,10679,-674,294,1630,3313,-4024
5/29/2025,2338,-363,39,1565,1770,1081,2993,1677,-1532,1700,3637,-1411,2642,5572,17933,3202,8587,19331,2564,5631,12711,2075,8468,-396,-47,5282,2904,1880,7814,3185,985,-785,-1411,1565,1770,1719,1741,2223,3077,1060,945,-311,2642,5374,16544,3202,5343,19331,2564,6011,18113,7006,8706,5817,1994,5189,15143,6821,9731,6422,-799,-133,-3040,-1845,207,-133,-3135,-629,8079,25629,4644,22061,6206,22998,11667,17385,4553,1654,8648,23601
5/30/2025,810,3257,5899,1915,5883,6830,418,976,12554,1240,4089,15145,1450,-1505,11528,753,-1905,5791,980,1952,3150,1130,3225,7615,3458,3343,9510,925,-1042,17105,2690,7357,13585,1915,5883,14018,1105,5931,14018,1375,2209,6279,2363,4217,9490,753,2549,6739,2610,3980,8067,-2605,-408,-4001,2685,5335,12397,-2605,392,-2686,7315,13292,8563,13152,5105,11621,6793,8518,5088,8497,1915,5032,-2122,11522,-4206,6505,1760,6877,-3542,11059
6/2/2025,575,-842,-3495,-345,1123,-4158,-1744,-1595,-1333,-530,-1193,1100,-2700,-4288,-5958,253,-3782,-4033,343,-32,-7814,820,16398,4678,-1102,-4762,349,2655,17191,21052,-345,1123,1443,-345,1123,1443,-345,1123,1443,-745,-1543,-2836,-1986,-8931,-18381,253,-1000,-2490,2083,-21,-2473,8183,25096,52408,1024,119,-2473,8183,25096,52408,2243,4838,2703,4586,2243,4586,2203,-860,-6440,-7210,-563,-23,1809,-2234,20483,27621,-6695,406,20048,23166
6/3/2025,995,3802,9222,2521,5843,9375,1591,5662,5800,2330,4758,9323,3098,5808,-3514,4490,5382,10997,3087,3497,4308,2057,-964,4480,-3,38,1854,4755,7856,-670,1426,4015,11196,2521,5843,11640,1948,4074,8147,1566,4487,12624,1425,3918,6925,4490,6992,10997,3462,4120,13062,3290,4671,15429,3434,3194,13062,3290,4671,15429,5799,10877,5755,11011,4916,5298,7011,7505,2695,-5788,3431,8988,-656,11840,-1723,4021,-1450,-214,1417,-2397
6/4/2025,4177,88,3538,3285,-760,5627,2397,4309,-2165,905,4482,-962,3556,8412,25539,2682,8452,15573,5003,4199,24116,2855,-3449,1019,2822,4442,8503,225,16863,5194,4080,-1120,-1373,3285,-760,-1373,2635,-760,-1373,5115,2942,6480,4212,14294,31309,2682,17987,21793,5003,21069,23418,6855,2545,9293,4432,20325,21911,6855,2545,9293,-84,-4120,-664,-4120,-664,-4120,-84,-3519,8705,4664,336,149,11446,1100,3856,-1841,12350,-2946,12795,-2461
6/5/2025,1155,1109,1554,1345,1955,-172,1228,3112,-5114,1880,770,-2272,570,8616,4823,760,8632,6256,123,6540,-8501,3125,15916,17728,748,2519,5194,1145,9281,15216,1320,2083,-6520,1345,1955,-2510,1710,2734,759,890,24,-4744,570,12007,3515,760,8757,4162,425,9743,614,4420,7785,2394,415,3001,-3201,4405,7615,-86,-2760,-3228,3315,-1067,1165,-2742,375,-1370,12727,4192,8947,2938,10926,5142,14902,23323,6135,5328,11572,22125
6/6/2025,4664,11116,10518,4196,6803,14117,4523,9522,6414,2183,8172,2963,4120,2601,12084,4261,1728,8298,1203,716,313,804,-4561,-1627,2897,1244,6585,3014,-5913,-6800,3383,7160,-2071,4196,8158,-2071,4570,4482,-2071,2658,7061,10393,2595,3786,16472,4261,2749,8182,1613,3631,-999,4212,-3671,-39294,2465,1176,-1654,2935,-3671,-39294,3410,8029,-125,5825,3400,8029,-115,6218,7803,28281,1459,10742,1173,4267,-5895,-7487,6072,16776,-6667,-8253
6/9/2025,3605,5278,4398,2987,2073,2434,4939,4474,868,1280,3288,-1803,5006,5151,11847,2778,3008,-3959,2434,-1549,-1221,1315,-6890,-1475,1455,6061,4694,3175,-5869,-7202,3514,2355,-1809,2987,2073,-1809,2643,2868,-1809,2957,6029,4141,5040,5683,13825,2778,-2648,217,2620,-1429,-4165,-5855,-14037,-54975,2287,-2849,-3800,-6105,-14037,-54975,-1187,-3768,-3321,-3351,-1187,-3768,-3321,-7130,8664,11175,28,-6856,9152,-3591,-4604,-7175,3860,4286,-1890,-7175
6/10/2025,1155,4460,1577,3050,3400,-866,1873,1583,2925,1500,2397,-152,7521,7110,17785,5808,10321,19477,7479,11412,15061,3480,7969,5350,4672,5968,2631,3310,9269,8133,3210,3175,7085,3050,3400,6955,3145,2782,6885,1105,1498,-3820,7521,12774,17785,5808,13704,25971,7512,13115,26542,8083,17389,41304,6892,12144,21961,8083,17389,41304,1783,1220,2885,2337,2382,1220,3235,-992,11030,14856,11828,17511,6473,19869,12252,12658,4119,459,9258,11589
6/11/2025,1620,1500,-2994,95,-3415,-4189,534,849,-4728,875,-205,-5534,1177,2681,-1776,2210,-155,2058,-340,938,2104,3215,-6500,-2321,-629,5723,101,4125,5573,-4,725,-2765,-9893,95,-3415,-6975,-490,-1880,-6955,-480,-3330,-15215,1177,-960,-4140,2210,396,540,-340,-2174,-9906,1475,-9775,-21592,815,-2400,-7186,1115,-10525,-19819,-2348,-3616,-5470,-3450,-267,-3116,-3975,-3663,2289,2441,137,4181,-579,-2589,-6500,-7958,-94,471,-6475,6912
6/12/2025,1665,5632,5081,945,736,5148,1023,4002,5875,1005,-905,3082,1895,2215,7331,-32,3269,8582,309,2112,12985,4924,2193,-1112,2059,-1130,-51,1515,8359,19,492,-2198,1930,945,736,1930,1023,453,1930,1522,-639,2702,1895,3266,21943,-32,2169,7791,672,2287,19610,828,-3552,-31009,831,-864,18470,828,-3552,-31009,-1755,-6442,-5558,-7709,-1755,-6442,-5558,-4859,4910,5670,-4340,-1542,13281,5979,-1359,-7574,5525,-364,5595,289
6/13/2025,3800,3014,1367,4455,3374,1598,5633,4478,6922,3270,4478,7559,2292,3426,-1028,2932,1347,-1872,669,2017,-555,6125,-5700,-3492,2233,6465,13153,2380,5721,3259,4075,5863,2832,4455,3374,4694,5455,6010,4926,5156,6204,6119,2425,2553,1169,2932,922,-2922,1736,65,-3894,6307,10950,-4911,1176,528,-4918,6451,11285,-6301,-955,188,1007,5410,2569,618,2067,-2495,976,-920,942,-7280,1466,-6300,-5298,-3800,5694,8462,693,4163
6/16/2025,852,682,3421,1642,2432,4377,1828,4036,3501,205,633,980,4042,1481,-6411,2288,-1718,-4171,-28,-479,-8838,2660,3782,5858,870,2628,4234,3777,1862,4338,1232,1372,2148,1642,2432,2148,860,945,2843,732,943,5027,2737,-7117,-12388,587,-9000,-15590,-1424,-10283,-25655,1585,-10458,-44584,-493,-5723,-25655,1585,-11728,-44584,7081,2509,3907,2832,5197,2509,2887,5119,-1559,-2706,-1936,-4023,6205,-7089,-2605,-1460,79,4325,-1666,-4912
6/17/2025,-430,-2477,-4075,-565,-645,-3342,-774,-217,-2270,-890,1685,-2130,689,874,-5971,681,256,-7817,2549,-1996,-8649,2908,-4917,-2906,584,-339,-597,1790,-58,-2598,-480,-970,-2130,-565,-645,-1330,-430,-280,-1525,-480,-900,-3860,120,2067,-1394,681,-92,-5513,1756,1575,-4298,3345,-10110,-34595,137,-430,-4298,3030,-10110,-35245,-1191,-809,-1530,901,-1091,1652,-290,-1719,-549,-8015,-103,-8934,-6774,-8981,-6885,-4932,1220,-874,-6985,-8467
6/18/2025,1670,2613,-3013,734,-1957,-3072,275,286,-5651,850,1620,-4484,511,1392,-3917,-3060,-4860,-287,-871,6751,3115,2255,-2930,13157,994,2360,1149,3340,2451,9927,1130,-1765,-7167,734,-1957,-6212,473,-1972,-7427,742,-1244,-8484,-1005,-3338,-17167,-3060,-12020,-18108,-2605,-4804,-12066,-855,-13380,-18038,-1411,-5913,-8966,-1030,-13380,-19163,3974,4837,352,6688,780,6607,814,5363,2633,-269,-2001,5271,9537,2167,-803,2862,-834,6181,-3283,10800
6/19/2025,830,-564,-1570,205,-1423,-334,205,-569,-334,-45,350,-334,3940,7422,7165,4286,7169,8311,4696,3400,8529,4548,4215,-845,1875,2114,251,7978,9505,2445,-45,-1823,-334,205,-1423,-334,205,-1423,-334,680,-1980,-1805,3940,5123,9030,4286,6719,10664,4696,6905,11374,6894,17069,33159,5851,6905,11374,6894,17069,33159,-5063,-8343,-6270,-7290,-5063,-8343,-6270,-6665,4460,6590,2330,1498,7322,204,-3220,-6910,-1440,-215,-2330,-6910
6/20/2025,524,-793,-7021,341,-1432,-5855,-431,-2013,-5830,-580,545,-3284,2019,4684,7016,3010,5582,13347,881,-1135,4857,-580,-4403,-3525,1779,1865,1382,2643,19890,-5472,1061,-3217,-5189,341,-1432,-8443,-495,-3795,-7756,706,-2105,-2249,2019,5707,5166,3010,4372,18440,1955,783,9610,7343,8211,23557,2315,290,10941,7853,8006,25522,10,-5106,-2529,-4305,-756,-5106,-954,-5013,5731,10981,7922,17347,8165,19764,-6781,-8232,6468,1245,-4864,-8232
6/23/2025,1135,1273,2510,1360,2355,1218,968,765,4334,1783,2178,6547,3460,2746,12196,3715,4880,12981,5590,2698,3537,1575,11790,11676,3146,4822,6789,1435,6490,19486,2448,2025,7940,1360,2355,7689,968,239,4625,1615,2220,650,3460,7428,13113,3715,7430,13206,6365,11646,16350,7120,19205,48154,5535,10205,15655,7000,19205,48154,3762,8805,4973,9261,4288,8266,2820,3565,6737,11634,8965,13932,4632,10629,14436,17364,1823,5257,8041,19782
6/24/2025,1430,5626,5415,3451,4250,3341,2549,5438,3914,2370,3995,5372,-3880,-6390,-8930,-880,584,-3343,2661,488,-7308,6275,26687,-2616,535,-2875,723,4924,18843,375,3706,4751,8836,3451,4258,8836,2572,4263,8731,3551,5661,9911,-1750,-4070,-11435,-880,1965,-1161,3067,5392,312,11586,23730,39670,1920,5392,312,11361,23730,39670,3801,6355,4803,6641,3801,6355,4803,6344,-6485,-8990,-304,-275,156,-810,4805,2949,-6355,-389,26914,-1120
6/25/2025,143,3057,6600,1247,2916,7161,373,4498,1764,-710,5230,413,-975,-690,-6258,125,-315,-8415,-145,-1930,-8350,3856,-2341,-2498,-496,873,-8710,6640,-4029,-4534,395,3178,-336,1247,2916,-410,486,3020,1344,-285,2243,6939,-540,1330,-2740,125,-1245,-6005,-145,208,-2327,3159,6174,-32007,-670,-219,-3174,3159,6174,-32007,1525,2301,-2850,2301,1525,2301,-2850,5428,-4440,-8905,-4560,-8300,4450,-8905,-6043,-7400,-111,-8265,-6718,-7400
6/26/2025,1035,3876,-4342,720,180,-3950,-529,-719,-914,1200,-1200,32,-2627,-2790,-6315,-1715,-6665,-3606,-645,-1686,-7935,-665,10797,-3830,-3487,-1937,-1359,2125,15736,12997,1465,-36,2249,720,180,2249,-70,180,2249,-25,-1560,-5050,-2425,-8920,-17845,-1715,-4165,-7275,-550,-2462,-4782,5665,18079,42783,-2030,-3065,-4782,5665,18079,42783,498,-1456,717,-681,556,-1456,737,-4353,-6933,-8899,-3085,-7168,-6992,-678,4395,-3211,-2142,1427,5282,14145
6/27/2025,1703,3219,4361,68,-90,3326,-190,-246,7989,-355,5935,9938,-366,-3090,-1609,-3280,-6605,-4377,-2500,-881,-4089,-995,-6896,-3544,1610,2125,1297,-740,-4950,-6349,-650,228,8244,68,-90,8109,-897,1660,9084,-585,2007,4946,-366,-1719,-387,-3280,-7625,-13185,-2500,-9214,-18066,-7957,-30725,-60290,-1925,-6574,-12819,-8117,-30725,-60290,4494,16985,4184,12595,4539,16985,3689,12724,3040,6840,-3943,-1723,-3857,-4090,-4920,-6486,2772,2454,-4755,-5591
6/30/2025,331,1443,-5523,1796,-973,-6514,-485,-1137,-4565,666,5513,-5595,3400,1242,-6411,6226,5169,-548,4082,1333,-8920,2675,7520,-263,3678,4045,3273,1820,10175,9018,2491,2799,-8117,1796,-973,-8117,-485,-1197,-8117,-429,-1404,-3709,3400,8355,1286,6226,7113,-12232,4229,1100,-24288,13331,3830,-58200,3879,2180,-24288,13246,3650,-58200,2225,-3285,2033,-3285,1987,-3285,2230,-337,3727,-1050,1321,-5204,-553,-6810,-3492,-4485,287,2251,9690,-1706
7/1/2025,2220,3540,10079,3980,3689,10884,3407,4584,5865,4570,4103,5179,4905,5336,16682,4530,6588,11487,3280,4313,15906,2935,-3811,-3484,2480,1454,2561,1950,1605,-4680,4030,3872,5631,3980,3689,6411,3260,4515,6381,2480,2860,9184,5695,8615,24001,4530,5935,13786,4665,6907,18998,2275,2560,-2999,4120,6902,21496,2275,2560,-3953,7674,9099,7829,8063,6259,9099,6932,8857,6323,29338,2595,19294,2537,21897,-5724,-1800,3899,601,-4424,-1805
7/2/2025,1605,-523,2795,369,1390,4499,460,-1655,3052,1111,1099,5517,3123,8681,-4950,3049,5734,3462,5915,-1070,-3245,-585,8679,181,-1185,-4420,-6985,708,6676,7997,1248,1139,8731,369,1504,9043,291,1836,8969,95,-806,6239,3423,6938,-7477,3049,8114,8129,6781,16099,7854,7555,29768,65715,5148,17279,7854,7555,29768,65715,2914,4310,4009,7539,3892,5472,4034,5432,-5790,-6038,872,1541,-2863,-2134,5885,2156,-6775,-7705,10607,2156
7/3/2025,1225,1851,7337,2562,3360,5983,1957,3902,3191,2802,2954,4890,445,-1233,-2184,1880,1265,3415,1587,-493,5524,510,6710,1089,2398,1554,-3548,-530,5639,11964,2540,2954,4890,2562,3360,6011,1957,3611,5991,2502,3669,4890,445,469,1074,1880,2990,5025,1810,1555,1910,2515,2510,5750,1390,485,1910,2030,2510,5750,2203,5277,1988,3939,3685,3072,2185,4096,-1275,-3605,-717,-3540,3257,-4889,2645,4478,-1761,-4400,3860,9290
7/4/2025,-245,-735,-2700,220,-685,-2700,220,-1490,-2700,1300,799,-2700,-205,-217,-2845,-630,-4150,-3025,-125,540,-4940,-25,-2115,729,1925,1710,-6605,-240,-1485,-4785,220,-685,-2700,220,-685,-2700,220,-685,-2700,-295,-1325,-3260,-205,-1072,-2065,-630,-2030,-4345,-125,-1285,-1935,-2370,-6320,-16540,-125,-1285,-1935,-2370,-6320,-16540,-2995,-4870,-2995,-4870,-2995,-4870,-2995,-4870,-2165,-1480,-5295,-7890,-3763,-2859,-6975,-8700,-1025,-6605,-7000,-8700
7/7/2025,-130,-3916,-6010,-2975,-3625,-5490,-2745,-3910,-6910,-965,-1610,-6910,-860,3930,-7377,2460,7260,9407,1148,6128,400,8152,18601,1409,2873,6825,-7471,9115,21821,14194,-2220,-5595,-5855,-2975,-4465,-6010,-2745,-4520,-6010,-2310,-6085,-9045,-860,-7460,-12136,2460,6725,13478,2380,2458,14700,9702,29837,70899,4075,2458,17186,9702,29262,72354,-3438,-2868,-2220,-2050,-3438,-2868,-2220,-4206,-5800,-6970,9873,10090,4183,19352,8343,17006,-127,-8230,11927,21089
7/8/2025,1605,4167,271,2195,939,2422,1020,4360,-2049,-490,2555,-2354,2138,11131,6812,4532,4032,5575,5586,4987,32049,10205,6195,-3263,1477,1595,9069,7855,9456,-6870,725,849,-971,2195,939,-900,1020,939,-95,100,1980,-1010,2138,1307,5019,4532,2743,5957,5586,6694,15350,13580,12451,14195,5509,7009,18062,13580,13571,14195,-4610,-4118,-5850,-4118,-5850,-4118,-4610,-7014,2987,8442,-4900,-2481,11641,1346,-6457,-7596,7525,4881,-6575,-5564
7/9/2025,1520,-1022,-913,1045,2337,-997,-338,-1042,484,410,-520,2119,-3147,-2987,-5848,-2847,-3347,-4429,-2965,-1620,-8349,-780,-2995,-1898,-318,861,995,-115,721,-5478,660,-1195,647,1045,805,-1216,230,-845,-1216,210,-550,-2678,-3147,-5741,-10107,-2847,-3753,-5499,-4082,-4968,-12842,-5280,-6179,-10217,-4082,-5549,-12842,-5280,-6179,-10217,-633,-3965,-792,-4550,-648,-6353,-993,1757,-3720,-4185,-335,646,-1494,-2791,-1955,-2485,763,1593,-1895,-2970
7/10/2025,2204,3641,477,-850,4455,6022,136,4687,1256,-505,4168,-184,8963,6957,398,1895,-2850,-6921,3476,-1060,-7697,3388,-6810,-3830,422,-698,-2242,4375,-5673,-7288,-740,3732,-2686,-850,4455,-2310,115,2776,-2310,785,2689,-2200,8963,9640,10246,1895,1720,-7040,4950,-3085,-11005,-4170,-23655,-56475,4600,-3785,-11005,-4170,-23655,-56475,5282,666,4124,-1930,4085,666,5201,1106,551,-5536,-3990,-7873,3943,-6327,-6615,-7599,1886,-1777,-6290,-7599
7/11/2025,1761,1924,603,200,-96,4539,1319,3586,-3263,-575,2977,-5050,2318,770,-1155,347,-355,-5839,-1082,-1060,9629,-575,-6324,-1892,558,1018,-1244,6045,-3892,-4082,310,1499,-7785,200,-96,-7785,523,-607,-7785,1615,2537,-1900,2610,1823,6440,347,-3685,-9213,241,-3535,-12324,4036,-5689,-35891,-1058,-2405,-12324,3836,-5689,-35891,-4005,-4097,-4005,-7075,-4005,-4097,-4005,-6330,4320,3914,-4325,-2740,12391,-7239,-5905,-6915,2714,4598,-5021,-5604
7/14/2025,1789,1384,2829,1379,1268,7403,644,1366,1012,-805,629,2502,1050,2935,-5797,2342,4120,654,2174,-683,-726,1420,-3327,1428,-198,-2492,-2854,4307,-3498,5760,2175,332,2233,1379,1181,2919,1638,-112,3257,1903,29,5206,1050,-220,-5416,2342,2574,654,2203,3509,2587,2505,2288,29338,2504,2180,1605,2295,2288,29338,-2627,-1120,-991,579,-1800,-1651,-823,3106,-6365,-7898,-523,-1008,-3031,-6626,-2619,-2081,965,194,-1972,-2081
7/15/2025,1577,594,-1125,2245,1050,-1541,2002,1537,-6127,1415,2848,-2828,3067,1651,-4157,1295,919,-1800,1383,-32,3531,3892,12357,4720,1417,-175,-179,3177,11330,9768,2008,1375,-1033,2245,1050,-1108,1510,1176,-1135,3160,-345,-4950,3067,1420,-12264,1295,1125,440,1383,511,-2102,8266,14820,33269,1730,-1123,-2994,9240,13520,32279,2415,1012,1030,1012,2415,1012,1030,-1797,-24,-75,3005,665,4447,5490,14137,8688,2075,-5255,9608,26487
7/16/2025,575,688,-2999,-64,1372,-4371,-62,420,2289,-649,486,1695,-898,407,-1272,102,2333,8492,1046,896,674,2255,580,-455,1531,488,-1267,2200,740,-3287,-9,1526,2591,-64,1372,2591,-205,1282,2992,-1795,-2302,-4379,1409,2452,1846,102,1511,8211,1043,1446,5638,435,1420,11329,1726,510,2832,435,1410,14098,1445,4347,2517,4626,2294,4332,2682,889,-511,-4234,2566,3646,1600,4834,2630,-1119,-768,346,-1590,-1082
7/17/2025,3971,8921,6467,4600,7832,8319,3827,9711,5803,3595,7748,6190,-2378,-4445,-8185,4560,5448,3582,2718,590,-7517,3207,17628,4418,-1490,-5020,-3627,5250,17924,16093,4190,7763,9615,4600,7868,9615,4875,8320,9615,3225,7728,7823,-1800,-3300,-6938,4560,2778,5215,2790,7331,5055,10208,30890,40360,1385,6226,5055,9698,30890,40360,3123,1737,4128,2407,3115,1737,3931,1853,-6905,-7920,-1247,-3529,1097,-3511,20645,9819,-6640,-7615,27788,7614
7/18/2025,605,6727,6393,8,2134,8709,154,9064,1605,568,4751,1342,3389,9863,15037,4120,11671,19187,2782,6366,16622,11206,-2056,-1106,1783,492,2143,18095,-257,-4214,-375,1816,2406,8,2134,3170,154,2369,3122,-300,5866,8986,3389,8832,18948,4120,10694,20321,4281,12764,14084,330,9178,20325,4871,12764,14084,330,9178,20325,251,-3376,-560,-4485,-229,-3376,-560,3458,12564,10376,1737,-552,11179,-4172,-5490,-5138,5147,913,-6570,-5715
7/21/2025,2656,630,-1284,325,-304,-6017,-436,-747,-855,1151,-1443,-724,862,-3035,-7530,-2351,-1578,-6297,-2294,-105,-6983,-910,376,2564,-1415,-1221,409,-2216,-445,7964,174,-1978,-1877,325,-307,-3386,-436,-1882,-3386,1769,1246,-3909,862,-2798,-6043,-2351,-6190,-16740,-2294,-4227,-19553,-6053,-25862,-67062,-1729,-4227,-19553,-6758,-26267,-67862,-1059,2476,-2461,-2708,-1269,3762,-1300,-4486,-838,-2412,-5984,-8504,-5377,-8425,-1892,1962,2952,3555,-2493,2304
7/22/2025,1615,-400,1367,-1620,-1338,1110,-1131,636,-1926,-810,-3272,-2919,528,1485,-1430,874,4853,-5493,4194,-1765,-7980,2619,-6641,-1580,3785,3526,-5101,2500,-1570,-1772,-830,-2012,-2665,-1620,-1338,1033,-767,-289,-545,690,-1305,1314,659,1704,264,874,-2794,-7616,4194,-2060,-11035,-2186,-2281,-31400,4394,-1365,-11035,-2186,-2281,-31400,3724,-485,3228,952,4004,-485,3140,1997,-2852,-1454,-6360,-7805,-2901,-7680,-6120,-5994,-5581,-7765,-6014,-6240
7/23/2025,1575,2345,-1884,1550,148,-1804,450,1442,-1287,957,2405,748,-2845,1171,-8151,-2670,-370,-5605,-3686,694,-8408,-560,-3327,213,-2534,-2497,-5486,1632,1295,-3379,1900,148,801,1550,148,801,870,243,801,2349,78,-1842,-2845,-5505,-14612,-2670,-2602,-11252,-3669,-2532,-12792,-1870,-447,-11202,-3669,-1897,-12792,-1870,-447,-11202,-520,-2836,-520,-212,-700,-2836,-520,-1273,-6635,-8930,-6255,-5844,-6238,-8940,-5480,-6950,-6850,-7610,-5654,-6975
7/24/2025,6326,9899,10495,2325,7006,8047,3135,8954,1292,1280,8745,4754,4147,11380,17218,4785,9453,15856,3361,246,15478,475,-1556,-3545,578,4698,-14,5345,-3922,-7557,2325,7170,6840,2325,8170,6840,3185,8170,6840,5600,9880,13042,4303,9834,21001,4785,5950,16698,3473,3620,9398,1569,-9592,-30942,2723,3283,9107,2239,-9592,-30942,-1851,-5594,-1505,-5550,-1851,-5594,-1505,1223,5126,11361,950,2745,-99,2384,-5559,-8712,4395,3760,-6608,-8712
7/25/2025,-90,1044,10799,1300,1452,9796,3150,3418,4283,750,1063,4283,3256,5011,-4122,795,2430,-6785,3585,9750,5911,-820,-4508,-1217,1541,3504,5401,-477,-4518,-6875,976,1063,4242,1300,1452,4242,1560,2627,4242,315,-110,9509,3256,3393,691,795,409,-10023,3657,6942,13369,81,-2103,-6796,3334,6942,13369,-139,-2103,-6796,7580,8832,7323,8957,6420,8832,7323,9568,-6355,-7715,-477,-3933,-4375,-7650,-295,-6170,-4388,5054,-4042,-6170
7/28/2025,6295,6199,13932,4839,4864,13831,2874,10301,2073,4237,8378,1801,5040,10425,10338,5198,12579,12232,9885,9020,17235,4545,-1032,-2878,3204,4785,3018,6233,-628,-7487,5511,8898,3155,4839,4864,1970,2874,3519,1970,6090,5521,13514,5040,17100,24985,5198,17312,12656,9807,22262,17731,-528,4018,-13279,8610,22262,17731,-1236,4018,-13279,-884,-3729,-2198,-3727,-884,-3729,-2198,890,11820,7507,11024,-653,10470,-2983,-5384,-8406,8312,1025,-4675,-8905
7/29/2025,183,-437,3987,1850,2494,3506,2225,-568,4766,365,3085,6158,-3150,-6920,-8997,660,-899,-2618,-553,-1540,-8840,4202,16752,17325,-3755,515,-8085,3280,15299,29273,1770,2611,5925,1850,2366,5751,2254,2384,7293,938,-39,3289,-3150,-11180,-28525,660,-292,91,11,-1224,-5729,11501,25600,62622,501,-1591,-6889,11501,25600,63447,245,-210,3354,-2121,672,-335,3324,2325,-6896,-8192,2060,5577,-5132,6735,15247,24271,-1544,-8005,16044,32565
7/30/2025,2215,4311,11900,4290,9542,8062,4925,5731,8863,3010,4400,10551,5715,8640,22516,5562,5901,9042,7755,5065,4608,4415,9205,1236,4408,1884,10417,4608,4280,1727,4113,8322,10674,4290,9542,10599,4925,10492,9504,2048,3240,14216,5715,13524,24004,5562,5901,7784,7755,8925,6748,8450,10694,-41154,6528,9695,7388,8410,10439,-39009,9142,16692,9057,11945,9057,15642,9472,5918,11070,36485,6817,16872,6673,25926,163,-1825,3975,12754,2623,2693
7/31/2025,720,-242,3272,1345,2390,744,1486,-1181,7099,2270,505,7019,-636,-5815,-8570,3438,3858,13648,2675,2447,-6765,6925,22873,35116,717,3995,177,5745,15576,43005,1625,2215,8568,1345,2390,8518,1525,2111,8517,1330,1025,7748,-636,-2907,-9904,3438,4709,14067,2973,5866,10628,13065,23303,63662,3013,4425,11158,13065,23198,63812,3944,12126,6634,10956,4184,11217,6359,7105,-3654,-8411,8174,15501,-2065,10452,29832,59951,196,5167,20750,57062
8/1/2025,1185,406,1462,3025,791,5221,2300,313,3470,3025,544,-629,6511,7799,27197,9021,8069,17175,5334,8113,25870,3015,17663,6171,4778,6385,18518,4415,18778,15015,2705,-680,685,3025,498,2873,1338,978,-416,560,-955,-1585,6511,10501,27923,9021,11845,19803,6784,12423,33642,9326,19101,26326,5929,10928,31747,9306,18776,28721,2537,6235,1357,9095,6890,5446,2960,3042,9792,27931,11898,20386,7456,26125,10966,10361,4814,2850,7625,12138
8/4/2025,880,147,-392,292,-1420,323,92,620,-638,582,-422,-2205,3537,2937,-779,3538,4831,6583,5130,792,1118,1492,5788,3808,2145,1032,1433,1800,6714,6121,287,-1158,-2205,292,-1420,-2240,362,-1445,-2444,947,722,-3313,3690,3877,-899,3538,7883,12279,5463,6604,11335,6749,18745,55507,4728,6604,11335,6749,18745,55507,-1654,35,-1865,-3702,-803,30,-1865,-3991,387,1229,4969,9532,1812,9458,6776,12103,2280,1314,4430,12809
8/5/2025,1301,-550,2005,434,-1196,2197,1636,-292,-4872,-560,871,-3681,5141,5082,3729,7109,6158,11411,4029,2418,2404,2915,19479,10595,2269,2009,1779,4552,14038,34595,179,-1966,-3661,434,-1196,-4032,214,-1361,-3927,1080,-2446,-1201,5141,4521,3665,7109,6303,10696,5033,8889,12630,7436,23968,60953,4249,8411,8325,7436,23155,59938,-3062,-35,-2399,-1588,-1629,496,-2304,1458,4303,8262,8124,12176,7037,8940,24938,40373,-827,745,23428,37971
8/6/2025,1690,2016,-278,2025,3888,-49,1699,1944,4462,1025,2271,4876,-2975,-4058,-8367,1405,365,-5554,1031,-1206,-8381,7215,9407,5024,-1688,-6860,-1319,5640,7837,14615,1960,3595,6276,2025,3888,6553,1831,3708,6688,1660,2722,718,-1900,-6574,-16320,1405,1501,-2840,1514,3,-3830,13993,12378,40212,1160,-525,-4189,13993,12378,40212,3497,7912,4398,8261,4188,6601,7054,1128,-6736,-8835,1090,-429,-5349,-5930,15266,26472,-6570,-348,12857,15503
8/7/2025,-785,1095,2454,445,1366,2845,963,-56,5926,-30,1870,6355,-5575,-6160,-8905,-2655,-3635,-8055,-1082,-1870,-8710,-575,9951,4243,-2865,-1550,-8905,-180,10262,16574,440,1785,6904,445,1850,8209,1055,4440,10959,-1430,-3225,-2345,-4750,-9150,-18520,-2655,-4675,-9735,-1575,-7125,-7245,3355,12130,38233,-1775,-7750,-5870,3925,11325,35163,3581,10805,5290,13595,4835,10805,3815,13357,-6195,-8455,-1256,575,-3658,-6109,10109,4005,-1566,-8455,6143,22065
8/8/2025,1765,1329,-2326,1683,1735,2170,2106,879,-4635,3862,-758,-1205,5915,9323,6701,5381,12026,7657,5513,5646,12050,2124,7758,3531,2348,1992,1891,3880,9373,5691,4447,2176,-802,1683,1735,-848,2106,2313,-728,2087,3529,-366,5915,10044,2152,5381,11152,10156,7102,9711,15032,6938,22906,52586,6391,8978,15032,6528,22906,52586,-255,317,1000,1738,-856,-1707,245,2761,-2078,-2123,4788,2323,9669,2619,8182,4777,-192,4691,2324,4342
8/11/2025,518,3048,3211,773,-517,2225,-31,2340,1622,100,2566,2433,-1683,-2778,-7843,-2445,1348,-1839,-1894,-1998,-7990,-945,-1783,9726,-338,-3975,-49,875,5867,7212,965,-507,1715,773,-517,1715,163,-780,1715,2198,4197,6238,-1683,-5604,-18341,-2445,-2964,-7651,-1894,-2611,-11303,3721,1095,-12520,-830,-3171,-12303,3326,695,-14420,-170,491,975,491,-170,491,975,2573,-6744,-8998,-7000,-8997,-4303,-8996,-7000,-8998,-2129,-3709,-6995,10352
8/12/2025,402,-632,-1362,311,-443,-1241,190,-3057,1739,-795,-384,2127,-246,-6482,-7463,-407,-915,783,1246,-1857,-7813,2461,9914,3772,-453,-806,1995,345,6952,22540,400,916,3912,311,612,3912,528,796,3957,-449,-2451,-781,-787,-10068,-17535,-407,825,1728,1105,2285,-1324,8994,29472,70147,494,2785,-1324,8994,29472,70147,1274,4106,2663,5348,787,4163,2572,1576,-6926,-8558,2430,4125,-6513,4790,13266,25073,-796,419,17008,23712
8/13/2025,4,1361,-2746,-893,794,-1314,88,802,750,110,1643,917,5906,6118,-3948,6385,6724,5388,9125,748,7378,12970,1112,-3330,1192,379,6172,7020,9373,-6179,-165,-688,1804,-893,794,2872,838,1319,561,119,52,-345,5906,10093,2193,6385,11662,5047,8918,11374,-2553,5985,9896,-13860,8591,11979,-248,5985,9896,-13860,3234,1646,2380,1728,3234,1646,2380,3127,-1679,-2079,-992,-2432,809,-4897,-4457,-3907,-243,126,753,-3752
8/14/2025,1490,3218,2875,-1133,1571,2217,-1309,4487,-868,-45,4098,-4940,2833,4543,10106,-1505,340,-2156,313,-981,11267,3490,-2900,-1265,1825,4074,3995,7428,-2134,-7042,-910,800,-5125,-1133,1571,-3701,-1163,2476,-4506,420,1599,-914,2833,6211,17521,-1505,-920,-1872,313,-559,2475,-4045,-15935,-35465,30,-511,1635,-4045,-15935,-35465,2711,-3543,-216,-4344,1514,-2970,-506,-1379,3709,9899,-5915,-8305,1391,-5396,-4511,-7026,8051,-123,-4916,-6601
8/15/2025,731,-76,-2933,-1000,-2768,-2992,-593,2546,-4709,1305,-4370,-6835,4424,8910,6621,4103,9382,19304,7496,11492,25589,7950,10437,-772,3777,3218,3088,8431,11072,7437,-1090,-2783,-6835,-1000,-2768,-6657,-593,-3025,-6295,685,-2860,-8002,4424,10624,12564,4103,10384,20677,7566,13871,16808,9712,12888,35589,7057,11586,14163,9602,12488,35589,-5146,-6633,-4746,-8061,-3254,-8061,-5146,-3166,9924,4136,13633,7589,21571,10043,-5017,-6999,950,3782,20830,-6999
8/18/2025,-445,-208,-3233,-1469,-1651,-3379,-1294,-1646,-2056,-520,-2784,-1888,-1059,-669,-4453,-629,3748,-4439,-3213,-417,-817,1448,4563,2801,-484,589,3890,448,3305,6651,-525,-1611,2530,-1469,-1651,2530,-1294,-1142,2530,-519,-487,-925,-1059,-564,-7019,-629,595,-6333,-3213,249,-10846,99,-3373,-27634,-2551,758,-10327,99,-3373,-27634,-670,-1815,-700,-1815,-245,-1815,-670,2143,-5096,-8112,-4711,-5610,1085,-6045,1745,2574,-752,-6033,760,5978
8/19/2025,-506,-3033,-1838,395,875,-6716,-969,-3794,-2173,-680,2976,-1040,-4207,1971,-8054,1491,5319,5292,3288,-1810,-8954,5412,22132,-762,-117,1859,-5654,7568,17615,26643,-245,-262,694,395,875,764,155,495,-26,-1600,-2800,-834,-3810,-7185,-17927,1491,7088,6978,3677,3210,-1444,14219,25014,49808,4227,4150,-1444,13879,24534,51908,-1055,-2842,270,-2289,-800,-2454,280,-4535,-6235,-8265,11224,5545,3249,-3341,19936,29832,-1306,-8265,15479,26806
8/20/2025,-474,2298,2554,-1210,2213,8086,-1796,2692,5627,-155,3924,302,3010,2480,4121,2350,6619,-394,1195,2285,5655,1275,-6411,-3930,228,952,4369,1860,6273,-8152,-1210,3119,-376,-1210,1714,3776,-1040,1604,3108,-1205,-1136,-3281,3010,4339,1329,2350,3193,-1300,786,-2939,-6744,-205,-7726,-10508,-1170,-2216,-6134,-205,-7726,-10508,4143,-60,2004,5066,3654,1807,3249,7226,4438,5166,1045,-2084,3414,283,-4925,-6010,672,3729,-4490,-6010
8/21/2025,608,2914,3281,2639,625,1006,1526,2872,-3435,-605,1116,-6414,3827,8060,5960,3753,4926,3675,986,-1000,14745,1508,877,-3940,-492,4010,-2762,3263,5297,-8760,1784,-370,-6724,2639,625,-6724,1920,625,-6724,-171,964,640,4055,8315,11744,3753,6618,7052,1848,7637,18070,4990,6977,9105,1496,8994,17885,5530,6977,8510,324,-7359,-384,-7359,324,-7359,-384,-4171,2281,-496,2426,-1439,4480,1807,-5547,-7549,3931,-3409,-1480,-7345
8/22/2025,1609,7138,11505,1505,2409,10200,1526,6619,5362,735,9168,4009,2635,720,1046,-1515,5001,-7561,1103,-1098,-7617,1396,-4103,304,109,4166,2710,436,737,1587,-439,3119,6392,1505,2409,6392,311,2762,6392,330,9396,9681,2635,2358,2697,-1515,410,-2488,-1927,-3646,-13361,-2229,-15096,-49182,410,-104,-13714,-4074,-15096,-49182,3469,871,-537,-3972,1782,871,-344,6334,104,9625,-2623,-1993,3845,-5346,-4368,-7502,3900,1962,-4399,-2628
8/25/2025,2125,1777,602,1075,415,1005,756,109,3043,2255,1539,2623,-200,-5237,-7812,-2550,-6367,-7082,-3029,-801,-7645,270,-3567,802,334,2816,7680,-1125,-2477,5603,1060,1774,1472,1075,415,1477,756,294,2017,2045,2868,2226,-200,-3127,-4353,-2550,-7957,-14700,-3799,-5580,-17007,-2794,-9468,-40518,-2913,-6785,-17007,-3199,-9468,-40518,5903,6827,2456,6827,5983,6827,2456,171,846,-2389,-647,1843,-5952,-5667,-526,16954,4996,7127,-704,16954
8/26/2025,597,2399,8510,-1064,-2001,10222,-2569,-1990,2161,-760,-2573,2365,1708,3226,-8454,1276,785,-2027,4490,-1149,-3257,1150,6647,7165,2913,1499,875,1226,7222,18955,782,-2111,3742,-1064,-2001,3537,-2569,-1971,4137,-494,774,8342,1708,-4702,-14387,1276,1189,1485,4220,-1996,-2973,6884,15144,73649,4069,-2353,-2973,6196,15144,73649,4,1458,815,2490,3,1193,1730,4533,-2907,-4093,2385,1986,-4132,3056,7509,18458,75,-1719,4636,17645
8/27/2025,3197,4180,6644,3535,3940,7931,3946,4535,115,1622,4935,1656,4283,5980,19569,3490,5244,13662,4539,4527,18327,1300,2276,-160,794,1976,1425,2900,1649,-4747,3335,5444,2147,3535,3940,2147,3910,3097,2142,3757,3689,3294,4437,12073,19350,3490,8971,11156,4462,12110,18176,2755,7192,29537,4112,12110,17759,2755,7192,29537,5251,2461,5965,1209,5051,1595,6040,4431,6077,13691,4967,6182,2474,11173,-2322,-5765,4892,-2747,-1513,-5765
8/28/2025,875,536,520,2145,2248,2612,1419,-1485,-721,1725,30,-646,-38,-1253,-6201,2236,3405,7605,4396,1751,2664,2817,18960,4266,20,-1667,1357,1807,15182,16446,2145,2691,2709,2145,2975,2714,2028,3025,2714,985,570,2737,1830,6314,7262,2236,4162,9687,4642,15192,18821,6917,23787,44955,3822,14635,18821,6692,23787,44955,2013,1873,4452,4073,-723,-406,3665,6647,-6796,-8885,3129,2475,13201,4184,19955,16273,2420,1670,26411,23172
8/29/2025,1427,57,823,-535,-3420,640,2690,1520,-292,340,-3820,-2627,4840,455,11556,5911,2642,17641,8203,5622,16472,1807,3643,-3676,4263,4559,3326,2918,14698,-4754,405,-5695,-2627,-535,-3420,-2854,74,-3802,-1817,295,-4485,3692,4840,1294,12261,5911,3530,18978,8203,10158,12605,6009,8880,14833,7968,8778,10628,6009,8880,14833,-3174,-4601,-3784,-6261,-348,-2824,-4169,-2612,392,6472,2954,4621,746,675,-3505,-7653,1074,1449,-6697,5739
9/1/2025,3535,5905,7700,4020,6575,7700,4020,7045,7700,3310,6575,7700,4565,6745,14150,5920,11015,15396,7260,8545,17326,2175,9161,7501,3525,3485,4631,4550,10016,11181,4020,6575,7700,4020,6575,7700,4020,6575,7700,3240,6095,7700,4565,8750,14150,5920,11325,18760,7260,13310,21055,12050,23425,35305,5750,13310,21055,12050,23425,35305,-155,-1490,-155,-1490,-155,-1490,-155,-1490,-1050,-90,2860,6685,-1020,5520,5835,6825,-2290,6540,3800,6825
9/2/2025,1010,-920,-2838,1111,563,-2975,-554,-2449,1550,-145,2128,10226,552,-2017,1300,717,853,7373,1586,325,-3051,665,1106,-1359,1198,4244,7238,510,-5681,2870,290,3571,5650,1111,563,2323,-460,-348,3108,1030,2566,2675,552,149,1686,717,2109,7320,1586,1410,386,-4033,-143,-1231,523,2518,24,-4033,-143,-1231,908,4981,3732,6178,2456,5096,3625,746,403,4930,3535,9262,-3494,5268,-4261,-95,1842,-146,-3990,-2050
9/3/2025,3905,6485,6083,4215,8509,6561,6037,10213,10824,3475,11287,11561,4994,9057,10387,4764,5769,4026,3744,3864,6672,-22,-5074,-215,1929,6508,4494,4959,5049,-8013,4877,8327,12778,4215,8509,14423,4336,8594,10105,3780,8513,8938,4888,8656,11676,4764,5423,4496,3654,4062,3124,-6200,-16000,-41800,3784,4771,3124,-6200,-16000,-41800,5589,9360,1829,13507,5365,12341,4825,1226,4373,15758,1703,1659,4915,-140,-4001,-7757,1381,3405,-4342,-5654
9/4/2025,455,112,214,-240,1299,3222,-519,-1529,5223,-30,817,5223,-5821,-6500,-8423,-5320,-6970,-8835,-5815,-1997,-8915,1775,7607,-3751,-6000,-6280,1135,3180,8025,-1266,470,1334,6957,-240,1299,6957,-240,1290,6957,35,1569,6628,-8591,-18115,-36912,-5320,-9570,-16885,-6920,-10140,-22600,1900,13231,36153,-7725,-12105,-23625,1900,12421,36153,1127,3464,2071,4359,1097,3464,2333,2731,-6886,-8984,-5010,-8628,-6988,-8996,-6945,-8000,-6920,473,-2656,-7833
9/5/2025,290,2076,4787,320,2958,5283,2315,125,2804,925,2834,3783,-188,522,1150,-1736,-353,-6151,-1230,-1312,-72,-825,-3815,-3425,-59,2638,4685,-705,-3461,-4447,925,4132,5017,320,2958,3994,-358,3051,5151,425,2942,5227,-188,3317,1792,-1736,-2973,-9503,-1945,-2095,-5133,-3436,-10532,-35213,-780,-1251,-7170,-3167,-10532,-35585,2840,5083,4502,3131,2979,5489,3767,6261,1085,-322,-5098,-8950,-1363,-6824,-6850,-4715,-985,1684,-6303,-618
9/8/2025,-995,-1001,-5390,-1425,-3370,-5410,-1148,-1008,-4651,332,-818,-6255,68,1269,-6781,-2452,-1622,-7940,-1991,-1709,-7540,922,-5175,-1129,-1084,-1407,-8760,1295,-4043,-816,-715,-3635,-6255,-1425,-3370,-6740,-1148,-3175,-6470,-175,-1881,-6453,68,-3450,-6506,-2452,-4690,-8590,-1991,-6250,-11207,104,-13070,-32125,-1670,-6250,-12302,54,-13070,-32125,-5288,-8540,-6225,-8540,-4558,-8540,-6225,-7452,-727,-4851,-5230,-8965,-5270,-7996,-2525,-8504,-1229,-8655,-4340,-3312
9/9/2025,-1835,-3921,-4667,-2350,-2187,-4481,-3131,-4143,-4898,-980,-1670,-4694,-1606,-4707,-5350,-3325,-4791,-5321,-3432,-390,-7217,150,-2624,-1284,118,-1080,-353,911,936,-3924,-1822,-1567,-4128,-2350,-2187,-4128,-2350,-1852,-4128,-1285,-1845,-6215,-1606,-2880,-6466,-3325,-5715,-11222,-3180,-6725,-11966,-4389,899,12811,-3765,-5390,-8905,-4389,899,12811,-2046,-5381,-700,-3874,-1711,-5381,-700,-2256,-3399,-6704,-5144,-4670,-6290,-9000,-5718,-3267,-1678,1501,-3805,-7792
9/10/2025,456,749,1122,1158,3330,-1362,1208,358,5072,-915,3354,3683,-4350,-4066,-8467,-3125,-4291,-7592,-4445,-1535,-8350,3183,11519,-2002,-2910,-870,-7217,850,17367,31579,470,3750,5970,1158,3330,5848,1208,3465,6927,-737,120,134,-4350,-7850,-18465,-3125,-6650,-6882,-4445,-4325,-4930,8162,28276,58678,-4105,-4660,-5465,7882,27321,57677,2883,7102,1890,6339,2962,7102,1160,1240,-6475,-8147,-2803,-3132,189,-8207,5093,11842,-6010,-3292,15547,21983
9/11/2025,320,489,-2139,405,2980,-875,405,494,-2859,-580,2075,-2156,5369,516,-346,8810,14311,12406,6317,5779,9271,525,5786,59,-1065,-2686,-7040,8540,15167,3357,485,2980,1163,405,2980,1163,405,2980,1163,280,1445,1592,5374,2186,3516,8810,11464,13558,7263,8965,17251,12859,28538,38577,6312,8919,17251,12659,28538,38577,-370,-2978,-370,-2978,-370,-2978,-370,-2978,-6325,-6099,4447,-1042,-506,-3115,4769,-241,-5880,-7730,-1654,-588
9/12/2025,1511,709,-506,757,-227,-861,-68,-1035,-4485,-720,-792,-4570,5500,11998,1464,3708,6137,9576,4979,2441,6440,3555,1868,-312,1072,1999,-916,2596,1868,-3421,1412,-192,-4292,757,-227,-4292,-68,-1717,-4292,1452,-30,-871,5500,8492,1068,3708,7146,10832,5632,5715,13159,9214,18213,60731,5138,4885,13159,8734,18213,60731,-2563,-5152,-1560,-5152,-2563,-5152,-1560,-5527,-5213,-5938,-210,6585,-6124,890,10186,-4212,-219,-546,12546,-7997
9/15/2025,-821,2339,-3145,99,-298,-25,181,748,-1623,1020,-644,-342,3923,1332,939,3444,3393,4127,4575,-496,2149,1067,9165,4576,209,-260,-743,2275,9165,8679,1931,-911,2005,99,-298,1799,181,-456,1799,-205,1818,259,3923,283,-2518,3444,3181,7388,4789,5269,14362,8121,24706,66228,4237,4869,14362,8121,24706,66228,1040,2835,1603,4929,1154,2835,1628,3793,-1585,-582,1610,6492,2046,8516,8654,11803,-4,4362,8670,15137
9/16/2025,2000,7533,10402,4928,8503,9101,5888,11384,7663,1597,7401,7559,5154,14837,14602,5468,7951,11976,8120,15449,25384,12053,1593,-1326,3436,4201,2393,6980,559,-2002,3588,8619,9277,4928,8751,9946,5888,7561,9946,2170,7258,8406,5526,20447,20926,5960,12170,17471,8371,22493,29632,9753,16737,22142,7361,22493,29632,9303,16737,22142,-165,-3158,-165,-3158,-165,-3158,-165,-1828,6771,8295,2129,440,2794,487,-4475,-4392,3525,1332,-2750,-4353
9/17/2025,2195,5740,15899,3828,10978,17633,4686,8495,28858,2600,10052,24177,5725,5352,21560,7250,7242,34258,13932,17203,35150,8018,18372,12633,5424,4502,9534,4455,13790,24059,4007,10115,24598,3828,10978,27353,4686,13334,29858,3455,8024,20913,6440,13192,32559,7250,10942,34682,13932,28331,62921,14985,29521,77668,12527,27476,60211,14985,29521,77668,10360,23723,10660,24803,12350,26033,11360,14328,10525,27552,15402,36279,9136,54541,10752,14937,10203,10828,8498,8437
9/18/2025,1125,-198,-3080,-530,-3745,-6832,2905,-1549,-4439,-585,-3794,-5374,1369,3053,-458,-1026,698,-3723,942,1317,-1518,-685,-1048,-205,569,665,1106,-1338,-3944,3596,195,-5700,-8238,-530,-5320,-8238,-550,-5445,-8423,-645,-5215,-10170,-800,-3385,-5114,-1026,-6293,-11661,-2905,-4151,-10494,2172,-23310,-55435,516,-3061,-11494,1712,-23310,-55435,-2441,-7480,-770,-7480,-770,-7480,-4692,-5890,-894,-894,-5887,-7324,2971,-5645,-4910,-1869,160,10296,-3470,-1869
9/19/2025,-110,-4314,-5932,-1480,-1579,-5290,-1621,-3641,-1110,-830,-2443,-1018,-2042,-6319,-8895,-568,-994,-7976,494,-1965,-8772,428,13256,6730,904,-2865,3532,1089,8158,13364,-1543,-1484,-3266,-1480,-1579,-3266,-1691,-2628,-3096,-1505,-3720,-3285,-2042,-5301,-16115,-568,-1483,-6124,604,-1763,-6780,6787,23738,58091,627,-1398,-6780,6387,23193,58091,-2520,-4948,-2270,-3665,-2475,-4948,-820,-8595,-6764,-8663,2171,-406,-4249,-3054,10463,18840,-1985,-6333,5035,17527
9/22/2025,1550,4358,4129,1903,4824,4609,1528,3496,4105,1439,3344,6867,-1808,-4359,-7110,2140,4795,703,4107,-1985,-4310,1700,6085,3530,528,-6680,-7110,4520,7394,6637,2139,5076,9901,1903,5048,9901,2033,4451,9781,1980,3769,9356,-240,-2758,-11536,2140,4433,1517,4634,8691,15079,9140,21699,40904,5145,8551,15079,8520,21699,40904,5112,4859,5538,7675,4459,4859,3271,9015,-6795,-7825,2351,-1909,-5176,-6091,4839,927,-6360,-7825,6371,1788
9/23/2025,1225,418,-6365,590,864,-6546,205,-324,-534,-340,564,-746,-4740,-6200,-8985,791,-1940,-4215,-278,-1998,-8995,7500,9488,5462,-219,1370,762,6445,9103,8041,801,564,449,590,864,294,580,453,669,35,-360,-5063,-4740,-7250,-13140,791,-368,-1893,458,18,-1178,12231,18799,30068,1448,-487,-1178,12221,18414,29213,-734,337,-700,337,-509,337,215,-4975,-6993,-8995,-2204,-2982,-4443,-143,-3587,-2750,-1585,3215,-1723,-2839
9/24/2025,485,2321,-4591,-2067,-1816,-6715,-1623,-733,-3743,-880,-2417,-4891,511,1374,-8959,146,-3213,-6447,3232,-1972,-3691,6270,-4351,-3596,-959,808,-1448,6475,-4351,-7675,-660,-3059,-6274,-2067,-1816,-4524,-1282,-1271,-6689,-1525,-3750,-10712,-525,-270,-15177,146,-464,-17838,-504,-3667,-22246,1940,-6705,-26960,-794,-3568,-23341,644,-6705,-26960,-1221,2924,577,3769,915,2861,-423,1070,-6685,-8844,-6572,-6907,-5176,-5931,-6655,-8798,-445,4197,-6151,-8798
9/25/2025,1630,4239,10722,2470,2796,9846,2554,4648,7746,-570,5008,5293,4390,5987,9893,2718,4414,3805,1514,6025,3033,1785,420,-2232,2915,8510,3271,1915,6597,-1953,2965,2291,5524,2470,2796,5359,3021,2764,6666,3034,5486,5499,4390,8508,11655,2718,5396,2859,1920,4553,-945,-3530,-4935,-25685,2660,4778,2160,-3530,-5000,-23240,1645,8547,2646,6261,1839,11534,1453,12395,4662,12119,5227,3284,1100,1376,-2197,-5015,1646,4936,-4760,-3538
9/26/2025,1520,104,-77,1004,3249,-586,720,-62,364,-535,1735,214,4224,2521,-6011,1375,3522,-4111,1795,3066,-1427,780,-1405,-2585,1869,961,781,1311,1717,-3189,1170,3117,3406,1004,3249,4231,1112,3361,4231,753,-87,228,4224,-1583,-6535,1375,1085,-5650,2334,885,-2895,300,5217,13826,1984,180,-2895,300,5217,13826,-361,1806,803,3166,-361,2456,738,2670,-4511,-7198,-1803,288,2482,-1208,-2206,1087,-415,-1237,-3771,-3373
9/29/2025,1735,2858,4741,1536,5176,7962,1328,4700,-1807,512,8757,172,1127,11847,4542,426,9454,1251,2584,-1990,6789,135,-6242,-3801,-2184,4198,-5242,3349,6374,-8139,570,6263,172,1536,5176,-1278,1310,3565,261,218,8052,5038,1127,7394,6825,426,7981,10773,2931,2086,12491,-712,3651,24746,1396,3546,14981,-957,3651,24746,-746,-1905,-1088,129,-3643,-1905,-214,5115,8341,6670,14101,749,16663,-1480,-6920,-8820,5126,-5825,-6940,-8685
9/30/2025,443,130,801,160,1449,706,-257,-1404,1661,-945,-195,-653,2257,-858,-6036,1272,1186,-3533,-758,-2000,-7572,-206,252,2220,2216,1835,1918,1040,-1802,702,1800,1655,1120,160,1449,1120,260,1889,1730,452,961,2582,2196,-2687,-13199,1272,-2132,-14611,189,-9106,-20275,606,7726,-19687,-237,-636,-20632,-395,7726,-19687,87,3183,1839,3430,1661,2936,414,1375,-1887,-5767,-2960,-2130,-3204,-7387,-4940,-8930,-302,6679,-3850,-5200
10/1/2025,329,-24,-1080,758,1812,-2222,135,-1572,979,-500,1690,2286,-2255,-5990,-8793,1975,5,3476,3116,-321,-8839,1995,17834,5633,-766,-1097,1743,4698,14188,10808,930,2315,4440,758,2310,4440,823,2310,4440,265,-850,-3011,-845,-6293,-14373,1975,788,4057,3249,5144,3437,9652,23175,48093,1843,4693,3437,9427,23175,48093,1489,2349,1872,3485,1484,2349,1877,67,-5863,-8328,3603,5383,-1619,3147,22264,14320,-247,-20,18663,14320
10/2/2025,506,-380,128,320,-1520,-1660,-686,-890,-2260,-920,-3479,-4665,3431,5575,-1655,480,900,-7932,3060,1553,-4395,4200,-4904,346,727,-2108,1069,4075,-3041,-4481,355,-1520,-3694,320,-1520,-3694,-340,-1520,-3694,317,-921,-1501,3431,5337,7053,480,-1740,-8719,3060,-202,-4193,1395,-9516,-58677,2282,909,-4193,425,-9516,-58677,-1924,-4028,-1672,-4028,-1672,-4028,-916,-3571,-126,-4408,-6670,-8780,-5573,-8981,-6640,-5437,-5580,552,-6135,-5096
10/3/2025,665,4410,-5568,510,580,-4452,1498,3070,-2936,580,2815,-3493,-455,-55,-7435,2865,5911,7746,1135,-1570,924,1155,5057,1415,-610,-173,934,700,11695,2850,2125,455,-2313,510,580,-2858,1525,790,-2498,520,2040,-2641,-455,-1798,-3777,2865,5445,8915,1135,4197,3920,5355,9945,18554,1150,5052,8265,5270,9415,20656,-11,-912,-495,-80,-660,-2762,-1355,-2641,-1197,-6964,3890,10522,264,2272,11457,18238,7935,-185,8647,9340
10/6/2025,3530,2914,4939,2399,3278,8060,3373,3445,4761,960,3207,3862,3917,2961,8979,3400,2670,-1178,4047,163,-1713,4755,1960,-1235,1066,3091,3102,2731,-1985,-7830,2755,3303,5253,2399,3278,5253,3364,3343,5253,3623,4092,10853,3917,8033,14529,3400,1896,-1178,4047,1078,-2972,2725,-4156,-55045,4951,1078,-2972,2725,-4156,-55045,1030,8001,1395,7155,2538,8001,425,8071,4439,7559,2241,-4047,-209,425,-4375,-7315,1015,5386,-4635,-8410
10/7/2025,2715,6064,-2180,3419,1821,1871,3592,7289,-1161,2775,6297,-688,2146,2221,-5401,3935,6832,3843,5841,-1800,1572,-510,-5,-820,1748,3460,-604,4097,4210,-4016,3505,2150,-412,3419,1821,-421,3613,2016,-224,3855,5425,1526,2146,1536,2997,3935,11212,10024,4443,3293,12375,5082,14297,21423,4530,2973,10760,5082,14297,21423,-2683,-4142,-4010,-7260,-2734,-4142,-12,-7300,1287,-226,4640,-2209,8843,351,-5635,-8570,1660,7697,-2150,1413
10/8/2025,560,-4012,-8796,227,-1029,-8444,-1052,-4459,-3524,983,-2058,-2704,-5230,-4500,-7541,-1712,-4640,-5412,-1017,-1996,-8241,1149,10379,8391,-308,-991,-1223,335,8695,17954,445,-1065,1225,227,-1029,1012,-240,-314,920,-50,-4993,-9432,-5230,-11331,-23126,-1712,-2615,-4967,-1050,-1695,-5135,8741,20368,49948,-1198,-2545,-5135,8741,19518,49948,1181,1782,2669,3788,1545,2880,2385,-4084,-6721,-8911,347,1023,-3487,1193,13292,24626,-6620,72,9142,24039
10/9/2025,783,6776,11029,2387,4721,15203,2583,7949,5653,1182,3478,4258,918,4196,2733,472,1358,11909,1557,9994,19828,1137,1179,3485,160,1565,3741,1326,-1320,-5528,1645,3868,8604,2387,4721,9616,2583,5690,5240,595,6005,13092,918,8018,13021,472,3329,12277,1557,11691,12254,543,5562,-1807,1715,12796,11511,543,5562,-1807,3768,7176,5098,7289,3768,7176,5098,4592,4087,3639,2830,8258,1184,3987,-6694,-4376,772,1656,-6769,-7701
10/10/2025,2840,1922,1530,2576,4666,-3475,1994,-870,6135,1912,3310,8101,-1230,1910,-3568,2765,6108,4537,2592,-1855,-933,7095,-6955,-2915,5780,3266,-4511,3640,18740,33007,2880,5180,8815,2576,4666,8536,2371,4592,8521,3032,3390,4881,-1230,1373,-5472,2765,5350,4537,2915,5420,6313,14255,21106,44376,5780,6680,6255,14285,20481,39581,5520,10026,5079,9845,5010,9622,5612,2200,-436,-3722,6082,7715,5352,21732,-6325,-8810,679,-4946,-6320,36780
10/13/2025,1510,2104,3845,-820,-2056,997,348,4782,-4403,-570,180,-4894,3620,7285,7139,3241,7861,15230,3205,5004,7885,1755,2869,-1938,3009,2859,1824,3120,5526,1743,-810,-822,-4545,-820,-2056,-4545,-520,-2096,-4545,1202,-2184,337,3912,3707,8206,3241,6741,16444,3378,5660,13634,3488,3058,16892,3883,4502,15074,3283,3058,16892,-2444,-2713,-3400,-3959,-2524,-2713,-2499,375,3870,3340,7904,12409,9337,3635,3252,-1027,2043,2611,16203,1250
10/14/2025,1075,2540,209,2540,3715,-2377,2143,-1096,706,-575,2020,-5172,2780,-727,1912,2334,79,8853,2089,-1035,-681,-575,2838,-2300,1986,890,1629,3385,4784,-4262,1615,3485,-1358,2540,3715,-1328,2545,3627,-1368,1000,-285,-6279,2780,3295,4270,2334,-1866,-6931,2670,1680,-6055,980,813,-23952,2185,1160,-4495,980,813,-23952,1970,1380,901,-420,1970,3387,381,-1080,-500,-8790,325,8833,204,11769,-3363,8154,3520,-7835,5108,1270
10/15/2025,-448,3564,6564,2219,5538,1138,1034,7806,5292,-770,6824,-2017,1203,6311,8957,410,3275,-8257,441,-1429,-8875,-985,-6735,-2861,-1783,-666,233,2164,944,-8800,1425,5151,4276,2219,5962,6926,2017,8353,10212,-530,4665,4601,1222,2416,11183,410,1744,3803,1470,3777,2398,-410,1635,9322,1510,2985,4893,-470,1245,7370,7208,708,9459,749,7943,149,7774,8462,5469,4829,213,-8742,3850,-8535,-7000,-8827,2454,-422,-6800,-8327
10/16/2025,1870,2489,7416,1570,3101,6858,3058,3964,-1269,1795,3843,1331,14,987,-501,440,1785,613,755,-1550,-7919,-595,-6965,-3689,-340,5024,-112,3620,7565,-8290,1740,4265,672,1570,3101,3482,3570,4981,7704,1765,3190,1838,-1140,-3293,-7573,440,-2143,-4868,-105,-1493,-3773,3920,5190,-2750,835,-313,-1627,3845,6235,-4970,1716,4827,2388,9487,3749,4480,598,5770,2472,-2048,3817,10208,2501,5484,-2332,-8790,-728,-597,-6325,11067
10/17/2025,2015,-1976,811,1595,-2077,-1399,493,-283,-5572,-555,-50,-5784,4306,2234,11228,4048,5670,2115,6311,4376,17238,1505,17543,-2183,2511,3624,15,2665,11257,18356,865,-1136,-6900,1595,-2077,-6754,785,-3066,-5485,-145,-1930,-8472,4489,7867,11863,4048,6391,3080,7109,9867,13035,8315,20564,37682,5899,7887,11835,8155,20469,39882,-4801,-6836,-3932,-7637,-4242,-6330,-3992,-8277,6087,16434,5472,6346,5851,10342,16363,13922,-522,5278,11646,9565
10/20/2025,1920,8309,4920,5241,6915,6106,4368,7145,6139,3900,11826,5994,2130,4793,-4387,4421,17133,4453,2867,4447,1179,191,8288,1155,-680,354,-6870,-129,17795,9225,3410,8276,7039,5241,6915,7144,4449,6109,7096,2915,8885,7594,2130,7402,8777,4421,14284,5549,3081,11102,5416,2114,20330,-10442,2178,8343,5416,1354,20330,-10442,187,-1645,-2322,-1528,-1050,-1645,-2545,4567,-30,-5855,6118,-1053,6849,2267,7951,934,2125,-7820,9419,15126
10/21/2025,1409,1954,-1603,-305,-2730,-1596,1280,2006,-4485,1180,-1273,-3011,5074,14244,10935,2982,7391,5809,3034,4892,7100,1725,-1991,905,-683,1343,-2716,6081,6951,-241,520,-3055,-4460,-305,-2730,-6110,1280,-2960,-6110,1905,124,-861,5074,9151,13236,2982,2562,4296,3528,4892,4059,3315,-4269,-22961,4628,8622,4459,4060,-4269,-22961,-2890,-4944,-1645,-4944,-1215,-4944,-2890,-2304,4199,3370,1120,-2675,8466,-6273,-6880,-6880,1007,-7430,-6395,-2249
10/22/2025,1165,2165,1904,2930,5265,2825,2027,1600,8472,2140,3923,10670,-1362,3278,-5169,1590,4320,-3635,2133,1385,-350,6903,19681,1104,2470,5858,-6540,4175,12628,23533,1770,3910,9300,2930,5265,10204,3040,5411,10773,1400,2568,6508,-565,-1262,-7248,1590,340,-4925,3380,2690,1759,9803,17644,18571,3741,5360,2050,7474,9050,16496,7665,16383,7037,17562,7259,16759,6158,11269,-5335,-7545,420,5719,7994,12126,16331,17203,4655,-7360,13155,25096
10/23/2025,2590,3581,5134,2622,2540,5611,2727,1495,3716,2415,1345,4923,412,6939,-8392,1582,2621,303,3321,1798,-5159,4500,1399,1952,32,-361,112,4627,-3207,5586,3060,2971,6945,2622,2564,6825,2727,3045,7069,2180,1389,4843,674,3434,-1488,1582,1222,1267,3802,6723,8588,6536,5905,20259,2686,5968,7315,5772,5905,20259,2139,5276,2836,4379,2558,5670,2424,6574,-3730,-8580,4932,-3013,3072,-2064,-1184,1289,-6410,-170,-1124,4971
10/24/2025,1205,1890,220,2980,1645,2065,2512,2150,1020,2165,2859,1020,3083,4292,10292,4872,5398,4433,3880,7451,5563,4319,1960,-2264,3392,1272,4138,3835,4385,-2710,2755,3255,1020,2980,1645,1020,1365,20,1020,1250,2245,3719,3083,8797,17905,4872,8016,1592,4119,7000,2672,3991,-2126,-51909,3264,4720,2672,3521,-2126,-51909,5972,-3347,1340,-3470,4427,-3347,1340,-2887,2780,-567,-1425,-468,1477,-3658,-5497,-8196,3434,-1355,-2489,-4667
10/27/2025,-929,-3097,-3177,-547,971,-2417,-2165,-3615,503,-975,-244,950,-3833,-4620,-2058,-2342,-5393,-1422,-2624,-1472,-5775,1590,7632,2771,-2695,-6580,-7025,2398,7034,12354,-562,1023,6092,-547,1023,6092,-617,1023,6092,-1360,-2849,-3061,-6590,-12250,-22073,-2342,-3636,-222,-2624,-3368,-3293,8927,21117,71218,-826,-5520,-3293,8927,21117,71218,1558,288,2061,1850,1753,288,2061,1502,-5401,-7473,-386,2086,-6950,-170,11336,9709,-6425,-7745,2738,10672
10/28/2025,1260,960,9511,965,1390,6887,889,639,3344,715,880,5495,-2250,-6050,-8543,2105,267,1071,3057,-1931,-3150,2480,9317,-1743,-940,1666,-611,1190,8475,2405,970,1495,6237,965,1390,6237,1895,2370,6347,2201,3315,8810,-1615,-3873,-4626,2105,1499,3479,3345,-441,13252,8401,15780,44738,708,-1226,15831,8286,15780,44738,2564,8987,3448,9234,3368,10800,3976,8356,-6290,-8800,3565,4097,-1502,9974,13475,-5128,1,-7570,12736,-7145
10/29/2025,1215,11335,9003,6290,13155,11503,6615,10466,8693,1715,8951,8580,6110,20279,31420,3922,23435,48010,10662,12209,6158,2255,15785,5971,3614,6732,-2414,7820,21229,9436,2610,12035,8514,6290,13155,8474,6615,10983,8474,-155,9330,10791,6110,27923,39125,3922,28795,46585,10662,33992,52179,9720,46600,53247,10612,33484,50488,9440,46200,52447,8650,2784,8650,2784,8650,2784,8650,7024,22860,29444,22491,40502,10079,30025,-6073,-6549,3281,-2740,-5514,-2334
10/30/2025,-676,-3009,-979,1420,1803,-854,-639,-3243,-1625,1035,2982,-37,520,611,-493,1685,1295,7535,1567,-292,-7162,1165,18850,15104,-339,1446,251,3125,13215,23142,1460,2990,6043,1420,2815,6153,1313,2870,6148,-350,-990,-3135,520,-2484,-9348,1685,2353,1620,1630,-191,-140,9665,21619,42680,1046,1819,-1140,9665,21509,41325,1913,6186,1913,6186,1913,6186,2083,694,-5196,-5051,116,-1526,-1154,4254,11302,18247,-2225,1546,7275,27913
10/31/2025,1980,7358,12899,3251,8313,11688,4055,6330,13994,-590,7177,16349,7251,11527,11873,6280,8400,5873,6250,2503,15307,4340,1754,-1837,2755,2531,3918,3690,5419,-4884,2460,7485,16922,3251,8313,17666,4215,9587,15234,1485,4830,11355,7251,8750,15793,6280,7415,8496,6250,7563,16287,1555,2936,11725,4805,9178,14237,1555,2841,11725,6352,13603,5936,9059,6383,13175,6041,5299,3465,7855,827,3486,10042,6483,5320,573,3931,8110,1040,-1749
11/3/2025,3911,2929,-1883,-515,-845,897,1388,3512,1483,-605,928,-165,3210,898,-2586,2102,4607,-1671,3574,3401,1247,937,-3999,-2535,-70,4040,5278,225,-1303,-6035,-1365,-1735,-4800,-515,-845,-6214,-267,-2145,-3639,2207,1551,1484,1510,1359,997,2102,4252,-145,2713,4351,-3303,-2330,-565,-16968,2713,3420,-3437,-2330,-965,-16968,-1493,-1111,-934,898,-1943,-1111,-1279,1878,475,1014,-2893,-2413,-212,359,-5890,-5140,1621,469,-5445,-7173
11/4/2025,575,-2376,-6063,509,-865,-6760,-212,-3589,-1046,-580,-223,1292,-3955,-2740,-7447,-1785,-6885,-8525,-2554,-1851,-8921,-505,-6425,-3950,-3720,4221,-8200,3452,9332,3632,810,-975,863,509,-865,674,570,358,-566,-245,-3210,-1111,-3955,-6944,-18266,-1785,-2424,-8170,-2390,-5449,-13910,7659,7704,24617,-690,-2515,-13910,7189,6964,24617,-1524,886,44,-219,-884,-523,39,-4032,-6955,-8002,835,-8905,-6911,-8835,-6995,-8645,-1793,-7435,-6985,1029
11/5/2025,1730,-966,-1124,2210,2415,-1014,4046,1071,6293,-565,1979,2559,5050,6834,12147,4585,2130,9946,6802,5431,19513,2960,791,2951,2869,2843,172,4701,1634,-4522,1974,2379,1112,2210,2499,1112,2325,2339,1112,2244,-260,785,5690,10820,21486,4585,5092,10329,6900,7375,12342,6383,1613,-19057,7336,4615,12020,5468,1613,-19057,4168,4718,1897,1265,4353,4718,1712,1737,7584,8535,5228,7825,2470,11577,-790,-8732,-1392,3870,752,7869
11/6/2025,2520,8481,6933,5740,8766,9786,5261,7180,11425,4135,8136,10210,6475,561,13933,6176,4957,20029,6168,11437,15622,3184,8912,16036,3296,5021,5051,3454,10817,14609,5890,9881,12140,5740,8766,12670,5887,9426,12595,4245,8621,12759,6497,8973,23013,6176,10333,17305,7599,14642,31680,5922,7837,14899,6614,11714,28161,5922,7589,16751,4939,599,1979,4252,1935,1359,2075,-3031,12943,10593,6045,10068,7952,19469,8594,4831,2707,9780,9241,3462
11/7/2025,1905,1678,4213,2473,6813,6383,2412,828,14293,2203,5292,11635,1065,475,2027,1839,2430,6378,696,4647,3486,4046,13228,4840,4084,1232,1231,2095,7107,15025,2408,6314,15985,2473,6813,17638,2412,6197,17599,2794,4707,16450,1526,5058,2621,1839,-752,-1117,1304,3274,-209,5487,13228,29522,3553,3416,-340,5457,12232,30752,4656,11359,5019,12254,4956,10546,2804,5495,-2679,-3644,519,4157,2908,6052,9631,-2054,631,3801,11500,18823
11/10/2025,1185,3126,5266,1085,3410,7108,30,-180,10238,1303,3351,12557,314,-3827,-3367,516,-252,3781,594,5276,1256,1943,15917,15331,2165,68,-659,-144,1837,38569,1834,5448,7781,1085,2641,7761,715,2436,7796,1250,1339,4348,371,-634,-1415,516,1221,4152,1459,6928,10445,3493,15211,52496,764,4555,12965,3068,14426,52036,2669,10024,2349,11611,1082,10024,2274,6091,-3593,-3015,1673,7570,-1626,8418,22397,30806,-682,4006,18165,22028
11/11/2025,2775,4466,5391,2898,2854,6324,3350,6459,4012,3463,4185,3894,4060,3444,11005,1240,-1879,-1352,2161,10,-5078,3710,-3135,2944,1461,1292,6029,3095,-2534,-2309,3128,4185,-860,2898,2854,92,2116,4221,-1436,3422,5316,7977,4060,9042,17314,1240,1675,-6222,2270,-775,-9972,-2115,-13570,-71912,1720,-1405,-11820,-2115,-13570,-71912,2361,788,2411,846,2626,788,2411,5883,4932,5465,-1960,-2562,-4321,-7558,-3360,-3499,5615,662,-4995,-3169
11/12/2025,1100,979,2228,450,-1092,-2950,2557,1337,3537,375,-1595,3774,4291,7331,34734,5664,11504,26616,6701,12305,41555,7810,2429,6072,2704,2819,12915,5275,11839,10377,375,-816,2934,450,-1092,2882,1405,258,3282,785,-788,-398,5555,14464,37534,5664,11397,31164,6850,14163,38807,6045,3668,18680,6815,13644,42170,6045,5340,17880,4779,-1547,3745,-829,3578,-3979,3630,891,21589,29404,10535,2901,15438,27031,-5000,1708,7801,11284,11821,20321
11/13/2025,1315,989,-4471,1390,-722,-3975,414,-1180,-6516,2595,1915,-5604,1042,3534,-2096,6980,13455,10965,4286,5597,-960,8855,24533,-599,-1185,-343,-365,7130,21822,3850,1510,-608,-7729,1390,-722,-8245,1399,-2086,-8434,510,-835,-5166,-600,-2415,-3129,6980,11413,11137,3725,3784,5938,13715,27100,18592,3140,3954,5484,13635,26750,18202,-2915,-4464,-1555,-3800,-3982,-4604,-920,-4234,806,-8332,11331,11135,6727,10849,15015,16299,-6220,388,8389,23386
11/14/2025,1520,1936,7142,2522,4554,3386,3644,1560,5448,1385,6577,8612,1974,4546,3611,1980,5008,3676,2941,4149,5850,-910,-2685,-64,-324,2298,-2469,5425,13950,-7405,2696,5671,5388,2522,4554,3153,2675,4609,3377,1385,4798,9500,4075,4315,5167,1980,-189,-2819,1605,3110,-3530,7063,7444,-24469,1400,1517,-9011,7038,6677,-25544,5782,5587,5347,5121,6013,5315,5155,6178,4365,-2163,-940,-5836,2501,-4220,5785,-6684,-1435,-1386,4713,6491
11/17/2025,1695,1920,4967,3759,4263,5213,19,1143,4941,2385,4659,4928,2922,3275,7966,1610,2480,3905,3684,2826,175,1130,-4204,13818,2021,1880,-1311,1900,3066,-5384,1830,1580,4659,3759,4760,4919,725,3187,6737,2160,3274,2159,2922,7524,10499,1610,2245,3905,3684,2468,1911,2405,-1894,-6091,2661,941,-1960,1985,-2134,-5051,4937,2142,5075,6162,4164,2048,4780,9704,5607,11734,3040,5953,391,1359,6030,1745,1710,-516,3650,-1511
11/18/2025,1910,4064,3126,2097,4309,3404,2748,1464,8556,2350,2473,5431,3953,4259,10979,5559,7482,5414,2542,3036,6931,3175,-4475,-727,3244,8187,9484,1881,5758,3798,2295,3205,11421,2097,4309,10261,-55,969,3519,1180,811,2809,3953,9613,14675,5559,6072,5414,2542,1203,239,1005,-4475,-35398,4921,4658,2918,1005,-4535,-33962,5040,12318,2823,10472,4889,7780,3878,1142,5070,14788,2545,15768,1980,3945,-6831,-5938,2681,1341,-1150,-5474
11/19/2025,2405,4694,10151,3766,8285,11998,5689,5724,8699,3837,4870,8838,4749,8245,19944,3396,9300,11378,2098,3557,11674,1552,-1306,-865,2910,5728,715,640,1758,1947,5152,6094,8399,3766,8285,10809,5587,8533,10982,3837,3710,14547,4749,9575,22065,3396,3976,8232,1950,6606,13721,-1580,-1620,-7040,2605,6944,13819,-1700,-1645,-5860,5035,11907,7610,13196,8694,11961,5449,8237,9993,18656,6950,2018,5404,16623,-2780,-6170,-1102,2614,-3448,-4133
11/20/2025,1340,85,-2911,905,815,-2865,453,-222,-660,1545,2400,-440,1380,205,-7023,3175,6554,4618,3933,-1810,2224,7980,23487,-3955,-2255,69,-1172,7070,19674,36315,1600,535,2260,905,815,1595,650,1405,2125,1545,-720,-225,1551,2470,-3898,3175,8950,6527,4504,4756,8550,10500,23487,40489,2515,2825,4982,10095,23122,37583,1043,-512,2710,519,-245,-2778,1520,-969,1386,-7846,8796,7094,1839,6882,26149,34411,-4375,-165,19063,29015
11/21/2025,2055,5250,4958,3895,3926,884,3015,712,5921,1450,5310,4227,3067,3680,7044,3000,4484,1786,3962,10432,-3540,1155,10403,-3759,1986,1835,-1602,1835,-1457,-1621,3995,6100,4098,3895,3926,4085,3015,2797,3959,1850,5985,4508,3810,7025,9352,3000,2339,-2993,4533,7272,1058,3920,10817,-10235,4690,8885,6599,3865,10777,-5335,6236,11130,5171,11361,5003,10558,6610,8851,6640,15412,2820,4043,3068,11114,-2290,-5360,746,3843,2750,-1681
11/24/2025,2410,5478,6243,2010,2184,4287,1781,4425,4343,1810,3453,3608,-1591,4683,-8310,1120,9601,5522,3544,-1835,-5390,8009,28399,12503,76,3701,-1595,7356,24693,37934,2095,2399,4857,2010,2184,5054,1795,3647,4804,580,1086,3295,-2896,-1738,-7089,1120,8919,3732,3745,14518,10847,12461,42982,70136,2070,13948,12022,12026,42982,70136,1678,-1654,2896,2928,2727,1711,2911,-1813,-6200,-8931,3237,9183,-2294,6404,44549,28821,-5890,-1251,39438,18182
11/25/2025,1765,3210,-314,1570,1475,-2573,1334,590,-231,-585,4471,-1104,-2932,-5294,-8119,-1615,-6935,-8996,-2676,-1876,-8995,2035,-6430,-3045,-1781,-572,-770,1485,1763,-8250,1825,5597,3797,1570,1693,3637,1538,1813,3512,360,2504,-1907,-2000,-2665,-2593,-1615,-5852,-13737,-1520,-1537,-10610,2489,3214,5931,-480,2759,-1315,2489,3209,5591,3191,4908,3255,5436,2602,5514,2988,832,-5942,-7737,-6635,-8950,-954,-8725,-6915,-8875,-1758,-7920,979,-8835
11/26/2025,2787,306,-17,-455,-1498,-3762,-999,986,-2882,1565,-826,-2569,1738,5110,-3010,1294,4380,-4132,6065,3880,5657,4760,7528,-1736,427,-2635,-5389,2982,10387,-1864,430,-2134,-3442,-455,-1498,-4318,150,-499,-3453,1445,341,-2314,2045,2007,433,1294,-1229,-9968,4692,2301,-8443,6796,1273,-45472,3639,826,-8543,6591,1273,-45472,-1954,-2665,-3995,-2030,-2587,-1665,-3240,-4026,5269,-4047,-4269,-4538,5122,-6742,-1751,-6168,1369,-7785,2725,-6837
11/27/2025,1515,5845,7061,3175,5845,7061,3175,5845,7061,2695,5845,7061,3570,5640,7331,5940,10450,16155,7395,8785,19595,2390,7885,7275,3330,2735,3186,1985,7885,10640,3175,5845,7555,3175,5845,7555,3175,5845,7555,1465,4920,7555,3570,6880,9306,5940,11170,17080,7395,13835,21475,10595,20530,32890,7080,13835,21475,10595,20530,32890,-1985,-2770,-1985,-2770,-1985,-2770,-1985,-2770,5520,3650,-2290,-1750,-1970,-1800,-5845,-5005,-915,4795,-5845,-5005
11/28/2025,465,360,-986,725,1344,-961,600,-298,3068,210,-1503,3068,-208,1297,-2712,945,135,-172,2565,234,-4900,2560,7233,334,53,1052,-1023,1865,6063,11016,785,1184,4814,725,1344,4814,600,1359,4814,35,49,-580,-208,-1063,-3465,945,2286,3854,2565,4944,7544,6450,10754,30079,848,4944,7544,6245,10754,30079,1405,3039,1990,3238,1405,3039,1990,-526,-965,-2317,2280,3963,452,3153,8050,9674,1287,3006,7135,7320
12/1/2025,100,1524,-1830,-574,-352,-2403,2813,462,-3277,-575,1140,-2410,2256,4151,3991,-220,2772,6350,-1221,-1045,11285,-575,-5560,2035,-562,2641,600,962,-361,-4306,-687,-1657,-7558,-574,-1505,-7558,-1080,-1585,-7558,173,2721,-3235,3284,10132,13083,-220,2496,7904,-736,-564,465,-2203,-2903,-18875,-1275,-1261,2259,-2343,-3483,-18875,516,-4087,307,-2566,-841,-4087,307,-399,2965,2247,7085,11883,6279,3631,10686,-1576,1307,-3913,8835,-3110
12/2/2025,3031,3013,-4409,1615,2961,-4894,631,2255,-422,1935,2506,-1385,5497,7923,21406,6215,8828,17491,5948,6045,8459,4745,15546,-124,4623,1567,7670,5730,15447,2072,2570,3258,-1067,1615,2961,-449,1247,2423,352,2865,1821,-4874,5497,10126,21406,6215,5613,18349,7710,5483,11932,5495,12638,4054,6640,7784,9239,5300,12638,4054,-423,-2094,-3142,-2604,367,-653,-3096,-3912,8910,20583,5081,20103,12767,16074,4363,-6602,10366,12413,6264,8475
12/3/2025,236,94,-4504,320,1476,-5493,-206,40,-722,135,-454,-1521,-1045,31,-6415,295,-735,515,2014,-1455,-7920,-620,-1535,-3790,-735,-6215,-4120,6167,7109,-8430,330,1436,1056,320,1476,1061,830,1501,1279,565,1125,-3550,-647,-2488,-8043,295,-3405,-5515,2014,2735,-2955,7255,14605,13172,1335,2435,-4605,7255,14605,13172,1054,-146,1036,-1140,974,1317,1011,-3464,-6840,-8759,-6315,-5375,-2970,-5155,-6045,-8190,-6590,-930,-2827,-7172
12/4/2025,3574,5229,24863,3330,11846,28474,4806,12531,16227,1925,8682,23135,3974,4859,22221,4086,10153,25773,5507,16183,35288,5882,13795,-3666,2358,6683,4622,5923,19950,-2001,3084,8683,20923,3330,11846,23088,4806,10703,17156,2225,3607,22237,3974,9188,27583,4086,12984,31669,5317,18320,48918,8568,32684,94093,3923,16061,48918,8043,32684,96348,6834,9530,5370,7545,5626,9530,4799,12436,14252,27004,8857,10869,13528,26586,875,-7856,9047,7527,12562,-3460
12/5/2025,3884,6132,83,3655,9436,5108,3011,6027,350,1825,8606,-2319,3116,4128,11079,2479,-822,6683,2516,2291,11590,7527,-5420,3100,1114,2197,5828,11481,23429,-3827,3555,7000,-2084,3655,9436,2385,3046,3455,-1245,3285,6640,5304,3609,5430,15552,2479,1147,5252,2516,9057,14879,12527,11386,12938,3263,9057,14879,12527,10986,15043,141,217,1065,-2798,291,-5063,530,-1949,3225,-737,-3435,-8572,2012,-3862,-2000,-3205,5715,190,-3776,-4820
12/8/2025,1124,3911,15654,4883,11015,20351,7558,12844,5735,-570,8679,12270,1247,-2335,-6695,2490,5010,8214,2241,4217,8565,6035,9278,-3772,2447,2156,-8890,5850,8976,-4782,3005,8113,11165,4883,11483,9001,8235,10450,6282,2165,5675,10836,-610,-2792,-3197,2490,2877,8399,2721,4957,15411,8401,16750,23220,1601,4267,13981,8401,16480,25725,6089,7662,5873,6098,6089,8059,5873,13087,-4615,-8465,6620,8820,7456,3966,-3531,-7176,-2232,-8465,11272,-7039
12/9/2025,2272,3586,12099,3419,6041,11599,5719,5027,5765,2450,5267,8146,953,1121,-4767,-360,-25,-3337,2496,-1935,-6769,-980,-1187,2903,196,191,-699,5205,6142,1796,3230,5829,7835,3419,6272,7835,3889,4624,7835,2369,4561,13705,1602,2430,1975,-360,-1285,-6219,2496,3616,-3824,2258,-4481,-33773,2009,3616,-3824,2258,-4481,-33773,10462,2389,6340,3555,7432,2389,7840,8766,-4742,-5933,-2980,-5910,3096,-7278,-2420,-6635,-2433,-128,-4935,3698
12/10/2025,-255,-2439,-7126,-75,-4210,-7734,-310,-2072,-7371,-570,-3825,-6204,1734,79,-198,1383,4862,-7090,2766,1457,3619,1935,-6251,-1312,-116,2420,1394,2094,3459,2543,-70,-4255,-7163,-75,-4210,-6932,-75,-4210,-6932,-1465,-2437,-12360,1734,1755,3751,1383,-1374,-13550,2766,8534,5118,2220,-10509,-23896,992,7868,-4232,-175,-10601,-25021,-3649,-5050,-3015,-3828,-3649,-5050,-3515,-5267,3505,2417,-6515,-8995,-3415,-8979,-5995,-7339,-642,-503,-6129,-8025
12/11/2025,-940,-5247,-7010,-1270,-2312,-6913,-2613,-5598,-6982,-585,-3560,-4999,-1242,-1530,-5433,-715,-1137,-6390,-846,-1237,494,-575,-5727,-3615,-1705,-679,-3767,715,9226,-8194,-1265,-2155,-2985,-1270,-2312,-4471,-2090,-2731,-4381,-2380,-3470,-6190,-446,455,-8365,-715,-2855,-9780,-575,-967,-10313,-1155,1363,-2590,-950,-420,-8648,-905,1363,-2590,-2005,-4773,-800,-3405,-2578,-4098,-775,-3726,-2227,-8961,-5448,-8788,-28,-8947,-7000,-6369,-4034,-7900,-2263,965
