,v0-10,v0-20,v0-40,v1-10,v1-20,v1-40,v2-10,v2-20,v2-40,v3-10,v3-20,v3-40,v4-10,v4-20,v4-40,v5-10,v5-20,v5-40,v6-10,v6-20,v6-40,v7-10,v7-20,v7-40,v8-10,v8-20,v8-40,v9-10,v9-20,v9-40,v0-10-unc,v0-20-unc,v0-40-unc,v1-10-unc,v1-20-unc,v1-40-unc,v2-10-unc,v2-20-unc,v2-40-unc,v3-10-unc,v3-20-unc,v3-40-unc,v4-10-unc,v4-20-unc,v4-40-unc,v5-10-unc,v5-20-unc,v5-40-unc,v6-10-unc,v6-20-unc,v6-40-unc,v7-10-unc,v7-20-unc,v7-40-unc,v8-10-unc,v8-20-unc,v8-40-unc,v9-10-unc,v9-20-unc,v9-40-unc,v0-20-cATM,v0-40-cATM,v1-20-cATM,v1-40-cATM,v2-20-cATM,v2-40-cATM,v3-20-cATM,v3-40-cATM,v4-20-cATM,v4-40-cATM,v5-20-cATM,v5-40-cATM,v6-20-cATM,v6-40-cATM,v7-20-cATM,v7-40-cATM,v8-20-cATM,v8-40-cATM,v9-20-cATM,v9-40-cATM
TOTAL terminal $,574518,834580,853832,527643,845694,861020,541250,822148,804789,542805,721398,834579,663548,916504,897438,781866,1180995,1447266,922812,1506743,1438531,880716,1355811,1152984,831868,640613,232741,953558,1320180,1146978,576835,843610,818567,531878,877479,826925,526160,860815,793294,381627,447890,526843,703438,1123622,1497493,821147,1428544,1883476,978926,1883322,2255630,964683,1556580,2379152,961117,1756929,2331385,974643,1579176,2440768,804764,868939,800303,969387,801262,882259,717075,903393,925192,785703,1041967,1322607,1545841,1392001,1343999,1411218,630918,220489,1313609,1440702
AVG terminal/day $,751,1091,1116,690,1105,1126,708,1075,1052,710,943,1091,867,1198,1173,1022,1544,1892,1206,1970,1880,1151,1772,1507,1087,837,304,1246,1726,1499,754,1103,1070,695,1147,1081,688,1125,1037,499,585,689,920,1469,1958,1073,1867,2462,1280,2462,2949,1261,2035,3110,1256,2297,3048,1274,2064,3191,1052,1136,1046,1267,1047,1153,937,1181,1209,1027,1362,1729,2021,1820,1757,1845,825,288,1717,1883
MEDIAN terminal/day $,600,911,326,605,900,305,552,933,349,565,752,474,835,1007,-1575,935,1148,131,1185,1685,-760,910,1294,-707,940,495,91,970,958,-606,605,910,682,595,895,946,605,950,843,445,495,300,895,1858,2225,1007,1837,1995,1260,2411,2009,910,1537,3653,1175,2145,1604,950,1690,4137,794,444,685,724,787,407,660,435,711,-1276,837,335,1839,-277,960,-911,763,296,935,-1098
RETURN / worst-10day-loss,181.7,61.0,25.6,99.5,53.5,24.9,87.8,52.9,24.7,117.0,45.9,23.8,147.7,40.0,18.6,190.2,50.2,30.8,229.4,54.4,27.2,687.9,63.4,34.7,168.6,51.9,10.2,218.1,67.0,25.9,143.5,43.1,16.7,106.1,40.4,16.0,64.9,35.0,15.4,48.5,16.3,9.5,102.0,29.6,17.5,100.2,49.2,32.6,166.2,61.9,27.9,182.9,79.2,13.5,117.3,57.0,27.5,208.2,66.2,12.7,40.9,23.4,49.3,22.1,47.6,21.3,52.2,23.9,30.5,16.8,45.2,34.0,46.0,28.6,51.2,33.6,21.0,5.8,50.1,33.8
WORST 5-day loss $ (~1wk),-3514,-10194,-23194,-4930,-11399,-21882,-6001,-11650,-23662,-4365,-10614,-24422,-4144,-17650,-31423,-2955,-15690,-33572,-4869,-16501,-35966,-2721,-20898,-25067,-4305,-11871,-19212,-3885,-15653,-29268,-4065,-15765,-33620,-5245,-16320,-37627,-5700,-17060,-39823,-7635,-19685,-43001,-8010,-37271,-92928,-6120,-22104,-46881,-6991,-25276,-69577,-9564,-27250,-137821,-8048,-25934,-71160,-3774,-29501,-141465,-17158,-27444,-14331,-27315,-18152,-27354,-12716,-24108,-18049,-32945,-15289,-31718,-27105,-34605,-21946,-30684,-20046,-25109,-21946,-33501
  worst 5-day END date,1/23/2024,5/18/2023,4/2/2024,4/2/2024,4/2/2024,4/2/2024,10/31/2023,4/2/2024,4/2/2024,11/2/2023,11/27/2024,9/26/2023,12/10/2024,4/28/2023,4/28/2023,4/3/2023,12/16/2024,12/16/2024,2/15/2023,12/16/2024,8/10/2023,12/4/2023,8/8/2023,8/3/2023,2/15/2023,6/30/2025,7/24/2023,11/2/2023,4/19/2023,4/24/2023,11/2/2023,12/29/2023,4/2/2024,4/2/2024,12/29/2023,1/3/2025,4/2/2024,12/29/2023,1/3/2025,10/31/2024,12/29/2023,1/6/2025,4/28/2023,4/28/2023,4/28/2023,4/3/2023,4/28/2023,9/10/2025,9/9/2025,4/6/2023,9/10/2025,12/10/2024,4/5/2024,7/24/2025,9/9/2025,9/10/2025,9/10/2025,12/10/2024,4/5/2024,7/24/2025,12/12/2023,7/25/2023,9/12/2025,4/2/2024,12/12/2023,7/25/2023,9/12/2025,3/28/2024,12/16/2024,8/12/2025,12/13/2024,12/16/2024,4/28/2023,12/16/2024,11/23/2023,5/25/2023,7/5/2024,12/26/2024,11/23/2023,4/26/2024
WORST 10-day loss $ (~2wk),-3161,-13675,-33378,-5304,-15795,-34597,-6167,-15549,-32603,-4640,-15700,-35014,-4493,-22887,-48169,-4110,-23534,-46950,-4023,-27695,-52983,-1280,-21394,-33200,-4933,-12355,-22901,-4372,-19698,-44362,-4019,-19595,-48892,-5014,-21698,-51589,-8106,-24589,-51514,-7865,-27545,-55586,-6896,-37916,-85565,-8194,-29015,-57813,-5890,-30401,-80843,-5276,-19649,-176734,-8194,-30803,-84730,-4682,-23870,-191924,-19680,-37149,-16224,-43960,-16839,-41513,-13742,-37770,-30339,-46728,-23075,-38857,-33608,-48742,-26239,-42040,-30115,-37778,-26239,-42672
  worst 10-day END date,1/19/2023,7/25/2023,4/2/2024,1/30/2024,7/25/2023,4/2/2024,11/6/2023,7/25/2023,4/2/2024,1/20/2023,4/2/2024,4/2/2024,1/18/2023,12/16/2024,12/16/2024,4/3/2023,12/16/2024,12/16/2024,7/21/2023,12/16/2024,7/24/2023,2/5/2024,1/21/2025,7/7/2023,7/21/2023,7/11/2024,12/16/2024,1/29/2024,4/19/2023,7/7/2023,1/20/2023,7/25/2023,4/2/2024,1/30/2024,7/25/2023,4/2/2024,1/30/2024,7/25/2023,4/2/2024,11/1/2024,10/30/2024,4/9/2024,4/27/2023,4/28/2023,2/1/2024,4/3/2023,12/16/2024,12/16/2024,7/19/2023,4/14/2023,7/19/2023,1/29/2024,4/19/2023,4/10/2024,7/19/2023,4/14/2023,4/4/2024,1/29/2024,4/19/2023,4/10/2024,12/12/2023,4/2/2024,9/16/2025,4/2/2024,12/12/2023,4/2/2024,9/19/2025,4/2/2024,12/16/2024,12/16/2024,12/13/2024,4/19/2023,2/5/2024,4/2/2024,1/30/2024,2/6/2024,9/12/2025,10/28/2025,1/30/2024,2/7/2024
MAX LOSING STREAK (days),4,4,9,6,7,10,6,6,9,6,6,8,4,6,7,4,5,7,5,6,9,4,6,9,7,5,11,3,6,7,4,7,9,6,10,7,6,11,7,8,9,8,4,6,6,4,5,5,4,6,13,4,5,9,4,6,9,5,5,10,7,10,7,8,7,10,9,8,6,9,5,11,9,13,9,9,7,6,9,10
  losing-streak $,-2303,-4228,-29065,-3427,-13650,-24144,-6263,-6107,-27537,-4405,-8368,-30200,-4913,-17505,-23401,-3250,-13198,-33922,-4437,-18174,-55058,-2045,-11731,-33612,-5224,-4319,-25214,-1668,-16768,-39074,-3340,-16421,-25592,-3247,-21698,-28022,-4078,-24678,-50518,-7176,-28532,-45372,-3360,-33036,-53039,-2035,-7560,-26327,-5565,-16329,-96884,-2567,-27250,-181430,-8903,-16109,-54762,-3103,-29501,-191924,-15737,-26203,-17206,-15191,-11762,-26243,-6952,-14727,-19592,-39356,-11291,-35659,-36199,-63384,-23969,-28747,-18001,-22650,-24849,-39719
  losing-streak END date,3/20/2023,1/30/2024,9/15/2023,9/13/2023,7/20/2023,1/20/2023,10/31/2023,3/22/2024,9/15/2023,11/2/2023,5/19/2023,1/30/2024,1/11/2023,4/10/2023,2/21/2023,1/11/2023,10/9/2024,12/29/2023,12/10/2024,12/16/2024,7/21/2023,3/7/2023,12/17/2024,9/17/2024,7/21/2023,12/12/2023,12/16/2024,3/7/2023,4/19/2023,4/24/2023,7/18/2023,7/25/2023,12/12/2024,9/13/2023,7/25/2023,4/26/2024,12/10/2024,7/25/2023,1/6/2025,8/21/2025,10/31/2024,1/30/2024,1/11/2023,4/10/2023,2/21/2023,1/11/2023,11/20/2024,3/22/2024,12/26/2023,10/30/2024,4/4/2024,9/5/2025,4/5/2024,4/9/2024,9/9/2025,10/30/2024,3/28/2024,3/9/2023,4/5/2024,4/10/2024,9/16/2025,5/16/2024,9/16/2025,11/24/2023,9/16/2025,5/16/2024,7/11/2024,11/24/2023,12/16/2024,10/28/2025,5/19/2023,10/2/2025,2/2/2024,4/4/2024,2/6/2024,4/24/2023,12/11/2024,7/20/2023,2/6/2024,10/15/2025
MAX WINNING STREAK (days),23,15,8,20,18,10,19,11,10,16,14,10,15,14,9,24,14,16,21,17,11,28,9,9,26,8,7,22,14,9,23,17,12,17,17,12,15,15,12,14,15,12,17,18,10,21,15,22,51,17,12,20,14,10,29,15,12,22,14,9,17,19,19,13,27,19,15,19,12,6,13,18,18,15,11,8,16,9,11,8
  winning-streak $,27662,43473,35232,26202,48757,23265,30794,30600,80513,16676,40787,64095,20778,44017,108343,40248,62587,153030,35595,94116,154261,51346,47277,130362,50010,12576,20450,33630,45016,79126,28397,45230,74129,20281,44686,75743,16427,51797,69774,16288,48285,61484,17537,55507,104588,34165,62960,219684,94245,77718,158512,44019,44081,104465,56315,59468,135507,33404,43306,109246,53852,103657,53956,75777,79544,89889,60877,159851,71190,60825,37850,136504,78622,197530,89056,68733,27698,28321,89051,69666
WORST single day $,-1494,-4796,-7308,-1975,-4796,-7085,-2480,-4796,-7588,-1925,-3786,-7495,-2000,-4500,-7000,-1500,-4485,-9037,-2000,-5149,-9100,-1624,-6965,-7536,-1485,-3000,-5985,-2475,-5087,-9125,-2330,-7755,-14647,-2700,-7480,-13704,-2955,-8989,-13704,-3675,-9250,-17290,-6490,-19405,-40345,-4190,-11630,-26055,-5055,-16725,-33045,-5300,-18391,-71107,-5400,-17535,-33045,-4920,-21469,-72830,-5530,-7494,-4480,-8955,-4489,-7494,-3485,-8955,-4498,-8023,-5330,-9847,-7373,-10110,-7170,-7825,-6990,-6000,-7170,-8000
  worst day DATE,1/6/2023,12/26/2023,10/12/2023,5/8/2023,12/26/2023,10/12/2023,1/30/2024,12/26/2023,10/12/2023,7/6/2023,12/26/2023,9/26/2023,9/2/2025,3/31/2023,7/13/2023,7/13/2023,12/16/2024,12/20/2023,3/21/2023,12/3/2024,6/20/2024,1/25/2024,4/25/2024,8/11/2025,4/19/2023,9/22/2025,8/24/2023,7/30/2024,5/16/2024,10/3/2025,3/24/2023,1/23/2024,6/16/2023,5/10/2024,12/22/2023,1/23/2024,10/31/2023,1/23/2024,1/23/2024,10/31/2023,1/2/2025,1/2/2025,4/27/2023,3/31/2023,9/4/2025,9/4/2025,12/12/2023,5/22/2024,4/27/2023,9/4/2025,9/4/2025,9/10/2024,4/17/2023,7/21/2025,6/12/2023,9/4/2025,9/4/2025,2/10/2023,4/17/2023,10/17/2023,2/1/2024,1/23/2024,12/7/2023,3/26/2024,7/23/2025,1/23/2024,1/23/2024,3/26/2024,5/22/2024,6/2/2025,5/30/2024,12/20/2023,10/29/2024,12/20/2023,12/20/2023,5/23/2023,3/1/2024,3/7/2024,12/20/2023,4/25/2024
BEST single day $,6050,18845,26624,4939,10775,18809,8117,10833,26670,5738,10376,19908,9575,18867,45559,9233,22250,35981,8720,23607,58504,11950,23863,34037,8478,12028,19756,14255,23278,34444,6258,10874,28718,5885,17710,29040,5812,17170,29605,5455,11391,26347,9575,19350,52987,9233,22737,47796,8720,24749,62965,13830,41481,96074,8478,24973,180790,16155,38647,96403,13566,31150,12083,30228,28063,33017,11004,29126,23201,41506,21220,38372,22687,41409,30010,200202,19839,17879,30010,199492
  best day DATE,7/12/2024,3/22/2023,2/1/2023,2/28/2023,3/17/2023,5/28/2024,4/21/2025,7/28/2025,2/1/2023,4/16/2024,10/29/2025,5/7/2025,3/28/2024,9/20/2023,3/18/2025,7/31/2023,9/20/2023,5/6/2025,6/6/2024,10/29/2025,1/29/2025,3/28/2024,7/7/2025,1/29/2025,7/31/2023,5/31/2024,2/28/2025,9/11/2025,7/31/2023,2/9/2023,4/16/2024,10/29/2025,2/1/2023,5/14/2025,3/22/2023,2/1/2023,5/20/2024,3/22/2023,2/1/2023,10/18/2024,5/14/2025,5/7/2025,3/28/2024,6/20/2023,10/29/2025,7/31/2023,9/20/2023,6/12/2024,6/6/2024,10/29/2025,10/29/2025,9/11/2025,10/14/2024,12/26/2023,7/31/2023,5/20/2024,4/9/2025,9/11/2025,10/14/2024,12/26/2023,4/22/2025,2/1/2023,5/1/2025,2/7/2023,2/1/2023,2/1/2023,12/20/2024,2/7/2023,7/5/2023,11/14/2023,6/12/2024,2/1/2023,8/15/2025,1/29/2025,5/20/2024,4/9/2025,9/20/2023,6/6/2025,5/20/2024,4/9/2025
opens/day,10.13,13.73,17.09,9.31,11.99,13.92,10.32,13.99,17.15,9.98,10.67,15.16,11.91,13.72,14.94,13.28,15.49,18.47,16.48,21.65,24.33,15.68,19.01,17.34,16.1,9.55,5.69,17.08,17.36,19.52,9.97,11.96,17.96,9.43,12.17,15.62,9.64,12.33,15.72,10.14,11.89,15.58,12.59,15.5,18.94,14.15,17.76,21.57,16.81,23.25,30.97,18.92,23.18,32.6,17.61,23.19,28.44,17.64,20.83,29.79,16.69,18.6,13.65,14.57,16.84,18.67,12.66,14.56,15.29,15.91,18.26,19.09,28.46,26.82,22.97,17.77,13.05,6.19,22.94,18.51
NEG days,205/765,271/765,359/765,213/765,275/765,357/765,233/765,283/765,363/765,218/765,287/765,359/765,185/765,321/765,421/765,173/765,294/765,378/765,185/765,294/765,404/765,171/765,291/765,407/765,185/765,330/765,375/765,163/765,308/765,402/765,192/765,266/765,345/765,209/765,269/765,341/765,226/765,277/765,340/765,284/765,324/765,361/765,164/765,262/765,342/765,151/765,254/765,325/765,153/765,250/765,341/765,186/765,283/765,313/765,144/765,258/765,344/765,164/765,267/765,316/765,299/765,356/765,290/765,340/765,293/765,357/765,298/765,351/765,333/765,419/765,300/765,373/765,284/765,391/765,324/765,427/765,317/765,361/765,325/765,426/765
WIN %,73%,64%,53%,72%,64%,53%,69%,63%,52%,71%,62%,53%,76%,58%,45%,77%,61%,50%,76%,61%,47%,77%,62%,47%,76%,57%,51%,78%,60%,47%,75%,65%,55%,73%,65%,55%,70%,64%,55%,63%,58%,53%,78%,66%,55%,80%,67%,57%,80%,67%,55%,75%,63%,59%,81%,66%,55%,78%,65%,59%,61%,53%,62%,55%,62%,53%,61%,54%,56%,45%,61%,51%,63%,49%,58%,44%,58%,53%,57%,44%
AVG WIN day $,1228,2600,4762,1244,2616,4622,1394,2746,4774,1210,2360,4974,1462,4042,8575,1538,4003,8280,1914,4848,9674,1675,4668,7367,1686,2619,3325,1797,4375,8209,1199,2540,5438,1251,2681,5487,1336,2748,5467,1297,2521,5420,1479,4515,11909,1574,4347,9590,1912,5446,12251,1945,5345,17138,1810,5307,12705,1848,5311,17872,2784,4969,2624,4932,2746,5003,2502,4932,4389,8652,3752,7149,5139,8584,5336,9260,3220,3637,5315,9769
AVG LOSS day $,-545,-1651,-2994,-742,-1577,-2858,-853,-1763,-3056,-529,-1401,-3286,-982,-2722,-4854,-717,-2382,-4626,-1004,-2625,-5060,-640,-2929,-3629,-780,-1503,-2829,-766,-2191,-4539,-568,-1584,-4232,-777,-1672,-4381,-852,-1724,-4484,-849,-2041,-4591,-1113,-4362,-10316,-920,-3104,-7158,-1238,-3663,-8582,-846,-3584,-17092,-1106,-3599,-8735,-806,-3971,-17613,-1638,-3254,-1529,-3285,-1679,-3232,-1498,-3215,-2903,-5249,-2330,-3948,-3242,-4629,-3099,-4003,-2550,-3449,-3121,-4369
PAYOFF (win/loss),2.25,1.58,1.59,1.68,1.66,1.62,1.63,1.56,1.56,2.29,1.68,1.51,1.49,1.48,1.77,2.14,1.68,1.79,1.91,1.85,1.91,2.62,1.59,2.03,2.16,1.74,1.18,2.35,2,1.81,2.11,1.6,1.28,1.61,1.6,1.25,1.57,1.59,1.22,1.53,1.24,1.18,1.33,1.04,1.15,1.71,1.4,1.34,1.54,1.49,1.43,2.3,1.49,1,1.64,1.47,1.45,2.29,1.34,1.01,1.7,1.53,1.72,1.5,1.64,1.55,1.67,1.53,1.51,1.65,1.61,1.81,1.59,1.85,1.72,2.31,1.26,1.05,1.7,2.24
(context) true MAX DRAWDOWN $,-4542,-13675,-40303,-5479,-15795,-41188,-7102,-17137,-44267,-5505,-17101,-50693,-5798,-47588,-96834,-4110,-23534,-55078,-5925,-27695,-66858,-2965,-30853,-120357,-5843,-14380,-42975,-4530,-19698,-110688,-4599,-19595,-95890,-5260,-21698,-94298,-8106,-24678,-91711,-8735,-34975,-141255,-9916,-82020,-151280,-8194,-29015,-70381,-8941,-34996,-101438,-10068,-27250,-227465,-10588,-35683,-104700,-5395,-43121,-235346,-22457,-49207,-18857,-46861,-18440,-53205,-20083,-40656,-30438,-112874,-28773,-60093,-36199,-96434,-40422,-131764,-35559,-68281,-41301,-178431
maxDD 7-day $,-3560,-11714,-27581,-4930,-13650,-26989,-6840,-13910,-28068,-4440,-11657,-27505,-5638,-18194,-41416,-4105,-17684,-37314,-5925,-18395,-44824,-2965,-20898,-30288,-5224,-11871,-21422,-4530,-16768,-39074,-4290,-16421,-39290,-5260,-18191,-46998,-6621,-19476,-50518,-7635,-24416,-45030,-8760,-39645,-92928,-6393,-24541,-49274,-8941,-29701,-76248,-10068,-27250,-156544,-10588,-30103,-77100,-5395,-29501,-160710,-17158,-29655,-17206,-35683,-18440,-30306,-14760,-31078,-20559,-38008,-17991,-33887,-30072,-45786,-24921,-34612,-31299,-29769,-24921,-37735
maxDD 30-day $,-4542,-13675,-40303,-5479,-15795,-41188,-7102,-17137,-44267,-5505,-17101,-50693,-5798,-47588,-96834,-4110,-23534,-55078,-5925,-27695,-66858,-2965,-28288,-81523,-5843,-14380,-39868,-4530,-19698,-81839,-4599,-19595,-83399,-5260,-21698,-80431,-8106,-24678,-84424,-8735,-29135,-99544,-9916,-82020,-151280,-8194,-29015,-70381,-8941,-34996,-101438,-10068,-27250,-227465,-10588,-35683,-104700,-5395,-43121,-235346,-22457,-47470,-18857,-46861,-18440,-51835,-20083,-40656,-30438,-99980,-28773,-60093,-36199,-71572,-40422,-69221,-35559,-65076,-41301,-89814
ret / maxDD30,126.5,61.0,21.2,96.3,53.5,20.9,76.2,48.0,18.2,98.6,42.2,16.5,114.4,19.3,9.3,190.2,50.2,26.3,155.7,54.4,21.5,297.0,47.9,14.1,142.4,44.5,5.8,210.5,67.0,14.0,125.4,43.1,9.8,101.1,40.4,10.3,64.9,34.9,9.4,43.7,15.4,5.3,70.9,13.7,9.9,100.2,49.2,26.8,109.5,53.8,22.2,95.8,57.1,10.5,90.8,49.2,22.3,180.7,36.6,10.4,35.8,18.3,42.4,20.7,43.5,17.0,35.7,22.2,30.4,7.9,36.2,22.0,42.7,19.4,33.2,20.4,17.7,3.4,31.8,16.0
avg peak capital $,747,1541,3085,749,1544,3097,750,1549,3095,747,1486,3125,765,1575,3042,774,1590,3192,792,1639,3228,786,1623,3102,795,1451,2503,797,1601,3156,752,1546,3171,751,1543,3188,751,1551,3162,722,1468,3124,775,1622,3228,787,1626,3281,800,1676,3362,803,1652,3369,808,1679,3372,803,1656,3367,1587,2997,1565,2956,1562,2986,1522,2936,1567,2882,1615,3075,1707,3167,1656,2967,1507,2395,1651,3006
ret on capital (daily $/$),1.005,0.708,0.362,0.921,0.716,0.364,0.944,0.694,0.34,0.95,0.635,0.349,1.133,0.761,0.386,1.32,0.971,0.593,1.523,1.202,0.582,1.464,1.092,0.486,1.367,0.577,0.121,1.563,1.078,0.475,1.003,0.713,0.337,0.925,0.743,0.339,0.916,0.725,0.328,0.691,0.399,0.221,1.187,0.906,0.607,1.363,1.148,0.75,1.6,1.469,0.877,1.57,1.232,0.923,1.554,1.368,0.904,1.587,1.246,0.948,0.663,0.379,0.668,0.429,0.67,0.386,0.616,0.402,0.772,0.356,0.843,0.562,1.184,0.575,1.061,0.622,0.547,0.12,1.04,0.626
profitScore ($20-norm),1502,1091,558,1380,1105,563,1416,1075,526,1420,943,546,1734,1198,587,2044,1544,946,2412,1970,940,2302,1772,754,2174,837,152,2492,1726,750,1508,1103,535,1390,1147,541,1376,1125,519,998,585,345,1840,1469,979,2146,1867,1231,2560,2462,1475,2522,2035,1555,2512,2297,1524,2548,2064,1596,1052,568,1046,634,1047,577,937,591,1209,514,1362,865,2021,910,1757,923,825,144,1717,942
riskScore ($20-norm),-9084,-13675,-20151,-10958,-15795,-20594,-14204,-17137,-22133,-11010,-17101,-25346,-11596,-47588,-48417,-8220,-23534,-27539,-11850,-27695,-33429,-5930,-28288,-40761,-11686,-14380,-19934,-9060,-19698,-40919,-9198,-19595,-41699,-10520,-21698,-40215,-16212,-24678,-42212,-17470,-29135,-49772,-19832,-82020,-75640,-16388,-29015,-35190,-17882,-34996,-50719,-20136,-27250,-113732,-21176,-35683,-52350,-10790,-43121,-117673,-22457,-23735,-18857,-23430,-18440,-25917,-20083,-20328,-30438,-49990,-28773,-30046,-36199,-35786,-40422,-34610,-35559,-32538,-41301,-44907
GOV lossMax $,-1500,-4500,-6000,-2000,-4500,-6000,-2500,-4500,-6000,-2000,-3000,-7500,-2000,-4500,-7000,-1500,-4000,-7500,-2000,-4500,-7500,-1500,-6500,-6000,-1500,-3000,-6000,-2500,-4500,-7500,,,,,,,,,,,,,,,,,,,,,,,,,,,,,,,-7000,-7500,-4500,-7500,-4500,-7500,-3500,-7500,-4500,-7500,-4500,-7500,-7000,-7500,-6500,-7000,-7000,-6000,-6500,-7500
GOV worst floor HELD $,-1595,-5282,-7695,-1995,-5282,-7085,-2480,-5282,-7695,-2005,-3790,-8387,-2000,-4500,-8071,-1770,-4705,-9340,-2333,-5425,-9276,-1624,-6965,-7536,-2546,-3000,-5995,-2525,-5310,-9287,,,,,,,,,,,,,,,,,,,,,,,,,,,,,,,-6898,-9067,-5160,-8955,-4865,-9067,-4269,-8955,-4948,-8023,-5330,-10112,-7822,-10110,-7529,-7825,-6990,-6000,-7529,-9330
GOV days over cap,0,1,6,0,1,5,0,2,6,0,4,0,0,0,0,0,4,5,0,5,10,2,1,6,0,0,0,0,2,6,,,,,,,,,,,,,,,,,,,,,,,,,,,,,,,0,0,0,2,0,0,0,2,0,2,3,5,2,15,2,4,0,0,2,2
GOV covers deferred,54,67,509,20,104,458,9,120,480,8,328,198,25,495,2925,88,1316,3252,271,1769,8501,519,422,1359,192,0,0,120,744,1213,,,,,,,,,,,,,,,,,,,,,,,,,,,,,,,0,180,29,120,128,176,74,110,526,2186,699,1813,668,5207,525,1186,0,0,525,1088
GOV offsets bought,54,233,1315,9,206,1117,64,322,1351,1,301,1062,44,354,1161,17,272,1187,102,497,1661,15,404,1735,102,175,477,11,469,1975,,,,,,,,,,,,,,,,,,,,,,,,,,,,,,,57,909,185,800,319,924,210,811,254,853,217,780,294,1053,431,1448,29,294,427,1483
GOV offset spend $,17496,75653,531747,2370,78793,485298,17525,114073,560939,221,110088,447521,11217,113879,453274,8574,115731,511365,27404,168577,658563,9642,142284,785567,33751,65310,213325,5702,166256,898077,,,,,,,,,,,,,,,,,,,,,,,,,,,,,,,15074,336925,55129,320028,92543,348034,70319,323359,76855,313524,67973,309137,88443,412922,141524,599016,9742,129844,140053,600945
GOV opens blocked,284,211,1651,124,299,1956,48,240,1719,41,1315,962,840,2296,4657,956,2126,3138,914,2282,4354,2702,2969,17750,1469,3019,3328,847,5588,15303,,,,,,,,,,,,,,,,,,,,,,,,,,,,,,,11,958,486,1467,295,974,1259,1458,2150,3890,1486,2511,721,3425,4535,16304,528,3827,4554,15095
WING conversions,170,1001,1523,213,997,1525,428,1151,1600,133,677,1666,162,1063,1761,146,1004,1806,286,1261,1781,207,1256,1698,238,712,1210,222,1072,1896,98,927,2149,218,1090,2258,359,1199,2327,204,880,2250,152,1349,2697,162,1217,2400,213,1452,2609,489,1548,2872,216,1409,2532,236,1416,2883,1101,1424,869,1446,1150,1463,711,1420,877,1532,926,1505,1362,1643,1130,1474,938,1178,1118,1524
WING spend $,34717,218610,363048,42009,218601,369601,81897,247606,374757,27200,148619,410744,32459,256300,486205,29501,236490,497490,58151,301031,480926,41337,307491,436430,48710,159490,300568,44865,259815,513611,20028,203384,551047,42781,237815,583695,68720,262350,597969,41438,194073,599961,31524,342853,893691,32719,295712,722347,46196,363742,818282,101160,391361,965465,45071,354766,804270,48397,363084,959198,246734,369307,189354,376919,247091,377602,152714,368418,218671,435276,222149,413146,334244,451088,276159,422886,215460,296631,272979,436718
WING days active,128,482,526,167,476,508,283,493,524,119,376,533,135,458,530,124,457,535,198,519,546,160,488,506,185,382,474,166,459,522,88,476,635,173,509,640,255,524,645,160,449,628,135,568,692,138,530,638,172,570,681,278,560,680,176,559,676,176,538,677,491,521,443,508,479,525,406,506,406,479,418,501,509,527,441,465,450,449,437,471

DATE,v0-10,v0-20,v0-40,v1-10,v1-20,v1-40,v2-10,v2-20,v2-40,v3-10,v3-20,v3-40,v4-10,v4-20,v4-40,v5-10,v5-20,v5-40,v6-10,v6-20,v6-40,v7-10,v7-20,v7-40,v8-10,v8-20,v8-40,v9-10,v9-20,v9-40,v0-10-unc,v0-20-unc,v0-40-unc,v1-10-unc,v1-20-unc,v1-40-unc,v2-10-unc,v2-20-unc,v2-40-unc,v3-10-unc,v3-20-unc,v3-40-unc,v4-10-unc,v4-20-unc,v4-40-unc,v5-10-unc,v5-20-unc,v5-40-unc,v6-10-unc,v6-20-unc,v6-40-unc,v7-10-unc,v7-20-unc,v7-40-unc,v8-10-unc,v8-20-unc,v8-40-unc,v9-10-unc,v9-20-unc,v9-40-unc,v0-20-cATM,v0-40-cATM,v1-20-cATM,v1-40-cATM,v2-20-cATM,v2-40-cATM,v3-20-cATM,v3-40-cATM,v4-20-cATM,v4-40-cATM,v5-20-cATM,v5-40-cATM,v6-20-cATM,v6-40-cATM,v7-20-cATM,v7-40-cATM,v8-20-cATM,v8-40-cATM,v9-20-cATM,v9-40-cATM
12/27/2022,-1055,-1895,-3860,-1055,-1895,-3860,-1055,-1895,-3860,-1055,-1895,-6090,225,1865,2283,-10,546,2283,80,1865,2283,-25,856,2060,-10,339,223,-25,761,2283,-1055,-1895,-6090,-1055,-1895,-6090,-1055,-1895,-6090,-1055,-3405,-6090,225,2446,5011,225,2446,5011,80,2446,5011,-25,856,5011,220,2411,5011,-25,856,5011,-2040,-6278,-446,-6278,-446,-6278,-862,-6278,5766,9159,5566,10651,5356,9309,-2200,-2220,3286,909,-2200,-3004
12/28/2022,860,1147,-1692,1500,1883,2793,262,2086,-2454,465,1525,2702,257,-3564,-6954,172,-2081,-6357,-652,-3969,-7485,-190,2278,-1961,572,-2353,-4610,214,2550,3773,925,1979,6499,1500,1883,7476,1375,3574,7043,1529,1895,5318,495,-3856,-6102,494,-1042,567,1334,-662,3271,-787,1628,8534,849,-1712,4351,214,2698,9657,5206,9906,7290,10949,6367,3167,6157,10949,-3619,-7193,4824,-2772,-3059,-2334,2123,-6910,923,-4430,2123,3112
12/29/2022,1613,1290,1238,1100,1290,-151,500,1290,1238,2505,15,-3781,-310,4620,1648,1798,9260,6918,1180,13294,11128,1138,9502,992,-290,-2525,-1859,410,7045,1120,1940,1290,-1169,1100,1290,-3781,500,1290,-3781,3210,3390,-3419,505,9131,6497,2308,12855,7198,1855,16740,12118,410,9122,2179,1660,16740,15866,410,9502,2183,378,-3436,-960,-5728,378,-3436,-165,-5728,1900,494,8195,-2990,5601,4463,3535,6866,-2856,-1170,3535,8265
12/30/2022,25,-761,-5748,702,-245,-5898,672,-1905,-5748,75,1581,-7293,565,615,-2573,1135,2846,-4493,830,4426,-3079,1034,7281,-4865,405,-1710,344,1254,112,-6625,25,560,-11523,702,105,-11523,672,-302,-11523,-140,330,-7365,565,9592,1263,1135,3276,-6716,1060,5973,-3633,1254,-3927,-22039,495,5758,-4083,1254,5706,-21039,-1038,-3760,-541,-4855,-1038,-3760,244,-4855,765,429,-390,1976,-2717,-3296,935,-5154,-813,2590,935,-7462
1/3/2023,911,2275,-5206,585,535,-5528,1436,773,-352,-285,-1802,-2262,2336,1490,-4051,170,4343,-4366,245,2814,-4976,1362,-5023,-4813,395,-1331,930,600,2573,-4333,500,325,-1877,585,535,-1324,938,863,-1514,-660,-237,-1266,1010,4342,4478,500,4343,-927,245,3981,-6543,2314,1181,-23524,395,5061,-6611,600,767,-23746,326,-1866,-280,-3451,325,-1866,-380,-3451,1868,-2911,3490,-3040,6102,-4706,-5696,-5987,496,-550,-5696,2173
1/4/2023,1630,3456,12825,3412,4466,13402,2477,4895,14933,1030,212,15074,845,6653,7189,1875,7361,131,950,7493,3899,1080,7696,20972,345,4201,4911,1030,4857,19347,1630,1421,16232,3412,4466,19657,2477,5344,19210,1160,512,16082,845,6653,10526,1875,6361,-4352,900,8115,2009,1030,4860,-7358,695,2451,2352,1030,6391,-9744,4936,14627,5345,13272,4957,13535,2945,14258,6480,8750,518,-626,3709,9502,1693,5736,1086,5637,1344,8079
1/5/2023,1709,1508,6868,1370,1265,9408,1454,1294,6713,1752,1556,9408,1040,2880,8859,765,2369,9154,710,4346,10979,870,1161,7015,720,719,1693,920,-607,4801,1709,848,10232,1370,881,10232,1265,939,10291,1682,-586,9762,1040,2880,6091,765,3158,6853,710,4270,12003,920,-1962,2887,720,4270,12003,920,-1962,4597,3781,10151,4179,9348,4297,10151,1454,9348,4554,6121,5705,2375,4183,8742,6776,2233,1579,4060,6776,3175
1/6/2023,-1494,-293,1590,55,1250,2774,-2387,988,-1173,220,-2350,2609,-1865,-2657,-6980,-1100,-3990,-7265,-1567,-4457,-2936,470,-2248,-2302,-414,-2405,-5960,805,-2845,4359,220,1250,1697,55,1250,3385,-555,1250,3329,-220,2360,1635,-980,-7590,-8755,-505,-3305,-4860,-130,-8010,-442,31,-767,-127,250,-8010,-227,845,-1612,303,1598,2841,2920,3958,-1250,2841,2215,3988,-3965,-7160,-745,-4322,-603,3012,-6180,-996,-6800,-4645,-6180,7469
1/9/2023,580,2564,366,535,2564,-509,540,2459,-743,595,2459,-4118,-1638,-3415,-5403,-990,-3290,-7492,-1071,-4409,-2190,295,-788,341,-769,-1815,3092,195,-1849,-529,580,2564,-1046,535,2564,-509,540,2459,-703,625,1760,-4014,-970,-4816,-12312,-455,-5850,-13977,-830,-5985,-7532,618,-1493,-2840,-565,-5985,-18533,-555,-788,-302,169,1715,125,2795,799,3199,-300,312,-3521,-7263,-3965,-7413,-6936,-6188,1076,5573,-2065,4046,1076,4990
1/10/2023,-165,-3415,4028,-235,-1600,-309,-870,-3415,4028,-165,-632,-6694,-355,-1382,-2728,-530,793,1027,797,1950,4273,10,1825,6538,-280,758,4647,10,1825,10441,-165,-2060,2709,-235,-2060,-904,-870,-2060,-904,-755,-1960,-4088,-355,-378,-5569,-445,793,1523,336,1950,4924,244,1977,36786,787,1565,8173,10,1825,39951,-1178,-202,1180,-4589,-1318,-202,130,-4589,-826,-853,2463,6844,1629,2727,10298,7140,-221,1169,9973,8535
1/11/2023,-1060,-2563,-4656,-1800,-2870,-2919,-2070,-2563,-4656,-1660,-2830,-2286,-1055,-4055,-6902,-630,-2991,-5699,-380,-3712,-5357,130,2736,2053,-560,-1051,1985,130,2284,14093,-2110,-2115,-3107,-2250,-2115,-1335,-2070,-2115,-1335,-1305,-3190,-4237,-1055,-10390,-25525,-630,-6116,-10486,-380,-7605,-7524,130,71,7320,-560,-6517,-7989,130,1857,7851,-1384,323,-811,2152,-1715,323,-1411,2192,-4395,-6732,-3001,-1054,-5920,-6081,3653,16343,-3063,-1407,3648,6517
1/12/2023,175,1807,-4650,250,2083,-4650,2300,2614,-4650,175,879,-2544,1065,4105,4351,1130,3031,3619,520,4117,-859,-105,-2811,-5885,880,2868,-2227,-110,-1847,-5885,175,2279,-5187,250,2279,-4310,2300,3067,-4310,615,-235,-4095,1065,4105,9690,1130,3031,3122,520,4030,-2174,-105,-2686,-20358,880,3840,-3121,-110,-3086,-20941,739,-298,1025,-1612,2426,-298,2310,-1612,7422,15733,2260,7286,3437,7718,-4024,-348,763,-927,-4024,-2533
1/13/2023,-485,-139,-5205,-755,109,-5828,-775,691,-5205,-1160,-161,-2619,-1470,-3868,-6201,-485,-1208,-4631,-1955,-2900,-7378,180,1125,10797,-1475,257,-874,280,1125,13312,-485,109,-4397,-755,109,-2292,-775,-122,-2292,-835,-1242,-3718,-2000,-6912,-13999,-485,-1208,-3684,-2980,-5815,-12156,280,1125,25440,-1890,-5815,-12156,280,1125,26119,-620,2498,-409,3681,-814,2498,-1763,3161,-3934,-6833,1171,-5,1775,-3246,1067,13024,-4920,2171,1067,17865
1/16/2023,-1110,-1510,-1994,-635,-1510,-48,-635,-870,-1994,-640,-1460,3155,-320,-3895,-5950,-955,-2120,-6825,-1595,-3795,-6120,-1405,-2770,-4070,-1015,-1890,834,-2035,-2440,-4070,-640,-1510,2673,-635,-1510,2673,-635,-870,2673,-640,-2660,2673,-320,-3895,-6700,-955,-2120,-9460,-3245,-2975,-10390,-3685,76,-15365,-3245,-2975,-10390,-3685,1750,-16965,-1441,-2800,-1110,-4540,-1441,-2800,-1110,-4540,-4055,-4755,-2235,-6615,-3615,-6765,-3765,-5455,-465,4167,-3765,-5115
1/17/2023,338,1888,-5816,1135,2325,-5816,353,808,-5816,-260,3425,-5411,545,8429,7212,234,3824,6068,3043,11142,5754,1070,-3228,-1805,2905,4702,563,1070,-3685,-810,-260,925,-6258,1135,925,-9750,470,-155,-9750,-125,2775,-7580,545,6539,9961,444,3824,6068,3370,14037,6488,1070,-1982,-8294,3300,15494,9733,1070,-1613,-5485,-263,-5604,-1643,-6386,-643,-5604,-2875,-6386,-2115,5199,-751,9118,2535,439,-5369,-1151,5982,3840,-5369,-595
1/18/2023,591,-1830,-2838,336,-980,-27,1482,-1780,-3326,220,-980,945,-440,-4390,-6922,-135,-1875,-7145,-85,-3905,-7310,-110,3522,-5989,-1360,-2570,-883,695,3542,-6699,591,-980,-677,336,-980,869,1950,-170,955,456,195,805,50,-2930,-17618,70,-659,-6800,250,-785,-14708,-190,1477,17165,-395,-785,-12375,630,3492,18974,-2754,980,-1069,-808,-2171,-2482,-1264,-808,-3755,-7465,-1895,-4323,-2555,-6681,1649,-6634,-1543,65,1649,-7494
1/19/2023,-530,3520,-2421,-500,3635,-3215,-340,3276,-2421,-530,1898,2068,2505,3839,5656,3550,2610,-6925,2221,5455,-2508,4575,5367,-2660,2105,770,1846,4575,5367,-2195,-530,2371,2746,-500,3635,992,-340,2410,992,505,3885,4844,2665,3661,16893,3550,1385,-2520,2521,3176,6375,4575,5890,-11501,2200,2991,4570,4575,5367,-20022,3595,6294,312,6550,3592,6294,794,10272,3941,3207,2178,-175,3840,-4832,6838,-4484,3317,3712,6838,-4637
1/20/2023,-1381,-4275,-1717,-1285,-3495,-824,-1531,-4275,-1717,-1215,-2233,-299,-1885,-4465,-6220,-1280,-4000,-7316,-1990,-4497,-7499,350,4605,21070,-1470,-2335,332,350,4576,6147,-1175,-2568,-1020,-1285,-2568,-165,-1325,-2568,-165,-1555,-2653,-3914,-2815,-11710,-25945,-1690,-4990,-10741,-3370,-6870,-16287,350,6188,1097,-2340,-6870,-16922,350,6631,1540,-1951,1912,-178,2630,-1707,1912,-1247,2412,-3840,-6407,-2230,-4535,-3460,-6492,6771,22065,-6780,-1078,6766,23180
1/23/2023,1305,4721,7231,615,4131,7400,680,5781,5845,1365,5391,5214,885,1615,4621,2325,5993,9823,5453,7111,11891,50,-3650,-3557,5130,-2475,-4515,50,-1995,-5362,1305,4156,5598,615,4131,2110,680,3913,3149,2010,4980,2323,1220,4164,23647,2325,8164,10027,5453,7760,11049,50,-4202,-31103,5210,7615,10584,50,-3650,-33930,4775,3387,2541,1352,3972,3387,3004,1352,3760,2215,3770,12844,10229,16484,-3932,-550,6931,-1340,-3932,-550
1/24/2023,3095,4929,4081,3505,4530,350,1105,5036,501,3405,3931,2909,955,10134,20938,1430,9008,23338,2340,13362,26587,3055,8273,-4253,2640,6798,6600,2955,7756,-3075,3095,4363,3144,3505,4530,1079,1105,5090,-237,1380,3612,8542,955,13486,34478,1430,9008,24885,2340,13362,25903,2955,10769,1149,2640,13362,25921,2955,10769,3199,4135,1549,2572,-608,4929,2851,1581,-608,14406,14091,10997,19521,17903,18364,2798,2202,7371,5318,2798,743
1/25/2023,-530,-4062,2625,-1080,-3282,7167,-945,-2370,5789,-530,-1246,5625,-1185,-3807,-3781,-465,-3645,-6164,-217,-2610,-6640,-405,-6480,-3891,-660,-2054,-1096,-405,-4360,-3714,-445,-2610,4523,-990,-2340,7020,-945,-487,7116,558,-3545,1633,510,-1224,-10886,490,-3480,-12330,585,-113,-10962,-405,-8378,-28125,1035,812,-11687,-405,-8555,-26556,-629,3438,954,4406,-1244,4112,844,3837,-2095,-6320,-2615,-6804,-3378,-5516,-6415,-6945,-1577,-576,-6415,-7405
1/26/2023,-820,451,992,-400,804,2730,-220,451,678,-1330,1014,2730,-1540,-4214,-4646,-1140,-2200,-5626,-1690,-2024,-726,-30,-3727,2147,-1210,566,-453,-30,1030,4539,-820,804,1373,-400,804,2730,-220,804,2660,-1330,1039,2109,-2090,-4214,-6258,-1690,-2200,-6664,-2875,-1847,3120,-30,-3056,-4763,-2345,-1847,-1457,-30,-2122,-4193,1523,1420,2125,1952,1523,1355,1175,1952,-3907,-7180,-954,-1249,1354,1568,1359,16301,-140,4004,1359,15053
1/27/2023,925,2280,-357,940,844,1128,918,2210,3777,975,1640,-2950,1175,-868,2394,4230,6700,5794,4905,4046,10893,4245,-55,-2301,5395,-2970,1584,6445,-190,-4827,925,-720,-4044,940,-720,-4399,918,1889,-3084,735,495,-5800,1830,2386,5174,4620,6097,4983,4905,5936,10866,5653,-55,14207,4980,5851,7066,6200,-55,8673,121,5242,-1010,5412,51,5362,-1925,4233,546,-7225,3930,5836,6827,15774,13625,-4226,3885,-845,13625,-1439
1/30/2023,820,-1145,-5958,1010,-1285,1514,-622,-1534,-5958,820,-85,-2586,-100,1009,-6987,485,2633,-4343,363,-3713,-5472,-15,9288,21476,108,520,-2934,-15,236,19048,820,-25,-1538,1010,-25,619,575,5,619,-325,-1230,-1195,-100,-1846,-13720,485,2633,-5589,572,-1696,-11622,-15,175,8047,475,-2708,-8057,-15,2542,11191,-1345,-2358,6,1654,-1345,-2358,6,1654,-706,-6795,4967,149,4677,-1502,11914,4969,1191,-2924,11914,5324
1/31/2023,5,-2302,-1866,-160,-2302,-1866,-75,-2262,-1866,88,-2302,-3284,935,189,3210,4696,2539,-1727,2224,2039,-1543,390,5969,9856,4571,630,-3159,490,2046,12241,5,-2302,-3284,-160,-2302,-3284,-75,-2262,-3284,53,-2857,-3874,935,-2381,-14966,4696,1579,-4372,2224,795,-8058,111,4143,32185,4691,1790,-9578,1450,5709,33560,1558,-1431,-1730,455,1558,-1431,-1630,455,-618,2939,1031,3872,4815,7030,-1303,-360,3338,-2321,-1303,-360
2/1/2023,335,1721,26624,360,2190,7996,139,2175,26670,765,1400,6305,405,6155,7489,100,6980,32729,1150,6487,34088,-260,6416,12778,880,2560,1217,210,6759,11075,335,2310,28718,360,1990,29040,495,2540,29605,675,4315,8144,405,6155,8620,140,6980,33439,1150,6487,32349,-260,6416,34973,885,5607,32329,210,5496,34513,1288,31150,2601,12581,28063,33017,3701,12381,4540,7397,4932,38372,4165,38403,8259,43295,2195,751,7314,40471
2/2/2023,1697,822,11753,670,1518,10321,1609,1691,10153,300,2151,9603,1520,600,1789,2355,6080,11337,2485,2858,22624,1860,2629,4197,1950,1915,-3153,1765,6067,25173,300,782,13347,670,1518,14571,1609,1378,14251,525,207,9505,1740,7770,26421,2355,5725,24231,2485,7970,37338,6575,2836,49819,1960,7970,38519,1765,5040,50422,6130,13488,6008,13320,2091,13986,1591,8988,3396,13351,4539,25285,12583,36383,-1990,4807,8350,357,-1990,2305
2/3/2023,184,875,1947,-175,1090,3875,-514,54,3845,-185,-2185,-3515,-30,-2661,-6126,70,-1098,-7105,290,-4108,-1185,175,1091,-5123,260,-1979,-1353,325,1091,-6588,-185,865,-431,-175,1090,1770,-325,905,2075,-275,1306,1502,-30,-3470,-9322,70,-1689,-6288,290,473,2556,-75,-891,6,260,-1715,-1935,325,1091,-2763,-8,2026,350,1792,-436,1650,715,1932,-157,-5834,749,-450,-1672,-5072,6227,2687,-2090,-175,6327,-3980
2/6/2023,1475,3573,5579,835,985,3441,2004,1142,2940,896,1631,3994,595,6149,8425,1649,8699,8004,468,11466,2557,1418,1550,-3214,438,6331,5319,1610,2561,-4039,1475,2531,6875,835,985,-1204,880,-170,-1204,980,-1135,-1588,595,7394,11925,1649,10449,8350,468,8896,1318,2848,6576,-3884,438,8391,-1432,1610,4258,-8659,-240,-3404,-714,953,-583,2009,354,-843,5408,15412,11828,12131,9525,7364,1086,-4319,3392,13265,1086,568
2/7/2023,1260,4081,18619,315,3336,8725,11,3422,12663,930,3065,8370,1090,771,4895,250,855,2401,300,2600,28613,626,5625,23122,420,-1745,1872,1021,4780,26162,1260,4081,4752,315,3336,7775,530,3481,5220,1195,4211,21660,1340,1256,7743,970,2700,7970,1620,3520,22077,776,5801,45284,1370,2500,27639,1096,7605,45513,1657,27440,2815,30228,4002,17857,3181,29126,1318,9972,3790,16460,6278,29346,11299,12832,318,1964,10402,8687
2/8/2023,-870,2427,-2194,-895,2827,-3748,131,1020,-1178,-870,2494,-3903,-330,-657,-5070,900,6129,11885,-49,7982,1369,2920,11299,8072,70,-2455,-4800,2875,11596,4874,-870,3385,-2639,-895,3405,-3467,1010,2205,-3467,-510,2158,-3617,-330,-645,-8823,1000,7473,13181,70,10166,4310,-311,9309,25552,-115,10166,7296,690,9925,28710,1663,-216,1389,-4126,1913,-216,1389,-4126,-665,-7185,10774,4894,9178,-1304,15232,11410,1255,-4800,15227,31400
2/9/2023,1215,1941,1227,740,3010,1227,542,614,1227,90,1215,1550,-1395,-4290,-6335,560,529,-54,-669,-3857,-6923,760,-2121,32963,-35,-363,-1638,1050,10719,34444,1215,3175,1853,740,3010,2260,840,2877,2260,50,535,571,-1445,-6800,-24025,560,529,-4826,290,1205,-10810,1050,-2432,12861,90,375,-11975,1050,-2121,14423,-310,2349,460,3739,460,2349,110,2215,-3665,-5557,-2485,-1620,-3930,-5285,466,746,481,-2111,466,1776
2/10/2023,2734,4169,5285,-620,2838,243,130,3596,3738,490,195,4713,285,2357,9974,640,3419,5834,-1750,3353,-143,-1025,83,-1025,-1145,3574,3759,1380,-2471,-7475,400,4055,6321,-620,2838,4989,130,2836,-308,398,3028,3639,285,2357,13617,1220,2249,4542,-1305,2638,-1432,-510,-9478,-28688,-910,2079,-398,-4920,-14957,-30535,1925,8638,-134,6207,1971,8638,-34,4777,2566,10673,4464,2952,3597,3400,-58,-2156,1281,1542,-668,-3430
2/13/2023,1405,802,3394,1796,-350,4328,1796,802,2190,1480,-410,1686,-1570,-2829,-4252,1180,2199,14097,-1460,-942,2800,-610,3935,-2337,-1420,1805,10,60,3935,-4837,2145,-350,5678,1796,-350,4369,1796,-350,4743,2041,770,8019,860,10680,16941,2260,11967,16900,2713,12649,18403,60,3388,-16145,4556,12649,19676,60,3935,-16369,1887,360,-1259,1194,754,360,-9,-1216,-300,-21,7331,8127,13627,12847,-270,-1627,1357,2463,-270,-1024
2/14/2023,350,4348,-2444,365,5149,-2662,1079,3571,-3328,595,3808,-828,1116,1274,-1780,-135,5734,12610,340,1898,1449,175,6342,10673,-410,2544,2883,175,5680,20530,350,4682,-2053,365,5149,-80,1190,6373,-345,710,2086,-181,25,1274,-2669,-135,5734,12610,340,1534,1913,175,4151,27191,-380,1110,11508,175,6342,24888,2329,-2386,4379,-1645,-496,-2496,4464,-1645,3745,1797,8700,11904,10870,18062,13216,30892,6596,17302,13001,30892
2/15/2023,-1185,-1185,-1087,-1780,-526,359,-1780,-1185,366,-985,-991,2995,-1430,-4487,-4351,-1095,-3945,-5569,-1330,-3500,-7406,290,7173,1764,-1295,-2370,-2341,290,5702,2899,-985,566,434,-1780,566,2963,-1780,566,3931,-1135,377,-778,-980,-2128,-9068,-1395,38,-8070,-880,927,-4290,-323,5093,18563,-845,-438,-4159,290,6074,18871,1209,3854,1766,2342,1259,4055,921,2342,-1559,-3685,1669,2661,2479,2067,4791,2268,-2888,-2072,3516,2927
2/16/2023,1390,68,800,1195,1463,104,1786,437,1524,2435,3522,1098,1096,-1673,-2744,1225,845,2389,1730,314,-7255,1359,-2181,8098,1505,1295,8939,945,-291,5582,1390,1095,1,1195,1463,1346,1862,1463,1916,2390,2008,2616,1096,-1130,-6688,1250,669,-12797,1730,-345,-14330,1928,-4020,-47612,1505,-750,-11123,945,-5016,-46675,-3875,-643,-2395,2874,-1333,-1517,-1910,504,-1285,-6538,940,1051,-3657,2996,-5474,-5326,2019,5051,-5474,135
2/17/2023,-215,-2675,1088,-1420,66,1855,-1048,-1531,3603,-145,-467,968,-1945,-2959,-3339,-1385,-1981,-380,-497,-2644,-5454,-1455,5855,-1011,-672,4379,4169,-1455,-4411,-7477,-160,-1572,176,-1420,-1079,1855,-1435,-589,1869,-342,-221,-373,-813,-3046,-4584,-1820,-1981,-5165,-1510,-2274,-6835,-1455,6495,-16952,-1675,-2274,-9259,-1455,6678,-16190,-494,-1044,301,2049,-447,1553,547,959,-3412,-6279,-2547,-7352,2255,-916,-2830,-3133,27,1986,-2830,-5664
2/20/2023,-605,1327,3721,395,1227,3721,395,1227,3721,-1005,499,4838,-85,-390,-155,-55,1914,5258,1295,2829,6062,-65,3479,2789,-70,-2110,-3315,-65,1869,3384,-1005,1327,5157,395,1227,5157,395,1227,5157,-470,1102,5157,-85,-390,-320,-55,2789,5908,1745,2829,6712,-65,16718,33183,-60,2829,6712,-65,16718,33183,-1775,-1733,-1775,-1680,-1775,-1733,-1775,-1680,-1195,-2485,-2170,-725,-3174,357,365,-2825,-3010,-4155,365,-1825
2/21/2023,-531,1315,519,1703,3357,1855,-133,1280,519,1370,2999,7245,344,-4423,-6780,660,-3705,-7200,-774,-4455,-7465,3822,5109,12863,654,-2278,-4625,1930,2639,14656,1320,3308,5686,1703,3328,7505,1733,3293,7505,1926,955,4000,344,-9929,-29710,660,-3179,-7489,1335,-3659,-20006,1206,3300,726,865,-3559,-20043,1930,5030,3492,2399,5185,3748,6958,2366,5185,3257,6958,-4405,-7497,-347,-4629,-6810,-7464,3008,28369,-2374,-4415,3003,24073
2/22/2023,250,2229,-569,505,2697,673,505,2759,-569,-120,3272,1014,-300,3999,7757,-120,5020,11138,-250,1560,3386,-170,10932,4515,-170,1206,105,-270,2673,5069,250,2732,8610,505,2697,4794,505,1702,4794,485,1192,-1383,-5,5394,16418,-95,6447,13588,50,4440,13339,-270,20301,6084,-5,2675,13985,-270,20530,5545,1901,336,1269,-2297,1901,336,838,-2297,4288,14408,4777,9823,4714,543,8940,-152,2439,-186,8900,315
2/23/2023,380,1630,4925,410,1630,4925,410,1475,4785,380,1429,5286,-218,288,10918,-1310,857,10516,268,3622,2642,-285,-5861,-215,203,-192,7660,-285,-3566,-5265,380,1630,5017,410,1630,5246,410,1475,5106,325,893,5402,-1480,329,7909,-2240,-1769,405,268,1642,-7964,-285,-3634,-3489,203,932,-7030,-285,-4405,-2408,988,2380,3363,1394,1227,2215,1012,272,963,17230,-2700,10447,-2980,12238,-2826,-5140,1682,8644,-2826,-5578
2/24/2023,4310,4547,5124,1775,6317,3930,1349,5752,2489,2163,5680,-1099,4326,8041,15624,4486,3115,2041,3876,1989,-2607,4631,-1521,-2674,4156,4293,10645,4631,-1453,-4845,2243,7160,-3868,1775,6317,-3868,2084,6317,-6503,2795,7912,-5078,4326,8208,21927,4486,5328,5350,3876,1682,6569,4631,-4749,-27156,4251,1442,8116,4631,-6327,-27242,2529,-2347,3591,-1467,2729,-2347,1217,-1467,1397,8475,-854,-709,-235,1088,-6020,-4394,961,4177,-6020,-7145
2/27/2023,80,-2147,1962,790,3706,4378,-1141,-1574,754,80,1626,3703,845,-460,-136,640,424,-3407,-566,-2759,-3948,-1504,-925,-4750,-676,1025,-4715,-345,-2075,-3857,275,588,5130,475,296,5974,450,274,6014,-140,-566,13804,845,2590,8508,795,1205,5485,360,-675,6233,-2615,4936,3905,250,-1300,7786,-240,6982,4843,1761,-1045,1960,-524,1761,-1045,2736,-524,1763,6725,498,-1633,916,-1271,5603,-6985,4020,-2022,5603,-3395
2/28/2023,4725,8398,1364,4939,7018,1463,5510,6403,-524,4685,8887,-2735,1747,13326,15120,1898,18743,11704,2217,10548,10002,1312,6536,3517,1777,9854,7718,1312,5939,3312,4880,5849,-1608,5324,3804,-2215,5610,3804,-2240,4049,685,-2705,1967,18912,29104,1948,15332,14912,2247,8564,17291,1312,-2205,-38374,1452,8564,17291,1312,-5368,-39219,-2259,2027,1883,-1795,-3399,2027,4583,-1795,9870,4553,7119,-104,3092,3509,1350,-6756,4276,8383,1350,-6526
3/1/2023,-689,-189,326,-1190,-1133,-885,238,2386,326,-1185,-2236,-1547,2110,4254,1387,2730,6914,20685,2235,6664,11647,3892,616,15520,2210,2203,421,3882,616,11442,-1185,84,734,-1190,84,-2251,-698,2789,-2251,-1560,-2541,-1582,2110,4569,11689,2730,6914,21280,2950,8912,13139,3979,616,10949,2330,8907,15164,3882,616,11442,2916,-3897,-80,-5304,2835,-3897,-820,-5304,5290,9434,1638,14087,6258,6936,9698,22338,5088,-389,9698,22338
3/2/2023,-1350,-2146,973,-1420,-1332,-1684,-1370,-2504,2233,-1125,-2165,1450,-1980,-4330,-6934,-1165,-3955,-7475,-1665,-4260,-7364,-325,2900,21445,-1325,-2340,-4655,85,3347,19458,-1350,-840,973,-1420,-910,2820,-1370,-1035,3440,-1030,70,1815,-2355,-9956,-22711,-2000,-6025,-6195,-1665,-5397,-17815,-160,3794,47991,-1070,-5567,-18325,85,4383,47031,678,4820,1275,6657,483,5359,595,6629,-3842,-7495,-1500,-2794,-4806,-7497,2084,28096,-6895,-5205,1914,37163
3/3/2023,95,1343,3347,140,1799,3353,140,1343,3347,110,1690,5728,-810,-3819,-6955,1370,-3032,-2183,-1985,-4306,-4790,-100,1970,11102,-1439,-1557,-5141,-100,1680,11685,95,1799,7423,140,1799,7423,140,1799,7423,455,1964,3218,255,-6271,-15247,1370,-2472,-2151,805,-3073,-6108,-286,1832,25077,620,-3073,-3471,-100,2153,25864,1666,4567,2961,6973,1479,4567,2401,6973,-4283,-7398,75,1024,-2906,-1822,1435,18731,-2670,-4670,1435,18919
3/6/2023,-510,-276,-170,-505,51,-70,-475,-25,-1091,-510,27,-619,-845,-3588,-6992,-1495,-3853,-7368,-1650,-3459,-7265,-1380,-4310,-1828,782,-119,-19,-1148,-3060,-3924,-510,295,-220,-505,51,-120,-475,165,-355,-310,-3680,-865,-845,-5909,-13323,-1535,-4998,-19160,-1755,-6380,-20898,240,-4265,-3924,-2010,-6503,-22580,-675,-3655,-3924,-395,2465,-395,3198,-395,2465,-395,3183,-4490,-7232,-5000,-7937,-6469,-6665,-461,-6255,-6830,1570,-461,-6375
3/7/2023,-550,-3684,-5359,-745,-3065,-5352,192,-3549,-4639,-550,-1920,-5332,45,1471,-4957,390,234,-755,-79,4540,1486,-240,2995,2636,-804,226,-5675,-420,-842,6298,-550,-2840,-5814,-745,-3065,-5004,240,-2895,-5004,-1030,-3030,-5837,45,1558,150,560,-124,3599,470,5459,1890,-932,1297,3574,175,5064,2728,-325,3407,6280,-5124,-5705,-3605,-5172,-3884,-5705,-2365,-5172,3000,4842,6161,4230,5401,4650,1030,-2025,3325,-5410,1030,-2025
3/8/2023,1145,696,328,1135,860,-1180,751,2040,-2099,614,-1305,-5624,4562,5613,7022,4322,4039,12559,3717,6581,12105,2752,3889,-2982,3522,5613,4738,2192,1282,1062,1145,864,1453,1135,860,-5315,751,1405,994,570,1079,3285,4562,5613,11002,4322,4039,11358,3817,6581,10145,-793,-7442,-8920,3887,6951,9349,-1473,-5901,-8524,-2674,804,-1932,5950,-1386,2625,-802,1551,9759,14058,7269,19634,7418,10450,-3105,-5290,4244,6489,-3105,-3403
3/9/2023,-86,-152,-4614,10,-152,-4614,5,-152,-4614,-250,-25,-6562,-1265,-3615,-6979,-1240,-3900,-7285,-888,-3660,-6252,3445,-6420,-5850,-1333,-2373,-1054,-530,-4340,-6210,300,-152,-3397,10,-152,-4962,5,-152,-4962,75,-1919,-4527,-1265,-8892,-24512,-1660,-7140,-22090,-725,-8820,-28775,-530,-3078,-26821,-1555,-9240,-28460,-530,-2990,-26550,-334,-2760,-334,-2166,-334,-2760,-334,-2166,-3685,-7305,-4205,-7445,-6464,-7461,-6020,-6455,-3621,-827,-6020,-6636
3/10/2023,430,-4263,759,-900,1379,1676,750,-828,3064,850,1306,794,740,1495,10629,975,3637,8967,1050,2795,9099,560,722,4301,1025,1321,-1858,960,-316,-1086,430,-918,-110,-480,50,884,750,1677,839,565,-180,-3534,740,1575,6093,975,3637,11992,1050,2969,8696,272,-1126,3724,1025,2416,3930,960,1569,8276,1562,4452,2422,5448,-2399,4452,-3215,5448,1125,12518,192,10761,3571,9402,96,14629,2335,3735,96,17730
3/13/2023,675,3467,9091,695,3219,4304,2150,3198,2816,2299,1103,7370,435,454,10695,435,810,5017,670,1363,5269,1045,-707,-580,530,506,5251,1040,-712,-3948,675,2144,3496,695,3219,3764,2150,3309,1366,1820,1015,-136,435,989,11267,435,810,5096,670,361,4845,887,765,-17373,530,186,3547,1040,-712,-12757,1881,5066,1483,13367,2029,4866,2343,11260,6159,7683,7158,6393,3349,-674,2395,4276,3024,4211,2390,4355
3/14/2023,2220,7153,12482,2233,7998,12467,870,7998,12467,1674,6986,13047,1415,3545,12391,1320,3550,15309,2175,5715,23591,2380,4189,14127,2008,7379,9692,2380,-1710,4100,2220,7153,12752,2233,7998,12528,2050,7998,12528,1075,7366,11951,1415,8613,32745,1320,5249,22467,2175,12004,28957,2380,4189,19758,2958,12004,28147,2380,-1710,19758,4025,12266,4025,12266,4025,12266,5005,11476,2264,9154,4000,14739,15049,34587,4267,-1363,4421,8056,4267,-1702
3/15/2023,-540,-701,-2575,585,-105,-3904,105,-872,-2575,-540,140,-3327,970,6235,11307,1425,4351,10014,1839,4389,12477,1380,6915,3687,605,308,908,-295,6915,9007,-540,-10,-6023,585,-105,-4030,105,-105,-4030,-1360,-3340,-5895,1100,6235,15567,1425,4351,10014,1839,4564,12851,-443,6915,15929,1729,4564,10875,-295,6915,15809,3182,-3352,3717,-1695,1644,-3352,2232,-1695,5338,14930,3190,5250,10100,6760,13484,13972,4823,-158,14224,9983
3/16/2023,-951,-1207,7022,-235,1060,7270,-200,-1207,7613,-195,331,7227,-1725,-3705,-4260,-1190,-3705,-4259,-1500,-3655,-5768,1035,2384,-3721,-1205,-2520,454,-345,1631,2961,-245,-490,7252,-235,-490,7500,-200,-490,7971,675,280,5888,344,-2085,-14466,310,-141,-4693,-795,-517,-7830,-345,-1148,6964,-415,-1037,-6770,-345,-1148,7588,-342,7840,485,7402,-511,7784,725,8528,-1430,-6600,1522,-698,-2923,-4382,-760,-2975,-6260,-3143,-760,-3308
3/17/2023,-87,8906,8474,2337,10775,9913,2095,7080,8632,880,7924,7481,1277,12452,24400,3725,15212,22248,2392,9211,13796,3470,7933,12534,2192,1715,-1419,3465,-84,2534,880,9924,9219,2337,10474,8391,2095,9493,9207,327,8253,5601,2180,15029,27788,3725,22248,38023,3325,12776,28919,3214,7641,31801,3125,12216,24780,3465,7933,32753,6906,3858,7359,5429,6755,3858,6480,5429,13734,26009,12738,4406,12030,7883,6872,-6133,5205,725,6872,-5676
3/20/2023,-725,2442,-1271,-1530,-2325,-202,-2245,3657,-1271,-520,-1700,-1435,675,-376,-3550,505,-497,-522,847,-4011,-4541,-340,12857,-5226,310,-405,-126,-490,6806,-7476,-725,2125,-371,-2095,2125,765,-2245,1203,765,-580,-220,2555,675,-1305,-5063,505,3003,451,429,-1126,6521,359,10586,30951,33,524,3688,-2095,9331,32529,3598,1014,1835,1048,1585,1014,377,1048,870,451,869,7793,-1055,5471,7255,-6960,781,1129,7920,-7325
3/21/2023,209,-3397,-5995,-1720,3358,-1438,-1153,-4369,-5995,-1310,1233,-2790,-1695,-3810,-4716,-1025,-3985,-7472,-2000,-4481,-7444,-1240,6654,7639,-980,-2348,-1222,-1399,4773,1213,-1310,1855,-10242,-1720,1855,-8983,-2220,535,-8983,-1330,1870,-12414,-3750,-10135,-15805,-3014,-9160,-9855,-2790,-4845,-16449,-1399,5279,-4459,-3345,-4850,-14314,-1399,5086,-3461,7432,-389,-2150,2219,3776,-389,-1377,2219,-3849,-6968,-3945,-4404,797,-1747,11936,3196,1944,556,11936,980
3/22/2023,1800,18845,7798,1299,3370,5695,1407,1933,7583,1580,4333,7400,810,1122,7546,855,2519,18713,1155,4118,9682,1255,3960,5331,1090,325,-109,1565,3910,8176,1800,3800,7147,1299,17710,5378,1407,17170,6336,2705,5287,11108,810,3722,4863,855,3744,6774,1155,5786,20892,1660,3726,4261,1090,5675,19021,1650,3225,4471,2309,2763,2726,518,1515,3449,1455,3358,114,25,700,14588,7853,17887,8352,5111,-780,-3710,7992,5166
3/23/2023,1705,3707,11648,1965,3853,11648,1733,4013,11648,2190,4138,7428,440,-1772,-3185,165,-2840,-5160,791,1465,4058,444,-1410,-3563,-49,2686,630,654,-1010,-5382,1705,3878,11648,1965,3853,11648,1733,3980,11648,2559,3683,7305,465,-3380,-4986,240,-2655,-6620,945,-1338,-6084,858,-2450,34955,410,-1758,-6359,654,-1810,33504,3808,13616,3808,13686,4487,13616,3843,12051,-1146,-3401,-65,-3479,-1226,-3311,8949,-5473,3813,1734,8549,-5998
3/24/2023,-1265,-4275,-4142,-1705,-4037,-2604,-2255,-4361,-2593,-1780,-2410,-5742,-805,-3787,-6776,-1185,-3952,-6701,-1860,-275,-3131,-945,951,-2086,-1300,-584,-2093,-2040,4606,-3665,-2330,-4300,-9920,-2255,-4517,-8300,-2255,-5625,-8420,-2235,-4725,-9232,-805,-3647,-15508,-460,-1438,-10235,-3450,-2235,-12381,-405,324,-10908,-1485,-581,-12542,-2525,-1853,-7914,-3344,-4548,-2899,-3574,-3560,-3844,-3055,-6420,-1560,-7112,-2590,-1057,-3804,3809,-920,7547,-2077,92,-920,7547
3/27/2023,1155,1489,3432,1625,155,3984,1625,1447,3651,1155,155,4500,-440,-114,-4778,35,682,543,1140,-299,701,385,1018,10915,880,-929,-4575,1030,882,14963,1155,155,2500,1625,155,3122,1625,105,3122,1205,2210,331,-95,415,4210,305,1430,7273,1208,1182,8871,716,264,16807,988,1182,9001,1115,1018,21218,-1374,7136,-1447,7136,-666,7136,-2411,7136,2018,-7383,2245,495,3218,-3524,-5977,-4945,947,-4575,-5977,-4945
3/28/2023,55,559,2224,125,1037,-2343,455,963,2224,65,946,-2128,52,-1624,-3068,0,-552,1053,2082,-118,-1881,1456,7010,-4236,1649,182,3756,1526,4880,-3759,55,1037,-2657,125,1037,-1485,455,1026,-1485,-170,434,1436,52,-910,-3814,0,-552,-3945,2082,-118,-6823,1526,4902,-10666,1767,-118,-6823,1526,7010,-11543,530,2730,-16,3109,-715,2730,301,3109,-1321,-5426,175,232,-148,4277,2320,1993,1838,3873,2320,3120
3/29/2023,-265,-1805,-4716,-270,-1615,-4800,-105,-1805,-4716,-265,-1509,-3385,650,1185,-3703,0,413,-3335,1780,5218,-6169,-150,4202,1473,1705,498,-761,-325,4127,2405,-265,-2785,-1646,-270,-2785,-560,-105,-2785,-560,-210,-370,565,650,1185,-970,0,413,-2760,1780,3848,-13929,-325,5663,13414,1515,3848,-13169,-325,5663,14836,-189,-2412,783,-450,-411,-2412,1818,-450,1212,-5250,155,690,1584,2620,5354,10819,-1835,-1195,5004,5646
3/30/2023,-1090,486,1148,-1020,-735,854,-240,1062,1148,-1090,1080,854,2462,3129,7459,-640,4897,2078,691,7272,7944,-775,-812,-4325,1944,2340,4507,-1350,-286,-6407,-1090,-735,1320,-1020,-735,854,-240,-80,854,-1455,-1360,492,2010,6762,20026,-1955,5899,7644,-275,8083,18049,-2490,5021,34,1835,8083,19445,-2490,5021,978,4269,407,210,2039,3107,407,-355,2039,-413,1326,4136,-2901,4197,-3809,-4225,-2137,4729,3761,-4225,-4587
3/31/2023,-350,-843,-1516,-1315,180,-2627,-2075,1842,-1516,-290,1285,-1366,-1590,-4500,-6955,-1035,-3890,-1922,-1995,-4488,-5641,1690,3804,8309,-1055,-2345,-4690,2110,2370,2688,-350,-789,-2165,-1315,-789,-390,-1975,-974,-390,2089,-1718,-5396,-5115,-19405,-38155,-2885,-8200,-12042,-3485,-14990,-24402,1260,-1752,9865,-2280,-14990,-24402,1260,860,11098,-726,244,-29,590,-1296,244,-599,590,-3805,-7025,-4440,-2463,-6983,-7618,4112,14720,-6865,-5235,4112,9950
4/3/2023,415,96,-1519,-160,-840,-1780,1673,1848,-1519,1027,95,2849,1209,-2312,-3526,-1280,-1465,-2615,1874,-2837,-4295,429,-6408,-222,591,492,1920,-90,-4458,-1301,415,-1905,-1271,-635,-1995,140,42,-1995,140,170,1665,2831,-605,-806,1045,-1280,-1465,-6006,-730,-1105,-5105,1455,-5932,-29018,14,-1378,-4977,-90,-9748,-27281,-1311,1801,-1285,2686,-1251,1801,-1285,2686,-1697,22,1375,-5622,-1491,-3815,-1297,2402,237,2307,-1297,6191
4/4/2023,1718,208,716,1910,758,-61,1697,-1762,716,1495,2157,-1327,1607,-101,800,1929,2358,11143,2136,1508,11542,1209,13413,4735,1684,156,3277,1209,8659,18046,2005,2929,2893,1910,549,3698,1910,959,3698,1850,-2048,354,1607,-101,-523,1929,2358,11143,2136,2974,11856,1209,13384,10760,1684,2974,11739,1209,15097,10942,988,-148,1253,-1728,1775,-148,-194,-1728,2832,8656,9485,24812,5390,18383,4115,3427,2402,8773,4115,12067
4/5/2023,165,1301,3693,-620,3445,3451,-885,2247,2642,165,3255,3913,1896,-3555,-4800,-340,-1390,-1030,1816,-2017,-5750,-775,-3606,-2301,715,-745,-4800,-1640,-1711,-2586,165,2400,3913,-620,3445,3994,-885,3511,3094,415,3400,2876,1220,-1370,-869,20,-2995,-1630,1545,-4404,-7970,54,4276,11842,1125,-4404,-7970,-1210,2774,12295,1454,5274,1464,5264,1369,5264,2474,7249,-3615,-5840,-2150,-6660,-2051,-6146,-2210,4297,-82,-140,-2210,4297
4/6/2023,2315,-2367,-2694,1670,-1467,-4395,1675,-2790,-2694,2365,-2120,-4774,-1975,-4203,-6838,-1100,-3018,-6607,-1475,-4355,-7010,810,-2974,-3389,-1474,-2305,-2983,810,-4419,-5946,2315,-1155,-4480,1670,-1205,-3575,1675,-1305,-3575,1610,-2295,-4355,-1670,-8829,-19733,-255,-4860,-3915,-265,-7750,-8462,810,-4040,-16986,155,-7750,-6557,810,-4040,-16665,-488,-2143,2,-1830,-638,-2143,-2110,-1830,-3890,-6878,-3490,-6670,-6766,-6710,-3270,-6710,-6635,-5665,-3270,-7495
4/10/2023,-1491,-2330,-1844,-1800,-1790,-498,-1875,-2330,-1844,-1720,-1130,157,-150,-2834,-4236,436,-3145,-7310,-1127,-3620,-7495,-735,-5545,-5695,-1005,-2295,-1599,-400,-4365,-7489,-1720,-1790,1138,-1800,-1790,1811,-1875,-1790,1811,-1495,151,298,770,-2524,-5700,581,-2734,-2560,-2905,-4424,-1500,165,-1573,9703,96,-4554,-4352,456,-1744,10473,-2989,-4329,-2286,-2502,-2989,-4329,-1815,-2502,-3835,-6815,-4500,-7460,-6501,-7500,-6380,-6940,-6465,-5485,-6380,-7485
4/11/2023,1557,1889,-202,1619,1269,-2289,2071,2885,-777,1730,2267,-3415,1311,6038,6787,1330,12548,14512,2360,6496,18950,710,11330,2933,2186,1875,7953,710,7565,3585,1730,1589,1589,1711,1269,-1294,2071,2369,-1294,2060,2662,-139,1601,8610,29181,1755,14051,22208,3255,10324,33720,710,5734,30344,2385,10324,33877,710,5734,30986,4808,-2383,3765,-1984,4808,-2383,3765,-1984,8187,9635,2290,9032,5679,10912,145,243,2522,10603,145,58
4/12/2023,-25,232,39,-5,945,-3053,150,491,-4583,170,-26,409,240,-3293,-6999,430,-944,-6895,525,-1489,-6379,245,221,-4341,45,-2456,-2362,245,-1115,-5880,75,1255,-3325,-5,945,-5355,150,950,-6010,-550,528,-8040,240,-2652,2502,405,-471,-177,1235,1034,2536,-831,-1012,892,675,1034,1228,75,191,4505,-1690,-1145,-1105,-1535,-1794,-1145,469,-1535,-972,-7485,2887,-7440,481,-7449,395,-7040,5073,-2817,395,-7190
4/13/2023,780,1132,3521,700,1647,4931,695,1132,3521,686,1647,4928,-1805,-4475,-6320,-360,-3995,-5709,-673,-4583,-7489,1319,35,7705,-453,-2400,-4605,1403,-765,9214,780,1647,4618,700,1647,5535,695,1647,5535,651,213,829,-405,-10470,-21075,0,-7585,-9881,515,-9055,-8486,687,-3422,22318,705,-9055,-8419,1595,-440,24069,643,3127,2087,5343,480,3127,2087,3548,-4470,-7440,-4100,-5661,-6990,-6336,5492,-2734,-6615,-5330,5492,-2734
4/14/2023,-655,1944,1730,-95,282,-2913,-1345,2230,1730,-750,926,2118,-812,-1263,-3530,-790,-1436,-5999,-1756,-1551,210,-1235,-3502,-5328,-500,1092,-2464,-1020,-4494,-5701,-655,292,55,-95,282,3210,-1345,1293,3210,-2005,-1314,-3156,-880,736,417,-1430,-1105,-6669,-1175,-3004,2543,-899,-1627,-18203,-1080,-3004,749,-1020,598,-19722,-3207,6758,-896,2268,-3207,6758,-1630,2126,4496,-2804,1231,-4445,5204,-7483,10426,-540,4778,-2144,10426,-540
4/17/2023,-65,-1030,-1807,-255,305,-48,-300,-372,-1807,-425,1944,-1750,506,-3370,-2318,-420,-2594,-6381,845,597,-6807,400,-6494,-3155,790,4011,2275,27,-4192,-4104,-620,425,-1389,-255,305,-166,-300,559,-166,-710,909,574,506,-3367,-2617,-420,-2594,-10561,845,-1503,-13279,706,-18391,-5680,790,-1503,-12973,217,-21469,-5680,-22,-251,462,-2098,-163,-251,312,-2098,802,-418,-1920,-5017,-161,-472,-3158,-2342,-651,3333,-3158,-3992
4/18/2023,-40,6879,537,570,6879,537,620,6879,537,-35,6039,2510,-410,3294,-1052,1479,5552,-1586,2220,5067,2864,3329,634,-5282,1060,-2225,-4315,3329,-3831,-6416,-40,6879,537,570,6879,537,620,6879,537,-170,5454,4186,-410,7868,16292,1479,10175,6228,2220,12808,14500,4452,9301,-12645,1685,12808,14972,3329,8622,-15241,5832,3246,6351,3734,5448,3246,5606,3734,1609,3675,1174,-838,7294,6347,3058,-3570,620,-4045,3058,-3821
4/19/2023,645,5671,9783,1785,5846,10410,1541,5671,10781,1050,2966,14118,-1120,-3213,-6975,70,-3495,-2854,-1715,-4450,-5519,-1110,-4541,-1680,-1485,-2470,-4675,-55,-2371,-4915,1555,5846,15498,1785,5846,15498,1541,5846,15473,1650,7278,17118,-832,-5636,-13080,255,-4770,-1431,-242,-5461,2874,1173,-8896,31186,753,-5461,1939,-55,-14095,31186,4080,12239,4972,11969,2805,6283,4972,11969,-4365,-7035,-2045,-3698,-1417,-6025,-6193,-487,-2930,-5345,-6193,3261
4/20/2023,710,409,-5077,110,720,-6772,-25,409,-5077,970,2414,-7289,1605,293,-6281,1240,3895,6617,1310,2487,-3875,1395,9073,-5740,1715,3517,4293,1345,9007,-7330,1060,1705,-11442,110,1550,-9628,-25,1550,-9628,749,2951,-6993,1605,1771,4195,1240,4413,9296,1310,2041,-998,1345,9073,-11725,1850,2041,-2472,1345,9073,-15365,292,-5525,-1900,-3866,102,-5525,170,-3527,550,-833,-133,2654,-810,-6087,2906,-1980,3390,2350,2906,-6866
4/21/2023,165,-691,-3763,360,-554,-2842,-340,-624,-3763,575,-365,-3335,1875,-398,1603,1685,6341,11070,1495,7786,3307,1130,-3701,-5118,1165,363,-2129,1130,-2916,-4838,575,-494,-4601,360,-554,-3539,-340,-624,-3539,210,1086,2525,1875,-1281,6815,1685,9488,11296,1495,11662,12526,1130,-1985,16051,1165,11442,12199,1130,-3490,15899,-1310,-4646,-866,-5510,-1310,-4646,-3447,-5510,1936,-4266,7410,-1017,8012,-4746,-5155,-5104,-1123,-2991,-5155,-5104
4/24/2023,-295,1377,-161,-1205,-1535,-1042,-1290,-2027,-161,-55,-1485,1511,-1645,-3688,-6015,-1090,-3975,-4597,-1645,-1346,-4900,-1090,-5126,-3985,-1090,711,-4660,-2075,-3915,-5770,-50,-1535,4032,-1205,-1535,1547,-1290,-1535,1547,-70,-2622,2261,-2160,-1230,-8489,-3535,-4710,-20115,-2015,-4801,-16469,-3170,-2500,-45779,-1530,-4801,-21765,-3170,-3882,-49332,-184,5697,-2940,5726,45,5697,-2415,5726,-102,-5428,-1690,-5220,-6975,-6497,-3224,-4950,-170,-4150,-3224,-6061
4/25/2023,221,-3378,-5841,480,-2169,-1961,-520,-3589,-5966,1230,70,295,290,-3709,-6980,555,-3858,-7456,1060,-3923,-7445,820,3838,2049,910,-537,-3113,770,4372,21812,900,-315,1210,580,-568,1844,1145,-468,1781,560,-2215,-2453,290,-9280,-30015,555,-4333,-12904,1060,-4358,-17647,-155,2325,16050,910,-4358,-17647,770,4300,16562,495,-7089,1339,309,119,-7089,1229,309,-4320,-7496,-4040,-7448,-6885,-8486,-120,2017,-398,-2793,-120,2017
4/26/2023,1234,1213,8266,1826,1772,8329,1401,1213,8266,1683,483,6378,-400,-4275,-6944,-40,-3815,-4669,565,-4438,-7496,-1200,-850,-3743,520,-2400,3660,430,-850,-5289,1643,2704,6987,2113,2704,6127,2113,2704,6127,1833,1089,4441,-400,-6748,-9179,-40,-6360,-4695,25,-5565,-5682,2481,-850,-16188,-20,-5630,-10533,430,-850,-18103,1686,3140,3315,7851,1661,3140,4342,7851,-3547,-5656,-3622,-2335,-7052,-6474,120,-4310,869,1281,120,-4131
4/27/2023,-180,258,1112,-115,1171,3923,-105,258,1112,-180,-970,4719,-1620,-3205,-6935,-1300,-3960,-7450,-2000,-3860,-7495,-80,-2215,17009,-1050,-1695,-4630,-80,-2188,4445,-180,1101,5408,-115,1101,6613,-105,1101,6613,1025,752,6735,-6490,-17240,-35310,-3125,-7635,-11560,-5055,-8150,-17030,-80,-2215,22902,-4730,-8150,-17030,-80,-2215,26176,1345,3239,197,3798,197,3239,197,3662,-3925,-7145,-4490,-7870,-6463,-7471,-250,24181,-2345,-5310,-250,5690
4/28/2023,-330,-2208,-3082,-1350,-2208,-1304,-2398,-2208,-3217,-915,-2445,710,222,-2773,-4549,1329,934,3762,525,34,-4182,755,8998,10452,-577,-166,2368,755,6361,12336,-915,-2017,-4470,-1350,-2017,-2685,-1855,-2017,-2820,-1115,-1802,-3460,750,-2773,-9935,1329,934,4140,1055,34,-2662,227,9488,16715,495,34,-1080,755,9488,18891,138,1421,-210,435,-288,1421,-1454,435,-3385,-5213,1261,9650,270,-949,7958,14464,-1980,2378,7958,14464
5/1/2023,4325,-9,-263,2745,-9,253,2550,-9,-263,4125,-1192,1148,2335,5004,18008,2085,-2437,7846,1140,-23,8396,560,-6130,-3623,1730,29,10883,995,-3480,-4687,4710,-9,704,2745,-9,1285,2595,-9,1285,3576,1522,5385,2335,5450,25644,2085,-2437,11772,1300,-1302,12613,995,-7676,-27257,1730,-1302,12744,995,-12465,-29866,-70,5592,-70,3244,-70,5592,-1248,3244,6277,27953,-415,7834,-266,10647,-5875,-5967,3115,10879,-5875,-7222
5/2/2023,1045,1581,-725,1005,2113,-1039,1631,2360,515,1175,2000,-1574,3435,14586,7813,-1465,-574,885,1747,7085,736,-975,-4689,399,192,5392,1631,-1550,-2745,-1953,1045,2000,-1069,1005,2113,-1524,1785,2531,-913,1145,1189,-2338,2207,14011,11217,2220,8229,2030,25,9992,3222,1762,-1422,-30386,860,9522,1080,965,-6029,-32437,-1241,-498,-520,-320,-1470,-498,-520,-320,2996,6192,-526,-129,-431,-4379,-3145,-4461,2522,7271,-3145,-4461
5/3/2023,380,8830,4053,320,1654,5414,260,8888,4053,870,1469,3161,600,1171,8002,285,488,7781,745,612,16119,660,9757,15025,605,1867,1545,660,3503,12456,380,914,3256,320,1654,6575,260,1164,6575,860,1339,5055,600,1050,14136,340,88,4181,745,342,560,660,15590,-18463,605,42,833,660,7260,-14919,3715,2309,754,3841,5542,2309,215,3841,2088,2572,775,474,5991,5443,5607,2705,-806,11009,5312,5951
5/4/2023,1065,4729,-25,1596,5544,4829,3250,3802,-25,1001,5248,4248,640,5493,9383,1545,2110,11926,530,4795,13522,640,981,1007,-55,3752,6786,640,-249,2286,1001,7006,1517,1596,5375,1187,3250,5064,1187,1396,3925,1995,640,5493,17291,1545,1885,3101,630,4964,20153,640,-8185,-9982,145,6089,20467,640,-10431,-8452,2382,1151,3476,1852,-1730,1151,2859,1852,6069,12251,4224,-1325,5868,732,610,-5915,3758,3221,610,-4020
5/5/2023,-114,-232,5076,-470,-232,5013,-500,-232,5076,803,2353,5236,-870,-3540,-3608,-440,-60,7703,-745,-2881,1768,290,118,-1630,-750,-843,-379,290,118,8552,555,-232,6430,-470,-232,5698,-500,-232,5698,1320,1259,9193,-925,-1865,421,60,1093,10778,-780,3057,6877,-669,-537,25112,-990,3057,8288,290,118,26065,540,6568,1053,4087,540,6568,1025,4087,-2614,-6743,-3679,2895,-85,4185,-5249,-3137,-2500,-4705,-5249,-3610
5/8/2023,-955,-2162,-2701,-1975,-3645,-813,-2010,-2162,-2701,-845,-785,1366,786,-2242,-1458,160,-3975,-335,85,-4395,-3192,-10,-4020,945,210,-2325,-4590,-10,-3080,-4545,-955,-3645,1437,-2630,-3645,2937,-2630,-3645,2937,-1075,-1432,246,2401,1049,-8986,1220,-2210,-4170,330,-1855,-3820,-10,-7252,18029,985,-1855,-6270,-10,-7055,19300,-2942,-537,-2130,-2851,-2237,-537,-2785,-2851,-1325,-6210,1273,-1745,922,-7385,-6420,-5032,-1115,-5220,-6420,-6740
5/9/2023,-480,-455,1531,1379,550,1531,1479,752,1531,-706,-1409,3143,248,-3594,7420,-216,-2534,6805,783,-3794,7221,5,6206,-969,69,950,3252,13,1483,-2135,-371,-335,4244,1579,665,4244,1579,1340,4244,-370,495,4219,248,-3301,13872,-176,-1713,13260,1114,-4347,17940,13,12718,20577,-13,-4347,18582,13,12718,21100,5627,-2471,1207,-2592,6832,-2471,3646,-2592,10380,11060,9085,2749,14369,11222,6517,-4335,11622,4771,6517,-4545
5/10/2023,-305,7673,2404,-270,7503,9649,-389,7383,9586,-305,4592,11178,-1660,-3265,-4346,-470,2542,-3963,-1580,2866,13585,622,5937,-2078,-1140,-167,3681,-2105,5937,-6346,-305,8245,10232,-270,7503,10734,-270,7433,10734,390,8458,3210,-1250,-1358,2570,-1540,929,928,-565,2913,10381,-2105,5689,3501,-560,2528,11718,-2105,5937,3501,2317,9413,2388,102,1748,9413,2243,102,770,9296,1465,10300,10046,10661,5163,-5105,3789,4347,4773,-4657
5/11/2023,2180,2026,-2912,315,-240,-3559,48,-240,-2912,2920,554,-3420,4640,10378,9809,2430,4643,4066,2615,9041,1407,6610,7167,-3297,3345,-2860,1413,6610,3923,-5194,2920,1840,-4514,365,114,-2945,295,114,-2945,3125,288,-3107,4640,18169,15057,5660,14377,7031,2715,12425,4124,6610,6583,-20373,3345,12425,1699,6610,7167,-26605,3352,1456,2897,-883,3095,1456,4275,-416,10595,6585,5590,3715,6931,-2014,4029,-6905,-930,958,4029,-6150
5/12/2023,2930,-362,-3403,948,-2208,-3403,1381,-1753,-3403,1105,-203,-2187,276,-1509,-5202,1170,1210,4833,-270,1790,12453,-1330,4367,-4046,-48,-1120,-4570,-325,-2178,-5091,1105,-1675,-6275,1095,-1675,-6275,595,-1480,-6275,635,-1910,-5145,335,-1776,-1703,1170,1210,61,-270,2203,15311,-325,-1500,-36037,220,2203,15311,-325,-5025,-34187,-1844,1071,-258,3907,1045,1876,915,3055,486,-6470,1030,1581,3821,12828,-686,-3035,913,6455,-686,-3599
5/15/2023,-1320,-4448,-4820,-1885,-1714,-4820,-2070,-3443,-4820,-1320,-2380,-6195,-1525,-2760,-5768,-1475,-3970,-6209,-1965,-4275,-5365,-765,3128,-1778,-1375,-2875,-1004,-665,2921,172,-1320,-1550,-5118,-1885,-1615,-6090,-1885,-1615,-6090,-840,-482,-6495,-1525,-4988,-8784,-2885,-7740,-10980,-2910,-5408,-5746,-1195,1683,17744,-2610,-5408,-5746,-365,3128,18464,-1052,-5437,-3425,-2694,-1831,-5437,-3370,-2694,-4005,-3981,-4460,-4355,-5657,-520,-6345,-2075,-6585,-1410,-6345,-2509
5/16/2023,450,222,52,587,785,-2305,1440,222,52,3300,-1115,-5749,15,-445,-2169,985,-920,-2363,1,-1167,-4286,50,1650,-591,385,2837,287,385,2780,-2819,3300,785,-2503,587,785,-6428,1440,785,-6428,-465,-430,-7977,907,581,7035,1145,-1199,-7067,993,1497,-2447,956,1212,4842,1266,1497,-2517,385,1650,4842,-1432,-3969,-793,-5748,-1484,-3969,-2644,-5748,-1050,-1276,-3097,1118,647,87,-309,-3374,4992,-1485,-309,-1010
5/17/2023,-1185,-2714,-2160,-1105,-2112,-1901,-1105,-2214,-2160,-1020,-2210,-1962,-805,-4275,-6865,45,-3355,-5750,-1465,-4215,-6027,-290,-4663,8879,-35,-2135,-4580,-290,-4240,122,-1180,-2205,-1600,-1105,-2171,-1329,-1105,-2171,-1329,-1095,-2386,-2436,-805,-4360,-14257,45,-4640,-5750,-1750,-5250,-4933,-290,-7832,4348,-595,-5690,-4933,-290,-7832,4348,-2521,-1606,-1441,-2482,-1356,-1606,-531,-2482,-4435,-7498,-1795,-5709,-1561,-4824,-815,179,-6235,-5595,-815,874
5/18/2023,460,-2892,-5588,-705,-2892,-2738,-400,-3092,-5588,-640,-2082,-2880,-1630,-2149,-6603,-880,-125,-2954,415,287,4859,940,-1185,14375,-529,-1595,-5705,855,-1185,18172,460,-2892,-4153,-705,-2892,-4153,-400,-3092,-4153,-365,-2467,-206,-1065,-2439,-5172,-630,-912,-1919,415,-320,4358,1864,-1323,14561,-270,665,4934,1030,-1185,14276,-1028,-1057,-910,-859,-1028,-1057,-910,-1134,-344,-7169,-1785,-1464,-2657,3804,2912,18060,1102,1061,1902,3448
5/19/2023,175,161,6350,100,1052,4071,-410,1162,4443,175,-378,7194,65,-93,-5195,985,3657,6536,1195,5134,1268,237,983,-5256,1060,1170,4024,237,-129,-4267,175,1265,9687,100,1965,10297,-410,2060,9402,-650,1190,8120,65,2415,2674,985,3657,6605,1195,5221,14303,237,-3165,33982,1060,5221,12276,237,-1427,34976,2335,4592,1002,5739,2002,4592,1670,5739,581,-6630,-154,-3451,4896,-6353,6303,-6943,6325,-4490,6303,-6967
5/22/2023,2203,5904,900,3961,6750,900,4022,6515,900,2193,3793,-779,2623,7813,6173,3395,6316,3483,5020,6958,6709,4045,3399,-3769,3745,1633,-3095,4245,1978,-5357,2203,5304,-3676,3961,6365,-4022,4022,6130,-4022,2148,6886,235,2713,10158,18793,3315,10462,8449,5020,10373,11002,4600,9012,-13675,3755,10373,11139,4600,9153,-13260,4267,-6797,315,-7065,2729,-6797,41,-7065,3968,3691,276,-1910,3028,-4551,-1194,-4580,1084,-2671,-1194,-6404
5/23/2023,-1125,-3016,-6125,-1055,-2980,-6125,-1570,-3367,-6125,-540,-2005,-5715,105,-4223,-6798,-430,-3956,-7408,-50,-752,-5593,-85,1704,-7488,105,-2990,-3078,-85,-86,-7733,-540,-2730,-11048,-1055,-2980,-10885,-1570,-3060,-10885,-105,-3780,-10750,105,-4888,-17865,-430,-1776,-11415,-50,-378,-8608,-85,2452,1785,105,-248,-6810,-85,2452,1785,-2743,-6552,-2485,-7900,-2743,-6552,-1725,-7900,-3515,-6701,-4115,-5536,-2142,-5317,-3950,-7825,-6380,-4485,-3950,-7230
5/24/2023,729,1276,-3273,-1190,-191,-426,89,747,-3273,533,89,1173,1837,4785,7455,-50,204,9311,1605,2016,10598,1925,-5424,-3444,154,2348,1973,1925,-1920,1791,317,-41,459,-1452,-1266,-2975,-2071,-2401,-2975,-427,-1160,-7000,665,5473,3837,50,555,11545,-640,3320,5055,1925,-1089,-19173,-158,2875,-209,1925,-6662,-21733,-4883,-224,-2876,-1773,-3370,-224,-1931,-1773,4633,5531,-2274,-3042,140,-1070,-4963,-5151,1501,663,-4963,-5230
5/25/2023,340,-1781,-2725,115,328,-2264,-1374,878,-2725,-175,974,-2264,1740,6986,22205,880,3709,26137,190,305,26390,775,2340,-4128,785,101,1792,775,-1725,-4711,340,-2108,-2182,115,-2108,-2068,-555,-1103,-2068,-625,633,-2053,1740,8676,27823,880,5974,26137,190,6768,27513,775,-2120,37148,785,6403,25728,775,330,37362,-1730,-5991,-758,-5587,-725,-5991,-1215,-5587,13943,23438,6711,20211,14421,18634,3432,-6185,5396,804,3432,-7475
5/26/2023,1578,962,4427,1365,962,5120,1365,962,5545,1668,2092,6092,-1595,-2521,-5774,-1130,-3190,-3179,787,-4440,-3668,655,-2843,-3470,414,-2746,-1568,655,-3807,-4512,1578,1040,6764,1365,1040,7560,1365,1040,7640,2223,1895,5674,1691,395,-12610,884,3815,-1930,4605,6005,-2579,105,9270,-7289,4426,6005,-2579,655,11695,-5732,1965,856,159,1516,159,856,-463,1516,-3790,-6245,-1893,3967,-6809,-5388,-1477,-3261,-2558,-3696,-1594,-4314
5/29/2023,-340,-400,2625,-1310,-400,2625,-1285,-400,2625,-340,-340,3427,760,1090,3223,505,1150,3177,405,597,2553,175,1640,5089,760,760,4054,295,1880,5034,-340,-400,7229,-1310,-400,7229,-1285,-400,7229,-340,-1095,7229,760,-2170,-690,695,-2395,-2715,405,-3580,-4362,155,-7013,-12502,350,-3580,-4505,155,-7660,-12645,1147,2377,-295,2019,-463,2377,-445,2019,-295,-1950,-590,-1745,-1570,-3123,-2235,-115,-1960,2518,-2235,-115
5/30/2023,1100,698,-3351,995,1141,-2779,605,843,-2530,1100,1501,-3517,1440,2442,-5852,1365,4432,5623,2840,3194,517,2975,7312,3239,2295,925,-4740,2955,10321,5298,1100,1166,-6626,995,1141,-6895,1140,1714,-6399,1105,-763,-9895,1440,889,-10043,1365,3602,3973,2840,2582,4468,2975,6684,18992,2295,2382,2482,2955,7037,20351,1363,-3916,1466,-2673,2053,-3166,-1740,-6646,4684,7661,3140,8683,6880,12647,6850,5542,-969,-4255,6850,5836
5/31/2023,806,-37,-2847,-555,-60,-3889,1715,151,-2847,-115,640,878,986,-135,12262,170,320,2204,1170,4977,6255,120,-1050,3015,700,3228,3648,285,-165,2280,-115,1597,4367,-77,1512,5117,-645,1730,2307,-1647,444,4378,530,1275,20835,170,320,2192,1170,5996,12460,1517,-10020,-16137,700,5996,11173,285,-13185,-16647,7537,6078,6667,2986,6293,6078,6667,2986,6499,15498,-343,506,790,1259,-5473,-346,3800,12921,-5473,-234
6/1/2023,655,-2388,-2940,500,-1666,-4983,40,-2388,-2940,1225,-2760,-6906,-1550,-3895,-6712,3187,750,10573,-1680,-4095,-2398,2930,2392,-2462,-1470,-2765,-759,2930,955,-4876,1225,-4405,-9601,500,-4405,-12152,40,-4405,-12152,2230,-1352,-12731,3088,3990,2582,3442,4590,13390,4108,5585,13730,1663,3211,-17645,3570,5580,13730,2930,3388,-17528,-3637,-4339,-1081,-872,-2414,-4339,-1442,-872,-4450,-5732,6618,15458,3633,14458,2886,2268,-1,-136,2886,2268
6/2/2023,425,1180,-2224,309,1180,-2805,530,1180,-3389,1369,50,-3187,2755,6288,8410,1195,-2288,-100,1805,2283,4791,865,-2995,-4205,3035,-2245,460,4530,-3060,-6730,1590,3020,-479,530,3020,-2806,530,3020,-3921,1200,1730,-3021,2755,6220,7993,2185,2436,-1759,1805,3410,3385,5069,-2210,-29429,3035,2999,6,5480,-4382,-31979,-1161,-5972,-2550,-5952,-1582,-5972,-3040,-5952,4822,6289,4386,-2650,1113,-4046,-6000,-5795,-940,-498,-6000,-7490
6/5/2023,-401,-199,30,898,-935,5382,-338,-1123,4545,280,-547,-5022,250,-3746,-3048,225,588,-3118,1270,539,-6122,1530,-2565,-4795,735,692,-5147,-120,-1637,-4978,-125,555,-1296,590,555,-1761,110,-395,-1761,-585,1710,-1141,595,1317,770,225,-4575,-9870,1270,-2902,-15595,1785,-2786,-51409,460,-2902,-16420,410,-2565,-47096,-660,3975,-141,-474,-847,3975,567,-474,-392,2486,739,-1518,-878,-595,3434,-5077,3865,-3254,3434,-7090
6/6/2023,265,2315,627,310,1004,-1086,180,2315,627,370,2114,671,1490,6408,14790,275,2321,4379,1895,5570,6612,556,3019,-4100,1280,2699,563,556,695,-4700,265,2747,861,310,2747,1749,180,2747,1749,195,1793,1764,1490,6408,15343,700,2321,5068,1895,5939,7112,556,5221,-3349,1280,5939,7112,556,4922,-1055,1485,535,1104,1884,1485,535,167,1884,5003,9605,155,2932,2073,7094,-2080,-3356,1275,2019,-2080,-7120
6/7/2023,-220,-3828,962,-60,-1398,3056,-60,-3700,1139,-235,-2030,2413,-600,-4060,-5992,140,-2635,-7486,390,-2885,-7492,1930,4374,340,290,-1887,-3185,2060,2909,15569,-220,-1371,1756,-60,-1058,4049,-60,-1508,3669,-540,-4443,-2306,-600,-5210,-26639,140,-2591,-9627,390,-2212,-13522,2165,3023,23369,290,-2212,-10717,2060,4374,25220,-3101,4128,-2029,4227,-3101,4128,-1924,4227,-4301,-7472,-2124,-5690,22,-6524,916,10014,656,-4505,916,12640
6/8/2023,1345,2692,6714,1255,2692,7658,1325,2572,6714,1345,2692,8861,-596,-4236,-6997,500,4380,11979,410,1728,14148,1101,3292,15709,74,-1529,-4660,1465,-687,9568,1345,2692,9493,1255,2692,9493,1325,2572,10103,1525,3082,9068,-520,-1290,2201,500,4380,15519,1966,6216,20284,1465,-1552,19213,1616,5721,21719,1465,337,19213,3034,4038,3137,4925,2052,4038,2377,4925,-4360,-7183,-974,11310,4887,3085,275,2463,-1225,-5720,275,2463
6/9/2023,-107,149,3852,35,-1089,3852,20,149,3852,35,-1089,2843,1870,2636,602,1655,3342,943,2455,1120,-2616,450,-487,-5760,1645,-1122,3739,475,-245,-7500,35,-1089,7014,35,-1089,3854,20,-1089,3854,-1690,696,4462,1870,3669,13361,1655,3342,8173,2455,1546,5656,-462,7461,-4096,1645,2379,7155,475,8946,-2964,-893,10022,79,5333,301,10022,609,5333,1099,4224,3171,2964,-570,-1793,-634,-6910,-3085,5386,-634,-6560
6/12/2023,-1485,-4495,-5990,-1650,-4495,-5745,-2275,-4495,-5965,-1485,-2825,-6663,-1985,-4485,-6996,-1490,-3575,-7420,-1985,-3720,-7492,-25,1114,514,-1270,-2520,-2038,-25,303,2568,-1875,-4215,-7376,-1650,-4215,-5757,-2275,-4215,-5757,-1955,-3860,-10475,-5910,-14645,-22891,-2010,-9760,-13730,-4950,-13370,-18215,-25,1677,2721,-5400,-13735,-17440,-25,1155,6337,-2705,-507,-1490,443,-2488,-617,-180,443,-4435,-7456,-4500,-7500,-6998,-7369,2236,-3667,-6665,-1508,1871,-7080
6/13/2023,2263,1950,4421,725,913,-1114,220,1709,1897,3150,641,2028,2870,8612,27533,1805,4100,12112,2504,6342,19776,2055,462,-1713,285,1918,3869,4355,2080,-2220,3665,1519,2698,725,1324,457,220,1254,457,2760,2737,2089,2870,8350,29645,1805,4230,15802,2885,5491,23262,4314,7152,3941,3385,5491,21456,5053,4249,1889,1155,1076,-401,2446,464,1076,-1955,2446,10770,16449,6723,9815,7012,11124,3623,-3890,-962,2969,3623,-4933
6/14/2023,3427,5587,14683,1650,3883,14785,2550,4831,15188,2735,4310,14881,2010,9524,11034,2430,7085,10119,3490,6250,23223,1560,4130,6915,2462,3841,5170,1690,8650,11555,3480,4030,13831,1650,3883,14794,2550,3963,15464,3400,4733,13999,2010,9288,23237,2430,7085,16219,3645,9967,26849,2139,3978,31222,3055,9677,29873,1690,3930,32493,5170,13642,6324,17833,5425,14147,2655,15778,9216,21302,7320,17063,14522,20528,6549,10738,7954,6379,6549,15000
6/15/2023,-145,1000,316,-230,1280,2397,-355,1020,316,-190,1280,2900,205,-4138,-4261,-435,-419,2502,335,-4422,-3513,1795,-354,5903,440,-920,-4700,1795,-2464,16300,-145,1280,2695,-230,1280,3688,-355,1300,3688,250,1445,2953,205,-5716,-4103,-265,-1768,2861,335,-2661,-4183,1795,-2563,24334,590,-2540,964,1795,130,27312,1464,1439,548,2513,1301,1439,365,2513,-4403,-7350,-2110,5832,-1578,2628,-992,-5386,-2211,-5625,-1382,-5386
6/16/2023,211,-2608,-5677,1042,-2210,-5608,401,-2524,-6067,275,-2575,-7237,650,1073,-6897,575,972,-7466,1542,949,-7487,722,2468,-1013,1530,716,486,832,416,349,691,-2210,-14647,1042,-2210,-13505,401,-2524,-13505,261,-3045,-10204,650,1073,-12355,575,532,-1779,2205,1711,-7450,832,3561,18057,1530,1476,-7134,832,4163,18057,-1992,-3669,-2505,-3025,-1992,-3669,-2505,-3025,-4441,-6881,234,-6490,-366,-7162,-708,2438,4314,2240,-708,2193
6/19/2023,2555,3390,5307,3385,4205,5307,3385,4205,5307,2545,3390,6252,2705,5470,7755,1895,5030,9221,3395,8075,9706,790,3021,4923,1860,1600,840,395,2065,6355,2555,3390,6472,3385,4205,6472,3385,4205,6472,2545,1640,6472,2705,5470,7695,2335,7620,12296,3660,9770,15436,395,11072,26866,1845,9770,15436,395,11072,26866,-2330,-2715,-2330,-2715,-2330,-2715,-2330,-2715,3010,1795,3000,415,-3300,-1413,-3640,-730,-1655,-510,-3640,-1240
6/20/2023,665,146,437,960,-1305,1686,425,-707,437,665,-496,-2296,3150,17820,22539,-310,6268,6751,4201,12568,-1408,2305,1820,1082,2275,8610,1469,4200,3905,-1667,665,529,1282,-690,-380,2444,-690,-380,2444,280,-675,-358,3150,19350,22726,2145,15650,15381,2225,11967,9522,6258,8832,-25611,2255,11967,12071,5125,5960,-23620,1865,821,845,3664,1543,821,-311,3664,12803,14730,3647,1994,2889,-2813,-2660,-3876,4116,-312,-2660,-4574
6/21/2023,1564,4765,7878,1109,3461,7490,2676,5605,7878,1634,3096,6064,1430,1822,3875,368,1810,8231,2879,3787,11164,1855,650,191,2650,672,-1123,1855,403,3378,1564,3934,8155,1109,3934,6341,874,4774,6341,1209,3939,6086,1430,4301,16734,368,2956,9902,2525,5790,13764,1855,-3992,25734,2650,5790,14084,1855,-1421,26098,5145,5717,3621,6156,6378,3816,4841,4264,2771,988,-1024,3947,10178,5731,854,2626,301,646,854,2361
6/22/2023,-671,3440,-5857,-215,1235,-4665,-1095,2025,-5857,-600,1365,-5835,-9,-4018,-6429,245,2985,511,-74,-548,-5744,45,1846,2315,-807,776,788,45,1846,3597,-600,1225,-5786,-215,1235,-4165,-800,738,-4165,-65,-987,-1650,218,-5169,-11526,245,2985,188,685,1756,-7441,-1484,2589,28791,-140,1756,-8113,-5,1846,28791,1657,-5647,1769,-5121,1657,-5647,1769,-5121,-2567,-7401,435,2098,4435,-1869,1533,16832,-52,-185,1533,19673
6/23/2023,-35,2236,5528,852,1793,3983,637,2607,9385,385,2738,6905,1295,4878,7742,3180,5788,5149,551,5515,-811,500,6914,-3695,901,2746,3085,500,-660,-4275,280,3018,7870,852,1793,3256,637,1975,3171,761,5976,3951,1370,6219,13649,3255,1385,215,2041,2674,-1487,500,8542,-42424,1461,2674,-2374,500,8542,-42723,2229,5220,2136,2717,802,5220,1482,2717,6118,7417,7673,3460,4172,1163,6474,-4435,6665,9523,6474,-5277
6/26/2023,510,1807,-5477,116,1988,-5240,-10,2397,-5477,990,1703,-3081,-315,-1429,-6810,490,-3335,-3158,-865,-765,-6820,1393,1026,-5834,-485,916,-2339,1618,-393,-6870,990,1908,-3804,355,1988,-2430,530,2718,-2675,1040,211,-4580,-85,1661,-10643,1355,4410,-3340,-165,6795,-5552,1623,2550,845,-495,6795,-6184,1618,4955,1561,-351,2707,1138,3738,-1402,4528,1558,4688,2450,-7255,2713,302,6683,-444,5937,-1293,1722,-4925,5932,195
6/27/2023,244,-2263,-3396,1290,-2785,-1370,841,-2263,-3396,1725,-1030,-381,-1745,-3575,-6104,-1090,-2425,-3831,-1955,-3551,-5784,355,-1055,-3156,-1355,-2385,-1667,355,-29,-4966,1670,-2285,-3118,1290,-2285,-2154,1275,-2285,-2154,2035,-1318,-1927,-1760,-3255,-5734,-1550,-1575,-4919,-1125,-485,-6636,355,-10865,-18426,-735,-485,-6636,355,-10595,-14770,-3645,-2682,-2738,-3005,-3645,-2682,-3022,-3005,-3985,-7480,-2501,-5572,-1112,-6862,-3665,2435,-1905,-1664,-3665,-1369
6/28/2023,3095,3621,-1943,3540,1587,-1509,3699,4210,-2700,3090,1562,716,350,145,15791,1480,1310,12637,2024,3395,8269,1115,-1225,-43,1545,1170,4301,1285,-3715,-4368,3095,1587,-1927,3540,1587,-1494,3699,2657,-4128,1345,520,-1185,350,145,15791,1480,1310,12165,2024,2230,9951,1285,1501,-4758,1715,2230,8920,1285,-2425,-6273,2164,2707,155,3560,2164,135,800,1267,4336,24381,590,17939,5464,12752,-2810,-440,1606,5659,-2810,-4657
6/29/2023,3144,-308,-3761,3229,-2395,-1960,3189,-381,-3761,3144,660,-3990,1950,2844,8094,2925,974,10954,2501,2540,4454,2400,11619,-4990,2556,288,1590,2400,9583,-6568,3144,-2793,-5837,3229,-2793,-8590,3189,-1738,-8590,3136,-1358,-6905,1950,2844,25333,2925,2524,18148,2501,3654,13591,2400,12465,-6862,2556,3504,12819,2400,12434,-7564,542,-1824,28,-2572,490,-1824,-460,-2572,10593,17468,-1068,10848,4607,-540,-4787,-6782,1197,2131,-4787,-7274
6/30/2023,1530,3607,-448,3461,2395,-448,2705,2435,-448,1295,3607,-245,5061,6337,10401,2080,2576,7508,3656,3570,9476,2520,-5776,-5132,1907,-1694,-1985,4177,-3601,-5771,1530,3607,-709,3461,2395,450,2705,2435,450,1405,4677,1925,5061,6879,19585,2080,2576,8684,3656,3570,13918,5937,-2204,7261,2807,3570,14740,4177,-5776,7434,-5105,-3747,-4015,-4215,-4015,-3747,-2930,-4750,4713,3978,2072,753,1019,6720,9977,-4768,4777,-4840,9977,-5153
7/3/2023,-40,240,-2018,-30,240,-2018,-30,240,-2018,-40,-697,-2018,165,1007,7162,145,-1490,-4130,-480,-4186,3180,920,-4820,-5949,780,91,1633,935,-3965,-6194,-40,240,-2065,-30,240,-2065,-30,240,-2065,-40,240,-2065,165,1007,7162,145,-3770,-4015,-480,-4709,3180,1238,-6322,-9610,780,-4709,3180,935,-7385,-9610,-887,-2715,-540,-2420,-887,-2715,245,-2420,2710,1936,-1335,-5915,749,-137,-3401,-6125,2034,-1047,-3401,-5940
7/4/2023,1130,1545,5330,180,1706,5330,550,2036,5330,-100,730,6825,2170,1715,5675,1010,3480,6288,-755,4195,8503,1740,5410,3704,-315,-475,2380,1770,3665,5192,-35,3045,8475,180,3185,8475,550,4010,8475,-110,2885,8475,1740,1910,5850,1425,3480,6288,-1010,4195,8613,1770,11220,9930,-885,4195,8613,1770,11220,9930,-1463,-926,-2195,-940,-1463,-926,-1965,-940,3860,4835,1205,970,1710,2785,-3610,-2785,1265,4535,-3610,-2785
7/5/2023,3274,610,-2886,2211,610,-2472,1420,540,-174,2060,1919,-1191,8984,16179,11789,5424,17020,3328,5020,13811,3835,4564,5318,9,5296,10556,3173,5291,345,-4962,2065,610,-1285,2211,610,-795,1420,540,-870,1325,1095,7958,8984,16179,18519,5424,16840,14380,5020,13811,5394,5291,10702,-4807,5296,13811,5394,5291,10702,-4807,2057,-3377,2109,-3987,2343,-3377,2142,-3987,23201,11393,20378,2003,15146,814,585,-3881,12989,-1056,585,-3673
7/6/2023,-1345,-2262,-2584,-1600,-2868,-1899,-1655,-2966,-2584,-1925,-2010,-1494,980,-4378,-6982,-1130,-3680,-6495,-1715,-4419,-7495,-1060,-5677,-5874,-1255,-148,-1909,-870,-4472,-3630,-1345,-2947,-9907,-1600,-4573,-9907,-1655,-4553,-9907,-1925,-347,-6107,-248,-7667,-17475,-1034,-4229,-11420,-2705,-6242,-17419,-1178,1593,-15641,-2825,-6242,-17419,-710,1242,-14694,-3704,-3267,-3945,-6120,-3231,-3267,-3200,-6120,-4490,-7220,-3855,-7475,-4762,-7485,-5655,-5390,-1924,-5880,-5655,-5705
7/7/2023,-10,234,3516,560,2170,2802,750,-236,3516,75,2818,3397,765,-3366,3262,910,-2724,-4869,735,-1395,-1140,955,-3920,-5935,345,1323,7206,730,-1755,-6223,75,3361,1,560,3221,1106,750,2911,1106,-645,3236,736,950,-3226,5693,910,-4375,-6322,735,-3485,-6846,955,-7671,13181,345,-3485,-6589,730,-7415,10013,-149,13075,323,12140,1016,14075,500,12775,-3224,3581,-2924,-1919,-1663,-439,-2940,-3422,738,7767,-2940,340
7/10/2023,310,5779,4365,1156,5869,2575,1491,5723,4847,155,3614,4149,1840,7191,8571,505,7711,9051,80,5004,6956,755,13705,-2107,-115,4144,6976,565,13705,-1859,310,5652,4144,1156,5869,4558,1491,5723,5124,614,3915,5422,1840,7191,9155,555,8186,5886,80,5746,3973,755,13705,18885,-65,5971,7997,565,13705,18885,2000,-1295,3427,-957,2000,-1295,2567,-957,3405,-936,1106,556,4134,974,8,-2459,1179,1156,8,-4392
7/11/2023,-55,2961,-5028,340,1931,-4831,243,522,-5028,-245,1719,-6387,-1044,-1224,-3843,30,-39,-5185,420,-1888,-6765,-283,3471,-2748,-1438,-1091,-5263,-128,820,-3420,-55,1644,-12439,340,925,-11420,1571,-89,-11420,-305,1969,-4308,-280,-1496,-3952,185,2059,-5586,420,419,-12112,-305,3658,-6564,-1283,419,-10672,-128,3969,-4900,-2813,-4633,-949,-4788,-3580,-4633,-2850,-4788,-4156,-4712,-3195,-1614,-2114,-2853,-424,5119,-1792,-5445,-424,5602
7/12/2023,416,-799,-2452,405,-52,-968,807,-319,1966,335,-972,-968,995,4260,4258,537,-276,-3394,1402,2145,-6539,404,-4313,-2929,1844,1827,4369,404,-3397,-4021,416,-1159,-1821,405,-52,-260,807,-1523,1169,525,-1506,-140,1830,4576,7736,537,-233,-3870,2230,2145,-5154,-321,-5161,-22005,1845,2145,-10950,404,-8858,-24970,1738,45,2610,2173,3206,45,2258,2173,6776,21050,316,-1465,2095,2618,-5057,-4565,1798,9504,-5057,-3150
7/13/2023,-1130,-2913,-3422,-995,-2913,-3414,-1620,-2978,-3422,-1205,-2945,-3524,-1575,-4485,-7000,-1500,-4000,-7399,-1705,-4446,-7415,416,3359,3302,-985,-2190,-375,501,3885,8349,-1130,-2750,-3364,-995,-2750,-3448,-1620,-2815,-3448,-1065,-3813,-7446,-4350,-12745,-25310,-3120,-6480,-9287,-3915,-7655,-9481,275,6911,40977,-3765,-7655,-8825,501,8314,42103,-2163,2034,-780,1123,-2213,2034,-813,1123,-4354,-7497,-4355,-316,-4977,-4197,2986,16447,-2860,-465,2986,17852
7/14/2023,-290,735,-4165,135,-705,-6112,-280,-775,-5190,-170,1045,-5599,-215,-4161,-5244,-805,-3295,-7463,-945,-3511,-7463,-150,-3865,-5085,-550,-1581,-3925,-295,-1570,8328,-290,735,-7172,135,-705,-6595,-280,-775,-6190,-1560,-2230,-6515,-215,-3326,-13588,-805,-4190,-17710,-945,-2956,-21685,-820,-6418,-27440,-550,-2956,-21685,-295,-5585,-27440,2600,-2602,2031,-2095,2242,-2582,1605,-2095,-4305,-7044,-4410,-6319,-3259,-7481,-3660,808,-5860,-4030,-3660,-6493
7/17/2023,-980,-2766,1207,-1675,-3220,2569,-1852,-2766,1207,-1405,-2980,4124,715,-2245,-6990,355,1862,9199,-25,-2447,-699,640,8857,1637,-581,-1564,1716,1035,8823,1276,-1540,-2110,3097,-1675,-2110,4805,-1710,-3700,4805,-1380,-3905,-420,805,-4573,-8076,445,1862,10715,715,570,10567,940,6998,8179,470,570,10567,940,8745,8179,-4192,838,171,2914,-4157,838,-3030,2914,-3890,-7485,-625,4700,-317,-1126,-375,-5215,-6160,-5685,-375,-5215
7/18/2023,-380,676,1427,-810,-885,2743,-810,676,2071,-375,-995,2607,-1565,-4075,-6785,-290,-3985,-7490,-1520,-4475,-7500,595,-5358,-5935,-1385,-2295,-4565,830,-4290,-7378,-380,-885,2812,-810,-885,3227,-810,-885,3314,440,69,4210,-2240,-10180,-12756,-815,-9845,-11095,-2600,-12095,-15126,410,-9588,-26023,-2290,-12095,-13605,410,-8025,-23600,1041,-2211,-1003,-1358,922,-2211,0,-1226,-4165,-6750,-4250,-6595,-6987,-7470,-6465,-6735,-6690,-5525,-6465,-7415
7/19/2023,1115,-3233,-5094,1200,-3030,-4955,1200,-3688,-5094,635,-2985,-5879,865,4421,-4061,1635,3815,-6616,95,2573,-7446,820,4033,-3231,-75,576,-3226,820,7677,-4557,1115,-2170,-6055,1200,-3585,-4910,1200,-3585,-4910,515,1895,1250,865,6505,3778,1635,4060,-2839,95,2573,-7559,820,3709,10819,-75,2048,-8449,820,4033,11701,-837,-6935,-540,-6935,-837,-6935,400,-6935,5500,3234,4910,-4390,143,-6585,-463,-4774,3466,-2610,-463,-6590
7/20/2023,-600,-2845,-4175,-575,-2845,-4175,-575,-2845,-4175,-600,-1825,-6530,-1010,-4199,-6416,-690,-4195,-427,-1570,-3779,-6955,-1175,-360,-4911,-890,-2165,-4665,165,-854,6018,-600,-2845,2435,-575,-2845,3155,-575,-2845,2870,-1110,-2190,125,-1010,-6389,-16149,-650,-3065,-5358,-585,-4869,-7248,-874,-1354,9323,-760,-5024,-7162,-25,-360,10189,2758,-6134,4856,-674,3609,-6134,4460,-674,-4420,-7315,1707,-8097,-4201,-8480,679,-1165,-1524,-4335,679,-1165
7/21/2023,-665,-1210,429,-510,3035,1095,-389,-1534,-379,-335,2957,806,30,-29,-4921,118,-906,-2625,-255,-2309,-4275,-60,-1541,4845,-758,-174,-4575,40,832,5309,-335,-945,429,-70,-1300,1549,-112,-995,1439,150,-3155,-643,30,368,-3533,298,-223,4556,655,-222,-1364,40,-825,7056,70,-292,-1368,40,126,7056,-592,-3693,4784,-1694,-1033,-3693,1459,-1033,-1768,-3163,710,2947,-411,-1225,1660,8536,3571,2697,1660,8863
7/24/2023,155,19,-2988,-23,-1910,-4070,1008,19,-2988,155,-2760,-6300,990,1564,6407,280,1272,-938,390,2122,2075,-1103,1139,-4280,510,1921,-2182,-1963,747,-7165,155,-4361,-10296,-23,-4361,-13614,-159,-4361,-13614,-755,-4200,-13614,1120,4614,12311,-145,731,5041,1040,2411,10921,-932,6860,-8448,760,2411,7863,-2318,6634,-9482,213,-5701,-3680,-3700,113,-5701,-2695,-3700,5253,11276,3013,-1216,2252,1304,-6145,-5882,2735,734,-6145,-7460
7/25/2023,-130,-1339,-4232,-1120,-3270,93,-596,-1339,-4095,-600,-2064,-1110,372,1585,-1355,1426,4273,7797,1371,-184,655,400,-1419,-4412,213,816,4566,1145,-1419,-5631,-500,-3105,-518,340,-3105,340,315,-3105,340,-985,-3315,-1345,372,2760,7223,1426,4708,8651,1371,47,92,728,623,-30289,353,47,92,1525,-1419,-34142,-2412,-4981,-1345,-2700,-2519,-4891,-2815,-3980,-930,-1140,1757,2871,2815,190,-4699,-4415,907,7263,-4699,-4515
7/26/2023,370,5108,11964,410,4673,13584,410,4578,13283,370,3016,16648,635,6386,7911,755,6750,14046,1155,8220,13761,870,5962,10750,705,1490,770,1050,5962,1679,370,4106,21438,410,4673,22188,410,4513,22188,605,1173,19473,635,6530,14061,755,6950,10549,1155,6095,18575,2116,5606,7444,800,6095,16304,1190,5962,7993,4892,19694,5097,17344,4892,19694,4114,16104,7961,7980,6859,20648,6683,21426,5412,15258,928,-5,5412,15121
7/27/2023,1780,-1418,-4350,865,-867,622,340,-1670,-4493,1265,204,471,-680,-4246,-5672,1040,-3365,-6085,1555,-3589,-6917,1750,-5055,-4457,1455,-853,-2869,405,-4140,-7500,1780,655,-4092,865,445,-3385,340,625,-3575,280,545,-3580,-680,-1660,-13474,1170,2880,-15475,1555,2545,-7684,405,-7670,-12380,1455,1150,-8271,405,-4715,-10840,-3576,-5615,-3120,-3693,-3576,-5615,-1277,-3693,-4236,-6439,-968,-7003,-6419,-6778,-2110,-6785,365,-2864,-2110,-6840
7/28/2023,1740,5603,4425,2406,5336,536,2756,5833,4425,1766,4017,4039,3555,13429,5594,800,9315,5523,3971,11316,-2877,2465,762,-5591,3375,5358,3144,1995,574,-4875,1740,6086,3664,2406,5252,4519,2756,5967,4519,1447,3992,-3716,3555,14184,12142,800,10790,6737,4120,12338,-1817,3456,875,22451,3375,12338,-2675,1995,875,22451,5614,1064,4915,-176,4465,1064,4545,-176,8123,3938,1520,9515,3850,9385,5075,-1868,755,-3999,5075,-5248
7/31/2023,2145,1576,-273,2185,900,-680,2185,1876,-53,2075,475,-2826,6385,4198,-4228,9233,11676,7341,6912,18018,6377,8134,8698,-5653,8478,915,-3112,9112,23278,-3913,2145,100,-11443,2185,100,-12610,2185,400,-12610,245,-4585,-12860,6385,5495,3265,9233,13492,21305,6912,17575,19753,9112,8698,57068,8478,17575,20071,9112,8698,57451,-492,-1968,-1390,-2377,-492,-1968,-1290,-2377,1360,-3385,920,1428,8210,2012,6854,-6463,3799,-3010,6854,-6463
8/1/2023,2651,5743,179,3435,933,-42,2815,933,179,2651,5432,-652,6215,8935,883,2800,8964,5472,3611,15025,293,4655,7664,-2550,5840,-1253,5475,4825,-427,-4946,2651,7230,-403,3435,5125,-403,2815,5125,-403,2461,7195,1741,6215,14961,13841,2800,11281,7394,3611,17556,13353,4825,16671,-14579,5840,17556,16437,4825,17167,-14691,1933,-4081,1320,-5724,2224,-4081,2106,-5724,5,1854,465,1234,3876,6484,2211,-6272,315,4662,2211,-6272
8/2/2023,3100,9210,7094,3070,9380,7079,4185,9380,7123,3090,8501,7518,-1120,103,-6690,2485,2859,11397,-219,10310,15168,-230,-4311,-5305,-749,-648,-4415,1375,-4310,-1480,3100,9523,7729,3185,9693,7714,4185,9693,7758,4850,8317,12179,2060,2549,-1881,3500,6090,18870,4228,11282,18891,1378,8584,8623,4460,10324,19753,1375,7950,9115,2696,1468,3110,1468,2567,1468,2595,3389,3056,-6360,9439,15869,16126,12540,-5194,-2324,1309,-4085,-5194,2131
8/3/2023,275,307,-1448,-545,282,-687,590,396,-2394,275,288,-465,810,6747,7093,1340,4251,1743,2515,5850,-2688,7887,-5205,-5969,1780,5895,1754,11245,-2910,-7417,275,307,-1422,-545,282,-273,590,396,-626,620,-743,3027,810,7047,14710,1340,4092,-525,2515,6752,2333,10237,-5474,-5131,1780,6752,-1777,11245,-8430,-5131,-2410,301,-2154,-2609,-914,301,-3395,-2609,6325,10522,5762,7368,2667,7117,3582,-6036,5774,5345,3582,-7171
8/4/2023,944,-1654,1682,1967,-25,3214,2338,-2565,5873,694,-277,2660,1180,-2705,3667,1540,-922,-5373,1640,-1537,-7057,985,-1485,12413,1580,-760,6369,985,-1485,797,944,-170,5229,1967,-25,2524,1649,-75,2832,1105,-725,3734,1305,-1686,5362,1540,-275,-3088,1640,860,-5667,1019,-2532,-6444,1300,730,-6899,985,-1485,13029,-1269,1194,-1412,2269,-457,1614,-119,1754,-1082,193,-4125,-7007,-2856,-7097,10428,10029,1867,3849,9821,9659
8/7/2023,-1195,-1114,-1979,-1715,-1081,-4837,-2265,-2272,-4837,-1760,-1995,-1233,-330,-4483,-6985,-1025,-3676,-7221,-1770,-4418,-7387,-1370,-5456,-5939,-1045,-1068,-2281,-1430,-3603,11063,-2310,-1114,467,-2265,-1081,-1474,-2265,-2272,-1474,-2160,-3416,-4883,-760,-11418,-24614,-880,-6801,-10725,-3195,-10161,-20185,-1646,-3092,-719,-1765,-9051,-18525,-1430,-2107,-3434,-1741,-2400,-1900,-5038,-827,-5458,-825,-4327,-2642,-7450,-3791,-6985,-3357,-7496,-3174,-6882,360,-1847,-3174,-5996
8/8/2023,-725,-625,126,-725,-625,267,-725,-625,126,-725,-868,995,-1810,-4238,-4106,-1050,-3765,-5657,-1505,-2391,-7498,255,-4441,-4264,265,-2200,1410,255,-2335,-6474,-725,-625,3263,-725,-625,3263,-725,-625,3263,455,45,1773,-2725,-13310,-20713,-2565,-11265,-23640,-3990,-16164,-30840,255,-7825,-22643,-3445,-16164,-30840,255,-7155,-22198,3179,2391,2993,4130,3050,4275,2730,2527,-4452,-6148,543,-7035,-6785,-6497,-2870,1196,287,2280,-2435,1097
8/9/2023,2982,4946,7274,1350,7115,11167,2476,5257,7608,1870,5588,10182,-447,-540,-1240,1465,1577,8761,1354,2309,-6630,-518,2343,4216,445,4865,1752,460,1913,1959,1870,7753,8284,1350,7164,10303,1360,5105,10058,2753,7028,5203,1463,3980,8789,1530,2880,7890,1733,2370,7021,-1528,2990,2932,1760,2370,9720,460,4238,3739,6702,13784,7695,12063,6517,14219,5112,12205,2549,1274,1295,1569,5769,1711,-280,-6689,1085,3226,-280,-6875
8/10/2023,2355,1972,422,4280,3050,-954,4445,2005,397,2290,2415,-3346,175,5549,-3397,65,1733,-5890,370,2217,-7395,1029,2932,-5925,355,833,-780,1129,18733,-6010,2355,3160,-1575,4280,3050,-2733,4445,2751,-2518,1770,2040,-3033,175,6024,-3751,65,1613,2080,370,3702,-150,432,2162,23062,355,3702,-260,1129,4226,25843,1780,-2261,1547,-3076,907,-2261,1804,-3641,6329,-2929,593,-5855,6235,-7408,5502,-6860,418,-5015,5502,-7405
8/11/2023,2605,2994,-2949,2163,908,-4087,1278,4212,-2949,2015,2620,-4221,2410,198,15265,4190,1331,2278,545,2659,15666,2349,-900,2281,1479,308,6829,2349,-500,-2040,2605,-322,-1721,2219,-1482,-10190,1745,3774,-10190,1820,7007,-7625,1570,2954,18793,4190,2505,6352,1170,462,28640,2349,-6666,9594,1775,462,30982,2349,-6556,10309,-2695,-2103,-420,-4492,-2090,-2103,505,-4492,6406,21126,-49,-3438,-490,7784,-5508,-3351,3222,11407,-5508,-3606
8/14/2023,205,2372,-888,225,1660,-1885,92,2191,-888,1036,935,990,-384,1848,-3424,-240,107,-4700,-603,-417,-4507,-215,3953,-707,-1246,-1065,-4194,-936,509,392,205,2193,-2634,225,2193,-555,650,1919,-555,1026,3944,-1040,-198,940,-8120,-290,849,1553,-220,1462,-1960,-570,6753,29326,-1249,1462,-2624,-155,7304,31259,-1994,-2046,-1180,-178,-2409,-2046,-1815,-178,-3745,-2125,-2527,-5136,-4323,-3954,7384,3977,-4960,-5745,7384,3977
8/15/2023,92,-2471,-1029,587,-2113,-1350,721,-2686,194,97,-1963,-1092,550,900,-855,587,-107,365,758,-2835,-796,531,4023,-1406,503,194,1338,850,1264,2909,92,-2008,-6207,587,-2113,-6842,721,-2291,-6237,-503,-3730,-4259,550,602,-3309,587,871,3580,862,153,6965,570,-266,48032,657,153,9855,850,2942,51400,1228,2787,1015,-5808,1008,2787,2190,-5808,1341,5205,3736,11498,4923,18624,4210,11665,2427,1537,4210,17764
8/16/2023,260,4909,-2810,165,2734,-1094,-95,4028,1185,260,1754,-2631,745,5416,-3079,895,4134,-3011,680,4897,9511,890,-5875,-6000,620,2772,-4895,890,-4365,-7425,260,3804,-5470,165,3704,-5525,-95,2309,-7635,535,4093,-4915,745,5963,8084,895,4134,1738,680,4061,9277,890,-502,-428,620,3796,8296,890,380,375,-692,-4416,1605,-2900,-1519,-4833,1315,-2900,3356,8697,2380,4213,3594,6498,-5895,-6935,2969,-4590,-5895,-4076
8/17/2023,75,-524,-1657,100,-120,3076,215,-449,-1657,260,-210,-1969,680,-2017,-4251,-218,-608,-1979,193,-2491,-7495,825,772,-516,595,-734,1706,1095,564,-606,75,-195,-5987,100,-120,-5874,215,-120,-5874,255,-335,-357,680,-1403,2814,-38,-88,2259,193,-1250,-894,-379,481,-1548,852,-1385,-207,1095,772,32,2650,-7233,2472,-4861,1911,-7233,2751,-5380,-2462,-4614,-1734,-7299,-3009,-7728,6115,137,-529,-2819,6115,-26
8/18/2023,-5,4800,17511,-815,4560,17159,-399,5892,16554,325,3979,15546,2955,-1942,-3433,2395,2609,2934,2730,-4049,4292,1020,15967,-555,2525,-2565,-1992,2555,14838,3938,-5,3919,17689,-815,4560,17928,-78,5010,17210,-1025,2955,13485,2955,-1545,-5363,2395,3508,12240,2730,1415,4936,2386,14058,20565,2525,1415,5270,2555,16009,20984,5477,14843,5545,15483,6011,15364,5221,15483,-1895,-961,1378,8250,2763,-2867,16358,-571,-4385,-5725,16358,2387
8/21/2023,-637,-1179,-725,145,1395,5799,-1170,-4463,-725,1000,3233,2617,-1795,-4464,-6981,-1245,-3705,-5368,-1706,-3961,-7456,95,-3310,1503,-1461,-2285,-2081,95,-3536,-1837,710,225,2181,350,225,4577,295,-1195,4577,125,-2160,5682,-2995,-9045,-14701,-3130,-5080,-7878,-3655,-9585,-13121,-333,-3482,-19632,-3365,-7215,-11315,95,-3310,-16395,-2137,6060,-505,6161,-2137,6060,-405,6621,-3924,-7093,-3910,957,-5849,-5376,-2340,11062,-1795,-1414,-2340,11258
8/22/2023,605,1626,-2258,715,1097,420,892,784,-3723,995,589,797,1373,11324,750,3195,7915,11633,3140,17492,10902,4495,5268,-3172,2912,3340,-820,4495,3327,-5221,605,952,1562,715,1423,1562,465,-59,-722,830,-300,274,1373,11324,11299,3195,12830,11843,4195,15869,16445,4349,10001,20202,3335,15379,15520,4495,9511,20310,2019,93,765,-2256,127,93,2987,-2256,9351,2364,6193,862,11676,175,9635,741,6675,5706,9635,259
8/23/2023,2225,-515,4738,1970,-310,16115,1668,695,4103,2035,-380,16062,404,-2130,2759,1272,1741,16360,978,55,15257,2775,-628,-236,2083,-1292,-4665,1865,-1465,-2260,2225,-310,15977,1970,-310,16993,1645,950,16812,2485,-880,9261,427,-925,5137,1272,3471,19526,750,1346,17474,1702,-2287,15562,1360,1346,17754,1865,-628,16187,-784,-4337,-1330,-4021,-784,-4337,-210,-4021,-3130,1305,7105,7496,584,9267,-4495,-839,-2576,-5695,-4495,-234
8/24/2023,-20,-1258,-251,-10,-1233,1433,235,-1188,-846,-20,-1258,2565,385,-4009,-5801,1000,-591,-7478,1415,913,-7417,335,1431,5153,1470,-1647,-5985,385,-170,7047,-20,-1258,-94,-10,-1233,1592,235,-1188,1507,1835,-2263,957,385,-4009,-21171,1000,-150,-8884,1415,2029,-10848,-1322,2194,8009,1470,1244,-10952,385,3360,8571,1994,3416,2125,4213,468,3416,2640,4228,-3681,-6360,-4220,-7407,-3007,-7172,2415,716,1525,-4290,2415,1335
8/25/2023,950,3633,675,705,-1018,3429,1104,2231,2369,800,2645,-409,947,3889,5852,2415,7590,18,264,5280,1057,3021,3068,-3921,200,-718,2880,2842,-1782,-4962,950,2299,-2294,705,675,4594,970,1865,6561,1015,3235,-2444,947,5591,4484,2490,7590,-6207,956,2083,-8173,1774,2521,-30122,616,2496,-8049,2842,3518,-28277,832,-316,1024,-2427,4615,-1527,-244,428,7346,14822,1219,2127,8492,4565,-1471,69,1351,194,-1471,6175
8/28/2023,265,3931,339,-510,3526,162,-750,5425,162,675,4280,2337,1000,3239,9466,1040,2032,3748,570,557,5853,-742,-4704,-2966,641,1358,3440,-1292,-2714,-1967,495,3931,-10,-510,2927,-185,-750,5546,-185,1000,4141,4135,1000,3239,14565,1040,2137,2895,570,2259,4560,-2461,-14699,928,960,2259,4560,-1292,-13367,928,870,5020,3311,5020,2155,5020,3026,9215,4315,9545,2572,5254,-78,5838,499,-1087,1170,3874,499,-717
8/29/2023,90,-2876,2977,-980,-2970,4357,-910,-2996,3676,-475,-2865,3742,925,-2220,-392,225,-2220,8693,860,-2175,5469,1035,225,6630,-503,-1456,-1764,2210,4978,14132,90,-2865,3965,-980,-2970,4746,-910,-2985,4981,-420,-2380,1552,1065,-3728,-1457,225,-2980,10333,975,-2625,8729,447,-2050,43529,1297,-3305,7235,2210,225,44845,-2720,-3733,-2300,-3153,-2720,-3733,-2300,-3153,-4495,-6405,-4351,3888,-2952,10427,-875,4984,-2636,-5375,-875,9918
8/30/2023,3865,-1750,-3329,755,-1553,-3545,-461,-1750,-3329,3865,-468,-3552,1340,2349,9309,1007,1974,10182,1056,926,11518,2302,6310,1599,3746,2973,2107,2302,6310,1200,3865,-2230,-4616,755,-2230,-4353,5,-2230,-4353,2571,-1120,-3197,1340,3854,20569,1007,2200,10679,1056,441,13392,2302,5747,-1208,3746,441,14101,2302,6310,740,1193,-4779,-1008,-3581,766,-4779,-1857,-3581,3125,4961,343,7449,-990,3224,2101,-4380,1541,3116,2101,-4380
8/31/2023,1389,2878,182,639,2313,166,1982,2060,739,580,2696,-1062,1485,5931,3316,695,4076,-622,3805,5543,2093,1935,-960,-457,3517,2443,5954,1925,-1404,-424,1389,1220,-1574,639,2313,-5102,229,1913,-4102,1210,216,-6888,1485,6132,19482,1350,5863,5805,1895,6180,-106,3365,1768,-14438,2307,6175,-106,1925,-334,-14454,648,2669,-166,962,1500,2669,-968,1152,9670,8721,5999,3425,9109,-633,1121,-3063,3128,3593,1121,-88
9/1/2023,1487,3261,-1713,370,4317,225,307,5789,946,683,3289,246,810,-568,-5387,655,744,-4524,3804,7067,-1484,2150,7258,691,2421,1466,-4300,2150,7030,363,633,2971,-221,370,4317,455,755,4896,1093,203,-717,-1603,810,-646,-4441,655,1648,-12168,2070,6722,7926,3300,7620,4963,3242,6693,-3549,2150,7258,4963,782,1135,4446,4545,6564,6273,3446,3938,255,-6505,2324,-6274,387,134,4282,-5263,1900,-4290,4282,-6599
9/4/2023,265,-1215,1355,285,-1215,1355,-220,-1215,1355,265,-2160,1355,1260,1605,2895,2435,4360,7151,3252,5213,7242,-250,1060,1368,2569,1361,1298,-250,1060,1368,265,-1215,1955,285,-1215,1955,-220,-1215,1955,-240,-1215,1955,1260,1605,4952,2435,4360,7049,3252,5656,7242,-250,295,1368,2569,5656,7242,-250,1060,1368,-269,-3329,960,-2280,-269,-3329,1120,-2280,1585,5870,-191,4091,309,2832,3275,4235,324,5649,3275,5925
9/5/2023,3259,1321,-2507,1015,164,-2701,1939,1321,-2507,2150,-81,-1933,1685,4263,713,2665,4090,8710,3585,4884,7372,1785,332,-2783,4405,617,133,2585,332,-5678,2150,164,-4842,1015,164,-8168,1240,164,-8168,1730,-1376,-7214,1685,5892,7888,2665,4090,11318,3585,5220,8652,3302,332,-8463,4405,4487,7219,2585,332,-12986,1652,-5439,-425,-5389,1652,-5439,226,-5389,4112,1173,5178,8309,6495,-2276,5440,-1954,817,165,5440,-3926
9/6/2023,-40,1532,-3080,-1130,1532,-2521,-655,2272,-4430,675,1532,7971,1071,-1410,-6955,-1010,-1895,-6901,-607,-1073,-99,-1490,1999,-3206,704,-1125,-4730,-1480,-3125,-5953,675,1532,6388,-1130,1532,5770,-655,2272,3098,790,7,8201,230,-5500,-9796,283,-6220,1060,-1935,-16,11569,459,-4130,42984,-2205,-16,12009,-462,-6973,42826,2351,4358,3006,4780,1751,4358,483,4780,-2129,-5785,544,-3849,-694,-4799,-1384,-4614,1416,-4085,-1384,-4849
9/7/2023,-1160,-1233,-1224,-685,-380,891,-627,-1018,-1224,-635,-485,5943,2330,606,-989,1920,3553,10281,1596,8627,-631,725,10299,-982,1276,-1238,-218,1425,8437,635,-490,-380,5708,-505,-380,6908,-355,-395,6908,-385,190,5794,2330,2369,-5301,1920,3672,7191,1596,11472,1240,747,5250,21588,1341,10016,-687,1425,6416,22446,1591,5539,892,6817,249,5539,667,6817,1580,-3120,10158,9630,5054,9122,3696,-5375,-3320,-2431,3696,-3475
9/8/2023,42,-932,-4311,-347,-1177,-4288,396,-1448,-4476,171,-684,-7125,360,-3382,-6998,54,2751,-6591,170,-1669,-4945,990,-2600,-4787,445,-2335,-1750,382,-1845,-5009,171,-932,-8304,-347,-1177,-8500,823,-1448,-7815,-65,-3070,-11130,360,1088,-6366,54,2751,-13515,170,-808,-15633,1998,6171,-60180,445,-1400,-15633,2202,6575,-60180,-1203,-465,-1118,375,-3294,-465,-898,375,-152,-5651,-1875,-2909,-2047,-1085,-2660,-5765,-2053,755,-2660,-6349
9/11/2023,-505,234,-5013,-1125,633,-4785,-1110,-1364,-5013,-370,-953,-5394,-1655,-3593,-6986,-1328,-3983,-7431,-750,-4493,-7461,-1110,-6448,-5871,1495,-769,-2246,-2265,-4403,-7464,-505,1187,-6018,-1125,1112,-6018,-1110,-293,-6018,-590,5452,-6043,-2471,-5304,-14245,-2550,-6459,-19860,-3775,-6908,-17463,-2789,-8191,-14824,-2575,-6908,-17463,-2195,-7153,-13204,-244,-7173,-307,-6029,-2354,-7173,-2295,-6029,-4215,-7500,-4495,-7495,-6970,-7972,-6460,-6900,-6490,-5355,-6460,-7500
9/12/2023,-295,-1027,-2879,-105,-54,-2942,-675,-967,-2879,-135,-637,-5819,935,-4046,-6970,935,-1617,-2703,984,-3744,-3279,940,797,6464,717,147,-4595,940,8377,-761,-295,-295,-7168,-105,243,-6160,-675,38,-6160,-1250,-585,-7585,935,-4184,-10930,935,-42,-988,984,-2600,-3975,940,-123,510,1110,-2600,-1983,940,797,2060,-3006,-615,-1956,2285,-3006,-615,-1239,2285,-3174,-7261,-689,-1085,-4963,-1514,4438,13771,-2650,-2746,4438,14677
9/13/2023,2269,-2532,-1408,-35,-2575,125,2453,-2042,-731,-125,-1623,-1551,1995,4226,12437,2230,100,2840,3220,4505,2043,2784,-1425,-1577,2580,4343,5726,2814,-365,-3850,-125,-2400,-2927,-35,-2400,-2959,446,-1910,-1980,-150,-435,-4299,2215,4383,22592,2230,932,3097,2889,6597,13847,2814,2121,-1784,2800,6597,14942,2814,-1425,-2190,1724,9418,-262,9998,2554,10556,-262,9998,-252,13895,2717,5699,1110,7400,1861,-6156,5608,1222,1861,-7441
9/14/2023,2387,2684,-4609,1920,1818,-4728,1950,2684,-4609,1765,2351,-3811,722,3018,2228,570,2579,2248,1815,2767,-3782,2265,-5635,-5980,470,-2288,-1305,2755,-4465,-5706,1765,3265,-5358,1920,3265,-5389,1950,3265,-5389,2125,3535,3031,722,3058,6907,870,3939,5444,1625,3055,-2239,2849,-6733,-3413,1950,3055,-1167,2880,-6040,-2175,31,-5283,455,-6130,31,-5283,263,-6130,2262,2893,4597,3535,3139,2941,-4492,-5931,-45,-875,-4492,-5504
9/15/2023,490,227,-4035,915,1422,-3594,100,-625,-1667,-165,76,-3804,317,1265,-5787,2360,1682,-4005,4750,6262,-7732,-935,7928,-3710,271,1244,901,135,3897,7155,490,436,-1567,915,1422,-3061,100,-1438,-1569,585,-1398,-4768,515,1193,-12363,2295,3611,-3670,4750,12088,-9038,135,9786,-13803,3535,12088,-8511,135,10580,-13580,-2105,-1302,-90,-59,-2105,-1302,65,-559,-848,-2699,-1812,4651,-1572,12614,3491,13200,1233,-454,3491,16033
9/18/2023,645,1133,3262,991,1133,3575,539,815,3262,640,738,6031,2156,-2321,-2308,1785,-3809,-2970,-777,-4421,-5339,1088,-5101,-5946,-190,145,2489,180,-4364,-7477,645,1700,12668,1216,1700,12934,500,1715,12934,555,1478,10633,2156,71,14559,1785,-4435,261,-1142,-4656,3571,180,-5672,-7963,-190,-4656,3765,180,-5672,-11483,3794,16226,2437,16226,2203,16226,-31,16326,4426,6173,105,4355,-2154,4377,-5888,-6110,3587,-947,-5888,-5290
9/19/2023,-170,-1010,851,-1810,-564,949,-1805,-916,931,-345,-1294,-55,-945,-221,-2820,230,-1216,-3492,-1612,-2338,-2976,-1095,3787,-3026,2858,-79,2914,-1345,3724,-684,-170,-459,-80,-1810,-564,-300,-1805,-635,931,-110,-1865,-1392,1150,857,-1710,230,3064,-1244,382,6447,-4597,-1410,5023,-17191,2088,6447,-4966,-1165,3285,-19047,1692,-7361,2972,-4899,3579,-7361,1339,-5359,2012,-1902,3087,-2792,7546,-3187,-1783,-5945,-2314,1838,-1783,-4370
9/20/2023,725,1641,-619,1135,2103,-5988,941,874,-106,725,2421,-2549,-773,18867,-5884,35,22250,29516,1357,3950,10906,205,11337,6408,375,3244,-4680,25,9934,6861,725,1813,-9213,1135,2003,-8936,1155,1310,-8141,835,1000,5728,-305,18867,1650,545,22737,31021,1377,7471,28254,-329,9411,35637,660,7216,30921,25,12257,33942,-1533,7574,-1167,-6078,-939,7574,-57,-6078,17147,-6875,17774,11042,16563,8812,6533,30684,19839,-4485,6533,30417
9/21/2023,324,1847,-4210,770,1927,-5899,221,1717,-4706,510,2158,-7269,590,2466,4908,290,1784,1816,901,460,-6199,-44,-2653,-985,606,-2,2629,-44,-1432,11974,510,2132,-2974,770,1927,-542,935,1717,-1067,740,1450,-2755,590,2466,-3639,435,1784,2437,901,450,-7194,-44,-3301,-9945,606,325,-5025,-44,-2338,-7600,-76,-1651,-655,194,-76,-1651,-655,194,862,-5095,-2091,-1924,-3984,-6196,-4219,707,-474,-695,-4219,-4467
9/22/2023,765,4784,594,345,1162,-365,1310,1816,-891,765,-51,-5696,1650,2100,9889,2405,-11,-2716,174,-737,-8190,-1435,-5705,-1116,52,1613,7692,-1480,-4415,-2271,765,-541,-5723,345,1162,-2905,1310,1547,-4410,1010,-1135,-5705,1650,2455,5030,2405,3194,-455,900,2519,2305,106,-8715,-15139,-310,1054,-1160,-750,-11080,-15293,1457,2098,-626,1174,1740,2036,-676,-2764,1002,11677,283,-2456,240,-1460,-6427,43,1265,9798,-6427,-7452
9/25/2023,1645,1842,-32,957,-370,-1183,4016,2501,-3516,990,1072,-1413,30,540,701,1550,1502,-2471,-454,1716,4,1230,-3046,31,265,819,2228,1520,-2235,1266,1645,4015,-4496,957,3844,-2896,1335,2894,-2896,1105,6494,975,30,1967,4789,-315,367,6564,-360,1574,11770,495,-5048,22247,265,1574,13133,180,-3046,25212,-694,8624,264,10699,-1795,10224,-145,9099,383,4732,9,452,-3777,-923,-1725,4237,-1508,385,-1725,4237
9/26/2023,-440,-1856,-4885,-1275,-1895,-5935,167,-4303,-4885,-440,-2867,-7495,1510,-1875,-2164,2135,8768,-5324,850,10216,-5370,870,9420,2583,1810,2242,-4655,870,1293,19108,-440,2724,-4194,-1125,2524,-5050,910,2489,-5050,-1755,160,-12450,1510,441,-1361,2135,6661,7381,850,4603,8919,870,1354,36765,1900,4603,7319,870,2195,37262,-2086,-5150,-3937,-6241,-4399,-5150,-2802,-6241,-2047,-2152,2366,-2097,4214,8494,22190,1632,-713,-4335,22190,14852
9/27/2023,-250,3502,8298,60,1870,6594,-188,6947,6505,-250,4986,4342,353,6673,12691,705,8230,13537,1845,7977,19895,870,6884,5021,1311,1392,1768,870,-563,4599,-250,1755,11319,60,1500,6528,-20,1585,6528,-155,2060,1098,610,7145,17636,705,7115,13537,1845,8290,20086,870,4868,11075,1311,9090,21840,870,6884,13310,-1017,10388,205,3939,1753,10388,980,3939,4106,8214,3318,11562,4708,11478,3909,921,4352,329,3909,-4922
9/28/2023,55,-2527,-4675,600,-1712,-3691,792,-1213,-4872,55,-2205,-3780,-780,3394,264,1685,164,-3335,-813,-3992,-6365,985,2483,3127,593,-2157,-112,920,2041,12016,55,-3310,-12394,600,-3335,-9494,792,-3335,-8504,-350,-2435,-11306,165,2808,9460,1685,5281,6473,230,2527,3011,433,2203,13050,370,2627,1158,920,2483,14957,849,-3757,1214,-4110,-2679,-2740,1534,-2817,5162,-433,6554,-5878,296,-4856,4125,-1438,-2360,-1331,3815,1367
9/29/2023,-30,1607,-1758,105,1385,-886,105,1908,975,-30,1200,-2715,680,5335,-5885,720,5346,-7475,3043,4197,-7450,2920,-6075,-6280,2882,-346,-1557,2915,-3495,-6280,-30,580,-1707,105,1385,-2038,105,2280,-2038,-635,-515,-4462,680,5387,45,720,5877,-3975,3960,3603,-8121,2133,-456,-25560,3575,2853,-5155,2915,-3221,-25294,4856,11,5740,1352,5667,11,4425,1352,-475,-6535,-1110,-7420,2873,-7462,4917,-4,-2539,435,4917,-4891
10/2/2023,1475,-664,8218,1660,-607,8079,1010,-978,8658,1140,115,6541,2705,2,-832,220,2301,-4549,1341,3145,6268,330,-2436,-4442,485,3590,3665,430,-2464,-4567,1475,115,6186,1660,-607,7003,1010,-651,7869,135,1457,6539,699,-115,4089,220,2301,-4366,595,3145,3059,518,-1040,2035,105,3145,4246,555,-2436,2035,2327,4330,2716,6555,2206,6211,305,7281,666,4177,193,10861,5949,1907,-13,226,2035,2365,-408,-4656
10/3/2023,931,1736,-102,810,2015,3849,1175,3053,3079,1265,2190,380,-380,-3670,-4021,150,290,9322,2048,3620,-551,235,15422,-3823,-1041,-1080,-3930,195,14516,-1571,1265,2015,3379,810,2015,4447,1175,2303,4447,-1865,-1230,3785,-380,-2180,-5296,1290,1187,10094,1686,6073,3163,-929,14157,-1047,1101,6073,2523,195,15412,207,1629,8946,3652,13895,3615,12075,3704,13975,-4070,386,1408,10250,4911,13546,7895,13278,848,-4084,7895,14544
10/4/2023,160,-416,431,600,1381,-2370,-217,-19,1445,465,-565,-4135,-545,2164,-5856,-945,1968,3058,927,5182,-1222,-530,3401,2100,-1246,754,867,-530,3401,3305,365,-60,-4062,10,1381,-3537,115,490,-3919,-2060,-1660,-2243,-545,5171,-1045,-945,1968,773,927,5454,2562,-530,2865,18741,707,5564,907,-530,3401,20153,349,-855,1715,-669,803,-1430,1512,-254,3008,5765,752,3731,2315,5511,3147,7199,-401,-1578,3677,7159
10/5/2023,-149,-2798,2566,-1075,-2975,4053,-974,-2798,2123,-225,-2107,3288,2265,4745,-1738,-1030,-1540,-3431,-165,618,-4820,-445,-2346,-2758,1420,3350,4329,-150,-1231,-3242,315,-2975,2566,-1075,-2975,4053,-90,-2975,3838,525,-1530,-53,2640,3861,-3457,195,-681,-10025,2045,-3886,-7587,-432,1831,-7370,2670,-3886,-11848,-150,1144,-12539,1825,2735,3380,4577,2124,2735,1794,4577,258,-6895,1225,3706,6003,-6474,467,-5209,3292,4127,467,-5209
10/6/2023,455,-2515,-3110,535,-2085,-3110,302,-2110,-2890,1020,-1880,-2850,-940,-2975,-6965,-775,-3455,-6360,-1115,-3075,-7110,880,-2517,-4715,-100,-2285,-4715,880,-2770,-4716,455,-2515,-3110,535,-2085,-3110,525,-2110,-2890,1489,-1250,-2475,-385,-6965,-13630,-20,-4260,-4935,-950,-4195,-9718,387,-770,-25106,-240,-4535,-7985,880,-770,-25106,-2285,-2669,-2285,-2395,-2285,-2669,-2285,-2190,-4085,-7525,-3855,-7455,-6376,-7455,-1085,-1495,-5300,-5760,-1085,-1495
10/9/2023,-110,1050,-5996,665,2780,-5963,905,-200,-5996,-110,2137,-5813,960,2655,-4760,1065,1472,-1322,2330,2914,-952,1400,-1086,1104,2115,-465,1541,1400,-1086,2376,-110,2805,-7096,665,2780,-5733,905,1485,-5733,-235,834,-7878,960,2982,6226,1065,1472,-1277,2330,3754,30,1400,-1086,11005,2115,3792,-1005,1400,-1086,11005,-1248,-5171,780,-5520,-4335,-5171,-1394,-5520,-934,-5420,-1234,-3002,-934,-4276,3955,1231,-442,111,3955,1090
10/10/2023,595,1626,3009,65,1561,5180,65,1561,8037,595,1626,8621,1390,455,1567,1535,-2065,82,1055,2636,2142,2519,5757,11988,1355,1696,7212,2790,4165,18354,595,1626,7145,65,1561,8895,65,1561,9621,670,2171,11209,1545,61,4340,1535,-2215,306,1055,-1085,2647,2175,9691,18679,1355,-400,312,1945,8150,20114,280,355,390,355,2285,355,280,355,1094,-1368,-175,-2384,1420,-2500,10135,8368,50,4794,10135,8424
10/11/2023,-355,1977,1341,951,1972,3499,951,1972,3251,-360,1937,2803,-1790,-2905,-6014,-1165,-2115,-5341,-1266,-492,-6026,-945,8106,6730,-1145,24,2953,-945,9462,7541,-355,1977,2931,951,1972,3699,951,1972,3699,-180,-893,8288,-2425,-2505,-2792,-1416,-4225,-2997,-1806,690,-5974,-945,3970,9007,-2036,690,-4902,-945,5405,9007,2928,5003,1985,5527,3346,5003,2100,5527,345,-5009,1322,-381,842,-7485,-1473,1004,818,2775,-1473,2907
10/12/2023,1730,5139,-7308,550,5675,-7085,470,6991,-7588,1770,4574,-6740,510,6950,3064,305,2643,-6240,200,3046,-588,-1330,-1872,-3602,25,3594,4821,480,-2437,-5467,1730,5099,-3510,550,6189,-3287,470,7019,-3302,1685,4669,-6502,510,5183,4245,305,2595,-4070,200,3523,-4697,1119,7221,-26605,750,3438,-4870,480,4813,-25615,934,-6039,-83,-5840,-446,-6039,1047,-5840,2854,-1381,-960,-6520,-393,-7125,-6345,-2020,3331,4536,-6345,-2020
10/13/2023,1041,2547,-2034,920,2505,-3046,830,2275,-2486,815,2218,-3805,375,2870,613,910,2428,-6075,-1150,3239,-6365,-85,15072,-5475,-1045,-2265,-3975,475,10497,-6145,850,2504,-6532,920,2505,-4774,830,3873,-4994,-800,-1643,-3685,425,2870,320,910,3120,6530,-1050,2330,3214,480,17213,14019,-915,2190,4618,475,19032,14875,3619,-5384,3679,-5465,3619,-5384,4429,-5760,4470,4972,1566,-1339,6895,2968,12895,9918,-1407,-1334,12895,7152
10/16/2023,129,3603,2140,3384,3657,2483,3077,3222,2050,259,3450,2845,865,7169,5892,1240,8349,14297,1120,9926,15040,1060,10687,-2671,317,5063,3152,1060,10633,432,129,3781,3732,3384,3661,2996,3268,3474,2996,229,3736,5461,865,6211,11499,1240,8349,15037,1120,10979,19784,821,11065,7902,990,10629,20249,1060,10687,9753,1206,-265,1190,262,1156,-265,1325,262,1015,5018,5711,-3064,4336,-803,7798,446,-350,-3478,7798,-1309
10/17/2023,-220,-550,-3095,-10,-278,-4280,-10,-550,-3690,-330,1072,6409,-135,2663,2986,-1010,-1280,-4454,-1420,-689,-4095,-1330,-2981,-5900,-1150,1736,1169,-2380,-3186,-6175,-220,-278,-4940,-10,-278,-4019,-10,-278,-7215,-515,-218,-6672,-45,3335,7436,-22,-4490,-12935,-1875,-1040,-12644,964,-11800,-67796,-2180,-1040,-18365,-757,-11519,-72830,2384,-724,2214,7168,-710,-724,2963,7168,4236,7812,-2505,-5245,-2176,-7128,-4255,-6825,-1560,1110,-4255,-6825
10/18/2023,680,977,964,775,195,2382,701,-621,1879,960,-574,2417,940,-645,-6934,720,1441,1913,1290,7412,4168,945,4139,4995,1100,-88,-80,945,3659,5055,680,1043,964,775,195,2382,701,45,3297,2905,4177,7565,940,-645,-13575,720,1441,1050,1290,7412,6744,945,5165,14747,1100,7326,2040,945,6961,14875,5217,9995,4675,6508,4933,9995,5370,6508,1225,-6355,873,8157,8345,9491,2361,-3585,2956,2150,2361,-3585
10/19/2023,1155,6265,4612,1600,6230,5804,2160,6070,2504,2120,5997,13336,1660,3206,3352,1980,7343,19027,1377,7914,7314,2210,18608,11909,1392,2665,3103,2490,18598,25700,1155,6265,13299,1700,6230,13701,2235,6070,10393,2490,4548,2978,1660,3206,8915,1980,7343,14114,1920,7914,14858,2354,18870,19267,1925,6568,16674,2590,18598,21365,3827,15875,4181,17400,4217,14964,2991,2262,1558,902,5000,6859,5358,12960,5752,18772,630,707,5747,18795
10/20/2023,1350,1582,-28,1290,225,986,730,5,-28,1005,2758,2111,-1247,1504,-686,40,427,6426,-1,-195,-733,2360,6269,7724,-350,2432,-382,2835,6873,9379,1350,1865,1887,1290,352,2343,730,267,3447,1065,804,2213,165,2971,2622,-500,2083,11532,989,5068,12514,2154,10868,19606,630,5068,10832,2835,12638,21120,9069,5276,8271,6784,4442,5236,7201,7139,-1263,-2910,2132,15990,-1423,8808,3049,15189,-893,193,3044,17318
10/23/2023,716,2236,3185,1665,3503,1557,2334,2396,3185,2133,3285,1577,311,-1530,-4920,1075,435,-1068,1341,219,-3136,2470,1816,2037,1076,-311,-4700,2600,3144,-1345,1625,3679,12898,1665,3679,14333,2334,3839,14333,2939,6562,18116,940,-4940,-10212,1750,-1790,-4800,2070,-3945,-9409,838,1635,6814,1605,-3945,-8819,2600,1013,6988,4457,9400,4510,12803,5254,9400,2325,12803,-1920,-6035,674,-676,-171,-1934,-6179,12923,-1118,-5375,-6179,12923
10/24/2023,870,1786,5225,635,2260,9194,-262,1080,6190,980,2004,5788,950,-3005,260,357,1092,1627,1112,1123,4259,1926,11222,-249,961,-864,5586,1006,10347,-3242,870,2429,6177,635,2260,8151,775,2050,9116,815,1060,5291,540,-931,2037,425,-1620,-1101,-700,-625,-1048,390,6255,-13093,170,-625,800,605,3450,-11893,3457,6178,3315,6638,3332,7143,2715,6638,-4209,-1262,-867,703,-982,351,6914,1523,2105,3826,6914,1523
10/25/2023,825,-2640,-4465,-217,-607,-2903,-1248,-2617,-4810,825,-1813,-3157,985,-3930,-6874,4200,4304,-4002,2089,2199,-7479,620,2081,18701,2945,-2130,-1749,5205,8337,22552,825,-1304,-2477,-75,-607,-2273,-755,-1508,-2463,-870,-3895,-6363,985,-1445,-14351,4200,4899,1576,2530,3165,-8625,4540,-1783,16887,2945,4350,-8465,5205,1236,17589,-1228,-6370,-1444,-5735,-3371,-6370,-1274,-5735,-3960,-7330,2492,-5154,2564,-7415,-850,14100,-776,-1795,-850,2090
10/26/2023,-40,1238,-1,-220,244,5457,-315,8716,-1,-40,7471,-831,877,3688,5509,-627,4679,8784,2168,5245,8797,600,-2235,-1086,948,1604,787,1730,-2235,4487,-40,685,-1728,-220,244,983,-315,244,1613,-310,-1652,-569,1418,6266,24247,-87,4679,10004,2168,4925,19357,1186,-2933,-2142,1858,4835,20651,1730,-2235,-2142,3044,-3534,290,-2868,-912,-3534,-909,-2868,5143,16410,6586,19877,3606,22980,-784,-2973,4759,272,-784,-2973
10/27/2023,-495,-259,802,-275,-429,2194,-1030,-270,1156,-1005,-579,2919,695,-914,-5244,280,7326,-7430,1485,7634,-7500,-1470,10314,-4148,825,-1763,6965,-2295,7508,-5684,-495,-429,952,-275,-429,2880,-1030,-668,2880,-520,-963,3739,695,4022,-1318,280,7326,4533,1485,8041,-886,208,10542,6397,825,7641,736,615,9210,3691,961,2716,1088,3028,718,2716,1086,3028,-2981,-3848,4518,-7226,5717,-7465,4786,-5425,-2044,1549,4786,-6378
10/30/2023,857,1601,331,265,1470,-2514,-1248,1601,-2514,-845,935,-1571,180,2176,-1692,-165,-1122,-233,-670,3625,-7499,-1495,-6480,-3937,-1215,1451,4460,-2235,-4495,-3964,-845,1875,2670,265,1875,1085,-510,1875,1085,-1005,3158,3983,706,3631,7201,166,-715,992,-292,1170,202,-1138,1227,2235,-219,2212,5266,-2255,-1140,1411,-2392,1606,-1195,753,-1559,1606,1965,753,3471,6226,4844,4974,3612,-7058,480,-4633,2527,2933,480,-6172
10/31/2023,-1390,-2400,-5979,-1190,-2178,-5970,-2160,-2400,-5979,-1320,-1859,-5865,1410,-791,-6611,1405,972,-3489,1623,68,-7486,650,3810,-4318,1488,576,-2981,650,5522,-3926,-1930,-3492,-12893,-1730,-3492,-12105,-2955,-3492,-12105,-3675,-7105,-13295,1410,-568,-10556,1405,1368,-4219,1640,-1458,-11386,330,2086,-4651,1675,-1688,-12026,650,2670,-2695,-1959,-7171,-946,-7265,-230,-7171,-138,-7265,-3624,-6759,672,-1003,-3352,-3614,-1435,-6995,-2215,-1013,-1435,-7385
11/1/2023,1530,1934,2654,1131,2440,5928,1271,2519,619,-270,704,2492,-125,-926,-2435,-185,4480,501,109,573,-3810,285,3207,5134,-13,-500,-3062,285,2408,3693,180,1739,-1667,1131,2440,-1399,1271,2036,11070,70,-1295,-7003,-125,923,-2283,-185,4480,-3256,270,-35,-6667,285,1925,16254,970,-230,-4114,285,3681,16203,2561,-953,1699,1821,2836,-953,746,1821,-1396,131,855,659,-1992,3195,6720,13435,26,-5760,6625,13300
11/2/2023,-975,-2059,-985,-1655,-1585,-2477,-2110,-2109,-985,-925,-2885,-2636,-710,-2615,-5688,145,-3641,544,-690,-2028,-3324,-240,-1748,3121,-685,-390,1221,-290,-1569,3924,-975,-1585,725,-1655,-1585,1137,-2110,-1635,1137,-925,-1223,-806,1460,-1414,-7858,1015,-1336,3769,1305,-883,-1896,-290,-4025,33521,1185,-883,-2381,-290,-997,33794,325,-5724,311,-4455,275,-5724,-403,-4455,-3662,-5389,-3203,-582,-2500,4131,1893,2853,-5075,1221,1893,3429
11/3/2023,-10,622,-4348,525,973,-2827,840,-1730,-4512,230,942,-3986,750,-231,-758,129,-2750,-5349,3005,-589,6553,4075,-3623,-4274,2735,-2410,-113,4745,-3311,-6441,80,-1740,-2371,525,-1450,-6257,840,-1475,-6367,1309,-1335,-6325,1080,1049,8201,550,-1325,-6977,3120,499,8758,4562,-4234,-8498,2920,499,7469,4745,-6103,-13688,1373,-2806,994,-1311,1218,-2806,1561,-1311,-2340,-3469,-600,-3311,533,-5121,-5320,-6618,169,-4280,-5320,-7182
11/6/2023,-305,4206,7860,95,4206,5708,95,4206,7860,-305,4367,5001,869,4807,14167,779,3493,12990,3124,9968,14720,2344,5198,11630,2019,5118,5741,2294,5198,-2202,-305,4206,9307,95,4206,6770,95,4206,6770,905,6839,3941,894,8586,29956,889,3827,15532,3124,11890,23856,2294,5639,18900,2584,9570,23856,2294,5198,18900,3706,5943,2292,3404,3488,5943,-585,3404,2584,3208,-277,7232,5274,374,3480,-6259,2114,3495,3480,-6259
11/7/2023,760,2174,-35,220,531,1606,853,2609,-1652,1025,914,-500,527,2781,5165,1700,-1241,-1703,1152,7361,4500,-10,-1712,-5658,1737,2326,-4650,-10,-1120,-4631,760,531,3881,220,531,5145,-230,966,5030,495,1271,4117,850,3400,16706,1700,1106,5611,1835,9339,8868,-10,-1562,9857,1925,9339,7667,-10,-1480,9857,-833,-4474,-875,-5276,-101,-4474,788,-5276,1349,9005,871,-3657,4696,-2399,-3040,-5912,6745,600,-3040,-4674
11/8/2023,445,2397,2541,235,2397,538,105,2547,2291,290,710,2182,1245,461,15765,1832,791,5684,-1599,-1720,10896,-109,-6079,-2450,121,1343,7432,-109,-1627,-5138,445,2397,2816,235,2397,2816,105,2547,2622,445,1821,2412,2238,-1715,24568,1832,791,10309,-2070,-3399,8337,847,12219,-16391,-870,-3399,16628,-109,9021,-22594,2829,5605,2605,6360,905,5605,1229,6385,8138,10122,11089,9489,2719,6814,1342,-4289,5676,5420,1342,-3260
11/9/2023,2925,5010,614,3605,4840,614,2830,4621,349,3085,4584,-1923,-165,-3242,-6421,1100,-1748,-7479,1370,-2884,-7478,574,1149,-5970,1255,1005,1578,1074,1287,-3044,2925,6315,3844,3605,6120,6482,2830,6010,6217,2855,4387,-286,-165,-2937,-3524,1100,-2208,-7175,1370,-3160,-3955,906,129,-7344,1255,-2345,-2591,1530,1590,-15047,3264,890,2890,890,3199,890,499,230,-4002,-4922,-4385,-7475,-5610,-5889,6592,-1304,-1018,2260,6592,14011
11/10/2023,635,-3615,-4249,100,-3615,-3783,-1435,-3615,-4285,45,-2430,-2331,-1490,-3500,-5922,-1445,-3075,-5410,-1955,-4449,-6142,340,1710,1552,-861,-1737,-1176,490,140,1672,635,-3615,2227,100,-3615,2976,-1435,-3615,2841,-810,-2115,3987,-4715,-12805,-22680,-1745,-2115,-4465,-1460,-6910,-6798,490,4446,11868,-1095,-6910,-6095,490,4446,13179,-1906,-3021,-1790,-559,-1741,-3046,-1790,-669,-3890,-7330,-4455,-1162,-4970,-6112,4303,4127,-6505,-5635,4303,4220
11/13/2023,1709,4932,3063,1150,2433,-67,3470,5282,3063,1599,493,4527,1035,5008,6024,255,1050,-1445,1550,2757,353,1210,-4750,-5965,45,-2370,-2216,1210,-2870,-6595,1709,2433,9581,1265,2433,9581,3470,2783,9581,1654,2503,8026,1035,2632,9386,225,433,421,1813,-1809,1066,2217,-9020,-37871,590,-1809,-1587,1210,-12135,-42880,-1903,3513,295,5081,160,3513,801,5081,5734,3510,2136,-5560,2393,-6466,-5370,-6240,2041,-2611,-5370,-7425
11/14/2023,-80,2460,3354,685,1989,3354,1370,2124,3354,10,1530,3354,1605,10553,38204,4267,4999,24760,1355,14898,27654,-135,8664,10994,595,3063,9105,-1135,7639,10596,-80,1461,3354,685,1989,3354,1370,2124,3354,195,1183,4026,1605,10999,51817,4267,4999,35278,1355,15276,44567,-1140,8639,34953,655,14936,43912,-1140,8639,36666,3557,701,3347,701,3887,701,3210,701,14357,41506,13144,28407,18090,7926,6105,-1778,12722,11970,6105,-4228
11/15/2023,1642,-1581,-1108,1667,-1308,-1995,2366,-2017,-2075,1567,-860,-1200,1778,1256,-5080,975,1148,-923,2710,5484,-1641,735,6018,6372,2165,-70,-3139,900,6629,8472,1642,-1831,-5058,1667,-2488,-3330,2622,-1801,-3330,1372,-5081,-6839,1778,1256,-5737,975,3464,5098,2710,6510,1577,-399,7252,4129,2330,7390,1945,900,7642,4414,977,-277,2133,-858,526,-277,1557,-858,1684,-2130,6519,3180,11547,14779,23606,15400,2194,-1003,23606,23559
11/16/2023,-150,3108,223,-500,4005,-1050,-451,4191,223,-150,1573,-2232,2104,6689,10573,686,6202,7831,889,5165,8500,885,-4475,-1253,2584,-115,3211,885,877,7597,-150,3159,-1620,-500,3159,-1705,-385,2881,-1705,190,3351,272,2104,6689,11994,686,6443,8633,889,3730,9840,885,9915,11979,2584,3730,9718,885,7168,12412,-154,-861,-560,-443,552,-861,-560,-443,366,3566,2498,3576,2777,6493,-845,-5113,814,3093,-845,-5810
11/17/2023,-605,-2017,-110,-50,-498,519,35,-2017,-110,-530,-625,445,1140,2776,-2317,1215,-1744,264,1210,-432,-3369,-85,-3265,-4611,450,795,-2117,1440,-4475,-5594,-530,1342,2355,-50,1342,1290,35,1792,1290,-1435,1182,2160,1140,6817,12603,1900,-814,-6440,1410,4145,-5580,1390,-8032,-20413,545,4140,-6080,1440,-8032,-27081,546,-3459,-987,-1955,-1169,-3459,-1773,-1955,3500,-372,-1424,-1447,-1219,-3946,-6500,-6175,-1075,-5400,-6500,-7415
11/20/2023,-155,-3705,-2593,-305,-3705,-3784,-750,-1886,-2593,675,-2590,-3432,395,-3690,-6130,1425,2050,-1917,2455,-600,-2161,560,2276,6577,4375,-2509,-1172,775,2075,10815,-155,2125,-3548,-305,2125,-2787,-750,2520,-2787,135,3175,-5120,795,-4385,-9390,1550,2050,-1967,2455,2756,-1839,-239,-351,13952,4300,2511,-2905,775,2276,15013,2381,-1935,-4046,-3699,-225,-1935,-2740,-3235,-4085,-7250,1460,483,2796,-615,-5710,-936,-3019,-779,-5710,-510
11/21/2023,145,516,2536,-400,516,3473,-910,516,1457,115,-940,3295,2237,-812,-4113,103,-2282,-4142,-1360,-294,157,110,911,-942,-560,-239,-1455,575,-2625,2962,145,516,10280,-400,516,11160,-910,516,8318,-525,1003,10145,3302,2297,-1420,2007,134,-6240,-1360,-3978,90,575,-5125,-22331,-975,-3978,2410,575,-5125,-23220,-172,28,-2853,-1423,-1207,28,-1683,-1423,1670,-6325,237,-3651,581,-2289,-1460,-4172,1354,-1873,-1460,-2532
11/22/2023,1291,299,-4035,885,1470,-1988,1855,-147,-4163,805,-544,-4903,2004,1112,8175,1665,-1861,928,2395,-1417,-1680,1815,-2244,-3754,1074,-190,1131,1015,-59,-7006,1460,120,-9293,1485,712,-9730,1375,704,-12150,1510,90,-11730,2275,1713,8268,1615,-1611,-2099,1675,-2396,-6575,2506,-5976,-42289,1715,-2531,-6609,1015,-8409,-46648,4936,-3298,5218,-1323,7084,-3298,5730,-1323,121,8675,-1137,-1919,-3714,-3732,-5002,-4820,-89,1131,-5002,-4365
11/23/2023,450,3020,4865,660,3020,4865,475,3020,4865,1020,3020,4935,-325,4905,6000,-250,5020,8470,1900,8445,12765,-265,4400,5985,-225,1730,2000,-675,2655,5980,210,3020,4935,475,3020,4935,475,3020,4935,220,3020,4935,-325,4905,7380,-250,5020,8540,2370,8445,13010,-665,6890,15825,-415,8445,13010,-665,6890,15825,-413,-1124,-880,-2680,-413,-1124,-880,-2680,5355,2415,2560,-950,1528,-483,-3275,-6825,295,1330,-3275,-6825
11/24/2023,1250,2264,5860,1135,4541,5860,1630,4541,5860,1250,2264,5884,810,5830,8475,980,4865,7650,3140,9702,12255,1730,5739,2945,1515,2245,1764,2360,4444,3950,1250,2264,6355,1135,4541,6355,1630,4541,6355,260,4026,6355,25,6765,11975,1210,7375,13900,3565,12685,19000,3155,18100,26855,2260,12685,19000,3155,18100,26855,-575,-2878,-575,-2810,-575,-2878,-430,-2810,4060,1805,-1440,-2545,-380,-2016,-2130,680,1300,-1135,-2130,750
11/27/2023,1462,2922,4470,1637,2922,4470,2953,2922,4470,1462,2433,4791,516,-181,908,1852,1572,790,3442,1221,2363,1258,-841,-3172,2975,4078,4336,1470,-1783,-5961,1462,3084,3103,1637,3084,3103,1592,3084,3103,655,3033,5278,541,527,9546,1852,1837,1664,3861,522,9351,1470,-3,29999,3090,522,9893,1470,862,29999,1341,7282,1341,7282,1341,7282,1341,7282,924,1332,-3935,-5200,555,-988,11290,-1278,8174,6433,11290,-2428
11/28/2023,-125,-63,4556,1645,-63,4798,-128,788,4556,305,-195,4362,694,-1530,-3799,-490,-314,-3775,2075,-520,-2463,-175,-3460,-5245,315,-2685,-2963,-720,-2576,-4165,-125,-63,4556,1645,-63,4160,265,788,4160,240,313,7392,764,1846,2433,515,2229,1650,1975,119,4285,-630,-3460,-3979,595,119,5407,-630,-3460,-1184,912,5528,690,4642,912,5528,1137,4642,-2070,-3210,-2664,-6005,-2242,-5917,-4175,-5704,800,-3964,-4175,-5280
11/29/2023,-186,-1151,-3348,380,-225,-2756,315,-1157,-1107,-132,-116,-5975,-1151,-4355,-6810,-1295,-2455,-7385,-285,-3487,-7364,-1345,-1071,749,-985,-2115,-4775,655,-1071,1079,-132,-116,-8740,380,-225,-8285,315,-196,-6905,-1275,-2288,-9680,-915,-4843,-24318,-555,-2455,-15265,30,-1698,-17205,508,-1823,4049,-265,-1698,-17205,1135,-1071,6840,-375,-2527,459,-501,-375,-2527,154,-501,-3573,-7360,-2890,-5329,-4628,-8724,611,16783,-291,-4145,611,20833
11/30/2023,1455,1679,2774,-450,4152,-297,-450,4600,1318,1595,2757,5247,2305,3387,15343,2970,14579,11421,3869,12514,5424,-608,-3183,-693,2270,3325,7645,-923,2093,-1537,1455,3708,1738,-450,3446,-264,-450,4709,-422,95,3296,3403,2305,11863,13308,2970,14579,7878,3869,12420,-3033,-241,-876,-33061,2270,12420,-3789,-923,6461,-40968,-2150,-1135,-3060,302,-500,-1135,-1990,302,7968,8628,6088,-238,6764,2412,-281,-2416,7377,3290,-281,-3911
12/1/2023,-365,-1086,-3068,179,-1060,-990,-431,-1291,-3068,489,-1065,-1851,1239,-2950,-1,-745,-1545,-6535,1359,2899,320,-658,2046,-4286,1069,-1958,945,-1160,3834,-2423,489,-561,-2025,179,-561,-1941,-431,-1420,-1941,118,804,-1858,1239,-2210,2225,394,-2312,-4100,1359,2681,-1179,-955,2062,2480,1069,4042,-244,-1160,2046,4280,-2841,-2825,-1766,-862,-3041,-2825,-2109,-862,4660,746,-1693,-301,2154,4253,9171,-4997,-1129,2809,9171,-5891
12/4/2023,980,600,7913,-330,934,8598,-68,1068,6299,510,1038,4074,970,3447,6603,845,-250,1333,1855,6606,13437,65,10298,2400,1310,2644,3525,910,9808,17247,980,1152,3390,-330,1028,4554,-68,1214,3864,910,1662,6910,970,5877,17920,845,5452,14970,1855,8122,14908,406,10298,31106,1310,7632,17540,910,9808,31106,-834,770,-834,785,-834,770,-834,785,1308,10744,-1431,9075,858,12776,-4705,13274,-482,3956,-4705,15514
12/5/2023,-815,-1473,-260,-820,-1330,-1860,-850,-1558,-820,-815,-1330,-2244,5260,-1066,10715,1630,-1242,10771,2462,8440,8541,3532,5063,8299,1290,7936,4298,3532,5063,9503,-815,-1330,595,-820,-1330,-298,-850,-1415,-298,-1100,-1580,-2577,5260,-572,11366,1630,-1278,11501,2351,9591,12561,3532,5319,14213,2506,10332,9256,3532,5063,14991,3679,4529,5824,3763,6064,4692,4453,4763,1045,8778,519,8929,2708,2144,1341,-119,3386,3735,1341,-201
12/6/2023,-55,-3377,-1783,230,-2715,-5975,-83,-3342,-5589,5,-3080,-7284,25,-3130,-6960,135,-3385,-8950,850,-3069,-6960,-185,201,31,310,-387,-4695,205,958,-1943,-55,-2800,-7728,230,-2715,-6822,275,-2765,-7052,-850,-4740,-11265,25,-5935,-26407,110,-4555,-19205,850,-2260,-23178,-80,-1060,5363,310,-2815,-22855,-80,201,6060,-4198,-2742,-3115,-2045,-3985,-2742,-3290,-2045,-4330,-6305,-4139,-6305,-3682,-6305,410,4870,-2840,-4040,410,-5170
12/7/2023,527,-1585,-4380,567,-3002,-5250,147,-3002,-4380,17,-2102,-6430,3528,428,-2735,2446,3495,2870,4144,2987,1685,7100,1304,-1630,-29,-1569,406,9315,1392,-2061,-330,-1452,-5360,232,-3002,-6430,147,-3002,-6430,2277,-3284,-5297,3528,2516,-994,2446,3495,3981,7015,2945,2492,3272,972,-4281,6040,2945,2423,4840,1304,-4332,-5465,-6625,-4480,-7435,-4231,-6625,-3315,-7435,-4045,-7400,-2410,827,7351,3421,1743,755,-1937,-5685,1743,755
12/8/2023,1106,380,497,2400,1664,252,2201,380,497,1300,752,510,930,-2586,-977,660,-2555,9102,940,3475,4665,215,1465,1084,485,-114,-3178,165,1157,-1323,1305,3024,3469,2400,3024,2066,2400,3024,2066,2320,4706,7122,425,-2143,9029,1215,-2830,9505,1775,2395,16411,-869,-825,25501,2245,360,11994,165,-477,27194,-2039,2148,-750,-2731,-3439,2148,-2195,-2731,-2540,-3832,-1420,346,-2353,7687,310,1664,-642,1343,310,2520
12/11/2023,2725,-2706,-529,566,-2706,1251,229,-2706,372,2300,-2245,1885,1155,0,-5883,3465,3419,-3826,1505,-3067,-5558,990,905,4083,295,-482,-2007,990,905,3495,2725,-2722,3061,566,-2722,3061,651,-2722,3044,1901,-2722,948,2165,1190,-9764,3465,2721,-682,2650,600,-3390,990,636,5538,3195,600,-4691,990,905,5538,-1813,-1916,-1540,-2731,-2064,-1916,-1530,-2731,-2638,-7232,1617,1890,1172,-2536,-35,8927,-558,-5850,-35,9964
12/12/2023,-390,-1869,-4966,-190,-1262,-1177,-475,-1869,-4966,-400,-680,-1674,-1749,-4469,-6812,-1060,-3990,-7465,-1960,-4403,-7496,555,-629,-4942,-1359,-1766,-4675,775,-664,-4561,-390,-1262,-2614,-190,-1262,-1142,-475,-1262,-1142,-710,-617,-3215,-2970,-14930,-32970,-1545,-11630,-19520,-3345,-9865,-19855,-619,-3922,647,-2060,-9865,-19855,775,-1004,529,-3643,2128,-1457,3085,-4433,2630,1463,3085,-4494,-7468,-4485,-7315,-6977,-7087,-106,5520,-6965,-5635,-106,6621
12/13/2023,-975,782,-4343,-454,-645,-5527,-943,51,-4818,-485,1161,-5374,1490,5311,5847,1225,-3291,-5825,135,-960,2035,900,3585,-4727,790,6180,-1126,925,3420,-514,-975,1381,-10656,427,-645,-10826,-943,522,-10876,-435,-2920,-7058,1580,6565,13765,915,-596,-2010,135,2445,1437,925,3585,-41431,840,2280,1965,925,3420,-39280,89,-6558,-85,-3589,-288,-7374,551,-3414,2945,3064,5052,335,249,4336,976,-3554,2138,-731,811,-3554
12/14/2023,700,455,-5878,585,1112,-5820,-485,660,-5878,160,-513,-2560,-718,-3965,-3620,-106,-3105,1238,-785,-3873,1636,914,-2351,9266,-814,-2920,-2020,254,-2961,-52,160,-955,-1089,145,-285,-2040,-485,-300,-2040,-2725,-4445,-6365,-670,-3298,-6207,-846,-3105,1300,-785,-3757,-6176,1925,-3066,-52,-929,-3757,-5098,254,-2351,-52,4405,11657,8999,5892,3980,7578,6033,5957,-2515,-6097,2855,5749,1705,7527,3864,18007,-1396,2220,3864,18979
12/15/2023,-710,5469,3664,-260,5780,5176,-319,4890,3664,-710,5000,-445,2535,1157,5635,1384,-2180,737,390,-471,599,2096,5334,-2845,755,5441,8245,1165,2075,-2768,-710,5740,3016,-260,6015,4993,-40,5555,4993,-705,6695,9598,2535,5420,21685,1626,780,1990,-750,-1760,7463,925,-1566,-20673,610,-1760,8950,1730,-1050,-20673,8328,4427,7175,2419,8409,4427,8010,2419,7111,12293,-483,1133,3033,-4153,10412,-4826,4685,8818,10412,-3327
12/18/2023,381,487,9990,455,230,9033,605,487,9990,835,230,10046,-295,-4275,-6249,1070,1299,1258,1679,2693,-5996,545,-3668,-3234,1104,-1480,-2254,699,5222,13293,565,230,11312,455,230,10988,605,230,10988,740,667,13273,1015,4674,3169,1265,2539,1231,3554,7701,-12736,510,-2989,4288,2954,7701,-14211,510,-6055,4913,1735,5762,1735,8060,1735,5762,1735,8060,-4140,-7475,5325,7001,-2331,-493,-5621,4050,-1469,-5120,-5621,7083
12/19/2023,1050,2007,2496,1730,1708,2496,625,810,2496,1050,1165,3857,1630,958,3386,2620,3781,9187,1775,1016,9744,2835,2831,6865,1505,-35,1237,790,1181,6486,1050,2007,6115,1730,1708,6115,625,810,6115,925,2700,6115,1630,6461,4937,2620,8791,16713,1775,6276,22012,790,10591,42447,1505,5586,22238,790,10591,42836,319,1589,278,2838,12,1589,-435,2838,-2323,-1908,-228,5649,3965,5801,1666,5499,-5125,890,1666,5499
12/20/2023,284,-730,-1298,85,-1355,-1298,85,-1518,-1298,-35,-700,-1263,845,-3745,-6834,-700,-3767,-9037,-145,-4412,-7115,-1320,-6305,-6208,-276,1700,136,-1320,-4450,-7104,-40,-730,-1298,85,-1355,-1298,85,-1518,-1298,15,-525,-949,-360,-2995,-15662,-700,-4122,-16750,-1355,-2792,-2960,-855,-7460,-22141,-1540,-2867,1022,-1320,-7460,-20054,-1770,-3618,-1770,-1592,-1770,-3618,-989,-1592,-1758,-7064,-4420,-9847,-6095,-10110,-7170,-7782,3559,3315,-7170,-7782
12/21/2023,840,2637,5077,820,2175,7555,830,2663,7048,1030,2433,4784,441,1948,-5337,985,-3386,-4690,554,-2921,-3579,330,1785,-5417,295,1171,3556,330,1011,894,840,2637,8685,820,2175,8682,830,2663,8467,1260,2479,9280,-295,-3966,-6447,985,-4389,-10219,-375,-2835,-7951,330,6717,6387,295,-2835,-7951,330,6990,5958,-69,5929,-362,8434,-129,5929,-302,7767,-2455,-7319,-2175,-6419,-3069,-3050,-5485,1580,-929,2284,-5485,-2147
12/22/2023,-350,-4395,-3207,-1815,-4415,-3207,-790,-4150,-2493,-230,-2965,-4802,3080,3809,935,1680,2352,-3345,-745,1434,-6655,-1125,-5780,-4100,-40,2496,-1782,-265,-732,-6140,-350,-7050,-11750,-1345,-7480,-12135,-1995,-7215,-11500,-415,-7845,-16975,3080,4177,-1652,1270,1556,-4084,-220,761,-13627,1310,-5936,-52295,60,326,-13627,1310,-9105,-52295,-2815,-6056,-3130,-3744,-1805,-6056,-2495,-3744,4555,3272,2795,410,1892,1625,-1190,-6670,2360,3064,-1190,-605
12/26/2023,-1475,-4796,608,-1975,-4796,-154,-1960,-4796,608,-1605,-3786,5321,-1990,-3670,-4118,-1365,-3985,-2351,-1010,-3755,-1200,-604,-1150,-2237,-1253,-2315,13,-671,8303,419,-2190,-6170,5912,-1975,-6170,5912,-1960,-6170,5912,-1730,-6040,1857,-2985,-10770,-14915,-1275,-5530,6228,-3615,-10595,8455,-803,-1150,96074,-2950,-9385,8563,-803,-1150,96403,553,5593,-190,9700,-442,5593,-330,9700,-4464,-7402,-3290,2251,-3380,7381,6959,11076,-2195,3188,6959,11076
12/27/2023,1930,4835,-2083,2870,4835,-5225,2870,4835,-2083,1930,900,-381,2225,9965,5122,1815,4818,-137,3156,6205,992,1975,309,-5455,1160,-525,-2070,1975,486,-5883,1930,4835,-422,2870,4835,-860,2870,4835,-860,2010,4395,-860,2225,11249,13921,1955,7816,1541,2270,8797,5289,3349,7713,-16614,2090,8797,5556,1835,6124,-19930,4312,-346,4385,-331,4312,-346,3770,-331,6921,7098,-80,-6560,-288,-1306,-3370,-3900,624,-2420,-3370,-4480
12/28/2023,-670,-3165,-4594,-1125,-3190,-4594,-1775,-3190,-4967,-830,-1535,-6398,1045,-4346,-6413,1640,-1821,-6880,1817,-3207,-8468,-105,3271,-1518,1442,-195,-2506,-10,-3544,473,-670,-4505,-11070,-1125,-4630,-11070,-1775,-4630,-10285,-1275,-4935,-11400,1155,-4506,-14485,1640,-1737,-3940,1817,-3444,-6505,-10,6885,25945,1442,-3444,-6505,-10,6885,25945,-980,1855,-1670,-1618,-980,1855,-1535,-1618,-4180,-6535,-677,2543,1738,6658,11562,5701,220,6110,11562,6552
12/29/2023,-625,-777,-3025,-1230,-2875,-3402,-1080,-198,-3525,-625,-1775,-3244,-1055,1626,6042,130,-1475,-7482,2045,610,-2874,235,-5195,-5177,950,-173,-3097,285,-4060,-4924,-625,-2875,-690,-1230,-2875,690,-1080,-3880,1412,-1685,-5260,402,1180,3919,14409,90,1309,992,600,-4706,-1486,-1152,-2890,-18876,710,-3796,-6033,285,-4305,-21422,-511,-3420,-778,-3420,325,-3420,-1918,-3420,5060,7152,-3910,-5059,2281,-2231,-4535,-885,3793,-2694,-4535,-885
1/2/2024,471,5074,3501,2015,4448,2493,2020,4486,4507,610,4185,-3477,1055,4261,13404,1640,7307,19770,4111,11648,25503,3560,6066,19998,2985,7313,9315,1825,12874,30505,615,4750,-3066,2015,4448,-3516,2020,4433,-641,970,6751,-1755,1055,5257,18372,1640,7199,16920,3730,10834,26934,2809,5425,15888,2985,10514,26934,2060,6066,16245,6277,10186,4739,10727,6362,10186,4726,10727,5190,23512,5678,20623,10411,33919,5285,11055,5607,9928,5285,14002
1/3/2024,784,2184,294,754,2634,283,1024,1523,-5859,834,2745,-4323,159,935,-940,389,5145,6651,1362,2186,3770,291,4969,10110,558,1532,2448,416,2832,1890,784,2358,-1180,954,2343,-271,434,4069,-1456,-291,250,4830,309,935,4227,389,4820,5551,1153,3931,7293,246,1501,15627,558,3926,7293,416,1426,16583,-797,1261,804,-700,869,1261,-2,-700,1318,-2916,2564,4198,1131,12851,-427,16210,986,-215,-427,15412
1/4/2024,425,-1015,1628,760,-1015,1628,760,-271,1393,545,-855,-1466,2181,-143,-3735,655,-30,-2407,2349,-257,1397,1644,-4531,5528,1147,1474,1788,1644,-3352,-5199,425,-1015,244,760,-1015,244,760,-271,9,685,-1595,-1521,915,-2075,-1860,90,-3755,-8420,302,-3875,-10308,2055,-3790,-18917,-550,-3875,-9429,1644,-8565,-21215,-4162,359,-4162,990,-4162,359,-2741,1100,3491,1661,-2475,-2576,1839,-3862,-2328,2428,2744,4936,-2328,2985
1/5/2024,2130,3883,3486,2572,2164,2840,2130,2789,2196,2285,1684,2185,1860,2524,16827,1815,1955,11962,3706,1867,6537,1959,284,-5553,1910,-765,4171,-1255,-600,-7286,2130,1684,727,2572,2164,2185,2130,1734,-235,1030,-429,-1055,1860,3495,26266,1395,1955,16615,2240,2320,9566,1672,1721,-8012,1910,1885,10540,-252,3579,-13508,6685,-2123,4866,-4874,6685,-2123,4726,-4874,12992,26230,889,12734,11231,14703,-3760,5598,4751,5584,-3760,3786
1/8/2024,1135,-426,3036,880,623,5506,890,-426,3036,1235,740,5657,-1835,-4405,-6820,-1145,-3245,-6109,-1545,-4365,-7408,275,1470,14836,-1460,-2960,-4765,275,670,12583,1135,623,5581,880,623,8263,890,623,8263,1375,1183,9076,-4530,-14315,-28930,-2720,-6775,-8234,-2780,-6620,-13029,275,1028,27087,-2810,-7420,-13029,275,670,27087,-420,4532,2399,7207,-1438,4532,1689,6617,-3820,-7330,-4440,-6334,-6873,-7417,5309,370,-6880,-5605,4587,370
1/9/2024,1776,2481,7619,2075,2481,5918,3137,4036,7619,1975,1700,3814,-910,-1361,-6395,1173,-3228,3765,619,-3520,-4561,2080,1408,2893,-480,-2285,-4725,250,375,1873,2575,2481,5772,2075,2481,4219,3137,4036,4219,2525,690,-1057,-895,3305,2359,1173,3905,9908,800,4865,2550,-1052,542,615,130,4865,3119,250,1605,-486,2633,1953,2673,1150,2749,1953,2663,-385,-3635,-7120,-613,-2651,-2527,-7694,1925,5709,-2645,-5700,1925,5749
1/10/2024,616,2503,7258,595,3456,7258,426,2503,7258,280,4556,6598,590,-4406,-5356,1095,-710,-2674,301,537,-1472,1365,338,7934,111,540,1115,1825,338,10726,970,3456,4610,595,3456,5505,810,3456,5505,1154,4039,4493,905,2136,-5013,1095,1522,4055,2085,-1890,3363,1444,58,12448,1540,-2525,3363,1825,338,12448,2365,4854,3233,5217,130,4854,2143,4577,-3985,-5835,1922,3498,-714,-2429,8366,10757,-117,1092,8366,10757
1/11/2024,1345,626,-3212,950,340,39,310,188,-3622,1370,1930,365,-1660,-3988,-1221,-1020,-3985,-3676,-393,-4470,-5309,-1385,1463,21688,-1072,-1908,567,-995,932,12449,1345,1840,-3201,950,340,-1646,310,188,-2654,1935,1240,-1373,-1020,-2519,-4198,-1805,-6985,-5663,10,-6439,-9188,-1410,-499,18976,-355,-7129,-10729,-995,155,20159,1017,-1632,310,932,-351,135,882,932,-70,-6726,1575,-2135,5246,-988,922,16606,2169,4720,922,16606
1/12/2024,2766,2820,-1496,1140,-958,-3061,-20,-1992,-3879,2203,3479,-678,3328,7599,16758,2979,7830,4654,3190,5240,4642,2015,-918,-3472,2730,3356,7502,1965,-896,-6295,2203,2231,-8234,1140,87,-11585,-20,-1256,-11585,1330,550,-9375,3328,9450,23182,2979,8291,11578,3190,7330,12039,3306,-924,-11567,3435,7330,12887,1965,-4801,-12755,-1749,-6454,-1477,-5105,-1759,-6454,-512,-5105,14256,26775,7437,8664,11776,9414,1992,-3345,9082,5925,1992,-3835
1/15/2024,1290,3955,4125,2355,3955,4125,2355,3955,4125,1290,3955,4125,1710,4085,6082,-360,2490,6013,3865,11125,9999,5005,7495,4138,4545,1815,2998,5455,6680,4868,1290,3955,4125,2355,3955,4125,2355,3955,4125,1865,4160,4125,1710,4085,7789,-360,2490,6505,3865,11125,10478,5455,7495,7740,4570,11125,10478,5455,7495,7740,1546,-1996,1700,-1855,1546,-1996,1700,-1855,1070,3386,845,1765,1915,-250,-2445,-2980,-990,3228,-2445,-4730
1/16/2024,350,4870,4175,1892,5090,-1720,2204,4484,-1200,330,2950,2919,165,-119,3979,-30,-2816,-3704,195,-2098,-4466,-1200,-5738,-4346,480,-1970,1158,-1200,-4436,-7003,350,3215,7647,1892,5209,969,2204,4888,-1033,-1220,3035,769,165,-119,5514,-30,-3765,-7061,195,-1962,-5146,-1200,-8333,-40656,480,-1962,-8187,-1200,-10617,-48018,2482,6469,3850,4137,4398,6469,2789,4137,1633,5959,-3099,-3279,288,75,-3091,-2623,504,1631,-3091,-3188
1/17/2024,21,2105,-4358,176,-1537,-2725,-1025,977,-4358,31,-1101,-3131,230,1791,9449,-710,-728,-3694,-70,-1906,4071,225,-3208,-1561,-580,-1965,4547,-810,-3133,-3571,21,-1537,-9872,176,-1537,-8706,-645,-3341,-8706,700,-2020,-11345,230,2063,7524,-890,2156,677,-70,2096,-417,-2914,59,-26331,-580,2001,-1144,-2545,-1033,-21628,-410,-348,-1670,-3666,-2147,-348,-2215,-3666,-437,-83,-1025,-7020,-725,-3974,-5132,-2544,1334,-5725,-5132,-5137
1/18/2024,-815,-669,3961,-795,-376,5335,-804,-1217,3961,-815,-376,5295,0,-485,2201,45,-100,2898,-128,-3551,5320,-1280,-5325,9177,-53,-785,2563,-1650,-2800,11745,-815,-376,5395,-795,-376,6181,-460,-441,6181,-925,-2155,4851,0,692,5851,45,-100,8175,-128,-1715,13157,-1500,3636,8415,-53,-1715,10931,-1650,2215,8415,-2993,2601,-2120,4979,-2993,2601,430,4979,-915,-2980,814,8416,-1820,8822,-5600,-2206,1360,5054,-5600,-2127
1/19/2024,-655,-2045,-4570,-385,-2045,-4570,-380,-2085,-4570,-655,-2720,-4185,-1815,-4210,-6970,-1140,-3895,-7450,-1805,-3760,-8260,955,-5347,-1918,-1185,-2380,-2125,955,-3550,-4263,-655,-2045,-4185,-385,-2045,-4185,-380,-2085,-4185,420,-940,-5845,-1220,-11920,-25144,-1725,-7005,-12860,-1800,-11065,-16795,955,-1667,-10764,-1140,-9920,-14610,955,-1510,-10133,-1098,-4755,-384,-3978,-1348,-4755,-1545,-3978,-3885,-7240,-4460,-7455,-6999,-7488,180,-5575,-6245,-5990,180,-6710
1/22/2024,-1010,1389,-2270,-316,-1090,-3249,735,878,-1980,-1075,-1760,-4078,835,1351,-5034,340,5166,2122,4006,5018,8147,1373,9033,10823,3208,2046,-1005,1378,8370,12722,-65,-798,-2185,-316,-1090,-3092,-920,23,-3092,-1110,-2686,-5903,835,870,-6154,340,5638,2250,4006,6614,8378,955,15547,36472,3486,6614,9751,1378,16581,38943,-947,-7349,-322,-5953,-50,-7349,-2325,-5953,5691,-1553,2540,-1113,14050,7296,-717,6723,3678,454,-717,4357
1/23/2024,-1055,-4475,-5634,-1091,-4234,-5634,-1861,-4458,-5634,-1075,-2959,-6998,-140,-3410,-5175,550,-3810,-6940,-880,-3160,-3697,-1215,-4066,-616,-685,-2095,1354,-1065,-1966,-2472,-1055,-7755,-13136,-1091,-6989,-13704,-1861,-8989,-13704,-1495,-7970,-10976,-140,-4510,-10759,490,-6730,-9472,-880,-5375,-13677,-1273,-2966,-34507,-725,-5375,-13677,-900,-2966,-34507,-4086,-7494,-4455,-6659,-4246,-7494,-3485,-6659,-2600,-2380,-3045,-1269,-3160,-669,-4815,-1226,-4735,796,-4815,-4236
1/24/2024,1900,120,-1438,1245,645,-167,705,1295,-2199,1915,420,-1950,2253,-2957,-5738,1730,-411,-4709,833,80,-2953,1435,3544,-1348,2272,-1483,2662,1430,3244,-2518,2190,620,-3520,1245,645,-4600,855,1523,-5200,575,685,-4510,1065,-3871,-4909,1730,-411,-1631,820,541,-9510,2591,5144,-6857,420,541,-11946,1430,3544,-6347,431,-2641,585,913,384,-2641,1960,913,-3615,-2376,-2105,-2914,-2967,-6772,5167,-5359,680,2867,5167,-5059
1/25/2024,485,-126,-3788,-1450,-890,-3658,637,1481,-1378,365,203,-3908,680,-2734,-6762,-200,-2991,-5865,-1535,-3806,-7500,-1624,-1405,13882,-990,-2915,-2081,-2350,-1305,-5676,315,-62,-1910,-1450,-80,-1780,-1400,-330,1120,-555,-185,-3630,680,-5089,-11117,-200,-6981,-15499,-1535,-9631,-15359,-2275,-1405,-20155,-1125,-9631,-16614,-2275,-1405,-20155,-629,-2858,129,6061,812,-2858,-710,6061,-3725,-6540,-4310,-6027,-6819,-7357,-1880,-6856,-2414,1290,-1880,-6526
1/26/2024,518,-1028,-2202,588,105,-1317,320,-1038,-549,423,-386,-1781,3885,3183,9963,2082,638,6410,4290,3411,-825,1500,5101,124,3910,3913,7085,1080,5058,1929,518,-386,-3754,588,105,-5109,320,100,-3554,475,-56,-5334,3885,3635,10927,2172,3705,6410,4290,4220,71,850,8128,16577,4095,4220,520,1240,8128,17837,4408,-4060,4865,-5226,4072,-4060,4865,-5226,3163,4925,378,-4750,-610,-6661,-4689,-2622,3027,5220,-4689,1805
1/29/2024,-855,-676,-954,-1425,57,-583,-1425,-392,-954,-835,-966,-1233,-1775,-4325,-6990,-1175,-3975,-7440,-1890,-4494,-7460,726,47,3427,-1135,-424,-2493,-2140,-578,1804,-855,-227,1442,-1425,198,1442,-1425,198,1442,-790,-1565,-4045,-1685,-10610,-23427,-1785,-9640,-16940,-2930,-7990,-10170,-1465,65,-17567,-505,-8285,-10090,-1115,42,-16585,-755,706,-673,1374,-471,706,-1654,1374,-4180,-7493,-4400,-7450,-6908,-7476,-5535,-4283,-2958,-1165,-5535,-5052
1/30/2024,-1010,-2398,-4259,-1850,-2488,-4259,-2480,-2758,-4259,-1175,-2525,-6067,145,-2982,-6195,3255,5832,2568,1715,3863,-7321,-660,-1649,210,1190,1025,-391,3325,-1234,-916,-1175,-1020,-5770,-1560,-1110,-5770,-2190,-1380,-5770,-2300,-1835,-5130,730,-10,-4549,3255,5702,2568,1425,4083,-5706,3305,5416,13813,2065,4083,-5706,3305,2870,14025,2035,-5527,-1960,-5330,1506,-5527,-716,-5330,-220,-7130,-140,-787,-3001,-3691,-3218,-5332,2065,3482,-3218,-5010
1/31/2024,1950,5557,13029,1645,5642,15942,1635,4861,17386,3317,4086,9775,680,747,8144,335,3601,2295,955,961,1270,1298,5203,-1809,705,1327,6284,1298,6648,-2442,1950,5860,7174,1645,5796,6105,1635,5724,8695,3667,5878,6280,680,1940,2882,525,4256,11524,1315,2611,4188,1298,-327,3970,840,2606,4399,1298,8182,4912,2178,14786,3165,13822,1457,14786,4688,19432,3876,5916,2301,311,-2870,-3407,-1740,-4468,-2775,-246,-2619,-5458
2/1/2024,-535,-4063,-5630,-865,-4030,-5885,-1879,-2353,-5630,-1095,-1790,-6405,10,-4337,-5459,-1465,47,-2299,-1670,-4003,-6563,-1445,-435,-3244,-1485,-497,-2213,-1205,548,-5704,-1095,-6955,-11987,-865,-6140,-11325,-1495,-5245,-11325,-950,-4460,-10945,200,-687,-13316,-210,47,-2890,-750,-3169,-15911,-1105,-561,-25780,-595,-3534,-13666,-1105,-435,-25780,-5530,-5675,-3955,-5117,-3955,-5675,-3015,-5117,-2125,-7283,-4224,-1395,-6550,-3899,-913,-5692,-1264,-1122,-913,-7472
2/2/2024,1523,1928,1197,1275,2275,2093,1904,1819,1197,1282,1417,2422,370,-2820,-4464,1405,-1097,-6911,2328,-3448,-5616,195,-5378,-3096,2130,-2670,-3251,195,-3228,-3189,2155,2290,1950,1275,2275,2422,1904,2145,2422,2362,1409,2325,550,-1544,-2648,1405,-864,-88,2328,1219,-2113,195,-9976,14141,2350,1219,36,195,-10515,14957,239,-1105,296,-649,180,-1105,-756,-649,-4455,-6085,652,-6085,-3314,-6085,-2920,444,-4095,-5800,-2920,-2626
2/5/2024,740,3475,-2485,995,4750,-351,1300,3547,-2162,820,3475,-1742,795,2029,2388,-635,-327,-4822,140,1770,4274,-1490,-1417,16408,-225,1685,7914,-725,-1269,16507,740,3475,-2485,995,4750,-2529,1300,4490,-2529,1555,2625,192,795,5262,4399,-770,3919,-565,790,1507,5785,-479,-282,26714,670,1507,6226,45,-1177,26714,2061,-1562,2626,-1100,1800,-4316,2756,-897,4181,2060,-2470,-884,2591,827,-3045,-2304,1032,6199,-3045,338
2/6/2024,-190,2162,-3085,-195,2201,1162,-420,929,-3085,-190,2162,1111,1615,4204,-2321,3130,4716,-3708,3220,3778,3282,3050,10548,-5508,3750,2527,-842,4051,9908,-6342,-190,2162,1280,-195,2201,1594,-420,-171,1594,55,1338,1471,1615,4271,-4755,3180,4044,-4593,3220,5107,1049,4337,11905,25461,3965,5107,-1820,4051,10923,26163,5372,12047,3363,9021,2763,12047,3559,9021,498,-763,3093,-785,4582,-1093,-29,-5567,2510,-832,-29,-7337
2/7/2024,814,2401,-780,3032,2295,-780,2560,3460,-780,1130,3962,-1888,1032,6166,18859,2212,8238,7262,2500,315,9048,3160,12357,-4136,2352,1122,5274,6408,8999,-5567,1130,2692,207,3032,2295,207,3107,3125,207,2927,2122,1642,2250,5866,19722,2706,8238,11442,2500,209,13584,7813,12574,9700,2865,209,14159,6408,12781,9840,-2239,-4849,-1120,-2460,-1460,-4849,-371,-2460,10096,13138,9867,170,10728,2652,11325,-4854,7818,2216,11325,-5333
2/8/2024,655,1173,-241,585,-482,-1396,140,2044,-241,565,573,-1571,1095,834,992,-305,-1647,-128,970,1571,-162,-785,-1424,-2867,260,1885,-577,-600,-2435,-4349,655,-482,-5896,585,-482,-5896,140,420,-5896,755,-1975,-6298,1095,3472,5258,-355,-1295,550,970,6505,-2141,-565,-1424,17159,210,6505,-2141,-565,-1424,17159,817,-5030,-2025,-5235,817,-5030,-2055,-5235,2586,-1720,102,3509,3354,-4711,6525,6901,1574,-5365,6525,7068
2/9/2024,540,-3030,-877,-820,-3030,431,-770,-3035,-1035,-140,-2615,-393,-477,-4210,-6544,1185,-3590,-5504,-1700,-4990,-7483,5470,220,2511,1385,-2065,-1623,7895,220,-996,540,-3030,-1530,-820,-3030,-445,-770,-3035,-445,-485,-2930,864,537,-5320,-10644,1185,-910,-7714,-288,-2425,-12144,5693,-315,12026,1522,-2425,-11204,7895,220,15572,-3620,2424,-420,-489,-3620,2269,-2370,-2089,-4470,-7306,-970,-5554,1166,-5416,6508,1002,-4970,-5430,6508,3506
2/12/2024,1185,1558,-5391,710,1493,-5152,923,1238,-5391,415,863,-4395,335,-16,-5028,610,-459,-7539,471,1049,-6971,750,-1299,-5995,1127,2365,-135,2155,-1299,-6290,1185,1558,-5303,710,1493,-4963,-195,1238,-4963,-190,401,-2330,175,410,-9887,155,1425,-11024,710,2485,-12638,2254,-2117,-46172,350,2110,-12638,2345,-1299,-45140,-4740,-6432,-3440,-5058,-3440,-6432,-2220,-5118,-3188,-6343,-4410,-7295,-6992,-6181,-4890,16214,-1665,10,-4890,14534
2/13/2024,2685,5380,8227,1440,5218,6664,420,5392,8227,2265,3479,12382,940,3185,985,1105,5182,9433,915,4278,6398,2355,13541,6883,940,1724,4613,2170,13463,12596,2685,4205,11472,1440,3861,11777,420,3859,11777,575,2200,8884,940,5930,6756,1105,5444,11092,915,4390,7021,1981,12728,30057,940,4390,8918,3330,13541,30499,6405,10519,4055,11453,6677,10519,6215,11453,467,344,5970,4593,5114,3711,6958,10177,3598,2938,6958,362
2/14/2024,-705,410,-1019,-465,620,-1050,97,-1830,-1019,-525,-383,-680,564,2589,-3774,285,-3205,-3198,642,86,-1643,230,2045,-1554,50,-2117,2517,395,124,-5414,-705,567,-1488,-465,620,-450,-475,-880,-450,-555,1340,2456,564,2589,-5738,285,-910,837,-55,4018,-7101,494,2404,-18684,425,4018,751,640,2045,-19754,-1153,1647,1334,645,-1319,1647,1148,645,2181,7350,378,8263,1324,212,7620,7040,3140,2538,6785,5940
2/15/2024,-870,-1094,-2800,-865,-1455,-4718,-370,-1094,-3774,-870,-1701,-1647,940,-311,-5996,-30,-3835,-7425,-350,-637,-7442,-420,1294,-3537,1106,-410,-1114,-420,569,-4168,-870,-1455,-2453,-865,-1455,-2787,-370,-1455,-2787,-160,-2076,-2095,940,1625,-1854,1230,-1020,-13545,1330,-4055,-18247,-420,-3555,-44846,1650,-4055,-21902,-420,-3555,-45836,-173,-3196,-986,-6831,-173,-3196,-950,-6831,2060,-4034,1777,-7380,-6965,-7493,-6488,-6255,-2446,936,-6488,-6530
2/16/2024,665,4431,1552,595,4317,4011,1000,2811,1744,710,3524,3312,2505,2546,3948,1215,3205,2660,2201,2592,2921,650,484,-5911,1305,-935,335,645,220,-7434,665,4637,-5815,595,4317,-3652,1000,3017,-6512,975,-268,-3689,2505,2546,5378,1215,2020,6598,2601,4278,6008,443,484,-2647,2481,3233,4713,645,484,-3052,8427,4280,6390,3545,7721,4280,5219,48,2413,-319,2300,5563,-522,7170,4413,9446,1640,508,4413,9486
2/19/2024,2955,1775,5264,3595,1775,5264,1790,1775,5264,3390,885,5049,2520,4397,9950,2945,4660,5820,4365,7390,10465,4890,9180,2505,3070,2910,830,7845,4585,2505,3390,1775,5545,3595,1775,5545,1790,1775,5545,1770,1775,5545,2520,4397,9509,3945,4660,9720,5910,8190,14365,7950,11085,18970,5505,8190,14365,7950,11085,18970,-1255,-4184,-3075,-5060,-1255,-4184,-2135,-5060,20,5094,1850,1745,7220,3475,14805,-1110,935,-160,14805,-1110
2/20/2024,-425,4103,9428,395,5597,9715,585,5395,9715,-295,4643,10633,1308,668,-2652,195,-276,711,1482,2622,-4366,-375,6173,662,1471,1146,3762,-375,5793,-1677,-425,4103,11788,395,5597,12075,585,5395,12075,1120,5536,11586,545,563,-6481,285,-181,-4,-305,2480,-5729,181,6173,19097,1471,1700,-6389,-375,5793,17534,1995,4611,1523,4633,3478,5233,1461,5147,-2230,-5962,3215,-958,3822,-3003,1691,-1452,9,489,1301,-1652
2/21/2024,-100,2851,7776,865,430,7776,149,2930,7776,-145,6854,7536,896,4327,10326,275,642,13501,1806,1272,5776,1460,3758,11286,1121,-412,344,1575,80,-5577,-100,3235,3591,865,3075,3591,375,3075,3591,580,2702,912,896,4177,11827,275,2567,6003,1806,3317,10748,1313,7899,4413,1121,3312,5570,1615,7899,-2088,-354,6887,-889,7306,2332,6887,-276,7306,3540,5345,-152,6932,2404,8441,4257,7573,2645,2950,4257,8020
2/22/2024,108,-2192,-4607,265,-2085,-1397,571,-2177,-5065,230,-780,-1615,-1950,-3815,-6983,985,-3943,-7465,-205,-4212,-7490,930,-160,1182,745,-2405,-3925,207,-160,9913,230,-2085,-3585,210,-2085,-2039,735,-2070,-1780,-190,-1445,-2677,-1320,-9091,-15914,985,-5220,-7577,1105,-3442,-4639,207,-1323,4361,1933,-2177,-2852,207,-160,5247,-2482,-5965,-2385,-5545,-3342,-6263,-2375,-5545,-4460,-7370,-4130,-5936,-3841,-7467,-913,2688,-6705,-5615,-913,17828
2/23/2024,-1180,-155,-1501,-70,-794,-1408,-1047,-634,-1716,775,-1087,-3729,1050,2261,-2466,-210,1749,6442,-85,2275,4221,315,5798,-4715,95,194,465,315,1527,81,815,-681,3569,-1080,-794,4131,-1149,-708,4931,-1245,-1041,3078,1050,2261,-1806,715,2123,3006,-85,1794,10007,315,4294,3305,514,1794,4534,315,3863,6281,-2021,-2104,740,3416,-1238,-2104,-115,3416,1914,11753,2100,6651,4236,15352,6454,-1045,-639,659,6454,-4232
2/26/2024,95,-3737,-4908,687,-2857,-4908,1271,-3202,-4908,902,-820,-6973,822,750,915,472,-465,-3494,1385,-921,-3862,-465,-643,6252,115,-219,823,-515,-1153,4500,95,-3737,-10062,687,-2857,-10062,1271,-3202,-10062,140,-959,-7733,822,1214,-3703,472,-618,-6496,1385,-1109,-15133,-515,134,-47571,115,-1109,-15133,-515,134,-47571,-3369,-7426,-2688,-4782,-2304,-7426,1307,-4782,1790,8567,1009,1229,-2772,-1611,6257,5502,1274,6158,6257,5502
2/27/2024,-770,1732,1750,-695,1838,3383,-657,1252,1750,-620,262,3429,1940,-271,866,1450,2393,4931,1164,1726,3939,2264,1544,-3393,-105,1092,-1769,2264,348,-7050,-770,1943,964,-695,1838,1620,-657,1463,1620,-700,1363,-121,1940,-30,3254,2460,6334,7695,1164,2930,9870,2264,1686,12128,960,2930,10105,2264,1686,11243,1160,1076,2187,724,1160,1076,1162,724,-1688,736,-845,1343,172,2923,4633,-6989,186,1667,4633,525
2/28/2024,3150,7214,955,2730,7597,1813,3425,5044,1920,3175,6023,3711,2025,5717,14361,2635,6861,3191,2010,6347,20615,2491,4691,-2660,240,7125,7592,2995,7385,-4169,3150,5107,5785,2730,5826,6750,3425,6008,6750,2505,4836,4388,2025,5717,21464,3535,7106,442,140,4195,22831,15,217,5979,-370,5305,22831,15,598,8242,565,1854,565,-1247,565,1854,565,-1247,15419,23146,6895,-359,5248,8574,-1721,-5809,6453,9358,-1721,-4714
2/29/2024,-353,532,3945,-145,284,-1738,-468,-56,3945,-15,409,799,125,1618,-2582,60,-571,1079,630,-2871,-3536,365,2790,5076,105,-329,1914,365,1940,8151,-15,532,3998,-145,706,4122,-60,691,4122,205,1344,970,125,1618,-2467,60,-451,-497,630,-2393,-2517,365,1301,18240,105,-2393,-2121,365,1940,18989,-60,4682,684,4953,-640,4682,530,4953,-2849,-1997,481,3905,-1426,-3921,859,8455,-2385,-52,859,8455
3/1/2024,260,-2530,-2030,1195,-2530,-2265,267,-2150,-2030,260,-2270,-305,-1550,-3630,-6140,-975,-3735,-7406,-1960,-4205,-7496,465,-450,2275,-1045,-2095,-1560,2935,-681,3927,260,-2530,-253,1195,-2530,-133,450,-2150,-133,-435,-2120,-394,-3960,-8592,-18276,-1165,-3240,-4741,50,-4860,-10632,1970,-450,-2396,20,-5175,-10632,2935,-450,2345,-2630,-1143,-2630,-1392,-2630,-1143,-2630,-1392,-4005,-7015,-3940,-7465,-6998,-7493,-1095,-122,-6990,-902,-1095,-122
3/4/2024,865,1667,2605,1530,1567,761,1630,1817,369,935,2384,4511,1570,2079,-3958,453,30,-5935,1928,-30,96,655,-922,-3240,1405,218,970,655,-804,4006,865,1667,3913,1530,1567,-1549,1630,1817,-1152,925,2362,-2553,1570,2079,2939,453,150,2831,1928,797,5461,655,512,24821,1430,797,5461,655,512,25315,1503,51,1468,5327,1718,51,1503,6217,-49,1357,3667,3569,2330,7162,-4990,4448,2190,734,-4990,2200
3/5/2024,720,543,-1346,630,543,-1182,650,2,-578,720,1294,-2054,1325,4157,3960,755,4720,15761,1560,3765,14274,1425,-3997,160,1475,3491,-4505,1445,-1761,862,720,543,-6342,630,543,-7704,650,3546,-7629,-465,-2675,-7424,1325,4502,9738,755,4435,19875,1560,5239,24882,1445,-7302,-6863,1475,3894,25705,1445,-6486,-6411,3247,-333,3097,-4729,4753,-343,2881,-4734,10313,4628,8749,14058,14310,16839,4890,13495,1547,-1415,4890,2208
3/6/2024,135,-791,6117,-85,-922,1792,637,4158,10568,50,-70,184,1185,725,-3653,760,-450,-3675,2150,-893,750,974,3339,-4465,1865,-62,3742,1058,1065,-6843,135,-310,680,-85,-922,1646,725,4158,7090,215,-945,1099,1185,1782,2795,760,165,-6330,2150,2097,4531,1058,6282,-68,1865,1727,4905,1058,2294,1697,1315,3888,681,7730,4057,5446,-691,6808,-1835,-6605,-2343,-3540,-2552,-2610,-2240,-3824,-695,637,-2240,-4014
3/7/2024,3157,8379,7290,1805,8364,11344,395,8174,7290,1480,8874,12727,-1580,-3030,-4935,195,1759,-154,1670,2746,-5560,3910,5689,-4065,1116,165,-4735,4320,5765,-6370,1465,8444,11520,1805,8364,13568,2880,8364,13568,1820,8957,20657,-510,3726,-4524,1650,5012,-978,1860,9140,-671,4214,4224,-21750,1631,9015,-397,4320,5689,-21750,7626,9410,7626,9368,7626,9410,7801,12933,-2485,-6015,192,-5680,-2919,25,-3595,-740,-1606,-6000,-3595,-740
3/8/2024,1160,2726,392,1090,2032,1217,1601,1927,-4056,1975,1590,783,1320,2631,-5814,-20,3095,-6123,1845,2626,-6459,2175,5285,-5215,-233,-1114,-995,2350,4405,-6690,1160,1590,751,1090,1890,-366,1470,2012,-2744,1235,-105,-2969,1320,3266,753,770,3095,4757,1845,2801,-4665,2355,5285,-13897,1195,2286,-8417,2350,4895,-13577,3326,4603,2649,119,5902,4589,2639,-182,-2197,-3404,-62,-3159,3853,-7330,8562,-6996,-2904,682,8562,-6996
3/11/2024,2636,6763,-2748,2710,3241,-4091,2293,4839,-2748,2565,3310,-4712,2838,8143,18425,2681,4238,5021,3495,6522,10240,3045,1642,-5025,2995,4071,507,2995,-2390,-6810,2636,3712,-8292,2710,3325,-10965,2710,3325,-10965,1480,110,-10999,2838,10096,18584,2681,4069,4794,3495,6060,-781,4530,7971,-36720,2995,5715,-2118,2995,7629,-37435,-1559,-5577,-2615,-6023,-1617,-5577,-3020,-6023,7853,7821,3731,2393,4012,11035,-4664,-4450,-760,-2875,-4664,-3629
3/12/2024,350,1933,-80,690,2502,433,75,2443,-31,995,2360,3341,-650,-3744,-6174,-25,-3169,-5565,-1315,-4430,-7429,505,-680,-3917,-180,-1196,-2342,505,-2225,180,850,2177,2405,690,2242,6870,575,1889,6650,570,3921,2697,-650,-5863,-12504,-25,-2485,-3153,-205,-5462,-2715,394,-2629,17270,-180,-5812,-1903,505,-1215,16241,4070,3457,5157,6216,4090,3457,3983,6251,-4464,-7356,1,-3857,-2527,-6704,2708,5830,-1781,767,2473,6807
3/13/2024,2245,660,5547,2240,459,5075,2455,-179,7827,2245,-304,5891,4700,8718,18703,2855,6710,24315,4745,12905,26153,3650,511,14389,4330,3749,6595,3700,2798,12194,2245,459,2039,2240,459,2323,2455,-1155,3119,2295,-310,2261,4700,11055,33269,2855,7241,27509,4745,13562,32445,3700,511,40604,4330,13562,32445,3700,511,40284,3685,5671,1946,2719,1252,5671,1971,2719,8318,25445,11445,20000,8996,23333,9720,8962,6178,3331,9720,6556
3/14/2024,305,1746,14945,1590,8580,14945,1690,8805,14945,890,1689,14505,2280,6959,5850,2750,9355,12241,3939,17097,10291,1690,2051,5797,1898,7061,-2904,1690,7479,8474,305,1946,14945,1590,8580,14945,1690,9000,14945,1135,6476,17324,2280,9756,21943,2750,9325,24089,3939,18132,33465,1690,1901,33084,2103,16862,32612,1690,2051,36355,3966,14840,2292,14178,3405,16124,1700,14308,7872,6707,4608,31033,8957,35692,1935,-3147,3667,-2899,1935,1987
3/15/2024,941,263,-619,155,-690,-2400,342,-620,-2016,75,-175,-2301,4424,7683,11103,3749,6738,24515,6600,8995,25210,6025,4106,3728,6205,1513,4428,6025,3677,3784,585,-275,1912,155,-314,-685,435,-289,-185,105,-595,-3284,4424,9797,32791,3839,8219,27373,6600,10220,29645,6025,4106,10535,6205,10220,29645,6025,4106,11440,567,3719,969,4602,567,3719,796,4627,9676,20154,8365,23162,8307,23617,9426,-1790,3381,7384,9426,-1790
3/18/2024,730,-493,58,780,126,33,52,-621,-4201,900,407,73,135,2216,-2690,-810,-935,-5150,1350,-1060,-5667,2325,-242,1247,684,-15,117,2705,25,-505,730,407,-6506,780,126,-6531,615,-274,-6626,465,840,-3807,135,2216,-8814,4064,-391,-6883,1350,-160,-7961,4007,27,12335,885,-160,-5355,2755,3330,13495,-230,-4060,136,-1504,-373,-4060,1901,-1489,-688,-3858,-3910,-5196,102,-6113,2875,-6025,1990,606,2875,-6025
3/19/2024,-645,-1453,-5920,-1080,-1698,-5920,-1070,-1698,-5920,-1145,-2605,-6335,-1922,-4461,-6960,-1050,-3025,-8005,-1961,-3735,-7430,120,-2509,-3062,-1396,-2590,-4725,405,-3154,-6034,-1145,-2455,-7770,-1080,-2525,-7770,-1070,-2525,-7770,-1015,-3210,-11420,-430,-695,-11393,215,-470,-8635,-225,1930,-6657,-191,-1283,-12725,65,1930,-5805,405,354,-12725,-3629,-5117,-2039,-5973,-2039,-5117,-2995,-5973,-3843,-7482,-4495,-7500,-6997,-7443,-5715,-6860,-6505,-5495,-5715,-7445
3/20/2024,495,1545,-6000,400,1400,-6000,-495,-550,-6000,495,-1265,-5560,930,3195,-6872,-145,-516,-7147,485,1539,-6868,25,5297,-5986,270,104,-3806,25,5234,-7444,495,2235,690,400,1800,815,-495,-550,780,1260,3595,3190,930,3195,-4404,-145,1616,-1209,485,2222,-2205,25,6777,-3291,270,2217,-1491,25,6482,-4220,-56,-5629,-1365,365,-161,-5629,-1515,1950,2445,-7423,-3620,-7460,-1762,-7449,-982,-1286,-6230,-5470,-1282,-4249
3/21/2024,345,-1479,-3519,420,-1529,-4085,270,-1568,-2277,865,-1790,-3454,-490,-1285,-6229,195,5,-6143,405,-1990,-7488,695,3175,-7225,490,-2615,-1969,690,3151,-7729,345,-366,-5344,420,-301,-5344,270,-156,-4709,980,-524,-6427,-490,-1285,-8952,195,5,-7702,405,-1990,-13926,695,3376,-34508,490,-1990,-13926,690,3661,-34508,-3395,-5970,-2662,-5740,-3395,-5970,-2855,-5740,-4270,-5698,-3455,-127,-6334,-7499,8618,-2805,-2385,-1633,8898,-2805
3/22/2024,-430,-1050,-880,400,-1050,-880,540,-1050,-880,-430,-1198,-1185,1475,-3860,-3459,1085,-3115,-4936,1625,-446,-5808,140,-747,-2172,1242,3160,-3131,-420,-1057,1102,-430,-1050,-4852,400,-1050,-4852,540,-1050,-4852,10,-779,-4622,1575,-2167,-7703,1085,-3555,-1898,1625,-1675,-5653,453,-747,11796,1242,-1675,-7813,-420,-747,14029,-756,-2754,-577,-2715,-104,-2754,-2780,-2715,-3645,-1441,1219,1707,-1714,-2456,3221,-4750,-2310,-5770,3221,-7335
3/25/2024,2547,2998,6136,2510,1664,4171,3255,1732,6136,2425,-216,4984,2367,1105,-1077,1310,545,-2017,2597,1686,-4262,1753,-4300,-5653,3179,2521,-620,1682,-2040,-6889,1590,2060,2004,2510,2060,1092,2420,1552,1092,2801,3076,105,585,2468,5455,1505,545,209,1085,1985,-6469,2700,-8550,-20179,745,1985,-6578,1787,-8900,-18870,2367,216,605,-2581,3367,216,-270,-2581,-1180,-3083,-2910,-3001,-3830,-2229,-5584,-2968,2535,-1200,-5584,-2963
3/26/2024,-165,-3940,-5700,-1105,-4160,-5700,-940,-4165,-5700,-185,-2860,-6785,-740,-3555,-5710,904,-1720,-1146,1350,-1635,-7300,1046,7811,5789,909,495,-3174,1046,7656,6106,-165,-3265,-13270,-470,-3605,-13270,-940,-3710,-13270,-425,-4450,-13140,-740,-3595,-13355,904,-1517,-1146,1350,-450,-3453,1046,7466,12872,909,-450,-3029,1046,7461,12872,-4596,-6250,-4460,-8955,-3089,-6250,-2225,-8955,-2299,-7148,-820,-4462,1816,-3150,2056,4127,-1620,-4030,2056,4470
3/27/2024,-240,558,-1572,485,1178,-1572,950,530,-2040,-205,498,-74,527,1917,3397,735,6051,3223,1943,3877,803,35,1398,2826,1457,3522,-48,1083,1063,2911,-130,558,-1440,485,1178,-1440,950,1643,-1965,280,-527,-647,715,2177,6957,1532,7634,-4191,1943,6970,-4684,588,5978,-32274,1457,6970,-4684,430,5689,-35617,794,-3063,560,-5237,672,-4802,365,-3022,2435,-2376,-629,-1297,2966,-3005,-555,1823,2841,569,-555,1203
3/28/2024,205,-1025,-4748,-970,-2653,-4310,-452,-1155,-4748,205,-2159,-6450,9575,7179,565,8305,7184,-1060,2820,6065,-4258,11950,6398,-4963,7900,10899,-403,11950,6396,-6540,205,-2413,-4637,-780,-2543,-7460,-780,-2543,-7460,-510,-3610,-7720,9575,12032,9859,8305,12222,821,2820,10914,-6355,11950,6890,-13502,7900,10914,-6082,11950,7548,-13373,2274,-3004,2274,-6835,2274,-3004,2274,-6835,2150,1189,1113,-1576,3026,-4318,-2370,-7000,9053,6778,-2370,-7430
4/1/2024,-1030,-1360,-5921,-1730,-1360,-5250,-2285,-2390,-5921,-1030,-1360,-3915,2766,2251,-3794,1710,491,-2038,-210,-163,1428,1085,-4107,-3439,160,2745,2183,1085,-1792,-2363,-1030,-1360,-3198,-2270,-1360,-2285,-2285,-2390,-2285,-1630,-3395,-4220,2766,3851,517,1661,-75,-5746,-210,-1492,-221,520,-8060,-24785,25,-1492,332,520,-8060,-23736,1102,-405,-101,-3620,1223,-3030,95,-1230,594,-2685,86,-3361,-3454,-3843,-4090,-2530,2001,3152,-4090,-3426
4/2/2024,-570,-4425,-5253,-1610,-4405,-5049,-2045,-4470,-5253,-570,-2745,-6240,535,-4436,-3393,-160,-3280,-4717,-1500,-2645,-2963,575,-3821,-2032,455,-2630,-1686,575,-2666,770,-570,-4755,-11075,-2210,-4970,-11075,-2645,-6085,-11075,-1535,-3738,-8248,535,-7011,-18483,-160,-6660,-19301,-2010,-9625,-16160,575,-3821,-38212,455,-9995,-16160,575,-3821,-38212,-4289,-5173,-3980,-2668,-4446,-5173,-3095,-2668,-4450,-4118,-2720,-5800,-6460,-7350,-620,-275,-6240,-2295,-620,-2585
4/3/2024,1889,-96,1687,1275,-107,3262,710,431,3857,-300,-1401,1687,405,-182,-144,515,-3525,-7040,1357,-1964,-6003,-335,-4955,-2378,716,1544,4800,-310,-2840,1648,-110,-602,2160,1275,-107,3308,710,-84,3903,-1865,-3427,2113,405,-2848,-11695,515,-3525,-14700,-985,-4585,-18196,252,-5689,-21393,-1050,-4585,-22480,-310,-6935,-25360,905,6591,1241,6831,905,6591,-449,6831,-4401,-6380,-4137,-2124,-4474,-2662,-6306,-492,-305,6316,-6306,-492
4/4/2024,1115,1152,46,1180,-532,-2357,1150,-1542,701,1500,1292,-248,630,-1173,-276,415,987,4957,85,525,-1866,-15,-650,-5620,-5,-1353,7205,315,-650,889,1115,482,-7830,1180,92,-8185,1150,70,-7175,1540,927,-4281,940,-1018,2564,900,987,3070,335,525,-4945,470,-650,-1130,480,-1250,-4310,470,-650,-1130,-1539,-7445,-1010,-205,-1539,-7445,-620,-205,-2540,-3512,-4175,-1928,-1448,-5866,-6295,-6288,-1758,525,-6295,-7233
4/5/2024,645,3009,-976,1082,1382,-1222,1102,1382,-976,1475,3009,-1195,-930,837,-2068,-365,697,560,515,507,-5303,885,-3864,-4586,-165,-2400,-4610,715,-1064,-3261,1040,3009,-3348,1082,1382,-3033,1102,1382,-3033,75,-55,-8616,-645,1755,628,-365,1863,1330,515,945,1754,715,-9030,-22635,0,370,-288,715,-10035,-23282,-675,-1658,-1855,-5071,-413,-1658,-1855,-5071,154,338,-320,1523,4392,115,-3223,-3763,-1960,-5445,-3223,-1574
4/8/2024,-475,1594,-1386,110,2173,-2085,320,2538,-1671,-475,2011,-3850,3215,2156,1024,2885,2638,-5430,1434,6038,-3476,405,7256,-4145,2008,5491,140,5548,5374,-5230,-475,2011,-4517,110,2173,-5214,320,2779,-5214,-690,2611,-2304,3215,2156,1831,2885,2638,-3265,1770,6779,553,5926,16611,-4298,2460,6354,-2413,5708,15710,-4311,1250,-3387,-730,-2952,1123,-3387,60,-2952,6967,2639,6768,-2270,3960,1936,2749,-6440,4151,7061,2749,-6440
4/9/2024,1630,2802,675,1320,2977,7433,1855,1686,675,1713,1800,7432,820,987,-2631,840,-979,579,2976,-3210,-386,1215,-2745,3811,835,-1505,-2111,1215,-935,-1561,920,1720,792,1320,2977,2838,1855,2892,2838,565,1697,-8524,820,5147,9861,840,3255,3001,680,776,5358,2520,10133,-23201,835,-214,2910,1215,6225,-26115,4034,-363,4410,4072,6749,-363,3235,4072,4635,3023,560,-3510,1316,-3817,3030,-5270,1423,-3295,3030,-5270
4/10/2024,1246,2140,5837,1082,2050,7834,614,3435,5098,1160,3187,3008,1386,3518,6457,1770,7856,13463,2408,6372,12384,910,75,8014,2718,3886,4933,905,2856,8490,1263,2140,9822,1082,2050,9661,685,3435,9636,3895,2207,8782,1386,3518,7388,1770,7856,5518,2408,6410,11190,910,2567,4696,2718,6020,9165,905,2567,-788,-998,7936,515,6287,-456,7936,703,6287,4613,5274,6424,7094,3394,4970,55,712,3786,2251,55,2811
4/11/2024,575,-1525,1814,-525,-1575,1492,-448,-1575,43,100,-2475,-1518,-1775,-4260,-6830,-1030,-3400,-7445,-1310,-4292,-7015,2640,1153,7842,-885,-2930,-1396,3275,198,8566,575,-1525,268,-525,-1575,1576,-400,-1575,1058,-365,-2415,2543,-1525,-5680,-17175,-840,-600,-3735,-1125,-4335,-5675,1962,4370,18956,-925,-4955,-4567,3275,4370,18729,-2943,-1407,-2797,-1535,-2925,-1526,-1957,-1535,-4420,-7450,-1244,-7185,2040,-6653,5203,8023,-3257,-5665,5203,10255
4/12/2024,-220,-1425,-4852,-485,-1472,-4770,-1873,-1532,-4174,-200,-2870,-5630,1410,6346,1635,3455,5492,10580,2575,2992,5815,4575,-1312,-567,1655,1788,-4900,4575,1230,-6563,-220,-4005,-11033,-485,-4052,-7632,-1750,-4112,-10695,-2300,-6165,-12695,1410,6742,4674,3455,5505,11632,2920,4031,6058,4575,-2282,268,2675,4031,4239,4575,-3212,-726,-14,-1315,-392,-1115,313,-1315,-772,-1115,3391,8606,4117,3384,6092,10139,2049,1576,3989,2839,2049,1576
4/15/2024,620,-105,138,625,425,2712,514,-2763,487,235,750,2573,1185,-2060,-6779,2050,2365,-6295,2320,963,-6345,885,480,-4765,2065,-539,-4765,965,6101,-3377,620,750,635,625,425,2948,1035,-1290,2608,300,-440,4125,1185,-1400,-23200,2050,2365,-8742,2320,1864,-15790,765,-906,21868,2290,2133,-16365,765,480,24653,354,-2830,2795,-2385,-945,-2830,2795,-2385,-2573,-5940,3298,-7062,3951,-9567,2794,-855,-892,-4300,2794,-949
4/16/2024,4526,4485,5594,2170,4536,6064,2170,4431,5594,5738,3773,6584,1105,6186,23936,730,4198,23531,930,4272,30804,1175,3751,11186,525,1612,4806,1175,3746,8525,6258,5205,6556,2170,4536,6686,2170,4377,6686,2465,5248,10846,1105,4619,29906,730,4198,24802,930,4272,32935,3000,4808,28241,525,3537,32935,1175,3746,27941,4685,8000,5082,5245,4685,8000,4667,5245,5958,17084,3247,9354,5438,20922,3338,-6016,1685,5498,3338,-6301
4/17/2024,1000,625,2584,1815,625,3543,2130,625,1646,1000,625,4218,-1355,3043,-5685,-650,2763,1107,1980,9188,-3055,-585,-1151,14094,880,2980,626,-570,-1551,9177,1000,625,2722,1815,625,3442,2130,625,2714,900,395,3538,-35,1140,3404,675,2706,4795,1980,10525,12598,-570,-627,7105,1835,9165,17139,-570,-1551,9961,2635,7826,4672,7619,4462,7588,1492,6851,-1918,-6430,3274,5541,10032,-5541,2471,-2403,-1550,-1961,2471,-2403
4/18/2024,640,2615,3381,680,2850,3370,580,2850,3946,875,1640,-3438,755,2990,-1249,761,2297,-2155,1085,6046,-2177,-1090,13154,8561,870,832,-529,-349,10082,9258,640,2615,-3442,680,2850,-4128,580,2850,-4128,1215,3135,-3556,755,3924,-3857,761,3056,-2159,-25,6726,4897,-686,12189,28213,-130,6336,4244,-1080,13978,29923,3692,3086,4009,6667,4461,3086,3584,6667,-1602,551,2745,-1779,73,1962,18537,34282,4020,4285,18537,32637
4/19/2024,300,-561,-4005,320,1210,-4005,320,596,-4039,-95,935,-4488,383,-2649,-6865,955,680,25,208,227,3869,-465,-895,3085,-1327,-1757,-4545,119,1873,4756,300,985,-4804,320,1210,-7335,320,1115,-9224,-400,705,-10959,1300,-1618,-9745,1245,680,1314,1590,2725,7473,-1076,-2794,2331,1355,2360,8712,-135,-900,3181,474,-4113,1320,-3330,400,-4113,2360,-2840,-2371,-6860,2947,7847,-832,-6571,5352,19266,-721,-4540,5352,27950
4/22/2024,1225,-3549,-6058,-815,-1539,-3655,-763,-3559,-6058,810,-2677,-2409,470,-1097,5342,1510,-2198,-1870,1205,-2497,-3285,1365,-5643,13781,1600,-1860,679,1365,-3638,16381,1225,-1770,-6714,-405,-1755,-4115,-415,-1780,-4115,-420,-1720,-5865,895,90,6157,1510,-7208,-4705,865,-6222,-7956,1365,-8550,13781,1040,-6222,-7670,1365,-6458,16381,-466,-3398,-405,-3362,-235,-3398,542,-3362,-355,703,-2184,-3060,-3266,-4574,-6490,-6771,-830,-2949,-6490,-7246
4/23/2024,723,431,-1203,835,245,-1707,608,431,-1692,723,1195,-1569,2565,1869,-3706,2930,1705,540,4494,6955,-7275,4500,-703,-4000,4114,-2410,-4685,4039,-3340,-5423,723,245,-1094,835,245,-1359,608,245,-1565,1078,160,-682,2655,5418,10937,2930,4920,5148,4630,6647,7623,4876,-1738,-33561,4250,6187,17612,4039,-2799,-36545,-483,2496,-335,1324,-323,2496,850,1324,-515,-5715,1766,-2044,-745,-6045,-5275,-4830,-2604,-5665,-5275,-7020
4/24/2024,2452,1842,-4104,-915,-2330,-2546,-915,-164,-3362,265,-890,-4591,375,1068,-2116,1065,390,-3180,600,-3705,-4886,2401,-791,-3870,215,-2915,-4775,1784,-3785,-6025,265,-1636,-1134,-915,-4014,-5362,-915,-3535,-5607,-2185,-5948,-7791,375,1379,4377,1065,-2005,-6418,600,-544,-6510,1728,3208,1263,215,-530,-9416,1784,3504,-1303,-82,-952,1095,86,1162,-636,1039,389,4171,309,-100,-4734,-594,-2263,-5100,-6175,204,2531,-5100,-4035
4/25/2024,1740,-1226,-4358,1745,-1101,-4358,527,-1226,-4358,2130,-2620,-5031,520,-4170,-6951,1340,-3665,-2008,-775,-4185,-7385,580,-6965,-5640,520,-374,-4202,575,-4570,-5767,1740,-3350,-4788,1745,-3350,-4788,1620,-3350,-4788,1960,-2132,-5979,520,-4540,-5153,1340,-1200,3257,-25,-5600,-4336,223,-7690,-15341,635,-4665,-5885,575,-7690,-14786,-3876,-4203,-3590,-2427,-3301,-4203,1719,-2912,-4060,-7213,-3955,3490,-3930,1200,-6540,-6955,-4770,-1711,-6540,-8000
4/26/2024,1627,476,-1179,2483,840,-3599,2334,476,-1164,1627,24,-1858,2110,15,-935,2535,4304,12111,3335,8959,11158,4569,15,-4146,2740,165,4324,5063,15,-4398,1627,840,-2253,2483,840,-936,2483,840,46,815,-1810,1609,2225,2721,11093,2535,4304,12111,3335,9202,12206,5263,15,15051,2740,9202,14444,5063,15,17660,-460,-3025,-1985,-4725,-1150,-3025,-790,-4725,4033,-115,6327,6362,7783,11185,7146,-4528,-75,4754,7146,-7200
4/29/2024,2320,4804,14262,1185,4525,11880,1185,4414,14262,2365,4065,14743,635,8657,14176,1055,3232,17378,1590,7640,31447,790,3200,-1623,2080,2690,4573,20,2960,308,2320,7850,13339,1185,7530,13194,1185,7530,13194,2840,8265,10697,635,10927,29043,1055,11800,29441,1590,14152,36419,-1040,2379,35761,2080,13802,36915,-1045,2215,35871,3622,2850,2886,5489,1727,2850,5352,5489,11342,13399,6828,10233,12421,9589,1847,-2643,4651,3303,1842,-3311
4/30/2024,393,-1464,-3788,350,1552,-3869,1415,-826,-3489,418,705,-2640,505,-914,-3517,1575,2426,7093,1358,3335,6304,475,2909,7242,1133,559,-1391,640,2752,8234,393,1122,-2825,308,1552,-595,368,1242,-1135,478,-1650,-5805,505,-654,-541,1575,2901,2977,1780,4707,1646,780,755,10678,1133,3622,3136,780,2369,12582,-1956,-2462,-150,959,-10,-2462,970,1034,-2335,-4241,3235,-2895,11693,-8605,5664,21594,2486,3705,5659,25670
5/1/2024,795,4569,11813,815,6033,11032,135,6007,13177,795,4808,14368,3465,4955,8747,2470,2740,11430,3495,4782,13443,1626,-410,6819,3585,2555,4402,1626,1245,5360,795,4569,10958,815,6033,11196,135,6111,13482,310,2894,12378,3465,4955,31575,2470,3515,23049,3495,5750,30402,1626,-2575,9214,3585,5750,30749,1626,-3480,7997,6602,12060,4057,10834,3920,11775,4823,10959,4330,9016,5175,15142,5911,6012,2251,16323,5229,4190,1213,8392
5/2/2024,945,215,5050,1070,135,5831,129,10,5791,845,1301,2104,785,3582,1161,-1255,-799,-4325,-1700,-4084,-7147,1420,-755,-5941,-1180,48,-1084,1420,-1175,-6674,945,215,5050,1070,135,6198,375,10,5791,1110,1890,2833,660,3377,7214,-650,563,5533,-1585,-1105,-1234,1420,-1312,2444,-775,-1390,-16,1420,-755,3646,-973,3918,837,5302,240,4650,-50,5080,2380,-3486,-2194,-7485,723,-7060,-6305,-6930,466,-3151,-6305,-7435
5/3/2024,1314,2399,730,1209,1605,1550,2144,3153,1550,919,844,-285,1435,3600,2559,3038,2964,2469,1720,2338,-2341,3440,-295,-3230,2690,1754,-2164,3440,-295,-3942,1159,1596,2238,1309,1605,109,2244,3153,109,2159,669,970,1435,2787,5057,3038,2964,2826,1720,2338,-2398,3440,-295,14249,2690,2103,-7876,3440,-295,15032,-1562,-2671,-2451,-3203,-1562,-2671,-2373,-3203,520,761,5678,8096,7306,1555,-3727,-2195,7696,774,-3727,-1762
5/6/2024,-815,-490,-2093,-1110,-255,-665,-1150,-490,-2093,-245,-350,-414,-1685,752,-4999,395,-2780,-4931,-1645,183,-6486,550,-60,10461,-1295,1956,-3079,570,-169,-2188,-815,-255,799,-1110,-255,799,-1150,-255,799,-210,-1357,3018,-1620,-5435,-17801,395,-2780,-9746,-2665,183,-20328,570,-60,10254,-1480,183,-20627,570,-60,10254,-958,-1807,435,395,-373,-1807,315,395,-3950,-6290,-3350,-2732,-2985,-2555,124,10866,-5400,-5905,124,10866
5/7/2024,320,2898,-1093,5,3970,-743,930,3942,-3726,270,4237,-3794,-140,-38,-2665,1155,-3955,-4519,962,1594,-4550,-860,265,-4678,-198,2850,4539,-350,273,-5229,320,3115,-6306,5,3970,-6306,980,4530,-8608,235,3250,-6854,-140,1742,3564,1540,-3420,4022,-370,1839,3288,970,1251,-2301,740,1839,3288,-350,-366,-2301,-1415,-2120,-3135,-5427,-1415,-2120,-2655,-5427,261,-4531,-2410,-5070,-93,-3561,415,-1690,3617,-60,415,-1690
5/8/2024,-895,-1785,5026,-1510,-1785,2511,-1510,-1785,1751,-895,-285,5093,2395,-898,-2870,630,-830,-1769,333,-1119,-4823,1750,-1645,-3990,10,-2142,-3115,2930,-3595,-6575,-895,-1785,5161,-1510,-1785,2530,-1510,-1785,-457,-1105,-1770,11121,2395,-586,10778,555,385,10447,653,-1165,13663,4449,4979,12928,473,-1165,14496,3905,2584,10454,1102,-911,1876,-855,1516,-911,971,-855,1961,10151,-1735,460,4248,1057,-3395,-4755,2577,110,-3395,-5290
5/9/2024,3145,4965,1791,1404,4545,2302,1497,5925,1791,3155,-145,-4133,1676,6286,13225,4646,5812,10049,3130,7167,11996,4415,-1238,-432,2775,4709,1919,4415,-740,-155,3145,5758,4795,1404,6718,1001,1624,5403,1001,2280,5918,-4150,1676,6286,17778,4646,5812,10660,3130,7321,12122,3419,3503,-14643,2775,7321,11224,4415,87,-15720,1271,-5744,-529,-6890,1026,-5744,-1215,-6890,9704,6284,4193,-99,11731,2952,1719,-1301,6701,1557,1719,-3439
5/10/2024,-295,-276,-2738,-1615,-2145,-3005,-215,-276,-2713,-75,-1095,-4005,1833,718,-2432,1080,-2099,-3016,2285,-1091,-5879,1675,474,-4085,2050,1499,-1526,1675,1837,-5665,-270,-2145,-2044,-2700,-2145,-3005,-2775,-2145,-3005,-1660,-660,-4455,1833,1039,4488,1140,-1944,-2316,2310,-6345,-7894,1675,-1821,-48177,2195,-6345,-6685,1675,-1821,-49863,1926,-366,-1600,-1375,1181,-366,-600,-1375,40,1471,40,2133,158,3013,-3810,-5056,306,4701,-3810,-5056
5/13/2024,1244,1585,6318,2892,4800,3580,2029,4743,3580,1244,1442,2688,3495,6265,18040,1924,4340,15347,1917,13155,22338,2410,10853,12695,1942,4435,4039,3665,13326,13619,1244,1585,4919,2892,4800,2302,2029,4743,2302,-81,730,6449,3495,6265,20614,1914,6210,23637,1967,13155,30769,4235,11743,62772,2715,13155,30769,4220,11743,62772,-1906,-3485,-1413,-6483,-2483,-3485,-1476,-6483,13897,5970,9647,-1782,16643,1845,8253,-4095,10342,-181,8253,-4265
5/14/2024,520,-923,-327,-1060,-681,1729,-860,442,-327,-65,-1400,1561,-1455,-2985,-5392,-940,-1198,-7484,-1199,-832,-7491,15,314,10400,-1060,-1185,-3260,85,-296,-2130,510,285,-184,-1060,285,1739,-860,820,1739,-445,1395,-436,-1455,-3880,-6732,-1300,-2337,-9206,-1199,-832,748,85,1269,10700,-1520,-832,83,85,1269,10700,569,-1650,62,2850,548,-1650,-1186,2850,-4254,-7135,-2951,-7440,-302,-8207,-337,5874,-701,-5860,-337,5874
5/15/2024,-387,-1060,-1797,702,-1060,-1370,422,-1060,-2137,-320,-955,-1084,-1925,-3616,-6255,2190,-3260,-7435,-1655,-4461,-7452,975,-120,-1650,2180,-2415,-4670,1290,-120,-1650,-225,-1060,-1282,702,-1060,-241,1047,-1060,-253,415,-1015,-2981,740,-7538,-18503,3165,-1780,-5460,2045,-2423,-8057,-81,-923,-1650,2230,-2423,-7450,2055,-120,-1650,-1946,-498,-1780,854,-1946,-538,-1680,1120,-3850,-6660,-2035,-4720,-3497,-4928,-780,60,-6405,-5645,-780,60
5/16/2024,320,-2445,-4232,330,-2297,-4601,1243,-2372,-4232,-45,53,-5131,814,-4390,-6987,-740,-3745,-5157,-85,-4500,-4374,-485,-6420,3492,65,-435,-496,-1144,-5087,5926,320,-2445,-2220,330,-2515,-7271,1243,-1512,-7271,-735,-2064,-8721,-150,-7840,-13905,-740,-4010,-7904,-135,-7785,-16894,-1310,-8496,-27996,65,-7785,-16894,-1125,-8010,-27996,-3598,-6949,-1873,-6949,-2303,-6949,-415,-7259,-4265,-6747,-3725,-6935,-5976,-7462,-5910,1480,-1936,4363,-5910,7416
5/17/2024,955,485,3888,90,440,5048,1319,290,5753,330,213,6992,940,-1805,-4400,2980,3838,-3114,3035,-440,-1902,-505,-4168,12853,-145,-1640,4198,-1575,4171,12853,955,485,7922,90,440,9082,1319,290,9787,1380,-293,4626,2225,-2570,-9034,3150,2078,-2384,3040,-3080,6414,905,-5493,36470,1995,-3080,6414,-925,-5493,38028,7766,9707,4497,9905,7766,9707,3917,9905,-952,-4720,6254,11803,8980,11039,10593,6691,1556,7586,10593,9385
5/20/2024,1295,10044,2185,2252,7310,-357,4463,7446,2185,1742,3058,1609,777,11862,14200,1997,17131,12527,1203,23363,14272,767,11920,1569,807,3748,1640,802,10554,2130,1742,7310,2322,3112,7310,1873,5812,5114,1873,1947,5927,6358,1130,12486,15781,1997,17131,12962,2981,24503,28416,802,34584,30540,1192,24973,24610,802,33047,31341,7055,2341,4979,-2152,5715,2341,4979,-2152,10227,5203,16389,-2599,13326,-2791,30010,-6052,9925,331,30010,-6026
5/21/2024,-1460,-2334,-1126,-1805,-3023,-1126,-2395,-2334,-1126,-1450,-1893,-1734,-132,-3867,-6500,-575,-3590,-4684,-1190,-4112,-3964,-655,1207,-224,-1280,-2405,-4105,-790,165,-435,-1460,-2825,-2744,-2395,-2825,-1204,-2395,-2825,-1204,-2010,-1285,-2681,-132,-12395,-20658,-280,-4705,-8330,-1190,-10446,-15332,-1331,59,11386,-1590,-10446,-15332,20,1207,15765,-1975,2118,-1732,57,-1975,2118,-3320,57,-4495,-7436,-3617,-472,-6294,-4806,3497,-3455,-6510,-4710,3497,-3129
5/22/2024,545,-115,-605,250,-345,-605,470,-325,-605,-465,-2660,-1305,490,-4345,-6486,-1185,-4000,-7455,-1685,-4500,-7500,-650,-5970,-1588,430,-2140,-2302,-700,-4445,-4211,545,-115,472,250,-345,-778,470,-325,-778,-575,-650,-1603,490,-5038,-11897,-475,-6285,-26055,-480,-8275,-27990,-700,-6015,-47881,-145,-8590,-29240,-700,-6015,-49725,-305,2300,-305,1584,-2079,2300,-799,1584,-4498,-5480,-4320,-5485,-6990,-5491,-6490,-5395,1689,5559,-6490,-5640
5/23/2024,436,1943,-1661,-960,837,-411,-1777,1396,-5776,180,2128,-3890,755,2654,-6366,860,1818,5217,1130,6566,548,810,2184,4773,855,5481,2080,810,2044,-5815,180,1943,-3357,-960,837,-1229,-1465,1396,-180,-445,2121,-922,755,2654,-854,860,2106,4824,1130,8317,842,810,2184,2381,995,9157,361,810,2184,2780,218,4995,1096,5787,543,5995,1181,7842,-170,-38,1095,7244,2466,3425,2504,6164,-1321,402,2504,5479
5/24/2024,21,-1320,498,1515,-2026,106,1539,-1851,498,560,-2230,766,1523,-51,-3491,870,-2265,-5354,1833,-1952,-7492,890,-6339,-5756,1687,1144,-1234,1460,-3974,-5545,570,-1320,498,1515,-1549,766,1945,-1374,766,890,-135,5283,1295,67,-3805,820,-5685,-13901,550,-4100,-16118,3633,-11098,-38803,1030,-4100,-18935,1710,-11759,-42727,5706,1474,8150,2031,5503,1474,3842,2031,1872,-976,-2334,-1609,-2702,-4754,-6455,-4490,-665,-502,-6455,-4490
5/27/2024,1790,308,2178,990,-40,2178,789,308,2178,1035,1170,2343,-390,-2475,-3935,-217,2405,2929,1420,3015,5984,2910,2175,5415,1465,75,-91,3535,2175,6936,1790,-40,7479,990,-40,7479,975,-40,7479,1065,605,4705,50,-775,-1660,1045,2405,3005,1420,3015,7478,3227,3348,9697,1625,3015,7478,3535,2175,9697,1688,706,2413,889,1403,706,1514,889,-3930,-6843,345,-494,-1309,637,-45,-430,-1385,-1181,-45,-430
5/28/2024,3050,3014,19164,2301,3964,18809,3207,3964,19249,3105,2600,13367,717,3935,19340,-785,-2738,16417,1630,-300,16788,840,915,-3969,1450,1240,3457,2285,3305,-3068,3105,3014,14238,2301,3964,13883,3207,3964,14323,2505,1570,14108,-655,4640,31888,-785,-660,23193,1630,113,29098,2746,915,3653,1450,113,29098,2285,915,3653,2709,9424,876,10933,2124,10066,1146,8067,4177,18537,2157,4815,6129,4123,-1737,-1860,6965,4913,-1737,-1391
5/29/2024,170,-192,5083,-105,-262,3730,-105,867,4793,220,-177,5778,2230,2767,-3531,285,5180,326,-125,-1951,5505,548,2042,1429,1279,-2810,3450,267,2042,3585,170,-192,5147,-105,-262,5393,-105,867,5483,-715,-1472,5394,260,4918,-7899,285,5180,-6432,-125,298,-13516,905,2042,-24368,-30,298,-17128,217,2042,-23820,-157,-88,588,1985,-608,-88,1578,1985,4440,-2754,1961,-3471,6115,-3079,-100,2335,4570,5744,-100,4664
5/30/2024,945,1358,-610,1675,35,-610,1400,647,-610,595,45,896,170,-4227,-6915,1070,-4180,-7455,1985,-2285,-7426,1195,991,7126,1625,-2004,-4715,497,-147,961,945,816,-1027,1675,35,-1027,1400,185,-1027,240,175,8404,170,-4590,-9019,885,-3214,-4700,2285,-518,-2888,635,476,1932,1700,-528,-4739,635,476,1932,-1476,3074,-1010,6528,-1476,3074,-1260,4903,-4352,-7104,-5330,-2287,-5633,-9083,1246,12298,-586,-4225,1246,11967
5/31/2024,-20,1187,3592,1435,-39,-2361,2020,1597,1535,-50,-700,2102,-890,-1194,-6728,-1425,-976,-3614,-1429,-2345,13352,-985,-438,-4766,-1144,12028,-2236,-985,-768,-6243,-20,35,3592,1435,445,-444,2020,445,-439,195,785,-1209,-890,-330,-7768,-1425,-2735,-6800,-1520,-3490,9889,-985,10799,-2090,-1620,-3510,9572,-985,-768,1,-1031,7004,2550,10156,1574,6884,2680,8233,-2815,-5015,-1207,-1346,-1152,-6295,-6415,-5643,474,-1531,-6415,-3523
6/3/2024,-253,312,-313,-1315,1223,240,-835,-830,-3051,-1325,4115,-495,-340,-4400,-6955,595,-380,-6955,-45,3645,-6955,-1300,506,-5570,-175,-2350,-4620,-1685,-1964,-4780,-1290,2366,-6927,-1315,586,-5045,-835,-204,-4795,-215,-2550,-8450,-340,-3590,-13905,595,-380,-9145,-45,-425,-6785,-2058,6333,446,-175,-1125,-8490,-1385,2905,-615,6748,574,6258,-1715,8472,335,4173,-1715,-3395,-6635,-3825,-6635,114,-6635,-1361,1062,-3421,-4620,-1751,1039
6/4/2024,520,-555,-1373,323,-295,-3607,-175,-1081,-1290,625,-1769,-3033,1065,2887,-1687,-285,1410,3513,-150,1995,3645,220,320,2239,595,2885,8601,220,320,-851,520,-292,-7475,323,-245,-13453,-175,-1694,-13453,-375,-4425,-8837,1065,2887,3468,-285,1410,5444,-150,2985,7660,-18,91,1092,595,2980,6941,220,320,1150,-2920,-4428,-2485,-4935,-2920,-4428,-3320,-4935,260,2816,613,3106,463,6268,-620,-354,858,-756,-620,-3533
6/5/2024,365,-60,1703,405,-60,-1130,430,-205,-2971,665,-980,3804,-1220,-4070,-6315,1747,-3995,-6838,-991,-3986,-6758,1015,7181,8188,-901,-298,-4710,2075,4968,4180,365,-60,2949,405,-60,3418,430,-205,3340,970,2575,1003,-850,-10683,-29121,-55,-6780,-5825,-275,-5233,-11345,2873,1690,2350,678,-6068,-10045,2770,2109,3682,210,1421,1865,1150,-785,-1008,960,1150,-4485,-6635,-2325,-6098,-4942,-6650,-1350,3870,-6325,-5665,-1350,3870
6/6/2024,1152,-2670,-3139,1146,-1507,-3545,1923,-762,-2451,1167,-2302,-3636,6370,7590,8245,5644,6557,9749,8720,6171,10849,7205,13544,52,7803,8746,-2243,7205,13135,6106,1152,-2670,-4319,1146,-2015,-3771,1923,-948,-2940,690,-1743,-2274,6370,7625,11238,5394,6557,12836,8720,7243,18660,7205,15322,38644,7803,6913,18660,7205,15322,39169,2877,-5439,234,-4275,1736,-4472,-2190,-4275,1406,7810,2221,5557,4007,7566,2913,-3052,180,3047,2913,-1945
6/7/2024,120,-430,3525,1067,1045,2245,1014,1180,-1590,115,804,1160,1675,2942,4497,435,2566,978,-1551,2365,5570,-160,9334,214,-185,4270,3861,-620,8470,15837,120,-431,448,1067,1045,784,1067,1302,-3924,100,1170,1812,1675,4875,10998,435,2814,3792,-950,3880,6694,986,9334,13112,-925,3880,5493,-620,8719,13112,512,-3703,-8,-6050,512,-3703,-568,-6288,2018,3601,3348,907,3463,4321,2478,-2246,2146,1006,2478,-2320
6/10/2024,5650,2290,4737,3650,2210,3541,3620,745,4737,5260,2290,4624,1847,4219,13009,2985,3213,18278,2859,13580,24307,-890,-80,-2508,-140,-2085,2129,-990,-1312,-4138,5650,2290,4239,3650,2210,4609,3620,745,4609,4867,3039,5302,1847,7217,33459,3015,12076,29793,1982,14894,39173,243,-341,11033,1345,14544,40293,-1090,715,10276,4147,3062,3472,-1366,4147,3062,2957,-1366,2828,7397,11903,6269,12896,10083,-1621,-1548,-242,3304,-1621,-928
6/11/2024,33,-4028,-5292,575,-3000,-1168,550,-4028,-5292,625,-2490,-2987,-1572,-1910,-6985,-535,-3755,-7467,-1531,-4130,-7491,510,1631,-1616,-1353,-2820,79,540,224,-1399,615,-3000,-2414,575,-3000,-2414,550,-3000,-2414,-925,-3070,-4685,-1110,-1999,-16144,-535,-1530,-9077,-1215,-1719,-15294,158,486,358,-765,-2044,-15294,540,1676,1272,-2348,-2474,-3685,-1908,-2348,-2474,-3220,-1868,-3843,-6749,-1369,-1123,-2613,-7442,1641,-2200,-1733,-5890,1641,-2200
6/12/2024,2900,8326,18763,2090,9161,18763,3190,9664,17987,2730,7605,17254,3545,15194,34498,5254,17174,26125,6956,12507,24546,6160,13424,7091,5861,10555,5986,7440,12994,7784,2900,8089,19878,2090,9161,19878,3190,9980,20913,1215,5044,16728,4070,15935,48619,6595,17501,47796,6956,12871,47549,7440,13424,23417,6961,11966,48206,7440,12994,24883,3770,13254,2748,7604,3770,11053,1434,6544,18097,29898,21220,30782,20333,23102,20045,25438,12093,8688,19810,28604
6/13/2024,624,1449,-2331,665,541,1168,655,1232,-2331,1475,146,1018,-9,-3936,-4897,-1110,2160,-6144,2330,-415,-5471,1497,9905,12822,2774,-1153,776,1582,8897,-5228,1475,863,1664,1206,541,2706,655,-1035,2706,220,1075,3454,-466,-5105,-15377,-1045,995,-10504,2330,-2530,-16090,3113,13768,4185,1885,-2530,-17046,1582,11294,5809,1488,5556,1751,3614,4260,5556,1701,3614,140,-3964,340,-5113,-5994,-7365,-116,-4817,1485,494,-116,-4667
6/14/2024,-750,-1959,-1923,-1113,-1912,-2238,-1309,-3699,-1923,-1385,-1835,-4495,70,-1995,-2955,-185,5023,-3863,-1593,-558,-4709,370,2379,6502,350,-175,-2246,370,1421,9865,-1285,-1630,-5347,-1845,-1912,-5347,-2148,-3699,-5347,-1125,-2673,-236,70,-1995,-10520,-185,5023,-601,180,-558,-936,435,3196,9827,485,-558,-936,370,3196,9892,63,-422,560,2507,63,-422,-475,1651,-3961,-6843,40,2440,-465,343,-410,6038,-2967,-5620,-410,6038
6/17/2024,555,-327,807,2040,-411,2955,1480,-577,807,535,20,2982,-1750,-3755,-6205,-1150,-3060,-7050,-669,-4855,-8910,355,-4097,-3920,-165,-1980,-5045,-95,-2547,-6930,555,300,45,2040,300,45,1480,50,45,795,1463,-428,-1750,-6375,-13574,215,-4375,-9855,-345,-8175,-20114,-1272,-12125,-4970,180,-8175,-23335,-95,-11960,-4640,-2200,6927,-1651,5728,-2200,6867,-1286,5728,-4115,-7171,-4020,-3698,-5473,-7485,1005,-1880,-2118,-5840,1005,-1800
6/18/2024,2610,2458,433,2156,1721,159,2121,1077,433,2515,2321,921,2360,7535,14286,2375,4313,11994,1740,15683,4482,960,3233,266,2375,1630,8894,1860,1286,184,2610,2789,-2818,2156,2078,-2592,2121,1420,-2592,1388,7196,2337,2360,7535,17730,2375,4851,13618,1740,15568,9196,1558,5010,-4312,2375,15134,9196,1860,3661,-11748,606,-3579,1140,-2050,-211,-3579,910,-2050,3523,7849,1308,-936,4220,-4255,-2044,-1838,-604,4330,-2044,-2203
6/19/2024,755,825,3015,1395,825,3015,1395,825,3015,590,825,3015,2285,2430,7040,740,2755,8282,1345,3325,13317,1910,5795,7610,2190,-260,2400,2730,5336,10713,450,825,3015,1395,825,3015,1395,825,3015,450,825,3015,2285,2430,7230,740,2755,10693,2115,3325,13800,3175,5795,20315,2805,3325,13800,3175,5795,20315,-2019,-1829,-3450,-3560,-2019,-1829,-2840,-3560,3580,1365,3055,2075,3730,890,645,-1975,1240,1205,645,-1975
6/20/2024,339,2630,-4115,865,2485,2675,550,2425,2880,205,2630,-2953,415,2437,-5268,1050,6406,13322,-225,4281,-9100,455,3968,10376,364,3570,-4515,455,1917,15385,695,2630,-1854,865,2485,-1214,550,2425,-1009,-585,125,591,415,3000,-5869,1050,6406,14669,75,4581,13211,455,4205,15092,565,3979,15614,455,4385,17379,3109,-4405,3625,-3908,3109,-4405,2130,-3908,3132,-7283,6563,14568,8199,10558,5880,4999,5934,-260,5880,5819
6/21/2024,4445,2339,-1006,3491,4240,-1171,3589,1851,-1247,4130,2174,-415,5071,2858,6865,4855,9033,6960,1845,9605,13521,2295,-3863,245,1795,6687,4925,3245,-1383,-5375,4130,4095,-892,3491,4038,-1259,3806,5098,-1259,3900,4673,-841,5021,2678,7646,6242,13020,13302,2710,15178,19861,3518,1507,-10333,2660,15178,20694,3210,1911,-10529,-760,-4160,-3035,-4901,-248,-4160,-1691,-4901,12688,13060,-220,2679,9728,1779,215,190,4975,2703,215,-3805
6/24/2024,-543,123,-2476,490,2122,88,-705,350,-493,340,1165,3381,385,1220,-5465,700,1251,871,1135,3979,1983,755,3564,4294,1000,1643,808,1115,2219,1213,340,637,2910,490,1853,3419,640,1059,4008,-140,-428,1509,385,1220,-4489,700,1251,1995,1135,3979,2780,1210,4791,14590,1000,3719,1761,1205,4531,12668,969,8057,1512,1741,934,8057,1626,1741,3484,-1348,827,8551,7941,9655,62,1078,994,594,62,5897
6/25/2024,-106,781,-287,25,1381,-287,-450,-9,-287,40,1381,-577,2365,-1831,-5966,1510,159,3006,1384,1685,8988,2029,1795,13784,1494,1144,1981,883,1664,962,40,1381,-287,25,1381,-287,-70,1441,-287,-460,1068,-1801,2365,1998,-2275,1510,37,3006,1275,4215,17325,883,6740,794,1385,3925,16570,883,6740,965,-951,-2099,-813,-2068,-1258,-2099,743,-1594,-3023,-7460,-1893,2560,1640,9885,1055,19690,-69,3361,1055,14364
6/26/2024,1330,1470,1754,2085,1597,2132,1857,2181,1754,1380,792,-1373,840,6617,19707,1750,6890,2351,1287,8925,16843,250,10425,-2176,436,653,2864,1400,7327,-460,1330,1717,-973,2085,1597,-505,1857,1525,-505,1240,602,-225,840,6617,25020,1845,7348,16804,1287,8925,23845,1813,11623,14387,1767,8925,23269,2770,10425,14901,3977,-3901,2867,-1320,3157,-3901,3507,-1320,5146,8495,1880,992,4665,3687,-3965,-2531,2027,2939,-3965,-3531
6/27/2024,890,1315,-2869,1038,2030,-2869,403,2711,-2869,1213,1310,-5470,1423,9316,12501,620,2115,-5264,-65,8482,2797,540,1600,-5026,560,9246,-1147,80,1845,-6198,1213,1315,-4416,1038,2030,-4416,403,2711,-4416,753,-179,-135,1807,12306,16546,685,2115,-3970,-65,8482,-8393,1891,5859,-37874,560,8314,-8043,-310,5966,-37640,1440,-6937,617,-7053,59,-4181,240,-7053,10777,21301,1375,-1702,12528,4398,-6390,-4334,3844,8211,-6390,-6619
6/28/2024,-395,3448,4787,-695,3789,5891,-135,3186,4421,-395,547,7524,590,-1572,-5685,597,3585,-7425,615,-4284,-6393,620,-1689,-5915,395,-1628,499,865,-2228,-7485,-395,583,4787,-265,3789,6105,-135,3261,6121,-80,-1335,4415,590,-4170,-18386,597,3585,-4958,615,-5748,-21067,37,-1017,-14741,395,-5748,-19163,865,349,-13180,5857,8348,3342,9559,3164,8348,3452,9559,-3626,-5552,482,202,137,-6359,-1565,2711,-2330,-1422,-1565,2711
7/1/2024,255,2335,2741,60,1595,3776,305,1781,2741,180,1540,3776,20,-3275,-1898,125,-3740,-6969,925,-275,-1770,725,3719,-1207,420,-1277,-3126,725,3329,-138,180,1540,4013,60,1595,4013,305,986,4013,1305,2728,1931,20,-2980,-5451,125,-4091,-1825,280,-375,-3987,725,2206,24624,420,-1075,-3942,725,3329,25313,-799,4295,-471,2095,-1997,-1802,-1481,5599,395,-801,-2094,-2339,-452,-5242,4200,-4780,-3030,-5905,3810,-6560
7/2/2024,-444,586,-2292,1365,1685,-1474,645,586,-2373,685,1920,376,856,-4201,-6751,1425,2575,945,2236,-2948,-6408,1510,3110,4303,1836,-2310,2055,1510,3110,5475,910,1685,168,1365,1685,927,645,1685,815,815,1073,-1736,856,-702,-19853,1425,2540,-115,2236,2103,-7427,156,2903,6399,1836,2103,-7427,1510,3110,6399,459,4106,1115,5222,387,4106,-959,5222,-3991,-7474,2733,1555,-1357,-3516,25,6946,-6010,-4880,25,4191
7/3/2024,575,85,-307,405,-409,55,400,-754,-307,1025,-270,4550,-1840,-3385,-4190,285,-3385,-7425,435,-3385,-6861,1625,-355,4109,-135,-2260,-4725,1525,-1480,7657,575,85,4126,405,45,4872,400,35,4872,465,-180,3152,-1310,-10200,-20590,285,-4620,-5445,435,-4350,-11120,79,-2963,-416,92,-4350,-11120,1525,-355,-416,-389,3812,-389,5238,-389,3812,-389,5238,-3900,-5865,-3640,-5865,-6960,-5865,-1365,-3205,-6770,-5865,-1365,-3205
7/4/2024,2325,3570,6090,2860,3505,6090,3235,4124,6090,2325,3570,6090,550,5555,8710,1440,4935,13035,4355,8870,18115,1920,4435,4570,2365,755,1155,1475,2780,5755,2325,3570,6090,2860,3505,6090,3235,4124,6090,2260,1810,6090,650,5555,11105,1440,5775,14670,4840,12885,19750,1475,5335,16360,2995,12885,19750,1475,5335,16360,-2002,-2440,-3275,-2665,-2002,-2440,-2335,-2665,4910,1940,2650,1665,995,1400,875,-2125,1870,-180,875,-2125
7/5/2024,640,-2000,-446,770,-1069,1033,-160,-2050,-2270,-35,1,1469,1221,-4064,-6940,2291,-1383,-4659,2370,-3708,-6945,2125,1994,8590,2095,-2445,-4680,1070,2674,14720,640,-1069,2359,770,-1069,2359,619,-1110,2048,50,200,1737,1221,-6400,-14481,2291,-2910,-3307,2370,-2864,-474,872,-1260,11310,2095,-2864,1555,1070,1937,15743,-611,1786,-376,2898,-481,685,-376,2628,-4125,-5875,-3650,-3325,-4539,-7302,1032,-180,-6106,-5875,1032,-137
7/8/2024,-785,1044,-2774,-840,1339,-1992,-2195,-2720,-2774,-260,1199,-2818,45,1060,18415,-150,-352,11594,970,2541,16049,1192,-2180,-4235,2135,-276,7964,200,-1350,-5138,-825,1044,-2790,-840,1339,-2790,-2195,-2580,-2790,-1965,1010,1556,45,1060,21843,-550,-413,14889,920,2549,23812,662,-2537,1522,710,2549,23812,-360,-2537,1522,-1978,-5154,356,-6840,-2220,-5154,-434,-6120,6809,13716,1111,5104,3856,10704,13,-4310,1217,7592,13,-3320
7/9/2024,198,1579,-3244,205,2146,-2434,-349,1474,-1344,2020,-19,-2519,1255,-4005,-5943,1465,-3921,-207,-1025,-877,2526,-745,3597,1090,295,1435,-1451,-860,3187,-5826,495,2433,-1459,205,2590,-736,180,2555,354,1365,135,3392,1905,-2715,-5235,1485,-4886,838,-1490,-2220,426,-1141,3597,-8825,5,-2220,715,-375,3597,-8825,1370,4103,887,3690,1196,4103,-236,3690,-3215,-6610,325,4544,3963,-4829,1426,-4667,4812,2931,1426,-6447
7/10/2024,-105,187,73,-15,1455,-408,-90,-236,73,45,220,857,-1675,-4300,-6855,-1325,-3970,-4251,-1645,-3755,-7389,-1095,2070,-209,-1155,-2740,-1137,-690,1265,-751,25,1250,3409,-15,1455,4583,-90,660,4583,138,-805,4139,-1645,-9675,-20530,-1800,-5430,-6141,-2290,-7730,-20789,-1997,2840,8729,-1720,-7730,-20409,-540,5080,10570,-198,2370,315,2701,-3,2370,-345,2701,-4255,-6970,-4330,-3930,-5971,-6178,-1821,-3676,-6275,-1540,-2371,-3676
7/11/2024,505,1318,-2847,1270,2884,-1022,662,1742,-2852,505,350,-1996,1595,453,-4990,1360,1220,-2690,2380,4023,-3125,1234,8644,3700,2100,-1609,-4590,1120,6996,12671,505,250,-644,1270,2884,-2705,1270,1560,-5720,-285,45,-1517,1595,-625,-5955,810,1220,3063,2380,4707,-2055,1120,2579,3791,2100,4707,-4585,1120,1384,3920,-1292,992,631,2966,281,-2812,-398,2038,-321,-6805,3165,4826,4392,7066,2170,7781,-1143,-4585,2170,10048
7/12/2024,6050,2791,10426,2642,1750,8136,4356,1475,11911,3101,2322,9784,240,-304,1196,1145,-1175,-1628,2530,-553,-3106,3965,4515,-5560,4298,2109,-1697,6730,4515,-6998,3175,2445,10046,2642,1675,10717,2915,1900,10045,4754,3737,9837,390,137,1512,1145,-1650,-3666,2530,-2360,916,9165,7974,-19754,2150,-2360,-846,6730,4515,-18997,4476,10973,3142,12182,5540,11141,3166,9597,879,2174,-3415,-2102,-2821,-4774,1910,-6405,-1137,806,1910,-6405
7/15/2024,2110,4519,15756,1085,3228,15174,1809,4347,14996,2150,3798,16469,390,5608,5577,760,6189,2903,845,7789,3894,1415,3221,-4155,295,3109,2760,1515,2294,-5805,2110,3703,17963,1085,3228,16799,1809,4499,18333,1755,3258,17069,390,6382,9674,760,6189,12397,845,9853,20964,1130,3364,16629,295,9088,21122,1515,4548,13190,4601,2933,2462,2933,3325,2374,2937,2933,6011,12100,5703,21546,8847,-69,7918,8738,4226,4273,7918,8738
7/16/2024,465,591,-4597,750,200,-4620,810,-2239,-4597,530,475,-5787,430,2528,-442,700,4232,-1390,700,3868,-1694,480,1911,-4464,535,3922,-2835,480,954,602,530,675,-7715,750,100,-6361,529,-990,-6361,-10,-350,-7100,430,2528,-742,700,4232,-6357,700,2999,-2908,480,2417,-3286,535,756,155,480,1911,-8074,2339,2546,238,832,1021,552,1593,-1893,926,-31,2607,1021,3344,1111,4405,11379,2246,3860,4405,13690
7/17/2024,1242,416,177,1718,3040,1212,-384,1386,690,1247,1454,1370,1370,2893,-2926,710,1801,1766,1971,2604,9675,1555,10811,18939,1960,2529,182,1555,10886,25440,1242,1873,1517,1718,3040,1872,1140,2701,1252,987,469,25,1370,313,-1366,710,1753,3141,1971,4371,9506,1555,9180,35020,1960,4386,11001,1555,11054,35696,4097,1751,5808,3254,3697,2703,6633,3279,-2055,1679,4577,2625,1855,13430,16854,25848,-1899,1081,16854,25742
7/18/2024,1630,4296,20858,1600,3021,9442,1147,4281,15458,1125,1386,16474,960,421,-6985,1490,1122,8287,2903,1637,16096,1520,8749,-3431,2778,-1445,-4730,1520,7574,198,1630,3161,17673,1600,3021,17928,1397,3560,18454,1625,1691,14919,960,4055,21647,1490,2531,24931,2903,7692,35753,1520,7039,17587,2778,7437,36362,1520,8254,20241,2147,11102,2253,8262,4433,8125,2757,7815,6635,8425,8183,18411,11168,23246,12252,-1633,-361,-4455,12252,1395
7/19/2024,-185,1515,3104,-840,-104,2451,-585,694,3681,-10,-2130,2423,-339,1818,-6635,1355,2002,-3794,495,3336,1004,-405,3759,1320,933,1111,-4255,-405,5086,714,-185,-153,3104,-840,-104,2451,-585,369,3474,135,-1855,-2307,110,867,3842,1355,2033,3280,770,4662,13135,-929,4115,18910,-342,4247,10975,-405,5091,21802,501,-1771,1770,1087,2028,-1770,1899,637,764,-4905,5348,8882,1811,7432,22760,15725,-2767,-4275,22760,10996
7/22/2024,1600,4048,8310,1460,2976,6584,1268,3496,4769,1930,1554,9986,1765,55,-971,-60,-3935,6433,642,-1375,2072,-1045,-6388,-3937,232,2713,4214,-1195,-4448,-242,1680,2009,3841,1460,2976,4100,1455,3702,5459,1943,2780,2988,1905,1319,9534,310,-2340,3952,535,-1605,-2079,268,-1362,-32144,330,-1605,-1185,-945,-2993,-33202,517,3565,1800,-2732,114,3492,1630,-2732,6708,-5806,-2780,-2984,4353,-3501,6514,-3280,6620,624,6514,-3243
7/23/2024,155,-665,-4891,375,-665,-3073,-1020,-665,-3073,530,-665,-5667,390,2381,10650,1293,-60,6529,1019,2012,2637,720,-1050,-4028,1183,-430,3318,1148,-2010,-5943,530,-665,-5397,375,-665,-5437,-1020,-665,-5437,1125,564,-2665,390,2381,10899,285,1723,10802,2385,2496,12142,1999,-126,-8198,2180,2496,11207,1148,1938,-8198,3557,-143,3771,1579,3588,117,3145,569,9222,12757,7275,980,7605,7525,2651,-1296,3819,2157,2651,-1217
7/24/2024,925,1229,2799,825,2228,5641,840,1740,4250,1350,3934,5116,-496,-4150,-6797,1040,832,-7285,-1,6602,-7457,534,4230,26536,385,36,-1447,950,3271,26772,925,2551,3865,825,2228,6143,840,3044,6707,95,2490,9104,-200,-4150,-25548,1040,832,-6887,595,7690,-13522,36,2846,31512,385,7345,-14085,950,3830,33263,4246,6873,4253,7854,4253,6873,2587,7854,-2106,-6795,2515,1838,5029,2233,9467,33816,4991,945,9467,33960
7/25/2024,600,-778,1588,-150,399,-845,-437,1517,2046,170,1715,912,-935,-134,5,-260,-2085,-1446,-755,580,-4460,-645,1690,-1784,-125,-994,1961,-645,538,-3227,55,881,35,-150,611,3185,-205,1096,2665,1495,849,1485,-935,-1225,-3869,-260,-1540,-6990,-755,-1830,-7614,-879,1733,-14351,-125,-2220,-6594,-645,1690,-8543,412,1442,1540,233,499,3151,1905,983,-1962,-2847,1317,-1451,1443,-1632,2156,860,3298,2598,2151,1594
7/26/2024,1750,4397,6084,1674,3088,-1378,1985,2251,-1378,2385,3681,3796,-35,2462,8025,855,2995,-3010,155,2794,-34,2335,6622,2899,145,1049,2351,1190,4848,2167,2055,3681,8774,1674,3315,-260,1764,1561,-260,1860,2862,4033,-35,3194,10041,855,3627,-5777,155,860,-2034,-26,7962,-21307,145,990,-2972,615,7110,-19705,-134,-1733,-1605,-3940,-2668,-3084,-2450,-4513,3471,22265,-3967,909,568,7078,-1437,-5159,-303,3335,-1442,-5349
7/29/2024,921,381,-3207,1530,-418,-4643,1042,-327,-3451,921,645,-6564,660,5357,-644,380,-1855,-4295,-165,2668,-3881,2595,3663,-3576,-400,-142,4252,2745,1867,-7496,921,633,-6993,1530,1138,-8735,1042,1138,-8505,870,-247,-13530,660,3083,140,380,-645,-4967,-165,570,-11,1751,4452,924,-400,-800,75,2745,6500,-1097,919,-7179,598,-7179,-3800,-7179,133,-7179,3869,1248,3495,-812,4066,-3938,-122,1015,1142,2626,-122,2780
7/30/2024,-480,1866,-880,521,2913,-591,921,2688,1455,-480,1166,4756,980,1149,-6900,750,4693,2442,723,7162,-7430,-1265,8975,-1582,98,-2405,-4605,-2475,4813,13296,-480,1078,4018,521,2913,3951,921,3028,3848,1092,2667,5869,595,2351,2718,650,7284,12248,1275,5997,8708,-1335,10529,16005,1215,5158,-373,-1335,8975,17611,3819,14505,3590,14545,3530,15445,3600,14099,-3650,-6890,1829,8454,2042,6111,6565,2412,3667,-4600,6565,4333
7/31/2024,1264,1274,4025,2780,4971,7541,3993,155,6717,949,135,13156,3294,6032,7661,1625,3728,14155,5243,7199,23848,2593,4372,7041,4726,2901,341,4063,4242,5581,1419,1062,15066,2780,4971,10998,3851,-32,10968,1561,-1480,11308,2890,7603,22414,1985,6035,16933,5308,9243,29603,3856,3115,-7081,4808,8293,31024,4268,4242,-6140,3270,5215,2240,6812,4323,7192,1927,6007,2123,7987,2418,8641,6843,29468,3182,-403,2947,-1060,3057,-428
8/1/2024,-275,-419,-3983,-1170,-4500,-4208,-1120,-4500,-4208,-275,-2365,6056,1560,-3195,-6035,1045,-1515,-5765,1910,-270,-7242,1755,-1120,-4950,2035,-1415,-4525,1885,-1120,4457,-275,-765,2576,-1170,-1275,5124,-1120,450,5290,-1335,-1482,22,1560,-3294,-12568,1045,-1515,-3980,1910,-2940,-7849,1532,-2143,-7929,2035,-3420,-10800,1885,-1120,-10254,7098,3120,4505,6785,5830,8004,3635,5670,-2841,-7382,1840,-1767,-35,1258,6780,-5485,-1081,-5985,6780,618
8/2/2024,385,1213,2226,595,-2043,-4114,741,-436,2226,4963,1195,-2224,1985,6227,17067,2035,5159,6411,1385,9326,8109,-430,9248,-5425,1315,3426,-523,-480,6801,-5425,385,-1510,1317,595,-2043,-5325,832,-2,-8095,4103,-1595,-3830,1985,4282,15250,2035,9398,13418,1385,7335,14422,-1039,15355,34783,1315,7070,12961,-480,11314,26838,-111,-2866,2234,-3500,2221,-2866,-2331,-3500,6130,9399,5150,10762,6298,17577,9955,-3245,5404,1499,9931,-4975
8/5/2024,715,-1040,-1407,560,-1635,2753,2597,105,6242,330,-905,-2545,1005,458,-601,1930,1505,-163,2520,3135,6111,985,9084,-2464,2555,1890,113,475,9550,-4350,715,-1040,-980,560,-1635,2753,2597,-1105,6273,-220,-1885,-2120,1005,2888,-369,1930,2015,2002,2520,2075,2593,507,5409,-11885,2110,1960,2112,475,9294,-10334,3815,344,2277,5582,5678,9552,2635,4925,123,730,995,2507,3038,-573,6079,372,2456,-4215,5769,-768
8/6/2024,295,-388,-870,-320,568,1826,35,-379,1912,295,73,1450,1080,1328,2897,1145,2712,17901,719,1638,15298,590,18248,6430,1114,-322,4942,590,18248,13838,295,-950,-870,-320,-950,2130,35,-1091,2946,1260,-889,-120,1080,6068,20042,1145,2712,17901,1150,4800,25890,590,18913,18960,1545,4415,23961,590,18248,26615,-2762,-154,-1279,-386,-2272,-154,-1115,-386,845,1510,-997,17751,-490,10869,-1525,1140,2505,2290,-1525,1140
8/7/2024,420,588,2203,465,3395,4184,156,558,776,1165,4740,775,1443,-784,-4955,988,-428,-7412,827,1685,-5502,-5,1832,-5670,1825,-2260,2225,-55,-508,-7154,420,5085,230,465,3395,4270,-850,3196,4105,490,4030,-195,1443,-84,6517,988,-495,-7452,1145,2566,-3286,-55,-1280,-5716,1295,2315,-4555,-55,-275,-8595,292,-586,1039,1031,-891,-1320,3454,7435,-2855,-4643,-3740,-6037,3674,-7028,-2200,-6798,-1360,-534,-2205,-7348
8/8/2024,655,652,-4695,1020,-1166,-4695,1130,-113,-4695,655,-1875,-6415,970,3494,10071,280,6,5895,1520,1741,7527,1215,-118,2616,1110,150,-2312,1135,-118,3342,655,200,-4283,1020,-715,-4490,1130,-825,-7545,1100,-100,-4505,970,3494,10447,280,6,5895,1520,1741,5523,1135,-118,-14902,1110,7846,4026,1135,-118,-15164,-2927,-3023,-1910,-4947,-2927,-3023,-1810,-4947,5179,10770,3375,4013,2507,11973,4674,1703,4420,3931,4674,10252
8/9/2024,215,1627,-3615,-325,-1003,-5415,727,1452,-3615,235,1444,-3310,1145,2561,2981,1475,2211,5041,1565,3268,10948,1935,2990,6731,1845,-38,-1028,1935,2891,4398,215,-1705,-7396,-325,-1705,-6953,464,-1880,-6953,-485,-2730,-9798,1145,2561,4484,1475,2211,5041,1565,3268,10453,1935,2321,10012,1845,3368,11539,1935,2990,13907,-1011,-5137,-570,-2822,-1203,-5137,-964,-2822,2551,2140,2904,10415,2972,5036,1787,-1879,1324,-1135,1787,-2153
8/12/2024,-550,2405,5391,198,2172,-3098,3352,2563,6119,450,1484,-3607,315,5273,-1958,800,1591,6844,-179,5355,4265,1487,-602,7745,730,5873,-1087,1617,-3150,-2846,615,3014,2891,534,2172,-2625,1082,3072,-1875,-65,350,-5890,315,5273,-3692,800,3302,6265,-179,5024,5769,1617,5217,5357,730,5024,5480,1617,5206,2480,-1061,-2832,-404,-4685,-1250,-4313,70,-4685,2632,-1689,-920,-4508,10694,12249,-4194,-6747,2173,4155,-4194,-6747
8/13/2024,1178,-1285,-1962,1668,-90,-425,632,-674,-1962,1283,1690,-474,-1148,-3505,-6950,-165,-3960,-7545,-586,-4180,-7490,1150,783,-343,-226,-2175,-4690,1150,43,1178,2393,-40,1082,1668,-90,1082,1464,-249,1082,1763,2715,2402,-810,-7910,-19135,5,-1891,1200,525,-2755,-5142,1150,3233,10490,370,-2755,-3515,1150,3233,10490,-1071,5532,709,4365,-756,5532,10,4365,-3985,-4556,-3945,-7415,-6994,-7490,-177,-288,-3185,-5820,-177,-288
8/14/2024,2265,1795,7823,1495,2658,1337,2383,1017,5320,2115,1551,4647,1315,3609,14549,1035,1363,7317,610,1467,5077,3572,-2350,-4970,685,632,825,3037,-3040,-5481,1545,2378,2678,1495,2722,3380,1538,944,5332,1650,5707,6192,1315,3827,14869,1035,318,9596,610,-761,7130,609,-4230,2754,685,-841,7268,3037,-4140,-454,3260,8105,2405,9007,2312,7733,2594,9175,4500,12949,780,3717,525,5771,-1350,-6654,2123,3139,-1350,-7084
8/15/2024,2530,6937,5491,2185,6652,865,1350,4166,5491,2610,5882,865,2355,-1407,1923,-205,-1391,3457,4674,-2040,-1841,3125,-1540,-2695,2559,-2140,-4715,2360,-1072,-4372,2530,8027,811,2185,6877,811,2529,7582,811,2955,8651,4394,2405,5155,975,1095,1775,9345,5085,9180,11065,1599,3141,-31718,4555,9180,11065,2360,3141,-32600,3097,1040,3270,1180,3097,1040,4535,1180,-4055,-6115,-640,-5402,-5540,-4039,-2836,-4550,-6090,-5161,-2836,-5334
8/16/2024,745,1966,4042,1035,1268,5793,1100,1624,4042,1125,1773,9831,1435,223,-5251,755,-2330,-7470,-670,-3535,-7302,1435,-2310,-4476,819,-15,-4700,1435,-2310,-7382,1585,1966,8881,1035,1268,9690,1100,1840,9690,933,1825,10769,1435,402,286,755,-1150,-10735,-670,-5255,-10457,1435,-2649,1469,-775,-5255,-10520,1435,-2310,596,-50,7271,307,2598,1150,7271,-331,2598,-3328,-6800,-2675,-6624,-4326,-2709,-1767,-6298,-616,-2785,-1767,-6243
8/19/2024,1080,861,-3055,702,715,-3433,320,340,-3055,1215,1103,-2458,-1655,-4400,-6995,-880,-3955,-5730,-1900,-3745,-7456,835,-999,3459,-1425,-2827,-3675,940,276,1299,1080,1208,-1468,702,715,-1078,320,715,-1078,1335,587,-351,-3185,-13485,-26183,-1455,-5985,-8319,-2265,-6665,-13302,-199,-2227,5884,-2235,-6670,-12012,940,-999,8115,-341,-1166,372,-1245,-610,-1166,-646,-1245,-4474,-7474,-3675,-2779,-4219,-2840,1990,25466,-1576,-1355,1990,601
8/20/2024,2681,2535,14269,1620,3702,15059,3316,4644,10550,1850,4856,11129,990,2830,22817,1065,558,9809,495,3632,9875,685,731,-4395,1752,4601,9855,75,1931,-239,1810,2393,14269,1620,3702,15059,3326,4580,9932,2425,3226,10904,990,2830,22817,1065,558,10792,495,2720,9406,336,569,1762,395,1750,8648,-495,-489,2690,3877,8220,2080,6138,2902,8220,3040,6138,7338,18660,295,2736,1593,8753,-5836,-5352,2839,1777,-5836,-4849
8/21/2024,2345,6688,2270,3273,6111,2270,2361,8226,2270,1785,4136,349,2865,5853,5521,1430,2297,10525,3235,7240,8531,2780,3419,-1021,3120,85,470,2880,3013,505,2345,5425,-1140,3273,6111,-6734,2361,6328,-6734,1190,2971,-5218,2865,5742,11456,2410,4947,9700,3235,7240,10300,4437,9103,-496,3120,7240,6961,3450,7500,-4606,4135,914,3865,1744,4903,914,3122,1744,4669,6927,2566,6229,5165,12539,14139,1565,1032,1816,14139,1565
8/22/2024,1075,2100,-2553,-65,4003,-3890,-65,2253,-2145,-215,3303,-3438,-835,-3767,-6105,-75,1046,-716,117,917,-6185,15,4071,14554,-430,-1149,-3995,10,4730,15694,1075,3768,-3751,-65,4425,476,-65,4160,-1532,145,1868,-1998,-650,-849,-15883,-125,1046,-749,675,2244,-2183,15,3409,12333,590,684,-2319,10,4870,14817,3920,2091,5342,3104,3844,1851,3680,3474,446,-7460,1891,-6670,3685,-7058,8515,8901,-840,-5555,8510,8901
8/23/2024,130,-1397,5158,245,-1517,2250,295,-1317,2129,130,-1016,902,2346,2896,-1197,2135,2063,-3152,1805,2417,-2510,1204,-4975,105,1585,1845,3453,1199,-3160,-275,130,-142,-334,245,-220,815,295,-20,-1564,-70,-718,-4602,2346,2896,-3060,2135,2063,-3152,1805,2417,-10391,1204,-1764,-1055,1585,2412,-9919,1199,-3710,-510,95,19,1059,1620,750,2223,-98,1067,1258,3114,610,740,286,-1131,527,-539,1423,5698,517,1822
8/26/2024,2634,5546,-3382,1660,5636,-2605,2133,5745,-1733,1565,5556,-4997,2195,3497,25446,2820,7369,5244,2970,5237,18651,3635,4136,3120,2995,4436,-119,3635,5646,-4715,1570,5546,-6389,1660,5636,-10420,1200,5745,-11060,680,4256,-7384,2195,3497,27453,2820,7476,5244,2970,5949,22092,3635,2432,10730,2995,5949,23472,3635,1004,11821,5825,-6017,6575,-3823,6143,-2962,4826,-3098,6105,28164,1287,8149,5215,18804,-5046,-5116,2980,9452,-5046,-6901
8/27/2024,609,5015,516,1303,5903,2652,-329,5249,976,1348,2963,-1013,1600,17,5991,2180,2203,-2408,2250,865,3339,3845,14232,-4534,1975,1289,443,3845,9585,-3875,1433,5789,145,1303,6164,2639,1303,6219,184,1533,5492,2124,1600,17,9186,2180,3198,-2427,2250,-463,956,3845,19027,-17008,1975,-463,758,3845,18277,-19342,6021,1956,4429,1200,5995,-2898,4279,169,1196,9694,59,-4847,6724,1973,7747,-4847,2636,5115,7747,-6549
8/28/2024,795,4562,11342,1310,4960,9206,1109,4562,10548,895,4549,10041,-500,-2580,-6820,-115,-1775,-5500,930,2741,-4982,600,2410,3967,835,-1138,-4475,600,4556,10461,895,4960,12776,1310,4960,12741,1290,4960,10711,990,5085,12610,-500,-2624,-410,-115,-255,11037,930,500,3910,600,1167,7051,835,1630,4815,600,3540,7289,9934,15244,9154,14695,10035,10640,9178,14855,4466,-3495,4887,1698,8952,-2364,14620,17754,166,-4140,15750,17754
8/29/2024,1045,362,-2388,1120,1485,-5665,1263,983,-2628,740,-30,-5182,255,609,-5667,2080,5330,-6525,1120,5040,-6594,1125,974,-810,1491,3706,3652,1190,784,2352,1045,1505,-3956,1120,1485,-3636,1318,1235,-3951,1735,-90,-4648,255,1979,-2298,2080,4283,-7053,810,3489,-12663,1195,983,1810,475,2834,-9726,1190,969,-9724,-2417,-4793,-1082,-6280,-2417,-4793,-930,-6280,-172,-6743,-385,-4439,-1641,-7472,-3511,-1093,284,621,-3511,-1098
8/30/2024,-625,252,-1651,200,693,812,950,-589,-1651,-525,698,-1265,-1625,-369,-4380,-1415,-1119,-2533,-655,-2149,-3072,-450,1786,2897,-1395,134,1148,-450,5057,6489,-625,703,508,200,693,984,950,513,-1332,-485,476,-3250,-1625,-3953,-5638,-1415,-2919,-5099,-655,-4140,-8244,-450,-2112,11004,-1395,-4145,-7852,-450,-49,13851,205,786,1563,3243,902,458,658,3243,-1665,-6989,-245,-3413,-618,-2279,-3415,2728,-300,1148,-3415,2728
9/2/2024,1475,821,1007,3685,-55,150,3336,821,1007,2425,1020,-45,3565,288,5880,3515,-1077,3409,3765,-792,6855,930,1780,203,3515,33,2265,2305,980,-328,3260,-55,1007,4090,-55,-345,2460,-55,-345,1045,-670,-345,3565,288,7295,3515,-1082,4503,3765,-792,5813,12389,1780,-2727,3515,-792,5813,12510,1780,-2727,-2414,-4351,-3140,-4020,-2414,-4351,-2950,-4020,3170,2699,-70,470,1075,1612,-3485,-2740,85,4185,-3485,-2740
9/3/2024,605,255,2797,615,1980,3283,490,847,2433,105,2254,2798,905,-4180,-6690,1535,759,-1139,1337,619,-8094,2085,1604,10863,1520,-1839,-881,2080,2281,6280,605,2229,3863,615,1980,5314,490,1355,5485,565,1455,1401,905,-4180,-27480,1535,1231,-1283,1337,1543,-11469,2085,732,1787,1520,1193,-9068,2080,1800,3008,1353,8397,2422,11642,710,8670,2144,9807,-4380,-5625,3532,853,2962,-7316,4497,46734,1070,-281,4497,46734
9/4/2024,763,-263,8093,65,-906,6092,89,2170,2646,775,87,6167,1895,5304,2114,1975,250,-2642,1135,4240,-7004,2195,1165,753,1255,2208,2080,2195,1165,-2194,925,386,14580,265,-29,15160,692,2465,15160,-145,720,19936,1895,5895,4864,1975,250,-8653,1135,4535,-9062,2195,3163,-28410,1255,4040,-9664,2195,1165,-30522,2679,16279,-850,14236,7187,16279,-455,14236,1312,6340,-2075,-4278,655,-2631,2510,-6914,1946,4769,2510,-5923
9/5/2024,1055,4241,293,1280,4630,1696,765,6801,293,1600,2360,3118,345,-112,3890,-450,-1701,-1068,-980,-2800,-1839,-500,-1468,-3788,-815,-1730,-1128,20,-1468,-6597,1055,2965,1357,1280,4630,2250,460,6265,2250,1520,1835,1453,345,783,6474,-400,-1765,-2435,-930,-2939,-845,20,-1333,-18074,-865,-2939,3589,20,-1468,-14957,6240,3602,6386,3703,4766,3793,7065,3703,3369,7656,-2449,-2263,2124,2185,1768,-5520,850,2555,0,-5920
9/6/2024,3610,5377,9384,3144,6467,7079,2534,5971,6994,3694,4649,9851,2180,3999,5467,3475,6565,11365,3037,4404,10729,4592,6348,-2550,2897,-382,-4585,5480,5043,1190,3679,5907,6180,3144,6467,7079,3414,7222,7972,2105,4140,4685,2180,3745,13540,3475,6624,11767,3037,6101,18242,3868,8336,13347,2897,5626,17138,5480,8593,13658,1021,3556,-64,1061,3030,3556,165,636,3175,1885,-177,1628,-1216,7642,2875,-450,1143,-4580,2870,-450
9/9/2024,575,3614,6415,1400,3614,6415,1400,2928,6415,385,3666,5546,1315,5945,11285,930,1368,8942,-400,28,22035,-430,917,-3145,-918,-532,1149,-795,-492,-4673,385,3614,5546,1400,3614,5546,1400,2928,5546,755,4990,8838,1825,7060,21680,1110,-23,9069,970,5542,15066,-1454,-7278,-17794,1084,5167,16845,-365,-7720,-23980,3351,3349,3460,4060,2238,3755,3495,3268,7953,20736,6462,10959,4058,9647,3239,-2120,490,1136,3239,3593
9/10/2024,-861,-947,1850,-220,-660,3205,-626,-1341,1850,-210,-289,3333,-320,-4225,-5793,-1020,-2753,-3448,-1935,-4030,-4494,-1490,-4140,-3729,-1335,580,2939,-2355,-4495,-7426,-420,-289,2024,-220,-660,3298,-185,-837,3298,117,21,-135,-320,-6160,-9661,-1375,-2753,-3279,-3405,-5143,-4039,-5300,-6698,7565,-2220,-4768,-4774,-3905,-6680,8353,44,-40,-360,300,-695,-40,20,-165,-4395,-6349,-3694,-1531,-5904,-5722,-5719,-2014,-6935,1355,-5719,-5202
9/11/2024,30,1625,5394,1295,1695,5319,1360,650,5146,160,1640,3910,-1520,-3413,-5240,-140,-3455,-6845,-570,-4062,-7494,1065,-4230,-5240,-1221,-2945,-1233,785,-4030,-5752,30,1625,4175,1295,1695,4100,1360,650,3814,750,1760,3534,-2265,-11590,-31090,-530,-9255,-20085,-570,-9150,-30975,-193,-3012,1050,-405,-10210,-29505,785,-1700,1785,625,890,625,890,625,890,625,890,-4310,-6250,-4455,-6800,-6907,-7366,-4926,-6760,-2135,-4826,-4926,-6760
9/12/2024,636,-396,-3232,-154,466,-3490,1203,-995,-3838,1745,1696,-4349,2500,3086,17774,1975,811,8773,2600,2784,12470,1565,4080,-84,3270,393,3506,1565,4080,3504,1360,200,-316,215,200,-579,735,225,-217,1400,2460,305,2500,4239,24905,1975,811,8450,2600,1845,16410,1565,3657,10593,3270,506,11245,1565,4080,12230,-908,-6065,1225,-5285,-883,-6065,793,-5285,4818,20209,4790,6074,5901,10799,4199,2437,-4,1044,4199,2712
9/13/2024,2080,961,-4632,1860,1206,-5421,2230,1811,209,2135,2953,-4665,2375,7104,12542,2116,4899,2648,1905,6226,2441,2780,-3554,-5202,2675,1773,-2792,2730,-1829,-6031,2080,106,-1255,1860,106,-5421,2230,956,-5421,870,1195,-411,2375,7104,19062,2116,4899,2971,1905,6226,2365,2730,-3339,-15292,2675,6226,1604,2730,-4259,-15292,3343,-1955,940,-4647,3343,-2539,1800,-4861,6337,18025,2949,8938,6373,16147,-5055,-6388,-644,141,-5055,-6433
9/16/2024,-303,1657,402,-680,710,2276,-772,171,402,-185,790,2216,865,-1466,-2049,755,-1770,-3962,340,288,-4092,1165,2828,-4013,1043,4344,2730,1165,1643,-7257,-185,1811,371,-680,710,2276,-420,710,2276,-765,825,699,1415,-202,-4762,755,1126,-3969,340,3872,-2673,1358,7278,-2981,90,3507,-305,1165,9660,-2026,2475,6342,3973,7155,2067,6342,3324,7155,-2480,-2178,-2918,-4695,1863,-4809,-1945,-6466,597,-1040,-1945,-6811
9/17/2024,790,2045,2961,760,1244,4410,665,1341,873,55,218,5526,1500,-532,-5007,2550,1531,-1558,1783,-1658,-3212,650,-3274,-5860,1075,-525,3073,650,-3582,-5668,790,898,5195,760,1244,5531,665,869,2876,-420,-1201,3569,1500,-498,1809,2550,1911,-2201,1783,430,-8916,650,3010,-13053,1075,430,-5038,650,3010,-13156,1033,2532,1202,2521,1033,2532,217,2772,-4075,131,474,-2363,197,-3235,-1230,-5600,-1551,2484,-1230,-5600
9/18/2024,695,2511,10612,427,3735,8308,1242,3825,13830,970,1281,10277,685,1748,8584,1055,2810,11630,596,1635,8287,1125,2595,539,491,4423,5107,1120,2510,5639,695,2765,13930,427,3735,14526,1242,3825,12113,1070,1330,4085,685,1495,10964,1055,2810,11844,1442,1635,5927,1125,2595,11140,1337,1630,7059,1120,2585,13130,3587,10223,5095,14088,2716,10223,4055,11532,487,14699,2125,9759,-87,2870,7799,15169,-1326,2272,7794,15073
9/19/2024,775,2584,-2989,-595,725,-2989,1269,973,-2989,90,1030,-1376,1695,2490,369,2035,3395,-62,2880,2705,-4423,3745,1225,-1799,3005,4066,-41,3645,3795,-2341,775,1875,2600,-595,-380,929,540,775,929,-110,-1520,149,1695,2730,119,2035,3510,-5721,2880,7129,-4209,4260,903,-5740,2420,7129,-12770,3595,3005,-1676,215,-2935,-401,-2935,-788,-2935,-821,-2935,-1095,-5478,2611,-3070,5048,-3884,-2020,7880,393,247,-2020,7880
9/20/2024,2095,7034,12416,2230,7299,6723,1975,7339,13493,1745,6859,13423,2157,6623,19547,2155,395,17696,1307,-443,4308,-80,-4395,21780,1112,1404,4221,-660,-4310,22363,2095,7034,18276,2230,7299,16940,1975,7339,16940,1572,6502,11743,2665,6623,19567,3105,4965,17696,1420,824,11911,-2335,-6627,22363,1300,824,12048,-2335,-4240,22363,4756,23822,4198,17710,2587,23822,2688,17710,4780,14942,5726,16862,3976,7491,-414,31853,3287,4614,-419,34323
9/23/2024,1221,3641,4225,2420,4349,1532,3120,3490,1532,1341,4422,4758,8061,9505,8962,6570,3758,8291,4920,6333,5266,1320,7013,2660,4560,620,2500,305,3925,2410,1221,3151,2741,2420,4349,1377,3120,3490,1377,745,3286,4328,8061,9500,19848,6570,4283,8186,4920,5023,4477,2733,6525,-5252,4560,5023,4477,1505,7178,-5252,-955,-3941,-2530,-5505,-955,-3941,-2430,-5505,-270,4031,-3165,1327,460,2052,-5539,-5897,5391,524,-5539,-6612
9/24/2024,1043,446,3854,1034,296,4341,1921,401,4341,793,446,4113,2901,5537,448,-955,-1720,-6405,250,-2287,-2385,-358,-3635,-3250,-935,3299,1647,-145,-1460,-6730,1043,446,4953,1034,296,4930,1921,401,4930,348,-505,4071,1310,7795,-1104,620,3485,-14373,610,3765,-10578,-279,12713,-27577,595,3765,-13133,-145,8575,-31220,6070,3674,6070,3826,6070,3674,5300,3331,4764,3619,-980,-4680,-2199,-5549,-3264,-6090,-2645,541,-3264,-7325
9/25/2024,-45,-177,2947,-90,-46,2970,-165,1209,-278,-545,-1337,5684,4556,1890,-1720,3442,1510,-6125,4072,2163,-3894,3651,869,-4576,4132,969,-819,3651,-214,-6136,-45,-148,5951,-90,-14,6356,-165,1241,4110,-720,682,8785,4362,5705,-556,3048,6774,-4856,3972,4469,-4712,3651,850,-8112,5167,4469,-4923,3651,850,-8112,3704,3288,4120,3288,4120,3288,1685,3288,4132,-3083,1320,-1765,6277,-2267,-4895,-4558,1049,-2887,-4895,-6125
9/26/2024,-150,2658,1685,-30,4507,-1643,-70,4411,-33,-75,3890,3915,-730,1368,-1947,655,9945,-2699,3790,-2232,-3099,-1360,-1308,-4570,-1130,-800,-4435,-1965,-4055,-7112,-150,5559,2645,-30,4979,4295,-70,4258,4035,1720,4150,9568,1140,-7,-5181,655,10059,-1971,875,-2275,-6761,-1860,1814,-7113,-645,-2560,-9104,-1860,-14,-11677,952,7131,2405,7152,2417,6806,2944,5797,1325,-4381,4736,-475,5521,-3244,11887,8638,1405,-4425,11887,8018
9/27/2024,2654,3819,6963,1852,4561,6769,1203,5629,7465,2455,4628,8179,515,-944,2555,1053,1090,3508,453,3734,1329,1318,1247,12394,593,1207,-4770,1153,5429,19526,3140,4618,7828,1852,4561,7663,2067,5552,9433,2725,3516,8528,710,-867,-4050,1053,1090,11691,453,3820,15580,1153,112,58195,913,3820,17106,1153,1960,59067,930,128,-700,-889,1607,128,-1220,-889,-471,-2012,3091,-492,5577,-2012,15964,-4125,400,-4125,15964,-4125
9/30/2024,355,160,7159,455,-10,7159,1215,-25,7079,670,-6,8794,1480,4881,15975,1095,1159,10019,1270,2745,15976,655,1394,4137,890,1586,1712,655,1394,7271,355,160,8728,455,-10,8728,1215,-25,8563,340,596,4688,1480,5141,19778,1095,1159,9479,1270,2745,16620,655,1394,-3996,740,2745,17695,655,1394,-3996,1579,3844,965,3879,1547,3844,535,3879,2575,16860,680,6899,4143,15477,-3210,-420,1166,2197,-3210,-485
10/1/2024,55,-35,-579,185,-35,1305,190,-35,-579,55,-35,-1037,1015,4430,8528,-10,4405,7529,436,2093,8898,180,-6167,388,246,3460,2857,180,-3479,-2585,55,-35,910,185,-35,2190,190,-35,2190,261,-1559,1270,1015,4430,11981,-10,4405,7529,900,260,7610,180,-9096,-3234,710,155,6021,180,-11630,-3759,2814,3150,1258,3792,3365,3210,1173,2724,-170,7432,349,-2635,-2604,3625,-5975,-5346,2352,4933,-5975,-6247
10/2/2024,2359,4458,-3482,1230,2356,-2538,1812,4297,-2383,350,3266,-3459,2110,5759,3651,4825,10759,4834,2591,10627,7203,3340,19360,-2525,3071,4989,-3094,3160,19360,-3892,765,2568,-5162,1230,2356,-5022,1090,2145,-5302,755,2965,-3484,2110,7726,9612,4825,11670,991,2591,11760,1227,2705,19360,18906,3071,11760,2287,3160,19360,21694,1250,-3014,812,-896,1250,-3014,1040,-896,6938,177,11400,8793,5526,-1422,3884,995,10739,-1241,3884,-1872
10/3/2024,640,-380,10598,1781,1316,5452,3366,910,6571,1220,-274,9963,1125,2109,20660,-100,-545,9633,-250,-452,-422,-1100,-5510,-2315,936,1285,8897,-1910,-3060,-2363,640,-368,10598,1781,1316,1294,1255,1220,1536,480,322,9334,1125,2109,21517,-100,-545,11357,-250,-2070,3174,703,-270,-18425,-320,-870,1906,-1365,-4251,-23587,2420,4914,1791,3396,1091,4914,815,3274,6204,21305,3411,10317,3781,4851,-2018,3154,5917,5104,-2018,2068
10/4/2024,455,3894,6729,1080,3651,4371,990,1536,1,40,2455,4307,-1185,-4234,-4863,-210,-2205,-2260,-990,-2011,-4011,-95,3350,7050,-1385,-1639,2555,-95,2750,8527,455,3203,6729,1080,3651,4371,990,2695,3112,170,2615,6530,-700,-4720,-6538,-260,-2205,-2260,-990,-3273,-7612,-630,2003,9169,-1285,-2083,-7612,-95,3350,9696,3604,938,2179,107,2734,938,2179,-1264,-1999,-4719,969,2863,-789,1157,6995,10035,-414,3524,6595,10309
10/7/2024,130,-97,-5095,-177,-1005,-5095,-1168,660,-5095,130,420,-4870,970,-3420,-6759,1705,-3160,-7183,440,2431,-7482,2185,-5632,13125,1325,-832,1280,2175,-3522,11858,130,1341,-2713,72,-659,-2426,-1168,1616,484,-220,-1700,-2839,970,-2283,-13134,1805,575,-6617,440,3131,-12282,2185,-6760,-20323,1425,3126,-12287,2175,-6760,-20323,-1625,-6260,-1513,-6260,-1625,-6260,-1513,-6260,-2543,-7395,770,-7128,-6589,-7157,-4809,-1623,58,514,-4809,-1758
10/8/2024,565,858,-3933,135,486,-2214,330,696,-398,400,-1344,-3165,-1470,-3820,-6976,-610,-3355,-4710,-1130,-1073,-6914,-280,2786,2187,-1231,-1651,-3273,-130,1725,3388,565,1426,-1943,135,1411,-1788,690,696,-2031,-60,-815,196,-1460,-3327,-14804,-610,-3355,-2621,-924,-65,-7935,-130,687,10134,-594,-500,-8094,-130,3236,11079,1149,-1951,2175,-575,1646,-2706,331,-575,-4444,-7408,-1587,-5830,-1037,-6319,-950,395,-4615,-5840,-950,395
10/9/2024,-30,-1780,-1526,-1050,-1270,733,-855,-1270,-151,15,-2380,-633,-1330,-4453,-6995,-220,-3933,-7096,-759,-4460,-7479,645,1938,297,-204,-2255,-4700,335,-1236,4072,-30,-1780,1389,-1050,-1270,1055,-855,-1270,885,20,-1270,197,-1285,-7725,-18605,-155,-5070,-6816,-225,-5060,-12558,-485,1938,21264,395,-5060,-10957,485,1933,20514,-110,1066,-60,1203,-871,506,320,1763,-3625,-7115,-120,-3702,-1037,-6541,4032,2560,-2004,-5385,4032,1844
10/10/2024,1748,2051,2675,1190,71,-152,1739,2102,3397,1065,920,-3262,2165,9101,-4151,1965,8079,-6070,3213,5275,-3882,4071,-551,-4589,3320,6111,-3767,4292,7325,-6068,1755,325,1424,1190,90,-2124,2190,190,-2150,895,463,-1809,2165,15923,-520,1965,11075,-13978,4110,10066,-11289,4645,1555,-17885,3480,9072,-14626,4292,-357,-23133,2266,1190,1195,-2728,3596,1190,1195,-2728,3203,-4654,3878,-2751,8021,-1208,-2664,-4636,2130,-2789,-2664,-6231
10/11/2024,3055,4532,2566,3688,3091,4916,3043,3091,2566,2360,4555,5944,2197,9139,16725,4407,4300,8846,2041,12712,12710,2972,7061,-4792,3464,3350,3271,2972,-3008,-7417,3055,4721,8023,3688,3765,6406,3043,3765,6406,2805,6710,5828,2197,9644,26473,4407,4690,25162,2385,12977,24470,2972,2398,48197,2932,12977,22910,2972,1425,48397,204,-5061,736,-4369,204,-5061,2236,-4369,5659,16374,7398,14054,12671,2334,-2326,-6830,1343,3550,-2326,-7020
10/14/2024,63,3714,805,413,3280,1460,-47,3170,805,63,3192,2509,3541,8569,16153,2865,10338,20559,2480,14011,18622,2225,23606,5944,4000,284,-335,2395,20039,3951,63,3714,14540,413,3280,14675,-47,3280,14675,-155,289,12056,3541,8344,24848,2865,10338,31622,2580,14180,34506,841,41481,78007,4000,14180,36228,2590,38647,79783,3939,7541,4198,7036,3081,7541,3957,7036,5872,11633,8309,16964,16188,23006,14098,18471,1765,3978,14098,18261
10/15/2024,200,-760,1922,440,431,3909,517,-1373,3835,200,-295,6110,-235,-3440,-5345,-355,-416,-5140,590,125,-3516,1145,1582,3169,360,-1047,-4330,1145,3667,3169,200,1214,4631,440,1091,7893,850,1396,8937,-170,-626,4736,-235,-2690,-22245,-355,-416,-8502,590,4,-3432,1145,-345,29363,360,4,-2466,1145,1582,31192,5184,15468,5409,15900,4140,15468,5645,14948,-4153,-6125,-17,3768,-1173,13995,-1531,-775,791,-4965,-1536,-775
10/16/2024,1440,3190,-1488,2545,2918,355,2800,3190,-1488,2495,-42,1748,1335,-2815,-5309,1165,-3217,-6282,1005,-3928,-5690,1260,-1955,-3857,1310,-2034,-4735,1260,-865,-5621,2400,3458,5844,2545,3458,6032,2800,3458,6032,737,5218,8652,1550,-3220,-6092,1165,-3592,-7818,1120,-3543,-13750,1260,-1955,-8627,1610,-3543,-13750,1260,-1955,-8627,1296,-5373,-1457,1349,508,-5373,-467,1349,-4050,-6810,-3495,-5710,-6925,-6810,-6135,-6979,-6925,-5935,-6135,-6729
10/17/2024,1245,-438,-4754,1350,-577,-902,610,-1237,-4680,635,-541,-4035,745,-99,-205,500,191,711,1315,2115,1612,1200,1682,4496,1335,1685,3078,1295,1934,3324,1245,-11,-3688,1350,-577,-2719,610,-834,-1467,245,-2901,-1769,745,-99,188,500,249,1410,1315,2115,3822,1200,3228,9047,1335,2115,3822,1295,4385,10558,3513,7067,2949,4614,2007,7067,2471,4614,-3250,-1554,-1420,2145,-253,5139,3278,13396,-1180,1992,3278,9576
10/18/2024,4458,1508,3873,3656,7812,5223,3790,8429,3488,4523,1435,3873,2218,6171,7405,1720,9763,3352,2770,7798,7340,3285,-3420,-1627,1874,5164,9936,2465,-436,-3371,4458,1508,2328,3656,7812,4223,3933,8429,2488,5455,2298,9570,2218,6171,15438,1720,9763,5412,2770,7798,11353,2501,1208,-18025,1874,7798,3901,2176,1208,-18260,-250,-4993,-1161,-4768,-1161,-4993,-1704,-5353,15702,9885,14637,7594,17040,-2636,13005,-4485,14000,4646,13005,-5285
10/21/2024,-140,-1279,-3729,179,-248,-3599,505,-1128,-4255,-140,-1027,-3908,3285,4204,4899,1560,5419,12217,1491,6678,16800,3590,4721,10215,215,3686,7548,3590,4721,11777,-140,-1027,-3405,179,-248,-6915,505,-1628,-4407,120,-2526,-6785,3285,4204,6793,1560,5649,14051,3855,8020,20096,3590,4721,46541,3530,8020,21869,3590,4721,48815,1313,1296,-235,-1244,-1055,1296,1548,-1244,2406,459,5469,9908,7200,18669,5716,6890,3686,6460,4856,10064
10/22/2024,-245,-2175,-2294,-165,-2175,-2294,-165,-2115,-2294,-360,-2475,-3845,-415,6876,-3093,1530,3362,-3492,695,8448,-4490,185,11324,-1203,-110,226,-2308,40,12479,8010,-245,-2175,-8891,-165,-2175,-8891,-165,-2115,-8891,-1110,-3080,-1337,-415,6737,4426,925,3362,-3187,695,7652,5655,40,10548,9047,-85,7652,6021,40,11324,10350,-1172,-2082,-950,-2505,-1152,-2082,35,-959,250,-5456,310,-3643,4054,-3532,2179,393,-988,-5810,2179,393
10/23/2024,-730,-821,-1946,-1105,-1608,-2238,-395,-702,-3489,-570,-968,-1970,-430,-4463,-6115,-1095,-3141,-5005,-845,-3724,-353,-955,-4311,-5291,-595,2702,-716,-830,-4311,11764,-730,-1430,-5100,-1105,-1608,-3750,-395,-1808,-1796,-1115,-3755,-8159,-430,-4261,-16900,-145,-2401,-6430,-690,-4646,-5013,-830,-4723,9332,-440,-4646,-5686,-830,-4311,10785,-1322,-2834,-463,-1306,-2652,-2834,-448,-1306,-4160,-7300,3401,-3316,203,-2271,4610,4394,-266,332,4610,4394
10/24/2024,220,3056,281,-1330,1398,411,-1375,2965,-1896,775,493,241,1890,2839,6360,1375,4193,-4399,2160,-429,10104,-95,3722,-2785,1845,-2165,1494,-95,3722,-5415,220,2857,882,-1330,2585,343,-1375,3638,-3282,1125,-857,-1153,1890,2839,10604,1375,4193,3239,2160,-20,14801,-95,2219,-4574,1845,-20,13899,-95,3722,-5627,1858,2824,2462,872,1839,-1266,1733,872,1629,-2429,3088,-2808,2375,-1850,8399,-1006,2333,-88,8399,-724
10/25/2024,2252,-2513,-4963,245,-2505,-5018,205,-2945,-5042,-215,-1981,-2669,345,1035,-6999,95,-377,-7365,950,1574,-7286,1430,-6050,-5960,625,736,-3927,1370,-4440,-6690,600,-2197,-4102,245,-2307,-2941,205,-2506,-3096,-1640,-5540,-3830,345,590,-14453,95,-377,-14950,950,-361,-9447,1430,662,-28571,625,-61,-8036,1370,-1065,-26790,275,-1839,784,2254,275,-1839,1356,2254,-2190,-5594,475,-7445,492,-7215,2183,-7000,-3430,2951,2183,-7420
10/28/2024,-110,-2959,-1155,340,-3010,-2861,-1625,-3673,-3176,730,-1355,-4475,-65,-3358,-6100,100,-777,-4594,530,-1210,-5676,160,2277,14949,570,-697,-4515,160,7976,16981,230,-2760,-9083,340,-3010,-9255,-1625,-3465,-9570,-2735,-4845,-9300,-65,-4870,-17131,100,-777,-5914,530,-1210,-7284,160,2329,35343,570,-1390,-7780,160,2277,35343,-347,80,-571,-3457,-312,80,-571,-3457,-4160,-7185,-170,-662,614,-3711,12633,9779,-995,-3445,12633,16263
10/29/2024,380,-1444,45,380,-325,-1091,253,-1280,3055,955,-260,-747,965,-4315,-4950,-280,-1870,-7435,108,-3920,-6645,750,4747,-2110,1673,-1900,-4870,1385,2985,-1101,380,-300,-3311,380,-325,-515,177,-400,877,-20,-2554,-2105,1025,-11605,-27305,350,-3120,-3405,1310,-7260,-4886,224,3341,65987,1885,-7160,-620,1385,4747,67309,-1769,-2295,-420,-2889,-1245,-2295,-504,-2889,-3895,-7500,-4470,-7445,-7373,-6220,1926,-2689,-6760,-5805,1926,-2452
10/30/2024,1533,-2185,-2086,-130,-2405,-2681,801,-2522,-3029,-130,-2475,-4611,-430,-3699,-4850,840,-1632,-5023,-110,-2460,-7171,150,1355,14639,-924,-1739,836,150,1386,10568,-305,-2480,-3429,-130,-2405,-2372,-590,-2565,-1437,-1150,-3785,-6800,-430,-6628,-17735,720,-1066,-2789,-110,-2832,-4040,150,67,6357,-319,-2832,-4800,150,1425,6357,-1114,-296,-2003,-644,-1129,-296,-2253,-644,-3708,-2543,-763,-2410,-3284,-300,1613,23197,-192,1749,1613,23197
10/31/2024,122,3001,7145,-205,1475,1833,-23,2536,6509,-275,-201,9118,1766,6009,17266,990,2812,24833,-798,5038,31328,-489,2939,6435,368,2182,3550,184,2214,9451,-380,-260,9128,-765,2246,10579,-475,2851,5585,-2090,-1590,3235,340,8213,32575,990,3216,25396,790,6966,32276,-24,3869,8649,1585,6911,32967,184,2214,10634,5797,132,5013,3821,5114,-76,5258,3831,10663,25584,2686,21438,12656,30691,-2865,-2985,7406,3168,-2472,4269
11/1/2024,2115,4202,-5007,2610,3501,-3820,4214,3952,-5007,2165,2931,-3296,2755,4511,6873,3045,5136,5386,2870,5595,119,2721,14481,1751,3050,1801,4480,2721,11801,-6688,2115,3621,-5217,2610,3501,-3191,2113,3014,-3191,750,1031,3,2755,4666,5407,3045,5136,3964,2870,5746,6619,2721,18198,5802,3050,5404,6604,2721,19446,1009,-4039,-4177,-3210,-3081,-3380,-4177,-2804,-3081,4587,11833,-477,455,2839,8495,-475,12770,1515,6659,-475,12770
11/4/2024,1060,1968,3582,898,1883,5858,898,1883,3859,1455,2129,1486,1745,1811,7771,1820,5549,4094,757,2215,2347,-15,7114,-3715,1338,3804,2368,-15,4136,-5449,1060,1968,-1438,898,1883,-3597,898,1883,-3597,1702,4113,1198,1745,2881,6979,1820,1654,5686,1705,3244,733,-15,1927,-21612,1505,3244,733,-15,2905,-19875,6302,9702,5793,4364,5825,9702,3760,3060,1424,1054,-1285,9579,-805,6015,-4676,25693,3874,7988,-4676,18986
11/5/2024,2835,5453,3426,1648,5447,3596,2609,6125,3238,2840,5601,3220,655,8933,-3548,535,7862,719,2185,13290,986,-210,11461,-4009,1455,-522,91,-825,11461,-1837,2835,5453,2751,1648,5447,4219,2609,6125,3737,3045,5885,9131,655,11018,4546,535,7862,1055,2185,14732,-28,332,11461,8302,1455,14732,-1702,-825,11461,11158,5427,2610,5507,3423,7250,1898,5257,2610,8201,-6114,8742,3089,15498,522,13163,5172,4429,-5595,13163,5715
11/6/2024,305,-2633,4494,595,-1115,-452,-878,-2658,4494,1225,-1189,5035,660,-3631,-6955,1405,-3203,366,3600,-1942,-7803,815,6671,15463,3395,-250,1189,815,3971,29060,1045,-1115,5408,595,-1115,6135,580,-1140,6135,1470,-465,4349,960,-4506,-9660,1405,552,-4198,3600,4885,-4240,815,6443,42208,3695,4885,-4587,815,6919,46163,-94,1537,-168,-86,542,1537,-1076,-86,-3492,-6468,-1513,3761,7430,-2584,-865,10619,-970,-1076,-865,-975
11/7/2024,1410,233,-1884,1535,-3820,355,1530,-3820,-1884,325,-2460,1500,1310,-2046,4368,1150,-23,7898,1937,2554,19562,1165,7004,12849,2445,1486,-1596,1165,7004,14277,1410,233,1222,1535,-1945,1556,1530,-1945,1556,-150,290,-2392,1480,757,4923,1150,-23,9785,1970,2554,19920,1165,6231,29958,2445,2554,20028,1165,7004,32235,-1515,-5312,-2575,-1379,-2815,-5312,-2270,-1379,215,-844,-810,7747,1630,2831,4189,-1678,365,-2574,4189,-1678
11/8/2024,1754,1528,1483,-340,65,1483,-340,43,1483,-280,1888,1483,4274,6834,5387,2622,5913,6884,4987,2800,13337,1517,-1805,3483,5270,3745,-1374,2001,-2219,6207,165,1038,1483,-340,-252,1483,-340,-252,1483,-320,-1317,4218,4353,18571,8677,2769,9590,20752,5817,15846,25469,1951,-575,51994,5183,15556,25691,1951,-1805,52085,9783,791,6621,791,5521,791,4882,791,-2080,-4525,-3205,10937,-1506,16247,1079,4617,-5000,-5795,1079,6647
11/11/2024,80,859,11509,150,1554,12349,1655,2291,12700,80,1014,9168,421,2629,2100,2005,-1111,10639,741,5501,9854,2207,1195,-286,941,677,1295,2207,-361,-3977,80,859,9514,150,1554,10354,1655,2291,10950,195,2915,9119,421,2852,11767,2005,-1111,10639,741,5869,9854,2207,2212,55121,941,5869,10358,2207,2212,55121,7267,6633,7316,6373,6789,6633,6503,6373,1390,2185,730,847,3487,3318,9044,-5671,2156,4995,9044,-6542
11/12/2024,360,-888,5908,1550,-613,1839,2201,1186,3582,-325,1069,2734,2650,8940,6769,2290,3964,7059,3387,5024,5467,1420,2228,33,2645,52,-255,1670,3722,7079,360,-41,5407,1550,-613,6332,2201,-308,7645,-605,1113,94,2650,8940,11800,2400,2670,4538,3387,7315,12164,1670,1412,9413,2645,7315,10958,1670,1412,5293,3848,426,3845,2937,3778,426,5125,2937,661,6240,-979,-951,505,1078,-1912,-4675,-1075,-2990,-1912,-6240
11/13/2024,2035,4626,7540,2430,5136,7305,1860,4651,7305,3260,4820,7585,274,3995,4444,230,2454,-4705,642,-1370,-833,270,175,-5655,792,755,6150,325,-205,-4969,2035,4897,11643,2430,5136,11408,1860,4845,11408,1905,1614,10011,305,5160,10764,230,2860,-6010,585,125,-1039,436,2279,-32135,855,-225,-2328,325,40,-36260,669,6468,443,5746,475,7214,933,6794,546,-384,-3276,-5892,486,-2861,-4225,-5159,360,5286,-4225,-7098
11/14/2024,125,-975,-6835,491,-930,-5259,-400,-1055,-583,-275,-2982,-6627,640,-2085,-6960,564,-1664,-5482,985,-667,-6905,625,3618,24390,1020,237,2732,625,3916,26145,125,-742,-7161,420,-697,-6425,-400,-822,-7235,-1710,-5090,-10902,640,-2085,-18135,564,-1117,-6056,985,318,-10280,625,3618,15266,1020,318,-10280,625,3613,15248,1058,-7324,320,-4672,912,-7324,320,-4672,-173,-4610,-1263,-25,-1048,-1931,-528,4600,-682,2864,-528,4600
11/15/2024,861,4532,8248,1975,5862,9024,1930,4999,7301,470,5064,8183,480,-474,-6245,346,-1680,-4563,-110,-1152,-1206,180,-4916,-1200,75,41,-1397,450,-3865,-7414,1000,6197,8870,1975,6450,9301,1930,5990,10102,375,5034,4430,480,-1020,-6162,346,-1680,-7120,1252,32,-6288,450,-9148,27392,75,32,-5704,450,-7136,26710,3854,4818,2488,4648,3914,4818,1378,4233,-1040,-7210,753,-6777,-518,1516,-831,2393,-2104,4539,-831,4439
11/18/2024,510,-1474,-5450,585,-3635,-4096,386,-3300,-4080,335,-1486,-5379,230,-1711,-3341,65,505,-4920,306,-1740,-7365,2470,-425,-4304,575,-1995,95,2110,835,-1520,510,-3461,-4719,585,-3396,-9815,386,-2713,-8279,-1465,-5355,-6965,680,-1426,-9660,-85,-270,-17220,1351,2150,-20240,2205,1348,-38420,1516,2150,-20240,2205,-1895,-38420,-4760,-5925,-3169,-5925,-3968,-5925,-3095,-5925,469,-2153,-1765,-5213,-4924,-3121,930,-1380,-212,1732,930,-1380
11/19/2024,505,-60,-1265,-325,105,-1177,949,-60,-1265,505,-620,407,-960,-1717,-6705,310,-3890,-3877,-567,-3120,-6524,1130,1710,-2752,-237,-2310,-4780,1130,3736,-3234,505,105,-495,-325,105,968,1110,105,968,-495,-70,-1010,-870,-5095,-3970,310,-3390,4570,-425,-615,8515,1130,-1114,5836,70,-615,9166,1130,1710,5836,368,2107,-1465,3267,-1786,2107,-555,3267,-3975,-7410,-4175,5628,3070,-9018,180,968,-3190,-5675,180,1537
11/20/2024,-407,-794,874,130,1394,7289,140,1871,3546,-220,995,-461,-1300,-96,7373,-1185,-261,5770,-952,4635,-3619,-700,1740,7107,-1316,3620,37,-700,1735,9635,-220,-130,1309,130,1394,3806,140,2294,4717,-260,585,1438,-1300,-96,7658,-1185,-1103,10757,-2080,7422,-5311,-700,3842,-3375,-1665,7047,-1338,-700,1735,-2871,-2889,-1455,-730,-351,-3408,-485,-3455,-351,8032,-406,-2390,-5752,-1454,-4406,-3434,-1957,-2792,31,-3439,-641
11/21/2024,1725,-2866,-3054,1125,-2432,-4830,416,-3016,-2659,2025,-2434,-3527,1170,1322,1668,481,5392,-3369,2781,2125,-6069,1530,-5502,-5895,1675,-176,-1957,2965,-4045,-7025,1725,-1466,-5119,1125,-1511,-4385,1080,-1616,-4456,2545,-391,-362,1430,3341,4771,1605,7637,-1340,2918,2390,-657,2965,11560,315,2475,1935,-2378,2965,12250,1127,-965,-4403,-965,-4785,-1936,-4403,-965,-4785,7236,-3667,7363,-1843,2161,-6841,-2560,-6475,-677,-1699,-2560,-7460
11/22/2024,1152,165,-3639,1002,-4002,-4205,1832,-703,-3639,1312,-2900,-4521,1925,7865,10884,335,5558,5296,1904,7208,12885,960,3866,2293,924,4091,2790,180,2031,2683,1657,-712,-4893,1327,-3502,-5885,1832,-3502,-5885,1357,-614,-94,1925,10833,23070,675,6200,17946,1735,7415,24836,221,2261,27196,1570,7415,27660,130,4291,29593,289,2397,181,206,1003,2397,1217,206,8617,18066,5791,9136,6952,13907,7899,3116,3741,4138,7899,5575
11/25/2024,-1130,-2758,-5496,-1710,-3660,-5110,-2365,-2797,-4846,-1605,-2320,-6215,765,405,-5935,1917,1866,-5644,1157,2610,1970,1400,-6232,-5611,1980,3091,-5665,1400,-3489,-4162,-1605,-4545,-13560,-1710,-4545,-12882,-2365,-6100,-12387,-2865,-6465,-7495,765,1457,-1689,1917,2229,-5309,2360,2105,1493,1400,-5957,-12,2370,2105,2473,1400,-8799,1756,-733,-5164,-2030,-5955,495,-3465,-2020,-7040,4477,1808,2916,-2441,5723,1117,-1759,-5468,2039,-1910,-1759,-5630
11/26/2024,160,-211,-686,660,-420,-501,1040,265,-686,160,-1595,1886,900,2020,6903,1455,1490,3311,425,5824,9284,-545,1243,760,345,3788,4222,-874,150,-415,160,-889,1701,660,-420,-501,1040,265,-501,295,-1000,3888,900,2020,13315,1455,1490,9903,375,5824,20286,121,-2457,25628,-10,5824,20286,-2142,-2457,25628,-1350,2089,-424,1025,-1350,2089,-435,1025,363,3706,-1030,1935,2880,3880,-3355,3872,1510,144,-3355,3872
11/27/2024,-177,-1005,5290,400,-866,5817,-10,-1266,2546,275,-1365,8222,601,-388,-1993,-1075,-2820,-7495,3185,2003,-7265,-910,-2182,-2068,973,-2165,-191,95,-3260,-5850,265,-655,6615,400,-866,7227,450,-916,4005,455,-1090,8893,2172,5076,715,1815,-955,-4535,545,2304,-1408,2475,3071,-1706,215,2304,-3594,455,955,-5470,-2424,1646,-2070,1267,-2424,1646,-570,2906,-3428,-6212,-3485,-4916,2023,-4393,5038,-4881,-1090,-186,4953,-6439
11/28/2024,1390,1895,5350,1605,1895,5350,1605,1895,5350,1390,1275,4765,855,798,7255,3660,8460,11425,3855,13580,14707,5005,6805,3710,2060,755,3123,5985,4720,4380,1390,1895,4315,1605,1895,4315,1605,1895,4315,1225,1895,4315,930,4275,14518,3660,8460,11050,4105,13570,16295,7090,2705,8720,3675,13570,16295,7090,2705,8720,2145,-960,2145,-960,2145,-960,2145,-960,1035,-1550,4960,585,2270,-642,5825,1090,-780,-2180,5825,1090
11/29/2024,2130,4865,2383,3230,4865,2400,3965,4865,2383,2195,4065,2400,1885,2125,1140,3220,3990,7094,2040,4497,11948,7280,425,1054,523,1365,2698,7355,425,714,2130,4865,2383,3230,4865,2400,3965,4865,2400,1700,3080,2400,1885,4685,11485,3220,4740,7094,2040,6080,12301,6123,-408,13538,2065,6080,13352,7355,425,16018,4675,-2627,4675,-4660,4675,-2627,4675,-4660,-2115,-1465,2420,1605,4620,-60,1190,2919,-2800,2670,1190,3594
12/2/2024,1210,2379,853,510,2312,-889,461,3197,853,735,1150,-2609,2675,3697,3004,4585,915,-526,4261,2755,-89,4054,86,-4239,4335,240,-2313,4054,-236,-2706,1210,1498,-876,510,2312,-3831,530,2312,-3831,1760,-530,-3831,2675,4958,10208,4585,1377,6548,3958,-442,4231,3227,162,-2604,3761,-442,4231,4054,14,-2604,4167,-1286,363,-5020,4530,-1286,181,-5020,4409,-90,-2101,-5,3467,655,3983,-4919,158,-5830,3983,-4679
12/3/2024,-555,-1632,-720,-805,-1310,-1020,-999,-1632,-720,-585,-2095,429,780,-3480,-4217,1050,-3479,-2567,75,-5149,-992,640,-1283,4693,1040,395,-2300,545,-1283,7353,-555,-1310,-3,-805,-1310,876,-999,-1310,876,-615,-1115,61,780,-11065,-15401,1050,-6546,-10706,75,-8476,-7819,-504,-1283,2506,1040,-8476,-7819,545,-1283,2506,70,1902,565,1944,408,1902,665,1944,-4130,-6355,-1692,-7113,-3660,-1804,-2190,-986,-5137,-5780,-2190,-5795
12/4/2024,-1467,-3738,-5883,-525,-4250,-5779,-645,-4627,-5883,-230,-3135,-5583,-1503,-3717,-6988,-1080,161,-7068,-1674,-4369,-7495,435,227,8538,-1422,-977,-1711,480,131,9034,-240,-2930,-5222,-525,-4250,-5145,-645,-4290,-5145,-65,-1893,-8517,-1640,-4011,-20060,-1080,264,-8522,390,-285,-17571,-2382,-2397,25478,-785,-285,-14762,430,1033,26790,-4199,-5023,-2910,-1611,-4480,-5023,-3470,-1576,-4180,-7499,-3975,-2068,-2091,-3887,-477,10224,-1601,-990,-477,11887
12/5/2024,-467,-3725,-3326,-149,-2855,-3326,-371,-3104,-3091,-205,-1585,-5450,450,-3201,-6970,668,-3399,-6882,-165,-1767,-7407,2735,-4325,1966,-110,-1856,-2005,-757,-2340,-3757,-235,-3440,-7950,-149,-2855,-7950,-384,-3035,-7715,-1000,-2555,-6720,755,-2749,-13325,843,-3829,-15373,25,-2084,-19393,-2878,-6907,-29565,-215,-2084,-19393,-2535,-6305,-30090,-3495,-2901,-2883,-114,-2245,-2901,-1802,-114,-4275,-7327,-3551,-3242,-4005,-5843,-2855,10113,-1350,2921,-2855,7702
12/6/2024,1231,1453,-3260,775,-765,-2332,-400,-765,-3260,606,970,-4361,115,3916,6371,940,-82,3797,-98,1763,9726,1489,2435,2113,245,1507,-1567,1489,2210,5104,1231,2253,-4285,775,-441,-4290,-400,-441,-4290,741,1370,-4395,1520,3916,7370,940,942,12299,825,1763,17314,537,2435,38630,1175,1763,17314,1489,2435,38630,-132,-1403,-1100,-1575,-412,-1403,45,-1575,1838,2968,3533,3333,5520,2213,5432,2320,-3544,-5740,5432,2320
12/9/2024,-725,-1926,-2923,-765,-1477,-2712,-860,-1114,-1327,-725,-2410,-1520,-1280,-1818,-6139,-1060,-1046,-658,-874,-1673,-1302,10,3458,9420,-1060,-1506,-1320,-85,2610,11015,-725,-870,-1478,-765,-1477,-469,-860,-769,566,-1900,-3780,-4016,-1280,-60,1060,-1305,121,6028,-365,-517,2374,-1734,2801,20519,-1485,-517,4699,-510,3733,20982,-147,-1037,-2585,-1200,-2337,-1037,-1689,-1200,-1543,-1517,-3215,4320,5948,6584,7282,18234,-2322,6342,7282,15329
12/10/2024,315,-2016,-3599,465,-359,-3488,-859,-1811,-4080,-175,-275,-3382,-1925,-3575,-6998,-1420,-4197,-7500,-1626,-4304,-7497,-23,-1204,-5140,-483,-1702,-4480,-1285,-1634,-7480,315,-359,-2896,465,-359,-2318,-790,-198,-2231,-760,-3035,-6234,-1925,-5323,-22855,-1575,-5012,-17250,-2625,-1824,-21683,-3107,328,-7063,-3005,-1824,-21255,-2648,1107,-5293,-630,-5450,313,-5450,-1431,-5450,321,-5450,-4230,-7275,-3897,-9650,-5998,-7422,280,2638,-3322,-4360,280,-2076
12/11/2024,4355,6038,-2331,4915,6023,790,4766,6018,-2331,4320,3865,609,1156,-752,-5755,2646,709,-4780,4306,-2334,-7480,4629,-1784,-20,814,-86,-4685,4874,202,-3923,4355,5910,-337,4915,6023,843,5621,6018,843,3530,5599,5207,1929,5240,1226,2646,2785,5335,4306,11915,5306,5437,-4054,-318,3220,11915,5306,4874,-4054,-250,3098,-2429,3337,-3825,3206,-2429,2875,-3825,-4040,-5925,-4330,-6655,-758,-7430,-2689,293,-724,-5925,-2689,-2737
12/12/2024,2125,-949,-4535,1815,1267,-5586,1597,-464,-2202,1770,0,-6781,106,-3639,-5198,380,-3817,-7307,545,-3389,-6538,-319,-2625,1234,285,3037,-380,-319,-1285,-2992,2125,1795,-2545,1815,1361,-1639,1597,1031,-950,975,415,-497,106,-4597,-5087,380,-4115,-9365,545,-4094,-7819,-319,-1500,3836,285,-4094,-7819,-319,-2625,-3101,2069,-960,3655,-960,3898,-960,3490,-960,-1904,-1503,587,-4341,-277,-4785,11795,4422,2816,2962,11795,4652
12/13/2024,740,-1472,-4290,-825,-2030,-4290,-545,-2622,-4290,895,-1005,-560,485,-2721,-5311,-1075,-3900,-7495,20,-2619,-4794,60,-3813,-5840,-970,478,-2126,60,-2748,-7310,740,-1005,2094,-700,-2030,1016,-545,-2030,1141,320,-2987,-1793,485,132,-2667,-1925,-8310,-19160,20,-6560,-15346,60,-3672,-47583,-620,-6945,-18610,60,-3813,-48925,-700,923,-652,3958,-1031,3709,390,4048,-3430,-5940,-4435,-7449,-6550,-7479,-6285,-6915,-2390,-1727,-6285,-7070
12/16/2024,1419,829,1287,1120,2148,4034,856,2408,1287,1590,2735,3861,-1965,-3900,-6965,495,-4485,-6490,2545,-3855,-7490,-305,-1453,-4880,2320,-2405,-2327,-305,-1453,5428,1060,2475,4780,1120,2148,4251,964,1726,4251,1725,2060,1557,-1182,-7035,-8510,310,-5315,-1100,2545,-7270,-5425,-305,-1453,24387,2320,-7660,-5425,-305,-1453,29228,3361,3043,2462,2230,2908,3043,1644,2230,-4445,-6355,-1548,-3623,-6869,-7490,1015,-784,-6940,-2176,1015,-1192
12/17/2024,735,3306,7536,800,4338,2227,1958,3664,1393,698,2858,5982,844,4730,5177,6109,1628,2368,630,1769,4248,1380,-852,5328,1532,2117,3622,1380,158,-2791,808,3041,7947,800,4338,3489,128,3671,3489,110,1659,4486,1580,7380,12362,2805,655,4846,630,-108,7859,1380,-852,-18499,1630,-108,7509,1380,348,-16245,357,3550,-877,3716,1300,4328,-2909,2280,7290,7525,5615,4671,6184,4838,-2365,-4946,3732,5954,-2365,-1609
12/18/2024,964,2790,2387,1530,2800,1437,1185,2550,598,0,945,-350,490,-2630,-6190,993,2250,-2813,1285,3934,-7398,3235,5104,7749,1530,867,-1666,3210,4968,8589,995,2790,3500,1530,3155,3095,1185,2905,2010,-355,2085,3240,490,-2917,-12281,993,2856,208,1285,3990,458,3235,5104,12299,1530,4050,443,3210,5099,14934,640,2298,445,2076,-2031,1429,2745,915,-3447,-7171,1180,-6050,2765,-6081,530,3067,2420,-4660,530,2412
12/19/2024,585,-1247,177,465,2858,1021,534,4105,-335,535,3314,-150,-660,1097,14054,495,852,3961,1588,7972,711,-280,4471,9394,-270,754,-1326,-280,4946,8095,535,1616,-4921,465,2858,-2656,115,3662,-1226,215,1808,-162,-660,936,6105,495,852,4431,999,6955,810,-280,3678,820,839,6195,7205,-280,4471,2770,3402,-1108,1405,-1521,1350,-1108,2560,-2168,4425,1595,3055,1513,3752,3986,2536,6504,-618,-3990,2521,5604
12/20/2024,823,4491,-651,1361,2265,-1070,2541,3407,275,917,2287,-465,625,2362,-3509,1185,4490,2135,1715,1363,4683,3390,246,-5747,1630,3263,-320,3390,58,2612,917,2848,-1727,1361,2265,188,982,2829,568,785,2543,1773,625,3660,-2610,1185,4490,-2275,1715,2375,-3998,2856,246,-6684,1630,1940,7899,3390,236,-6704,2183,2208,10769,2103,989,2224,11004,4545,-153,-6065,980,-402,2638,642,-6105,6622,2201,-3754,-6105,6602
12/23/2024,1901,2943,7983,1424,4044,7815,1199,308,10525,950,4666,7155,2000,2205,-2211,1745,1674,-823,2260,7070,-3921,1775,1595,3340,1632,271,-2191,1775,1595,8307,1901,4099,8025,1424,4044,8053,1199,1654,6504,1865,3405,7197,2090,10094,11549,1745,6353,7887,2610,11193,9043,829,3889,22654,2175,11193,9843,1775,1595,24035,3157,8285,3519,6218,3157,8285,3519,6218,1400,-2790,3581,5401,254,3487,155,4173,-2997,-5845,155,7556
12/24/2024,740,-435,1111,1095,-430,1111,879,-460,1111,705,-435,1111,390,-4070,-5205,1335,-2715,-1668,1331,-1454,-7075,1280,620,-1515,512,-2980,-4655,1585,210,-1515,740,-435,1334,1095,-430,1334,879,-460,1334,775,-505,20,390,-6825,-19525,1335,-3545,-5640,1845,-1860,-11120,234,-2041,-1515,2055,-1860,-11120,1585,620,-1515,-680,-1109,-680,2080,-680,-1109,-680,2080,-3880,-5293,-3515,-1877,-3481,-3493,1180,-1170,-2354,-5805,1180,-1170
12/26/2024,2805,2444,117,1565,1707,-2336,2042,2177,117,2885,1847,-2879,3554,5962,11081,4185,7581,23231,3398,9127,26243,4213,-1675,-2579,2343,708,2400,4213,-789,4826,2805,1879,-3739,1565,1707,-5436,2055,1707,-5436,1785,800,-5028,3554,8456,27313,4185,7447,27396,3608,7940,26429,4495,-2224,43864,3645,7940,26429,4213,-2840,44105,524,-1490,230,-3794,35,-1490,730,-3794,12167,-7420,10647,8147,10916,10468,1019,-4236,7138,-5715,1019,-2832
12/27/2024,1170,4371,-179,1615,3153,-1795,1966,3695,-1891,865,3089,1791,2530,9922,4070,930,6985,454,3665,6340,-2299,2970,-2754,-3730,5279,3910,1861,2920,-2669,-4145,1170,3029,-4123,1615,3153,-7121,934,1542,-9207,1487,3549,3498,2530,6606,1970,830,6850,4856,4809,6316,-1644,4502,2907,-8473,5279,5116,-4458,2920,-1024,-9597,1833,-4993,9275,-1628,200,-1444,1274,-1628,2162,8142,-1770,-725,9617,-268,-2961,-3814,833,3639,-3794,-2978
12/30/2024,3396,3079,-4695,105,734,-4695,2757,2196,-4695,870,-945,-2081,-210,-2217,-4985,-600,-3965,-7135,-1210,-4277,-7325,-485,-6210,-5040,-795,-1000,-4645,-730,-3975,-7060,1135,749,-5143,105,734,-8305,435,609,-8305,1280,2539,-8125,-20,-1922,-6001,-455,-1564,-19500,-990,-4877,-24952,-925,-8276,-39287,-1325,-4877,-27155,-730,-9920,-38803,544,2531,544,1271,1219,2531,1219,1271,-2225,-6255,-2350,-6290,-1196,-6305,-2134,-6300,-3315,-5855,-2134,-6300
12/31/2024,-630,-340,-4459,-570,-340,-420,-570,-340,-4459,-630,-340,-2390,1060,-3620,-6955,2260,4170,11457,2125,3820,1341,2430,3847,10001,2135,-698,-5290,925,1600,11183,-630,-340,-3831,-570,-340,-3675,-570,-340,-3675,-830,-2660,-7035,1060,-1120,-8282,2260,3600,11215,2125,4555,10380,10,3395,6415,2135,4555,10689,925,3847,6753,860,6193,2405,8656,2405,7139,2405,7856,-3105,-5356,2717,11376,7365,7898,26727,20010,-149,-4275,26727,17529
1/2/2025,-140,-3871,-4592,-110,-3031,-4018,-1405,-3868,-4592,-995,-2990,-6615,-170,1212,-6986,235,331,-6453,110,3035,-7140,410,5030,-5942,325,2878,-703,410,5030,-7436,-140,-2815,-11328,-110,-3031,-11670,-1405,-3592,-11780,-3530,-9250,-17290,-170,1212,-7377,235,331,-7595,110,3035,-13407,410,5030,-27880,325,1095,-8098,410,5030,-25097,-2956,-4717,-685,-1159,-2896,-4883,-1734,-1159,200,-1230,445,-1961,-172,-1413,-715,6041,-877,2656,-715,6041
1/3/2025,605,-1623,5467,640,-1619,6772,590,-3381,5219,795,-1526,-4099,305,-3245,1800,485,-2367,2779,-547,-3280,13183,710,-3915,-4235,-882,-2235,1253,610,-3050,-2900,605,-770,-5921,640,-695,-6856,590,-1527,-6856,830,-400,-6586,305,-3322,9723,485,-3755,8305,415,-4820,13183,-1377,-4202,8264,140,-5380,13316,475,-3915,9024,-282,-27,-2058,1096,-2058,-27,-2910,1096,405,-3343,-2115,13038,145,19778,-3210,280,4358,-5890,-3210,280
1/6/2025,240,-330,-2169,-720,438,-958,-625,1190,-2782,190,-330,-4163,525,94,-5215,540,-1801,-7409,1465,-121,-7481,-1500,-1152,-5070,-1180,-2021,4368,-2275,-962,-7455,240,-330,-2503,-720,438,-3935,-625,1206,-5259,-1565,-2961,-3964,525,2904,114,540,-1630,-6781,1465,7923,-5316,-1525,-2997,-31664,505,7923,-7461,-1530,-3092,-31051,4242,456,4892,1043,4984,1656,2977,693,-1000,-7290,-1650,-3898,-1217,-6157,-1712,-6501,-210,-5695,-1712,-6685
1/7/2025,1061,3095,-258,760,4020,1844,1149,1432,-5278,695,5209,997,1425,989,-1379,1640,2251,-7066,1254,1620,-7388,1130,-65,777,1066,1722,-4525,1130,-1037,2546,1061,3776,-56,760,4020,1636,1535,2707,1399,185,2793,-2029,1425,1515,-1034,1640,2841,-1138,1636,2904,-958,1130,-1950,5467,1066,2899,741,1130,-65,5899,1206,-640,290,5540,715,1643,1250,2161,-3940,-3129,3417,-1478,651,10513,2117,725,313,-4075,2117,725
1/8/2025,855,4523,14253,1362,4397,15521,1307,4896,8254,215,5247,12055,1520,3183,13699,2717,4778,19260,4946,4729,14746,620,-6495,8804,4644,3008,3850,620,-4320,6675,855,3874,14173,1362,4397,15516,2132,5027,12408,1471,2879,5965,1520,3183,15721,2717,4778,19260,4946,8427,21473,620,422,19815,4716,8412,19845,620,-580,21169,3648,5015,4086,4783,5925,3025,2964,-272,7527,19843,6720,17638,11989,35392,8853,17617,9821,9361,8853,17482
1/9/2025,0,0,0,0,0,0,0,0,0,0,0,0,0,0,0,0,0,0,0,0,0,0,0,0,0,0,0,0,0,0,0,0,0,0,0,0,0,0,0,0,0,0,0,0,0,0,0,0,0,0,0,0,0,0,0,0,0,0,0,0,0,0,0,0,0,0,0,0,0,0,0,0,0,0,0,0,0,0,0,0
1/10/2025,2165,1975,6050,2248,231,-2178,3022,1643,2906,1636,1975,-1025,1270,1898,9231,370,-1219,-1415,1285,1562,590,210,-2054,-1907,1355,3766,-3895,210,-1014,-4014,2165,1975,2117,2248,231,-3464,3183,-478,180,2388,336,-1114,1270,1898,10782,370,-1112,-59,1285,1871,590,210,-505,-1779,1355,1871,-288,210,-2054,-3269,535,2635,891,4065,1584,4433,535,1741,516,7251,964,1357,-1094,-277,-2325,-5712,3367,2046,-2325,-5712
1/13/2025,95,-959,-5540,-95,-1534,-2943,-70,-959,-5540,50,1284,-3790,70,1457,-4262,65,-3340,-5563,-240,562,-4655,225,1100,-4994,-445,260,-2010,225,775,-5469,95,-1534,-4042,-95,-1534,-3411,-70,-1534,-3411,1368,-582,-3598,70,927,-1324,65,-3340,-6029,-240,-598,-9889,-171,2636,2045,-445,-1293,-7238,225,2636,3112,-1445,-406,-1133,-312,-973,-406,-1133,-312,-3422,-5384,-2185,-2713,-1858,1917,-875,2925,-2592,-1900,-880,4466
1/14/2025,80,1854,856,605,-540,5535,1165,1972,1160,75,-440,5090,-49,2728,-2147,1996,4839,10154,1890,5280,15058,1970,-6370,-5194,750,1117,644,1970,-1020,-5454,80,-540,1426,605,-540,2370,1165,-525,2540,880,-730,1131,1350,3316,9104,1996,5212,10750,2380,5963,19641,1970,-6574,-21265,2395,5963,19942,1970,-6370,-19888,894,3498,1327,5862,1684,5123,155,5857,3873,5207,5270,13690,5209,9266,4060,-4618,4415,1623,3670,-4618
1/15/2025,1993,5127,8857,2169,5615,8417,2042,4890,11456,3152,3395,9069,30,-512,3593,578,8250,15935,1280,2445,28346,220,-2842,1249,270,765,5452,290,-2842,11455,2097,5613,8550,2169,5615,9252,2042,4890,9387,3422,6040,9614,1028,1693,13973,748,8250,16249,1931,2106,30552,290,-2842,30648,1147,1716,30552,290,-2842,31534,1304,-773,1804,-592,1133,-773,2277,-592,2485,-5810,6615,11047,8443,4636,3819,-6553,7211,-70,3819,-5067
1/16/2025,480,985,-4257,430,843,-5474,140,7072,-2946,855,-1859,-5681,1280,515,3628,910,775,797,1635,2082,5573,2045,3777,14109,1775,1582,8901,2045,2416,15544,480,-610,-71,430,843,-756,140,858,-132,-500,3085,-1527,1280,515,3628,910,775,1024,1635,2624,6395,2045,2498,15498,1775,2409,5820,2045,2498,15498,2832,3358,-51,2775,1841,3358,-1019,2775,1867,5241,2049,8009,3256,11228,2516,14689,2876,7576,2516,15218
1/17/2025,4392,3727,-2535,2040,3734,-2954,2624,3727,-2535,1549,3974,-1044,1405,3941,-4790,405,1893,901,2240,4208,-1748,710,-598,-837,3036,-1965,-1170,710,265,-3171,2033,3734,-2194,2040,3734,-2917,2624,3734,-2917,705,1531,-3755,1405,3827,-6335,405,226,-8563,2240,4110,-4125,1254,1361,6642,1390,3745,-7071,710,-500,1191,-2450,-6062,-2450,-2397,-2450,-6062,-2350,-2397,-1913,-3571,515,-3790,2527,-3147,1791,1273,4535,-380,1791,1273
1/20/2025,640,-825,-960,1160,-2180,-960,665,-680,-960,1040,-1050,-2785,1120,-1210,2081,1455,-1250,-2984,215,-2505,-3525,1550,-4400,-3935,520,-1990,591,1465,-3725,-5665,1040,-2180,-4665,1160,-2180,-4665,665,-680,-4665,-1270,-3585,-4665,1120,-1210,3824,1455,-1250,480,215,-2505,-1905,1465,-4400,-14685,520,-2505,-1905,1465,-4400,-14685,3730,-199,685,-4080,2864,-199,785,-4080,1800,6747,1690,425,2561,-1415,1260,-6210,2561,6705,1260,-7195
1/21/2025,1035,-1635,-5586,190,-1690,-4915,90,-1855,-5586,1035,-2668,-4364,-504,-329,-3790,-615,-3945,-4971,-1604,-253,-6745,135,-3512,-5128,-1064,-350,-3143,-995,-2075,-5493,1035,-1635,-7833,190,-1690,-7015,90,-1855,-7530,805,-2042,-4651,-387,-985,-4344,-590,-7605,-19915,-1490,-4635,-19585,0,-2065,-17618,-1315,-3355,-19585,-995,-3605,-18210,-2729,-4724,-1635,-4492,-2441,-4724,-2097,-4492,895,-7069,-3645,-7325,-4447,-6772,20,-6200,-1620,-2130,20,-6277
1/22/2025,2497,-530,-1642,2988,225,-4731,3783,2573,-3877,1945,-678,-1705,75,-3735,-6536,1525,-3766,-5785,725,-3123,-6143,-875,5635,-1684,540,-2090,-112,-1880,5735,-550,2497,-411,-2717,2988,344,-3420,3783,2503,-5655,1515,-3402,1748,75,-7230,-19621,1525,-1602,-14317,725,-245,-12322,-1895,5635,-21869,540,-980,-10262,-1895,5635,-21869,3197,1081,-711,-4110,2420,1081,-102,-4110,-3393,-7480,-3195,-5011,-856,-7029,2477,991,974,4652,2477,-299
1/23/2025,-405,-2180,-3939,-1090,-2180,-3939,-570,-2180,-3939,-380,-1290,-1585,-408,-728,2763,505,2568,-5878,390,1478,-7484,750,2868,6301,405,2044,-2333,1085,5098,7985,-405,-2917,-4230,-1090,-2917,-4230,-570,-2917,-4230,-465,-2676,-6458,-70,2180,-14582,505,2199,2880,390,246,-3783,231,3481,19765,405,246,-3783,1085,3481,19765,-1488,273,-1384,777,-1488,273,-1384,777,-3350,-6323,-1802,-3233,-3824,-2027,4190,12519,-1660,-1259,3940,12690
1/24/2025,-110,90,-5970,-940,644,-4016,-1741,-1487,-4145,115,-2460,-6520,790,-2505,-6870,1700,-922,-4035,790,-1287,-64,-185,-2207,-3782,703,-474,951,-185,-2212,-6786,150,644,-803,-940,644,-125,-595,1639,-370,-2145,-2315,-3165,790,-1235,-1760,1700,-730,-4500,790,-3295,-1064,-185,-3098,150,985,-3295,326,-185,-2138,453,-12,-2339,601,-1580,688,-2339,326,-1580,-2175,-7173,116,2080,-1329,1988,8331,7557,-1086,732,8331,5688
1/27/2025,1465,2248,2346,1120,3333,1205,1965,2415,2346,1485,3457,1205,1410,6684,2309,2010,4660,1879,2505,5023,3424,3486,4142,-2131,1270,3848,4428,2961,4636,-47,1465,3462,2346,1120,3333,1205,1965,3714,1205,1930,2829,-400,1410,6684,6608,2010,4598,2903,2505,6081,9502,505,5192,17270,1270,5105,9263,-735,3492,18497,4934,5368,4092,9473,3977,5368,5499,11122,4639,8574,4152,1836,5904,8286,2910,-1887,4646,1043,3670,-3507
1/28/2025,-340,-2865,-4300,175,-1586,-1922,380,-2910,-4300,-340,-1695,-874,247,240,-4920,1445,2388,-2118,2350,-615,-3222,2550,-660,-4886,1397,-28,-4670,2575,-160,-5761,-340,-1557,-495,175,-587,118,380,-1602,118,-550,-417,-942,925,425,-4845,1445,2388,3430,2350,-615,11627,2575,-660,-17594,2140,-615,11681,2575,-160,-17506,1910,4587,2192,-3135,2192,4587,225,-3135,-1007,2635,-1105,372,-2354,688,-4095,-6090,141,-5910,-4095,-6175
1/29/2025,2085,5455,16657,1800,5190,11391,2870,3878,11409,2040,5695,14469,3720,11745,26118,1720,13105,27878,4215,17092,58504,2530,17871,34037,4745,9586,10540,2525,14517,27843,2085,5872,21121,1800,5190,15966,2870,3878,16685,270,3222,16076,3720,11745,37247,1720,13105,42420,4215,17653,62945,2530,20006,78439,4745,17128,66921,2525,19641,72399,6507,10898,5927,12567,6068,10898,3713,9990,8409,31232,8308,35077,12383,41409,15552,28075,9136,10476,15192,36480
1/30/2025,1040,3038,13664,895,4050,3777,390,7484,9846,795,-1121,10801,3740,11689,5326,3195,8176,12312,2180,8619,2759,3730,4965,1531,2105,6441,3434,3725,5384,807,1040,2685,17257,895,2166,10351,390,2592,10316,1268,2028,3981,3740,12116,12145,3195,8176,13170,2180,9082,8081,3730,15912,22909,2105,9007,8224,3725,12693,25056,6115,13931,3703,14418,4924,17843,2088,10948,2857,10185,6348,8683,4272,4929,12294,-396,2331,9297,12294,-2527
1/31/2025,-104,-213,-3490,390,98,-3490,871,966,-3490,-345,-2880,-5010,690,-1464,-5284,290,-3935,-7452,-783,2793,-6988,-1160,-3612,-1672,596,4197,-1872,-825,-3815,-1758,-180,-213,-5010,390,98,-5010,871,966,-5010,-1285,-1585,-5785,750,540,-11627,450,-5060,-19115,855,1700,3486,1831,-4975,-1790,1185,135,-15510,-655,-5195,-1590,-1401,-5510,318,-4460,-795,-5510,233,-4460,-1504,-7262,-2504,-7445,2049,-6899,3150,-1605,-159,-1174,3150,-1605
2/3/2025,1720,4889,9371,1755,6161,4569,1755,5016,5739,1720,4681,7561,3362,3851,30733,4245,3964,28249,6425,8530,23708,3767,11453,-3671,7192,5810,4536,3767,11453,-4384,1720,6161,9891,1755,6161,6479,1755,6161,6479,1470,4806,4895,3362,3851,31883,4245,3964,33937,6425,8530,33888,3767,11453,20788,7192,8650,33359,3767,11453,21509,6075,3542,5121,11608,5119,1878,5066,8118,7401,12848,7195,10146,4821,4316,-2563,-1355,8296,3422,-1263,-1355
2/4/2025,272,341,8863,2378,902,9111,2279,573,8882,1346,933,10515,2496,5312,10422,3585,10018,18808,4310,7978,22125,3238,5241,5433,1877,3294,6884,3238,8271,6197,2010,2106,11203,2378,902,12211,2978,1212,11784,1358,1457,9841,3125,5525,14229,3585,9818,29165,4310,8139,31776,2034,2407,27919,2900,7744,32913,3238,5581,31610,3649,6889,4660,3218,1848,5941,3555,5184,4128,8083,10132,15560,7263,14380,5742,11210,3985,5404,5742,13635
2/5/2025,485,3106,2169,515,58,2420,610,2086,2169,495,2801,1722,20,-4005,-6826,890,-2925,2095,885,1388,4888,655,4265,14800,765,-1420,-2550,655,3582,9587,485,3106,2528,515,-97,1973,610,1931,1973,-265,427,-1171,20,-2415,-1261,890,85,6979,885,235,6203,655,3356,29682,765,235,5278,655,3356,31269,4384,548,360,1313,360,548,3709,1313,157,-6495,1230,2437,50,6758,6392,4756,-1480,-2140,6392,6118
2/6/2025,1110,2128,10950,1275,695,-548,481,559,4537,705,1634,-2066,1646,5259,16239,540,781,8038,1661,2842,15181,530,2904,3061,1856,1496,5531,530,2904,9390,1110,2204,14067,1275,695,10949,1450,1445,10836,1018,1499,10064,1646,5259,11849,540,781,11141,1661,3271,16440,530,2904,-8865,1856,3271,14179,530,2904,-8870,4698,5370,3018,2553,5201,2275,2883,5119,7650,14394,-282,8455,3452,14441,1718,3480,7646,3184,1718,3465
2/7/2025,840,947,-158,671,1397,-3944,-508,860,-3666,420,118,-1308,2040,2042,-5915,1075,5322,-4449,3130,4898,-671,3318,8296,5866,2870,2214,-4180,3313,9176,4771,840,1642,-820,671,1397,-3068,-82,-210,-2531,-175,-1799,-6547,2040,3238,-6303,1075,5322,-6085,3130,5786,-2796,3318,9836,17809,2870,5786,-2190,3313,9176,19971,-2317,-235,-1702,901,-2163,829,-2940,274,3266,-4004,799,3915,6663,6651,7955,-2090,5877,-4175,7950,-2090
2/10/2025,1034,-308,2595,-1,1751,2027,-178,1206,3300,911,-50,-128,3178,2437,2648,1535,1563,-1441,2730,-1151,-3422,1125,-2549,-1691,1778,2589,1006,1125,-3213,-3996,1034,-115,-721,-1,1751,-669,-549,1668,-939,516,-1870,1113,3178,3005,8931,1535,1563,-3307,2730,-1107,-1913,1174,697,-35748,2550,-1107,-6822,1125,-791,-40270,4415,-4684,4231,-5307,4438,-4684,3606,-5307,9284,3575,2057,-5094,3778,-5377,-4316,-6160,8459,5092,-4316,-6160
2/11/2025,2752,4016,9626,1505,4142,9626,2019,4898,9930,2442,2046,10748,625,4236,12662,195,1976,4637,1410,285,3610,884,-1440,-54,450,1341,7344,1181,-1632,-155,2752,4016,7868,1505,4142,7868,2019,5460,8293,3143,4164,9391,700,4999,15719,195,1976,4795,1410,790,3137,2689,-1440,-155,450,790,3137,1181,-1440,-155,4864,7652,4599,7652,4864,7652,5260,9107,9248,20122,4368,5341,4455,4703,-745,-5475,5376,4692,-745,-5475
2/12/2025,-1025,-3580,-4953,-289,-3580,-4870,-1152,-3580,-4953,-160,-2430,-4862,1780,673,632,865,-3090,-6378,4459,284,-6378,415,-4541,-5301,3295,-2265,-3219,2580,-3515,-7104,-160,-6925,-10649,-289,-6925,-8968,-1006,-6925,-8968,-1075,-5520,-10348,1845,4845,15622,2990,6076,12487,5160,4911,22940,765,-9433,16249,4945,4911,23876,765,-8344,17208,-4416,-6285,-3970,-6285,-2384,-6285,-2995,-6285,-332,-4889,-490,-6800,4779,-6710,-5250,-5652,4855,-5825,-5250,-5247
2/13/2025,235,2178,3393,375,1374,6678,347,2455,6579,295,1372,3266,-1824,-4490,-6998,460,-2380,-3998,-9,-2947,-1893,855,5971,86,-365,-2140,-4790,730,5090,86,235,2178,4476,375,1374,7338,8,596,7228,185,-625,2099,-1135,-6525,-10080,460,-2380,391,-60,-4368,-534,637,5476,184,-425,-4368,-1236,730,5971,184,-730,4402,-730,4569,-730,4402,-403,4569,-4387,-6514,-1428,-1542,-4184,-3757,10581,3485,-320,-5795,10581,4694
2/14/2025,480,-729,-3924,-1185,-1885,-3924,-1281,-2082,-3924,10,-1670,-3432,105,1307,-6363,325,2047,1570,-580,4473,-2124,1106,1972,4071,77,1761,-2406,1056,1972,8006,480,-296,-2726,-1185,-1902,-3386,-1140,-1902,-3386,-760,-1280,-4467,105,1635,-13033,325,2780,-972,131,2532,-4487,1056,1972,5700,277,2532,-4220,1056,1972,5700,-2718,-5833,-2570,-3142,-2683,-5833,-2375,-3142,63,-4494,491,1571,-1177,-3896,-2000,11200,-3129,-5885,-2000,11897
2/17/2025,190,685,1325,645,685,1325,645,685,1325,190,685,1325,1110,2645,8151,1875,3755,7751,2235,4565,7265,4770,4435,5800,1575,1310,1600,4770,2765,5005,190,685,1325,645,685,1325,645,685,1325,190,685,1325,1110,2645,11466,1875,3755,12275,2235,6235,14845,4770,5275,24300,1575,6235,14845,4770,5275,24300,-318,-3010,140,-3010,-318,-3010,460,-3010,-178,3170,-765,-125,-895,-2510,-5860,-5850,199,-900,-5860,-7225
2/18/2025,-445,-702,3166,205,-476,-1447,291,1455,-2660,-445,-408,-890,-5,-1139,418,420,677,8276,2488,-1074,1481,-665,-900,-833,865,-428,3220,-665,-900,730,-445,-386,7367,205,-476,6808,291,1455,6803,590,695,6830,-5,-108,15253,420,-493,8312,275,-1077,14802,-665,-900,12990,865,-1077,14868,-665,-900,12302,2498,5674,1439,10090,828,7450,456,9109,3266,5035,600,11286,4196,10178,548,-4595,1843,4927,548,-5619
2/19/2025,2975,3551,-5424,2095,2292,-1003,2767,862,-5424,2570,3000,-2299,2080,4879,163,2235,7062,15515,2169,6216,9914,3920,6791,-4826,1475,145,2046,5515,4302,-3370,2975,4160,-399,2340,2292,-104,2767,862,-104,2755,1504,6101,2520,11478,25328,3480,7661,26219,2615,18331,30803,6135,17662,21853,1990,17906,30803,6117,19485,19777,-1278,-5948,75,-3317,-93,-5948,-97,-3317,631,5215,-3990,2747,-4121,4055,-5248,-5523,-4840,-5915,-5248,-5443
2/20/2025,-725,-3975,-5420,-1555,-3975,-5695,-1405,-3975,-5420,-675,-2840,-6590,-380,2351,-5345,-605,-3569,-6113,516,-2365,-2221,-770,-5343,-3382,-1050,-2125,60,-770,-3311,-3562,-725,-4240,-4935,-1555,-4240,-4315,-1405,-4240,-4315,-1935,-3485,-6291,-380,590,-11493,-570,-360,-14935,-1585,-5208,-8893,953,2358,-20018,-950,-5318,-14096,-770,-484,-26510,-1484,-6140,-4305,-3476,488,-6392,-3310,-3107,485,-4611,-4293,-5970,-4726,-5872,-4460,-5900,-2635,-633,-4460,-5900
2/21/2025,2090,716,2915,1670,2860,5029,1600,368,3024,1460,2405,2952,-300,-3475,-5615,1840,5990,-6615,2985,8249,-5471,-145,8640,6024,2870,114,-3460,-145,2848,8570,2090,2200,3539,1670,2860,5361,1600,2740,5201,2136,2170,5821,-300,-1960,-24310,1840,5990,-1342,2985,8614,-11336,-145,8364,8217,2870,8614,-9344,-145,8640,10999,4145,9350,4474,9811,4070,9350,5843,7263,-3550,-5760,6340,-7372,2258,-7079,3470,5104,-1984,-3655,3470,10081
2/24/2025,1435,4821,5598,1485,3902,5570,1279,3243,3483,1765,1655,7740,90,-3802,-2108,-314,-2230,-4097,930,-1405,-5967,-140,5440,2084,1125,1510,11172,-140,4780,3271,1435,4746,1894,1485,4401,2929,1490,4236,7052,3016,6276,5503,90,-2155,-1257,-95,-869,-3566,1305,-779,-2162,-140,3205,1686,1125,-779,724,-140,5316,4462,1222,9971,2865,7276,2297,7553,2925,9965,-2124,4219,135,2026,-2615,-2981,-3223,6236,-188,1577,-3223,4146
2/25/2025,1874,3201,2608,2680,2092,6158,2491,3536,9603,2055,2896,4241,845,7487,23442,440,3758,10884,1610,8372,18808,410,4120,9470,1355,7444,5891,410,4102,7115,1900,3026,3939,2680,2092,5335,2491,2371,4975,2767,4091,4653,895,7620,25891,640,3838,12650,1610,7462,23184,1344,2838,17192,1355,7317,19088,410,4085,17355,4093,8549,3905,7235,4131,9205,8299,6091,12555,25318,5897,19511,15154,17140,5738,5191,10677,1252,5703,3036
2/26/2025,1600,2893,4234,750,3915,5687,413,3389,5818,1715,2580,4258,2165,678,-4863,2275,1892,-7424,2880,2138,-3574,1650,1115,-5927,2785,-766,-2101,1650,1115,-7439,1600,3384,4456,750,3915,4345,945,3970,5871,735,2775,3824,2165,685,5294,2275,2276,-4374,2880,2207,-10242,1650,785,-23972,2785,2207,-9499,1650,1115,-22725,4204,4615,4525,11428,4025,10557,4525,10478,2198,-660,1245,-6694,6138,-5593,601,-6227,2298,-1153,601,-7484
2/27/2025,815,1538,5133,300,3428,305,915,1303,3288,1275,4657,1704,765,-1011,-5713,1775,1648,1882,1520,1906,-760,995,1411,4096,1630,1571,745,995,1411,7025,815,2636,533,300,3428,946,1007,2256,153,2075,3098,3589,765,-1011,-2179,1775,1648,1906,1520,2876,713,995,1411,12222,1630,2011,986,995,1411,12591,2095,9111,2260,157,1810,3677,2495,428,-3392,1158,-1271,2674,-1515,11274,915,5593,450,2901,915,5593
2/28/2025,832,1228,5625,225,2986,6407,225,1133,5455,690,3356,6903,752,2410,21816,1160,2494,3674,706,2205,19077,835,-2032,14222,1925,-1012,19756,785,-1641,13707,465,3091,5268,225,2986,6848,225,2996,6678,935,3823,6149,1115,1757,20371,1160,1337,586,975,15785,17675,716,-5501,-13563,875,14970,17523,785,-4154,-13726,2081,8557,1940,8781,168,8078,1215,4786,1458,2413,2518,4005,17443,4619,18091,1157,1053,4794,17436,1377
3/3/2025,1815,2953,-4255,1955,1977,-200,1599,1226,-5328,1560,1863,-659,2215,6200,8837,2690,8210,13597,2840,8311,10681,2625,5440,18318,2505,7441,1012,2615,5285,11414,1815,3333,-1770,1955,2762,-2150,1599,2127,-4835,1895,1630,-2830,2215,6200,10258,2690,8210,13597,2840,8398,10681,2625,5192,18026,2505,8088,9285,2615,5285,11443,1273,-6519,-1115,-2390,-1030,-2307,270,-2695,4715,11400,5100,16137,4365,13050,4315,5389,4200,167,4305,5389
3/4/2025,895,1961,6724,535,1125,6968,675,5131,7495,685,1410,5508,2330,1055,2693,1795,5205,7472,3495,7765,6209,1375,-2470,1831,3010,1910,3930,1370,-620,-2868,895,1525,6724,535,1125,6968,25,1930,6818,600,645,4762,2730,3060,7247,1795,3435,8377,3495,8147,19698,1239,-552,42953,3010,6850,19471,1370,-2470,43403,2215,3291,1105,6144,3880,4206,1345,6364,-11,-735,-453,4655,2044,16173,-1337,17352,-1605,358,-1337,19042
3/5/2025,570,-884,7589,745,1918,10976,1125,-3761,6489,445,1328,3557,1730,3410,-1733,1205,1604,5025,1645,-4154,-22,1485,2850,23428,1685,-825,-590,1480,2840,32790,570,833,8103,745,1918,10880,1125,1264,8300,275,916,300,1730,3410,3052,1205,1604,8152,1645,-1225,2209,1485,1116,33730,1685,-1230,4545,1480,2840,34591,1213,7107,1620,7891,1227,5062,2255,5311,-635,6734,1425,11820,1982,7872,8784,31246,-511,6755,8274,31860
3/6/2025,270,959,-642,225,1074,77,225,1252,-3080,270,939,-782,1180,11256,10549,875,7877,10219,3175,11225,6226,2475,6021,10149,2985,7933,-2559,2475,6300,30122,270,959,-4171,225,1074,-1625,225,1349,-3264,310,778,3403,1180,11256,16698,875,7877,10213,3175,11354,7925,2475,5721,-683,2985,11319,8575,2475,5991,2399,6085,4041,5965,5305,4072,3250,3336,7056,9693,13058,2556,8597,10895,4642,12865,14445,2356,42,12865,14445
3/7/2025,360,1732,8574,-620,1185,4641,-1027,2795,8528,980,912,6603,1725,-597,-5740,2410,1956,7986,3495,2663,8194,895,5097,16241,3330,-373,4235,765,5092,20948,360,912,1962,-620,1185,3195,-170,1556,3499,490,3302,5020,1725,-1476,1535,2410,1956,2824,3495,2225,11224,895,5047,19015,3330,2045,5828,765,5092,18534,4520,7283,4837,8152,4391,6338,5946,7270,1320,2559,4925,5278,4205,10285,6681,-4226,2600,2683,6881,-4656
3/10/2025,830,3737,12526,1865,6714,15531,688,4798,12027,2276,3229,9446,1213,5850,-5680,1765,8686,21139,4033,8352,28620,1573,6932,33103,4003,2727,-4625,1573,6171,5832,830,3808,12526,1865,6714,15903,1443,6656,14299,2276,3034,11398,1213,5850,8637,1765,8686,21586,4033,10716,28620,1573,485,7402,4003,8008,22895,1573,928,8873,2715,9469,4140,9497,2423,9469,3285,6598,4793,-7005,6100,15231,8475,25151,13337,35608,3515,-4755,13337,36962
3/11/2025,1365,6390,13631,1170,6453,9559,2357,10333,20708,2760,8015,2755,1245,1911,12934,710,986,5971,1835,5124,21980,145,4194,8973,1955,3760,2460,395,4415,2332,1365,6390,15778,1170,6453,9689,1880,8278,11030,4318,8540,13049,1245,1911,8834,710,986,2398,1835,5435,22811,145,3733,13044,1955,5270,16234,395,4415,8193,4174,5601,3877,3628,4906,9019,5197,4188,5749,14612,1057,9404,6001,22528,-1647,11874,4735,2663,-1662,2346
3/12/2025,150,4262,-2033,150,6980,-1161,193,7359,5554,150,5542,3370,735,7299,19156,815,6462,8794,710,5974,13962,1008,-273,-5618,675,-460,5210,-235,-1293,-880,150,5702,2950,150,6980,3434,193,6293,5377,-990,4127,1717,735,7299,20627,815,6462,10410,710,6092,10411,2152,-1835,-26256,675,7019,8868,-235,-1764,-28130,8928,2563,8040,4723,6802,4005,10160,4723,6776,20368,4937,13081,4622,12080,-5488,-6223,3704,4257,-5718,-6020
3/13/2025,615,4201,1147,785,3908,1638,235,4958,6232,-165,-780,2778,1149,8375,7579,1670,7394,8307,1126,7733,16214,1600,16820,13293,1812,8372,-1060,1600,17073,2064,615,3030,1360,785,3908,2836,235,3775,3331,1135,3080,-2764,1235,8375,7327,1670,7394,8307,1590,9570,16214,1600,16154,10245,1385,9235,14772,1600,17073,12581,1975,11054,2826,13947,2444,11054,3781,10596,6699,2855,7744,10814,9559,16491,7321,12389,6077,-1024,7116,14304
3/14/2025,935,150,1673,695,-439,-2671,279,-1234,-4654,-190,-959,-2417,2640,5363,1745,2095,4416,7975,679,10839,8681,3135,5832,17831,1309,4552,-1745,3135,3715,20938,935,-653,-4273,695,-3238,-6397,490,-5215,-5970,-780,-2241,-6640,2640,5363,-1827,2095,4416,8988,1670,10839,10332,3135,6377,20923,2275,9274,6525,3135,6717,22082,660,1999,271,1037,785,1999,-920,1037,2884,-437,480,10114,6193,9183,6566,22027,-794,-2978,6566,22580
3/17/2025,-555,66,5244,-528,583,220,-653,1564,5034,-440,-2065,8455,-485,-423,8493,40,-2385,6215,-420,301,4900,-75,-3385,9748,30,1588,5810,-825,-4100,8213,-440,673,8404,-528,583,9108,-653,793,8898,-54,1465,8695,-445,195,10755,-480,-2165,5525,-220,-3360,-3646,-1257,-1753,-19232,-490,-3505,-2340,-825,-3385,-17105,-311,10099,590,4736,88,9889,1156,4736,179,6417,-308,304,-2087,5405,960,11862,1413,10615,960,8606
3/18/2025,4135,6540,16071,3274,6375,16036,3241,6972,13522,4135,6978,12765,3245,8750,45559,6030,14338,26712,2365,7008,34350,2829,15825,2038,2215,5499,11976,2829,13095,1260,4135,6540,15324,3274,6375,15483,3241,6972,13183,4870,8065,12593,3245,8750,45972,6030,15836,35327,2365,7726,39172,2829,15825,26722,2215,7726,39604,2829,15820,27412,3057,6512,550,1875,2374,9068,3210,1425,15041,36463,13320,4705,6244,30578,-2614,-6332,5443,3911,-2634,-1367
3/19/2025,555,4575,2262,400,4533,2027,872,4423,2027,0,3750,4023,1680,6846,4590,960,5687,9015,2185,6051,5755,610,5830,10711,1625,3315,-1264,610,4895,7905,555,4575,3577,400,4533,5143,872,4423,5013,-960,-996,-4605,1680,6846,11336,960,5687,14365,2185,7475,18683,610,4624,17248,1625,6820,16942,610,4895,18247,3240,4274,1200,3977,3115,4039,3134,4082,3083,-746,3142,6222,6213,8199,6467,11982,3280,-103,5102,11142
3/20/2025,2845,6639,13012,2021,7426,10677,2546,7927,9352,3210,4851,11652,1515,2657,5408,1015,6238,9048,2430,8184,5381,2335,5005,-2792,2165,2512,2518,2335,3198,-5108,2845,5886,13113,2021,7426,10926,2546,7919,10926,2930,4460,12584,1515,3809,19030,1015,6238,11047,2430,7010,10441,3678,15203,9123,2165,6572,11527,2335,13173,9900,5367,4865,4114,4865,3282,4865,4531,5880,8634,13977,7123,7927,11514,-211,10765,-4267,12204,8880,10765,-5555
3/21/2025,-455,-1590,-4645,-350,-1590,-5721,-110,-1590,-3393,-500,-2265,-6766,1090,3616,2880,1030,2102,-1460,1053,228,-1926,1606,1256,-5969,1108,981,456,1606,1256,-7424,-455,6032,-10621,-350,6032,-9881,292,6032,-10056,-75,5938,-3264,1090,3616,7156,1030,2102,9352,525,-1165,10111,1691,-1853,23683,405,-2230,9911,1606,1256,24936,-2534,-5609,-3990,-2784,-1515,-5538,-3370,-4807,6339,6080,3665,3590,1099,-6013,-3474,-6825,1083,244,-3474,-6825
3/24/2025,947,1828,1844,1433,2261,1731,552,2261,1844,1180,1969,-2173,3471,907,-3298,2156,1627,347,1756,1810,4507,1791,4032,-874,1626,-653,-1598,1351,3218,788,947,1969,-3325,1433,1628,-3325,552,1628,-3325,919,1770,-3800,3471,3154,3413,2156,3292,8748,1756,3199,12062,2541,4032,30652,1626,3199,12062,2541,4032,30652,3258,1368,3258,0,3258,1368,2172,0,-2453,-3303,-1505,1944,-349,4217,3472,3191,1136,-5640,3242,5373
3/25/2025,-50,3758,5468,850,3405,2197,33,2513,5143,-585,3584,2990,-135,1564,5859,-1200,1532,-445,1225,42,5345,150,-6333,-2883,785,3265,687,-995,-4316,-4381,-50,4200,1864,850,3405,2205,240,2970,2152,-1155,260,6433,20,1564,10156,-940,1722,2742,1225,42,11842,-2006,-9103,-2668,940,42,11220,-1220,-9103,-2668,3445,-1841,4361,1413,2620,-1841,3991,1413,1564,2356,1316,-1055,2192,2158,-2165,-6942,1876,-124,-2165,-7187
3/26/2025,1515,829,3809,820,1858,5366,380,1869,798,1465,1660,6557,180,-3745,-6765,1425,2913,201,1045,1122,-6910,1556,-4984,-3472,1449,-2335,-4485,1761,-3691,-5943,1515,1257,4119,820,1858,5366,380,2317,2322,925,1292,788,180,-1116,-15455,1425,2913,3761,2170,3361,-1316,1324,2340,-19358,2185,3021,-807,1761,2149,-18384,1382,4053,1687,5829,1998,4020,2462,5829,1139,-6255,5986,5729,4864,-1699,9022,13069,2092,-4375,9022,15309
3/27/2025,2677,2509,10399,340,2345,3482,1466,1774,10399,1040,2130,1843,1586,4952,15400,2090,5677,10701,1112,6253,16205,1195,3584,3642,2106,4930,215,1675,3920,4658,1040,2465,6192,720,2345,4512,720,1355,4512,775,2570,1755,1555,4427,17027,1150,5577,16618,1705,6286,14126,2451,11800,-353,1660,5635,16070,1450,10095,-1547,9809,-931,4867,-4213,5054,-931,3077,-4213,2905,12945,4688,1371,8076,17876,2164,2315,3579,516,2164,9660
3/28/2025,480,2238,5895,1681,2963,5430,1338,2771,5939,1765,810,5553,1145,2656,-6615,1125,11321,7579,2037,11206,-7476,0,5850,-2207,1942,1363,-4500,3120,1322,-2951,1765,2200,6130,1681,2963,5199,1636,3023,7025,1675,-295,6475,2045,6180,-4987,1175,11321,14855,2037,12632,18626,3125,8170,4414,2122,12011,21039,3120,8171,5493,3611,1434,4449,2346,4177,2772,1686,1640,1340,-6705,9560,14821,10352,11132,17346,26456,1654,-1513,16946,35836
3/31/2025,145,-2327,-5975,15,-3464,-5725,15,-4423,-5980,-350,-2165,-6400,25,-2487,-6780,-60,-1757,-5742,-1031,-2539,-6531,573,1144,-5604,-417,-2115,-4730,523,2001,-6483,145,-2020,-7537,15,-1975,-6100,15,-2010,-4385,-1360,-2205,-4360,25,-4240,-2605,-60,-1630,-19835,-300,-1870,-15695,-196,1144,947,195,-1860,-22026,523,1254,1673,-199,-5324,-1606,-1903,2201,-1851,-706,-1903,-4173,-6945,-1894,-6977,-4520,-7247,-520,-5070,-2341,-3837,-525,-6703
4/1/2025,2175,911,8959,2785,1633,10301,1814,707,7372,1405,451,4848,695,3334,5855,2075,101,4123,1395,-701,7433,185,-4292,-2718,1305,-505,-20,185,-3127,-911,2680,1658,6490,2785,1633,8061,1785,1468,7846,1280,3750,6767,695,4075,9900,2075,101,5710,1395,-1815,3687,185,-12740,-22841,1305,-2030,4385,185,-9925,-21655,2986,276,2983,6117,3759,276,2635,6162,169,796,280,-587,1554,186,-3050,2197,-1415,-501,-3050,2197
4/2/2025,755,1620,10810,1690,2840,10543,1753,1550,10671,1155,1620,10386,875,-2050,2356,1660,-2285,-5038,1690,-3440,-4550,1220,-605,7600,1215,-35,-4695,1405,-915,14250,755,1620,10704,1690,2840,9894,1621,1550,10076,1700,1355,11743,965,1310,6301,1660,575,3318,1690,3475,14063,1410,-287,7143,1215,2645,10860,1405,-610,5643,4471,7913,4910,9587,3866,7898,4345,9782,-2313,-2145,165,548,3707,-3759,1190,4645,-2653,-5770,935,15618
4/3/2025,580,294,6877,120,1535,5422,-135,-1237,1788,835,2954,5057,-70,-315,-178,130,99,8440,-502,-305,5786,1370,-1819,20030,215,775,2964,1305,-730,15629,580,1670,6877,120,1535,5815,65,118,2370,380,530,-214,-70,57,-1306,130,679,6452,-45,422,6378,1370,-2146,12512,215,-1290,4705,1305,-1385,11740,-598,3231,525,712,1224,3432,481,9825,-618,-5374,1818,474,1077,-158,1511,7178,-2418,6289,1511,5238
4/4/2025,565,3295,10414,565,3624,6866,290,3590,7747,1640,4667,9761,1675,5230,13893,2040,3105,14480,2280,6669,21127,2060,8286,20704,2070,5255,8388,2045,7826,19534,565,3295,10414,565,3624,6866,635,3039,5716,1435,4817,12235,1675,5230,14034,2040,3105,14480,2280,6669,21127,1688,7037,19397,2070,5639,16835,2045,7826,19534,3719,26581,3692,22021,4159,10434,2985,26333,6567,16039,7300,15349,10652,24078,7593,17124,8660,6790,7528,17114
4/7/2025,775,4015,6444,1525,3764,8722,3479,4524,7039,1810,2730,3278,790,5215,10403,1715,7050,12045,1100,5610,7515,1170,5810,6475,940,4315,3985,1160,5210,5915,775,4015,6444,1525,3764,5496,1828,2773,6549,-645,995,-2470,790,5215,11530,1715,7050,12045,1100,5610,7515,1170,5810,6475,940,4315,6010,1160,5210,5915,2435,2284,2734,1537,3439,2322,4370,6190,2670,8277,4480,10515,5120,5974,5320,6109,3985,3490,4900,6099
4/8/2025,1700,5500,11363,1410,4719,11355,-610,3287,12705,5065,8153,14709,145,365,-5636,30,2505,2515,1585,5009,1732,605,2520,-4243,2350,3959,-431,590,2505,-5788,1700,5500,11363,1410,4719,11355,-685,2530,14316,4945,6125,13752,145,365,-6411,30,2505,2515,1585,5009,1752,605,2520,9181,2350,3959,-535,590,2505,1925,3644,5507,4230,6389,3915,4020,10110,21734,735,-6724,2280,-1775,4710,-5873,1695,-6905,3535,375,1690,-6905
4/9/2025,1550,1909,3861,1155,2505,4692,715,1049,5108,1300,3610,32,1137,2619,4826,2262,6880,10625,2990,7543,11062,1747,6565,27282,3115,4605,3331,2035,6555,29978,1550,3390,3126,1155,2895,2893,715,2530,5128,1535,4335,7271,1137,2619,4826,2262,6880,10625,2990,7543,11062,1747,6565,30276,3115,5310,180790,2035,6555,31179,3818,3434,3128,2439,2953,2321,5163,5154,2220,4323,6074,11843,4902,12191,6243,200202,3702,4551,5948,199492
4/10/2025,2025,4595,-998,2280,3868,1646,1693,3922,8388,988,3780,1838,1825,3645,1153,570,3562,13321,1670,6075,-43,1855,2720,13626,2180,5815,1865,1845,2710,12821,2025,4595,-3005,2280,3868,-304,1693,3900,596,1153,1136,81,1825,3645,5754,570,3562,9751,1670,6075,8676,1855,2720,13626,2180,5820,9972,1845,2710,12821,5220,4004,5390,4151,8260,5013,6618,10720,3238,3740,4490,7141,7448,13011,10555,8532,3835,1266,10545,8522
4/11/2025,470,1603,6618,678,549,879,913,-1347,5891,338,-507,2124,1533,4041,11401,1075,3013,21942,1405,2866,20945,2170,8144,32131,1620,1885,973,2140,7335,33786,470,1603,8500,678,549,5925,913,-864,4703,-1510,-4257,2442,1533,4041,11167,1075,3013,21942,1405,2866,20945,2170,7967,32292,1620,805,11995,2140,7335,34220,-1060,6464,1012,6834,813,6025,-1625,3429,2190,967,3705,6551,2557,7602,6035,16669,1398,899,6070,18933
4/14/2025,1580,7070,13928,1095,3801,7671,2546,2762,13803,2005,4507,12061,1295,314,1611,2935,2832,5926,3760,4627,355,1265,-43,-3431,3235,-646,2180,1265,5181,-5069,1580,4300,13397,1095,3801,5294,1264,1667,1057,2075,3602,9409,1295,1949,2453,2935,2832,4649,3760,5528,-2621,1265,-6063,-27004,3235,4543,1695,1265,-5020,-25164,2551,4612,2218,6838,1585,1008,1871,11616,2197,8941,3040,11854,3120,6579,-2858,1084,2904,3652,-3008,-1186
4/15/2025,1135,2515,-14,1460,3183,-2711,370,354,-3503,1135,2599,-1133,2970,5718,7478,3134,455,-1288,3365,5273,5998,185,1615,-3642,3150,-633,1386,2465,-2116,-5191,1135,2599,-1271,1460,3183,-3290,370,267,-5225,1825,2440,-1293,2970,5977,6602,3134,-270,-3593,3365,5273,2419,3064,1615,-38022,3150,4943,1039,2465,1610,-29600,2125,1014,1876,-4092,2987,3776,2366,2919,4277,4882,1237,-1597,2665,-1361,679,-1806,-989,1010,-4687,-998
4/16/2025,730,1194,2267,-390,1485,-1185,-475,1284,-4289,-160,2070,4351,-200,2820,-4989,375,3618,8931,-356,2304,5863,975,4673,5411,-617,1325,2494,970,4606,5355,-160,1665,1514,-390,1485,1428,-475,1755,1103,-910,-205,701,-200,2820,2933,375,3618,8931,-100,2400,8298,-68,2914,21689,-110,865,6911,970,4722,22521,429,1786,1191,4122,210,1786,1333,4122,1309,-6805,2760,6408,4453,-5936,2720,2766,2001,-107,2715,3061
4/17/2025,300,2539,3719,300,895,12925,916,3778,13165,415,515,4166,960,7149,13345,1225,4294,8682,3146,6485,17382,1181,1396,15257,3136,8393,2212,1181,384,15499,300,515,3719,300,895,3887,425,1763,2068,410,465,1378,960,4470,13193,1225,4294,7938,3146,6485,16210,1181,1525,17005,3136,9172,14588,1181,1465,17005,4095,9207,2800,7301,4863,9207,4247,7216,1025,1168,220,-4431,2070,5461,-1637,9837,5261,7470,-1887,9837
4/21/2025,1960,2277,11696,1950,8304,3448,8117,4199,12178,2110,5424,3693,-95,485,-4471,1455,4908,4454,595,8133,17035,650,12052,-3040,1295,6468,-3610,645,11652,-4012,1960,4097,6151,1950,4164,4081,1305,3913,6197,1510,3922,3936,-95,485,-233,1455,4908,-110,1095,6595,10530,1107,10638,3606,940,4710,5795,645,11652,6382,3690,10711,4539,12265,3922,12252,3143,12803,-113,908,-736,-1325,2218,9592,14604,9765,1401,3812,14599,9765
4/22/2025,1590,4135,8628,805,3580,2539,700,3490,4730,1624,2752,5335,1905,1633,8419,2490,4952,8147,1190,4532,11104,2720,1605,12703,2175,1873,2587,2715,2605,13540,1590,4135,3759,805,3580,5255,700,3490,6021,1504,1045,3965,1905,4607,14125,2490,4952,8147,1190,4491,16391,2720,709,9665,2175,4486,13991,2715,1605,12008,13566,4418,2044,3596,2890,4758,1064,3596,2376,5595,1664,6935,13453,10313,2185,11036,11506,5916,2185,11036
4/23/2025,770,-419,-651,945,1711,664,1005,1065,-763,1380,1236,1467,3310,4678,-4453,2380,1768,2073,2825,2910,-7431,735,1000,-4713,3285,12,1157,735,865,-7485,770,131,-651,945,1711,1082,1005,1441,613,890,362,4676,3310,4678,4832,2380,1768,4027,2825,3593,9544,735,11,-8328,3285,1907,7111,735,1000,-7091,2997,955,2400,1419,2752,2026,5510,1419,3802,-2567,4386,3878,4859,-3372,4026,-6777,-354,-417,4026,-7483
4/24/2025,-145,2489,962,-500,440,962,-788,2489,962,-95,440,2001,845,105,-5401,1835,-1165,-3517,3230,-1030,-6038,1870,3566,521,2885,-2200,-3071,1870,1119,2163,-145,440,2897,-500,440,2897,-485,440,2897,75,675,-143,845,1329,-8192,1835,1446,3588,3230,1809,-277,2047,3917,10347,2885,1414,-1322,1870,3847,9782,1350,4459,1455,4459,1,4459,1672,4459,-1720,-3995,1286,-3812,236,-7493,1630,330,185,-4900,1630,705
4/25/2025,295,-4058,-5408,132,321,-5408,14,-3564,-5408,295,-1020,551,520,-2141,1962,430,1500,1154,1535,1322,-946,2095,-240,8591,1570,-1724,-4635,1995,-240,11769,295,-2210,-5019,132,-2595,-2674,111,-5545,-2674,274,-4820,-470,520,2634,1032,430,1500,6437,1535,3875,4360,1354,-1029,10021,1570,1580,4353,1995,-240,11148,2594,444,3696,5547,2528,444,-935,5547,-973,-638,2705,11260,3822,13604,-130,19917,-1733,-1024,-705,27235
4/28/2025,-565,-1425,-2303,-555,-1425,-6248,-1080,-2455,-1074,-565,-1425,-5381,-1295,-4005,1988,-1455,-3670,1811,-1525,-4190,1600,-385,-2772,13904,-345,-1654,3795,-385,-986,8731,-565,-1425,-7998,-555,-1425,-7156,-1080,-2455,-6087,-1020,-3350,2059,-1295,-5170,-2979,-2440,-5970,-8930,-1605,-6865,-10924,-385,-3455,5955,-2070,-7265,-10940,-385,-5827,-4675,3160,6357,3134,6576,3281,8431,3234,6826,-2608,2261,-2360,6251,-3757,-1272,467,7300,-1465,5814,-1909,21068
4/29/2025,-1205,2782,-1361,745,480,-2914,1316,2782,-1965,-895,-115,-3330,30,2483,11213,-245,-2081,-2038,1163,-598,-3074,145,-2608,-2206,1108,-647,1205,45,1005,-4176,-500,480,-7505,745,480,-3592,1316,480,-1602,-575,-3725,-6002,30,1958,13918,-245,-2330,2361,535,-1712,-974,1260,-6349,-1272,480,-1673,106,470,-3910,-1752,1648,-4286,-305,-5580,1310,-3748,260,-5022,4136,7581,1169,-2133,729,-3892,-1785,-3347,380,588,-1785,-4937
4/30/2025,745,176,-4530,1030,987,-4530,661,684,-4530,-200,665,-549,1320,1548,4796,1585,3225,-7205,1260,1731,-6890,1240,7943,9626,1520,2533,-4535,1240,5601,20905,745,1267,682,1030,987,3461,780,1370,3091,-780,1380,1626,1320,3525,20025,1585,4561,18624,1260,3846,25547,1240,7036,24997,1520,3826,24860,1240,8401,23721,1403,849,1336,1897,1522,1947,1526,1281,1604,4127,2636,4190,3531,4173,8634,21492,1,-4460,8629,20005
5/1/2025,-294,2059,845,990,-1805,4105,975,2758,1577,365,736,3486,1275,1662,1869,1568,959,8052,1185,-1552,1960,775,-4165,2930,1190,794,3260,775,-2050,-655,365,-1330,825,990,-1805,4746,975,-1865,4746,1210,1695,-1177,1275,2234,5828,1568,959,1363,1185,-1288,-5626,775,-10803,-22710,1190,-1288,-5350,775,-274,-35460,162,4136,12083,1092,-1218,4136,1150,1092,158,6645,1730,7701,160,2719,-3949,3851,773,6454,-3949,4841
5/2/2025,717,697,5887,335,-340,7896,-151,1351,6075,270,-934,7209,995,2425,-6558,1230,2716,-4630,1210,2853,1955,1420,-2270,-1560,2403,2169,-2177,2483,1475,-2819,270,35,5669,335,-251,7505,-90,625,7620,425,-226,6018,995,3017,-11221,1155,2716,-4336,1210,631,3481,2936,-2394,37406,1645,241,3996,2483,-2270,37406,5371,7032,4285,1798,5371,7032,4232,1798,-3346,-5995,-2989,-2757,-5381,-1716,-4723,-2509,1861,-5995,-4723,-2474
5/5/2025,598,2749,4835,2066,3799,3201,4655,2766,6521,880,2210,4612,1800,2095,4576,1225,3570,1512,3282,-505,728,3510,1790,1277,1855,3266,2916,3850,2990,-1645,905,2749,6931,2066,3799,3027,1977,3494,2958,475,3299,1263,1800,3110,8508,1225,2864,8227,2850,1317,11460,4819,-4022,1495,1970,1317,11460,3850,-3070,-5385,1880,3768,1880,4812,2880,3768,1880,4397,-790,611,4273,5217,6903,1618,6575,-5551,10755,6923,6575,-5584
5/6/2025,384,-1005,4141,-90,-671,5061,1188,1546,4181,-205,-725,4522,3920,7682,21990,2985,11447,35981,4731,12862,39154,1865,10689,1925,6128,2043,2647,1835,8069,3419,-205,-825,7002,-90,-671,5582,535,142,4702,991,515,3890,3920,9470,32752,2985,11690,35981,7325,16019,40246,3428,10724,41471,7490,15899,39668,1835,12294,42288,805,1544,671,931,1540,749,-54,1001,3054,17549,6517,20074,18593,10626,12727,4612,8293,10200,12957,683
5/7/2025,1080,1881,9566,2285,3091,9566,2885,4222,9566,1080,1347,19908,890,4601,13358,2300,6987,20776,2684,3768,22772,1380,2894,12523,905,7413,6619,1380,4902,15548,1080,1569,18591,2285,4276,20718,2885,4933,20867,1750,5809,26347,890,1265,13182,2300,5718,15826,865,4292,17801,1380,2285,24277,905,3777,18496,1380,2884,28485,6024,14210,4402,17296,7151,16520,3980,17296,4138,19175,3572,8231,12103,16386,6110,9250,5184,4130,6105,9210
5/8/2025,885,1220,870,725,-410,-1628,1205,3754,-2275,875,590,-1228,729,1617,9401,1095,-555,-1102,475,-3534,-3423,1305,11523,-3473,251,1256,1949,1275,13040,-3673,885,595,-121,725,-410,-4190,1205,-635,-5302,-85,-639,-4902,950,1617,10096,1095,1306,6615,475,8618,7200,947,11523,-7043,760,8403,7336,1275,11523,-10779,-1620,694,-1450,388,-69,-1883,-1203,-122,2496,6737,1157,-3565,9719,-3333,937,-3969,1640,5569,937,-2768
5/9/2025,3320,3003,-3253,3090,2350,-792,1607,1578,-3253,3465,50,-2665,1200,5090,7347,845,3184,9800,1250,1069,10478,615,-2302,-5695,1240,4758,5417,1516,-3175,-7425,3320,1050,-1939,3090,2350,-1854,1695,397,-1854,3428,-293,-4608,1200,5090,18069,845,3184,13056,1250,381,13140,1516,-1490,-9496,1240,311,14080,1516,-859,-8379,626,-5180,367,-1646,-1113,-5180,-970,-1646,6177,15452,5024,11215,5521,21398,-830,-2208,2181,2888,-120,-7020
5/12/2025,-235,-4460,-4992,-350,-2390,-4424,-975,-2390,-4992,-405,-2440,-5960,-1405,-1410,-6925,-1115,-3315,-7326,925,-4498,-1641,-965,-6465,-2774,-1130,-1658,-3945,-110,-4190,-7128,-405,-2735,-7656,-250,-2345,-10175,-870,-2345,-10175,-1770,-3280,-7667,-755,300,128,-1305,-6560,-6206,925,-2828,-2358,201,-5351,-3079,-105,-2828,-2375,680,-4060,-1833,-1553,-5662,-988,-5662,-2493,-5662,-790,-5662,-2800,-5651,-4495,-7314,-6330,-7479,-5875,-5365,-6330,-5875,-5875,-5640
5/13/2025,2236,7033,4153,3805,7058,4153,2675,6691,4153,2403,6708,9432,2533,3324,285,2079,8195,10467,1694,3867,17920,3965,28,-5413,1279,1081,-4745,3965,-2190,-4419,2603,7033,6344,3805,7058,6344,3245,6691,6344,2940,5355,11958,1200,4485,14001,2079,7770,12736,1694,5524,16347,3965,488,-19966,1279,5469,18009,3965,28,-19966,3412,1753,2506,280,3412,1753,2601,280,3233,2217,9399,5000,13471,10070,10508,-4107,5108,-3940,10508,-4107
5/14/2025,2135,10545,7696,2438,8244,7696,5720,4889,7696,5695,8545,11403,2601,9427,19042,2096,7958,18810,3178,6495,19660,1807,10671,3263,1821,4149,8977,2082,9480,5201,5540,10545,12513,5885,8244,12513,5720,4889,12513,4256,11391,12230,2601,9427,26874,2096,7958,23199,3178,6495,29737,3107,10875,5223,1821,6495,29737,2246,10875,5223,4902,4978,5303,9568,4312,4978,5188,9093,6827,15358,7316,17071,8988,11966,10580,7808,5499,8343,10580,8013
5/15/2025,1365,150,2785,2125,150,3160,1225,150,4942,2580,755,3586,1765,5501,4424,2220,5353,6574,3569,1920,9110,3105,-2646,-2008,3492,3857,1318,4015,-3835,6866,2870,150,2785,2125,150,3160,1225,150,3145,3785,1262,4619,1765,5368,7806,2220,3685,6909,1730,430,6110,4370,-1143,17072,2175,-230,3849,4015,-2595,18274,1745,3072,2330,2118,3180,3072,2070,2118,3154,5308,-716,6914,3512,5972,-165,-4735,1856,-1966,-165,-6998
5/16/2025,-40,-524,2245,-285,-435,3034,70,-181,2171,-100,-1400,1903,300,-4485,-6789,-845,-3810,-5420,-1220,-4413,-7475,620,-4693,2471,695,-2229,-5795,615,-3553,2658,-40,-435,1903,-285,-435,1903,70,165,3036,-1015,-1000,1990,1465,-7015,-18265,-590,-7820,-14330,435,-5713,-17355,620,-4693,-7515,1610,-5713,-17355,615,-4693,-7515,-127,1317,996,2367,-287,1317,996,2702,-4345,-7172,-4360,-6377,-2723,-3249,-2831,-4100,-6100,-5735,-2831,-4595
5/19/2025,-930,-840,5786,-890,-769,5985,80,-1060,7109,-930,-1419,5260,-920,-1160,-1698,-445,-607,5533,2074,5355,5650,2340,-1832,3021,-319,461,-4665,3075,2657,12398,-930,-465,6822,-890,-685,8703,80,-685,8703,-795,200,6812,-735,340,-1895,-175,-1365,5583,1255,3815,10687,2619,2703,9794,880,3205,9096,2826,804,9004,2444,597,1262,228,1099,597,1694,228,-3415,-5845,890,5297,2376,2090,1635,-3445,-1580,-5845,925,-4460
5/20/2025,2077,3185,13538,321,2758,14423,1992,3769,15273,30,3958,11150,2944,6069,13594,3509,463,9005,3860,7338,9492,4259,3510,-3601,3604,1730,7650,4300,5920,-2016,30,948,13956,321,948,15677,61,2060,16527,-205,-1056,13262,3685,7104,18307,3515,5404,8854,5120,10775,9988,5133,-360,-6545,4130,10775,9582,4600,-260,-4457,6234,14816,7334,11696,7249,14816,6319,11696,1454,11787,-1761,6130,-2439,701,-5460,1035,2562,1834,-5460,107
5/21/2025,1790,-170,-4998,895,-610,-5046,320,1095,-4162,440,-820,-5866,635,1180,-2797,1595,3780,1125,770,3440,-4162,1230,240,2754,1035,2449,-830,1230,1165,1856,1790,-170,-5980,895,-610,-6371,320,-453,-5366,300,-1809,-7798,635,2675,40,1595,3680,-5980,770,2400,-6598,1230,76,8266,1035,2395,-4839,1230,240,8266,351,-6184,1179,-6461,51,-6184,-73,-4991,1680,-4336,1340,2107,-1244,-1875,1785,-1700,1455,-3900,1785,-1700
5/22/2025,990,3015,7747,2062,3846,5693,1671,2776,7747,1730,3722,4138,2085,5538,11341,1995,5498,9564,2287,4710,8333,2173,7236,-4392,2037,5241,1300,3419,6465,-6286,990,3015,5283,2062,3846,5203,1671,2776,5203,2497,3820,10923,2085,5863,15568,1995,6282,11412,2996,5781,3299,3389,7610,-20627,2746,5001,3592,3609,5527,-26551,2461,2112,3773,6456,2461,2112,2283,5806,6344,16273,4917,9658,6197,8029,-1104,-3183,5599,2277,-1104,-3183
5/23/2025,322,2455,629,550,1782,728,523,4509,629,590,1694,1273,1240,-1365,-1154,795,500,-117,1705,-1321,609,-130,-1240,-3982,860,-1913,-4395,1455,-3436,-3406,555,997,-2795,550,1782,-3327,1055,2002,-3327,980,-275,-442,1535,350,-7781,1495,-375,-13097,2035,-4275,-10524,1013,-1397,9741,1830,-4275,-10524,1455,-1240,12023,2425,1337,1489,62,1625,1337,2301,62,-4130,-6035,-4130,-6035,-3431,-6035,5725,-3279,-1345,-6000,5725,-3805
5/26/2025,1040,3195,3689,2095,3731,3689,1610,1765,3689,1110,3195,2147,3290,5201,8412,2920,3156,4756,2060,1801,6755,-640,-6038,-1674,2060,2981,771,70,-3083,-5474,1040,3195,3307,2095,3731,3307,1610,1765,3307,880,2100,3168,3290,5201,8753,2920,3851,5230,2060,3126,4827,70,-2479,-12817,2060,3126,4827,70,-2479,-12817,-2985,-1062,-2985,-2030,-2985,-1062,-2025,-2030,-2105,-573,-3692,-4450,-4568,-2444,-5743,-5810,-1688,891,-5743,-6040
5/27/2025,2495,-158,1652,1715,-1425,670,2480,-158,1652,1050,3054,-2297,-780,-3550,-6035,630,-1805,-880,3348,-2815,-6852,-415,-5430,-2919,-1252,-1189,-3208,-655,4831,-2569,1050,-1425,-301,1715,-1425,-512,2480,-1425,-792,445,-1960,-2187,345,5175,5480,230,4395,7970,3190,3580,11367,-49,-6402,2900,2250,3580,12912,-655,-4325,2900,3283,-3013,-160,-4464,1095,-3013,1250,-4464,-3950,-7280,-5,749,2059,8545,1675,198,-2715,-5445,1675,198
5/28/2025,1230,1982,12117,1605,3952,3067,1367,2234,11902,915,3838,10312,1390,4303,6458,1185,11,12281,2620,-735,-2620,1865,2304,-5014,1650,-1025,-2065,2135,268,-8906,1230,1046,-7629,1605,1122,1584,1367,1062,1579,330,-284,1084,1390,7842,11340,1205,4149,13593,2620,3927,12379,2135,3836,15623,1670,3927,12368,2135,5430,11028,846,5789,5126,4671,2562,5789,6048,6471,6390,3276,1239,3546,5858,106,4022,1839,10417,-2060,4022,1035
5/29/2025,2095,4170,-2787,3573,3608,2745,3107,4029,134,1815,3399,-3500,435,4424,13928,325,6003,9542,1407,7293,11017,1695,674,-2194,1805,1885,569,1695,1529,-3670,2095,3399,-3899,3573,3608,-6375,3356,2748,-5425,420,-1160,-5265,435,4424,13323,325,6003,10875,2080,7321,11578,1695,967,-8675,1805,6421,10913,1695,1529,-6265,1739,-3153,1960,-2573,3736,-3153,775,-2573,3354,16341,4623,17471,7462,15597,1993,5361,5816,1349,1993,5361
5/30/2025,930,3346,12597,865,4260,13872,910,4029,13430,1340,2901,16516,355,1163,748,365,1024,-2656,375,-3282,6603,1000,10154,13393,470,1071,2997,1000,9568,21219,930,3346,16464,865,4260,16245,910,3384,16245,1015,3417,9118,355,2436,3989,-660,41,-5159,375,-1144,1655,635,9424,24247,420,-1444,4038,1000,10334,24563,1059,10291,1324,11747,811,10431,1601,10877,-2242,-5620,-2287,-3461,-941,1761,-769,12642,-1330,4118,-1159,12642
6/2/2025,390,-3490,-6366,-1965,-3530,-5933,-1865,-3490,-6366,-165,-3298,-6500,1095,-1495,-6967,835,-3485,-7070,-246,-4381,-8160,415,1425,14113,1679,-2360,14,590,937,22826,390,-3858,-6216,-1865,-3858,-6216,-1865,-3858,-6216,-690,-3443,-7631,1095,-6480,-20245,835,-5820,-9505,870,-8500,-13209,-40,494,4628,1830,-7755,-12378,590,1425,5605,-1647,-4892,-1505,-4602,-1647,-4892,-1505,-5152,-4050,-8023,-1500,-4326,-4400,-7347,3080,-1230,-1604,-1448,3080,-1230
6/3/2025,2150,1925,-127,800,2398,-88,890,3566,-127,1710,2085,-1938,930,674,-4648,3274,3121,5587,927,3556,5051,360,2735,7929,1977,850,-4625,375,1065,11614,2150,1925,4052,800,2398,2388,890,2400,2388,2180,1435,3469,930,4487,2938,3274,4459,5291,2497,5082,4911,2171,4155,27661,2892,5082,4032,-195,2415,28939,3294,4740,3290,-3084,3294,4740,3615,-3084,-1665,-7495,1526,9689,1652,6905,3070,10271,-1875,-5770,3070,18041
6/4/2025,3045,3425,2738,1350,3425,2854,3119,3325,2738,3030,3425,302,873,3696,17640,1700,8630,11946,1710,1494,15658,320,10339,1975,1775,2160,6312,320,8439,3032,3045,3425,540,1350,3425,427,3119,3325,427,2630,410,6460,873,3729,24939,1700,8630,14571,1710,125,19555,320,10227,23419,1775,125,19761,320,10339,23597,-392,-428,-540,-936,76,-428,540,-936,11257,455,7316,3124,9330,2723,19914,-1858,5020,-181,19914,-2017
6/5/2025,98,-765,-5832,-135,-270,5341,710,349,-5832,785,1076,-4879,-115,6658,6036,125,7617,2437,510,12193,-7455,355,575,14724,145,-464,3333,260,190,16615,510,-765,-9292,-135,-270,-5826,710,-855,-8971,-640,-4213,-8381,-115,6562,5186,125,7617,1556,510,12142,3698,-228,1812,1570,145,5645,-674,215,2385,4095,1587,-5075,2105,-3820,1475,-6206,34,-3035,10005,3459,7980,6736,12721,10852,7647,1998,2735,3335,7632,8762
6/6/2025,1845,4801,4096,2115,4532,3352,2880,4393,2369,1982,5038,3352,413,1036,7482,2030,-1170,7531,1734,6,-1146,1800,-4114,-4762,1049,-384,4314,2940,-2084,-7273,1845,5038,5578,2115,4532,4834,2880,4227,2812,1342,3142,10902,413,1283,12494,2030,-1170,7393,1859,6,2333,3076,-7345,-15538,1474,6,-237,3340,-7443,-17714,1734,4144,55,-1065,2835,4144,-1010,-1065,6301,21733,2711,17309,715,10466,-5525,-4372,4754,17879,-5525,-4635
6/9/2025,3082,4285,2044,2715,4250,516,2825,4470,2044,2040,2814,767,3007,973,8897,3065,13,-3733,2710,-1242,-5822,2245,4531,-4720,3541,1975,3429,2270,3081,-5114,2130,4285,3584,2715,4250,727,2580,4470,727,3003,3365,6413,3325,973,9496,3065,13,-6258,2710,-1170,-5736,2851,4531,-39970,3150,-1170,-5294,2270,4531,-39970,3794,-2822,-1975,-1680,2412,-2822,-1025,-1680,12220,14966,2461,-4340,1102,-5834,-468,-6860,7345,6498,-468,-6860
6/10/2025,1935,-375,1635,1795,568,-336,1705,783,1635,1740,2374,1640,2705,9729,11001,1815,6745,14648,3480,6520,16192,2505,7545,11267,3025,3645,8405,2290,7545,8434,1935,640,-1998,1795,-990,-635,1670,-980,-635,1185,-755,-4190,2705,9339,12075,2025,7240,14648,3480,6695,17549,2685,7545,17264,3025,6695,17549,2685,7545,17264,591,-704,719,241,130,-704,525,241,5471,10718,5854,12577,7484,18109,7488,12552,4064,10402,7488,13965
6/11/2025,1100,86,1226,1094,290,580,-489,1440,1655,55,-660,-973,1131,2641,122,2172,3343,5926,845,5772,-7445,2560,-3017,-5260,175,2515,-3108,2555,-1438,-5104,1100,-660,336,1094,290,1824,-90,1440,2430,-2065,-3425,-11532,1131,2884,383,2172,3343,5926,845,5772,-7956,2560,707,9193,175,3236,-7960,2555,1065,9525,1016,-3608,3301,-3791,2069,-2789,-439,-3793,5365,-3581,4940,7273,3568,-5484,1810,-396,5385,186,1805,-196
6/12/2025,1505,115,6431,1900,2918,2302,3133,2537,6431,1495,3254,474,1648,1015,3731,405,5333,8734,1460,-961,387,4587,-3385,3547,3348,122,-3138,6145,-1465,-2645,1505,296,4048,1900,2918,786,3133,2719,786,1480,-699,1568,1648,677,15894,405,5333,8276,1460,-640,12510,6145,-405,-21582,3348,-640,11410,6145,-3385,-21582,545,-1983,-911,-1784,545,-1983,-911,-1784,1154,8126,-3480,-3695,7872,827,6990,2454,4517,-47,6990,2584
6/13/2025,2285,1809,-5165,2147,1353,1251,4732,702,-2343,1966,1708,-1552,505,-650,-2055,2120,-3485,-3623,2300,3619,66,1925,6811,246,2210,2720,1318,1925,7606,14089,2285,1809,-4510,2147,1347,-2225,1097,1290,-2444,2951,2352,-376,635,338,-3770,2170,200,-5267,2300,2820,-5416,1925,6712,15552,2210,3090,-6940,1925,7606,15147,1090,-444,1090,-1806,1090,-444,1090,-1806,711,-5632,2539,-5569,2510,-6209,2093,7016,5145,6097,2230,6226
6/16/2025,616,3030,-1324,1439,2284,-784,2722,4265,-1795,652,987,662,1730,3198,-3080,1925,2027,-5673,1670,2889,-7412,1430,-188,2505,1690,2843,278,1489,1180,2870,616,2057,1808,1439,2284,3372,1350,2632,4252,686,1041,3613,1730,1190,-12878,1925,2437,-16979,1670,-633,-25220,1689,5291,-35650,1690,-633,-30189,1689,82,-40134,5520,3221,5520,5770,5169,3221,5407,5770,1703,-883,2844,-3110,8548,-2952,14735,757,2684,1697,14735,2517
6/17/2025,-125,-840,-5935,-785,-840,-5935,-625,-840,-5935,-125,475,-5895,120,-2349,-6803,413,-1974,-7325,1393,-3662,-7500,2080,-1292,-5375,1255,-1643,-4825,2080,-2322,-5415,-125,-840,-7870,-785,-840,-7870,-625,-840,-7870,-1155,-3140,-8580,120,365,-3929,436,920,-8185,1350,1065,-9075,3538,-1964,-49725,1255,1065,-9075,2080,-1115,-49725,-497,-6024,-360,-4809,-497,-6024,-360,-4809,-4000,-7255,3278,-7423,-6495,-7489,-6500,-6990,-3212,-4490,-6500,-7125
6/18/2025,1095,2862,620,635,2499,708,1130,2754,743,750,1610,1738,2105,2002,334,905,392,-6211,2312,4369,-8755,1651,3427,9363,871,2475,5036,1611,2625,9875,1095,2862,1031,635,2499,1031,1130,3127,816,95,1736,-5634,610,2409,3,905,2452,-3941,585,3779,-10353,2549,3087,10219,490,2090,-6830,1611,2022,10741,1033,3588,1005,4734,1645,5399,2292,7904,7144,2239,16,-1223,10256,-4203,874,18655,4344,4221,874,18655
6/19/2025,520,-40,-1830,525,-40,-1830,-40,-40,-1830,520,-840,-4590,3895,7030,7598,4930,6401,5758,4780,4811,9169,4960,4351,805,5005,2572,576,4960,5737,2253,520,-40,-4590,525,-40,-4590,-40,-40,-4590,380,-1595,-4590,3895,7030,8554,4930,7879,10529,4780,7684,15079,4960,6439,35797,5005,7684,12266,4960,6439,32984,-1435,-2710,-1250,-5810,-1250,-2710,-1435,-5810,3905,10165,6185,-644,1505,2288,-1055,-5220,985,1910,-1055,-5220
6/20/2025,1281,1922,-3550,2000,2250,-3837,613,942,-3965,1075,670,-4382,2075,6706,7213,1215,6071,4311,2520,10202,3682,2345,5824,-4512,2140,3646,-4345,2345,-1342,-6281,1585,2400,-9319,2000,2250,-7660,741,1938,-10050,-679,-2367,-9656,2075,8389,10130,1215,6951,15338,2520,11201,7815,2345,8619,14719,2140,9314,7144,2345,9184,17847,2268,-4444,1019,-4076,2370,-6201,1474,-3154,10034,11144,8898,8824,13815,8251,16011,-4154,13915,-4115,16011,-6968
6/23/2025,1028,110,1218,788,3,2679,1053,60,2116,578,173,2477,120,4391,6312,-55,4361,9492,216,4407,3739,-825,4970,5757,290,1788,303,-825,4662,6122,1028,173,2165,788,3,3048,1053,123,3048,733,-725,2158,120,4391,6630,-55,4361,10525,400,4837,8560,-1009,4105,29908,-185,4632,9150,-825,4970,30881,1132,1812,2405,2540,1072,1812,285,2540,3173,6175,3765,7320,5355,9292,4865,10064,569,2279,4865,6540
6/24/2025,1495,1572,3420,1840,2536,5357,1662,1646,3967,2166,2211,6057,900,-3535,-6990,465,-3998,-6613,1308,-2451,-5718,1560,3401,-1748,3190,-2345,-1871,1560,633,-2498,1495,2798,7265,1840,2536,7265,1662,2315,6972,2968,3191,9121,1365,-5720,-12834,480,-1130,-4538,1935,7475,-1237,1554,1368,3837,4075,7475,-2555,1560,3401,3837,3320,684,2941,2624,3386,684,3070,2624,-3650,-7410,-4375,-5475,4246,-6813,44,-1625,-2774,-5180,44,-1625
6/25/2025,-715,2502,1671,570,3858,3474,1787,5890,3406,200,-615,4096,845,-3585,-5675,1456,-3585,-5223,900,1932,-6055,-1225,-6490,-4453,725,-2425,-4230,-970,-4130,-8355,200,3185,2270,1437,4981,4269,1657,5068,5787,-420,1178,6924,795,1028,-3336,1456,556,-9680,900,1932,-10569,2899,-15084,-34116,725,1932,-10490,-49,-18660,-40619,1969,868,454,1919,1244,868,263,1919,-530,-5647,1057,-5925,4944,-5647,-3740,-5994,-747,-4100,-3740,-5920
6/26/2025,-1096,-2229,-1776,367,-1765,-1458,26,-2229,-1776,40,-1026,-1063,295,-3995,-6255,480,-3165,-5605,645,-4195,-5848,380,-2415,7985,-50,-2930,-4955,465,-254,11818,65,-1765,-2952,367,-1765,-989,332,-1765,-989,-383,-1555,-4631,295,-8145,-21375,480,-5945,-9310,645,-6460,-11535,-1358,-2774,38068,175,-6465,-11535,580,-2415,41041,593,-2354,1529,-2712,593,-2354,1569,-2712,-4443,-7450,-4470,-7295,-6053,-4893,4744,9069,-6385,-5990,4744,10897
6/27/2025,2171,4801,2935,633,3984,5234,-925,2433,2605,605,4582,7146,-775,-2715,-1106,-485,-3855,-5542,2276,-3705,-2584,550,-4103,-4738,2746,-2000,1182,760,1183,-5241,555,4801,7978,633,3984,8049,-925,2658,8044,-55,4799,4146,-775,-2965,892,-390,-6665,-12726,295,-7595,-12076,2888,3355,-54835,600,-7960,-10439,760,-945,-56587,7095,14407,6910,14407,6910,14407,5535,12532,1238,8170,-446,1700,-218,2683,-5125,-3668,4268,2414,-5125,-4003
6/30/2025,260,260,-2647,250,240,-3120,175,80,-2919,-114,1152,-6798,1700,1843,-5562,1030,2418,-4751,1162,1669,-7452,1342,-1043,-5813,1122,-2171,1276,1342,4876,-2341,260,260,-7060,250,240,-5132,175,80,-7517,-462,0,-4507,1700,1862,3521,1030,1201,2813,1162,2704,-3738,1342,4633,-22955,1122,2704,-3738,1342,4633,-22955,-236,-3485,505,-3805,-246,-3485,1854,-3805,1666,-4993,-2355,-6897,1159,-8879,1024,-7237,6800,-1022,1024,-5711
7/1/2025,2433,3643,7147,3284,3776,8827,3055,2453,8667,2001,3600,9402,1633,6074,13097,1935,6734,9351,738,4693,15246,2720,2140,3110,478,2883,1233,2720,2140,4930,2433,4435,7342,3284,3776,9969,3466,4059,9714,2395,2970,8639,1930,9041,26105,1935,7334,15890,1035,6639,17922,2767,141,20125,1035,6639,19520,2720,2140,19940,6779,13936,7416,14204,6606,13936,7416,11449,5959,19721,3669,12925,5633,9915,-234,-88,2778,3664,-234,-984
7/2/2025,1875,62,-602,3967,42,-602,2700,-667,-602,655,87,2134,-1745,-2974,-6990,-415,590,-3815,-1745,-3470,-2221,140,3185,-4705,-1160,-2125,-4705,570,365,-4618,1875,62,2474,3967,42,2474,3894,7,2474,240,42,2474,-101,5377,-7451,-85,1204,6012,1013,4849,4062,-2222,9154,9127,335,4849,4629,665,12025,11665,-1028,1834,-845,255,-1028,1834,-845,255,-3400,-5625,-1170,-1460,-397,-6845,3235,-4685,-3001,-5755,3235,-4685
7/3/2025,855,350,2966,1230,845,2966,1895,845,2966,1400,350,3112,400,-210,-4508,830,860,1250,2767,-644,-2609,740,2017,-2395,814,1015,-4745,690,2017,-2395,855,350,3112,1230,845,3112,1895,845,3112,1410,845,3112,400,-210,-420,490,1020,1140,2000,-1805,-3049,690,974,-2395,1525,-1805,-2545,690,2017,-2395,3120,4355,3120,4355,3230,4355,3120,4355,-1067,-5070,2605,-2085,1737,-5223,-990,-1980,-1978,-4175,-990,-1980
7/4/2025,1200,135,480,1265,1128,480,520,1128,480,675,150,-2745,840,100,-1575,2015,-1170,-3080,1200,-2010,-3845,980,-3920,-3135,1100,790,-2230,880,-1725,-5350,1200,135,-2745,1265,1128,-2745,520,1128,-2745,-80,735,-3295,840,100,-2130,700,-1170,-4400,1200,-2010,-3605,730,-4155,-18077,1100,-2010,-3605,730,-4155,-19350,-1075,-1880,-1075,-1880,-2015,-1880,-1075,-1880,330,-2470,-2230,-6065,-1830,-2730,-6200,-6720,1560,-2230,-6200,-6525
7/7/2025,170,-155,202,280,-290,1460,-580,-1067,362,-215,-414,440,4505,2335,-3864,4245,7700,15698,4610,8761,-2347,5290,23863,27911,4480,5049,-3156,5290,18967,13210,170,-155,-2433,280,-290,-940,-580,-290,-940,-3025,-5190,-9140,4505,2335,-291,4245,9148,17110,4610,8950,13959,5290,23288,70802,4480,8950,15588,5290,23863,71883,505,-6130,1723,-1928,505,-6130,1010,-1928,3320,-5240,8073,16451,5470,19918,22697,20626,3611,994,22697,20628
7/8/2025,1485,399,-1272,2202,1159,-3971,1079,878,-3076,930,-303,-5863,2920,2460,6941,4830,3335,5743,2485,5919,13453,6490,1667,-5638,2135,3257,2872,6490,2787,-6003,1485,399,-720,2202,1924,-4517,1079,-46,-3622,1050,559,-3165,2920,2460,22021,4830,3315,5794,2485,5919,12912,6490,1667,-8744,2135,6244,13724,6490,2787,-8744,385,-3717,1203,-3604,163,-3717,1676,-3604,5253,5280,-2994,3895,2736,8099,-1098,-359,6122,1768,-1098,-815
7/9/2025,1165,535,2255,1445,535,3314,-525,535,2255,635,945,3275,645,-4285,-6117,345,-3470,-4955,-465,-3827,-6065,250,-5842,-5670,405,-1535,1168,390,-2000,-7365,1175,535,2938,1445,535,3666,-575,535,3666,745,315,673,645,-8325,-11579,350,-6120,-8740,-465,-5900,-9594,1047,-6363,-12537,405,-5900,-13762,390,-7930,-12379,795,6420,1015,5514,1024,5562,540,5617,-3460,-4481,-1030,-89,-5164,-1953,-2845,-3135,-1227,6168,-2845,-3790
7/10/2025,-473,3471,4895,5,1638,3479,775,3471,4895,-380,1106,2336,6450,6640,2738,2340,-2023,-7495,1275,-2663,-6442,2585,-4385,-4086,1969,-490,-2571,2405,-1066,-7310,-380,1638,319,-545,1638,14,-545,1638,14,195,693,-748,6450,9485,13700,2340,2505,-4715,1645,4485,-2496,2368,-12007,-10111,2220,4485,-5660,2555,-13175,-13379,4962,1287,6330,-729,4534,1287,7819,-729,-2515,-4443,-4150,-5861,-5428,-6000,-3727,-5674,-4365,-2718,-3727,-5674
7/11/2025,1728,2773,-2156,1630,2537,408,875,3284,-1156,510,1725,-1061,2236,154,5842,511,-734,-1706,866,-3514,-5291,1852,2996,-3827,1803,-561,435,2223,2996,-2635,665,2773,-1827,117,3467,-5871,300,4165,-4871,1060,1780,-3158,270,-672,16210,576,-1156,1396,500,-2459,-552,2549,3191,-2448,-715,-2459,132,2223,2996,-3203,2912,-766,1345,1570,2988,-766,4185,1570,10672,450,4977,-5194,4321,-6948,8124,-1345,6888,666,8124,-2157
7/14/2025,1576,1535,-1923,1350,3048,1370,261,1780,2857,2583,1876,620,940,-3633,-5180,945,155,-2707,916,-1139,1563,-770,-485,2571,733,-2025,-4715,846,-485,5481,2625,3406,-1532,1350,3048,-326,1037,3543,-173,2133,10,3516,960,-412,-5377,945,355,-2490,955,-1950,3860,1600,-485,-5693,2945,-2010,3860,2845,-485,-4690,158,-4213,1948,-2343,-935,-4213,1100,-2343,-4005,-6755,-2650,-429,-1159,-4830,-1340,-55,-6260,-5050,-1340,-55
7/15/2025,974,2006,-1744,1935,717,-802,2581,1025,-4252,1742,690,-6635,1045,1889,-1898,-98,1510,-3206,2195,3074,2445,837,10414,4574,1240,1103,-113,372,9417,7958,820,1963,-10112,1935,1095,-8628,2018,1537,-9168,1587,-2565,-10815,1045,1889,-4083,127,1926,-959,2195,3074,3289,184,9118,7535,1330,3074,3289,372,10189,7535,2428,-124,3122,675,2428,-124,4361,675,2705,332,1885,1484,5471,2973,2858,2114,3075,-2514,2858,2275
7/16/2025,15,-2819,-816,-1930,-3364,-237,-640,-3204,2261,20,-1846,-1867,170,-1228,-3903,-240,954,4432,750,-666,1267,1075,-145,206,860,-1928,-1608,1075,-145,1701,15,-1279,-2288,-1930,-1614,-584,-640,-1454,-440,-1905,-2704,-4459,170,-1228,-4033,-240,954,4432,750,-666,1688,936,-1556,11079,860,-701,2654,1075,-145,12131,-470,-1973,-742,-2638,-470,-1973,-1366,-2638,-2145,-5790,3795,2750,2898,2569,2469,-908,1098,2142,2469,1007
7/17/2025,1286,3645,5550,3410,3645,6101,3410,4050,5550,3235,2687,6135,762,-3400,-6980,2252,-1450,-423,2671,-4130,-7150,5439,4159,3178,1512,-2565,-3180,5554,3169,2526,3215,3645,8196,3410,3645,9366,3410,4050,9366,2524,4670,7696,857,3237,-8409,2252,1644,6068,1703,6888,-1338,4130,6687,42363,2212,6888,-1338,5675,8705,42784,1760,2245,2132,2597,1412,2245,2147,2597,-2518,-7495,-200,-3810,-198,-6494,5688,100,-2253,-5335,5688,3466
7/18/2025,-570,4678,4493,510,5607,4303,4,4905,4323,-1300,5212,3602,681,9027,6893,726,9377,16500,1671,12791,12285,3280,-3200,-3988,2716,15,1439,3280,-1915,-2697,-570,4669,1288,510,5607,1037,4,4905,685,-1835,4314,4087,1111,9027,14591,230,9571,16500,1525,14152,15150,3280,-6878,-7464,2881,14152,15150,3280,-9960,-11683,3253,-1483,2292,-1680,2306,-1483,2222,-1680,12735,7534,11440,4455,5792,3031,2027,-2030,2529,3379,2027,-2020
7/21/2025,-785,-1555,-3130,-325,-2145,-3155,-1520,-2836,-3155,-790,-2720,-4580,775,-1850,-6893,564,-3705,-6118,210,-4300,-5480,-892,-5200,-3059,-115,480,1241,-1268,-3064,-4700,-785,-1555,-6401,-325,-2145,-6426,-1520,-2836,-6426,-1250,-2185,-5929,905,-1850,-11958,-330,-3905,-19370,355,-4340,-25543,-2767,-3267,-71107,-61,-4340,-25543,-2767,-3267,-71107,-1670,-3908,-1670,-1084,-1670,-3908,-1570,-1084,-1532,-5127,-4250,-6540,-3588,-2690,-2045,6334,258,4824,-2045,1240
7/22/2025,-405,79,705,-245,-1347,-312,108,-1040,-325,-430,-1826,-2139,-20,813,-2541,1050,-1706,-1722,856,-1575,-7270,-70,-1767,-1780,-223,-2295,-4710,-100,-2257,-1391,-405,-1826,149,-245,-1347,702,411,-384,1746,-880,-1210,1310,125,813,-2185,1560,4324,-6296,991,1160,-11334,-100,-853,-20834,751,1160,-11334,-100,-853,-20834,5652,-179,5335,2172,4887,-179,4793,2172,-2854,-221,-3477,-6165,-6261,-7382,-2592,-6000,-4861,-5840,-2592,-6000
7/23/2025,2140,895,-1391,920,1002,-763,920,-1292,-1391,1950,126,-1203,-66,-4422,-6932,-1250,-2192,-3462,-1525,-3202,-7021,1377,-3877,-763,1504,-1207,-3124,1377,-2762,-543,2140,1082,-1391,920,1002,-763,920,-373,-763,1959,1458,449,-66,-675,-11720,-1085,-342,-4592,-1135,-967,-11262,1377,-3877,-22487,1504,-322,-11262,1377,-3877,-22487,-4769,-2215,-3285,-118,-4489,-2215,-2300,-568,-4450,-7443,-4115,-4579,-5902,-5025,-6480,-5040,-6620,-5845,-6480,-3565
7/24/2025,5960,2243,2821,4665,2243,3055,3473,2243,2821,5355,2825,4190,2885,10470,12904,3735,9665,12819,3280,5201,6780,3655,331,-5461,4105,3688,2718,5856,1788,-4955,6060,5733,12834,4665,5733,12908,4990,5733,12908,4915,7567,12776,2885,10765,19303,3735,9665,17121,3415,5201,7402,6299,7400,-15929,4105,5201,8849,5856,7400,-15354,2219,-3825,1792,-2720,-1,-3825,905,-2720,940,7900,3770,2685,2580,2546,-1719,-6330,-480,3139,-1719,-5808
7/25/2025,490,1284,2153,-80,506,1727,465,839,2653,475,-148,1131,1060,-1395,-6057,1630,2995,-5054,2005,5739,11815,-175,-6080,-104,2020,1130,872,-235,-2735,-2563,490,217,1758,-80,506,2258,-1130,436,2258,405,-678,137,1140,221,-940,1630,2010,-6750,2005,6965,12020,1320,-10018,-3934,1375,6965,13347,1320,-15285,-3934,2166,4200,1785,5504,2166,4200,1785,5504,-4455,-7065,790,-588,-5939,-5117,620,-1327,-4288,-5350,620,-1327
7/28/2025,3945,7838,8470,1305,9519,10925,3295,10833,10303,3870,7754,6104,835,7764,6125,1400,6665,15676,5660,12579,20749,-439,3292,-4567,3570,4374,3602,-1075,3292,-4476,3945,7838,9833,1925,9519,11758,3295,10833,11783,1760,2960,12568,1450,12973,23955,-775,6665,15676,4140,12579,21021,-1075,5385,-14789,5915,12579,20370,-1075,3292,-14789,4492,496,4492,-373,4492,496,4297,849,14035,9036,9205,6994,9938,5923,-1785,8520,4220,5332,-1785,8520
7/29/2025,-1095,-1803,-3754,-485,-281,-1071,450,-165,-1522,-670,-143,-1993,-890,-3670,-6771,70,-3043,-6764,-602,-3560,-6134,827,1520,4413,-1010,-2120,-4270,-550,905,9879,-670,-174,-1411,-385,-281,-593,450,517,-161,-530,-1670,-1995,-900,-5125,-28640,-125,-2997,-6903,85,-2805,-9202,-1521,2504,35730,-285,-2805,-5933,155,3929,39354,4607,-542,6471,1968,3451,-2902,2870,1968,-4260,-7445,1010,3737,-3826,-6154,8753,24862,-784,-5780,8753,28176
7/30/2025,1723,980,7126,1595,3420,7126,2462,5190,7537,2068,-670,13466,3195,6060,5930,2495,970,5777,2390,1631,4403,2470,-1908,6846,2215,3810,6360,2650,-2850,5295,1723,980,11377,1735,3420,12131,2570,5190,13306,1680,2032,14171,3195,6080,10213,2445,1506,6406,2390,1906,484,3505,-1908,-26119,2165,1646,1949,3505,-2168,-27752,6384,13001,2462,14328,5809,14806,2570,14718,2784,21284,5950,17260,5177,7792,676,3260,4060,12999,426,-3274
7/31/2025,160,-3081,-4839,240,-3081,-4263,240,-3081,-5779,160,-2045,-5978,-20,-610,-6891,640,3148,6829,2343,2592,-1311,1035,3658,14605,930,1354,-3985,1035,4057,14405,160,-2965,-2329,240,-2965,-1354,240,-2965,-2046,-705,-2300,-261,-20,-610,-11480,640,3148,7878,875,2612,-1357,1035,1545,14257,930,2058,2030,1035,3648,14545,1650,-6329,1740,-4272,1455,-6329,2035,-4272,324,-7424,2948,6429,2508,6943,760,7490,2376,11371,760,6670
8/1/2025,1205,3195,7243,2015,559,8385,1994,1867,8383,1335,2058,6165,1285,4255,26595,2095,6204,23455,2992,7470,22674,2945,9655,13358,2466,5315,17029,2945,8880,13699,1205,2910,7728,2015,855,7042,2969,863,6877,-965,-1427,236,1285,4255,29148,2095,6275,24037,2992,8251,31464,2945,9655,30945,2742,8251,30417,2945,9655,31257,3035,3867,1365,4535,1637,2851,660,3565,6487,29210,5378,26720,9159,26481,8770,13767,8449,8859,8770,13404
8/4/2025,630,565,-4912,836,695,-4912,-354,460,-4912,1257,1024,-2427,1415,3893,3098,680,3127,3165,734,3343,622,1435,2689,3303,333,2571,2054,1385,2383,4705,1287,-2349,-2303,836,-2369,-1970,652,-2454,-1970,1302,421,-3145,1415,4325,957,895,3127,6863,1988,3343,4759,2122,2689,39020,1493,3343,4759,1385,2689,39020,-3304,-5805,-3895,-5805,499,-5805,-2357,-5805,-108,1476,837,7556,677,6785,2455,10520,-1168,-5635,2455,10709
8/5/2025,395,1783,-910,395,2382,-3126,395,3792,-641,395,398,-790,2220,1868,1636,2325,3351,8810,2435,2200,2714,1836,6418,27320,2195,1406,716,1836,5613,20141,395,1862,-4719,395,2382,-1812,395,4057,-3537,-265,-686,-1484,2220,3411,3677,2325,3696,9310,2435,3665,7751,1836,4566,20948,2195,3765,6104,1836,6418,22460,-317,499,421,-3481,2453,-1370,1425,-3013,3997,8417,4618,15864,6288,12626,7689,26303,5074,1895,7689,26303
8/6/2025,1095,454,131,1325,535,-379,794,454,196,880,535,994,1085,-2787,-6622,1180,-3970,-6685,5627,-1294,-7424,2390,110,3009,2813,-2430,-4705,760,110,3288,1095,535,-1211,1325,535,-81,925,535,-81,1130,1690,840,1465,-4735,-17810,1405,-1470,-6040,5627,-4075,-16272,-24,-861,7444,5212,-4075,-15435,760,110,7908,149,141,-185,1718,250,141,405,216,-4470,-7495,-4360,-4463,-6579,-5734,-168,-750,-6540,-5560,-168,-2085
8/7/2025,55,-534,-796,-480,-1635,2645,-1668,-1034,3189,-590,-1054,4656,-870,-4055,-6965,-686,-870,-3785,-355,2897,-6386,105,-557,1160,-255,-1991,-5070,155,-2970,4772,55,-1522,3578,-480,-1278,6756,-930,-665,7856,-2075,-4675,-4350,-870,-2615,-14150,-513,-1990,-7920,-355,1832,-98,155,257,19906,-255,1262,-3560,155,-557,19244,-2349,15545,113,14340,-841,15545,-1202,14340,-930,-6975,-443,-1020,-325,-1279,6479,1577,-53,-4735,6479,745
8/8/2025,1060,-559,-1966,1972,-320,-3687,1808,-487,-3146,1095,581,-3812,3121,6174,5724,2935,4814,1929,3129,9112,3879,3126,9637,2224,2429,5168,-1694,3126,9184,2942,1175,-1499,-4830,1972,-1260,-5820,1808,-1191,-5820,550,2507,-4688,3121,6586,-1233,2935,4865,5041,4305,9216,9602,3126,9590,24194,3160,9216,9602,3126,9590,24295,10,-3562,10,-7470,10,-3562,380,-7470,3052,-4790,3035,1653,5013,3424,5908,3884,3090,2830,5908,4478
8/11/2025,518,2025,4331,1675,1870,4331,1485,2119,4331,1575,1756,980,670,-3037,-6990,1125,-2501,-7345,905,-4057,-7499,165,-2923,-7536,760,-1687,-4046,-320,-504,-8747,1095,2538,1569,1720,1974,1947,1485,2034,1947,1420,3785,5403,670,-3037,-19889,1125,-2501,-16358,905,-3312,-13706,-320,-3023,-12979,760,-3387,-13711,-320,-3023,-12979,-2254,-4209,-1675,-4935,-2254,-4209,2090,-4935,-4439,-7462,-435,-7199,-2324,-7475,-6425,7171,299,-1231,-6425,7521
8/12/2025,265,-4440,-3785,-230,-3234,-3941,-1770,-4332,-5061,170,-2885,-775,-1145,-3960,-5419,1155,-3730,-2757,388,-2610,-4224,2325,-1065,4599,1080,-2255,-1628,1870,-1065,7532,265,-3780,424,-230,-3234,369,-1770,-3234,379,-1245,-3655,-515,-510,-11595,-20691,1155,-4807,-2757,1545,-2160,-5795,1062,-1065,15546,1695,-2160,-4677,2380,-1065,17947,-3568,-738,-2370,885,-4483,-738,-2370,885,-4163,-6223,-1400,-235,-2143,5395,2455,8658,-1958,-894,2455,13285
8/13/2025,-575,49,-5074,500,49,-4475,935,-1050,-5074,-340,49,-6640,5659,5332,-1534,4060,10699,2898,5470,3075,3932,950,5147,-3046,5787,-107,6846,950,5147,-6135,-575,49,-6636,500,49,-6640,935,-1050,-6640,-335,-880,-9085,5659,5332,1973,5190,10699,2323,5326,4306,2598,858,4772,29145,5643,4306,5334,950,5147,27583,1845,1640,3591,1052,1922,1640,2721,1052,3148,-2912,3604,-3085,3454,-956,4260,-1378,1104,2112,4260,-2123
8/14/2025,1397,1649,708,1590,2398,-974,372,2749,708,805,1202,-793,1615,3133,14534,1947,904,-809,1578,2616,6324,3282,1949,-3912,2300,4868,2363,3232,553,-7435,1545,1415,184,1590,2398,-619,372,2749,-619,-200,1312,2272,1615,5364,20468,1947,904,1159,1813,3989,3200,5888,5390,-21466,2891,3989,3222,3445,2391,-24260,-158,1915,-471,937,596,1915,-471,937,8820,3775,1845,-4666,3620,-1872,-3160,-4946,4996,2619,-3160,-5296
8/15/2025,854,-1778,-2695,-455,-2640,-5620,-165,-1853,-2158,990,-793,-6665,3042,5761,8915,1535,2851,18746,3365,6086,17896,2175,5767,3632,3490,6285,5066,2175,5767,13707,1470,-4380,-7317,-455,-4430,-11375,-165,-4455,-10540,-525,-4090,-9500,3042,7171,15746,1535,2851,25548,3365,5972,19005,2175,5757,9351,3490,5972,20885,2175,5767,10222,27,-2195,-134,-3591,856,-395,-1235,-5740,13691,9615,20601,5972,22687,11191,16572,-5565,5534,5634,16572,-5565
8/18/2025,-745,-1528,-1903,-660,-1528,-1903,-659,-648,-1903,-365,-1872,-577,-1480,-1015,-4579,-374,670,-5462,-1230,-1519,-2036,-345,1235,-4440,-960,366,1292,-885,1235,-4320,-745,-1528,-4216,-660,-1528,-4216,-659,-648,-4216,-295,9,-4194,-2585,-1129,-8199,-1265,670,-7182,-1230,-1519,-7474,-885,1045,-9894,-960,-1519,-7474,-885,1235,-13095,-708,-202,-1685,-402,-3645,-202,-725,-402,-3800,-7417,254,-7167,-999,-7396,-4968,-1710,603,-1217,-4968,-1710
8/19/2025,155,-467,-4388,-135,1061,-1002,-1030,-1741,-3875,300,-707,-1961,1100,1908,-5659,420,7062,-4933,3663,4339,-4857,130,5520,7358,2530,3555,-3564,130,3590,8802,155,303,-2633,-135,1061,-1313,-135,1134,-716,-2175,-3980,-2714,1050,2116,-17194,1180,7421,2753,3790,9783,-3738,130,5520,8443,2530,9778,-3032,130,5515,9127,-563,-2833,463,-1570,315,-2848,857,-1720,1642,-7070,6670,8496,1310,1725,12475,18184,-849,-4755,12475,3407
8/20/2025,45,1885,-1215,1125,2860,1862,-623,2860,-793,-610,555,2380,35,2895,-663,-105,5217,-5486,-625,1477,-6656,-70,-34,-5820,-540,-887,-395,140,5235,-7495,45,1885,-1215,1125,2860,71,275,2860,1,-2120,605,-634,35,3206,2088,-105,5348,-4823,-625,1155,1207,-1363,84,-3052,-540,360,-3969,255,381,-556,7138,4110,3089,-3239,4865,1954,4103,2793,7083,5408,6395,-73,7211,-583,11184,-3945,2143,3704,10794,-4325
8/21/2025,155,2999,3784,3075,1436,-82,2857,2421,3784,155,-1874,-1290,1545,6394,5232,-490,6991,8655,245,5275,14035,-295,1238,-5005,315,4128,-649,854,1238,-5825,155,1828,-2532,3075,2581,-1620,3085,2582,-1620,-281,824,580,1545,5706,14043,225,7669,8664,460,3994,17176,646,1634,21361,245,5099,17996,854,1238,22833,737,-1726,-1247,-4218,610,-1726,-2775,-4218,6592,16363,3283,3029,7716,14283,-3055,-4314,3168,-1549,-3055,-6494
8/22/2025,385,11906,5793,1210,6433,6113,1485,4046,4350,-50,1089,4575,1630,645,767,505,4400,3353,905,1963,-3479,707,2573,-740,1091,887,7271,607,2695,-4753,385,6992,11407,1210,7473,10980,1485,4720,11230,585,8072,9305,1630,645,3734,505,4300,3353,905,1963,-3479,557,2573,7320,1091,1573,-3663,557,2573,7320,5605,5095,3765,4294,3765,5095,2848,5399,-640,10442,1685,5157,2730,2309,1965,-2932,2732,3575,1965,-5122
8/25/2025,1325,1233,5432,585,2472,1784,30,2258,4538,1280,1421,192,-485,-4454,-3644,-945,-3890,-6643,1520,-4695,-6931,-293,2669,6615,1987,-1051,6120,47,2669,-5601,1325,1417,916,5,2472,1123,30,2258,1966,915,1377,-1884,-485,-6910,-11574,-995,-6915,-17830,-970,-9050,-12696,147,1537,9934,-1045,-9050,-17022,147,2669,6292,3950,9819,2761,5935,5043,9819,3919,5935,1120,-2351,-1035,-3460,-6026,-1310,-299,11787,2974,5809,-299,11787
8/26/2025,-780,2100,2341,-1370,2319,2387,-1915,1158,4352,-775,-55,1039,1326,5142,-4285,643,2908,-2951,2273,4241,2011,250,1102,11971,2118,1762,3419,150,6396,14359,-780,177,1039,-1370,-173,1024,-1915,-1573,574,-1430,999,8044,1326,5142,-3556,643,3195,1754,1020,2685,5219,-1175,1102,56744,765,2685,5219,150,1102,56744,1806,-1596,1613,-1596,1806,-1596,1543,-1596,-3050,-5394,1395,3488,1845,5750,4325,17027,-2013,-1130,4325,14901
8/27/2025,1868,2369,-3612,3072,2345,-1869,2822,2795,-3612,1960,175,2210,1919,3750,18951,2640,3339,9140,2052,2750,14756,1094,967,-1622,2373,-88,-776,1219,3067,-1170,1935,1970,3175,3072,2345,4541,2822,2970,4541,1770,1260,5067,2765,6327,21179,2640,3725,11397,1935,5545,19467,1554,1311,3093,1950,5545,21206,1595,2497,3234,2819,-3463,3264,-335,2819,-3463,2864,-335,5841,6228,1635,4252,4215,8936,-169,-6995,699,-2623,-169,-5566
8/28/2025,625,-1457,4097,790,1875,-1091,314,-1605,4097,730,3170,3739,1000,-3616,-5437,1269,-1130,434,1210,1151,-1065,1248,1513,2760,1874,2650,-3100,1248,1513,5441,760,770,2452,790,840,2724,945,685,2724,715,1785,2528,784,1454,-1827,1269,860,1466,1755,6835,699,773,1161,20071,1999,6835,699,1248,1513,20071,-3387,394,-2210,766,-2581,394,-1275,766,-4055,-6915,1050,989,-1533,3105,2616,11599,1248,-5055,2616,12675
8/29/2025,-515,-2376,-5085,-870,-2372,-2313,56,-662,-5154,-1060,-1208,-4958,2740,1180,4740,1700,775,7127,5116,5470,5825,3439,374,-5628,2869,2366,2319,3439,377,-5691,-1060,-3790,-5085,-1415,-2840,-5688,-1250,-1910,-7963,-800,-6240,-1159,2740,1180,4908,1700,308,10902,5116,5593,6026,3180,1292,12821,2869,5593,6737,3439,374,14005,-2930,-5213,-1929,-6726,-1310,-6632,-2332,-6726,875,2453,4391,4937,-1753,-2275,-3614,-4468,-203,1324,-3614,-6341
9/1/2025,2060,5235,7320,2390,5925,7320,2640,5925,7320,2055,5235,7320,1120,2340,7835,1155,7080,10915,3130,8500,14155,1980,6300,9375,1925,2380,2755,2825,5535,9355,2060,5235,7650,2390,5925,7650,2640,5925,7650,2045,5715,7650,1120,2340,7835,1155,7080,13480,3130,8500,15390,2445,10905,29720,1925,8500,15390,2445,10905,29720,2684,-641,2710,-1910,2684,-641,2710,-1910,-2690,-2320,1835,4955,1985,2895,9560,5155,-2315,3535,9560,5155
9/2/2025,395,1727,348,410,-963,581,905,-985,478,395,1877,-25,-2000,-4077,-6215,-1150,-2769,1045,-1950,-3399,-7185,-510,-4513,7162,-1040,-657,4674,-275,-4045,8507,395,1727,1261,410,-963,1261,905,-985,1261,285,-1304,916,-2000,-4870,-5900,-2070,-3100,1045,-1950,-3026,-8132,-275,-1234,1521,-2540,-3026,-6654,-275,-3408,4137,353,2552,581,2552,353,2552,501,2552,-3060,400,-300,4050,-1372,1445,-1486,15891,-82,5621,-1486,14850
9/3/2025,3610,6245,10879,3055,7179,9478,4115,7263,11164,3250,5527,9714,4610,6713,8520,2198,3595,2750,1170,4796,-255,280,5020,-3234,855,8000,3325,-660,5020,-6435,3610,6986,11158,3055,6639,11706,4115,7088,11886,3010,6796,9771,4610,5985,10975,2198,3595,4876,1170,3570,1461,-885,4768,-43748,855,3570,713,-885,5020,-43989,2968,6540,684,6710,3038,6540,3127,6710,6135,9803,3846,1967,6390,1798,5487,-3809,3581,-486,5487,-3809
9/4/2025,-680,-1940,-5718,325,-3375,-4145,-331,-3375,-5718,-745,-1930,-4145,-1940,-4050,-6999,-1465,-3875,-7385,-1875,-4215,-6940,215,-5800,-4160,-985,-2965,-1786,295,-3715,-4975,-680,-1940,-3922,325,-3375,-3636,-205,-3375,-3636,-90,-1980,-2052,-5895,-17790,-40345,-4190,-11085,-20105,-3695,-16725,-33045,-1389,-735,-4452,-5100,-17535,-33045,295,-1545,-3540,-1055,-5443,-1055,-2844,-2017,-5443,-1055,-2844,-3965,-7280,-4395,-7185,-6941,-7433,-1045,-640,-6875,-5825,-1855,-6680
9/5/2025,-815,-357,-1757,-790,-422,677,-350,-437,2202,-815,-357,151,920,1858,-3077,-110,-553,-6303,-1530,-2120,-5996,-740,-2763,-4694,-860,2358,3786,-1720,-2412,-7079,-815,-357,-293,-790,-422,2407,-350,-437,2382,-535,95,2091,920,1858,-2120,-110,-553,-10287,-1609,-2662,-8761,-18,-1137,-19157,-785,-2662,-9803,-1625,-2763,-21563,280,5934,1354,7280,2129,6544,498,5052,220,-1651,-1843,-6905,-3825,-5479,-4126,82,-5759,-299,-4126,-1023
9/8/2025,-195,-123,-3027,-215,-1656,-3815,-798,-1121,-3027,-225,-1606,-5124,615,3515,-5205,562,3109,-6475,322,1574,-7117,1680,3833,-5134,-398,-1851,-4610,1680,2654,-5020,-195,-1281,-6480,-215,-1656,-9250,-715,-1121,-9250,-530,-515,-8675,615,4104,-7072,562,3109,-8420,322,1686,-9857,1680,6134,-13235,-168,1686,-9857,1680,7583,-13235,-3350,-2556,-3481,-4841,-2329,-2556,-2581,-4918,2780,-5787,-459,-7020,-1422,-7490,-810,-1366,-2919,-4960,-810,-1351
9/9/2025,-875,-2811,-3216,-1960,-3640,-3131,-2020,-2316,-2974,-1435,-1280,-1989,-1785,-2845,-6663,-1035,-3880,-4560,-1866,-4293,-4913,-450,-2791,8902,-1320,-1993,740,-390,-2791,10284,-1425,-3430,-3216,-2510,-3640,-3131,-2515,-3376,-3131,-1740,-3895,-5068,-2880,-5420,-12078,-2655,-4935,-5644,-3180,-6998,-9720,-562,-3254,19289,-2850,-6998,-9720,-562,-2791,23155,-1356,-6377,-1100,-6575,-1207,-6377,-1035,-6575,-4280,-6203,-4475,-5540,-6516,-6456,-3931,-6712,-2176,3958,-3931,-6662
9/10/2025,320,2392,3833,1375,1875,-1841,2507,1132,3420,70,-2095,3279,1370,-4280,-6295,1580,-1462,-7225,1280,1381,-6555,1440,-1583,26465,1475,-1409,-4740,1440,-1583,-6787,320,2075,5699,1375,1875,4355,1248,1995,4521,-1545,-95,369,1370,-1990,-12505,1580,-1462,-2425,1280,925,-8195,1440,-1583,-9006,1475,-425,-8735,1440,-1583,-9006,-983,2921,-3055,2113,-918,2921,-3390,903,-4190,-7205,1605,1693,2343,-2955,-635,20975,-1035,-4430,-635,23263
9/11/2025,304,1401,-229,-55,2025,-2931,-115,1401,-229,405,1485,-1526,2019,1304,-569,6645,5882,5673,5620,1080,4887,4855,6883,1860,6870,-1765,-4680,14255,3951,3048,295,2025,2621,-110,2025,1768,-115,2025,1768,260,1380,1517,2175,3329,2664,6645,8086,10862,5620,974,12457,13830,5626,3555,7660,974,11521,16155,6643,4511,-4981,-5284,-4240,-3970,-4096,-5284,-3255,-3970,-3889,-4076,3015,-3380,-5630,-3134,2810,-2202,-6695,-5780,2810,-2202
9/12/2025,1290,574,-2618,-215,-440,-2618,-413,-616,-2618,1560,-583,-2254,308,1015,1836,1260,835,8555,895,2859,10407,2435,-421,3214,609,4201,-4850,3180,2221,4758,1560,-440,-2062,760,-440,-2062,115,-1630,-2062,215,-695,-433,1485,7852,-1968,1260,1985,9563,2349,13032,9253,728,-398,47012,1856,12857,10883,3405,712,47012,-1222,-6763,-2455,-5412,-1222,-6763,-2455,-5412,-3980,-1979,-1240,7918,950,4803,258,-976,-5840,-4320,258,-6280
9/15/2025,160,-537,-2880,765,-840,-2880,75,-850,-2880,-5,-150,-2880,1529,1457,-978,1650,3273,-821,2110,5237,-1676,2469,4505,4620,1345,-37,-2180,2469,4504,4430,160,-537,-2880,765,-840,-2880,75,-3191,-2880,-105,-325,-2880,1529,907,-6253,1600,3273,2350,2110,5237,5797,2342,4762,14114,1345,5237,5797,2469,4762,14114,-820,-1883,-845,-3430,-845,-1883,-820,-3430,-1000,-278,1515,2948,3429,4149,3463,4166,354,-5575,3463,3823
9/16/2025,2425,7719,5231,2588,7091,8625,4980,8404,7095,2405,10312,9628,2287,12178,15216,1995,11828,16390,3283,11836,25863,545,-1176,-2767,2479,2868,319,715,-1056,-3441,2425,7719,10559,2588,7091,11209,4980,8404,11057,2015,6929,8236,1810,14970,24878,2155,13268,18531,3740,13065,28101,715,-2487,-1678,3705,13065,31565,715,-1503,-1678,-3025,-1609,-2030,-1609,-1145,-1609,-1224,-1609,9901,9301,7105,2605,1397,2372,-194,-4824,2825,1173,-194,-4824
9/17/2025,170,370,13479,225,1630,10720,320,2131,12075,510,1155,16542,2190,3265,15881,2836,1981,27715,3450,8970,38487,3335,5525,3901,2630,5428,11579,3130,3335,12545,170,370,16811,225,1630,16599,320,2131,18131,795,2410,15493,2495,4184,27913,2630,1695,27715,3600,8926,47951,3140,7953,17876,3525,8866,46466,3130,8070,17508,5026,11179,5026,12179,5026,12894,5396,12478,5184,21148,7144,26528,11734,33848,4481,5834,7255,10617,4476,5829
9/18/2025,-5,185,-3958,-960,-1317,-4078,1333,-1027,-4063,-5,-1312,-6123,956,1439,-4130,1611,2411,-3884,2074,204,-4843,-1445,1719,-1768,285,-90,-1068,-295,-983,-1172,-5,-2252,-7138,-960,-2324,-10460,-190,-2034,-10355,-560,-2778,-4495,956,1439,-9720,1611,2411,-11505,120,-2650,-9534,2707,5969,-25411,315,-2650,-13829,697,1719,-31945,-588,-2571,-1525,-4610,-361,-2571,-2509,-4610,1005,3320,-1160,-340,2776,1681,1750,-617,-432,4723,1750,1575
9/19/2025,-823,-1775,-1647,-975,-1765,-2875,-2040,-1835,-1350,-893,-1780,-4628,-1305,-4068,-6633,-770,-2810,-6405,-255,-3840,-7087,704,541,5914,-345,-2700,1595,1219,541,5841,-823,-1775,-2465,-975,-1765,-7659,-2040,-1835,-7659,-803,-2830,-5272,-1305,-5358,-8035,-630,-2810,-7666,-255,-3840,-6837,1092,-267,15722,-210,-3840,-6837,1219,541,14122,-2130,-5870,-1341,-5870,-1391,-5870,-1870,-5870,-4224,-7365,-1336,-3079,-1648,-6756,1630,11172,-874,-2966,1630,7886
9/22/2025,1665,-880,-721,-440,-880,125,-500,-880,-721,1600,-880,-265,335,-4425,-5351,3520,-3995,-528,-1545,-761,-5681,5225,-2770,-1333,2730,-3000,-4745,4765,-1620,-2595,1665,-880,3271,-440,-880,4672,-500,-880,4672,1370,-1333,2148,4535,406,-10916,3520,3206,-20,5705,5829,2431,3022,-7055,15378,3765,5829,2322,4765,-7055,17984,-979,4484,-381,6570,-1200,4484,-381,6635,-4040,-5772,242,-1305,-4977,-6439,565,-3412,-2758,-5845,565,-3412
9/23/2025,795,-2025,-5714,-105,-2195,-3779,5,-2840,-3977,130,-1130,-5642,-1475,-4500,-6990,725,-3264,-7316,-505,-4478,-7496,330,-417,-196,-1115,1499,592,230,-3911,130,795,-2025,-4639,420,-2195,-4695,5,-2840,-5129,-1165,-3380,-7108,-2190,-8345,-14310,725,-4145,-4186,-505,995,-6494,230,1171,15352,-525,600,-6257,230,-132,15949,-2105,-1576,-2105,-4765,-2105,-1576,-2105,-4765,-3905,-7498,-983,-6058,2455,-8760,1140,793,-2183,3042,1140,793
9/24/2025,1655,1109,-5362,-985,-913,-4999,686,-296,-4664,100,785,-5327,2990,3851,-6735,2750,-237,-6325,1111,244,-6630,1830,-394,-5612,1320,3699,-1288,1830,-3274,-5443,615,789,-5327,-885,-913,-4963,-970,-1075,-5118,-1375,-3085,-7797,2990,2263,-16202,2675,1927,-15392,-650,-1581,-12906,1830,2003,-18579,1320,-1581,-18642,1830,-394,-19388,2120,-3745,2502,-1486,1057,-1607,1257,-3416,955,-7375,-1353,-7028,-300,-4613,25,-6251,423,3628,25,-6251
9/25/2025,935,5639,2419,825,6116,3001,1766,6388,4167,935,4547,2509,4270,6816,4182,2585,5805,275,2181,3131,-1007,1505,7823,-937,806,2121,-925,1945,7774,2865,935,5115,2954,825,6116,3323,1150,7720,3908,1523,4529,1363,4270,6816,7739,4185,5805,84,3145,4070,-4068,1057,5413,-7764,3170,4070,-3152,1895,7823,-7310,4703,5508,2655,5508,3581,5508,4035,5303,2568,3569,1604,-1829,-919,-3594,-659,-2822,613,3521,-659,-2847
9/26/2025,410,-418,-1921,-270,1690,410,-775,-516,-1303,545,2751,-1071,196,-2335,-5735,1035,2787,-3979,-1262,-2742,-4634,-625,-4215,-1944,-734,-1631,654,-460,-285,-3534,545,1654,940,-90,1025,1159,-30,699,2134,700,210,-375,340,-1450,-7087,1035,2654,-7500,840,-1880,-3177,-1536,-2447,-517,625,-1880,-3520,70,-4725,98,-3872,2663,-2182,3273,-2618,3663,-1926,3273,-3854,-4586,-3200,-1604,-3494,626,-5925,-147,-2680,637,-5925,-147
9/29/2025,-345,3034,2884,1525,3883,2884,1403,2585,2884,365,3255,826,720,14093,10651,-530,8569,-477,2787,8601,2786,-1310,1035,-5618,1312,4963,-1503,-250,-385,-6368,-345,3185,-1251,1525,3883,-1251,1403,2963,-1251,-1118,3805,-3825,720,14093,13205,-130,8569,15766,3458,11281,23400,-250,5413,51395,2889,11281,24776,-250,8794,52460,631,3995,631,3995,2136,3995,576,4060,16939,12021,15014,-4015,8415,12879,11224,-6975,5365,8396,11224,-7255
9/30/2025,478,-463,2700,151,249,2436,-73,-2828,2986,145,-925,3336,-445,-3727,-6379,-1090,-317,-1121,275,-3724,-7082,0,661,3381,232,537,-1730,0,-938,217,478,54,1919,151,249,1733,-73,-1585,1733,575,86,3105,-445,-4971,-12789,-840,-1930,-1121,275,-5014,-14203,0,661,8984,232,-3690,-13207,0,661,7146,-2142,1794,-1755,4634,-2308,2864,-2635,-518,-1485,-5434,1655,-1896,1421,-6066,-3293,-5017,2512,47,-3329,-3563
10/1/2025,-785,-3339,-4246,-580,-2215,-2634,-1572,-3339,-4246,-620,-2170,-2134,370,-3560,-6789,1083,-3940,-6057,1892,-1471,-5310,1915,230,10286,4230,-1425,1093,2050,230,10781,-495,-2215,-2222,-678,-2215,-1851,-485,-2215,-1851,-985,-2117,-4492,1460,-5225,-15649,1083,-1840,-5387,2970,180,-6165,632,-1351,8210,4230,180,-5634,1960,230,10296,-2529,-1773,-1563,1625,-2848,-1773,-1245,1625,-4000,-6580,-3850,-2370,-6260,-2950,1671,723,-1847,-667,1671,723
10/2/2025,745,-2020,-1583,875,-1985,-1379,410,-1835,-1583,905,-885,-2808,410,-745,-4278,1125,-1792,-6469,1255,-2055,-6621,2560,4484,-3182,2060,-790,-989,2560,4484,-3168,745,-2020,-878,875,-1985,-3112,410,-1835,-3112,-90,-1170,-1851,1085,4185,2646,1125,-1567,-7340,1355,-1972,-11560,2560,4484,-30805,2060,-1972,-11560,2560,4484,-30805,-942,363,-647,792,-958,363,-2624,792,-4080,-3961,-4325,-6135,-5812,-7374,-3740,-5848,-4265,-19,-3740,-6389
10/3/2025,1550,-3220,-4365,1945,-3325,-4365,1185,-3325,-4365,595,-2960,-5490,55,-109,-5485,70,2090,3932,445,3921,948,-450,2490,-7400,610,-2235,-4427,-205,1536,-9125,1550,-2150,-9560,1945,-2255,-9560,1185,-2255,-9560,-345,-1035,-8105,55,1710,-843,70,2365,7165,445,4690,2070,-205,3780,-3300,335,4690,1470,-205,3780,-3300,-204,-5064,900,-3892,1158,-5064,-65,-3892,2186,-5883,3231,1899,2592,-1279,6058,11634,6300,-440,6058,-1930
10/6/2025,1355,125,1600,520,359,-1800,125,1829,1600,2120,908,-4453,1750,2215,5270,3345,4560,-1402,4772,674,-2465,1165,-5425,-4256,1950,-545,2687,2925,-4240,-6782,1355,144,1907,520,359,408,125,409,408,2420,1687,5308,1750,3871,12777,3345,4560,-4125,3440,-1585,-449,8994,-6515,-40646,2330,-1585,-449,7060,-6515,-45635,2022,-1393,2091,303,3646,-1393,720,303,615,-1129,-2460,-6530,-119,-3234,710,-5075,-1175,3846,710,-5095
10/7/2025,2255,1657,241,280,673,397,280,1233,357,2255,4161,42,2070,4209,-5011,2367,8913,2367,2129,8097,3760,2220,11466,-2907,1607,3187,1768,867,9968,-5742,2255,708,1670,280,673,2200,280,350,2415,1380,2590,-418,2070,4209,632,2367,8913,3832,2520,7275,5135,892,14007,-161,2345,7710,4468,867,13481,905,294,-3444,264,-5790,-876,-3444,1948,-5730,2130,-6325,9386,1059,6004,-2083,-664,-4167,1548,1964,-664,-1175
10/8/2025,-1415,-4454,-5921,-1460,-3811,-5921,-1633,-4181,-5921,-1720,-2305,-6291,-590,-4375,-7000,730,-3040,-7426,-907,-4483,-7355,1055,957,5784,705,-2860,-3175,1225,957,6505,-1985,-3425,-10161,-1460,-3811,-10161,-1633,-4054,-10161,-825,-3800,-11430,-540,-10360,-25015,730,-3040,-11291,-125,-5205,-14980,1225,-205,6631,890,-6045,-14980,1225,957,7213,-4938,-1586,-4220,-1741,-4058,-1586,-3340,-1741,-4055,-5890,-3735,-4500,-5669,-6629,257,-911,-5985,-5890,257,-911
10/9/2025,820,3481,10103,1062,4062,8246,2196,7547,7730,910,4975,13405,-293,2401,8807,-1306,2306,13761,-1946,5477,17909,800,3258,-4587,-1146,5501,6652,-275,5434,-3195,820,3481,11616,1062,4062,12110,2192,7534,13055,875,4562,12377,-1774,1951,15221,-1901,1689,14534,-2371,7428,15162,617,806,1615,-1736,8548,15322,-275,96,2682,3618,10942,3795,11113,5650,10942,4009,9838,-1195,550,-866,2462,-871,2543,-6127,-5915,2606,2898,-6127,-5951
10/10/2025,690,2440,4048,180,2210,4454,180,2341,3701,-15,1260,5435,485,855,-1500,1560,2573,6272,2180,3254,5574,1370,2831,2849,2135,3748,-1269,1370,2826,6460,690,3095,4048,180,2210,4783,180,1933,4635,-1080,-3235,1265,485,855,-4245,1560,2573,6272,2180,4390,7841,1370,1949,2681,2135,2760,6740,1370,2826,5180,6588,-7363,6493,5080,4948,3967,7498,2049,4615,415,6945,3225,10981,14624,5900,-2960,10120,-3151,5885,-5350
10/13/2025,328,-2296,-4317,420,-1772,-5164,97,-1173,-4154,1103,518,-6628,2900,8171,5617,2777,7039,14590,3000,9507,4098,1728,4463,-3719,3010,4020,1074,1728,4463,-3846,1103,-2302,-5001,362,-3369,-7771,404,-3761,-7771,647,-1723,531,2900,8338,5809,2777,7039,14905,3000,7705,7838,1728,4463,-2676,3010,7665,8284,1728,4463,-1886,-1232,-255,-1171,-4108,-1192,-255,-332,-4108,3290,4741,3355,13395,5688,3434,-3042,-3241,1835,3779,-3042,-1124
10/14/2025,615,1276,1722,1010,1570,1087,1290,1103,1722,-100,2723,-3161,595,-335,756,315,-235,-1480,735,-806,-1703,1145,475,-5419,1025,-435,-687,2080,575,-4161,275,1275,-3496,1010,1570,-6196,1290,1420,-6196,-460,-1675,-9086,595,695,-3105,315,-2945,-12470,735,-3005,-5864,2360,475,-25295,975,-3005,-8055,2360,475,-25295,535,-2793,-1233,-1978,135,-2793,231,-1978,1200,-6105,325,-2180,-2717,-3460,4752,-4430,1225,1130,4592,-4430
10/15/2025,530,644,406,827,1404,11183,1507,2815,3180,530,644,3004,2195,5403,10597,2290,1381,11321,1875,3960,-7320,1330,6684,-5720,1595,2910,-1374,1330,-3445,-7450,530,644,5916,827,1404,10671,1507,3897,12242,295,-2995,2051,2195,5403,11851,2290,3010,9193,1875,5993,6700,285,4743,2433,1595,5814,8450,1330,5855,2955,5160,1405,6300,4003,5647,2480,5160,4003,8261,8704,5988,11233,10467,12677,9501,-6795,3986,33,9501,-7365
10/16/2025,575,-1053,1478,620,336,5821,620,-2252,6066,45,-60,1811,145,5049,-3497,635,2210,1548,995,4467,-6627,645,-15,-2897,1395,-185,-4220,635,-405,-7350,575,-60,477,620,336,3624,620,-680,6054,-205,753,-2004,145,1955,-2530,635,2210,1315,995,3280,-695,645,-1016,8043,1295,3065,-28,635,-15,6330,45,7824,822,7715,2548,8539,2270,7715,2385,-5355,4345,4126,3798,-7141,7710,854,4712,-5030,7705,17164
10/17/2025,886,1916,2205,1290,341,-1747,1341,896,-865,750,1450,66,2400,489,9845,1945,-920,4307,1840,2356,18044,2310,3259,25078,1700,1639,357,2310,3259,9128,1345,1450,2061,1290,341,-1638,1150,251,186,-30,56,-5333,2400,489,8182,1945,-920,4307,1840,2356,13344,2310,1962,23615,1700,1446,13239,2310,3259,25705,-2733,-3587,-2215,-2219,-1421,-3389,-2149,-2190,963,-124,-1630,-1717,1148,7314,3920,301,1511,-5120,3920,301
10/20/2025,2029,2677,2067,4659,2502,2484,4275,2029,2067,3025,2625,2484,-1740,2064,-5743,155,4400,3621,2655,12374,-3335,349,9238,-3878,-1475,1054,-4600,1977,9238,-3786,3060,3589,4456,4659,3318,4456,4275,2703,4456,2535,3480,4456,-320,6215,8410,965,4420,7955,1362,12567,2791,1309,9222,-3721,690,12567,2706,1977,9238,-3315,3580,1656,3530,-455,3445,1656,3780,-455,6513,-5840,9421,-3883,10831,-4400,-5670,-3516,3772,-5840,-5670,-3516
10/21/2025,1861,2906,1919,672,-315,298,2457,1330,309,1726,2390,-1440,1772,8920,1197,1825,4020,-1570,4743,9473,511,3246,7943,1354,4255,1582,-3155,3166,6665,5745,1716,1144,-596,672,358,-2495,2457,367,-4355,2130,1678,-911,2765,8946,8946,1825,4678,-80,4743,10296,1216,4579,7296,503,4255,10296,1437,3166,7526,-3623,510,-5830,1315,-5830,646,-5830,1315,-5830,7063,-780,6977,-616,6445,-3347,-219,2232,-1308,-3519,-219,1787
10/22/2025,-415,3945,7964,-345,3990,8177,-275,6027,7337,-415,3095,6203,1880,1877,-2462,1760,5345,-2330,1870,5939,83,-1340,-3120,-4955,2055,5347,939,-490,-3120,-5850,-415,3945,5923,-345,3990,8177,-275,4055,7883,-175,1278,6179,1880,1870,-9718,1760,5345,-5185,1870,7100,536,-490,-3120,-12127,2055,4730,2047,-490,-3120,-14939,4786,12676,7159,14709,6275,12676,6184,12414,2625,-4946,3945,10156,8567,8974,13498,15366,1520,458,13423,15366
10/23/2025,2220,1615,6055,894,1567,4504,1111,1447,2684,2035,514,2300,1246,-3860,-6367,1620,-280,-5326,3635,-965,-4611,3605,-390,-3288,2419,-2180,2277,3605,410,-2246,2220,1615,6028,894,1567,5907,1111,1447,5767,1825,733,4349,1511,190,-144,1620,-1700,-1697,3635,1715,4324,3156,-26,2079,2919,1715,5248,3605,-390,2979,1504,4614,1929,3069,1770,4327,1674,3069,3790,-4852,694,-2210,3319,8180,4668,-4960,64,-4330,4668,-4800
10/24/2025,2686,1497,-131,2025,1497,-131,3446,2084,-131,1465,453,-131,995,595,7854,3045,4563,3975,5466,4109,4659,4460,-1628,-984,2515,2255,3899,7005,-1628,-2377,1490,1705,-131,2025,1705,-131,2250,2535,-131,1340,1295,1699,995,2017,14876,3230,4563,2515,4015,4109,7206,8980,-1628,-45223,2515,4109,7206,7301,-1628,-47940,1558,-1450,1621,-3497,1530,-1450,516,-3497,7946,-3376,3194,-4159,3800,-3762,2064,5760,7854,-2815,2064,5760
10/27/2025,-726,-3222,-6410,135,-2844,-5469,-870,-3222,-6410,-95,-2950,-6110,1045,-4441,-3179,1461,-3020,-3746,1185,-3238,-4961,2195,1404,4689,1515,-2945,-4640,3316,1404,9391,-385,-2844,-8066,135,-2844,-8066,-400,-2844,-8066,-964,-2874,-10040,1045,-14240,-24335,1461,-7985,-6976,1185,-10765,-9620,3385,787,21303,1800,-10765,-9620,3385,1404,24486,-3273,-2116,-2360,-1524,-3181,-2116,-2885,-1524,-3990,-6663,-4615,-6370,-6628,-6283,1165,3426,-6900,-5750,1165,6233
10/28/2025,910,-1730,4323,1445,-1775,3532,1029,-1935,2764,1105,-1730,3841,-1960,-3535,-6803,1040,-530,-751,-525,-730,-5569,2490,855,16469,-1200,-2205,-1301,2510,745,15332,1140,-1730,1917,1445,-1775,2832,1175,-1935,2271,2131,665,7832,-965,-2818,-1368,1185,-665,2544,-625,-390,-123,2463,-127,8931,-170,-780,2182,2510,755,8931,1095,-3933,2521,-3933,1855,-3933,2536,-3933,-4450,-7420,-446,-1217,1233,-3587,60,-400,-2525,-5865,60,-400
10/29/2025,1515,10874,10300,4650,8520,10703,2795,10045,10478,990,10376,10525,2220,15785,26054,1230,16255,32192,2875,23607,22665,2491,14144,7333,2875,11531,-2419,2441,13814,7351,1515,10874,13050,4650,8520,13235,3745,10045,13235,-150,6225,10761,2171,15785,52987,1490,16255,45420,2875,24749,62965,2491,14144,75941,3055,24849,61138,2441,13814,73532,7090,3385,6670,4649,7335,3385,5955,4649,8656,29289,4685,29088,12360,29588,3543,6565,4733,980,3538,6565
10/30/2025,65,-3754,-3353,155,-589,849,45,-2724,-3249,65,-1062,-1133,1508,-1384,-4691,1368,-708,1962,1546,1479,-5264,1109,1726,2602,1327,-160,-1335,1109,1078,3493,65,-751,681,155,-431,1706,45,-406,1102,-765,-2615,-3201,1508,-2333,-8033,1368,-708,1008,1660,2593,-8294,818,1632,3586,1485,2785,-5853,1109,1726,6889,-3214,-381,990,1986,-2423,-381,1740,878,-4366,-7433,1642,-5020,1226,-6429,4990,4862,1518,296,4990,7359
10/31/2025,1245,910,7253,695,224,7727,1511,1848,10410,960,920,13754,4545,7529,12888,4080,3585,3592,2245,2706,13123,1190,4775,14919,389,2232,2988,1190,2250,15714,1245,910,12397,695,468,14421,1511,2092,14411,190,-325,9894,4545,7529,16573,4080,5010,8246,2245,4706,20182,1210,4471,19443,990,5669,18152,1190,5265,19443,5037,3307,4346,1148,3248,4005,4616,1263,5196,10414,4808,6473,5165,10490,5832,2770,651,1895,5432,9345
11/3/2025,1971,2409,3965,-365,20,3165,1952,1240,5056,475,1440,3158,565,2720,308,190,-335,-1768,1400,-65,-1225,-25,2422,-3015,274,-116,3145,-75,1977,-2241,475,1440,350,-365,20,-655,-1005,-145,-785,1567,-665,-299,580,2935,7667,190,318,-718,940,2492,1622,-223,2039,-13157,460,2492,-646,-75,3007,-18749,-371,-2442,-1164,382,1717,-2442,-1164,382,2909,5406,3452,-4864,-1621,-3748,-4713,-3630,1168,-2167,-4713,-4112
11/4/2025,231,-1701,-1170,1080,332,-739,1130,849,-1646,420,667,901,600,-610,-4848,1315,1124,-7500,2655,936,-7435,1220,2979,-5910,1430,1448,-1113,1220,2070,3307,930,667,-1209,1080,332,-701,1130,1112,-661,1170,-3430,-1968,600,-610,-20833,1315,1124,-12820,2655,1314,-18890,1220,4257,21892,1500,1314,-18660,1220,4535,23849,-19,-3153,-1996,-2030,1719,-3153,-2960,-930,368,-7255,1936,-7395,3947,-7345,13350,-1540,-2406,3398,13350,289
11/5/2025,1705,848,4093,2790,75,163,4962,955,4093,1230,1125,-2646,2170,5019,-355,2215,1559,3140,4125,3849,7677,2414,-158,-4780,2758,6325,-1350,2649,-158,-6965,1760,975,-1580,2790,75,-3399,2340,75,-3399,1840,-1150,-3725,2352,6029,8467,2215,1952,5239,4125,4134,7043,4281,-158,-14273,3545,3744,6768,2649,-158,-13810,-559,1098,-25,155,571,1098,1165,155,4348,5094,1547,14758,3773,18735,1753,16005,4083,-1680,1753,15368
11/6/2025,3220,4970,11342,4410,7386,11422,3356,5829,10469,4500,6440,10378,2160,2415,7106,2735,5268,11915,2925,1888,13043,2125,8388,3407,2385,3351,7098,2125,9123,4721,3220,6540,11342,4410,7386,11422,4045,6566,11307,4230,5942,8174,2160,4504,10386,2735,5268,11886,2925,3495,10005,2125,4957,-11933,2385,3750,13319,2125,6658,-8146,404,3050,34,499,1512,804,1315,-1761,2604,6633,179,7892,4122,11095,1650,2353,2617,1400,1650,6504
11/7/2025,1285,1058,7083,670,1549,13780,683,1552,8301,485,1149,11768,935,2436,-6239,1375,2147,2316,1960,4452,-5995,1595,3661,6583,1367,2524,4029,1590,-3755,-2756,1285,175,7362,670,1549,8391,683,2523,8644,321,4457,17885,935,2010,-10630,1375,2147,-3202,1960,1054,-5614,1892,1603,1662,1960,799,25226,1590,59,3504,1744,4126,2214,6555,1847,4059,3769,2805,762,-6379,-560,7103,3108,1758,2027,-381,1185,1155,1867,14239
11/10/2025,985,815,9163,1260,-770,11586,324,-770,9193,540,915,11344,-630,-3990,-4362,-480,1284,-1696,-280,-1795,-894,1109,-3685,5857,-1042,-248,2291,1164,-1390,-812,985,815,11292,1260,-770,12163,324,-770,12138,1225,-642,10646,-150,-3980,-3577,-480,1284,1505,-280,185,8859,1153,-4727,-8865,-60,-325,8088,1164,-3820,-7738,-184,6051,-1894,5284,-1863,6051,-297,5284,-4077,-7081,-756,1078,86,9337,-5101,5702,-2819,3012,-5101,5787
11/11/2025,190,2033,4641,1953,2788,4743,2305,2603,4614,300,1525,8943,60,1975,5128,-1005,-1000,3030,1940,-2315,-678,1385,-3018,4785,75,-295,3923,1385,-1830,-905,360,2203,8493,1953,2788,8430,2238,2773,7695,1685,2428,8661,160,2379,8459,-975,-3325,-9070,1940,-5740,-13551,1662,1181,-5302,390,-5740,-12850,1385,-490,-5945,5504,6319,5314,6694,4864,6319,5416,6709,1280,-1956,4932,-1091,3856,-7151,-2250,-4089,161,533,-2250,-4089
11/12/2025,1220,1438,2417,1574,-1740,2880,1517,1822,-733,620,-1237,-1787,2592,7745,27405,4232,9838,22977,2845,6358,34475,2965,13232,7702,2625,1337,1159,2965,13232,13919,1220,-755,3118,1574,-1740,-1653,1905,-723,-1653,685,-695,-1564,2592,8583,40286,4232,9838,25432,2845,6584,37574,2965,13232,14561,2625,6584,35322,2965,13232,16221,707,4175,662,240,-1,2135,-595,1633,16480,31734,15015,26087,16452,29475,14190,26673,7607,2676,14100,25975
11/13/2025,1810,2868,-4481,1815,41,-3801,885,148,-4491,1810,1627,-5130,1175,3069,300,4185,11118,18951,1085,9848,14180,1175,5710,15433,1265,2294,709,1170,3918,9343,1810,1527,-7133,1815,294,-5897,885,-226,-5922,1160,-1516,-8257,1175,879,6453,4185,11549,18951,1085,9958,10230,1175,1773,11515,1265,8984,12125,1170,4080,11795,-1010,814,165,-1499,629,-3337,55,-908,5545,300,10273,10797,5871,7516,5122,5458,4235,9839,4970,26199
11/14/2025,181,3207,3700,2267,5301,4028,364,4526,2005,885,3975,4316,-1729,855,4846,52,340,9886,877,5265,-2036,675,2070,-847,12,2065,-1602,1530,2070,-847,1055,4236,2023,2267,5301,1635,1158,5056,1585,975,2455,1764,-10,1305,8537,52,340,2930,877,5437,1465,3945,3090,1968,12,5257,4686,1530,2070,-847,6936,5046,4443,2878,4955,4123,3280,4669,-84,-3730,2050,290,310,-3830,-10,-250,1711,-3730,-10,-250
11/17/2025,730,4634,-4448,455,6540,5776,1829,5576,-5264,1160,3650,5405,1895,-480,5257,-200,1915,-2173,1230,331,3988,2135,3695,14178,1420,1730,6240,2135,-1361,12213,730,3500,922,455,6540,1704,2118,4785,1579,510,2500,414,1895,-480,8573,-200,1915,-2173,1230,-430,5018,2135,-2605,-21380,1420,-430,2796,2135,-2605,-19833,4240,4295,5340,8103,7294,5867,5706,5909,3035,5328,3765,2420,2044,-598,7565,4236,2855,2094,7565,-4378
11/18/2025,990,1180,6498,1504,585,5710,2918,2574,7832,1195,5,6657,1641,5232,5321,1256,6359,374,2075,3461,5760,1566,2451,3515,2080,3389,3772,1566,2451,6986,990,260,6498,1504,585,1736,935,340,4021,405,721,1180,1641,5232,5321,1256,6359,3656,2075,3461,3601,1566,2451,2396,2080,3461,2830,1566,2451,2244,-52,4794,-972,1926,787,3901,-972,-2273,2278,5854,1062,507,1545,7981,1077,-1656,1886,8577,1077,-1656
11/19/2025,665,3824,5498,1000,4765,3372,1765,2864,1932,-20,1819,3742,1010,6660,15214,225,6180,10975,1146,8825,6370,230,5115,-5525,880,8187,10123,230,4735,-7415,665,3824,389,1000,4765,3372,1765,4585,3142,325,2198,4232,1010,6660,17899,225,6180,8140,-220,12570,11708,230,7068,-4789,880,11475,14166,230,5115,-3999,5749,13286,5700,11529,4825,11719,2945,5656,9285,12165,4273,7430,7112,11901,-234,-6520,8553,8866,1051,-7100
11/20/2025,555,325,-5511,340,-140,-4118,690,860,-5390,25,325,-5563,1230,2582,-1839,1860,4250,2445,1240,4926,3605,1535,7766,8059,1090,493,-258,1525,7646,7269,555,325,-3000,340,-140,-728,690,860,-3349,-1010,-5125,-7850,1230,2582,-3798,1860,4250,2652,1240,4926,3015,1535,7766,8059,1090,2405,-191,1525,7646,7269,2745,-2384,2680,-19,2325,-723,4445,-1549,-497,-1843,4004,3234,2162,-1153,9528,4124,788,874,9513,4014
11/21/2025,1645,2171,5108,1575,375,3256,734,1447,1079,1830,3520,3757,630,2200,5701,1095,730,-1870,1685,299,1580,995,-850,-4018,1375,-455,-2028,990,-1045,-4138,1645,1690,4650,1575,375,3256,885,510,153,2235,3865,2093,630,2200,5701,1095,730,-5820,1685,299,3586,995,695,-1534,1375,-26,-783,990,-1045,-5273,-24,6154,1155,5420,1057,6795,3715,6233,2010,8465,-350,-653,253,8298,875,3656,-1250,131,870,-5613
11/24/2025,2290,-256,5194,-240,-251,4975,-660,-413,5241,624,-2543,5436,570,-4110,-6240,2670,-1260,2461,408,3768,-5645,2840,5485,-181,1496,864,-1735,2840,5160,-394,2290,-355,5194,-240,-350,4975,-660,-100,5385,-65,617,5362,570,5965,-5993,2670,6278,3135,1210,4077,13006,2750,2905,9634,1915,3712,14120,2840,4689,9634,-870,-6644,-940,-2981,-885,-6726,-614,-3076,-3625,-6231,-776,-6776,-2827,-6641,10881,-2649,-1522,-2341,10881,-1970
11/25/2025,500,12,1691,420,-488,-3645,-318,-171,-4143,410,-18,3501,-620,-3742,-6950,1122,-3955,-5970,-1223,-4204,-6478,230,380,-5500,-1004,-2990,-2944,230,-111,-7285,500,12,4073,420,-488,2668,-250,-381,2643,-135,-955,2526,-620,-4915,-8520,1122,-5105,-10760,-970,-30,-6676,-531,-1143,-9384,-708,-35,-3779,230,380,-8050,2002,2010,2058,2709,481,1010,1841,2989,-3975,-6683,-3975,-6745,-6174,-7462,4257,-6650,-6400,-2928,3862,-6850
11/26/2025,2784,1416,-912,5,-367,-1362,-174,1093,-1362,2437,-1025,-4273,1716,5300,-4509,3155,1060,-5515,2965,1466,-771,135,-3942,-3584,4311,1044,-3112,-475,-3657,-3613,2552,-1025,-5404,5,-367,-5690,105,1093,-5690,807,-950,-5321,1660,5422,-2725,3155,3366,-9109,2965,3395,-5795,-475,-2469,-22732,3260,2750,-10701,-475,-6808,-26660,-319,-1407,287,-850,-553,-1407,1125,-850,3697,2268,-136,-7290,-2876,-116,-5680,-1930,-2110,-1880,-5680,-1930
11/27/2025,970,4910,7026,3160,5720,7026,3160,5815,7026,1030,4910,7026,3065,3995,5731,2895,6095,14400,4500,9100,17890,2530,7015,8925,3175,4720,3161,2605,5320,8915,1405,4910,7520,3160,5720,7520,3160,5815,7520,1030,4935,7520,3065,5545,9231,3375,6095,16280,4500,9100,20655,2605,7815,32770,3650,9100,20655,2605,7815,32770,-1065,-2057,-1065,-2800,-1065,-2057,-1065,-2800,6875,2055,5130,-2000,7295,-1480,4940,-4335,1705,2510,4940,-4335
11/28/2025,-215,-740,705,-495,-950,705,-490,-940,705,-215,-740,699,1935,-1624,-3060,1930,1040,-3737,2205,-349,-6062,1940,4118,3809,2005,365,-1611,1800,4118,4980,-215,-740,1815,-495,-950,1815,-490,-940,1815,-315,-362,-620,1935,-1475,-8512,1985,1040,-3620,2205,-200,-3961,1800,3684,15698,2065,-200,-3961,1800,4118,15698,-1455,939,-1455,939,-1455,939,-1455,939,-771,-7125,185,-3885,347,-1704,3350,5458,-2074,-4465,3350,4375
12/1/2025,3055,150,-4285,-925,920,-3790,1823,920,-4285,245,35,-3429,695,3285,-458,1755,2838,409,2825,-19,-484,3586,-1264,-5769,2341,2243,-2455,3586,-350,3468,675,-366,-1585,-925,920,-6010,-200,785,-6010,-170,852,-3455,695,4255,4557,1755,1250,-5259,1230,-180,-12272,3586,6707,21492,495,-945,-11331,3586,2175,24579,2241,-1308,-104,267,2241,-774,-1169,267,2609,-202,7001,10076,5440,-1226,10179,7613,1926,911,10179,26159
12/2/2025,2605,212,-698,2160,501,-441,1896,-422,-288,2605,616,-15,2340,6325,16720,1810,4135,14467,3150,6488,10203,2500,12706,-4171,3810,3991,8008,2450,12706,-2374,2605,676,-197,2160,501,402,1896,-365,734,1925,-940,-3294,2340,6325,16720,1810,4135,15446,3150,6300,10203,2450,11513,17543,3810,6095,10203,2450,12706,17800,1390,-771,550,34,1662,5878,-170,-600,2656,16210,-915,15402,1969,20037,7428,15041,496,9016,7428,10215
12/3/2025,-255,-456,-4775,1050,174,-4775,878,-228,-4775,370,89,-5330,1765,-3160,-5845,1730,-1940,-5556,280,-2250,-6400,1320,-30,-2468,-198,-835,-3241,60,3220,486,370,174,-5519,1050,174,-4294,1165,269,-4294,770,1002,-5855,1805,-1581,-13675,1730,-1265,-12315,810,4240,-9165,-1454,-1781,2720,2924,4235,-9825,210,-30,3737,-904,-3703,-2310,-3167,-2347,-3703,-2825,-3167,-3960,-6085,-4385,-6085,-5243,-6000,4326,-6085,-3188,-5815,4326,-6085
12/4/2025,2555,6194,8522,1911,4544,12516,2897,4544,12370,2555,3462,13098,3075,11809,30583,715,9500,27861,2120,8893,29123,4191,12775,18959,1080,4515,7662,4191,12775,15795,2555,8704,20747,1911,10134,19388,2897,10134,19571,2445,7802,18333,3075,11809,32058,715,9560,32838,2120,10703,47805,4191,12775,76853,1080,10668,48091,4191,12775,78378,6953,12550,6858,10067,6848,10839,5598,10942,16862,23503,7970,1207,10171,16871,6237,-3812,5924,5109,6237,-4012
12/5/2025,1905,4456,3812,1538,5417,-130,2277,2864,-3456,825,2466,6627,1835,1285,13589,2639,1318,12660,1185,6108,22270,5089,9191,2174,-1275,1999,2371,2327,7963,-1701,1905,4063,5650,1538,5417,225,2277,2864,-1330,390,1261,-1534,1835,1285,18163,2645,1375,11508,1400,6165,20676,3620,8688,1209,1445,6165,21378,4855,10259,-150,388,-854,590,519,513,465,4200,-752,3776,8886,3892,-2340,-1568,3437,5230,6035,395,457,5050,3142
12/8/2025,1145,5790,-2871,2125,7730,2051,940,8117,803,1799,7399,8779,890,1342,-4978,1055,1864,7425,1633,-471,11564,160,-2611,-3514,835,2034,-4200,310,-405,-4681,1145,6809,8387,2125,7730,10121,2025,8499,9481,1515,2055,8410,890,1564,-1274,1055,1864,8061,1633,529,10002,-512,4426,5851,835,470,10034,310,6147,8362,4064,-2279,5724,908,5773,-2279,4915,908,1395,-6145,7609,3517,6014,6267,6659,-3465,1815,-4100,6659,-3684
12/9/2025,1645,3002,8849,1610,3724,10937,1960,3880,8849,1165,2001,11123,1926,-600,-6068,2480,1675,-5745,2774,2905,-5985,4207,1210,4714,1642,-1710,-3635,3597,1210,3959,1645,2074,13101,1610,3724,8561,1960,3792,8561,2100,2927,9674,1926,785,-4325,2336,818,-8244,2774,1511,-3533,3576,1032,-14080,1971,1511,-3533,3654,1210,-18318,5174,4461,5455,2590,6507,4461,4415,2590,956,-7203,1788,-6085,2593,-6270,13110,705,5478,-5715,13110,705
12/10/2025,-472,-1781,-4684,235,-1586,-4053,170,-1576,-3953,-400,-1418,-6478,855,2233,-1909,1260,6117,-7217,1930,4243,1155,1270,4313,-2161,1135,1283,933,1270,3406,-3976,-400,-737,-14346,235,-1586,-11585,170,-1591,-11585,-1150,-2605,-11390,855,2233,1022,1260,6495,-9538,1930,4622,-15831,1270,4684,-16665,1135,4222,-14694,1270,4674,-16496,-2828,-5548,-2710,-4585,-2828,-5548,-1600,-4960,2989,5386,-2310,-1377,-1246,-6131,1430,-264,-80,3073,1420,-4330
12/11/2025,-805,-1891,-3719,-925,-1310,-4133,-1867,-1891,-3534,-805,-1210,-1975,317,-3485,-6681,500,-3945,-5680,-630,-2002,-4160,225,-3412,-2708,-370,-1806,-1216,1295,-3412,-6683,-805,-1310,-3525,-925,-1310,-2175,-1542,-1310,-1770,-2390,-2425,-3795,835,-1774,-7300,500,-3535,-11645,-190,843,-7264,-368,-3412,-19334,20,669,-6493,1295,-3412,-18132,-1686,-6553,-225,-4330,-1647,-3420,-1395,-4370,-1389,-6784,1388,-7351,559,-7478,1631,-5580,362,-5915,1631,-3878
