,v0-10,v0-20,v0-40,v1-10,v1-20,v1-40,v2-10,v2-20,v2-40,v3-10,v3-20,v3-40,v4-10,v4-20,v4-40,v5-10,v5-20,v5-40,v6-10,v6-20,v6-40,v7-10,v7-20,v7-40,v8-10,v8-20,v8-40,v9-10,v9-20,v9-40,v0-10-unc,v0-20-unc,v0-40-unc,v1-10-unc,v1-20-unc,v1-40-unc,v2-10-unc,v2-20-unc,v2-40-unc,v3-10-unc,v3-20-unc,v3-40-unc,v4-10-unc,v4-20-unc,v4-40-unc,v5-10-unc,v5-20-unc,v5-40-unc,v6-10-unc,v6-20-unc,v6-40-unc,v7-10-unc,v7-20-unc,v7-40-unc,v8-10-unc,v8-20-unc,v8-40-unc,v9-10-unc,v9-20-unc,v9-40-unc,v0-20-cATM,v0-40-cATM,v1-20-cATM,v1-40-cATM,v2-20-cATM,v2-40-cATM,v3-20-cATM,v3-40-cATM,v4-20-cATM,v4-40-cATM,v5-20-cATM,v5-40-cATM,v6-20-cATM,v6-40-cATM,v7-20-cATM,v7-40-cATM,v8-20-cATM,v8-40-cATM,v9-20-cATM,v9-40-cATM
TOTAL terminal $,393954,880110,959975,453481,924884,1013813,498631,900233,917629,413777,737165,1080100,550296,849380,856752,656901,1179149,1458066,853448,1492020,1762346,851643,1555072,1272059,743668,554484,192189,956288,1367840,1476094,418787,907201,1062935,466155,919930,1053571,471071,906165,1047729,261122,500927,696587,573978,1021035,1458394,691568,1343697,1779478,872591,1678097,2521321,978238,1703331,2583064,838238,1619195,2459963,973874,1805667,2536911,804764,868939,800303,969387,801262,882259,717075,903393,925192,785703,1041967,1322607,1545841,1392001,1343999,1411218,630918,220489,1313609,1440702
AVG terminal/day $,515,1150,1255,593,1209,1325,652,1177,1200,541,964,1412,719,1110,1120,859,1541,1906,1116,1950,2304,1113,2033,1663,972,725,251,1250,1788,1930,547,1186,1389,609,1203,1377,616,1185,1370,341,655,911,750,1335,1906,904,1756,2326,1141,2194,3296,1279,2227,3377,1096,2117,3216,1273,2360,3316,1052,1136,1046,1267,1047,1153,937,1181,1209,1027,1362,1729,2021,1820,1757,1845,825,288,1717,1883
MEDIAN terminal/day $,385,1008,516,485,1000,410,540,917,498,350,703,556,655,801,-1535,695,1115,510,975,1467,-74,840,1301,-1211,725,369,-124,965,1206,-552,437,974,700,500,1110,1041,507,974,1190,221,570,351,690,1480,2155,775,1485,1480,1000,2060,2222,928,1395,3252,870,1960,1925,970,1703,3580,794,444,685,724,787,407,660,435,711,-1276,837,335,1839,-277,960,-911,763,296,935,-1098
RETURN / worst-10day-loss,78.3,58.3,24.9,117.5,61.2,26.8,120.8,54.0,24.2,114.8,65.7,32.1,116.5,33.8,18.8,141.2,76.1,41.6,135.7,83.2,35.6,318.3,63.2,28.3,161.0,44.2,7.0,166.5,47.1,30.3,134.9,55.7,24.1,120.3,57.6,24.5,76.0,50.5,24.5,35.3,24.6,15.5,78.2,29.3,17.4,127.6,46.4,28.7,121.0,58.1,34.5,410.5,42.0,14.4,107.1,56.1,31.7,177.8,32.8,13.5,40.9,23.4,49.3,22.1,47.6,21.3,52.2,23.9,30.5,16.8,45.2,34.0,46.0,28.6,51.2,33.6,21.0,5.8,50.1,33.8
WORST 5-day loss $ (~1wk),-4021,-12188,-22701,-3718,-14307,-22785,-4640,-13143,-21071,-4180,-11078,-25375,-4945,-18564,-31177,-4290,-13390,-32683,-5656,-15449,-33626,-3185,-20036,-26152,-4185,-9889,-18115,-3885,-17990,-30564,-2845,-17503,-29109,-3868,-16208,-27703,-4450,-16234,-27799,-6740,-17040,-31323,-8130,-33619,-89097,-5115,-21976,-51118,-7105,-25506,-63613,-4784,-31954,-144007,-6635,-25476,-65044,-5709,-34053,-147387,-17158,-27444,-14331,-27315,-18152,-27354,-12716,-24108,-18049,-32945,-15289,-31718,-27105,-34605,-21946,-30684,-20046,-25109,-21946,-33501
  worst 5-day END date,6/2/2023,5/18/2023,9/26/2023,12/29/2023,5/18/2023,4/2/2024,12/12/2023,12/12/2023,3/22/2024,3/7/2023,12/29/2023,4/2/2024,4/27/2023,4/27/2023,4/28/2023,7/18/2023,4/5/2024,12/16/2024,7/18/2023,7/18/2023,12/16/2024,6/2/2023,4/26/2024,5/26/2023,3/8/2023,11/26/2025,12/12/2023,1/29/2024,1/19/2024,12/16/2024,1/31/2023,12/29/2023,8/17/2023,12/29/2023,12/29/2023,5/26/2023,12/29/2023,12/29/2023,8/17/2023,3/7/2023,12/29/2023,1/2/2025,4/28/2023,4/27/2023,4/28/2023,7/18/2023,7/18/2023,4/3/2024,7/18/2023,7/18/2023,4/28/2023,5/9/2023,8/9/2023,4/3/2024,7/18/2023,7/18/2023,4/28/2023,4/26/2023,5/3/2023,4/3/2024,12/12/2023,7/25/2023,9/12/2025,4/2/2024,12/12/2023,7/25/2023,9/12/2025,3/28/2024,12/16/2024,8/12/2025,12/13/2024,12/16/2024,4/28/2023,12/16/2024,11/23/2023,5/25/2023,7/5/2024,12/26/2024,11/23/2023,4/26/2024
WORST 10-day loss $ (~2wk),-5030,-15094,-38551,-3858,-15116,-37832,-4126,-16682,-37906,-3605,-11227,-33672,-4723,-25129,-45451,-4651,-15496,-35049,-6288,-17936,-49499,-2675,-24590,-44911,-4618,-12541,-27291,-5744,-29047,-48655,-3105,-16281,-44039,-3876,-15981,-43047,-6196,-17927,-42770,-7391,-20398,-45027,-7341,-34794,-83734,-5421,-28971,-62029,-7210,-28905,-73059,-2383,-40563,-178791,-7823,-28874,-77553,-5477,-54983,-188241,-19680,-37149,-16224,-43960,-16839,-41513,-13742,-37770,-30339,-46728,-23075,-38857,-33608,-48742,-26239,-42040,-30115,-37778,-26239,-42672
  worst 10-day END date,6/6/2023,12/13/2023,4/2/2024,5/17/2023,12/14/2023,4/2/2024,4/2/2024,12/14/2023,4/2/2024,6/5/2023,1/30/2024,4/1/2024,4/26/2023,12/16/2024,12/16/2024,7/21/2023,7/19/2023,4/26/2023,7/25/2023,12/26/2023,7/24/2023,11/3/2023,5/2/2023,9/17/2024,7/21/2023,10/6/2023,7/7/2025,1/29/2024,9/19/2023,7/12/2023,7/25/2023,12/16/2024,4/2/2024,4/2/2024,12/16/2024,4/1/2024,4/2/2024,12/16/2024,4/1/2024,3/14/2023,1/30/2024,4/2/2024,4/28/2023,4/27/2023,12/16/2024,3/31/2023,7/19/2023,4/8/2024,7/21/2023,7/19/2023,4/4/2024,11/9/2023,5/2/2023,4/3/2024,7/25/2023,7/19/2023,4/4/2024,4/26/2023,5/2/2023,4/10/2024,12/12/2023,4/2/2024,9/16/2025,4/2/2024,12/12/2023,4/2/2024,9/19/2025,4/2/2024,12/16/2024,12/16/2024,12/13/2024,4/19/2023,2/5/2024,4/2/2024,1/30/2024,2/6/2024,9/12/2025,10/28/2025,1/30/2024,2/7/2024
MAX LOSING STREAK (days),7,9,9,5,5,7,6,6,8,7,7,8,8,6,9,8,6,7,6,7,11,5,6,15,8,8,8,4,10,8,5,9,8,5,6,7,5,6,7,6,7,8,5,5,6,8,6,7,6,5,8,5,5,6,8,5,11,4,5,6,7,10,7,8,7,10,9,8,6,9,5,11,9,13,9,9,7,6,9,10
  losing-streak $,-4605,-17610,-27195,-1580,-5719,-27848,-5150,-15061,-20382,-2835,-6848,-26387,-7075,-19620,-29852,-6585,-8690,-31815,-5936,-19466,-50421,-2975,-9550,-50061,-6412,-10553,-20423,-2607,-29047,-41506,-2845,-16397,-19838,-1675,-14695,-19972,-3455,-14758,-22267,-2660,-18975,-43553,-8130,-13563,-59323,-6895,-13703,-55442,-7385,-13353,-66640,-2060,-11203,-151494,-8778,-13353,-85883,-4188,-18524,-154875,-15737,-26203,-17206,-15191,-11762,-26243,-6952,-14727,-19592,-39356,-11291,-35659,-36199,-63384,-23969,-28747,-18001,-22650,-24849,-39719
  losing-streak END date,6/6/2023,12/13/2023,12/16/2024,5/16/2024,1/31/2023,3/26/2024,12/13/2023,12/13/2023,5/14/2024,7/21/2023,9/15/2023,1/30/2024,4/28/2023,12/16/2024,8/24/2023,7/21/2023,1/24/2025,10/30/2024,7/19/2023,4/27/2023,10/2/2025,12/14/2023,6/4/2024,7/28/2025,7/21/2023,10/6/2023,12/11/2024,12/13/2023,9/19/2023,7/12/2023,1/31/2023,12/13/2023,5/14/2024,5/16/2024,12/13/2023,1/23/2025,5/17/2023,12/13/2023,1/23/2025,7/4/2023,12/14/2023,1/30/2024,4/28/2023,1/31/2023,2/21/2023,7/21/2023,1/24/2025,4/3/2024,7/19/2023,1/24/2025,4/5/2024,7/19/2023,12/5/2024,4/4/2024,7/21/2023,1/24/2025,4/5/2024,5/9/2023,9/19/2023,4/4/2024,9/16/2025,5/16/2024,9/16/2025,11/24/2023,9/16/2025,5/16/2024,7/11/2024,11/24/2023,12/16/2024,10/28/2025,5/19/2023,10/2/2025,2/2/2024,4/4/2024,2/6/2024,4/24/2023,12/11/2024,7/20/2023,2/6/2024,10/15/2025
MAX WINNING STREAK (days),19,26,10,27,20,10,21,26,10,17,21,17,15,10,9,21,13,18,22,10,10,27,15,6,22,13,6,28,17,8,19,20,11,29,20,10,31,15,10,15,20,9,19,12,12,23,16,24,22,18,14,17,18,8,39,15,24,27,17,10,17,19,19,13,27,19,15,19,12,6,13,18,18,15,11,8,16,9,11,8
  winning-streak $,22153,86594,47961,24365,71892,61838,36070,82767,45157,16682,47522,100373,14595,41369,111522,43026,51615,157968,41458,51207,169268,36038,59857,52677,41831,35983,13829,57654,65250,60163,21050,55228,36658,40653,56537,53366,43587,61154,48433,28204,57243,35014,23475,52781,166000,47094,52258,252387,43911,63416,200584,23615,64475,156368,68896,52844,321220,38133,64209,186184,53852,103657,53956,75777,79544,89889,60877,159851,71190,60825,37850,136504,78622,197530,89056,68733,27698,28321,89051,69666
WORST single day $,-1473,-5350,-7691,-2000,-5350,-7495,-2420,-5350,-7691,-1915,-3830,-9377,-1995,-4500,-7000,-1588,-4500,-9318,-2210,-5394,-9462,-1455,-6573,-7677,-1675,-3040,-6000,-2420,-5183,-8718,-2240,-8349,-15760,-2120,-8349,-15671,-2210,-8354,-15671,-2745,-8820,-16030,-5745,-17090,-37155,-3285,-12885,-23444,-3785,-18920,-30170,-4405,-19385,-66458,-3915,-18920,-30170,-4530,-19580,-70555,-5530,-7494,-4480,-8955,-4489,-7494,-3485,-8955,-4498,-8023,-5330,-9847,-7373,-10110,-7170,-7825,-6990,-6000,-7170,-8000
  worst day DATE,2/12/2025,12/26/2023,6/16/2023,7/17/2023,12/26/2023,3/26/2024,3/7/2023,12/26/2023,6/16/2023,3/7/2023,12/26/2023,6/16/2023,6/17/2024,3/16/2023,9/12/2023,2/19/2024,6/2/2025,12/20/2023,1/19/2024,2/9/2024,9/21/2023,6/20/2023,7/4/2025,5/23/2023,6/17/2024,5/22/2024,3/3/2023,2/5/2024,7/4/2025,8/11/2025,10/8/2025,2/12/2025,6/16/2023,12/26/2023,2/12/2025,7/24/2023,12/22/2023,2/12/2025,7/24/2023,7/25/2023,1/2/2025,7/29/2024,4/27/2023,4/27/2023,9/4/2025,3/31/2023,12/13/2024,5/23/2025,3/31/2023,9/4/2025,9/4/2025,5/29/2023,7/3/2023,12/13/2024,4/27/2023,9/4/2025,9/4/2025,4/24/2023,7/3/2023,7/10/2025,2/1/2024,1/23/2024,12/7/2023,3/26/2024,7/23/2025,1/23/2024,1/23/2024,3/26/2024,5/22/2024,6/2/2025,5/30/2024,12/20/2023,10/29/2024,12/20/2023,12/20/2023,5/23/2023,3/1/2024,3/7/2024,12/20/2023,4/25/2024
BEST single day $,5456,10944,30406,4713,11863,21142,5191,27397,32448,4580,12078,22028,7298,16588,48491,6885,19998,42083,9330,23937,182284,8860,24681,53288,7635,12122,16908,10260,24462,51137,4570,11458,35381,4713,11863,28041,4988,11865,28041,4871,11250,27977,7665,17751,51759,8015,21723,45876,10230,22395,182284,9635,33472,102779,9888,23335,182056,10260,33472,103044,13566,31150,12083,30228,28063,33017,11004,29126,23201,41506,21220,38372,22687,41409,30010,200202,19839,17879,30010,199492
  best day DATE,6/16/2025,5/20/2024,2/1/2023,7/26/2023,7/28/2025,7/26/2023,6/16/2025,2/1/2023,2/1/2023,7/18/2025,3/7/2024,7/26/2023,9/6/2024,6/12/2024,3/18/2025,6/10/2024,10/29/2025,10/29/2025,5/28/2024,4/21/2025,4/9/2025,2/19/2025,7/7/2025,2/1/2023,5/28/2024,10/29/2025,1/29/2025,12/7/2023,7/7/2025,2/1/2023,10/29/2025,3/7/2024,2/1/2023,7/26/2023,7/28/2025,7/26/2023,12/5/2023,7/28/2025,7/26/2023,5/14/2025,5/7/2025,5/7/2025,10/29/2025,2/28/2023,11/14/2023,6/10/2024,10/29/2025,6/12/2024,5/28/2024,5/20/2024,4/9/2025,12/7/2023,5/20/2024,12/26/2023,10/29/2025,9/29/2025,4/9/2025,12/7/2023,5/20/2024,12/26/2023,4/22/2025,2/1/2023,5/1/2025,2/7/2023,2/1/2023,2/1/2023,12/20/2024,2/7/2023,7/5/2023,11/14/2023,6/12/2024,2/1/2023,8/15/2025,1/29/2025,5/20/2024,4/9/2025,9/20/2023,6/6/2025,5/20/2024,4/9/2025
opens/day,10.15,13.74,16.92,9.8,11.67,13.45,10.81,14.15,16.97,10.13,10.23,14.48,11.7,13.43,14.95,13.36,15.15,18.33,16.98,21.57,24.83,17.06,19.29,16.38,16.27,9.6,5.66,18.7,17.44,18.69,10.14,11.68,17.96,9.89,11.88,15.24,10.02,12.1,15.3,10.52,11.64,15.24,12.1,14.89,18.47,14.15,17.22,21.08,17.07,22.58,30.55,20.51,23.76,31.19,17.65,22.55,27.93,19.28,21.33,28.44,16.69,18.6,13.65,14.57,16.84,18.67,12.66,14.56,15.29,15.91,18.26,19.09,28.46,26.82,22.97,17.77,13.05,6.19,22.94,18.51
NEG days,229/765,271/765,351/765,197/765,263/765,350/765,236/765,278/765,355/765,233/765,306/765,349/765,216/765,329/765,430/765,196/765,297/765,362/765,206/765,288/765,385/765,176/765,291/765,415/765,227/765,340/765,389/765,159/765,298/765,405/765,216/765,268/765,340/765,190/765,263/765,336/765,212/765,276/765,337/765,313/765,327/765,354/765,193/765,287/765,330/765,178/765,265/765,333/765,177/765,250/765,326/765,175/765,272/765,326/765,178/765,256/765,335/765,155/765,258/765,323/765,299/765,356/765,290/765,340/765,293/765,357/765,298/765,351/765,333/765,419/765,300/765,373/765,284/765,391/765,324/765,427/765,317/765,361/765,325/765,426/765
WIN %,70%,64%,54%,74%,65%,54%,69%,64%,53%,69%,60%,54%,72%,57%,44%,74%,61%,53%,73%,62%,50%,77%,62%,46%,70%,55%,49%,79%,61%,47%,71%,65%,55%,75%,65%,56%,72%,64%,56%,59%,57%,53%,75%,62%,57%,77%,65%,56%,77%,67%,57%,77%,64%,57%,76%,66%,56%,80%,66%,58%,61%,53%,62%,55%,62%,53%,61%,54%,56%,45%,61%,51%,63%,49%,58%,44%,58%,53%,57%,44%
AVG WIN day $,972,2724,4818,1004,2740,4772,1222,2840,4796,990,2515,5207,1341,4126,8781,1384,3919,7706,1855,4815,9676,1623,4900,8020,1687,2599,3444,1771,4301,9233,962,2779,5590,1004,2801,5714,1078,2870,5768,1123,2637,5424,1340,4574,11239,1400,4201,9082,1786,5088,11676,1902,5491,18009,1699,5052,11926,1813,5592,18188,2784,4969,2624,4932,2746,5003,2502,4932,4389,8652,3752,7149,5139,8584,5336,9260,3220,3637,5315,9769
AVG LOSS day $,-541,-1708,-2934,-573,-1704,-2748,-615,-1726,-2941,-477,-1356,-3097,-848,-2873,-4828,-660,-2191,-4529,-874,-2778,-4948,-574,-2620,-3679,-714,-1611,-2826,-723,-2121,-4540,-488,-1758,-3844,-563,-1827,-4143,-576,-1791,-4199,-780,-1993,-4299,-983,-4028,-10361,-722,-2840,-6411,-983,-3749,-7953,-811,-3670,-16273,-864,-3700,-7929,-840,-3969,-16979,-1638,-3254,-1529,-3285,-1679,-3232,-1498,-3215,-2903,-5249,-2330,-3948,-3242,-4629,-3099,-4003,-2550,-3449,-3121,-4369
PAYOFF (win/loss),1.8,1.59,1.64,1.75,1.61,1.74,1.99,1.64,1.63,2.08,1.86,1.68,1.58,1.44,1.82,2.1,1.79,1.7,2.12,1.73,1.96,2.83,1.87,2.18,2.36,1.61,1.22,2.45,2.03,2.03,1.97,1.58,1.45,1.78,1.53,1.38,1.87,1.6,1.37,1.44,1.32,1.26,1.36,1.14,1.08,1.94,1.48,1.42,1.82,1.36,1.47,2.34,1.5,1.11,1.97,1.37,1.5,2.16,1.41,1.07,1.7,1.53,1.72,1.5,1.64,1.55,1.67,1.53,1.51,1.65,1.61,1.81,1.59,1.85,1.72,2.31,1.26,1.05,1.7,2.24
(context) true MAX DRAWDOWN $,-8365,-18071,-46317,-4528,-19457,-52345,-5188,-24809,-50557,-5716,-13079,-61978,-7075,-39814,-80124,-6585,-18638,-52904,-7356,-24114,-65142,-3185,-28076,-85225,-6412,-15451,-73417,-5744,-29047,-77423,-4014,-29757,-98269,-4678,-27160,-74743,-6196,-29638,-66847,-10009,-34223,-107195,-9985,-73604,-123224,-6895,-28971,-65132,-8805,-36282,-84662,-4984,-53131,-269272,-8778,-36397,-91621,-7139,-59687,-286781,-22457,-49207,-18857,-46861,-18440,-53205,-20083,-40656,-30438,-112874,-28773,-60093,-36199,-96434,-40422,-131764,-35559,-68281,-41301,-178431
maxDD 7-day $,-4605,-15110,-30295,-4528,-14307,-27848,-5188,-15090,-29749,-4180,-11533,-27573,-7060,-21724,-41509,-5640,-14744,-32834,-6781,-19466,-42202,-3185,-20598,-33530,-5602,-11129,-21333,-4215,-21454,-35996,-3565,-17503,-37138,-4678,-16208,-34287,-5158,-16234,-34010,-7356,-18975,-38143,-9970,-39226,-96367,-6060,-25696,-56100,-8230,-28707,-68000,-4984,-36090,-157096,-8058,-28822,-69503,-6234,-39858,-154875,-17158,-29655,-17206,-35683,-18440,-30306,-14760,-31078,-20559,-38008,-17991,-33887,-30072,-45786,-24921,-34612,-31299,-29769,-24921,-37735
maxDD 30-day $,-6847,-17610,-43595,-4528,-18233,-43313,-5188,-21421,-42740,-5078,-13079,-46994,-7075,-39814,-80124,-6585,-18638,-52904,-7356,-24114,-65142,-3185,-28076,-64477,-6412,-15451,-47711,-5744,-29047,-57285,-4014,-22873,-75654,-4678,-23109,-60390,-6196,-23319,-55405,-8717,-27039,-75384,-9985,-70938,-123224,-6895,-28971,-65132,-8805,-36282,-84662,-4984,-48352,-265376,-8778,-36397,-91621,-7139,-59687,-265875,-22457,-47470,-18857,-46861,-18440,-51835,-20083,-40656,-30438,-99980,-28773,-60093,-36199,-71572,-40422,-69221,-35559,-65076,-41301,-89814
ret / maxDD30,57.5,50.0,22.0,100.2,50.7,23.4,96.1,42.0,21.5,81.5,56.4,23.0,77.8,21.3,10.7,99.8,63.3,27.6,116.0,61.9,27.1,267.4,55.4,19.7,116.0,35.9,4.0,166.5,47.1,25.8,104.3,39.7,14.0,99.6,39.8,17.4,76.0,38.9,18.9,30.0,18.5,9.2,57.5,14.4,11.8,100.3,46.4,27.3,99.1,46.3,29.8,196.3,35.2,9.7,95.5,44.5,26.8,136.4,30.3,9.5,35.8,18.3,42.4,20.7,43.5,17.0,35.7,22.2,30.4,7.9,36.2,22.0,42.7,19.4,33.2,20.4,17.7,3.4,31.8,16.0
avg peak capital $,739,1499,2985,736,1505,2996,746,1503,2986,728,1449,2993,756,1515,2946,762,1550,3116,791,1599,3167,796,1604,3021,778,1417,2445,804,1581,3082,740,1505,3056,738,1512,3061,746,1507,3062,687,1408,3006,761,1556,3102,770,1593,3201,798,1634,3269,807,1618,3251,790,1637,3274,807,1618,3255,1587,2997,1565,2956,1562,2986,1522,2936,1567,2882,1615,3075,1707,3167,1656,2967,1507,2395,1651,3006
ret on capital (daily $/$),0.697,0.767,0.42,0.806,0.803,0.442,0.874,0.783,0.402,0.743,0.665,0.472,0.951,0.733,0.38,1.127,0.994,0.612,1.411,1.22,0.728,1.398,1.267,0.55,1.249,0.512,0.103,1.555,1.131,0.626,0.739,0.788,0.455,0.825,0.796,0.45,0.826,0.786,0.447,0.496,0.465,0.303,0.986,0.858,0.614,1.174,1.102,0.727,1.43,1.343,1.008,1.585,1.376,1.039,1.387,1.293,0.982,1.577,1.459,1.019,0.663,0.379,0.668,0.429,0.67,0.386,0.616,0.402,0.772,0.356,0.843,0.562,1.184,0.575,1.061,0.622,0.547,0.12,1.04,0.626
profitScore ($20-norm),1030,1150,628,1186,1209,663,1304,1177,600,1082,964,706,1438,1110,560,1718,1541,953,2232,1950,1152,2226,2033,832,1944,725,126,2500,1788,965,1094,1186,695,1218,1203,689,1232,1185,685,682,655,456,1500,1335,953,1808,1756,1163,2282,2194,1648,2558,2227,1689,2192,2117,1608,2546,2360,1658,1052,568,1046,634,1047,577,937,591,1209,514,1362,865,2021,910,1757,923,825,144,1717,942
riskScore ($20-norm),-13694,-17610,-21797,-9056,-18233,-21656,-10376,-21421,-21370,-10156,-13079,-23497,-14150,-39814,-40062,-13170,-18638,-26452,-14712,-24114,-32571,-6370,-28076,-32238,-12824,-15451,-23855,-11488,-29047,-28642,-8028,-22873,-37827,-9356,-23109,-30195,-12392,-23319,-27702,-17434,-27039,-37692,-19970,-70938,-61612,-13790,-28971,-32566,-17610,-36282,-42331,-9968,-48352,-132688,-17556,-36397,-45810,-14278,-59687,-132937,-22457,-23735,-18857,-23430,-18440,-25917,-20083,-20328,-30438,-49990,-28773,-30046,-36199,-35786,-40422,-34610,-35559,-32538,-41301,-44907
GOV lossMax $,-1500,-4500,-6000,-2000,-4500,-6000,-2500,-4500,-6000,-2000,-3000,-7500,-2000,-4500,-7000,-1500,-4000,-7500,-2000,-4500,-7500,-1500,-6500,-6000,-1500,-3000,-6000,-2500,-4500,-7500,,,,,,,,,,,,,,,,,,,,,,,,,,,,,,,-7000,-7500,-4500,-7500,-4500,-7500,-3500,-7500,-4500,-7500,-4500,-7500,-7000,-7500,-6500,-7000,-7000,-6000,-6500,-7500
GOV worst floor HELD $,-1515,-5350,-7727,-2000,-5350,-7820,-2450,-5350,-7691,-1995,-3830,-9377,-2000,-4595,-8377,-1588,-4845,-9318,-2256,-5394,-9462,-1510,-7040,-7677,-1849,-3040,-6000,-2505,-5408,-8718,,,,,,,,,,,,,,,,,,,,,,,,,,,,,,,-6898,-9067,-5160,-8955,-4865,-9067,-4269,-8955,-4948,-8023,-5330,-10112,-7822,-10110,-7529,-7825,-6990,-6000,-7529,-9330
GOV days over cap,0,1,4,0,1,4,0,1,5,0,4,2,0,0,0,1,4,9,2,11,12,0,2,6,1,1,0,0,2,5,,,,,,,,,,,,,,,,,,,,,,,,,,,,,,,0,0,0,2,0,0,0,2,0,2,3,5,2,15,2,4,0,0,2,2
GOV covers deferred,30,79,578,6,96,219,0,112,751,1,280,175,6,323,2681,94,977,2825,167,1954,7492,403,475,1192,409,0,0,150,1129,1454,,,,,,,,,,,,,,,,,,,,,,,,,,,,,,,0,180,29,120,128,176,74,110,526,2186,699,1813,668,5207,525,1186,0,0,525,1088
GOV offsets bought,57,203,1092,3,138,921,73,272,1159,0,164,823,23,234,1009,12,207,928,97,447,1304,21,277,1452,76,148,404,15,346,1657,,,,,,,,,,,,,,,,,,,,,,,,,,,,,,,57,909,185,800,319,924,210,811,254,853,217,780,294,1053,431,1448,29,294,427,1483
GOV offset spend $,14895,59032,415342,678,51254,394713,18070,82949,459209,0,57277,358501,5132,69492,385678,6518,77975,381844,24578,161698,514671,8013,91865,632561,26090,56425,180605,5123,124438,743539,,,,,,,,,,,,,,,,,,,,,,,,,,,,,,,15074,336925,55129,320028,92543,348034,70319,323359,76855,313524,67973,309137,88443,412922,141524,599016,9742,129844,140053,600945
GOV opens blocked,345,173,1558,96,290,1894,40,189,1595,47,1390,1017,479,1967,4249,660,1833,2734,559,2025,3740,2522,2946,16917,1141,2933,3587,674,5727,14497,,,,,,,,,,,,,,,,,,,,,,,,,,,,,,,11,958,486,1467,295,974,1259,1458,2150,3890,1486,2511,721,3425,4535,16304,528,3827,4554,15095
WING conversions,129,953,1447,134,918,1422,353,1116,1444,74,646,1579,88,962,1678,103,898,1706,230,1108,1821,133,1104,1537,153,671,1098,154,988,1783,69,852,1978,139,985,2049,224,1131,2088,150,801,2069,70,1104,2455,121,1054,2145,145,1253,2376,409,1380,2565,120,1236,2336,170,1261,2519,1101,1424,869,1446,1150,1463,711,1420,877,1532,926,1505,1362,1643,1130,1474,938,1178,1118,1524
WING spend $,26424,209687,355504,26636,199322,350835,67968,241647,351694,15201,142443,399191,17819,229264,470325,21001,208505,463539,46605,259440,495589,28335,263190,412757,31444,145480,275404,32998,232856,480716,14278,188014,506943,27506,213432,538585,43455,242904,545004,30863,178313,562652,14580,274714,817166,24877,254307,638739,29961,306788,725037,86988,341784,878891,24931,304140,711445,37414,312126,866009,246734,369307,189354,376919,247091,377602,152714,368418,218671,435276,222149,413146,334244,451088,276159,422886,215460,296631,272979,436718
WING days active,91,463,511,115,467,500,240,497,505,68,374,537,77,429,489,84,421,528,161,479,543,103,459,476,122,352,456,119,430,517,63,453,604,118,493,614,178,507,617,126,426,623,62,485,663,98,474,636,120,523,649,242,515,654,100,520,631,130,485,646,491,521,443,508,479,525,406,506,406,479,418,501,509,527,441,465,450,449,437,471

DATE,v0-10,v0-20,v0-40,v1-10,v1-20,v1-40,v2-10,v2-20,v2-40,v3-10,v3-20,v3-40,v4-10,v4-20,v4-40,v5-10,v5-20,v5-40,v6-10,v6-20,v6-40,v7-10,v7-20,v7-40,v8-10,v8-20,v8-40,v9-10,v9-20,v9-40,v0-10-unc,v0-20-unc,v0-40-unc,v1-10-unc,v1-20-unc,v1-40-unc,v2-10-unc,v2-20-unc,v2-40-unc,v3-10-unc,v3-20-unc,v3-40-unc,v4-10-unc,v4-20-unc,v4-40-unc,v5-10-unc,v5-20-unc,v5-40-unc,v6-10-unc,v6-20-unc,v6-40-unc,v7-10-unc,v7-20-unc,v7-40-unc,v8-10-unc,v8-20-unc,v8-40-unc,v9-10-unc,v9-20-unc,v9-40-unc,v0-20-cATM,v0-40-cATM,v1-20-cATM,v1-40-cATM,v2-20-cATM,v2-40-cATM,v3-20-cATM,v3-40-cATM,v4-20-cATM,v4-40-cATM,v5-20-cATM,v5-40-cATM,v6-20-cATM,v6-40-cATM,v7-20-cATM,v7-40-cATM,v8-20-cATM,v8-40-cATM,v9-20-cATM,v9-40-cATM
12/27/2022,90,-1915,-4410,100,-1915,-4410,100,-1915,-4410,90,-1915,-4410,2010,3591,1648,2010,3591,1648,2150,4626,2186,2010,1234,899,2010,3936,799,2010,-272,304,90,-1915,-4410,100,-1915,-4410,100,-1915,-4410,315,-1915,-4410,2010,3591,1648,2010,3591,1648,2150,4626,2186,2010,2296,4905,2010,4286,2186,2010,2296,4905,-2040,-6278,-446,-6278,-446,-6278,-862,-6278,5766,9159,5566,10651,5356,9309,-2200,-2220,3286,909,-2200,-3004
12/28/2022,163,2892,3510,788,4214,3215,-251,2442,-157,468,3504,6466,-469,-2101,-6979,819,-1112,-7279,91,1242,-1807,1758,7891,1572,1015,1141,-4435,2920,5988,-2561,473,4479,7842,788,4214,9458,614,3844,7423,1133,4323,7468,-55,-736,-6081,1359,1989,2591,1768,4058,5517,2290,10163,6835,1283,4058,6292,3203,11869,7378,5206,9906,7290,10949,6367,3167,6157,10949,-3619,-7193,4824,-2772,-3059,-2334,2123,-6910,923,-4430,2123,3112
12/29/2022,1385,592,1349,845,1010,-680,591,592,1349,775,1330,-5160,-1575,1963,-227,1735,4029,826,1623,3305,5309,3521,6339,6790,-1145,-2470,-1179,5909,4789,3893,1385,-440,-2729,845,-440,-5383,591,-440,-5383,1679,-850,-4875,1850,6436,2155,2015,8492,-474,1530,7695,5165,5694,6259,-3399,2375,7695,4916,6509,6253,-3399,378,-3436,-960,-5728,378,-3436,-165,-5728,1900,494,8195,-2990,5601,4463,3535,6866,-2856,-1170,3535,8265
12/30/2022,-320,1009,-4575,-305,1095,-4575,-305,1009,-4575,-270,-220,-6556,360,1090,832,265,-1340,-1380,-340,-1127,-74,-570,9069,-5377,-195,-427,4287,-570,3065,-6114,-320,1286,-6025,-305,1286,-6025,-305,1585,-6025,-150,1066,-649,360,5318,4888,265,540,2431,-20,7233,-507,-570,2146,-24820,-245,7018,-399,-570,9109,-22793,-1038,-3760,-541,-4855,-1038,-3760,244,-4855,765,429,-390,1976,-2717,-3296,935,-5154,-813,2590,935,-7462
1/3/2023,-119,169,1137,-265,2040,-1930,-265,2166,-2613,30,1036,-1934,1355,851,-6022,515,7677,-2227,825,4798,-6668,820,7233,-2340,1876,2542,-560,820,2854,-4991,30,2543,-1234,-265,2040,-1795,-265,2113,-920,-1415,454,-2700,1355,4612,1433,515,5616,-5182,-190,5497,-8840,820,8212,-28749,-135,6597,-8884,820,10425,-29489,326,-1866,-280,-3451,325,-1866,-380,-3451,1868,-2911,3490,-3040,6102,-4706,-5696,-5987,496,-550,-5696,2173
1/4/2023,490,5341,14927,480,7613,17725,880,8948,16423,970,5518,12446,1630,7525,9165,985,4095,7459,1955,5421,7446,1580,7823,19959,1845,4741,4400,1580,-495,8381,490,5518,15274,480,7613,18268,880,9521,17454,1915,5373,14383,1630,7525,13304,985,2995,-2702,1955,5421,11620,1580,3792,-16579,1845,5211,6608,1580,7623,-19840,4936,14627,5345,13272,4957,13535,2945,14258,6480,8750,518,-626,3709,9502,1693,5736,1086,5637,1344,8079
1/5/2023,545,3848,7013,1420,4849,7252,608,4448,7020,1270,3310,6648,1825,1518,3139,1685,2075,417,2314,3597,4592,2475,3072,5638,2324,2014,3845,2625,8029,1661,1270,4936,9132,1420,4849,9057,1555,4448,9116,2410,4919,8662,1825,1177,5298,1769,2075,2927,2314,1904,5166,2268,7445,5157,2414,1904,5166,2531,7256,5157,3781,10151,4179,9348,4297,10151,1454,9348,4554,6121,5705,2375,4183,8742,6776,2233,1579,4060,6776,3175
1/6/2023,-240,-1539,-237,-625,-260,477,-1395,-486,-237,-375,-370,-505,-950,-4305,-6410,-230,-1951,-6391,-50,-4500,-3148,-755,-710,7495,-15,-2250,-5685,-595,-710,9625,-240,-260,-593,-625,-260,-273,-1395,-260,-273,-560,1550,-464,-950,-7190,-9820,-230,-1740,-4566,-600,-2460,-3026,-1685,-1675,-20890,-115,-2460,965,-595,-710,-20890,1598,2841,2920,3958,-1250,2841,2215,3988,-3965,-7160,-745,-4322,-603,3012,-6180,-996,-6800,-4645,-6180,7469
1/9/2023,2826,-1416,-4103,975,-235,-3196,1220,-996,-2810,530,-1055,-5043,-104,-3929,-6040,-785,-3990,1260,-575,-4032,-6229,1015,-1901,-2669,1139,-2060,3076,1010,-2574,-968,1145,-655,-6158,975,-235,-3196,1220,-235,-4796,270,-2425,-7053,-765,-4851,-9971,-785,-5630,1260,-1030,-5680,-16006,2810,-1421,-28669,-535,-5680,-5912,1010,-1330,-28765,169,1715,125,2795,799,3199,-300,312,-3521,-7263,-3965,-7413,-6936,-6188,1076,5573,-2065,4046,1076,4990
1/10/2023,740,-1292,1806,165,-2260,-1780,-140,-1292,1806,265,-190,-2050,520,1248,-760,130,2943,6981,1000,1248,8170,420,1808,13763,745,-1368,3813,420,1808,9890,265,-465,4669,165,-465,3758,-465,-465,3758,-420,-170,1274,520,-82,-2175,130,2943,6981,1000,-82,9071,420,2398,40066,745,-82,9071,420,1808,43625,-1178,-202,1180,-4589,-1318,-202,130,-4589,-826,-853,2463,6844,1629,2727,10298,7140,-221,1169,9973,8535
1/11/2023,-155,-2640,-1770,-65,-2525,2050,-60,-2640,-1770,-155,-1815,2475,-1715,-3930,-4721,-1230,-2750,-4357,-1185,-4500,157,-245,407,10798,-1300,-2075,869,-135,71,5083,-155,-2525,2202,-65,-2525,3845,-60,-2525,3845,-155,-2555,-770,-1715,-10765,-17570,-1230,-5890,-4425,-1185,-7705,-1936,-449,-1590,8995,-1235,-7705,-1319,-135,407,10422,-1384,323,-811,2152,-1715,323,-1411,2192,-4395,-6732,-3001,-1054,-5920,-6081,3653,16343,-3063,-1407,3648,6517
1/12/2023,410,4037,-4320,530,3539,-4320,490,563,-4320,-40,1434,818,860,3684,5259,1020,-96,4705,1315,2883,3418,1230,-445,-5550,970,879,-2655,1250,-445,-5790,410,3587,523,530,3587,-20,490,2809,-20,-135,2688,-2560,860,3684,10307,1020,-96,2788,1315,2883,2590,2514,3093,-21045,970,2438,-133,1280,-445,-24526,739,-298,1025,-1612,2426,-298,2310,-1612,7422,15733,2260,7286,3437,7718,-4024,-348,763,-927,-4024,-2533
1/13/2023,-465,899,3406,70,1538,3981,-510,1706,3406,85,1378,5236,-1900,-3907,-5781,-1005,-2555,-4168,-1830,-4115,-7326,-360,-205,12840,-1470,-2330,-615,-330,-205,-1593,55,1538,4716,70,1538,5937,70,1308,5937,580,-105,5331,-1900,-3907,-15331,-1005,-2555,-2290,-1510,-5515,-6031,-1263,-205,9787,-1680,-5515,-6031,-330,-205,10183,-620,2498,-409,3681,-814,2498,-1763,3161,-3934,-6833,1171,-5,1775,-3246,1067,13024,-4920,2171,1067,17865
1/16/2023,-620,757,-434,365,757,-441,365,1457,-434,-620,30,659,-810,-2620,-5830,399,-2025,-7050,-1520,-3910,-5550,945,-370,-2230,-465,-1925,1616,1915,-1425,-3445,-620,757,2088,365,757,2088,365,1457,2088,-575,-110,2088,-810,-2620,-6735,399,-2025,-9320,-1520,-3910,-10125,2398,188,-14600,-465,-3910,-10125,2385,580,-16200,-1441,-2800,-1110,-4540,-1441,-2800,-1110,-4540,-4055,-4755,-2235,-6615,-3615,-6765,-3765,-5455,-465,4167,-3765,-5115
1/17/2023,1425,387,-3760,1600,430,-5345,1795,-804,-3760,1425,550,-5590,4385,441,4834,3820,1358,7693,3230,9408,4553,2100,-3229,-1841,3925,2991,3840,-830,-3489,-430,1425,315,-7798,1600,315,-11588,1795,-765,-11588,1090,3076,-3259,4385,989,7868,3820,1358,7693,3230,10464,2091,-830,3431,-17618,3925,10464,4424,-830,3608,-17057,-263,-5604,-1643,-6386,-643,-5604,-2875,-6386,-2115,5199,-751,9118,2535,439,-5369,-1151,5982,3840,-5369,-595
1/18/2023,-104,-2924,-2148,380,-980,-1534,570,-2541,-2237,165,-2952,-444,-685,-3422,-6546,-255,-1805,-7381,-216,-3334,-6845,750,-1238,-5977,-1040,-2195,-600,1225,-1218,-6554,165,-1457,-1922,380,-980,-1279,570,-1227,-1159,-105,-1405,-3041,-685,-2535,-12521,225,-178,-8140,230,-487,-11691,1210,-1428,-10518,-20,-487,-11950,1210,569,-10155,-2754,980,-1069,-808,-2171,-2482,-1264,-808,-3755,-7465,-1895,-4323,-2555,-6681,1649,-6634,-1543,65,1649,-7494
1/19/2023,1805,805,565,1375,2099,85,1535,1209,1022,1745,835,696,245,4246,9046,-500,3014,9052,293,2280,6314,-395,9042,-2924,-222,807,1919,-1980,9042,-6206,1805,1641,2201,1375,2099,1436,1535,2099,1436,1550,906,2913,245,3363,28228,-500,241,8951,-1225,-59,20530,-953,9042,-9517,-1555,-127,19729,-2940,9042,-10074,3595,6294,312,6550,3592,6294,794,10272,3941,3207,2178,-175,3840,-4832,6838,-4484,3317,3712,6838,-4637
1/20/2023,-640,-3564,2538,-630,-2216,3331,-630,-3564,2538,-640,-2761,3485,-1595,-4355,-6055,-1375,-3970,-7880,-1840,-4490,-7496,95,5349,3599,-1160,-2270,-1433,95,4316,4595,-640,-1745,3158,-630,-1745,4138,-630,-1745,4138,-330,-1585,-290,-2450,-7375,-19455,-1845,-4500,-7880,-2430,-5535,-11466,95,3734,1706,-2305,-5535,-11359,95,5779,2378,-1951,1912,-178,2630,-1707,1912,-1247,2412,-3840,-6407,-2230,-4535,-3460,-6492,6771,22065,-6780,-1078,6766,23180
1/23/2023,1125,4948,4235,1980,2849,3374,1980,4809,4235,1730,2874,2489,905,995,2012,3385,6465,10686,4543,9528,13551,2865,-4385,-5056,1915,-925,-4440,3190,-4470,-5056,1125,2874,1357,1980,2849,1190,1980,2631,1190,920,3215,1275,1040,4349,20846,3385,6465,11761,4543,13859,15158,4138,-5575,-6200,3125,13714,16272,3190,-5575,-6200,4775,3387,2541,1352,3972,3387,3004,1352,3760,2215,3770,12844,10229,16484,-3932,-550,6931,-1340,-3932,-550
1/24/2023,195,1075,898,697,1383,1532,1122,1870,898,25,236,574,3910,5020,14359,3720,4272,22806,2158,7152,24855,2295,3833,-2073,3035,1688,1929,2295,5564,-2353,195,126,838,697,1461,838,1122,1866,838,195,1164,1266,3910,5487,30866,3720,4272,23515,2158,7152,25297,2295,4936,-82,3035,7152,25297,2295,3833,-82,4135,1549,2572,-608,4929,2851,1581,-608,14406,14091,10997,19521,17903,18364,2798,2202,7371,5318,2798,743
1/25/2023,-125,-3640,7393,-665,-1660,5971,-140,-3650,8607,375,-2970,9506,-290,-3745,-6365,-1300,-3245,-7285,1335,-3886,-7466,-1215,-6215,-3813,-1205,-1796,-1096,-1540,-4495,-5231,-125,-3595,8665,-665,-3595,10936,-140,-3605,10936,435,-1230,2396,360,-3745,-9852,-1350,-5255,-5793,275,-6500,-6754,-1405,-11111,12524,735,-6500,-8139,-1405,-10650,13583,-629,3438,954,4406,-1244,4112,844,3837,-2095,-6320,-2615,-6804,-3378,-5516,-6415,-6945,-1577,-576,-6415,-7405
1/26/2023,-580,-2282,3493,265,-994,6011,420,-2282,3238,-305,-994,6046,-870,-2369,-4565,-585,-2474,-3630,-1175,-1113,4669,75,-855,11784,-460,1327,1539,75,-855,17437,-580,-994,3446,265,-994,6011,420,-994,5941,-375,-303,4409,-870,-2369,-7570,-585,-2474,-3630,-1175,-936,2227,-709,-1164,-2790,-460,-936,2334,75,-855,151,1523,1420,2125,1952,1523,1355,1175,1952,-3907,-7180,-954,-1249,1354,1568,1359,16301,-140,4004,1359,15053
1/27/2023,-974,37,5286,-900,-1330,3473,-900,37,5593,-1115,2480,3816,2625,-2027,-2776,635,5095,11199,5,8890,12630,4740,3131,-1499,1550,-460,1700,5880,3131,-6067,-1115,-1330,6220,-900,-1330,7181,-900,-1330,7745,-820,-2100,5102,2725,-88,4144,775,5095,11557,155,6940,11383,5880,2581,-6477,1675,6940,11814,5880,3131,-6182,121,5242,-1010,5412,51,5362,-1925,4233,546,-7225,3930,5836,6827,15774,13625,-4226,3885,-845,13625,-1439
1/30/2023,-435,-2725,-5351,-240,-1080,-1730,757,-2725,-5351,-435,-1000,-6301,680,-512,-6248,680,-2540,-4086,695,-1575,-5067,890,485,17960,710,-950,-2934,890,1564,23611,-435,-1080,-3221,-240,-1080,-1981,-290,-1080,-1981,-665,-3655,-4255,680,-1736,-14670,680,-2540,-11112,695,128,-3593,890,461,8114,710,667,-2287,890,1121,10508,-1345,-2358,6,1654,-1345,-2358,6,1654,-706,-6795,4967,149,4677,-1502,11914,4969,1191,-2924,11914,5324
1/31/2023,-590,-1052,-889,-1180,-655,-700,-1030,-1012,-889,-590,-732,-2912,905,-2307,-1535,4576,1285,4683,4347,6035,4236,1240,6413,8501,727,-2540,-2910,1240,5273,11865,-590,-655,-1082,-1180,-655,-815,-1030,-615,-815,-945,-1210,-1340,905,-5625,-12969,4576,1285,3006,4347,1682,3667,1240,4402,43014,4377,2677,1519,1240,6370,44779,1558,-1431,-1730,455,1558,-1431,-1630,455,-618,2939,1031,3872,4815,7030,-1303,-360,3338,-2321,-1303,-360
2/1/2023,810,2323,30406,820,3355,11000,367,27397,32448,1155,4190,10350,865,5238,6050,865,6787,36749,1570,7642,19205,815,7688,53288,1350,4150,276,1300,6330,51137,810,3065,35381,820,3155,13505,735,2940,15500,1620,7665,12891,865,5596,5504,865,5880,35071,1570,6810,17400,815,7252,23170,1350,5940,17480,1300,6382,23370,1288,31150,2601,12581,28063,33017,3701,12381,4540,7397,4932,38372,4165,38403,8259,43295,2195,751,7314,40471
2/2/2023,-240,2806,11318,400,3184,14623,1445,3002,15833,365,1642,12254,2360,-1185,-984,1260,5365,13855,2523,939,23362,900,-1325,1047,2492,-7,-3023,895,-2090,1125,680,3187,16245,710,3184,17712,710,3027,19001,135,3280,13276,2360,8505,25186,1260,7870,26754,2570,10022,41499,900,-3170,-5197,2265,10022,42469,895,-2190,-5197,6130,13488,6008,13320,2091,13986,1591,8988,3396,13351,4539,25285,12583,36383,-1990,4807,8350,357,-1990,2305
2/3/2023,954,-1297,6140,385,-1305,6713,219,-2256,6651,1195,-2025,3546,-795,-90,-6161,570,-420,-3255,271,-1589,-2113,-240,10985,-4896,-1427,-1270,-4520,-90,10550,-7115,1120,-1420,4425,385,-1305,7054,385,-1405,5587,450,-409,5047,-795,-90,-8782,570,-420,-623,1050,-2025,2887,-90,8643,-4451,810,-2655,1551,-90,10985,-6444,-8,2026,350,1792,-436,1650,715,1932,-157,-5834,749,-450,-1672,-5072,6227,2687,-2090,-175,6327,-3980
2/6/2023,-245,1866,-569,-390,730,-657,961,921,-5012,-245,1675,-1584,-291,6382,16046,-341,5021,6486,-80,7441,3739,339,6248,-4114,-140,6854,6199,339,4630,-4851,-245,1675,362,-390,730,-5213,-390,730,-5213,-370,-2840,-1459,-291,6382,16046,-341,5021,2689,-80,7441,11669,339,8042,-16612,-140,6493,11317,339,6248,-19353,-240,-3404,-714,953,-583,2009,354,-843,5408,15412,11828,12131,9525,7364,1086,-4319,3392,13265,1086,568
2/7/2023,1045,3490,10760,270,2175,5305,-125,281,5848,1625,3350,13006,960,801,18710,1335,2003,26881,935,2150,28225,355,2842,10880,995,-1535,1558,100,2765,19279,1045,3490,8093,270,2175,9445,39,2351,4195,2260,4015,24195,960,801,20168,1335,2003,9014,1600,3200,10764,105,1387,44630,1335,2000,27999,100,3190,30860,1657,27440,2815,30228,4002,17857,3181,29126,1318,9972,3790,16460,6278,29346,11299,12832,318,1964,10402,8687
2/8/2023,-250,1516,3265,-275,1491,-3931,-275,340,3265,-250,969,-304,1180,-3820,-2298,2410,6710,7183,-230,8913,5749,2505,10273,11770,775,-2330,-4655,3045,14559,16798,-250,1700,1724,-275,1491,-1186,-275,306,-1186,-500,1039,-1936,1180,1575,-9240,2410,7043,7977,695,12768,10422,2026,7295,30491,775,12768,11428,3045,10273,32851,1663,-216,1389,-4126,1913,-216,1389,-4126,-665,-7185,10774,4894,9178,-1304,15232,11410,1255,-4800,15227,31400
2/9/2023,970,-1218,5159,1315,-230,5414,1430,-1353,5159,390,-1517,-2508,-430,-4300,-5990,1035,2395,-3377,467,553,-7673,920,11079,7812,257,-660,-1633,1065,8661,12482,970,-230,5180,1315,-230,6262,1430,-365,6262,1355,-800,-4534,-430,-4095,-26630,1035,2395,-5627,650,2063,-4137,315,15484,5900,440,668,-3327,315,18495,7752,-310,2349,460,3739,460,2349,110,2215,-3665,-5557,-2485,-1620,-3930,-5285,466,746,481,-2111,466,1776
2/10/2023,1164,-1463,4585,1390,-1274,4812,1390,-1933,4585,1450,-1316,5542,2140,4897,15107,2255,2695,6819,1875,3301,9667,990,-692,-4711,1720,3485,6413,990,-1529,-2450,1450,-2321,5688,1390,-2030,5032,1390,-2270,2821,-55,-1677,6833,2140,4780,17304,2255,2250,7397,1875,555,6780,990,-16311,-27664,1720,620,6715,990,-16780,-27600,1925,8638,-134,6207,1971,8638,-34,4777,2566,10673,4464,2952,3597,3400,-58,-2156,1281,1542,-668,-3430
2/13/2023,1575,-558,-2127,245,-1244,-1252,1611,-558,-2127,1575,-1244,-1684,-1590,-2370,-1466,-500,5944,8800,-215,-686,12552,1837,-4127,-4206,-1005,-73,-156,255,-2077,-5186,1575,-1244,-384,245,-1244,-1374,300,-1244,-1374,2936,684,4369,-555,10166,16796,735,11538,14583,-960,13009,20513,1474,1110,5086,-135,13009,20789,205,-1976,4436,1887,360,-1259,1194,754,360,-9,-1216,-300,-21,7331,8127,13627,12847,-270,-1627,1357,2463,-270,-1024
2/14/2023,1110,2377,-3035,1745,3129,-2297,1810,3907,-2920,1160,1800,46,165,5121,-787,1160,15965,14944,3785,4235,9568,4925,5433,16494,3305,4323,2577,4920,5433,9250,1110,2377,-1100,1745,3129,370,1810,3907,265,1560,1485,447,165,5121,-1663,1160,15965,14944,3785,4235,9568,4925,5433,28849,3305,2910,15045,4920,5433,27588,2329,-2386,4379,-1645,-496,-2496,4464,-1645,3745,1797,8700,11904,10870,18062,13216,30892,6596,17302,13001,30892
2/15/2023,-1123,378,3851,30,-341,1547,-478,378,3851,-125,-946,5276,-1195,-2417,-5696,2115,-3875,-2197,-1039,-3471,-2065,50,3578,11263,-1418,-2290,-3773,50,2658,15594,-125,-341,3969,160,-341,5724,225,-341,5724,535,1626,807,-1195,-3000,-5007,2115,-1661,-394,2140,-3005,-3345,-465,1951,13269,2500,-3925,-691,50,2658,15134,1209,3854,1766,2342,1259,4055,921,2342,-1559,-3685,1669,2661,2479,2067,4791,2268,-2888,-2072,3516,2927
2/16/2023,-115,833,3141,285,798,2145,285,783,3701,375,443,1466,440,2622,-6223,-185,1855,5238,930,1298,-4768,-1020,5443,11123,935,975,8519,-1020,5033,-4284,-115,833,-304,285,798,1456,285,783,2026,-165,2003,3571,440,2825,-9445,315,3680,-12745,930,2900,-12871,-2392,3701,-43746,935,2320,-10600,-1020,5033,-43100,-3875,-643,-2395,2874,-1333,-1517,-1910,504,-1285,-6538,940,1051,-3657,2996,-5474,-5326,2019,5051,-5474,135
2/17/2023,520,-1265,6676,500,737,8800,485,-1719,4438,325,-366,6909,385,825,-3377,135,-985,-2596,85,2380,-5579,-1105,2970,-4075,135,1491,3893,-1635,-4482,-4410,520,-561,6806,500,-222,8227,485,-333,5203,330,-1231,5291,385,825,-4563,135,-985,-4206,85,2380,-12352,-1635,2427,-20879,135,2380,-16253,-1635,2695,-20879,-494,-1044,301,2049,-447,1553,547,959,-3412,-6279,-2547,-7352,2255,-916,-2830,-3133,27,1986,-2830,-5664
2/20/2023,355,1810,2129,1335,1810,2129,1505,1810,2129,355,55,3317,-225,-1820,-1700,130,2600,4219,390,2735,4508,635,4400,2129,140,-2110,-4155,1745,3505,3784,355,1810,3297,1505,1810,3297,1505,1810,3297,470,1765,3297,-225,-1820,-3630,130,2600,4623,390,3535,5158,2070,18570,30798,140,3535,5158,2070,18570,30798,-1775,-1733,-1775,-1680,-1775,-1733,-1775,-1680,-1195,-2485,-2170,-725,-3174,357,365,-2825,-3010,-4155,365,-1825
2/21/2023,-670,-2110,-2160,534,47,-1273,-1019,-2110,-2160,414,-1490,2006,-1150,-4356,-4359,-300,-2186,-5303,-239,-4253,-6627,155,2524,12140,-1339,-2607,-4420,150,1184,13871,4,47,1812,659,47,3350,659,47,3350,-1025,-1686,-15,-825,-7465,-35015,-300,-3829,-8090,375,-4408,-19918,-1040,1527,4540,-690,-4408,-18177,631,2412,7323,2399,5185,3748,6958,2366,5185,3257,6958,-4405,-7497,-347,-4629,-6810,-7464,3008,28369,-2374,-4415,3003,24073
2/22/2023,50,3643,5420,105,1726,1672,105,1698,5420,50,548,458,2008,5480,17232,3830,6686,6768,1520,4704,13136,500,7418,-2174,1325,1065,-186,1375,4173,-6036,50,2557,2492,105,1607,2009,105,612,2009,745,-1453,-1078,2855,7335,20802,3830,5957,9499,1545,13032,22079,833,14482,-8163,1445,12802,23305,1395,15157,-8163,1901,336,1269,-2297,1901,336,838,-2297,4288,14408,4777,9823,4714,543,8940,-152,2439,-186,8900,315
2/23/2023,-510,3040,4652,85,3040,5014,2763,3040,4652,-260,2854,6038,-680,86,10856,-1270,-365,5540,-395,-2515,10626,-1405,-2934,-5638,-1040,-390,6652,-2245,-844,-5392,-245,3040,5991,85,3040,6492,-10,3040,6492,-620,2331,5441,-680,395,8495,-1550,-1600,1115,-395,-4535,1287,-2245,4209,623,-825,-4535,4285,-2245,4770,-433,988,2380,3363,1394,1227,2215,1012,272,963,17230,-2700,10447,-2980,12238,-2826,-5140,1682,8644,-2826,-5578
2/24/2023,1274,2488,-3122,521,2629,-299,486,3707,-3122,-40,3232,-1887,115,6974,21226,-109,2511,5802,960,1297,3256,-85,-4880,-1129,1015,2660,7342,753,-2156,-2385,-40,521,-4006,521,521,-6237,-104,-579,-6237,-335,1001,-586,115,6974,24653,-109,4123,7384,960,2084,15534,753,-3353,-9096,1015,2084,14919,753,-3231,-11345,2529,-2347,3591,-1467,2729,-2347,1217,-1467,1397,8475,-854,-709,-235,1088,-6020,-4394,961,4177,-6020,-7145
2/27/2023,950,2911,4919,990,4603,1266,2228,3452,-642,950,5329,-344,875,-1135,149,255,-40,736,810,-4480,-3995,2368,-4716,-5670,176,-946,-2022,2922,-3815,-5436,1565,4658,739,1605,4603,-105,1605,4474,-105,490,3076,6858,875,1271,7910,255,1060,9249,1525,-3834,1784,1848,-5577,-5044,1135,-4459,2356,3135,-4645,-3395,1761,-1045,1960,-524,1761,-1045,2736,-524,1763,6725,498,-1633,916,-1271,5603,-6985,4020,-2022,5603,-3395
2/28/2023,3683,5862,-351,3765,4677,-1272,3668,4857,-351,3538,5188,-1122,3775,13745,12381,2367,14474,3427,3958,14539,5243,3720,12933,-1788,3235,6894,7413,4775,12933,-3454,3683,4425,-764,3668,3420,-1413,3668,3420,-1413,1165,2166,-1929,3885,17751,21661,1892,15467,9401,3883,13649,9420,5921,12933,-7213,3343,13649,9420,4775,12933,-12447,-2259,2027,1883,-1795,-3399,2027,4583,-1795,9870,4553,7119,-104,3092,3509,1350,-6756,4276,8383,1350,-6526
3/1/2023,-1335,3191,-1601,-1145,1853,-1974,-933,3508,-1601,-1285,-435,-4106,1860,3198,-517,2860,5570,14206,1585,7758,6161,2129,9355,7278,2332,3180,-389,2283,8803,7773,-1285,4069,-1917,-1145,4069,-4326,-155,4924,-4326,-1105,1479,-3496,1860,3286,8854,2860,5570,14370,1769,9207,10328,2283,8320,7512,2332,9207,12253,2283,9355,7773,2916,-3897,-80,-5304,2835,-3897,-820,-5304,5290,9434,1638,14087,6258,6936,9698,22338,5088,-389,9698,22338
3/2/2023,-175,1968,6854,-140,3115,8054,-140,1968,8114,-175,-2600,7609,-1600,-4459,-6978,-1395,-1711,-7453,-1560,525,-66,275,3941,39126,-1360,-2155,-4475,865,3259,32147,-175,3115,6854,-140,3115,8389,-140,3115,9009,-1065,3130,3324,-1700,-7710,-22895,-1640,-267,-3050,-1560,-700,-3381,24,4575,9475,-1960,-725,-1270,975,4940,9811,678,4820,1275,6657,483,5359,595,6629,-3842,-7495,-1500,-2794,-4806,-7497,2084,28096,-6895,-5205,1914,37163
3/3/2023,-1025,1364,3713,-50,2415,7729,-264,1364,3713,-530,940,8089,-270,-3683,-6995,280,-2737,-1794,964,-4456,-5310,760,3942,14399,-525,-2021,-6000,870,2682,15993,-390,2415,8073,85,2415,8073,85,2415,8073,-15,-146,8114,-270,-6696,-14827,280,-3310,-1219,964,-4915,-4224,-248,4313,9153,-180,-4915,-1998,870,5238,11921,1666,4567,2961,6973,1479,4567,2401,6973,-4283,-7398,75,1024,-2906,-1822,1435,18731,-2670,-4670,1435,18919
3/6/2023,675,133,-66,571,241,785,413,-379,-66,-275,241,780,-800,-3772,-6995,-1130,-2748,-7481,-885,-4488,-7484,165,-1555,-4380,-1080,-1326,-1717,165,-1555,-4380,675,241,-66,571,241,785,522,241,785,-1945,-1114,75,-800,-6410,-19230,-1130,-2748,-19375,-885,-8450,-22023,165,-1863,-4380,-1295,-8450,-22725,165,-1555,-4380,-395,2465,-395,3198,-395,2465,-395,3183,-4490,-7232,-5000,-7937,-6469,-6665,-461,-6255,-6830,1570,-461,-6375
3/7/2023,-1390,-2512,-3890,-1875,-2095,-2408,-2420,-2512,-4605,-1915,-2115,-1897,-421,44,-3898,-1040,1287,2500,-805,-226,834,905,10652,11077,-525,-518,-5030,1120,6042,12515,-1100,-2095,-4322,-1195,-2095,-2704,-1035,-2095,-2704,-2610,-2000,-5113,20,397,761,-140,1165,5450,335,3255,2397,-370,1268,769,140,3210,3165,1125,2685,744,-5124,-5705,-3605,-5172,-3884,-5705,-2365,-5172,3000,4842,6161,4230,5401,4650,1030,-2025,3325,-5410,1030,-2025
3/8/2023,849,260,2264,635,-35,2138,825,1769,4573,494,-687,-751,365,7503,18074,610,6574,21988,-665,11240,16767,365,9600,-1781,-695,7000,9440,365,9600,-1573,849,-550,198,635,-35,-247,825,-22,6498,99,3214,6454,365,7503,20475,610,6574,22168,-665,11240,14554,365,4247,-2371,-695,11240,13564,365,9600,-2371,-2674,804,-1932,5950,-1386,2625,-802,1551,9759,14058,7269,19634,7418,10450,-3105,-5290,4244,6489,-3105,-3403
3/9/2023,415,22,636,300,246,-2172,300,22,636,415,-112,-1158,-1495,-3715,-6595,-1105,-3890,-7447,-840,-3697,-7283,215,-5835,-5810,-1040,-1751,-1023,1215,-4195,-7360,415,246,-1521,300,246,-199,300,246,-199,-535,-1429,-3718,-1495,-10875,-25011,-1195,-8330,-19657,-495,-10855,-25100,644,1460,-19565,-820,-10855,-24343,1215,1670,-20820,-334,-2760,-334,-2166,-334,-2760,-334,-2166,-3685,-7305,-4205,-7445,-6464,-7461,-6020,-6455,-3621,-827,-6020,-6636
3/10/2023,-1105,1200,4329,-1025,996,4239,-1653,1453,4129,-995,-2162,4439,150,-920,6162,210,1926,4125,390,4066,6982,-115,2231,-837,15,-88,469,880,826,-294,-890,800,3571,-985,1310,5743,-1175,1620,5743,-1285,1571,797,150,-920,5000,210,1926,6335,390,4371,3606,-259,1857,3573,15,3766,3730,980,3652,6267,1562,4452,2422,5448,-2399,4452,-3215,5448,1125,12518,192,10761,3571,9402,96,14629,2335,3735,96,17730
3/13/2023,290,4436,15364,10,2304,17559,10,1748,5526,290,2172,16518,1638,3510,8599,450,3832,-1144,2283,3452,4237,443,1873,1514,1913,1938,1779,443,1514,463,290,2334,3520,10,2304,11639,10,2349,3691,0,-60,3121,230,4261,12424,450,3832,3490,875,895,-355,1851,4787,-13692,505,720,3632,443,1712,-10834,1881,5066,1483,13367,2029,4866,2343,11260,6159,7683,7158,6393,3349,-674,2395,4276,3024,4211,2390,4355
3/14/2023,317,6150,11693,1415,10794,12022,1415,5915,11693,695,6260,12392,2910,8089,13395,1125,3917,15623,5060,8847,17412,4590,6855,1946,4710,6888,8478,5335,5345,1665,695,6150,12037,1415,10794,12037,1415,5915,12037,1070,6125,12093,3210,12239,32608,1125,4716,21251,5060,7830,32075,4038,6642,18021,5285,7830,29285,4340,7445,16530,4025,12266,4025,12266,4025,12266,5005,11476,2264,9154,4000,14739,15049,34587,4267,-1363,4421,8056,4267,-1702
3/15/2023,20,-773,-4155,25,430,-5540,170,-2482,-4155,20,644,-6950,2110,5428,8067,440,4038,8046,1240,7568,13786,390,2882,11071,1035,1897,1673,390,2570,10843,20,572,-7556,25,430,-5320,170,-1739,-5320,-195,-3034,-7305,2110,5428,7961,440,4038,9493,1240,8840,13786,390,2882,14329,1035,8220,15742,390,2882,14952,3182,-3352,3717,-1695,1644,-3352,2232,-1695,5338,14930,3190,5250,10100,6760,13484,13972,4823,-158,14224,9983
3/16/2023,-1030,-2054,3632,-1025,-530,6926,-1025,-2134,7367,-1030,-440,6903,-1695,-4500,-6025,-1165,-3020,-7061,-1422,-4496,-5885,120,-1647,-5220,-1215,-2225,-184,445,2653,-4416,-1030,-440,6709,-1025,-530,7633,-1025,-520,8267,40,1321,6844,-2155,-9275,-15310,-1810,-4605,-4863,-1125,-8125,-10132,485,-1773,5742,-2040,-6045,-8220,485,-1322,6407,-342,7840,485,7402,-511,7784,725,8528,-1430,-6600,1522,-698,-2923,-4382,-760,-2975,-6260,-3143,-760,-3308
3/17/2023,585,5550,8699,815,6521,7523,815,7150,6999,585,5757,6963,3590,6317,22720,3555,9789,16185,2673,7128,17999,988,10792,-4959,2433,2915,860,988,9472,-4921,585,6702,6822,815,6521,6963,815,6547,8320,-395,5372,3397,3590,8355,27062,3555,13205,38623,2653,7950,27815,988,9910,41695,2433,7950,26773,988,10792,40698,6906,3858,7359,5429,6755,3858,6480,5429,13734,26009,12738,4406,12030,7883,6872,-6133,5205,725,6872,-5676
3/20/2023,1177,1290,101,1021,-652,-3565,1207,1290,101,-35,-2957,-1192,115,700,3723,50,-2337,10693,-1091,-2581,2600,-120,5283,-5935,-400,-795,-291,-740,3065,-5295,916,1031,4122,1021,1031,5440,931,1031,5440,105,-763,5592,115,1038,1421,50,-1831,6526,-925,-991,7249,-1375,3185,19417,-755,-991,3349,-1880,3560,20362,3598,1014,1835,1048,1585,1014,377,1048,870,451,869,7793,-1055,5471,7255,-6960,781,1129,7920,-7325
3/21/2023,-115,514,-5995,-165,-3535,806,-165,514,-5995,-120,-515,1211,-1740,-3239,-5493,-1470,-3995,-5344,-1895,-4453,-1421,1575,-710,15621,-1410,380,3946,1575,1133,12567,-115,-4350,-11411,-165,-4350,-9050,-165,-4350,-9050,-125,-800,-12685,-2805,-4550,-10354,-2895,-5020,-874,-2375,-4970,-7147,1001,-11050,15133,-2850,-4970,-6336,1575,-9559,16443,7432,-389,-2150,2219,3776,-389,-1377,2219,-3849,-6968,-3945,-4404,797,-1747,11936,3196,1944,556,11936,980
3/22/2023,1015,3251,6168,430,2717,2433,1080,3136,4076,885,3417,3653,1850,2676,3366,1265,5621,5922,2225,4209,22571,895,3482,14973,1524,1325,-1435,1020,3227,7165,1250,3727,4558,965,3682,3677,1375,3612,3518,1945,5257,2457,1850,4219,34814,1265,5849,9020,2210,4882,9767,970,3083,6975,1860,4732,7339,1020,3477,7165,2309,2763,2726,518,1515,3449,1455,3358,114,25,700,14588,7853,17887,8352,5111,-780,-3710,7992,5166
3/23/2023,495,2524,10744,300,2499,10744,300,2499,10649,495,3047,9114,385,-3215,-3523,-90,-2860,-4994,820,1867,-4460,1325,2170,247,-227,1840,3,1670,3280,21385,495,2524,10744,300,2499,10744,300,2499,10649,2681,4175,8474,-205,-2950,-5152,-190,-1555,-8235,820,-1552,880,1261,1366,35054,475,-1967,-2913,1670,515,34254,3808,13616,3808,13686,4487,13616,3843,12051,-1146,-3401,-65,-3479,-1226,-3311,8949,-5473,3813,1734,8549,-5998
3/24/2023,-1205,-4003,-2635,-1340,-3815,-1761,-522,-2424,-2175,-1205,-2765,-375,-1725,-4281,-5308,-1260,-3965,-2454,-1725,-3788,-4151,-205,-2947,875,-1265,800,-396,190,-3007,265,-1205,-3750,-3399,-1340,-3815,-3171,-498,-2971,-3529,-1185,-3605,-3949,-2180,-7035,-14458,-1700,-5315,-4124,-2005,-3788,-11716,2065,-957,-1009,-2065,-3793,-11606,2065,976,557,-3344,-4548,-2899,-3574,-3560,-3844,-3055,-6420,-1560,-7112,-2590,-1057,-3804,3809,-920,7547,-2077,92,-920,7547
3/27/2023,375,366,5859,885,-405,6510,955,366,7192,390,-405,910,-230,-1484,-4838,-1095,2285,1982,2337,1280,499,3290,2720,13671,-1310,-471,-4575,1310,4138,20819,375,-405,1567,885,-405,-664,955,-405,-664,210,-1605,-6975,-185,2943,2303,-950,1253,6851,-830,2731,10242,3809,-635,28816,-940,2731,8451,4117,1685,28816,-1374,7136,-1447,7136,-666,7136,-2411,7136,2018,-7383,2245,495,3218,-3524,-5977,-4945,947,-4575,-5977,-4945
3/28/2023,215,-216,1429,445,1807,2847,445,-216,1429,215,455,3296,629,-2230,-709,704,1147,-537,2212,3339,-2691,1505,2416,-2624,1787,1177,3461,2128,4771,-4037,215,1807,6362,445,1807,7941,445,1807,7941,476,1115,12789,629,-1260,1414,704,1147,-1827,2212,3007,-4308,2313,1252,-5184,1680,3046,-3975,2128,2707,-5184,530,2730,-16,3109,-715,2730,301,3109,-1321,-5426,175,232,-148,4277,2320,1993,1838,3873,2320,3120
3/29/2023,-100,-4431,-5875,-550,-3295,-2725,-1129,-4431,-5875,-580,-1655,-3377,-265,-1730,496,-110,-1985,1071,-95,-603,-5094,460,-1238,7142,-70,-1375,-761,640,-1478,3194,-655,-2507,-2207,-1150,-2507,-296,-960,-2507,-296,-985,-2170,-1625,-265,-1795,-4573,-110,-1985,838,-95,-603,7893,640,-1369,30903,-120,-603,7893,640,-1369,32158,-189,-2412,783,-450,-411,-2412,1818,-450,1212,-5250,155,690,1584,2620,5354,10819,-1835,-1195,5004,5646
3/30/2023,50,5434,6729,582,5108,5917,1648,5359,6729,140,1802,6335,4380,4282,3478,1672,3739,-1583,407,6571,427,2409,-2500,-4260,668,3226,2134,1617,-1955,-6197,140,5917,7047,932,5842,3152,932,5842,3152,-960,204,430,4380,6529,18864,1690,4780,6132,908,7135,11084,409,-11050,-3938,1113,7135,11084,950,-11050,-3938,4269,407,210,2039,3107,407,-355,2039,-413,1326,4136,-2901,4197,-3809,-4225,-2137,4729,3761,-4225,-4587
3/31/2023,-1097,-2589,-705,300,-1644,2213,300,-2589,-705,140,-1649,4791,-1990,-4220,-6495,-1445,-3495,360,-1615,-4430,-7495,-290,2439,18599,-1480,-2150,-4360,-160,1507,4237,-20,-1644,4161,300,-1644,5222,300,-1644,5222,-10,-2558,1922,-4890,-13455,-30260,-3285,-4555,-5931,-3785,-12535,-19175,-806,-503,2975,-3070,-12535,-19175,245,1280,1127,-726,244,-29,590,-1296,244,-599,590,-3805,-7025,-4440,-2463,-6983,-7618,4112,14720,-6865,-5235,4112,9950
4/3/2023,625,540,2686,852,-1545,3162,852,540,2686,625,-515,3162,380,2442,-353,530,-993,-6376,-310,76,3420,-390,-6228,2704,280,1676,2130,-1300,-4458,861,625,-1545,3775,852,-1545,4889,852,-1545,4889,774,-399,4257,380,3129,1004,530,-993,-8182,-310,416,-4584,-224,-10277,-28549,280,416,-4812,-1055,-12918,-26558,-1311,1801,-1285,2686,-1251,1801,-1285,2686,-1697,22,1375,-5622,-1491,-3815,-1297,2402,237,2307,-1297,6191
4/4/2023,-513,4193,-1145,72,2396,3545,-189,4374,-1145,-78,884,2880,1107,2232,3528,2525,5639,17340,1980,9314,18136,2154,10342,8620,1709,4094,4325,2154,16639,16593,-78,1921,1187,72,2396,4375,77,3156,4375,-935,-1056,1996,1107,2232,8580,2525,5639,17340,1980,9314,18348,2154,8291,59639,1709,9314,18453,2154,10342,59639,988,-148,1253,-1728,1775,-148,-194,-1728,2832,8656,9485,24812,5390,18383,4115,3427,2402,8773,4115,12067
4/5/2023,-25,-934,10577,-470,-73,10265,-470,121,10107,-25,417,11598,-775,-3885,-6605,-55,-2031,-2496,-1240,-3008,-6337,-1425,-4445,-5725,-640,-825,-4465,-1980,-3430,-5725,-25,-25,11988,-470,-73,11727,-470,123,11788,-10,1790,10957,-775,-2150,-1499,-55,-3446,-2620,-1740,-7305,-7156,-405,-4445,-7513,-1285,-7305,-8720,-405,-4445,-10105,1454,5274,1464,5264,1369,5264,2474,7249,-3615,-5840,-2150,-6660,-2051,-6146,-2210,4297,-82,-140,-2210,4297
4/6/2023,1357,-3938,-3940,735,-3235,-4350,-18,-3938,-3940,-245,-2270,-3136,-505,-4310,-6483,-55,-3220,-6638,-185,-4290,-6600,2660,-6040,-5895,220,-2140,-2823,2660,-4310,-6600,-215,-3235,-4390,735,-3235,-2835,735,-3235,-2835,-605,-3640,-3343,1180,-8329,-18248,-55,-8515,-3095,230,-7039,-8311,2467,-4318,-19503,320,-7039,-6554,2660,-4140,-18459,-488,-2143,2,-1830,-638,-2143,-2110,-1830,-3890,-6878,-3490,-6670,-6766,-6710,-3270,-6710,-6635,-5665,-3270,-7495
4/10/2023,1215,-2686,-1266,980,-1785,-5025,825,-2686,-1266,985,-982,76,105,-2549,-6021,1516,-3960,-7495,-1125,-3995,-7380,81,-6165,-4469,-235,-2950,-4375,2009,-4500,-7385,1060,-1785,-831,825,-1785,-15,825,-1785,-15,1195,-962,-364,105,-1974,-6382,1636,251,-4597,-1175,-4765,-3572,225,-7808,8017,866,-4765,-5122,2246,-6534,13299,-2989,-4329,-2286,-2502,-2989,-4329,-1815,-2502,-3835,-6815,-4500,-7460,-6501,-7500,-6380,-6940,-6465,-5485,-6380,-7485
4/11/2023,-1050,3071,-3184,-120,4642,-2842,805,3746,-3184,-1060,2848,-2902,1010,3224,13513,1100,6324,16898,1205,7326,21047,2485,11358,5099,1405,3264,6828,3265,9873,5021,-1060,3375,-2942,1030,3961,-3096,1030,3961,-3096,-795,2356,-3449,1405,3392,28223,4870,8421,25445,1205,9539,34786,1230,11620,8603,935,9539,36272,1230,11903,9410,4808,-2383,3765,-1984,4808,-2383,3765,-1984,8187,9635,2290,9032,5679,10912,145,243,2522,10603,145,58
4/12/2023,30,60,-3417,485,1865,-3305,241,-872,-3417,345,2180,-2350,474,-3013,-6288,1475,-1850,-5914,1340,-3790,-6519,955,3588,-6042,1025,-2095,-2822,1075,1865,-8390,350,1865,-6811,485,1865,-7655,635,1570,-7655,-380,-1280,-9645,885,-2805,-6101,1375,-1870,-6610,1685,-1070,-6752,965,5502,1669,1475,-1070,-4285,1075,5655,3535,-1690,-1145,-1105,-1535,-1794,-1145,469,-1535,-972,-7485,2887,-7440,481,-7449,395,-7040,5073,-2817,395,-7190
4/13/2023,1465,1658,2476,1860,3445,3430,1860,1658,2476,1620,-225,3873,-1851,-4450,-6995,-35,-3990,-7786,-1896,-4465,-7500,2599,-580,12562,-1199,-2240,-4445,-30,-580,-3299,1465,3445,1810,1860,3445,4393,1860,3445,4393,852,-493,3480,-1481,-12285,-22500,-35,-5350,-5283,-1370,-7260,-14470,-1804,-1182,-4401,-710,-7260,-13825,-275,-580,-4401,643,3127,2087,5343,480,3127,2087,3548,-4470,-7440,-4100,-5661,-6990,-6336,5492,-2734,-6615,-5330,5492,-2734
4/14/2023,-530,3199,3812,-1290,2220,-542,-1290,3179,3812,-1040,2290,4657,100,-705,200,-25,1640,-3490,-155,-4490,-2147,-765,5402,2153,80,300,-1400,-370,3067,-1206,-1040,2290,2870,-1290,2220,6025,-1290,2220,6025,-1305,-510,-321,100,380,6252,-25,2005,-1800,-155,-30,2697,639,5988,-109,80,-30,950,-370,8961,-3442,-3207,6758,-896,2268,-3207,6758,-1630,2126,4496,-2804,1231,-4445,5204,-7483,10426,-540,4778,-2144,10426,-540
4/17/2023,-590,1190,3127,-255,2305,3997,-255,1463,3127,-630,2299,3577,650,-1127,-624,900,1432,-6871,1458,749,-7378,-840,1301,-4842,1109,2713,2156,-709,4439,-5421,-590,2305,3545,-255,2305,3160,-255,2370,3160,-610,2500,710,650,-2275,2849,900,1432,-7236,905,1528,-10827,1221,3239,440,1185,1528,-10827,-709,2391,440,-22,-251,462,-2098,-163,-251,312,-2098,802,-418,-1920,-5017,-161,-472,-3158,-2342,-651,3333,-3158,-3992
4/18/2023,2693,5633,1792,2025,5449,1911,3055,5633,2403,1805,4839,5264,1863,7493,3694,2180,4914,2369,1227,11315,3922,2110,3857,-3877,2000,-2145,-4055,2110,2397,-6182,1805,5449,1902,2025,5449,2137,2025,5449,3122,1800,4344,5007,1994,6328,20104,2180,9033,1304,1520,11632,15754,1989,8474,-661,2000,11632,14933,2110,6246,-79,5832,3246,6351,3734,5448,3246,5606,3734,1609,3675,1174,-838,7294,6347,3058,-3570,620,-4045,3058,-3821
4/19/2023,1375,3022,9406,1700,3022,9360,1700,3022,7009,1360,2204,13214,-1615,-4245,-6640,-1210,-3470,-5592,-1685,-4295,-5984,-500,-5875,-3051,-1150,-2195,-4340,-525,-3805,2066,1375,3022,14769,1700,3022,14769,1700,3022,14794,1670,4644,18620,-1570,-7740,-17170,850,-4050,-6360,-2005,-9060,-5012,-192,-8686,37616,-2075,-9060,-6540,-525,-12050,37616,4080,12239,4972,11969,2805,6283,4972,11969,-4365,-7035,-2045,-3698,-1417,-6025,-6193,-487,-2930,-5345,-6193,3261
4/20/2023,780,51,-4481,555,440,-4084,412,51,-4481,820,165,-4335,-500,1085,-5455,-450,-1135,5850,-100,-275,-7499,-205,2067,-3847,-215,340,5970,-205,-228,-7026,780,1520,-6187,555,1520,-5032,412,1520,-5032,1220,970,-2057,-500,2133,5446,-450,-1359,7256,-100,-275,4574,-205,2800,15382,-215,-390,4516,-205,2800,13312,292,-5525,-1900,-3866,102,-5525,170,-3527,550,-833,-133,2654,-810,-6087,2906,-1980,3390,2350,2906,-6866
4/21/2023,-945,-2968,-1660,-1215,-2533,-3931,-1460,-2972,-1660,-945,-1458,-1296,-255,-4310,-2554,128,1390,1387,1375,-91,3942,45,-6120,-2992,380,-2305,-1116,45,-4175,-6753,-945,-3543,-3791,-1215,-3543,-2605,-1275,-3673,-2605,-1605,-2218,-2497,215,-2865,-2821,518,1726,1387,1035,955,3020,45,-2664,29338,380,955,2792,45,-5875,30622,-1310,-4646,-866,-5510,-1310,-4646,-3447,-5510,1936,-4266,7410,-1017,8012,-4746,-5155,-5104,-1123,-2991,-5155,-5104
4/24/2023,2630,2386,-1259,150,-1718,-2519,3055,2386,-1259,465,-1718,-2519,-1790,-1681,-6385,-1000,-3095,-6385,-1145,-2290,-6385,-1030,-3976,-4000,-1195,-175,-4160,-2340,-3593,-6385,320,-1718,3635,150,-1718,1369,150,-1718,1369,524,-2620,570,-1545,-3324,-9537,-445,-5680,-22500,-1145,-5666,-24090,-3091,-12146,-52203,-700,-5666,-27626,-4530,-13528,-56102,-184,5697,-2940,5726,45,5697,-2415,5726,-102,-5428,-1690,-5220,-6975,-6497,-3224,-4950,-170,-4150,-3224,-6061
4/25/2023,-165,-1879,-3777,110,204,-3810,-1266,-1939,-3777,-215,822,-2231,-425,-3874,-6991,-315,-3200,-7441,-1535,-4419,-7489,-54,552,14948,-320,-1530,-2793,30,91,18729,-215,241,-626,110,241,1510,95,417,1510,-365,-1750,-7915,-425,-7800,-34505,-315,-3823,-14203,-750,-3192,-18190,-348,-880,10592,-285,-3192,-18037,361,1559,11541,495,-7089,1339,309,119,-7089,1229,309,-4320,-7496,-4040,-7448,-6885,-8486,-120,2017,-398,-2793,-120,2017
4/26/2023,5,647,7439,330,514,9027,330,647,7439,5,-20,10006,-900,-4370,-6918,-280,-1350,-7090,335,-4491,-6490,-685,55,2759,-1410,-100,3189,-885,-2228,7760,5,1721,4861,330,1721,8056,330,1721,8056,120,-214,6944,-400,-2540,-3025,-280,-3550,-767,335,-4420,-5043,70,2813,-25251,-5,-4420,-5435,-1380,3131,-25140,1686,3140,3315,7851,1661,3140,4342,7851,-3547,-5656,-3622,-2335,-7052,-6474,120,-4310,869,1281,120,-4131
4/27/2023,117,1830,416,15,1888,416,15,1830,416,270,-196,1149,-1575,-4330,-6565,-1180,-3885,-7437,-1960,-3605,-7500,1305,-2977,22115,-1423,-2905,-4465,1305,633,-3160,270,1295,315,15,1295,315,15,1295,315,1718,1619,635,-5745,-17090,-34755,-3155,-8960,-10320,-3625,-7050,-15000,1305,-2944,1608,-3915,-7050,-14400,1305,-2944,1608,1345,3239,197,3798,197,3239,197,3662,-3925,-7145,-4490,-7870,-6463,-7471,-250,24181,-2345,-5310,-250,5690
4/28/2023,-437,-1833,-1872,-1145,-1833,125,-1010,-1833,-1872,-895,-2205,50,-15,799,-4318,600,2357,3404,370,2788,-3338,580,3225,10657,265,2390,2368,1844,4235,9787,-735,-1642,-414,-945,-1642,785,-960,-1642,785,-1045,-2210,-361,-15,799,-7275,600,2357,3455,370,2788,-1290,1844,3225,15784,265,2788,452,1844,3225,17526,138,1421,-210,435,-288,1421,-1454,435,-3385,-5213,1261,9650,270,-949,7958,14464,-1980,2378,7958,14464
5/1/2023,1677,1374,1778,1620,491,1538,2295,1374,1778,1758,277,2570,1610,4715,18253,665,-275,12852,715,805,10514,967,-6056,-4162,360,959,10883,867,-3971,-5701,1758,491,2535,1620,491,2570,2295,491,2570,1338,1375,6505,1610,4715,33251,665,-275,12826,765,805,10391,2775,-8711,-35901,405,1415,10588,767,-13946,-41501,-70,5592,-70,3244,-70,5592,-1248,3244,6277,27953,-415,7834,-266,10647,-5875,-5967,3115,10879,-5875,-7222
5/2/2023,4350,-2074,178,3655,-2049,-723,3934,-2411,-928,4361,-2032,-1973,2191,4116,5445,-155,-144,-775,-438,1562,-4996,-670,-5485,101,919,1218,6907,-1670,-3645,-7387,4350,-1996,-2317,3655,-2024,-2907,3600,-3259,-1321,3526,-2929,-1296,2315,6575,7381,1540,2130,-1136,245,1960,-3362,1755,-13370,-31110,1145,1960,-3316,-830,-17355,-33885,-1241,-498,-520,-320,-1470,-498,-520,-320,2996,6192,-526,-129,-431,-4379,-3145,-4461,2522,7271,-3145,-4461
5/3/2023,70,1290,2181,-180,2591,4991,-90,281,2181,70,2336,6525,135,259,313,2323,371,3578,170,298,8434,200,-278,15454,55,7969,9378,195,46,14179,70,1624,3880,-180,1044,6575,-90,554,6575,735,1634,5407,135,1185,3332,130,13,2061,170,313,6584,200,-3658,-2363,95,-416,7386,195,-3033,5037,3715,2309,754,3841,5542,2309,215,3841,2088,2572,775,474,5991,5443,5607,2705,-806,11009,5312,5951
5/4/2023,-960,6684,1821,-1125,4306,3773,915,3370,1821,108,3735,1671,3125,10569,11796,1915,9015,2685,1050,7796,10989,630,3710,-2067,1735,2639,7153,-40,2185,819,108,6203,-463,-147,5668,309,915,5248,309,-247,5759,1094,3125,11282,17606,1915,9015,7833,1050,8178,11957,-1605,7820,-20585,740,8178,14728,-1605,8028,-19436,2382,1151,3476,1852,-1730,1151,2859,1852,6069,12251,4224,-1325,5868,732,610,-5915,3758,3221,610,-4020
5/5/2023,-715,-480,7164,160,-480,4646,160,-480,7164,610,-480,8054,-1540,-4423,-4323,-1045,-145,7209,-2075,-1982,5968,-1104,-509,1856,-1075,-2885,-5815,-374,-509,-376,470,-480,8916,160,-480,9780,160,-480,9780,1250,913,12361,-1310,-4105,-3425,-1185,-27,12611,-2360,-885,8747,-2203,-1553,23958,-1865,-885,10543,-614,-509,26985,540,6568,1053,4087,540,6568,1025,4087,-2614,-6743,-3679,2895,-85,4185,-5249,-3137,-2500,-4705,-5249,-3610
5/8/2023,60,-3942,-4005,-990,-3665,-3485,-395,-3942,-4005,60,-2150,-697,-530,-3700,-5966,-1020,-3600,276,-635,-4490,-6908,-1450,-3713,-3290,-185,-2055,-4590,85,-4330,-3934,60,-4210,892,-395,-4210,610,-395,-4210,610,315,-1825,-1504,1620,119,-7360,1655,-1560,-3845,1380,-2755,-6106,-617,-10398,8539,2960,-2755,-6880,-1410,-9190,10295,-2942,-537,-2130,-2851,-2237,-537,-2785,-2851,-1325,-6210,1273,-1745,922,-7385,-6420,-5032,-1115,-5220,-6420,-6740
5/9/2023,760,-418,306,915,-205,-118,3482,-418,306,760,-746,-720,2339,1921,7177,1439,1379,4710,3531,2363,9300,-5,-1328,-2971,1000,695,2730,-74,15,-3923,760,-205,-1062,915,-205,-2361,3482,-205,-2361,155,-535,-2361,2339,1930,10655,1439,2398,7846,2210,3649,13110,-559,8618,6419,475,3649,13110,-559,8618,6419,5627,-2471,1207,-2592,6832,-2471,3646,-2592,10380,11060,9085,2749,14369,11222,6517,-4335,11622,4771,6517,-4545
5/10/2023,-45,5879,7853,295,4202,2587,-253,5729,7853,-45,3083,9742,-540,-1918,-3445,1130,150,-4814,-1030,1395,8006,810,6577,248,-125,239,3261,810,7068,1957,-45,4535,13697,295,4385,11150,295,4385,11150,540,3420,7040,-540,-1918,3101,445,475,4512,155,2568,14224,810,6245,10422,-325,2568,14826,810,6577,11310,2317,9413,2388,102,1748,9413,2243,102,770,9296,1465,10300,10046,10661,5163,-5105,3789,4347,4773,-4657
5/11/2023,1610,6879,-1562,292,6825,-4627,725,6531,-1562,1610,5966,-627,1245,12397,5283,1710,9462,5749,2065,16081,-2458,3355,6774,-3518,1581,1918,2349,1670,10913,-7337,1610,7784,-1461,480,6825,-70,-115,6825,-70,35,1120,837,1245,14970,8957,1850,15392,5749,2065,13989,-12,1461,6844,-26670,2110,13989,-1821,1670,7918,-31805,3352,1456,2897,-883,3095,1456,4275,-416,10595,6585,5590,3715,6931,-2014,4029,-6905,-930,958,4029,-6150
5/12/2023,889,-639,-3419,-1165,-1260,-2889,216,-639,-3419,-235,95,-1397,200,451,-4555,1315,2128,1583,757,2461,15965,90,-2460,-3067,393,603,2915,3165,-2222,-3691,-265,-1178,-1768,-1165,-1178,-1768,-1075,-1178,-1768,-1385,-1513,-693,200,-679,2915,1315,1260,1583,1323,2852,18144,-1147,9843,40088,788,2852,19141,-465,7788,41901,-1844,1071,-258,3907,1045,1876,915,3055,486,-6470,1030,1581,3821,12828,-686,-3035,913,6455,-686,-3599
5/15/2023,75,-4230,-2047,-615,-4230,-3445,-615,-4230,-2047,75,-2210,-5530,-1695,-2775,-3548,-1300,-3855,-5524,-1440,-1916,-2746,1135,3735,-5401,-1385,-2680,2089,1370,3735,-7471,75,-5300,-4638,-615,-5300,-5610,-615,-5300,-5610,-20,-3915,-6070,-1675,-4840,-6303,-2020,-5675,-9915,-2100,-4420,-3312,1545,3835,-7497,-1940,-4420,-7435,1545,3735,-6475,-1052,-5437,-3425,-2694,-1831,-5437,-3370,-2694,-4005,-3981,-4460,-4355,-5657,-520,-6345,-2075,-6585,-1410,-6345,-2509
5/16/2023,-1070,-1327,-5266,-1135,-3206,-2782,-1135,-1062,-5266,-1070,-1808,-5817,625,-500,443,-35,681,-442,2380,3056,-2298,3280,1260,-1879,2710,2762,486,3280,4385,-2803,-1070,-3725,-6508,-1135,-3725,-6351,-1135,-3460,-6351,-960,-4665,-7908,140,375,3295,40,-217,-7298,2300,361,-7035,4288,-2606,-2689,2250,361,-6461,3280,-1940,-2305,-1432,-3969,-793,-5748,-1484,-3969,-2644,-5748,-1050,-1276,-3097,1118,647,87,-309,-3374,4992,-1485,-309,-1010
5/17/2023,-585,-3132,-2345,-490,-2750,-1108,-1800,-3132,-2345,-650,-1199,-525,1850,-3750,-6995,1535,-3550,-6623,1540,-5270,-7816,-595,-1572,-155,1320,-2985,-4430,-695,-2191,-172,-585,-2385,-406,-490,-2385,-79,-515,-2385,-79,-995,-1938,-1939,1850,-6025,-12772,1535,-4900,-7618,1540,-7195,-10793,-695,-1315,4333,1320,-7195,-10209,-695,-1315,4424,-2521,-1606,-1441,-2482,-1356,-1606,-531,-2482,-4435,-7498,-1795,-5709,-1561,-4824,-815,179,-6235,-5595,-815,874
5/18/2023,1010,-2860,-2500,1785,-2860,-5020,1890,-2860,-2500,1535,-1795,-632,-1035,444,-3264,-485,1033,1116,595,-796,5089,-105,1070,13547,-535,-2870,168,-515,1372,17210,1010,-2860,-1806,1785,-2860,-3632,1890,-2860,-3632,1040,-1655,1213,-640,368,2962,-485,1033,2407,595,-536,4288,-932,317,17386,-120,-536,4288,-515,1840,18679,-1028,-1057,-910,-859,-1028,-1057,-910,-1134,-344,-7169,-1785,-1464,-2657,3804,2912,18060,1102,1061,1902,3448
5/19/2023,95,4144,5768,1000,5547,8084,459,5723,4152,835,2705,7916,890,0,-3545,445,6358,3512,3370,4065,10240,395,1237,-4659,3175,2110,3282,395,2718,-5776,835,6650,10621,1000,6568,11644,1000,6595,10007,-445,5435,9365,890,0,-3211,445,6358,3512,3370,4254,10700,395,5192,25834,3175,4254,11862,395,5192,27779,2335,4592,1002,5739,2002,4592,1670,5739,581,-6630,-154,-3451,4896,-6353,6303,-6943,6325,-4490,6303,-6967
5/22/2023,1800,5370,-2075,675,5370,-2075,675,5370,-2075,1935,5260,-1665,3175,6575,5829,1365,6100,-3761,1595,5951,-447,1255,6503,-4730,2075,1474,-2671,1030,2505,-5234,1800,5370,-5357,920,5370,-5357,920,5370,-5357,516,6327,-1985,3175,7692,14421,1060,7590,267,1595,7727,2903,1055,8559,-23476,2075,7727,3040,1055,8213,-23150,4267,-6797,315,-7065,2729,-6797,41,-7065,3968,3691,276,-1910,3028,-4551,-1194,-4580,1084,-2671,-1194,-6404
5/23/2023,117,-3554,-6595,212,-4290,-6595,-205,-3634,-6595,67,-2325,-9245,-430,-3523,-6972,-375,-2497,-7085,-295,-3595,-5873,1115,2915,-7677,-265,-114,-3078,2270,2915,-8527,117,-3145,-12158,212,-3145,-11995,-205,-2950,-11995,-855,-4095,-11860,-430,-6500,-19034,-375,-1265,-9720,-295,-2435,-8576,2270,2915,-8439,-265,-1440,-6452,2270,2915,-6342,-2743,-6552,-2485,-7900,-2743,-6552,-1725,-7900,-3515,-6701,-4115,-5536,-2142,-5317,-3950,-7825,-6380,-4485,-3950,-7230
5/24/2023,-865,-89,-2900,-690,-1910,-1205,334,-89,-2900,-815,745,-34,1235,3481,3055,485,-2022,3628,1436,3582,8732,-230,-2945,-2707,1941,1994,745,23,-947,-2333,-865,-1910,2466,-690,-1910,-1230,-690,-1910,-1230,-1795,-2065,-3595,1235,-1095,2419,485,-3670,-1159,1436,-3760,9984,783,-13446,6282,1941,-3760,4073,23,-19115,177,-4883,-224,-2876,-1773,-3370,-224,-1931,-1773,4633,5531,-2274,-3042,140,-1070,-4963,-5151,1501,663,-4963,-5230
5/25/2023,160,-1899,-1729,-790,-1899,-1327,-570,-1899,-1729,-330,-2240,-2853,2195,6992,19172,2385,6153,18169,3060,3539,22372,2020,6657,-5985,3240,-1551,5692,2020,356,-7470,160,-1725,-3269,-790,-1725,-3243,-570,-1725,-3243,80,73,-3312,2195,7989,25102,2385,5555,18169,3060,3795,22372,2020,1086,51639,3240,4040,23153,2020,3175,52392,-1730,-5991,-758,-5587,-725,-5991,-1215,-5587,13943,23438,6711,20211,14421,18634,3432,-6185,5396,804,3432,-7475
5/26/2023,280,-4235,-5877,655,-4235,-5877,-255,-4235,-5877,345,-2100,-5877,-1830,-4410,-5835,-1305,-3585,-1818,-594,-3641,-2769,8499,1734,-5053,-572,-2363,-5835,8549,2522,-6267,280,-4235,-5877,655,-4235,-5877,875,-4235,-5877,3494,-3165,-5627,-705,-5450,-15215,-1525,-3605,2547,290,-630,-3164,8549,1734,-13437,-100,-630,-3935,8549,1734,-13437,1965,856,159,1516,159,856,-463,1516,-3790,-6245,-1893,3967,-6809,-5388,-1477,-3261,-2558,-3696,-1594,-4314
5/29/2023,-585,1790,3940,-20,1790,3940,100,1790,3940,-420,620,3218,-1295,-3020,1935,-1225,-2060,2218,-220,-4717,2735,-1100,-6215,3964,-1295,-990,3758,-1985,-5006,2020,-140,1790,7630,210,1790,7630,210,1790,7630,350,1930,7630,-1295,-7200,-1225,-1225,-8295,-4420,-1735,-10330,-9130,-4405,-15590,-25625,-1650,-10330,-9130,-4405,-15590,-25625,1147,2377,-295,2019,-463,2377,-445,2019,-295,-1950,-590,-1745,-1570,-3123,-2235,-115,-1960,2518,-2235,-115
5/30/2023,-1060,2166,-1877,-1005,474,-1658,-1480,1069,-5903,-1060,1301,-2437,-94,304,-359,150,-1647,6208,-197,2969,11700,-1060,4404,-5131,3,2390,-4260,536,5317,-2351,-1060,-289,-3554,-1005,474,-6399,-1480,439,-5309,-2040,-786,-9024,-94,651,-2341,150,509,7973,258,2638,3338,79,7815,29247,525,2633,4250,676,6786,30935,1363,-3916,1466,-2673,2053,-3166,-1740,-6646,4684,7661,3140,8683,6880,12647,6850,5542,-969,-4255,6850,5836
5/31/2023,-414,8203,7326,399,9540,2336,1920,8811,7010,-536,7383,6779,1630,1721,11168,1254,930,-707,333,1454,2978,-540,-69,2829,-147,1264,3766,-540,-69,973,-536,8640,9654,399,9540,10551,499,9730,10048,-1378,5758,10006,1630,2140,24849,1254,930,-707,333,2755,2544,500,130,-21827,-147,2755,5360,-540,-69,-25042,7537,6078,6667,2986,6293,6078,6667,2986,6499,15498,-343,506,790,1259,-5473,-346,3800,12921,-5473,-234
6/1/2023,-927,-532,-831,-230,1569,54,-1012,2318,-831,-205,-270,-2675,-1205,-4104,-6071,4070,2398,10294,-1575,-4168,6900,550,4273,16713,-1065,-1934,-560,470,4273,20760,-205,-995,-9590,-230,-20,-10391,-840,-20,-10391,180,-682,-10192,-155,-720,4309,4070,8450,10854,1385,8045,8169,550,4021,-26930,475,8040,4714,470,4273,-24646,-3637,-4339,-1081,-872,-2414,-4339,-1442,-872,-4450,-5732,6618,15458,3633,14458,2886,2268,-1,-136,2886,2268
6/2/2023,-1035,-1454,-3640,195,-1445,-3640,979,-1454,-3640,-265,-2100,-5140,1301,5083,6792,-1035,-1990,-3273,1400,-1618,234,-1035,-5600,-4055,-1035,-2100,-498,555,-4400,-6580,185,-2000,-2354,195,-2000,-4656,730,-2000,-4656,130,-2975,-3071,1840,7686,7391,-281,871,-5224,1915,2176,-278,950,-281,-35980,1464,2176,-3572,877,-1794,-39439,-1161,-5972,-2550,-5952,-1582,-5972,-3040,-5952,4822,6289,4386,-2650,1113,-4046,-6000,-5795,-940,-498,-6000,-7490
6/5/2023,-505,-1152,-1047,10,67,-1047,-742,-1152,-1047,-385,678,-4144,-425,3666,-2224,-205,3308,-4400,215,2547,-4672,115,-595,-4207,-345,1198,-1963,1460,-3880,-7432,-385,-1160,-6421,10,-1160,-6421,10,-1160,-6421,175,-675,-6626,145,4582,3584,-255,3136,-3896,215,1211,-11941,944,-1186,-47018,-605,1211,-12766,1460,-595,-42705,-660,3975,-141,-474,-847,3975,567,-474,-392,2486,739,-1518,-878,-595,3434,-5077,3865,-3254,3434,-7090
6/6/2023,-79,-598,1931,120,-683,1030,120,-598,1931,70,-48,-5,1565,4042,12744,1145,2702,5084,2281,3877,4022,-15,1548,-2380,2056,2987,563,1595,-2443,-2725,90,-517,1223,120,-517,2111,120,-517,2111,60,-1390,7194,1565,4042,14349,1145,2702,6809,2281,4610,6757,1595,3129,1830,2056,4610,6757,1595,2585,95,1485,535,1104,1884,1485,535,167,1884,5003,9605,155,2932,2073,7094,-2080,-3356,1275,2019,-2080,-7120
6/7/2023,50,453,-764,746,1446,256,265,801,-1176,-55,1337,-587,-1350,-4170,-6910,-370,-2109,-7488,875,-2480,-8111,1030,3456,43,475,-819,-4190,825,3066,11040,50,1562,-776,746,1446,9,701,1713,-11,-475,-996,-3764,-1350,-5140,-28110,-370,-2109,-7950,875,391,-9307,398,1659,2729,475,1,-7202,825,3066,5004,-3101,4128,-2029,4227,-3101,4128,-1924,4227,-4301,-7472,-2124,-5690,22,-6524,916,10014,656,-4505,916,12640
6/8/2023,1399,2633,4388,1809,1797,4372,1759,2633,4388,1419,1797,5405,110,-3324,-6829,747,2967,11360,2654,1643,11506,1647,6636,9187,540,153,-4355,1742,5000,507,1399,1797,4678,1809,1797,6068,1759,1797,6068,1524,2214,11131,115,1353,5167,747,5478,16634,980,5007,19902,1201,5549,65,-60,5007,20192,1717,7115,507,3034,4038,3137,4925,2052,4038,2377,4925,-4360,-7183,-974,11310,4887,3085,275,2463,-1225,-5720,275,2463
6/9/2023,331,379,5673,230,974,5557,250,379,5673,130,294,4346,925,5073,2383,470,3407,992,913,3499,-5484,340,-1461,-5140,1113,-37,1721,340,-1874,-7390,700,974,4285,230,974,4427,380,974,4427,125,1502,5532,925,6678,11151,470,4205,3944,913,4119,4713,340,1259,-3129,1113,4119,7331,340,2394,-2554,-893,10022,79,5333,301,10022,609,5333,1099,4224,3171,2964,-570,-1793,-634,-6910,-3085,5386,-634,-6560
6/12/2023,-1450,-3567,-5043,-1565,-3920,-1096,-2387,-3567,-5043,-1735,-3595,-1065,-1565,-4480,-6996,-1165,-3280,-7500,-1965,-3550,-7491,-10,-3465,9604,-1345,-2360,-2038,1025,-3465,-1833,-1785,-3525,-3531,-1565,-3525,-1065,-2125,-3525,-1065,-1760,-2210,-7293,-4700,-11950,-22736,-690,-7065,-6245,-1645,-11965,-14429,-1312,-3465,-9655,-1395,-11965,-13605,858,-3465,-8904,-2705,-507,-1490,443,-2488,-617,-180,443,-4435,-7456,-4500,-7500,-6998,-7369,2236,-3667,-6665,-1508,1871,-7080
6/13/2023,180,430,2208,125,1486,3883,1625,60,2208,230,2754,3933,1460,10882,27223,2185,6530,13965,2000,6107,14478,1290,4384,-2050,1825,3934,4523,4810,4024,-3855,230,-1141,-250,125,-1376,-3522,800,-1446,-3522,330,-1461,-4182,1460,10324,29335,2185,6355,18673,2000,6161,18873,4157,7354,-4754,1825,6161,18458,4810,4934,-5230,1155,1076,-401,2446,464,1076,-1955,2446,10770,16449,6723,9815,7012,11124,3623,-3890,-962,2969,3623,-4933
6/14/2023,1130,8230,13099,1120,6962,13692,1956,6998,15482,1550,3392,13813,5155,5208,14437,3000,5443,19248,4888,8694,28069,1700,10965,11363,350,2895,5767,1595,9532,9539,1130,5834,13099,1120,6962,13808,640,6422,16226,2871,6922,14159,5155,6805,26618,3335,5443,24275,5195,7153,35470,1550,10965,27560,4830,6868,34995,1545,10965,28304,5170,13642,6324,17833,5425,14147,2655,15778,9216,21302,7320,17063,14522,20528,6549,10738,7954,6379,6549,15000
6/15/2023,-580,1039,2674,-175,893,3450,-70,1039,2674,-570,893,3118,-587,-3845,-5923,-775,-2030,284,-1340,-1539,2921,1760,2300,-2487,-705,-2350,-4425,1510,1245,-1185,-580,893,3062,-175,893,3838,-70,893,3838,230,1600,3253,-455,-5720,-7826,-775,-2030,3422,-1340,-1273,-3111,1510,-2082,-571,-705,-1273,-560,1510,-80,-571,1464,1439,548,2513,1301,1439,365,2513,-4403,-7350,-2110,5832,-1578,2628,-992,-5386,-2211,-5625,-1382,-5386
6/16/2023,20,-2681,-7691,525,-1795,-6456,525,-1493,-7691,-95,-695,-9377,475,-1423,-6987,-210,-466,-8848,-169,648,-7421,675,4322,321,-324,-1705,252,675,2289,2569,20,-2555,-15760,525,-1795,-14105,525,-1795,-14105,290,-3270,-10274,475,-1480,-21335,-210,-123,-9488,-169,1618,-12245,675,6762,9025,-324,1388,-11928,675,7889,9025,-1992,-3669,-2505,-3025,-1992,-3669,-2505,-3025,-4441,-6881,234,-6490,-366,-7162,-708,2438,4314,2240,-708,2193
6/19/2023,-1000,2425,4435,-75,2425,4435,-335,2425,4435,-1245,2205,4435,1985,4955,4290,2495,5660,5650,1170,6550,6767,790,6750,5159,2160,1595,-520,930,4935,6616,-1245,2425,4435,-335,2425,4435,-335,2425,4435,-1235,1715,4435,1985,4955,3840,2975,7505,9480,1170,7445,11935,1425,10495,23545,3675,7445,11935,1425,10495,23545,-2330,-2715,-2330,-2715,-2330,-2715,-2330,-2715,3010,1795,3000,415,-3300,-1413,-3640,-730,-1655,-510,-3640,-1240
6/20/2023,142,3324,1169,570,-150,-225,-410,1287,1169,650,-1985,2442,245,12006,19058,-830,7051,627,801,8108,528,-1455,-3050,-2105,1220,4512,7,-320,-900,-2231,555,1865,1539,570,975,2440,0,1631,2440,650,1779,-1093,245,13054,20815,-830,7517,3657,-1520,10950,3980,664,99,-33915,-1355,10950,3337,-370,1885,-34035,1865,821,845,3664,1543,821,-311,3664,12803,14730,3647,1994,2889,-2813,-2660,-3876,4116,-312,-2660,-4574
6/21/2023,140,1357,5845,105,1524,1595,1926,2146,5845,140,823,2457,1289,2283,1470,340,3804,7665,1773,1180,10402,1267,5794,671,1331,-463,646,342,6003,2760,140,735,4961,105,1524,1041,340,1524,1041,245,1865,0,1290,3559,13501,340,2496,9414,1126,2095,10851,12,3235,9755,1331,2095,12360,342,3421,11951,5145,5717,3621,6156,6378,3816,4841,4264,2771,988,-1024,3947,10178,5731,854,2626,301,646,854,2361
6/22/2023,-1150,269,-919,-745,386,-4097,-745,269,-919,-960,1280,-116,-1920,-3997,-3562,-130,-555,-2258,-1970,-1115,1339,120,1307,13464,-1330,42,18,120,1307,12491,-960,386,-4167,-745,386,-3130,-745,386,-3130,-920,-2280,-3760,-1820,-3770,-8121,-130,-555,-1228,-1770,-780,2594,120,2054,14415,-2365,-780,4123,120,1307,18014,1657,-5647,1769,-5121,1657,-5647,1769,-5121,-2567,-7401,435,2098,4435,-1869,1533,16832,-52,-185,1533,19673
6/23/2023,1450,-1643,4576,1670,-1508,2205,1215,-1643,5769,1565,-1349,-3484,2325,5907,7024,2915,7108,4204,2435,67,-397,2045,685,-4600,2700,2162,8945,3545,-1599,-5880,1565,-725,8083,1670,-725,4841,1215,-725,4756,2120,2684,3278,2325,8100,11485,2210,6659,-2053,2660,-1553,-3949,3415,2122,-52166,2325,-1553,-5272,3545,1329,-53139,2229,5220,2136,2717,802,5220,1482,2717,6118,7417,7673,3460,4172,1163,6474,-4435,6665,9523,6474,-5277
6/26/2023,-530,2050,278,-370,2314,914,-955,2183,-62,-530,2459,1197,25,-2815,-5640,-365,-2091,-5205,980,-602,-7070,155,1118,-5225,1065,-4,-5530,155,143,-7425,-530,2589,2323,-370,2314,2073,-955,2444,1883,20,1124,-1550,25,-878,-9113,205,535,723,980,4625,-4496,155,1360,-2051,1065,4620,-4381,155,1355,-2090,-351,2707,1138,3738,-1402,4528,1558,4688,2450,-7255,2713,302,6683,-444,5937,-1293,1722,-4925,5932,195
6/27/2023,-1334,-1042,-4244,-695,105,-3406,-1659,-1042,-4244,-955,-1170,-3168,-1095,-3560,-5773,-745,-3725,-3555,-655,-4055,-5724,1365,-499,115,-1035,-2620,136,1800,-499,23807,-955,105,-2902,-695,105,-1100,-695,105,-1100,-215,1339,-761,-1145,-4675,-7228,-745,-3870,-6078,-990,-4755,-5736,911,-492,8325,-750,-4755,-5736,1800,-499,9084,-3645,-2682,-2738,-3005,-3645,-2682,-3022,-3005,-3985,-7480,-2501,-5572,-1112,-6862,-3665,2435,-1905,-1664,-3665,-1369
6/28/2023,-535,3806,-1091,-590,3456,2003,916,3806,-1091,-1015,4286,-1533,1805,7031,20394,1421,6437,12404,835,11257,9451,2030,5170,-3040,830,2549,5644,2030,5270,-4557,-535,3456,-1966,-590,3456,-1618,-510,3456,-3924,-1675,-980,-1346,1805,7031,17727,1421,6437,13427,835,10054,9849,2030,9245,-6005,830,10779,10014,2030,3980,-2355,2164,2707,155,3560,2164,135,800,1267,4336,24381,590,17939,5464,12752,-2810,-440,1606,5659,-2810,-4657
6/29/2023,-80,2674,-1865,770,1490,-306,770,2674,-1865,210,1260,-1460,765,5607,14178,1189,1332,9443,1100,2696,12799,335,5066,-5470,1045,1802,2126,385,-2619,-7458,210,1490,-3499,770,1490,-5625,770,1490,-5625,-50,2686,-3915,765,5607,23431,1189,3947,14019,1100,2149,16810,385,7634,36115,1045,1979,16413,385,7634,36771,542,-1824,28,-2572,490,-1824,-460,-2572,10593,17468,-1068,10848,4607,-540,-4787,-6782,1197,2131,-4787,-7274
6/30/2023,210,1340,-1427,3306,1325,-1427,3391,-10,-1427,45,1050,-1192,3075,6642,9308,1040,5189,6489,265,4514,14435,4170,-500,341,-45,-688,-2828,6355,7190,310,210,1340,-200,3306,1325,-739,3391,-10,-739,-90,1945,141,3075,6317,13162,1040,5189,5839,265,4761,14215,1250,-500,10510,-45,4761,13875,1250,-500,10510,-5105,-3747,-4015,-4215,-4015,-3747,-2930,-4750,4713,3978,2072,753,1019,6720,9977,-4768,4777,-4840,9977,-5153
7/3/2023,190,1210,-474,-340,1210,-225,-340,1210,-474,190,205,-3105,1045,578,6856,-870,-2800,-5905,807,-3315,-3613,-880,-5065,-5090,1268,45,1170,-1885,-3530,-5510,190,1210,-3449,-340,1210,-3105,-340,1210,-3105,-575,1470,-3105,1045,-539,6856,-855,-5700,-7935,-975,-6049,-3613,796,-19385,-38044,-305,-6049,-3613,-2330,-19580,-39210,-887,-2715,-540,-2420,-887,-2715,245,-2420,2710,1936,-1335,-5915,749,-137,-3401,-6125,2034,-1047,-3401,-5940
7/4/2023,475,-1810,3363,480,-1810,3363,850,-1625,3363,475,-1810,3329,-795,1950,6909,-500,2200,6152,1270,625,6020,1065,-1055,-1720,295,-2070,2777,1495,-255,-3490,475,-1810,7760,480,-1810,7760,850,-1625,7760,-55,-2815,7760,-1260,1950,7019,-500,2200,6152,1270,625,6020,2330,-850,-6205,295,625,6020,2330,-850,-6205,-1463,-926,-2195,-940,-1463,-926,-1965,-940,3860,4835,1205,970,1710,2785,-3610,-2785,1265,4535,-3610,-2785
7/5/2023,110,1399,-3404,1140,-296,-2246,1642,212,-3157,1135,479,-2680,2720,13174,11412,2790,9263,1881,1421,5802,-1673,2230,5778,-1994,1905,5529,-1061,2230,4443,-6113,965,863,-5815,1140,-296,-6166,1081,-346,-6119,290,1528,8404,2720,13174,13313,2790,9288,7940,1795,7189,-1882,2230,7078,-5884,1905,7189,-1565,2230,7078,-5567,2057,-3377,2109,-3987,2343,-3377,2142,-3987,23201,11393,20378,2003,15146,814,585,-3881,12989,-1056,585,-3673
7/6/2023,485,-3535,-3428,420,-2458,-2870,365,-3561,-3428,480,-1699,-1111,-800,-4060,-6935,-1020,-3980,-7475,-325,-3809,-7480,418,-6404,-5186,-248,-1274,-5390,390,-4488,-6931,485,-3259,-4931,420,-3259,-2963,365,-3179,-2963,-500,-2920,-1347,-1795,-7670,-14241,-310,-7270,-10860,-325,-9588,-14777,-728,-4623,-8568,-720,-9588,-14395,390,-2425,-7002,-3704,-3267,-3945,-6120,-3231,-3267,-3200,-6120,-4490,-7220,-3855,-7475,-4762,-7485,-5655,-5390,-1924,-5880,-5655,-5705
7/7/2023,145,-743,875,160,1000,1537,-83,-743,875,245,90,504,520,-717,3255,545,-3615,-4320,820,-1745,-4676,350,-3160,-4160,395,678,6976,350,-1110,-6633,220,1000,538,260,1000,1444,210,1000,1444,1765,785,1214,595,-674,5663,40,-4285,-5802,415,-3100,-11047,350,-6210,14907,-10,-3100,-9804,350,-6610,15073,-149,13075,323,12140,1016,14075,500,12775,-3224,3581,-2924,-1919,-1663,-439,-2940,-3422,738,7767,-2940,340
7/10/2023,1025,6387,3589,1491,4723,2554,1158,4301,2886,985,4930,4485,1861,5806,3714,1651,6525,3011,1108,7663,5197,2373,4475,-3063,1472,4873,5914,2559,5895,-5178,1025,6325,6365,1491,5077,6411,1491,4807,6138,545,1601,5595,1861,5806,5232,1651,6525,3011,867,5010,879,3530,5721,15429,1472,5010,3157,4521,5721,15566,2000,-1295,3427,-957,2000,-1295,2567,-957,3405,-936,1106,556,4134,974,8,-2459,1179,1156,8,-4392
7/11/2023,-859,-661,-4267,-1260,-2020,-4875,-750,-206,-4267,-909,-815,-5672,258,-2403,-2380,283,-1890,-5715,607,-3803,-7070,-294,1032,-338,323,-977,-5263,-154,247,-1655,-909,-3360,-7302,-219,-4190,-6640,298,-3190,-6640,760,-1255,-10090,258,-2136,-8523,283,-1370,-5781,728,-1490,-6499,-154,-775,-8869,323,-1490,-11350,-154,425,-6590,-2813,-4633,-949,-4788,-3580,-4633,-2850,-4788,-4156,-4712,-3195,-1614,-2114,-2853,-424,5119,-1792,-5445,-424,5602
7/12/2023,395,1596,998,430,-807,523,615,201,998,390,-791,-122,-300,3051,4265,-1305,-791,-3163,-575,2277,-7129,-1050,-1322,-3735,-810,543,3625,-2070,-1537,-5996,395,-807,940,430,-807,146,615,-237,146,585,841,-20,-300,3418,8168,-1440,-791,-4431,-575,1980,-9599,13,130,-22305,-720,2010,-11868,-3045,-1322,-26780,1738,45,2610,2173,3206,45,2258,2173,6776,21050,316,-1465,2095,2618,-5057,-4565,1798,9504,-5057,-3150
7/13/2023,-430,-4251,-1572,-465,-3915,-4017,-860,-4251,-1572,-480,-2420,293,-1750,-4480,-6995,-1450,-3980,-5997,-1975,-4462,-7446,615,2574,9742,-1485,-2395,-1855,170,2093,14871,-480,-3535,-2071,-465,-3535,624,-860,-3535,624,-1280,-3080,-5030,-2825,-10940,-23640,-1575,-6335,-6042,-2535,-7445,-7588,-442,1395,62548,-2625,-7445,-5872,170,2574,63814,-2163,2034,-780,1123,-2213,2034,-813,1123,-4354,-7497,-4355,-316,-4977,-4197,2986,16447,-2860,-465,2986,17852
7/14/2023,505,1164,-5212,920,42,-4967,300,287,-5170,-270,980,-5740,-90,-4231,-5407,-365,-3430,-7342,-300,-4476,-7497,145,-1925,1710,-120,-1410,-4262,95,-3130,-2802,505,1164,-5740,920,42,-5695,300,287,-5360,-1160,-1380,-5790,-90,-6081,-16994,-365,-4905,-18520,-300,-6596,-19370,-799,-2634,-14990,-120,-6596,-19370,95,-790,-13905,2600,-2602,2031,-2095,2242,-2582,1605,-2095,-4305,-7044,-4410,-6319,-3259,-7481,-3660,808,-5860,-4030,-3660,-6493
7/17/2023,-1070,-4098,3738,-2000,-4285,3738,-2000,-4098,3738,-1585,-3140,8596,-240,-4330,-6680,-120,165,9048,-881,-4463,1408,-430,550,10257,-319,-2955,134,-245,259,15305,-1560,-4285,11131,-2000,-4285,11131,-2000,-4285,11131,-1440,-4010,7824,-240,-8433,-12669,-120,165,12211,-340,-3900,14758,-245,306,6857,-65,-3900,16075,-245,550,6857,-4192,838,171,2914,-4157,838,-3030,2914,-3890,-7485,-625,4700,-317,-1126,-375,-5215,-6160,-5685,-375,-5215
7/18/2023,-10,1484,-873,-205,1045,-1765,-1078,1484,-873,-25,1170,-804,-1540,-4290,-6550,-1050,-3905,-7400,-1925,-4325,-7445,-1420,-3190,-5960,-1415,-2155,-4425,980,-1014,-7500,-10,1045,-2217,-205,1045,-715,-340,1045,-715,790,1595,683,-2150,-9585,-14059,-1615,-10110,-13575,-3355,-9545,-11540,-81,-3912,33246,-3105,-9545,-10980,980,-2804,35978,1041,-2211,-1003,-1358,922,-2211,0,-1226,-4165,-6750,-4250,-6595,-6987,-7470,-6465,-6735,-6690,-5525,-6465,-7415
7/19/2023,-25,1031,-1443,30,784,-2209,30,1031,-1443,-25,-2245,-7285,835,6265,3008,-180,-595,-1218,-280,5674,-6670,-275,-4135,-3129,-255,940,-2610,-1125,-3648,-874,-25,1220,-3961,30,1220,-4780,30,1220,-4780,55,135,-90,835,9535,8767,-180,-595,-2374,-280,5770,-6289,-493,-3798,-5453,-255,5770,-6539,-1125,-3798,-5339,-837,-6935,-540,-6935,-837,-6935,400,-6935,5500,3234,4910,-4390,143,-6585,-463,-4774,3466,-2610,-463,-6590
7/20/2023,0,-2439,-4618,25,325,10389,-599,-1496,4170,-185,865,2257,-1095,-2652,-6800,-1170,-161,-7140,60,-2664,-7424,415,-750,9077,-700,-1622,-4345,695,-750,11389,0,235,7842,25,325,8990,-113,-40,8860,-1015,260,-4700,-1095,-3580,-13575,-765,140,1035,60,-653,-5254,28,-750,7676,-700,-653,-5213,695,-750,7971,2758,-6134,4856,-674,3609,-6134,4460,-674,-4420,-7315,1707,-8097,-4201,-8480,679,-1165,-1524,-4335,679,-1165
7/21/2023,-600,2001,-3276,-330,1430,5836,1046,1638,-3692,-265,1460,3421,-565,933,-1110,-945,2747,-361,-1480,636,-1487,-660,2051,10383,-1308,649,2692,-780,3206,11619,-600,1475,-2959,-330,1430,-1715,-740,1070,-1825,-1010,-470,-2679,-565,1897,-662,-835,3656,10913,-1480,3516,3165,-780,79,18668,-1188,3056,4573,-780,3631,21664,-592,-3693,4784,-1694,-1033,-3693,1459,-1033,-1768,-3163,710,2947,-411,-1225,1660,8536,3571,2697,1660,8863
7/24/2023,-660,1943,-4588,509,1703,-3018,1281,1943,-4588,90,-1895,-5980,3506,4508,8585,1785,7146,6923,1608,8209,1260,1496,4719,-3235,1485,2755,721,3364,4069,-4185,90,-745,-12901,509,-745,-15671,345,-745,-15671,180,-2755,-15671,4136,8685,13155,1405,8790,6385,2938,9715,6917,3206,12014,-14407,1625,9715,5965,3364,10078,-17901,213,-5701,-3680,-3700,113,-5701,-2695,-3700,5253,11276,3013,-1216,2252,1304,-6145,-5882,2735,734,-6145,-7460
7/25/2023,-1405,-3825,-1653,-1675,-3825,-1460,-2220,-3825,-3562,-1140,-2750,-955,-215,490,1985,170,570,3782,-540,1467,4856,310,-1333,-3783,771,861,3095,360,-2534,-5086,-1420,-4480,-2833,-1130,-4480,-2900,-1675,-4480,-2900,-2745,-4690,-4820,-215,1660,8285,170,950,3375,-440,1467,4998,211,641,2033,-670,1467,4998,395,-1333,2033,-2412,-4981,-1345,-2700,-2519,-4891,-2815,-3980,-930,-1140,1757,2871,2815,190,-4699,-4415,907,7263,-4699,-4515
7/26/2023,4299,4314,18638,4713,3850,21142,2888,4618,17667,2930,2475,22028,1310,4124,3925,1400,5340,8869,1350,5267,15906,1315,2658,16926,1270,3063,-15,1180,2298,19750,3565,4340,27291,4713,3850,28041,4243,5115,28041,2635,1376,22080,1310,3535,8956,1400,5340,10431,1350,4233,19166,1180,3064,17256,1270,4233,18366,1180,2058,22667,4892,19694,5097,17344,4892,19694,4114,16104,7961,7980,6859,20648,6683,21426,5412,15258,928,-5,5412,15121
7/27/2023,161,559,-5668,680,-563,-325,709,-941,-5668,2265,-280,-325,-365,-3615,-5215,-615,615,-6715,271,753,-6345,-19,67,-5400,-251,-280,-2869,-370,-3883,-7195,700,937,-5773,680,-563,-4850,880,-563,-4850,820,-2940,-2840,-365,-1300,-11292,-615,890,-13355,915,1993,-11443,-520,1438,-13835,460,2033,-12095,-370,1725,-12685,-3576,-5615,-3120,-3693,-3576,-5615,-1277,-3693,-4236,-6439,-968,-7003,-6419,-6778,-2110,-6785,365,-2864,-2110,-6840
7/28/2023,1940,9836,5166,1866,8243,2658,2186,8193,5166,1545,7081,7301,1955,8705,-869,950,6277,1552,896,7863,10580,1023,4782,-4411,725,5922,959,-537,4882,-4978,1940,9836,6952,1866,8243,7091,2186,8193,7091,1850,5678,909,1955,9615,8223,950,5809,1464,1695,5856,10912,551,4924,25157,775,5856,9820,-592,4782,25157,5614,1064,4915,-176,4465,1064,4545,-176,8123,3938,1520,9515,3850,9385,5075,-1868,755,-3999,5075,-5248
7/31/2023,1430,2556,-807,3050,3318,-587,3050,2556,-587,2800,1805,-2680,1280,486,-3073,1030,9715,6237,845,9817,6900,1900,18761,-3486,530,4167,-3020,2165,12920,-155,2800,1870,-6012,3050,1870,-6990,3050,1870,-6990,-700,-2145,-7930,1280,2311,-1275,1030,9715,6280,845,11123,11823,2165,30863,57173,530,11123,10440,2165,28668,55972,-492,-1968,-1390,-2377,-492,-1968,-1290,-2377,1360,-3385,920,1428,8210,2012,6854,-6463,3799,-3010,6854,-6463
8/1/2023,2150,4576,-4435,2130,3152,-5038,1510,1067,-4435,2155,4742,-4922,4330,2908,4354,2925,3692,1995,5262,4488,6178,3935,9895,-3168,4970,-1910,6475,3935,8959,-3236,2150,4990,-5555,2130,3400,-9600,1510,2120,-9600,1705,800,-9600,4330,12385,11253,2925,4970,2130,5262,11555,10458,3935,9895,-12451,4970,11555,10458,3935,9895,-12302,1933,-4081,1320,-5724,2224,-4081,2106,-5724,5,1854,465,1234,3876,6484,2211,-6272,315,4662,2211,-6272
8/2/2023,732,2234,13839,945,1190,10804,290,1039,10640,647,305,10225,-460,1934,-6365,-445,3134,20985,820,4404,22612,-515,-1944,11900,-333,825,-4090,-565,-629,9765,732,2290,10184,945,1190,11194,290,1095,10548,410,1435,11627,-460,2995,1335,570,3134,25124,-165,10726,27992,611,16857,12042,-380,10336,26317,-565,19710,12411,2696,1468,3110,1468,2567,1468,2595,3389,3056,-6360,9439,15869,16126,12540,-5194,-2324,1309,-4085,-5194,2131
8/3/2023,-715,514,1049,-850,-337,-972,-64,1304,1049,-690,-1875,-1418,3920,7690,7879,3600,7015,-3843,8828,8303,16951,4960,-3040,-5602,5708,1160,-18,6980,-1815,-5620,-715,-522,922,-850,-337,-1418,110,-327,-1418,-790,-1172,5543,3920,9119,18694,3600,7015,1483,8960,6774,17819,6035,-5954,-893,8055,6774,19697,6980,-9015,-893,-2410,301,-2154,-2609,-914,301,-3395,-2609,6325,10522,5762,7368,2667,7117,3582,-6036,5774,5345,3582,-7171
8/4/2023,330,-475,-3609,-345,490,1794,-110,-583,-1108,280,-280,-85,-40,-459,-2478,1400,590,-7083,785,-993,-7408,920,1656,-4296,-1295,-1026,3862,1055,1756,1281,280,850,-974,-345,1270,660,-110,755,970,-585,630,-505,160,483,-459,1650,-50,-7693,65,472,-11838,1010,-566,-14908,85,472,-9970,1005,1656,-15596,-1269,1194,-1412,2269,-457,1614,-119,1754,-1082,193,-4125,-7007,-2856,-7097,10428,10029,1867,3849,9821,9659
8/7/2023,-305,967,-347,590,869,252,383,869,-347,-290,-1511,809,-1340,-4253,-6927,-5,-3639,-5461,-435,-4469,-6543,-485,-6500,-2019,-30,-737,-2478,-1485,-4465,-1167,-290,967,4940,590,869,6951,383,869,6951,-870,-1433,-2318,-1340,-6743,-13742,-5,-5714,-7841,-435,-6277,-16187,-1475,-8564,40819,-835,-5167,-16827,-1305,-7180,36666,-1741,-2400,-1900,-5038,-827,-5458,-825,-4327,-2642,-7450,-3791,-6985,-3357,-7496,-3174,-6882,360,-1847,-3174,-5996
8/8/2023,520,444,3678,500,444,3678,555,444,3678,590,444,4188,-1535,-4104,-5810,-560,-3815,-5642,-1975,-4354,-3948,275,-5805,-2802,-950,-658,2280,-560,-4046,-3160,520,444,7055,500,444,7055,555,444,7055,885,1759,5235,-1535,-11265,-18673,-560,-9735,-13772,-1875,-10360,-20732,769,-17908,-27751,-1475,-10360,-23752,-465,-17650,-36703,3179,2391,2993,4130,3050,4275,2730,2527,-4452,-6148,543,-7035,-6785,-6497,-2870,1196,287,2280,-2435,1097
8/9/2023,1290,6140,4127,1737,6280,5745,1532,6090,4078,1210,3427,7454,1971,-2656,-6983,820,508,3715,2500,2065,2114,2790,825,-4539,2380,1705,509,2315,-752,2041,1290,6140,5591,1737,6280,7830,1970,6090,7116,2165,6661,14864,1971,1547,985,820,2279,4430,2800,3495,87,2072,1039,6790,2410,3495,1190,2315,1270,5404,6702,13784,7695,12063,6517,14219,5112,12205,2549,1274,1295,1569,5769,1711,-280,-6689,1085,3226,-280,-6875
8/10/2023,855,4407,-2376,915,4273,-2850,925,3873,-2401,1075,3560,-3447,755,6059,-3179,290,6994,-5730,1400,6408,-6760,2949,10450,-5535,1265,3630,-780,3253,6218,-7450,855,4305,-2225,915,4273,-2872,925,4226,-2657,-215,805,-3467,755,6059,-871,290,6994,1689,1400,5818,981,2879,2165,24064,1265,5383,631,3263,4387,25571,1780,-2261,1547,-3076,907,-2261,1804,-3641,6329,-2929,593,-5855,6235,-7408,5502,-6860,418,-5015,5502,-7405
8/11/2023,300,2208,736,600,-536,834,135,1293,736,395,534,-3391,-360,1545,20434,-125,-945,3900,765,1108,9975,510,-4631,329,960,2412,5568,-525,-2682,636,300,894,-5979,600,-321,-7126,135,-321,-7126,445,1984,-6151,-360,2855,23514,360,-1665,5641,765,1664,21613,-425,-6302,1129,530,1664,21587,-425,-7509,1762,-2695,-2103,-420,-4492,-2090,-2103,505,-4492,6406,21126,-49,-3438,-490,7784,-5508,-3351,3222,11407,-5508,-3606
8/14/2023,-340,3211,498,-105,3188,1285,-105,3001,498,-290,6567,-1338,-830,4673,-505,208,213,-6369,-303,1718,-5740,440,2842,3249,-115,-1355,-4570,1070,1315,4443,-340,3188,-3024,-105,3188,-1338,-105,2964,-1338,-325,4315,187,1114,4225,-7208,158,1354,1215,80,1039,-1854,720,2860,36109,-115,1039,-192,1310,2758,37327,-1994,-2046,-1180,-178,-2409,-2046,-1815,-178,-3745,-2125,-2527,-5136,-4323,-3954,7384,3977,-4960,-5745,7384,3977
8/15/2023,-340,-1393,4314,-1165,-335,-3748,-772,-315,996,-845,-2331,-1219,560,2830,-3912,480,2623,3822,-378,565,4569,645,6068,6156,-428,283,1249,645,4510,9174,-845,-543,-3434,-1165,-335,-3717,-1140,56,-3915,-1030,-2223,930,560,3314,-2425,480,2411,2857,845,3287,4569,645,4956,40479,820,3287,4938,645,8553,42254,1228,2787,1015,-5808,1008,2787,2190,-5808,1341,5205,3736,11498,4923,18624,4210,11665,2427,1537,4210,17764
8/16/2023,240,1839,-3382,355,1081,-1796,402,1839,-4910,240,1046,-3899,915,2492,-2943,645,2900,1948,869,2757,-678,230,-5655,-5945,83,-330,-4595,180,-4445,1638,240,2021,-8717,355,2021,-6750,402,2021,-8860,845,2691,-8920,915,3261,2380,595,4030,1478,206,4907,4267,180,-1849,-2738,521,4257,4727,180,-2425,214,-692,-4416,1605,-2900,-1519,-4833,1315,-2900,3356,8697,2380,4213,3594,6498,-5895,-6935,2969,-4590,-5895,-4076
8/17/2023,250,-580,-5770,355,542,-6218,280,-595,-7469,250,-1093,-6610,305,754,-5365,705,-143,-7034,1039,-1700,-7471,1870,1580,10904,570,-489,-1127,1690,913,11387,250,542,-7955,355,542,-6342,280,527,-6559,30,-50,-3687,305,862,-1618,705,1779,-273,1039,1159,4651,1870,2855,6695,570,1159,4304,1690,2855,7236,2650,-7233,2472,-4861,1911,-7233,2751,-5380,-2462,-4614,-1734,-7299,-3009,-7728,6115,137,-529,-2819,6115,-26
8/18/2023,650,95,17792,770,95,17101,770,95,17566,650,101,17416,-150,-3564,-1604,1145,903,-2377,1255,4123,-633,1650,12327,11311,1140,-2400,-4890,1650,11437,18980,650,95,18123,770,95,18072,770,95,18712,765,530,12537,-150,-2740,-6005,1145,1628,6885,1255,4108,13177,1650,9042,31131,1140,4093,13445,1650,9745,31998,5477,14843,5545,15483,6011,15364,5221,15483,-1895,-961,1378,8250,2763,-2867,16358,-571,-4385,-5725,16358,2387
8/21/2023,305,-2594,2733,-490,480,5848,-407,-2594,2733,-5,-270,7464,-1980,-4194,-6548,-1020,-3990,-5897,-1983,-3588,-5667,-935,-3315,-767,-1140,-2065,-1709,-345,3353,138,-5,-585,4267,-490,-585,5687,-490,-585,5687,-1170,-2855,5927,-1510,-9050,-13344,-1025,-5050,-3913,-2945,-10465,-5078,-553,-8490,-16176,-2735,-9400,-2947,-345,-8875,-13873,-2137,6060,-505,6161,-2137,6060,-405,6621,-3924,-7093,-3910,957,-5849,-5376,-2340,11062,-1795,-1414,-2340,11258
8/22/2023,245,4824,-1276,890,3886,541,1204,3606,210,370,4234,889,3420,12317,-1809,2665,10129,-247,3251,12773,16026,2600,4883,-3763,2780,8973,618,2600,6185,13766,370,4070,-3151,890,3886,88,219,2213,-109,-125,933,-2337,3420,12317,-639,2665,10252,1051,3885,13263,16512,2101,11435,25398,2845,12468,16413,2600,11081,22664,2019,93,765,-2256,127,93,2987,-2256,9351,2364,6193,862,11676,175,9635,741,6675,5706,9635,259
8/23/2023,1193,325,592,1076,530,-1565,1195,1535,592,1613,460,-3810,1795,-2925,-201,2280,-1615,14033,2770,1002,9362,5450,1285,-4106,3915,-2890,-4530,5670,1285,-5532,1193,530,-1603,1076,530,-3810,1195,1790,-3810,2625,60,-4175,1795,600,6022,2280,3810,15971,3310,4750,15362,3776,311,-18151,3915,4750,15960,5670,1285,-20275,-784,-4337,-1330,-4021,-784,-4337,-210,-4021,-3130,1305,7105,7496,584,9267,-4495,-839,-2576,-5695,-4495,-234
8/24/2023,-115,-1903,880,495,-865,2207,-776,-2007,1007,-210,-1070,3620,189,-3344,-6966,134,-2770,-7481,540,-1826,-7121,55,2085,21561,520,-1469,-5100,55,1610,15303,225,-880,1099,495,-865,2381,460,-940,2257,35,-2195,1688,189,-2611,-17517,69,-2039,-7636,540,-989,-7121,55,1701,6437,520,-989,-7585,55,3290,8644,1994,3416,2125,4213,468,3416,2640,4228,-3681,-6360,-4220,-7407,-3007,-7172,2415,716,1525,-4290,2415,1335
8/25/2023,-673,1327,1314,-675,387,596,-333,2629,3851,-145,2723,54,-259,2328,5383,805,1740,1014,3463,4836,-588,15,508,-3122,-249,315,8081,15,-633,-4103,-605,2609,-807,-675,527,4004,-665,3052,2974,-95,3020,-2806,560,2328,8042,805,1740,-6629,3375,2593,-8977,15,-3040,-19363,3320,2415,-9625,15,-1281,-15177,832,-316,1024,-2427,4615,-1527,-244,428,7346,14822,1219,2127,8492,4565,-1471,69,1351,194,-1471,6175
8/28/2023,-225,1810,7373,-120,1536,8525,410,2063,8525,-60,1730,9690,795,3244,10273,540,6888,7020,560,-2874,3424,1280,-2821,1217,355,1034,4729,825,142,-4701,-5,1810,6763,-120,1536,7211,599,2176,7211,695,1915,10263,795,3244,16443,540,6888,7480,560,-5081,4496,-389,-10600,4304,355,-5081,4165,-1100,-10282,5955,870,5020,3311,5020,2155,5020,3026,9215,4315,9545,2572,5254,-78,5838,499,-1087,1170,3874,499,-717
8/29/2023,-240,1422,188,-485,1420,-255,-615,1623,188,-365,-2345,-755,345,-3545,-4055,545,-3495,6671,-131,-4401,1733,1860,6366,1363,1155,-979,-4420,1860,3847,11553,-240,1525,-312,-485,1420,-755,-615,1405,-755,-875,-3560,-1695,345,-7820,-6290,545,-4585,7051,-15,-4760,6065,365,-951,16580,1155,-4760,6000,1860,830,16580,-2720,-3733,-2300,-3153,-2720,-3733,-2300,-3153,-4495,-6405,-4351,3888,-2952,10427,-875,4984,-2636,-5375,-875,9918
8/30/2023,1780,-390,-3275,1755,-199,-1064,1755,-390,-3275,1190,-2170,-2277,1745,5803,12402,3200,5297,9536,2560,3134,6221,3140,8260,-4625,2565,4492,4289,3140,5555,-5056,1780,-199,-5149,1755,-199,-4472,1755,-199,-4472,665,-512,-860,1745,8923,22112,3200,7003,10080,2560,5902,7861,3140,6235,-18545,2565,5902,9218,3140,8875,-17993,1193,-4779,-1008,-3581,766,-4779,-1857,-3581,3125,4961,343,7449,-990,3224,2101,-4380,1541,3116,2101,-4380
8/31/2023,970,2457,-1840,1355,2627,-1515,1305,2998,361,970,3112,-5683,235,10757,1010,670,2426,-3142,2488,8694,-5093,1360,5070,0,2213,8108,1574,1360,4954,-1903,970,2627,-3620,1355,2627,-4307,1305,3255,-4307,260,2072,-6676,235,10945,12392,1414,6203,-8160,2488,9897,-4704,1360,5070,-12771,2213,9897,-6468,1360,5070,-12787,648,2669,-166,962,1500,2669,-968,1152,9670,8721,5999,3425,9109,-633,1121,-3063,3128,3593,1121,-88
9/1/2023,10,1054,981,50,3385,1990,874,3465,2542,10,-715,-140,-14,2332,-687,1090,-75,-4507,1550,2860,5924,210,213,-2889,337,-31,-951,210,3983,-1199,10,834,588,50,3385,3700,60,3212,4480,-775,-85,2187,1025,691,-682,1090,-160,-10331,-70,2033,2076,1067,9176,-13025,510,2033,333,210,8743,-13370,782,1135,4446,4545,6564,6273,3446,3938,255,-6505,2324,-6274,387,134,4282,-5263,1900,-4290,4282,-6599
9/4/2023,925,21,870,335,400,-170,-150,146,870,440,-75,1335,1415,982,4481,1560,3559,6573,1640,5399,6639,2305,4987,3955,1935,43,2468,2955,4070,4915,440,400,555,-150,400,1020,-150,525,1020,-690,-335,1020,1415,982,4489,1560,3559,6555,1640,5399,7869,1979,14736,21751,1935,5399,7869,3860,14736,24004,-269,-3329,960,-2280,-269,-3329,1120,-2280,1585,5870,-191,4091,309,2832,3275,4235,324,5649,3275,5925
9/5/2023,3127,1018,-4002,625,-491,-3917,625,1018,-4002,2020,-666,-4260,422,1552,1657,2135,3061,4699,1185,5750,1999,600,1841,-3817,1085,-840,1020,1029,1841,-3918,1920,-400,-8185,625,-400,-12174,625,-400,-12174,945,-2030,-10277,422,2010,3208,2135,3061,4699,1185,4260,2151,819,1454,-27784,1085,4260,298,1029,1841,-30240,1652,-5439,-425,-5389,1652,-5439,226,-5389,4112,1173,5178,8309,6495,-2276,5440,-1954,817,165,5440,-3926
9/6/2023,1095,4323,541,1105,4183,-591,1857,4183,541,1160,4216,4462,1585,-2405,-6160,3495,170,-2881,2790,-1710,2876,3785,3491,-4090,4190,552,-4090,3805,-3930,-5702,1160,4323,3877,1105,4183,4123,1105,4183,4123,1150,2365,2884,1585,-997,-7830,3560,-1945,-7806,2790,-2880,20578,3805,8994,43607,4190,-2880,21664,3805,9835,45423,2351,4358,3006,4780,1751,4358,483,4780,-2129,-5785,544,-3849,-694,-4799,-1384,-4614,1416,-4085,-1384,-4849
9/7/2023,-1055,1327,-2189,-575,3860,4746,-525,1327,-2189,-585,-68,5346,1065,-2833,-1838,2324,1710,760,460,-3265,5265,2795,-5695,-1685,170,-1861,-782,3754,-3771,-2029,-585,3860,3398,-575,3860,5661,-525,3860,5661,-1315,1995,3006,1065,-3750,-6854,2449,720,5133,580,-1236,5884,3255,-8544,31404,370,-1236,5295,3754,-8400,31343,1591,5539,892,6817,249,5539,667,6817,1580,-3120,10158,9630,5054,9122,3696,-5375,-3320,-2431,3696,-3475
9/8/2023,275,-2018,-1217,282,-2559,-3274,272,-2584,728,275,-1186,3452,55,-1803,-5052,-105,235,-6259,-270,-1326,-7145,565,-2763,-5021,75,1276,-1730,565,-2073,-6330,275,-2018,148,282,-2218,3495,272,-2243,6795,-1790,-4545,-1465,55,1589,-6501,-105,235,-10909,-270,805,-14758,565,-2744,-41955,75,185,-14758,565,-2653,-41955,-1203,-465,-1118,375,-3294,-465,-898,375,-152,-5651,-1875,-2909,-2047,-1085,-2660,-5765,-2053,755,-2660,-6349
9/11/2023,190,-2592,-6029,-865,-2483,-3630,-850,-2483,-6029,240,-1443,-6138,-1945,-3505,-6975,-1295,-3983,-7398,-1955,-4428,-7497,460,-6408,-5984,-1255,-731,-2246,-180,-4493,-7495,190,-2983,-6118,-865,-3218,-5890,-850,-3218,-5890,-705,-1858,-5915,-2195,-5958,-14055,-1385,-5829,-17043,-3745,-6588,-18322,-180,-10983,-30183,-2550,-5797,-17668,-180,-10983,-30183,-244,-7173,-307,-6029,-2354,-7173,-2295,-6029,-4215,-7500,-4495,-7495,-6970,-7972,-6460,-6900,-6490,-5355,-6460,-7500
9/12/2023,-215,-1051,-2083,1080,-558,-749,243,-629,-2083,825,-425,-1291,-1895,-2369,-7000,-1265,-650,-3755,-1205,-3473,-9017,1488,4105,7896,-1115,-108,-2751,2228,-253,8520,825,-113,-4891,1080,-13,-3102,1080,-13,-3102,630,-992,-6583,-1895,-1477,-6031,-1265,-732,-3535,-1205,-930,-10362,1995,3544,9998,-895,-930,-8526,2228,4716,11950,-3006,-615,-1956,2285,-3006,-615,-1239,2285,-3174,-7261,-689,-1085,-4963,-1514,4438,13771,-2650,-2746,4438,14677
9/13/2023,585,728,-2794,785,-1297,-2757,-263,-105,-2794,435,-912,-1197,2180,5469,13056,2290,7395,5504,1875,5431,1077,3870,-3685,-4199,723,4562,1340,3870,-2505,-5955,435,-1297,-4634,785,-1297,-4120,1179,-1415,-4120,-175,-1460,-4544,2315,6744,23204,2290,6621,7891,1875,10877,7271,3870,-2572,-32859,970,10877,8531,3870,-5075,-32698,1724,9418,-262,9998,2554,10556,-262,9998,-252,13895,2717,5699,1110,7400,1861,-6156,5608,1222,1861,-7441
9/14/2023,47,1658,-5727,1262,2440,-5973,1740,1952,-5727,1720,-1910,-7073,333,-3,-675,-1050,-3965,3300,2244,4309,-4318,850,-3150,-4362,1570,-3000,-385,1112,-4428,-4780,1720,1872,-9135,1740,2760,-9303,1740,2705,-9303,1300,2647,-1427,345,2490,2430,1100,5360,-1661,2657,4413,-4579,1544,-3959,-2628,3170,4413,-4871,1201,-3150,-1556,31,-5283,455,-6130,31,-5283,263,-6130,2262,2893,4597,3535,3139,2941,-4492,-5931,-45,-875,-4492,-5504
9/15/2023,-195,179,-2568,260,-1533,-2356,-79,-621,-1743,-260,-905,-2661,-860,-2934,-6595,190,1841,-2858,-775,3944,-2137,295,-95,3607,-1290,942,-890,394,-95,8065,-195,-2265,-1892,260,-1533,-2186,-79,-1794,-1211,-440,-4365,-4092,-860,1100,-7525,190,343,-2774,-775,5173,-4198,1980,1504,-14514,-950,6258,-3240,625,-95,-12980,-2105,-1302,-90,-59,-2105,-1302,65,-559,-848,-2699,-1812,4651,-1572,12614,3491,13200,1233,-454,3491,16033
9/18/2023,868,149,12487,628,283,12487,694,149,12487,913,846,13592,5310,5633,4386,3660,-2753,8275,5045,4477,-2348,1930,-6137,-4248,5040,6928,691,1970,-3880,-5621,868,848,13842,628,848,14288,694,848,14288,723,-46,12236,5310,7317,21620,3660,-2753,8455,5045,4477,2249,1970,-5955,-44955,5040,4477,2249,1970,-5955,-44631,3794,16226,2437,16226,2203,16226,-31,16326,4426,6173,105,4355,-2154,4377,-5888,-6110,3587,-947,-5888,-5290
9/19/2023,-110,844,-357,-775,101,-306,-775,2033,-703,-110,-958,-281,610,-3,-1450,895,-3265,-6531,250,1944,-6148,330,-4248,-3582,-1060,953,3657,-270,-3618,-7392,-110,-633,-357,-775,935,-306,-775,2656,-456,-50,416,-1556,610,-2630,-2166,895,-890,-1729,410,2242,-7555,-105,-2708,-14562,170,2242,-9767,-270,-4248,-19315,1692,-7361,2972,-4899,3579,-7361,1339,-5359,2012,-1902,3087,-2792,7546,-3187,-1783,-5945,-2314,1838,-1783,-4370
9/20/2023,-1396,1848,-5988,-500,2851,-5841,-1490,959,-5998,-430,3616,-7307,-1155,16,-6925,1039,5312,11575,-643,4854,8172,-205,10369,6378,-895,2668,-4495,895,8789,6831,-385,2641,9990,-500,2851,-7868,-480,2399,-7073,-610,1011,6668,-1155,16,-3797,1039,5312,11575,-643,4854,26497,1431,10327,33886,-720,4239,8499,1417,11790,19652,-1533,7574,-1167,-6078,-939,7574,-57,-6078,17147,-6875,17774,11042,16563,8812,6533,30684,19839,-4485,6533,30417
9/21/2023,425,-264,-5950,505,383,-5003,450,-443,-5950,-40,703,-7435,130,223,-6851,15,-1165,65,747,-601,-9462,220,-1396,-4225,-1375,568,3136,220,-446,-7087,425,578,-4514,505,383,-6955,450,732,-6955,-5,-579,-6100,130,223,-6393,15,-1165,-2049,568,-1013,-10762,220,-4289,-7059,260,-1013,-8362,220,-1206,-6195,-76,-1651,-655,194,-76,-1651,-655,194,862,-5095,-2091,-1924,-3984,-6196,-4219,707,-474,-695,-4219,-4467
9/22/2023,90,-1952,-5162,230,-1965,-960,835,-2597,-5162,90,-1790,1476,-5,-755,4704,-1450,4054,-6706,575,-1278,-2681,-1025,-2770,21,1198,305,7038,2000,-4370,-2284,90,-2280,-2979,230,-1965,-2090,835,-2140,-3855,1260,825,-4970,-450,-20,731,-1180,4054,-4998,575,-2125,1453,1935,16398,-22211,470,-3020,-2841,2220,13679,-26994,1457,2098,-626,1174,1740,2036,-676,-2764,1002,11677,283,-2456,240,-1460,-6427,43,1265,9798,-6427,-7452
9/25/2023,-543,285,288,10,-426,3941,10,203,1888,-35,-990,2324,730,1014,648,1260,-942,-4057,844,-1922,1267,783,844,-138,584,-2275,-2669,1210,1455,-500,-35,10,-1471,10,-15,1887,10,-15,1887,230,5300,2834,730,457,6901,1260,-1173,3832,-95,657,13338,1137,-578,23732,390,282,15233,1210,-1910,27777,-694,8624,264,10699,-1795,10224,-145,9099,383,4732,9,452,-3777,-923,-1725,4237,-1508,385,-1725,4237
9/26/2023,1225,-4016,-5888,1190,-4005,-4364,-75,-4016,-3843,1225,-655,-6374,1215,987,-3460,3535,3455,-1643,3255,72,-5242,2935,4959,3255,3320,288,-4335,3338,4590,12933,1225,-2101,-4220,1190,-2101,-1500,1160,-2101,-415,-580,-6775,-9040,1215,448,1026,3535,4327,9248,3255,-406,9430,2160,15067,14639,3320,-406,12809,3338,18675,16991,-2086,-5150,-3937,-6241,-4399,-5150,-2802,-6241,-2047,-2152,2366,-2097,4214,8494,22190,1632,-713,-4335,22190,14852
9/27/2023,2601,3977,8836,1951,2572,6312,2168,4250,8836,875,2001,4316,-135,4341,10689,1730,4703,13803,1184,3290,22056,1740,11533,-5073,3157,-363,2284,2755,4829,14298,875,2709,9771,1951,2572,8917,1906,2572,8917,985,1261,1963,-135,3566,15258,1730,4703,13803,1100,4953,19711,2755,16039,23330,1484,4953,20714,2755,17077,25053,-1017,10388,205,3939,1753,10388,980,3939,4106,8214,3318,11562,4708,11478,3909,921,4352,329,3909,-4922
9/28/2023,305,-515,-4946,865,-1279,-4765,865,-515,-3971,305,-744,-6503,1405,-2545,-4581,1170,1370,-5372,1470,-3588,-4398,1650,-15,14412,2110,-2162,-5035,1650,3550,16533,305,-1279,-14338,865,-1279,-9994,865,-1279,-9994,-230,-1600,-10409,1405,4155,8577,1170,5211,3522,1470,3810,3402,1650,2523,9733,2110,3810,48,1650,3330,10234,849,-3757,1214,-4110,-2679,-2740,1534,-2817,5162,-433,6554,-5878,296,-4856,4125,-1438,-2360,-1331,3815,1367
9/29/2023,-430,-33,-2651,-1105,1093,-3164,-354,1000,-2036,-430,1622,-3044,510,-165,-5840,100,3289,-7475,-905,1598,-7419,540,9842,-3505,-395,-2260,-1652,540,1308,-6685,-430,408,-3350,-1105,1093,-2749,-460,1971,-2894,55,-91,-3729,510,4752,3755,100,3495,-3095,85,450,-3029,540,9518,-2794,-255,450,-1435,540,9966,-1622,4856,11,5740,1352,5667,11,4425,1352,-475,-6535,-1110,-7420,2873,-7462,4917,-4,-2539,435,4917,-4891
10/2/2023,0,-1096,1439,-570,68,2646,-746,-551,2371,0,704,2540,1085,3038,4632,1190,1128,2799,1140,3573,8007,40,97,1395,875,-103,3520,165,97,1301,0,-361,2518,-570,68,2882,-746,23,3314,1045,-1380,5900,1085,3038,12922,1190,1346,4112,1140,2711,9213,165,1312,11419,825,2711,9848,165,97,11000,2327,4330,2716,6555,2206,6211,305,7281,666,4177,193,10861,5949,1907,-13,226,2035,2365,-408,-4656
10/3/2023,-804,2152,-1208,1195,2970,-1119,2336,1648,-1208,1290,1497,-1119,-655,-3793,-2994,-400,1890,10460,-1176,2972,2177,-375,19093,-2067,-576,-1960,-4234,-370,16660,17634,1250,3115,5473,1195,2970,5215,2265,2970,5215,-995,-90,5322,-655,-1030,-3581,-245,1857,11633,25,5288,4555,953,20678,16607,-60,5288,4784,25,21298,17588,1629,8946,3652,13895,3615,12075,3704,13975,-4070,386,1408,10250,4911,13546,7895,13278,848,-4084,7895,14544
10/4/2023,1063,3345,-896,888,4599,-1193,337,2744,-1471,465,2747,-2133,-130,4321,-1108,105,1122,4260,1093,4091,1059,305,7137,6365,110,-1003,-2348,305,7137,8646,1063,3462,-2549,888,4599,-2548,480,3267,-2708,-735,-276,-536,-130,4936,274,105,1122,4426,430,1619,2490,305,7823,26522,110,1214,-2200,305,7137,29122,349,-855,1715,-669,803,-1430,1512,-254,3008,5765,752,3731,2315,5511,3147,7199,-401,-1578,3677,7159
10/5/2023,-520,9587,9874,-595,9871,10052,-595,8682,9964,-330,7932,10468,2128,2419,-5885,1665,3677,-2353,3574,-846,-6194,1250,-2085,-3906,-285,-447,252,1250,-2485,-4688,-330,7362,9874,-595,9871,10052,-595,8614,10052,-150,5805,5361,2005,3822,-8139,2665,2724,-11040,2025,2386,-11071,1250,-553,-1696,2000,2386,-15755,1250,370,-6023,1825,2735,3380,4577,2124,2735,1794,4577,258,-6895,1225,3706,6003,-6474,467,-5209,3292,4127,467,-5209
10/6/2023,465,-1305,-2870,-585,-875,-2870,-315,-900,-2870,-40,-670,-2665,-790,-3545,-6835,-350,-3186,-6200,-1695,-4442,-8360,-450,85,-4370,-1120,-2255,-4655,-350,-778,-7189,465,-1305,-2870,-585,-875,-2870,-315,-900,-2870,-40,-40,-2170,-665,-5670,-15000,-346,-2330,-4925,-1355,-1935,-1262,-350,85,-7692,25,-1935,1840,-350,85,-5203,-2285,-2669,-2285,-2395,-2285,-2669,-2285,-2190,-4085,-7525,-3855,-7455,-6376,-7455,-1085,-1495,-5300,-5760,-1085,-1495
10/9/2023,-1278,-1396,-5849,655,-844,-5940,-812,-2606,-5849,2545,-2117,-5468,1345,-1233,-153,1475,225,65,2005,897,-2010,160,982,1156,2430,378,-870,200,1325,1206,2545,-1234,-3876,655,-1234,-2920,667,-2444,-2920,1217,-3453,-6223,1345,907,7165,1475,225,1065,2005,897,-160,200,2,5455,2430,-13,-828,200,982,5455,-1248,-5171,780,-5520,-4335,-5171,-1394,-5520,-934,-5420,-1234,-3002,-934,-4276,3955,1231,-442,111,3955,1090
10/10/2023,665,2585,3318,1050,2585,3318,2665,2585,3318,665,2585,3318,860,2334,559,840,525,-2922,2041,2780,-748,1035,4922,5373,1521,2787,3410,1035,4053,5723,665,2585,3318,1050,2585,3318,1960,2585,3318,1360,2800,3491,560,2495,1439,840,525,-4221,1145,1920,-2709,2841,5279,6719,575,3030,-4646,1035,5590,5780,280,355,390,355,2285,355,280,355,1094,-1368,-175,-2384,1420,-2500,10135,8368,50,4794,10135,8424
10/11/2023,745,691,1196,820,25,3621,1028,629,1271,920,1477,4430,-675,-459,-6960,2294,-810,-6274,-155,-2005,-6743,285,-287,3408,-521,-486,1981,285,2009,2167,745,1061,4815,820,25,5187,225,25,5163,400,462,10243,-675,-459,-2301,2294,-810,-3948,-155,-2005,-3909,1124,-1185,-2895,-315,-2005,-3153,285,-287,-2520,2928,5003,1985,5527,3346,5003,2100,5527,345,-5009,1322,-381,842,-7485,-1473,1004,818,2775,-1473,2907
10/12/2023,1548,-1263,-3415,1905,-890,-4220,1332,-937,-3570,1920,-1263,-6780,235,3222,6674,-845,3030,-5590,195,7176,-2165,1711,-2051,-5192,135,5661,4839,535,-595,-6732,1785,-1263,-7816,1905,-890,-5333,1450,-910,-5683,1595,-850,-6973,235,5224,5209,-845,3777,-3873,195,4344,-2405,285,1733,-33657,135,4344,-4715,535,606,-31740,934,-6039,-83,-5840,-446,-6039,1047,-5840,2854,-1381,-960,-6520,-393,-7125,-6345,-2020,3331,4536,-6345,-2020
10/13/2023,-387,3746,1852,680,4467,1209,580,3574,1747,-15,1612,3134,940,1620,-632,725,3125,-5755,2305,5020,-306,1535,24048,-763,980,-2990,-5950,1065,10443,8279,-165,4467,-274,680,4467,1209,580,4130,1104,30,1132,1153,940,1620,963,527,4425,-980,2305,5112,1774,918,25425,18354,1535,5017,3484,1065,27080,19963,3619,-5384,3679,-5465,3619,-5384,4429,-5760,4470,4972,1566,-1339,6895,2968,12895,9918,-1407,-1334,12895,7152
10/16/2023,143,-1284,3616,1230,-2970,2213,1249,-1289,3616,505,-1410,2213,1510,-1100,7304,1205,1323,3613,4349,3671,8023,5540,12002,-903,3984,358,-4530,5540,10410,-1697,325,-2965,2675,1230,-2970,2675,1260,-2970,2675,360,-3480,2845,1510,383,10163,1205,1323,7042,4349,3989,15314,5540,11822,131,3984,3639,15667,5540,12159,832,1206,-265,1190,262,1156,-265,1325,262,1015,5018,5711,-3064,4336,-803,7798,446,-350,-3478,7798,-1309
10/17/2023,725,1171,1804,920,2770,1217,1725,1171,1804,765,2770,1922,860,814,4542,275,1115,-3462,-83,2552,-4232,-250,-1973,-5775,390,1263,3483,-799,-1923,-7485,725,2770,1882,920,2770,2807,1725,2770,3920,1515,2292,-741,1177,2055,7875,952,-1765,-9490,1126,455,-9025,2516,-1788,-54115,531,455,-11710,460,-1973,-59885,2384,-724,2214,7168,-710,-724,2963,7168,4236,7812,-2505,-5245,-2176,-7128,-4255,-6825,-1560,1110,-4255,-6825
10/18/2023,1200,1172,-3408,1215,883,-2722,1275,-623,-3408,1610,1193,-4520,2295,1390,-6179,2170,4162,5225,1120,1777,1008,2500,601,4712,1240,675,2140,2520,1294,-3184,1200,1193,-5206,1215,883,-3795,1275,-522,-3795,1985,1090,-1363,2295,1390,-7920,2170,4162,-545,1120,1777,4080,2031,1613,1208,1240,2027,2165,2520,1949,1592,5217,9995,4675,6508,4933,9995,5370,6508,1225,-6355,873,8157,8345,9491,2361,-3585,2956,2150,2361,-3585
10/19/2023,1630,5536,5011,1495,5232,14696,1705,8387,11580,2480,5606,14669,960,-190,11512,2265,5184,7947,1895,2268,9822,1065,15768,11557,1580,3149,5308,1060,15753,11927,1630,5536,12947,1495,5232,14520,1705,7233,12022,3295,5860,2436,960,-190,3971,2265,5184,7947,1895,3863,13198,1065,14990,22298,1580,3433,14962,1060,15753,17035,3827,15875,4181,17400,4217,14964,2991,2262,1558,902,5000,6859,5358,12960,5752,18772,630,707,5747,18795
10/20/2023,-763,1978,3089,235,5160,1623,215,651,3089,165,3115,5780,300,3109,242,-30,1707,7487,-747,167,3413,120,880,7257,315,-191,193,120,2045,11366,165,4151,3374,235,5160,4555,215,3227,4957,-445,2906,1035,300,4287,1007,-30,2285,11739,190,1830,7242,120,433,27026,55,1830,8028,120,1525,29624,9069,5276,8271,6784,4442,5236,7201,7139,-1263,-2910,2132,15990,-1423,8808,3049,15189,-893,193,3044,17318
10/23/2023,230,2371,7286,555,3115,8866,555,2361,7286,55,3166,9565,1005,-2639,-6080,990,-76,-1770,1880,1442,3770,-460,4877,4887,1815,-1403,-4390,790,622,919,230,3115,13257,555,3115,13559,555,3094,13559,790,5525,17604,1120,-3730,-11996,1310,1089,-4495,1880,2294,-3007,795,4004,13174,1815,4504,-2064,790,4877,14591,4457,9400,4510,12803,5254,9400,2325,12803,-1920,-6035,674,-676,-171,-1934,-6179,12923,-1118,-5375,-6179,12923
10/24/2023,833,2824,10038,980,2340,7315,980,896,10038,1475,2693,6622,1665,-917,-3349,500,1282,767,-657,-374,-3641,-980,10418,3113,315,2491,3881,-2055,10578,-2346,1480,2693,11419,980,2340,7372,980,2340,7372,1025,660,5600,1665,-970,2086,500,-959,-2174,1680,-174,-3450,-2575,1273,-17047,1040,-174,-1989,-2575,781,-15847,3457,6178,3315,6638,3332,7143,2715,6638,-4209,-1262,-867,703,-982,351,6914,1523,2105,3826,6914,1523
10/25/2023,580,-3007,-4533,348,-1614,-4058,-97,-3470,-4306,-270,-1569,-4381,690,-3740,-7000,1565,-427,-3665,1375,-2496,-7420,-190,16686,21150,1330,-1538,-1766,2233,6306,6898,580,-2102,-3758,348,-1614,-3501,185,-2400,-3501,-2175,-4925,-6270,690,-3500,-17220,1565,945,-2015,1375,1505,-6452,1970,864,34032,1330,1505,-7279,2233,2838,34516,-1228,-6370,-1444,-5735,-3371,-6370,-1274,-5735,-3960,-7330,2492,-5154,2564,-7415,-850,14100,-776,-1795,-850,2090
10/26/2023,645,839,3590,1185,2656,3760,1538,817,3590,175,2272,1534,890,6498,13788,395,6402,12952,1900,8873,7609,785,-453,-5414,2070,4332,132,785,2952,-7299,645,2656,-1105,1185,2656,791,737,3236,791,-1025,-561,131,890,8034,28088,395,6556,16710,1900,7915,19907,785,-2347,-11899,1080,7825,22211,785,-1478,-11899,3044,-3534,290,-2868,-912,-3534,-909,-2868,5143,16410,6586,19877,3606,22980,-784,-2973,4759,272,-784,-2973
10/27/2023,-270,1878,1820,-150,1899,3944,-120,1559,1820,-270,2173,3796,2100,-2190,-5815,-1195,-2140,-6502,1743,1004,-7471,-1340,8274,-5224,-672,-1550,8193,-2030,3944,-5963,-270,2200,1820,-150,2076,2538,-120,2076,2538,745,1487,2490,2100,-320,-1151,921,-675,8715,1925,595,2749,-1531,8463,18176,-1015,100,3146,-1940,9224,20086,961,2716,1088,3028,718,2716,1086,3028,-2981,-3848,4518,-7226,5717,-7465,4786,-5425,-2044,1549,4786,-6378
10/30/2023,470,-160,985,785,390,3303,636,-160,985,720,330,1481,655,558,6293,1040,-1780,24,1325,-18,-7316,-550,-4975,-4176,615,2115,6020,-395,-831,-2309,650,390,1721,785,390,4338,75,390,4338,530,-1420,5333,655,740,7314,1040,2273,-1051,980,4211,-3107,-395,-2576,2005,760,4211,692,-395,-3210,130,-2392,1606,-1195,753,-1559,1606,1965,753,3471,6226,4844,4974,3612,-7058,480,-4633,2527,2933,480,-6172
10/31/2023,135,703,-6000,85,-285,-5945,-670,-987,-6000,135,-38,-4780,225,-3637,-6206,295,-1927,-2123,-460,-2246,-6164,520,3589,-3470,210,-1296,-2971,520,-3000,-7456,135,-882,-11528,85,-1847,-10365,-670,-1847,-10365,-1040,-4225,-12415,225,-3902,-7595,295,-4370,-9075,-460,-3252,-7206,-155,-3404,-7112,210,-3482,-8486,520,-2440,-5292,-1959,-7171,-946,-7265,-230,-7171,-138,-7265,-3624,-6759,672,-1003,-3352,-3614,-1435,-6995,-2215,-1013,-1435,-7385
11/1/2023,105,1008,1825,958,435,1620,1028,1253,1825,105,49,-335,265,-57,-1630,45,500,-3115,105,578,-2924,170,3619,5738,25,-530,-2909,70,2363,8380,105,435,-3426,958,435,-335,1028,535,-335,490,477,-3853,265,139,287,45,500,-794,105,1400,-2403,982,2842,14493,25,1400,-687,70,3619,14358,2561,-953,1699,1821,2836,-953,746,1821,-1396,131,855,659,-1992,3195,6720,13435,26,-5760,6625,13300
11/2/2023,585,-3890,-2147,15,-2605,-3693,-440,-3890,-2147,540,-2605,-3082,-1020,-4410,-5594,75,-3078,720,725,-3348,-2786,-360,3103,575,470,-2150,-1599,-110,3218,1503,540,-3245,219,15,-3245,694,-440,-3245,694,100,-3460,-1182,-255,-2965,-10190,-275,-1233,3978,225,-558,1913,741,1988,47906,120,-558,2838,570,1988,48188,325,-5724,311,-4455,275,-5724,-403,-4455,-3662,-5389,-3203,-582,-2500,4131,1893,2853,-5075,1221,1893,3429
11/3/2023,-800,-364,-2400,-550,-1865,-2324,-823,-364,-2400,-800,-785,-2884,649,1285,-4302,1254,-319,1835,839,1997,60,-270,-3035,-2562,575,-2115,12,-270,-3035,-6316,-800,-1865,502,-550,-1865,-2884,-620,-1865,-2884,-510,-1660,-3610,649,274,4460,1254,1584,1835,839,1732,-1231,-270,-3035,13407,625,1732,-5625,-270,-3035,13407,1373,-2806,994,-1311,1218,-2806,1561,-1311,-2340,-3469,-600,-3311,533,-5121,-5320,-6618,169,-4280,-5320,-7182
11/6/2023,-275,3292,8827,-25,5359,6074,1118,4235,8827,-275,769,5529,1375,8669,11314,1936,6888,18588,2936,11410,12701,2166,-2233,12603,1060,6410,7177,2026,689,13494,-275,3264,9097,-25,4525,6653,-25,4184,6653,-985,3490,4090,1375,11139,29050,1936,6888,17232,1925,9650,20468,-1381,-311,13251,340,9650,21037,800,-756,13251,3706,5943,2292,3404,3488,5943,-585,3404,2584,3208,-277,7232,5274,374,3480,-6259,2114,3495,3480,-6259
11/7/2023,1465,-190,-2159,2020,-2535,49,1447,-190,-2159,960,-1470,3527,1480,2469,-5432,260,-45,-4710,4986,2583,3067,-920,5300,-2802,4486,-2095,-4350,-690,3900,-4049,1465,-675,3035,2020,-675,4530,1585,-675,4530,1100,100,4089,1480,6583,15856,345,3979,1662,3615,5316,3044,-783,3103,-23340,3115,5316,4617,-690,5300,-23340,-833,-4474,-875,-5276,-101,-4474,788,-5276,1349,9005,871,-3657,4696,-2399,-3040,-5912,6745,600,-3040,-4674
11/8/2023,2700,1522,1610,1742,490,856,1742,60,1610,2475,3521,2301,1800,-126,12720,1375,891,5519,3256,-133,7234,0,-3633,-4355,125,285,8261,-25,-2883,-5293,2700,1840,4626,1742,490,3766,1742,470,3766,1957,1523,5963,1800,26,23858,1375,891,10388,2146,-133,6269,330,436,-17864,1426,-485,7012,-545,-2045,-23298,2829,5605,2605,6360,905,5605,1229,6385,8138,10122,11089,9489,2719,6814,1342,-4289,5676,5420,1342,-3260
11/9/2023,-15,4270,-4754,1800,4170,-3844,1775,4060,-4754,-15,3316,3369,570,-3245,-5891,410,-1245,-7088,1292,-3756,-3938,-130,1754,5693,1122,-425,793,3805,3083,779,-15,6210,4486,1800,6110,5582,1775,6000,5582,25,3350,5267,570,-2833,-6452,1050,-895,-6039,1500,-3428,-2501,80,858,-8376,1330,-3843,-3358,500,2705,-16850,3264,890,2890,890,3199,890,499,230,-4002,-4922,-4385,-7475,-5610,-5889,6592,-1304,-1018,2260,6592,14011
11/10/2023,-240,-2910,-3836,-205,-2910,-3544,-1831,-2606,-3872,65,-2910,-1871,-1535,-4475,-6755,-1330,-4195,-570,-1860,-3997,-7224,2180,-287,2477,-1405,-2320,-844,2345,-1518,2533,-240,-2910,2989,-205,-2910,3428,-1345,-2485,3517,830,-2940,4273,-4155,-10945,-22330,-2965,-3075,-122,-1860,-4235,-7114,2345,8568,7713,-2070,-4235,-5860,2345,8568,8863,-1906,-3021,-1790,-559,-1741,-3046,-1790,-669,-3890,-7330,-4455,-1162,-4970,-6112,4303,4127,-6505,-5635,4303,4220
11/13/2023,882,739,2482,657,739,6587,1460,739,2482,-65,-1235,6844,567,2028,4182,-510,-3004,-7484,2456,-3091,-4720,-505,-3517,-5255,795,-2165,-2071,-529,-2251,-6975,-200,355,6388,657,355,3569,805,355,3569,630,360,2435,791,1379,5481,275,-521,-6639,2342,-3231,-3310,-516,-242,-51759,617,-3231,-7309,-758,-3896,-56180,-1903,3513,295,5081,160,3513,801,5081,5734,3510,2136,-5560,2393,-6466,-5370,-6240,2041,-2611,-5370,-7425
11/14/2023,1040,-220,3479,1310,-220,3479,1758,-220,3479,385,-220,3479,3600,11107,43064,3370,9223,32335,5345,14741,31502,2010,2269,13107,4805,5184,10537,1970,13,15232,1040,-220,3479,1310,-220,3479,1758,-220,3479,460,879,3626,3600,12238,51759,3370,9223,36866,5345,14741,44565,1970,8813,25709,4755,14741,44565,1970,5249,25709,3557,701,3347,701,3887,701,3210,701,14357,41506,13144,28407,18090,7926,6105,-1778,12722,11970,6105,-4228
11/15/2023,1438,-555,681,209,-1109,821,209,-869,681,2005,-1301,1657,-495,4271,-1916,685,3247,8150,1001,5417,13227,305,6754,7195,905,1332,-2831,305,2353,29114,2050,-93,681,209,-1109,1657,209,-281,1657,900,-3602,2296,-495,4271,-1874,685,4628,10347,1510,6321,16560,305,11812,10652,905,7201,17303,305,13964,10676,977,-277,2133,-858,526,-277,1557,-858,1684,-2130,6519,3180,11547,14779,23606,15400,2194,-1003,23606,23559
11/16/2023,-1140,41,436,-165,2210,-1591,-180,41,436,-440,-712,702,730,6643,10324,-445,1899,9802,-845,4444,9756,-1110,2671,-647,-1190,740,4204,-285,3590,1254,-440,1814,1157,-165,1814,-171,-180,1814,-171,-95,2274,2975,730,6643,13395,460,3749,10345,660,4107,7556,2231,14740,18492,585,4107,7556,2315,14598,18434,-154,-861,-560,-443,552,-861,-560,-443,366,3566,2498,3576,2777,6493,-845,-5113,814,3093,-845,-5810
11/17/2023,-325,-369,-3050,-30,-235,-3045,-30,-369,-3050,115,-2170,-5380,1590,2477,-1984,-169,-3448,-3923,1460,-2234,-4843,2815,-4422,-4314,1005,-240,-2117,2815,-1696,-6618,115,830,-3118,-30,830,-4840,-30,830,-4840,-40,680,-3750,1590,8665,11693,1685,4650,-3056,1460,4507,-6262,2815,-4820,-44516,1005,4502,-9449,2815,-4820,-50284,546,-3459,-987,-1955,-1169,-3459,-1773,-1955,3500,-372,-1424,-1447,-1219,-3946,-6500,-6175,-1075,-5400,-6500,-7415
11/20/2023,-1015,-1153,2305,-1200,-890,-3159,-1200,-1153,2305,-1560,-2985,-2715,-1445,-2802,-6990,1935,1467,932,240,860,2648,-230,-240,-4135,1700,-2310,-1274,310,3800,13643,-1610,-890,2006,-1200,-890,2400,-1200,-890,2400,940,-520,580,-1445,-3775,-8200,1935,1670,932,-140,2110,516,5850,-729,15235,1700,1910,151,7630,-240,16693,2381,-1935,-4046,-3699,-225,-1935,-2740,-3235,-4085,-7250,1460,483,2796,-615,-5710,-936,-3019,-779,-5710,-510
11/21/2023,785,3548,4327,1015,3552,1127,1015,3840,2063,860,2015,3459,-495,-3270,-3779,-595,-2776,-3441,-759,-1466,2056,-215,-2976,733,-365,1272,-2190,-1150,-308,815,860,3565,9647,1015,4445,7483,1015,4366,7483,675,4255,9888,-331,-4062,-6602,-505,-3493,-3200,-1042,-5438,-2389,1567,-1731,25693,-1579,-5438,-2389,834,-307,25693,-172,28,-2853,-1423,-1207,28,-1683,-1423,1670,-6325,237,-3651,581,-2289,-1460,-4172,1354,-1873,-1460,-2532
11/22/2023,2630,2542,-1241,2210,5213,-3554,2213,2492,-1984,2090,2582,-4193,885,101,5389,440,171,-1880,960,-2231,-663,-553,-4203,-3526,160,581,1131,-113,-2233,-4150,2090,3113,-6353,2210,4091,-6839,2210,2648,-8500,1565,2396,-11720,885,2531,6701,600,171,-4748,565,-1065,-4001,1186,-6460,-47432,240,-1065,-4396,-10,-6460,-51250,4936,-3298,5218,-1323,7084,-3298,5730,-1323,121,8675,-1137,-1919,-3714,-3732,-5002,-4820,-89,1131,-5002,-4365
11/23/2023,375,1575,2455,-10,1575,2455,-10,1575,2455,220,1575,2455,3690,5480,4650,2010,5265,5950,2410,7595,7400,1045,2760,1945,4055,3095,650,745,3395,2490,220,1575,2455,-10,1575,2455,-10,1575,2455,-545,640,2455,3690,5480,5010,1855,5265,6020,2260,7595,8820,745,2760,11630,4055,7595,8820,745,2760,11630,-413,-1124,-880,-2680,-413,-1124,-880,-2680,5355,2415,2560,-950,1528,-483,-3275,-6825,295,1330,-3275,-6825
11/24/2023,355,1345,3480,35,2045,3480,230,2045,3480,825,865,2714,3235,8610,7805,380,4215,6200,2005,3265,7726,3140,1880,3144,2870,1505,1764,2115,-1060,5079,825,1345,3185,35,2045,3185,230,2045,3185,595,-25,3185,3235,8610,10705,730,6205,12465,2315,4180,14480,2280,3745,17650,3010,4180,14480,2280,3745,17650,-575,-2878,-575,-2810,-575,-2878,-430,-2810,4060,1805,-1440,-2545,-380,-2016,-2130,680,1300,-1135,-2130,750
11/27/2023,585,1208,5663,880,1518,5859,880,1208,5663,1235,1133,3765,2005,284,-2053,1108,-844,-2115,3585,2566,-2231,5045,-495,-4744,2648,4456,2716,5250,827,-3238,1235,1518,-1797,880,1518,-1797,880,1518,-1797,1945,1693,568,2344,1796,4875,1048,-698,-2115,3573,2360,-642,6078,1071,25285,2844,2360,-1440,5250,-1195,25285,1341,7282,1341,7282,1341,7282,1341,7282,924,1332,-3935,-5200,555,-988,11290,-1278,8174,6433,11290,-2428
11/28/2023,445,-709,2021,1898,-354,3178,1016,-709,2021,155,-732,3178,1221,-544,-3719,335,-2670,-4680,491,-1687,-4205,160,-3305,-5935,138,-2180,-2963,980,-3425,-6405,445,-354,2021,1898,-354,3178,1808,-354,3178,115,-584,2629,2270,1993,4292,2490,-410,5078,2341,-3509,3818,56,-3269,1450,2051,-3509,4863,-120,-3305,1339,912,5528,690,4642,912,5528,1137,4642,-2070,-3210,-2664,-6005,-2242,-5917,-4175,-5704,800,-3964,-4175,-5280
11/29/2023,215,-593,-4006,500,-822,-3692,605,-863,-3351,215,-557,-5105,-390,-4013,-6815,-985,-1810,-7155,500,-4488,-7290,1825,1681,3039,90,-2564,-4155,-264,10,2688,215,-557,-9112,500,-822,-6995,605,-577,-6340,-885,-1990,-10240,-390,-3423,-23430,-515,-1495,-10825,500,-1657,-13652,-397,1020,-3871,-264,-1657,-12943,1376,2330,-1914,-375,-2527,459,-501,-375,-2527,154,-501,-3573,-7360,-2890,-5329,-4628,-8724,611,16783,-291,-4145,611,20833
11/30/2023,-15,2516,2513,545,7497,3908,1015,2034,-1998,270,1608,4664,1255,7676,6190,1950,13043,5802,1473,7130,5665,-345,5670,-129,1564,6036,6821,1833,-547,513,-15,8498,-2052,545,7497,2,545,8220,-3213,313,2324,-772,1255,10158,11733,1950,13921,5324,480,9124,-2465,949,3092,-33994,1020,9124,-1601,1833,2725,-40172,-2150,-1135,-3060,302,-500,-1135,-1990,302,7968,8628,6088,-238,6764,2412,-281,-2416,7377,3290,-281,-3911
12/1/2023,-105,-686,-1774,43,-1625,-1611,165,-1545,-1774,18,-1479,-1672,2255,3704,3168,1405,479,-181,6,2194,-645,70,5754,-2506,-52,7821,2662,240,5102,-6299,18,-1275,-2944,43,-1275,-2304,165,-2134,-2304,-1055,-1052,-279,2255,3676,3517,1405,2188,3589,2075,1169,786,-1104,5773,19603,2565,1169,1113,240,5754,21144,-2841,-2825,-1766,-862,-3041,-2825,-2109,-862,4660,746,-1693,-301,2154,4253,9171,-4997,-1129,2809,9171,-5891
12/4/2023,3100,-1813,316,2215,-2143,607,1391,-1570,-118,3040,-524,-2,200,5120,14049,350,992,2831,1360,3178,14963,80,11547,13539,930,552,3951,1035,9324,20339,3100,-1813,-800,2215,-1933,-92,1990,-856,-317,2728,-468,1588,200,6433,19564,350,3467,15699,1360,5900,14734,1040,11547,27327,930,5900,14914,1035,11547,28230,-834,770,-834,785,-834,770,-834,785,1308,10744,-1431,9075,858,12776,-4705,13274,-482,3956,-4705,15514
12/5/2023,3662,-482,261,4118,1416,1949,4988,915,261,3817,-49,2037,1789,890,11345,830,838,10723,2293,8273,3558,1546,2428,10117,3281,5557,4856,3131,2428,9100,3662,-49,1595,4118,1416,2037,4988,1427,2037,3317,529,2068,1789,890,12798,830,738,13551,2293,8278,9856,4715,2428,17359,3281,8278,11570,3081,2428,18403,3679,4529,5824,3763,6064,4692,4453,4763,1045,8778,519,8929,2708,2144,1341,-119,3386,3735,1341,-201
12/6/2023,-435,-3461,-5320,-75,-2805,-4616,-857,-4229,-4791,-435,-815,-6413,40,-3575,-6310,460,-4103,-6310,226,-5172,-6310,755,1562,-430,-75,-1760,-4045,895,2303,-44,-435,-2830,-8120,-75,-2805,-6590,-140,-2890,-6590,-1550,-4695,-9980,40,-4560,-26947,475,-4103,-16395,645,-4544,-18109,322,-1025,1498,-40,-4544,-22115,480,1215,2876,-4198,-2742,-3115,-2045,-3985,-2742,-3290,-2045,-4330,-6305,-4139,-6305,-3682,-6305,410,4870,-2840,-4040,410,-5170
12/7/2023,-730,-2559,-4437,-1620,-3645,-4785,-1620,-3645,-4437,-730,-2980,-5965,2766,-4090,-6790,560,479,882,-1065,8398,-349,6165,668,-2822,-175,-1454,-2997,10260,14,-5845,-730,-2350,-4997,-1620,-3810,-5965,-1620,-3810,-5965,-1800,-4565,-3317,2849,-655,-4040,560,1696,1927,-1065,8651,922,9635,1158,-2487,-175,8651,1545,10260,834,-2459,-5465,-6625,-4480,-7435,-4231,-6625,-3315,-7435,-4045,-7400,-2410,827,7351,3421,1743,755,-1937,-5685,1743,755
12/8/2023,509,-1644,780,1025,395,4075,-285,-1644,780,305,1223,2413,1200,-137,-221,600,-2045,8067,2004,287,6611,-725,-272,-2608,-1395,547,-4385,-1537,572,4904,790,-539,359,1025,-539,421,1025,-539,421,385,-145,5365,-550,1110,2748,600,-2045,7497,880,588,11934,-1390,-1621,26940,675,588,12455,-1537,-220,29000,-2039,2148,-750,-2731,-3439,2148,-2195,-2731,-2540,-3832,-1420,346,-2353,7687,310,1664,-642,1343,310,2520
12/11/2023,-1040,-3371,-3073,-1215,-3371,-1831,-1063,-3371,-3073,-1205,-2185,-2897,-35,-1975,-3646,300,3370,-1575,720,5642,-3477,-335,6502,5270,1215,3202,-2153,-310,8187,4759,-1490,-3145,-2997,-895,-3145,-1580,-895,-3145,-1580,-1270,-3145,-1931,-35,3280,-5227,300,3370,1538,720,6690,-2734,-469,6068,3520,1215,6690,-2359,-310,6502,3520,-1813,-1916,-1540,-2731,-2064,-1916,-1530,-2731,-2638,-7232,1617,1890,1172,-2536,-35,8927,-558,-5850,-35,9964
12/12/2023,-1171,-253,1028,165,-588,-140,-815,-253,-20,-65,-2345,2051,-1795,-4483,-6994,-1465,-4000,-7425,-1985,-4458,-7425,-250,65,2242,-1360,-1953,-4535,-480,1117,7512,-60,-588,1776,165,-588,3594,165,-588,3589,-565,-1714,1850,-2290,-13130,-30450,-2335,-8285,-14055,-1770,-10825,-19588,-1489,-1669,-7382,-1090,-10825,-18765,-565,-1528,-6366,-3643,2128,-1457,3085,-4433,2630,1463,3085,-4494,-7468,-4485,-7315,-6977,-7087,-106,5520,-6965,-5635,-106,6621
12/13/2023,40,-3339,-5901,-144,-3808,-5680,-510,-1918,-5986,-850,-881,-7165,1150,5620,5738,325,3812,20,0,-4373,2194,-400,780,-1434,340,2653,5012,-280,2860,-7498,-850,-3808,-12827,-546,-3808,-12260,-510,-3786,-12310,-795,-3245,-7832,1150,6910,12835,325,3812,-245,0,995,-1902,-275,-11666,-38576,340,995,-2180,-280,-9705,-36380,89,-6558,-85,-3589,-288,-7374,551,-3414,2945,3064,5052,335,249,4336,976,-3554,2138,-731,811,-3554
12/14/2023,-601,2938,538,0,1058,390,213,580,538,-430,5918,-1665,575,-2464,-3595,1405,-1080,1102,-1042,-871,67,-1265,-250,906,572,-2471,-2020,520,5617,6329,-430,1156,5750,0,1334,2298,400,1313,2298,-1350,-1465,-3262,805,-2464,-6992,1360,-1080,1102,2170,-415,-1400,972,133,10310,2135,-625,1278,520,812,12208,4405,11657,8999,5892,3980,7578,6033,5957,-2515,-6097,2855,5749,1705,7527,3864,18007,-1396,2220,3864,18979
12/15/2023,2878,7579,5010,4286,10204,4712,3756,6269,5010,3566,8564,5288,2435,4535,11281,2840,2101,-788,2310,4199,-1627,2540,700,-4026,2075,5546,7823,2490,1970,-5842,3566,10630,11144,4286,10845,11361,4301,9256,11361,2611,10040,15505,2435,9084,26195,2840,1414,225,2310,2684,7843,3152,-5067,-30663,2075,2684,8110,2005,-5460,-30663,8328,4427,7175,2419,8409,4427,8010,2419,7111,12293,-483,1133,3033,-4153,10412,-4826,4685,8818,10412,-3327
12/18/2023,-158,25,5576,415,-2260,8686,295,25,5576,200,-1666,9408,-1875,-3960,-6946,-375,55,1929,310,-1064,-1211,-750,-3711,3412,-1430,822,-2400,-950,4273,4771,0,-2260,5704,415,-2260,7730,440,-2260,7730,1531,-1590,9860,-1085,-351,3138,-230,3019,2023,1400,5429,2699,1041,-4948,-23084,360,5429,2699,-950,-7051,-22172,1735,5762,1735,8060,1735,5762,1735,8060,-4140,-7475,5325,7001,-2331,-493,-5621,4050,-1469,-5120,-5621,7083
12/19/2023,1255,560,1910,-129,560,3444,-79,560,1910,1255,695,3220,1050,-1900,1862,1675,2308,7936,1300,-1145,9103,340,1066,4550,1375,-895,2609,1450,343,6049,1205,560,10082,-179,560,11201,-79,560,11201,2055,465,11201,1050,1417,3480,1675,2718,18566,1300,188,24596,1908,1066,41306,1375,188,24901,2060,1066,41650,319,1589,278,2838,12,1589,-435,2838,-2323,-1908,-228,5649,3965,5801,1666,5499,-5125,890,1666,5499
12/20/2023,540,-2450,-2036,1163,-2450,-2036,1163,-2450,-2036,540,-2510,-1966,-165,-2696,-6905,395,-3327,-9318,1020,-3692,-9376,345,-6443,-6165,415,-390,-1140,235,-4448,-8325,540,-2450,-2036,1163,-2450,-2036,1163,-2450,-2036,490,-1450,-1474,-40,-2470,-7186,395,-3327,-12947,1020,-4722,-16660,403,-6793,-33850,415,-4722,-16660,235,-6793,-33850,-1770,-3618,-1770,-1592,-1770,-3618,-989,-1592,-1758,-7064,-4420,-9847,-6095,-10110,-7170,-7782,3559,3315,-7170,-7782
12/21/2023,795,3392,6387,945,3377,9383,930,3202,8632,900,2522,6142,860,-2030,-2344,585,-3610,-1296,1375,-1193,-2310,1040,1212,-1726,1450,929,3910,1040,4613,-12,795,3392,9164,945,3377,10302,930,3202,10177,1200,2751,10955,860,-2030,-3410,585,-2110,-1296,1375,-1515,-2310,1040,2163,15278,1450,-1515,-2093,1040,1212,12293,-69,5929,-362,8434,-129,5929,-302,7767,-2455,-7319,-2175,-6419,-3069,-3050,-5485,1580,-929,2284,-5485,-2147
12/22/2023,-1410,-4460,-5845,-1730,-4400,-5705,-2210,-4400,-5845,-1410,-2910,-7385,800,3214,-659,-645,65,-4390,-874,-417,-23,-445,-5905,-5380,120,1117,-1972,-1114,-2970,-5456,-1410,-7170,-11130,-1730,-6400,-10990,-2210,-6230,-10990,-755,-4305,-15585,800,3214,-3163,-738,-148,-14207,-220,-259,-14905,-1701,-5815,-35506,120,-259,-14905,-1694,-5815,-35220,-2815,-6056,-3130,-3744,-1805,-6056,-2495,-3744,4555,3272,2795,410,1892,1625,-1190,-6670,2360,3064,-1190,-605
12/26/2023,-1035,-5350,3097,-1970,-5350,3097,-2150,-5350,3097,-1560,-3830,6148,-1940,-4455,-4110,-1475,-2560,2283,-2000,-4921,-3293,729,-1165,4877,-1065,-2125,3703,1506,-1165,6344,-1445,-6070,16882,-2120,-6070,16882,-2120,-6070,16882,-945,-6285,9629,-2780,-12860,-13625,-2930,-5510,13422,-2800,-9220,11958,1430,-1165,102779,-2480,-9220,12223,1430,-1165,103044,553,5593,-190,9700,-442,5593,-330,9700,-4464,-7402,-3290,2251,-3380,7381,6959,11076,-2195,3188,6959,11076
12/27/2023,700,3885,-2083,700,3885,-5225,700,3885,-2083,700,803,-381,910,7161,4513,-125,1866,-2440,564,2312,-1877,-375,-2780,-3435,-490,-1415,-2420,-1025,-2333,-4740,700,3885,-422,700,3885,-860,700,3885,-860,910,3450,-860,910,6575,10671,-125,956,-2293,-1300,1662,4623,-369,-8161,-20668,-1645,1662,1775,-3570,-13795,-26885,4312,-346,4385,-331,4312,-346,3770,-331,6921,7098,-80,-6560,-288,-1306,-3370,-3900,624,-2420,-3370,-4480
12/28/2023,-1410,-4110,-473,-1528,-4070,-473,-1528,-4180,312,-1350,-2780,-2260,-465,-4258,-5876,-520,-3281,-4957,-325,-4501,-5969,115,-876,6024,-565,-2200,-2506,25,-1115,8260,-1410,-5050,-2260,-1528,-5010,-2260,-1528,-5120,-1475,-1980,-5570,-2475,-465,-4258,-13575,-520,-3463,-4275,-200,-4935,-6112,25,-851,30057,-565,-4935,-4880,25,-851,31179,-980,1855,-1670,-1618,-980,1855,-1535,-1618,-4180,-6535,-677,2543,1738,6658,11562,5701,220,6110,11562,6552
12/29/2023,720,-1324,-4050,810,-2612,-4050,708,-2301,-4050,870,-2361,-4376,-87,3298,12835,107,-2770,-6270,-76,-3261,-1710,-1190,800,-3514,-413,701,-2694,-1025,800,-5280,720,-3098,896,810,-2612,3463,708,-2698,4609,-475,-4330,6680,-87,4313,16714,148,-1807,-3765,-822,-947,4270,1718,42,-12860,-372,-947,-861,-752,800,-11460,-511,-3420,-778,-3420,325,-3420,-1918,-3420,5060,7152,-3910,-5059,2281,-2231,-4535,-885,3793,-2694,-4535,-885
1/2/2024,340,5572,3773,280,5752,7032,130,5783,-3046,530,4437,9179,1590,2150,12606,843,6407,19073,1038,11650,31741,1430,1914,24063,2980,5172,8220,1520,6660,16654,340,5336,5442,280,5946,1165,130,5691,1735,875,5392,2079,2055,2361,16455,1265,3233,19073,3375,8705,33421,3270,3458,23573,3025,8705,33520,1520,1914,23814,6277,10186,4739,10727,6362,10186,4726,10727,5190,23512,5678,20623,10411,33919,5285,11055,5607,9928,5285,14002
1/3/2024,681,4247,-1418,372,3865,-53,681,4989,-1418,-550,3966,-3018,785,1952,-1215,635,1824,4492,1050,2739,2878,880,2552,2705,870,1718,-220,880,1609,3919,-550,3924,-495,228,4941,2095,196,5003,2095,-710,3148,3988,785,1952,-199,635,576,6645,1050,1998,5813,880,1973,38460,870,1758,5813,880,2576,39505,-797,1261,804,-700,869,1261,-2,-700,1318,-2916,2564,4198,1131,12851,-427,16210,986,-215,-427,15412
1/4/2024,-510,-2089,-788,-420,-2309,-589,-420,-2616,-838,-510,-2714,-2239,310,-1116,-6770,210,-1429,-4574,1131,-3110,-5403,-360,-3990,-810,-235,90,987,-1535,-1880,-680,-510,-2089,-788,-420,-2309,-589,-420,-2616,-639,-1295,-3103,-3825,485,-2975,-13774,-180,-1858,-11057,-815,-3445,-12061,-133,-5080,-39710,-1220,-3445,-10694,-1585,-5080,-38895,-4162,359,-4162,990,-4162,359,-2741,1100,3491,1661,-2475,-2576,1839,-3862,-2328,2428,2744,4936,-2328,2985
1/5/2024,1885,4450,-2156,1800,2521,-2714,1935,4232,-1781,1860,2501,2561,265,5131,21652,-270,527,11286,4688,5350,16087,-465,5764,-1423,3749,1175,13925,-355,5764,1949,1740,2481,-1516,1800,2521,160,1935,2400,535,155,539,245,265,5928,26914,-90,2619,14186,1360,6938,17801,2064,3903,5796,1105,6503,19291,665,5764,6694,6685,-2123,4866,-4874,6685,-2123,4726,-4874,12992,26230,889,12734,11231,14703,-3760,5598,4751,5584,-3760,3786
1/8/2024,-278,-1709,5671,2645,1134,7200,-822,-1709,5671,2100,1134,5768,-1970,-4275,-6725,-1075,-3295,-6461,-1575,-3755,-7376,1225,188,6208,-1020,-2750,-4470,1580,-102,4739,993,1134,7838,2645,1134,7838,2645,1134,7838,3466,2499,8221,-2885,-11650,-25965,-1350,-6900,-8240,-1065,-7905,-10446,-832,-1371,20231,-850,-7905,-10276,1795,670,21215,-420,4532,2399,7207,-1438,4532,1689,6617,-3820,-7330,-4440,-6334,-6873,-7417,5309,370,-6880,-5605,4587,370
1/9/2024,400,3546,6067,555,3546,3843,1205,3546,6067,400,2845,4061,-1960,-3990,-6955,1405,-3675,-2575,-1695,-4436,-5030,1600,-175,4263,-1435,-2895,-4425,1600,-1080,-278,400,3546,6462,555,3546,4061,1205,3546,4061,440,1455,1162,1110,2776,2681,1430,4397,7823,1450,1520,3145,1600,-75,1163,1510,1520,3145,1600,160,1635,2633,1953,2673,1150,2749,1953,2663,-385,-3635,-7120,-613,-2651,-2527,-7694,1925,5709,-2645,-5700,1925,5749
1/10/2024,793,488,5448,775,610,3134,553,488,5448,1170,-386,5800,-435,-4345,-6814,520,-1480,339,1770,-3390,-272,840,5120,-4509,-1242,-1118,-12,800,4545,16277,1175,1457,9448,910,1457,7931,910,1457,7931,2615,4627,10780,435,-1095,-4398,520,955,572,1770,1235,-1337,-236,-1270,43473,765,600,-994,800,1067,43792,2365,4854,3233,5217,130,4854,2143,4577,-3985,-5835,1922,3498,-714,-2429,8366,10757,-117,1092,8366,10757
1/11/2024,883,-2521,-123,-580,-1645,3054,-267,-2541,-3016,-660,-290,1281,15,-3629,-3641,-1455,-3900,-5197,685,-4499,-6136,-1370,2699,18613,1680,-1779,7556,-2040,2699,20039,-660,-1625,-1586,-580,-1645,-711,-1195,-1645,-930,-545,-1610,263,15,-3610,-4953,-520,-3040,-6702,685,-6910,-9862,-3587,1942,27484,935,-7285,-9703,-2480,2699,27913,1017,-1632,310,932,-351,135,882,932,-70,-6726,1575,-2135,5246,-988,922,16606,2169,4720,922,16606
1/12/2024,2993,617,-2180,2053,-1710,-1657,2904,-250,-4041,2190,-828,-3086,2125,8440,17419,2025,7877,5675,2750,6980,1521,1835,-275,-5775,1569,3851,4077,2655,-345,-4432,2190,-1939,-8435,2053,-1710,-11995,2053,-2750,-14255,1535,-455,-12040,2125,9855,24476,2025,8095,14551,2750,7737,12599,3290,1662,-13954,2049,7737,13646,2655,-1657,-17490,-1749,-6454,-1477,-5105,-1759,-6454,-512,-5105,14256,26775,7437,8664,11776,9414,1992,-3345,9082,5925,1992,-3835
1/15/2024,-930,227,1300,-585,-650,1300,-585,227,1300,-930,-650,1300,105,4200,6940,600,2220,3625,2075,6000,9833,3195,-1800,615,3395,820,3223,3515,-2585,-1690,-930,-650,1300,-585,-650,1300,-585,-650,1300,-770,450,1300,105,4200,7415,600,2335,3545,2075,6000,10330,5555,-908,-6518,3395,6000,10330,5555,-1800,-6475,1546,-1996,1700,-1855,1546,-1996,1700,-1855,1070,3386,845,1765,1915,-250,-2445,-2980,-990,3228,-2445,-4730
1/16/2024,800,2437,10173,755,1527,9828,1377,3149,10173,753,2806,10215,615,3669,5943,490,948,-2882,-492,4000,-2524,-795,-1390,-5318,-15,246,1631,-795,-4360,-6591,800,2465,10829,755,1527,11156,1461,3037,11156,218,271,9377,615,3669,6710,490,948,-2882,-155,568,-1985,561,3123,-16448,-15,568,-4958,-795,927,-25133,2482,6469,3850,4137,4398,6469,2789,4137,1633,5959,-3099,-3279,288,75,-3091,-2623,504,1631,-3091,-3188
1/17/2024,-565,17,-4733,-335,110,-163,-335,1064,-4733,-565,-515,-673,420,4243,9287,-640,779,510,1154,-205,1609,314,-4257,-5291,-317,-238,5517,-1320,-4500,-6705,-565,-614,-8383,-335,-1629,-5796,-335,-1629,-5796,1079,-639,-7885,420,5358,5852,1338,3092,2155,2366,3252,4685,-1579,-859,2906,937,3252,4018,-1845,761,2805,-410,-348,-1670,-3666,-2147,-348,-2215,-3666,-437,-83,-1025,-7020,-725,-3974,-5132,-2544,1334,-5725,-5132,-5137
1/18/2024,213,-2515,6892,-635,-1780,6945,775,-2515,6892,-70,-503,7756,530,-145,443,-130,1160,8095,-700,-884,13948,-1025,-5146,-3186,-575,1181,1975,-2100,-4500,-1532,-70,-1780,7560,-635,-1780,8271,-510,-1780,8271,-675,-2050,6751,530,1683,10392,-130,-1000,9516,-700,1160,13893,-2010,-1134,5598,-575,2835,12039,-2010,-585,5691,-2993,2601,-2120,4979,-2993,2601,430,4979,-915,-2980,814,8416,-1820,8822,-5600,-2206,1360,5054,-5600,-2127
1/19/2024,-397,-2037,-5322,570,-1830,-3990,575,-2359,-5322,-25,-2100,-4255,-1795,-3810,-4945,-1290,-3790,-8115,-2210,-4210,-6925,1185,2095,-4120,-1495,-2985,-5425,1185,-2045,-6375,-25,-1505,-5097,570,-1505,-3765,575,-1545,-3765,-185,-1430,-5410,-3970,-11640,-22210,-620,-5755,-11455,-1790,-10225,-15324,1185,2659,-3910,-1225,-9080,-12215,1185,2975,-3599,-1098,-4755,-384,-3978,-1348,-4755,-1545,-3978,-3885,-7240,-4460,-7455,-6999,-7488,180,-5575,-6245,-5990,180,-6710
1/22/2024,255,-1439,-3708,125,-3556,-4446,909,-1879,-3708,255,-2155,-2212,2175,1421,-4290,2144,1721,2543,2028,3764,1327,1171,6478,4052,2875,1181,2045,1171,4143,10450,255,-3141,-3984,125,-3556,-3984,909,-2812,-3984,-2540,-5230,-2496,2175,1421,-10112,2144,1960,3076,3051,3070,1327,1171,2808,41320,2875,3070,1523,1171,4938,42193,-947,-7349,-322,-5953,-50,-7349,-2325,-5953,5691,-1553,2540,-1113,14050,7296,-717,6723,3678,454,-717,4357
1/23/2024,-1035,-4405,-5495,-2000,-4336,-5249,-2075,-4461,-5495,-1555,-2945,-6973,-555,-945,-2293,-410,-1455,-6025,-1960,-4060,-1513,-1160,-5145,1302,-940,-2130,1931,-1360,-3055,3655,-1540,-5320,-10687,-1900,-5761,-10441,-1975,-5886,-10441,-980,-5825,-8311,-555,-945,-3125,-410,-2555,-6025,-2530,-4115,-5676,-1360,-4625,-8273,-940,-4115,-5676,-1360,-4625,-7041,-4086,-7494,-4455,-6659,-4246,-7494,-3485,-6659,-2600,-2380,-3045,-1269,-3160,-669,-4815,-1226,-4735,796,-4815,-4236
1/24/2024,572,-404,-5606,330,866,1571,330,-35,-5606,435,811,-1217,-45,-2353,-5544,670,1819,-621,-185,-260,-6155,565,7061,-5725,635,-93,501,565,5716,-2248,125,596,-7181,330,866,-5225,330,711,-5225,-830,1520,-6185,-45,-1564,-3992,670,1819,-2621,-185,-496,-11320,565,8962,-15759,635,-501,-9678,565,7646,-15759,431,-2641,585,913,384,-2641,1960,913,-3615,-2376,-2105,-2914,-2967,-6772,5167,-5359,680,2867,5167,-5059
1/25/2024,160,-1250,-1180,125,-576,-68,-60,-449,1864,160,-706,-2288,-695,-3669,-6948,-475,-3077,-6465,-1155,-3944,-7194,100,-5410,-4026,-345,-2150,-1975,100,-4235,-4204,160,-706,-1080,125,-576,-940,-60,156,1565,-68,-2395,-3903,-695,-2899,-7428,-475,-2222,-12321,-1155,-5389,-8276,100,-5056,-15667,-345,-5389,-9531,100,-6510,-15550,-629,-2858,129,6061,812,-2858,-710,6061,-3725,-6540,-4310,-6027,-6819,-7357,-1880,-6856,-2414,1290,-1880,-6526
1/26/2024,175,1436,-943,280,1833,-2573,345,2598,-3229,175,-4,-1690,715,4205,6566,3925,-467,2964,2727,800,246,-1295,2201,-2583,4095,1819,6984,-2285,1728,263,175,758,-2145,280,1833,-2449,345,3345,-2449,465,-1100,-2867,715,3715,7163,3480,10,2964,3480,2605,429,2475,1795,5452,3455,2605,-1862,3100,2201,5130,4408,-4060,4865,-5226,4072,-4060,4865,-5226,3163,4925,378,-4750,-610,-6661,-4689,-2622,3027,5220,-4689,1805
1/29/2024,-215,-1835,-1577,170,-2000,-1702,-191,-1835,-1577,-15,-1340,-1793,-880,-4100,-6952,-1405,-4395,-7465,-1925,-4449,-7492,-1140,-2350,-4087,-655,-2108,-1715,-905,-3950,-7379,-15,-1210,804,415,-1210,1039,635,-1210,1039,320,-1420,-5170,-805,-12215,-21103,-1425,-11925,-14720,-2375,-8880,-14194,-1950,-4781,-4019,-685,-9570,-13680,-879,-4041,-3269,-755,706,-673,1374,-471,706,-1654,1374,-4180,-7493,-4400,-7450,-6908,-7476,-5535,-4283,-2958,-1165,-5535,-5052
1/30/2024,1815,-777,-4618,890,-416,-5290,890,-1625,-4618,1815,-1770,-5960,2155,-1355,-6840,1702,3213,1333,1613,8423,-2896,2980,-1982,-1439,6067,1867,142,6310,8262,-1746,1815,-1365,-4942,890,-1466,-8125,890,-2681,-8125,1185,-1830,-9210,2155,4425,-1958,1882,3529,1333,1973,8693,816,7388,3067,9451,1610,8693,-817,6375,3067,9663,2035,-5527,-1960,-5330,1506,-5527,-716,-5330,-220,-7130,-140,-787,-3001,-3691,-3218,-5332,2065,3482,-3218,-5010
1/31/2024,515,1058,7303,155,1959,10162,140,685,9779,885,980,8517,570,380,886,705,-273,1449,745,-1099,-1164,530,-711,416,600,-1382,-417,490,2255,2034,515,1192,5829,155,2137,6020,140,2733,8754,2174,4349,8015,585,1085,657,910,722,990,1000,2217,-1032,495,90,5686,705,1812,-1111,490,1409,7747,2178,14786,3165,13822,1457,14786,4688,19432,3876,5916,2301,311,-2870,-3407,-1740,-4468,-2775,-246,-2619,-5458
2/1/2024,-324,-4234,-2821,-90,-3520,-1888,-235,-4234,-2821,-70,-912,-6125,65,-4480,-5427,-1015,-60,-4219,-835,-3555,-6545,1825,236,-5996,-440,2,-2604,1076,77,-6226,-70,-4590,-10991,-90,-4590,-9610,-235,-4590,-9610,290,-2260,-9270,65,-4140,-14372,-1075,75,-6274,-835,-7670,-13462,1076,306,-17133,-440,-8035,-10905,1076,236,-17067,-5530,-5675,-3955,-5117,-3955,-5675,-3015,-5117,-2125,-7283,-4224,-1395,-6550,-3899,-913,-5692,-1264,-1122,-913,-7472
2/2/2024,1827,1775,-3299,1652,2165,-1710,1984,1073,-3299,2275,2295,-2831,2845,-3141,-5249,2825,651,-2196,2350,-3934,-5159,4060,4231,-3367,2690,-1980,-3039,4060,4231,-3391,1827,2295,-3299,1652,2165,-3604,2465,1910,-3604,2005,2015,2545,2845,4760,-3782,2825,122,-709,2350,4816,625,4060,2393,-3632,2690,4816,1919,4060,4231,460,239,-1105,296,-649,180,-1105,-756,-649,-4455,-6085,652,-6085,-3314,-6085,-2920,444,-4095,-5800,-2920,-2626
2/5/2024,1376,1008,-882,2040,1237,-1395,1882,-419,-2783,1870,988,-2010,-1150,1883,3916,-1090,457,-2560,-70,325,4119,-1355,11658,-2327,-1345,2233,5261,-2420,11565,-2297,1720,1263,-425,2040,1237,-2527,2250,58,-2527,1015,-316,212,-1150,3072,3926,-1125,2232,-111,-120,4582,5020,-1020,12028,-8728,-120,4582,4541,-1020,11883,-8810,2061,-1562,2626,-1100,1800,-4316,2756,-897,4181,2060,-2470,-884,2591,827,-3045,-2304,1032,6199,-3045,338
2/6/2024,675,2286,370,-535,292,-1198,460,1039,370,675,560,252,1240,1368,-726,1195,1607,-2321,3100,2348,3098,5047,2674,-4923,3535,-1420,-842,5047,-180,-4886,675,292,370,-535,292,684,460,-873,684,1074,1515,351,1240,1030,-2943,1195,585,-5411,3100,928,2386,6033,16365,23723,3535,928,-1603,5047,15405,22598,5372,12047,3363,9021,2763,12047,3559,9021,498,-763,3093,-785,4582,-1093,-29,-5567,2510,-832,-29,-7337
2/7/2024,1700,3050,-2614,1285,2372,-2659,655,2814,-2614,1750,2464,-1789,240,8542,12178,597,9236,4551,-570,9106,6557,5650,8785,-4562,-690,1808,6764,7788,1388,-4216,1700,2372,-3262,1285,2372,-5239,655,2246,-5239,1155,-99,-1600,240,9171,19396,1072,9236,10802,-570,10483,11970,7697,14283,9008,-215,10498,13197,7788,15134,8764,-2239,-4849,-1120,-2460,-1460,-4849,-371,-2460,10096,13138,9867,170,10728,2652,11325,-4854,7818,2216,11325,-5333
2/8/2024,1930,-2013,-1202,3225,-1030,-3320,3225,-2013,-1202,2710,-760,-5805,1210,-2050,-364,1571,-1295,2847,2760,-352,-2415,96,-5070,1697,4685,-1900,-1447,301,-3055,2107,2710,-3805,-4334,3225,-3805,-6270,3225,-3805,-6270,1845,1075,-4505,1210,-445,5201,1571,-4585,4577,2760,-2320,381,866,-9582,17624,4685,-2320,-5046,866,-10530,17624,817,-5030,-2025,-5235,817,-5030,-2055,-5235,2586,-1720,102,3509,3354,-4711,6525,6901,1574,-5365,6525,7068
2/9/2024,-1455,-3380,-1722,-950,-3380,337,-696,-3385,-1877,-445,-2275,1238,-445,-4470,-6775,-220,-1335,-6596,-1618,-5394,-2932,-1375,-760,-3786,-1430,-2800,-4430,-1375,-760,-3349,-1255,-3380,-31,30,-3380,1204,30,-3385,1204,-730,-3310,2049,-445,-6585,-11495,-220,-546,-8218,-1875,-896,-1028,290,-935,7190,-2340,-896,-1028,-1375,-760,7190,-3620,2424,-420,-489,-3620,2269,-2370,-2089,-4470,-7306,-970,-5554,1166,-5416,6508,1002,-4970,-5430,6508,3506
2/12/2024,-270,-2749,-1099,-60,-2275,-5091,405,-2749,-909,-695,-2059,-5385,-719,-3948,-6467,400,-3765,-7484,1025,-2435,-7484,3430,-3035,-2982,459,-2150,85,4065,-605,-4160,-270,-2275,-7158,-60,-2275,-7158,545,-2275,-7158,-1995,-1973,-5546,-495,-3500,-13764,-255,-2750,-14854,1160,-7060,-12614,8983,-3679,-42499,750,-7060,-11800,9120,-2595,-40565,-4740,-6432,-3440,-5058,-3440,-6432,-2220,-5118,-3188,-6343,-4410,-7295,-6992,-6181,-4890,16214,-1665,10,-4890,14534
2/13/2024,2428,4665,12766,1335,5072,7659,705,4665,12766,280,3670,15884,1665,3546,-2015,920,7689,9129,1445,5373,8577,1705,16128,8455,969,3595,5700,2770,10675,6119,735,5072,17999,1335,5072,18185,705,5072,18185,-700,4305,13889,1665,4301,4125,920,7689,11425,1445,6146,10307,1686,16284,38576,1185,6146,10307,2770,16445,38974,6405,10519,4055,11453,6677,10519,6215,11453,467,344,5970,4593,5114,3711,6958,10177,3598,2938,6958,362
2/14/2024,-245,-1336,-1672,470,-1540,2314,596,-1471,-1672,60,-293,5200,-1150,6779,2628,-730,3411,4611,-1296,5664,-1144,-860,-959,1972,-310,-480,2533,30,-528,-988,-245,-750,100,470,-2210,3650,1065,-2210,3650,95,196,2482,-1150,6779,10935,-1045,3411,4985,-925,6288,-6657,-770,282,-19928,-860,6288,-6657,30,-1966,-19350,-1153,1647,1334,645,-1319,1647,1148,645,2181,7350,378,8263,1324,212,7620,7040,3140,2538,6785,5940
2/15/2024,-620,-2198,-1498,-620,-1961,-4094,-620,-2198,-1624,-620,-955,-3489,970,-3510,-5825,1345,-2153,-7375,-205,-4500,-7480,110,-3332,-3420,1500,-2590,1571,110,-4132,-4882,-620,-1961,-1788,-620,-1961,-262,-620,-1961,-2384,-455,-2735,-4462,970,-295,-754,1345,-4720,-10500,970,-4057,-17665,110,-3178,-44260,1500,-4057,-21295,110,-3178,-45170,-173,-3196,-986,-6831,-173,-3196,-950,-6831,2060,-4034,1777,-7380,-6965,-7493,-6488,-6255,-2446,936,-6488,-6530
2/16/2024,-50,2205,1103,120,1690,9880,-337,1272,4871,-100,805,5060,-330,2365,5801,-415,-457,4273,410,-1917,-2462,-250,-985,-5628,-75,-555,335,-250,-613,8807,-100,2205,-2215,120,1690,2155,70,1272,4308,30,785,35,-330,2847,5554,-415,2567,5200,510,142,3133,-250,-1507,-1891,15,142,3463,-250,-985,-1762,8427,4280,6390,3545,7721,4280,5219,48,2413,-319,2300,5563,-522,7170,4413,9446,1640,508,4413,9486
2/19/2024,1895,4565,2785,1400,4565,2785,1400,4565,2785,1895,4565,2570,-920,5680,8155,-1588,4685,5525,2820,9360,7475,1980,12095,595,1753,-90,-165,4380,7470,535,1895,4565,2570,1400,4565,2570,1400,4565,2570,-20,4615,2570,-905,5680,8920,-420,4685,6870,2770,9310,9225,4275,16870,8980,2945,9310,9225,4275,16870,8980,-1255,-4184,-3075,-5060,-1255,-4184,-2135,-5060,20,5094,1850,1745,7220,3475,14805,-1110,935,-160,14805,-1110
2/20/2024,230,6466,6034,1205,6575,7474,1195,6525,6029,270,10433,8155,140,-3127,-4196,450,-2316,-5170,280,101,-4230,750,4970,1972,190,1251,2906,750,3339,-5540,230,6466,6831,1205,6575,8952,1195,6525,8952,2050,8280,11090,140,-3127,-6939,450,-5286,-5044,280,-1344,-5441,750,5064,19899,190,-1344,-11118,750,3986,20004,1995,4611,1523,4633,3478,5233,1461,5147,-2230,-5962,3215,-958,3822,-3003,1691,-1452,9,489,1301,-1652
2/21/2024,135,130,7338,210,538,6543,210,10,7338,125,1267,6245,900,6809,6897,1245,747,12977,840,4484,7054,415,5053,-5470,360,3156,1599,775,4868,-3557,135,618,8808,210,538,6446,210,488,5976,1316,2135,3811,900,7260,13947,1245,4718,10256,940,5875,16848,576,7987,7450,475,5875,11730,775,7987,1846,-354,6887,-889,7306,2332,6887,-276,7306,3540,5345,-152,6932,2404,8441,4257,7573,2645,2950,4257,8020
2/22/2024,280,-2197,-4154,-355,-1465,-3806,-260,-2182,-4219,-575,-1139,-4156,1100,-3660,-6492,2350,-3445,-5760,1740,-4452,-7483,-160,-1468,-1542,1845,-2495,-2825,40,-1468,11466,-35,-1465,-4988,-355,-1465,-2575,-260,-1450,-2818,-300,180,-2023,3190,-5152,-19622,2350,-195,-4522,2365,1558,-10819,40,-1468,-8144,2510,1318,-8765,40,-1468,-5755,-2482,-5965,-2385,-5545,-3342,-6263,-2375,-5545,-4460,-7370,-4130,-5936,-3841,-7467,-913,2688,-6705,-5615,-913,17828
2/23/2024,545,-2641,-1055,-390,-1568,-5983,201,-2171,-151,445,-2102,-4461,1245,3876,-2191,1111,4316,12942,334,5062,9725,30,4686,1777,-112,327,1651,985,2173,-4443,445,-1945,5013,-390,-1461,6126,201,-1659,6876,925,-662,1957,1245,4392,2151,1188,4926,11386,1009,5209,12740,985,-915,34395,1171,5209,10002,985,-75,33556,-2021,-2104,740,3416,-1238,-2104,-115,3416,1914,11753,2100,6651,4236,15352,6454,-1045,-639,659,6454,-4232
2/26/2024,-385,-1356,-5354,-335,-871,-5354,-922,-871,-5354,-310,-1892,-6565,480,-2135,-448,340,-456,-4528,645,-1760,-1757,-150,-420,-352,305,-1146,-587,-80,-420,-262,-435,-1356,-11225,-335,-871,-11225,-840,-871,-11225,-573,-1899,-7203,480,-1060,-4823,340,-2515,-7811,645,-4280,-18471,20,-420,-53805,305,-4280,-18471,20,-420,-53805,-3369,-7426,-2688,-4782,-2304,-7426,1307,-4782,1790,8567,1009,1229,-2772,-1611,6257,5502,1274,6158,6257,5502
2/27/2024,500,1845,566,768,2037,1113,610,1845,566,483,2388,3679,580,-988,663,2420,-1050,2716,1653,-1533,5282,-305,968,-5837,-250,3814,645,1785,-3879,-7365,373,2037,4371,768,2037,1379,768,2037,1379,-390,1842,-91,580,-999,5323,2420,-1050,4163,1653,1506,8842,1785,968,8694,1825,1506,7915,1785,968,6882,1160,1076,2187,724,1160,1076,1162,724,-1688,736,-845,1343,172,2923,4633,-6989,186,1667,4633,525
2/28/2024,2400,6923,3916,1792,8159,3916,2487,8488,3916,2465,3837,4590,4685,12627,16804,5030,10897,-4262,5062,9231,17978,7625,16214,-214,5845,10126,11486,7490,13709,-1108,2400,7028,-51,1792,8736,1343,2487,8986,1343,2515,5984,2967,4775,13468,16816,5005,12845,-4423,6195,9070,14860,8256,9999,3460,5850,10180,15416,7310,10350,5611,565,1854,565,-1247,565,1854,565,-1247,15419,23146,6895,-359,5248,8574,-1721,-5809,6453,9358,-1721,-4714
2/29/2024,-535,-1321,1642,-510,386,2380,-510,-2424,1642,-535,-14,4054,195,1035,-3405,335,-286,570,360,378,-2528,525,-151,9877,-20,22,2089,525,-151,11223,-535,386,5046,-510,386,5810,-510,301,5810,-195,-669,2406,195,-940,-2643,335,-286,570,360,-694,-2528,525,-151,20797,-20,-694,-2528,525,-151,21915,-60,4682,684,4953,-640,4682,530,4953,-2849,-1997,481,3905,-1426,-3921,859,8455,-2385,-52,859,8455
3/1/2024,-1100,-3240,-3245,-465,-3240,42,-20,-3240,-3245,-715,-2980,-507,-1595,-4490,-6160,-1495,-3475,-7325,-1760,-4460,-8670,995,-1750,-2931,-1230,-2110,-1182,1165,-1750,-3609,-620,-3240,-1063,-315,-3240,-197,-275,-3240,-197,-1200,-2815,-735,-1740,-9337,-20998,-1175,-4325,-8170,2305,-4795,-12915,1165,-2842,-6173,1695,-5170,-12405,1165,-1750,-6173,-2630,-1143,-2630,-1392,-2630,-1143,-2630,-1392,-4005,-7015,-3940,-7465,-6998,-7493,-1095,-122,-6990,-902,-1095,-122
3/4/2024,550,1050,-2071,775,2803,-1351,775,876,-1528,600,1435,-333,65,2370,-1545,455,1969,-3024,910,4957,-1151,-200,-2850,-5339,695,878,724,-200,-2850,245,550,2818,-3521,775,2803,-4860,775,1945,-4860,240,1153,-3817,65,3040,-6807,455,3321,-1319,910,3491,-1457,-200,-2371,31246,695,3491,-1457,-200,-2371,31246,1503,51,1468,5327,1718,51,1503,6217,-49,1357,3667,3569,2330,7162,-4990,4448,2190,734,-4990,2200
3/5/2024,385,765,-2151,1285,-570,-4277,1091,765,-2011,-75,-570,-2081,3595,4687,5920,2210,11280,19003,5031,12777,24774,2180,1649,631,5345,4094,-3380,2180,740,2173,385,-570,-1924,1285,-570,-4050,1310,-570,-3840,-575,-1590,-3770,3595,8823,19361,2210,12010,23380,6000,20319,30727,2180,1365,23284,5345,20319,31776,2180,1649,24800,3247,-333,3097,-4729,4753,-343,2881,-4734,10313,4628,8749,14058,14310,16839,4890,13495,1547,-1415,4890,2208
3/6/2024,385,-114,3070,510,1441,2027,1385,3292,9649,350,235,351,900,197,-2613,355,-3070,409,1910,-1109,-5698,1400,-395,-5050,1645,-35,1074,1400,-2511,-3224,385,235,-728,510,1441,262,1385,3181,2988,-105,-1115,-975,900,1290,6912,355,-3930,-6262,1910,2670,6031,1400,3556,-421,1645,2665,5216,1400,-395,316,1315,3888,681,7730,4057,5446,-691,6808,-1835,-6605,-2343,-3540,-2552,-2610,-2240,-3824,-695,637,-2240,-4014
3/7/2024,-210,10823,8001,-200,11458,11473,-205,10823,8001,60,12078,12731,-1580,-3965,-6900,525,-3309,-4480,-314,-2500,-7250,2321,551,-4795,-310,-1652,-4470,3309,485,-6905,-210,11458,12622,-200,11458,12240,-205,11458,12240,2177,9227,18641,-1165,-1558,-14065,2735,-2010,-12225,-210,3109,-8248,3434,-830,-18660,-845,3109,-7996,3309,684,-18660,7626,9410,7626,9368,7626,9410,7801,12933,-2485,-6015,192,-5680,-2919,25,-3595,-740,-1606,-6000,-3595,-740
3/8/2024,1110,-85,2202,845,-75,1477,1501,435,4337,630,-85,48,425,-854,-3037,970,1300,-5800,100,2623,-6673,670,4300,-5276,-650,-682,709,670,-1013,-7291,1110,-85,2202,845,-75,1630,1501,435,1660,1040,-262,-315,425,463,2592,970,1940,1815,100,2278,4896,670,3518,-2672,-650,2273,5723,670,6710,-2672,3326,4603,2649,119,5902,4589,2639,-182,-2197,-3404,-62,-3159,3853,-7330,8562,-6996,-2904,682,8562,-6996
3/11/2024,617,-2311,-3523,595,-2786,-2822,1735,-1157,-3523,825,-2990,-3865,1762,11914,14928,2690,5573,7339,3155,9700,12806,1875,5845,-3240,2940,734,364,2090,3392,-6387,815,-4101,-7696,595,-3751,-10865,1735,-3751,-10865,-914,-5496,-10836,2065,11708,19046,2690,9758,5476,3155,13902,12880,2753,8606,-29465,2940,14182,16038,2090,6658,-34225,-1559,-5577,-2615,-6023,-1617,-5577,-3020,-6023,7853,7821,3731,2393,4012,11035,-4664,-4450,-760,-2875,-4664,-3629
3/12/2024,715,-783,1507,655,171,1791,695,-714,1791,1595,-2185,2298,-645,-2891,-5764,-815,-2640,-3656,-1030,-1748,-5227,-305,-479,7979,-525,-1659,-1346,-355,-909,13762,715,-766,2069,655,171,2013,695,96,2013,1695,706,544,-645,-4800,-12363,-815,-2740,-3544,-1030,-2825,-241,546,-949,15264,-525,-2825,1803,-355,-479,16126,4070,3457,5157,6216,4090,3457,3983,6251,-4464,-7356,1,-3857,-2527,-6704,2708,5830,-1781,767,2473,6807
3/13/2024,1895,1309,5097,530,214,3592,1980,2662,6828,445,-851,6430,2820,8308,18482,4045,6764,21243,2680,4782,19342,5920,-6010,1317,2280,2402,1566,5890,4585,8122,445,268,4072,530,214,3353,530,944,3310,1410,2630,2886,2820,10550,29222,4045,8355,22667,2680,3401,25455,5890,-3217,75698,2280,3401,26093,5890,-3889,75979,3685,5671,1946,2719,1252,5671,1971,2719,8318,25445,11445,20000,8996,23333,9720,8962,6178,3331,9720,6556
3/14/2024,720,9011,9850,690,7760,10284,2783,8199,9850,885,3545,6386,4220,5796,4535,1355,8090,20161,1636,17229,25445,1305,17415,12539,3620,5554,-3040,290,9522,18744,720,7760,10459,690,7760,10940,180,7870,10940,-65,7395,9877,4220,9445,18545,1355,9584,26736,2610,18374,40034,290,18481,42672,2540,18374,40691,290,18918,45661,3966,14840,2292,14178,3405,16124,1700,14308,7872,6707,4608,31033,8957,35692,1935,-3147,3667,-2899,1935,1987
3/15/2024,493,2441,1618,275,2059,529,648,2265,1769,315,2701,-962,1195,6819,4013,1265,7421,16649,2085,8744,10929,2329,6817,3081,2435,3295,12,2394,6409,4649,315,2673,3328,275,2894,436,470,2981,1545,395,1094,-3421,2004,6819,16177,1265,8295,17608,2085,8744,22135,2394,6817,7566,2435,8744,22135,2394,6817,8145,567,3719,969,4602,567,3719,796,4627,9676,20154,8365,23162,8307,23617,9426,-1790,3381,7384,9426,-1790
3/18/2024,-355,-1165,-4545,840,-1528,-5306,99,-1165,-4645,-355,-403,-7466,415,199,-1614,890,-1305,-4493,1162,-1419,-5211,140,1562,3250,-143,-1030,-1961,732,427,-760,-355,-1435,-10795,840,-1435,-9446,840,-1435,-9745,-755,-1830,-10110,415,199,-4400,890,-635,-7285,2140,1220,-8036,-118,1952,13740,1230,1220,-5478,950,3750,15245,-230,-4060,136,-1504,-373,-4060,1901,-1489,-688,-3858,-3910,-5196,102,-6113,2875,-6025,1990,606,2875,-6025
3/19/2024,-405,-935,-5450,-1060,-950,-5450,-1070,-995,-5450,-1280,-2440,-3723,-1000,-3585,-6720,1040,-2765,-7170,-900,-4445,-7500,920,-6525,-5880,-897,-2690,-4425,920,-4495,-7455,-1310,-935,-4330,-1945,-950,-4365,-1570,-710,-4365,-1550,-1565,-8240,-435,-1280,-10459,1140,-725,-3800,250,680,-3702,920,-1945,-12799,65,680,-1535,920,-1945,-11420,-3629,-5117,-2039,-5973,-2039,-5117,-2995,-5973,-3843,-7482,-4495,-7500,-6997,-7443,-5715,-6860,-6505,-5495,-5715,-7445
3/20/2024,-70,1596,-5092,-385,1151,-2314,-402,726,-5092,-70,2621,2575,1425,2099,-5461,250,240,-6139,-150,-1988,-7499,1040,-3405,12108,575,-444,-2765,1035,-3790,9921,-70,1596,466,-385,1151,1525,-1555,726,1640,40,3260,3785,1425,2099,-113,370,840,8384,-150,-2535,5298,1040,-5340,-30355,575,-2540,6474,1035,-5425,-30322,-56,-5629,-1365,365,-161,-5629,-1515,1950,2445,-7423,-3620,-7460,-1762,-7449,-982,-1286,-6230,-5470,-1282,-4249
3/21/2024,55,-1013,-4787,346,-697,-4875,317,-349,-3972,5,-1080,-4875,465,-3730,-6873,490,859,-2845,780,-3580,-7497,530,5653,-3335,550,-2515,638,530,4871,-3335,5,-1790,-7783,346,-1957,-7017,231,-1957,-6367,365,-2068,-8347,465,-2700,-9984,490,183,-2899,780,-2878,-12082,530,2380,-3335,550,-3373,-12082,530,3094,-3335,-3395,-5970,-2662,-5740,-3395,-5970,-2855,-5740,-4270,-5698,-3455,-127,-6334,-7499,8618,-2805,-2385,-1633,8898,-2805
3/22/2024,-235,-2503,-1912,-560,-2503,-1357,-560,-2503,-1912,-115,-3055,-1836,680,-1260,-4136,-425,-1675,782,-1300,232,2505,405,-4960,-3006,-310,-155,-3006,405,-3715,2025,-235,-2305,-3531,-560,-2305,-3040,-560,-2305,-3040,365,-1017,-3190,1365,-1835,3591,-280,-3675,4147,-1545,-2895,291,465,-5345,1842,-660,-2895,-1170,465,-5345,3060,-756,-2754,-577,-2715,-104,-2754,-2780,-2715,-3645,-1441,1219,1707,-1714,-2456,3221,-4750,-2310,-5770,3221,-7335
3/25/2024,50,3185,-994,-240,1923,-1051,569,3185,-994,50,2871,-363,1881,2600,-2516,655,65,-963,1870,904,-503,1815,3895,-3091,1380,2214,-620,1815,3895,-4190,50,1263,-4065,-240,1263,-4864,-240,1263,-4864,430,2643,-284,585,3511,8853,655,65,-1361,1870,1050,210,1815,3895,-34693,1380,1050,-2261,1815,3895,-33824,2367,216,605,-2581,3367,216,-270,-2581,-1180,-3083,-2910,-3001,-3830,-2229,-5584,-2968,2535,-1200,-5584,-2963
3/26/2024,235,-2513,-7515,296,-2535,-7495,-845,-2635,-7685,330,-2165,-7100,625,-3760,-6958,730,-3204,-5437,722,-426,-2381,-20,1130,9825,331,-2670,-4035,145,1120,11771,285,-2310,-7100,296,-2535,-7080,-164,-2635,-7270,-230,-4495,-9855,625,-7850,-20848,730,-2204,-2962,722,-290,-1042,-71,1921,31757,381,-290,-1042,640,1921,32711,-4596,-6250,-4460,-8955,-3089,-6250,-2225,-8955,-2299,-7148,-820,-4462,1816,-3150,2056,4127,-1620,-4030,2056,4470
3/27/2024,437,-385,1359,478,1685,1359,157,1295,1359,437,1250,-30,1350,4375,10077,1633,2780,3575,1593,5592,70,1410,1561,7654,2123,1857,5977,1360,1775,8691,437,683,465,478,2316,465,157,2316,465,-710,2300,-1245,1350,3795,4496,1633,530,-6842,1593,1455,-7541,1360,4145,-34601,2123,1455,-7547,1360,4695,-33542,794,-3063,560,-5237,672,-4802,365,-3022,2435,-2376,-629,-1297,2966,-3005,-555,1823,2841,569,-555,1203
3/28/2024,-310,-156,-3642,-790,-3479,-5670,-1182,-156,-3642,-310,-2005,-6940,1590,2671,-934,1111,1318,-2419,2625,650,-4124,4535,-1041,-2398,2955,4726,4618,3960,-905,-3330,-310,-3370,-3531,-790,-3370,-6940,-790,-3370,-6940,-1390,-3350,-2824,1590,13049,10689,1111,6909,-1094,2625,7020,-4847,5228,256,-18197,3115,7020,-4914,3960,256,-18825,2274,-3004,2274,-6835,2274,-3004,2274,-6835,2150,1189,1113,-1576,3026,-4318,-2370,-7000,9053,6778,-2370,-7430
4/1/2024,520,-1519,-4523,-355,-1290,-5250,1010,-1519,-4523,845,-1230,-3915,1525,2224,-2561,920,-2762,-105,1950,3264,-1827,1555,-3268,580,1805,2361,3442,1555,612,-2133,845,-1290,-2956,295,-1290,-2285,295,-1290,-2285,-1565,-3200,-4220,1525,3160,1228,920,-2762,-6257,1950,2519,-5907,1555,-5308,-26090,1805,2519,-4042,1555,-5308,-26025,1102,-405,-101,-3620,1223,-3030,95,-1230,594,-2685,86,-3361,-3454,-3843,-4090,-2530,2001,3152,-4090,-3426
4/2/2024,-475,-3944,-5995,-1370,-4050,-5729,-2120,-4120,-5995,-525,-1979,-7390,-370,-3890,-3215,-590,-3465,-7102,-1530,-3615,-7497,-80,-4805,-3068,-1110,-2755,-1534,10,-2657,-4480,-475,-4890,-11674,-1370,-5105,-7798,-2000,-6220,-7798,-470,-3153,-10608,-370,-8835,-16856,-540,-7100,-15820,-3395,-10085,-17630,-235,-7265,-45665,-815,-10455,-17630,10,-6645,-45665,-4289,-5173,-3980,-2668,-4446,-5173,-3095,-2668,-4450,-4118,-2720,-5800,-6460,-7350,-620,-275,-6240,-2295,-620,-2585
4/3/2024,219,4126,5416,1269,4366,6011,1075,5130,6011,335,3587,5872,-1035,-3921,-1795,-745,-3748,-7225,-84,-2796,-6526,-1010,-4820,-4730,1425,520,-2479,-910,-2705,-6011,219,3542,6016,1269,4366,6611,1075,4401,6611,-750,740,5214,-1035,-5375,-14845,-745,-4554,-21105,-1845,-4585,-20687,420,-7394,-19453,-740,-4585,-23675,-910,-8595,-23331,905,6591,1241,6831,905,6591,-449,6831,-4401,-6380,-4137,-2124,-4474,-2662,-6306,-492,-305,6316,-6306,-492
4/4/2024,255,-267,-4482,480,-340,-3302,545,-767,-4767,435,-267,-6479,-315,-245,-3891,-560,-1645,547,570,-983,-1072,1935,105,-5560,470,-718,-5600,1925,105,-7144,435,-267,-6642,620,21,-4650,545,-134,-4650,695,465,-578,-315,-245,939,-560,-1645,78,570,-345,-3824,1935,105,-7488,470,-510,-3189,1925,105,-7488,-1539,-7445,-1010,-205,-1539,-7445,-620,-205,-2540,-3512,-4175,-1928,-1448,-5866,-6295,-6288,-1758,525,-6295,-7233
4/5/2024,710,2534,-508,582,936,-508,-340,936,-508,710,2534,-1632,845,-1884,-4973,932,-1770,-3552,910,-2271,1226,5000,-5095,-5663,452,-2055,-4450,1413,-944,-5269,710,2534,-771,582,936,-564,-88,936,-564,235,-455,-7350,935,-830,-115,1245,-515,-5060,910,-1280,-5163,1937,-5095,308,452,-1280,-8330,980,-5095,3541,-675,-1658,-1855,-5071,-413,-1658,-1855,-5071,154,338,-320,1523,4392,115,-3223,-3763,-1960,-5445,-3223,-1574
4/8/2024,-457,-856,-925,115,-2342,-2375,-355,-856,-925,-325,-1352,-2652,1795,7637,868,1595,4570,-5707,1933,8236,1417,2965,577,-3817,2162,3816,4866,3010,-1002,-5137,-325,-3250,-5135,115,-3250,-4767,-355,-3250,-4767,-700,-1865,-3497,1795,7637,3970,1595,4570,-1605,2068,9428,2695,3010,7642,-6395,2533,9428,2463,3010,6363,-9201,1250,-3387,-730,-2952,1123,-3387,60,-2952,6967,2639,6768,-2270,3960,1936,2749,-6440,4151,7061,2749,-6440
4/9/2024,990,2503,6826,1145,2762,14582,1781,2684,6826,1040,1718,10274,2513,4028,4028,1510,-730,-4650,1859,1736,-6435,2020,-2930,-3305,1565,-1425,-3305,2252,-235,-5530,990,1718,1244,1145,2762,8558,2140,2658,8558,2390,115,1307,1485,4909,10559,1510,3392,5299,2125,2565,2632,1983,7518,-23671,1565,2565,224,2252,4855,-26812,4034,-363,4410,4072,6749,-363,3235,4072,4635,3023,560,-3510,1316,-3817,3030,-5270,1423,-3295,3030,-5270
4/10/2024,1065,5778,7230,580,6630,3345,370,6598,7060,625,4231,5816,1670,4716,9936,1949,5291,8808,982,5212,4954,1650,8064,8582,1485,2724,1762,1685,8336,13750,1065,5794,12195,580,6630,12011,370,6598,12011,40,4867,10929,1670,4716,9938,1949,5437,5404,982,2971,3750,1685,10125,4387,1485,2966,-649,1685,10125,-894,-998,7936,515,6287,-456,7936,703,6287,4613,5274,6424,7094,3394,4970,55,712,3786,2251,55,2811
4/11/2024,855,-1154,-1940,355,-1035,-1868,88,-1422,-1605,900,-995,-2571,-410,-3890,-6918,885,850,-6577,1647,-3551,-7488,1455,1280,9093,1675,-2855,-2870,1455,1280,12849,855,-995,-1357,355,-1035,-695,430,-1035,-1026,-804,-1482,485,-410,-5740,-17453,885,850,-5652,1855,-1425,-3894,511,1280,-1572,1675,-1940,-2238,1455,1280,-1572,-2943,-1407,-2797,-1535,-2925,-1526,-1957,-1535,-4420,-7450,-1244,-7185,2040,-6653,5203,8023,-3257,-5665,5203,10255
4/12/2024,-90,-697,-4133,-35,-161,-4391,-840,-277,-2825,-90,105,-4828,1905,8551,7440,1560,10699,9235,2359,8233,2080,593,6082,-4910,2204,944,-2723,1530,5581,-6084,-90,-126,-8204,-35,-161,-4828,-840,-1322,-4908,-1975,-3502,-7440,1905,8680,8883,1560,11563,9408,2361,9785,2550,2348,9532,-8282,2206,9785,2550,1480,7369,-8075,-14,-1315,-392,-1115,313,-1315,-772,-1115,3391,8606,4117,3384,6092,10139,2049,1576,3989,2839,2049,1576
4/15/2024,815,2921,103,695,3820,2190,155,461,35,285,3014,2267,265,-2160,-5575,895,4877,-5969,-65,3195,-6763,833,12743,763,160,-191,-4305,1160,1478,528,815,4529,-208,695,3820,1945,155,2081,3020,780,2544,3752,265,-2160,-18759,895,4877,-1814,495,5016,-6016,-133,12168,1801,305,4791,-7550,1160,13015,4420,354,-2830,2795,-2385,-945,-2830,2795,-2385,-2573,-5940,3298,-7062,3951,-9567,2794,-855,-892,-4300,2794,-949
4/16/2024,1935,4677,3494,2040,4308,3823,2320,3823,3494,1935,4073,4197,1350,7944,23577,1045,7744,19802,890,6709,22914,1775,6802,5013,815,7743,6929,1770,6797,5013,1935,4533,4197,2040,4308,4197,2320,3679,4197,2475,5849,8073,1350,8439,31284,1045,7744,23455,890,9018,27460,1775,6802,5013,815,8648,27460,1770,6797,5013,4685,8000,5082,5245,4685,8000,4667,5245,5958,17084,3247,9354,5438,20922,3338,-6016,1685,5498,3338,-6301
4/17/2024,600,1175,3070,740,1060,3595,430,886,3100,230,1175,4221,1912,1108,-6883,2540,5620,9371,2903,10057,6978,2525,13031,6161,2487,2203,-947,2640,10801,16574,600,1175,3899,740,1060,3646,430,886,3151,410,806,3341,1895,1108,1283,2540,5620,10469,3195,10240,12081,1959,6855,7605,2810,10080,12785,2640,6785,9981,2635,7826,4672,7619,4462,7588,1492,6851,-1918,-6430,3274,5541,10032,-5541,2471,-2403,-1550,-1961,2471,-2403
4/18/2024,1095,1884,6308,1280,2140,2774,1950,1884,6873,1100,220,2774,1551,2729,-5043,1390,2852,-5213,1720,2463,-2095,1290,5518,8381,1260,555,182,1240,10083,12478,1095,2140,2623,1280,2140,2883,1950,2140,2883,250,2041,3508,1195,2832,-5850,1390,3940,-4797,1920,3285,-2027,1023,7459,-9140,1245,3285,-2064,1190,8478,-7935,3692,3086,4009,6667,4461,3086,3584,6667,-1602,551,2745,-1779,73,1962,18537,34282,4020,4285,18537,32637
4/19/2024,940,2760,-852,790,1260,28,800,1972,-3247,1620,1760,638,-130,-2405,-6865,115,1460,584,-621,1091,-1895,3285,1394,668,-1116,-1869,-4545,3560,1394,11051,940,1760,-738,790,1260,741,800,1235,-736,650,1060,-4070,-130,-1820,-8525,1605,1460,1194,485,1525,6422,2921,511,27461,430,850,8219,3560,1394,29079,474,-4113,1320,-3330,400,-4113,2360,-2840,-2371,-6860,2947,7847,-832,-6571,5352,19266,-721,-4540,5352,27950
4/22/2024,1245,-2631,-4407,180,-2359,-4090,53,-2631,-3636,805,-2385,-6170,2108,-353,4572,635,-1199,-950,1659,546,-4568,-700,-6076,10487,1933,2371,679,-700,-4471,13087,1245,-2140,-5117,180,-2140,-4925,280,-2140,-4925,-220,-1885,-6870,90,198,1985,635,-4565,-5195,-135,-5315,-8397,-72,-6092,10487,490,-5315,-10063,-700,-7351,13087,-466,-3398,-405,-3362,-235,-3398,542,-3362,-355,703,-2184,-3060,-3266,-4574,-6490,-6771,-830,-2949,-6490,-7246
4/23/2024,655,1748,-1240,1210,2010,-1240,1435,1748,-1240,1180,2699,-4315,-990,-1610,-6800,3967,3505,-3190,3050,3086,-7000,-630,-2860,-5845,2895,-2275,-4555,-730,-2949,-7329,985,2010,-4315,1210,2010,-4315,1435,2010,-4315,1010,925,-5095,-900,4065,355,3967,4555,-7130,2971,8806,1583,1473,3461,-38121,2816,8851,5250,-880,1933,-41880,-483,2496,-335,1324,-323,2496,850,1324,-515,-5715,1766,-2044,-745,-6045,-5275,-4830,-2604,-5665,-5275,-7020
4/24/2024,490,2382,-841,1185,2727,-3110,2363,2330,-2502,470,2073,-3188,640,1422,4783,1115,-1510,617,1091,-2115,-1242,2015,-4145,-3507,1146,970,-1698,895,-925,-3244,490,1872,-5973,1185,2727,-4356,2270,3682,-4216,-180,-509,-6235,640,1981,14247,1115,-430,79,988,-1885,4728,1356,4394,10239,1043,-1885,3525,895,3410,10092,-82,-952,1095,86,1162,-636,1039,389,4171,309,-100,-4734,-594,-2263,-5100,-6175,204,2531,-5100,-4035
4/25/2024,-35,-2285,-4122,125,-2285,-3866,215,-2285,-4122,-35,-1728,-4539,-890,-4200,-6567,-1095,-3090,6465,-1295,-4490,-6025,115,-6420,-6065,-870,-2300,-5940,200,-4255,-8075,-35,-2285,-4565,125,-2285,-4309,215,-2285,-4309,575,-988,-7680,385,200,312,-460,800,6955,490,630,-4433,-798,-9211,-19886,1625,240,-5685,-310,-9020,-20896,-3876,-4203,-3590,-2427,-3301,-4203,1719,-2912,-4060,-7213,-3955,3490,-3930,1200,-6540,-6955,-4770,-1711,-6540,-8000
4/26/2024,1190,-4,-4416,2300,1555,-4416,1816,-4,-4416,1110,805,-4656,1122,-1485,-4755,2216,6986,3988,2017,10660,469,1145,-535,-4329,835,-1360,-2650,1360,-535,-7053,1400,525,-7970,2300,525,-7970,1816,525,-7970,15,-640,-4620,1327,574,4043,2216,7974,4119,1428,11173,3202,284,-260,-26533,1465,11173,2202,1535,-535,-25819,-460,-3025,-1985,-4725,-1150,-3025,-790,-4725,4033,-115,6327,6362,7783,11185,7146,-4528,-75,4754,7146,-7200
4/29/2024,3265,6287,3872,4100,6395,3203,4100,6287,3627,3360,3530,3292,3075,10400,19425,1250,5545,14416,3505,9486,21834,2945,4615,-3095,2140,1626,4526,2380,6980,-1179,3215,5290,4205,4100,5290,5094,4100,5290,4824,2920,7154,5159,3075,11470,31150,1750,12845,30388,3455,11720,35529,2350,3718,3885,2640,11720,36144,2350,1990,3880,3622,2850,2886,5489,1727,2850,5352,5489,11342,13399,6828,10233,12421,9589,1847,-2643,4651,3303,1842,-3311
4/30/2024,-105,-3306,-1887,-235,-563,-2651,-1588,-2123,-1887,85,-163,-2651,630,-4041,-4738,710,1614,-6824,2080,9515,7390,975,14464,7562,1500,384,-1678,1105,4046,8356,85,-663,-3423,-235,-663,-2250,-15,-938,-2250,-710,-4785,-7275,630,-4041,-2919,710,1614,-6732,2080,10041,-4858,-932,5652,11395,1500,10041,1399,1105,6951,12032,-1956,-2462,-150,959,-10,-2462,970,1034,-2335,-4241,3235,-2895,11693,-8605,5664,21594,2486,3705,5659,25670
5/1/2024,-275,7431,10205,1435,6297,6368,997,8009,9858,-410,5844,9299,1460,4425,8781,905,2723,17647,2122,4480,9735,2550,445,4943,990,1690,565,2550,838,12367,-275,7824,9949,1435,6297,7201,600,8128,9398,1310,4790,8861,1460,5875,29126,905,3925,16139,235,5585,22924,2550,21351,8166,990,5585,23580,2550,516,3872,6602,12060,4057,10834,3920,11775,4823,10959,4330,9016,5175,15142,5911,6012,2251,16323,5229,4190,1213,8392
5/2/2024,280,925,2118,550,910,2921,545,638,757,315,2150,2907,-700,-867,-1743,-520,-3614,-7459,-1770,-4076,-7497,305,-2379,-5735,-1045,1956,-3191,455,-3757,-7195,280,925,2118,550,910,2921,545,855,2849,205,2380,652,-700,-867,3979,-520,-4252,-9560,-1985,-4247,-6172,459,-10787,14217,-2050,-4562,-5118,770,-9862,14855,-973,3918,837,5302,240,4650,-50,5080,2380,-3486,-2194,-7485,723,-7060,-6305,-6930,466,-3151,-6305,-7435
5/3/2024,220,149,-1937,-695,-975,-2480,-1200,1045,-1937,-290,-1564,-4445,1300,5326,4131,4130,4526,4458,2625,5065,-352,550,-2866,-31,3219,611,-210,-475,-2699,-31,-795,-750,-1937,-1200,-975,-4445,-1200,1136,-4445,-225,-1145,-4015,1300,1400,5115,4130,4526,4458,2625,4431,-272,1396,-780,-31,3370,4046,-3405,-475,-2866,-31,-1562,-2671,-2451,-3203,-1562,-2671,-2373,-3203,520,761,5678,8096,7306,1555,-3727,-2195,7696,774,-3727,-1762
5/6/2024,-632,-741,-1356,-1295,640,-1167,-865,-812,-1356,-537,-760,-256,-1360,-3805,-5199,-10,-3225,-6960,-1355,-4460,5265,870,300,9101,-780,-1780,-3079,865,42,14552,-632,640,-340,-1095,640,2999,-545,485,2999,281,570,1025,-2425,-10100,-27795,-10,-3225,-6960,-1355,-8410,-16964,870,300,42932,-1735,-8410,-15790,865,300,42932,-958,-1807,435,395,-373,-1807,315,395,-3950,-6290,-3350,-2732,-2985,-2555,124,10866,-5400,-5905,124,10866
5/7/2024,305,4239,-4930,1645,3495,-4930,1785,2921,-4930,1165,5465,-6507,3350,746,-1209,3040,3579,-2232,-253,3758,121,2025,5945,-3478,589,1515,4651,920,5659,-5504,1155,4375,-7910,1595,3195,-7910,1835,3395,-7910,540,1923,-7390,3350,4893,6380,3040,3530,-2675,-630,5223,-602,2136,5255,-4923,-700,5223,140,650,5945,-5434,-1415,-2120,-3135,-5427,-1415,-2120,-2655,-5427,261,-4531,-2410,-5070,-93,-3561,415,-1690,3617,-60,415,-1690
5/8/2024,520,3741,-325,45,4685,-2589,-120,4521,-2181,-110,5000,515,1470,-964,-550,1185,-1075,-899,2280,1047,-550,1255,-2730,-3975,1825,-2095,-2930,2160,-3450,-6320,520,5795,-422,45,5585,-2376,-120,5283,-2376,-340,5545,6112,1470,1180,19343,1185,-750,4473,2280,1274,6767,3761,5251,10207,1825,1274,8446,2160,3035,4652,1102,-911,1876,-855,1516,-911,971,-855,1961,10151,-1735,460,4248,1057,-3395,-4755,2577,110,-3395,-5290
5/9/2024,2523,3832,-2637,2810,-159,-4979,2056,3832,-2637,2720,822,-5286,945,10725,13178,960,7093,3852,4850,9452,10434,3290,6105,-2722,4405,3965,3400,3670,5017,-3414,2720,7288,-3974,2835,7288,-5634,1750,6088,-5634,1680,8618,-6099,945,10725,13178,960,7246,2408,4850,9452,7928,4762,8115,-26117,4405,9452,7928,3670,6105,-29865,1271,-5744,-529,-6890,1026,-5744,-1215,-6890,9704,6284,4193,-99,11731,2952,1719,-1301,6701,1557,1719,-3439
5/10/2024,330,951,-3369,-70,-1389,-4232,-145,-212,-3369,330,-10,-4445,650,-1761,-1252,1578,-736,-3746,-404,-1772,-3910,910,1020,-3287,-41,917,-1206,405,5,-2883,330,-2950,-1564,-70,-2325,-3525,-145,-2325,-3525,-325,-2750,-4000,650,-2600,2080,1578,-1678,-6763,-1460,-6365,-7129,405,-5855,-49743,-1265,-6285,-5128,405,-5855,-54083,1926,-366,-1600,-1375,1181,-366,-600,-1375,40,1471,40,2133,158,3013,-3810,-5056,306,4701,-3810,-5056
5/13/2024,-460,4970,-2235,-235,6395,-2235,-900,6450,-2235,-555,4970,-2690,365,8945,11684,1074,5605,7070,1375,13395,7974,355,17826,3195,1554,5016,1186,610,13868,3752,-555,4970,-3230,-330,6395,-3230,-950,6450,-3230,-1900,4110,582,365,8945,12316,1074,9800,16961,1375,13395,21787,610,20343,21609,2035,13395,21787,610,20343,22281,-1906,-3485,-1413,-6483,-2483,-3485,-1476,-6483,13897,5970,9647,-1782,16643,1845,8253,-4095,10342,-181,8253,-4265
5/14/2024,-275,-1247,-1737,-265,-1755,502,-265,-1340,-1737,-45,-2905,172,794,-2230,-6066,460,-861,-6965,231,783,-5701,415,880,5738,275,-1280,-3005,440,880,6018,-45,-1755,-461,-265,-1755,1253,-265,-1340,1253,995,-30,-1427,794,-3040,-5626,410,-1383,-8096,231,378,-1640,-282,880,5169,275,378,-619,440,880,5169,569,-1650,62,2850,548,-1650,-1186,2850,-4254,-7135,-2951,-7440,-302,-8207,-337,5874,-701,-5860,-337,5874
5/15/2024,-590,-2695,668,-855,-2695,131,-855,-2695,668,-900,-2695,1001,-1520,-4230,-6695,-1215,-3465,-5656,-1720,-4708,-7409,530,6736,-1535,-1450,-2810,-4405,760,4654,-1535,-900,-2695,2432,-855,-2695,3637,-855,-2695,3637,-740,-2810,1613,-2520,-8465,-19280,-1215,-4205,-3469,-1725,-2588,-9819,32,10790,-1535,-1620,-2588,-8640,835,10790,-1535,-1946,-498,-1780,854,-1946,-538,-1680,1120,-3850,-6660,-2035,-4720,-3497,-4928,-780,60,-6405,-5645,-780,60
5/16/2024,-15,-3707,-4250,-155,-3707,-4250,-155,-3782,-4250,-340,-2552,-5889,-90,-4170,-6745,-10,-3645,-7462,1150,-4470,-7451,570,-3865,-616,745,-130,-2175,1350,-3815,432,-15,-4792,-9911,-155,-4792,-9911,-155,-4867,-9911,-940,-4899,-10735,-90,-5320,-14825,-10,-3830,-14545,1150,-7380,-20569,1350,-3865,-31707,745,-7380,-20430,1350,-3865,-31707,-3598,-6949,-1873,-6949,-2303,-6949,-415,-7259,-4265,-6747,-3725,-6935,-5976,-7462,-5910,1480,-1936,4363,-5910,7416
5/17/2024,370,1475,5794,500,1392,5804,540,2193,5794,-740,1383,9836,845,-3170,-1243,1170,6745,2588,1349,3546,-151,-106,11411,9379,364,-1680,5451,-531,8277,14765,370,1584,14977,500,1534,14977,540,2509,14977,-1560,1898,16108,845,-1920,-2574,1170,6180,10330,1349,2370,21465,-447,20499,43280,939,2370,21465,-531,20499,43280,7766,9707,4497,9905,7766,9707,3917,9905,-952,-4720,6254,11803,8980,11039,10593,6691,1556,7586,10593,9385
5/20/2024,2740,10944,-3853,2282,8843,-4616,2642,10944,-3853,2740,5253,-1375,3660,12154,526,4820,15503,10350,6965,20030,3536,4380,21416,-4920,5680,3640,321,5750,18367,-6161,2740,8843,423,2282,8843,-5993,2642,8843,-5993,1347,6163,-260,3660,12850,3213,4820,17750,8474,6965,22395,7604,5750,33472,6328,5680,22395,7604,5750,33472,7475,7055,2341,4979,-2152,5715,2341,4979,-2152,10227,5203,16389,-2599,13326,-2791,30010,-6052,9925,331,30010,-6026
5/21/2024,-895,-3472,770,-502,-3472,770,-737,-3472,770,-845,-2620,-850,-460,-4500,-5947,-152,-3775,-451,-1840,-4120,-3996,-209,-196,1417,-1010,-2025,-4035,-74,2902,3617,-895,-3472,-1168,-502,-3472,-850,-502,-3472,-850,85,-3530,-1220,-445,-6730,-18103,-455,-7300,-4424,-3300,-9422,-10038,-499,-3120,20136,-1950,-9422,-11207,66,-196,20290,-1975,2118,-1732,57,-1975,2118,-3320,57,-4495,-7436,-3617,-472,-6294,-4806,3497,-3455,-6510,-4710,3497,-3129
5/22/2024,55,2637,5630,520,2782,5630,-285,-4460,7378,-485,-2875,7997,195,-4470,-7000,630,-3775,-7440,105,-4500,-7490,725,-6500,-5930,120,-3040,-2092,1440,-4480,-7235,45,2637,9903,520,2782,9903,-285,-578,11618,-720,2192,6958,195,-3920,-10403,630,-1565,-20840,105,-6915,-23780,1440,-8915,-44150,70,-6920,-24655,1440,-8915,-46040,-305,2300,-305,1584,-2079,2300,-799,1584,-4498,-5480,-4320,-5485,-6990,-5491,-6490,-5395,1689,5559,-6490,-5640
5/23/2024,891,1980,4919,760,3062,6452,1000,2812,7907,620,1497,-268,1215,1601,-932,915,59,5013,2291,5619,6158,1036,-375,5839,1676,-413,1959,1036,8086,5853,620,2230,411,760,3062,1488,1000,2962,1597,210,1971,142,1215,1601,8707,915,59,6247,2291,5094,10009,1036,-375,6444,1676,4414,8509,1036,-375,6532,218,4995,1096,5787,543,5995,1181,7842,-170,-38,1095,7244,2466,3425,2504,6164,-1321,402,2504,5479
5/24/2024,576,-3,455,1790,326,455,1481,326,455,1070,-694,737,1565,3041,-3524,761,-133,-5680,1277,770,-5738,-1345,-3045,-4309,2498,1213,-2240,-2375,-2675,-5034,1050,-3,737,1790,326,737,1275,326,737,1005,945,6224,1565,1830,-8435,761,203,-15631,885,-1151,-20160,345,-1160,-5994,1135,-1151,-24215,-1960,-3520,-5994,5706,1474,8150,2031,5503,1474,3842,2031,1872,-976,-2334,-1609,-2702,-4754,-6455,-4490,-665,-502,-6455,-4490
5/27/2024,-10,2543,787,-535,2543,787,-535,2543,787,-10,1915,2061,-1555,-3865,-3265,610,1350,768,-370,190,1604,1600,260,-1160,-305,-2000,378,3255,346,-1160,-10,2543,7118,-535,2543,7118,-535,2543,7118,-365,615,5470,-2090,-2975,-3885,610,1350,768,-370,190,1663,3755,260,-1160,-850,190,1663,3755,260,-1160,1688,706,2413,889,1403,706,1514,889,-3930,-6843,345,-494,-1309,637,-45,-430,-1385,-1181,-45,-430
5/28/2024,199,3207,16576,2030,3207,16081,2200,3001,15811,479,3262,13720,2800,5560,17904,2735,3468,18567,9330,3792,11881,6520,-1235,-3649,7635,10,3410,6520,-1405,-5329,199,3207,14102,2030,3207,13937,2200,3001,13667,353,2748,13472,2800,9385,31526,2735,6760,21596,10230,7795,22533,6520,520,1414,9565,7795,22533,6520,-4560,1414,2709,9424,876,10933,2124,10066,1146,8067,4177,18537,2157,4815,6129,4123,-1737,-1860,6965,4913,-1737,-1391
5/29/2024,1324,655,-568,-345,1375,-1600,58,1336,-438,-1120,-90,-385,1040,-389,-2812,330,-1730,7750,3688,-1874,-6201,1665,-870,-5270,3546,310,-138,2045,-870,-5150,-1130,1591,1230,125,1541,3561,250,2461,3561,-1320,266,3156,1040,1542,-12678,330,-1730,-14699,1375,-1620,-21515,3366,-870,-33720,1335,-1620,-21515,2175,-870,-33720,-157,-88,588,1985,-608,-88,1578,1985,4440,-2754,1961,-3471,6115,-3079,-100,2335,4570,5744,-100,4664
5/30/2024,25,118,-3273,1322,551,-985,1126,-110,-3273,567,-1182,-2946,-530,-3942,-6998,696,-3310,-7310,925,-2708,-7463,2308,-1200,3420,845,-970,-4225,2143,-1000,3035,810,667,-3089,1322,812,-2946,1252,682,-2946,810,-1585,-1114,-480,-4810,-11708,696,-2015,-5642,1425,24,-7166,1103,-2291,5059,970,24,-6250,2273,-651,6620,-1476,3074,-1010,6528,-1476,3074,-1260,4903,-4352,-7104,-5330,-2287,-5633,-9083,1246,12298,-586,-4225,1246,11967
5/31/2024,-645,1146,8107,445,1370,10531,330,2505,3632,-285,1135,5896,285,-2656,-3980,325,16230,-3763,1079,-575,-1350,-345,-2722,827,125,1107,-1651,-345,-3530,-1590,-645,960,6582,445,1370,6307,330,1370,4391,-55,1955,4836,285,-2540,-7062,325,15932,-11470,380,-4750,3099,-996,-7576,3538,125,-4910,-5399,-345,-3954,7028,-1031,7004,2550,10156,1574,6884,2680,8233,-2815,-5015,-1207,-1346,-1152,-6295,-6415,-5643,474,-1531,-6415,-3523
6/3/2024,617,2309,-2205,1425,4309,-3114,1337,-192,-2123,785,1770,-1065,-610,-2650,-6310,-770,-2220,-6310,110,1114,-6310,-1155,-118,-5390,-70,-2450,-4295,-1665,-3213,-5305,740,2423,1125,1425,3607,-975,1380,1305,-1000,-300,-1220,-3329,-610,-3900,-13122,-575,-1150,-9553,-90,-2250,-8023,1481,4514,26743,-50,-2250,-11480,-460,1445,21542,6748,574,6258,-1715,8472,335,4173,-1715,-3395,-6635,-3825,-6635,114,-6635,-1361,1062,-3421,-4620,-1751,1039
6/4/2024,-635,-3962,-2053,-1680,-1850,810,-1457,-2481,-1379,-635,-2062,-4975,1320,2541,-1515,100,-665,1342,1760,2990,391,-280,-3405,-1890,1835,-426,4086,-150,-3705,-4106,-635,-3724,-6279,-1730,-1750,-8000,-1457,-2075,-10028,-1980,-4640,-3981,1320,2541,4745,100,-665,2989,1760,2990,1692,-150,-3405,10344,1835,2985,4273,-150,-3405,10344,-2920,-4428,-2485,-4935,-2920,-4428,-3320,-4935,260,2816,613,3106,463,6268,-620,-354,858,-756,-620,-3533
6/5/2024,140,-1295,263,260,210,-1404,135,-1295,-305,180,-65,3012,-1640,-3695,-5740,-1410,-2704,-6448,-1963,-4172,-7468,1180,2250,15123,-1340,-2845,-4460,1525,2250,13123,140,210,5005,260,210,5528,135,210,5662,1152,2850,4584,-3200,-12230,-25531,-1755,-4195,-4264,-1710,-8320,-13561,2035,2250,1514,-1925,-8320,-12143,2035,2250,3580,210,1421,1865,1150,-785,-1008,960,1150,-4485,-6635,-2325,-6098,-4942,-6650,-1350,3870,-6325,-5665,-1350,3870
6/6/2024,803,35,177,55,570,181,1228,1959,177,813,-573,275,900,12945,7551,1360,4354,10509,5275,18852,7712,6654,8902,-1211,5881,7273,-2960,6759,6583,-2532,803,-555,-525,55,570,-525,105,1565,-525,-70,-73,228,900,12945,5711,1685,4354,12294,5275,18852,7712,6759,17047,38764,5881,18852,7391,6759,17047,38764,2877,-5439,234,-4275,1736,-4472,-2190,-4275,1406,7810,2221,5557,4007,7566,2913,-3052,180,3047,2913,-1945
6/7/2024,360,426,336,1730,-641,-695,1328,796,-1258,360,-773,-1194,420,4036,6247,90,4787,732,-770,5283,3741,-1175,1401,4960,-870,5965,6543,-1230,1908,13036,360,-848,-380,1730,-641,-3064,1438,131,-3064,525,2258,4242,420,5114,11281,-395,4406,2732,-770,5137,6361,-29,1903,12798,-870,5137,4212,-1230,2339,10132,512,-3703,-8,-6050,512,-3703,-568,-6288,2018,3601,3348,907,3463,4321,2478,-2246,2146,1006,2478,-2320
6/10/2024,695,2613,938,1225,2393,1017,1821,2613,938,910,2939,-2955,885,2440,5646,6885,6355,20692,6285,5834,3954,1370,5297,-3125,1705,-1820,9555,1605,310,-664,695,2393,1064,1225,2393,-2870,1821,2393,-2870,1590,2874,-2060,2609,7505,29890,8015,8345,22492,7119,9736,30583,2160,5520,-1814,5651,9736,31545,1605,5297,-883,4147,3062,3472,-1366,4147,3062,2957,-1366,2828,7397,11903,6269,12896,10083,-1621,-1548,-242,3304,-1621,-928
6/11/2024,345,-1429,-282,335,-1145,682,335,-1429,-282,350,-1105,1257,-560,-1678,-6876,-625,-3310,-4623,195,-4498,-7495,623,978,-2641,-20,-1948,-3869,623,978,3688,345,-1145,-712,335,-1145,1791,335,-1145,1791,-90,-985,-1728,-560,-845,-15897,-625,-3410,-4042,195,-4904,-13190,252,978,74,-70,-4904,-12290,623,978,74,-2348,-2474,-3685,-1908,-2348,-2474,-3220,-1868,-3843,-6749,-1369,-1123,-2613,-7442,1641,-2200,-1733,-5890,1641,-2200
6/12/2024,2715,5451,16188,2159,6534,16188,2906,8110,15020,2600,6396,15585,3300,16588,31360,3870,18363,28636,3910,20659,22901,3600,13629,11401,3650,7526,9449,6110,13629,10266,2715,5451,15868,2159,6534,15868,2906,8110,16003,3265,5537,10715,3300,16504,48080,3870,18363,45876,3910,20659,45663,7973,13629,26466,3650,20659,44881,6060,13629,26466,3770,13254,2748,7604,3770,11053,1434,6544,18097,29898,21220,30782,20333,23102,20045,25438,12093,8688,19810,28604
6/13/2024,-520,2937,1382,175,906,2795,175,2267,1382,-520,775,4774,140,-3102,-4870,746,-1958,-5945,-632,-774,-6872,645,-1305,352,-40,282,-227,660,-1205,6427,-520,1001,3567,175,906,4790,175,1086,4790,-545,-119,5330,-1410,-4525,-11167,-875,-3805,-13980,-1500,-586,-18247,2286,-1606,133,-2005,-586,-18985,660,-1305,-2441,1488,5556,1751,3614,4260,5556,1701,3614,140,-3964,340,-5113,-5994,-7365,-116,-4817,1485,494,-116,-4667
6/14/2024,10,2080,-3398,83,1526,-22,-416,1346,-3398,458,1588,-107,585,-3069,-4055,110,2161,-405,255,-2770,252,520,7677,6178,275,-625,-2246,520,6161,7510,458,2080,-2766,83,1526,-107,-206,1346,-107,30,-22,-3543,585,-3069,-10266,110,2161,576,255,-3560,-454,174,3210,34589,275,-3560,-454,520,3210,35272,63,-422,560,2507,63,-422,-475,1651,-3961,-6843,40,2440,-465,343,-410,6038,-2967,-5620,-410,6038
6/17/2024,-230,-43,3793,-130,635,5315,-1227,-43,3793,-20,1085,5275,-1995,-3465,-6490,-1215,-3535,-6840,-1075,-5000,-6700,-915,-970,-4515,-1675,-2275,-4865,-875,-3930,-6695,-20,635,6159,-130,635,6250,-740,635,6190,950,2408,7653,-2360,-6980,-12350,-1090,-5965,-6385,-840,-5930,-17329,-3459,-2493,-9765,-395,-5930,-17900,-440,-970,-8972,-2200,6927,-1651,5728,-2200,6867,-1286,5728,-4115,-7171,-4020,-3698,-5473,-7485,1005,-1880,-2118,-5840,1005,-1800
6/18/2024,1520,4028,2627,1710,3986,1102,2210,5880,2627,1480,5308,600,3075,10186,11169,2400,3048,5442,1035,10914,-695,315,4529,-5316,1585,8013,4320,1570,3191,-5238,1520,3867,-562,1710,3986,-1203,2210,4051,-1203,880,4372,191,3075,10186,15126,2400,3048,5992,1035,10115,3560,2575,5316,-15085,1610,10115,3670,2575,5020,-20634,606,-3579,1140,-2050,-211,-3579,910,-2050,3523,7849,1308,-936,4220,-4255,-2044,-1838,-604,4330,-2044,-2203
6/19/2024,405,-750,-50,835,-750,-50,835,-750,-50,405,-750,-50,-380,1435,3685,-210,4415,8332,-390,6305,9546,610,8595,7016,-250,-240,2829,535,8121,7648,405,-750,-50,835,-750,-50,835,-750,-50,-1045,-1245,-50,-475,1785,3840,-210,4415,9058,-485,6305,10253,535,8595,15135,0,6305,10253,535,8595,15135,-2019,-1829,-3450,-3560,-2019,-1829,-2840,-3560,3580,1365,3055,2075,3730,890,645,-1975,1240,1205,645,-1975
6/20/2024,1167,4238,2235,1375,4283,-1473,1374,4098,150,935,3833,-2073,755,3639,-6635,1315,10930,19089,1520,6740,-6289,1915,12920,6100,995,3199,-4180,1915,12920,5742,1465,4671,-2163,1375,4531,-1680,1374,4531,-1475,-180,1640,-2373,755,4854,33,1315,10930,19089,1520,6955,15960,1915,12920,5281,995,6955,16744,1915,12920,5742,3109,-4405,3625,-3908,3109,-4405,2130,-3908,3132,-7283,6563,14568,8199,10558,5880,4999,5934,-260,5880,5819
6/21/2024,3160,1397,-3474,2700,3787,-3474,2725,1626,-3474,3160,3791,-2404,2370,5054,6037,2480,7910,3386,4291,10626,7770,4537,2475,-713,3866,9900,3622,4662,3620,-3438,3160,3539,-3159,2700,4651,-3657,2725,4563,-3657,2746,2322,-689,2370,4778,4921,2570,9300,3509,4291,10510,6076,4662,2311,-14460,3931,10510,7034,4662,2245,-12538,-760,-4160,-3035,-4901,-248,-4160,-1691,-4901,12688,13060,-220,2679,9728,1779,215,190,4975,2703,215,-3805
6/24/2024,-415,-912,-1978,-275,233,-1909,-315,-406,-595,-415,-343,478,15,1030,-5106,340,2860,2912,1004,2764,1557,515,1415,322,431,-1158,458,515,1415,752,-415,-343,38,-275,233,1539,-315,-276,2277,-1005,-2440,-172,15,1030,-1311,340,2860,3512,506,3983,1557,-1159,1415,12059,431,3983,2324,515,1415,13255,969,8057,1512,1741,934,8057,1626,1741,3484,-1348,827,8551,7941,9655,62,1078,994,594,62,5897
6/25/2024,815,-1200,-1125,505,-1853,-170,1073,-1084,-170,1110,-1152,-1765,350,-2251,-6912,700,959,3580,715,-1695,4351,395,5351,11615,-72,804,3230,1245,5351,17663,1005,-1200,-1125,505,-1853,-170,1073,-1084,-170,617,-2570,-3399,475,3515,-3336,700,959,3846,190,2875,8104,1280,5351,34068,45,2875,9734,1245,5351,34279,-951,-2099,-813,-2068,-1258,-2099,743,-1594,-3023,-7460,-1893,2560,1640,9885,1055,19690,-69,3361,1055,14364
6/26/2024,1455,1580,-2259,1352,2100,-2810,1342,1141,-2259,1455,1100,145,1862,9396,15822,1420,5211,8494,885,14124,15751,570,8042,-1238,850,1781,2020,570,6973,-3800,1455,2220,-2705,1352,2100,-2705,1342,1382,-2705,1395,1200,4848,440,9536,22328,1420,5825,11504,885,14390,20688,570,14148,4876,850,14390,20606,570,13557,4922,3977,-3901,2867,-1320,3157,-3901,3507,-1320,5146,8495,1880,992,4665,3687,-3965,-2531,2027,2939,-3965,-3531
6/27/2024,446,1896,-2141,798,1896,-3694,735,696,-2305,456,1896,-3380,3860,9669,17178,3535,7222,-1451,5345,3798,-4316,3995,-844,-5923,6525,9515,3317,3995,1216,-5891,446,1896,-4157,798,1896,-6634,735,696,-5564,-1945,670,-3414,3860,11591,21717,3535,7222,-683,5345,6392,-5610,5124,-567,-36515,6525,6392,-5610,3995,-3020,-36645,1440,-6937,617,-7053,59,-4181,240,-7053,10777,21301,1375,-1702,12528,4398,-6390,-4334,3844,8211,-6390,-6619
6/28/2024,865,2552,5591,1235,3654,6473,1635,1956,2193,415,3703,7123,50,-2303,-5870,295,113,-3652,660,-4452,-6611,1139,5595,-5575,-120,-1865,11,2416,5173,-2078,865,4106,5591,1235,3945,6473,1635,3416,6193,-465,1952,4295,50,-3565,-17395,295,113,178,660,-2914,-13210,885,2859,-10714,-120,-2914,-10789,885,7389,-9485,5857,8348,3342,9559,3164,8348,3452,9559,-3626,-5552,482,202,137,-6359,-1565,2711,-2330,-1422,-1565,2711
7/1/2024,610,848,2238,510,43,2537,510,813,2238,590,53,2615,810,-292,-4825,-135,-3600,-7500,-240,1328,-7455,1025,2534,-2091,610,-2014,-4420,1025,2534,-7500,610,53,2451,510,43,2615,510,18,2615,1766,1888,1119,810,-1792,-5456,-135,-715,-650,-240,1928,-1991,1025,3822,27446,610,1313,-2387,1025,2534,26986,-799,4295,-471,2095,-1997,-1802,-1481,5599,395,-801,-2094,-2339,-452,-5242,4200,-4780,-3030,-5905,3810,-6560
7/2/2024,710,1218,1599,1085,2066,3133,1055,1218,1599,710,619,2665,-55,-4244,-6756,-155,945,1449,204,-3344,-4674,-155,3790,5354,-1224,-2255,1329,-205,1830,9458,710,2066,2340,1085,2066,3133,1055,2066,3133,995,865,-703,-55,-3445,-13274,35,1405,2262,1190,1575,-5652,-205,3775,10037,0,1575,-5472,-205,3930,10037,459,4106,1115,5222,387,4106,-959,5222,-3991,-7474,2733,1555,-1357,-3516,25,6946,-6010,-4880,25,4191
7/3/2024,915,-99,3146,1130,-99,3175,1029,-64,3146,990,45,4857,-1925,-4260,-6695,45,-3725,-6695,-766,-4260,-6695,810,-295,-3715,232,-2150,-4485,305,-1420,-3715,915,-99,4296,1130,-99,5008,1155,-64,5008,1445,-184,3492,-2015,-10285,-22330,45,-4065,-6805,1310,-6845,-11299,-582,-1756,-3715,590,-6845,-11185,305,-295,-3715,-389,3812,-389,5238,-389,3812,-389,5238,-3900,-5865,-3640,-5865,-6960,-5865,-1365,-3205,-6770,-5865,-1365,-3205
7/4/2024,2540,5350,3262,2230,4765,3262,2605,5730,3262,2540,3925,3262,4220,5850,6400,3000,5775,11400,5175,11440,15455,3225,5945,4310,4215,1210,-185,3250,5025,5695,2540,5350,3262,2230,7265,3262,2605,6230,3262,1010,5225,3262,5250,5850,8840,3105,7240,12795,5175,12380,16850,3250,16065,28830,7110,12380,16850,3250,16065,28830,-2002,-2440,-3275,-2665,-2002,-2440,-2335,-2665,4910,1940,2650,1665,995,1400,875,-2125,1870,-180,875,-2125
7/5/2024,-810,-3638,4839,-220,-1907,4839,-605,-3638,4839,-600,-1935,4839,1356,-4355,-6820,340,-3140,-4165,2249,-3870,-7485,5405,1365,-2098,1246,-2895,-4560,3090,1365,-2016,-465,-1907,4839,-220,-1907,4839,88,-1907,4839,-255,2573,1503,1356,-11605,-19440,340,-6015,-3465,2249,-9340,-5187,2021,454,11483,2520,-9340,-5187,3090,1365,11483,-611,1786,-376,2898,-481,685,-376,2628,-4125,-5875,-3650,-3325,-4539,-7302,1032,-180,-6106,-5875,1032,-137
7/8/2024,300,2137,-3368,410,860,-400,-870,993,-3368,300,2272,-1627,1860,6072,22124,297,2103,13292,1862,5843,19205,-310,-2330,-4865,1372,489,7481,573,-2330,-4885,300,2137,-1345,410,860,-1345,-870,-385,-1345,350,1172,3153,1860,6072,24040,818,2393,16629,1555,6912,26953,592,-2330,10477,1205,6912,26953,573,-2330,11223,-1978,-5154,356,-6840,-2220,-5154,-434,-6120,6809,13716,1111,5104,3856,10704,13,-4310,1217,7592,13,-3320
7/9/2024,-310,4303,2354,-410,5458,285,-875,5438,2354,-310,2368,4744,1440,-1850,-6443,330,-190,5353,2023,-1346,7611,490,8400,6432,2225,2440,-1718,370,8025,12550,-310,4798,3724,-410,5458,4824,-875,5933,4824,-1100,2330,5350,1440,-1360,-5950,-190,-2650,8603,2495,2030,6118,1870,-666,53765,1765,2030,6315,370,-565,54245,1370,4103,887,3690,1196,4103,-236,3690,-3215,-6610,325,4544,3963,-4829,1426,-4667,4812,2931,1426,-6447
7/10/2024,-110,-1836,4473,465,-930,3648,-1055,-3081,4473,190,-940,6284,-1545,-3875,-6125,-485,-3450,-3240,-1475,-3935,-5550,255,-185,-4560,-1150,-2600,-1970,320,128,-3835,240,-940,5736,465,-930,6746,-180,-2185,6746,1049,-1270,5851,-1865,-8140,-19745,-485,-3450,-3240,-1175,-1975,-6480,650,949,-3235,-1230,-1975,-6281,645,1255,-3235,-198,2370,315,2701,-3,2370,-345,2701,-4255,-6970,-4330,-3930,-5971,-6178,-1821,-3676,-6275,-1540,-2371,-3676
7/11/2024,-20,5300,331,1920,5540,2326,1995,4368,-4449,-20,5116,-997,740,1270,-6715,1270,3983,5426,-560,2780,6631,-130,1991,536,40,2838,-4695,-130,1775,2222,-20,5464,465,1920,5540,-1975,1995,4931,-5330,285,5586,-532,740,1270,-6010,1270,3983,6007,90,3886,6708,-130,478,-1146,295,3881,8375,-130,1986,-823,-1292,992,631,2966,281,-2812,-398,2038,-321,-6805,3165,4826,4392,7066,2170,7781,-1143,-4585,2170,10048
7/12/2024,1761,1293,6421,835,735,4655,1721,1013,8182,700,1968,4251,-145,161,2948,-560,-1465,-5274,1636,663,-4290,-905,3375,-5111,870,1939,-1577,-955,3375,-5588,905,2230,5058,835,1850,6497,840,1950,5962,2415,3293,4917,-145,655,2405,-855,-2195,-4434,1065,-1170,-3465,49,8032,-36054,635,-1170,-2608,-1225,3375,-36054,4476,10973,3142,12182,5540,11141,3166,9597,879,2174,-3415,-2102,-2821,-4774,1910,-6405,-1137,806,1910,-6405
7/15/2024,1610,3785,10575,1455,3437,9754,1850,3939,11585,2796,2715,10897,1295,2838,402,515,3762,4664,2165,7857,21533,2915,5811,5631,2060,3464,2548,2915,4816,2726,1610,3785,11141,1455,3437,11424,1850,4096,12323,2468,3940,13099,1295,3203,6372,515,3762,10879,2165,6925,20653,1406,9121,43830,2060,7025,23467,2915,11460,45788,4601,2933,2462,2933,3325,2374,2937,2933,6011,12100,5703,21546,8847,-69,7918,8738,4226,4273,7918,8738
7/16/2024,2301,2642,-2943,2366,2933,-3017,2340,854,-2943,2296,3288,-3582,535,3493,-2063,650,2520,-2509,598,5376,2351,10,2307,4923,650,2150,1662,10,3378,8825,2301,2796,-6727,2366,2933,-6271,195,2933,-6271,-332,-1598,-7580,535,3493,-89,650,2520,-2509,598,5376,2688,10,2307,-3504,650,3133,8270,10,2307,-9518,2339,2546,238,832,1021,552,1593,-1893,926,-31,2607,1021,3344,1111,4405,11379,2246,3860,4405,13690
7/17/2024,-1272,695,-2265,1550,2030,353,937,1182,32,120,370,1591,550,1754,-3723,-130,906,3246,885,4601,6724,355,8059,13886,1070,-1682,2622,355,11868,22191,635,1597,0,1550,2030,1645,1115,2004,1550,147,1440,985,550,-248,-4975,-130,1345,4035,885,6532,7851,977,9907,29446,1070,6532,8626,355,12015,31319,4097,1751,5808,3254,3697,2703,6633,3279,-2055,1679,4577,2625,1855,13430,16854,25848,-1899,1081,16854,25742
7/18/2024,1425,5369,24434,1090,5978,16639,1216,6134,4652,870,3194,14956,1680,2848,4457,1435,6095,19477,2040,7643,25341,1420,11728,11041,1790,-735,-4465,1415,9174,11698,1425,5014,19375,1090,5978,18355,1216,6144,15156,809,4065,9693,1680,4707,31449,1435,6344,30732,2040,8154,38693,1420,7993,55109,1790,8154,39020,1415,11728,56355,2147,11102,2253,8262,4433,8125,2757,7815,6635,8425,8183,18411,11168,23246,12252,-1633,-361,-4455,12252,1395
7/19/2024,870,-624,2897,80,-519,2709,1274,-1258,5298,270,-1940,2991,1635,-190,-6330,1680,375,4643,2906,4024,-389,2730,3067,-4255,2577,137,-4255,3845,1966,1396,870,-1514,700,80,-519,2709,719,-76,3974,410,-3000,-1192,1635,1180,6175,1680,375,7389,2500,5298,11128,4545,1978,15914,2175,5298,10837,3845,4488,20411,501,-1771,1770,1087,2028,-1770,1899,637,764,-4905,5348,8882,1811,7432,22760,15725,-2767,-4275,22760,10996
7/22/2024,450,2719,3589,510,2895,4427,510,3571,293,450,1840,3390,875,5119,4270,-1265,-110,2775,705,1452,363,1435,2455,-4109,-260,3567,-489,1435,1463,-5277,450,3025,1174,510,2895,3630,510,2866,384,563,3157,2489,875,6544,7493,220,1665,638,1360,2368,-2435,1435,-562,-35383,2630,2338,-1023,1435,295,-33960,517,3565,1800,-2732,114,3492,1630,-2732,6708,-5806,-2780,-2984,4353,-3501,6514,-3280,6620,624,6514,-3243
7/23/2024,-370,-293,-2417,-330,-170,-4018,-380,-170,-2497,-370,-175,-3939,1200,5678,2416,755,3443,3047,1939,3771,2845,1581,-1678,-1427,1224,1419,-1268,1581,-3798,-5471,-370,-170,-5562,-330,-170,-7715,-380,-170,-7715,430,805,-2985,1200,5678,2416,755,3443,3047,2321,6417,10144,2978,6816,2727,2416,6417,10144,1581,3968,5628,3557,-143,3771,1579,3588,117,3145,569,9222,12757,7275,980,7605,7525,2651,-1296,3819,2157,2651,-1217
7/24/2024,-426,852,6154,395,2367,7118,-227,282,6420,5,3901,10666,-35,-225,-6316,-191,950,-3281,300,510,-7440,145,2450,7950,535,-851,-501,135,2450,32917,5,1981,6373,395,2367,7469,410,2030,7534,405,2205,9763,-35,-1475,-21871,-191,950,-5534,300,1346,-2623,135,2285,21553,535,1056,-1868,135,2450,22689,4246,6873,4253,7854,4253,6873,2587,7854,-2106,-6795,2515,1838,5029,2233,9467,33816,4991,945,9467,33960
7/25/2024,-525,-647,-3444,-593,-402,-756,877,-1235,-1253,-525,4,-406,-120,-1476,-2708,95,-1400,-598,230,-1452,-2333,-105,-380,14242,340,-200,2385,-155,-380,-1708,-525,108,-1159,-593,43,1065,-225,181,545,1089,-324,-725,-120,-2730,9810,95,-3800,-5198,230,123,5903,-155,247,-1871,340,-367,7665,-155,-380,-1536,412,1442,1540,233,499,3151,1905,983,-1962,-2847,1317,-1451,1443,-1632,2156,860,3298,2598,2151,1594
7/26/2024,102,4662,-2662,770,2236,-2656,238,2333,-2662,345,4249,1808,325,3668,11205,190,-240,-4543,150,3590,6599,811,-254,1831,185,3946,-1879,665,1589,3996,785,3949,5744,770,1311,1701,770,741,1701,-30,3255,2866,325,4080,14487,190,-1540,-2731,150,2825,2979,338,639,-18233,425,2825,1185,665,-186,-18681,-134,-1733,-1605,-3940,-2668,-3084,-2450,-4513,3471,22265,-3967,909,568,7078,-1437,-5159,-303,3335,-1442,-5349
7/29/2024,1035,-1886,-3131,1215,-2909,-3131,545,-1661,-3131,600,-139,-1745,535,4295,2005,1580,640,-7476,605,1401,-3098,1095,5423,-5988,570,1007,-1225,1095,4447,-7450,1035,-1331,-5101,1215,-2915,-11075,545,-2855,-11075,-195,-2740,-16030,535,4953,2371,1580,640,-1156,605,680,-2844,2399,3639,1803,570,485,-3459,1095,5565,2610,919,-7179,598,-7179,-3800,-7179,133,-7179,3869,1248,3495,-812,4066,-3938,-122,1015,1142,2626,-122,2780
7/30/2024,1610,2626,8631,1894,2891,3281,1869,2941,8631,2445,3681,6720,14,1190,-6575,1705,-440,8191,-995,6547,-6785,-680,5643,2498,120,2129,-4280,-225,3597,-1524,1829,2891,10351,1894,2891,11467,1869,3206,11467,3640,3100,10836,520,1972,8955,1705,3453,10562,-395,5857,12494,468,4782,-2680,610,5158,9522,-590,5643,-1690,3819,14505,3590,14545,3530,15445,3600,14099,-3650,-6890,1829,8454,2042,6111,6565,2412,3667,-4600,6565,4333
7/31/2024,760,7393,8866,1055,6664,5896,1965,2277,11539,-270,3821,6808,3256,3522,4122,3135,2488,9910,5737,5338,18689,2100,-2015,-2080,5260,1808,336,4505,-909,-2089,760,6344,11232,1055,6664,11786,2415,-45,11786,135,3961,3744,3640,3804,18765,3135,1278,15935,4145,4654,23758,3691,-4621,-18131,3915,4654,25902,4505,-3025,-15810,3270,5215,2240,6812,4323,7192,1927,6007,2123,7987,2418,8641,6843,29468,3182,-403,2947,-1060,3057,-428
8/1/2024,115,-664,-4455,-155,2551,-4455,295,3286,-4455,115,-2245,3431,-390,-3495,-5355,-120,-1020,-5605,-585,-3113,-6180,-125,-5525,-5145,-215,-2795,-4205,5,-4200,-7255,115,392,1695,-155,2551,3691,295,2666,6315,-370,-99,590,-390,-2995,-8223,-120,-385,-2190,-585,-3100,-8858,-125,-5805,-7138,-215,-3580,-10230,5,-5805,-9981,7098,3120,4505,6785,5830,8004,3635,5670,-2841,-7382,1840,-1767,-35,1258,6780,-5485,-1081,-5985,6780,618
8/2/2024,-515,3384,259,-390,2535,-1510,920,5471,259,-465,-2720,-6074,785,3903,11810,810,1745,9870,1798,5448,8911,1295,8863,-5170,2148,2030,1070,280,7038,-7360,-515,1707,-4173,-390,2535,-6545,-620,4083,-9105,-1435,497,-7905,785,3053,11249,810,1745,12669,335,4007,9224,1761,9854,21247,685,3672,7457,445,10155,20468,-111,-2866,2234,-3500,2221,-2866,-2331,-3500,6130,9399,5150,10762,6298,17577,9955,-3245,5404,1499,9931,-4975
8/5/2024,1565,3194,-982,1435,3165,2999,980,7230,8649,1900,3370,4099,80,1847,2547,670,3104,2102,1675,7017,2700,1855,1246,-4015,900,4532,1945,1845,1206,1182,1565,3385,-982,1435,3165,2999,980,3970,10403,625,1783,4099,80,1355,-170,670,3104,-880,1675,3734,-3163,1766,433,-8196,1270,3549,-2683,1845,1206,-7646,3815,344,2277,5582,5678,9552,2635,4925,123,730,995,2507,3038,-573,6079,372,2456,-4215,5769,-768
8/6/2024,395,-662,-1616,650,17,-1148,515,-1021,-1616,-100,17,332,1335,4562,3028,845,685,13664,1540,1966,8460,1390,-1363,24214,1460,1075,217,1390,-564,30453,395,17,-1616,650,17,-1148,515,-774,-1148,1190,459,1635,1335,4462,13900,845,685,13664,1540,1885,8688,1390,-1363,11307,1460,1445,10205,1390,-1363,11397,-2762,-154,-1279,-386,-2272,-154,-1115,-386,845,1510,-997,17751,-490,10869,-1525,1140,2505,2290,-1525,1140
8/7/2024,570,882,-127,415,1705,5080,715,745,1787,835,2025,1124,-840,-4275,-5213,-420,-3215,-7419,-525,1022,-7364,-80,1150,-4179,-345,-1677,2241,105,-170,-6364,570,1895,461,415,1705,4644,715,3060,4439,1055,2065,335,-990,-1855,-1625,-420,-1895,-6809,-525,1435,-3302,110,-460,32777,-345,935,-1190,105,755,-10053,292,-586,1039,1031,-891,-1320,3454,7435,-2855,-4643,-3740,-6037,3674,-7028,-2200,-6798,-1360,-534,-2205,-7348
8/8/2024,1025,345,-4590,-235,-1626,-4590,-235,-253,-4590,165,-260,-3624,1885,2375,918,1540,4838,-1574,975,4874,4769,1130,4697,3459,1880,1372,-2152,1130,4697,6162,1025,-260,-4218,-235,-1175,-3620,-235,-549,-3620,-435,-1035,-2817,1885,2375,3618,1540,4838,-1574,975,4874,6193,1130,423,2114,1880,4874,3845,1130,4697,2114,-2927,-3023,-1910,-4947,-2927,-3023,-1810,-4947,5179,10770,3375,4013,2507,11973,4674,1703,4420,3931,4674,10252
8/9/2024,-15,-556,-3423,5,-280,-1059,-535,-1019,-3423,-235,540,-2299,520,4339,7327,385,4196,11805,840,2408,8704,930,2075,11479,820,3900,-788,930,2075,12209,-15,-1335,-9416,5,-1335,-8660,-45,-1510,-8660,300,-2555,-11390,520,4339,7903,385,4196,11904,840,2408,11915,930,1985,4560,820,2238,10892,930,2075,5996,-1011,-5137,-570,-2822,-1203,-5137,-964,-2822,2551,2140,2904,10415,2972,5036,1787,-1879,1324,-1135,1787,-2153
8/12/2024,169,3458,-1734,925,3458,-1734,790,3458,-1734,120,3458,955,765,4740,-266,875,1044,-6314,1920,8277,5062,5880,-2594,-1529,1090,5135,-1734,6130,1850,-5202,865,3458,-840,925,3458,-4537,790,3458,-4537,-825,2310,-2645,765,4740,-6861,875,1485,180,1920,8878,12595,5432,745,-13991,1090,8878,11160,6235,-2350,-16390,-1061,-2832,-404,-4685,-1250,-4313,70,-4685,2632,-1689,-920,-4508,10694,12249,-4194,-6747,2173,4155,-4194,-6747
8/13/2024,321,1779,1849,1445,2481,3830,1435,2235,1849,1259,1090,3830,-1565,-4295,-6780,-400,-3880,-7000,-741,-4010,-7475,325,3620,-917,-1043,-2175,-4580,1560,2534,933,1020,2531,3528,1445,2481,5592,1435,2248,5592,2114,1960,7114,-510,-8255,-20360,-360,-3590,1505,1365,-3535,-6420,1560,3394,8797,1210,-3535,-5795,1560,4255,8797,-1071,5532,709,4365,-756,5532,10,4365,-3985,-4556,-3945,-7415,-6994,-7490,-177,-288,-3185,-5820,-177,-288
8/14/2024,3807,3101,7113,1370,6398,7750,922,2993,7303,1170,1466,7394,2170,3058,17295,1840,1629,7550,2660,1812,11357,1650,-830,-4097,1995,1093,1631,1515,-325,-5902,1865,6309,7273,1370,6398,8114,1935,6649,8114,1863,4138,10182,2170,3764,17830,1980,1629,10360,2645,460,14520,2937,1324,6516,2030,460,12082,1515,1149,3067,3260,8105,2405,9007,2312,7733,2594,9175,4500,12949,780,3717,525,5771,-1350,-6654,2123,3139,-1350,-7084
8/15/2024,1495,5465,3134,1925,5465,3134,2064,5465,3134,1495,5465,1711,4065,-4325,-6790,4660,-1380,2406,7553,-815,-7432,-576,-440,-3938,5567,-2140,-4510,4500,-610,-4836,1495,5465,1411,1925,5465,1411,1865,5465,1411,1645,5360,6736,4065,-1360,-6900,4720,1120,5566,7745,1285,8733,1816,201,-36653,5890,1285,8950,1455,201,-36653,3097,1040,3270,1180,3097,1040,4535,1180,-4055,-6115,-640,-5402,-5540,-4039,-2836,-4550,-6090,-5161,-2836,-5334
8/16/2024,-100,4451,7579,-50,2930,10600,525,3301,7579,-100,2083,10922,677,772,-5524,1225,-1805,-4741,780,-1201,-4562,2565,-2620,-4715,925,15,-4585,2810,-2793,-5126,-100,3232,12811,-50,2930,10240,525,3539,10240,589,2583,8955,1520,275,798,1225,-1800,-10495,235,-3465,-6470,3137,-722,5415,380,-3465,-8825,2810,-2620,4370,-50,7271,307,2598,1150,7271,-331,2598,-3328,-6800,-2675,-6624,-4326,-2709,-1767,-6298,-616,-2785,-1767,-6243
8/19/2024,1230,-941,4220,360,835,-1499,-273,-941,4220,2285,505,4145,-1865,-4065,-6970,-1235,-3975,-7475,-1945,-4589,-7485,655,620,16304,-1450,-2645,-1988,-340,-755,9193,1230,835,240,360,835,-372,-145,835,-372,2924,656,117,-3265,-11400,-24314,-1510,-6105,-5104,-2690,-7694,-10543,-390,-720,654,-2610,-7694,-10543,-390,620,3563,-341,-1166,372,-1245,-610,-1166,-646,-1245,-4474,-7474,-3675,-2779,-4219,-2840,1990,25466,-1576,-1355,1990,601
8/20/2024,1817,5953,6479,615,3585,6234,770,1658,5423,695,5117,5605,1370,2760,12582,750,645,-1309,-544,3043,5083,-905,-615,-2448,-504,2600,4729,-1005,-1465,-2356,695,3554,6537,615,3585,6292,770,2265,4301,95,383,1511,1370,2760,12661,700,645,-1309,-145,2675,1151,-1005,2371,-11306,-105,1703,1144,-1005,730,-11429,3877,8220,2080,6138,2902,8220,3040,6138,7338,18660,295,2736,1593,8753,-5836,-5352,2839,1777,-5836,-4849
8/21/2024,930,2631,2953,730,971,4780,690,3013,5974,1535,2052,1736,2580,3389,10116,3300,965,9082,2925,3184,13218,4940,-4065,2593,2780,176,3019,4940,-4365,1278,930,970,4503,730,971,1647,690,1529,1086,1435,1505,-8,2580,3389,10152,3300,771,7403,2925,4257,11738,4940,-2452,442,2780,4257,11738,4940,-4065,773,4135,914,3865,1744,4903,914,3122,1744,4669,6927,2566,6229,5165,12539,14139,1565,1032,1816,14139,1565
8/22/2024,885,1811,-292,795,2374,343,800,1432,-362,950,2052,-1055,-45,-1347,-5630,-155,1874,-7290,1430,138,-7260,115,5120,8908,-1243,-1149,-5775,115,3893,11796,885,2204,-1841,795,2374,507,800,2639,2313,855,652,-4355,-45,-290,-18934,-155,1874,-5264,1430,2273,-5417,-2075,2904,24637,1195,2273,-3645,115,4250,26585,3920,2091,5342,3104,3844,1851,3680,3474,446,-7460,1891,-6670,3685,-7058,8515,8901,-840,-5555,8510,8901
8/23/2024,-595,-411,3786,-595,1248,2742,775,2457,5252,-595,-1600,2039,200,3487,2811,350,2082,-763,760,345,-3910,1020,-273,-3878,-315,4437,5113,1015,-2664,-4909,-595,1072,4744,-595,1248,4729,-595,1208,4236,-690,-1284,-2475,200,3487,2811,350,2082,-3124,760,345,-4296,1020,-335,-358,-315,340,-9038,1015,-278,-1877,95,19,1059,1620,750,2223,-98,1067,1258,3114,610,740,286,-1131,527,-539,1423,5698,517,1822
8/26/2024,2425,401,-2508,2455,-926,223,2370,3,-4062,2600,401,-3370,1115,5793,23719,2135,5914,7161,2725,6305,18240,1100,-1278,-4662,2410,3541,6482,1100,-579,2055,2425,401,-2508,2455,-926,-5485,2370,-926,-5793,2940,-1854,-4429,1115,5793,24148,2135,6168,8174,2725,8127,22836,1100,9556,8347,2410,8127,24816,1100,6908,9276,5825,-6017,6575,-3823,6143,-2962,4826,-3098,6105,28164,1287,8149,5215,18804,-5046,-5116,2980,9452,-5046,-6901
8/27/2024,1240,495,187,1920,960,35,1549,495,187,1240,967,1207,1995,4328,11534,1460,398,-3634,2625,2612,-1672,2990,9902,-2396,2265,2198,573,2990,7748,-5909,1240,960,1174,1920,960,1983,2390,960,1983,837,4673,1819,1995,5734,12560,1460,494,-1376,2625,3460,-4483,2463,9301,11976,2265,3460,-5194,2990,9902,9068,6021,1956,4429,1200,5995,-2898,4279,169,1196,9694,59,-4847,6724,1973,7747,-4847,2636,5115,7747,-6549
8/28/2024,705,3112,10881,645,3060,9834,645,3112,10881,230,3060,10273,750,-274,-6160,608,-581,1644,1620,12272,3469,1410,3130,8036,1380,-1385,-4140,890,2490,3310,705,3060,10833,645,3060,10669,645,3060,10669,1165,2380,10949,750,648,2075,608,87,7407,1620,13865,10061,890,7162,11227,1380,13865,10294,890,7510,11907,9934,15244,9154,14695,10035,10640,9178,14855,4466,-3495,4887,1698,8952,-2364,14620,17754,166,-4140,15750,17754
8/29/2024,645,-131,-2906,860,1315,-2963,980,-246,-2906,645,375,-3108,560,2055,-6974,365,1441,-6163,615,2966,2155,580,-840,2900,805,1346,4181,575,-490,2895,645,1315,-4799,860,1315,-4239,980,1200,-4314,-425,555,-6558,560,3830,879,365,1606,-6629,615,3310,-6820,580,-161,2449,805,3095,-4693,575,-180,2895,-2417,-4793,-1082,-6280,-2417,-4793,-930,-6280,-172,-6743,-385,-4439,-1641,-7472,-3511,-1093,284,621,-3511,-1098
8/30/2024,415,-346,-1639,645,290,1017,316,-263,-1639,460,865,1135,70,-1272,-5052,30,-3555,-146,285,-2506,-105,1010,7973,6253,210,250,1148,1010,-1182,7337,415,865,623,645,290,2044,850,680,-557,710,3335,-3976,70,-4322,-3805,30,-3555,-443,285,-5717,-4961,1010,-5441,11079,210,-5717,-2393,1010,8334,13294,205,786,1563,3243,902,458,658,3243,-1665,-6989,-245,-3413,-618,-2279,-3415,2728,-300,1148,-3415,2728
9/2/2024,1410,1989,-774,1185,1200,115,2011,1989,-774,2395,2285,-1585,5,1073,7179,-45,-187,4459,5,-1212,5899,-95,-1522,1232,-90,978,5564,-195,-3497,142,2345,1110,-606,1135,1110,-1885,1135,1110,-1885,-590,1390,-1885,5,1073,7179,-45,-192,4304,5,-1217,6360,-245,223,-2945,-90,-1217,6360,-245,223,-2945,-2414,-4351,-3140,-4020,-2414,-4351,-2950,-4020,3170,2699,-70,470,1075,1612,-3485,-2740,85,4185,-3485,-2740
9/3/2024,305,616,3457,330,2879,4056,160,2638,3244,-145,3704,4116,150,-3060,-6155,550,3975,30,-224,3654,-8502,1240,9144,9614,-132,1621,-608,630,6516,13238,305,3590,4275,330,2879,6627,160,3104,6326,-1035,2318,2921,150,-3060,-23725,550,3975,966,262,3744,-5012,-795,8450,4579,350,3739,-4521,630,9197,5821,1353,8397,2422,11642,710,8670,2144,9807,-4380,-5625,3532,853,2962,-7316,4497,46734,1070,-281,4497,46734
9/4/2024,1010,4565,10053,1130,2160,6930,2330,3831,11848,1010,410,13749,1760,283,3522,1185,-1770,-1899,1760,-237,-3982,1255,-1509,-3042,1695,1284,3383,1255,-1509,-6956,1010,4605,22724,1130,4610,20476,540,4610,20476,987,4935,22198,1760,-533,4364,1185,-2265,-8300,1760,-1220,-5169,1255,-740,-14726,1695,-865,-4705,1255,-1509,-17567,2679,16279,-850,14236,7187,16279,-455,14236,1312,6340,-2075,-4278,655,-2631,2510,-6914,1946,4769,2510,-5923
9/5/2024,270,3318,7213,55,3835,7463,1304,5022,7363,870,3480,6765,1100,2007,3190,850,-2635,950,705,-902,4881,445,793,-5650,1525,-1029,-89,440,793,-5417,270,3600,6582,55,3835,6360,215,4425,6510,940,2362,1673,1100,2707,8577,850,228,1515,1710,362,7001,445,651,-11811,1525,362,4212,440,793,-13295,6240,3602,6386,3703,4766,3793,7065,3703,3369,7656,-2449,-2263,2124,2185,1768,-5520,850,2555,0,-5920
9/6/2024,840,5206,8527,965,10434,5211,1705,10703,4700,370,3400,5043,7298,3543,4179,860,9004,10486,8113,4751,10743,2695,3850,-2690,4301,2735,-4480,2540,3095,1163,840,6090,4200,965,7130,5211,900,7789,9861,690,3310,7842,7298,4513,8388,860,13373,9862,8113,9680,14062,1145,5345,3769,4301,9680,14057,2540,6795,3372,1021,3556,-64,1061,3030,3556,165,636,3175,1885,-177,1628,-1216,7642,2875,-450,1143,-4580,2870,-450
9/9/2024,240,183,4119,330,294,5250,1807,158,5250,270,299,2313,890,4428,12971,220,828,6415,1400,5339,11853,615,1950,-5735,825,2704,1131,-405,-610,-5820,240,-520,1656,330,294,1184,1225,-122,1184,467,3885,5007,1165,5517,21975,-525,943,8745,1400,3642,14580,-2813,3942,-41951,1300,4347,13902,-2955,2009,-40100,3351,3349,3460,4060,2238,3755,3495,3268,7953,20736,6462,10959,4058,9647,3239,-2120,490,1136,3239,3593
9/10/2024,-585,-1120,1918,-1370,274,2642,-1370,-1143,1918,-585,619,2368,990,-3974,-5614,440,-2361,4468,-855,-2334,2740,-700,-4084,-4392,405,-234,3687,-700,-1929,-5547,-585,454,1167,-1370,274,1993,-1370,234,1993,-1065,804,825,990,-3974,-5132,440,-2361,4468,-855,-2439,3433,-700,-12309,15067,-150,-2439,2160,-700,-9439,16237,44,-40,-360,300,-695,-40,20,-165,-4395,-6349,-3694,-1531,-5904,-5722,-5719,-2014,-6935,1355,-5719,-5202
9/11/2024,730,2150,4852,1030,2145,5400,780,1080,5400,1150,1890,3114,-1965,-4465,-5600,-1185,-3535,-7490,-1625,-3638,-6742,755,785,-5800,-1490,-2210,-5420,650,-530,-7485,730,2150,3474,1030,2145,4059,780,1080,4059,2630,2315,3549,-2300,-10705,-31860,-2165,-6685,-21165,-1895,-7890,-24856,-132,-332,-6999,-2070,-8950,-26635,650,1095,-5640,625,890,625,890,625,890,625,890,-4310,-6250,-4455,-6800,-6907,-7366,-4926,-6760,-2135,-4826,-4926,-6760
9/12/2024,445,915,-2847,295,-1420,-3077,-210,940,-2847,-265,1182,-4354,1325,5190,18819,1115,4725,5267,2610,6995,-4668,1970,3672,-591,2385,-31,1833,2150,3672,-1941,445,675,-1450,295,675,-949,870,700,-949,40,2485,669,1325,8369,12319,1115,4725,5267,2610,6155,-828,2223,1420,9987,2385,6155,2250,2150,3672,10459,-908,-6065,1225,-5285,-883,-6065,793,-5285,4818,20209,4790,6074,5901,10799,4199,2437,-4,1044,4199,2712
9/13/2024,3728,2836,-1955,2635,3086,-5690,3863,2958,-1341,2755,2424,-5176,1250,5970,14816,2040,2610,8659,790,4858,16644,1830,7007,-5964,860,1994,628,2545,6232,-6070,2740,3086,-433,2635,3086,-5690,2635,3936,-5690,655,3784,-366,1250,6401,22738,2040,2610,9177,790,4858,21466,3468,8050,-10154,935,4858,21466,2485,7007,-10154,3343,-1955,940,-4647,3343,-2539,1800,-4861,6337,18025,2949,8938,6373,16147,-5055,-6388,-644,141,-5055,-6433
9/16/2024,920,1441,3495,2015,-140,3854,665,617,3495,1930,2677,6586,-770,-3635,-3570,-895,2079,-6217,1347,60,-6495,-475,-3475,-5788,605,3121,3058,-260,-3874,-3808,1930,3977,3966,2015,1463,4145,2015,1463,4145,1145,3311,2303,-770,-3815,-4235,-895,3116,-5538,105,-216,-2924,-1608,1163,-9768,620,-581,-1903,-490,2097,-8825,2475,6342,3973,7155,2067,6342,3324,7155,-2480,-2178,-2918,-4695,1863,-4809,-1945,-6466,597,-1040,-1945,-6811
9/17/2024,1235,2551,5619,1365,2597,5951,1155,2551,2784,160,1812,6461,790,1635,-4966,1515,502,-1844,1015,3154,-4557,1425,1380,-5260,1075,-1538,3485,1425,1380,-5081,1235,2597,6686,1365,2597,7062,1155,2597,3997,215,942,3972,790,2185,1488,1515,502,-2467,1015,1182,-4364,1120,1380,-12225,1075,1182,-6682,1425,1380,-12225,1033,2532,1202,2521,1033,2532,217,2772,-4075,131,474,-2363,197,-3235,-1230,-5600,-1551,2484,-1230,-5600
9/18/2024,738,4144,11888,1768,4478,12262,1804,2460,12072,967,3488,11064,830,1175,5900,1020,2314,17164,-260,1897,9447,-15,4024,15383,-940,333,2465,-20,2759,11076,905,4378,11654,1768,4478,11801,1804,3175,12604,1012,2236,5377,830,1190,8092,1020,2314,9596,-260,2348,5618,-355,3550,-616,-50,2343,7044,-20,4009,484,3587,10223,5095,14088,2716,10223,4055,11532,487,14699,2125,9759,-87,2870,7799,15169,-1326,2272,7794,15073
9/19/2024,500,3132,-3555,-90,3294,-3555,685,2754,-3555,900,2920,-3151,1655,-1847,-4390,2935,3984,-2045,5408,315,1160,1515,4770,-3890,4498,723,-1894,1510,4770,-3890,500,2880,61,-90,3294,-3986,685,4449,-3986,265,1024,-8395,1655,1969,244,2935,3984,-7160,2271,1429,-4407,3426,4006,-18015,2125,1429,-8496,1510,4770,-18015,215,-2935,-401,-2935,-788,-2935,-821,-2935,-1095,-5478,2611,-3070,5048,-3884,-2020,7880,393,247,-2020,7880
9/20/2024,1240,7116,19260,1530,5232,8969,1455,7369,18484,1435,4952,19562,1340,5210,23155,-305,197,19937,-220,-1983,8359,-240,-3725,20292,-470,-2415,10550,-1230,-1675,24766,1240,5227,23115,1530,5232,22988,1455,5790,22988,635,4467,22582,1340,5760,23058,635,3167,19317,1100,-615,14043,-2257,-10543,26318,800,-615,15497,-2785,-7620,24766,4756,23822,4198,17710,2587,23822,2688,17710,4780,14942,5726,16862,3976,7491,-414,31853,3287,4614,-419,34323
9/23/2024,520,6665,-345,1810,7061,-2854,1810,5319,-1968,520,6312,-1412,1345,8080,8788,850,2895,2765,-540,5492,3236,-190,-2607,-1960,-40,5230,524,225,-1171,4928,520,7434,-645,1810,7810,-6195,1810,5672,-6195,1640,6731,44,1345,8080,17377,850,3495,1903,-140,2710,6136,225,-5415,-3856,335,2710,6136,225,-10472,-3856,-955,-3941,-2530,-5505,-955,-3941,-2430,-5505,-270,4031,-3165,1327,460,2052,-5539,-5897,5391,524,-5539,-6612
9/24/2024,1375,-1607,2180,1775,-1792,2491,1740,-1304,2368,335,-2329,2180,2240,5809,437,390,-3000,-5335,570,-1710,-6485,1965,-5457,-4250,960,-1638,2046,1250,-4042,-4670,1375,-1607,2180,1775,-1792,2491,1740,-1304,2491,550,-2149,4250,2240,4480,-2929,1725,295,-13710,1600,-2305,-16991,5834,-428,-32644,2000,-2305,-16683,2140,-1795,-35825,6070,3674,6070,3826,6070,3674,5300,3331,4764,3619,-980,-4680,-2199,-5549,-3264,-6090,-2645,541,-3264,-7325
9/25/2024,1395,3828,1040,670,3193,1040,2225,4754,1040,615,4700,4859,1935,3862,-2584,1445,2650,-5480,1970,4159,-5024,2130,6882,-3657,1980,4298,631,2130,6428,-3833,1395,3828,6052,670,3193,6716,2225,4754,6716,-15,-2230,10468,1935,3390,-2926,1445,4400,-3896,1970,5356,-5667,2130,6882,-5510,1980,5356,-7018,2130,6882,-5510,3704,3288,4120,3288,4120,3288,1685,3288,4132,-3083,1320,-1765,6277,-2267,-4895,-4558,1049,-2887,-4895,-6125
9/26/2024,965,3290,6208,-505,4350,-1340,-195,2439,2276,1280,3694,3990,75,-357,-4146,1795,3800,-2916,2653,1216,1543,1500,4640,-5050,2660,-2125,-4105,1600,-1148,-7235,965,4355,4336,-505,4350,4100,-195,3569,3777,1815,4180,9816,75,-984,-4261,1795,5649,-2196,430,17,-5946,3822,5344,-14400,320,-59,-6100,1600,4099,-16271,952,7131,2405,7152,2417,6806,2944,5797,1325,-4381,4736,-475,5521,-3244,11887,8638,1405,-4425,11887,8018
9/27/2024,3129,5668,2708,2330,5770,2928,1840,5619,3403,1945,7144,5055,1512,708,-3456,1925,1475,17428,1643,2427,-3036,2125,4729,12737,1945,463,-4130,2470,4729,20161,2260,5815,4788,2330,5770,4623,2330,5852,6363,2068,5676,5404,1601,601,-3881,1925,1711,18248,2140,2047,7319,1333,4729,27947,1920,2047,7917,2470,4729,31273,930,128,-700,-889,1607,128,-1220,-889,-471,-2012,3091,-492,5577,-2012,15964,-4125,400,-4125,15964,-4125
9/30/2024,700,1332,4269,1020,1387,3449,1710,1632,4366,870,1012,5576,260,5171,16308,-126,3035,11472,200,6072,11037,149,-2511,282,214,2672,2197,-256,-2511,485,700,1332,6523,1020,1387,6642,1710,1632,5912,840,2263,7402,260,6846,16530,-126,3035,11463,334,5100,17620,-624,-2511,9389,264,5100,18310,-90,-2511,9389,1579,3844,965,3879,1547,3844,535,3879,2575,16860,680,6899,4143,15477,-3210,-420,1166,2197,-3210,-485
10/1/2024,580,-400,4238,-340,-400,7356,-47,-400,4493,125,-400,5104,1060,3035,8987,-305,5265,4435,270,1459,4346,175,-5845,416,-410,1444,2251,175,-3785,601,580,-400,4238,-340,-400,5229,-47,-400,3901,390,-1855,2061,1060,3035,12775,-305,5265,4435,270,1459,5176,175,-7128,-10843,-410,1134,3557,175,-9090,-11709,2814,3150,1258,3792,3365,3210,1173,2724,-170,7432,349,-2635,-2604,3625,-5975,-5346,2352,4933,-5975,-6247
10/2/2024,1843,-745,-3668,530,2511,-2751,1303,1439,-3794,1495,2166,-4566,1730,4273,1351,4725,6107,4673,832,7466,1611,3995,8593,6882,2682,3620,-2979,4095,8593,-552,1420,2536,-6696,530,2511,-4697,530,1110,-4697,1175,176,-889,1730,4926,19586,4725,5311,5151,832,6546,2638,5692,8593,9189,2682,6546,1649,4045,8593,9701,1250,-3014,812,-896,1250,-3014,1040,-896,6938,177,11400,8793,5526,-1422,3884,995,10739,-1241,3884,-1872
10/3/2024,1650,4442,9993,1590,4312,3587,1357,5688,3727,1045,4753,8708,2035,5181,22797,900,3403,8665,1375,6285,-149,1030,2184,1686,1485,5645,16025,1030,1695,-5275,1650,4442,9993,1590,4312,3587,1675,5688,4147,1815,5606,11910,2035,5181,22797,900,2679,8665,1375,6285,3719,1030,6185,-12479,1485,5815,3719,1030,1996,-17482,2420,4914,1791,3396,1091,4914,815,3274,6204,21305,3411,10317,3781,4851,-2018,3154,5917,5104,-2018,2068
10/4/2024,330,2460,3154,440,2774,5796,1025,916,6171,160,1266,5509,-980,-2993,-3537,-990,-1060,-117,-930,-1532,-1715,625,4381,12611,-1035,508,3162,625,3939,13326,330,2259,3154,440,2774,6096,1025,2471,5745,1025,1526,5417,-980,-2705,-3537,-990,-1060,-117,-930,-1532,-1715,625,3917,13494,-1545,-1532,-3685,625,4824,15069,3604,938,2179,107,2734,938,2179,-1264,-1999,-4719,969,2863,-789,1157,6995,10035,-414,3524,6595,10309
10/7/2024,130,3397,-3256,220,1481,-2975,327,2320,-2013,145,1131,-3442,625,-4440,-6092,841,-3984,-7232,970,-925,-7497,945,-3675,-2598,990,-1887,-901,940,-2720,-3023,130,3275,-2539,220,1515,-2379,327,2486,531,200,-660,-6515,625,-5430,-18875,841,-2224,-16435,970,-775,-20715,945,-3675,-24355,990,-780,-20720,940,-3675,-24355,-1625,-6260,-1513,-6260,-1625,-6260,-1513,-6260,-2543,-7395,770,-7128,-6589,-7157,-4809,-1623,58,514,-4809,-1758
10/8/2024,-375,1293,-33,290,1121,-1498,520,1786,-1934,-395,725,-2837,-890,-4380,-6991,125,-580,-4367,-197,-837,-2536,1323,2139,2972,670,-1814,-4555,1323,1388,11570,-375,2036,1776,290,2629,2605,520,2704,2605,235,1501,4630,-890,-5265,-13927,125,-580,-2611,890,-680,-6528,1323,-264,25050,670,-680,-5725,1323,849,25679,1149,-1951,2175,-575,1646,-2706,331,-575,-4444,-7408,-1587,-5830,-1037,-6319,-950,395,-4615,-5840,-950,395
10/9/2024,-1231,-1280,-1325,205,-1230,-1890,-1436,-2701,-1890,-370,-405,-2394,-1191,-4180,-6735,105,-2085,-6534,5,-4280,-7305,748,2414,3537,-130,-2120,-4440,1063,1039,2920,-195,-1280,-3495,205,-1230,-4060,205,-2430,-4060,380,-1035,34,180,-4275,-15434,55,-1838,-3728,110,-3092,-5009,-194,2414,23115,450,-3092,-3936,1575,1639,22365,-110,1066,-60,1203,-871,506,320,1763,-3625,-7115,-120,-3702,-1037,-6541,4032,2560,-2004,-5385,4032,1844
10/10/2024,1130,3354,2656,525,1515,-198,2230,3184,1497,720,196,-2334,750,4193,-5556,1220,2921,-5533,2199,4183,-3318,1195,-2082,-4826,-1015,-305,673,-865,-1925,-6415,1130,1840,3711,525,2300,-4616,334,3361,-7205,-540,318,-3123,750,5803,1458,1220,4598,-15085,370,2666,-8096,79,-1711,-31036,-340,2666,-10140,-390,-3255,-38275,2266,1190,1195,-2728,3596,1190,1195,-2728,3203,-4654,3878,-2751,8021,-1208,-2664,-4636,2130,-2789,-2664,-6231
10/11/2024,2875,3193,-1376,3245,2405,-3647,3681,2405,-1376,3010,2383,-2855,1140,11166,15190,2617,5230,16390,2413,14547,16306,5593,10583,-5895,2398,3322,4397,7325,4253,-7445,2875,3193,-1702,3245,2405,-3555,3200,2405,-3555,3375,2540,-1910,1140,11842,21785,2617,5230,28107,2714,14474,21149,6405,9931,40805,2505,14474,20799,7325,10583,42032,204,-5061,736,-4369,204,-5061,2236,-4369,5659,16374,7398,14054,12671,2334,-2326,-6830,1343,3550,-2326,-7020
10/14/2024,1775,1375,195,1960,1375,850,1683,2078,195,2015,415,4080,3805,2730,13152,2480,2683,19329,99,3744,29772,1261,1695,16793,864,-1490,3866,1446,1695,16560,1775,1375,14416,1960,1375,14416,1683,2078,14416,1630,850,11661,3805,2560,18845,2480,2683,26097,99,3795,35549,556,2353,68840,864,3795,36827,1446,1695,72637,3939,7541,4198,7036,3081,7541,3957,7036,5872,11633,8309,16964,16188,23006,14098,18471,1765,3978,14098,18261
10/15/2024,240,1347,4812,377,2999,7874,507,1579,4794,240,2310,8317,-950,-4485,-6399,-155,-1706,-3286,-700,-4089,-4374,-1442,3373,4169,-629,-1942,-4330,312,2415,1013,240,2559,6876,377,2999,8257,507,2824,8832,-135,1100,4668,-950,-4670,-15695,-155,-1089,-1482,750,-652,8265,312,7081,36562,-135,-657,9242,312,8815,37930,5184,15468,5409,15900,4140,15468,5645,14948,-4153,-6125,-17,3768,-1173,13995,-1531,-775,791,-4965,-1536,-775
10/16/2024,-460,1706,-3135,-470,1675,614,570,1706,-3135,-510,-167,4133,435,-2251,-6997,905,-593,-2190,-515,-4460,-6930,765,-2340,-5929,-370,-2325,-4445,-255,-715,-5907,-510,1675,8519,-470,1675,7588,570,1675,7588,67,4891,7378,545,-4302,-9370,905,-723,-7530,-790,-4937,-14635,-255,-3430,-25799,-925,-4937,-14635,-255,-3430,-26811,1296,-5373,-1457,1349,508,-5373,-467,1349,-4050,-6810,-3495,-5710,-6925,-6810,-6135,-6979,-6925,-5935,-6135,-6729
10/17/2024,590,-438,-1439,930,719,-1039,-109,-333,-1684,590,1004,-3020,380,817,-872,235,2257,-973,700,1910,-313,330,-85,154,620,2555,2801,330,-680,5639,590,384,-2597,930,719,-2757,355,579,-2772,-665,84,-3930,380,817,-812,235,2402,517,700,1910,6273,330,-490,12639,620,1910,6273,330,-85,14269,3513,7067,2949,4614,2007,7067,2471,4614,-3250,-1554,-1420,2145,-253,5139,3278,13396,-1180,1992,3278,9576
10/18/2024,-440,7657,1323,346,6969,163,1229,6939,413,-160,4475,359,1933,5681,7907,1655,3024,10974,2455,3736,940,1835,9205,-2760,2205,1356,7985,1785,1454,669,-300,7657,3425,1446,9688,715,1229,9658,-1020,-1240,4972,8111,1933,5681,19629,1655,3024,14155,2455,3736,4819,1785,8990,-15550,2205,3736,4819,1785,9205,-15550,-250,-4993,-1161,-4768,-1161,-4993,-1704,-5353,15702,9885,14637,7594,17040,-2636,13005,-4485,14000,4646,13005,-5285
10/21/2024,1210,1117,-2520,318,1346,-2796,1283,987,-5120,1455,1371,-3341,2145,7805,13374,3160,7352,16344,3240,12975,17784,2055,7641,9680,3045,4238,7990,2055,7641,10450,1210,1371,-4359,318,1346,-6541,1263,1102,-4792,1820,-554,-6386,2145,7847,13374,3160,7352,17602,3240,13458,23779,-128,7641,42839,3045,13458,23779,2055,7641,42839,1313,1296,-235,-1244,-1055,1296,1548,-1244,2406,459,5469,9908,7200,18669,5716,6890,3686,6460,4856,10064
10/22/2024,400,-2077,-3405,-85,-2493,-3104,-275,-2738,-3405,30,-2170,-2501,-5,1975,-3864,170,576,-2768,690,1742,-763,1435,1303,-2539,-395,-88,-2306,1655,1303,-1127,400,-1870,-7633,-85,-2493,-7431,-275,-2533,-7431,-1205,-3353,-1566,-5,2590,1080,170,576,-3948,690,185,5929,-1012,1303,22270,-40,145,6389,420,1303,24337,-1172,-2082,-950,-2505,-1152,-2082,35,-959,250,-5456,310,-3643,4054,-3532,2179,393,-988,-5810,2179,393
10/23/2024,-615,852,402,-325,-1153,624,-240,-334,4200,-615,-1148,-822,-50,-3673,-6946,560,-1270,-2291,2040,333,2220,45,906,-383,1705,-324,80,45,906,-7469,-615,-1148,-1257,-325,-1153,-872,-240,-1328,859,-780,-1975,-4871,-50,-2430,-14980,560,-1270,-3092,2040,838,1386,45,-1010,-14220,1705,398,-182,45,906,-17026,-1322,-2834,-463,-1306,-2652,-2834,-448,-1306,-4160,-7300,3401,-3316,203,-2271,4610,4394,-266,332,4610,4394
10/24/2024,-695,-810,2839,125,-894,5699,-1297,-722,2396,-260,-345,5660,1400,-1880,-3737,275,1391,-3907,1340,-945,4946,1910,6041,-755,1955,-2965,-396,1910,5329,3231,-80,-941,4664,125,-894,6156,-480,-987,4577,-30,-3152,2787,1400,-1880,2777,275,1391,-3645,1340,-415,3791,1910,9963,1788,1955,-1822,6866,1910,9963,-290,1858,2824,2462,872,1839,-1266,1733,872,1629,-2429,3088,-2808,2375,-1850,8399,-1006,2333,-88,8399,-724
10/25/2024,170,2475,-3222,125,2148,-3777,-112,2076,-3222,525,1400,-1875,110,595,-5370,115,1092,-6955,-85,3221,-6693,-225,2545,-5740,-35,890,2185,-225,2545,-7360,170,2475,-526,125,2380,-1990,-112,2307,-1990,-1920,720,-3030,110,595,-4842,115,335,-4680,-85,3289,1168,-225,2545,-4175,-35,2954,3205,-225,2545,-3170,275,-1839,784,2254,275,-1839,1356,2254,-2190,-5594,475,-7445,492,-7215,2183,-7000,-3430,2951,2183,-7420
10/28/2024,75,-2421,-500,-20,-2320,-590,-151,-2828,-144,75,-1123,-700,-495,-3880,-4259,490,273,-2669,93,-2687,-4913,225,2345,12593,681,-1385,-4580,85,1593,16347,75,-2103,-4975,-20,-2320,-5065,-151,-2633,-2199,-1390,-2320,-6715,-495,-4935,-23095,490,273,-2899,93,-1655,-6912,-684,-241,37389,681,-1655,-9376,85,3060,37389,-347,80,-571,-3457,-312,80,-571,-3457,-4160,-7185,-170,-662,614,-3711,12633,9779,-995,-3445,12633,16263
10/29/2024,-188,-2300,-1523,255,-1332,-2532,186,-1350,-1523,555,-1255,-2902,-600,-4105,-6970,660,-3600,-7410,-1660,-3740,-7408,885,-3038,-4049,-1065,-2880,-4620,1075,-3038,-3804,435,-1307,-6916,255,-1332,-8295,295,-1568,-8295,415,-1429,-6615,755,-12925,-25495,865,-4360,-2555,-805,-6955,-2469,268,-4056,-91,1110,-6955,-3905,1475,-3038,1235,-1769,-2295,-420,-2889,-1245,-2295,-504,-2889,-3895,-7500,-4470,-7445,-7373,-6220,1926,-2689,-6760,-5805,1926,-2452
10/30/2024,675,-2695,-4648,670,-2575,-3318,655,-3013,-3713,-290,-2235,-4321,-880,-4085,-5832,920,243,-5814,600,-1059,-5105,635,-107,9133,145,-861,1477,630,-100,16411,675,-2070,-4290,670,-2353,-3405,655,-2087,-2470,-580,-4575,-8090,-880,-3055,-16975,935,1146,-4699,600,-258,-5731,391,-899,6391,315,-258,-4458,630,-107,7283,-1114,-296,-2003,-644,-1129,-296,-2253,-644,-3708,-2543,-763,-2410,-3284,-300,1613,23197,-192,1749,1613,23197
10/31/2024,15,3295,8822,115,3997,9431,-81,3130,9002,-110,2701,7660,2590,6625,15641,1960,7092,12175,3315,9716,24926,1405,3546,-3119,4597,2913,5142,1405,5264,-5345,15,3407,9107,115,4235,10175,223,3673,9649,-1450,3180,2087,2590,8449,28628,1960,8445,19969,3315,11134,29619,1405,3027,-23400,3860,11079,31991,1405,4379,-29634,5797,132,5013,3821,5114,-76,5258,3831,10663,25584,2686,21438,12656,30691,-2865,-2985,7406,3168,-2472,4269
11/1/2024,330,3460,-2015,465,3550,-1562,1610,3340,-2015,-165,2890,-1562,715,5361,3507,1570,4680,-1825,355,4520,1361,785,12290,9781,390,3674,1928,785,9146,11131,330,3670,-3539,465,3550,-1562,170,3253,-1562,-243,870,916,715,4749,3161,1570,4680,-45,355,4910,6589,785,15255,18637,390,4910,5249,785,16926,19751,-4039,-4177,-3210,-3081,-3380,-4177,-2804,-3081,4587,11833,-477,455,2839,8495,-475,12770,1515,6659,-475,12770
11/4/2024,1618,4273,5242,440,3352,5242,4633,3824,5242,635,4527,4002,-390,2473,7035,690,2323,5787,619,1143,4401,2620,-3520,2599,332,3788,1570,2620,-776,-3968,500,4599,4314,440,3352,4314,1085,3892,4314,79,4209,7268,-390,2603,7243,690,2323,7610,985,491,1299,2620,521,-19096,870,491,1841,2620,70,-19606,6302,9702,5793,4364,5825,9702,3760,3060,1424,1054,-1285,9579,-805,6015,-4676,25693,3874,7988,-4676,18986
11/5/2024,450,6483,3393,670,6824,3806,2411,8699,2281,-110,6700,3655,645,2084,-2470,305,3641,-513,4320,17144,-3823,3305,7341,-1701,4255,-2315,-4425,3315,7441,-3688,450,6483,3594,670,6824,3756,2411,8699,2231,-240,6019,6596,645,4184,-1788,305,2904,986,4320,19652,-11560,4644,7051,-952,4255,19652,-15519,3315,7441,-952,5427,2610,5507,3423,7250,1898,5257,2610,8201,-6114,8742,3089,15498,522,13163,5172,4429,-5595,13163,5715
11/6/2024,670,-524,1354,805,-627,-709,805,-524,1354,670,461,1059,-1070,-3913,-6462,-45,-3850,-701,831,-2274,-1537,3190,1584,29281,-160,262,-533,3380,1325,-4325,670,-627,5830,805,-627,5597,805,-627,5597,605,1735,4396,-1070,-5388,-10949,-45,-470,6106,1080,196,9036,3380,457,-10703,530,196,9215,3380,1584,-10703,-94,1537,-168,-86,542,1537,-1076,-86,-3492,-6468,-1513,3761,7430,-2584,-865,10619,-970,-1076,-865,-975
11/7/2024,-500,-1490,1510,-710,-2320,2059,-710,-2325,1510,-500,-625,2981,190,-1723,4331,615,-740,18467,2778,5763,10618,2089,537,18174,-185,246,-1596,1844,-161,-746,-500,-2435,2432,-710,-3685,2981,-710,-3685,2981,-730,-1297,-577,1290,-52,4507,615,-740,18849,2859,6114,13606,1182,1700,-746,2849,6114,14167,1844,3130,-746,-1515,-5312,-2575,-1379,-2815,-5312,-2270,-1379,215,-844,-810,7747,1630,2831,4189,-1678,365,-2574,4189,-1678
11/8/2024,987,1662,2577,-1045,372,2577,85,372,2577,477,-368,2577,1400,3483,-278,4305,1164,13139,1845,1074,13685,-531,285,-4694,2700,877,-435,-1845,285,-2813,477,2028,2577,230,738,2577,260,738,2577,-835,183,5155,3060,15034,16575,4320,1945,15619,3120,6962,26450,-1197,285,53317,4220,6672,26693,-2730,285,53500,9783,791,6621,791,5521,791,4882,791,-2080,-4525,-3205,10937,-1506,16247,1079,4617,-5000,-5795,1079,6647
11/11/2024,-535,2045,13118,-235,2344,13118,-190,2930,13118,-535,1220,13549,2220,2164,-4790,2385,866,4834,1900,2220,11789,-1005,8355,978,1270,4348,78,-1055,6364,-1864,-535,2045,13549,-235,2344,13549,-190,3046,13549,-260,2806,6503,2220,2363,1502,2385,866,4834,1900,3386,11789,-138,9218,55686,1270,3386,12321,-1055,9218,56552,7267,6633,7316,6373,6789,6633,6503,6373,1390,2185,730,847,3487,3318,9044,-5671,2156,4995,9044,-6542
11/12/2024,2547,4510,5495,2946,4431,3141,2945,3919,5810,2215,4610,1762,740,4017,11049,1470,2946,8602,1425,4073,14494,3020,2929,-4999,893,-518,-255,2932,3683,-2506,2547,4510,6413,2946,4431,3780,2945,4170,5045,1945,4244,-541,740,4482,18430,1470,2946,9278,1425,3831,11015,2932,3704,17860,1220,3831,10729,2932,3618,13370,3848,426,3845,2937,3778,426,5125,2937,661,6240,-979,-951,505,1078,-1912,-4675,-1075,-2990,-1912,-6240
11/13/2024,575,2458,5424,490,2825,4990,610,2458,5040,575,5035,6721,5,2552,3608,-490,841,-5620,-50,-1515,-1157,-430,-1980,-2660,-475,295,3756,-430,-609,-4515,575,2825,7334,490,2825,7317,610,2825,7317,1035,4069,5856,55,2510,9104,620,12,-7838,-50,-323,-9984,-430,-1459,-54774,-345,-323,-9670,-430,-1980,-60615,669,6468,443,5746,475,7214,933,6794,546,-384,-3276,-5892,486,-2861,-4225,-5159,360,5286,-4225,-7098
11/14/2024,-221,655,2265,340,-737,-3521,-46,-1242,496,-75,423,-4925,80,1856,-6874,550,2968,-4079,809,2602,-213,800,7050,12319,751,1764,6307,800,4025,11101,-75,655,2163,340,-737,-939,-46,-877,-969,-555,-4515,-9267,80,1856,-13574,550,2968,-1024,809,2448,1113,800,7050,32472,751,2448,548,800,7050,31257,1058,-7324,320,-4672,912,-7324,320,-4672,-173,-4610,-1263,-25,-1048,-1931,-528,4600,-682,2864,-528,4600
11/15/2024,2005,7750,7582,2895,5178,8059,4253,3720,7728,2030,7245,7954,675,-1274,-5575,740,6564,-5057,1075,2851,-2974,2000,1409,-3820,665,1609,-1309,2000,5220,-5634,2005,7349,8097,2895,6008,9637,2718,5682,10241,1895,5620,5084,675,-1274,-4092,740,6564,-5700,1075,3907,-2633,2561,-1302,-24860,665,3907,-1530,2000,1409,-27488,3854,4818,2488,4648,3914,4818,1378,4233,-1040,-7210,753,-6777,-518,1516,-831,2393,-2104,4539,-831,4439
11/18/2024,440,-2731,-4259,320,-2875,-5555,-315,-2876,-4259,440,-2290,-6290,710,-2486,-6164,785,-1765,-7405,1010,-2076,-7445,1025,-2215,-869,700,-781,-1146,1025,-4495,-3768,440,-2889,-6937,320,-2889,-7439,-315,-2905,-7439,-2050,-3910,-7980,710,-770,-10959,785,-2540,-20165,1010,-1130,-16805,1025,-3961,-19273,700,-1130,-16805,1025,-5820,-20310,-4760,-5925,-3169,-5925,-3968,-5925,-3095,-5925,469,-2153,-1765,-5213,-4924,-3121,930,-1380,-212,1732,930,-1380
11/19/2024,140,-42,1517,-1045,275,1010,-606,-42,1517,140,-418,1259,-595,-4310,-6048,15,-3335,-1684,-451,-3950,-7440,1230,1345,-2622,-465,-2155,-4435,1370,1925,-3687,140,275,1517,-1045,275,1259,-445,275,1259,560,160,-690,-595,-5060,-3035,15,-4480,4163,-320,-270,4085,1370,-169,4973,-465,-270,5000,1370,1345,4973,368,2107,-1465,3267,-1786,2107,-555,3267,-3975,-7410,-4175,5628,3070,-9018,180,968,-3190,-5675,180,1537
11/20/2024,-310,-900,6961,-305,1059,4330,-619,-368,3612,190,1290,1566,-85,9682,7676,-300,2312,1310,171,-1309,-3294,-5,-4593,18578,236,3189,752,-5,2676,18883,-310,670,3913,-305,39,1055,-619,964,4362,300,1375,200,-85,2100,7794,-300,2630,-154,171,-60,-5288,658,-11014,17153,236,-330,-10029,-5,-7556,15921,-2889,-1455,-730,-351,-3408,-485,-3455,-351,8032,-406,-2390,-5752,-1454,-4406,-3434,-1957,-2792,31,-3439,-641
11/21/2024,810,578,-3254,280,578,-416,-325,438,-3254,205,578,-4134,270,4464,-860,1935,4372,1431,1249,2385,-5878,2765,-4283,-5885,960,-1990,-2554,1405,-3615,-5305,810,578,-3839,280,578,-3374,-325,438,-3374,70,995,-3571,270,6653,4416,1735,6730,-3562,1000,4617,-3917,1405,2139,-4957,1045,4617,-3004,1405,2175,-4018,-965,-4403,-965,-4785,-1936,-4403,-965,-4785,7236,-3667,7363,-1843,2161,-6841,-2560,-6475,-677,-1699,-2560,-7460
11/22/2024,1045,2485,-3250,1375,-1105,-1479,1375,2048,-3250,945,-2156,-3606,1205,7080,15391,1670,5535,11529,3110,4779,17584,1570,2370,3098,1580,4604,4138,1815,2570,6535,1045,220,-3217,1375,70,-1815,1375,-1240,-1815,750,-2245,1930,1620,11113,17401,1670,6465,13382,3110,9250,25004,1815,1395,31828,2815,9250,26180,1815,2370,32510,289,2397,181,206,1003,2397,1217,206,8617,18066,5791,9136,6952,13907,7899,3116,3741,4138,7899,5575
11/25/2024,465,865,-3630,305,-730,-1148,305,-1991,-3598,465,-610,-4736,455,2133,4656,300,-540,-2740,-30,149,4634,-660,-4248,-4092,1406,1420,-1850,-1165,-920,-2541,465,-610,-11173,305,-730,-11053,305,-780,-11053,-1595,-4600,-13135,455,2133,4400,300,930,-990,-30,4375,10748,-1165,6102,14753,140,4375,10611,-1165,6222,17228,-733,-5164,-2030,-5955,495,-3465,-2020,-7040,4477,1808,2916,-2441,5723,1117,-1759,-5468,2039,-1910,-1759,-5630
11/26/2024,-355,2093,6312,-170,2678,6038,-165,2498,6823,-330,242,10083,-50,2900,4489,-290,1184,442,-1015,2463,7686,-755,-3844,175,-955,2295,4750,-1013,-4163,970,-355,2093,10472,-170,2678,8740,-165,2498,8740,-345,2063,10803,-50,2900,9741,-290,1184,7968,-1015,2753,24503,-1013,-8967,17877,-955,2753,24793,-1013,-8677,18167,-1350,2089,-424,1025,-1350,2089,-435,1025,363,3706,-1030,1935,2880,3880,-3355,3872,1510,144,-3355,3872
11/27/2024,195,1297,7508,-235,1683,9742,-190,1297,9182,340,1890,9586,-305,-3705,858,-1075,-2665,-7035,-945,-2556,-6589,499,-6000,-5985,-1455,776,584,-415,-3870,-2763,195,1683,8792,-235,1683,10375,-190,1683,10284,110,1943,10152,1640,2619,2447,-965,-4265,-3759,-660,-3380,-6487,332,-6059,-5660,1275,-3380,-5484,-710,-5865,-9660,-2424,1646,-2070,1267,-2424,1646,-570,2906,-3428,-6212,-3485,-4916,2023,-4393,5038,-4881,-1090,-186,4953,-6439
11/28/2024,1790,5215,1050,1605,5215,1050,1710,5465,1050,1465,3765,85,2985,5140,5384,2960,6495,7505,5425,9105,10710,4000,5240,3830,5015,530,2999,5635,4505,4500,1465,5215,-365,1600,5215,-365,1680,5465,-365,-410,4155,-365,3060,7885,14695,2960,6495,7505,5425,9105,10710,6465,7760,6055,5780,9105,10710,6465,7760,6055,2145,-960,2145,-960,2145,-960,2145,-960,1035,-1550,4960,585,2270,-642,5825,1090,-780,-2180,5825,1090
11/29/2024,-485,5030,1237,655,5030,-620,2402,5030,1237,-465,4035,-620,2620,690,2440,1960,6005,6945,5040,3723,13255,6995,90,2259,5345,-1205,3863,7020,90,1024,-485,5030,1237,655,5030,-620,655,5030,-620,-795,3245,-620,2620,3450,10075,1960,6005,6945,5040,5340,13812,7020,-910,3205,5345,5340,13863,7020,90,5617,4675,-2627,4675,-4660,4675,-2627,4675,-4660,-2115,-1465,2420,1605,4620,-60,1190,2919,-2800,2670,1190,3594
12/2/2024,-50,1829,1612,605,724,161,315,3739,1612,-525,1515,-1224,2600,1973,-4183,2260,-1515,2410,2340,-2977,484,3090,-920,-2677,2255,1421,-2706,2980,-3713,128,-50,953,2170,605,1011,-1307,385,1011,-1307,-675,-270,-4640,2600,2592,5714,2260,-1450,5884,2340,-3732,4201,4176,-920,189,2120,-3732,2757,2690,-920,189,4167,-1286,363,-5020,4530,-1286,181,-5020,4409,-90,-2101,-5,3467,655,3983,-4919,158,-5830,3983,-4679
12/3/2024,920,-1677,2406,1255,-1349,1479,1280,-1465,2406,920,-304,3275,215,-3905,-3170,225,-3303,-1728,-1270,-678,1796,290,-1417,5302,300,-2115,-2879,215,-1417,6424,920,-1349,2867,1255,-1349,3275,1280,-999,3275,1270,-395,2711,215,-8670,-22100,225,-6245,-7563,-1270,-4573,-5313,215,-1417,42718,300,-4573,-4815,215,-1417,43304,70,1902,565,1944,408,1902,665,1944,-4130,-6355,-1692,-7113,-3660,-1804,-2190,-986,-5137,-5780,-2190,-5795
12/4/2024,-470,-3422,-2188,-335,-3095,-2885,-335,-4337,-2188,-310,-2815,-2010,-1890,-3056,-6954,-1340,-2315,-1223,-1220,-4379,-212,-700,1030,13579,-1125,470,-755,-560,-55,15278,-310,-3085,50,-335,-3095,1323,-335,-4280,1323,60,-1088,-2650,-1890,-2933,-15023,-1340,-2315,-1132,-797,-3465,1820,-560,-2102,18719,-1550,-3465,5091,-560,1030,18719,-4199,-5023,-2910,-1611,-4480,-5023,-3470,-1576,-4180,-7499,-3975,-2068,-2091,-3887,-477,10224,-1601,-990,-477,11887
12/5/2024,140,-3695,-5355,205,-2460,-5355,205,-2460,-5355,140,-2010,-5955,-335,-2281,-6396,-1080,-3410,-7975,-150,331,-7246,50,-3060,-3073,330,-2475,-2518,-40,992,-5151,140,-2690,-8320,205,-1985,-8320,205,-1985,-8320,-825,-1970,-6015,-335,-1255,-15961,-1605,-4120,-9375,-150,850,-12339,-473,-5854,-11911,330,850,-14552,-130,-5265,-11911,-3495,-2901,-2883,-114,-2245,-2901,-1802,-114,-4275,-7327,-3551,-3242,-4005,-5843,-2855,10113,-1350,2921,-2855,7702
12/6/2024,1420,1332,-2071,580,-2805,-3485,-575,-123,-2071,1485,-1474,-3485,1335,3734,5915,1254,3687,8700,1460,2722,7180,885,872,3275,1305,2665,-1644,950,418,3689,1420,-1620,-2548,580,-3840,-3485,-575,-3840,-3485,-80,-1969,-2820,1335,3734,7367,1254,3687,12886,1460,2722,16113,-405,218,19708,1305,2722,16113,950,872,20598,-132,-1403,-1100,-1575,-412,-1403,45,-1575,1838,2968,3533,3333,5520,2213,5432,2320,-3544,-5740,5432,2320
12/9/2024,972,-144,-203,1280,883,55,-241,-676,1117,1202,145,-123,1672,-3425,-5024,3540,335,3666,3027,-2443,5019,4340,4049,7952,2682,-981,-1275,4340,-3896,8158,972,-870,-203,1280,1355,487,560,335,1482,-5,-2550,-1331,2615,-2355,2419,3540,1262,11222,3970,-570,11401,3448,3631,6754,3310,-570,11467,4340,4390,8158,-147,-1037,-2585,-1200,-2337,-1037,-1689,-1200,-1543,-1517,-3215,4320,5948,6584,7282,18234,-2322,6342,7282,15329
12/10/2024,-718,-288,-3340,425,-288,-3035,965,-288,-4030,-295,-325,-2900,-920,-2072,-6961,-1060,-1940,-9165,-1965,-4023,-7488,-370,-147,-5266,-1160,-1733,-4160,-370,-49,-6580,-295,-288,-2583,425,-288,-2041,965,-288,-1967,-150,-3045,-5694,-920,-2610,-17109,-1230,-1741,-13565,-905,-1557,-16601,-370,-1002,-3463,-1140,-1557,-15715,-370,1066,-1439,-630,-5450,313,-5450,-1431,-5450,321,-5450,-4230,-7275,-3897,-9650,-5998,-7422,280,2638,-3322,-4360,280,-2076
12/11/2024,595,-953,-5649,895,-494,-2820,890,476,-5649,725,165,-1890,1009,-4490,-6700,1314,4199,-5377,4733,4890,-7425,3298,8842,-3804,3618,2092,-4485,-885,6911,-5709,595,-40,-5336,895,-494,-4869,890,-494,-4869,495,3570,-2440,1009,2009,-2064,1314,6393,4640,4865,9108,-2500,-2084,6055,-16464,4210,9108,-2500,-885,8842,-16332,3098,-2429,3337,-3825,3206,-2429,2875,-3825,-4040,-5925,-4330,-6655,-758,-7430,-2689,293,-724,-5925,-2689,-2737
12/12/2024,604,-1545,-3003,875,-1540,-2168,429,-1425,-3003,810,-2330,-2633,1195,-1928,-4266,470,1195,-4886,-415,-4163,-5506,-395,2263,-2413,-590,526,299,745,5080,-5420,815,-2995,1322,860,-2990,3378,860,-3065,4453,-740,-3965,3591,1195,-2759,-6979,470,-705,-6725,-415,-4594,-3696,925,5394,5558,-1030,-3604,-3696,925,4530,-1040,2069,-960,3655,-960,3898,-960,3490,-960,-1904,-1503,587,-4341,-277,-4785,11795,4422,2816,2962,11795,4652
12/13/2024,-25,-3250,-4290,-990,-3250,-4290,-1105,-3250,-4290,-25,-2155,-4553,-945,-4050,-5170,-1065,-3925,-7475,-760,-1708,-5709,295,-5480,-5840,-1270,-2080,-1737,295,-4380,-7310,-25,-4285,-1468,-1155,-4285,-2689,-1105,-4285,-2689,-477,-3733,-1936,-945,-2000,-5116,-1595,-12885,-22510,-760,-8990,-16127,295,-17300,-66458,-1270,-8990,-22345,295,-17300,-66698,-700,923,-652,3958,-1031,3709,390,4048,-3430,-5940,-4435,-7449,-6550,-7479,-6285,-6915,-2390,-1727,-6285,-7070
12/16/2024,5,2551,-1096,254,991,410,219,2560,-1096,-345,1299,302,-1070,-3655,-6725,605,-2381,-5780,3750,-4190,-7498,3529,-4030,-5545,3050,-1351,-4540,2830,-4030,-5545,5,941,446,254,991,-1499,219,974,-1499,500,433,-4199,450,-6146,-9168,605,-2392,-6356,3940,-6356,-8676,1492,-3184,-20538,3425,-6356,-8528,2830,-4030,-20538,3361,3043,2462,2230,2908,3043,1644,2230,-4445,-6355,-1548,-3623,-6869,-7490,1015,-784,-6940,-2176,1015,-1192
12/17/2024,-890,6162,4635,420,6488,25,957,6149,2412,-865,3364,4158,1511,7056,5300,205,-165,3097,1515,1228,123,-85,5859,6006,375,1673,1499,-25,6427,-437,-640,3850,7685,420,5793,3590,-575,5705,3590,-935,1455,3928,185,8627,19588,205,4300,5084,905,1515,6396,828,2700,3927,350,1515,6760,-25,2675,4745,357,3550,-877,3716,1300,4328,-2909,2280,7290,7525,5615,4671,6184,4838,-2365,-4946,3732,5954,-2365,-1609
12/18/2024,985,960,3220,1125,-220,2542,427,-2141,1546,855,825,-135,571,-1920,-6965,1300,3386,-3248,1635,1951,-5572,810,2085,7691,745,2351,-1789,885,2185,8476,985,960,3715,1125,-220,3275,530,-1740,2340,65,5,3680,585,-1920,-10715,1300,2987,1192,1635,1951,871,885,2085,16658,745,1946,2108,885,2085,16658,640,2298,445,2076,-2031,1429,2745,915,-3447,-7171,1180,-6050,2765,-6081,530,3067,2420,-4660,530,2412
12/19/2024,280,2521,1414,395,1820,1744,395,-830,-1502,-180,3250,-1719,225,2278,-384,620,3305,1851,280,1530,-3421,745,6338,5201,655,2506,-1326,745,6333,2753,280,1160,-232,395,1820,-365,395,3209,-1718,-330,305,2964,225,2278,8676,620,3305,2431,280,2474,-2332,745,3992,336,655,2644,1127,745,6333,1547,3402,-1108,1405,-1521,1350,-1108,2560,-2168,4425,1595,3055,1513,3752,3986,2536,6504,-618,-3990,2521,5604
12/20/2024,190,70,-546,195,1650,-965,195,4493,-72,-275,2075,406,690,1812,-3406,440,1951,4632,965,2612,429,1020,3061,-5337,1790,1929,-325,1015,3056,-1960,190,2075,-32,195,1650,640,195,2609,5728,-380,2710,2205,690,3400,-4755,440,1951,-347,965,3475,3107,1020,2864,-10609,1790,2875,7819,1015,3056,-10624,2183,2208,10769,2103,989,2224,11004,4545,-153,-6065,980,-402,2638,642,-6105,6622,2201,-3754,-6105,6602
12/23/2024,1090,1608,1995,1400,3425,-1300,1419,1608,612,1190,2015,-2455,310,1896,-950,240,962,-7290,1622,2193,-4304,3410,3372,2925,1042,-403,-4322,3522,3372,5746,1090,3425,-292,1400,3425,-1300,1419,3425,-475,2614,1773,-1775,310,6873,11516,565,5885,7725,1622,5230,14472,3136,1388,5206,1042,5230,14578,3522,3372,6245,3157,8285,3519,6218,3157,8285,3519,6218,1400,-2790,3581,5401,254,3487,155,4173,-2997,-5845,155,7556
12/24/2024,255,-865,1760,165,-865,1760,108,-865,1760,255,-865,1760,1115,-3350,-6735,1465,-2560,-5185,1450,-4234,-6435,1325,735,-1515,1155,-2895,-4530,1135,310,-1515,255,-865,1760,165,-865,1760,165,-865,1760,585,-670,210,1115,-9060,-19225,1465,-4415,-6490,1450,-4215,-9995,109,-1926,-1515,1155,-4215,-9995,1090,735,-1515,-680,-1109,-680,2080,-680,-1109,-680,2080,-3880,-5293,-3515,-1877,-3481,-3493,1180,-1170,-2354,-5805,1180,-1170
12/26/2024,1665,1238,-2358,1350,1230,-448,1350,1238,-2358,1575,2385,-3346,3845,5939,6590,4695,8769,4659,3384,7078,355,1220,2379,-3693,3184,910,-165,1220,2379,-4597,1665,1230,-1529,1350,1230,-2716,1350,1230,-2716,-295,1778,-3161,3845,8190,7929,4695,8769,4057,3384,6360,497,1220,2379,17261,3184,6360,-1041,1220,2379,17261,524,-1490,230,-3794,35,-1490,730,-3794,12167,-7420,10647,8147,10916,10468,1019,-4236,7138,-5715,1019,-2832
12/27/2024,783,5367,5578,835,3808,5504,369,3649,4001,1695,5188,5995,-1220,2879,927,-1170,-2950,3413,135,-856,-5565,-1120,-3768,-2269,-270,976,1359,-560,-3074,-4549,1000,2524,1077,835,3022,-39,704,1598,-39,2830,6300,3195,480,10,3297,425,-135,10565,1335,-1395,4931,-495,-2628,11544,1801,-1715,5993,-495,-5623,10189,1833,-4993,9275,-1628,200,-1444,1274,-1628,2162,8142,-1770,-725,9617,-268,-2961,-3814,833,3639,-3794,-2978
12/30/2024,1281,-1781,-4695,861,-2781,-4695,1186,-2781,-4695,1976,-885,-2131,-165,-3515,-6700,1231,-3515,-7015,-1445,-3515,-7125,655,-3489,-4915,-815,-2355,-4535,116,-3595,-7180,1281,-1781,-3078,861,-2781,-6240,1186,-2781,-6240,1621,-1250,-7337,130,-2961,-7134,1231,-2676,-22660,-840,-6391,-22094,116,-993,-26845,-945,-6391,-25730,116,-4685,-30890,544,2531,544,1271,1219,2531,1219,1271,-2225,-6255,-2350,-6290,-1196,-6305,-2134,-6300,-3315,-5855,-2134,-6300
12/31/2024,515,-23,-3320,185,1512,-3329,-481,996,-3320,580,1075,-1413,415,-510,-6930,1750,2365,12352,2645,2609,12413,1355,3400,8971,2610,510,-1600,1355,3400,10352,515,1075,422,185,1512,-4950,185,1603,-4950,560,960,-8405,415,-510,-4042,1750,3125,12352,2645,4281,12413,1267,2487,7075,2610,4281,13086,1355,3400,7216,860,6193,2405,8656,2405,7139,2405,7856,-3105,-5356,2717,11376,7365,7898,26727,20010,-149,-4275,26727,17529
1/2/2025,788,-2704,-5067,1775,-3576,-4738,326,-2706,-5067,295,-2275,-5944,1867,-635,-6330,695,-1946,-6743,1940,212,-7495,1180,1051,4984,2682,1263,1727,1180,1051,6338,1040,-3380,-7622,1775,-3576,-5740,1055,-2706,-7600,-655,-8820,-15615,1220,-635,-3630,695,-1946,-5671,1940,212,-11420,1827,1051,-28754,2035,1002,-6463,1180,1051,-23529,-2956,-4717,-685,-1159,-2896,-4883,-1734,-1159,200,-1230,445,-1961,-172,-1413,-715,6041,-877,2656,-715,6041
1/3/2025,865,-3964,2969,405,-3965,6609,1594,-4139,2969,805,-975,5491,430,-2975,1939,-5,-175,8973,1025,-1248,19239,-350,235,-3542,870,27,586,-305,235,-5761,865,-3130,2464,405,-3145,2541,410,-2402,2541,102,320,2276,430,-1175,10607,-5,70,12534,1025,-665,19239,304,235,23422,870,-665,20177,-35,235,24405,-282,-27,-2058,1096,-2058,-27,-2910,1096,405,-3343,-2115,13038,145,19778,-3210,280,4358,-5890,-3210,280
1/6/2025,680,3243,2932,675,3161,5699,840,3734,4860,680,831,2987,540,316,-2550,415,-1675,-7449,610,8077,-5669,835,-2579,-5403,540,-1662,1255,965,-588,-7386,680,2405,2932,675,3161,5699,840,3734,5211,-1070,-1190,5961,540,4225,4,415,1235,-3366,610,5171,-1738,1972,-2771,-9006,540,5171,-1738,965,-2579,-7160,4242,456,4892,1043,4984,1656,2977,693,-1000,-7290,-1650,-3898,-1217,-6157,-1712,-6501,-210,-5695,-1712,-6685
1/7/2025,1505,2714,-271,1570,2270,3153,634,2202,3999,1290,2235,385,842,-3490,-4294,3450,3743,-368,2995,2564,-3053,3255,-100,4944,1623,2416,-4200,3255,0,-175,1505,2135,1399,1570,2270,3784,955,2305,3319,675,2398,1065,1580,-1642,-2427,3450,3857,5737,2995,3604,4175,3255,-1179,2739,2615,3604,6846,3255,-100,3612,1206,-640,290,5540,715,1643,1250,2161,-3940,-3129,3417,-1478,651,10513,2117,725,313,-4075,2117,725
1/8/2025,1315,7040,10484,2370,8284,12288,2219,8058,8911,865,7372,9108,3370,3332,12339,1055,6663,16673,4865,6866,9630,1205,4630,1898,4650,2866,3778,1205,5417,6438,1315,6780,10484,2370,8284,10863,2219,8013,8142,1230,5798,6397,3370,3332,18022,1055,6663,16779,4865,7647,18519,1205,3584,13079,4650,7647,18824,1205,4630,14783,3648,5015,4086,4783,5925,3025,2964,-272,7527,19843,6720,17638,11989,35392,8853,17617,9821,9361,8853,17482
1/9/2025,0,0,0,0,0,0,0,0,0,0,0,0,0,0,0,0,0,0,0,0,0,0,0,0,0,0,0,0,0,0,0,0,0,0,0,0,0,0,0,0,0,0,0,0,0,0,0,0,0,0,0,0,0,0,0,0,0,0,0,0,0,0,0,0,0,0,0,0,0,0,0,0,0,0,0,0,0,0,0,0
1/10/2025,655,455,123,690,-1058,-36,2078,450,2485,185,455,1021,230,1220,6326,890,-2246,-2141,975,1229,1273,195,-2550,-5217,1365,1326,38,195,-1510,-4360,655,455,123,690,-1058,-36,2078,742,4050,221,-270,-1765,230,1220,8740,890,-2650,-1130,975,-2771,1273,195,-1134,-4226,1365,-2771,-2709,195,-4870,-6029,535,2635,891,4065,1584,4433,535,1741,516,7251,964,1357,-1094,-277,-2325,-5712,3367,2046,-2325,-5712
1/13/2025,85,-1889,-5304,80,-1889,-4990,-365,-1889,-5304,85,-824,-5616,1325,-1141,-4553,1120,-2199,-6387,1833,-51,-7421,825,80,-3980,1693,-1834,-1751,820,-220,-6082,85,-1889,-4175,80,-1889,-3332,-365,-1889,-3332,85,-1420,-3882,1325,748,-15174,1120,-2199,-8448,1833,-99,-8819,825,7289,-4309,1693,-225,-8433,820,531,-4973,-1445,-406,-1133,-312,-973,-406,-1133,-312,-3422,-5384,-2185,-2713,-1858,1917,-875,2925,-2592,-1900,-880,4466
1/14/2025,270,812,6208,170,1220,2768,1943,1408,1661,340,795,6943,160,7667,7371,1085,7732,10371,1795,7665,13535,375,5329,12006,1785,2473,235,375,3236,9407,270,795,6208,170,1220,9301,1972,3208,8357,1000,600,4703,160,7667,13827,1085,7732,14225,1795,7739,20180,375,4644,4053,1850,7739,20635,375,6985,2131,894,3498,1327,5862,1684,5123,155,5857,3873,5207,5270,13690,5209,9266,4060,-4618,4415,1623,3670,-4618
1/15/2025,1090,6378,4454,859,2925,808,1247,2353,708,1505,2222,-409,980,-1399,4605,1145,5109,12642,680,6660,28212,950,-202,-2443,690,-455,7181,950,-202,736,1090,4055,4454,859,3948,-89,1247,3822,-189,2608,4543,1716,980,4845,14976,1145,5109,12952,680,8065,31257,950,-202,66208,690,7675,31257,950,-202,67064,1304,-773,1804,-592,1133,-773,2277,-592,2485,-5810,6615,11047,8443,4636,3819,-6553,7211,-70,3819,-5067
1/16/2025,345,5667,-4005,285,-851,-789,285,5451,-413,620,-1379,3822,45,905,5290,640,3730,32,835,4333,4660,785,4002,7513,725,2555,3290,785,3228,9166,345,-1379,-5398,285,-851,-5741,285,5580,-6091,-505,-4184,-4452,45,905,5290,640,3730,32,835,4333,6189,785,2038,23043,725,3968,5614,785,4002,23043,2832,3358,-51,2775,1841,3358,-1019,2775,1867,5241,2049,8009,3256,11228,2516,14689,2876,7576,2516,15218
1/17/2025,940,917,1661,1550,917,-1905,1550,917,1661,840,581,-334,420,223,-4473,690,-270,-690,1760,-331,-2966,2656,50,8947,2400,31,-911,2656,50,8947,940,917,1585,1550,917,-1750,1550,917,-1750,-125,1477,-2040,420,333,-1391,690,-744,-4326,1760,1434,-2760,2583,1197,8947,2400,1434,-2760,2656,50,8947,-2450,-6062,-2450,-2397,-2450,-6062,-2350,-2397,-1913,-3571,515,-3790,2527,-3147,1791,1273,4535,-380,1791,1273
1/20/2025,1115,-1075,151,585,-1075,-2790,1045,-1075,2086,1115,-975,-2585,230,-180,6479,65,-220,1510,205,-1475,635,-65,-4205,-5800,105,-380,2730,-65,-4205,-7495,1115,-1075,151,585,-1075,-2790,1045,-1075,-1320,-2075,-4360,-5660,230,-180,5809,65,-220,1655,205,-1475,-80,-65,-4205,-12580,105,-1475,-80,-65,-4205,-12580,3730,-199,685,-4080,2864,-199,785,-4080,1800,6747,1690,425,2561,-1415,1260,-6210,2561,6705,1260,-7195
1/21/2025,373,-2,-5962,401,153,-4225,1005,1143,-5962,373,-997,-5014,1365,-1925,-5733,940,-3975,-6459,1245,-2389,-6108,1395,-3470,-2670,507,-2430,-4244,1610,-1515,-5589,373,-2,-6332,401,153,-7694,1005,799,-8774,345,-462,-4967,1415,-2299,-4595,940,-7895,-20034,1245,-6049,-22863,4112,-3995,-42182,1445,-6049,-22745,1560,-3470,-42524,-2729,-4724,-1635,-4492,-2441,-4724,-2097,-4492,895,-7069,-3645,-7325,-4447,-6772,20,-6200,-1620,-2130,20,-6277
1/22/2025,300,1646,-1938,315,1646,-1715,2796,1646,-4173,1335,1636,-6165,2870,-4482,-5239,525,-2180,-6553,625,-3616,-7301,-55,10812,-3603,645,-2215,3105,35,10812,-1740,535,1646,70,315,1646,-1545,620,1646,-3780,240,601,2571,835,-5587,-14657,525,-2800,-9348,625,-5265,-9650,190,10812,22976,645,-5265,-7590,190,10812,22976,3197,1081,-711,-4110,2420,1081,-102,-4110,-3393,-7480,-3195,-5011,-856,-7029,2477,991,974,4652,2477,-299
1/23/2025,-243,-2735,-1814,-76,-2735,-1980,-551,-2735,-1814,-79,-2520,12,-80,-3033,-3178,-160,-719,-974,-415,-1440,-3419,-495,2970,5139,-412,-1636,-2163,-525,4009,8817,-79,-2735,-1180,-76,-2735,-364,-592,-2735,-364,-1005,-1429,-6587,-80,-814,-8903,-160,-719,-974,-240,-531,-7186,-525,2872,33655,15,-531,-6972,-525,2970,34276,-1488,273,-1384,777,-1488,273,-1384,777,-3350,-6323,-1802,-3233,-3824,-2027,4190,12519,-1660,-1259,3940,12690
1/24/2025,1345,857,2587,-265,2530,1771,-265,1552,3616,780,-125,5130,375,-1875,-6944,878,-1325,370,573,-1758,3819,928,592,1498,643,661,-1126,928,5022,8289,1345,2530,3049,-265,2530,5120,-265,3225,4875,-1670,-1460,2184,375,-319,-2439,878,-1325,-225,573,-33,3644,928,570,22026,643,-33,4555,928,2650,22773,-12,-2339,601,-1580,688,-2339,326,-1580,-2175,-7173,116,2080,-1329,1988,8331,7557,-1086,732,8331,5688
1/27/2025,535,781,9020,625,1112,1937,230,1460,9020,25,1065,1937,1090,2399,5625,700,4836,4208,850,7324,14997,725,5947,-1530,670,450,3501,720,5947,949,535,1065,9020,625,1112,1937,230,1460,1937,750,350,515,1090,2399,9094,700,4836,4347,850,4694,14997,1844,5227,11776,670,3853,13391,720,5947,11363,4934,5368,4092,9473,3977,5368,5499,11122,4639,8574,4152,1836,5904,8286,2910,-1887,4646,1043,3670,-3507
1/28/2025,245,-2650,-5909,-205,-1371,-4382,-350,-2695,-5909,435,-1580,-3010,78,-3723,-6650,1650,1003,-6928,627,-1317,-2135,1275,-1840,-4165,1575,-2115,-4445,1275,-1640,-6707,245,-2432,-4439,-205,-1462,-3145,-350,-2477,-3145,-570,-1160,-4060,1515,-1695,-3810,1650,-510,1970,1730,-2650,9709,402,-2062,-8450,1575,-2650,9460,1275,-1840,-7383,1910,4587,2192,-3135,2192,4587,225,-3135,-1007,2635,-1105,372,-2354,688,-4095,-6090,141,-5910,-4095,-6175
1/29/2025,510,2714,12361,0,3560,9100,0,3344,9100,510,3945,10037,3285,5245,42436,825,8016,36500,3370,13794,40460,1180,10063,31157,3535,5967,16908,1180,10063,32555,510,3759,14970,0,3560,9702,0,3560,9702,718,2186,11881,3285,5245,43907,825,8211,43308,3370,13794,68376,1180,10063,67175,3535,13529,65816,1180,10063,63365,6507,10898,5927,12567,6068,10898,3713,9990,8409,31232,8308,35077,12383,41409,15552,28075,9136,10476,15192,36480
1/30/2025,1042,5239,8764,15,1951,1104,2676,4614,8412,-40,-613,12491,990,3710,6554,1040,5206,1904,1760,6054,2922,1345,4393,5322,1885,2997,3410,1340,1174,17369,-40,2429,14267,15,2053,10160,15,2402,10409,370,1316,6850,990,2899,9009,1040,5206,8029,1760,4988,3280,1345,7185,40992,1885,4983,6720,1340,6603,41668,6115,13931,3703,14418,4924,17843,2088,10948,2857,10185,6348,8683,4272,4929,12294,-396,2331,9297,12294,-2527
1/31/2025,545,-209,-4195,385,-289,-4195,340,-294,-4195,160,-209,-4605,690,-2858,-6717,-220,-3825,-6113,660,-2376,-7498,-585,-1840,-1255,319,-1634,-1078,-435,-1340,-1255,545,-209,-4195,385,-289,-4195,340,-34,-4195,-550,-1570,-5030,690,-2110,-13230,-220,-4285,-15870,660,-2300,-22296,-425,-222,-1255,422,-2305,-21315,-435,-1840,-1255,-1401,-5510,318,-4460,-795,-5510,233,-4460,-1504,-7262,-2504,-7445,2049,-6899,3150,-1605,-159,-1174,3150,-1605
2/3/2025,2663,4988,7340,805,5877,11013,330,4988,4793,1010,5877,12218,2790,6401,20175,3695,5716,21850,3245,8499,14521,1860,9582,30969,3380,7890,8848,2120,9582,28503,1010,5877,7603,805,5877,8838,330,5877,6169,455,3798,4292,2790,6401,21066,3695,5716,22140,915,8499,22610,5182,9039,42705,1050,8324,23787,2120,9582,43828,6075,3542,5121,11608,5119,1878,5066,8118,7401,12848,7195,10146,4821,4316,-2563,-1355,8296,3422,-1263,-1355
2/4/2025,-440,2346,8863,801,2350,9111,986,2156,8882,1295,3686,10515,980,5301,6584,2360,8510,19850,1750,4260,25315,3800,6573,15502,2035,6425,9919,3800,5870,18677,1295,3686,11203,801,2350,12211,986,2350,11784,2224,3115,9841,980,6383,9625,2360,8510,25500,1750,7661,30313,3800,6137,29769,2035,7266,34360,3800,8261,32302,3649,6889,4660,3218,1848,5941,3555,5184,4128,8083,10132,15560,7263,14380,5742,11210,3985,5404,5742,13635
2/5/2025,540,1822,1072,-190,1375,1208,-35,1822,1072,760,2400,3454,215,-4200,-6290,1805,-3100,-2432,1440,716,608,2155,4821,1959,1485,-1995,-2390,2155,960,5140,540,275,1432,-190,275,1568,-35,275,1568,955,804,-217,215,-2830,-2500,1805,-540,11259,1440,-320,8302,1621,5591,25498,1485,-320,9686,2155,5591,27056,4384,548,360,1313,360,548,3709,1313,157,-6495,1230,2437,50,6758,6392,4756,-1480,-2140,6392,6118
2/6/2025,59,3672,5122,1975,2505,2421,2289,3001,-420,-141,2809,5426,555,3679,13312,440,3281,7309,1035,4284,13754,860,-1311,7242,540,7445,1966,860,-1316,6906,59,3865,9015,1975,2505,7174,1497,3194,6844,1203,2684,10114,555,3679,10325,440,3281,9609,1035,4284,16118,860,-1311,15855,540,4284,16118,860,-1316,15850,4698,5370,3018,2553,5201,2275,2883,5119,7650,14394,-282,8455,3452,14441,1718,3480,7646,3184,1718,3465
2/7/2025,1070,2383,-1557,823,2142,-2662,1663,586,-2217,400,2642,-918,1446,1352,-4732,1296,6329,3421,2585,2898,13525,1975,9481,-1248,2500,2823,-4180,1975,9476,506,1070,3735,-642,823,2142,-1409,1663,1377,-2059,175,1076,-11246,1446,2730,1541,1296,6329,5646,2585,3630,14530,1975,9335,21503,2450,3630,13345,1975,9476,23917,-2317,-235,-1702,901,-2163,829,-2940,274,3266,-4004,799,3915,6663,6651,7955,-2090,5877,-4175,7950,-2090
2/10/2025,1633,-2317,544,1470,-2001,-2368,1445,284,744,1573,-2133,-3698,2745,4511,5506,2625,1382,-828,485,6190,-4346,3139,-4166,-5190,1785,1494,3139,3238,-4011,-4900,1613,-3053,2279,1470,-2001,-4445,1445,595,-3455,1768,-4088,1414,2745,3386,10834,2625,1382,-3731,485,5276,-2767,5026,-1791,-51727,1785,5276,-5932,3313,-3230,-56742,4415,-4684,4231,-5307,4438,-4684,3606,-5307,9284,3575,2057,-5094,3778,-5377,-4316,-6160,8459,5092,-4316,-6160
2/11/2025,455,5581,7221,1505,6358,7221,1895,7047,7221,265,7922,9389,975,4228,14744,850,2458,-226,1140,2527,3857,515,-465,-4277,890,450,6816,485,-385,-4632,455,5581,5495,1505,6581,5652,1895,7047,5652,600,5651,5699,975,4894,17309,850,2458,-226,1140,2527,3857,385,-4117,-4770,890,2527,3857,385,-3695,-4879,4864,7652,4599,7652,4864,7652,5260,9107,9248,20122,4368,5341,4455,4703,-745,-5475,5376,4692,-745,-5475
2/12/2025,-1473,-3459,-4940,-1265,-3403,-4940,-1163,-2717,-4940,-860,-2370,-7200,930,681,-5199,1255,-3040,-7459,4680,3657,-7459,-935,-5635,-5980,-112,-2045,-4560,515,-3530,-7485,-945,-8349,-12580,-1265,-8349,-14965,-1480,-8354,-14965,-1330,-6744,-14615,930,8656,10876,1255,-510,13100,4690,381,18357,-1997,-7947,28673,4485,381,19503,360,-8430,29158,-4416,-6285,-3970,-6285,-2384,-6285,-2995,-6285,-332,-4889,-490,-6800,4779,-6710,-5250,-5652,4855,-5825,-5250,-5247
2/13/2025,-40,1346,9315,10,2226,11745,65,1832,11628,45,1430,9290,-955,-4036,-6953,-60,-1345,502,-941,-3127,-7415,710,5915,13196,-549,-1435,-4570,560,5915,-143,-40,1482,9159,10,714,11059,65,644,10990,270,-300,6145,-955,-3182,-6749,-60,-1345,2690,-810,-921,605,848,4085,-936,-595,-1131,1945,560,5915,193,-730,4402,-730,4569,-730,4402,-403,4569,-4387,-6514,-1428,-1542,-4184,-3757,10581,3485,-320,-5795,10581,4694
2/14/2025,-90,-1026,-5921,-435,-2794,-3780,527,-2989,-5921,-5,544,-5310,-105,3671,489,225,1200,-1999,1101,2692,-1260,888,1901,6061,1076,3731,-3055,5,1728,11706,-90,-587,-2368,-435,-2821,-1195,-435,-2821,-1195,-440,-2550,-1815,-105,3492,-8943,225,1950,106,1158,3068,-1345,5,1901,-2197,1120,3068,-2668,5,1901,-2197,-2718,-5833,-2570,-3142,-2683,-5833,-2375,-3142,63,-4494,491,1571,-1177,-3896,-2000,11200,-3129,-5885,-2000,11897
2/17/2025,495,1325,-410,-225,1325,-410,-225,1325,-410,750,-370,-410,1970,1795,7845,2450,1505,5765,3685,2960,5510,4015,1385,1415,4285,1305,880,4740,-80,1475,750,1325,-410,-225,1325,-410,-225,1325,-410,-745,1075,-410,1970,1795,9555,3215,3320,9240,3685,6630,11820,4740,5190,15920,4285,6630,11820,4740,5190,15920,-318,-3010,140,-3010,-318,-3010,460,-3010,-178,3170,-765,-125,-895,-2510,-5860,-5850,199,-900,-5860,-7225
2/18/2025,190,1293,6505,1365,1755,5944,1193,2560,3441,180,934,5710,990,1449,1825,1189,1820,6504,1530,918,4076,1130,6372,-3917,930,1404,3895,1130,6372,-6468,190,1609,8881,1365,1755,9669,2035,2785,9664,2270,1095,4384,990,2543,12826,1189,2280,8775,1530,2040,17437,2812,6372,16939,930,2040,14963,1130,6372,11621,2498,5674,1439,10090,828,7450,456,9109,3266,5035,600,11286,4196,10178,548,-4595,1843,4927,548,-5619
2/19/2025,-1332,4327,-5782,3670,2190,-4380,3264,2363,-5782,3190,4307,-6400,3150,1567,2015,2275,6485,17995,4310,8094,9733,8860,9355,-3967,2622,-2950,-4560,6655,9547,-4077,3190,3032,-7630,3670,1210,-10520,3670,925,-10520,1005,1667,5555,3700,9696,14933,2275,7745,20706,4310,15110,23133,6655,20379,22375,3920,15110,23133,6655,20808,21945,-1278,-5948,75,-3317,-93,-5948,-97,-3317,631,5215,-3990,2747,-4121,4055,-5248,-5523,-4840,-5915,-5248,-5443
2/20/2025,-420,-2031,-5787,-465,-2065,-5105,-465,-2031,-5787,-420,-2335,-5470,65,554,-4883,171,-1400,-6348,1610,-1514,-5106,485,-5482,-5079,-20,-1970,60,475,-3285,-7334,-420,-1396,-5509,-465,-1396,-1994,-465,-1396,-1994,-715,-895,-3476,65,-1122,-12070,171,-878,-17618,-405,-4211,-18087,485,-6520,-10203,-20,-4211,-22029,475,-8500,-14962,-1484,-6140,-4305,-3476,488,-6392,-3310,-3107,485,-4611,-4293,-5970,-4726,-5872,-4460,-5900,-2635,-633,-4460,-5900
2/21/2025,810,3702,12058,1215,4856,12121,1395,3565,12243,1620,5755,11574,-385,-1485,-5615,680,6122,-4141,662,2927,-7468,2585,-884,22198,447,2023,-3460,650,-884,4714,810,5160,11921,1215,4856,14126,1395,5284,14481,2080,5492,12056,-385,-1235,-20995,680,6122,-1599,835,6956,-9603,216,-2404,3653,620,6956,-5898,650,-884,3911,4145,9350,4474,9811,4070,9350,5843,7263,-3550,-5760,6340,-7372,2258,-7079,3470,5104,-1984,-3655,3470,10081
2/24/2025,585,2183,2632,785,3909,769,134,3248,5836,990,3627,1831,805,-1888,1709,630,1072,-1132,950,-2992,-7918,855,545,-5989,705,144,2311,855,1781,-5875,585,5120,6,785,4295,1805,610,4230,3115,2368,7457,4315,805,-484,15884,630,1867,-206,950,505,-5275,855,-2818,-9405,705,1540,-3642,855,1080,-7002,1222,9971,2865,7276,2297,7553,2925,9965,-2124,4219,135,2026,-2615,-2981,-3223,6236,-188,1577,-3223,4146
2/25/2025,1150,2084,8599,1655,1832,5089,1375,2192,6464,2120,3035,8884,1045,7706,27254,615,3100,14354,900,6063,22504,745,6426,18475,860,7349,6022,745,6421,9725,1150,2464,8599,1655,1832,5089,1635,1820,3984,1735,1670,4491,1115,8099,26944,930,5924,20427,900,7021,29769,745,6364,14044,860,6895,25513,745,6391,12884,4093,8549,3905,7235,4131,9205,8299,6091,12555,25318,5897,19511,15154,17140,5738,5191,10677,1252,5703,3036
2/26/2025,800,3975,10230,585,3093,10760,745,3961,10677,730,6611,9860,655,454,979,1235,935,-1816,1495,1971,10525,1025,1530,-5949,1170,3430,-1567,1025,1530,-7495,800,4598,10773,585,3093,10760,745,3128,11505,1860,6428,9214,655,2490,7655,1235,1395,555,1495,2078,2222,1025,322,-14666,1170,2078,1925,1025,1530,-14270,4204,4615,4525,11428,4025,10557,4525,10478,2198,-660,1245,-6694,6138,-5593,601,-6227,2298,-1153,601,-7484
2/27/2025,470,1360,4068,360,2591,4209,1478,3489,4312,925,2238,6949,-255,555,447,580,2527,4617,600,3320,2819,2705,2697,7109,520,3107,3155,2685,2697,4194,470,2506,4366,360,2591,4209,330,3209,4445,1865,1888,5663,-255,555,-824,580,2527,4617,600,3320,2979,2705,2697,4090,520,3145,3802,2685,2697,4194,2095,9111,2260,157,1810,3677,2495,428,-3392,1158,-1271,2674,-1515,11274,915,5593,450,2901,915,5593
2/28/2025,-255,886,11617,-155,1295,11137,-205,419,11697,-255,1650,11212,215,2478,7576,275,623,3912,-270,-13,19468,-70,-4721,-4094,-360,-1316,3196,-70,-2681,17707,-255,1385,11617,-155,1295,11137,-205,1135,10967,1255,5257,10710,215,2478,7589,275,623,3912,-270,-1616,19468,-70,-6346,3568,-360,-1701,19321,-70,-6078,12296,2081,8557,1940,8781,168,8078,1215,4786,1458,2413,2518,4005,17443,4619,18091,1157,1053,4794,17436,1377
3/3/2025,1415,2637,-5717,1380,2975,-1399,606,1619,-5650,1305,2640,-6363,1510,6150,7045,2190,7030,12164,2045,6379,11622,2025,6305,3210,1905,5605,4492,2015,6135,1749,1415,3225,-5418,1380,2975,-6140,1355,2410,-6515,910,2855,-157,1510,6150,8084,2190,7030,12164,2045,7505,11622,2025,6146,1567,1905,7170,9987,2015,6135,-163,1273,-6519,-1115,-2390,-1030,-2307,270,-2695,4715,11400,5100,16137,4365,13050,4315,5389,4200,167,4305,5389
3/4/2025,860,1171,4339,845,725,4541,920,4031,5144,860,620,2861,-245,1235,2531,790,2698,-195,3345,5874,11178,1005,2525,-1327,1925,-1775,-767,1005,2525,13824,860,735,4339,845,725,2986,920,830,2696,2560,-95,1991,760,1135,7823,790,2698,6600,3345,6265,18713,1005,3302,40750,1925,5730,15201,1005,2525,40259,2215,3291,1105,6144,3880,4206,1345,6364,-11,-735,-453,4655,2044,16173,-1337,17352,-1605,358,-1337,19042
3/5/2025,575,244,1455,915,2741,7270,1250,563,2720,575,2048,2397,1240,3622,-3115,2000,1170,5156,2775,429,-5865,2470,1571,12391,3110,1881,-590,2465,-934,31318,575,1553,2968,915,2741,6512,1250,3087,6402,505,-490,-2805,1240,3622,2527,2000,1170,5735,2775,2240,1961,2470,-640,33147,3110,1705,385,2465,1561,34491,1213,7107,1620,7891,1227,5062,2255,5311,-635,6734,1425,11820,1982,7872,8784,31246,-511,6755,8274,31860
3/6/2025,1070,3692,1969,955,4200,3175,1120,4450,2526,1488,1922,5068,2160,7808,11129,1095,4841,12872,2715,7082,5169,1080,6715,25066,3130,3334,-880,1080,6715,23367,1070,3692,1923,955,4200,3363,1120,4974,4201,1824,2182,4798,2160,7808,16291,1095,4841,12872,2715,7089,10905,1080,5228,15043,3130,6914,10667,1080,6715,17238,6085,4041,5965,5305,4072,3250,3336,7056,9693,13058,2556,8597,10895,4642,12865,14445,2356,42,12865,14445
3/7/2025,1050,3229,3845,810,2557,4570,-191,293,4665,2315,3062,6235,875,-1260,-4537,1480,1742,6622,2235,3339,8057,1130,11848,-5872,1880,-975,1260,1200,11843,-6546,1050,2962,2176,810,2557,2940,505,2933,3759,1795,4632,1630,875,-1060,-47,1480,1742,1220,2235,2455,6846,1130,11848,-12830,1880,605,6484,1200,11843,-10172,4520,7283,4837,8152,4391,6338,5946,7270,1320,2559,4925,5278,4205,10285,6681,-4226,2600,2683,6881,-4656
3/10/2025,2935,7129,12440,3445,7027,15582,2169,5945,14800,3105,7500,12952,1220,4926,-5070,1920,7392,17749,2025,8516,28263,1790,3265,43277,1920,-1285,-4530,1790,5310,50373,2935,7129,13286,3445,7027,15582,2408,6862,16627,3555,5692,12458,1220,5045,9921,1920,7392,18641,2025,10628,31132,1790,1843,50466,1920,8627,29459,1790,2243,51012,2715,9469,4140,9497,2423,9469,3285,6598,4793,-7005,6100,15231,8475,25151,13337,35608,3515,-4755,13337,36962
3/11/2025,1785,7320,14139,1660,6981,7554,2080,8826,12785,2705,6460,14109,1115,1815,11082,1315,-840,1418,3130,7154,21824,1480,494,9941,2970,1624,2754,1725,499,9871,1785,7320,11294,1660,6981,7960,2080,8826,11204,2535,7050,14155,1115,1815,9009,1315,-840,1418,3130,8291,23251,1480,-2663,12055,2970,8071,18777,1725,-1435,9374,4174,5601,3877,3628,4906,9019,5197,4188,5749,14612,1057,9404,6001,22528,-1647,11874,4735,2663,-1662,2346
3/12/2025,2533,4644,6770,1660,5730,5013,2140,6040,6823,2203,4733,6320,565,7553,21975,-145,6513,14319,335,5282,17841,465,-1924,-2083,365,4087,6239,465,-376,-2908,2533,6598,7056,1660,5730,6645,2140,5683,6510,438,2579,4401,565,7629,22342,-145,6513,14069,335,5721,15016,465,-2108,-26314,365,6034,12978,465,-1924,-27075,8928,2563,8040,4723,6802,4005,10160,4723,6776,20368,4937,13081,4622,12080,-5488,-6223,3704,4257,-5718,-6020
3/13/2025,3450,4507,5187,3370,6809,5784,1300,5385,8474,3085,3171,8019,2185,7595,9605,3285,8460,9922,4545,8005,17262,1725,13127,1528,3910,3940,-1372,1725,13127,292,3450,6541,5845,3370,6809,17020,1300,6742,12704,2920,5010,10645,2185,7595,7058,3285,8460,9922,4545,8672,17262,1725,12307,15445,3910,8310,15865,1725,13127,18726,1975,11054,2826,13947,2444,11054,3781,10596,6699,2855,7744,10814,9559,16491,7321,12389,6077,-1024,7116,14304
3/14/2025,105,3219,-4865,-175,1316,-4865,-236,1333,-4865,-45,-1489,-3463,-91,3531,144,460,4167,8952,310,6258,8429,840,690,20939,154,4829,-4100,840,690,26485,105,572,-3912,-175,-452,-5100,-315,-1985,-5100,-875,195,-7080,330,4180,399,460,4472,9528,-105,3218,9441,1805,933,40938,575,2503,9429,840,690,41575,660,1999,271,1037,785,1999,-920,1037,2884,-437,480,10114,6193,9183,6566,22027,-794,-2978,6566,22580
3/17/2025,-20,655,-3005,80,2423,5501,55,722,-3215,-20,-1699,5117,640,337,7479,-100,-1765,2655,636,-498,5611,-25,-6135,6282,730,173,10395,-25,-3355,10594,-20,2423,8735,80,2423,9476,55,2538,9266,75,3330,8956,640,68,10257,-100,-3407,2910,640,-3445,-1663,-25,-4323,-16244,245,-3445,95,-25,-4364,-14285,-311,10099,590,4736,88,9889,1156,4736,179,6417,-308,304,-2087,5405,960,11862,1413,10615,960,8606
3/18/2025,3030,5127,10653,2520,4836,4785,2815,4420,10653,3645,5396,6261,4375,7792,48491,5540,13640,26087,4855,9448,41064,3945,14413,-114,4350,9103,6536,3945,14408,-338,3030,4836,12495,2520,4836,8514,2815,4420,8514,4103,6071,8155,4375,7792,48491,5540,13640,35401,4855,9448,42200,3945,14413,30632,4350,9443,42400,3945,14408,32642,3057,6512,550,1875,2374,9068,3210,1425,15041,36463,13320,4705,6244,30578,-2614,-6332,5443,3911,-2634,-1367
3/19/2025,410,2068,-1873,395,1410,5609,515,2779,-1873,125,232,6168,415,356,292,290,877,9581,515,2541,15749,570,-87,686,700,206,-1392,565,76,2573,410,1335,4669,395,1410,5984,515,1233,5854,-1060,-1616,-3295,415,1537,13956,290,877,15152,515,3874,28138,570,8645,18280,700,3154,26875,565,-87,17059,3240,4274,1200,3977,3115,4039,3134,4082,3083,-746,3142,6222,6213,8199,6467,11982,3280,-103,5102,11142
3/20/2025,3070,2890,8239,3925,4585,10254,3315,2890,9562,3220,3915,11229,2835,3707,3081,3980,3260,4108,3520,5952,-5298,2895,1644,-1834,3560,1655,2918,2895,1644,-5985,3070,4585,8660,3925,4585,10555,3315,4585,10555,2985,3095,10515,2835,4705,14859,3980,3260,11355,3520,5485,6252,2895,2681,9104,3560,5635,7823,2895,1644,8979,5367,4865,4114,4865,3282,4865,4531,5880,8634,13977,7123,7927,11514,-211,10765,-4267,12204,8880,10765,-5555
3/21/2025,-425,1511,-5983,-430,-1418,-5706,-570,442,-5983,170,-2103,-3686,955,3759,9373,875,2448,1943,1310,3122,638,1335,60,-5195,1260,869,-303,1335,1188,-6670,-425,-318,-1107,-430,-878,-8971,-570,-878,-9191,215,-995,-3986,955,6933,15870,875,5626,15748,1310,185,14639,1335,1130,27093,1260,-2065,14315,1335,60,30503,-2534,-5609,-3990,-2784,-1515,-5538,-3370,-4807,6339,6080,3665,3590,1099,-6013,-3474,-6825,1083,244,-3474,-6825
3/24/2025,-580,2136,-408,-185,1979,-408,-385,1259,-408,-195,947,-1729,1355,-1553,-2355,1700,1531,2084,1180,19,2427,2995,1159,4107,1446,369,-2111,3560,1159,4516,-580,1133,-1983,-185,1979,-1983,-385,883,-1983,95,430,-1774,1355,2151,2139,1700,2099,12990,1180,2426,11366,3560,54,32770,1090,2426,11366,3560,1159,32770,3258,1368,3258,0,3258,1368,2172,0,-2453,-3303,-1505,1944,-349,4217,3472,3191,1136,-5640,3242,5373
3/25/2025,1230,7737,4303,1415,7254,2839,517,4988,4078,1280,7412,3230,340,3331,4423,1682,4072,963,1761,3107,6098,2776,460,-5087,1416,1290,-124,4382,460,-7466,1230,7965,2587,1415,7254,2587,800,5262,2230,1625,5293,2843,340,3331,11698,1667,4072,6891,1761,3230,7369,4382,460,-7623,1416,3230,7369,4382,460,-7623,3445,-1841,4361,1413,2620,-1841,3991,1413,1564,2356,1316,-1055,2192,2158,-2165,-6942,1876,-124,-2165,-7187
3/26/2025,-50,2413,-376,165,3002,3928,1580,2246,1667,-510,1930,4488,385,-3745,-6265,1550,6322,6788,1885,1715,-6326,-1080,-813,-3654,-1080,902,-4380,-126,-1240,-4099,-50,1995,2408,165,3002,3928,215,1453,3951,-920,165,-567,385,-416,-10737,1550,6322,7042,1885,2060,2262,-126,-1882,6614,1545,1900,1937,-126,-360,7052,1382,4053,1687,5829,1998,4020,2462,5829,1139,-6255,5986,5729,4864,-1699,9022,13069,2092,-4375,9022,15309
3/27/2025,250,4840,2263,275,3325,-3403,275,3684,2263,250,4685,-2293,0,5519,9880,1255,9508,11693,2110,7999,15473,1075,6255,1263,1845,6935,227,1625,7070,3282,250,3325,1923,275,3325,436,275,1760,436,255,2295,-3371,0,4892,11410,1230,9735,7811,2110,6417,15015,912,10530,19191,1845,6412,13209,1195,9960,15985,9809,-931,4867,-4213,5054,-931,3077,-4213,2905,12945,4688,1371,8076,17876,2164,2315,3579,516,2164,9660
3/28/2025,455,5236,4029,420,5158,4267,450,3979,5012,455,5303,5052,1570,-3605,-6715,4010,8980,15057,2527,8930,14532,5445,6960,877,1896,-1327,-608,5445,5805,3902,455,5443,4029,420,5158,4651,450,5847,6463,-355,2953,5049,1855,2755,2345,4010,9001,15408,2527,9612,15397,5420,13216,40556,3735,9612,16038,5445,15505,42331,3611,1434,4449,2346,4177,2772,1686,1640,1340,-6705,9560,14821,10352,11132,17346,26456,1654,-1513,16946,35836
3/31/2025,-60,-1645,-2979,-60,-2304,-2355,50,-162,-2979,-60,-300,-3672,388,-3685,-5207,930,-3310,-6419,1160,-4316,-6770,1217,-740,-5967,820,-2370,-2719,1467,-769,6286,-60,-1860,-3936,-60,-1815,-3451,50,-1835,-2551,-545,-1185,-3790,460,-6290,-19719,930,-2805,-16009,1160,-4010,-13087,232,-740,6018,820,-4400,-11269,1467,-745,6190,-199,-5324,-1606,-1903,2201,-1851,-706,-1903,-4173,-6945,-1894,-6977,-4520,-7247,-520,-5070,-2341,-3837,-525,-6703
4/1/2025,1410,1382,4933,1305,2003,13586,459,1300,2739,1280,983,7024,180,2668,2349,345,1755,8822,-65,391,4036,-30,1703,5292,105,-358,5626,-80,4295,4215,1410,2028,6876,1305,2003,7024,459,1943,4736,1580,4590,6175,180,3596,6743,345,1755,5610,-65,800,4425,-80,1065,-10050,105,800,5277,-80,1703,-9272,2986,276,2983,6117,3759,276,2635,6162,169,796,280,-587,1554,186,-3050,2197,-1415,-501,-3050,2197
4/2/2025,535,3520,3672,545,3605,4021,1813,2855,3413,535,2210,6657,770,-1517,-3431,535,-670,-3937,2787,-1246,-5080,985,1710,-4550,1385,-2880,-4430,985,1705,-5670,535,3520,6657,545,3605,7008,1055,3275,6918,1480,4224,6602,970,1720,6815,535,-940,3414,2185,2505,9637,549,397,-5552,1385,2040,4949,985,1705,-5670,4471,7913,4910,9587,3866,7898,4345,9782,-2313,-2145,165,548,3707,-3759,1190,4645,-2653,-5770,935,15618
4/3/2025,975,301,706,1200,2206,60,891,11158,-1845,965,686,556,480,-1734,1046,635,-360,8666,1503,1302,7727,815,3326,2694,1490,344,4077,815,3707,3659,975,759,706,1200,2206,60,930,3093,1115,300,-2145,-2902,480,-1575,1574,635,-360,3944,1503,827,7848,815,1470,8577,1490,-668,5513,815,3453,9301,-598,3231,525,712,1224,3432,481,9825,-618,-5374,1818,474,1077,-158,1511,7178,-2418,6289,1511,5238
4/4/2025,1295,3413,10166,1195,3009,5008,1062,1933,8978,3420,3578,11617,970,5703,14398,1145,3180,12902,2135,7441,19611,1445,6460,21500,1630,2820,7348,1430,6385,21365,1295,2699,10166,1195,3009,5008,1062,1331,6749,2670,4984,13310,970,5703,14689,1145,3180,12902,2135,6195,19611,1445,8264,18592,1630,5715,16106,1430,6385,21365,3719,26581,3692,22021,4159,10434,2985,26333,6567,16039,7300,15349,10652,24078,7593,17124,8660,6790,7528,17114
4/7/2025,-685,2460,3605,-675,1993,8997,-675,3694,3399,-685,1515,3955,1080,5535,9482,1500,8153,11685,650,6713,7325,4380,6913,7135,550,5703,2004,4360,6498,7125,-685,2460,3527,-675,1993,5159,-675,2092,5555,-1285,1400,235,1080,5535,9990,1500,8153,11685,650,6713,7325,4380,6913,7135,550,5703,6869,4360,6498,7125,2435,2284,2734,1537,3439,2322,4370,6190,2670,8277,4480,10515,5120,5974,5320,6109,3985,3490,4900,6099
4/8/2025,1715,5525,10217,1290,4585,10159,1735,5119,11188,4575,4380,17324,800,-470,-3311,1330,4285,2635,1470,7380,-227,890,3985,-4820,1995,4800,-251,875,3970,-7020,1715,5525,10217,1290,4585,10159,1735,4815,13055,4140,7285,15030,800,-470,-6751,1330,4285,2635,1470,7380,147,890,3985,13789,1995,6305,-2174,875,3970,9480,3644,5507,4230,6389,3915,4020,10110,21734,735,-6724,2280,-1775,4710,-5873,1695,-6905,3535,375,1690,-6905
4/9/2025,1605,2837,4621,1810,2725,3122,1295,978,3445,1825,4895,75,960,1550,6299,2805,6865,11381,3080,5520,182284,1785,8040,27762,2700,3860,5354,2200,8015,27032,1605,4534,2461,1810,3115,3945,1295,2835,1969,1620,4850,8860,960,1550,6299,2805,6865,11381,3080,5520,182284,1785,8040,27188,2700,4870,182056,2200,8015,27032,3818,3434,3128,2439,2953,2321,5163,5154,2220,4323,6074,11843,4902,12191,6243,200202,3702,4551,5948,199492
4/10/2025,1500,3705,4816,1150,4689,2829,740,3116,1436,750,4190,9796,1340,4450,10201,1035,3110,12913,1455,6027,16937,500,3270,12657,2065,5707,-2177,495,3265,12652,1500,3705,4816,1150,4689,2829,740,4320,2043,745,3019,4899,1340,4450,8660,1035,3110,9362,1455,6027,13614,500,3270,12446,2065,6002,12759,495,3265,12652,5220,4004,5390,4151,8260,5013,6618,10720,3238,3740,4490,7141,7448,13011,10555,8532,3835,1266,10545,8522
4/11/2025,900,1894,7889,340,1792,6564,610,862,4200,230,24,4504,1115,4879,9591,2065,3364,10159,1395,1213,12300,1420,4706,20861,1360,924,-224,1420,4291,19986,900,1894,8774,340,1792,7045,610,1079,4946,-195,-2760,878,1115,4879,9591,2065,3364,10159,1395,1213,12300,1420,4706,20379,1360,924,6320,1420,4291,21296,-1060,6464,1012,6834,813,6025,-1625,3429,2190,967,3705,6551,2557,7602,6035,16669,1398,899,6070,18933
4/14/2025,1765,3707,3390,1295,3713,7494,2720,2774,-1801,2585,3228,6833,964,3627,1678,1770,4011,6992,2815,3100,2367,2315,674,-2468,411,1807,3145,2300,410,2022,1765,3230,3390,1295,3713,5129,1396,3040,1347,2870,1057,1995,2040,4319,6453,1770,4204,6279,2815,4450,2606,2055,204,561,2240,3660,4877,2300,274,-4968,2551,4612,2218,6838,1585,1008,1871,11616,2197,8941,3040,11854,3120,6579,-2858,1084,2904,3652,-3008,-1186
4/15/2025,360,1058,-211,390,-245,-4532,80,553,-4712,235,285,535,1075,4223,4835,-325,260,-1577,635,713,-2989,530,3980,-4410,555,-108,1010,530,3708,-6270,360,-175,-738,390,-245,-1412,80,-360,-3347,150,-149,193,1075,4482,5393,-325,260,-3532,635,759,-1539,530,3348,-6271,555,434,181,530,3708,-10725,2125,1014,1876,-4092,2987,3776,2366,2919,4277,4882,1237,-1597,2665,-1361,679,-1806,-989,1010,-4687,-998
4/16/2025,-25,1089,-5309,-145,871,-4231,-145,718,-5744,80,1769,3856,715,-825,-6790,215,3221,6811,319,-794,5583,420,3002,7451,439,1868,126,420,1645,7134,-25,1158,-1609,-145,871,-1085,-145,1775,-1195,165,95,-365,715,-490,1910,215,3221,6811,480,447,6573,420,143,17779,600,442,5815,420,980,18045,429,1786,1191,4122,210,1786,1333,4122,1309,-6805,2760,6408,4453,-5936,2720,2766,2001,-107,2715,3061
4/17/2025,395,3931,8434,325,2965,7844,325,3161,7699,395,1655,7113,2736,4017,9170,1645,7460,8673,2600,4206,13047,1725,5608,10520,2835,4927,3444,1725,5608,10520,395,1655,8434,325,1450,6279,325,1571,6929,345,2360,4978,1430,5535,10873,1645,7460,6493,2600,3921,10674,2639,5608,10520,2835,3501,8191,1725,5608,10520,4095,9207,2800,7301,4863,9207,4247,7216,1025,1168,220,-4431,2070,5461,-1637,9837,5261,7470,-1887,9837
4/21/2025,1190,4644,9731,1685,5035,10642,1105,5742,4388,1295,5595,7665,-295,313,1445,715,3556,5088,4749,23937,17366,810,5957,-2681,818,5275,-385,1669,6224,1209,1190,5365,8914,1685,5035,7410,1830,4952,7145,1025,3374,4905,-295,775,2147,715,3556,1400,275,6945,12711,-285,9449,10308,1048,6420,5165,1669,6665,8044,3690,10711,4539,12265,3922,12252,3143,12803,-113,908,-736,-1325,2218,9592,14604,9765,1401,3812,14599,9765
4/22/2025,1500,1442,7122,1655,1520,4714,1540,1420,7132,930,1005,4573,1220,2415,7105,1335,1745,8020,955,3321,8080,1250,525,9854,910,1310,3987,1250,1525,11209,1500,1540,7349,1655,1520,4933,1540,1420,4998,2490,-15,3738,1220,2040,12177,1335,1745,8020,955,3158,16463,1250,525,7802,910,3158,16463,1250,525,7802,13566,4418,2044,3596,2890,4758,1064,3596,2376,5595,1664,6935,13453,10313,2185,11036,11506,5916,2185,11036
4/23/2025,100,-34,5971,30,-628,4047,30,-1555,3087,-370,-612,6397,1675,4755,2956,1605,2405,9388,1135,2353,230,1670,-155,-5455,1425,-1959,239,1665,235,-6294,100,-1312,5971,30,-628,4047,30,-552,3179,410,425,9436,1675,4755,4486,1605,2405,9454,1135,1013,5722,1670,814,-4111,1425,281,4322,1665,235,-3716,2997,955,2400,1419,2752,2026,5510,1419,3802,-2567,4386,3878,4859,-3372,4026,-6777,-354,-417,4026,-7483
4/24/2025,565,3258,1038,850,2910,1038,-1750,3298,1038,1189,2870,1893,1731,-3720,-5161,985,-95,-2940,2072,-3066,-7407,980,6930,1466,2332,-2650,-2956,980,3765,2046,565,2870,2507,850,2910,2507,65,2910,2507,1844,3229,520,1731,-194,-8373,985,-95,4466,2072,3640,678,980,6210,13467,2332,3640,-1207,980,6930,12902,1350,4459,1455,4459,1,4459,1672,4459,-1720,-3995,1286,-3812,236,-7493,1630,330,185,-4900,1630,705
4/25/2025,-645,-2810,-5138,-820,-2435,-5138,-740,-2509,-5138,-645,-2810,-3603,935,-2840,-7000,740,-2123,10783,1485,-1655,10549,410,65,22544,1415,-2155,-4485,410,-50,27939,-645,-2810,-1348,-820,-2435,-1994,-740,-3830,-1994,1115,-4920,-841,935,40,8405,740,1195,10783,1485,1905,11498,410,65,28261,1415,1790,10081,410,-50,30642,2594,444,3696,5547,2528,444,-935,5547,-973,-638,2705,11260,3822,13604,-130,19917,-1733,-1024,-705,27235
4/28/2025,-540,-771,-3952,-370,-455,-5110,-505,237,-2748,-540,-375,-7335,-1050,-1281,4942,-1115,-360,6946,-1250,-1564,-2568,45,-1214,26656,-965,441,2832,70,-4372,26696,-540,-375,-8064,-370,-455,-7405,-505,-255,-6336,-760,-2725,-7995,-1050,-4935,1103,-1115,-2069,-1213,-1250,-7529,-10105,70,-4417,27328,-965,-7529,-10983,70,-3282,23976,3160,6357,3134,6576,3281,8431,3234,6826,-2608,2261,-2360,6251,-3757,-1272,467,7300,-1465,5814,-1909,21068
4/29/2025,1145,-1861,-3593,1075,-1995,-2671,2425,962,-1904,1340,-1775,-3781,1010,2043,9647,985,-974,300,520,973,-2103,1175,2366,-2869,350,834,-4490,1240,-1271,-331,1145,-2235,-7363,1075,-1995,-4440,2050,-114,-3975,380,-3275,-4870,1010,2294,12286,985,-974,-109,520,-166,-6463,2042,1821,-9033,350,-356,-4300,1240,4310,-8220,1648,-4286,-305,-5580,1310,-3748,260,-5022,4136,7581,1169,-2133,729,-3892,-1785,-3347,380,588,-1785,-4937
4/30/2025,85,125,-4530,230,-139,-4530,230,1890,-4530,160,366,4375,1530,1725,3717,1080,2860,-6975,750,-253,-6780,1430,5667,25416,570,-2405,-4535,1430,5647,23195,85,266,17547,230,-139,3256,230,1366,2019,-330,1007,1746,1530,2125,20722,1080,2877,26228,750,1735,23066,1430,4779,28413,570,1715,23353,1430,5647,26392,1403,849,1336,1897,1522,1947,1526,1281,1604,4127,2636,4190,3531,4173,8634,21492,1,-4460,8629,20005
5/1/2025,250,-1093,583,-375,861,417,-215,-1562,3068,1595,1100,4747,180,1682,4979,400,1750,3674,-545,998,-2194,460,-2085,4025,-130,1850,3510,460,65,4809,250,-120,1458,-375,0,6332,-460,-120,6332,1290,2135,6392,180,2447,12106,400,816,2299,-545,-3485,5623,460,-4172,-23891,-130,-3665,-5108,460,-5339,-21676,162,4136,12083,1092,-1218,4136,1150,1092,158,6645,1730,7701,160,2719,-3949,3851,773,6454,-3949,4841
5/2/2025,-945,-294,7650,-810,-960,4004,1342,-421,8055,-1520,-635,-145,275,2528,-4968,835,-374,-4950,2880,-45,4095,3525,-1480,-1867,1265,-462,-3852,4035,-1480,1296,-1520,-960,3465,-565,-960,4165,-570,-5,4570,-685,11,2195,275,-166,-12227,835,-1315,-7085,2880,-743,1157,3370,6,19005,2510,-743,138,4035,-1480,19005,5371,7032,4285,1798,5371,7032,4232,1798,-3346,-5995,-2989,-2757,-5381,-1716,-4723,-2509,1861,-5995,-4723,-2474
5/5/2025,550,1279,1617,580,1279,-775,1445,1845,1617,550,1279,-222,938,4642,5991,965,6902,1586,695,7275,4178,1105,9049,3208,170,6083,5611,1105,9049,3208,550,1279,1813,580,1279,-37,1445,1845,-37,865,1770,682,938,6880,10608,965,7156,7008,695,5733,6229,1105,9970,3208,170,5733,6772,1105,9049,3208,1880,3768,1880,4812,2880,3768,1880,4397,-790,611,4273,5217,6903,1618,6575,-5551,10755,6923,6575,-5584
5/6/2025,60,-2795,-669,-10,-2770,-279,319,-1533,1456,60,-1780,-574,2650,7595,19751,3355,8577,25410,3935,9697,32692,2974,3514,-2024,3300,447,3448,2974,2457,3095,60,-2795,-669,-10,-2770,-279,319,-1533,866,245,-2210,-501,2650,8740,27321,3355,8577,25410,3370,10830,32676,2974,2403,22043,3300,10142,32828,2974,3647,23040,805,1544,671,931,1540,749,-54,1001,3054,17549,6517,20074,18593,10626,12727,4612,8293,10200,12957,683
5/7/2025,95,6074,18469,725,4841,16653,725,9441,18487,95,4373,18124,685,6512,14740,880,7954,30504,580,7589,35392,370,8908,14295,330,6099,8419,540,9003,25089,95,5078,19700,725,4788,21927,725,5603,21425,3595,11250,27977,685,7552,22316,1035,7318,27118,580,6478,24391,540,11272,32497,420,6478,25322,540,9943,38200,6024,14210,4402,17296,7151,16520,3980,17296,4138,19175,3572,8231,12103,16386,6110,9250,5184,4130,6105,9210
5/8/2025,230,1455,985,5,50,362,5,1615,68,705,395,-90,137,2176,8139,185,667,-4574,302,291,-1154,465,12713,-1209,-28,402,5493,590,14013,-2321,230,395,-3672,5,50,-2200,5,-1025,-6152,-575,-470,-1252,495,2176,8115,185,2205,293,450,396,3303,590,12713,-14498,245,176,-3740,590,12713,5266,-1620,694,-1450,388,-69,-1883,-1203,-122,2496,6737,1157,-3565,9719,-3333,937,-3969,1640,5569,937,-2768
5/9/2025,2405,2856,303,2255,3108,1462,2255,2936,303,2795,1594,-457,1145,4563,10751,2038,4571,7568,2025,3640,15262,2160,-1476,-5055,2030,2052,3423,2160,-2483,-7150,2405,3382,4434,2255,3108,1627,2255,3103,1627,1734,1996,-1065,1145,4563,22545,2038,4571,11828,2025,2451,17802,2160,294,4781,2030,2451,15606,2160,-1129,3420,626,-5180,367,-1646,-1113,-5180,-970,-1646,6177,15452,5024,11215,5521,21398,-830,-2208,2181,2888,-120,-7020
5/12/2025,680,-930,-4993,680,-656,-4289,50,894,-4993,680,-2300,-5825,-1440,-2310,-6630,-1415,-3858,-7452,-164,-4248,-7338,-295,625,200,-65,-730,-5935,-290,-975,-230,680,280,-6495,680,-305,-5825,50,670,-5825,-1135,-2150,-4115,-1225,550,2471,-905,-2900,-7378,530,-1660,-3977,-290,-436,2075,190,-1660,-3278,-290,625,3585,-1553,-5662,-988,-5662,-2493,-5662,-790,-5662,-2800,-5651,-4495,-7314,-6330,-7479,-5875,-5365,-6330,-5875,-5875,-5640
5/13/2025,2779,5882,6725,3089,6882,6725,2911,6892,6725,3405,5239,6725,-60,4092,-2719,3437,6113,6690,3557,10217,11393,3950,1427,-5181,3427,853,-4520,7725,118,-7144,2779,5882,7093,3089,6882,7093,2911,6892,7093,3810,5142,9584,-60,2456,9588,3437,7617,8909,3557,13796,8498,7725,3390,-22226,3427,13796,9480,7725,1772,-22226,3412,1753,2506,280,3412,1753,2601,280,3233,2217,9399,5000,13471,10070,10508,-4107,5108,-3940,10508,-4107
5/14/2025,1519,6180,15507,3495,6119,13490,3495,6090,15507,3869,5402,13530,725,11127,27491,755,10320,26073,52,12083,25868,610,1888,13298,128,6599,9789,610,1888,16118,3819,6209,15572,3495,6119,15572,3495,6119,15572,4871,5689,14358,725,12047,26244,755,10320,27556,225,12083,36458,610,1888,17586,630,12083,36458,610,1888,17586,4902,4978,5303,9568,4312,4978,5188,9093,6827,15358,7316,17071,8988,11966,10580,7808,5499,8343,10580,8013
5/15/2025,1295,280,4627,1085,280,5002,4081,280,4987,2243,-405,15355,2400,3427,995,2680,2435,4929,1843,3583,-4665,510,-3926,-3721,1595,1498,-3838,710,-1529,-2961,1295,280,4627,1085,280,5002,2106,280,4987,3570,1357,7226,2400,3475,3906,2680,875,767,2868,560,-1727,710,-3449,-1567,2595,560,-2563,710,-5490,-1567,1745,3072,2330,2118,3180,3072,2070,2118,3154,5308,-716,6914,3512,5972,-165,-4735,1856,-1966,-165,-6998
5/16/2025,100,-1614,2248,175,750,3618,230,997,2248,100,-375,4032,-330,-3618,-6953,-735,-3520,-6044,-1086,-4470,-4789,-1040,-4570,-1250,-595,-2123,-5400,-1595,-2770,1361,100,750,4075,175,750,4210,230,1350,4210,15,520,1655,-165,-9385,-17424,-605,-8125,-12829,-855,-5005,-10501,-1745,-4821,-14545,-365,-5005,-10366,-1745,-4575,-14545,-127,1317,996,2367,-287,1317,996,2702,-4345,-7172,-4360,-6377,-2723,-3249,-2831,-4100,-6100,-5735,-2831,-4595
5/19/2025,744,2403,9962,1895,3366,7825,2260,3030,10426,1310,2407,12582,-1020,-2006,-2705,55,-291,6707,3425,-151,702,-1050,-191,3778,-280,-2510,-4555,-2045,-1603,5344,744,2403,10012,1895,3366,10573,2260,3030,11053,2275,3247,12853,-845,-2730,6983,55,-911,6792,2470,-1025,8748,-1514,-869,7201,255,-1025,5553,-375,-2595,7732,2444,597,1262,228,1099,597,1694,228,-3415,-5845,890,5297,2376,2090,1635,-3445,-1580,-5845,925,-4460
5/20/2025,975,4340,2384,1115,5698,1413,1115,7175,2384,1114,934,6702,2640,754,14234,2315,2300,1372,3035,2984,3114,2845,4980,-2411,3650,2158,490,2745,3769,-2070,975,4503,12005,1115,5698,9422,1115,6972,9422,469,-955,5157,2640,920,15114,2315,-1260,6542,3115,6155,-120,2051,4966,6935,3650,6155,-1133,2745,12756,5642,6234,14816,7334,11696,7249,14816,6319,11696,1454,11787,-1761,6130,-2439,701,-5460,1035,2562,1834,-5460,107
5/21/2025,1125,142,42,845,-8,-313,335,-383,1212,955,-2065,-2555,1230,775,-3589,1240,1615,3631,1095,2765,-4444,1799,2300,-930,1075,1805,-765,1799,1550,-930,1125,142,469,845,-8,580,335,-383,785,955,-1910,-2575,1230,2265,2530,1240,855,-3085,1095,1935,-2027,1799,1210,-930,1075,1935,-1120,1799,1210,-930,351,-6184,1179,-6461,51,-6184,-73,-4991,1680,-4336,1340,2107,-1244,-1875,1785,-1700,1455,-3900,1785,-1700
5/22/2025,3388,4435,4134,2210,4435,5420,4486,3800,4134,1550,5742,4200,4136,5675,19039,1420,1805,10084,4928,8093,12145,1435,6317,-3198,1710,4521,715,1495,5214,6223,1505,4435,1896,2210,4435,4200,2210,5242,4200,1915,5895,5455,1845,5590,16535,1420,1908,15050,2090,6978,4605,3989,8822,-22625,1710,6973,6059,1495,4146,-24937,2461,2112,3773,6456,2461,2112,2283,5806,6344,16273,4917,9658,6197,8029,-1104,-3183,5599,2277,-1104,-3183
5/23/2025,565,2292,723,505,-5,139,1461,2297,723,565,-1895,3071,75,11155,-4907,660,8037,-4992,-730,4055,-4992,535,3815,-4911,565,6998,-4395,535,3815,-6293,565,980,-1804,505,1420,-2764,121,1640,-2764,-395,1235,351,280,11155,-13078,660,8037,-23444,-730,4286,-13629,535,3815,11584,770,4286,-13629,535,3815,12332,2425,1337,1489,62,1625,1337,2301,62,-4130,-6035,-4130,-6035,-3431,-6035,5725,-3279,-1345,-6000,5725,-3805
5/26/2025,550,3435,-924,3245,3395,-924,3375,-633,-924,495,3435,-8,155,6230,4369,-400,3740,-130,-470,2340,1683,-1265,-3549,-2880,-1035,4955,886,-2300,-170,-5980,550,3435,240,3245,3395,240,3375,-234,240,65,571,320,155,6230,4369,-400,4635,420,-955,3990,1683,-2595,-1435,-15117,-1270,3990,1683,-2595,-1435,-16155,-2985,-1062,-2985,-2030,-2985,-1062,-2025,-2030,-2105,-573,-3692,-4450,-4568,-2444,-5743,-5810,-1688,891,-5743,-6040
5/27/2025,1744,1662,3514,2554,1870,2221,2424,745,3514,974,2985,-5189,-1660,-3880,-6710,2855,-2780,-2346,-1366,-3805,-7104,-505,-273,-2070,-765,-2820,-4465,460,1292,-1975,1744,1915,1054,2554,1870,-2580,2424,194,-2580,953,350,-952,905,1770,7540,3350,1245,6879,5170,4075,13976,460,1129,405,3430,4075,16090,460,1192,405,3283,-3013,-160,-4464,1095,-3013,1250,-4464,-3950,-7280,-5,749,2059,8545,1675,198,-2715,-5445,1675,198
5/28/2025,-30,6279,3409,215,7684,4327,390,6521,3104,-215,2747,-53,850,6469,3628,275,2711,10713,240,-1990,-7134,245,3734,-631,450,-2145,-4085,245,-230,3665,-130,5895,-2040,215,5653,864,390,5603,559,-370,5155,-1011,850,2433,2585,275,7604,7753,1005,3677,1928,245,9730,-2748,450,3677,5113,245,10919,93,846,5789,5126,4671,2562,5789,6048,6471,6390,3276,1239,3546,5858,106,4022,1839,10417,-2060,4022,1035
5/29/2025,1775,2746,738,2855,1861,-236,2293,2994,1513,1085,1443,-236,1176,6744,15232,1570,6873,14854,2457,9595,18424,1015,4702,1934,1534,4797,124,1015,5842,3333,1775,2489,-1586,2855,2042,-4722,2539,2652,-3847,-200,-175,-4237,1665,6744,15347,1570,6873,14854,2795,9595,21007,387,2783,-1392,2285,9617,20132,1015,5882,-1392,1739,-3153,1960,-2573,3736,-3153,775,-2573,3354,16341,4623,17471,7462,15597,1993,5361,5816,1349,1993,5361
5/30/2025,309,1182,13542,260,1364,11584,1073,876,14661,815,1252,12120,290,-2479,595,-405,-1790,1912,-306,-3658,6014,695,-2471,14365,355,708,2991,255,2053,21405,380,1142,11613,260,1364,13742,1073,1095,13742,235,1820,8026,290,-2615,2535,-1445,-5285,-4084,-670,-2741,2653,-167,-6098,24979,355,-2741,6918,255,-5201,25123,1059,10291,1324,11747,811,10431,1601,10877,-2242,-5620,-2287,-3461,-941,1761,-769,12642,-1330,4118,-1159,12642
6/2/2025,-1210,-2979,-1244,-480,-2810,-292,-288,-2979,-1244,-1160,-2810,-859,-1942,-4440,-6797,-105,-4500,-4512,-500,-4943,-5397,1800,4220,4766,-1210,-2295,-2943,1675,881,8127,-1085,-2810,-2089,875,-2810,-828,875,-2810,-828,130,-3058,-1768,-1860,-11695,-19805,-105,-6825,-10247,-500,-6076,-15714,502,2626,15408,-1045,-6076,-14995,1675,4220,17175,-1647,-4892,-1505,-4602,-1647,-4892,-1505,-5152,-4050,-8023,-1500,-4326,-4400,-7347,3080,-1230,-1604,-1448,3080,-1230
6/3/2025,2094,952,3589,740,2411,2957,-661,3709,3589,955,2175,2169,400,-1185,-4940,650,1790,5849,-507,3519,7507,2300,490,6860,3001,-150,-4435,3080,-335,-4130,2094,2345,7136,1230,2345,7500,1265,2270,7500,1505,3745,8497,265,3705,4893,790,1653,5849,1265,5440,8935,2004,798,3953,1240,5440,8493,3080,490,3953,3294,4740,3290,-3084,3294,4740,3615,-3084,-1665,-7495,1526,9689,1652,6905,3070,10271,-1875,-5770,3070,18041
6/4/2025,-357,-2034,-2165,228,-3513,890,863,-2084,-2165,-357,-2438,1085,953,8703,11208,-740,9879,15248,175,9820,18664,-20,11309,-1975,145,3913,2231,-20,3354,-1348,-357,-3513,-5478,228,-3513,-5024,863,-3563,-5024,-517,-2115,-133,953,10855,24473,-740,9879,15248,175,14464,9685,-20,13187,7075,145,14464,10246,-20,13299,7176,-392,-428,-540,-936,76,-428,540,-936,11257,455,7316,3124,9330,2723,19914,-1858,5020,-181,19914,-2017
6/5/2025,1090,599,-4885,460,1704,-1193,2148,409,-3042,840,-106,-5656,-280,1470,5062,-235,3038,707,-527,2501,-5809,-125,10438,16125,-105,228,1360,70,3913,16881,1090,599,-7596,460,1704,-6319,2207,884,-9629,-390,-2906,-9212,-280,1592,5331,-235,3038,707,-145,3098,3261,498,8970,4422,-215,2114,1026,195,11754,6361,1587,-5075,2105,-3820,1475,-6206,34,-3035,10005,3459,7980,6736,12721,10852,7647,1998,2735,3335,7632,8762
6/6/2025,5,3990,8432,780,4149,4670,767,5822,5174,5,2527,4240,760,2397,15229,925,5766,8541,-606,-375,2643,-690,-1626,-4823,-400,1118,7867,-740,710,-5417,5,3989,5426,780,4149,4761,767,4313,1828,-510,3449,4513,760,2644,18245,925,5766,11973,-795,-1839,9249,537,-3773,-12305,-1005,-1839,6761,-740,-3260,-9663,1734,4144,55,-1065,2835,4144,-1010,-1065,6301,21733,2711,17309,715,10466,-5525,-4372,4754,17879,-5525,-4635
6/9/2025,1869,3206,-2589,875,2920,-4356,581,3206,-2589,1024,1474,-5835,4186,5536,7827,3100,2314,-5094,3220,1707,-3269,2059,-1327,-4805,2887,4297,5211,1960,1665,-6530,1024,2920,-2330,875,2920,-5691,555,2920,-5691,1049,2185,-5176,4186,5536,8181,3100,2314,-8769,3220,1873,-4806,3542,657,-57260,2887,1873,-7265,2048,-2094,-58092,3794,-2822,-1975,-1680,2412,-2822,-1025,-1680,12220,14966,2461,-4340,1102,-5834,-468,-6860,7345,6498,-468,-6860
6/10/2025,1660,-1035,3845,1870,327,-1059,1760,-62,3845,1660,-1490,4730,2345,3601,17829,1595,2629,18236,2205,3212,22925,2020,2259,14261,1995,4035,8093,2020,1418,16548,1660,-394,481,1870,327,3300,1760,146,3300,1860,-1029,-255,2345,3601,17375,1595,2629,18236,2205,3212,22925,1674,2378,14868,1995,3212,22925,2020,2378,16623,591,-704,719,241,130,-704,525,241,5471,10718,5854,12577,7484,18109,7488,12552,4064,10402,7488,13965
6/11/2025,495,-15,869,795,350,4820,28,191,3063,895,-885,-1914,935,2276,-882,620,3022,5776,640,4894,238,850,1250,2253,630,3079,-2376,850,510,-6530,495,-15,44,795,350,4858,300,191,3375,-1210,-5080,-10822,935,2276,-447,620,3022,5776,640,4894,-1703,850,1350,14187,630,4654,-1545,850,2375,15110,1016,-3608,3301,-3791,2069,-2789,-439,-3793,5365,-3581,4940,7273,3568,-5484,1810,-396,5385,186,1805,-196
6/12/2025,833,1561,-271,813,2329,-271,392,2681,-271,763,1852,-453,1375,1669,4450,1053,2585,8085,2873,540,6891,1580,-3305,-3185,4555,665,-3754,2160,-1540,-3185,833,1691,-3955,813,2329,-3955,392,3043,-3955,858,427,-4400,1375,1833,14571,1053,1327,3504,2873,1662,6423,2499,-1056,209,4555,1662,6668,2160,-5395,-3185,545,-1983,-911,-1784,545,-1983,-911,-1784,1154,8126,-3480,-3695,7872,827,6990,2454,4517,-47,6990,2584
6/13/2025,1455,3556,2904,1705,3019,1701,1870,3427,2904,1865,3221,3212,875,-950,-6952,1870,-3370,-7401,1868,1028,-2732,1700,2180,2768,1650,1420,16,1695,2683,1250,1455,3249,4112,1705,3019,5089,1870,2955,5089,3476,5682,4585,875,-88,-8429,1870,-2745,-9651,1585,490,-2732,793,3724,1528,1650,490,-2377,1695,1885,1528,1090,-444,1090,-1806,1090,-444,1090,-1806,711,-5632,2539,-5569,2510,-6209,2093,7016,5145,6097,2230,6226
6/16/2025,5456,4910,-778,3815,4897,-401,5191,3178,-238,3175,5137,1738,2879,3735,-3442,3320,2340,-5806,4750,2850,-7429,4815,1070,3050,2755,3241,509,4200,1070,-425,3175,4910,3123,3815,4897,4681,3352,3178,4681,3420,4364,4713,2538,4460,-13339,3320,2340,-18564,3500,1795,-20983,4200,3241,-13126,3245,1795,-26224,4200,1070,-14919,5520,3221,5520,5770,5169,3221,5407,5770,1703,-883,2844,-3110,8548,-2952,14735,757,2684,1697,14735,2517
6/17/2025,-230,-135,-5957,-230,-195,-5605,-230,-195,-5957,-230,-340,-5605,70,-2469,-5927,445,349,-7500,2416,-3540,-7500,2045,2536,-5930,2326,-999,-4495,2040,-4435,-5045,-230,-135,-7932,-230,-195,-7580,-230,-195,-7580,-1545,-2975,-8410,70,145,-3833,445,1160,-3980,940,-30,-6865,2045,-3507,-34160,850,-30,-6865,2040,-3305,-34160,-497,-6024,-360,-4809,-497,-6024,-360,-4809,-4000,-7255,3278,-7423,-6495,-7489,-6500,-6990,-3212,-4490,-6500,-7125
6/18/2025,615,552,4691,845,402,4691,3488,552,4476,622,716,-630,690,990,-1898,795,258,-5216,895,90,-1949,1355,3968,8390,825,105,1460,1190,2033,8310,615,469,-154,845,469,-154,1575,469,-369,470,171,-2646,690,890,-2526,795,1254,-4581,895,2272,-399,2457,7296,8570,825,35,682,1190,4698,7282,1033,3588,1005,4734,1645,5399,2292,7904,7144,2239,16,-1223,10256,-4203,874,18655,4344,4221,874,18655
6/19/2025,-75,440,-3231,200,440,-4395,-235,440,-3231,-75,440,-6460,1745,6538,10393,1550,3754,5549,2683,3150,6157,1975,5595,-1250,2410,1293,576,1975,3828,-220,-75,440,-4915,200,440,-6460,-235,440,-6460,-1100,-2050,-6460,1745,6538,10393,1550,6083,10343,2683,5935,13854,1975,4433,30986,2410,5935,11719,1975,4433,28851,-1435,-2710,-1250,-5810,-1250,-2710,-1435,-5810,3905,10165,6185,-644,1505,2288,-1055,-5220,985,1910,-1055,-5220
6/20/2025,1605,4159,-4883,1545,4840,-1216,1070,3960,-1617,640,4057,-4286,2270,8428,8266,510,9190,6187,2765,7507,2588,3330,8526,-4204,2820,7460,-4345,3330,5911,-6081,1605,4700,-4305,1545,4840,-4419,1070,5495,-4639,146,2735,-7945,2270,8428,10151,510,10390,17411,2765,7690,10473,3330,10212,18103,2820,7690,9780,3330,12311,20478,2268,-4444,1019,-4076,2370,-6201,1474,-3154,10034,11144,8898,8824,13815,8251,16011,-4154,13915,-4115,16011,-6968
6/23/2025,700,540,4297,700,1465,5003,700,1465,4280,700,-260,2621,740,1473,7833,590,945,10462,-155,2320,12323,200,3348,9159,-225,2815,1184,150,1744,10983,700,1230,2861,700,1465,5092,700,1465,5092,535,-762,2286,740,1700,6142,590,945,9365,-155,3149,10380,-353,2379,30696,-235,3149,10010,150,2914,32483,1132,1812,2405,2540,1072,1812,285,2540,3173,6175,3765,7320,5355,9292,4865,10064,569,2279,4865,6540
6/24/2025,970,1461,1781,1185,811,1949,594,1361,1781,970,867,1350,-1200,-4340,-6050,1570,-3970,-4860,3120,-3240,-4226,55,-4085,-4342,690,-2220,-1317,1270,-3275,-3722,970,1327,571,1185,1292,2058,1185,927,2058,2502,2580,1681,-1460,-7270,-14144,1810,280,-6795,3120,-460,-2984,-1704,-3903,-12917,2580,-460,-5480,25,-4085,-12695,3320,684,2941,2624,3386,684,3070,2624,-3650,-7410,-4375,-5475,4246,-6813,44,-1625,-2774,-5180,44,-1625
6/25/2025,967,5197,488,2142,5381,2922,1769,6440,138,1240,2416,2100,972,487,-5184,567,812,-4908,2365,4896,-5740,-795,-5090,-5155,102,-2325,-4230,-809,-2970,-7215,1725,6005,704,2142,5950,3702,2132,5735,4514,695,3695,4684,1216,4865,-3800,567,812,-11458,1551,3153,-1355,576,-11628,-22526,1458,3153,-2725,-2283,-14370,-28640,1969,868,454,1919,1244,868,263,1919,-530,-5647,1057,-5925,4944,-5647,-3740,-5994,-747,-4100,-3740,-5920
6/26/2025,227,-1915,-2525,-405,-1050,-1582,-732,-1915,-2525,60,-285,-1584,-215,-4490,-6975,1000,-3435,-7445,455,-3570,-4406,1954,135,8422,475,-2375,-4710,2914,2462,13699,60,-1050,-2025,-405,-1050,-177,-425,-1050,-177,-480,-1720,-3769,-215,-7590,-20960,1000,-5460,-10555,455,-8135,-12714,1452,-1851,-3600,475,-8135,-10995,2914,485,-1202,593,-2354,1529,-2712,593,-2354,1569,-2712,-4443,-7450,-4470,-7295,-6053,-4893,4744,9069,-6385,-5990,4744,10897
6/27/2025,755,3576,14994,970,3261,14994,1150,3666,14744,865,1953,12049,-375,-1487,-673,-300,-2768,-3500,-205,-3994,-1734,810,-6498,-3644,-415,-50,-991,810,-4438,-415,755,4916,22734,970,4601,22734,1150,5006,22484,922,3728,16072,-375,-2340,2823,-210,-5538,-10071,-205,-5293,-10070,810,-6987,-26295,-415,-5683,-10080,810,-11203,-31329,7095,14407,6910,14407,6910,14407,5535,12532,1238,8170,-446,1700,-218,2683,-5125,-3668,4268,2414,-5125,-4003
6/30/2025,160,-143,-3494,505,405,-1967,650,-2108,-3272,160,3793,2217,590,140,-6133,500,2241,-5063,905,1786,-7473,980,964,-2120,945,-2708,-1389,1020,-343,-2148,160,638,-100,505,665,1294,650,-1540,-864,-135,-1222,948,590,1791,3407,500,1705,-2475,905,1440,-4565,1020,3250,-26850,945,1435,-3435,1020,3250,-26683,-236,-3485,505,-3805,-246,-3485,1854,-3805,1666,-4993,-2355,-6897,1159,-8879,1024,-7237,6800,-1022,1024,-5711
7/1/2025,1415,4510,8504,1165,4058,8805,1165,3022,8945,965,3383,10292,880,5066,20819,795,3620,14130,1250,3169,17690,945,1000,7390,945,3105,942,945,-480,9317,1415,5650,8764,1165,4058,9795,1165,4017,10265,570,1789,10573,880,6488,31264,795,5723,21952,1250,5680,23837,542,636,20979,945,5680,25737,945,1720,23627,6779,13936,7416,14204,6606,13936,7416,11449,5959,19721,3669,12925,5633,9915,-234,-88,2778,3664,-234,-984
7/2/2025,410,445,-45,500,425,-45,710,-664,-45,1040,3683,-45,755,-3555,-6775,495,850,-2273,1120,-4012,-3480,1740,6505,-4490,1230,-2125,-4490,4763,2695,-5335,410,445,90,500,425,90,710,440,90,1355,150,90,805,-3770,-8692,450,2630,5969,1125,641,603,4805,11244,9857,1165,641,1915,4752,13810,10880,-1028,1834,-845,255,-1028,1834,-845,255,-3400,-5625,-1170,-1460,-397,-6845,3235,-4685,-3001,-5755,3235,-4685
7/3/2025,1020,350,3067,1390,930,3067,1185,930,3067,1020,350,3520,-560,275,-3665,95,8485,2450,2127,505,-3396,945,-935,-2290,1522,-399,-4530,2485,-250,-2290,1020,350,3520,1390,930,3520,1185,930,3520,1497,930,3520,-560,275,-652,1720,8485,1555,2265,292,-2122,7104,6165,-2290,1700,292,-2240,7525,5740,-2290,3120,4355,3120,4355,3230,4355,3120,4355,-1067,-5070,2605,-2085,1737,-5223,-990,-1980,-1978,-4175,-990,-1980
7/4/2025,-585,640,550,-405,1157,550,-405,450,550,-585,815,550,440,-1635,-1410,-170,-1920,-2500,315,-3640,-2745,-700,-6573,-2160,-260,825,-2230,-275,-5183,-1465,-585,640,550,-405,1157,550,-405,450,550,-1920,-150,550,440,-1550,-2765,-240,-1835,-4620,315,-3555,-2745,-275,-7485,-20417,-305,-3555,-2745,-275,-7485,-21690,-1075,-1880,-1075,-1880,-2015,-1880,-1075,-1880,330,-2470,-2230,-6065,-1830,-2730,-6200,-6720,1560,-2230,-6200,-6525
7/7/2025,625,-1501,-4794,695,-691,2312,870,-1265,-4794,625,-630,-305,815,5075,-6955,2250,8991,19993,3200,14011,19979,1475,24681,21805,3870,5129,-4345,1475,24462,18698,625,-140,-1480,695,-490,-1126,870,-490,-1126,-2075,-4315,-7660,815,5075,-550,2250,10076,20298,3200,14011,20977,1475,22524,86252,3870,14011,21206,1475,24681,86708,505,-6130,1723,-1928,505,-6130,1010,-1928,3320,-5240,8073,16451,5470,19918,22697,20626,3611,994,22697,20628
7/8/2025,3570,6378,1752,4125,6584,-2161,4125,6354,-1043,3335,6139,-2558,3165,7472,4613,1870,5223,-1472,4585,13441,10767,3385,-495,-938,4620,4568,2872,3385,-495,-4947,3785,6803,2686,4125,6584,-2285,4125,5891,-2285,2435,3625,-1461,3165,7472,21774,1870,5509,-1367,4585,13441,13193,3385,-495,4759,4620,13441,13303,3385,-495,6266,385,-3717,1203,-3604,163,-3717,1676,-3604,5253,5280,-2994,3895,2736,8099,-1098,-359,6122,1768,-1098,-815
7/9/2025,990,406,4360,-265,406,5818,-569,406,4360,530,-685,5818,820,-4235,-5696,400,-3970,-6900,-755,-2880,-7239,715,-2594,-5670,-620,-2465,-309,715,-2205,-7365,990,2095,5205,-150,2095,5818,-150,2095,5818,460,1867,3281,820,-5230,-11690,400,-5020,-8930,-1705,-3320,-8517,715,-6018,-13848,-530,-3320,-14600,715,-6505,-12865,795,6420,1015,5514,1024,5562,540,5617,-3460,-4481,-1030,-89,-5164,-1953,-2845,-3135,-1227,6168,-2845,-3790
7/10/2025,180,3897,1134,870,3880,1134,773,3897,1134,940,1694,20,-280,3451,2482,-1385,-2740,-5545,-1050,-3585,-6868,-330,-987,-5890,-505,-1420,-2847,-330,-1121,-5658,940,3880,-3476,870,3880,-3476,870,3880,-3476,1235,4135,-1371,-280,9126,12516,-1235,1561,-6560,-920,-4599,-13087,-330,-1715,-65245,-940,-4599,-16045,-330,-1715,-70555,4962,1287,6330,-729,4534,1287,7819,-729,-2515,-4443,-4150,-5861,-5428,-6000,-3727,-5674,-4365,-2718,-3727,-5674
7/11/2025,257,269,-2082,140,-752,-3225,2571,1563,-2082,217,-1125,-2335,750,3108,-3043,1435,597,-6601,1110,3682,-7433,755,4021,-1012,2657,1950,-294,755,4021,-2474,257,309,-2286,140,309,-4448,360,1715,-4448,-497,-715,-1490,1690,5065,9593,1435,597,-5764,1695,-1561,-8981,275,4133,-2176,1990,-1561,-12463,755,4021,-4764,2912,-766,1345,1570,2988,-766,4185,1570,10672,450,4977,-5194,4321,-6948,8124,-1345,6888,666,8124,-2157
7/14/2025,226,3821,-3181,1200,3565,-2240,1024,4446,-3181,720,2222,-1978,1683,-4485,-6610,3010,520,2097,2651,-452,-5108,1710,-2228,-3335,1993,-2485,-4445,2652,-2228,-5070,1195,3565,-4100,1200,3565,-4011,557,4190,-4011,-70,422,-1331,2033,-2655,-7952,3010,-440,2097,2651,-1160,-4166,3677,-2351,-5070,2296,-1160,-3567,2737,-2228,-6410,158,-4213,1948,-2343,-935,-4213,1100,-2343,-4005,-6755,-2650,-429,-1159,-4830,-1340,-55,-6260,-5050,-1340,-55
7/15/2025,-140,1332,-3143,335,1741,89,335,1348,-410,105,1878,209,395,3018,-4350,295,2499,-1890,665,1670,-2093,940,236,-6196,215,3081,-113,940,-194,16287,-140,2054,-3233,335,1741,-1948,335,2101,-1948,-860,1977,-2435,395,3018,-5450,105,4063,-1132,665,5092,893,940,236,5687,215,5147,493,940,236,6439,2428,-124,3122,675,2428,-124,4361,675,2705,332,1885,1484,5471,2973,2858,2114,3075,-2514,2858,2275
7/16/2025,-640,-1438,-2252,190,-1044,-689,190,-1007,-1534,-240,-1616,-498,50,-2674,-2907,2080,-1055,1632,1420,-419,3031,2290,-35,-5885,1560,-1718,1531,2290,-35,2676,-240,-709,113,190,-1044,19,190,-1003,66,-845,-2014,-1556,50,-2674,-5228,2080,-1055,1632,1420,-419,2260,2290,-1928,15247,1560,-424,2260,2290,-35,16197,-470,-1973,-742,-2638,-470,-1973,-1366,-2638,-2145,-5790,3795,2750,2898,2569,2469,-908,1098,2142,2469,1007
7/17/2025,1597,2532,880,1538,2532,1820,1196,3081,880,2200,2513,1820,1205,-3925,-6705,3015,1600,-1958,3558,-4475,-7490,4065,7020,-1323,3178,-2935,-4485,6645,4465,394,2200,2532,880,1538,2532,1820,1468,3173,1820,1785,3022,191,1580,-1955,-10647,3063,2948,778,3558,4978,-4225,8079,10686,3039,3178,4978,-4225,10243,11065,3039,1760,2245,2132,2597,1412,2245,2147,2597,-2518,-7495,-200,-3810,-198,-6494,5688,100,-2253,-5335,5688,3466
7/18/2025,4460,7578,-607,3090,7548,393,3090,8218,-1624,4580,6902,-1682,3113,13351,12932,1397,7999,17054,5632,14760,8949,-275,14685,-4042,5999,9210,2621,-655,13411,-2817,4460,7578,-1130,3090,7548,-374,3090,8218,-1258,4050,7382,4310,3770,14179,16547,610,9754,17602,6405,22360,12468,-713,14952,14345,8860,22360,13631,-655,16505,13945,3253,-1483,2292,-1680,2306,-1483,2222,-1680,12735,7534,11440,4455,5792,3031,2027,-2030,2529,3379,2027,-2020
7/21/2025,780,2375,-5845,1270,2194,-5845,964,648,-5845,785,2112,-7150,-15,-1162,-5351,-460,225,-8455,-480,-3660,-7468,-270,-4423,-789,-605,-260,1469,-610,-2319,-490,780,2375,-8240,1270,2194,-8240,964,648,-8240,1065,2345,-9536,-15,-1162,-6116,-460,225,-19869,-530,-4510,-22959,-949,-6937,-35517,-705,-4510,-22959,-1085,-6937,-35517,-1670,-3908,-1670,-1084,-1670,-3908,-1570,-1084,-1532,-5127,-4250,-6540,-3588,-2690,-2045,6334,258,4824,-2045,1240
7/22/2025,186,2279,-2246,1636,37,-1000,622,1,-1394,511,-665,-2422,550,1265,867,1442,-2392,-4510,1215,-2212,-4130,492,-4735,-3245,510,-2230,-4475,3156,-3795,-2809,511,-665,-1665,1636,37,-522,1407,-85,577,-114,-1800,-266,550,1265,267,2322,2872,-7593,1215,448,-5208,3239,-1777,-23822,1505,448,-5120,3156,-1777,-23822,5652,-179,5335,2172,4887,-179,4793,2172,-2854,-221,-3477,-6165,-6261,-7382,-2592,-6000,-4861,-5840,-2592,-6000
7/23/2025,-285,166,-3388,-885,213,-3088,-1246,-252,-3388,-285,2000,-2803,-395,-4152,-6932,-1075,-2832,-3772,-436,-4489,-6140,655,-5057,-2231,64,-1132,-3096,730,-2582,354,-285,293,-3103,-920,213,-2803,-880,-902,-2803,1010,-341,-2493,-395,-2917,-16052,-160,-2902,-12117,-460,-3627,-15462,730,-5119,-20279,440,-3627,-15462,730,-4602,-19922,-4769,-2215,-3285,-118,-4489,-2215,-2300,-568,-4450,-7443,-4115,-4579,-5902,-5025,-6480,-5040,-6620,-5845,-6480,-3565
7/24/2025,2578,505,-3935,2320,505,-4705,2953,505,-3935,1888,1595,-5594,1900,9457,11699,1505,5291,7225,1565,4110,7740,1265,-491,-5359,1850,2430,2061,1395,-1072,-4899,1913,2545,-4260,2320,2545,-4045,2450,2545,-4045,1138,4880,-2155,1900,10567,19132,1635,9170,7466,1565,5085,9121,1395,755,-21652,1850,5085,9121,1395,-491,-24480,2219,-3825,1792,-2720,-1,-3825,905,-2720,940,7900,3770,2685,2580,2546,-1719,-6330,-480,3139,-1719,-5808
7/25/2025,1300,2758,4091,785,2280,4091,1369,3439,4091,1365,-660,4935,340,-1083,-6200,1955,1375,-1532,3440,-3,-296,-860,510,-898,2955,1256,872,1435,1235,-1635,1300,1269,5826,785,2280,5826,785,2555,5826,305,279,5831,340,-515,-3015,1955,-3495,-4109,3440,-1265,-3576,2843,3485,-1635,2955,-1265,-3226,970,2720,-1635,2166,4200,1785,5504,2166,4200,1785,5504,-4455,-7065,790,-588,-5939,-5117,620,-1327,-4288,-5350,620,-1327
7/28/2025,4250,10653,9609,793,11863,9609,2098,11736,9809,4268,11843,1216,880,13247,1875,695,11949,12496,4030,14273,17136,718,600,-3248,5550,4229,5267,2635,2912,-6918,4250,11038,9473,793,11863,9473,2098,11865,9673,2740,10390,8840,880,15665,19145,695,11949,12496,4030,14273,18384,4793,6488,25163,5775,14273,18711,2635,6396,22794,4492,496,4492,-373,4492,496,4297,849,14035,9036,9205,6994,9938,5923,-1785,8520,4220,5332,-1785,8520
7/29/2025,30,1163,-4927,810,2050,143,393,1583,-2227,30,891,2988,335,-2230,-6437,-170,-237,-3430,-31,-765,-6944,1022,6436,20446,-184,-2120,-5420,1017,4035,25179,30,1981,1785,810,2050,4486,1065,2715,4106,-1580,1103,3447,335,-3280,-28575,-170,483,-2798,-31,762,-6947,1022,4922,31192,-166,762,-6201,1017,7445,33076,4607,-542,6471,1968,3451,-2902,2870,1968,-4260,-7445,1010,3737,-3826,-6154,8753,24862,-784,-5780,8753,28176
7/30/2025,118,3565,10569,1259,3565,11137,1149,4400,10569,118,1045,10768,3210,7263,7229,1545,6023,3195,1865,2010,2708,1870,8210,12601,1660,5530,7650,1920,6580,11021,118,3565,9586,1259,3565,10685,1149,4400,11265,1378,3045,12977,3210,7763,10823,1545,6020,3195,1865,5983,643,1920,8210,-13660,1610,5723,3216,1920,7950,-12046,6384,13001,2462,14328,5809,14806,2570,14718,2784,21284,5950,17260,5177,7792,676,3260,4060,12999,426,-3274
7/31/2025,-250,-1205,-4187,-250,-1205,930,-250,-1205,-4629,-250,-1205,-4934,-400,-570,-6195,-255,2384,6712,-13,967,1867,130,3700,5625,110,-1717,769,130,3847,9129,-250,-1205,-1674,-250,-1205,-1129,-250,-1205,-919,-1930,-1055,1078,-400,-570,-11775,-625,2914,7799,135,1852,680,-102,2000,2619,170,1852,2936,130,3695,4234,1650,-6329,1740,-4272,1455,-6329,2035,-4272,324,-7424,2948,6429,2508,6943,760,7490,2376,11371,760,6670
8/1/2025,2345,5502,3574,1899,3227,2958,2448,4794,3893,2470,4938,2377,1085,6119,25375,2070,4232,20194,2935,8210,18959,1850,6901,8247,2970,4893,15815,1850,6551,11190,2345,4842,4287,1899,3257,1979,2566,3460,1979,-960,1445,-3285,1085,6119,28945,2070,6750,26185,2935,8154,27905,1850,6901,28864,2970,7735,27195,1850,6901,28864,3035,3867,1365,4535,1637,2851,660,3565,6487,29210,5378,26720,9159,26481,8770,13767,8449,8859,8770,13404
8/4/2025,967,8,-472,-23,-595,-3365,-127,8,-472,967,-465,-2553,350,2469,4050,-235,2653,10804,-295,4603,9961,40,2835,6197,-530,1664,-349,903,2785,11985,967,-3569,-1868,-23,-3569,-1175,-1465,-3569,-1175,997,580,-1995,350,986,3649,-235,2653,11021,-295,4603,11175,903,2835,17714,-345,4603,11175,903,2835,17714,-3304,-5805,-3895,-5805,499,-5805,-2357,-5805,-108,1476,837,7556,677,6785,2455,10520,-1168,-5635,2455,10709
8/5/2025,90,2485,-1460,0,3893,-1267,676,4341,-2843,90,3789,-36,1075,2487,2289,1045,2891,10006,1605,3575,5205,1460,7745,14987,1455,-839,359,1460,7865,27088,90,3634,-4470,0,3893,-2501,-865,5880,-2691,-780,683,-533,1075,4298,2593,1045,2891,9883,1605,4416,6096,1460,7745,20418,1455,4081,7447,1460,7745,22430,-317,499,421,-3481,2453,-1370,1425,-3013,3997,8417,4618,15864,6288,12626,7689,26303,5074,1895,7689,26303
8/6/2025,692,640,-244,332,710,-803,-266,496,-244,490,1370,292,-945,-4265,-6600,120,-3725,-7050,433,-4215,-8009,610,-15,-2312,-1132,-2220,-4435,660,-15,-3772,692,710,-476,332,710,660,-108,496,660,530,2035,1395,495,-8375,-16185,345,-3938,-5055,75,-7345,-10621,-433,-961,-2794,180,-7345,-9710,660,-15,-2794,149,141,-185,1718,250,141,405,216,-4470,-7495,-4360,-4463,-6579,-5734,-168,-750,-6540,-5560,-168,-2085
8/7/2025,-180,1542,4530,160,2946,9339,1057,1458,11318,-755,2565,9460,380,-1125,-6665,865,2219,-5031,12,3184,1294,480,13690,22891,208,2285,-4420,480,13690,25282,-180,3311,8620,160,2946,11130,1345,4605,12220,-830,-2035,1231,380,-650,-9434,865,2219,-8926,510,4160,1768,-74,12693,866,535,4160,1696,480,13690,3017,-2349,15545,113,14340,-841,15545,-1202,14340,-930,-6975,-443,-1020,-325,-1279,6479,1577,-53,-4735,6479,745
8/8/2025,446,-943,-1591,590,-720,-1152,705,-1137,-1591,291,380,-2580,2045,3979,2840,1280,2349,3510,2805,5817,6531,1620,9264,161,2630,4550,-2818,1620,8091,5523,306,-1780,-5054,590,-1795,-4790,705,-1974,-4790,-1095,-14,-4345,2045,3979,-3436,1280,2349,3510,2805,5817,6503,1620,10844,14161,2630,5817,6503,1620,10844,14161,10,-3562,10,-7470,10,-3562,380,-7470,3052,-4790,3035,1653,5013,3424,5908,3884,3090,2830,5908,4478
8/11/2025,450,783,965,940,965,610,725,447,965,940,755,1703,-100,-3434,-6882,60,-55,-7322,-92,-4273,-7494,785,4018,-6086,-35,-1125,-1046,1015,-905,-8718,450,2065,1438,940,2065,2724,725,1460,2724,935,3319,5792,-100,-4529,-18292,60,-55,-7313,385,-2903,-8626,-463,4654,-10715,-35,-2908,-8637,1150,6988,-10514,-2254,-4209,-1675,-4935,-2254,-4209,2090,-4935,-4439,-7462,-435,-7199,-2324,-7475,-6425,7171,299,-1231,-6425,7521
8/12/2025,30,-3835,-5488,560,-1640,-4114,-892,-3673,-5488,345,-1900,-1823,-1115,-3990,-5149,655,-2655,-992,-1419,-4125,-6733,565,-805,4599,-1119,-2359,142,560,-805,-982,30,-2580,-2020,560,-1640,-203,70,-1640,-203,-25,-2527,-1157,-1085,-12135,-20351,655,-3155,-992,450,-2505,-1508,-157,-1027,16456,236,-2505,-390,560,-805,18562,-3568,-738,-2370,885,-4483,-738,-2370,885,-4163,-6223,-1400,-235,-2143,5395,2455,8658,-1958,-894,2455,13285
8/13/2025,3760,-570,4660,3953,480,3463,3399,-570,3029,3760,645,3136,2499,220,-237,3275,5128,2914,1848,4293,1776,15,5532,-757,4265,1647,7713,125,3678,-4721,3760,-1600,4182,3953,-1600,4239,4015,-1600,3532,1875,-1505,523,1210,220,-877,3275,5128,1274,215,825,-1591,464,4350,52284,710,825,-1649,125,6387,50388,1845,1640,3591,1052,1922,1640,2721,1052,3148,-2912,3604,-3085,3454,-956,4260,-1378,1104,2112,4260,-2123
8/14/2025,565,-733,2695,861,-733,3948,567,-733,2695,565,-196,3948,1453,7562,15974,635,3165,1314,2120,3789,4987,2025,-4322,-2416,1910,4756,3250,2035,-663,-4340,565,-866,760,861,-866,1131,567,-866,1131,630,-161,965,1453,7635,21298,1783,2419,7986,2120,4720,6862,1826,-2738,-21412,1910,4720,7008,2035,-3311,-22767,-158,1915,-471,937,596,1915,-471,937,8820,3775,1845,-4666,3620,-1872,-3160,-4946,4996,2619,-3160,-5296
8/15/2025,1500,2679,-4990,1310,-695,-3709,540,942,-4350,1500,338,-3732,6775,12242,6382,5865,11731,4374,4223,10979,12632,6315,14006,2670,4632,4314,5703,6315,10731,5832,1500,-1802,-8896,1310,-1740,-13245,700,-2044,-12735,100,-2990,-14470,6775,12242,16155,5865,15544,8976,5340,12488,14644,6315,18330,8296,5435,12488,14644,6315,17863,8296,27,-2195,-134,-3591,856,-395,-1235,-5740,13691,9615,20601,5972,22687,11191,16572,-5565,5534,5634,16572,-5565
8/18/2025,-820,-885,-462,-1350,-885,-462,-186,-885,-462,-820,274,1595,-1375,-2613,-4245,-180,1064,-3882,-1065,-1199,-638,35,-36,7315,-650,70,922,120,667,10048,-820,-885,3562,-820,-885,3562,-770,-885,3562,-941,781,1753,-1900,-2613,-8923,-100,1064,-6998,-1065,621,-6357,120,-5710,9701,-1150,621,-6357,120,-5710,6500,-708,-202,-1685,-402,-3645,-202,-725,-402,-3800,-7417,254,-7167,-999,-7396,-4968,-1710,603,-1217,-4968,-1710
8/19/2025,-330,-3661,1278,331,1345,1018,39,-2623,-290,-55,-1955,2288,1220,3501,-5659,2670,5497,3622,1738,3164,873,3277,5550,-1873,1875,-1962,-3564,3095,4349,3896,-15,560,1768,331,1345,1829,316,965,2097,-2145,-2370,119,1220,3501,-11797,2670,6114,7157,1895,5301,2716,3277,7919,25382,1875,5301,4019,3095,10225,26641,-563,-2833,463,-1570,315,-2848,857,-1720,1642,-7070,6670,8496,1310,1725,12475,18184,-849,-4755,12475,3407
8/20/2025,1042,-1888,-1033,3000,-1355,-59,3285,-1888,-1033,1080,-495,-11,107,2959,-4665,1840,130,-6965,-30,588,-8500,362,-2865,-4926,-5,217,-4915,362,-3560,-6847,1535,-1355,-2232,3000,-1355,-1150,3285,-1355,-1150,-420,-2495,-910,107,2959,-2225,1840,130,-8845,-30,916,-11780,362,-2996,-6433,-5,681,-11035,362,-1935,-4697,7138,4110,3089,-3239,4865,1954,4103,2793,7083,5408,6395,-73,7211,-583,11184,-3945,2143,3704,10794,-4325
8/21/2025,301,-450,2740,395,572,-2015,863,2199,2740,690,1048,-502,3480,1519,17855,2308,986,6400,4692,2982,23360,4905,6567,3867,4682,922,-649,4905,823,-4490,700,-52,-1512,395,572,-3252,225,572,-3252,-1345,-497,494,3480,2331,19351,2308,-94,12755,4692,3028,24726,4905,6096,31804,4682,4128,25048,4905,6567,31539,737,-1726,-1247,-4218,610,-1726,-2775,-4218,6592,16363,3283,3029,7716,14283,-3055,-4314,3168,-1549,-3055,-6494
8/22/2025,445,2314,5173,585,1819,4767,630,1341,2272,445,2182,2839,20,2834,4303,200,2800,3885,280,2942,-5097,-20,3068,6450,145,2725,5059,-110,3068,6450,445,2959,9642,585,2206,9381,630,1285,9465,810,3290,7540,20,2834,4303,200,2800,3885,280,1428,-5097,1517,3582,6450,145,1428,-4615,-760,3068,6450,5605,5095,3765,4294,3765,5095,2848,5399,-640,10442,1685,5157,2730,2309,1965,-2932,2732,3575,1965,-5122
8/25/2025,770,2982,4826,840,2016,3647,840,2756,4826,1225,2869,3469,1095,-1125,-6316,1765,-2185,-6827,1225,-1239,-6380,1958,-1630,4006,720,3808,5210,2405,-2323,3081,770,2335,6562,840,2070,5160,840,1833,5160,1135,2099,4590,1095,-750,-11047,1765,-4417,-12410,1225,-2920,-15608,4881,4734,8826,720,-2920,-16300,2630,2378,3267,3950,9819,2761,5935,5043,9819,3919,5935,1120,-2351,-1035,-3460,-6026,-1310,-299,11787,2974,5809,-299,11787
8/26/2025,420,998,5108,843,2023,9780,263,903,5108,35,-455,3625,310,652,2894,275,2221,4134,1762,987,3510,25,1298,15734,380,2831,1300,-605,-1260,19810,35,1298,-4910,843,1263,-4910,-267,-630,-4910,430,310,4576,310,1423,5414,275,2303,9746,1762,1491,14049,-605,1298,37310,380,1491,14049,-605,1298,37310,1806,-1596,1613,-1596,1806,-1596,1543,-1596,-3050,-5394,1395,3488,1845,5750,4325,17027,-2013,-1130,4325,14901
8/27/2025,1155,4764,1237,1685,4941,1308,1580,4326,1237,665,2946,5243,2075,9403,20418,2495,4824,7786,2730,9373,12099,697,2494,-3700,2090,3981,-613,622,3055,-5195,1155,6048,2950,1685,5739,3307,1580,5609,3307,1020,6020,6982,2075,9727,21758,2495,4182,11020,2730,10180,16844,480,4515,19888,2090,10180,15796,780,5337,20277,2819,-3463,3264,-335,2819,-3463,2864,-335,5841,6228,1635,4252,4215,8936,-169,-6995,699,-2623,-169,-5566
8/28/2025,-885,2955,-506,-1195,3845,-2721,-1195,2955,-506,-885,3815,511,-845,-3180,-5926,255,1025,3960,-75,6467,1261,-180,1665,-3015,325,-141,-3523,-180,1665,-4975,-885,3845,-1354,-1195,3845,-733,-1195,3845,-733,-840,4495,3159,555,-325,-6593,255,4000,4622,-75,10467,1261,-180,1158,-4880,325,10467,1261,-180,1665,-4880,-3387,394,-2210,766,-2581,394,-1275,766,-4055,-6915,1050,989,-1533,3105,2616,11599,1248,-5055,2616,12675
8/29/2025,315,-1708,-3891,490,-3655,-4961,447,-820,-1818,315,-2295,-6030,1240,1239,7383,-35,970,6917,720,7873,893,760,3045,-2298,1215,5597,3052,760,4080,-3960,315,-4700,-6166,490,-3655,-8496,525,-3300,-7931,262,-5820,-6727,1240,1239,7383,-35,3612,11346,720,9833,5106,760,3311,-6444,725,9833,6586,760,4029,-5548,-2930,-5213,-1929,-6726,-1310,-6632,-2332,-6726,875,2453,4391,4937,-1753,-2275,-3614,-4468,-203,1324,-3614,-6341
9/1/2025,2430,2165,4865,1565,2165,4865,1565,2165,4865,2425,1615,4865,2710,5500,4840,2725,8590,9815,1960,9190,10545,2760,8325,8675,2435,3085,2245,3430,6140,10285,2430,2165,4865,1565,2165,4865,1565,2165,4865,1635,1635,4865,2710,5500,5115,3225,8590,11260,1960,9190,10545,3740,10730,19390,2800,9190,10545,3740,10730,19390,2684,-641,2710,-1910,2684,-641,2710,-1910,-2690,-2320,1835,4955,1985,2895,9560,5155,-2315,3535,9560,5155
9/2/2025,205,195,-3569,145,-1625,-3569,270,-923,-3569,310,-1155,-1600,-1160,441,3280,-1400,-1045,2297,-825,-3032,-2101,-1095,12,7153,-965,-369,4740,-595,527,7280,205,-1155,-1505,145,-1625,-1505,270,-923,-1505,1815,-195,-207,-1160,-915,3437,-1160,-1045,2297,-825,-2525,-2101,-1134,987,18612,-965,-2525,-1355,-1185,1271,18095,353,2552,581,2552,353,2552,501,2552,-3060,400,-300,4050,-1372,1445,-1486,15891,-82,5621,-1486,14850
9/3/2025,933,4162,6379,1600,2148,3566,1619,6399,10087,1468,4086,4217,824,6620,6963,555,4630,1729,580,3493,-116,3717,520,-5614,695,5548,3940,3717,2774,-6745,933,3598,7473,1600,2148,7174,1668,2033,6522,1128,2138,3639,3767,6903,8995,555,4630,2896,580,1838,6503,897,-9354,-35036,695,1838,104,3717,-8973,-40220,2968,6540,684,6710,3038,6540,3127,6710,6135,9803,3846,1967,6390,1798,5487,-3809,3581,-486,5487,-3809
9/4/2025,-797,-1853,-4480,-395,-3230,-4009,-395,-3230,-4480,-755,-1795,-5375,-1950,-3730,-6880,-1175,-3965,-7440,-1594,-3570,-7035,215,-1480,-3548,-1140,-2385,-4650,-350,-1480,-6111,-755,-1795,-6011,-395,-3230,-4544,-395,-3230,-4544,-30,-1640,-1434,-3525,-16620,-37155,-1890,-9625,-17235,-3400,-18920,-30170,-350,-1480,4571,-3445,-18920,-30170,-350,-1480,5199,-1055,-5443,-1055,-2844,-2017,-5443,-1055,-2844,-3965,-7280,-4395,-7185,-6941,-7433,-1045,-640,-6875,-5825,-1855,-6680
9/5/2025,26,1303,2672,-370,1238,4666,-325,1223,3142,-160,1303,4171,860,-1964,-1662,-630,-980,-3671,-545,-1395,-4051,-10,2062,-3376,-445,839,5759,-10,167,-4951,-160,1303,2672,-370,1238,4666,-325,1223,4641,-335,1833,5121,860,-3195,-2801,-630,-937,-9088,-545,-1587,-7506,-10,2419,-25260,-445,-1587,-10144,-10,2419,-27173,280,5934,1354,7280,2129,6544,498,5052,220,-1651,-1843,-6905,-3825,-5479,-4126,82,-5759,-299,-4126,-1023
9/8/2025,825,1026,-2171,835,4,-2689,112,2374,-2171,825,-651,-4784,1047,964,-5854,805,6955,-5074,1531,2250,-7014,2695,-3135,-2379,807,-2085,-4610,3230,-4085,-3514,825,-41,-6552,835,4,-8910,825,1338,-8910,310,1385,-5240,1047,3105,-8110,805,6385,-6600,1705,2375,-8170,2905,757,-2595,1575,2375,-8170,4245,940,-565,-3350,-2556,-3481,-4841,-2329,-2556,-2581,-4918,2780,-5787,-459,-7020,-1422,-7490,-810,-1366,-2919,-4960,-810,-1351
9/9/2025,-990,-3450,-5289,-790,-4240,-2862,-825,-3923,-4191,-990,-2870,-4093,-1730,-4500,-4790,-1100,-2641,-669,-1105,-3959,1202,-255,-4700,12616,-1495,78,1174,110,-3365,7697,-990,-4030,-5055,-790,-4240,-2337,-825,-4869,-2337,-1010,-4650,-7098,-2205,-4515,-7524,-2665,-3736,-2914,-1600,-6614,486,110,-4919,37529,-1725,-6614,552,110,-4756,39996,-1356,-6377,-1100,-6575,-1207,-6377,-1035,-6575,-4280,-6203,-4475,-5540,-6516,-6456,-3931,-6712,-2176,3958,-3931,-6662
9/10/2025,881,3424,4664,-530,1548,-462,1192,3850,5780,-770,-2040,3104,730,-3665,-6970,1750,-157,-4925,1410,3013,-7420,-830,503,28048,1230,-1198,-4420,-830,-542,20841,-770,1638,4741,-530,1548,3501,-325,1518,3261,-2235,-10,6078,730,-770,-8830,1750,1190,-205,1410,3745,7295,-830,7194,19014,1230,3745,6755,-830,3624,20536,-983,2921,-3055,2113,-918,2921,-3390,903,-4190,-7205,1605,1693,2343,-2955,-635,20975,-1035,-4430,-635,23263
9/11/2025,2670,-603,-3098,2075,-400,-4125,1836,-603,-3098,2670,-1105,-4405,4350,-1915,-3194,3170,5215,820,6576,-510,562,5655,6944,2016,6667,-2910,-4445,5880,5460,1860,2670,-565,-3909,2075,-565,-4339,1836,-565,-4339,2930,-455,-4339,4350,-185,589,3170,8066,3351,6670,1225,7435,5880,5871,5126,7295,1225,8339,5880,7235,3923,-4981,-5284,-4240,-3970,-4096,-5284,-3255,-3970,-3889,-4076,3015,-3380,-5630,-3134,2810,-2202,-6695,-5780,2810,-2202
9/12/2025,55,-1605,-5110,-450,-1360,-4018,-450,-1605,-5110,55,-1105,-6435,1030,3755,107,2935,4898,5331,2325,9715,2198,1593,-2392,-4511,2650,-1235,-4585,1113,-2574,-2038,55,-1360,-5730,-450,-1360,-7840,-450,-1360,-7840,-1270,-1645,-8290,1030,6202,-3216,2935,6029,11334,2325,6006,6789,817,-386,26347,2650,5831,7935,1113,344,25867,-1222,-6763,-2455,-5412,-1222,-6763,-2455,-5412,-3980,-1979,-1240,7918,950,4803,258,-976,-5840,-4320,258,-6280
9/15/2025,-886,-1262,-4125,-140,-2090,-3925,-775,-2422,-4125,-705,125,-3935,706,-1571,-3893,625,2121,159,1225,2728,2863,565,8535,5081,605,-991,-2818,550,4445,5269,-705,-1895,-3794,-140,-3055,-5905,-775,-3055,-5905,265,-970,-5905,706,-5395,-7725,625,2598,7007,1225,3264,7904,216,8894,19046,631,3264,7904,550,8894,19046,-820,-1883,-845,-3430,-845,-1883,-820,-3430,-1000,-278,1515,2948,3429,4149,3463,4166,354,-5575,3463,3823
9/16/2025,1430,5531,516,1075,4800,815,1075,4505,2585,1430,4983,2336,1700,12676,18548,1270,9988,13481,2309,12710,16687,4430,3481,784,3908,1043,1173,4945,13487,-2037,1430,5611,3048,1075,4800,3159,1075,4505,3792,1100,3309,4275,1670,13171,25282,1145,10968,16900,2465,14405,24806,5095,5546,16576,3410,14405,21778,4445,6250,18498,-3025,-1609,-2030,-1609,-1145,-1609,-1224,-1609,9901,9301,7105,2605,1397,2372,-194,-4824,2825,1173,-194,-4824
9/17/2025,-255,785,13236,-285,3677,14085,185,4062,14185,70,1245,17348,1725,3934,17632,1185,5483,26235,2835,10756,36399,1170,11432,4915,1368,7349,7039,2235,9802,9164,-255,785,14401,-285,3799,16376,185,4127,16826,745,4944,14974,1675,3934,33172,1590,5483,26235,2835,10756,41219,2245,12433,22842,2585,10211,39763,2235,11211,23797,5026,11179,5026,12179,5026,12894,5396,12478,5184,21148,7144,26528,11734,33848,4481,5834,7255,10617,4476,5829
9/18/2025,-875,-1352,-2317,-155,-1352,-3294,-350,-1367,-2317,-890,-1692,-6484,1050,780,-567,-240,3398,-4995,480,906,-4849,850,665,-1795,425,636,-524,850,665,-1199,-875,-1352,-4772,-155,-1352,-6790,-350,-1367,-6790,-1105,-4080,-5015,1050,780,-2028,90,3398,-6945,480,-619,-4483,850,3039,-5647,425,-619,-7994,850,665,-6268,-588,-2571,-1525,-4610,-361,-2571,-2509,-4610,1005,3320,-1160,-340,2776,1681,1750,-617,-432,4723,1750,1575
9/19/2025,-585,-2518,-2718,-580,-1461,-2109,-580,-543,-3238,-425,-2615,-710,-1480,-4361,-5617,-1030,-1892,-744,-2000,-4030,-3547,55,-1193,3431,-1205,-433,1861,15,-1193,9636,-425,-2240,-2599,-580,-1461,-2414,-580,-1579,-4490,-380,-3095,-7739,-1480,-4361,-6443,-1175,-1892,-795,-2000,-4030,-730,-1460,-1193,17702,-1205,-4030,-730,15,-1193,17958,-2130,-5870,-1341,-5870,-1391,-5870,-1870,-5870,-4224,-7365,-1336,-3079,-1648,-6756,1630,11172,-874,-2966,1630,7886
9/22/2025,430,1158,-1316,965,1128,-470,1875,1118,-1316,651,863,539,3300,-4360,-6795,3462,-3990,2350,5909,-4155,-7480,2750,1385,-1228,326,-1262,-4535,2980,1385,-3460,430,1158,3513,965,1128,4247,1875,1118,4247,628,1292,1928,3300,-5884,-13941,3462,-3684,4772,6095,-1044,-6159,2980,1385,17765,1422,-1044,-5275,2980,1385,20959,-979,4484,-381,6570,-1200,4484,-381,6635,-4040,-5772,242,-1305,-4977,-6439,565,-3412,-2758,-5845,565,-3412
9/23/2025,-130,1038,-5456,165,213,-5491,125,241,-5306,-125,95,-5063,-345,-4155,-6980,815,-1584,-7834,2200,1951,-7500,-735,-595,-4042,1200,1885,143,-735,-775,-3679,-130,605,-3896,165,213,-4308,125,265,-4123,-860,-50,-5110,-345,-1805,-16360,815,-425,-8056,1760,2535,-11220,-735,18419,11546,1200,2535,-10560,-735,19826,11957,-2105,-1576,-2105,-4765,-2105,-1576,-2105,-4765,-3905,-7498,-983,-6058,2455,-8760,1140,793,-2183,3042,1140,793
9/24/2025,-1045,3015,-2580,-1590,-35,-2501,-487,-488,-3043,-1525,825,-3878,2405,2793,-6990,1545,-952,-2507,2176,-495,-4585,-695,-2796,-1341,1320,1961,74,-705,682,-5299,-1045,890,-2057,-1640,-35,-1897,-1640,-13,-1803,-1325,-2765,-5671,1150,965,-14442,1545,-1975,-2329,975,-2727,-9361,503,-3320,1578,320,-2727,-10857,-705,-5861,1611,2120,-3745,2502,-1486,1057,-1607,1257,-3416,955,-7375,-1353,-7028,-300,-4613,25,-6251,423,3628,25,-6251
9/25/2025,1245,2688,2750,1045,2976,3974,430,2372,6061,1065,2841,3702,2960,5497,3555,2355,3483,1588,1330,225,-3399,3385,-1064,-2399,1390,118,-925,3385,469,1362,1245,2841,3672,1045,2976,4834,430,2555,4374,240,1435,2645,2960,7090,8826,2355,3483,277,1330,755,-3068,3385,-3538,-4239,1390,620,-1715,3385,-3120,-3053,4703,5508,2655,5508,3581,5508,4035,5303,2568,3569,1604,-1829,-919,-3594,-659,-2822,613,3521,-659,-2847
9/26/2025,240,-1598,-2151,95,-1329,410,-140,-4124,-1113,240,466,-260,255,-3427,-5433,765,-298,-6113,-1755,-3537,-5895,-70,3129,-1345,-1060,-1738,568,-170,2729,-5462,240,-370,-5,95,-1100,1014,245,-1100,1989,-685,-2165,523,630,-1726,-10810,665,-1496,-10875,485,-4305,-5559,-2419,3055,-5385,1520,-4305,-5310,-170,3129,-5725,-3872,2663,-2182,3273,-2618,3663,-1926,3273,-3854,-4586,-3200,-1604,-3494,626,-5925,-147,-2680,637,-5925,-147
9/29/2025,1150,2117,6976,2049,3263,5987,1875,5124,4759,1275,2362,6868,3800,15914,14255,3595,7361,2108,-444,17777,-504,-500,-1899,-4414,-230,5290,-1203,-560,-3459,2610,1150,2117,7981,2049,3263,6492,1875,7383,6757,-45,2873,6656,3800,15914,11925,1785,7361,18991,445,22360,26173,-560,1966,79954,-5,23335,26146,-560,4235,81029,631,3995,631,3995,2136,3995,576,4060,16939,12021,15014,-4015,8415,12879,11224,-6975,5365,8396,11224,-7255
9/30/2025,101,762,908,680,873,1805,501,-507,908,745,263,2048,155,-3085,-4940,-510,-2314,-4877,-1082,-1975,-2194,205,-4190,348,50,-376,-839,220,-3748,-1722,460,857,908,680,873,358,680,-353,358,630,1059,6034,155,-3085,-6546,-510,-2314,-5486,-915,-3760,-3471,-82,-2946,13475,50,-3760,-1525,220,-2860,7418,-2142,1794,-1755,4634,-2308,2864,-2635,-518,-1485,-5434,1655,-1896,1421,-6066,-3293,-5017,2512,47,-3329,-3563
10/1/2025,-500,-3865,1389,20,-2345,-294,-97,-3865,1389,-475,-2718,-1781,-400,-4425,-5885,1225,-3615,-6810,-1190,-4291,-5726,240,-525,1620,-880,-2385,1058,1635,-525,1806,-475,-2773,317,80,-2773,560,80,-2773,560,-735,-1860,-3098,-400,-6000,-16405,1225,-1000,-6630,-90,-4130,-5506,1560,-1435,3235,215,-4130,-5107,1560,-525,4246,-2529,-1773,-1563,1625,-2848,-1773,-1245,1625,-4000,-6580,-3850,-2370,-6260,-2950,1671,723,-1847,-667,1671,723
10/2/2025,1610,-3208,199,1750,-3640,66,1980,-3604,199,1610,-2150,-1748,-175,-1795,-5150,-55,-3000,-4706,1800,-2885,-4743,2345,-700,-4877,1825,-2140,-935,2345,-1590,-3662,1610,-3675,-3276,1750,-3640,-2977,1980,-3490,-2977,900,-1350,-2900,175,-720,695,485,-3305,-11056,2150,-6345,-11948,2345,285,-23540,2365,-6345,-11948,2345,285,-23540,-942,363,-647,792,-958,363,-2624,792,-4080,-3961,-4325,-6135,-5812,-7374,-3740,-5848,-4265,-19,-3740,-6389
10/3/2025,-260,-1270,-5600,334,-1200,-5795,16,-1150,-5810,668,-1245,-7470,-140,2915,-6770,-410,750,5414,1640,6751,1328,1080,-2910,-6000,20,4220,-4010,830,-170,-7495,-220,-1270,-8060,334,-1200,-8255,270,-1150,-8270,65,550,-2483,-140,2915,187,-410,1460,9767,1640,6955,839,-82,-1774,-6890,20,6820,1250,830,-1625,-6890,-204,-5064,900,-3892,1158,-5064,-65,-3892,2186,-5883,3231,1899,2592,-1279,6058,11634,6300,-440,6058,-1930
10/6/2025,-585,1257,-2160,-721,145,-3900,723,1689,-2160,-580,533,-5340,1600,-1590,3150,2075,3525,-3730,2755,-2421,-4109,4105,-5675,-5195,2380,-340,2547,5940,-3595,-5595,-585,-165,-1943,-721,145,-6165,-721,145,-6165,-940,1145,-5370,1600,-209,6365,1095,2445,-3730,2755,-5370,-12832,8958,-8068,-33391,2635,-5370,-14720,5940,-10825,-39177,2022,-1393,2091,303,3646,-1393,720,303,615,-1129,-2460,-6530,-119,-3234,710,-5075,-1175,3846,710,-5095
10/7/2025,1255,-157,47,270,-832,1285,270,-157,845,1255,-940,769,40,2258,-4397,520,8217,3763,1450,3994,2683,830,7392,483,1440,1241,-1164,905,4124,4380,1255,-832,1168,270,-832,1878,270,-832,1908,-265,-2285,-560,40,2258,-953,520,8217,7883,1450,3443,4665,905,8845,2919,1440,3268,3418,905,7855,4340,294,-3444,264,-5790,-876,-3444,1948,-5730,2130,-6325,9386,1059,6004,-2083,-664,-4167,1548,1964,-664,-1175
10/8/2025,-854,-4182,-2290,-1665,-4185,-2290,-1670,-4096,-2290,-1685,-2100,-2320,-1760,-3595,-6820,-1005,-2550,-3180,-670,-4679,-6029,-875,2113,6340,-1285,-1668,-2991,-775,2207,8098,-2240,-4180,-2123,-1665,-4185,-2123,-1590,-4280,-2123,-1715,-4610,-5481,-1760,-9085,-18385,-1005,-2550,-3180,-670,-4980,-7524,-910,858,14247,-1285,-4980,-7295,-910,2113,14914,-4938,-1586,-4220,-1741,-4058,-1586,-3340,-1741,-4055,-5890,-3735,-4500,-5669,-6629,257,-911,-5985,-5890,257,-911
10/9/2025,3970,4606,8156,3985,5123,7378,3980,5599,10319,4005,5818,6929,1005,5915,7295,1655,-1401,11456,3862,3980,12475,2270,490,-2844,3435,4023,4575,3645,540,-5556,3970,5218,8232,3985,5123,7268,3980,6376,8120,2485,6371,9125,1005,6251,10764,595,-1174,11895,2480,3742,10456,5352,-5376,16484,3080,3742,11044,3645,-4435,16858,3618,10942,3795,11113,5650,10942,4009,9838,-1195,550,-866,2462,-871,2543,-6127,-5915,2606,2898,-6127,-5951
10/10/2025,115,-152,4922,492,2104,4337,-84,-1451,3203,115,1116,6085,725,290,-6320,1640,3300,5435,1110,5030,6331,1580,1635,5016,1040,4168,1574,1575,1635,10040,115,938,4922,492,2156,4665,-53,559,4581,-605,-2880,130,725,290,-6520,1640,3300,5435,1110,5030,7863,1580,1593,2779,1040,4270,8305,1575,1635,3175,6588,-7363,6493,5080,4948,3967,7498,2049,4615,415,6945,3225,10981,14624,5900,-2960,10120,-3151,5885,-5350
10/13/2025,6,359,-3806,-353,755,-4515,-282,896,-5115,930,-769,-6418,1295,2242,158,759,2090,8779,2116,4839,2649,480,2534,-1693,581,-1310,1189,1915,2534,7228,930,383,-5144,-282,755,-7532,-282,392,-7532,1140,312,-4476,1295,2242,-726,759,2090,8779,595,2391,2427,1915,3358,-6310,830,2391,3272,1915,2534,-5709,-1232,-255,-1171,-4108,-1192,-255,-332,-4108,3290,4741,3355,13395,5688,3434,-3042,-3241,1835,3779,-3042,-1124
10/14/2025,1300,308,426,1550,846,-1678,1680,454,426,1350,555,-1683,390,65,4146,50,559,6312,365,447,4346,410,-435,1482,430,-2400,2509,410,-435,1482,1300,471,-5563,1550,846,-7060,1680,816,-7060,-120,1397,-12335,390,0,1195,50,-1755,-7882,365,-3010,-3048,410,-435,1482,430,-3010,-1280,410,-435,1482,535,-2793,-1233,-1978,135,-2793,231,-1978,1200,-6105,325,-2180,-2717,-3460,4752,-4430,1225,1130,4592,-4430
10/15/2025,435,1504,2095,920,1504,9014,1870,4452,2901,890,1504,5228,4300,6441,13991,1355,4218,3544,1670,5260,7974,745,7265,-5180,580,-845,-645,970,6829,-7220,890,1504,6579,920,1504,8166,1870,4452,10382,-825,-2130,1278,4300,6441,14285,1355,4316,4028,1670,7000,9038,-291,6648,5962,1675,6475,11040,970,7265,6525,5160,1405,6300,4003,5647,2480,5160,4003,8261,8704,5988,11233,10467,12677,9501,-6795,3986,33,9501,-7365
10/16/2025,250,-210,5859,95,601,5285,110,5609,6712,250,1921,3526,870,5350,-4365,1035,2010,-820,1545,2151,-6545,1595,2294,5006,1210,560,-4620,1595,-4455,18079,250,641,5859,95,601,5285,110,593,7625,-390,-650,85,870,2335,-1475,1035,2010,1480,1545,2751,3658,1595,3216,17596,1210,2010,3272,1595,7147,14807,45,7824,822,7715,2548,8539,2270,7715,2385,-5355,4345,4126,3798,-7141,7710,854,4712,-5030,7705,17164
10/17/2025,235,-322,-3392,360,-1330,-4957,50,-191,-5035,235,-405,-2965,335,347,8938,960,-1595,1484,1135,904,13448,1340,1447,4177,1220,-1488,357,1315,1447,2869,235,-405,-7122,360,-1330,-7189,50,-1571,-2744,-1320,-2145,-9022,335,413,7527,960,-1595,1484,1135,2220,13448,1320,1225,4589,1220,1855,12457,1315,1447,7954,-2733,-3587,-2215,-2219,-1421,-3389,-2149,-2190,963,-124,-1630,-1717,1148,7314,3920,301,1511,-5120,3920,301
10/20/2025,1930,5850,1848,2465,5825,1848,2398,4810,1848,1930,5043,3284,2375,-623,-6269,3203,8319,-2177,1404,7620,-5179,1105,1620,-4176,-64,819,-4500,1105,1277,-6251,1930,5850,3836,2465,5825,3836,2398,4810,3836,3380,6300,3836,2375,2432,2757,3203,8154,-662,1847,7275,-943,1105,1605,-7744,960,7275,-545,1105,1620,-7107,3580,1656,3530,-455,3445,1656,3780,-455,6513,-5840,9421,-3883,10831,-4400,-5670,-3516,3772,-5840,-5670,-3516
10/21/2025,2279,3332,-1712,256,1124,-695,555,3377,-1712,890,1701,-1940,2865,8131,-831,2681,7032,-1450,3215,5890,234,2370,8340,3115,2172,1487,-4450,2370,8905,1137,1025,1479,-2194,206,968,-2425,490,1275,-2425,130,1856,1865,2865,8192,14796,2681,8297,1989,3215,5489,199,3567,12496,-796,2970,5489,-1389,2370,7959,-7093,510,-5830,1315,-5830,646,-5830,1315,-5830,7063,-780,6977,-616,6445,-3347,-219,2232,-1308,-3519,-219,1787
10/22/2025,475,1350,11683,460,3910,13035,415,1012,11349,670,1348,13407,2805,3285,-5505,1850,4455,-2411,3715,8480,5790,2355,9985,1483,3875,3656,1459,2355,9985,-5566,475,2390,12136,460,3910,13035,415,1809,12305,535,2445,11891,2805,3546,-10230,1850,4455,-5900,3715,8480,5790,2355,8892,1060,3875,7705,6309,2355,9985,1283,4786,12676,7159,14709,6275,12676,6184,12414,2625,-4946,3945,10156,8567,8974,13498,15366,1520,458,13423,15366
10/23/2025,-1456,5406,2979,30,5498,1386,-525,5503,2387,245,5501,3894,-920,-4425,-6966,-535,-535,-2329,2022,-3803,-4043,-1065,-1489,-3137,875,-1254,-2556,-965,-319,-3708,-75,5498,4503,30,5498,5079,-305,5440,4939,330,5106,6093,-65,-1922,-12250,805,-535,-2035,2342,221,-4577,-1552,-4530,-16882,1195,221,-5352,-1075,-4459,-17765,1504,4614,1929,3069,1770,4327,1674,3069,3790,-4852,694,-2210,3319,8180,4668,-4960,64,-4330,4668,-4800
10/24/2025,260,1805,1514,1395,1805,-42,1450,745,1514,740,885,-42,1985,1935,-328,1695,2365,-1343,2515,2140,-677,4247,-2815,-5346,4885,3029,3070,4117,-2815,-6464,765,1720,1514,1395,1720,-42,1450,1720,-42,656,2165,1859,1985,2340,8936,1695,2365,-5254,2515,2140,-865,4010,-1732,-8286,2285,2140,-865,4833,-2815,-8286,1558,-1450,1621,-3497,1530,-1450,516,-3497,7946,-3376,3194,-4159,3800,-3762,2064,5760,7854,-2815,2064,5760
10/27/2025,-645,-2120,1702,340,-2365,1702,-1156,-2120,1702,-600,-2100,3383,-105,-4295,-3724,220,-3538,-5120,-986,-2550,-1031,730,-135,6176,-1400,-2855,-4490,610,35,3567,-645,-510,3354,340,-510,3354,340,-510,3354,-1000,-1780,2123,-105,-15890,-18291,220,-7465,-1889,1085,-9520,-5819,-1483,-1493,9100,-245,-9520,-5140,-55,-135,10029,-3273,-2116,-2360,-1524,-3181,-2116,-2885,-1524,-3990,-6663,-4615,-6370,-6628,-6283,1165,3426,-6900,-5750,1165,6233
10/28/2025,1060,1874,-4758,1495,-365,-4758,772,189,-4758,1395,1010,-4773,-1860,-4230,-6765,-720,-3901,1778,-1815,-4360,-1692,-800,-860,5355,-1375,-1040,-1575,570,-860,11128,1060,1340,-6300,1495,-35,-6300,1020,-195,-6300,1718,504,-2600,-1485,-1905,-4810,-595,-1015,2190,-1390,397,6403,1864,-860,-155,-895,397,8499,2440,-860,-155,1095,-3933,2521,-3933,1855,-3933,2536,-3933,-4450,-7420,-446,-1217,1233,-3587,60,-400,-2525,-5865,60,-400
10/29/2025,4163,9321,5450,3295,9945,10451,3430,8740,5450,4390,9945,8324,6865,15695,27208,5975,19998,42083,8543,20515,37883,5858,16413,16700,7144,12122,-2419,7028,14475,19515,4570,9945,12126,3295,9945,10457,3430,9352,10457,3915,6410,10032,7665,15695,50036,5975,21723,43026,8405,21527,48252,6019,30127,59865,9888,21527,48966,7028,30127,53381,7090,3385,6670,4649,7335,3385,5955,4649,8656,29289,4685,29088,12360,29588,3543,6565,4733,980,3538,6565
10/30/2025,45,-1553,-1304,320,585,-860,-706,-1634,-1369,45,-180,421,440,-3599,-6891,1065,-260,-4567,1180,408,-6232,1360,2179,1967,1057,446,-1335,1360,1086,3472,45,475,-264,320,775,1685,385,727,1610,-955,-1185,-2378,440,-1921,-11566,1065,-260,-6145,1510,313,-9362,1360,-2702,3252,1405,1191,-7683,1360,1227,4752,-3214,-381,990,1986,-2423,-381,1740,878,-4366,-7433,1642,-5020,1226,-6429,4990,4862,1518,296,4990,7359
10/31/2025,215,738,821,325,-1730,996,-115,-476,2884,265,-1360,2579,1085,10886,8694,2830,2360,2137,1485,1715,9880,925,-1285,8502,1415,4471,2764,925,-935,7662,215,-1185,2348,325,-1718,2523,-115,-1285,3635,-430,-1925,-3429,1085,10886,11060,2830,4055,2880,1485,1730,13881,925,-412,18678,1365,1725,13881,925,-225,18678,5037,3307,4346,1148,3248,4005,4616,1263,5196,10414,4808,6473,5165,10490,5832,2770,651,1895,5432,9345
11/3/2025,1859,-461,-412,1369,-1203,1467,1921,1492,3982,840,-1110,-1785,670,1445,-443,610,749,-1313,935,1806,-2917,2750,-1510,-4520,875,-680,3287,2650,1195,-4819,610,-1689,-7935,1369,-2674,-11670,864,-2905,-10190,1895,-2879,-7835,760,1652,4947,610,1394,-324,985,967,830,2877,1362,-18848,950,967,-2249,2550,-1900,-22800,-371,-2442,-1164,382,1717,-2442,-1164,382,2909,5406,3452,-4864,-1621,-3748,-4713,-3630,1168,-2167,-4713,-4112
11/4/2025,810,-2136,-1141,235,735,72,210,-787,-1558,-110,-155,1550,265,333,-5950,410,-519,-6900,1335,939,-6443,115,4770,9883,1245,-1232,-504,535,2302,15229,810,260,-19,235,735,598,210,170,183,-1510,-830,-1085,265,333,-19220,410,-519,-11950,1335,1259,-9593,1481,4556,3421,1245,1259,-9593,1476,4556,4799,-19,-3153,-1996,-2030,1719,-3153,-2960,-930,368,-7255,1936,-7395,3947,-7345,13350,-1540,-2406,3398,13350,289
11/5/2025,170,-3205,5968,350,-2600,-1560,350,-3340,5968,170,-2555,-3292,1255,3900,-2020,470,3190,4325,2237,3773,8037,720,1137,-4675,1717,4862,-2135,1590,1137,-6860,170,-2510,-3050,350,-2510,-4179,350,-2510,-4179,-300,-1435,-3770,1545,5155,5720,470,3190,-270,2127,4546,478,1549,1020,-15853,1607,4546,1735,1590,1137,-15390,-559,1098,-25,155,571,1098,1165,155,4348,5094,1547,14758,3773,18735,1753,16005,4083,-1680,1753,15368
11/6/2025,345,3754,8349,150,5901,8920,-750,4628,8465,-205,6553,10802,890,2889,5865,-560,6608,11488,950,5311,15040,1340,2014,-1910,1520,4478,7208,830,4084,2785,-205,4983,8757,150,5901,8920,165,5634,9675,175,6124,10262,890,5122,11100,-560,6994,10295,1705,7445,10755,-538,496,-23427,1520,6278,11801,830,2014,-17500,404,3050,34,499,1512,804,1315,-1761,2604,6633,179,7892,4122,11095,1650,2353,2617,1400,1650,6504
11/7/2025,210,283,7244,240,2724,10443,-60,1526,5794,85,1409,10744,1245,2262,-3819,1625,1610,138,1180,3299,-7196,1315,-1718,6187,1834,1851,10432,1315,-470,4655,210,204,7244,240,2724,7028,-60,1832,7645,1665,3849,12491,1245,264,-7297,1625,1610,58,1180,2832,-7441,1548,-2723,-682,1335,767,-8639,1315,-1718,-3815,1744,4126,2214,6555,1847,4059,3769,2805,762,-6379,-560,7103,3108,1758,2027,-381,1185,1155,1867,14239
11/10/2025,-192,775,10855,275,775,12802,-122,775,10855,220,775,13338,-1690,-4397,-5458,-1155,-2320,432,-1560,-4058,7384,-1175,-4325,8914,-1055,-2118,2537,450,-4495,10205,220,775,11166,275,775,13338,290,775,13338,540,950,13731,-1210,-6247,-8033,-675,-2396,1121,-845,-3915,7384,-172,-4048,-6680,-895,-3915,6558,765,-4391,-5462,-184,6051,-1894,5284,-1863,6051,-297,5284,-4077,-7081,-756,1078,86,9337,-5101,5702,-2819,3012,-5101,5787
11/11/2025,1298,2755,5066,1455,3340,4128,1355,3325,6320,2450,2755,4497,2505,2535,6606,175,-490,-310,2510,-1490,-4335,1815,-3460,-2322,1845,840,1768,1645,-1335,-4307,1305,2755,5241,1455,3340,1497,1355,3325,3253,2080,2860,7983,2580,4449,8752,1280,360,-7730,2510,-3915,-12215,1225,1352,-37090,1795,-3915,-11800,1645,-3605,-39265,5504,6319,5314,6694,4864,6319,5416,6709,1280,-1956,4932,-1091,3856,-7151,-2250,-4089,161,533,-2250,-4089
11/12/2025,1745,1789,-1265,825,2240,-398,1121,1789,-1255,1745,-445,603,4955,10997,27629,5711,12727,26548,4160,10743,30131,5075,15513,23817,3825,1691,1069,5075,9520,28217,1745,2240,-809,825,2240,-2055,1121,2240,-2446,1560,2355,-4560,4955,12788,34900,5711,13298,34342,4160,12058,32550,4866,15513,30151,3825,12662,35091,5075,15403,30520,707,4175,662,240,-1,2135,-595,1633,16480,31734,15015,26087,16452,29475,14190,26673,7607,2676,14100,25975
11/13/2025,1280,3691,-4156,1355,475,-1908,1440,1467,-4166,790,675,-2928,475,1221,1946,3410,4876,10142,155,5005,402,1870,6096,11836,350,823,-1196,1870,5015,8271,1280,540,-2568,1355,475,-3212,1440,-595,-3237,-275,-2235,-5572,475,-190,-471,3410,4876,10142,155,5276,4240,1870,7567,6970,350,5011,7888,1870,8371,8271,-1010,814,165,-1499,629,-3337,55,-908,5545,300,10273,10797,5871,7516,5122,5458,4235,9839,4970,26199
11/14/2025,55,3488,1806,175,2705,4038,1017,3083,2543,55,1716,3183,520,1269,-4751,235,1040,-2746,2145,3723,-4587,2178,1800,3753,1705,2059,-4495,2178,1795,2768,55,1716,1223,175,2705,2065,1017,1680,2050,1475,746,1688,520,534,1657,235,1040,-4242,2145,3344,-4774,2178,3288,3381,1705,2814,-2544,2178,1795,2768,6936,5046,4443,2878,4955,4123,3280,4669,-84,-3730,2050,290,310,-3830,-10,-250,1711,-3730,-10,-250
11/17/2025,2705,5976,12563,3075,8146,-4206,3625,7461,5338,4398,5018,4575,775,876,4533,1550,2290,2086,605,2575,4141,215,12015,13271,480,2925,5787,210,10195,9896,2705,7390,6821,3075,8146,4419,3470,7563,3394,4463,2550,2933,775,876,5527,1550,2290,2086,605,3111,4874,215,1214,-10795,480,2546,4006,210,3750,-9173,4240,4295,5340,8103,7294,5867,5706,5909,3035,5328,3765,2420,2044,-598,7565,4236,2855,2094,7565,-4378
11/18/2025,795,534,5726,415,825,4211,3591,3265,8118,105,1675,6112,1770,4121,2435,1360,4442,667,1485,5896,4097,2070,1441,-3927,1560,2127,4419,2070,1441,-3368,795,1475,5726,415,825,4211,540,1540,4969,1170,1037,1219,1770,4121,4999,1360,4442,667,1485,2806,1681,2070,3608,-2094,1560,2806,-2091,2070,1441,-2094,-52,4794,-972,1926,787,3901,-972,-2273,2278,5854,1062,507,1545,7981,1077,-1656,1886,8577,1077,-1656
11/19/2025,1165,3675,8469,1140,3778,9413,1195,2954,7331,750,3225,8332,2595,7639,13103,2670,5089,-1821,1860,7949,1789,2360,9354,-5145,2045,8908,14127,2360,9354,-7245,1165,3675,9233,1140,3778,9582,1195,4007,9424,750,3236,13277,2595,7639,15418,2670,5089,6664,1860,7137,9852,2360,8720,-8055,2045,6779,12679,2360,9354,-8770,5749,13286,5700,11529,4825,11719,2945,5656,9285,12165,4273,7430,7112,11901,-234,-6520,8553,8866,1051,-7100
11/20/2025,-520,-1605,-4205,-260,-1615,-1674,-645,-2090,-3979,-520,-1605,-3334,615,916,-2345,835,1567,3338,865,2228,58,845,1396,2582,940,-2965,-163,840,1396,2492,-520,-1605,-4002,-260,-1615,-1674,-645,-2090,-2611,-2140,-5172,-8690,615,916,-3717,835,1567,3338,865,2415,2508,845,1396,2582,940,1180,1242,840,1396,2492,2745,-2384,2680,-19,2325,-723,4445,-1549,-497,-1843,4004,3234,2162,-1153,9528,4124,788,874,9513,4014
11/21/2025,1625,3760,8474,1430,2720,6715,517,5679,3789,3080,3160,3617,1875,1480,5589,1740,-820,-407,2120,4372,6114,1725,949,-3284,1925,-1005,-426,1710,939,-2577,1625,3760,8474,1430,2720,6939,560,3298,4190,3580,2886,4674,1875,1480,5589,1740,-820,-407,2120,1229,6114,1725,3723,-4013,1925,719,2362,1710,939,-3923,-24,6154,1155,5420,1057,6795,3715,6233,2010,8465,-350,-653,253,8298,875,3656,-1250,131,870,-5613
11/24/2025,2884,-2575,-4813,2474,-2600,-4911,2585,-2685,-5700,1670,-2200,-4315,1515,-3910,-6030,2665,-685,1210,2228,-4024,-5435,1555,7110,-1566,1692,-2059,-1635,4050,7105,-1150,2884,-2675,-4648,2474,-2700,-4726,2585,-3730,-4316,125,-4316,-5359,1515,-670,-4767,2665,6325,4765,2705,7695,10853,4910,6989,8834,2295,7690,10163,4910,7105,8834,-870,-6644,-940,-2981,-885,-6726,-614,-3076,-3625,-6231,-776,-6776,-2827,-6641,10881,-2649,-1522,-2341,10881,-1970
11/25/2025,140,379,7741,951,687,5711,-172,437,4125,490,997,5078,320,-3750,-6904,395,-3155,-6160,31,26,-6705,300,100,-5180,445,-2060,-2772,300,585,-7390,140,687,7948,951,687,6483,-178,677,6458,320,45,4367,320,-6015,-3992,395,-4145,-3740,850,-3595,-9051,-634,-771,-695,445,-3595,-5999,300,100,765,2002,2010,2058,2709,481,1010,1841,2989,-3975,-6683,-3975,-6745,-6174,-7462,4257,-6650,-6400,-2928,3862,-6850
11/26/2025,430,-539,-1782,1417,-1550,-1980,1236,-804,-1782,30,-1157,-3840,-105,971,-6985,1968,1324,-3326,1685,1980,-4335,2585,-316,-4951,3285,-1800,-3007,3860,844,-6986,430,-1985,-3659,1417,-1550,-6060,817,-500,-6060,-1560,-1138,-4798,-105,-2135,-2201,1968,-2028,-12688,2315,-2530,-7169,3810,-406,-13540,2325,-3175,-9718,3860,-1610,-12816,-319,-1407,287,-850,-553,-1407,1125,-850,3697,2268,-136,-7290,-2876,-116,-5680,-1930,-2110,-1880,-5680,-1930
11/27/2025,695,6830,7110,1555,6815,7110,1555,6910,7110,695,5860,7110,1100,7090,5731,435,11555,13145,265,12295,16740,760,8790,9255,1110,1870,3161,205,7885,9442,695,6830,7110,1555,6815,7110,1555,6910,7110,640,4980,7110,1570,7880,8396,895,11555,15025,265,12295,19505,-480,10640,29490,140,12295,19505,-480,10640,29490,-1065,-2057,-1065,-2800,-1065,-2057,-1065,-2800,6875,2055,5130,-2000,7295,-1480,4940,-4335,1705,2510,4940,-4335
11/28/2025,-220,-807,753,-115,-807,753,380,-877,753,-220,-807,1013,2410,-3465,-3983,2225,-1725,-4566,2015,-459,-5306,2125,-120,4923,2175,474,-1461,2350,-120,7385,-220,-807,1013,-115,-807,1013,380,-877,1013,505,-40,-855,2410,-2700,-9156,2450,-1370,-4566,2280,-425,-5306,2350,-120,7180,2300,-425,-5306,2350,-120,7180,-1455,939,-1455,939,-1455,939,-1455,939,-771,-7125,185,-3885,347,-1704,3350,5458,-2074,-4465,3350,4375
12/1/2025,-400,255,-5206,-940,2270,-3405,-365,841,-5206,-400,1180,-1001,1225,1609,-3116,2725,4382,-257,2195,584,-2063,1981,1587,223,2040,2835,-2355,1480,1282,11192,-400,520,-2484,-940,2270,-3780,-365,1265,-3780,-630,1220,-1816,1065,1530,1880,2725,3185,-2992,2195,1365,-11362,3031,5861,12548,2040,845,-10484,1580,4085,12846,2241,-1308,-104,267,2241,-774,-1169,267,2609,-202,7001,10076,5440,-1226,10179,7613,1926,911,10179,26159
12/2/2025,1964,-1682,3813,3395,-2700,-304,4398,-2642,3290,2805,-1740,3268,4710,4670,13503,4155,1675,8050,6225,1489,8568,5520,3540,705,6550,1469,6988,5470,3540,-4103,3250,-1740,4003,3395,-2700,3487,3340,-2700,3972,2475,-3030,2666,4710,4670,13503,4155,1675,8050,6225,2385,8568,5470,4566,18544,6550,2385,8568,5470,3540,19399,1390,-771,550,34,1662,5878,-170,-600,2656,16210,-915,15402,1969,20037,7428,15041,496,9016,7428,10215
12/3/2025,-1118,-102,-4775,870,590,-4775,-324,-143,-4775,155,-1100,-4360,25,-4435,-6473,995,-1935,-6746,370,-2855,-6400,1781,3341,789,120,-2150,-3241,-100,2891,790,135,1425,-2488,345,1390,-1610,-110,1365,-1610,535,1720,-1924,25,-3705,-15910,995,-1585,-10745,400,4095,-7330,-2625,268,23425,890,4095,-7990,-135,1055,23855,-904,-3703,-2310,-3167,-2347,-3703,-2825,-3167,-3960,-6085,-4385,-6085,-5243,-6000,4326,-6085,-3188,-5815,4326,-6085
12/4/2025,875,7420,19681,1617,7400,20437,1725,7390,22304,210,2811,19002,4295,10082,25100,5560,10695,11923,5945,18115,28390,5730,21575,-1785,5895,5657,7662,5730,21575,-2012,875,8950,23051,1617,8935,23472,1725,8920,23972,200,6370,23344,4295,10082,26483,5560,10695,24214,5945,18115,38767,5730,21575,72085,5895,18080,38767,5730,21575,72179,6953,12550,6858,10067,6848,10839,5598,10942,16862,23503,7970,1207,10171,16871,6237,-3812,5924,5109,6237,-4012
12/5/2025,220,1317,-3133,70,1649,-1748,1730,332,-2003,220,-919,-2323,585,785,19361,1217,-167,8417,175,272,15870,3965,4706,-2709,145,864,8765,3700,2356,-347,220,43,710,70,1649,84,220,332,-2131,-1695,-2182,-2895,585,884,20308,1217,820,8417,175,820,13544,2517,15088,2647,145,820,13960,3675,15036,745,388,-854,590,519,513,465,4200,-752,3776,8886,3892,-2340,-1568,3437,5230,6035,395,457,5050,3142
12/8/2025,1104,3933,-902,2295,6264,5586,2105,5438,-347,1210,6434,9007,350,1539,-6245,590,4715,9899,802,5019,14467,160,5567,-3159,476,920,-4200,160,-1368,-4555,1310,5634,11103,2295,6264,11353,2245,7139,11112,25,3959,11238,350,1539,1373,590,4715,8834,802,6271,23921,160,3435,-32421,452,6271,23990,160,5567,-31415,4064,-2279,5724,908,5773,-2279,4915,908,1395,-6145,7609,3517,6014,6267,6659,-3465,1815,-4100,6659,-3684
12/9/2025,1189,4777,6765,375,4712,9019,219,5722,6765,2105,4027,7933,815,-521,-6243,2410,2391,-2037,3237,2771,-7045,-250,12781,4322,3163,-2186,-4530,7155,12244,3526,2110,4712,5752,375,4712,5752,219,5722,5752,3685,5891,6897,1243,4857,635,2410,2869,-8214,3469,3726,-9889,9593,12554,-16288,3395,3726,-9889,9690,12781,-17334,5174,4461,5455,2590,6507,4461,4415,2590,956,-7203,1788,-6085,2593,-6270,13110,705,5478,-5715,13110,705
12/10/2025,-1130,-1186,-4152,-1240,-1849,-4886,-1240,-1845,-4152,-1230,-153,-5691,165,1073,2824,-195,120,-7306,380,151,-5585,1200,691,-3026,60,1608,-27,1195,-1166,-2635,-1230,-993,-13034,-1240,-1849,-11371,-1240,-1849,-11371,-940,-3625,-11265,165,1073,2959,90,495,-9134,380,600,-16262,1200,1066,-23266,60,200,-15576,1195,1056,-21920,-2828,-5548,-2710,-4585,-2828,-5548,-1600,-4960,2989,5386,-2310,-1377,-1246,-6131,1430,-264,-80,3073,1420,-4330
12/11/2025,1291,-491,-1080,-185,815,-1364,-875,-491,-1080,1291,915,372,705,-3810,-6905,2188,-3735,-7432,-100,-1975,-7100,35,-2850,-5994,-790,-1516,-2946,720,-2850,-4995,1291,815,-834,-185,815,330,-875,815,330,-1195,-415,-320,705,-1260,-10010,2188,-3730,-11427,-100,-191,-11565,720,-2850,-16743,-260,-391,-8907,720,-2850,-15151,-1686,-6553,-225,-4330,-1647,-3420,-1395,-4370,-1389,-6784,1388,-7351,559,-7478,1631,-5580,362,-5915,1631,-3878
