,v0-10,v0-20,v0-40,v1-10,v1-20,v1-40,v2-10,v2-20,v2-40,v3-10,v3-20,v3-40,v4-10,v4-20,v4-40,v5-10,v5-20,v5-40,v6-10,v6-20,v6-40,v7-10,v7-20,v7-40,v8-10,v8-20,v8-40,v9-10,v9-20,v9-40,v0-10-unc,v0-20-unc,v0-40-unc,v1-10-unc,v1-20-unc,v1-40-unc,v2-10-unc,v2-20-unc,v2-40-unc,v3-10-unc,v3-20-unc,v3-40-unc,v4-10-unc,v4-20-unc,v4-40-unc,v5-10-unc,v5-20-unc,v5-40-unc,v6-10-unc,v6-20-unc,v6-40-unc,v7-10-unc,v7-20-unc,v7-40-unc,v8-10-unc,v8-20-unc,v8-40-unc,v9-10-unc,v9-20-unc,v9-40-unc,v0-20-cATM,v0-40-cATM,v1-20-cATM,v1-40-cATM,v2-20-cATM,v2-40-cATM,v3-20-cATM,v3-40-cATM,v4-20-cATM,v4-40-cATM,v5-20-cATM,v5-40-cATM,v6-20-cATM,v6-40-cATM,v7-20-cATM,v7-40-cATM,v8-20-cATM,v8-40-cATM,v9-20-cATM,v9-40-cATM
TOTAL terminal $,1052103,1787770,1741646,1045785,1785845,1789643,1039145,1719707,1640034,982799,1559671,1895963,1158450,1675534,1649489,1371389,2354623,2389956,1757446,3015989,3052438,2188583,4374170,2491447,1552692,1068567,448426,2266398,3727202,2671760,1055424,1823462,1920426,1063487,1811476,1928504,1046600,1764646,1864397,837053,1222520,1474027,1190998,2030150,2470349,1405986,2571791,3026999,1834636,3517051,4063710,2376649,5330406,7060149,1700840,3213557,3839584,2358756,5320584,7034022,1562846,1860887,1481247,1891541,1502483,1842071,1344468,1804340,1666742,1519625,1970458,2283905,2864900,2875130,3542921,3300261,1000879,427392,3493670,3386495
AVG terminal/day $,1375,2337,2277,1367,2334,2339,1358,2248,2144,1285,2039,2478,1514,2190,2156,1793,3078,3124,2297,3942,3990,2861,5718,3257,2030,1397,586,2963,4872,3492,1380,2384,2510,1390,2368,2521,1368,2307,2437,1094,1598,1927,1557,2654,3229,1838,3362,3957,2398,4597,5312,3107,6968,9229,2223,4201,5019,3083,6955,9195,2043,2433,1936,2473,1964,2408,1757,2359,2179,1986,2576,2985,3745,3758,4631,4314,1308,559,4567,4427
MEDIAN terminal/day $,1250,2126,1691,1300,2002,1808,1301,1934,1548,1087,1833,1961,1425,1862,-409,1685,2721,1562,2232,3544,586,2510,4757,-61,1895,1014,364,2657,4009,12,1250,2174,1966,1316,2060,2046,1300,2017,1885,979,1428,1500,1475,2978,3409,1735,3251,3879,2304,4517,4086,2786,6766,10000,2040,3977,3595,2671,6735,10347,1814,1727,1598,2011,1695,1621,1576,1992,1612,-638,1884,1394,3332,1197,3512,-140,1033,390,3546,-564
RETURN / worst-10day-loss,,296.4,84.8,2132.9,188.2,78.6,431.2,191.1,89.0,,150.5,63.6,,88.3,39.1,,218.1,73.4,,272.7,71.2,,21462.0,79.9,,99.2,20.3,,930.7,70.0,,201.9,58.1,483.3,147.4,69.3,221.1,104.7,65.3,266.9,66.9,33.8,2420.5,65.0,30.6,940.4,158.6,61.8,550.2,166.2,65.3,,13553.7,32.2,,164.7,58.3,1650.1,1793.2,29.2,151.7,69.8,98.0,68.8,144.3,72.7,113.5,72.6,62.9,32.3,187.4,62.6,346.9,71.9,137.9,71.9,42.0,13.2,132.6,63.2
WORST 5-day loss $ (~1wk),-1408,-9979,-19956,-3325,-9908,-18020,-4291,-9596,-19956,-2261,-8139,-20454,-2820,-15827,-31344,-841,-11927,-30105,-2762,-19014,-32376,190,-11043,-24721,-1855,-10029,-16935,-842,-13412,-28713,-2481,-9093,-25002,-4405,-11197,-24975,-5531,-10879,-22283,-4411,-15076,-28397,-6151,-39635,-89190,-3371,-18892,-57518,-6126,-24663,-58487,-3931,-20839,-159350,-5345,-27662,-62167,-2316,-26646,-163601,-8915,-16983,-12790,-22984,-8960,-15535,-11734,-22999,-19027,-32735,-12597,-26995,-18326,-28168,-21257,-29564,-19215,-23885,-21532,-30726
  worst 5-day END date,3/7/2023,5/17/2023,1/17/2023,12/29/2023,12/10/2024,1/17/2023,1/23/2024,12/9/2024,1/17/2023,11/3/2023,7/19/2023,4/2/2024,5/18/2023,4/28/2023,9/12/2023,4/28/2023,4/28/2023,9/10/2025,9/9/2025,4/28/2023,3/22/2024,6/4/2024,11/27/2024,8/3/2023,12/10/2024,6/30/2025,8/19/2024,5/10/2023,4/20/2023,4/24/2023,11/3/2023,12/29/2023,11/25/2024,12/29/2023,12/29/2023,1/2/2025,12/29/2023,7/25/2023,1/2/2025,3/7/2023,12/29/2023,4/2/2024,4/28/2023,4/28/2023,4/28/2023,4/28/2023,7/18/2023,9/10/2025,4/28/2023,1/29/2024,4/28/2023,5/10/2023,5/5/2023,4/5/2024,4/28/2023,4/28/2023,4/28/2023,5/10/2023,5/5/2023,4/3/2024,12/12/2023,3/22/2024,9/16/2025,5/13/2024,10/2/2025,11/3/2023,9/12/2025,5/13/2024,12/16/2024,8/12/2025,3/22/2024,9/10/2025,4/28/2023,7/20/2023,3/25/2024,9/19/2023,9/12/2025,7/5/2024,3/25/2024,9/19/2023
WORST 10-day loss $ (~2wk),1314,-6031,-20528,-490,-9488,-22759,-2410,-9001,-18430,821,-10365,-29830,1216,-18981,-42157,570,-10796,-32563,440,-11062,-42858,4926,-204,-31169,496,-10774,-22103,3360,-4005,-38176,1036,-9032,-33047,-2200,-12286,-27843,-4733,-16857,-28553,-3136,-18287,-43667,-492,-31249,-80795,-1495,-16218,-48973,-3334,-21167,-62273,622,-393,-219589,332,-19516,-65867,-1429,-2967,-240996,-10299,-26666,-15109,-27512,-10411,-25325,-11843,-24861,-26491,-46979,-10513,-36491,-8259,-39976,-25700,-45873,-23853,-32376,-26345,-53555
  worst 10-day END date,3/31/2023,7/25/2023,4/2/2024,3/31/2023,7/25/2023,4/2/2024,3/31/2023,7/24/2023,4/2/2024,1/20/2023,7/24/2023,4/2/2024,5/18/2023,4/14/2023,12/16/2024,4/3/2023,7/24/2023,12/16/2024,5/18/2023,1/29/2024,7/24/2023,5/15/2023,5/25/2023,9/26/2024,5/18/2023,7/24/2023,7/7/2025,5/15/2023,5/25/2023,7/12/2023,1/20/2023,7/24/2023,1/30/2024,3/31/2023,7/24/2023,1/30/2024,3/31/2023,7/24/2023,4/9/2024,11/1/2024,7/25/2023,4/9/2024,4/27/2023,4/14/2023,10/1/2025,4/3/2023,1/29/2024,1/29/2024,1/16/2023,1/29/2024,2/1/2024,5/17/2023,5/12/2023,4/10/2024,1/16/2023,1/29/2024,2/1/2024,1/29/2024,5/9/2023,4/10/2024,9/19/2025,4/2/2024,9/19/2025,4/2/2024,10/1/2025,4/2/2024,9/19/2025,5/16/2024,12/16/2024,12/16/2024,12/13/2024,4/1/2024,2/5/2024,4/2/2024,9/18/2023,7/12/2023,9/12/2025,10/29/2025,9/18/2023,7/10/2023
MAX LOSING STREAK (days),4,4,7,3,6,5,3,6,6,3,4,6,3,6,7,3,4,5,4,5,9,2,4,8,3,5,7,2,4,8,3,3,6,3,6,6,3,5,6,6,5,7,2,6,6,3,4,5,2,6,5,3,4,7,2,6,6,3,4,7,4,5,7,6,5,6,7,6,5,7,6,7,4,11,7,10,5,6,7,10
  losing-streak $,-1492,-2699,-21891,-1380,-11093,-5666,-1621,-10452,-12906,-2065,-5666,-15676,-2780,-17204,-24887,-1945,-6963,-28361,-4707,-19014,-49465,-200,-11565,-22027,-3428,-5890,-18786,-1747,-9096,-31429,-2130,-2192,-17518,-1380,-10175,-18671,-3156,-10879,-17813,-3898,-7539,-36642,-1315,-29898,-47116,-3325,-21614,-12174,-1195,-13916,-58487,-6102,-26473,-206139,-4355,-15312,-34099,-6450,-19678,-215347,-7933,-12120,-16857,-14303,-8960,-15350,-14934,-21251,-14224,-33259,-14926,-20756,-22839,-43060,-24003,-44005,-10252,-22605,-24838,-53555
  losing-streak END date,3/21/2023,9/12/2023,12/14/2023,12/14/2023,12/10/2024,11/20/2023,9/19/2023,12/10/2024,3/22/2024,10/31/2023,5/17/2023,5/18/2023,3/6/2023,4/10/2023,2/21/2023,4/3/2023,4/17/2023,3/22/2024,12/26/2023,4/28/2023,7/21/2023,5/16/2023,9/25/2024,2/8/2024,3/6/2023,8/10/2023,7/21/2023,12/26/2023,7/14/2025,2/8/2024,10/31/2023,5/25/2023,5/18/2023,12/14/2023,12/10/2024,5/18/2023,5/25/2023,7/25/2023,5/18/2023,8/21/2025,5/17/2023,1/30/2024,1/9/2023,10/30/2024,2/21/2023,4/3/2023,4/27/2023,7/3/2024,1/9/2023,10/30/2024,4/28/2023,1/18/2024,5/4/2023,4/5/2024,1/16/2023,10/30/2024,1/24/2025,1/18/2024,2/28/2023,4/5/2024,5/17/2023,5/17/2023,9/16/2025,7/6/2023,10/2/2025,10/25/2024,9/16/2025,3/28/2024,4/28/2023,12/5/2024,3/25/2024,12/1/2023,4/27/2023,4/2/2024,4/24/2023,7/10/2023,12/12/2023,7/20/2023,4/24/2023,7/10/2023
MAX WINNING STREAK (days),54,19,17,57,21,14,25,24,11,42,21,13,42,14,9,75,24,18,60,24,14,59,20,11,60,14,7,60,20,11,54,26,13,61,21,13,26,24,13,20,15,12,42,18,18,75,21,22,102,18,19,73,23,12,130,22,22,71,19,12,19,19,21,13,23,20,17,19,16,10,23,18,24,15,12,13,12,13,12,12
  winning-streak $,95261,68951,126951,94657,84743,36351,53071,77631,24491,71524,65040,66545,72247,68946,119493,159630,145199,205411,167936,186437,365099,202713,167757,141788,159795,55786,34517,227173,156113,162362,90988,113835,69292,106257,83141,75604,35796,83004,77083,33811,68220,64381,73258,86431,240012,159469,83104,285618,295445,129364,303543,238770,215391,371724,358557,145448,321445,260664,174398,382513,54903,130381,65081,87417,65747,147966,54275,170161,77405,66947,111486,167975,169975,214734,159315,229435,29557,57006,158389,206917
WORST single day $,-1499,-4480,-6000,-2000,-4498,-5995,-2495,-4485,-5999,-1930,-2995,-7500,-1995,-4500,-7000,-1490,-4000,-7500,-2000,-4500,-7500,-1500,-6500,-6000,-1495,-2995,-5990,-2490,-4500,-7500,-2080,-6925,-15268,-3055,-7365,-13629,-3145,-8379,-13629,-3650,-8420,-16890,-6265,-19325,-40215,-2840,-12355,-30300,-5320,-17585,-32935,-4925,-20800,-84311,-5565,-17690,-33485,-6861,-20090,-88440,-6710,-7481,-4490,-7400,-4490,-7481,-3500,-7400,-4500,-7500,-4500,-7500,-6999,-7500,-6493,-7000,-6985,-6000,-6493,-7500
  worst day DATE,6/7/2023,4/2/2024,5/22/2024,3/29/2023,9/26/2023,10/31/2023,12/26/2023,4/2/2024,10/31/2023,12/26/2023,6/12/2023,9/26/2023,6/12/2023,7/3/2024,3/31/2023,3/21/2023,3/2/2023,7/18/2023,3/31/2023,4/19/2023,7/18/2023,12/22/2023,7/18/2023,8/16/2023,4/27/2023,10/29/2024,8/24/2023,1/29/2024,7/18/2023,7/27/2023,12/26/2023,12/22/2023,9/28/2023,12/26/2023,12/22/2023,1/23/2024,12/22/2023,1/23/2024,1/23/2024,10/31/2023,1/2/2025,12/22/2023,6/12/2023,3/31/2023,9/4/2025,9/4/2025,8/8/2023,5/22/2024,6/12/2023,8/8/2023,8/8/2023,4/24/2023,12/13/2023,5/22/2024,6/12/2023,9/4/2025,5/22/2024,4/24/2023,6/27/2025,5/22/2024,12/7/2023,10/31/2023,3/26/2024,9/19/2025,12/4/2024,10/31/2023,12/4/2024,9/19/2025,4/25/2023,3/2/2023,4/10/2023,9/11/2023,6/12/2023,4/6/2023,2/24/2023,4/10/2023,3/2/2023,7/1/2024,2/24/2023,4/6/2023
BEST single day $,9502,19654,30999,7161,11986,27720,8745,22753,26471,8896,10788,30464,9693,20705,54657,9213,26510,44118,12233,29881,184872,17870,34689,52292,12193,14044,19761,17870,33474,57879,8783,18066,36341,7161,18430,30050,8745,22753,30910,8813,12135,28330,9693,20330,56498,9213,26510,55786,12233,29807,184872,17754,46597,102369,12293,29953,181002,19735,44739,104718,12270,32059,14334,30393,27223,33890,12454,29331,22127,46373,23506,42606,23494,57396,35695,200797,16362,20257,36215,200662
  best day DATE,10/18/2024,3/22/2023,2/1/2023,5/22/2023,12/4/2025,2/7/2023,5/14/2025,5/31/2024,8/28/2024,10/18/2024,2/28/2023,2/1/2023,3/28/2024,9/20/2023,3/18/2025,7/31/2023,5/1/2024,3/18/2025,3/28/2024,10/29/2025,4/9/2025,3/28/2024,2/21/2025,6/20/2024,3/28/2024,7/5/2023,2/28/2025,3/28/2024,2/21/2025,10/19/2023,10/18/2024,10/19/2023,3/22/2023,5/22/2023,3/22/2023,2/1/2023,5/14/2025,5/31/2024,2/1/2023,10/18/2024,4/29/2024,5/7/2025,3/28/2024,6/20/2023,11/14/2023,7/31/2023,5/1/2024,6/12/2024,3/28/2024,10/29/2025,4/9/2025,9/11/2025,7/31/2023,12/26/2023,3/28/2024,10/29/2025,4/9/2025,9/11/2025,7/31/2023,12/26/2023,5/31/2024,2/1/2023,9/24/2024,2/7/2023,2/1/2023,2/1/2023,5/1/2025,2/7/2023,7/5/2023,11/14/2023,8/15/2025,1/29/2025,8/15/2025,1/29/2025,2/21/2025,4/9/2025,2/28/2025,8/11/2023,2/21/2025,4/9/2025
opens/day,13.39,18.86,20.71,13.51,16.57,17.09,15.16,19.43,20.79,13.22,14.92,18.26,14.56,16.82,16.95,16.63,19.49,20.97,22.99,27.47,28.12,27.84,38.85,23.13,21.88,11.3,6.02,29.85,34.1,26.56,13.17,16.45,21.6,13.69,16.8,18.87,14.02,17.07,18.97,13.44,16.44,18.83,15.02,18.68,20.86,17.19,21.6,23.91,23.46,29.25,34.56,32.66,49.14,54.27,23.41,29.15,31.95,31.06,46.09,50.93,20.45,21.83,16.93,17.58,20.62,21.83,15.8,17.46,17.82,17.96,21.31,21.69,33.33,31.01,38.81,25.93,14.4,6.51,38.79,27.21
NEG days,103/765,171/765,293/765,133/765,172/765,284/765,167/765,193/765,301/765,120/765,185/765,291/765,113/765,283/765,397/765,82/765,206/765,342/765,104/765,227/765,371/765,68/765,194/765,387/765,107/765,288/765,354/765,60/765,203/765,381/765,88/765,155/765,282/765,128/765,167/765,281/765,145/765,177/765,292/765,185/765,245/765,308/765,97/765,225/765,317/765,72/765,184/765,297/765,78/765,187/765,300/765,58/765,164/765,308/765,71/765,194/765,307/765,51/765,177/765,307/765,201/765,274/765,197/765,277/765,222/765,274/765,208/765,288/765,294/765,394/765,225/765,324/765,208/765,329/765,266/765,394/765,288/765,355/765,266/765,400/765
WIN %,86%,78%,62%,82%,77%,63%,78%,75%,61%,84%,76%,62%,85%,63%,48%,89%,73%,55%,86%,70%,51%,91%,75%,49%,86%,62%,54%,92%,73%,50%,88%,80%,63%,83%,78%,63%,81%,77%,62%,76%,68%,60%,87%,70%,58%,90%,76%,61%,90%,75%,61%,92%,78%,60%,91%,75%,60%,93%,77%,60%,74%,64%,74%,64%,71%,64%,73%,62%,61%,48%,70%,58%,73%,57%,65%,48%,62%,53%,65%,48%
AVG WIN day $,1679,3476,5429,1817,3502,5328,1991,3526,5448,1616,3134,5830,1944,5067,9728,2104,5095,9335,2838,6770,12459,3220,8822,10315,2506,3182,3430,3304,7507,11463,1629,3417,6115,1840,3529,6180,1920,3559,6262,1698,3306,6074,1944,5601,13068,2131,5450,10921,2852,7274,14346,3462,10295,30352,2580,6882,14286,3399,10762,30779,3303,5498,3125,5591,3346,5453,2959,5580,5375,9667,4574,8084,6245,9912,8908,13486,3562,3723,8826,14333
AVG LOSS day $,-545,-1599,-2783,-755,-1669,-2703,-897,-1521,-2931,-471,-1377,-2960,-946,-2691,-4838,-752,-2371,-4530,-1109,-2730,-4970,-777,-3373,-3611,-879,-1549,-2706,-993,-2387,-4511,-520,-1661,-3642,-835,-1769,-3760,-977,-1813,-3738,-779,-2013,-4206,-1087,-4396,-10634,-926,-3201,-6980,-1564,-3637,-8644,-1162,-5162,-22014,-1226,-3657,-8760,-1265,-5631,-22906,-1476,-3041,-1476,-3001,-1402,-3029,-1445,-2958,-2923,-5221,-2199,-3930,-2920,-4366,-3358,-4289,-2412,-3085,-3390,-4577
PAYOFF (win/loss),3.08,2.17,1.95,2.41,2.1,1.97,2.22,2.32,1.86,3.43,2.28,1.97,2.05,1.88,2.01,2.8,2.15,2.06,2.56,2.48,2.51,4.14,2.62,2.86,2.85,2.05,1.27,3.33,3.15,2.54,3.13,2.06,1.68,2.2,2,1.64,1.96,1.96,1.68,2.18,1.64,1.44,1.79,1.27,1.23,2.3,1.7,1.56,1.82,2,1.66,2.98,1.99,1.38,2.1,1.88,1.63,2.69,1.91,1.34,2.24,1.81,2.12,1.86,2.39,1.8,2.05,1.89,1.84,1.85,2.08,2.06,2.14,2.27,2.65,3.14,1.48,1.21,2.6,3.13
(context) true MAX DRAWDOWN $,-1889,-10240,-25769,-3810,-11093,-24822,-4920,-10452,-21205,-2386,-10417,-34723,-3375,-28205,-83603,-2425,-14946,-38983,-4707,-19014,-51745,-2236,-15729,-39521,-3428,-12921,-34313,-3515,-13412,-45405,-2576,-9496,-33130,-4890,-12516,-34428,-6200,-17020,-35080,-4873,-18287,-59223,-7250,-60447,-136534,-4220,-21614,-59598,-7480,-26322,-65678,-6102,-33485,-233709,-6545,-27662,-70173,-6861,-38136,-247293,-12437,-30706,-16857,-28996,-13324,-29365,-14934,-24861,-26491,-80857,-14926,-54625,-22839,-55524,-30883,-53418,-29289,-54878,-31933,-63706
maxDD 7-day $,-1889,-10240,-21891,-3810,-11093,-18310,-4920,-10452,-20992,-2386,-9212,-20459,-3375,-17204,-34774,-2425,-14946,-30829,-4707,-19014,-41304,-2236,-15729,-27677,-3428,-12148,-18786,-3515,-13412,-35609,-2576,-9371,-32950,-4890,-12516,-34210,-6200,-13739,-28501,-4672,-15076,-36642,-7250,-39635,-89190,-4220,-21614,-57518,-7480,-26322,-64819,-6102,-33485,-206139,-6545,-27662,-65361,-6861,-38136,-215347,-12437,-18911,-16857,-24105,-11075,-19206,-14934,-24841,-19027,-35490,-14926,-30657,-22839,-33994,-24735,-38335,-25604,-29510,-25380,-42000
maxDD 30-day $,-1889,-10240,-25769,-3810,-11093,-24822,-4920,-10452,-21205,-2386,-10417,-34723,-3375,-28205,-83603,-2425,-14946,-38983,-4707,-19014,-51745,-2236,-15729,-39394,-3428,-12921,-34313,-3515,-13412,-45405,-2576,-9496,-33130,-4890,-12516,-34428,-6200,-17020,-35080,-4873,-18287,-59223,-7250,-60447,-136534,-4220,-21614,-59598,-7480,-26322,-65678,-6102,-33485,-233709,-6545,-27662,-70173,-6861,-38136,-247293,-12437,-30706,-16857,-28996,-13324,-29365,-14934,-24861,-26491,-80857,-14926,-54625,-22839,-55524,-30883,-53418,-29289,-42609,-31933,-63706
ret / maxDD30,557.0,174.6,67.6,274.5,161.0,72.1,211.2,164.5,77.3,411.9,149.7,54.6,343.2,59.4,19.7,565.5,157.5,61.3,373.4,158.6,59.0,978.8,278.1,63.2,452.9,82.7,13.1,644.8,277.9,58.8,409.7,192.0,58.0,217.5,144.7,56.0,168.8,103.7,53.1,171.8,66.9,24.9,164.3,33.6,18.1,333.2,119.0,50.8,245.3,133.6,61.9,389.5,159.2,30.2,259.9,116.2,54.7,343.8,139.5,28.4,125.7,60.6,87.9,65.2,112.8,62.7,90.0,72.6,62.9,18.8,132.0,41.8,125.4,51.8,114.7,61.8,34.2,10.0,109.4,53.2
avg peak capital $,764,1583,3120,773,1588,3102,774,1587,3104,750,1537,3107,769,1575,3068,775,1614,3171,813,1644,3202,817,1687,3153,796,1477,2574,823,1673,3167,767,1585,3149,774,1596,3146,774,1592,3151,733,1513,3107,775,1600,3170,780,1629,3211,815,1667,3273,825,1717,3353,806,1667,3261,825,1710,3359,1601,3004,1599,2946,1595,2989,1543,2928,1591,2935,1649,3052,1725,3096,1728,3082,1521,2471,1724,3094
ret on capital (daily $/$),1.8,1.476,0.73,1.768,1.47,0.754,1.755,1.417,0.691,1.713,1.327,0.798,1.969,1.39,0.703,2.314,1.907,0.985,2.825,2.398,1.246,3.502,3.389,1.033,2.55,0.946,0.228,3.6,2.912,1.103,1.799,1.504,0.797,1.796,1.484,0.801,1.767,1.449,0.773,1.492,1.056,0.62,2.009,1.659,1.019,2.356,2.064,1.232,2.942,2.758,1.623,3.766,4.058,2.752,2.758,2.52,1.539,3.737,4.067,2.737,1.276,0.81,1.211,0.839,1.231,0.806,1.139,0.806,1.37,0.677,1.562,0.978,2.171,1.214,2.68,1.4,0.86,0.226,2.649,1.431
profitScore ($20-norm),2750,2337,1139,2734,2334,1170,2716,2248,1072,2570,2039,1239,3028,2190,1078,3586,3078,1562,4594,3942,1995,5722,5718,1629,4060,1397,293,5926,4872,1746,2760,2384,1255,2780,2368,1261,2736,2307,1219,2188,1598,964,3114,2654,1615,3676,3362,1979,4796,4597,2656,6214,6968,4615,4446,4201,2510,6166,6955,4598,2043,1217,1936,1237,1964,1204,1757,1180,2179,993,2576,1493,3745,1879,4631,2157,1308,280,4567,2214
riskScore ($20-norm),-3778,-10240,-12884,-7620,-11093,-12411,-9840,-10452,-10602,-4772,-10417,-17361,-6750,-28205,-41801,-4850,-14946,-19491,-9414,-19014,-25872,-4472,-15729,-19697,-6856,-12921,-17156,-7030,-13412,-22702,-5152,-9496,-16565,-9780,-12516,-17214,-12400,-17020,-17540,-9746,-18287,-29611,-14500,-60447,-68267,-8440,-21614,-29799,-14960,-26322,-32839,-12204,-33485,-116854,-13090,-27662,-35086,-13722,-38136,-123646,-12437,-15353,-16857,-14498,-13324,-14682,-14934,-12430,-26491,-40428,-14926,-27312,-22839,-27762,-30883,-26709,-29289,-21304,-31933,-31853
GOV lossMax $,-1500,-4500,-6000,-2000,-4500,-6000,-2500,-4500,-6000,-2000,-3000,-7500,-2000,-4500,-7000,-1500,-4000,-7500,-2000,-4500,-7500,-1500,-6500,-6000,-1500,-3000,-6000,-2500,-4500,-7500,,,,,,,,,,,,,,,,,,,,,,,,,,,,,,,-7000,-7500,-4500,-7500,-4500,-7500,-3500,-7500,-4500,-7500,-4500,-7500,-7000,-7500,-6500,-7000,-7000,-6000,-6500,-7500
GOV worst floor HELD $,-1648,-4500,-6000,-2000,-4500,-6000,-2495,-4500,-6000,-2000,-3000,-7500,-2000,-4500,-7222,-1500,-4000,-7500,-2000,-4500,-7500,-1500,-6500,-6000,-1500,-3000,-5990,-2500,-4500,-7500,,,,,,,,,,,,,,,,,,,,,,,,,,,,,,,-6860,-7500,-4500,-7500,-4494,-7500,-3500,-7500,-4500,-7500,-4500,-7500,-7000,-7500,-6500,-7000,-7000,-6000,-6500,-7500
GOV days over cap,0,0,0,0,0,0,0,0,0,0,0,0,0,0,0,0,0,0,0,0,0,0,0,0,0,0,0,0,0,0,,,,,,,,,,,,,,,,,,,,,,,,,,,,,,,0,0,0,0,0,0,0,0,0,0,0,0,0,0,0,0,0,0,0,0
GOV covers deferred,15,76,666,13,115,695,31,116,786,4,427,175,0,411,3424,42,1284,3083,516,2796,9105,570,1000,1861,125,9,0,191,1524,1523,,,,,,,,,,,,,,,,,,,,,,,,,,,,,,,0,221,49,94,89,223,124,76,522,2623,717,1871,654,6040,917,1394,0,0,911,1263
GOV offsets bought,47,202,1343,11,197,1225,84,361,1515,1,232,1055,33,347,1279,3,234,1214,73,500,1723,12,738,2150,59,160,459,14,744,2498,,,,,,,,,,,,,,,,,,,,,,,,,,,,,,,56,887,167,843,337,927,192,827,223,929,196,815,244,1092,757,2096,24,299,747,2205
GOV offset spend $,12886,67350,559202,2725,71714,555313,26229,131787,648491,227,87915,462450,7146,111950,497149,526,79513,483617,17854,162065,664022,2555,286935,960649,15345,58179,206147,3818,282499,1146997,,,,,,,,,,,,,,,,,,,,,,,,,,,,,,,16055,347229,53144,347771,99922,363161,60074,341427,61578,334839,62613,323366,71991,419531,248485,886628,5876,128989,244896,932264
GOV opens blocked,164,139,1478,139,250,1823,57,164,1561,28,1170,885,515,2148,4450,467,1673,2816,665,1948,3953,2712,6078,22322,921,2588,3014,993,9548,20195,,,,,,,,,,,,,,,,,,,,,,,,,,,,,,,15,879,447,1402,223,919,1133,1417,1899,3696,1107,2186,448,2952,7699,21354,457,3443,7697,20501
WING conversions,230,1522,1954,555,1572,1971,894,1822,1942,234,1156,2133,207,1452,2001,261,1407,2128,391,1659,2164,459,2417,2082,345,909,1300,494,2164,2271,173,1439,2618,570,1704,2792,822,1911,2867,380,1431,2762,203,1749,2907,278,1595,2671,369,1897,2892,774,2638,3310,332,1815,2791,515,2734,3280,1427,1865,1249,1913,1470,1867,1030,1856,1150,1803,1169,1843,1615,2052,1759,1943,1047,1285,1749,1968
WING spend $,47511,341114,465071,112149,349881,481422,175316,393421,465836,48740,259575,522195,42642,354980,566101,53245,339968,587304,80425,408555,597984,98487,648390,557580,69780,209272,325056,106526,559806,631312,35545,325901,659037,115603,381171,703192,160287,417430,716572,79712,325115,720661,43290,451241,976582,56876,397091,805001,78631,492273,913817,167291,746251,1259559,68695,465045,892563,111565,774719,1231501,323675,486091,276553,502611,325408,482095,229044,495941,290189,517961,288325,502621,412031,573757,466996,555932,247564,323160,463555,562078
WING days active,176,594,585,378,608,584,507,620,581,200,515,606,170,535,557,208,550,590,277,574,586,315,638,560,257,448,492,322,610,590,148,605,675,385,630,684,490,644,690,280,568,676,171,619,710,218,593,676,274,621,702,408,701,707,257,613,695,331,680,706,565,603,553,576,567,596,502,578,459,519,496,545,562,574,548,539,502,481,548,543

DATE,v0-10,v0-20,v0-40,v1-10,v1-20,v1-40,v2-10,v2-20,v2-40,v3-10,v3-20,v3-40,v4-10,v4-20,v4-40,v5-10,v5-20,v5-40,v6-10,v6-20,v6-40,v7-10,v7-20,v7-40,v8-10,v8-20,v8-40,v9-10,v9-20,v9-40,v0-10-unc,v0-20-unc,v0-40-unc,v1-10-unc,v1-20-unc,v1-40-unc,v2-10-unc,v2-20-unc,v2-40-unc,v3-10-unc,v3-20-unc,v3-40-unc,v4-10-unc,v4-20-unc,v4-40-unc,v5-10-unc,v5-20-unc,v5-40-unc,v6-10-unc,v6-20-unc,v6-40-unc,v7-10-unc,v7-20-unc,v7-40-unc,v8-10-unc,v8-20-unc,v8-40-unc,v9-10-unc,v9-20-unc,v9-40-unc,v0-20-cATM,v0-40-cATM,v1-20-cATM,v1-40-cATM,v2-20-cATM,v2-40-cATM,v3-20-cATM,v3-40-cATM,v4-20-cATM,v4-40-cATM,v5-20-cATM,v5-40-cATM,v6-20-cATM,v6-40-cATM,v7-20-cATM,v7-40-cATM,v8-20-cATM,v8-40-cATM,v9-20-cATM,v9-40-cATM
12/27/2022,-1055,-1895,-3850,-1055,-1895,-3850,-1055,-1895,-3850,-1055,-1895,-6080,235,1865,2288,-10,546,2288,25,1865,2288,-25,856,2065,-10,339,223,-25,761,2288,-1055,-1895,-6080,-1055,-1895,-6080,-1055,-1895,-6080,-1055,-3405,-6080,235,2446,5026,235,2446,5026,25,2446,5026,-25,856,5026,230,2421,5026,-25,856,5026,-2040,-6268,-446,-6268,-446,-6268,-862,-6268,5766,9169,5576,10671,5356,9319,-2170,-2210,3296,909,-2170,-2984
12/28/2022,1895,2402,1271,1866,3066,1380,-391,1056,1616,1690,4834,2822,437,-3544,-6989,855,-2901,-6137,1147,-1460,-6931,5658,9660,11227,1197,-326,-4590,6263,6576,2894,1895,4364,6634,1966,3066,7840,1182,2482,8309,1914,2806,6554,675,-1782,-6022,1135,30,5746,1805,2095,6688,4973,16369,42723,1435,-495,6126,6263,16721,45847,6553,5669,6559,6150,5777,548,6637,6150,-3538,-7113,9476,2167,118,2265,28412,-6875,895,-4410,28412,8707
12/29/2022,2000,8414,1268,2295,8510,-121,1291,8680,1268,1420,9760,27,685,4635,1979,2923,13724,11030,2915,15799,16870,4625,18782,4295,1310,-2525,-1859,4770,5460,442,2000,8570,6028,2295,8510,6908,1291,8197,7838,2985,10272,6323,1290,10127,6562,2988,13724,11122,2915,17535,18198,4770,25519,26021,2825,17535,21028,4770,26437,28705,4190,-1170,4472,-2861,4457,-1120,4532,-2861,1920,472,11365,88,13078,10406,17138,4711,-2929,-1170,17138,6110
12/30/2022,440,455,-5988,662,499,-5868,882,-1053,-5988,-165,999,-7253,475,650,-2588,1050,1741,-4448,1140,4481,-3029,805,597,-2616,515,-1685,3970,596,94,-4580,440,1269,-11468,912,499,-11468,882,-476,-11468,-175,859,-7300,475,9627,1338,1050,2181,-6671,1140,6058,-8152,596,-185,-26953,515,5843,-8348,596,-5511,-25554,-97,-3725,619,-4805,-769,-3725,1129,-4805,935,439,-149,-59,-2711,-3231,-1096,-3134,7216,2600,-1096,-7432
1/3/2023,1020,390,-5171,2885,417,-5488,1452,-150,-327,1095,-1792,-2217,2187,1540,-4843,550,4661,-1694,2180,3912,-4936,1602,-2272,-4765,655,-1321,930,815,-3251,-6497,1020,876,-1832,2885,95,-1279,2190,279,-1479,725,-567,-1376,1120,4051,6043,550,4661,2,995,6066,-6463,3009,1998,-14001,655,7136,-6866,815,1350,-13816,679,-1652,348,-4236,-201,-1652,-350,-4236,1903,-4084,3818,-1264,7387,-3705,744,-6008,506,-550,3423,-1865
1/4/2023,2365,1590,16560,2610,6669,18148,2840,7014,18830,2095,3176,18939,1055,6899,9793,1895,8975,1596,1005,7613,6784,1080,4431,-13,1490,208,4921,1030,4342,-3480,2365,2516,20059,2610,6669,23407,3515,8115,23236,2245,1511,20312,1055,6899,10784,1845,5905,-2887,1005,4662,1271,1030,3115,-32484,1490,2262,1277,1030,1181,-32900,6953,14923,6960,14456,6919,13943,4685,18523,7443,8790,388,-586,5539,6837,1203,818,1008,5647,844,-4763
1/5/2023,1060,4343,6953,1269,5013,8946,2573,3992,6971,1095,2938,9710,1190,3300,9318,905,5040,8906,1035,4792,11164,1300,4268,11761,965,844,4238,1300,2799,3896,1060,4217,10327,1269,5013,10413,2320,4706,10583,979,2510,9822,1190,3300,6836,905,4988,9281,1035,5082,12791,1300,2664,30192,965,4217,11796,1300,3555,30192,7767,9962,7573,11320,7912,9962,6703,11320,5246,9351,11065,4814,13083,12005,20290,8407,3158,4080,20855,6868
1/6/2023,350,-386,1645,100,1300,2834,-2003,1038,-1133,25,-2300,2669,-1605,-4159,-5767,-195,-3320,-6860,-1985,-4489,-5047,1785,4699,3562,-437,-2044,-2074,1805,3216,5755,350,1300,1757,100,1300,3336,-430,1300,3384,-195,2440,1705,-720,-7255,-11620,-150,-2935,-3245,-895,-6770,-3282,744,4326,22327,5,-6925,-5205,2025,6082,23426,1581,2916,3000,4033,-401,2916,2285,4063,-2674,-3888,1090,1364,-367,1288,6239,839,-2529,-1908,5904,-4092
1/9/2023,3466,3396,6097,1495,880,6123,1045,1499,7084,1365,2214,4127,1469,-2059,-5072,5,-3190,-7450,1547,-4328,-7186,3650,3935,15175,-7,-1040,2579,3565,4574,7590,1425,2314,6097,1495,880,5200,1045,1904,5215,1474,740,1422,-595,-4051,-12071,5,-4305,-11472,-300,-6143,-18249,5334,9222,-21121,-490,-7415,-20296,3555,2433,-19096,-1131,4559,-513,-168,6424,1759,-1581,510,-4265,-7036,-3985,-7294,-3671,-7460,-6480,21195,-883,459,-6480,4745
1/10/2023,-165,-3385,4068,-640,-1590,-289,-1875,-3385,4068,-165,-632,-6674,350,-297,62,1107,2648,5068,827,5754,708,410,8902,6563,815,741,3860,405,9046,10493,-165,-2020,2749,-640,-2020,-864,-1875,-2020,-864,-675,-1920,-4048,350,807,-4848,1107,2648,5715,701,5212,1764,410,7456,37209,1202,3689,4663,405,10100,40092,-313,-172,2045,-4569,-427,-172,150,-4569,182,-3330,3620,10465,4969,12777,11990,7435,1127,5735,11990,8840
1/11/2023,-1407,-1871,-4626,-1910,-1796,-2889,-1725,-2782,-4626,-1815,-1521,-2256,-805,-2111,-6585,-90,-3941,-6848,-615,-3846,-7475,1060,10272,13785,-370,-1988,-1960,1060,10593,14988,-1815,-1796,-3267,-1910,-1796,-1495,-1725,-1661,-1495,-1170,-3011,-4207,-805,-11415,-26820,-90,-6871,-10567,-615,-9440,-18030,1060,9413,38980,-370,-7957,-18500,1060,9413,39235,-2254,88,-58,2182,-1568,88,-2891,2222,-4496,-7425,-3521,-1234,-3363,-4835,10863,19578,-3053,-1397,10858,15830
1/12/2023,1525,4049,-4640,1938,4753,-4640,2130,5641,-4640,1015,-2325,-2504,1125,3246,7667,1225,2756,3699,750,4384,4117,820,-3004,-5850,1230,-553,-3033,815,-572,-5850,1525,4716,-2752,1938,5205,-1875,2276,5033,-1875,1145,1685,-1640,1125,3284,9725,1225,2756,3222,750,4706,1250,1678,-4261,-23119,1230,3327,2662,815,-4682,-21125,3217,-253,1828,-1567,3183,-253,2195,-1567,8253,15783,2952,7376,4482,7798,-4531,-4053,788,-922,-4531,-1480
1/13/2023,200,1672,-5060,-1215,1761,-5768,-1215,1484,-5060,375,1626,-2559,-1340,-3993,-6976,-445,-1960,-6937,-1855,-2487,-7499,460,6176,12487,-1230,667,-864,460,4695,16825,200,1761,-4337,-1215,1761,-2232,-1215,1481,-2232,-900,-1077,-3648,-1340,-8270,-18449,-445,-1960,-7764,-2880,-5355,-17911,460,6038,29602,-1230,-5355,-18326,460,8713,30461,233,2583,366,3776,-332,2583,456,3256,-4409,-7244,788,-55,-827,-5049,7393,16689,-772,1868,7393,19505
1/16/2023,-435,998,151,1015,1698,1057,960,1389,151,-410,-615,4280,-1405,-3745,-5930,-915,-3995,-6795,-1480,-4230,-6100,50,-4380,-1250,-1475,-1890,834,-870,-2450,237,-420,998,3788,1015,1698,3788,960,1389,3788,-878,-805,3788,-1405,-2265,-6670,-2030,-2350,-9430,-3130,-3585,-10360,-2180,-655,-15150,-3125,-2400,-10360,-2180,-655,-16750,280,1093,280,1430,-18,1093,280,1430,-4110,-4745,-3190,-6595,-6245,-6755,-5130,-4075,-810,4177,-5130,-3735
1/17/2023,408,4828,-5781,1770,3047,-5781,1678,2354,-5781,895,3301,-5331,5449,14856,13089,3869,13267,8290,5122,17099,12841,1290,-2278,-1960,5530,7316,571,1290,-1273,-31,895,2365,-6108,2750,3047,-9600,2185,760,-9600,880,4221,-7460,5449,19543,16154,3869,13267,10565,5449,17775,15511,1290,3609,-5830,5530,19806,16341,1290,1005,-2406,5975,-5549,942,-6351,2453,-5549,-1955,-6351,4780,4657,8361,9974,1144,3168,-4649,-186,2438,3885,-4654,1165
1/18/2023,971,-829,-880,1938,2301,1010,2323,269,-1035,1181,2877,1411,128,-4295,-6902,666,142,-7319,-197,-3020,-6796,3302,5315,-4544,895,-3,-873,3027,4166,-6779,971,1182,-105,1938,2301,1391,2323,1422,1421,1803,2689,705,485,-2733,-17255,666,1737,-6279,735,391,-9909,1505,12715,28053,895,66,-12481,3263,13497,28257,-1209,3811,-829,2537,-1024,3145,-919,2537,-3875,-7243,-120,-5271,-2093,-4223,7849,-6584,-471,-4815,7474,-7454
1/19/2023,-400,2642,5008,465,3520,185,820,3683,4898,-400,1978,3941,2680,4262,5763,3526,2620,2454,4331,7766,-315,3641,1214,-4529,3495,4437,2048,3641,2285,-5159,-400,2461,5735,465,3520,4447,820,2285,5381,756,3940,7294,2845,5135,19841,3526,1440,323,4331,8200,9960,3641,-3324,-28356,3600,7590,11005,3641,-4365,-35753,3605,6314,312,6570,4332,6314,794,10302,5932,741,2183,-2626,4120,-269,-2508,-3760,5041,882,-2508,-3760
1/20/2023,-1423,-2607,-1692,-1310,-1383,-799,-1528,-2386,-1692,-1220,-2269,-279,-1815,-4435,-6200,-1210,-3940,-7281,-1565,-4135,-7496,55,11076,20054,-1110,-2975,332,95,8349,22772,-1180,-1553,-995,-1310,-1383,-140,-1285,-1383,-140,-1545,-1588,-3849,-2710,-11765,-25870,-1570,-5280,-10696,-3445,-9045,-15869,-1138,12952,36656,-2330,-7570,-17054,180,14392,39265,-913,2290,585,2660,-1248,2290,510,2492,-4395,-6377,-2150,-4800,-3194,-7139,14648,23876,-6520,-1078,14648,22665
1/23/2023,2685,3941,5046,3251,3197,6040,4046,3513,4496,2930,3855,3019,1175,1650,4666,2590,5338,9973,5099,6630,12010,3417,2083,-2996,5410,-2430,-4495,3417,4009,-6380,2685,4040,3423,3251,3197,-55,4046,3569,889,3275,5308,143,1175,4044,23692,2590,5835,10177,5463,7517,11515,3417,8579,-1110,5410,6801,10799,3417,7403,-292,3887,5027,3764,6299,3581,5635,3843,6282,3800,7589,5737,13471,10966,11904,7805,-3480,1664,-1277,7805,-5030
1/24/2023,2860,3880,4111,3230,5039,385,4595,6434,536,3180,3768,2939,1385,10278,21058,1740,9058,26763,2700,15600,29997,3405,11003,2847,3105,8348,9816,3305,10707,-3889,2860,3880,3174,3230,5039,1114,4595,6434,-202,1400,3355,8577,1385,13649,34608,1740,9058,24995,2700,15600,28400,3305,9168,-743,3105,15385,28301,3305,8698,-1769,2863,1547,2043,-517,4504,2856,2385,-517,17062,21140,12193,25754,19614,20357,4452,-908,10071,12961,4447,1381
1/25/2023,-640,-16,2685,-45,575,7227,548,116,5859,410,51,5700,1125,-4197,-3761,-15,-3190,-6114,1260,-3711,-6575,190,-6277,-5986,1700,-2960,-1086,190,-2532,-3530,410,181,4598,-45,441,7080,728,1013,7186,1543,-3450,1723,1125,-1604,-10836,500,-3945,-12165,1260,-941,-10742,190,1756,-3652,1700,-808,-11467,190,2185,-2057,2151,3513,4443,4466,1185,4182,1363,3912,-2743,-6300,-2975,-6764,-209,-5456,-6225,-6985,-1679,-566,-6225,-7445
1/26/2023,-10,2050,1032,-725,1557,2770,-1139,49,723,-950,2802,2770,392,-3332,-5737,187,-1364,-5541,-1623,-844,-6172,813,-5641,4001,-343,1558,1256,813,-1660,7361,-10,1682,1413,-725,1557,2770,-545,1657,2705,-1035,1841,2159,392,-3332,-10528,187,-1364,-6579,-1523,-844,-8919,813,3114,7031,-343,-1612,2467,813,3332,6672,2380,1460,2827,1992,1399,1385,2599,1992,-3695,-3520,-264,4185,1476,3023,4465,4507,189,9828,4465,2450
1/27/2023,2380,3925,4483,2345,3070,5825,2368,3964,4217,2480,3655,6223,3590,3510,2424,3630,7070,9023,3740,12509,17686,6665,14115,-3815,3679,-2865,1594,7765,12989,-5014,2380,2919,4722,2345,3070,6625,2368,2635,6199,1895,3846,1598,3590,6585,9433,3630,7070,9023,4090,11661,19346,7770,13794,44404,4685,8548,19043,7765,14291,44971,2622,5282,1395,5442,3353,5412,3780,3298,416,-5504,6334,9633,12965,14925,13198,-5599,880,1300,14433,-4943
1/30/2023,640,-1464,-5928,-569,-1265,1544,-415,-1591,-5928,640,-65,-2566,710,-1157,-6529,855,2914,-3973,673,834,-5196,710,13377,20735,518,1253,-2904,710,11401,19166,640,15,-1488,-145,15,669,-10,55,669,315,-1180,-1145,710,-1478,-14841,855,2914,-6407,882,2241,-9892,710,17935,49489,885,-2252,-8338,710,17751,52151,197,-2309,991,1704,197,-2309,1146,1704,1149,-5244,5423,-88,3999,168,17757,40670,5013,-2894,17757,43151
1/31/2023,438,218,1609,-1577,-3945,1609,682,-19,1609,-177,-2305,-3768,934,6469,3864,5153,6204,-1135,5231,5888,-4408,650,3669,9881,464,-1073,-3149,690,3042,12266,438,-1399,-7162,-1577,-2037,-6103,682,-1637,-6103,-437,-2077,-3694,1034,104,-16180,5153,3312,-6637,5231,2674,-15854,3181,1676,37011,5078,3659,-16226,1515,5393,39504,2069,-885,-2033,-148,-2033,-885,-1285,-148,4072,895,1088,613,5300,6442,4006,13145,3338,-2182,4006,13741
2/1/2023,370,2661,30999,565,2485,8336,1483,2520,13031,420,2240,30464,1795,6833,11647,1685,7654,35526,2350,8718,12968,1696,8670,32019,1986,2630,1252,825,3866,33229,370,2885,30016,565,2385,30050,1483,2965,30910,680,4595,8580,1795,6411,9926,1685,7654,34681,2075,7204,35375,1352,10788,69688,1986,5864,34645,930,10183,69865,1696,32059,3454,12947,27223,33890,3484,12747,3803,7063,7425,15691,5093,37742,11320,46906,3275,786,10395,23937
2/2/2023,1425,3091,11678,2033,3142,10703,2063,3984,10177,665,4029,10050,1655,7307,1694,3100,8680,12013,4350,11865,17640,6550,7943,4994,2800,2592,-3153,6550,6935,5883,1425,2881,15123,2033,3142,16422,2063,3022,14327,2387,2287,7102,1755,10665,26151,3100,8470,23586,4350,12552,42174,6306,8853,44397,3025,12552,42563,6550,10769,54692,3261,15549,3411,15530,3292,16041,3471,10836,7014,13266,5947,24660,14774,39009,137,7782,9420,357,137,2456
2/3/2023,535,644,1997,-30,810,2185,-197,-226,-5997,-100,1560,-3465,85,-3821,-5283,670,-2044,-6985,620,-4268,-2204,5542,11008,-5910,665,-1277,-1333,5422,3418,-6386,535,1560,-381,-30,810,432,-1535,625,397,90,445,1577,85,-4770,-11597,670,-2439,-4193,830,-1293,2576,5142,15517,-1952,665,-1555,-4634,5422,18226,-2044,53,4468,390,1310,-365,2143,338,3072,-1680,-5449,-773,-1487,871,-5224,12529,11960,-979,-175,12629,-6519
2/6/2023,1451,7027,1968,1539,2661,1331,1311,3919,-2099,1781,2226,2372,820,7376,10117,1970,8163,7960,790,10406,2516,3090,14535,2104,658,6346,5319,3085,15138,-4403,1451,6575,5700,1539,2661,-1571,251,1542,-1571,976,551,-607,820,8075,10876,1970,8163,8584,790,10127,-519,2964,19127,-2329,658,5710,1256,3085,16896,-6805,4711,-1308,-1257,2304,-1918,231,26,-1474,5827,15991,13498,10151,11006,9556,441,11181,3397,13265,441,-610
2/7/2023,1745,2665,14481,1545,4728,27720,180,1133,24391,2095,5881,26504,1305,2791,14746,510,2210,28009,1400,3210,26356,1005,7075,23112,565,-905,1827,985,27397,26282,1745,5446,26369,1545,4728,27720,180,2186,16747,2550,6591,23283,1305,2815,18403,1230,4070,8469,1840,3750,8586,-595,8596,45314,1445,3435,24834,1025,8565,45683,5262,27485,5113,30393,3253,18174,3997,29331,3065,11154,4190,16585,4322,30243,11582,26214,3951,1984,10387,22995
2/8/2023,1250,3132,-2144,1530,4154,-3718,1847,3175,-1138,1250,2514,-3853,-305,694,-5070,1814,6458,16386,1472,9737,8701,9342,21942,16545,3350,-2445,-4790,11056,12036,22498,1250,4608,-2693,1530,4399,-3427,1637,4164,-3427,1220,2123,-1517,-305,-585,-8753,1814,9807,17210,1472,12769,9489,9815,23158,68534,3350,12325,8379,11056,22867,68636,1693,-2591,1419,-6448,1943,-2591,1419,-6448,-655,-7175,10870,16350,11008,3455,17125,4552,1015,-4790,16900,12160
2/9/2023,930,2374,2321,1125,2970,3931,604,689,2687,220,1290,2620,-1165,-4310,-6315,1470,2329,1872,178,1795,-7476,8380,27482,52291,485,-2095,-1628,8250,23135,53723,930,3240,3106,1125,2970,4677,1240,2952,5037,145,595,845,-1215,-6900,-23975,1470,2329,-291,820,2750,-4790,8380,27284,60224,615,850,-9015,8250,26789,57882,761,2424,2055,3814,1600,2424,2450,2265,-3620,-5537,-65,-3627,-4874,-3651,17233,65599,-1646,-2111,17088,66529
2/10/2023,880,6104,5385,275,2199,333,697,2904,3838,625,-980,4803,1833,6436,12140,2205,3287,5616,1589,4058,5542,-775,3243,-2241,1228,2872,2952,-1900,408,-1633,880,5925,7705,275,2199,5099,678,2901,-198,1403,4955,3709,1833,6436,15242,2205,3287,5360,85,5328,767,550,-8403,-42921,440,5498,1163,-3405,-14114,-31402,3109,7239,2150,7709,3402,7239,1962,4729,2040,6246,4441,1798,3629,287,-749,-4322,2914,628,-1369,-5625
2/13/2023,2915,3959,1890,2563,4981,3187,2634,3001,989,2485,5071,2835,-1560,-2819,-4222,1215,8081,18843,1010,4626,11425,4093,10064,-2284,-1350,1805,10,4653,3395,-3750,2915,5071,5789,2563,4981,2955,2634,3267,3080,3091,4061,7000,1600,11540,16991,2320,14134,20091,4987,15884,19448,4041,17139,3652,4631,15619,21430,4653,18343,3382,6250,385,5248,1290,5671,385,5453,1290,1791,-346,11280,8232,18542,13516,6790,-4351,4002,2473,6790,-5261
2/14/2023,226,3728,921,1196,3356,2531,1148,2977,-4321,1528,4392,-1468,440,3880,-990,1260,8877,-176,805,6910,-223,1510,13270,-5173,610,3339,2631,705,10136,5097,1528,5986,-1615,1196,4230,240,625,6294,-944,1015,2421,381,440,3880,-2145,1260,8877,-46,805,6910,1536,1510,13014,18702,610,2172,4113,705,11736,18778,5825,-1832,6921,-1080,5108,-1843,6106,-3917,6359,3738,9829,20962,13070,20126,26801,32550,8869,17157,26596,34479
2/15/2023,-1160,-276,868,-1780,853,399,-1780,-96,396,-960,466,3035,-1120,-4450,-6546,-785,-3995,-5489,-945,-4235,-7376,625,8798,1814,-1135,-2035,-2321,625,5721,2939,-960,1030,474,-1780,1030,3003,-1780,1273,3961,-1085,1428,-359,-25,-3375,-6205,-450,-3665,-7980,135,-505,-4190,433,7734,20721,110,-800,-3999,625,9734,21568,435,3884,1056,4287,681,4075,1461,4287,770,-638,317,758,3153,687,10635,3140,-1971,-1300,10285,2996
2/16/2023,1320,6714,2229,1015,2031,3023,1908,2351,3773,2415,2515,3871,1495,-1437,-2684,1400,830,2419,1850,-1675,-7480,1815,4425,10143,1600,1315,8949,1805,5910,12698,1320,2445,-3111,1015,2031,-1562,1985,2351,-852,2440,7005,6124,1495,-749,-6633,1400,-1310,-12727,1850,-1936,-14265,1815,-800,-32917,1600,-2666,-11048,1805,-485,-32575,5678,1102,829,1202,837,653,342,2267,-1553,-6921,1870,2409,-3539,3036,1946,10679,2565,6969,1941,14720
2/17/2023,760,-2047,1138,516,227,1925,76,-815,3693,263,349,1018,105,-304,-3560,512,2141,1483,715,2547,-4654,-1416,-4431,-3659,-405,4171,6684,357,-2436,-2143,760,-966,226,516,227,1925,76,-479,1817,-387,-156,-288,105,-304,-4480,512,2141,-7626,715,2547,-3943,2746,9175,-27016,250,1867,-12858,-215,3119,-29508,-259,-959,1558,2139,-476,1673,1127,1034,-1268,-6315,-1937,-4356,476,46,-1317,-63,2763,1802,268,-4946
2/20/2023,130,1122,4830,904,1022,4830,1314,1022,4830,130,459,6438,1274,-1095,-125,1099,2919,5298,2280,3618,6112,1204,3519,2809,1324,-2110,-3315,1209,2784,4104,130,1122,6047,1314,1022,6494,1314,1022,6494,-135,982,6494,1274,-1095,-290,1189,3573,5958,3254,3618,6772,1229,18593,33928,1294,3618,6772,1229,18593,33928,-1620,351,-1620,650,-1620,351,-1620,650,-865,-2435,-1065,-665,-1119,442,280,-2795,-2890,-4145,280,-1785
2/21/2023,-116,1175,521,1703,3038,1865,-183,1180,521,1320,3060,7275,459,-4181,-6760,1185,-3985,-7295,-750,-4496,-7485,2205,12219,12908,909,-2187,-4615,1525,10311,15299,1295,3178,5646,1703,3108,7465,1683,3108,7465,2148,980,4030,459,-9824,-27363,1185,-3805,-7639,1094,-6010,-17405,219,11535,53148,1120,-6170,-19098,1440,14974,54891,1713,5424,3708,7043,1679,5424,3217,7043,-4465,-2908,-2543,-3284,-1414,-6391,13076,29399,-2385,-4405,13076,24013
2/22/2023,275,2349,4,600,2713,708,338,1302,4,-95,2358,1029,-10,4542,13741,15,6325,10313,-105,1884,16507,5,14752,1428,15,1836,115,5,5488,-459,275,2813,8695,600,2713,4879,-710,593,4879,505,2378,-1367,290,5892,19467,180,7245,14224,395,6178,18945,5,19494,9136,410,3665,18182,5,20298,7917,3295,358,2603,-2632,3235,358,2328,-2632,4049,18226,4292,13468,4969,10452,14080,-5843,1477,-176,14030,-7095
2/23/2023,525,1794,1441,-35,2852,2902,1507,3512,2037,630,3537,4540,-635,9363,13647,-700,14,8586,205,297,5528,-935,-5072,-5061,-55,-827,10295,-1535,-4096,-5728,525,2897,61,-35,2852,2305,638,3147,3702,120,2965,5130,-635,9363,10443,-700,-1309,1089,205,6822,-1120,-1510,-5493,-28369,95,5872,-1415,-1535,-3182,-31191,839,8355,3802,6769,2062,8130,1194,8502,1909,17275,-2650,10512,-853,13753,-2574,-5227,1887,8344,-2574,-6629
2/24/2023,4495,7734,6005,2602,6906,4078,2548,6576,3385,1652,8438,-1064,5706,8812,14943,5481,5471,-1448,6281,4523,-2522,5186,-3023,-2644,6186,2933,10675,5186,2313,-4800,2182,6995,-6195,3308,6906,-6195,2548,6516,-8815,1830,5238,-9858,5706,9545,21752,5481,7097,10104,6281,8638,6424,5186,-4445,-43936,6186,8736,7961,5186,-8392,-44910,4094,-1484,6256,115,4484,-1484,1625,115,3293,7225,1852,-669,-167,-2969,-6493,-4228,1754,4187,-6493,-4664
2/27/2023,520,-2137,2637,19,5221,964,-355,-1118,1734,934,3146,1654,113,-963,4690,865,-110,1921,19,-3246,-1902,5172,-6350,-4700,-305,-1375,3683,4999,-4485,-2391,725,383,2581,65,76,2963,825,1339,3254,404,-412,14354,1086,1345,15648,1085,294,10267,955,-210,12529,2956,-7314,7480,465,-845,10967,4304,-5964,8418,4082,3132,3910,-2075,4412,3132,4300,-2075,3419,10763,4884,-1563,3732,661,-20,-6965,4430,-2002,915,-2714
2/28/2023,4605,11590,5453,6955,10297,5674,4615,7961,3745,5475,10788,4505,3209,15330,18744,3017,18374,10262,3881,13544,14189,2669,7094,2992,3399,5983,7728,2669,8063,3637,6125,10223,7147,6955,8351,7204,5403,8581,7179,5064,1621,861,3508,19767,33637,3067,14983,14997,3641,11497,17430,2669,8,-37939,3059,11147,18930,2669,-2140,-38784,6342,5976,9768,-1750,7016,5976,9293,-1750,12402,9683,6414,-54,2563,7355,8130,-6416,8361,8388,7588,-6476
3/1/2023,-572,-531,371,-1105,-2000,-830,433,4905,371,-1185,-2149,-1492,2485,4230,324,3765,7613,20800,2401,10913,13644,4007,13821,5531,2980,1484,421,4188,2980,4565,-1185,-1343,833,-1105,-1272,-2259,-582,1207,-2259,-1590,-3853,-1472,2485,4230,11719,3765,7613,21350,3755,10957,16608,2829,17071,31598,2980,10652,16385,4188,18534,31979,3595,-64,1436,-1221,5303,-64,-3365,-1221,4821,8593,4785,22269,6382,14736,17665,-1299,525,-389,17665,-1299
3/2/2023,-535,704,-3889,-1170,861,2484,-1313,304,-4316,-1140,-434,2611,-1960,-4310,-6929,-1155,-4000,-7490,-1715,-4225,-7349,-325,5631,22080,-1483,-2340,-4655,95,3026,23587,-535,1031,1766,-1170,861,3548,-1313,631,3498,-1085,837,950,-2325,-9961,-22686,-1990,-7075,-6160,-1715,-6666,-17795,5,5909,48686,-1095,-6836,-18290,250,6259,47726,2882,5314,2837,7248,2376,-4471,2191,8208,-3832,-7500,-3602,2560,-2888,-7492,5554,31808,-6985,-5195,5174,38848
3/3/2023,95,1348,3347,140,1804,3353,140,1348,3347,110,1700,5703,-540,-3814,-6708,1180,-2310,-2767,-420,-4339,-4694,905,12041,14881,-495,-1710,-358,1000,11129,14975,95,1804,7433,140,1804,7433,140,1804,7433,455,1956,3203,525,-6271,-13913,1180,-697,-2009,980,-2388,-5313,-745,13832,45263,535,-2632,-4351,1060,12994,48744,1691,3607,2986,6493,1504,3607,2416,6493,-4268,-7365,595,-346,-3539,-2220,10993,19041,-1605,79,10993,23404
3/6/2023,445,1551,-3000,-842,585,-2925,-337,-396,-2667,465,42,-2208,-280,-3973,-6937,-1290,-3415,-7460,-1460,-4229,-5247,-215,540,-4142,-1450,1013,-14,740,4247,-5217,445,582,-2431,-542,742,-1435,-497,-404,-3254,-1361,-3135,-7115,-280,-6045,-15492,-1415,-4980,-22230,-1460,-5210,-19755,2110,2220,-10135,-1550,-5323,-25669,2245,1687,-13429,702,2584,922,-2046,-1370,2632,-159,-2283,-3648,-5820,-4400,-6319,-5991,-4759,94,-5534,1062,3966,94,-6764
3/7/2023,-841,-3658,-4102,-48,-2540,-4717,490,-2345,-4314,5,-2175,-2857,424,1761,-1633,1280,3406,568,418,4655,9637,4766,7801,23994,804,-706,-5640,2665,7478,16156,-30,-2703,-4260,-48,-2200,-4792,987,-1305,-4792,-830,-2735,-2368,960,2065,3591,1214,3571,7729,1825,5898,12077,504,11907,37239,1940,4093,10492,2665,14208,35379,-4329,-2938,-2551,-2106,-3333,-2938,-2845,-2106,7484,9618,5901,11336,12553,20224,14319,15669,5254,-5375,14179,22021
3/8/2023,90,-1347,-2077,1791,-2,-723,1970,-1326,-3706,265,-2290,-3952,4347,4580,12607,3887,5830,14638,3817,5596,6841,3152,-425,-4510,4312,5633,4738,2007,1307,-2551,90,-1686,-5614,1791,-2,-6367,1970,-3183,-3137,365,-1848,-4210,4347,4580,14982,3887,5830,13268,3917,5596,5971,-2096,-4655,-10305,4402,6961,5476,-378,-5811,-9994,-3064,2071,-2566,4777,-1776,4893,-1237,1049,10506,10923,6969,16693,8669,7259,-3281,-2308,4109,5409,-3281,-3383
3/9/2023,1122,3737,3671,1190,3520,5406,2030,5712,3960,1470,3590,2678,-265,-3700,-6051,-525,-3407,-7490,-210,-4120,-7412,10459,-6245,-5965,-708,-2353,-1044,7764,-4436,-6165,1595,3804,2939,1190,3520,4373,2030,5712,3953,1620,2615,738,-265,-9081,-24682,-525,-6582,-21940,-210,-7495,-27430,7622,5798,-11253,-545,-8713,-28025,7764,5380,-16955,1467,5082,3013,3410,3902,4313,4892,5500,-4392,-7250,-3875,-7335,-6753,-7112,-6085,-6440,-3311,-807,-6085,17432
3/10/2023,395,-3757,3166,115,-845,2288,534,18,2951,955,396,-1434,1765,-17,16609,2275,5020,15288,2590,4872,9069,6880,12293,22535,2695,-1097,-1838,6835,7857,12469,395,-2098,-4503,605,-1375,-3344,1100,-525,-3399,770,-992,-7150,1765,2180,9422,2275,5585,15521,2590,5756,9650,6789,14115,25059,2695,3941,10589,6835,16897,24203,-128,424,870,1474,-872,424,-3180,1474,3839,9590,5503,16740,4960,18813,5100,2771,609,2198,4990,16342
3/13/2023,785,5009,9111,1336,4384,4349,2022,5438,2846,1280,2188,1562,475,-90,10705,560,50,4925,495,-199,5289,1205,-2,-540,325,1142,5251,1195,-7,-3928,785,2322,3516,1336,4384,3189,1665,4789,3343,1970,1605,613,475,239,11277,560,50,5141,495,-611,4865,3948,-24,-17333,325,-564,3587,1195,-7,-12717,1715,11370,2335,9695,4993,9437,3180,4611,6399,7818,7228,6458,3783,-3570,3088,4361,725,4266,3083,4440
3/14/2023,1048,6954,16634,1915,5437,14609,3178,9409,15994,2000,2903,14348,1480,3685,10998,7318,5119,21043,3211,10259,21577,1848,4924,3493,2071,1897,9697,760,3446,4295,2225,4455,18300,1915,5437,14641,3178,7325,14159,1045,4213,13819,1555,8018,32920,7318,6030,24876,3211,12570,29598,3728,8493,8230,2850,13495,30337,1710,8977,9020,5953,10367,5189,12162,7900,10367,4319,12162,2357,12700,9097,13092,14962,34200,9750,-3603,6210,9811,9745,-3600
3/15/2023,120,-514,-3930,978,869,-3874,-1098,-1220,-4040,310,-195,-2744,1355,6280,16580,1385,5056,7824,2684,6963,10307,150,8259,2634,2489,2073,1174,150,8259,9500,120,-635,-4036,978,199,-3975,-950,14,-4085,-660,-3130,-5840,1355,6280,14097,1385,5056,7824,2684,6963,11366,150,8259,17624,2489,5362,11540,150,8259,17184,4988,-3273,3702,-1884,3984,-3383,2232,-1884,6991,14720,3470,5335,10803,6195,17948,15355,3586,-148,18478,15235
3/16/2023,-55,1183,7082,-65,2534,7330,55,1369,7427,-5,2024,7277,509,-4040,-4220,1035,-870,-4179,-300,-4475,-5718,1310,11021,-3100,-1065,-2415,489,1310,9581,13897,-55,2619,7312,-65,2534,7560,55,2934,8046,785,2532,5953,909,-651,-14346,1055,765,-2918,390,3809,-7710,1150,9036,38671,1045,2865,-6635,1310,10698,39649,1921,6023,2454,6356,1720,5926,1829,7457,-1400,-5980,768,-13,-1366,-1504,16791,16593,-6220,-490,16896,17343
3/17/2023,-2,7371,8484,3390,10815,9933,2968,7100,8642,677,7949,7491,2163,11390,18835,4316,15262,22787,4368,11058,25802,5120,3212,-4547,4313,4021,-1409,5110,-49,-6523,677,9959,9229,3390,10514,8411,3268,9513,9217,127,8123,5631,2901,15165,32228,4316,22243,38068,4368,14208,39273,5120,12251,17815,4313,13353,35260,5110,12154,17396,6916,5802,7369,7482,6758,5802,6330,7482,13380,25082,12803,9844,15302,16217,4154,-5896,5945,1171,4154,-5666
3/20/2023,-735,2422,-1271,-1090,-2295,-157,-1910,3184,-1271,-505,-1680,-1405,1535,1441,-4064,1450,-42,-2037,892,-2430,-1039,1986,-3536,-5981,996,844,-116,1981,-4416,-7456,-735,2105,-311,-2210,2255,825,-2920,2720,825,-530,-160,2595,1535,1837,-4722,1450,6912,-279,892,-81,5796,1986,3108,25731,581,1649,5313,1981,5376,26822,5595,-2288,1532,1073,1460,-2288,2222,1073,2620,1551,2508,9218,-718,5994,3512,-6900,2885,1139,4167,-7450
3/21/2023,-700,-1089,-5995,-1720,3398,-1418,-1153,-4339,-5995,-700,1273,-2760,-1560,-3991,-6117,-1490,-3835,-7394,-1651,-4500,-2729,-1485,6118,2994,-1475,318,1103,-2195,8621,4489,-700,1905,-7757,-1720,1905,-6878,-2220,585,-6878,-1310,1930,-9354,-3110,-7662,-11780,-2355,-4630,-4714,-2495,-4270,-19660,-2580,7083,-6465,-2765,-5015,-11666,-2580,6750,-5644,7588,-344,-2130,2264,3786,-344,-1367,2264,-4459,-6831,405,-6473,-593,-5761,2200,7689,819,1174,2200,6481
3/22/2023,1760,19654,19830,2627,3402,19745,2197,2667,17745,1600,4503,20808,848,1663,9059,1140,3016,21128,1730,8918,14409,2019,14494,16951,1365,1730,-89,1853,7782,15496,1760,4570,36341,2627,18430,5534,2197,17743,6492,2585,6547,11243,848,3995,38353,1140,3418,8504,1730,9486,24979,2571,28465,23492,1435,8671,23118,2065,27995,26352,2573,7477,2810,2278,888,5207,3017,4463,1111,819,16464,18373,9157,16170,5901,8361,-835,-3675,5571,9885
3/23/2023,1400,4618,8854,1730,4649,9089,1241,5311,8916,1612,4078,10784,-106,-1722,-3155,430,-1825,-6330,1150,-40,-444,3940,-3898,-3547,472,2443,1138,3915,-2653,-5514,1400,4724,11784,1730,4649,13580,668,5311,13580,2738,7051,12618,535,-2970,-4732,380,-2065,-6580,1300,-1918,-8218,3564,4152,-8952,530,-1953,-7980,3915,-2683,-9222,5703,13881,5034,14109,5871,13881,5937,12009,-1136,-3386,-330,-7480,-1620,-3520,1225,-5153,4208,571,1215,-4197
3/24/2023,-1265,-4265,-5998,-1850,-4017,-2429,-2390,-4346,-5938,-1705,-2410,-5727,380,-4013,-6774,0,-3952,-6671,-1739,2481,-5240,-655,916,8180,496,-564,-2083,-300,6140,6004,-1755,-4290,-9606,-2440,-4497,-8045,-2440,-4545,-8380,-2225,-4740,-9202,380,-3785,-20507,0,-2898,-10160,-1229,-177,-12551,-300,-142,-2633,750,1858,-12697,-300,464,-194,-3288,-4943,-3069,-4677,-3894,-3789,-3045,-6405,-1620,-2199,-2230,-1093,-3518,-1627,-822,6285,-1651,97,-822,8838
3/27/2023,1760,1900,5497,2500,2473,6059,2520,2100,5726,2085,5364,6575,200,305,-4758,540,854,10765,1652,2759,786,7274,3885,15708,1480,1039,-4565,7560,2759,13230,1760,2553,4565,2500,2473,5197,2520,3989,5197,2450,6267,2426,200,1782,4230,770,2477,12607,2330,3962,12887,8031,8870,29447,1480,3597,12948,7560,10418,33858,3708,7365,1014,1199,3658,7365,344,1409,1371,-7353,3151,10973,6893,3730,5402,9900,132,-4565,5402,9346
3/28/2023,26,405,-2567,-305,964,-1769,-247,1151,-2567,-730,1290,-1197,1000,1218,-3524,1875,1778,50,2035,3837,-2155,1607,1586,-2361,1726,-367,4544,301,-1336,-235,26,964,-1939,-305,964,-1197,130,1439,-1197,-735,514,3267,1000,1534,-3784,1875,1778,-2678,2035,3837,-2818,4072,329,-44070,1726,4167,-5479,2341,355,-44656,1215,2745,1484,3124,1398,2745,846,3124,-1103,-4694,206,-330,2577,1782,-5453,-4082,1883,3878,-5453,-3399
3/29/2023,-436,-1480,-1757,-2000,-1135,-3915,-1980,260,-1757,-220,175,-2251,695,3904,-4684,20,1924,-5121,2585,3257,-6149,70,3225,-110,2065,3312,-741,125,2918,2470,-255,-1290,-1331,-2000,-1135,-949,-1980,-1135,-949,-1305,990,1447,695,4101,-3973,20,3016,-2236,2585,3618,-10082,125,5331,29977,2065,3970,-8153,125,4916,30798,39,-2342,1880,-365,422,-2342,2530,-365,1759,-3179,950,201,3794,3285,4556,4226,1283,-1175,4136,4182
3/30/2023,-242,3232,1158,943,1849,4348,869,2636,1158,2,1080,7744,3552,3154,8654,-200,4289,4991,3430,5514,8656,3360,152,-3685,2435,4638,4517,3715,430,-5218,2,3065,6513,943,1849,6605,869,2050,6605,-140,407,2968,3120,6787,19476,-1350,6584,7134,2295,8279,18033,3146,-2512,-19583,3090,8279,19412,3545,-2645,-19583,4313,4352,665,4831,3147,4352,1060,4866,-363,4183,4211,-2956,6516,-4070,4175,-1957,4567,2693,4175,-4407
3/31/2023,-255,-1803,-3913,-1325,2002,-2080,-1557,1371,-3913,-85,-2588,-1271,-1525,-4490,-7000,-1420,-3725,-4231,-2000,-4468,-7379,2519,9349,14280,-1100,-2345,-4680,2504,6843,14688,-255,-1457,-2070,-1325,-1492,-295,-1557,-1677,-295,-1390,-1346,-5326,-4340,-19325,-38075,-1650,-7875,-11484,-5205,-15845,-26540,2504,9802,34788,-3265,-15845,-26540,2504,10576,37457,-738,329,-455,675,-640,329,-995,675,-3800,-7015,-1226,-3603,-6981,-7437,9821,20330,-6860,-5225,9821,19346
4/3/2023,415,1631,-1469,-160,1892,-1730,1673,2393,-1469,530,1657,-805,2784,-2302,-3491,-325,-948,-2560,323,-2009,-5683,1773,4309,-481,3734,492,1920,1773,4634,-384,415,-370,-1221,-635,-180,190,809,0,190,105,1720,850,300,1365,1100,-325,-485,-5951,491,1155,-9270,2945,-9653,-46219,1110,123,-9142,1773,-8590,-44140,1494,1676,1656,2736,1133,1676,411,2736,-828,-1038,2089,-5006,-3307,-5407,5736,2486,2165,2307,5736,7543
4/4/2023,2797,393,746,2915,1041,-41,3360,214,746,2528,2232,-1297,1880,-380,850,2288,2408,11173,2855,2871,7744,4726,25628,2821,2025,1816,3277,4796,25280,15001,2797,3114,3112,2915,1134,4724,3475,1859,5659,4232,-2263,672,1880,-380,-463,2288,2408,11173,2855,3100,11926,3860,27800,62898,2025,3100,11809,4861,29224,62795,808,-113,1098,-1688,1620,-113,247,-1688,6539,8161,10454,23515,7349,17942,14492,7836,355,8783,14492,7526
4/5/2023,1620,2915,6533,600,2710,7217,900,2731,4989,1555,3800,6284,1971,-2835,-6055,315,-1485,-393,1850,-931,-3296,4405,-5135,-5141,2779,-1980,-4730,4405,-3826,-4239,1620,2915,8683,600,2766,9034,900,2922,7142,2020,3850,8017,1295,-1055,-363,620,-1795,-983,2525,-2000,-2658,4001,1268,-21919,3180,-2240,-6830,4405,983,-23730,3286,10680,3427,10442,3403,10670,3746,9927,-3580,-7490,-2170,-3985,-1445,-5916,-5340,-5937,-122,-115,-5340,-6546
4/6/2023,2250,-2267,-2654,1315,-1367,-4375,660,-2685,-2654,2300,-2110,-3027,-1540,-3953,-6808,1470,-3433,-6577,-1820,-3915,-6980,1620,-4559,-5995,-1076,-1192,-2963,1861,-3915,-6631,2250,-1055,25,1315,-1105,1252,660,-1200,1252,1480,-2180,-2869,-365,-8374,-17413,1470,-4520,-3780,-625,-1684,-6727,264,3889,20635,-310,-2224,-4197,1861,5207,21902,-828,-388,-338,750,-973,941,-2450,-579,-4475,-6848,-2040,-6640,-6521,-7500,-15,-6680,-6525,-5645,-15,-7500
4/10/2023,-1252,-4119,-4869,-1825,-2035,-560,-2050,-4179,-4869,-1570,-2370,-4255,1770,-3244,-5921,741,-3770,-7430,-1680,-3645,-7465,-1425,-6035,-5735,-1450,-2350,-4685,-80,-4480,-7490,-1480,-1730,-679,-2280,-1730,53,-2880,-1820,53,-1430,640,-795,1770,-4229,-10467,971,-3784,-7084,-2535,-7296,-6014,-493,1633,14420,966,-7084,-8866,346,2616,15371,-2819,-4284,-2671,-2447,-3078,-4284,-1761,-2447,-3800,-5960,-4500,-7440,-6994,-7485,-6350,-7000,-6370,-5475,-6350,-7485
4/11/2023,2105,5381,185,2454,5859,-261,3124,6594,-390,2285,5242,-1286,3666,6724,10146,1871,14285,16857,5084,10814,21002,3824,10294,2953,4490,1885,7379,3824,7222,3605,2285,5082,148,2343,5859,-2592,3779,6594,-2592,2985,4702,-1437,3816,11751,32153,1871,16786,23471,5760,15015,34535,3562,6101,18829,4640,15015,36926,3824,8533,19471,5522,-60,3995,-2452,5522,-60,3995,-2452,9310,13422,8275,9419,10807,10677,-2325,-1476,2532,10613,-2325,-1112
4/12/2023,298,1627,3152,1590,2522,3747,821,2996,7355,990,2815,4339,710,-3248,-6969,665,-486,-5607,1107,-438,-6349,560,12915,11101,216,-1936,-2352,695,8445,1717,765,2815,-92,1590,2522,9020,821,3239,4433,570,1211,-1618,710,-1707,-4810,1025,460,-77,1500,1048,2636,-458,14773,26945,890,1048,1328,955,14138,29347,-1108,2696,1118,2965,217,2644,933,2965,-3575,-7266,3117,-6360,-420,-4574,9344,159,-976,-2807,8674,13256
4/13/2023,800,442,3944,700,1477,5128,695,-858,3944,706,1694,4914,-1565,-4460,-6380,400,-4000,-5560,870,-4498,-7498,1194,11696,7762,480,-2400,-4605,2045,11562,14812,800,1322,3990,700,1477,5509,695,202,5509,476,-92,829,-180,-10500,-21065,400,-4840,-8300,1070,-4760,-8781,2352,12130,25873,1325,-4915,-8699,2644,13736,28771,871,3250,1806,5345,-610,3250,1856,3560,-4493,-7420,-2885,-5586,-2541,-6439,13137,16026,-2620,-5320,13137,14721
4/14/2023,250,178,-2894,-600,-719,-2680,-1980,-275,-1123,115,-1439,-1665,-175,-793,-345,-40,-1606,-5905,-41,-133,2393,-1260,-4130,-836,420,543,-2469,-970,-3630,-1072,250,-1380,1098,-600,-1855,487,-1980,-1989,487,-1920,-3848,-8733,-175,1206,2532,65,-1675,-6359,310,-2469,-1397,41,-2102,-16597,420,-2834,-2305,52,222,-17080,-1235,2712,-1581,-37,-1692,3323,-375,-37,4526,-2891,43,-4079,5684,-4875,-375,5008,4808,-2149,-375,5178
4/17/2023,-565,-1085,-2079,-255,250,-224,-1096,-427,-2079,-555,1894,-1758,1670,-2951,-4124,2010,-871,-6065,3517,2145,-7161,2230,-5740,-2740,3514,1135,2295,2417,-4101,-5824,-565,370,-1810,-255,250,-881,-955,504,-881,-660,934,343,850,-1593,-5419,2010,-634,-16102,3517,1996,-17678,3720,-7142,-43983,2630,1996,-16703,2417,-9525,-43983,315,-411,933,-2268,332,-411,471,-2268,-698,-1060,-2430,-6002,432,-1882,-5580,-83,840,3343,-5580,-4687
4/18/2023,30,6039,331,1225,6304,1071,3219,6253,1940,195,5552,4707,2790,11971,4055,2814,11720,1786,5231,22583,9760,6494,2184,-5438,4111,1773,-4305,7164,324,-6268,30,6039,1546,1225,6304,1686,1135,6293,2954,470,5512,4651,2790,14274,19391,2814,13150,9267,3652,20756,17332,8724,24635,-2873,3005,20947,15063,7164,23144,-2771,5437,3286,5956,3774,5053,3286,6091,3774,4851,2787,3422,-713,11706,6867,-2445,-3466,2314,-4035,-2445,-4032
4/19/2023,665,7332,8009,1910,7398,8350,1836,5838,9240,1080,5239,12784,-1940,-3057,-6965,215,-2478,-1987,-1980,-4500,-6544,1226,-1923,-3570,-1410,-2470,-4675,1226,-3096,-5121,1575,7445,14077,1910,7398,14077,1836,5838,14078,1710,7306,17228,-1072,-5516,-9661,263,-3665,-1306,-455,-2815,8003,1226,-215,21739,243,-2815,6293,1226,-2099,21739,5053,10419,5456,10620,4232,4952,5494,10620,-4355,-7025,-1140,-3578,-2285,-6020,-4024,-477,-2550,-5335,-4024,3286
4/20/2023,1250,3070,-810,1281,1451,-206,1091,-602,-200,1491,2045,965,1770,-101,-2969,1440,5074,1094,2932,1648,-7490,1510,4978,-4900,1845,5281,5862,1460,-2909,-4601,1250,3256,-2954,1281,1451,-496,1091,356,-1585,1606,2757,2801,1845,1786,7901,1440,5097,11965,2932,2288,6322,1460,3981,-10694,1810,3876,6558,1460,3946,-14070,782,-2504,717,-845,-2016,-2619,1682,-260,1202,-768,2951,2234,1390,-6055,-2298,-6216,4230,2360,-3133,-7182
4/21/2023,270,-333,-2523,-180,-196,-2480,85,-266,-2523,665,-213,-3239,2520,740,3533,2470,11727,11089,3205,13001,7467,1985,8238,-5063,2585,9085,-1282,1985,6720,-6533,1090,-394,-4375,1635,-454,-3313,1058,-524,-3313,840,1176,2751,2520,1485,6606,2470,11727,11315,3205,13935,18241,1985,16556,28351,2585,14564,17899,1985,18520,30116,-2392,-5984,-1948,-6403,-2392,-5984,-3295,-6403,8496,1131,9962,2244,9454,5629,-3814,-6925,-1098,-2948,-3814,-6113
4/24/2023,755,1502,421,-90,-1410,-1227,-800,-1977,421,790,-541,1883,-1165,-1887,-5520,-1325,-3966,-4525,-1170,-3613,-4580,-1240,-6029,-5130,-1260,1796,-4660,-2295,-3596,-6191,890,-1410,3857,-90,-1410,1372,-1300,-1485,1372,470,-2572,2321,-1685,-860,-7826,-2690,-3586,-21380,-3710,-3456,-17595,-4925,-14581,-56273,-2655,-3221,-22891,-6861,-15536,-62897,133,1775,-3035,4399,197,1775,-2510,4399,-372,-5398,-2620,-5150,-4933,-6127,-5466,-6770,-288,-4150,-5466,-6041
4/25/2023,715,-438,-2304,862,533,-1726,-417,-911,-2244,315,110,325,565,-3640,-7000,775,-3975,-7494,1415,-4440,-7500,1060,14257,28067,1140,-1923,-3113,1060,11271,22752,715,432,1240,832,533,1874,867,502,1821,265,-1200,-2403,565,-11480,-29965,775,-4795,-12536,1415,-5954,-16872,1060,16407,56805,1140,-6194,-17552,1060,17360,55912,840,2782,1436,339,629,2782,1249,339,-4500,-7441,-4005,-5361,-6554,-7472,18574,43985,-508,-2793,18574,50240
4/26/2023,1281,1068,8805,2044,2651,8848,1384,1068,8805,1735,483,6908,-280,-4485,-5893,-5,-3380,-7496,490,-4296,-6624,-1435,-2423,-4172,-605,-2890,3900,-960,924,-7441,1700,1878,7302,2044,1878,6666,2044,1878,6666,1903,-57,4491,-280,-6060,-6294,95,-5988,-5146,20,-5703,-4853,3550,-7361,-18496,-465,-8983,-3825,125,-9110,-24900,6639,3180,6590,7871,6654,3180,3792,7871,-2498,-4637,-3012,-6394,-5818,-6469,-5693,-5532,1158,1794,-5693,6835
4/27/2023,379,1769,4540,550,2893,6816,835,2378,5025,1040,3120,7394,-1575,-3205,-6935,-1135,-3625,-7440,-2000,-4490,-7496,2195,16231,15069,-1495,-2208,-4630,2680,15835,21481,790,2908,7802,550,2893,9613,835,2963,9568,1476,3811,8906,-5850,-18285,-35270,-2400,-7245,-10695,-5205,-8885,-16606,1686,16434,39059,-4565,-9205,-16920,2820,16231,41011,3791,9353,4969,11202,4079,7763,3375,11227,-3915,-7145,-4495,-7235,-5534,-7479,26589,23126,-2193,-5310,27779,25667
4/28/2023,-250,-217,-3017,-535,-405,-1042,-1060,-1749,-3152,739,-710,765,649,-2610,-4449,849,3019,3842,1154,-2175,-3521,1069,13030,11462,672,-1078,2388,1069,10617,13356,25,-405,385,-435,-405,1326,-1060,149,545,184,-1041,-1425,1099,-2950,-9835,849,3019,4220,1354,1570,-2562,-79,12198,50912,1200,-58,-980,1069,14894,52951,-46,1496,352,480,-45,1496,-1132,480,-2939,-4313,4023,7184,4513,-404,13201,19236,-1728,2398,13201,19456
5/1/2023,4924,10796,6159,1696,11007,4318,1440,10299,6159,5608,9167,5262,3175,7520,19178,2900,962,6815,2455,1996,9475,2275,-5550,-3373,2280,2001,10643,3680,-3972,-5713,5072,10932,6510,2204,11007,6641,1424,10299,6641,4811,11033,11974,3175,8023,30444,2900,962,9766,2615,1996,15762,3695,-14507,-44309,2345,2420,17935,3680,-18495,-44943,9027,2750,8611,-329,5832,2750,6986,-329,6895,25964,1546,11085,1075,13812,-5866,-6812,5291,10884,-5866,-6652
5/2/2023,1565,4426,5930,1202,5047,6657,654,3652,7012,1435,3866,7752,3081,15353,9916,-830,-639,2304,3319,8533,604,-1425,-4820,-1863,1450,6834,4811,-2280,-2585,-3926,1565,4771,6783,1202,5047,7712,2096,4045,8390,360,3578,10118,2432,14076,13047,3712,8324,3921,2020,10172,2738,2314,-7517,-32907,3400,9692,384,-225,-11070,-35512,3793,3774,3699,3733,3988,3774,1796,3733,6276,8477,1204,1897,451,-1246,-4336,-4396,2202,7281,-4336,-4396
5/3/2023,2493,8905,7778,1455,1534,8131,1780,8963,6770,1998,1544,6921,1342,1186,11653,1475,1012,10767,1810,787,23319,1948,11385,22255,1810,10649,3425,1276,12869,18803,2493,809,6829,1455,1534,9292,1780,1059,9292,1745,1374,7782,1342,2400,8301,1475,1114,8561,1810,1312,3467,1281,-3103,-8486,1810,682,3376,1276,-3111,-5144,5525,5874,3104,8281,8422,6749,1620,7181,1419,4620,1208,3344,6690,10680,2018,7807,233,13998,5319,8629
5/4/2023,1710,5797,593,2520,5583,4738,4109,3888,593,1800,5317,4323,1515,9220,9478,2480,3444,11946,1698,7378,26159,128,793,1012,1013,6039,6821,253,4156,-353,1800,5760,1461,2863,5839,1272,4348,5584,1272,2150,4200,2100,1515,9220,17341,2480,3035,6089,1798,8680,20033,398,-1346,-9486,1158,9795,24807,398,-1822,-8546,2477,2332,3531,1884,-1710,2332,2914,1884,7759,10041,4602,-1240,6703,3988,2145,-5915,4968,3246,2145,-1443
5/5/2023,1080,1969,733,-260,2616,3443,-576,2663,733,1318,3235,3796,-245,-2985,-3604,920,1881,7558,-45,1019,-1501,765,5750,1737,-1134,-1681,-369,1060,2929,7158,1080,2799,4952,-260,2616,6512,-295,2616,6512,1920,4463,7971,-155,-1464,506,920,2896,10643,55,5193,7671,-2078,5634,25129,-140,4868,10437,555,7853,29467,2190,13724,3070,14491,3083,13724,560,14491,-3689,-4922,-1515,3550,530,4225,2314,7057,-3788,-219,2314,8687
5/8/2023,-885,-2122,-2103,-1975,-3605,-783,-2010,-2122,-2103,-745,-765,1406,786,-1075,-1398,550,-3505,-948,-770,-4245,-71,-540,-3150,6063,195,-2010,-4590,-335,-1375,2015,-885,-3605,1487,-2630,-3605,2394,-2630,-3605,2394,-1040,-797,276,3055,4049,-7432,1900,840,-3740,2732,3445,-3824,-335,-12646,12349,3124,2755,-5325,-335,-11490,14275,-2902,123,-2100,-3053,-2197,123,-2775,-3053,900,-6145,2964,-1715,3303,-7500,-6485,-7000,-2460,-5210,-6485,-7420
5/9/2023,-495,-780,1601,559,2001,1601,391,1900,1601,-573,-19,3213,144,-2757,7622,-76,-904,7937,834,-4365,10683,1465,6631,4597,188,1102,3162,205,2308,-1264,-420,1,4314,1311,2001,4314,838,2676,4314,-425,792,4289,144,-2334,13252,-76,-215,14235,811,-3315,25726,321,13153,26387,303,-3315,25802,321,13153,26712,9311,-2411,6406,-2542,5424,-2411,4111,-2542,11420,11165,13627,2814,14479,12307,15381,-4295,12982,4791,15381,-4460
5/10/2023,-5,7237,8671,795,7268,10830,447,5798,12094,410,4384,16597,-1385,-837,2409,-1465,5307,7313,-1510,9581,8238,-1445,3807,-3031,-1060,539,4757,-2025,2932,-6561,410,7564,16368,795,7268,16614,659,6425,18294,1130,6312,7285,-1250,546,12914,-1330,3896,9622,-844,9880,13971,-2237,2533,4326,-554,10073,8410,-3255,5050,9241,4868,15763,2418,10010,1778,15763,2273,10010,1775,6994,4768,14161,7845,12446,6347,-4441,3834,4347,5967,-6040
5/11/2023,1979,262,-5264,1458,-1296,-3498,628,140,-5264,1510,1064,-3294,4735,11738,12004,1950,3010,1289,3784,10268,1805,3378,8155,-2518,3199,-1805,1423,1316,4857,-5495,1510,269,-4754,1458,-1196,-3973,875,-1196,-3973,399,-697,-4187,4735,19323,17282,5180,18465,5827,3975,14955,11531,1316,12898,-23338,3435,14821,9799,1316,12976,-25025,153,-3659,1847,-2052,-110,-3659,3087,-2052,11820,12231,5912,3461,9687,1650,403,-6875,-920,1320,403,-6321
5/12/2023,2525,-2362,-753,2410,-2369,1020,-98,-1981,861,1285,-1,-21,555,-1337,-4182,1400,2376,248,326,2858,11811,712,2155,-3278,703,-875,1432,4050,126,-7330,1280,-2018,-809,1825,-2222,-1169,555,-1651,-645,1095,-1105,-720,555,-1266,-325,1400,1450,409,1395,1421,14942,3420,4508,27749,1800,1036,14708,4050,4938,31538,-1799,-601,-238,2365,300,648,950,1513,-1307,-6440,1875,865,8720,17722,-111,-2126,933,6465,-111,-1965
5/15/2023,-825,-4423,-2978,-1885,-1694,-2640,-2070,-3423,-2978,-780,-2360,-2045,-1405,-2810,-5738,-1335,-3985,-6344,-1905,-4335,-7379,-60,-6417,-1973,-1360,-2820,-1159,-160,-4362,-4686,-825,-1530,-2383,-1885,-1595,-2045,-1885,-1595,-2045,-840,-462,-2780,-1405,-5028,-9516,-2290,-7750,-11080,-3085,-5678,-11138,-612,-4267,-811,-1835,-6048,-9125,-160,-2775,837,-1022,-1901,-3410,-3539,-1816,-1901,-3360,-3539,-4030,-4906,-4430,-4555,-5634,-4455,-6310,-6020,-6555,-1317,-6310,-7305
5/16/2023,978,284,57,621,795,-2300,1085,380,57,1146,-1105,-5744,5,-1811,-205,975,1598,-4398,1831,6252,-1319,-140,-3478,534,385,2847,297,125,524,-1346,1146,795,-2498,621,795,-6423,1085,795,-6423,-465,-1215,-7977,1268,2243,5117,1370,-510,-5529,1608,1435,-6501,1360,-3388,-48090,1556,615,-10501,285,-4079,-48090,-1382,-4851,-743,-5654,-1434,-4851,-3449,-5654,-2713,-3389,-2052,3804,2466,-2284,-840,-2893,3842,-1475,-1660,-3443
5/17/2023,-1175,-3739,-2670,-1105,-3292,-3800,-1105,-2187,-2670,-1010,-2200,-1804,-610,-4240,-6985,145,-3305,-5818,-1990,-4490,-7470,1446,231,8698,-80,-2125,-4575,1306,-417,3926,-1170,-4410,-1940,-1105,-3935,-603,-1105,-3935,-603,-1075,-4060,-504,-500,-4835,-13009,145,-4215,-6207,-1940,-2905,-7837,-932,3188,11009,-530,-3580,-7566,956,2884,11741,-3729,-1107,-2549,-2437,-2652,-1107,-1707,-2437,-4495,-7483,-2335,-5079,-1395,-4970,2151,8426,-5490,-5585,2151,3328
5/18/2023,1305,4919,-5090,1627,4910,-3908,900,2990,-4720,320,2560,-2769,-1365,-871,-6818,-370,901,-2330,-115,2000,13340,1515,3659,17459,-540,-1450,-5650,1840,2342,18573,1305,5410,-5134,1627,4910,-4459,900,2990,-4124,565,694,-1226,-935,-1392,-2835,-370,115,3207,-10,1837,7816,2177,1468,30454,-485,2125,6652,1840,2681,29679,4769,908,3929,4327,2620,1278,3949,4327,1272,-4765,290,1673,524,5987,7013,20373,-1377,1071,5408,19304
5/19/2023,75,2169,6042,248,2974,6876,868,5847,5474,135,1082,6035,2233,2142,-2274,1834,4001,11568,2125,3842,16893,2500,-2445,-5052,2510,2065,4034,2500,-3514,-5010,75,2572,7516,248,3377,8523,868,5914,7637,95,2135,6345,2233,3810,5520,1834,4001,11568,2125,4752,17309,2500,1444,13974,2510,4752,17515,2500,-1033,14904,3975,2874,2604,4021,2774,2874,3262,4021,621,-5079,607,-4275,4023,-5123,267,-6208,3892,-225,267,-7043
5/22/2023,3160,6168,1808,7161,6941,1808,5991,6706,1808,3200,3387,943,4205,7378,8879,3270,5877,4362,4820,4113,7597,3615,2329,-2693,4145,1653,-3085,3865,1887,-5534,3160,5309,-1349,7161,6536,-1349,5991,5625,-1349,3165,7461,2582,4205,12276,20922,3270,11237,10469,4820,12516,13017,3865,9552,-15245,4145,12527,13154,3865,9693,-14830,4849,-6742,839,-7035,3138,-6742,444,-7035,8138,9642,886,-3794,5702,-3805,-4668,-4545,953,-2661,-4668,-6374
5/23/2023,65,-2502,-5965,645,-1197,-5423,-60,-2768,-5955,25,-1823,-4152,540,-3581,-6743,-85,-3945,-4697,535,-562,-5692,7435,4757,9025,255,-2970,-3058,11051,2950,9908,65,-1483,-9153,540,-1197,-8510,-45,-1913,-8625,1045,-2155,-8735,540,-5377,-17800,-85,-1465,-9851,535,-247,-6678,10089,14031,28970,255,-127,-4890,10979,15120,30331,-1768,-4353,-1690,-6340,-3457,-4353,-940,-6340,-4430,-7360,-4385,-7340,-2407,-5376,9862,21290,-41,-3048,9517,24949
5/24/2023,694,1296,-3273,-1085,-156,-1646,655,782,-3273,498,109,-37,2258,6683,7328,2245,6470,7793,4523,11029,3207,1168,-3147,2145,1807,2647,1983,2583,-2814,-2108,282,-26,-731,-1452,-1236,-4165,-2071,-2371,-4165,383,-1140,-6950,877,4955,3892,2355,3937,2755,2147,6394,4220,2225,4962,-21051,1807,5939,4203,2225,-520,-26933,-3783,-2574,-1930,-2725,-2144,-2574,-970,-2725,5073,6109,-732,-693,621,-1099,-3281,-6126,1486,673,-3281,-6195
5/25/2023,815,519,-2630,225,-315,-2169,-1040,2434,-2630,335,1084,-2169,2220,7026,22265,1920,10419,26202,2605,2280,29515,2755,2152,-5995,2235,2430,1802,2755,-728,-6497,815,-683,-2087,225,-698,-1973,-1040,742,-1973,-455,1097,-1958,2220,9410,31031,1920,12384,26202,2605,8247,30638,2755,11948,7624,2235,7502,28098,2755,12960,9450,3434,-3243,4403,-2403,3069,-3243,1533,-2403,15043,20738,9200,20286,16033,30623,2076,-6102,10712,824,2076,-7500
5/26/2023,4450,6285,7511,3760,6478,7751,3584,4825,7384,4335,6870,10263,150,-3820,-5485,2515,3420,-1424,2130,-4070,-1783,5000,21112,8200,290,-2695,-1289,5294,18446,13334,4450,6285,9024,3760,6478,10218,3905,4825,10298,4524,8530,8585,4360,4295,-10961,2345,11100,3305,4555,11645,4596,4707,26634,53579,4575,10090,9477,5294,29148,55447,5643,9131,6339,10315,4127,9327,6298,10213,-3970,-7425,2084,7700,7021,8189,21565,16188,-1849,-714,21565,16565
5/29/2023,-410,-395,2650,-1310,-395,2650,-1285,-395,2650,-410,-335,4212,205,1115,3253,535,1150,3187,405,622,2593,-1040,710,3435,355,770,4064,-910,970,5059,-410,-395,8014,-1310,-395,8014,-1285,-395,8014,-415,-1090,8014,205,-2140,-645,150,-2370,-2680,-135,-3530,-4297,-965,-8018,-12417,355,-3530,-4440,-965,-8665,-12560,-50,2507,-1345,2149,-698,2507,-680,2149,-2235,-1885,-1340,-1730,-6010,-3078,-3545,-290,-1905,2528,-3545,-220
5/30/2023,1255,1387,-3326,230,1367,-4820,963,1617,-1990,1640,2518,-3502,1725,4005,1773,2719,10393,7047,3114,4165,1161,3035,7872,-544,2471,-1047,-4720,3035,6208,3403,1255,1246,-6591,230,1859,-6324,670,1306,-4868,1175,-39,-9810,1725,3399,-5647,2719,8473,9527,3114,3794,600,3035,12672,35137,2471,3637,-2873,3035,12911,33111,2243,1277,1277,-2628,2176,-3086,1250,-3741,3876,7395,9459,14393,5523,15213,10567,-5173,504,-4235,10567,-5173
5/31/2023,791,1867,-2354,-530,1877,791,-530,321,2389,466,992,924,-256,4440,15027,515,2851,4420,-297,8427,9460,330,3181,1,680,1706,6269,330,7202,581,791,2137,3730,-130,1877,5836,-530,3395,4036,-802,377,5859,695,5460,24384,515,2851,4420,1125,9447,10801,330,-1507,-25937,680,8567,12971,330,-1208,-28989,8001,3285,6773,3635,4779,3285,6773,3635,7344,18737,1009,3720,1224,10076,-694,-1383,1130,4502,-694,-1754
6/1/2023,-79,-772,-337,1175,-1355,-1700,328,-857,-337,1805,-2170,-6876,-1780,-3875,-6800,3182,4352,7865,485,2869,6088,3835,23835,538,-1420,-2745,-984,4790,19783,-2303,1620,1285,1210,1175,1200,716,655,1200,716,2285,1449,-1221,3100,4055,9689,3297,5750,11464,5995,11430,29521,4606,24936,52486,4765,11210,29689,4790,25892,53536,2226,2031,2541,-213,2113,2031,2234,-213,-4091,-1329,7404,16814,8077,25107,27882,5514,-1951,-397,27882,8166
6/2/2023,2983,2249,-4480,1700,1142,-2790,1382,4490,-4550,2868,50,-3030,4885,11038,10151,4890,294,1306,5711,3263,5734,4495,-4890,-4195,5720,-2245,460,5395,-3035,-6730,2983,3353,-935,1700,3353,-2921,1773,2769,-4006,1904,2778,-2921,4885,10160,10218,4890,5151,451,5955,8096,5620,5966,-2090,-27939,5720,7491,3161,6745,-6084,-30489,-1214,-5887,-1907,-5877,-1915,-5887,-1765,-5877,9644,8344,5350,-600,10533,-2581,-6070,-5795,-940,-498,-6070,-7480
6/5/2023,-365,-2339,3756,853,-2069,7245,-908,-1943,5644,360,-1810,3071,370,-3577,-1859,325,-2552,-4575,2405,-3626,-5870,-1418,-1400,-5949,835,-1437,-975,2970,-2600,-5895,-35,-1395,3134,-125,-559,774,-605,-1444,774,615,880,-1107,735,1078,3342,325,-5270,-7640,2405,-1057,-12138,650,-8714,-44129,1305,-92,-10395,700,-13026,-38076,-2828,4050,639,7472,-2036,4050,461,7472,-745,2516,-296,-5728,-3457,-5830,-1969,-4851,3096,562,-1969,-4802
6/6/2023,-25,1806,561,-275,-931,-217,369,175,561,-175,433,29,2280,7275,14860,385,2351,4642,2740,5622,6702,585,3064,-4080,1480,2709,573,-169,-685,-4670,-280,1857,1676,-275,394,2066,369,394,2066,-130,728,1844,2280,7275,15330,1500,2351,5118,2740,8162,7192,1080,5286,-1117,2155,8162,7192,-169,4987,-2790,1695,-36,1190,1094,1695,-36,1190,1094,5907,10124,185,1805,2039,4218,-5225,-3316,2518,2019,-5225,-3626
6/7/2023,-1499,-804,1047,487,174,3161,303,-416,1229,402,-1698,2508,-270,-4366,-6924,590,-1786,-7320,92,-1498,-7477,880,13442,-2580,1310,-1152,-4540,880,11152,16274,520,-313,1851,487,174,4154,303,9,3759,642,-3693,-2726,-270,-4366,-25884,590,-1786,-7691,1025,-246,-15102,880,12776,58663,1310,-506,-11322,880,13052,60910,-1740,11626,-1284,13850,-2356,11626,-1579,11154,-3891,-7427,-2134,-4774,1437,-6322,22043,10689,-259,-4495,20998,13315
6/8/2023,1706,6620,7975,1401,5638,7932,1666,5038,7975,1630,4612,10531,-524,-3937,-6190,1445,5604,12039,2810,4963,12968,3257,7052,7148,3230,-948,-4640,3655,6017,13404,1706,6620,9233,1401,5638,9233,1666,5038,9853,2735,7446,8243,1045,-162,5245,1445,7135,18351,2810,6618,24866,2374,9118,60853,3230,7284,24073,3655,9664,61693,4902,4947,4306,6173,4163,4947,4008,6208,-4347,-6493,869,11385,5184,20506,4070,10405,-1215,-5710,3740,12238
6/9/2023,1080,401,278,268,-10,367,420,-143,-5403,645,428,2585,1942,2049,-2933,1707,1941,-5212,3677,-270,-4685,1525,-721,-2834,2707,-875,-1023,1442,-1730,283,1080,600,-184,268,338,-2115,420,-1247,-4635,-1250,1208,-3605,1942,2715,11379,1707,2382,8011,3677,967,7147,1442,7657,-320,2707,1209,9116,1442,8118,876,4284,5931,3291,-606,3715,-6848,3998,-606,1294,-3595,2437,-3100,-917,-2514,853,-712,2285,-2184,853,-1107
6/12/2023,-1030,-4150,-5985,-1650,-4450,-5975,-1695,-4350,-5975,-1170,-2995,-6815,-1995,-3755,-6996,-1380,-4000,-7490,-1780,-4445,-7490,1115,711,10128,-1425,-2510,-2008,1130,-1114,8629,-1030,-4710,-7361,-1650,-4415,-6077,-1695,-4070,-6077,-1365,-3952,-10445,-6265,-14690,-27231,-1900,-9735,-15795,-5320,-13695,-22115,-148,3160,5121,-5565,-12800,-19812,1130,5644,5771,-960,-822,-175,128,-666,-932,-320,128,-4425,-7406,-4375,-7445,-6999,-7473,3981,3858,-6670,-1478,3756,-5639
6/13/2023,4330,1415,4940,4365,3109,3099,3924,2177,3709,3030,1022,2992,3045,9306,27593,2015,5907,12122,2007,8356,19841,2665,2614,-2703,2687,901,3889,3438,4271,-3075,4330,1022,5621,4365,3109,1982,4087,466,-134,2852,2643,4065,3045,9182,29705,2015,5675,15412,3660,7826,23337,4157,7976,1811,3985,7659,21531,4999,7287,-241,-1569,3668,-1725,5055,300,4651,-1504,3753,9592,19296,6576,9855,7772,12321,-2275,-3850,3947,2979,-2275,-4903
6/14/2023,3315,11154,18964,3373,8720,18183,3594,9607,19469,3680,9438,18348,2340,9624,18491,2875,9500,17896,4270,9730,28799,4985,14827,9558,3480,3881,4915,6560,12327,5122,3655,10378,20170,3373,8720,19500,2930,9815,20170,4655,8713,17665,2340,10356,24051,2875,9500,20326,4270,10830,33807,2130,13983,40275,3480,10245,33465,2205,15456,44876,9587,14954,5461,16868,8447,13284,4781,16173,11826,21410,10283,17822,14316,27882,7824,8484,7994,3922,7824,8484
6/15/2023,25,1370,2549,-120,988,4512,630,1331,3829,150,835,5430,670,-2898,-4287,1031,1004,5304,1415,-2463,-4200,1805,9208,2865,1600,-1737,-2453,1805,7367,14356,25,1017,3557,-120,988,4968,630,936,4961,785,2827,2837,670,-2447,-3273,1031,1515,2991,1415,-891,-2365,1034,7468,29551,1600,-801,88,1805,9051,34107,1304,4344,1237,4421,1181,3186,1217,4523,-2702,-5847,2177,6789,791,3991,1304,-371,-2121,-4875,914,3026
6/16/2023,1307,1207,-2362,1346,1535,-4573,2151,-276,-2942,1290,1811,-4807,1226,548,-6917,1146,1944,-1695,2257,4645,-6576,1433,13650,22743,1817,2406,597,1433,10786,28794,1462,1070,-10342,1471,1535,-8155,2151,686,-8155,1892,445,-4964,1226,548,-13081,1146,1690,-2057,2257,3612,-7081,1433,15829,46445,1817,3004,-7043,1433,16515,45265,461,-2645,-165,-1664,1623,-2645,1155,-1664,-3992,-7422,3337,-2533,2026,-3546,15684,29343,2409,2275,15849,29310
6/19/2023,2680,3440,5094,3385,4255,5094,3385,4255,5094,2670,3440,6302,2825,5495,7775,1890,5050,9251,3450,8830,10621,1720,3931,5838,3060,1610,840,1950,3050,7270,2680,3440,6522,3385,4255,6522,3385,4255,6522,2665,3565,6522,2825,5495,7725,1890,7650,12326,4975,11435,16361,2070,14895,27831,3150,11435,16361,2070,14895,27831,-2280,-2655,-2280,-2655,-2280,-2655,-2280,-2655,6320,1825,4265,445,520,612,-470,-705,1620,-510,-470,-1190
6/20/2023,811,-823,-777,-415,15,-3221,-568,-1090,-4283,384,1833,-186,4385,18376,22599,850,11285,4558,5996,13224,-2066,3095,1570,-1528,3373,9662,1347,4400,3670,-2235,384,1135,-1007,-955,65,-1728,-960,-1665,-2866,99,-240,-2728,4385,20330,23586,3300,16620,15116,3725,13300,12840,5970,1603,-28530,3975,12705,9370,4795,1275,-26021,2320,1012,910,-3804,1608,-2463,-296,1552,13204,13771,4911,1011,8597,834,-3520,-4624,4166,1352,-3520,-4707
6/21/2023,3298,3697,9203,1036,5455,10188,3621,7278,8723,2301,4341,8391,3518,1862,4431,800,1695,5926,3289,1761,13807,2919,1769,489,3256,1913,-1123,2919,2545,3438,2356,4800,8356,1036,5455,9572,2729,6436,9756,2121,4764,8687,2368,4376,16834,800,2826,10516,3289,3637,19049,2919,-660,23214,3256,3380,21185,2919,434,23578,5580,5732,4404,6181,6055,3826,4092,4289,4472,1488,-2117,3759,16535,14730,812,-1630,361,-2805,812,-1835
6/22/2023,-1488,2780,-5667,928,1640,-3683,74,213,-5960,15,1109,-1786,1384,-960,-5706,1037,3696,-1205,124,1160,-4031,1313,6284,11389,2657,-1624,-1707,1263,6886,12864,15,1180,-4103,928,1640,-2001,-1085,580,-1943,-405,450,3081,1384,-3839,-5656,1217,3696,407,2797,-426,-4117,553,5080,28106,2657,-556,-6571,1263,6483,31057,3102,2109,2976,-579,3024,1881,2502,-705,-1309,-6932,1811,3693,3375,3959,8087,21403,142,909,8087,22504
6/23/2023,1475,2145,9429,1740,844,5523,2440,301,10235,1580,3209,6614,1995,4925,8062,4065,5828,3567,2031,5560,1100,540,6398,-3665,1946,2781,5988,835,-645,-2627,1475,2039,9455,1740,844,4706,2440,644,4611,1806,6047,5481,1995,6266,14335,4275,1605,-1335,2411,3345,212,871,-2536,-42715,1416,3345,-1558,935,-2345,-43532,4514,5300,3759,2757,4439,5300,3916,2757,7461,5124,7648,3238,4450,321,310,-4435,7906,5809,310,-5247
6/26/2023,833,-155,-5457,1173,131,-5220,286,-389,-5457,1018,295,-3016,1240,2635,-6268,1760,1718,-7405,1921,2876,-5960,5030,9759,-5824,787,-2245,-2329,4965,1768,-6860,833,243,-3729,1173,318,-2355,1298,1246,-2610,748,-2380,-4505,1240,3329,-10805,1760,5531,-5685,2678,5536,-7402,3800,17072,14844,1478,5106,-6869,4965,17519,13547,1709,2235,2220,-2457,2271,-2046,2467,-2457,4416,-7170,5773,-2507,7065,-7035,11270,398,2420,-1433,10654,4436
6/27/2023,199,-1488,-2234,1705,553,-1330,1236,1551,-2234,1690,-510,-251,-1720,-4407,-6440,-1095,-772,-4637,-1995,-2182,-5527,2765,2559,8470,-1015,-662,868,2765,3960,6577,1625,301,-690,1705,722,-304,1725,1707,-304,1925,237,-696,-1190,-2892,-4896,-1020,-687,-2911,-630,-2322,-3415,2634,1400,9339,-400,-2667,-2856,2765,2852,12995,-1749,-2642,-931,-2975,-1014,-2642,-882,-2975,-3871,-6441,-2346,-4504,64,-5931,4900,-1091,-177,-935,4900,-1410
6/28/2023,4153,3943,1553,3680,2150,1986,5445,6631,835,3345,2831,2141,1735,3127,19623,2650,5918,16440,2890,6515,11190,-26,-564,-38,2190,4997,4321,60,-1770,-4318,3345,2175,1564,3680,2150,2002,4155,3270,-453,1840,1545,-55,1735,3410,20416,2650,5918,16949,2890,4071,14065,1639,3901,-16427,2190,3207,12895,60,-80,-20865,2639,4206,1476,4817,3524,3584,545,1426,11180,24391,10406,17969,10239,12792,-817,-410,573,5669,-817,-5753
6/29/2023,2731,-563,-3751,2131,-2385,-1940,2171,-361,-3751,2731,670,-3960,3045,2924,5524,4095,6426,8929,3985,2152,10786,4335,-120,-3290,3825,328,4995,4325,-875,-5790,2731,-2773,-5817,2131,-2773,-8570,2171,-1718,-8570,2466,-1348,-6895,3045,2924,23253,4095,7976,16123,3985,3939,15575,4335,2597,-9579,3825,3789,14883,4325,2519,-12066,542,-1794,28,-2562,490,-1794,-460,-2562,11055,17033,612,9742,8737,11960,1175,-6170,4301,5654,1175,-6825
6/30/2023,2570,9401,3335,4391,8894,3952,4210,5611,4807,2370,7292,7977,5645,8394,13910,4775,4505,9059,8455,7920,11915,4855,7128,-4576,7990,-1280,-1985,6120,3579,-6450,2570,9401,7954,4391,8894,6473,4210,5623,7273,2060,5708,10791,5645,7808,22095,4775,4505,14012,8455,7920,18618,7233,25463,-9376,7990,7780,19416,7233,24763,-8992,857,-1619,-309,-1038,1481,-85,1677,431,11251,5187,4936,563,10444,10564,-5559,-4648,6977,-4840,-5559,-6830
7/3/2023,-475,-645,-1968,-20,-2140,-1968,-220,-2140,-1968,50,-865,-1968,365,822,7192,230,-1525,-4120,-865,-1817,-2426,-940,-4515,-5939,485,46,1643,-1445,-2205,-6174,-60,-2080,-2015,-215,-2140,-2015,-220,-2140,-2015,-1045,-2235,-2015,365,822,7192,230,-3805,-4005,-995,-4034,-796,-1722,-16957,-32675,675,-4034,-796,-2025,-18020,-32675,-704,1083,-505,-2365,-704,1083,280,-2365,2750,1791,-475,-5885,-854,-5266,-2335,-6105,2037,-1017,-2335,-5920
7/4/2023,750,2500,6975,1638,2661,6975,2640,2236,6975,755,1209,8345,2080,2248,5745,790,3498,7357,-375,3478,11838,3130,4534,5349,-390,-175,2400,3770,3601,5227,750,3095,10356,2078,3235,10926,3050,3470,10926,160,2935,10926,2530,2633,5940,2095,3498,7357,60,5603,11838,3790,9580,17431,-435,5603,11838,3790,9580,18005,-1725,-896,-1495,-910,-1495,-896,-1285,-910,4375,4920,1210,1050,2030,7930,-2110,-2740,1285,4555,-2110,-2740
7/5/2023,5795,4283,-2791,3901,4556,-2392,3053,4916,-2849,2560,5040,-2155,9163,18598,13401,5790,19553,6917,7286,19654,5661,5773,1935,-3857,7811,14044,3193,5270,4180,-6564,2570,3951,-3272,3901,4772,-2219,3053,4368,-2179,2090,3913,5782,9163,18598,20754,5790,19553,14920,7286,19654,11944,5275,8795,-28460,7811,19289,13674,5270,8795,-28460,2062,-1206,3161,-2993,2343,-1206,2192,-2993,22127,16100,20420,1383,20204,8141,-1710,-6420,14445,-863,-1710,-6460
7/6/2023,-920,-660,-804,-1125,-345,-78,-1940,-1234,-804,-1535,661,1052,-806,-4050,-6997,1065,-3144,-6710,-1146,-3929,-7497,305,-6142,-1556,-416,-2785,-1904,305,-4474,-3605,-920,-326,-4210,-1125,-1973,-3347,-1940,-2058,-3347,171,354,-336,-1165,-8645,-17470,-169,-3209,-9620,-1465,-5134,-15393,139,-3884,-18686,-825,-4955,-15790,305,-2591,-17739,-2615,-3232,-1895,-4435,-3056,-3232,-1300,-4435,-4455,-7195,-3835,-7495,-3257,-7442,-5770,-5360,-1914,-5850,-5770,-5765
7/7/2023,2256,2856,3694,2723,2486,4877,1682,1184,5165,3594,4287,3700,1295,-2204,3882,1115,-3385,-4463,1540,-1039,10263,1320,-3469,-1494,920,1672,8129,1045,-230,-4134,2844,3245,4459,2723,1991,5773,1814,2176,6604,2731,4379,12204,1505,-2209,6246,1115,-2840,-489,1540,-2960,-314,1002,-7750,-22588,960,-4023,7148,1045,-6304,-25602,-1318,12043,932,8456,1295,13013,1205,8366,-2782,5999,-3180,403,-1185,4161,-3004,-6892,-457,7145,-3009,-7460
7/10/2023,417,7303,1406,1045,6394,1882,982,2535,3242,1180,5386,1488,4192,9324,9245,1977,9848,9091,3281,10293,7880,1150,13861,-2012,2917,5758,6986,1150,12757,-2330,1180,7563,1453,1045,6394,2157,1375,4597,2653,1091,4549,1845,4192,9324,10020,2042,9848,5926,3281,10849,5124,1150,12757,-1299,2917,10650,9959,1150,13651,-3048,3812,-3145,4976,-902,2892,-3145,3652,-902,3602,-871,1966,491,5610,306,494,-4169,1785,1156,494,-4392
7/11/2023,592,1406,-5350,784,417,-4791,1654,-1045,-4415,1080,52,-6337,293,-3454,-5167,685,-883,-6380,-1,2232,-7390,1256,2023,-2718,-280,-2078,-5243,1281,202,-3380,825,464,-10233,784,-89,-9770,1300,-1594,-8835,-780,854,-9830,420,-2296,-10492,685,1259,-7301,308,-1334,-8078,1824,4379,3236,-280,-374,-11940,1281,5469,4900,-1707,-2103,-757,-6310,-2360,-2103,160,-6310,-2763,-3145,461,-245,-1502,-1001,3553,78,-1454,-5575,3553,3348
7/12/2023,366,2312,-555,405,-1793,594,807,1420,-317,260,-814,3913,969,4096,10392,660,-1114,-3242,2569,4354,-2324,1296,-5851,-3455,2474,1351,4154,1567,-346,-4977,366,-559,-1657,405,-426,-2088,807,-2122,-3813,585,-4127,-3822,1704,4944,14287,660,-2587,-1376,2569,3460,-773,1567,-7548,-40210,2019,3460,-674,1567,-11084,-45126,3732,694,4003,3099,3931,617,3833,3775,13314,27255,4050,1514,7592,9703,-3811,-3447,10259,8465,-3811,-4892
7/13/2023,-732,-2010,-3293,-397,-1608,-3349,-736,-1810,-3293,-662,-2615,-3504,-1560,-4145,-6995,-1350,-3965,-6189,-1935,-4500,-7432,838,8845,3605,-1215,-2190,-375,853,7598,7432,-557,-2300,-655,-397,-2300,-727,-736,-1810,-727,-950,-3589,-5191,-3215,-13050,-25250,-1885,-6690,-9322,-3255,-7960,-16628,853,11045,52931,-2750,-7960,-16628,853,12032,55693,-1488,2059,-741,1158,-2113,2059,-599,1158,-4475,-7499,-3795,-2011,-5506,-3738,9243,11452,-2835,-465,9243,9065
7/14/2023,2085,2129,313,1605,3044,853,2530,2246,423,1440,-844,-1279,75,-750,-5224,305,-3725,-7423,-505,-3885,-7490,5555,-3060,-5992,-970,-2410,-3905,9315,-3060,-4741,2085,2129,-2622,1605,3044,-2210,2530,2246,-1900,-460,-925,-1373,75,-750,-13548,305,-860,-17650,-505,-1520,-21615,8828,867,-21393,-785,-1520,-21615,9315,1075,-20435,1550,226,2280,371,2215,-169,180,501,-4425,-7024,-4390,-6632,-6224,-7476,-87,1258,-5980,-4010,-87,5796
7/17/2023,-1420,-2756,1841,-1675,-3210,2634,-1852,-2756,1841,-1420,-2970,3936,1150,-4490,-6970,2390,945,8605,1320,-4096,-4195,1280,20890,9609,2080,-1820,-321,1744,20424,12379,-1420,-2100,3137,-1675,-2100,4845,-1710,-3680,4845,-1515,-4020,-385,1240,-5663,-13315,2390,945,10185,1320,1220,8406,1909,11567,63901,2080,745,10772,1909,14256,64925,1852,218,19,2934,42,218,-94,2934,-3875,-7470,115,10130,2334,-1405,16795,-623,-6115,-5670,16795,3873
7/18/2023,485,-184,1437,475,895,2818,41,1183,2131,1375,1265,2667,-1345,-3535,-6765,35,-3965,-7500,-1875,-4415,-7500,335,-6500,-5915,-1390,-2025,-4565,835,-4500,-7485,485,895,2822,475,895,3302,420,820,3374,1160,1037,4265,-1460,-9230,-13465,35,-9700,-10184,-3330,-10995,-11700,63,-17044,-11024,-1775,-12160,-10179,1135,-15140,-8516,-477,999,1435,2839,-727,799,1675,3851,-4145,-6955,-4250,-6795,-6987,-7500,-6415,-6865,-6770,-5525,-6415,-7290
7/19/2023,1135,-3188,-5074,-190,-2980,-4935,-164,-3563,-5074,645,-2975,-5854,1350,5716,-1356,2010,4105,-2888,2065,5183,-2351,6011,-2195,-5607,935,676,-391,7976,-3696,-7456,1135,-2120,-8202,-40,-3530,-7115,-40,-3530,-7115,-15,2335,-2950,1350,7610,8344,2010,4315,2741,2065,5183,1277,7748,-532,-27881,935,5360,-19,7976,-442,-27663,-900,-6925,-720,-6925,-900,-6925,-720,-6925,6725,5619,7422,765,3586,-4325,-6265,-2727,4801,-2600,-6265,-639
7/20/2023,373,729,-2369,870,-49,2307,834,-1773,-3500,-270,-259,7100,-790,-3455,-6713,-160,-2648,-7458,-722,-4368,-7466,4050,13117,32072,-180,-2980,-4665,4430,11255,33371,860,1825,6021,870,310,7678,1034,-137,7127,380,715,3011,-790,-6225,-15795,-160,-1280,-3367,400,-3792,-1471,1922,18496,48616,-180,-5895,-4735,4650,18958,48904,2518,8079,4626,7540,3559,5596,4525,7540,-4415,-7457,1507,-7380,-1164,-7463,13356,39764,-1526,-4335,12971,38154
7/21/2023,-789,-1100,-2996,-300,-270,-661,-767,-1520,518,-170,1545,803,195,1468,-752,298,-331,-2590,-89,-2157,-3318,258,1077,6139,443,-1399,-4565,178,77,5735,-165,-835,-4509,-300,-1460,-3453,-353,-1243,-3923,485,-3070,-4769,195,1840,-893,483,789,6815,1361,2195,3368,-877,2951,27798,573,369,2348,483,5680,29204,-517,-5605,1581,-3539,-870,-4111,1489,-251,-917,36,1375,758,-488,2963,5100,8970,3691,2847,4800,8700
7/24/2023,20,-2002,-47,1725,-2620,255,2696,-1383,-47,863,-2750,-4310,1930,2938,6162,1442,784,5956,1352,2608,6607,-493,-2795,-5179,772,2102,2814,-1618,-3460,-7200,845,-6431,-9381,1725,-6631,-12699,1551,-5806,-11944,-65,-5350,-14379,1930,3390,18771,1442,1100,14308,1352,3093,15486,-778,3884,-12815,772,2838,16136,-1923,1753,-12234,-1979,-4171,-2430,-3690,-835,-4171,-2700,-3690,9144,4598,4630,785,7491,-3141,4220,-6925,1033,1176,4920,-7365
7/25/2023,685,38,-2708,1995,-898,-4685,1810,-447,-2650,1205,494,801,427,2049,541,1531,5633,6668,941,6293,7485,1835,5462,-3796,1146,2505,4576,2035,4653,-5268,1225,592,-433,2650,357,425,2425,-163,425,1865,-1293,273,427,3160,7132,1531,5633,8207,1411,6293,10094,1117,12549,29682,1146,6293,10094,2250,12555,29682,-222,-4856,-4025,-2575,-2618,-4766,-3095,-3855,5236,-1070,4041,5638,3621,8807,-5227,-5455,5311,7263,-5227,-7156
7/26/2023,1015,6937,12009,1872,9993,13629,2174,9144,13327,1095,4493,21577,725,6900,7926,1235,7650,15962,3295,9094,15426,2280,7353,10770,1315,1490,770,2430,5693,8718,1015,8093,22915,1872,10258,23982,2174,9965,23982,1255,1838,22128,725,6900,16689,1325,7950,13443,1595,7595,19866,6634,14454,-12061,1225,7255,20926,3100,12952,-11127,7505,20252,7615,21223,7465,20252,6185,16922,9955,7990,13119,23938,11877,25807,8057,10064,938,-5,8057,15586
7/27/2023,2785,1642,-4315,2745,-1055,4707,1971,-1310,-4458,2655,1839,516,115,-1738,-6399,1915,3426,-6815,2265,2090,-5916,6355,15412,16213,2245,-2220,-2859,6185,14597,-7500,2785,2970,-17,2745,-305,710,2325,-375,1500,2905,2325,-1890,115,-1595,2576,1915,5725,-11770,2265,4608,-1616,6355,13254,27034,2245,2708,-4005,6185,13500,25755,629,1071,1160,6772,947,2921,2353,7152,-4216,-6364,267,-7215,-899,-7499,13905,-6765,1522,-2854,14055,8540
7/28/2023,1977,8947,4701,2647,8551,2331,3293,10401,4701,1936,9028,4104,3930,11600,5639,3475,9275,8405,5255,13233,4384,6015,-5806,-5526,5020,5363,3169,5920,-3889,-4770,1977,6874,3729,2647,8551,4584,4023,9069,4584,2085,5975,-3656,3930,13936,12187,3475,11035,9586,5255,14161,4709,7642,-1841,-10816,5020,13591,2409,5870,-5985,-11842,3636,1109,3159,-131,3761,1109,2614,-131,7795,1417,-404,14628,2539,11635,-4526,-3844,898,-4199,-4526,-3393
7/31/2023,2397,1747,-218,2522,2187,-625,2439,2927,2,2127,1457,-2776,6280,4213,-4228,9213,14884,9674,8768,17100,6417,10281,32486,-4457,8458,1208,-3112,10566,23474,-5033,2397,1747,-8373,2522,2187,-8340,2439,2377,-8120,-230,-5525,-9770,6280,5520,3320,9213,14840,24095,8768,18538,19793,10566,46597,53520,8458,14061,20111,10566,44739,53863,-537,-1933,-1435,-2362,-537,-1933,-1335,-2362,1400,-3385,11136,2174,6685,2067,9153,-6438,-847,-3010,8538,-6438
8/1/2023,4465,5085,42,4610,1657,1196,4193,1657,42,4165,6087,-933,3711,14121,3309,3706,12602,3180,4351,17611,14511,4230,-2660,-3294,3791,10306,4981,4230,-1471,-2371,4465,6945,-665,4610,4675,-665,4193,4675,-665,3500,7920,1700,3711,17010,14684,3706,12981,7719,4351,16936,16897,4230,2845,-14457,3791,18105,16704,4230,2845,-14864,1903,-3927,1461,-5684,1540,-3927,2296,-5684,2829,-1215,2925,3937,3815,8437,-1564,-6214,630,5488,-1929,-6409
8/2/2023,2960,7557,9273,3155,8458,10578,2773,6697,10235,3758,8915,15797,700,60,-6690,5308,8783,21059,5311,10900,19073,9294,8438,-5554,2894,-618,-4415,5581,-947,-6433,3615,7557,11938,3155,8458,11372,3641,6950,10700,4183,8705,15756,1805,5834,5958,6093,8783,25460,4718,11849,23212,5602,14381,36284,3998,11774,24099,5581,18165,37102,3812,1771,3065,1351,3742,1771,2550,3209,7707,-6360,12738,21346,19327,17625,-6275,-5153,1329,-4085,-6275,-5940
8/3/2023,1330,1432,-958,3205,3362,1237,3438,4466,-551,1330,1383,183,885,6051,7995,3709,3287,-487,5890,12337,-4539,7027,5990,-5889,2970,7530,1944,9957,7376,-7212,1330,1423,-600,3205,3362,2127,4380,4466,1920,1950,-473,7104,885,6176,15777,3709,3371,-3973,5890,12647,136,10848,4002,-18942,4975,12647,-94,11062,4195,-18923,-2833,1031,-2145,-1706,-1223,1838,-1208,2403,5865,2752,7270,-311,10290,2723,3634,-6753,6045,4175,3634,-7231
8/4/2023,1725,2275,6082,1911,3608,8059,2910,3354,7768,1920,2385,7290,1415,-1035,3559,1730,1839,-534,2000,263,-7143,3263,531,14797,1470,-1021,6369,3700,3870,30237,1725,3010,9438,1911,3608,7369,2898,3705,7162,2075,2393,8409,1550,119,5482,1730,60,-534,2000,1074,-6288,3788,462,-5524,1210,2079,-6850,3768,2540,-5452,3970,2539,4349,6389,3518,1577,3845,8159,-2199,-440,349,-6882,-2733,-7257,9220,28924,-144,3914,8690,29703
8/7/2023,-385,-2617,-1421,-1276,-1318,-2473,-725,-1013,-5198,-200,-2473,-633,-200,-4320,-6970,-1220,-3881,-7391,-1796,-4268,-7477,110,-1201,-2099,-1265,-1542,-2286,110,-2432,-3793,-385,-2627,744,-1276,-979,-410,-725,-583,-4114,-1505,-4153,-1131,-1320,-10875,-24564,-1770,-5051,-13020,-2945,-8737,-20105,110,2233,16464,-2580,-7166,-18445,110,2495,11623,-1860,-604,-613,-132,-2078,-110,-1905,-4282,-3750,-7427,-2539,-6830,-3839,-7486,2110,-6662,-319,-1857,2780,-6833
8/8/2023,850,3701,3200,695,2398,180,545,3610,-1827,664,3850,4111,-1695,-4268,-4106,-1205,-3950,-5657,-102,-3894,-7498,385,-5946,-5368,1332,-1080,1410,385,-4308,-5822,850,3701,5713,695,2398,2592,545,1794,3490,1323,2657,5492,-2315,-11425,-22849,-1205,-12355,-23570,-2770,-17585,-32935,1321,-13141,-42377,-2305,-16480,-32935,385,-13141,-41781,3034,2476,2992,4230,3160,4375,1760,2612,-4357,-6138,-2380,-6960,-6380,-5348,-2889,1226,247,2280,-2034,1127
8/9/2023,3641,6896,8760,3720,10124,13299,2454,8085,9109,3701,9900,11157,1745,-1011,-350,2140,3871,14342,3476,4477,19778,4149,8663,4144,1330,-403,1782,4412,5755,8073,3641,10547,10109,3720,9468,12143,3375,9445,11898,4611,10866,9326,1628,9245,12911,2140,5257,16740,4105,6743,16351,3242,8731,16882,2889,6355,17125,4412,9869,17237,6336,14991,5916,13286,6624,15441,6931,11154,6682,1210,5550,15633,6449,8896,-274,1986,3244,3246,-274,3108
8/10/2023,3325,5251,-1277,4283,3806,-1102,2830,3991,-1126,1980,4670,-2306,1805,7087,-6111,1835,2967,-6899,1370,6186,-6201,2200,29969,-5966,1460,-1844,-4135,2190,20562,-6794,3325,5255,-388,4283,3806,-1064,4141,4217,-1363,2050,2050,-1919,1805,7127,1495,1835,5465,4406,1370,7925,6620,2200,31462,17482,1460,6655,6585,2190,31373,17293,2588,361,1352,1143,1018,-288,1642,3116,6002,6821,623,-6579,9169,-7438,7061,-6994,38,-5545,6996,-7449
8/11/2023,3139,3252,-2889,2143,-1148,-4027,2304,1656,-2889,2639,852,-4161,2517,774,11938,5225,7106,2328,522,287,16471,2910,-3099,2321,3000,1559,6829,2910,-696,-441,3139,1189,-1641,3074,-1148,-10110,2454,663,-10110,2299,3658,-5190,3396,1497,24975,5225,7106,6412,2390,2599,31450,2039,-8784,2557,3110,2212,33497,2910,-7938,3208,1625,-2053,-1225,-4452,-727,-2053,-860,-4452,5452,19972,841,-5686,4672,19249,-2513,-5383,4412,20257,-2513,-5878
8/14/2023,1100,1433,-1953,1323,906,1017,-404,201,-1953,1515,421,2022,-1675,1142,-4438,872,197,-4670,1486,834,-4838,-244,2460,4906,80,-1308,-4194,-189,1606,452,1100,1050,339,1323,906,541,111,828,541,1390,5010,2144,167,1154,-7782,872,1289,1671,40,2168,-1574,19,6378,54086,1329,1969,11,171,6833,57454,1176,21,195,2086,1572,21,831,2086,-3715,-2060,-1972,-5081,-2477,-2813,4493,4067,-4940,-5745,4493,4243
8/15/2023,935,-1267,1308,873,-589,402,981,59,-4619,-270,-2282,-73,682,-90,-2931,1456,-1833,2978,1098,-729,4873,1278,209,-2401,878,362,2184,1478,-2081,3132,935,-1267,-6384,873,-589,-7805,981,59,-5692,-223,-3688,-5624,682,857,-2498,1456,-405,5631,1517,315,5689,1478,-877,58719,962,193,10904,1478,2472,60181,591,2940,2877,-4280,177,2940,1107,551,3098,5230,4106,10775,5943,18412,5700,7009,3687,1606,5700,13094
8/16/2023,1400,4899,-2390,1302,4170,-1383,885,2230,-2631,1345,4433,-4398,1400,5463,-1198,1460,5548,4497,1565,6460,13647,1280,-2520,-6000,1320,4906,1485,1280,-4500,-7420,1400,6361,-4477,1302,4770,-2759,1270,4622,-4605,1905,5545,-945,1400,7800,9337,1460,6010,2538,1565,5174,10835,1280,11210,18119,1320,4879,4940,1280,12238,18814,2376,6051,1310,4105,734,2936,3037,4105,5291,7708,5073,6408,7413,12166,-5880,-6910,2969,3425,-5880,-4036
8/17/2023,1243,1184,-159,1197,804,4889,636,601,4451,1513,1544,2019,735,-385,-4221,712,-543,-1939,1462,-3515,-7495,3681,7314,11123,605,-1400,1716,4948,6006,12739,1243,1455,1288,1197,804,870,852,1141,964,1718,1241,3613,735,-323,4445,892,1162,5990,1462,246,2318,4708,6766,22753,862,-294,2363,4948,7323,22758,1358,-2076,2332,454,966,-2076,1685,-65,-1230,-4584,-1969,-6063,-595,-6850,10137,14262,-404,-2819,9727,9047
8/18/2023,-115,4573,17325,-160,4974,17174,682,5092,16569,20,4376,15571,2940,-650,-3373,2360,-239,13021,2980,-4004,4227,2380,21275,-2615,2790,-2410,-1982,2380,18581,866,-115,4341,17704,-160,4974,17943,782,5269,17212,-945,3463,13393,2940,-1485,-2963,2360,5114,18815,2980,1245,4891,2211,21647,70839,2790,1375,5225,2380,22146,71704,5458,14868,5836,15508,6435,15389,5667,15508,-3680,-1026,1586,7772,3309,-2932,26337,-3556,-4350,-5715,25747,2121
8/21/2023,755,-818,-715,80,3165,5829,-1235,-159,-715,1070,3128,2637,-1995,-3518,-6975,-1380,-3995,-6978,-1909,-4496,-5371,320,4781,13359,-1490,-2310,-2081,535,5306,6874,755,2700,2221,285,2700,4617,230,1250,4617,205,1069,5752,-1605,-6343,-14340,-2285,-3580,-6790,-2500,-8295,-11566,-809,-2865,23509,-1620,-4790,-10209,535,-910,24852,2298,6090,3372,6191,2143,6090,3607,6651,-4439,-6928,690,1082,-2607,-3386,8422,11215,-872,-1414,8422,13392
8/22/2023,955,1646,-2198,994,1137,480,1277,839,-971,815,609,857,1835,11514,831,3561,13504,13358,4520,16746,15831,11022,11340,-4492,3495,3360,-810,11552,2877,-3890,955,972,1622,994,1463,1622,-90,-4,-521,1395,-235,658,1835,11514,11349,3561,14676,16255,4520,16329,19695,9698,28418,20150,3720,15692,18380,9229,26540,20486,1814,43,570,-2155,603,43,3610,-2155,9373,3119,9946,3270,13126,1839,12392,-4936,8156,3648,12147,-7239
8/23/2023,1386,4403,7929,2735,5485,12518,4114,6155,12460,2735,5695,12919,1513,27,3726,2442,6769,14768,2621,5423,17897,4580,13129,-1366,665,-1292,-4665,3600,8362,-2428,3015,5650,12952,2735,5485,13953,3920,7167,13846,3005,3659,12516,1513,2242,2287,2442,5746,15830,2621,7226,17429,4249,8617,25826,250,6826,17281,8154,8571,28482,-763,1652,1310,3297,-348,2978,2130,2952,1946,1365,6055,10266,4188,12498,13058,625,-2576,-5695,13058,-204
8/24/2023,1371,3084,1772,2376,1730,1641,495,-611,221,1600,1630,1831,-34,-3465,-5806,1426,1958,-7073,2650,2287,-7346,2381,18315,26687,2145,-1117,-5990,2346,14339,22521,1371,3925,1921,2376,1730,1641,121,168,1475,2400,1417,1343,-34,-2711,-23146,1426,1958,-10199,2650,4052,-18629,1996,18112,40802,2145,2917,-16225,2346,16939,40045,2165,1564,3080,1919,-679,1564,2730,1919,-4294,-6360,67,-6412,-3290,-7480,7045,29750,-1093,-4290,6670,30323
8/25/2023,165,5691,565,725,1443,3494,572,2061,4313,255,216,-509,982,3904,5772,2570,7603,-82,264,4854,987,2967,4205,-3889,259,1280,2890,2967,-3527,-2469,165,1934,-2394,725,1443,4649,708,3312,6616,327,2211,-2399,982,5606,4404,2645,7603,-6287,956,3967,-8223,1899,4623,-33713,891,3381,-7944,2967,4866,-29467,95,2331,1079,2258,2343,-620,-299,2629,12247,14407,1004,2037,5040,803,-2280,4984,100,194,-2280,3409
8/28/2023,265,3946,798,-555,3551,2351,-40,5460,2209,680,4300,2944,2005,3669,8186,1215,2437,2050,2085,1988,-1721,220,-4697,800,2255,109,3435,-506,-1943,-5869,495,3946,1052,-555,2952,1010,-40,5581,1010,1020,4181,5315,2005,3669,12525,1215,2542,962,2085,1969,490,-388,-14887,-26878,2255,1969,490,-966,-13556,-29452,3244,6235,4440,6235,4519,6235,2854,7709,4950,8240,4136,5127,3293,4368,-2624,-62,3308,3879,-2624,343
8/29/2023,1330,-1220,3414,-175,-1225,4352,125,-799,3721,555,-90,3554,2137,-375,-317,2950,445,8769,1777,-2305,9683,2650,17386,6662,487,1242,-1719,2805,16697,10878,1330,-990,4389,-175,-1225,4742,145,-700,5026,565,1024,1495,2137,-1323,-1342,2950,670,10834,2287,-890,13954,1208,8363,68746,2465,-1985,13924,2805,9139,70151,-288,3835,-20,4815,-904,4143,-105,5862,-3981,-4328,580,383,14047,12343,2476,14486,-1141,35,2071,15513
8/30/2023,4705,-726,-3947,3264,-1168,-3535,3060,-1299,-3947,3915,-2494,-3532,3466,3710,16307,4118,4976,14083,4483,2275,14368,4791,4731,2259,3713,3546,2107,4791,3486,1171,4705,-1391,-5722,3264,-1095,-4622,3060,-2155,-4622,2540,-1396,-3462,3466,4910,25330,4118,4976,15403,4483,2375,15524,4791,2868,-6880,3713,2215,16479,4791,3479,-5351,-3,-1598,-953,-1913,-635,-1598,-1783,-1913,7463,14586,3926,10846,2153,7471,-3121,-1971,2816,2122,-3121,-1971
8/31/2023,2389,4062,-229,2103,2431,370,2860,3207,1799,1645,3284,-1008,1293,7689,6294,973,4804,-618,3814,6101,5640,990,-984,-1008,2760,5112,5969,1185,-933,-2867,2389,925,1772,2103,2431,-4705,2860,1343,-3059,1790,158,-4918,1403,9909,23422,1830,9001,5355,2895,6144,9513,3315,2076,-48514,2680,5901,-247,1505,3627,-48891,1464,1503,1314,4393,771,1503,1594,4393,9914,10557,6287,1794,9387,4038,-643,-2423,3163,3603,-643,-3522
9/1/2023,488,2213,-1796,31,3304,1628,1799,5479,3228,365,3860,178,2185,315,-5387,703,472,-4582,11142,6106,-1933,1426,2842,119,7419,1390,-4300,1721,-64,-5452,870,2430,-239,31,3304,2211,2241,5831,3223,290,1160,-1510,2185,126,-4376,773,3748,-11888,10173,5521,7752,1417,5313,-24412,7419,5388,-4622,1721,5061,-24412,2640,3469,5696,6486,8129,3074,3571,6018,702,-6460,1499,-5236,4056,-1682,-1585,-3255,9,-4290,-1585,-4597
9/4/2023,940,1376,2145,2225,2300,2145,2025,3075,2145,1140,840,2145,2465,2395,3705,2610,4065,7971,3592,5342,9572,2460,2900,6227,1799,234,1308,3066,2246,7090,1140,1660,2745,2466,2300,2745,2025,3075,2745,635,1560,2745,2465,2611,5772,2610,4093,7869,3592,5342,9776,1355,14565,32739,2799,5342,11283,4195,14565,32739,-289,-3289,940,-2250,-289,-3289,2050,-2250,1965,7787,-160,4176,1549,2967,6500,6240,841,5684,6500,6240
9/5/2023,2869,3165,-2342,1535,1229,-1140,3108,3272,496,1450,69,-3275,1531,4308,758,3114,7330,9676,4826,9739,12220,3500,1893,-3726,4610,2517,143,3500,-549,-3856,2270,244,-2335,1675,1229,-6162,2727,1379,-6285,1155,-2670,-7071,1531,5907,8063,3114,7330,12392,4335,7819,11980,3102,3687,-6166,4610,6509,9041,3500,4059,-8029,2235,-3867,331,-5428,1539,-4280,-1504,-3748,5785,1338,6125,1459,7649,1389,-4214,-3848,3089,185,-4214,-3848
9/6/2023,195,2666,-3050,-72,1338,-2501,1649,1423,-4400,-105,1766,3595,776,-3505,-6955,1281,-2696,-6856,-788,1685,-3002,-475,-3450,-5721,-15,2516,-4730,877,-2539,-5948,-256,2006,-1080,48,942,498,-127,1585,-3634,45,-738,1848,-65,-4900,-9950,1426,-2490,53,-75,95,7013,665,2894,15976,-835,2621,7600,1262,2776,17184,1988,5167,2141,5253,2683,5167,164,5253,-1680,-5765,303,-3749,2089,-4994,-4009,-5724,3557,-4085,-4009,-7349
9/7/2023,-1160,-1208,-1165,-685,-355,5835,-627,-1343,-1165,-635,-460,6053,3085,1010,-3493,2740,4968,11093,3500,8745,11370,650,12564,-972,2985,-1223,-208,650,11387,1143,-480,-355,5766,-505,-355,7028,-355,-365,7028,-375,-140,5814,3085,2434,-3416,2740,4904,8402,3500,10724,1622,650,8026,21748,2985,11457,3928,650,8760,22606,1596,5630,912,6962,679,5630,672,6962,4810,-4877,13003,10410,18736,5298,6845,-5355,-2005,-2421,6845,-3455
9/8/2023,620,-596,-4072,259,-2177,832,270,-2545,-3957,670,-880,-1561,315,-2309,-6968,66,3377,-6551,650,-3594,-4865,775,1840,-5088,790,-2310,-1730,1255,384,-5672,620,-596,-2921,259,-2177,-1680,270,-2780,600,-55,-3735,-4645,315,439,-8526,66,3377,-15560,650,-1376,-17048,1638,2861,-59480,790,-2556,-17048,2635,4415,-59480,-810,2821,1422,-215,-1146,2821,452,-215,2993,-5621,1233,-4475,1574,-841,-3494,-5781,-669,755,-3494,-6534
9/11/2023,-515,-307,-2293,-1080,498,-1510,-1750,-1187,-2293,-225,-893,-1153,-765,-4035,-6996,-1315,-3995,-7476,-1965,-4318,-7496,-1360,-6336,-5841,-1365,-2535,-2226,-1330,-4405,-7474,-515,1372,-2710,-1080,988,-1363,-1750,-237,-1363,-565,5311,482,-1020,-5585,-13660,-705,-6700,-19265,-3685,-3183,-16383,-1850,-8125,-28264,-840,-3898,-16383,-1330,-6496,-26644,-199,-4080,-267,-5999,-1919,-3370,-2285,-5999,-3895,-7500,-4430,-7500,-6815,-7497,-6445,-6980,-6605,-5325,-6445,-7480
9/12/2023,743,-588,-2839,1295,760,-2912,806,-1066,-2839,738,-2375,-4989,1015,-4223,-6932,1155,916,-6348,1291,-2354,-4065,1314,7470,14163,1485,-465,-4585,1403,7904,15830,743,-137,-7108,1295,-21,-6100,960,-476,-6100,1290,-437,-7505,1015,-4048,-7067,1155,1157,377,1288,-1703,-1859,-914,8774,28929,1485,-1997,-160,1658,9433,32917,-2261,2055,-2415,2345,-2416,2055,-2323,2345,-2736,-7466,526,1934,-1371,3094,2103,15081,-1204,-2736,2103,16011
9/13/2023,3401,334,4991,802,1125,2918,3056,1414,7460,1345,259,3255,3205,3636,20929,3690,2764,4672,5240,9055,16486,2345,3794,-98,3987,12650,5154,2225,985,-162,1990,459,3818,802,1289,3601,2804,1732,3811,1250,1735,3734,3295,5942,28223,3690,3887,5470,5240,10407,21306,4038,7090,-47389,4217,10110,21567,2225,6863,-47389,5267,11069,3899,11292,6087,11479,2189,11292,-396,13905,313,5709,5079,10901,-743,-6715,6442,1247,-1388,-7386
9/14/2023,3423,4275,-3320,3187,3272,-3057,3717,3109,-3320,3300,2462,-3522,1560,5299,1912,1285,5787,6103,2790,3544,-2731,3167,-6475,-5970,680,-1352,-1305,4462,-4445,-7495,3320,3384,-3584,3187,3379,-2554,3717,2829,-2554,3147,4126,3253,1560,5545,7488,1285,5487,4759,3340,6073,2192,5367,6831,-4174,3435,6073,2369,5832,6664,-3081,916,-3368,1598,-3455,2079,-3368,1913,-3455,5291,61,5067,3605,8636,4129,-4272,-5991,1905,-875,-4272,-5273
9/15/2023,565,-684,-4005,-900,472,-3564,-1340,-565,-1627,-85,-899,-3784,632,1913,-5747,1335,3112,-3930,654,11840,-5692,5730,10419,-3526,43,1355,906,8374,3366,-6255,565,-539,-1537,-900,472,-3031,-635,-1378,-1529,300,-1328,-4728,692,1796,-9533,1355,5051,-3595,2425,13093,-7083,8185,19799,-1032,2785,12388,-4416,8464,20956,-381,-1065,169,335,271,-1065,169,490,-146,-428,-2634,-1262,9915,-700,13897,-5085,-4878,673,-1420,-5085,-5526
9/18/2023,155,380,6548,184,449,6861,-211,757,4062,94,57,8760,3990,429,4388,3200,-3864,-303,2748,-2471,-4509,4632,-6251,-5036,2816,2525,2712,5732,-4081,-6442,155,380,14404,309,904,11042,-211,1212,8510,149,-849,11450,3990,2221,19029,3200,-4714,3046,2383,-2420,5123,5737,-17691,-47593,2816,-2420,5317,5732,-17691,-47593,3163,18358,4309,18358,3041,18358,3950,16384,7219,6203,-2725,1891,-2861,388,-6386,-6045,2432,-937,-6386,-6475
9/19/2023,-170,1826,-230,-188,1814,-2407,-70,769,-2800,-295,635,105,2115,1252,-2900,1625,3680,5417,4428,8956,-649,2249,-5486,-3016,4580,1336,2929,2491,-1699,-2751,-170,1291,-1280,-188,1814,-3369,50,1225,-2592,125,654,-2842,2385,5487,533,2293,3909,6431,5701,8571,4335,1664,5909,-31712,5262,7372,3662,2511,4875,-36754,957,-4431,2242,-4299,2834,-4431,1319,-4274,3109,-1847,3990,-4545,8798,-5723,-3906,-5935,-2809,1853,-3906,-6065
9/20/2023,2145,1266,-569,2885,2166,-5963,2495,1188,-56,2510,2713,-2494,-95,20705,-5844,855,23127,29581,1483,6363,30463,6630,14971,25935,627,2734,-4660,7680,13805,25608,2325,1438,-9158,2885,2166,-8881,2495,1399,-8086,2570,604,5603,-50,4092,3409,855,23177,31111,2767,7316,31921,5603,16966,43857,827,7091,34461,7725,18186,42087,-2193,-7392,-922,162,-716,-7392,318,832,17407,-7130,19433,10206,21222,12273,13736,33599,2477,-4465,13121,33332
9/21/2023,329,1867,-5881,385,1645,-5504,555,672,-4103,515,2178,-7234,775,1289,-5871,753,2089,2635,1331,2402,-4160,956,10779,20062,876,770,2639,956,9799,12994,515,2152,-3144,385,2069,-707,820,1859,-1232,630,1475,-2670,775,1735,-3549,753,2089,3786,1331,2800,-6568,956,8871,15964,876,1825,-5202,956,10238,17795,-1734,-1606,1780,224,-3138,-1606,2020,224,1767,-6522,-1634,-963,-1668,-1229,3407,23595,450,-231,3132,17327
9/22/2023,1265,7501,4534,1981,1604,4455,3177,4165,2769,1192,829,1917,2000,3682,6893,2650,2055,-2665,3160,2908,-118,-1430,-6470,-1965,3399,917,3525,-385,-4485,-7444,1265,5425,-1022,1981,2487,2185,1977,4007,670,1276,5936,-290,2000,3798,10770,2650,3378,3420,3160,1360,4086,2735,8766,-7686,1875,-475,2994,2596,1525,-6618,905,3017,1643,11034,3811,2941,1756,11875,6861,9712,7731,1124,4615,-32,-4135,-1390,2162,4509,-4135,-2345
9/25/2023,1790,2698,-2271,1940,1506,1503,1313,1534,-656,1715,2638,-693,130,2748,711,460,-110,-2386,850,1743,-1219,1507,2902,-1082,489,8444,4443,1445,232,81,1790,4830,-1651,1940,4565,-36,1313,4005,-36,1395,3714,1020,130,3035,4829,460,-3,6624,755,2618,11788,282,-2040,20247,489,2563,12820,1605,1038,23212,1143,10497,1960,9080,-339,12112,242,7465,-2005,3693,1076,310,1827,-431,-1875,4277,-256,405,-1875,4277
9/26/2023,-270,-4439,-5977,-1830,-4498,-4845,-57,-4319,-4832,-780,-2977,-7500,3000,967,-2134,3745,12003,-4538,2170,8343,-7267,4125,30170,15588,2115,2507,-4645,4125,28799,21421,-270,-240,-4127,-1690,-476,-5085,210,-681,-3220,-2245,-2900,-12395,3000,2978,-1321,3745,11436,7236,2170,9942,5662,4125,32277,42801,2115,9569,7143,4125,34680,48658,-2071,-5105,-3927,-6204,-3943,-5105,-2802,-6204,-676,-2177,6097,-567,6954,7704,17930,1847,1915,-4325,17930,5801
9/27/2023,-30,4900,8343,415,4002,6619,692,3458,6540,-40,4839,4424,2018,7589,17800,2275,8469,16707,3832,9798,23811,1715,1468,956,3705,1841,3469,1375,2582,-6154,-30,5652,11184,836,4962,6573,676,4192,6573,890,3442,1013,2275,8371,22042,2275,7299,16707,4295,10239,23686,4290,18874,27397,3705,9938,24844,2460,18041,27211,1611,8710,2669,3523,4439,8710,-785,3523,5061,13049,3472,15871,7000,17072,12781,-1719,1291,-32,12781,-4139
9/28/2023,855,-2651,-4555,135,-2493,-3596,342,-2521,-4332,460,-2022,-3650,894,4772,617,2035,3842,-2442,1920,6744,-5373,3060,-4499,-3153,1880,-1620,-77,3050,-3039,-7258,855,-3387,-15268,135,-4996,-11706,342,-4726,-10701,150,-7320,-11840,1540,4503,9398,2035,4542,6252,1920,4939,3177,3060,-1036,-10957,1880,4649,2733,3050,-154,-4096,-1229,-5194,1254,-3489,-896,-3589,2034,-4795,6544,-1284,8271,-5371,8930,-5735,-5022,-5465,-2325,1281,-5022,-6262
9/29/2023,700,454,-1436,1345,1281,-856,1512,608,-938,95,2178,-1171,1270,5839,-5975,1510,8882,-3084,4196,7446,-7495,4357,6743,-4688,4275,3478,-1547,4337,3599,-5304,700,2174,-1290,1345,1281,-425,805,2017,-540,-25,745,-2330,1270,5839,40,1510,9420,-735,4660,6819,-10177,4357,10235,-19395,4275,6123,-3170,4337,10612,-19292,5625,772,6328,1643,6105,772,5575,671,6640,-6963,9913,-6938,4932,-7376,2386,-4681,-2370,445,2386,-811
10/2/2023,2105,2429,10281,3847,2860,8482,2129,2479,10021,815,3694,7719,1337,-441,-18,965,3167,-4489,1664,6531,6884,-155,-2973,-2935,1461,3610,2147,1126,-1718,-4532,2105,3989,7719,3847,2895,9541,2129,3696,9483,2893,3686,6239,1337,1690,8949,965,4537,-216,1664,4472,6819,1206,-4329,3879,1429,4022,9388,1126,-3547,-2750,2105,4390,2444,6615,3718,6271,1038,7381,511,6676,3353,12381,4704,3614,5464,-1861,2080,2365,5464,1502
10/3/2023,1672,1035,-610,1212,2528,117,591,879,1167,1762,2705,2802,-255,-3129,-4021,1495,2464,9392,823,3433,9603,6520,21223,-3713,752,-1070,-3920,6685,18114,1162,1672,2648,2141,1312,2693,5737,1657,2247,5450,-1015,-1340,2350,-255,-1645,-2107,1495,2605,10189,1956,6000,11157,6700,17248,76407,1421,5625,8946,6685,17886,79622,8963,4457,7514,7646,5888,929,5111,7127,-4037,406,2606,10325,5138,18101,14044,6228,-2050,-4074,14044,1581
10/4/2023,-54,-291,1450,-30,1556,1160,810,554,-1456,580,-185,93,-371,1954,-3486,250,2393,4882,1502,6736,6285,930,3424,4686,285,257,3807,1370,2559,4648,480,65,4017,-30,1556,-638,810,1065,109,-865,-1220,2838,-65,5206,-547,250,2393,5484,1502,7111,3496,1843,1911,21033,1072,7601,5678,1370,4899,22666,479,36,948,2550,887,1474,1129,2783,2766,4952,1081,6062,2264,6504,2006,8110,-718,207,2006,8060
10/5/2023,855,-102,3575,362,1806,2721,-214,1217,2918,275,-20,2925,2420,3276,-1708,815,718,-7484,2735,-406,-3972,-535,-3690,-4536,3045,4418,4329,-1095,-1527,-5066,855,-605,4107,362,1806,2822,608,1862,4194,915,316,-931,2510,4191,-3407,815,1459,-10588,2735,-657,-5899,-263,-5834,-45184,3045,4995,-8057,-1225,-8280,-44632,2952,11323,5045,9026,3641,8661,3680,5501,4399,-6875,1090,3836,8470,-4004,-4225,-6007,4107,4127,-4225,-5537
10/6/2023,1725,2126,5502,1080,2344,5671,-1420,1656,4268,1850,2542,7103,-705,-2581,-7000,-600,-3445,-6350,-710,-3055,-7100,2880,7154,-3406,-1484,-2275,-4705,3623,5355,-4388,1725,2929,6923,1080,2344,6391,870,3385,7556,2808,1786,8580,355,-6910,-13560,155,-4575,-5255,810,-4105,-1133,2935,5962,34188,1025,-4925,275,3763,6798,37447,1892,4587,2750,7728,2248,5984,1260,3690,-4195,-7490,-3810,-7445,-2966,-7500,6519,-3757,-6725,-5750,7809,-1364
10/9/2023,53,2851,-5981,765,2625,-5018,1343,213,-5981,60,3337,-1773,3950,5663,-5287,2940,2892,1113,3170,6300,-441,5125,13039,7291,2940,2102,1541,5290,11455,6898,405,3422,-734,765,2738,1489,1532,1563,1344,-1090,-453,-2630,3950,5663,6281,2940,3354,1218,3170,6300,1799,3959,12195,20883,2940,6704,-845,5290,13410,20883,344,-1258,700,-2015,2291,-963,-1359,-2015,-116,-5068,-229,462,-402,-1238,7399,7209,-170,-1136,7399,7209
10/10/2023,1205,4326,3022,1812,2502,-737,3447,3514,3016,1621,2739,599,1340,2141,1612,1710,-17,3627,1105,1822,5498,2115,-5243,3052,1570,3060,7212,2540,-3376,-3910,1205,2729,2087,1812,2502,-253,1235,3514,466,3516,4284,3702,1445,1109,4405,1710,-17,3851,1105,-521,5549,1984,1330,-19638,1675,-39,1042,1015,-2031,-26448,1588,-997,1698,-1083,2967,48,2457,-607,1966,7372,1606,4759,3869,3962,6076,-5337,1106,8932,6076,-6067
10/11/2023,385,1950,-1032,1777,2729,3083,1315,772,-813,475,1829,221,-435,-1053,-1094,-96,1307,-2472,2529,-1125,-6487,593,3013,-55,3139,2206,4229,528,2471,347,385,1789,90,1777,2729,505,1315,484,33,-410,-216,3199,-315,-713,2378,-97,1307,-1976,2529,-1125,-7881,593,4830,-17506,2634,-1443,-6476,528,2255,-21392,2391,702,1830,3631,2382,702,2120,3631,209,-886,855,-2303,300,-4870,774,1860,120,7311,774,2671
10/12/2023,1480,4250,-5891,1030,5669,-3115,1405,4503,-5931,1625,4054,-3776,1975,7675,7903,400,3280,-5530,2030,6125,-528,1100,-6500,-5436,1385,5343,4831,924,-4500,-5660,1480,4794,5362,1030,5669,6153,1670,5153,7743,1365,4569,953,1975,9295,9486,400,3490,-3340,2030,4345,-66,1998,-845,-40100,1385,3790,-1800,910,-8512,-36370,5467,3820,3489,5763,119,4651,5094,5333,6935,9639,-775,-6455,1428,-3342,-6475,-6247,2199,5273,-6475,-6963
10/13/2023,1165,2600,271,485,2555,-21,1276,2456,-3405,775,2268,-2166,2684,888,777,1920,4478,-6070,730,6216,-5822,2227,17817,-4480,1200,-2015,-1887,5817,10702,-2335,1165,2544,-3507,485,2555,-1749,355,3933,-2084,-730,-1573,-514,1440,2968,514,1920,4478,6640,730,5281,9310,4854,18548,35097,1200,4370,5450,5817,20083,37843,4038,-2929,3555,-3010,4038,-2929,3603,-4860,1886,7558,6423,9769,11440,2185,23224,-3228,-1444,-1334,23224,-5058
10/16/2023,324,3373,2156,3381,4720,3409,2890,4380,2976,319,4595,2862,1295,9493,8607,1515,10994,12756,1880,15750,16151,1985,29001,3235,517,3779,-4660,1975,28905,4685,324,4555,3749,3381,4720,3922,3238,5510,3922,149,3680,5749,1295,9428,10443,1515,10994,13747,1880,15903,18918,965,28289,54026,1640,14993,18623,1975,30716,56389,-2418,5816,-3630,4480,-3119,5816,-2355,4480,7578,4863,3969,3957,7103,8343,33564,12907,-139,-3493,33564,13980
10/17/2023,1815,2100,3682,3257,3835,-4235,3732,1556,4060,1820,756,6509,1459,3227,3016,205,-1745,-3793,514,-1976,-4055,523,-4752,-5880,-1033,2115,1179,-590,-1683,-6155,1815,2073,2990,3257,3835,4280,2195,3335,2280,982,730,-160,145,2411,6941,205,-3568,-12830,-407,-3647,-16153,-1183,-11912,-71128,-1187,-3917,-16852,-450,-17258,-76980,3782,7479,3034,7212,3260,8239,3538,7212,4256,7842,-2930,-5185,-4807,-7088,-6405,-6805,-1550,1110,-6405,-6805
10/18/2023,2275,3977,4781,1749,3251,5515,2220,3581,5696,3090,4816,5540,1715,895,-6795,1207,2365,2542,2225,10566,-1184,1797,27194,36771,1890,1295,-65,1782,17618,32534,2275,3349,4781,1749,3251,5515,2220,2181,6430,3043,5178,7663,1715,895,-14135,1207,2365,2294,2225,10566,9182,1797,22219,47601,1890,8564,1840,1782,20009,47054,7603,9543,5562,6296,5743,9543,5572,6296,2466,-7380,2693,6793,10988,7787,21964,40443,2445,2180,21959,50876
10/19/2023,1440,18066,4687,1593,5202,5889,2034,6759,2765,2405,7587,14049,2000,3686,16888,2485,7863,20124,1662,8429,7737,2560,31421,43714,1732,2700,3103,2845,30961,57879,1440,18066,13389,1593,5202,6298,2235,6358,9876,2600,3780,3273,2000,3686,10310,2485,7863,16329,2205,8429,14708,2784,31253,52197,2265,7088,15489,3010,30961,52517,2707,16176,4255,17219,3648,16115,3111,-103,4072,972,4833,8209,7922,14340,24101,43867,2618,707,24081,42945
10/20/2023,2495,1349,9347,1842,2958,8440,1380,1624,11126,3221,2548,9933,-27,3687,4027,1624,1459,10058,-9,2724,829,4943,8378,6699,550,2858,-377,4923,6304,11966,2495,2846,11321,1842,3028,11933,1494,3011,12033,1837,-109,7078,655,5257,4839,1624,2687,13119,1623,5718,16918,4394,10886,61556,1454,5733,14912,4923,12045,59692,7464,12151,8290,13544,4968,12451,8330,13369,-595,-687,1432,16906,-1756,11746,2420,17710,675,203,2410,15526
10/23/2023,1286,6257,12719,3115,7075,12900,2909,6238,9892,3943,6286,12465,1021,-1495,-4915,2320,1025,-1008,2696,859,3821,3625,3468,3136,1906,614,-4700,3620,2817,3329,2330,7418,17633,3115,7373,19366,2909,7643,19356,4943,10865,25298,1550,-4845,-10152,2320,-1345,-4750,3315,-915,-3369,3910,2555,-3926,2435,-200,-4164,3620,3143,2474,7704,15662,7858,18365,9434,17204,4990,19145,-930,-6015,686,-581,3021,-3904,2736,2880,-99,-5365,1711,4376
10/24/2023,1095,1548,5973,635,2993,6981,-405,699,6923,1050,2172,5792,-295,-2463,-225,407,2011,2396,142,-83,5443,2086,11227,-797,1166,-1142,5586,846,9853,-660,1095,3034,5667,635,2993,8139,635,2175,9089,770,1240,5294,670,-786,2067,555,-2545,-1016,1465,120,-983,-2691,-4632,-15034,375,120,880,-1455,-2798,-13689,2651,5707,3404,6703,1329,6657,2700,6703,-4179,-1247,-1840,2243,-1771,-685,9519,-183,2110,3846,8954,1906
10/25/2023,756,-1690,-4430,-422,-1194,-2848,-772,-2197,-4522,1300,-2125,-3102,1280,-1538,-6789,4525,5372,-5741,3165,1362,-7283,6477,9131,18486,3185,-413,-1716,6477,5336,20304,1270,-1007,-2601,-422,-389,-2127,-257,-459,-2408,-425,-3800,-6303,1280,569,-17532,4525,6196,-792,3165,4711,-10710,5860,13470,37147,3185,5751,-8385,6477,14490,36826,-1153,-6310,-1379,-5675,-1322,-6310,-1199,-5675,-765,-7212,4855,-6095,4373,-6852,13778,9430,156,-1795,13778,11188
10/26/2023,1825,2053,3094,2005,10267,-902,1757,10457,3094,1130,9766,5737,1913,8794,19299,513,6366,18071,2648,7897,26199,6200,3132,7241,2633,3766,241,6845,5061,5222,1825,10017,1170,2005,11177,1366,1028,7952,-566,398,-4700,437,1913,9188,30095,513,6366,18471,2648,7897,26425,6827,-2501,3582,2633,6766,25182,6845,-1523,3079,3273,7419,1964,321,485,224,856,4968,9342,24543,7221,24158,9314,31363,8561,2975,7180,297,8556,-79
10/27/2023,-5,1645,1890,-148,2126,2204,-211,380,1731,-35,3071,1362,1000,4664,-5224,340,8180,-6443,1760,15253,-7487,2375,3751,-4193,1645,-1763,6985,6690,-1024,-5654,-5,2305,1844,-148,2126,1452,400,1102,1452,55,1647,574,1000,5153,1362,340,8180,4603,1760,16691,1425,5887,14313,-7916,1645,15721,2103,6690,13347,-10320,254,2835,483,3038,-837,2835,282,3038,3843,-4821,8158,-7226,7708,-4382,-2076,-5675,-1140,1559,-2076,-6338
10/30/2023,-270,3729,9361,1700,7314,5191,-6,2319,-1668,-240,5031,3087,985,6680,7680,951,3661,3558,753,3815,2541,-1210,809,263,32,3811,4936,-2340,1321,-3197,-270,3580,3687,1700,5601,2801,-6,3379,-309,-55,3788,4673,985,6931,14877,951,2235,2398,358,8555,6208,-1116,2820,-36013,276,4975,10486,-1780,4044,-33878,6172,-2679,5295,70,5198,-1741,7978,1810,11525,15353,9872,8999,8737,10648,-2564,-3971,7335,8398,-2564,-5753
10/31/2023,-1380,-1871,-5999,-1855,-1649,-5995,-2160,-1871,-5999,-1790,-2942,-5840,1470,-776,-6086,2350,2433,-3369,1337,-559,-7442,875,7617,-6000,2443,186,-2966,875,8845,-3901,-1855,-3442,-12838,-2275,-3442,-12050,-2955,-4382,-12050,-3650,-7030,-13230,1470,-553,-10017,2350,497,-4089,2165,-1443,-9831,875,5234,-7601,2630,-2156,-9897,875,6639,-5645,-1884,-7481,-881,-7230,-387,-7481,-797,-7230,-3030,-6644,989,-794,-3284,-4168,4294,621,-2434,-1013,4294,3708
11/1/2023,1605,1775,2659,1231,2928,5933,1271,4068,634,635,1181,2497,195,305,12694,270,1985,642,1359,1876,-2617,735,6304,5428,505,-114,-3062,735,3734,2460,640,2206,-1662,1231,2928,-1394,1271,4068,11085,880,-1240,-6973,195,1643,7233,270,1985,-1369,720,2185,-5161,735,1443,15244,505,1965,-3449,735,4366,16643,1597,-737,1700,1841,1990,-737,1450,1841,73,141,1796,669,-325,2874,7179,11855,-281,-5760,6629,9872
11/2/2023,-815,-1016,-1050,-1500,-1670,-2447,-1494,-1442,-1050,-775,-2950,-2606,-705,-2340,-5658,225,-1634,2685,-590,-3774,-3674,-65,1485,2266,-605,900,1221,-335,-565,1937,-775,-1455,755,-1925,-1455,1167,-1300,-1520,1167,-1140,-998,-776,1505,1560,-7328,1190,1226,6794,1405,760,284,-335,626,37816,1315,760,-211,-335,4053,38089,-1614,-5704,-1542,-4425,-1848,-5704,-2249,-4425,-3517,-5544,-897,1088,-183,7617,-1115,2898,-2611,1221,-1115,4409
11/3/2023,-95,2909,85,302,2005,396,988,1908,-542,-91,2735,-268,1680,-511,-728,369,-310,-1558,3925,-963,8576,4615,-420,-5886,3640,-2410,-113,5895,4866,-5761,-221,1040,200,302,2005,-228,988,1694,-575,2019,85,562,1680,874,8296,660,-270,-1559,4040,875,10700,5500,1573,3967,3640,-115,10700,5895,-236,3967,2613,119,2961,1521,4093,129,3041,1712,-2285,-3439,769,-820,6792,-4596,2555,-5070,214,-4270,2555,-5444
11/6/2023,-90,2892,6717,-400,2502,3898,-1020,2535,6717,-90,466,3368,1230,6895,16459,1610,4111,12679,4110,12036,15863,2224,5755,-61,3150,5361,6676,1119,6120,-500,-90,3026,7887,-400,2636,4295,-1020,2535,4295,1180,4531,2264,1255,10434,32457,1610,4941,17169,4110,14586,25293,-392,-518,-9164,3275,9761,25568,-25,5,-9164,2982,7201,1974,7477,2850,7201,-895,7477,2507,5914,1599,4694,5625,3321,3882,-1006,1827,5506,3882,-3560
11/7/2023,2815,4588,1468,2373,5395,1954,1894,3907,2882,2810,3800,40,547,2716,9821,1910,1746,-1688,3575,7675,7487,4524,530,-2054,1940,-975,-4630,5097,-497,-4964,2815,4859,-244,2373,5270,904,2012,4025,986,1190,2172,-92,890,3335,20106,1910,2115,8920,3575,8131,15226,7410,-9,-3306,2770,8131,14702,5597,526,-2851,6119,-2539,7098,-2091,1610,-2539,7285,-2091,1447,8941,3433,-1267,6684,253,-3436,-3248,-719,-1840,-3436,-3018
11/8/2023,1934,1850,4755,1255,798,2796,859,4920,4505,1214,4220,3149,1330,-463,15329,2310,2507,5744,130,-1403,10152,475,-4829,-4364,-530,849,7442,420,-2859,-5088,1934,1850,3329,1255,798,3329,859,3371,2829,745,2093,4189,2135,-1603,24918,2310,2507,10232,-495,-2212,9658,565,39,-22031,505,-2132,17606,565,-2103,-28234,2894,4870,2670,5187,965,4870,1284,6167,9518,8793,13179,9609,3104,7557,-4048,-3480,3555,5430,-4048,-2159
11/9/2023,2995,5490,289,3605,5245,3484,2870,4951,-3862,3170,4814,1572,200,-3576,-4996,1350,1734,-7399,1670,-2318,-7468,5303,16568,-5980,1370,-1023,793,5993,16438,-5499,2995,7315,4151,3605,7175,4772,2870,6990,1487,2940,4792,3509,200,-3271,-4239,1350,1734,-7905,1670,-2318,-3270,6202,12165,9589,1370,-1513,-1906,6033,12553,2208,3202,7782,3388,4907,3053,8017,2185,5442,-3906,-6092,-4230,-7460,-1830,-5804,10300,23861,630,2280,10300,21301
11/10/2023,328,-1298,-572,725,1700,-481,-283,-1731,2742,60,-2045,1184,-1605,-3638,-5539,-1325,-1120,-1861,-1970,-3342,-5340,2820,14752,14449,-1320,-1533,-930,3060,7630,24370,485,815,5246,725,1700,6280,125,960,6211,1460,5200,5912,-2535,-11713,-23399,-1025,-105,-1861,-2905,-6200,-8508,2102,12171,51554,-1605,-4175,-5649,3060,14752,52109,2616,3249,3261,3408,2167,1334,1505,1975,-3865,-6705,-2355,2015,-3592,84,22862,30793,-6360,-250,22862,30123
11/13/2023,1435,3350,3133,1340,2011,3,2531,3685,3133,1740,583,4650,1415,4768,5894,1033,1042,-1345,1760,1370,517,680,-4600,-5935,665,-293,-2206,900,-3890,-6555,1435,2906,6621,1340,2881,5406,2506,3241,5406,2266,2827,3517,1590,3653,9496,1375,-128,522,2330,-455,1201,2580,-11298,-34781,1200,-1140,-2137,900,-15317,-40140,3856,3523,-10,5081,3641,3523,831,5081,6669,3720,1311,-5820,3043,-4415,-5315,-6200,1727,-2601,-5315,-6965
11/14/2023,145,1550,-769,575,1617,-684,-340,3215,-684,195,520,1802,2590,13006,38259,5295,9460,24815,4480,19259,27709,310,12539,12886,3055,5819,9105,2710,10078,654,145,520,2118,575,1617,2044,-340,2185,2044,-275,330,6204,2590,13068,56498,5295,9460,39311,4480,19259,48763,2810,15706,21309,3055,18747,48033,2810,15706,21309,2174,737,2213,1349,2709,737,2218,1349,18681,46373,14763,28400,18553,22376,3655,237,13850,5491,3655,-2907
11/15/2023,1367,-1435,-3538,1998,-1088,-2065,2535,526,-2155,1292,-1589,-1245,2145,2060,-3547,730,525,5799,2690,8394,2604,918,12235,2824,2415,131,-3139,1138,8586,12469,1367,-1830,-5103,1998,-1196,-3400,2428,-654,-3400,1052,-5021,-6954,2145,2060,-8124,730,2180,9129,2690,8777,4444,610,13910,38765,2415,9347,3670,1138,14645,38480,1056,-263,2242,-768,712,-263,3647,-768,756,-1839,8179,7099,15412,13000,23735,3918,1344,-1003,23735,11947
11/16/2023,-60,3915,258,-620,4215,-1015,-633,4518,258,-60,1593,-2182,2755,7470,10211,1820,6415,13220,2255,5409,9443,-460,-1395,-1703,2590,945,4700,895,1689,1306,-60,2552,-1585,-620,2552,-1670,-455,1981,-1670,240,2165,302,2755,7470,16203,1820,6545,10571,2255,5428,12813,1806,12470,5115,2590,4741,11876,895,12010,3979,5209,-816,1559,-398,6123,-816,-683,-398,1388,4199,1847,7806,5123,5760,-3427,-2248,-1001,1893,-3427,-1484
11/17/2023,1456,4275,-961,1011,5224,-251,720,4548,-961,1456,1979,-811,1330,2826,-2297,755,-1734,-1355,1952,-412,-4546,2325,-2861,-4566,1225,805,-2117,2305,-4310,-5609,1456,5224,-1892,1011,5224,-1892,720,4745,-1892,201,5639,4665,1405,6877,17088,2240,-773,6005,2602,6083,3015,2400,-4005,-42794,1340,6078,8271,2305,-7157,-48841,1857,-1824,871,-1865,2427,-1824,2327,-1865,3560,-1215,-1184,-4704,5564,-4921,-4440,-6325,-1075,-3087,-4440,-7385
11/20/2023,-140,507,-1345,-805,-4294,-1650,-750,-1082,-3060,-125,-2935,-3773,2045,-3685,-6110,2210,2655,-1877,990,-209,-2081,3010,9824,787,3600,-2195,-1152,2960,2887,6167,-140,1920,-2383,-805,1800,-2395,-750,366,-2230,95,2235,-5929,2045,-3305,-9330,2210,4005,-1902,1210,1940,-1705,2419,27449,35514,3600,1695,-2731,2960,28628,36740,1541,-952,-698,41,632,-1660,-3066,41,-4060,-6447,3161,159,-681,-2530,4491,435,-2649,-759,4491,14704
11/21/2023,-675,553,2792,185,2043,2904,-404,1914,918,-840,410,2638,3517,-641,-3987,2513,6852,-2756,-1090,14876,678,1250,-1152,-912,-486,-258,-1455,2375,760,3002,-675,553,8370,185,2043,9250,-404,1914,6650,-567,355,8235,4689,1300,-3046,3836,9319,-5615,-750,14465,-1432,2321,-860,-24810,360,13094,878,2321,-2076,-26455,-969,1347,-3321,-947,-2235,1347,-2153,-947,15330,-6275,3250,-1417,-15,-5456,-1490,-4127,1354,-1873,-1490,-2487
11/22/2023,-553,315,-328,1540,1700,-2679,1339,-61,-101,-355,-519,-917,2740,1617,8329,1870,-1750,3505,3533,-3043,-1588,9610,-2350,-3893,2175,266,1131,9560,-1100,-6984,-355,905,-2522,1905,1310,-2596,1999,585,-4787,-20,175,-5675,2740,1876,8654,1820,-1476,-844,2120,-2061,-5729,11101,-10004,-46013,2125,-2571,-8808,9560,-9845,-50373,7488,-1467,6475,-2064,7578,-1467,5860,-2064,-32,15799,-64,4365,-4210,3972,-5275,-2886,-89,1131,-5275,-2880
11/23/2023,595,3060,4905,2285,3060,4905,2285,3060,4905,355,3060,4985,-335,5575,6010,260,6195,8510,2430,9710,12820,680,6540,6600,-215,2055,2000,270,4860,6595,355,3060,4985,2285,3060,4985,2285,3060,4985,355,3060,4985,-210,6390,7430,260,6195,8590,2900,10975,13655,275,10790,17830,115,10975,13655,275,10790,17830,387,-254,-80,-1810,387,-254,-80,-1810,5695,2440,4330,-895,4370,-274,-795,-6795,305,1330,-795,-6795
11/24/2023,695,3464,5900,2210,3896,5900,2705,3896,5900,705,3464,5924,420,6745,8505,1375,6425,7680,3690,11189,12305,2665,6964,3784,1834,2255,1764,3395,5648,3970,695,3464,6395,2210,3896,6395,2705,3896,6395,1350,5096,6395,435,7690,12025,1695,8945,13950,4860,12535,19070,4315,18715,27590,2830,12535,19070,4315,18715,27590,348,-2848,-1215,-2780,348,-2848,-1215,-2780,6560,1835,-1425,-2515,-325,-2050,-2110,260,1320,-1135,-2110,280
11/27/2023,1422,106,533,1717,617,1184,4109,81,533,1422,102,-575,1020,1407,938,1615,1352,855,3160,-388,-3409,2976,3117,-3137,3105,5868,4346,3381,2196,-5637,1422,617,-3004,1717,617,-3004,1672,592,-3004,665,-1063,-627,1170,955,9586,1615,817,1729,4263,585,-843,3728,7643,-24811,3136,838,-375,3728,3708,-24811,325,3974,-356,2313,558,3974,1777,2313,-158,-1367,-3600,-3457,3654,-690,-1025,-2903,10647,6463,-1025,-2378
11/28/2023,-150,-390,2775,385,-685,2521,-1020,-79,1614,275,1861,813,919,1348,-3728,890,190,-3650,2227,2183,-2328,2190,-1459,-5170,1308,-51,-2953,3120,2131,-6545,-150,580,2775,385,195,853,-585,-170,853,1093,-392,3168,989,2769,2478,1030,3345,1785,2235,1346,2615,3795,-3389,-2082,1530,896,4100,2475,-3168,3216,897,2196,-470,932,1406,2196,1590,932,1132,102,-1705,-5385,-979,-1661,-5098,-2600,905,-3964,-5098,-2610
11/29/2023,51,-2100,-3809,115,-795,-2736,-254,-1760,-1087,121,-895,-5659,-1026,-3194,-6986,459,-1142,-7438,-1802,-3497,-7469,1881,9336,331,1007,-2050,-4765,3397,7871,6632,121,-895,-8772,115,-795,-8235,105,-790,-6845,-268,-4295,-9620,-790,-2686,-22709,459,-1768,-13709,74,-2080,-13401,5126,13827,43275,1191,-1300,-15307,5893,15855,45800,-1591,-944,29,316,-1591,-944,711,316,-3771,-7475,-2355,-6680,-3559,-6753,11806,16226,-300,-4120,11806,19198
11/30/2023,1570,1542,554,2641,3969,-167,3103,4345,1438,955,3463,3027,2225,5238,15348,3670,16874,10374,5958,17520,10001,11150,10883,-663,4463,10543,7720,3633,4209,-1482,1570,3571,-482,2641,3315,-2464,2527,4350,-2632,160,3103,1173,2225,12908,11628,3670,16874,6718,5958,18517,439,3908,8515,-30957,4463,18272,-6242,3633,12814,-40953,-2346,-1085,-1320,352,-2346,-1085,-707,352,8358,8947,6105,-1623,1608,2051,-1012,-3501,8214,4298,-1012,-5127
12/1/2023,1407,-1653,-3038,3235,-2280,-960,-364,-1680,-3038,2885,-2145,-1821,1695,-2713,69,664,-2261,-5611,2304,-2,-4698,90,1624,-5188,1949,-1043,965,190,-495,-6443,2885,-1930,-1995,3235,-1930,-1911,-370,-1926,-1911,474,-335,-1828,1695,-1965,2270,664,-1891,-3300,2304,-70,-228,539,4571,-13368,1949,10,2875,190,5168,-12323,-3953,-2795,-3113,-842,-3178,-2795,-2419,-842,5851,841,-1678,-201,2029,4457,-2823,-5717,-2727,2819,-2823,-5539
12/4/2023,2570,4100,10546,361,4474,4017,457,3425,8386,2766,3964,4109,785,3317,8655,-95,-670,1263,4118,3163,10096,3540,4513,2445,3090,2669,6670,4675,4795,-554,2570,4634,3440,361,4474,4604,485,4234,3914,1713,4719,6990,1225,6592,20704,905,6358,17764,4118,8237,19753,4675,7850,3927,4180,7467,20419,4675,7780,4988,1945,5824,2775,2302,1746,5824,3569,2207,1565,17340,-1401,12391,1931,15698,-4315,3761,-442,6133,-5610,-4633
12/5/2023,840,4781,2450,845,5414,1870,2464,7212,2312,590,5606,-1992,7885,720,10208,3545,25,10205,4659,12328,5287,2352,-3425,-3595,4540,8557,5447,1732,-1980,-4843,840,4818,-31,845,5414,2715,2487,7360,-2075,120,2057,393,7885,974,12060,3545,25,14600,4659,12328,10818,1250,-1129,8403,4540,13223,8256,1732,-3099,-891,4586,5226,6560,5627,6728,4661,5955,4814,1890,10957,953,13124,2528,4292,-534,-6337,5830,6618,-534,-6397
12/6/2023,220,-1347,-5891,395,-935,-3625,454,-1304,-4974,220,-1915,-3194,565,-2620,-6960,645,-1910,-6445,960,-528,-6960,3232,14992,17296,710,-2920,-4695,615,12257,14232,220,-795,-4080,395,-935,-3287,454,-1006,-3437,-640,-2545,-7650,565,-4605,-22032,457,-3080,-15285,960,-55,-19488,288,16334,34020,710,-2671,-19165,915,16309,32862,-2948,-3370,-1845,-2190,-3675,-3685,-2040,-2190,-4055,-6305,-3800,-6305,-2300,-6305,13816,16378,-62,-4040,13261,15553
12/7/2023,7350,-2934,-4979,4399,-950,-5937,3152,-691,-4979,6795,-2255,-6642,6717,-2600,-6106,3841,5068,1436,9404,6413,1981,6315,3178,1826,8653,-1734,776,6250,2146,3835,7350,-2787,-6348,4399,-5220,-7812,3152,-5170,-7812,5755,-4187,-7668,6717,3238,-1010,3841,5068,3330,9404,6342,4456,4586,1268,19878,8653,6458,8549,6150,4027,23176,-6710,-6450,-4340,-7390,-4340,-6450,-3300,-7390,-1517,-7390,3389,3871,10857,3546,11689,4676,-1192,-5675,11689,2646
12/8/2023,2899,1903,-851,3285,1320,587,3369,1629,306,3035,887,2051,1090,-1028,1035,2330,-118,11083,1910,5181,8516,6015,14024,1090,2610,2220,451,3900,3062,-1870,3035,2959,3906,3285,2969,3372,3815,3932,1917,3320,2386,7438,2280,987,5417,2330,-118,15417,2580,6240,20391,3674,10705,42978,3175,4119,21961,3900,11622,44705,1286,841,2585,3001,3403,-647,-175,3069,-1605,-4153,-1670,5139,-56,9828,-2982,-4563,-617,3929,-2982,-6046
12/11/2023,2825,433,-459,1150,1055,1331,890,-670,442,1621,1130,1965,1425,-2647,-5869,4350,2897,-3786,1194,952,-7329,1610,8718,7032,1645,-1483,-1987,1610,7041,5597,2825,1040,3141,1150,1055,3141,1520,995,3114,4486,1385,1053,3325,177,-7999,4350,2897,-602,3385,4176,256,1610,8926,38610,3515,3856,87,1610,9719,38977,702,145,1361,1090,450,145,590,1090,-1697,-6559,2932,1219,7103,-1198,6661,7179,-1426,810,6661,8861
12/12/2023,-430,-2042,-2474,-295,-1685,-1214,-1487,-2071,-2683,-590,-1095,-1389,-1578,-4393,-6850,-1450,-3990,-7265,-1990,-4498,-7496,760,5403,3080,-1374,-1756,-4675,760,4153,3448,-430,-1467,-2498,-295,-1685,-604,-563,-1720,-714,-870,-685,-3513,-875,-13895,-28530,-1325,-11480,-18170,-2255,-13530,-20450,-639,4575,23019,-665,-13870,-20450,760,8119,25618,-1245,2135,593,2925,-2183,2818,1105,2925,-4500,-7488,-4495,-7475,-6825,-5592,6685,6212,-6955,-5635,6685,7392
12/13/2023,-980,2218,-4189,-915,1501,-5387,-874,801,-4309,-555,-162,-5028,2530,8820,5877,1035,-2185,1429,1625,7640,2030,-300,-6435,-5970,1310,8351,-1111,-1480,-3845,-7495,-980,2006,-10546,-915,2928,-10741,-874,1342,-10411,-870,-2395,-6897,2060,10630,17830,840,510,-1895,1145,4940,3102,-1174,-20800,-39116,1240,3985,3645,-2150,-19540,-36945,1524,-7460,440,-3829,317,-7315,1545,-3629,5210,5723,4230,435,5465,7349,7595,-3464,2723,-711,7565,-3464
12/14/2023,820,-1106,-3047,-170,1630,-1903,40,375,-3960,265,-498,1618,-875,-1941,-323,-560,-180,538,-365,-1393,2387,-1360,1089,-3811,-755,-2780,-2191,2671,-3616,-5718,820,910,947,-170,1630,324,40,1639,1025,-1820,-2400,1218,-875,-2710,-3736,-560,-180,538,-365,-105,-2187,1652,1953,19372,-755,-580,52,2671,4556,21211,4647,9458,7117,6187,5967,10453,8866,6267,-2040,-3720,4015,6432,6359,10989,4614,5815,-1386,2458,4609,8465
12/15/2023,-95,5479,3525,1135,5785,5477,1995,6644,3525,-160,5035,4588,3845,1187,4130,4905,930,2430,3280,175,6748,6040,2139,-2665,4660,9680,8265,6255,-312,-2623,-95,5750,5259,1135,6020,7161,2340,6915,7161,-255,6620,14228,3845,5480,19870,4371,3235,1455,3470,-105,7523,6003,-5663,-36663,3645,-105,9010,6255,-5663,-36663,11686,-500,7775,-551,11064,-500,6485,-551,7649,12595,2226,3520,9002,-1528,-1669,660,4800,8838,-1669,-4400
12/18/2023,1201,3612,9872,1909,3236,10438,1419,2977,8987,1335,3922,10174,260,-4464,-6247,1315,868,1328,2384,-10,-4529,1445,6889,-3360,2124,-1475,-2209,3659,2088,-2325,1305,3612,9844,1909,3236,11561,1419,2977,11561,1870,4087,12898,1244,1439,3356,1470,1663,2082,5004,7659,-568,3844,9064,13090,4619,3879,-2043,3844,9064,12266,6867,7897,6683,9132,6296,7672,7125,9211,-4470,-7495,5430,5118,3189,2189,6296,-180,-1469,-5320,6296,-3362
12/19/2023,1231,3046,2536,1849,2371,2536,2050,1851,2536,1087,2845,3907,2918,977,3603,2855,10471,10158,3934,3622,10755,4285,870,6790,3273,502,1237,2345,2979,8021,1231,3046,9000,1849,3121,9000,2050,1851,9000,1230,3305,9000,2918,6332,5642,2855,11730,19529,3934,9694,25525,2345,11716,64782,3273,8214,25830,2345,11716,65172,1850,2387,-1115,2688,-790,2387,-130,2688,-2681,1995,-31,6903,1454,5921,2541,5549,-370,890,2541,5749
12/20/2023,1178,1958,5022,991,1801,4262,1376,1387,4032,1640,680,4700,365,-962,-6839,-1420,-1279,-7466,-10,232,-7180,2545,4395,10773,-1385,1965,146,3170,-4086,5093,1178,1958,3040,991,1801,2280,1376,1496,1950,1585,3813,4483,-845,-1037,-15627,-755,-1309,-11900,-10,232,1910,3220,-3292,-29353,-690,-1068,1729,3170,-2744,-32110,163,6738,1276,6859,228,5753,596,7379,-1768,-7299,-3800,-7235,548,-7499,4905,8653,5366,3835,4890,14606
12/21/2023,1195,4176,5554,1025,4548,4106,756,4886,4092,1540,2842,5599,663,-1389,-6981,-484,-3456,-7477,-1012,-1260,-7308,1338,-4963,-5387,1243,461,3557,1338,-1073,-547,1195,4176,6840,1025,4548,4982,765,4325,4762,1890,4400,8617,663,-3904,-8224,-34,-4290,-11103,-562,-1066,-10862,1338,-4119,-28191,1243,-1711,-11744,1338,-5486,-28620,-402,6876,1075,8618,-625,6876,1178,8618,-2787,-6901,-420,-4644,-1368,-910,-1901,-4000,-879,-58,-1906,-1935
12/22/2023,1250,-4300,-3042,-1885,-4480,-3042,-2425,-3101,-2443,1200,-2990,-4802,2775,3404,1294,1535,3574,-4929,-1700,1927,-7173,-1500,1530,-4880,-1130,2026,-1782,-1744,-4105,-7325,1250,-6925,-12095,-1835,-7365,-12480,-3145,-7110,-11415,135,-7765,-16890,2775,4316,-1567,860,3236,-1894,86,1874,-11390,476,2065,-46730,-134,1429,-11390,476,-2130,-46730,-3185,-5971,-2858,-3669,-2858,-5971,-1858,-3669,4815,3337,2465,490,2805,818,-2150,-4865,2390,3074,-2150,-5785
12/26/2023,-1450,-3026,520,-1925,-3026,-114,-2495,-3781,520,-1930,269,4852,-1940,-3810,-4088,-800,-2980,-2323,-1985,-3145,-1130,-88,14843,-3027,-1440,-2315,13,-3,13918,-371,-2080,-2446,5904,-3055,-2446,5904,-3055,-1236,5904,-1705,-3901,3269,-2345,-11050,-14875,-530,-4885,13103,-3215,-8550,8545,-310,18095,102369,-1975,-8840,8653,-310,18095,104718,-900,9991,-865,8005,-900,9991,-767,8005,-4490,-6773,-4470,4754,-6950,5122,8559,8311,-2280,3188,8559,8404
12/27/2023,2200,4845,-2063,2185,4845,-5215,2185,4845,-2063,2105,900,-351,4133,10362,12304,2620,5498,2750,3296,6076,4877,3200,204,-5425,3786,1481,-2070,2505,123,-5833,2200,4845,-382,2185,4845,-820,2185,4845,-820,2015,4405,-820,2575,12168,16591,2615,8999,4284,3040,10041,8707,4468,4207,-21970,2585,9753,9889,2910,2649,-23575,4322,-316,4395,-301,4322,-316,3780,-301,7538,7959,1317,-3480,2203,97,-1285,-3840,634,-2420,-430,-4230
12/28/2023,695,-3115,-4491,-1010,-4170,-4491,-1000,-4170,-3901,410,-1705,-7055,1635,-2939,-6764,1535,-1599,-4079,3185,-3349,-6040,2345,7816,9070,1895,-65,-2476,2265,4366,11982,695,-4465,-9200,-1010,-4590,-9200,-1000,-4590,-8425,180,-4875,-9540,1635,-5195,-16440,1535,-1175,30,3185,-3540,-300,2740,6816,51935,1895,-3269,-675,2265,7897,51935,-816,1920,-1620,-550,-816,1920,-1485,-550,-4100,-7173,-612,3672,1713,6473,12082,6341,245,5706,12082,7956
12/29/2023,465,815,-3005,-690,-1641,-3362,666,425,-3005,460,-441,-3214,364,2363,11328,1042,85,-3352,106,-781,641,-860,-6093,-3706,521,187,-3077,-155,-3749,-5523,465,-102,-645,-690,-1641,745,-516,-678,1467,-700,-2940,-54,1433,5101,19099,1103,2794,6637,979,-4402,6086,3297,-13939,-25831,1223,-3957,5431,2607,-15845,-25804,3313,-3410,2707,-3410,4149,-3410,-223,-3410,5191,15715,-3118,-383,4257,4918,-4054,-6520,3533,-2674,-4054,-6426
1/2/2024,2425,6809,3002,2555,5129,2919,8346,4844,8164,1850,5377,1826,1935,5594,15289,3320,10632,24716,4975,13188,35256,6399,16731,2085,4455,7061,9240,6774,14089,9200,1850,6701,1922,2505,5129,-604,1169,4464,-132,2415,3050,-1212,1935,7428,19295,3320,11208,25046,4975,14403,36405,5442,21487,66424,4455,13246,34311,7074,23241,68780,6904,7617,2339,7648,3031,7617,3061,7648,4853,20831,8284,25752,10834,38244,18469,-2438,6287,9938,19384,-2086
1/3/2024,975,740,-1136,720,426,-3438,764,2330,-3264,850,1613,-4388,1479,560,-3503,1533,2758,815,1527,5562,6154,755,1609,8854,842,1729,2453,1373,1430,2531,975,1642,-4932,920,1045,-3726,1240,3006,-4911,540,1581,2706,1634,560,6245,1533,977,5574,1527,3825,5333,4141,-39,33071,842,4949,4643,1373,-104,34713,1906,1301,1734,-660,311,1301,678,-660,2409,-2442,2698,6316,1534,13749,4098,15801,1091,-205,4093,10854
1/4/2024,700,963,-1374,675,-1801,-1072,2654,1016,-1604,995,-1748,-696,1649,1347,-2144,830,100,-4041,2349,-457,1169,3164,-2684,7274,1162,1509,3061,1934,-1294,-433,700,-1168,-1472,675,-1801,-659,970,-912,-948,475,-1212,-2897,1220,-1140,-6787,-200,-4395,-7749,190,-3460,-8800,2718,110,-9194,-260,-3800,-5532,1307,-2145,-7580,-2669,439,-1955,1070,-2953,439,-1352,1180,-1151,-1518,-2100,-945,4338,1431,-1210,2763,2751,5140,-1210,3408
1/5/2024,2709,6468,6252,2220,6867,6406,1313,3494,3949,2380,7158,6404,2105,3639,19720,2205,5687,12856,2645,2600,6787,1748,-5397,-5463,4599,-706,4171,195,-3378,-5922,2709,6468,6365,2220,6867,6525,1313,3494,1599,615,5274,3474,2105,4968,26336,2205,5687,16760,2645,3705,11631,2747,-6135,-29242,2785,3065,11475,1400,-7006,-34738,5464,-124,5538,768,4276,-2899,5898,-4410,14227,26270,4751,17258,11346,12848,-6185,-5856,6221,5584,-6185,-3815
1/8/2024,168,1919,6311,1470,4035,8507,1355,1376,6306,1625,4365,11022,-1780,-3965,-7000,-1025,-3990,-7084,-1960,-4495,-7472,3480,12097,24536,-1290,-2930,-1591,3480,10751,25381,1450,4020,10993,1470,4035,11945,1355,3634,11945,1555,4089,10340,-4475,-13580,-27645,-2030,-6410,-9464,-3525,-7510,-9388,2570,11536,50081,-3485,-8160,-8725,3480,13914,50081,3748,12164,4914,12969,4502,12164,4504,13279,-4095,-7440,-3865,-4260,-3398,-6360,16354,34215,-6650,-450,15549,28426
1/9/2024,3488,7166,9291,3380,8068,9427,2964,7918,6746,2165,5284,3861,228,-4200,-6385,1590,1470,995,2012,-3935,-3401,6028,16904,3425,1161,-1945,-4725,5405,7134,4612,3488,7166,9264,3380,8068,9249,3270,7918,6379,2631,5092,3209,1203,6730,5808,1665,9555,13821,970,13240,13138,4199,18957,20252,295,13990,11506,5560,19897,23683,5953,2786,6047,2546,6768,2266,3937,-1004,-3625,-7110,4438,3835,3778,-736,16228,1010,-2635,-5690,16228,5774
1/10/2024,815,3191,7283,660,3191,7283,785,3501,7283,135,4546,6648,590,-4401,-5346,1100,-725,-1253,899,-241,-1447,1490,2001,423,296,555,1115,1800,1119,-1194,815,3191,10640,660,3191,11064,785,3501,11064,1229,4119,13162,1015,2161,-1661,1100,1167,4105,2685,-1285,6973,1800,-778,47957,1920,-1930,6348,1800,-131,48276,3687,2581,1535,5267,1804,2581,2158,4627,-3960,-5825,270,3945,3181,2474,2502,-1330,-102,1092,2502,-2291
1/11/2024,3015,4631,4359,3058,3341,7037,1065,4687,1505,3128,4003,7394,1526,1263,-91,-970,-2703,-4463,1599,-936,-5325,-980,-604,-2939,1241,-836,3357,-455,-1222,617,3015,4530,3958,3058,3341,5652,610,3337,4389,2593,4250,7057,445,-320,-3436,-655,-3198,-5533,1230,-3154,-3994,399,-11841,-3554,595,-4004,-5431,-455,-12682,-1037,4042,4237,4296,5532,2814,5258,4131,5662,1180,-6646,3190,-2035,8550,1623,-3459,-4061,1625,4750,-3459,-4846
1/12/2024,2961,2569,-1628,815,-27,-2917,-330,-1856,-3814,2398,4126,-1740,4449,11191,17571,3836,6295,5861,4317,10329,10815,-45,-2320,-3472,3847,4882,920,1285,-942,-6285,2398,1968,-8139,815,-1960,-11490,-330,-2110,-11490,1385,292,-9250,4449,12621,25063,3836,8283,12321,4317,11905,17525,1978,-201,-11580,4389,11175,19726,1285,-3285,-11580,-1021,-7444,-2340,-5030,-2057,-7444,351,-5030,10601,26855,8255,8555,7947,13655,401,-1533,5322,5945,401,-2023
1/15/2024,1605,3980,4145,2355,3980,4145,2355,3980,4145,3275,3980,4145,1685,4090,6967,-370,3290,6033,5380,11160,10054,4440,6645,4168,4700,1800,3003,5525,5205,4898,1605,3980,4145,2355,3980,4145,2355,3980,4145,1820,4185,4145,1685,4090,8684,-370,3290,7385,5380,11160,11393,6940,7460,8485,5610,11160,11393,6940,7460,8485,1546,-1976,1700,-1835,1546,-1976,1700,-1835,455,4291,-2295,1785,1775,-190,-985,-2940,-815,3238,-985,-3825
1/16/2024,2714,6073,4245,1707,4750,-1675,1804,5953,2964,1549,3694,2994,650,886,1670,335,-1872,-3649,2105,-489,-4620,-1205,-5875,-4366,820,2354,1173,-1205,-4298,-5645,2714,4092,7747,1707,4750,1064,1833,3973,-938,1068,1713,874,650,886,6270,335,-1103,-7006,2105,-821,-6978,-1205,-10328,-39891,820,-861,-8063,-1205,-7491,-47253,3726,652,2571,-3261,2664,1469,300,-3261,531,8616,-1307,-2293,-1699,-4914,-6205,-4602,1169,1460,-6205,-3090
1/17/2024,1316,-1141,-3563,887,-1029,-3108,-619,-531,-3563,827,-1217,-4730,700,275,-278,1090,-2835,-6522,890,-1954,-2155,24,-4223,-3533,635,120,-1497,1800,-4263,-5788,1316,-1424,-12692,887,-3383,-10869,-415,-3468,-10869,-247,-3669,-10764,700,3976,2048,1090,729,-8345,890,1629,-3620,-2505,-695,-19076,635,1886,-259,-2505,-2056,-18375,-213,-283,-537,-3851,-439,-283,-699,-3851,721,57,-1010,-6975,-505,-7364,-2702,-1999,921,-5710,-3257,-4576
1/18/2024,-732,2057,1180,-305,1745,3335,-1403,885,1180,-470,-824,3075,610,170,1369,20,-630,3008,1337,-740,16008,-1055,4984,9180,180,-187,1767,-2140,5637,12471,-470,2435,1877,-305,2153,4188,-875,1420,4188,-975,556,2491,610,2595,6001,20,-630,6395,1337,-505,12616,-2393,559,23762,180,-586,9725,-2740,3143,25831,588,2261,1475,2814,588,2261,440,2814,-10,-2945,734,7794,1445,6956,10542,12289,81,5079,10542,12074
1/19/2024,-63,387,3324,845,1095,4205,-362,279,3324,240,715,4205,-1710,-4200,-6065,-1115,-3875,-7365,-1585,-3760,-7390,3379,10268,19494,-1215,-2370,-1505,3379,8291,16770,240,1095,3324,845,1095,4205,325,1020,4205,1695,2935,3011,330,-10375,-25710,-355,-5485,-12290,380,-7645,-15805,3379,9881,22500,825,-7960,-14395,3379,10840,23890,1402,3640,2116,3154,1142,3640,2902,3154,-3995,-7465,-4170,-7404,-6510,-7485,17521,-435,-6325,-5970,17521,3228
1/22/2024,1686,544,-2984,264,510,-3245,503,1179,-4141,180,-395,-3568,954,3040,-1959,240,5326,2290,3911,9614,11926,2485,18573,8035,3121,2056,1663,2746,11246,9120,170,-50,-3396,264,510,-3245,189,17,-3245,-1650,-1585,-3929,971,3040,-4029,240,5798,3850,3911,10838,11977,2841,22493,46471,3121,10073,12361,2746,24514,49484,-694,-6564,225,-3334,-718,-6564,-1614,-3334,6270,-2422,9753,8952,20811,12818,1575,-2862,409,-2907,1575,-384
1/23/2024,-930,-4086,-5589,-1736,-4399,-5589,-2411,-4454,-5589,-965,-2675,-6943,75,-3500,-5145,350,-3920,-6191,20,-3905,-3667,-505,-2572,6666,-565,-2185,1354,-315,-2001,4550,-930,-5731,-13061,-2386,-7119,-13629,-2461,-8379,-13629,-1450,-7915,-10171,75,-4355,-9899,375,-7415,-9427,20,-6385,-12772,-315,-10626,-17787,-335,-5195,-13497,-315,-10626,-17787,-5824,-7414,-4300,-6589,-4389,-7414,-3330,-6589,-2030,-2325,-2700,-3379,-3145,-1911,-1808,49,-4440,796,-1808,-1974
1/24/2024,1901,-646,875,2233,1879,2283,1371,623,134,2175,1265,352,1570,-1169,-5698,2045,954,-188,1385,1125,-5272,1795,10480,-5825,2694,879,2672,1740,7773,837,2470,268,-1199,2233,679,-2140,1313,835,-2400,1013,698,-2520,1570,-964,-3189,2045,954,-656,1385,-246,-9295,2611,9593,-7037,925,-666,-12901,1740,10855,-7807,56,8041,1095,2083,2808,7717,470,2423,-2477,-5662,9,224,-469,-5212,-2958,279,115,3437,-2958,-5249
1/25/2024,234,1584,-1358,60,-96,-318,576,902,2541,-210,-1032,-958,805,-3402,-6732,420,-2931,-6280,-1249,-4433,-7495,2455,-3770,-5112,-345,-2915,-2081,1305,-2700,-6059,280,448,901,60,145,2090,-188,841,5551,50,1270,-1684,805,-4887,-11047,420,-5616,-11414,-905,-9693,-17544,1324,-5193,-20092,-345,-9063,-18799,290,-5205,-21737,-579,-2788,90,6151,622,-2788,-1435,6151,-3700,-6500,-2785,-6489,-6822,-7337,50,-6846,-2785,1300,50,-6516
1/26/2024,811,3781,-2116,1801,3671,-2871,2261,2500,-4267,752,1230,-2474,4070,3321,10013,2443,4512,6525,4099,-2026,250,-335,-2635,-5990,3383,1687,7095,-1025,-700,-6935,832,3910,-6268,1801,3671,-4015,2386,3449,-6170,279,-997,-7734,4070,3992,8454,2443,6170,6525,4100,3085,-303,2234,8472,-21790,3935,3380,85,80,9795,-20950,2745,-4717,2665,-3995,2639,-4717,2989,-5011,4938,11125,2758,-1586,2558,1197,-6375,-1991,1418,8045,-6375,-4664
1/29/2024,165,-294,-2193,-811,1111,-1440,-786,-87,-2193,165,150,-565,-1060,-4445,-6960,-1345,-4000,-7500,-1710,-4494,-7500,-1475,105,6680,-1215,-509,-2493,-2490,505,6523,165,676,1252,-811,1111,1252,-786,1111,1252,-610,-1140,-5559,-920,-11735,-23307,-955,-9620,-16605,-4760,-11425,-13767,-2900,1022,-2417,-1445,-10525,-13687,-2900,1499,-1380,-545,546,960,1169,-352,546,-2670,1169,-4170,-7433,-4495,-7460,-6999,-7486,-4655,-2523,-2938,-1170,-4655,-5032
1/30/2024,678,-868,-2614,-887,-2533,-2614,395,-2443,-2614,990,-2605,-4374,1085,-2505,-6960,4310,10262,8048,3830,3649,-4065,7853,1065,-2007,3101,-2860,-460,7848,763,-418,990,-1520,-3786,1390,-2190,-5680,-55,-2100,-5680,-385,-1175,-5045,1455,1720,-2044,4310,10452,7922,3830,5530,2256,7853,5503,13023,3385,5223,1875,7848,5008,11498,1512,-5467,-1880,-5280,1586,-5467,-651,-5280,-929,-6058,3173,5321,810,764,11307,-5632,2174,5167,11307,-5091
1/31/2024,2285,4511,13113,1960,5529,15176,2004,6562,14956,4047,3332,9930,1165,3694,9879,1110,5193,4040,1560,3446,1953,2215,3813,-4024,1610,2970,8014,2105,4234,-6040,2285,5001,7164,1960,5710,6095,2004,6102,8695,4286,7910,6330,1165,4069,8697,1175,6149,13289,1930,5407,7540,2215,339,1933,1610,5905,5687,2105,7958,5162,3117,18252,4765,18783,3071,18252,5143,19472,4376,3632,4431,2444,210,2294,4897,-5384,-395,-246,-845,-6373
2/1/2024,590,-3357,-3827,-400,-3855,-3261,-1287,-3896,-3233,40,-2425,-3913,809,-887,-5409,-1055,2721,-4346,565,623,-4489,-1415,-1438,-3194,-1155,-999,-2193,-2265,-460,-5237,40,-4220,-7247,-400,-4825,-6399,-1055,-3870,-7489,-120,-3740,-8870,1034,3818,-13795,229,2721,-3066,790,-335,-14560,-1390,-1329,-2361,470,637,-12594,-1390,-545,-893,-5833,-1354,-3280,-1033,-3478,-4392,-2630,-978,210,-7243,-2574,-21,4610,-4610,-3727,-6711,-904,-1486,-3727,-6481
2/2/2024,2335,3366,2277,1920,3865,7883,2290,3502,3286,1805,3940,7991,3005,-1546,-6423,3310,4048,-6966,3553,-1449,-5601,4828,5943,-1382,3638,-334,-3041,4803,2891,-4141,2335,3940,7092,1920,3865,8401,2290,3690,6826,2620,3254,6529,2955,3075,4640,3310,4290,232,3553,10001,5915,4828,1955,21299,3519,11201,11802,4803,3007,24671,4885,3772,4915,4174,4099,1776,5270,4174,-2295,-6075,4208,-6075,-5340,-6075,4727,-4075,-6425,-5865,4727,-4269
2/5/2024,635,10478,2180,1093,9649,2987,1391,8915,3388,925,6660,2761,1870,4761,2428,315,-897,7100,821,2950,9082,-780,-3511,-687,-95,880,7738,-470,-436,-1185,635,8552,3121,1093,9649,5356,1328,8148,3966,1465,6137,5759,1870,5566,8889,570,-1657,7075,1835,1862,10150,1853,6435,-10946,1665,1462,9062,15,6495,-7509,5572,3061,5720,4167,6185,919,5164,3050,6854,2206,6344,2491,6327,3677,-1940,-2284,3463,4076,-1940,388
2/6/2024,1580,4567,5242,195,3469,9377,-154,2119,7833,1010,4322,8074,3868,4183,-3470,4699,7633,-3567,5963,9454,-1347,7196,7119,-5488,8026,2506,-1033,4812,7803,-6322,1580,5113,6161,195,3469,9447,151,3883,10064,840,4532,7432,2670,3239,-4199,4699,8837,-3441,4765,9632,5370,6583,17691,751,6571,8904,5807,4812,18245,960,5647,9247,2583,6266,2765,9247,3667,6266,2182,245,4586,-2760,2932,-2844,-323,-5537,2927,1115,-323,-7307
2/7/2024,2765,5930,-2093,4070,4701,-2208,1674,4070,-2093,3190,6587,-2509,1378,6664,20867,2773,9881,6875,3537,5846,9239,3330,1795,-3020,3196,4967,2615,3100,4164,-4446,2765,6351,-948,4070,4701,-932,3290,4691,-932,4270,4176,850,1842,6664,24290,2773,9881,15013,3537,5846,18786,2348,7089,11196,2373,5851,20450,3100,6931,10347,1728,-3148,344,-4581,1292,-3148,2335,-4581,10597,9509,9986,-3209,10826,-1633,-5279,-4683,7923,-22,-5279,-5403
2/8/2024,2011,1278,-2931,1903,413,-4005,3929,2204,-4038,1551,623,-2269,1500,2305,1032,1790,2206,5029,3380,5451,-1922,1217,-3149,-2226,2146,3597,-577,1188,-2430,-3642,2011,-377,-1184,1903,413,-6180,3420,1977,-6180,820,-1930,-3205,1500,5607,6291,1790,2911,5029,3380,9414,-3419,3243,-1962,-7548,2235,9414,-3275,1093,-1962,-7548,-1738,-5351,452,-6475,-348,-5351,-2055,-6475,2237,-1680,-481,4495,9197,-3608,7703,1143,4131,-5365,7703,12986
2/9/2024,1102,1106,-641,-38,-190,496,-658,-584,-970,977,-170,-493,394,-4455,-6564,1872,265,-3133,-2000,-4470,-7133,7005,18125,1336,270,-2805,-1529,8210,13345,2650,1102,-190,-2113,-38,-190,-400,-423,-584,-400,-485,-900,929,1244,-4313,-9460,1999,265,-3133,-1241,-76,-7034,6805,19970,28324,1814,-416,-6094,8210,22293,32578,-31,-534,855,-1209,-611,1146,480,-1199,-4500,-7392,1373,-2134,3269,-1713,14299,294,-2805,-4630,14299,531
2/12/2024,1760,2430,-5361,1259,2105,-2467,1018,2750,-5361,1005,1350,-3310,190,-997,-4998,1145,-3880,-7434,1420,2845,-7439,3335,6285,-5995,1619,-949,-135,3957,2060,-7476,1760,2455,-2338,1259,2105,-1158,775,2577,-1158,0,6,-635,370,-595,-8292,1320,345,-8424,1420,1026,-10493,3907,8553,-15452,1761,1916,-8133,4227,9041,-14425,-2069,-2815,-1320,-4993,-1724,-3252,-1225,-3494,-3780,-6323,-4365,-7245,-6990,-6101,-2430,13105,-1674,10,-2430,10581
2/13/2024,2720,4682,13089,2760,5880,4821,1845,5675,13089,1035,7681,14869,870,3195,955,1040,5222,13458,1415,3990,8203,3800,18840,6881,1320,1724,4623,3300,17672,2402,2720,6187,9782,2760,5880,12060,1845,3849,12060,710,1310,8032,870,5950,6806,1040,5484,12052,1415,5441,12631,4774,18281,32229,1320,5091,14543,4917,19093,29904,9343,12717,6910,10707,7324,12717,10047,10707,457,394,5475,7051,4521,3299,20635,6642,1606,2948,20635,6642
2/14/2024,1124,4010,-5117,614,732,-2755,980,-1362,-4202,1389,2815,-3078,1628,1303,894,95,359,-3153,1155,1274,-3578,-750,431,-1800,738,2464,2517,1287,1209,1870,1124,2295,-3374,614,732,-1092,371,-651,-1092,699,2855,2189,1628,1303,-5643,95,-830,877,1155,5874,-9173,1787,213,-26496,1013,5314,-9173,1287,-1584,-24923,762,1632,457,710,-1069,1632,2067,710,3936,7097,1308,6500,2516,1161,1987,9048,3150,2915,1152,8060
2/15/2024,262,-222,-2740,456,-527,-4658,450,765,-3714,-34,-1487,-2484,645,-296,-6505,-65,-3820,-7500,2730,6,-7462,4240,1015,-4094,1376,169,-21,4240,-3146,-6060,262,-1482,1366,456,-527,-2126,450,153,-2126,85,163,-500,645,1645,-799,1240,-2205,-13470,3820,-1340,-17792,3951,-5778,-54514,3799,-1340,-20002,4240,-7540,-55504,-1953,-2782,-2825,-5968,-1747,-2782,194,-5968,1625,-4144,572,-7415,-3895,-7498,-6438,-6225,837,477,-6438,-7320
2/16/2024,1185,688,2899,1185,2442,8568,3104,1655,5305,1387,2436,4958,2785,2899,3362,1830,2110,2700,2891,-20,5038,2430,4108,15543,3295,61,-297,2864,2878,7337,1185,2422,-3371,1185,1640,-980,2602,3680,-644,1817,867,-3402,2785,3418,5418,1830,2538,6653,3609,4783,11819,2728,-2008,8782,3295,4848,8543,2864,-747,10292,7659,9487,5575,11041,8245,9493,5970,10387,1816,4253,4210,4933,829,8114,6237,15141,3013,818,6237,8441
2/19/2024,6090,6250,5294,5010,6130,5294,3675,6130,5294,6135,5305,5079,6745,9435,10000,5300,8450,5850,5795,11045,10505,6245,7385,2515,6830,3840,840,8755,4610,2515,6090,6250,5575,5480,6130,5575,3675,6130,5575,4815,5320,5575,6745,9435,9559,7745,9345,9780,8120,11985,14300,11995,14505,18080,8860,11985,14300,11995,14505,18080,-458,-4164,-3055,-5040,-458,-4164,-2115,-5040,3835,5379,6540,1785,8190,2550,15620,-1100,3745,-150,15620,-1100
2/20/2024,15,9359,11254,1813,8549,7853,1823,4705,8540,600,6608,15140,2736,478,-3422,1334,-760,-3640,2621,4871,-1067,-185,5539,1421,2950,2221,3762,-185,1161,-963,15,8905,11294,1813,8549,9759,1823,6507,8814,1280,7955,13336,875,-1197,-3571,1334,-3060,1218,2621,4418,-1675,371,1475,-2559,2950,3278,-2669,-185,-804,-7786,2017,1096,1598,1949,3427,4274,1461,-935,3710,-6605,4451,-175,5040,-3254,1040,-5839,-1108,489,650,30
2/21/2024,45,3634,7786,35,1115,7786,175,3616,7786,220,3798,7546,1202,4749,10346,1312,2648,9804,2162,2171,5851,-345,5883,-5011,1487,825,364,-865,-136,-6185,45,3051,3601,35,3808,3601,175,3808,3601,1429,2702,922,1502,5100,11857,1312,3396,6078,2162,4605,10823,-765,1397,1568,1487,4330,5645,-865,1242,-4965,-344,3702,-879,3642,2352,3417,724,3922,7734,5230,1041,6972,3917,8491,-2019,-3837,2730,2960,-2019,-1906
2/22/2024,198,-108,-2827,1725,765,-772,1766,286,-3275,970,1975,-1410,835,-3960,-6978,2140,-3680,-5890,3100,-3880,-7499,2006,2711,1317,1781,-255,-3885,2856,2306,4528,970,850,-3138,1725,765,-1572,2545,715,-1890,525,1410,-1002,1090,-5731,-16558,2140,-1075,-5202,3100,607,-6167,938,1631,23580,2986,2945,-2868,3500,4093,24260,1800,-5151,649,-3784,-1706,-4793,615,-5895,-4440,-7490,-2851,-4825,-3578,-7447,10419,600,-6675,-5565,10419,8849
2/23/2024,1146,-327,2969,-335,-478,2805,153,1359,4487,540,-2336,3227,2397,4210,5627,1950,4693,8464,1828,3875,6441,1882,7396,-4385,1670,3759,475,2322,3566,656,540,-1558,-1076,-335,-478,1410,924,118,3095,457,-1310,-996,2397,6306,8977,1950,5394,3879,2402,3760,10230,2199,14953,52269,1757,3760,4620,2432,15581,52731,-910,2851,377,3456,-551,2851,1576,3456,3359,11793,1750,3130,5141,15507,11119,-92,240,659,11119,-697
2/26/2024,957,-1937,-5279,105,-2373,-5279,192,-1016,-5279,615,-887,-6903,1747,2155,4539,735,845,-4402,1340,2537,-7406,1307,1362,5500,1020,3438,-1508,1087,2063,5183,957,-3037,-9992,105,-2373,-9992,192,-3968,-9992,602,-1769,-7823,1747,2334,2503,735,1477,-2725,1340,2672,-13980,1197,-4335,-39783,1020,1418,-15746,1087,-5220,-40393,-3532,-7311,-1978,-4677,-2849,-7311,-1828,-4677,1785,8632,995,4794,1348,5421,2874,12970,1611,6173,2887,12970
2/27/2024,40,1777,3868,-121,2738,3448,167,2986,3868,70,307,5324,1950,235,291,4320,3507,6693,2012,5750,13503,-435,1084,-4756,794,1539,-1759,-1420,1364,-6613,40,1988,4469,-121,2738,5775,167,3018,5775,-1255,1428,3544,1950,235,3229,4320,6842,9419,2012,5750,10621,-2310,1478,-5607,794,5400,10300,-2310,-280,-5160,4669,4968,5407,4961,3982,4968,3977,4961,-778,375,2231,3756,4786,8347,-2637,-4978,808,1667,-2637,-4873
2/28/2024,6010,6676,3461,5893,6288,3616,4947,6048,2911,6144,6890,4552,3605,7209,15431,4435,8776,4409,4275,13249,24550,1740,7312,-348,2585,5397,7602,2195,6065,-2438,6010,6676,1007,5893,6288,1028,4947,6048,1028,5000,5685,-745,3820,7479,23094,5360,8777,492,4275,12110,29898,3795,8707,3979,3600,13075,29975,3785,8888,6436,939,-1461,-2148,-2270,1741,-1461,-1128,-2270,21528,23216,9640,506,12197,11810,1475,-5759,10154,9368,1475,-4263
2/29/2024,115,262,2569,125,610,2418,-613,559,2569,315,722,879,160,-415,687,360,1853,-1570,1195,-3136,-3037,745,2996,3633,300,-360,1170,745,1446,6860,115,821,4755,125,610,5280,-202,874,5280,405,1355,144,160,-415,-7654,360,1624,1386,1195,-3138,-5440,745,2943,20848,300,-3143,-5234,745,2254,21125,-421,4702,887,4963,-660,4702,512,4963,2150,-2687,1005,3339,-889,-3496,5073,9827,-563,-42,4798,8949
3/1/2024,2569,-701,-431,2323,280,2620,1528,225,-736,2705,1990,2634,-1600,-3590,-6130,403,-3990,-7475,-1750,-4450,-7497,5675,6366,3590,-975,-2050,-1560,7080,6702,9408,3210,315,272,2323,280,2629,1765,391,2681,2265,500,-404,-1700,-8970,-19549,633,-2180,-5230,-1465,-5450,-9814,5553,7114,19694,-310,-4905,-11269,6850,8346,25306,-778,-493,-140,1884,-988,-493,-500,2154,-3995,-7005,-4435,-7400,-6920,-7417,9652,10834,-6685,-902,9652,8549
3/4/2024,1030,1851,2635,1305,1571,801,1335,2722,429,1030,1470,4571,1765,3310,256,868,425,-7042,2773,1390,-4894,1077,-3197,-4309,1328,-125,970,1077,-1650,1791,1030,1851,3953,1305,1571,-1499,1335,2722,-1092,910,2408,-2513,1765,3310,3377,868,577,676,2873,1116,7591,1077,2872,32196,1328,1752,5166,1077,2872,32690,1553,101,1518,5367,1768,101,1553,6237,1650,5685,3295,11138,3278,7951,7370,4448,2160,744,7370,2210
3/5/2024,2560,2533,7328,2969,6291,11282,4930,7567,12732,3039,3646,8157,1980,5737,9012,2495,5380,23135,3140,8973,29827,4814,5631,-4440,2870,7970,-4490,4799,4547,-1863,2560,4829,6673,2969,6291,12127,4698,9088,13669,2015,1395,5327,1980,7940,18163,2495,7440,28264,3140,13494,35416,3629,8573,55619,2870,11604,33863,4799,9077,55796,4882,5626,4745,2953,5915,7614,2729,1880,11765,14275,10364,22671,16627,30079,6475,2233,3502,-1769,6295,3486
3/6/2024,1655,6363,3750,2489,3709,6925,3327,11158,12069,1115,3160,2404,1325,1807,-1405,1095,73,-6389,3025,4068,5044,2170,5528,-4435,2425,1747,3742,2695,4014,-6733,1655,3050,4031,2489,3709,6174,3327,10685,12084,1270,380,1693,1325,2795,6117,1095,73,-7880,3025,4483,-749,2972,-2115,-35591,2425,3828,3595,2695,-3780,-36891,1002,8786,909,9303,4187,12357,-544,6013,-1198,-2221,-3965,-5164,-3376,-3584,1028,-3849,-685,-744,448,-3959
3/7/2024,3770,10338,6976,5435,11981,11324,3438,9325,6976,2050,9381,12737,900,-2980,-4920,2727,1960,2479,2285,307,-3858,3609,24698,1290,2621,-1465,-4905,3839,24398,2046,3770,10881,13240,5435,11981,15288,5820,9381,15288,2170,10223,22397,925,3707,-4716,2727,7652,2560,3221,10677,36,4103,22549,8109,2646,11552,1973,5563,24698,12869,8227,9208,8227,9087,7336,9208,8117,12642,-2185,-5995,-1640,-3683,-15,688,20626,310,-1581,-5795,20626,6852
3/8/2024,940,6044,2761,1085,2109,-3774,1801,3351,-4031,940,2872,-3493,1495,2736,-5729,1945,2590,-6805,4015,4948,-7451,5298,13531,-5710,3880,-223,-970,5278,7339,-7415,940,3063,-1555,1085,2075,-326,1670,3011,-2684,1555,-1085,-2899,1495,3371,858,1945,2590,4130,4015,6019,-2164,6263,14030,8473,3880,5104,-3340,5278,15213,9760,3759,3220,2834,31,6157,5324,2874,-1078,-91,-3972,2278,-6290,2224,-7463,5476,-6976,-2264,702,5181,-7286
3/11/2024,3611,6241,-447,2746,5604,-2683,2701,7216,-1205,3586,6630,-4294,3158,9892,17334,2821,5080,5101,4395,13192,12575,3415,4688,-4990,3980,3561,517,3415,2027,-6765,3611,5758,-4824,2746,5660,-6302,2701,7300,-4443,1769,1791,-8969,3158,11451,20177,2821,4634,4884,4395,14503,6341,4590,5236,-34713,3980,14099,8030,3415,5326,-34910,-1452,-4831,-1935,-5495,355,-2292,-1271,-5830,8422,15516,2902,2453,3925,12715,-3880,-4420,555,-820,-3880,-3599
3/12/2024,1790,5295,3344,1282,4997,12970,-76,3489,5839,1425,5119,4170,-85,-3692,-6139,1000,-1719,-3943,-451,-4463,-6316,1125,2873,2248,445,-1448,-3110,1315,4151,719,1790,3472,4942,1282,4997,4594,1531,3357,3973,465,4772,6185,-85,-6090,-9614,1000,-353,-1194,655,-2400,-1358,724,5794,30214,-145,-1480,-836,1315,6812,30417,8753,10230,6410,7382,2946,8325,4969,7669,-4444,-6039,688,-1313,-1109,-4261,5253,9992,-1761,-5440,4952,17820
3/13/2024,2540,2799,3629,2440,1903,5493,3247,1419,7370,2145,1000,4431,4975,10815,16748,4365,11166,23924,5520,8894,27825,5500,4310,7197,5160,7509,5347,5500,7022,10961,2540,935,1750,2440,1903,2361,3247,1725,3470,2099,404,1748,4975,13880,31493,4365,10639,26941,5520,10394,35161,5500,2951,41377,5160,10244,35161,5500,2951,42214,2636,5701,1729,2749,1257,5701,22,2749,7865,22720,11280,27940,9604,29596,18795,8912,4981,3341,18795,6541
3/14/2024,1720,6962,12984,3625,9364,15333,4792,9760,14439,2020,6103,16664,2175,6999,5920,3615,11585,12311,6380,19472,14175,10478,16634,-1218,6030,5700,-2904,10478,7521,7871,1720,6978,13232,3625,9364,15404,4792,9954,16155,2130,6541,16440,2175,9801,22023,3615,11560,24164,6380,19447,36875,10478,16732,66710,6030,11722,36172,10478,16381,70442,4036,10269,895,9806,3450,13373,2142,9907,9378,6807,5386,31118,9714,41206,829,1641,2501,-2899,829,-289
3/15/2024,2040,3285,-574,1900,2215,-2360,1408,3040,-1224,1775,2844,-2256,6010,14143,15181,5359,10085,27179,7365,13068,29000,5270,17323,1084,7155,2615,5581,5270,13205,5373,2040,2866,1957,1900,2215,-645,1723,2937,-140,1760,1318,-3249,6010,14194,32836,5359,11569,27428,7365,14219,36186,5270,18421,22525,7155,13819,34238,5270,18421,23430,1748,4905,303,4883,1043,4905,1405,4908,11011,24179,8402,24636,11693,33039,8061,-1154,8884,9515,8061,-1469
3/18/2024,1465,-310,-2529,1565,1134,296,352,-495,-1550,1270,1341,-2638,525,3025,-2675,771,-322,-5140,1580,-882,-3958,2770,-3340,3017,1490,-874,122,3416,-3925,1123,1465,846,647,1010,1134,-1757,1107,587,-1507,1030,2025,-3747,525,2439,-8779,771,-322,-6833,1580,1000,-7031,3127,-1720,1795,1490,1000,-4610,4303,-375,1795,-107,-4040,146,-1484,-250,-4040,1911,-1469,116,-4318,-4020,-6132,764,-3084,-1890,-4120,-799,3068,-1890,-4120
3/19/2024,-150,34,-1214,-1235,464,-3183,-1121,-797,-1712,-150,30,-2952,-1866,-3985,-6995,-495,-958,-7440,-1861,-4500,-7500,1770,-1054,4101,-1245,-1620,-4715,2320,3258,3553,-150,852,-867,-425,464,-104,-1020,-515,-142,-240,-779,-4651,-375,-720,-11263,520,-260,-4805,835,3035,-3782,1589,2202,13342,290,3035,-3880,2320,2915,16614,-1278,-4192,-3290,-2658,234,-2147,-2995,-1119,-3928,-7255,-3905,-7490,1211,-7481,-6430,-6750,-5485,-5360,-6430,-6758
3/20/2024,545,1620,-5696,400,1420,-4580,-495,-505,-5696,545,700,-5540,770,3320,-3722,-125,-1995,-7077,1258,4266,-7138,-985,3268,1394,20,276,-3786,-705,7194,-4814,545,2345,833,400,1820,855,-495,-505,810,1310,3645,3270,770,3320,-4309,-10,877,-1094,1258,3982,-1504,-705,17928,-4451,135,3977,-790,-705,18509,-5365,34,-5599,-1325,405,-61,-5599,-1425,2015,3345,-4088,-3840,-7395,-520,-4045,-852,3567,-3268,-5445,-1127,-4194
3/21/2024,1170,-591,-3509,866,-348,-4075,981,-795,-2267,1641,-844,-3704,485,-268,-5811,835,1345,-6504,900,236,-7489,4680,-2134,-5907,685,-1055,924,6675,-10,-4961,1170,964,-2099,866,954,-2214,981,609,-1179,1728,236,-2289,485,-418,-9641,835,1195,-10992,900,186,-13435,6627,5318,-10043,685,186,-13435,6675,4534,-9020,-1946,-4224,-1675,-1154,-2779,-4224,-1270,-959,-4400,-6438,-656,-6550,231,-7485,-5648,3682,536,-1623,-5648,775
3/22/2024,749,-236,-456,205,-2143,-509,1077,-236,-456,315,-2225,-2169,1980,2289,-1628,1931,-2040,-2200,1804,1065,-6291,1896,-4276,-2812,2101,3932,-3111,1896,-1745,-3943,290,-1945,-1016,205,-1945,-2427,30,-1945,-2427,752,-1517,-2864,1980,890,6795,1931,-2040,1392,1804,-898,512,1896,-5370,-84,2101,-1433,512,1896,-10396,2487,1877,1072,675,-2660,707,1072,675,-2660,4441,775,-177,1394,2862,-458,-2563,-5227,801,-5750,-2563,-6785
3/25/2024,2547,3474,6141,2630,1719,4176,3325,2774,6141,2435,280,4989,2488,1171,-1037,1519,289,451,3525,1981,-1585,1345,-4101,-5613,2560,1910,-610,1640,1293,-7007,1590,2115,3836,2630,2115,1132,2540,1817,1132,2696,3086,202,865,3758,9575,1660,1113,-785,2335,1258,-1680,2761,-3595,-41557,1645,1033,-3189,1640,-9296,-40590,1347,617,-415,-2571,2347,617,-1290,-2571,375,-3013,-2328,-2291,-2765,-3587,-5764,-2918,2575,-1180,-5764,-2923
3/26/2024,1315,-4327,-4446,54,-4481,-5001,-674,-4277,-2456,2140,-2897,-4899,1550,-4176,-6972,1614,-1428,-1773,2276,-553,-7343,2441,10801,16929,1814,-2705,-3164,2611,9726,18371,1315,-3192,-4600,54,-4110,-4665,-674,-4102,-2120,1080,-4355,-10075,1550,-3166,-13582,1614,-1224,-1130,2276,-697,-2603,1155,13780,48819,1814,-2329,-2753,2611,14700,48502,-2691,-2545,-4490,-5435,-1549,-2740,-60,-5240,-4100,-7433,1301,-2193,1357,-444,16495,16917,-1155,-4020,16490,16165
3/27/2024,310,4132,-3478,1414,3488,-2650,1323,1859,-4038,330,871,-2736,621,3427,7505,1837,3820,-733,2672,7675,14216,1875,7841,4535,1892,5963,4786,1240,5614,6845,310,2578,-2146,1414,3488,-2916,1323,1859,-5513,545,-1067,-2626,1567,4006,5529,1957,6596,-678,3605,7736,1865,3145,12799,-29844,1892,7731,-844,1240,7721,-34727,1144,-3208,1490,-5162,-403,-4727,420,-3026,3062,-961,2156,-1374,2352,-1712,-1760,3370,284,1045,-1760,3370
3/28/2024,275,-995,-4688,-1975,-2655,-4385,-458,-605,-4688,150,-2203,-6400,9693,8314,3395,9115,9886,2741,12233,7244,-2098,17870,13500,-3665,12193,13695,-388,17870,11724,-4580,150,-2383,-4577,-1975,-2546,-7400,-1975,-2546,-7400,-500,-3560,-7660,9693,15327,12734,9115,12963,3986,12233,14860,1385,17262,12010,-16945,12293,15985,2353,17870,12981,-18970,2284,-3605,989,-6795,989,-3605,2284,-6795,4138,1753,2806,-1168,5000,-5338,-2100,-6145,12244,-232,-2100,-7335
4/1/2024,1005,140,2542,265,1358,2106,397,351,2466,890,95,753,3440,1833,-3894,2580,1927,-3275,3690,4046,1908,3188,2908,-3424,2930,1232,692,3183,404,-1093,1005,570,4182,265,1358,2106,-550,-39,2510,140,63,-1703,3440,3262,775,2580,2416,-7422,2950,3077,-2857,3133,1963,-30180,2475,2952,-3298,3183,3537,-29131,862,793,-41,1147,941,1803,155,1262,2863,-2710,806,-3291,-2665,-4270,-3355,-5,5215,3077,-3355,-1965
4/2/2024,-80,-4480,-5724,-1700,-4445,-4658,-2085,-4485,-5724,-408,-2955,-7172,875,-4368,-3363,1738,-2877,-4647,-1450,-2951,-2903,679,-1756,-2077,370,-2000,-1676,679,950,-53,-80,-4095,-8120,-2840,-4310,-8120,-2685,-5260,-8120,-433,-2848,-6333,875,-10620,-18413,1738,-9250,-19201,-1450,-10885,-16050,679,-6895,-15143,420,-11340,-16050,679,-6895,-14837,-4152,-5775,-4310,-2628,-3768,-5775,-3498,-2628,-4495,-5277,-2645,-5735,-6505,-5158,-1550,-310,-6905,-1063,-1550,-2485
4/3/2024,2944,903,7386,2976,1033,5297,2661,2005,9487,655,685,1160,905,218,-5457,1170,-1964,77,2479,-1020,881,560,-3944,-2368,2213,775,671,550,-1991,-3383,1186,470,5733,2976,1033,3407,2661,1351,2198,-1585,-1722,-268,905,-1772,-12543,1170,-1787,-12035,275,-2495,-14433,2083,-7939,-66175,90,-3015,-17997,550,-10190,-65936,5087,4541,5526,2842,5129,4714,6651,2842,-3269,-4848,633,-914,-458,2070,-4556,-3736,2886,6326,-4556,-5029
4/4/2024,2480,4644,5790,1905,4063,5308,1963,2367,7046,3500,4903,6657,1285,502,1829,1340,3251,5471,60,4350,-955,3880,6926,-5288,75,2163,7205,2785,-3854,-6818,2600,5162,1927,1905,4754,1445,1963,3951,3052,3495,6419,6277,1585,502,4669,1985,3251,4815,1650,4350,-2848,4507,1704,-15754,1375,2525,-4030,4297,-392,-21400,3541,3712,5350,6605,3671,3077,7080,9330,-1125,-2393,-1286,1804,-430,-3108,-1273,-6826,1440,715,-1278,-7056
4/5/2024,1780,2425,648,1861,-763,-2835,688,-7,583,1125,2768,-2420,110,748,1119,640,1892,-2943,1394,5919,0,2590,5449,-3927,1440,-675,4959,1425,7359,-3365,1780,2614,1525,1861,-763,-2455,688,-798,-2520,90,-1225,-8433,110,2115,2970,640,3879,-4342,1510,7850,1903,1005,4444,-32098,1605,6740,-2164,1605,7014,-30346,512,-1643,-425,-1954,-393,-1673,-1580,-1954,3356,7215,2762,1772,6115,10510,-2438,-5489,-1718,4171,-2438,-7069
4/8/2024,170,3818,-854,-103,4649,-5201,202,902,-1124,135,4258,-4175,3364,7444,15650,3529,6251,13788,1235,7717,11131,2155,7275,-1572,2615,6185,4670,1310,5986,-1439,170,4168,-5032,-103,4649,-7228,-505,1411,-7228,-420,3340,-4788,3364,7444,13160,3529,6251,10720,1940,7717,7455,3073,11492,6388,2615,15985,10715,1375,12968,2405,1000,-3905,-815,-4975,1035,-3905,227,-4975,7319,12172,5986,6905,6299,12033,2131,-4823,4347,4147,2131,-4868
4/9/2024,655,2524,6201,1336,4748,762,2459,2912,7583,1410,5701,3711,1130,5003,-2621,980,2387,604,1978,3184,-351,1455,621,4109,568,255,-2101,2328,1530,-1531,655,5661,849,1336,4748,-1697,2151,3624,-3412,860,1225,-8059,1762,6890,9252,1983,5008,5423,2043,2228,5348,2926,10231,-26643,1478,2110,2784,2328,7360,-30367,4649,-265,11558,1893,9081,2433,4095,1956,5083,7835,950,-3490,3636,-3505,8451,-3610,-101,-219,8451,-3610
4/10/2024,1448,2625,4023,1082,2666,2661,579,3445,3910,1124,3837,1482,6118,9331,8493,3887,7234,12353,6538,11584,23199,4017,11190,14034,6528,7083,4943,3902,7691,10614,1448,2625,8422,1082,2666,9362,650,3445,6196,3789,2232,7684,6118,9536,12925,3887,7439,13519,6538,12829,20686,4017,11396,6805,6528,12104,18864,3902,6729,2313,836,4431,-85,2578,16,3717,-20,3469,4065,5896,10242,9457,9999,6328,2173,3308,4489,4597,1878,3073
4/11/2024,775,-1948,1873,855,-190,2038,337,-1918,1548,335,-2125,-17,-1540,-3838,-6823,-755,88,-5180,700,-4303,-6753,3605,12944,16206,220,-1628,-1376,3815,12006,22504,775,-340,400,855,-190,1758,385,-310,1662,25,-820,2692,-1480,-5238,-16733,-465,377,-2118,700,2632,-4320,2136,11284,35708,232,2452,-3956,3965,12944,36667,-722,-1327,630,-1455,-748,-1436,120,-1455,-4425,-7405,1616,-2860,1950,-7261,17546,21826,-3247,-5645,17546,25632
4/12/2024,1085,-1777,-4496,900,-260,-4705,136,-1673,-4134,1155,-346,-5575,2830,6861,1655,4070,7047,12631,4840,9217,11319,6030,11799,-3367,4195,-752,-4890,5645,6971,588,1085,-1580,-7273,900,-1442,-7547,-425,-1722,-10610,-675,-4235,-12605,2830,7133,3344,4070,7512,12631,4840,10811,14815,6030,11844,-2682,4195,10327,13136,5645,12660,-2135,597,54,-1340,735,845,54,-795,735,4199,12467,4207,7366,13887,13593,-1502,-4700,4661,-3347,-1502,-5467
4/15/2024,1745,1920,3338,1249,3065,5146,2102,999,-1723,820,2096,5061,1910,-288,-6769,2840,4781,-6275,3595,503,-6192,6184,18751,-4755,3340,-745,-4755,7234,15760,6972,1745,3281,3366,1249,3065,4962,2306,1877,5265,1125,1815,3366,1910,1140,-21485,2840,4781,-4357,3595,2932,-11766,6816,17970,59743,3340,1519,-15215,7844,20924,56599,1053,3864,1955,4550,-1193,3864,-220,4873,-2518,-7027,3418,-6657,3463,-6613,22392,29022,-1047,-4090,22387,28407
4/16/2024,5179,4725,5614,3455,4766,6084,3130,4671,5614,4230,4003,6604,1910,6591,23916,1850,5451,26344,2550,6572,39185,2524,4875,11176,1970,3147,5776,2514,4088,8505,4115,5445,6576,3455,4766,6706,3130,4617,6706,2830,5288,10871,1910,7588,32379,1850,5451,26838,2550,6572,36709,2524,11661,29779,1970,5111,34234,2514,5243,29479,4915,8100,5312,5330,4915,8100,4897,5330,8510,35131,6399,22386,8567,26831,8839,-5033,5272,2861,8454,-5759
4/17/2024,2935,7030,9407,2920,7008,13070,3581,6861,12420,2145,6460,12675,1216,4647,-5655,2350,5440,5389,3058,14615,-854,10358,20812,2522,3127,10408,626,10188,20174,10652,2935,7030,9490,2920,7008,11616,3469,6861,12076,2179,6211,12005,1230,4770,7090,2350,5440,9289,3630,14483,21056,10358,19582,31891,3725,11747,21283,10188,22235,30705,5744,12874,5793,12509,5335,12833,4006,11082,-1401,-6390,4719,9808,12615,-5427,12483,7346,4145,-1951,12581,24324
4/18/2024,1345,3835,6083,1183,2936,3420,325,4087,4796,1630,4087,3457,880,1680,-1219,1771,2157,-2125,795,5911,-2194,4268,13063,14738,1590,727,-529,3025,11837,15591,1345,3231,3353,1183,2936,2928,398,4151,3003,1650,4237,3438,880,3998,-3802,1771,2916,-2104,795,6818,4992,3143,12750,25811,480,7368,4349,3028,13918,27651,2951,3126,2656,6156,3159,3126,3345,6156,-1582,606,2780,-1704,-398,12785,18587,36860,4020,4295,18587,35545
4/19/2024,1555,2669,-1639,1645,2747,-875,1274,1566,-2814,2190,2871,-1675,1540,-2480,-6830,1370,4215,6446,2395,3646,2025,6101,18236,14410,1730,-1120,-4545,7350,16913,24361,1555,3820,-1023,1645,2747,-729,1653,2454,-2261,1996,4185,-6135,1540,-1608,-8750,1750,4625,7409,2395,6573,7384,6430,18688,41731,2090,6238,8600,7350,19784,43090,896,849,-170,1978,-539,849,2655,4951,-1915,-6825,3297,5932,267,-3440,10818,24411,-590,-4540,10723,36712
4/22/2024,2065,1381,549,1785,148,464,2301,2614,-148,720,-55,-4519,1370,-578,5417,2185,-2208,-1358,1900,-2942,-3339,430,-5532,-4201,2475,6007,679,2235,-3636,-6078,2065,750,631,1925,335,-1644,1980,140,1763,70,730,-3314,1580,942,6236,2185,-4303,-4630,1900,-3911,-5352,3381,-15565,-48153,1915,-3241,-12549,2325,-14257,-51737,930,593,644,-1565,363,818,2077,-1465,-234,1615,-2199,98,362,-2026,-5465,-6341,-830,-3732,-5465,-7261
4/23/2024,1803,4574,8858,2283,4876,11275,2729,4440,10871,1678,5965,9960,3470,-2430,-3646,2485,381,4995,4644,3760,5426,5674,11700,-3897,3889,-2410,-4675,6265,7133,2682,1803,5010,8669,2283,4876,11362,3218,5231,12210,1943,4856,8275,3470,6051,11042,2485,6485,10394,4780,12269,18872,6618,17250,59255,4025,11994,20615,7235,16490,53823,1562,5726,2800,5992,2682,7270,2402,6022,-1500,-5705,-970,3273,-591,6683,17525,6857,-2589,-5655,17525,-49
4/24/2024,1272,1704,-4479,1790,200,-2374,1332,430,1476,1260,1964,-3612,980,1039,-2061,2820,390,-2131,2371,-3673,-5976,2543,-2585,-3930,2356,-210,-4760,3200,-4400,-5945,1272,1899,-5722,1790,200,-5733,1020,1130,-5815,580,-205,-5863,980,883,4457,2820,-1415,-6308,2371,370,-5475,3205,-9154,-46041,2356,825,-8386,3200,-9935,-46845,-304,1154,908,541,-423,154,843,-165,4011,1993,1926,-2579,992,-2372,-2997,-3530,-1609,5694,-2997,-3980
4/25/2024,1190,1377,-2433,175,-940,-466,-423,-2588,288,1140,3729,-772,-495,-4125,-6654,-30,-14,-1859,-1475,-3171,-2584,2830,-5375,-4405,275,-2920,-2026,2825,2925,-1085,1535,2292,-1618,175,-940,-390,235,215,-225,1640,374,391,100,-4485,-4416,935,-185,6186,745,3150,1466,1740,4295,266,835,2320,-3155,2825,6735,265,-174,-5328,-1744,-2346,-1148,-4351,2889,-3376,-4050,-7208,516,3570,6775,1065,-5670,-6995,-3278,-1706,-5670,-6216
4/26/2024,2392,2966,-1117,4888,3540,-3544,4433,4485,-1114,4693,3021,-1803,2935,1154,847,3675,4637,12176,5050,10897,17023,5965,10294,-4213,4756,-9,4344,5965,10294,-2675,2392,2886,-2376,4888,3540,-1302,4572,5420,96,4520,172,1654,2935,3360,13278,3675,5106,12176,5050,11229,18054,6379,9287,-3640,4530,11684,20201,5965,10294,-1060,313,-4710,-841,-2014,2826,-4710,-1181,-579,4068,3701,1734,5353,10180,15626,2165,-5241,2661,4136,2165,-5755
4/29/2024,3945,11829,19337,4600,10452,11920,6910,11159,18628,3925,9370,16518,1630,10996,14206,2775,7988,17473,2952,11532,31527,7220,13075,-1703,4972,5059,4593,6635,9741,238,3945,12495,15124,4600,11394,14709,6910,11131,14512,6085,12135,12698,1630,13155,29113,2775,12258,29546,2952,15330,36519,6760,15271,35044,4972,14440,37015,6755,14958,35292,9239,13273,9530,14117,7879,13273,9130,14117,13006,15560,4788,12773,11987,13823,2969,-4023,4661,3338,3999,-129
4/30/2024,588,-1429,-3778,623,1607,-1575,-235,-202,-3469,538,750,-2585,496,-141,-3477,2369,2461,6332,2338,13277,3848,6184,14154,24130,1853,2074,-1391,5719,12942,28463,588,1157,-2417,623,1607,-530,793,1162,-1080,508,-1610,-5750,628,-141,-461,2369,2946,6497,2338,14290,2749,4636,17779,48123,1853,13220,3986,5719,19217,49047,-1906,-3908,-100,1053,20,-3908,1010,1128,326,-4176,4335,-1695,12599,5900,14287,29824,2526,3740,14282,29627
5/1/2024,1995,4619,14623,4175,7234,14392,3185,7051,16179,1985,4118,15941,3580,7445,9565,3526,26510,17609,4725,27085,11099,6301,6729,2831,4955,6713,4402,6301,5278,7467,1995,4619,14140,4175,7234,13908,3185,6902,16062,1295,2789,15932,3580,7445,32739,3526,26510,24410,4725,27565,31523,6301,7274,8041,4955,27565,32300,6301,6581,5732,7103,14630,4580,12540,5504,13621,5455,13508,7340,11349,6027,19125,7616,22913,1222,13564,6579,4200,362,10714
5/2/2024,2080,1704,4531,2110,1530,4939,997,1332,5004,865,1212,5795,1875,4125,9256,1478,1779,-4510,-1338,4515,-7478,2640,-5327,-5280,335,3015,-1064,2640,-4495,-7415,2080,1212,4531,2110,1530,5183,1501,380,5048,1700,2982,2932,1875,4577,10749,1478,2368,5623,-430,3989,3115,2640,1970,-19833,965,4437,4983,2640,1701,-19301,72,3938,1497,5322,1101,4670,385,5100,2914,-2794,-1907,-7400,-748,-7168,-5700,-6910,455,210,-5700,-7415
5/3/2024,1074,3378,-1006,1238,4478,5639,1456,5331,1547,689,1857,1467,2293,6538,2918,3733,10664,15255,2348,9012,586,4115,9730,-4624,2818,-355,-896,4555,4073,-5225,1094,3672,3371,1338,4772,3330,2635,6216,3857,1987,5016,608,2293,6599,6750,3733,10664,15743,2348,7112,2813,4434,8081,-1750,2818,5436,-1883,4555,9377,-1750,706,-1933,-315,-1951,1320,-1762,849,-2951,9539,15834,12521,14811,11737,10808,7046,3618,10141,2537,7046,1313
5/6/2024,-660,-1973,-1964,-1685,-1395,-252,-1795,-1926,-1964,-760,-1344,390,-1255,-3344,-5963,700,-3979,-5710,-990,-2344,-7456,655,4044,12328,-1225,1921,-2707,1125,4176,14662,-660,-1375,1966,-1685,-1395,2250,-1795,-1565,2250,-535,-2631,-1813,3066,-5212,-25770,700,-3979,-9525,2561,-3299,-20930,1270,5629,39279,3161,-3612,-21229,1270,5858,39279,-603,1703,-658,1109,-686,1703,-1443,1109,-4030,-7450,-2545,-4918,-2600,-6932,4339,11305,-6230,-1478,4339,11305
5/7/2024,920,2891,-954,1932,4295,-669,1795,4027,-3643,780,3984,-2826,-425,36,-2655,1190,775,-4484,2988,5382,-4525,3875,-1044,-4658,3971,2860,4539,10260,1336,-6218,920,3115,-6247,1362,4295,-6247,1845,4518,-8542,925,3260,-7016,-425,2712,3584,1190,2735,3997,1615,6077,-163,11713,-6182,-30562,2555,6770,-163,10260,-5965,-29946,-1497,-2292,-3010,-5362,-863,-2292,-2575,-5362,-2207,-3861,-2380,-3585,-1436,-2003,-3204,-3722,3702,-60,-3204,-3689
5/8/2024,1795,1828,8976,2635,2971,4091,2180,2264,1696,1780,2456,7332,3160,-998,-332,1331,-1367,-1947,1268,-998,-4793,3585,-3885,-1265,1013,-2142,-3115,4160,720,-5239,1795,1301,5705,2635,2971,3023,2180,1624,-290,495,2300,7413,3160,-801,11513,1331,-58,10458,305,307,15067,5986,5345,6913,360,1544,15207,5100,1989,1379,3834,1727,1755,-1150,4100,1579,1731,-1165,171,7692,-156,510,3418,7781,-3500,-4715,3559,-1458,-3500,-5250
5/9/2024,5185,2960,1764,4037,3487,2478,3730,3313,1764,4625,-135,-4088,2186,9961,15321,5678,9188,12331,3452,14043,17970,8540,4016,-382,2747,6670,1939,8540,3176,-125,5185,5803,3303,4598,6763,1096,5293,5448,1096,3367,6173,-4070,2186,9961,17853,5678,9188,12991,3452,16365,17221,8540,8725,-11409,2747,15187,17481,8540,5922,-12801,3956,-5529,2447,-6795,2976,-5529,-1205,-6795,14134,10196,5707,2315,14753,1823,4021,-1296,4613,-395,4021,-3424
5/10/2024,575,464,-4509,-1615,-3028,-4007,-215,-2414,-4869,685,511,-5072,3459,-281,-511,5195,2702,-3276,5808,-542,-3128,4005,2557,-2999,4251,1273,-1589,4005,3861,-4859,575,-2007,-5039,-2700,-3028,-5020,-2775,-5050,-5020,-1630,-2505,-6460,3459,-1136,4549,5195,618,-5641,3984,-1551,-5116,4351,-3053,-49863,3335,-1991,-5133,4005,-6813,-53663,2563,-5323,-1460,-4777,-32,-5323,-702,-4777,-626,1310,-1934,-1643,-2671,116,-1700,-5055,331,4711,-1700,-5880
5/13/2024,122,747,6363,2993,329,3640,2432,535,3640,-545,1565,2743,9545,15134,18105,7815,7584,15392,11300,19704,22443,5200,13489,13495,10750,3801,4034,5372,14313,13867,122,-200,4974,2993,1649,2372,2432,1030,2372,-2090,-2130,6499,9545,15134,20699,8135,9464,23702,11900,19704,30894,6012,23402,70642,11460,19759,30894,6007,23457,70642,-1107,-3343,637,-4901,-847,-3343,659,-4901,18938,7780,11922,853,20579,5857,6663,-63,14442,2217,6663,1323
5/14/2024,410,-835,-597,-1585,662,1459,-1235,540,-597,375,-1312,1311,-1230,-2985,-5367,-1225,-1168,-7499,-496,-1162,-7485,505,11338,11497,-206,-404,-2490,475,9546,15808,410,383,-434,-1435,798,1489,-1235,928,1489,-365,1475,-386,-1230,-3228,-6987,-1225,-2307,-9461,-496,1572,-2604,282,13529,25642,-66,1402,-3831,475,13529,25642,664,-390,147,2624,623,-195,-248,2624,-3150,-7395,-2676,-6450,2368,-7433,9299,17720,-2149,-5840,9299,19879
5/15/2024,1829,1678,3952,1632,2424,4337,839,437,3852,2425,2085,4228,-1770,-4260,-6235,3810,-3400,-3282,55,-4466,-7303,4880,15776,17829,-1335,-2140,-4660,3814,15505,29451,2275,2504,4977,1632,2424,5798,1862,2414,5612,2002,2047,2324,950,-7093,-18408,3810,-1890,-1885,2312,-318,-2398,2981,16782,49309,2145,-483,-1685,4494,17934,49309,424,4682,1086,4592,112,4642,918,4627,-4455,-6630,545,-3853,117,1623,20826,28746,-6945,-5635,20826,29419
5/16/2024,315,127,-3202,-135,27,-3571,624,-198,-3202,-675,-566,-4111,800,-4046,-6383,205,-3348,-5127,390,-4490,-4334,1430,1772,5763,-277,-2950,-486,1420,4282,7034,315,127,-2190,-135,27,-7241,624,-198,-7241,-510,-1167,-8686,800,-6216,-14641,205,-4635,-10124,390,-8085,-18524,1430,-3940,-9941,60,-8530,-19019,1420,-5986,-9941,-1312,-7271,-1704,-7271,-1312,-7271,-334,-7271,-4285,-6251,-2785,-7496,-6796,-7330,-1046,7801,-1991,-1269,-1046,6581
5/17/2024,1309,623,6107,1285,1439,7107,1364,2278,7491,830,1214,6601,2005,-1145,-531,4563,4117,6256,6135,2515,6312,7864,17545,1283,1955,-1280,1342,8775,7269,-797,1309,1021,8032,1285,1439,9167,1364,2669,9867,1460,427,4970,2640,-1430,-7854,4563,3555,9157,6275,1661,19908,8880,21387,91501,6060,1661,19734,8875,21387,92906,7874,10686,4572,3008,7874,10686,3982,3008,-1232,-2628,6828,18173,10284,12077,12583,-6480,1601,8903,12583,-564
5/20/2024,2007,9247,2311,3352,7269,-249,5085,7313,2311,1992,3223,1659,1103,13514,14255,1607,17286,12557,3399,24792,17598,655,13444,599,868,3808,1640,4027,3993,164,2007,7269,2382,4492,7269,1933,6714,5585,1933,2352,6005,6398,1262,14566,15836,1607,17286,16182,5556,26211,29431,4427,35596,12376,1907,26671,25625,4427,31587,13177,11564,1556,8520,-2295,11794,1556,8545,-2295,16691,6904,16364,247,19322,2342,13050,-6032,12125,331,14240,-5971
5/21/2024,-820,-2656,-906,-1135,-2537,-906,-1720,-2824,-906,-925,-1324,-1083,283,-4493,-6858,335,-3035,-4624,186,-4403,-3223,-6,-476,-214,-317,-2405,-2108,352,-829,-425,-820,-2369,-1839,-1135,-2537,-1034,-1720,-2537,-1034,-480,-1197,-2666,283,-11520,-19903,360,-4150,-8260,676,-9561,-12152,542,3,25210,1241,-9886,-12152,542,2756,29361,-34,2272,289,2975,-34,2272,289,2975,-4465,-7246,-4265,-906,-6603,-2427,3122,-3445,-6445,-1144,3122,-3114
5/22/2024,1120,239,-6000,1500,-1900,-5500,825,-1381,-4500,-75,-455,-2900,1175,-4310,-7000,-950,-475,-7495,-470,-3475,-7500,2010,-3745,-4475,1045,-1979,-4365,2055,-3460,-7480,1120,-90,-3375,1500,-615,-4200,825,-3390,-5595,-385,1445,-5053,1175,-4424,-15923,-240,-6155,-30300,-585,-7750,-32235,2555,-15873,-84311,470,-8055,-33485,2350,-16890,-88440,650,2036,585,1881,1371,1275,85,1237,-4483,-4000,-4495,-4970,-6930,-1500,-6445,-5240,1635,-4355,-6445,-7480
5/23/2024,1147,1365,-1601,857,1748,-351,57,340,-2556,1570,962,-2143,1320,6133,-4806,1245,2984,5860,2050,8359,3499,1565,7729,4933,1505,4478,1937,1560,8160,5454,915,2077,-3277,857,1748,-1149,785,2788,-80,1789,-301,-864,1320,4242,2283,1245,3557,7361,2050,8019,6130,1565,7729,15901,1505,8159,4826,1560,7714,15337,2645,998,3178,1662,2912,1998,4138,1192,3789,3808,3290,7710,4765,8034,10120,9661,-292,599,10120,10746
5/24/2024,740,6109,3203,2315,5155,3974,1814,3305,3875,720,-2131,6907,1548,4285,1816,845,1345,-4809,2833,119,-4517,3582,-4089,-3380,2331,1214,801,3717,-1894,-6507,740,6063,4502,2315,5705,4512,2205,5053,4642,965,5477,8612,1320,-392,-1455,795,145,-15870,2025,2767,-13036,7339,-4021,-43759,1515,1981,-16791,4150,-6233,-48337,8464,7097,9935,7943,8444,7049,4237,8722,3326,4493,-1696,-5227,129,-2383,-6115,-4734,2105,1700,-6115,-5042
5/27/2024,2270,2668,2198,1194,2668,2198,1179,2668,2198,2220,2095,2363,1170,-2455,-3915,1280,2777,4174,2035,8290,6074,3770,12808,5460,1700,550,-81,4315,10157,6986,2270,2668,7519,1194,2668,7519,1179,2668,7519,1990,2439,4488,1660,625,-1610,1280,2777,4250,2035,8290,6863,2538,18353,32831,2095,8290,6863,4745,18353,32831,3483,726,3398,909,3483,726,2499,909,-3915,-6813,250,1205,1516,1159,8325,5303,-1360,-1171,8325,6908
5/28/2024,3940,7111,17396,3617,7895,18284,5702,6966,14746,4942,5119,12612,2700,3116,15546,3515,2168,10846,4845,3816,10613,7875,1195,-5150,4490,3717,4026,8780,4030,-5256,3940,7111,10480,3617,7895,11298,5702,6966,5486,3235,10714,8811,2700,8514,33627,3515,3351,25856,4845,6590,28797,8785,-4325,-8825,4490,6205,28267,8780,-5905,-8830,3068,8920,3877,10617,2986,10333,3088,7813,10039,16658,4459,12830,11514,12301,3824,-507,6478,1729,3824,-1333
5/29/2024,570,2844,7024,661,3063,2445,995,2583,5060,445,3796,2531,3572,6038,3086,2179,3966,8949,2952,5572,-1145,-930,4505,750,1832,4602,3360,-1225,2205,2202,570,2844,4756,661,2553,2268,995,2854,2150,-340,726,677,1265,3909,-1123,2179,3966,1136,825,5157,-5052,958,8301,-21592,455,4232,-11703,-1165,4675,-34028,244,-1643,2440,2018,-232,-1643,1555,2018,5225,902,3464,4187,9405,632,3415,-837,4749,7029,3415,1648
5/30/2024,2714,3344,-535,2547,2304,-535,2057,2201,-535,2077,2593,1121,720,-3536,-6995,1290,-3333,-7400,2380,-2472,-5732,2540,3798,5944,1520,-2094,-4415,2913,5408,6643,2714,3532,-952,2547,2304,-952,2057,2360,-952,1962,2181,8469,720,-2602,-9419,1450,-1346,-4641,2975,538,-3177,3051,3493,16721,2000,256,-6029,2871,3649,14901,2454,3124,1325,6588,1429,3124,1955,4978,-3895,-7205,-1935,-5715,-3182,968,4191,18534,-576,-4080,3881,13648
5/31/2024,2577,3358,8137,2572,5843,8059,1446,22753,5401,3052,5616,6672,-104,-1073,-6768,532,299,17785,947,-199,13382,-980,-3365,-4736,-482,5246,-2226,-1450,-3548,-6203,2577,4834,6035,2572,5843,6237,2514,22753,7445,3306,6851,6207,-640,60,-7798,532,-129,15250,947,189,8142,-3088,-9704,-23709,717,34,7556,-1450,-7547,-15254,12270,7831,2375,8144,359,6546,2624,6790,-1808,-4975,-478,-3648,-427,-1347,-6320,-6877,1199,-1521,-6320,-6171
6/3/2024,395,3120,3657,-240,2213,3473,-148,-1445,7562,-20,3747,1141,145,-807,-6935,1170,411,-6935,1838,1969,-6935,-945,994,-5995,865,-2340,-4600,-468,-2883,-4730,395,3643,-870,-240,1030,975,-205,-245,1462,395,-718,-6221,145,-788,-13613,1170,411,-12676,1055,339,-11910,1120,12515,-10929,865,-766,-11609,1511,10795,-11794,6934,5597,6240,4769,8159,5317,5682,6326,-3353,-6615,-3910,-6615,514,-6615,-1466,-6620,-3036,-4600,-1856,-5629
6/4/2024,490,1923,-1348,1423,-190,-3582,1302,-250,-1265,600,974,-2988,1465,4183,2146,235,2920,3422,1215,6156,5710,505,-2843,162,945,4566,3183,635,-2023,-8,490,-567,-7430,1423,-140,-13408,1302,159,-13408,-5,-5785,-8772,1465,3803,7674,235,3309,3983,1215,6156,6933,635,-2038,5520,945,4765,6593,635,1,5911,-1099,-4408,-2465,-4915,-1602,-4408,-3405,-4915,1957,5064,2390,1845,2831,7358,-104,-317,2677,-746,-104,-387
6/5/2024,675,375,1968,1200,1158,3525,-888,115,-932,1200,1786,5115,2106,-3650,-6914,3281,-3830,-2829,-1414,-4480,-7418,2490,13273,18066,-1116,-1772,-4700,2466,13292,23338,675,1293,4207,1200,1158,4938,880,1106,4853,1420,3990,1500,-25,-10108,-28039,3281,-5645,-4747,25,-8825,-11507,1519,14244,57885,94,-8945,-11747,2598,15068,58560,929,4614,2388,6525,1177,3494,2625,6276,-3943,-7498,-987,-2797,-5782,-5709,14121,22610,-6835,-5665,14121,28685
6/6/2024,1901,-953,-4537,1823,492,-1993,797,2320,-2080,686,-330,-2834,5574,6126,10611,4900,4795,10763,8258,9742,17045,6846,24217,7957,6977,10899,1814,6385,16925,6441,1901,-953,-1196,1823,44,-1028,797,2540,-663,686,-2954,1869,5574,6126,10875,4900,4795,12829,8258,10192,20544,6385,28106,48008,6977,9662,20895,6385,28106,48967,5017,846,914,-3204,851,626,1414,-3204,4031,8003,6071,6055,7029,7767,11720,-3730,3502,3047,11720,-3407
6/7/2024,96,-908,3605,2144,1365,2140,1426,2218,-2570,475,827,1225,1725,2972,3570,35,5096,2742,-496,5767,1982,410,6659,-818,-600,6660,3881,-835,4408,-6445,415,-628,528,2144,1365,831,1513,1075,-6007,635,1977,1862,1725,4910,10753,35,5344,3867,-145,6907,6369,584,6659,-28104,-440,5520,3338,715,5804,-28104,673,-5751,231,-6923,5214,-5033,-272,-6873,2048,3651,3305,-108,5546,1141,2452,-2655,4176,1036,2452,-2220
6/10/2024,6335,5918,4797,5710,5709,3591,6379,5402,4797,5065,6345,4694,2727,4926,13059,4505,8701,18373,3320,13880,24940,5288,18445,-4382,7298,-2085,2121,6376,18854,-4760,6335,6095,4309,5710,5709,4679,6379,5019,4679,5485,6430,5362,2727,8244,33494,4505,10894,29868,3420,18558,39283,6729,27867,11318,3583,19208,40403,8012,30391,10561,4985,7257,4232,6718,4985,7257,3727,6718,2408,7452,11105,18443,14851,18279,17121,-1503,1975,4475,17121,-3249
6/11/2024,-409,-3837,-5247,280,-2565,-1123,-176,-3837,-5247,585,-2790,-2942,-525,-4066,-6925,-195,-3510,-7417,-1609,-788,-7485,1198,7647,8390,-1401,-2970,732,1098,6626,14845,575,-2565,-2369,280,-2565,-2369,245,-2565,-2369,-525,-2208,-4731,-525,-2818,-14665,-195,-2410,-8997,-1185,-2085,-10411,541,7494,27960,-1195,-2735,-11111,1098,7939,28874,844,-2380,-647,-1813,688,-2380,-467,-1773,-4383,-6680,-979,-934,382,-1135,12767,3565,-1718,-414,12767,3720
6/12/2024,3275,8050,23098,4882,10438,23098,6782,11090,23670,3145,5255,23729,5220,17396,40675,7810,19827,34381,7771,17960,39942,6589,24947,14707,6531,8842,7166,7065,20931,10155,3275,8050,23529,4882,10438,23529,6782,12293,24027,2210,6269,17487,5220,18101,53183,7810,19827,55786,7771,17960,58271,6554,27628,77264,7531,16875,56496,6220,27198,77264,5148,13400,2828,7925,5148,11209,1293,10990,18780,30332,21378,38199,20966,35886,21380,16467,12118,4991,21155,12141
6/13/2024,2815,2713,3980,2506,2946,4039,1661,1594,6558,3035,4474,5244,-190,-4114,-5906,-725,3730,-5464,3538,-1380,-6503,3699,-2656,-3352,1058,-1153,776,2750,-1847,-5178,2815,4190,6099,2506,2946,5918,1661,3425,7070,1475,3575,4503,-431,-4814,-13371,-660,3824,-8402,3538,-2510,-12854,3301,6122,-6197,1058,-1315,-13306,2750,2502,-4779,2818,5606,2571,3664,2729,5606,2802,3664,2040,-3674,645,-2200,-4064,-7500,7571,-5087,1066,2249,6573,-5307
6/14/2024,-685,-1924,-3814,-1128,-1877,-2987,-1324,-2420,-2917,-785,-2077,-3431,310,-2409,-5599,475,3861,-1152,565,-942,-794,830,9344,9383,660,-1923,-1885,830,9149,10274,-685,-1595,-4175,-1860,-1877,-2983,-2163,-2420,-4097,-1045,-2613,-4993,310,-3263,-10772,475,3861,844,565,-942,787,830,10264,38475,660,-942,787,830,11479,38757,1048,-1076,964,1054,921,-1824,-6,470,-1091,-3592,3069,2441,2307,1044,11053,9205,-1649,3414,10308,8171
6/17/2024,2675,1802,4775,2445,1168,5409,1065,1487,4635,3101,2383,3780,-790,-3735,-6730,1410,-3095,-7305,130,-4495,-7486,4980,-1489,-5140,845,-1980,-5045,4980,-1555,-7450,2675,2168,6650,2445,1168,7059,2235,1845,7024,3489,4860,6766,-690,-5050,-10994,1410,-3135,-8930,130,-4465,-12689,2904,-2681,-22391,975,-4995,-14910,5425,-2212,-20881,332,6645,854,5642,-993,6784,2545,5692,-4105,-7161,-2110,-7024,-4972,-7480,-1597,-6337,-2148,-5840,-1597,-5439
6/18/2024,2183,3463,804,3000,2265,-403,2828,2765,-2899,2350,2366,1108,3350,7560,18421,2085,4318,12114,2823,13166,4542,3826,231,-2384,3328,1798,4504,3826,1290,-2160,2315,3785,-37,3000,2870,-2467,2960,3019,-2467,1163,7951,2482,3350,8858,21918,2085,4856,13726,3405,17359,13796,3838,9025,-12409,3915,16944,13316,3826,7184,-15663,4303,-3539,4091,-2010,2767,-3539,6039,-2010,7938,7290,1366,-966,5228,-4305,-1999,-3467,-604,3844,-1999,-4092
6/19/2024,720,860,3050,1395,860,3050,1395,860,3050,685,35,3050,2315,2440,7060,1770,3285,8332,3380,7265,14607,2555,9386,7660,2640,-250,2410,3535,8639,10763,720,860,3050,1395,860,3050,1395,860,3050,635,35,3050,2315,2440,7250,1770,3285,10743,3910,7265,15090,3535,11300,21645,3915,7265,15090,3535,11300,21645,-1999,-1774,-3430,-3505,-1999,-1774,-2820,-3505,3600,1390,3090,2130,3250,790,520,-1920,2835,1215,520,-1920
6/20/2024,2690,4768,-4080,3124,5522,8046,3842,4822,6155,2900,2942,4075,1610,2487,-5248,2525,8970,14915,2905,8321,-6603,9352,27789,52292,2650,1658,-4505,9272,23612,47341,2690,5874,1753,3124,5804,5312,3831,5302,7372,2100,1311,1495,1610,3248,-2504,2525,8970,15229,2905,8759,18558,9352,29916,66202,2650,7464,10484,9272,29588,58834,5449,5822,5732,1804,5235,2535,2676,982,7977,-7273,5135,19581,8648,13567,16028,37183,7262,2009,16028,37183
6/21/2024,4456,3587,-951,3725,3465,147,3920,3274,-1187,4275,1728,733,5216,13156,18883,6925,11645,7005,4325,13905,22773,7195,8379,7782,4175,10241,6040,5721,5499,7485,3919,4081,863,3725,4203,300,3920,5233,300,4600,5409,1815,4917,11807,20850,7243,15010,13382,4325,18616,26798,5744,10924,4434,4275,18616,27937,4797,12108,6952,-118,-2008,-415,-3116,-1764,-5105,-2101,-3116,16081,15893,2197,-154,10682,5574,10,-1043,5327,6211,10,-148
6/24/2024,504,1467,-2411,1084,1987,233,-146,-425,-2583,401,1136,2137,1460,1975,-6186,1750,2698,2315,2188,4013,3386,4085,9149,16781,1945,2148,44,4065,7936,13041,901,1361,117,1084,1987,1329,251,1080,1928,276,-499,-367,1460,2025,-3998,1750,2698,7216,2188,4263,3866,4085,8825,43474,1945,3813,3332,4065,8555,39849,731,2367,-475,-3608,-84,2367,606,-3608,4294,-1800,1459,10190,6569,9277,7106,11482,196,1812,6841,14614
6/25/2024,910,1249,4455,400,433,4398,-722,-641,3263,-90,2334,3447,2399,733,-4123,1585,2347,5678,2464,1643,10512,1710,8925,14280,2263,1154,3252,1323,7959,17096,415,1991,2147,400,433,5422,-435,290,3112,-495,1116,3494,2399,3694,-2543,1585,2347,5940,2577,6098,17079,1323,8374,59666,2568,5845,17079,1323,9737,60198,1035,5571,1297,3570,-1326,6476,2782,3570,-2219,-4262,63,6643,4146,9628,13025,18498,1016,-1159,13025,16538
6/26/2024,1701,4392,-1699,2027,2800,-1940,3586,2809,-552,1965,2277,-4300,2930,8520,19999,2997,7618,6701,2558,10300,19075,2125,8580,-2136,3137,2611,2874,2147,7179,289,1915,2277,-1875,2027,2800,-950,2032,1300,-3760,1600,557,2697,2930,8520,23744,2947,7618,9983,3738,10300,22980,2146,9468,3632,3292,9747,23679,2060,8580,4391,1929,499,2166,-280,1845,-359,2580,-280,5786,10999,1772,1345,5632,4440,-3139,-2511,1869,3114,-2239,-3476
6/27/2024,1310,1145,-2409,930,1231,-2132,807,2603,-3223,750,-283,-5550,2367,17494,14097,1945,4891,-2871,1939,12351,256,1530,-5815,-2126,1512,11552,-1147,1250,-3595,-7036,1028,-323,-2706,930,1131,-7561,470,2447,-7170,547,-1708,-3036,2367,17682,21942,1945,4891,-3373,1595,12351,-1396,2710,-7281,-48129,1415,11968,-3348,1250,-10245,-47570,1880,-5544,947,-6626,1665,-5525,1994,-6626,16567,23157,5130,-940,12214,6499,-5775,-6335,7778,8241,-5775,-7265
6/28/2024,1350,7432,4066,228,6366,4877,389,5518,3372,575,4843,5265,840,-983,-6920,1240,6122,-4187,1076,-3440,-6784,945,3996,5902,976,-1594,205,945,6709,1709,1350,7432,4066,228,6366,4877,569,6683,5915,655,2662,3210,840,-2530,-19299,1240,6122,-3008,1076,-2639,-16259,945,11114,28728,976,-5219,-14943,945,11591,26632,7701,9030,4861,7036,5455,9189,3760,9066,-3515,-6473,1232,5474,2613,910,18632,31354,-1045,-5625,18627,23112
7/1/2024,545,1815,2248,804,603,2755,542,616,3119,770,1956,2986,465,-3250,-1888,570,-3705,-6939,905,-4450,-3085,989,5344,-3280,835,-2050,-4840,929,4243,2569,545,2021,2219,804,603,-182,974,577,-182,920,255,1527,465,-1630,-6514,570,-4011,-2087,905,-987,-3922,161,4675,20279,835,-2247,-4262,30,5137,20003,-39,4365,69,2160,-1530,-1742,59,5669,558,-339,-2094,-2329,-374,-7279,5114,1120,-3020,-6000,4822,-2515
7/2/2024,143,-1790,-2262,320,543,-1444,-876,-82,-2343,-60,-250,406,1526,-4156,-6711,2095,4254,1045,3439,-2770,-6651,2655,12951,24240,2371,-2205,2065,2750,11386,25980,615,-167,198,320,-185,957,-400,120,845,-45,-215,-1696,1526,-175,-19753,2095,2904,-15,3439,3629,-8892,2750,17212,54574,2371,3770,-4981,2750,17174,54876,133,72,794,3112,199,878,478,3112,-4361,-7452,2685,892,-1175,-2127,11903,30581,-5635,-5995,11903,34116
7/3/2024,1360,3836,4389,1465,3668,5195,1128,3547,4389,2230,3300,5629,1010,-4500,-4180,2230,-3750,-7400,1640,-4445,-6851,3230,16349,5188,2610,-2250,-4715,3230,12283,8277,1360,4093,6312,1465,3668,6468,1128,3653,6468,1835,4170,2541,1010,-10165,-20535,2230,-2635,-3690,1640,-4055,-4950,3230,14994,25549,2610,-4030,-4950,3230,16349,27999,3073,3862,3577,5288,3196,3862,1123,5288,-3890,-5855,-4425,-5255,-6760,-5855,4782,13602,-6740,-5855,4782,17814
7/4/2024,1865,4030,8028,4230,4223,8028,4950,5294,8028,2300,4000,9670,1515,6865,8750,2290,8500,13095,6030,13360,18820,2510,5595,4650,2480,1295,1165,4385,3905,5835,2300,4353,10188,4575,5269,10188,4950,6099,10188,1705,4150,10188,2070,8175,11165,2290,9350,14740,6515,15635,22725,6445,21640,38920,3495,15635,22725,6445,21640,38920,819,-2162,-1330,-2435,819,-2162,-295,-2435,9745,2990,5260,2355,4565,2105,925,-2095,3180,-170,925,-2095
7/5/2024,180,-2020,-146,265,-1487,1209,-863,-2748,236,715,-263,1779,2478,-3925,-6930,3473,-827,-4609,3623,-3985,-7414,5735,16319,11860,4840,-2415,-4670,5735,15877,15935,180,-1438,2669,265,-1487,2669,86,-1626,3793,575,253,2087,2478,-5140,-14507,3473,-2450,-3197,3623,-1060,1072,5735,15664,39443,4840,-1345,1294,5735,16319,44300,-2064,3739,105,5233,-829,2864,2370,5233,-4180,-5865,-1350,-3355,-1919,-7456,7441,16119,-1796,-5865,7441,20983
7/8/2024,1360,3582,-2704,410,1950,-1932,-556,1418,-2704,755,3957,-5025,585,3163,18465,985,2119,12365,2155,3621,21432,1239,3594,-4185,4472,1386,7964,-1750,2008,-5289,770,3582,-3081,717,1960,-4188,-556,-418,-4188,55,1521,1347,585,3163,24762,365,1373,16498,2105,4079,28454,6343,2492,-2906,1925,3993,28454,6250,2350,-2906,-1228,-5044,-289,-6790,-1469,-5044,-1089,-6070,9102,16095,4320,6955,9214,8643,-1947,-4280,4435,7592,-1947,-3290
7/9/2024,133,3432,863,1550,4160,3792,945,2822,3547,30,1731,5019,3539,-3980,-5948,933,-2581,-147,86,429,3141,-38,-3824,-3770,3170,-245,-1451,1787,-1992,-4263,430,4116,2320,1550,4055,5015,945,3648,5953,35,1890,6150,3539,-2353,-5160,1105,-2581,358,-200,-802,551,6183,-4813,14498,3176,-1287,840,3977,-6212,17271,1425,4153,892,3740,2155,4153,-221,3740,-3125,-6705,560,7454,3917,9624,911,-2600,301,2936,911,-6917
7/10/2024,545,2785,531,1020,2324,176,365,182,531,405,2365,787,-1445,-4115,-6835,-1120,-3750,-3917,-1840,-3707,-5067,1385,9975,4085,-1065,-837,-1127,1980,6137,3216,545,2785,3404,1020,2324,4578,365,979,4578,259,-182,4189,-1285,-9435,-22495,-1135,-4135,-8146,-1400,-5500,-11182,1975,13798,33437,-1030,-5500,-10242,2147,14193,34508,2288,5316,2561,2851,704,5316,2206,2851,-3950,-7070,-4155,-3815,-5248,-3050,7176,14410,-871,-1540,6616,17088
7/11/2024,2030,2891,2057,2835,5742,1457,799,3610,-3427,2470,2846,2106,2495,848,-4990,1705,6860,711,4670,8211,5998,6911,13874,9783,4565,-557,-4590,6811,13199,16176,2030,2891,2330,2835,5742,1559,2597,3652,-1685,2615,2523,2941,2495,848,-5480,1705,6860,5811,4670,8478,5842,6911,12788,48020,4565,8233,8231,6811,14574,47506,-894,634,591,2183,-1991,-3143,-39,2136,204,-6795,3572,1831,7346,8475,15607,30268,-1195,-4585,15607,29054
7/12/2024,6120,4363,11096,2842,3530,10285,6482,4108,10024,2975,4934,10593,1080,-294,1196,2270,-1175,-2003,3800,36,2058,1180,-1619,30,3222,2119,-1697,1180,-1199,-4680,2885,4839,12082,2842,3530,12420,2890,3529,12257,3807,5651,9521,1080,204,1572,2270,-1230,-3931,3800,-120,7408,1180,-3590,-4961,3222,-320,3368,1180,-1370,-10431,4318,12830,3255,10338,1873,15487,3158,9778,879,2174,-3160,-5105,217,4348,437,-3251,2380,806,437,-2932
7/15/2024,3030,7421,14651,2170,8599,14951,4355,10072,12944,3012,7515,14968,1145,8933,15220,1185,6943,2852,1610,10757,3944,2795,10484,-4286,980,4702,2760,3255,10714,-3359,3030,6837,14415,2170,8599,15317,4355,10072,16634,2692,6506,14361,1145,8534,11999,1185,6943,13698,1610,10810,22616,3260,12620,23816,980,10062,20995,3255,12081,26038,3850,6501,6937,6911,6661,7984,8196,10314,8280,18443,8317,19503,12690,15552,10328,1837,4351,3623,10323,-7387
7/16/2024,620,1471,-1453,700,831,504,-30,192,-3960,315,3064,-412,680,2989,-914,1305,4601,-2616,1330,4507,5081,2155,6066,-5478,1040,5305,4222,2155,8306,-3572,770,2783,-2734,700,831,-5100,-936,-742,-5316,-10,1416,-4691,680,2989,-914,1305,4601,-6242,1330,4507,-2443,2155,6239,-12226,1040,4707,-358,2155,7761,-15483,2508,3468,1891,827,2647,840,2681,-1873,986,1208,3476,2154,3534,3420,5192,4944,2281,3870,5192,1514
7/17/2024,2052,3350,-638,2898,3974,2323,2116,4152,806,1527,3132,3092,1483,271,-2861,2771,2792,-606,2688,2103,10545,3095,17087,19808,2693,2234,192,3090,13345,25932,2052,2548,3089,2898,3974,3553,2013,4428,3329,829,1543,1577,1483,928,-1261,2771,1999,1014,2688,3533,11397,3095,18013,52714,2693,2421,10650,3090,19137,52610,4467,1851,5818,3354,3892,2803,6798,3379,1809,-972,4674,1860,2897,12614,19677,38508,-1994,1091,19677,40253
7/18/2024,2016,5505,21598,3094,8039,13807,2804,7035,12323,1536,2506,16529,1090,3297,-6975,2195,4955,4972,3428,12131,16337,3920,17406,-3391,3228,-1435,-4720,3920,9657,-2797,2016,5650,19441,3094,8039,17432,2514,6389,15360,1769,2157,16409,1090,4095,21692,2195,4955,26972,3428,9751,37872,3920,18290,55660,3228,8725,35380,3920,17948,58806,1832,13582,2040,12365,4400,12103,2612,8655,6645,8450,7810,19454,11757,25644,15366,-1613,-321,-4455,15356,1420
7/19/2024,455,1802,4806,155,1656,3697,2602,2948,5028,450,886,3493,740,5143,-6620,3620,3814,-3759,891,9796,944,520,13353,1055,1152,1351,-4255,510,4456,910,455,881,4806,155,1656,4176,2602,3155,5888,968,-1140,-98,740,2657,6242,3620,3953,7560,1197,9165,14840,520,14389,31999,1152,8149,12660,510,15040,33904,511,-558,1820,1719,2063,-85,1949,539,1964,-1910,8760,18102,2241,18034,21525,15755,-2742,-344,21525,14096
7/22/2024,3370,8014,8455,2574,5781,6739,1893,6682,4929,3790,6138,10056,3100,1358,4294,1235,3868,10817,2060,4127,7167,2225,-2456,-1600,2274,5139,6968,2630,-1638,-2369,3370,6511,11230,2574,5781,8593,2080,6897,5619,3356,7131,9143,3100,2370,13859,1235,4253,7749,2060,4517,2500,2019,-7317,-30777,2380,4352,4082,2630,-6580,-30094,3066,9230,3938,-2712,3365,6503,3717,-2712,6628,-3176,4600,-1907,3630,-3640,-536,-2753,3074,3991,-536,-4298
7/23/2024,1690,2441,-3460,1385,-341,-4437,1674,802,-2870,1370,1774,-3706,1619,8502,13727,1495,2496,12379,3001,7992,5590,2635,6822,1849,2521,3406,5344,2945,1828,2098,1690,1984,-8375,1385,-341,-7667,1674,950,-6527,2070,924,-6734,2050,8502,12686,1495,3341,12379,3415,8136,9619,4003,6752,10000,3165,7372,12865,3635,7174,3689,1700,-4553,744,-1294,2838,-922,1915,-3390,9727,12222,9256,14325,9949,16266,-3845,3270,6860,1718,-4950,4216
7/24/2024,1710,4988,5384,1625,4190,7328,1783,3059,7003,1275,4502,7012,-10,-3132,-6853,1515,1644,-3794,1441,3032,-7500,3295,10372,35218,2145,-608,-1427,3213,7046,36708,1710,4807,5645,1625,4190,7830,1783,3875,7731,2810,4624,10249,-10,-3132,-28864,1515,1644,-8095,1815,3361,-15955,3295,10045,47599,2145,8394,-16230,3213,9242,49581,4681,10760,4238,10557,4238,10760,5852,12202,-3353,-6750,2303,7563,6796,-2153,11167,41038,2145,5259,11167,40613
7/25/2024,1390,1049,4926,1652,2506,8111,1086,1881,8922,850,1080,7001,95,-559,-1143,1325,120,-1546,-165,2320,-4410,2805,3508,-503,470,-949,1991,2675,5402,-897,1390,1460,4926,1652,2506,8111,1985,3365,6136,2020,2747,6915,95,-41,-2243,1325,120,-6424,-165,-15,-6084,2805,1302,2039,470,-510,-6600,2675,2575,-888,3816,860,1635,4025,3619,2137,3155,2283,506,-2812,523,-1279,3304,-1572,4526,3997,2777,2598,4331,4452
7/26/2024,2260,6180,7805,1433,3619,2775,1995,3266,5612,2430,4525,1777,935,2107,8090,2235,2584,-5537,1940,760,2100,4325,3759,4181,1980,1088,2371,3970,4324,3692,2260,6180,4812,1433,3313,-3492,1959,1283,-3382,1945,3518,1372,935,1949,10116,2235,2584,-3183,1940,270,909,4091,3182,-19282,1980,1865,3102,4095,2599,-20963,2263,5025,-1028,-2112,421,5748,-2435,3033,950,24498,-4038,949,-500,7952,-3812,-5114,-812,3335,-3817,-5304
7/29/2024,1850,1947,-2917,1467,852,-2517,1427,1766,-3141,810,2751,-5626,290,4398,2058,955,3478,-1465,1365,4013,-2620,2890,-451,-3248,900,3372,4247,2780,834,-7498,1850,2213,-4956,1467,-1208,-7359,-335,-1521,-6895,990,-1059,-11660,290,4398,675,955,3478,-1274,660,3848,-3212,2890,3588,-958,195,1625,-1286,2780,4752,-1058,3066,-7149,788,-7149,1314,-7149,958,-7149,5323,3468,5833,-2030,4651,-91,-277,-5188,933,2626,-277,-3298
7/30/2024,1961,4686,9593,1316,4923,7996,1274,4023,8271,2351,4637,11217,1785,1426,-6890,2340,5513,2462,2690,8358,-6220,1905,18387,-2132,2645,-2250,-4605,1900,13432,1574,1961,4686,9593,1316,4923,9599,2031,4202,9911,3001,5409,11722,1785,4314,2818,2340,8114,10353,2690,9747,10263,718,14675,18013,2645,6487,4681,1900,16811,19102,5455,16672,5577,17741,4262,18249,7621,15885,-1087,-6880,1427,5602,4085,10621,6547,4096,3078,-4600,6547,4023
7/31/2024,1626,1609,4832,1954,3921,5265,2637,1892,8602,1600,522,11975,3835,6628,6683,3365,7088,14260,6298,9452,30075,5802,3671,3553,5233,5669,341,5677,3335,11736,725,2167,15485,1954,3921,8966,3694,2141,8927,2026,37,10635,3835,9856,22432,3365,7088,17048,6363,9007,32443,5802,3360,38356,5298,7247,33376,5677,3864,41238,2777,9284,3737,2935,4472,12954,1223,7449,1314,8037,4980,8763,6860,26652,12562,10688,2488,-1060,12447,10487
8/1/2024,1415,1435,7665,130,1945,9372,437,2522,8922,975,2845,8441,2070,-2745,-6865,2375,255,-5890,4495,2188,-6523,4100,15416,8665,4525,-1610,-4500,4080,15003,22773,1415,2205,8090,130,1945,10023,-320,3560,8064,1200,960,9692,2070,-2834,-11213,2375,255,-2180,4495,4500,-3163,4100,14211,26302,4525,2820,-9505,4080,16718,26051,5437,6885,5690,9371,7265,9709,6580,8600,-3495,-7398,1302,-1445,140,-2886,17697,-5465,-1230,-1077,17697,-2608
8/2/2024,555,-95,2246,595,-2023,-4114,741,-416,2246,4983,2575,-2214,2895,5368,18721,2555,11105,6441,3020,11637,22475,2130,-765,-5415,2950,4450,-523,2125,6859,-5415,555,-480,1312,595,-2023,-5285,832,28,-8045,4123,-1565,-3800,2895,5368,16459,2555,11899,14409,3020,12276,21784,2130,8485,-3393,2950,11740,15079,2125,5963,-6113,-81,-3600,2254,-2755,2241,-3600,-2311,-2755,6621,10156,5085,13098,8523,9070,10461,-3235,5658,1529,8021,-4965
8/5/2024,1345,-261,1116,1494,104,2888,1861,2009,5638,1295,755,-2275,1310,440,246,2135,-1663,-1133,3330,4617,7286,3565,10762,-4843,3885,2005,113,3395,9102,-3117,1345,600,1116,1494,610,2888,2326,2296,6686,750,260,-1835,1310,-910,716,2135,1462,2093,3330,2867,3389,5259,8932,-13800,2950,2290,1965,3395,10892,-12608,2915,1934,2346,4556,4257,9663,3500,4640,198,3551,710,2044,2427,271,3843,3060,3198,-4215,3793,-557
8/6/2024,700,-332,-13,770,-147,2774,836,-804,3469,985,-825,2505,1205,3472,5185,1335,3672,8711,2375,5290,18971,3623,5425,13335,2250,287,5405,2980,3957,11154,700,-1720,-13,770,-147,2774,1860,-366,3979,1685,665,943,1205,6728,10047,1335,3672,8711,2375,5895,19172,5392,5075,11301,2250,5535,27566,2980,5420,11343,-2813,1104,-1378,8986,3769,840,-1130,2340,905,1520,275,6743,-73,13710,1269,16491,3150,2320,1264,16761
8/7/2024,1950,6253,2134,1445,4015,5700,254,3355,4594,3875,5855,3510,2278,1331,-6027,1868,401,-7387,2295,3607,-5347,5160,9776,-5680,2275,646,3428,5000,7604,-7050,1950,6585,5137,1445,4015,7480,1014,3491,7147,3200,5785,2902,2278,1331,-1336,1868,401,-7362,2295,4580,-3624,5160,8209,60944,2275,4591,-4726,5000,10841,11725,3515,219,1674,1056,1869,2206,5585,6015,-2840,-4583,-2870,-5992,2714,-5877,12790,-6877,-2260,-439,12775,-7427
8/8/2024,1505,3919,-2128,1975,1167,-1112,1857,3023,-3623,1165,2257,-4029,1382,6221,11109,1586,4517,8544,3436,7149,12431,2739,2183,-1752,2745,5310,-1537,2286,2023,3575,1505,2582,-4714,1975,2131,-2165,1590,1875,-5255,775,190,-5992,1382,6221,12582,1586,4517,8544,3436,7149,12431,2291,4032,-15413,2745,6939,8479,2286,2023,-15190,2461,-2806,1130,-3760,2435,-4625,2379,-3971,9329,17657,4812,10611,5719,15725,2137,-2037,7049,127,2137,-1337
8/9/2024,1040,1700,-2266,591,-1874,-3077,316,1594,-3708,615,-2570,-4389,1285,3262,9609,1640,2272,7575,2160,3491,11714,2350,5075,6065,2185,1303,-162,2345,2344,1286,1040,-2785,-9108,591,-1849,-7825,503,-1695,-8135,431,-3680,-11520,1285,3262,9333,1640,2272,9354,2160,3491,12395,1845,4575,15166,2185,2859,7785,2345,5103,14452,-280,-4636,-710,-3054,1057,-2211,-969,-3054,4690,3464,3953,11082,5652,4934,6172,-2048,-35,-1135,6172,-2113
8/12/2024,1285,1174,4843,785,-2512,-3053,3087,4113,2284,1000,2000,-3727,655,4086,-2855,435,5299,11516,2355,10257,12410,3875,-5485,1127,565,2228,895,4050,-4483,-5946,1285,530,2841,785,600,-2670,1420,2879,-1755,-85,-2330,-5780,655,2960,-3542,435,5550,11005,75,7515,14826,3084,10068,26655,565,7903,9408,4440,8015,23649,1957,-6258,81,-4737,-38,-5011,1244,-4737,5089,-1240,11202,8994,14374,13323,-5665,-1377,4403,4165,-5665,-1872
8/13/2024,2095,352,3560,1896,1522,4233,2667,1583,3779,1833,2640,4505,339,-4305,-6950,535,-3955,-5030,950,-4485,-7475,5350,13291,17492,676,-1460,-4690,5315,11770,20373,2095,1597,3236,1896,1522,5455,2038,1787,5975,2095,3952,5975,145,-6290,-19095,635,-886,3911,1405,363,-1788,5445,13845,56854,1060,58,-1130,5315,14076,58586,-682,5915,1352,6242,239,5790,1149,7122,-3985,-4546,-4140,-7345,-6933,-7492,8966,11846,-1213,-5810,8966,13173
8/14/2024,2765,2611,7928,2069,1637,1432,3244,5787,9089,1665,2623,5081,5117,4496,14846,4762,1996,6951,4552,2818,1905,3197,-2667,-4960,4502,632,825,2657,-1565,-3580,2115,2604,2783,2069,1701,3485,2010,5542,5447,2559,4290,5737,5117,5248,15167,4762,1225,6951,4552,1282,8754,-299,-4649,-2820,4502,642,8913,2657,-4820,-6028,7231,7199,5812,8069,1938,8069,2202,7439,4935,18032,920,8958,904,6725,-1685,-5131,2745,3139,-1685,-5301
8/15/2024,4835,7548,2730,3100,7273,5235,2235,6486,4586,2875,8017,5150,3767,-1347,1943,1680,1750,3567,7146,-1585,-3205,6870,3922,-3878,4469,-2095,-4705,9510,4430,1885,4835,8413,4803,3100,7273,5302,3590,7773,5275,3755,9717,8892,3845,4710,1090,1680,3206,9665,7600,10970,11660,9177,2867,23447,6890,10335,11660,9510,3481,26209,4683,-435,4230,1504,3837,283,4195,904,-4025,-6095,-1960,3783,2465,444,3797,-4588,-6560,-5985,3797,-4333
8/16/2024,2326,4953,3956,2400,942,1635,3505,3955,6025,2180,3291,5511,2930,-735,-5221,2200,-2262,-4956,2535,-2324,-3103,3505,-6269,-3925,2200,-5,-4690,3500,-3730,-6161,2326,3101,5859,2400,942,7768,1751,1831,8692,1858,2096,11183,2930,82,-984,2200,-2032,-12135,2535,-3663,-9419,3505,-12932,-38165,2200,-3502,-10379,3500,-15898,-38920,1719,5393,-1064,1372,1181,7669,-332,439,-2898,-6760,-3355,-6749,-3044,-3490,-4767,-5508,-2046,-2775,-4767,-5453
8/19/2024,880,1401,-1384,660,923,-933,-25,525,-1384,1290,1733,-1839,-1560,-4500,-7000,-770,-3806,-7152,-1945,-4457,-7491,2330,9974,18454,-1160,-2717,-3675,2485,8766,22567,880,1748,311,660,923,2364,180,923,2364,1428,2040,3829,-2510,-13375,-26083,-705,-5446,-7524,-1810,-2831,-16982,1949,9498,36223,-1955,-2736,-18042,2485,11412,37705,2058,5821,2001,5049,1461,5821,1433,5049,-4015,-7484,-1299,-266,-3647,-3213,12649,31020,-1794,-1726,12649,33530
8/20/2024,2377,5126,14881,2190,6064,7503,3701,6075,3925,3685,7193,7143,2805,6075,24217,3615,5330,12215,187,6762,10645,827,497,-3570,2022,3580,9402,170,2126,-4829,3145,5363,13871,2190,6064,14606,3711,6396,6906,3905,5216,10654,2805,6075,24426,3615,6440,13091,555,5712,11637,1006,206,-16748,760,4727,10816,170,787,-13087,4086,5830,2706,6436,4133,5556,2068,5675,11261,23338,5797,5234,3899,17521,-5306,-5314,3974,1609,-5306,-6425
8/21/2024,2640,6843,13346,3221,6555,14290,3385,10311,6175,3898,4526,12349,3195,9126,18588,2620,6283,16349,4430,13077,18647,3315,11336,5567,4320,3532,2484,2625,5893,8279,2640,5580,13394,3221,6555,13088,3385,6706,13092,3048,2656,6460,3195,9126,18742,2620,7603,16981,4430,12463,18991,5655,17939,12312,4320,13774,18603,3755,16039,8669,7911,13948,5669,13058,8024,12896,7007,10316,9443,14089,8104,11515,12429,18704,13694,14980,5758,4453,13694,14980
8/22/2024,1920,3187,-4933,677,5353,-2437,171,3351,-1247,720,4614,-976,-195,-3757,-6105,830,1376,2026,1640,2341,-6270,6170,15745,14822,1430,-1129,-3995,6145,10190,20267,1920,4634,-1646,677,5775,1546,360,4610,1029,1715,3523,-771,-195,-849,-12892,830,1376,2026,1640,3710,-3775,5914,16507,40842,1430,1730,-4514,6145,16903,44468,2103,5526,5397,6041,3703,5176,3730,5353,-1202,-7435,2580,2033,4846,-7448,14039,34553,-2016,-5325,13989,32979
8/23/2024,740,-1054,5143,705,-460,2260,1046,-1888,2159,230,70,3666,2020,5002,-1075,2026,3917,-3463,2385,2920,-2598,2487,-3362,-5928,2030,1370,1225,2477,-3644,-6708,740,-397,-349,705,-460,855,1141,-511,-1534,-640,-1437,-4542,2020,5002,-4306,2026,3917,-10356,2385,2920,-5731,2487,-760,-18924,2030,2505,-11049,2477,-2672,-23434,130,4200,1089,6306,780,5738,400,5205,2235,897,850,-735,1699,-616,706,-5432,3943,2757,691,-3655
8/26/2024,3589,5537,-1464,3678,4601,-1066,2836,6313,-2541,1526,5994,-2785,3570,7959,23209,3539,10999,10036,3930,8736,33446,4059,3305,-3049,3610,4653,-70,4059,2622,-5584,2756,5484,-3774,3678,4601,-5794,2937,6388,-5881,1701,4957,-2409,3570,7959,24011,3539,10999,10036,3930,9578,36546,4059,8542,15961,3610,10690,37389,4059,11027,12984,5439,-2744,4041,-101,5570,129,4140,-17,9776,34527,1352,11900,7233,25565,-5356,-5412,3005,6220,-5356,-6877
8/27/2024,989,5831,-993,2636,7159,155,2568,6395,-1438,1058,2873,-826,1895,2288,7527,2285,2726,-2333,3240,3803,4211,3785,5027,-2150,3220,3154,453,4030,2502,-3915,1718,5936,909,2636,7356,2308,2416,7790,-15,1540,4691,4342,1895,2382,12494,2285,4174,-2332,3240,3803,4360,4030,4941,-21757,2670,3373,3453,4030,4449,-23870,10445,2141,9518,717,10246,968,4309,3731,8528,11382,1554,-4787,10768,4918,-1200,-4837,3800,6355,-1200,-6200
8/28/2024,2134,7915,21426,2180,9433,20368,3842,10702,26471,1505,10093,20039,-430,-709,-6810,450,702,9047,1115,7880,-4927,4146,4766,336,920,452,-4475,4126,-289,-369,1790,9238,20394,2180,9561,20867,3925,11369,21925,1850,8701,18244,-430,1539,10149,450,4632,23098,1115,5630,21486,4146,11823,55592,920,4472,18287,4126,13559,54832,8417,21480,9992,22223,10962,18733,6072,21758,6116,-3485,4787,9020,8612,-1378,6071,9665,206,-4140,5791,9665
8/29/2024,1365,776,-17,992,1030,1348,1346,1378,-1411,970,-454,-2332,490,1874,-5667,3078,5030,-6585,2546,5480,-1601,5810,12546,-5853,805,4575,3687,10080,14521,-400,1365,1205,-17,992,1030,1348,1198,1718,-1427,1567,-345,-2899,490,2744,-2278,3078,5030,-7270,1885,5310,-12608,9887,13396,2459,1235,4560,-9646,10080,14521,5461,-994,-4780,-152,-3478,-333,-5778,-740,-3644,-617,-6690,-465,-6363,1747,-7498,4026,4757,3599,2837,3381,-734
8/30/2024,-300,-722,-528,235,1850,837,-817,-134,-1018,-350,1060,889,2031,1427,-918,2515,2062,-2632,1815,4324,3594,1985,7841,4862,2201,5603,1173,1985,1619,8454,-300,-57,543,235,1296,1019,-389,1085,-1267,-380,-163,-2578,2031,-373,-4055,2515,2062,-3433,1815,989,-3097,1985,4258,6251,2201,-116,-4142,1985,8687,8419,-1574,866,1433,3323,354,538,-645,3323,-1820,-7312,-290,-4619,6160,570,-2146,6109,422,1173,-2146,6109
9/2/2024,2000,1559,1047,2190,-110,175,3299,1559,1047,2950,-740,-5,3745,1094,8700,3645,-266,4877,4960,-86,7151,2000,-2956,-1183,4695,669,2275,2925,-821,512,3855,-200,1047,3610,-200,-305,2420,-200,-305,1005,-815,-305,3745,1094,8772,3645,-271,6123,4960,-91,7433,11225,-176,-810,4695,-91,7433,11340,-176,-810,-1519,-6199,-2250,-4690,-1519,-6199,-2060,-4690,3205,2925,-30,586,2030,676,-1595,-1980,2285,4195,-1595,-1980
9/3/2024,1522,3046,5393,1520,3237,5634,975,626,5488,1871,3473,5615,895,-2665,-6680,2195,2730,-6378,3090,3107,-3158,3700,19770,21601,2840,1866,-871,3690,16946,32979,1522,3918,7439,1520,3237,8260,1455,2605,9153,2656,2296,3537,895,-2665,-25350,2195,2730,-997,3090,4285,-2915,3700,19470,53934,2840,5277,-5441,3690,20194,52080,1167,8008,1556,11287,268,8581,2066,9458,-2855,-5625,2881,573,2159,-7416,9146,56656,2007,-271,9136,60471
9/4/2024,840,3293,5918,-18,1344,4245,624,2397,5200,1357,716,4648,2840,8905,7660,2815,5182,-3337,3080,6577,-3377,2995,3292,-5364,3110,3920,4652,2995,4737,-6483,1002,3954,12435,772,1098,13025,47,877,13025,1305,3171,18335,2840,8905,8231,2815,5182,-5274,3080,6805,-3850,2995,4710,-46865,3110,5313,-7157,2995,230,-51034,2605,12406,1845,4900,5808,12406,2580,4900,2125,6275,-1555,-4228,1985,2551,498,-6585,1814,5974,498,-6992
9/5/2024,2660,2975,11864,1907,2330,407,3734,7202,13006,2030,2859,12198,1200,3428,8540,300,-1279,2610,294,1052,6040,1130,-2973,-5215,604,-1420,-1266,1095,-3675,-7390,2660,2609,13809,1907,2330,9413,4008,5485,12968,2840,1570,5088,1200,3428,10888,300,915,2830,50,1154,3435,1046,-1852,-14937,465,-306,4062,1095,-2537,-12475,8455,10678,9735,13187,9941,13806,4958,8628,5125,8913,4112,-495,8260,1837,4629,-4986,2029,3814,3616,-3023
9/6/2024,4024,6489,9434,3329,7154,4785,5118,8809,7054,4809,5513,9901,2576,6199,3293,3715,10246,11395,5030,7604,20705,7427,7695,2298,4257,7417,-4585,7427,6045,6590,4024,6489,6230,3329,7154,6815,5419,8691,8032,4759,4335,4452,2576,7294,13320,3715,10355,11797,5030,10373,20537,6188,12188,34290,4257,10183,17204,7427,12355,36489,1056,4155,-39,6048,3065,4155,200,5012,3735,2646,-102,1638,2543,13945,2975,3807,1223,-4580,2970,1980
9/9/2024,2196,4467,6450,3520,4838,3001,2829,5473,425,2435,1730,-67,1264,6116,23520,1295,1933,7944,1200,5310,24858,1715,-277,186,210,5425,1149,1830,1362,-775,2690,4157,-2883,3520,4838,-2346,3525,3106,-5552,1975,5866,1319,1539,7754,28175,1295,256,11753,2374,6076,20425,1870,-14631,-32474,1584,5231,17914,1830,-14350,-30985,6684,1084,5277,7169,7897,3451,9088,5527,7549,20766,6007,11009,8256,13067,2321,-140,5224,1136,2321,2388
9/10/2024,520,-426,5072,-80,51,6440,-1091,-281,6092,675,256,4516,745,-3253,-5621,-690,-2902,-1733,-1675,-4407,-7046,-1450,-4239,-3997,-1295,-345,3489,-2395,-4488,-3923,520,256,4298,-80,51,5158,-650,294,5673,-54,1526,2251,745,-3253,-4911,-690,-2902,-5000,-1000,-3520,-9950,-4882,-8959,-631,-685,-3200,-6960,-2970,-5845,904,67,4961,1250,7229,-114,7017,1830,7029,-4457,-6287,-3706,-2534,-6077,-5269,-3016,-3857,-862,1357,-3016,5917
9/11/2024,2140,2143,7080,1020,4110,8987,1858,2288,2572,715,2050,4369,-905,-4001,-5230,475,-3655,-6895,-40,-3907,-7484,2525,4345,5844,-1331,-2470,-1213,2195,4659,-5990,2140,3630,6073,1020,4110,6539,1898,2795,2570,2020,4653,6814,-805,-10555,-30281,340,-7070,-18355,380,-9150,-28375,1263,2233,2264,50,-7830,-27610,2195,2880,4642,1960,5416,4977,6181,3513,4904,2070,3742,-3767,-7215,-1175,-7475,-3485,-7080,3459,-6491,-2040,-5980,3329,-6501
9/12/2024,817,272,-3192,1198,1696,-3435,555,2024,-3111,1465,1111,-4299,2575,5126,17829,1945,2160,8818,4305,6928,12879,3115,3326,-1978,3820,-1389,1591,3115,3326,-3453,1390,769,-256,1198,793,-514,870,2089,-152,1615,2736,405,2575,5751,24970,1945,2160,8495,4305,6915,13349,3115,3313,-1534,3820,5785,14375,3115,3326,-275,573,-5209,1620,-5225,660,-5209,960,-5225,9935,18519,7915,4384,8557,15100,49,-3479,-1528,1044,49,-3138
9/13/2024,3639,951,-2704,1975,1146,-3489,1874,501,3459,2585,2938,-2616,2355,9138,13461,3165,7415,2374,2610,9713,9104,2265,97,-5612,3150,1536,5696,1695,27,-6814,2405,96,-768,1975,46,-3489,2160,846,-3549,676,1245,-711,2355,9138,19742,3165,7415,2687,2610,9713,11224,1723,97,5023,3150,9173,14030,1695,97,5164,3338,1968,885,-2032,3762,80,1920,-3076,6282,17499,7884,8555,13218,17178,13740,-6348,6937,156,13740,-5785
9/16/2024,109,2716,2046,150,1301,2046,-417,736,852,460,2238,2051,2395,-901,-1858,825,1524,-3953,3108,6845,-6450,-375,2580,-2408,3058,3250,4297,-250,1154,-2871,230,3738,2046,150,1301,2046,-210,1621,1764,-650,907,343,2395,1063,-3293,825,2576,-2375,3108,5746,1796,-434,11772,-8302,3058,5481,-88,-250,12015,-5604,1930,5756,4008,7225,2648,5644,3823,7225,1376,-2472,604,-5347,2943,-7453,1830,-6878,2618,5326,1830,-5331
9/17/2024,695,2178,2956,910,1019,1225,815,1361,953,85,238,5831,1710,1936,-4952,2725,4841,-974,2940,2735,-3922,1655,2629,-5142,2300,-505,2767,1650,2073,-6683,695,918,5925,910,1019,3041,815,889,2956,-380,-1151,3609,1710,1936,3377,2725,4841,-1228,2940,2404,-6846,1655,6049,-11049,2300,1802,-8454,1650,3736,-13690,1053,2343,1222,2506,1053,2343,237,2802,631,443,1982,-336,74,982,19850,-1240,46,1232,19815,-1650
9/18/2024,1165,1910,8461,1843,4232,14277,653,3349,12502,1520,1460,11538,770,2604,5943,1440,3430,11108,1622,990,8371,1395,845,3882,1624,286,5222,1385,2025,9161,1165,2948,8795,1843,4232,13556,1030,4024,15047,1380,1795,8994,770,2604,11518,1440,3330,11108,1622,890,6361,1395,224,12714,1624,885,8424,1385,696,17544,3617,11140,5115,17552,2736,11605,4095,16112,587,5024,2290,7192,318,3339,7949,8625,-2767,3280,7944,10901
9/19/2024,1055,4307,3366,650,-581,-218,2539,878,10600,470,1045,1920,2105,907,1550,2755,3780,5045,3755,4733,3911,2270,9836,-3334,2730,4806,-31,2220,6035,-3215,1055,1760,4417,650,-590,6134,2678,1490,826,330,-525,3043,2105,3570,5339,2755,3780,5434,3755,3705,974,2220,8406,-22310,2730,3425,628,2220,6789,-22310,199,4682,-2810,-1067,100,790,-941,-2037,6043,-4815,-1784,1305,-151,-3442,-1180,-6140,1433,-2006,-1180,-3499
9/20/2024,2073,5373,9079,3989,6012,1749,3150,2884,7160,3727,4588,10151,4382,12014,21246,4640,6696,17656,4962,11593,10275,3810,-4545,-2594,4716,4734,7350,2685,-885,11529,3710,5603,14890,3989,6109,10410,3335,3359,10410,3577,5675,4939,4890,10712,22506,4640,9541,18381,4640,8301,16699,2768,3756,7913,4755,7481,14466,2135,1635,5868,6781,21053,6044,15196,5870,21053,3551,17357,5655,17699,6076,20277,5115,19078,466,-999,3453,4614,461,-289
9/23/2024,1246,3611,4275,1821,4374,1592,2060,3575,1592,1326,4412,4798,8536,12959,10996,7655,7638,8461,8351,10783,9672,2495,-1285,-5001,8451,2901,2510,3660,235,-4863,1246,3121,2791,1821,4374,1437,2060,3575,1437,785,3301,4368,8536,12954,21008,7655,10078,8356,8351,10868,10214,4008,3666,-21688,8451,8648,10214,4460,260,-21690,-1596,-3903,-2481,-4383,-909,-3903,-3127,-4383,8075,10933,801,2811,11573,4739,-4562,-5972,1939,544,-4562,-6687
9/24/2024,2458,1814,2711,2245,1763,4498,3589,1611,3272,1478,-440,1312,3378,1453,478,1895,4090,-6375,1320,3094,-5689,165,-4321,-5109,642,1298,1657,530,-1465,-4976,2458,-155,1839,2245,1763,4276,3589,638,1548,1438,-55,4004,2145,8575,-196,1025,3170,-12738,1015,5635,-12016,3193,-283,-59465,1365,5045,-10943,495,-4070,-58788,10778,7891,14334,8013,14291,5204,4213,4923,6646,3669,2185,-6060,2878,-4047,-3264,-5473,-947,551,-3264,-6775
9/25/2024,978,1765,938,1737,1464,3763,2252,3986,2549,-31,2990,3477,4681,3839,-1904,3532,195,-6130,6285,5101,-4139,6754,-1415,-2376,4077,1305,-340,6689,-2065,-7107,978,1765,3357,1737,1464,6103,2252,3986,5130,-523,-808,6770,4487,6810,-236,3940,4165,-3229,6285,6316,-4491,6456,73,-36088,6045,6316,-4491,6689,-1855,-38743,3212,6308,4745,6938,4845,8176,4467,4520,4254,-2533,860,-2328,5965,-2472,-5564,-3688,1201,-156,-5564,-4804
9/26/2024,1510,1828,1632,2925,5386,45,2666,3662,-385,1075,3925,3657,2270,3439,-1917,2065,9916,-2644,2970,2871,-6459,770,10129,-3475,1245,175,-4425,735,7226,-3941,1510,4454,3525,2925,5818,3936,2723,4274,2864,1485,2940,7444,2270,2300,-5065,2065,10032,-1886,2970,2315,-7021,770,13553,-14614,2305,591,-9825,735,13243,-16563,862,8614,2450,9222,2477,8876,2869,7700,3480,-4928,6491,1423,5140,-2000,9224,1926,1415,-4415,9938,1244
9/27/2024,2960,4807,6371,3268,4928,6139,3881,5421,6835,2245,3422,7549,1003,6367,1224,3076,6692,10953,3823,11286,5101,5185,17025,4702,2896,6662,-4760,5175,17295,14811,2960,5026,7188,3268,4928,7033,3881,5421,8813,3025,3951,7898,1323,8322,-2277,3076,6692,16666,3953,11031,19234,5185,18280,57455,3092,11387,21127,5175,18805,57852,693,2670,-765,-1662,2923,602,-405,-1662,4177,-4102,14807,23046,15175,4588,14707,-1195,4433,-4115,14707,2603
9/30/2024,995,3396,11458,555,4255,6929,1395,223,8620,815,2483,6765,1810,4627,16000,820,2983,9507,2110,3384,12064,2130,2108,9722,1405,1547,1721,1610,704,5602,995,3396,8440,555,3605,10555,1395,2057,11180,334,1146,6840,1810,6766,19803,820,2983,10186,2110,5546,17639,1045,-2466,6649,1355,6481,18553,790,-2476,6197,2809,6434,995,5701,2073,6288,1080,5567,3713,14041,2597,11834,6174,7738,-974,2087,2090,1820,-979,1942
10/1/2024,4145,5750,4630,3224,5369,3260,2763,2532,8173,4610,4675,2338,2180,4955,11021,3945,6780,8739,3005,3188,9071,1295,-4230,-3003,2733,4610,3469,645,-3528,-1862,4145,5750,2260,3224,5369,2149,2763,2621,4270,4690,4895,6130,2180,5662,14251,3945,6780,8739,3005,3504,9071,1238,-7442,-24433,2790,3350,8485,645,-5255,-23086,3777,3225,2788,3907,2170,3325,2569,2799,489,11005,-869,524,-2001,3243,-6302,-5324,1602,4933,-6302,-6477
10/2/2024,3212,2752,-4410,2055,-419,-3614,1843,-739,-2461,1140,-20,-5403,3370,3629,3774,5540,12956,7736,4071,9023,8650,4293,11985,-2515,4490,2622,-3094,4383,8140,-3872,1575,-419,-8391,2055,-659,-8091,1057,-243,-5437,945,380,-5052,3370,7434,17547,5540,12511,2442,4071,10456,5894,4813,11274,-17127,4490,9698,4288,4546,12070,-14930,447,-4569,1345,-1439,2832,-2277,-1182,-1439,7812,187,10405,11120,5192,-1392,10965,-1067,6754,-1241,10965,-2078
10/3/2024,1520,735,4796,890,2718,3511,3018,1346,4640,470,723,4456,1515,4362,24335,820,3290,9770,1390,713,8303,1716,-1655,-4889,2536,1588,10585,1681,-3152,-2737,1520,668,4796,890,2718,3511,1690,1486,4640,520,752,2285,1515,4362,24601,820,3290,9770,1390,713,4811,2562,-1404,-11294,1450,1867,7994,1771,-4500,-12089,5112,4979,2192,3451,2338,4969,1382,3349,8251,24926,5338,14659,4890,3593,173,5037,6226,5104,173,-2402
10/4/2024,605,4361,6759,1272,4004,4406,1244,4218,46,85,3329,4622,-910,-3173,-3465,-320,-127,-633,-525,-2945,-3146,140,3045,10120,-1230,-674,4965,140,2500,10377,605,4656,6759,1272,4004,4406,1244,4095,4159,205,2660,6570,-910,-3935,-6483,-320,-127,-633,-525,-2945,-8493,140,2678,10377,-1130,-2259,-8493,140,3045,10377,3426,978,2199,-1091,3271,-928,2199,-886,-2414,-1736,554,2924,-1184,-511,6565,11043,-499,2144,6165,11551
10/7/2024,127,-122,-5576,312,-1893,-5864,639,288,-5576,57,585,-4895,1050,-45,-6919,1825,5133,-7444,2385,2561,-7113,4410,12965,13139,1950,627,2812,5885,14446,12516,127,1316,-4724,168,-1829,-4492,639,446,-1582,-125,-1580,-5938,1050,-45,-21480,1825,5133,-14165,2385,3431,-19765,6290,11162,-8169,1950,3176,-20868,5885,11700,-6319,192,-4750,-309,-2719,151,-1605,266,-3653,-163,-7208,5792,-7465,2673,-6560,14965,15871,126,1109,14720,16001
10/8/2024,445,1250,-3878,25,2078,-2129,790,2138,-618,315,1401,-3105,-394,-3718,-6996,-330,-2764,-6944,76,896,-6322,1607,3722,5274,-1191,-274,-3273,1768,6624,8782,445,2863,-1868,25,2453,-1703,285,1298,-1058,240,-545,295,-394,-4631,-14283,-330,-2321,-4011,76,1353,-5552,1030,4620,23614,-219,1163,-6703,1768,6857,23614,3060,-297,2809,-416,1024,37,2281,-241,-4317,-7483,-999,-3278,1351,-85,7566,12332,-1482,-5830,6741,17121
10/9/2024,970,-1842,-862,-60,506,-1143,452,-2456,-1582,345,-145,-593,-365,-4200,-6235,810,-3540,-4470,60,-4392,-6465,1505,8138,15885,754,-2255,-4700,1535,7122,19782,970,41,733,-60,506,31,872,-1761,950,5,-21,237,-195,-5929,-14768,810,-3515,-5121,60,-4360,-6767,572,8161,50279,754,-5315,-5602,1535,7763,53181,-1147,1778,501,2011,-2404,1233,896,2556,-4382,-6578,-645,-3043,-1081,-5522,9965,16991,-1519,-5375,9590,16470
10/10/2024,1803,1331,2710,2220,337,-117,2490,2295,3447,2988,3322,-3217,3160,7259,-4101,3070,6720,-5581,4010,6535,-3812,4551,7325,-4539,1974,5687,-3737,4526,5231,-6028,2553,290,1469,2220,545,-2079,2490,2445,-2229,2110,2698,-1749,3160,14761,848,3070,10004,-13908,4010,12511,-11159,4549,5073,-49441,3170,11721,-14496,4526,4204,-54893,3678,1210,1165,-2698,3233,1210,1165,-2698,10485,-6306,5140,-1051,11480,-150,4740,-4606,1399,-2769,4620,-6191
10/11/2024,3745,3369,2591,2916,4867,4941,3002,3616,2591,2415,2692,5979,2407,6361,24551,4401,5679,15047,3546,17641,19308,1932,4086,-5950,3765,4042,3276,1932,5499,-6547,3745,3928,8058,2916,5060,6441,2716,5060,6441,3060,6445,5868,2407,6534,27178,4401,5841,30722,2894,17697,30679,1932,16780,44842,3232,10610,31477,1932,16937,45042,1504,-4414,2114,-4285,1586,-4414,2281,-4285,6741,17178,9314,7936,14667,8193,7678,-6815,1373,3269,7678,-7005
10/14/2024,223,4232,1479,518,3848,1505,124,4294,4101,303,4228,-1444,3356,8709,18440,3227,11003,10998,4080,16602,23841,3387,33028,-1417,5370,2966,494,4427,24396,-389,223,4232,9066,518,3848,9951,-552,4509,9951,338,702,8724,3356,8651,27732,3227,11003,28410,4080,16602,34287,4257,41348,94729,5370,16117,36146,4427,41702,96141,4459,11052,7090,4901,5081,6822,3114,4901,8382,18238,11045,24527,15592,26916,17699,-1371,6336,1548,17699,2201
10/15/2024,1300,4181,7053,1920,4703,8867,2476,4784,10100,920,2587,8417,430,-2456,-6723,340,715,-1817,2455,1360,-438,3255,9522,5235,1270,320,-3543,4435,5606,330,1300,4181,8002,1920,4703,9790,2476,4970,11095,980,1735,7320,430,-2185,-20178,340,856,-2661,2455,1720,-8666,3255,12383,44316,1270,1041,-7847,4435,12199,44407,5264,19035,5479,20102,4745,18711,5715,19152,-4073,-5416,1453,8419,-446,11441,5804,35225,991,-5145,5789,41352
10/16/2024,2750,5255,-1951,2810,3305,-1980,2940,3739,-1951,2160,4530,-2077,915,-3239,-6059,630,-3302,-6390,-324,-4295,-6198,1711,-1729,-5171,2616,-2005,-3154,1661,1183,-6412,2750,5173,2506,2810,3940,4104,2940,3940,4104,1058,5376,6986,980,-4477,-8512,630,-4981,-10240,1891,-6759,-14193,1661,-5099,-23787,2681,-4234,-13273,1661,-5099,-28841,3329,-5363,-492,1359,2304,-5363,417,1359,-4070,-6780,-222,-5645,-6955,-6800,-6135,-6865,-6955,-5925,-6135,-7045
10/17/2024,1600,1688,-1934,1115,1609,1903,757,1579,-1850,1120,1430,-1215,855,1335,-145,670,672,2808,1450,3666,5082,1193,3912,8510,1275,1344,3482,1193,1849,8662,1600,1955,-738,1115,1609,226,757,1731,1493,755,-1086,-648,855,1335,248,670,775,3315,1450,3666,8009,1193,5868,21829,1275,2234,7819,1193,6120,23030,4086,7137,2982,3009,2939,7137,3791,3009,-834,-1654,-1235,2185,-458,7349,5674,14361,-521,6796,5674,10541
10/18/2024,9502,1405,1097,6632,6877,3037,7378,8335,1650,8896,1205,2884,2833,6917,12782,2417,11048,7510,3032,10210,5937,4110,-296,-1564,2002,6309,11189,3320,1587,-3118,8783,1171,1948,6632,6877,3653,7378,8261,1918,8813,2522,9610,2833,6917,19518,2417,11048,9715,3032,10210,18901,1676,2536,-21010,2002,10210,12688,1665,3326,-20919,2556,-4734,847,-4698,3313,-4734,799,-5303,19611,11096,13597,3734,16828,2821,9980,-2617,12294,3499,9980,-2500
10/21/2024,454,441,-2663,698,-825,-3216,158,-360,-2512,-30,92,-264,1540,7969,2607,1377,7588,11907,1581,13458,19084,1145,11879,6152,1877,7960,8724,1235,10169,7501,454,387,-4672,698,-825,-3216,158,-2317,-6073,-35,-804,-6713,1540,7969,5545,1377,7588,14146,2077,13771,24067,4104,18565,47858,1877,13708,24435,1350,18349,49779,910,-2112,1936,-2301,-485,-2157,1327,-2256,3815,3429,5746,10113,8892,14883,8552,8777,5313,1636,7682,5310
10/22/2024,155,-633,-2388,-125,-1277,-3222,-193,-1813,-2388,270,-399,-4548,230,7902,-3083,1720,4195,-4968,680,11623,-431,1600,8754,-3495,135,2816,-2308,1545,6115,-1897,245,-1382,-5161,-125,-1277,-8666,-193,-2403,-8666,-1495,-3143,-3196,230,7404,4456,1720,4195,-2107,680,11623,10532,1619,12581,12334,345,11208,10657,1545,12729,13366,-1718,-233,-224,-3216,-1075,-233,-995,-3216,954,-5436,649,-5573,7355,-3880,16398,-1884,-988,-5810,16398,-6535
10/23/2024,145,583,292,-1010,-2850,-2178,-1843,861,-3439,-485,572,-1930,330,-4450,-6090,1115,-807,-3549,1430,-1882,-6042,3452,1957,6193,1355,-1096,-4485,4230,3037,6651,145,922,-5040,-1010,-2850,-3690,968,-2755,-1736,-785,-2858,-8089,330,-4160,-16392,1115,-807,-6649,1430,-1412,-9307,3452,1668,11587,1355,-2857,-8877,4230,3037,10624,-1467,-1007,-618,3042,-2797,-1007,-593,3042,-2125,-7005,3870,-2834,2621,-6430,1426,15574,2673,-4145,1426,15574
10/24/2024,847,5537,1814,-341,3328,1963,-1233,5213,-17,-205,1408,2975,1730,-390,4896,2715,7962,6169,1530,-1242,16774,2900,14320,2381,1935,1813,1509,2895,13466,586,246,5254,2713,-341,4239,2547,-1233,5757,1377,1224,1147,613,1730,-390,12131,2715,7962,6979,1530,-1242,17192,2900,16803,497,1935,-928,19353,2895,16803,3507,1680,2096,2765,2504,2735,-5499,2693,2504,3414,1317,4373,-2975,2146,-1591,553,455,2762,-409,553,-1067
10/25/2024,1950,-244,-5635,620,-1215,-5915,460,-2691,-5655,-100,-2632,-6965,980,1673,-4852,350,1121,-7176,1770,1584,-2933,2510,-6452,-5982,1340,1088,861,2390,-2453,-6957,715,-207,-6138,620,-1181,-6895,460,-2350,-6347,-890,-2342,-8747,980,-1345,-11978,350,315,-12514,1770,-815,-7659,1692,2618,-17406,1340,-351,-2736,2390,-558,-16962,-187,-5226,515,-506,777,-1720,-1340,-332,4,-6769,1887,-7192,3895,11586,-6380,-6677,1287,928,-6380,-7277
10/28/2024,386,-2846,-100,964,-2210,-2573,-815,-2017,-2383,632,-2765,-2440,1015,-4433,-6880,1170,-2099,-3057,2266,-1269,-1706,2695,15246,17995,1471,-667,-4220,2695,11862,19293,386,-2515,-2758,964,-2210,-5215,-815,-2935,-4830,-1110,-3900,-5470,1015,-5785,-20011,1170,-2099,-5794,2266,-1269,-6620,2695,15327,58873,1471,-1418,-7774,2695,16911,58873,-327,362,-551,-580,-282,362,-551,-580,-3415,-5852,1412,804,299,1729,14247,18090,-1095,-4545,14247,23070
10/29/2024,-1089,433,359,1540,826,39,-33,1235,3632,2075,986,-345,1975,-4081,-4940,1790,-2890,-7385,1225,-4475,-6595,5145,20195,5170,2770,-2995,-4870,5145,19556,19513,1545,891,102,1540,826,2006,1559,1875,3638,1175,-974,-2477,2180,-11530,-24280,1790,-1995,-410,1895,-7505,-1761,3477,19427,60577,3120,-7405,-140,5145,21117,63273,-1443,1926,-72,557,142,1421,-12,1894,-3875,-7350,-4500,-7445,-6923,-6210,17660,21563,-6740,-5805,17660,30019
10/30/2024,665,-324,-2119,819,-1470,-516,745,251,-864,175,-1090,-2446,-15,-4352,-6997,1060,-373,-2835,995,-2479,-4492,4240,12277,20894,735,-1744,836,4735,10222,24418,665,-1214,-461,819,-1470,-207,745,-887,738,-85,-2305,-4615,-15,-6688,-16920,1060,375,-1434,995,-1673,-2025,4860,11258,39520,735,-2353,-4040,4735,12529,38982,952,1562,-1563,1541,424,1562,-604,1541,-2903,-4396,212,-2760,-2208,1393,13260,37350,-36,2352,12295,37350
10/31/2024,-140,-349,13419,515,2394,17014,659,3452,12081,205,351,14167,1826,6399,12362,1640,9261,23297,2232,16460,30112,1745,-2869,-4758,2356,2029,4064,1740,-4489,-5190,90,1519,14067,515,2394,18433,970,3612,14758,-1910,-725,6315,400,8636,27868,1640,9261,24099,2518,16384,30612,1745,-5539,10313,2248,17275,30384,1740,-2259,10917,5857,166,5023,3896,5194,6319,5318,3921,11491,21340,8781,23007,15653,34149,8459,1187,12169,3168,8634,1295
11/1/2024,1960,5289,-5046,2610,3951,-785,4214,5069,-5205,2050,3862,-1920,3155,6559,7103,3320,7781,11744,3311,8296,306,3081,9180,2989,3316,4716,4480,3076,8715,5447,1960,4138,-3300,2610,3951,-4898,2113,3711,-4898,775,1061,-289,3155,6646,5659,3320,7781,7887,3311,8451,7702,3081,15596,7957,3316,7296,6337,3076,15560,9226,-536,-4604,-697,-3092,-1024,-4165,-2,-3092,3159,5346,1742,2967,2243,5967,1572,-4489,-1144,4998,1327,-4308
11/4/2024,3515,4728,3986,4189,5875,5851,3871,3123,4597,3747,5249,6935,3100,4256,8374,1897,1328,6574,1929,3239,6818,3605,6328,4230,3561,4298,3679,3600,5618,9192,2997,6219,3371,4189,5875,4273,3871,4863,1179,3272,5805,3360,3100,5231,11228,1897,3299,9040,3375,5725,7128,3605,7673,5228,3020,4930,5311,3600,3830,1303,7246,10252,7868,10645,7846,9224,5156,11377,594,1093,534,9491,-1265,9261,1458,29181,1687,2583,1458,33187
11/5/2024,4590,7211,2365,4055,6052,3695,5229,7796,1336,4255,4998,2742,1200,11245,-3704,1093,8655,2399,2650,15079,-2690,4223,11092,-3488,-135,1508,91,3883,10169,-3539,4590,4849,2500,4055,6052,5198,5229,7796,2918,4188,6037,9445,1200,12063,5231,1093,8655,3453,2650,15030,1118,3055,14002,-8209,2010,14815,-3453,3588,13252,-4087,5604,714,6350,3077,7903,69,4287,1578,10236,3079,10717,8794,16446,6806,13091,-3225,1134,-353,13091,-5592
11/6/2024,1055,-744,4509,1065,255,-457,961,-969,4509,1375,-973,5050,1560,-4077,-5846,1430,-3249,7,3513,-1991,265,3220,22108,26326,2868,-383,-1388,3195,21103,37179,1055,335,5423,1065,255,6150,1285,260,6150,1490,1709,4424,1560,-4207,-7866,1430,516,-2709,3513,2999,-248,3220,22842,55956,3168,3696,2423,3195,22502,58386,-64,6890,-138,5012,562,6890,-1103,5012,-3472,-6585,-373,1242,7281,4259,19348,37955,-950,1154,19448,39976
11/7/2024,1550,-32,583,1128,-1142,-794,533,-1277,583,628,-2257,-738,3700,-1544,8716,2055,2710,12480,5420,4239,14188,1970,10137,9030,5275,-2795,-1576,1970,12241,9632,1550,-32,583,1128,-1142,-738,533,-2332,-738,498,28,-2278,3700,2709,4728,2055,2710,12775,5420,5700,19600,1217,12196,71156,5275,5636,22370,1970,13675,75930,-1798,-4765,-924,-1314,-598,-4765,-2809,-1314,-406,5138,815,9959,3337,10893,10640,17845,-230,-2564,10975,13914
11/8/2024,2289,1094,1369,2387,-496,457,2359,-926,1369,260,1862,1025,4364,4153,5417,3164,5879,14274,5709,4515,13417,2757,258,-2571,5047,1114,-1374,2847,-2408,-4846,700,849,3942,2387,-709,3942,2359,-2668,3942,659,-1472,6427,4543,14491,18840,3164,9577,20877,6183,15966,30766,2797,3551,39261,5399,16856,30495,2797,4059,39050,12213,1878,9260,1878,8045,1878,7496,1878,-2060,-5595,-1160,11032,2417,16798,-1916,-3557,-5895,-5795,-1916,-264
11/11/2024,2390,6645,6167,2275,5232,10822,4011,6865,14422,1940,4735,10863,2786,5700,3881,3350,2162,7050,2831,11015,21333,2317,10578,-330,2760,4624,2321,2312,434,-4219,2390,6693,10837,2275,5232,13455,4011,7363,16956,2348,6430,9550,2786,6065,9244,3350,2162,7530,2831,11509,17464,2317,8157,37620,2760,11355,18126,2312,8582,37620,7307,8470,8419,8470,7048,8470,6533,7875,5243,-1542,1793,1771,10591,9704,3546,-5447,4992,5010,3546,-6628
11/12/2024,835,-746,4581,1419,-47,2579,2371,7,4400,150,-817,6474,4731,8905,6814,3515,3046,7069,3570,6002,6354,4690,-993,-3996,4736,7,-245,4225,-380,-2378,835,364,8868,1419,-47,10367,2371,-284,11680,-125,4298,3135,4175,9448,11830,3515,2449,4558,3570,7610,9859,5349,4056,13460,4180,7610,8735,4225,-434,11600,6278,3438,6613,2977,6198,2594,6109,2977,588,6270,-1659,-901,5815,1118,-5105,-5095,-28,-2990,-5110,-5795
11/13/2024,2235,3392,4074,3870,4941,4262,2948,4068,2858,1390,4419,9051,490,4000,4464,610,1280,-4675,1352,230,-783,920,-1306,-5635,1140,770,6150,1350,405,-4939,2235,3574,9193,3870,4941,8665,2948,4466,8665,2229,4290,9249,490,6035,12489,610,2945,-3709,1500,2455,-6639,4387,-868,-53139,1175,1590,-6986,1540,-7210,-55326,2844,6518,1299,5816,572,7284,2144,6844,596,-329,-3226,-5862,-4912,-2847,-4180,-5109,1223,5286,-4180,-7048
11/14/2024,1250,1466,-84,1125,1736,-2064,88,1063,-4288,430,2106,-6032,1195,-1424,-5254,2320,3214,1655,2547,2330,-3473,1948,12723,24804,2237,1305,1643,1898,12202,24354,1250,2170,-5995,1375,2098,-4375,88,1306,-3275,-285,-2440,-10851,1195,-1134,-14265,2320,3214,1864,2547,4200,-2923,1948,12619,34200,2237,3623,-4275,1898,12713,33362,768,-1635,-60,-1763,668,-1307,-1201,-3326,1627,-5820,2460,6084,1605,460,7467,32872,1641,2864,7462,34028
11/15/2024,-75,3051,8215,973,4584,9011,1456,2447,7036,440,3841,9120,350,1381,-6340,-660,637,-4553,1807,1951,759,4842,7149,-5729,365,736,-1069,3497,5437,-5543,-75,5568,8376,973,4584,9630,618,4052,9328,780,3771,4490,350,-1235,-6212,-120,637,-7090,1807,2253,-3336,3502,4767,10831,365,3348,-2511,3497,6442,13141,3564,3441,2488,3581,3924,3441,1378,2938,1612,-7200,783,-5580,-1503,1639,-4292,-4468,-2089,-1186,-4292,-3720
11/18/2024,1565,-1123,-5045,2105,-2763,-4183,2228,435,-4300,990,19,-5672,3834,7476,-2147,1821,1540,-6025,3195,6271,-6096,2491,-755,-171,2839,-2,990,3206,215,-1403,1565,-2828,-7947,2105,-3878,-11980,250,-3600,-10356,-1440,-4581,-9130,2976,3389,-10194,2243,2156,-18390,2626,910,-17175,4278,192,-46812,2536,780,-23445,3206,-6600,-50015,-1614,-5959,-961,-2843,-1650,-5437,-90,-2843,8806,-1559,-885,-3319,5717,-462,-1460,-3025,3146,1747,-2370,-5387
11/19/2024,2020,1057,256,2214,-412,540,1125,-1596,-615,1710,-850,-371,295,-4250,2705,1330,-3100,-4017,605,-4500,-7499,1893,8043,5923,860,-2245,-4690,1893,8709,5741,2020,1153,-642,2214,-412,847,1286,-869,791,1375,1489,-2900,295,-3295,-3900,1330,-545,4176,605,2395,6689,1893,6583,26995,860,2395,7144,1893,8873,31929,-1520,4491,-1490,4849,-3551,4537,180,5121,-4480,-7400,1832,5498,2930,-7348,6487,7353,-3160,-5665,6487,5371
11/20/2024,-678,-1381,3115,170,-450,3419,-381,-263,5931,-420,-1205,2060,195,374,4895,1095,-2619,10493,-755,4535,-4514,-965,6302,-4108,-70,-1881,-155,-985,-925,1492,-295,-1850,-1080,170,-105,-335,-1055,94,2987,-970,-1110,-2265,195,565,6891,1095,-1418,10265,-755,-449,-6601,413,-4947,-15903,-70,-1244,3555,-985,6297,-9979,-2827,763,-1052,1961,-2232,1703,-2435,1921,8132,763,-2345,-2560,-2229,-3197,-2344,-1780,-2792,81,-2354,-7434
11/21/2024,1665,2209,-4162,1715,3182,-4815,1677,1934,-2619,1845,2022,-3502,2640,3456,1606,2585,6980,231,4163,4428,-5533,7175,-4171,-5975,4235,-281,-1038,7175,-4460,-6555,1665,3003,-5032,1715,3157,-4360,1915,3182,-4266,3120,4655,-332,2640,3835,3853,2585,7525,-1159,4163,5430,4393,7175,18580,-12500,4235,4873,8237,7175,17930,-10933,1703,-3369,3233,-2155,3388,-4079,3313,-2155,6615,-2927,7124,-2236,5787,-7091,-2085,-7000,-644,-1694,-2085,-7330
11/22/2024,2080,861,-3629,1161,-2796,-4190,1548,-443,-3629,1375,-152,-4506,1595,7287,10924,345,4539,5316,1595,9766,15285,1565,3228,2293,3236,5157,2790,642,2429,2713,2120,695,-4798,1706,-1634,-5790,1577,-1637,-5790,1184,862,-59,1595,10959,23110,685,5502,17986,1986,10149,27323,1188,3133,38659,2391,10294,30153,867,4471,40360,1669,3725,2092,1190,1891,-3087,477,385,10041,14449,7116,9648,11160,12372,6200,5310,8720,4568,6200,6583
11/25/2024,-585,-2881,-4528,-1425,-3970,-5020,-2015,-2250,-4351,-585,-2670,-5758,990,1094,-5898,2182,1084,-2347,1792,-1625,-2180,2835,-5723,-5556,1742,1311,-5650,2835,-3506,-5726,-585,-4860,-13450,-2015,-5055,-12427,-2015,-6597,-11702,-2495,-5900,-12415,990,1197,1963,2182,2094,-2773,2995,-960,2179,2835,-6352,-11962,2950,-2405,2433,2835,-2761,-10537,-268,-4029,-2945,-5020,-134,-3500,-2885,-4230,3766,5000,1904,117,6597,2503,-6082,-5600,719,-1895,-6082,-5633
11/26/2024,460,-294,1817,760,201,-837,435,1853,-819,-25,-1585,2267,1493,4589,8854,1833,1499,3226,1873,8449,7252,570,2090,485,1060,4338,4182,520,2515,-485,460,-162,2082,760,201,-165,435,1853,-165,-15,-1000,4039,1493,4589,10030,1833,1993,9818,1873,7486,24406,520,-559,14116,1010,7112,24376,520,-559,15052,-1218,2774,105,1378,-276,1123,156,1378,2026,3726,-1475,1895,3875,3925,-525,3782,1760,154,-525,3782
11/27/2024,1773,540,2633,1870,-154,3995,1522,336,307,963,981,4942,2417,-373,-1983,2528,-1250,-7465,3498,1711,-5574,1900,-6465,-461,3686,20,-191,2005,-4265,-6048,1773,276,4365,1870,-154,4997,1522,336,1775,1938,978,6623,2692,5101,770,2556,1465,-4450,1360,4842,336,3987,-1866,-21360,1435,5384,-2974,2005,-2257,-26193,-1590,498,-1610,393,-1590,498,-1090,3807,-3428,-6192,-3455,-4886,-702,-4957,-5567,-4801,-1090,-186,-5567,-5612
11/28/2024,2730,4680,6405,3730,6165,6405,4000,6040,6405,2510,4915,7305,1515,5180,7575,3500,9620,11455,5715,16945,14742,3910,7295,3720,4275,765,3123,6080,4725,4390,2730,4680,6695,3730,5130,6695,4180,4730,6695,1610,3695,6695,1585,8680,14563,4605,9425,11095,5230,16880,16355,7540,8625,7835,4070,16880,16355,7540,8625,7835,765,-915,765,-915,765,-915,1800,-915,625,-1100,4320,1915,3025,658,5850,1105,-780,-2180,5850,1105
11/29/2024,2037,5390,5333,3480,5315,5333,4340,5315,5333,2405,4425,5494,2095,3015,1210,3510,4855,7124,3605,6422,15067,5065,16518,1074,1154,2415,2708,5065,14378,734,2600,5390,5494,3480,5315,5494,4340,5315,5494,2345,2401,6530,2095,6525,11605,3510,6565,7124,3605,13950,14797,3937,20028,17114,2630,13125,16937,5065,20783,19815,4825,2780,4825,3070,4825,2780,4690,3070,-1145,-1410,3305,1635,10495,1723,19297,2929,-2760,2680,19297,1749
12/2/2024,730,2363,3171,320,3511,1166,2486,4539,3111,265,933,1213,3320,4879,4045,4635,1813,1094,4735,6242,6168,4485,418,-3396,4262,-390,-379,4435,1713,-5863,730,933,1213,320,3511,1095,770,2412,1205,1815,5,-565,3320,4751,10968,4635,1767,7308,4735,3806,9172,5207,-6182,8610,4262,3051,9863,4435,-4816,8610,-1222,-995,-1220,1616,753,945,-2062,864,4375,-3067,-2851,785,5408,3034,-1740,-4212,227,-5105,-1740,-4660
12/3/2024,-505,-1175,27,-620,-1185,240,-635,-1176,50,-535,-470,54,1235,-3530,-1649,1006,-1948,-7210,315,-3804,-4000,676,5830,7284,1071,295,-2035,676,6798,9825,-505,-1175,324,-620,-1185,324,-635,-1176,134,-570,-1340,-694,1235,-9985,-15576,1006,-6250,-6933,315,-6675,-4026,-153,3608,38969,1071,-7025,-4718,676,6001,38969,1480,1036,1268,3041,450,1036,1480,3041,-4315,-6875,-2475,-1085,-2348,-1348,8265,140,-4587,1128,8265,-1056
12/4/2024,-25,-3507,-5848,-1610,-3180,-5734,-2335,-4152,-5848,-705,-2545,-5538,-1587,-4118,-7000,-855,390,-7063,-1942,-4287,-7455,525,4088,10157,-1468,-842,-1711,600,3148,11804,-25,-3170,-5177,-1495,-3180,-5100,-2235,-4440,-5100,225,581,-8447,-1250,-2782,-20010,-855,918,-8507,-650,-1620,-19621,-1084,2021,28253,-775,-1620,-16812,565,6203,29565,-4249,-3314,-2935,-2395,-4490,-3314,-3500,-2360,-3865,-7439,-1733,-3218,-3479,-7387,5132,12759,-4920,-1035,5132,13282
12/5/2024,0,-2892,-2086,435,-2265,-3563,496,-2716,-2521,-70,-2355,-4093,710,-2184,-6885,1093,-1650,-5630,-25,-2331,-7487,2325,4048,2342,-19,-1926,-1900,3588,4800,-4102,125,-2685,-5305,435,-2265,-5675,680,-2300,-5440,-365,-1870,-2745,1025,-2674,-13045,1268,-2914,-11383,840,-2674,-15693,-71,5020,-4686,60,-2674,-15693,315,5105,-4165,-2180,-2735,-2202,-64,-1787,-2735,-1156,-64,-3505,-7176,-2566,-3702,-2863,-4648,3992,8738,-1404,2941,3992,9908
12/6/2024,1276,1510,2814,440,-756,3405,-514,-519,2880,836,1103,3176,3200,4719,5700,2025,6462,6777,2640,9837,11434,4255,6722,5225,2063,495,2841,4030,6520,2443,1276,2118,3109,440,-391,3984,-514,-149,3517,921,2469,3267,3200,7555,10401,2025,6710,9626,2640,10955,17856,3884,4657,57630,2625,10880,18151,4900,7736,57630,-1522,-2302,-1470,-1886,-1946,-3224,-1350,-1295,1742,2385,5219,4810,6040,6264,7051,5416,-2592,1101,7051,5693
12/9/2024,846,154,807,-32,-1898,574,-1100,-1033,4152,956,751,-26,-1110,-618,-6099,-1050,2970,-1978,190,3276,-3632,290,-1320,2255,-1050,561,4393,285,-963,1531,846,796,3149,-32,-1898,804,-881,-286,2824,161,-1670,-2190,-1110,3605,-2449,-653,3330,5246,482,5216,2404,0,-2102,29938,-502,5026,4044,285,-742,31173,1503,1999,979,2187,1374,1621,220,2187,2479,-437,3406,4003,8982,14320,2423,210,3867,4644,2423,1332
12/10/2024,1335,-2172,-284,610,-1808,1345,-1,-856,1379,-175,7,1062,-1490,-3438,-6955,-1175,-3537,-7500,-1631,-4175,-7487,3353,-4339,-5637,-1381,-2605,-4460,3992,-4380,-5551,1335,-228,792,610,-1256,2307,490,217,3304,-465,-3088,-4078,-1490,-2950,-22572,-1035,-4320,-15010,-2000,-1139,-21543,1678,874,5227,-2295,-1039,-21115,1662,2370,7538,165,5303,1698,4090,-46,5303,1326,1530,-4463,-7474,-3000,-7424,-154,-6699,5285,-5624,-1937,-4340,5380,-3212
12/11/2024,2360,3780,4781,5020,5189,5423,5808,5086,3329,2625,4784,6372,2455,-547,-4119,3000,3515,6306,8086,3877,-183,3480,19050,-1879,5756,-128,-4685,5360,16207,-1639,2360,4569,5856,5020,5189,6120,5702,4873,6468,2360,6038,7326,2455,5605,2901,3000,6035,9561,8086,15535,11261,6264,20223,37190,5756,14796,11261,5360,20340,37164,3004,-1439,3560,-873,3586,-1451,4120,-663,-4030,-4782,-2117,74,728,-3468,3374,-2301,-1764,-5915,3374,-3815
12/12/2024,2110,69,-3611,2180,-1330,-3180,1345,-172,-746,1865,-213,-5914,491,-3150,-3401,675,-3760,-5656,1910,-2321,-3672,3579,289,190,1301,4156,5565,4534,5438,-1505,2110,-1,-2423,2180,177,-1174,1345,-1013,-363,1395,-2265,-1857,491,-905,-675,675,-4905,-5932,1910,-464,-1765,5179,8303,4081,1301,-377,-1765,5179,5337,4471,4631,-909,1745,-6720,4352,-909,2055,-6720,-2813,-3072,-101,-4593,1963,247,4760,11517,3464,3709,4760,11517
12/13/2024,2145,1916,950,800,-1836,989,1538,1471,-1511,2619,-1579,1208,-1346,-2018,-5324,-1060,-3810,-7440,1571,-108,-6842,2170,-3683,-5805,-725,2014,-2156,2170,-3421,-7430,2145,-886,3737,800,-1836,-1666,435,-969,-817,1970,-874,-1888,90,-30,-3567,-1420,-7830,-19080,615,-4884,-14847,2170,-2223,-56239,1790,-4735,-20393,2170,-4487,-61975,2083,2644,-102,2776,946,1388,-276,1901,-3431,-5553,-4295,-7499,-6900,-7070,-6350,-6985,-198,-1793,-6350,-7220
12/16/2024,1745,3377,7935,1414,1538,8009,382,1302,7025,1449,2590,5223,-635,-3835,-6425,1136,-3820,-3169,5075,-4465,-7443,7594,3525,1831,1330,-2660,-2056,7519,5840,-5931,1745,1866,3588,1414,1538,5614,535,335,5779,1644,2275,2296,266,-7220,-4647,1136,-4115,1326,5218,-3575,1600,7594,1587,4542,3938,-4715,850,7519,1688,4542,2461,308,1424,3035,949,1069,2274,560,-4290,-6555,579,-1099,-3221,-7365,3205,-131,-2134,-2176,3205,-4679
12/17/2024,1472,3272,7219,565,4238,2566,1965,3083,5676,1107,2676,7954,2175,6975,12663,3870,696,0,2630,2814,7187,4203,2349,-1640,2280,2332,2394,4308,1827,-1998,1507,3268,8055,728,4238,4540,1030,3079,4540,1892,3475,4571,2175,8512,20843,3870,1494,10349,2630,3594,7531,4313,6783,-25414,2280,3260,8576,4308,5121,-19589,3652,3620,988,3796,3168,4398,1300,2360,7893,10283,3420,6253,9357,10391,-2317,-4436,7752,3047,-2317,-4826
12/18/2024,2020,5225,-5197,1140,1791,-5411,-9,-3730,-5857,1700,3199,-6334,725,-1510,-5147,1476,2768,-6420,1940,4607,-5514,7305,17496,24125,1695,3103,537,7703,14648,23476,2090,3080,-1570,1140,2235,-919,345,-925,-1374,720,295,-3305,725,-1510,-13269,1476,3033,300,1893,4458,-3097,7993,17204,44472,1838,4488,-1175,7703,17124,41656,2325,4648,1235,1876,36,3683,2610,745,-3507,-6188,470,-6032,980,-6217,13835,25347,-894,-4585,13625,22547
12/19/2024,2144,1528,357,962,4622,1061,1653,4490,-318,800,2657,-90,75,3936,5002,1517,4054,7834,790,5142,7084,4160,7573,4747,560,3912,-1326,3990,6718,6859,1415,2627,-4861,962,4766,-2616,1734,4819,-1396,1680,885,-582,75,10865,2945,1517,4054,7311,1932,5695,2868,3770,5523,14489,1702,4494,6363,3990,6718,16477,2340,1402,4012,989,4000,1627,5502,342,3537,162,3370,-1094,4491,10169,2302,11934,1306,-3990,2287,13126
12/20/2024,903,2068,12811,1197,3378,4284,2066,4518,305,1472,3969,15184,1584,7390,-3554,2010,6010,863,3020,8271,2523,920,4764,15047,2740,4160,-260,330,4754,8231,997,4319,6417,1197,3378,4570,351,3969,6501,1507,3571,15119,1830,4258,-2232,2010,6010,7740,3020,6900,9834,2335,4583,12278,2740,6010,12880,330,4754,12269,-28,12737,10384,11408,3578,2956,3001,16044,-969,-6055,5612,2984,3118,2213,5865,25807,-642,-2495,5855,27857
12/23/2024,2031,3498,7800,1291,6099,8230,266,1277,10269,1125,6738,7215,2340,5608,-1509,1885,-346,-1670,2962,9868,-4061,2952,2696,-5013,507,75,-1384,3881,6007,-2157,2031,5397,7800,1291,6099,8230,1136,3792,6269,1805,6110,3560,2340,13028,15476,1885,6064,6483,3395,12198,13027,3082,11496,23766,2420,12024,13772,3881,8663,25994,3093,7607,3700,7089,3123,7389,3005,7089,1995,-1041,3996,5966,4317,3795,-3494,3015,-2577,-1407,-3494,5180
12/24/2024,1380,706,1690,1485,1756,4230,1271,-221,1764,1345,1787,4648,1185,-4070,-5195,2080,-720,-2848,2402,-320,-6520,3365,7877,8031,1032,-2980,-4655,3365,6719,11521,1380,1787,3614,1485,1756,5413,1330,1497,4674,1735,2786,1675,1185,-7900,-19490,2080,-2665,-3594,2960,-3380,-10400,2471,6369,29175,2550,-3695,-10400,3365,7470,30397,1180,3344,1964,4176,713,2223,1844,4176,-3880,-5283,-505,-1705,-1824,-6518,6540,7901,-1455,-5805,6540,10285
12/26/2024,3080,394,-2147,2627,336,-1762,3047,1811,-2147,3130,-253,-1908,4275,10510,8921,5255,11542,13882,5720,14283,21012,8340,6977,1070,5390,2995,1435,8630,8047,-1768,3080,-76,-2160,2627,336,-4417,3047,336,-4417,2313,504,-4753,4275,11998,26884,5255,11542,20939,5720,14283,30100,7588,14262,24259,5390,14383,30100,8630,14260,24960,2071,6,-355,-2613,530,-1340,1221,-2613,15368,12529,13366,7568,13378,23121,11180,-4216,6358,-1330,11180,-4365
12/27/2024,1675,5112,-668,1125,3727,687,3127,3024,-1338,1485,4454,2837,3190,8068,-1,1850,7030,5844,2985,8332,-2324,5594,620,-975,3140,3414,277,2520,886,-4445,1675,3729,-2366,1125,2998,-9101,474,822,-8226,1550,3570,3355,3190,7355,5498,1850,6885,8981,2985,5434,4725,2520,10367,-12705,3140,5436,2726,2520,6219,-13507,1853,-1666,9290,430,561,-1919,1294,430,2987,8103,-1750,-685,10548,-501,-3658,-3784,833,3649,-4548,-3010
12/30/2024,3376,3109,2718,-730,782,-716,2107,1807,2906,950,-925,-2784,-140,-2207,-6595,185,-3940,-6340,-115,-4187,-6545,-505,-6070,-5890,-590,-990,-3805,266,-3930,-7445,1155,779,-1217,-730,782,-3831,-215,506,-2859,1300,2595,-3255,-65,-1887,-5171,185,-1534,-18610,-65,-2782,-24082,3444,-6742,-50673,-605,-2782,-26285,1438,-10172,-48669,3462,3877,1843,4058,2878,5127,2370,4822,-1660,-7350,-1535,-7375,2346,-7375,-1601,-5575,-2683,-5845,-1991,-1759
12/31/2024,130,886,-427,120,1346,1825,419,993,1256,350,430,-14,1630,-2780,-6945,2425,4469,15707,2410,4060,1048,3135,14480,26765,2455,-373,-5290,3035,12190,34955,130,1500,5794,120,1346,2024,146,1823,3004,710,5372,-383,1630,430,-4758,2425,4469,15465,2410,5501,14961,3135,17177,52442,2455,6071,14605,3035,17693,51390,4595,5184,4230,8135,1935,6334,3584,7335,-1795,-6150,3716,12957,8064,11767,29402,58481,1648,-4275,29402,59640
1/2/2025,220,-1708,-4386,180,-211,-4018,-91,-1090,-4203,-370,-2240,-6570,513,2935,-6018,423,-123,-4512,570,3698,-4758,303,2110,-5328,365,1929,-693,405,1862,-6369,220,-1235,-10538,180,-211,-9650,-850,-1731,-9785,-2120,-8420,-14090,513,2935,-5962,423,-123,-5989,570,3698,-11602,303,2110,-22421,365,1563,-4406,405,1862,-23139,1163,911,1693,2675,1928,-3083,455,3035,3525,3433,2570,3825,1991,2937,2600,-1793,1658,2497,2600,-3271
1/3/2025,2558,3986,3219,1435,295,4856,2613,1691,5324,1035,-63,2251,1445,-1157,6515,1215,-2357,10864,1166,-319,18103,2780,-4380,-4252,543,-338,1303,3875,-1420,-5018,2035,-1920,1480,1435,-1855,3486,1095,-2265,4201,1522,-3283,624,1445,-1239,17973,1215,-1947,12448,2295,-1459,18103,2679,-7624,13322,1615,-1874,18241,4500,-6160,14344,546,2405,-482,3942,-1965,2510,-630,3942,4438,3165,2781,17437,2571,23327,-1821,-5735,1855,-5870,-1821,-5655
1/6/2025,1955,4510,4780,1450,4920,4472,2378,4838,3796,2249,1554,2598,710,31,-5205,1935,1472,-7398,3740,-3765,-7376,5799,9418,-5020,3125,1191,4378,5784,9493,-7495,1955,4574,4780,1450,4920,4472,2400,4942,3439,1300,1699,3229,710,2753,1146,1935,1752,-3350,3740,7790,-6441,5799,10676,-35059,3125,7010,-8566,5784,11438,-32221,4097,82,4747,-61,4824,1282,2842,-326,-985,-7280,411,-7469,-635,-7296,8,-5785,-1826,-5685,108,-6886
1/7/2025,1593,3817,1339,795,4719,1751,1308,3917,-5945,1476,3412,828,2295,949,1831,3210,5016,9854,3049,2600,6697,3296,16144,11839,2790,-969,-148,3266,9058,20440,1593,4534,-652,795,4719,1553,2197,2614,1235,535,2593,-2072,2295,3294,5310,3210,5016,10319,3049,4634,8583,3296,15201,36112,2790,3599,5999,3266,14895,38261,1430,-600,1200,5605,559,1708,1215,2221,-1922,537,3736,9235,1824,12552,9795,17652,383,16,9365,17652
1/8/2025,960,4070,10363,2344,3921,12270,2252,3084,10121,385,3590,11506,3425,7815,20656,3145,6578,22529,6962,8870,17787,5920,7213,10043,5785,3824,3850,5910,9463,12515,960,4350,10363,2344,3921,11158,2338,4349,11306,352,3249,5576,3425,8487,19892,3145,6578,21884,5766,14280,26938,6723,9563,18134,5735,12914,22878,5910,4845,13606,3627,5505,3721,4887,6012,4083,3190,640,9880,30930,6594,22274,13605,42632,11174,8406,8877,15355,11174,7145
1/9/2025,0,0,0,0,0,0,0,0,0,0,0,0,0,0,0,0,0,0,0,0,0,0,0,0,0,0,0,0,0,0,0,0,0,0,0,0,0,0,0,0,0,0,0,0,0,0,0,0,0,0,0,0,0,0,0,0,0,0,0,0,0,0,0,0,0,0,0,0,0,0,0,0,0,0,0,0,0,0,0,0
1/10/2025,2275,2655,2318,2278,1552,-600,3052,3202,1954,2301,2200,-1193,1675,2725,9245,1915,-1190,-611,1569,5207,2927,2145,-4382,-1937,1544,1995,552,2145,-2477,-6261,2275,2277,2728,2278,1552,115,3213,2224,2066,2388,225,-170,1675,2916,10564,1915,-527,-2131,1780,3751,2942,1934,-3336,-8853,1755,3423,-2383,2145,-6932,-15499,2306,8447,3025,10727,3930,11036,2378,9587,561,8652,-61,-1200,256,5971,-2203,-3725,3489,2051,-2203,-3485
1/13/2025,680,-323,-5485,1193,-2017,-2849,-374,-1528,-5485,1673,2434,-3968,1060,613,-4137,1120,2465,-4909,870,1178,-7174,1000,7220,1196,585,1000,-2010,1000,6756,1438,680,-167,-3972,1193,-2017,-6462,58,-2131,-6462,1858,-537,-5877,1060,1049,-2579,1120,2465,-7782,870,2842,-11367,1000,6989,19570,585,2032,-9353,1000,7220,19996,27,-336,-378,-242,383,-336,-378,-242,-2398,-4790,-1451,-2197,-1572,1860,8256,8283,-2177,-1895,8251,11887
1/14/2025,2210,4299,6287,2722,3352,8844,2183,4650,3436,1835,5325,7941,1465,3642,-2117,2456,5799,7408,3055,6573,14131,3725,3724,23473,3085,1998,664,3725,1286,20852,2210,3119,6253,2722,3352,9148,1872,4327,4980,1705,3598,3980,1465,3731,8844,2456,5799,10128,3055,7304,22168,3725,1674,26627,3085,6224,22526,3725,3334,26454,5098,6059,3978,6938,3281,7351,4159,7916,2968,6030,4435,17558,2678,7710,2185,3789,2190,233,1795,3789
1/15/2025,2568,6009,13129,2403,4961,13347,1618,5570,14809,4153,5498,14087,1425,760,3146,1668,7767,18192,2455,5678,32138,3985,12709,2866,2210,1750,4005,3985,12709,6733,2568,6403,13129,2403,4961,15794,1945,5570,15219,3788,6512,18003,1573,3918,15200,1668,7767,20239,2633,5896,35339,3264,12251,70432,2337,5478,35339,3985,12709,70762,2916,11307,4787,7147,4785,9375,3664,8047,4922,-4287,7621,13457,10150,17160,21606,2118,5495,1848,21446,4330
1/16/2025,1405,902,4795,1780,4985,5339,616,2163,11258,975,-118,7703,2235,2810,9177,2501,4929,12787,2530,4912,11763,2870,13162,22029,2580,2087,9849,2865,13435,25481,1405,1697,3181,1780,4210,7227,1850,4386,7632,100,-1489,5068,2235,2810,9091,2501,4929,8883,2530,4912,11251,2870,13274,33246,2580,4736,8635,2865,12537,32607,1291,2509,-577,3488,1531,2509,-2584,3488,3872,5787,3513,7680,6205,13790,6391,29228,3147,3215,6391,25860
1/17/2025,1798,3549,-1141,1478,3556,-2044,2283,3039,-1141,1599,3555,-959,1590,3941,855,1265,2377,-472,3250,5929,-3946,1720,12258,-3337,2330,-1590,-1170,1720,14249,-3452,1798,4224,-481,1478,4224,-2832,2283,3046,-2832,905,563,-3670,1590,3817,934,1265,3249,-472,3250,3062,-6609,1720,20211,-5872,2330,2541,-6609,1720,13067,-16581,810,-5922,-1956,-2357,324,-5922,-2275,-2357,1253,-2572,4052,-632,8891,852,-2716,-4524,7411,-370,-2716,-3025
1/20/2025,2195,1220,340,870,1259,-980,945,2305,-810,2185,845,-690,1550,2527,2190,1885,2002,77,1815,1435,-2830,1520,1215,-3315,1040,-248,611,1470,710,-5020,2195,1220,340,870,1259,-980,945,2267,-810,-365,-1330,380,1550,2527,5674,1885,2002,2320,1815,1435,-30,1420,1215,-12005,1040,1150,-30,1470,1215,-12005,3768,-388,715,-4035,2694,-388,815,-4035,5270,8636,5150,5010,5731,6282,3845,-6430,5731,6725,3845,-7415
1/21/2025,2450,855,-5561,2560,545,-4890,2145,1193,-5561,2460,-82,-4294,126,-774,-3755,410,-1323,-4941,1242,-2445,-6855,820,-4205,-4862,1051,-1055,-3123,885,-2280,-5468,2450,875,-7738,2560,545,-6920,2145,-708,-7435,1715,-342,-5031,240,-1415,-2579,435,-4550,-19314,1242,-3965,-20635,2607,-7706,-56621,706,591,-18270,536,-12084,-57269,-1006,-4535,217,-4303,-613,-4535,-184,-4303,1575,-5129,-1830,-7280,-1292,-7446,-4865,-6210,-2591,-5995,-4865,-6277
1/22/2025,2547,6919,1959,2460,5924,1229,4278,6585,-734,2452,3559,3266,750,-2082,-6653,2026,2358,-5189,1661,2543,-2786,-515,18652,1942,1066,1643,107,-155,7540,2526,2547,6054,7930,2460,5924,-32,4278,5979,-2257,1640,1901,5133,750,-5076,-17556,2026,996,-8662,1241,1753,2626,-166,19227,13305,1066,633,-2313,225,17899,73,1281,195,-252,-820,3282,195,-428,-730,-3347,-6219,-699,4318,3761,-1325,11154,12594,556,141,10800,8548
1/23/2025,-1047,-1326,-1056,-550,-2120,-1428,-249,-2784,-1024,-870,-2335,-1433,295,6418,-5825,785,3091,-5261,485,1103,-6952,1722,6728,4695,505,2099,-2323,1670,6248,7885,-770,-1326,-1948,-550,-1546,-1989,-146,-1373,-1989,-1230,-1112,-3231,295,2834,-12432,785,3091,-6266,485,211,-3487,488,7754,29641,505,-134,-5207,2107,7749,29680,-1221,-1780,-1035,-106,-1650,-1780,-1145,-106,-2132,-5300,-1990,-2495,-3400,-2643,3457,12845,-1560,-1249,3217,12730
1/24/2025,30,-1280,-5950,-790,-2072,-5695,-1501,-2411,-5945,-80,-1309,-6485,1085,-2774,-5799,1975,-1367,-5777,2050,-1041,645,4121,-989,-2004,1570,-42,-4645,4111,-3244,-4080,30,-1180,-758,-790,-1573,-375,-855,-653,-625,-2050,-3110,-3125,1085,-1099,-4154,1975,-2285,-8070,2050,-2913,-1870,4121,-1213,5974,1570,-3158,-1670,4111,1361,6275,-127,-2309,486,-1550,583,-2309,486,-1550,-2795,-7459,-1059,-3411,-321,496,2684,5152,-392,-1993,2684,5147
1/27/2025,4305,4622,7864,1385,3207,6694,1413,2981,9127,2551,4244,6500,3505,6183,8518,2610,5742,811,3720,8857,11787,3500,3368,-4375,3625,5181,3016,3595,3638,-4258,1735,4185,7864,1385,3207,6694,1470,3363,6323,2456,2608,5628,3505,6286,11200,2610,5601,5000,3720,8898,11193,5301,6387,11730,3625,8680,9952,3595,3363,4267,3437,9773,3289,7245,2572,7784,3874,7983,6959,11153,4099,5931,8738,13233,7288,5851,4336,6892,7713,543
1/28/2025,410,-915,-1234,1300,3003,-1902,729,2029,-2405,410,2452,-281,1920,1837,-5060,2140,5130,-90,2430,4839,-4138,2037,-2443,-4831,1550,237,-4660,3410,-132,-7135,410,1108,2873,1300,3003,4458,625,2178,4458,600,2470,2758,1920,2920,2411,2140,5130,8166,2430,4723,16237,3545,-1136,34184,1550,4703,15678,3885,-1440,35861,-1723,-50,960,-186,-718,-50,-701,-186,167,9292,2724,6321,1244,10085,-5106,-6545,-435,-1401,-5106,-2917
1/29/2025,2315,7644,17560,2166,7078,12286,2229,5030,13271,2070,6276,14524,5090,15475,31718,1935,12808,31302,7855,22544,74859,8525,27003,35802,7610,12246,10560,8010,28998,33054,2315,7735,22016,2166,7078,16871,2581,4368,17590,610,5025,16131,5090,15475,41305,1935,15303,48020,7855,22878,73550,8525,32263,96250,7610,22088,74777,8010,29770,96498,5325,17743,4434,20333,4037,17529,2680,17872,10729,42104,9958,42606,16204,57396,18352,30593,13711,13661,18002,34579
1/30/2025,1030,2962,13246,1458,2049,6130,2043,7717,9383,978,-1101,4549,5260,11306,12560,5540,12883,8550,5470,13212,18515,5575,12326,-646,5440,5445,6047,5565,8743,1345,1030,2028,13828,1458,2049,10234,2041,1122,13914,573,2078,4061,5260,11306,16296,5540,12883,17130,5470,11090,13811,5575,16349,16568,5440,12022,13338,5565,16702,4953,5655,17830,3458,14468,4055,17893,1843,11313,3543,7201,6414,8824,4717,7096,9418,-4784,2220,5918,9418,-851
1/31/2025,360,81,-4117,1675,875,-4475,1491,-333,-4835,310,-176,-5633,1571,-582,-5264,1180,-1495,-7450,1725,3761,-7495,2660,2442,5280,1,4848,-1872,2585,-3580,-6506,360,629,-7625,1675,875,-4168,1491,688,-2025,250,-473,-1175,1170,1343,-11557,1180,-1495,-20630,1725,2880,-14265,5928,4220,-42224,1320,1315,-13895,3190,3630,-45846,1455,-5155,1388,-3215,3295,-1388,578,-1363,435,-7242,-459,-7417,3418,-7496,8481,9669,311,-1174,8066,9346
2/3/2025,1640,5671,8071,2040,5766,-1525,2942,3968,-1525,2375,5671,10246,4875,6371,33382,2746,10568,26992,7390,9911,32883,5335,6386,8122,6840,3271,7251,5310,6281,10195,1640,5671,8333,2040,5766,4450,2942,3968,4450,1420,5356,5827,4875,8210,34912,2746,10568,35599,7390,11070,38487,5335,6166,37608,6840,11920,36433,5310,6996,39806,6095,3617,5166,11643,5139,1928,5086,8266,6933,20661,5726,21991,6670,17135,6100,11106,9171,10782,5822,9167
2/4/2025,4286,6115,14782,4348,4183,12355,3022,4459,9448,4032,5191,15630,3945,8955,9475,3755,8559,22779,4470,7907,24965,3726,18288,8930,4008,3543,4565,3676,16669,11620,4286,5997,15227,4348,4183,14135,3594,4848,13868,4025,6587,15143,3945,9646,12341,3755,8960,27235,4470,9803,33332,2388,22137,59982,3150,8491,39944,3676,23298,62318,4734,12208,5038,10035,3808,9413,4032,9636,5539,4994,11555,15663,8536,10288,25482,15377,6130,3004,25482,13685
2/5/2025,5459,137,556,1105,-1285,4758,5514,-1156,556,4974,580,1257,910,-3945,-6776,1605,2218,2524,2015,-80,3739,1610,8448,18063,589,-2765,-2140,1660,7897,20153,5459,280,2017,1105,-1390,2268,5514,-2880,2268,5149,111,402,910,224,-1161,1605,2020,7859,2015,880,6023,1610,10101,57028,1035,880,8222,1660,10802,57748,3025,339,-15,1102,-434,339,3999,-303,-786,-7245,3420,1751,2703,3772,7836,16725,444,-1730,7806,16922
2/6/2025,1095,3488,-3131,1630,3134,-498,1286,2096,-3131,670,1659,-2031,1375,6908,11603,1075,1165,7573,1925,3507,14215,955,-1842,9773,1315,2317,3485,955,-899,5707,1095,2904,14172,1630,2385,11054,1560,3135,10941,823,1534,11804,1375,7181,10843,1075,1750,8289,1925,3863,16276,955,-2650,26132,1315,1869,15688,955,-2112,26592,5363,5713,3658,3506,4611,2460,3766,6437,7405,14881,973,9550,4052,18784,1214,6267,3052,2611,1169,5249
2/7/2025,915,683,-98,1708,1438,-1705,1296,246,-3603,560,1128,-1778,2105,3278,-4643,1485,7514,-593,3540,9000,2049,6769,10391,16853,3255,2978,-4170,6759,11011,24200,915,1258,-760,1708,1438,-1146,1524,705,-2600,-40,-1572,-6487,2105,3475,-4518,1485,7514,-1529,3540,9000,-1167,6769,11835,36265,3255,8995,-657,6759,11011,41160,-336,-205,-717,1215,-778,869,-1217,304,3386,-2574,1220,7701,6725,13112,8105,52481,5957,-4165,8100,52476
2/10/2025,1380,1107,5279,547,1545,3740,691,2182,5719,1756,462,1995,3525,4817,7151,1675,1970,-245,3130,1248,-761,1370,-2040,-1671,2965,6895,1242,1365,174,-2890,1380,1136,5210,547,1545,429,378,2638,169,878,494,3701,3525,5251,10566,1675,2195,-1971,3130,890,-2302,1370,194,-48964,2965,848,-5585,1365,-810,-51708,6364,-2886,6383,-5056,6173,-2886,5465,-5056,14269,9618,4529,-1950,5446,-1547,1363,-6152,7661,2559,1363,-7382
2/11/2025,3523,3824,8188,4914,5611,6446,5117,5579,5509,3394,5161,9103,940,5011,13643,1775,4171,6092,1812,2971,5070,702,-761,679,1452,3897,7344,702,-1244,-4087,3640,4279,9099,4914,5611,5197,5117,5579,2381,3789,2944,5234,940,5774,17169,1775,4171,7436,1812,3911,4597,702,-607,-26253,1452,3911,4082,702,-607,-26253,5144,14264,4205,8737,4031,8286,5506,15961,9263,20132,4108,5371,5178,8198,-3085,-5877,5026,4702,-3085,-6232
2/12/2025,-377,-3032,-4328,-89,-4375,-5850,-967,-1742,-3738,-305,-2940,-5449,2838,1903,652,1155,-3095,-6368,5025,2567,-6368,3811,-3800,-5276,5297,-2010,-3219,3555,-3510,-7094,175,-5520,-8928,-89,-5580,-7533,-75,-4073,-7533,71,-3193,-8982,3210,7441,14917,4020,5231,13665,6215,8189,21639,6319,1664,17764,7275,7849,23293,7668,3043,18723,-4366,-5438,-3940,-5492,-2344,-5438,-3475,-5492,225,-4879,-470,-6790,6330,-6670,-5071,-5642,4875,-5815,-5071,-5237
2/13/2025,388,2841,2874,738,2475,6719,743,4820,3516,440,1984,3598,-750,-3942,-6953,805,-1297,-1623,-1079,-3997,-4188,2007,8404,18447,-1239,-2330,-4780,1952,8402,18549,465,2278,3458,738,2475,6282,397,2705,5972,280,1599,1310,-750,-5939,-9995,805,-1259,1101,-260,-3136,-799,1777,7662,29427,-230,-3961,-2194,1415,8404,32990,7090,5534,2191,7026,3342,4185,3155,5188,-4297,-6749,817,1053,-750,822,11732,27494,-911,-5785,10882,27660
2/14/2025,490,533,-3894,-1570,1936,-3894,-950,-220,-3894,720,-60,-3357,853,2897,-6318,1705,3162,-792,870,2843,-2059,1246,7068,7590,854,-749,-2396,1486,6888,10585,490,1284,-3550,-1570,1988,-2656,-766,328,-2656,-730,-1215,-3672,853,1122,-11380,1705,3954,-316,874,3229,-1188,1461,7068,34426,804,3229,-1188,1486,7068,34426,-1108,-5768,-2535,-3491,-1173,-5768,-710,-3491,-717,-5714,1907,3909,3332,-108,4775,11706,-916,-5865,4775,12698
2/17/2025,1745,2515,6275,2225,3600,6275,2240,3600,6275,1315,1910,7285,2315,5270,11481,3125,4405,7771,4595,7030,14120,6995,4505,5825,4205,1310,1600,7810,3595,5020,1315,2200,6400,2225,2925,6400,2240,2925,6400,935,2080,6400,2315,6075,13441,3125,6860,12305,5160,10385,19180,7810,16600,25390,4205,10385,19180,7810,16600,25390,-268,910,190,990,-268,910,500,990,-158,4911,-105,-105,140,1025,-5855,-5850,209,-890,-5855,-7205
2/18/2025,430,3669,9112,2861,3824,8016,2201,2412,6628,-125,1530,8889,-145,1495,5200,2651,3279,12374,1480,4869,14863,-1245,-1833,928,1465,1789,4635,-1056,-2240,4929,430,3669,12679,2861,3920,14785,2201,2447,11847,1580,5788,13471,-145,2385,14163,2651,3032,11600,1480,4609,20317,-1056,3587,-11173,1435,4034,16377,-1056,-232,-9294,705,7369,828,5542,511,3620,274,5360,4615,7293,2611,13268,4209,10484,4510,-3969,4204,3724,4510,-5003
2/19/2025,3002,1685,292,1035,1365,-2884,1964,1269,292,2765,1380,-4336,3190,5442,2512,5120,10528,23032,4626,8516,11403,2955,-5476,-4029,3911,-1615,-3286,4118,-3346,-6448,3095,1690,-5009,2365,180,-3479,1964,110,-3479,2035,1801,2705,3190,13301,30758,3250,10450,30998,5420,18430,31698,5185,12065,15966,5050,18230,31048,5545,12259,16535,-1248,-5777,105,-6343,-63,-5777,-67,-6343,3915,4955,2298,3097,1504,11130,-5280,-6462,-4810,-5895,-5280,-6987
2/20/2025,-50,-2950,-3784,-407,-2315,-4815,-835,-2864,-3652,-450,-2980,-6865,165,876,-4455,1014,-3088,-3739,932,-328,-2889,2107,-5452,-3372,398,-1990,-446,2097,-3650,-4096,-50,-3365,-6036,-407,-3745,-6600,-835,-3420,-3670,-1094,-3044,-7679,165,510,-15450,1014,-1833,-19315,135,-57,-18010,2107,-8355,-37973,581,-578,-17501,2097,-9673,-44289,215,-5092,-2533,-3446,437,-4798,-3265,-3052,75,-4956,-4250,-6189,507,-6915,-2880,-5880,-2385,-455,-2880,-5880
2/21/2025,2960,5824,9190,3260,5964,10449,2525,5845,9502,3300,5840,10608,175,195,-5595,4060,8632,-6662,3305,13318,-6751,7977,34689,41620,3175,1752,-4235,7195,33474,47663,2960,6843,10465,3260,5964,11692,2525,6041,11297,3755,5547,10578,175,195,-21850,4060,8632,271,3305,13318,-5111,7977,30197,61674,3175,13513,-6294,7195,32421,60619,4998,9405,5224,9866,4418,9405,5763,7373,-1620,-5875,6497,-7427,5248,-7457,35695,28091,-905,-3645,36215,28928
2/24/2025,2267,3877,10299,1597,5861,7770,2648,3446,6597,2517,7215,10442,755,-2355,-4264,895,-500,-3668,1635,-36,-1268,3075,6750,7588,2000,1692,3042,3060,8935,10391,2267,6398,10823,1597,5861,8122,2998,6795,7084,3889,10406,11823,755,-1095,-806,895,379,-531,1635,461,375,3075,7087,12394,2000,366,1782,3060,7501,12272,5558,7315,7175,9459,6582,7537,6603,14083,-2089,947,145,2806,-563,582,2001,15208,-173,3101,1826,10626
2/25/2025,3060,4561,10366,2721,6035,12621,2386,6192,12899,3732,4687,11577,1300,6236,23894,1895,5382,10609,1630,12856,18950,1295,4997,11596,1255,6369,5921,1180,1472,9510,3060,5041,9263,2721,6035,10705,2386,6243,12198,4017,4847,15610,1300,9186,25976,1895,6571,13309,1630,10933,24577,1470,5762,4744,1255,9945,18785,1180,4686,10710,4667,9040,5300,5581,3508,7367,8080,7260,11835,25358,5952,19596,12207,14785,7111,8012,9952,1292,7091,4976
2/26/2025,1570,2380,5277,1216,4013,5632,1694,5594,5667,1730,2126,4213,2480,638,-991,2470,1539,-7419,3705,449,-7124,4819,1595,-2920,3815,-1260,2115,4804,-200,-4815,1570,2910,5277,1216,4013,4300,1381,4573,5305,1670,815,3904,2480,885,7349,2470,2728,-3544,3705,3515,-9735,4819,3343,-34553,3815,4397,-7785,4804,1450,-30255,7071,5339,8508,11393,5919,5624,8123,10453,3070,254,1459,-7340,5293,-7499,14498,7348,2748,-416,14418,5123
2/27/2025,2050,3693,3673,1445,5858,3199,2082,2124,2499,3335,6692,6715,750,-1076,-409,2075,1865,2206,2170,2922,3318,5235,11485,31687,2150,1387,1827,5205,11285,26344,2050,4946,3673,1445,5858,3199,2082,3640,3769,3120,5158,7595,750,-1076,-2080,2075,1865,2206,2170,2922,3787,5235,11485,38265,2150,2662,6323,5205,11285,31689,3885,10366,3230,6722,3480,10437,5840,5418,-1344,1037,1208,7019,1618,9296,11293,34707,3743,4974,11273,33117
2/28/2025,990,4044,8054,725,3016,6890,-306,3288,1824,970,5666,4387,1030,2628,5988,1265,2783,4679,1071,3996,19887,955,-962,1842,951,-746,19761,905,622,15311,990,4576,6351,725,3016,7330,930,4151,3046,1960,6979,5104,1030,1975,5000,1265,2897,1685,1340,3529,18522,655,12459,-15168,1220,2484,18708,905,12769,-15311,2101,8567,1945,8806,2910,8103,1230,4816,18276,7081,3003,4030,17205,6420,19229,1202,16362,4804,18394,1437
3/3/2025,1625,3028,-4245,2580,2052,-1425,626,1558,-5303,1905,1943,-594,2820,7065,9996,3135,9075,14659,3280,8197,13244,2970,15300,25205,3075,5834,900,2960,13910,18747,1625,3408,-1705,2580,2837,-2115,2195,2983,-4740,2135,1735,-2745,2820,7065,11417,3135,9075,14659,3280,8945,13244,2970,14774,32470,3075,8405,8976,2960,13910,24726,1338,-5901,-1050,-6851,-950,1392,235,-6206,5510,13156,6005,17808,5135,14429,7355,22095,4935,6848,7330,20701
3/4/2025,1280,2438,6754,870,1330,7018,980,402,7535,2065,2075,5563,2910,3303,2703,1940,5948,10025,4270,10958,24993,4335,17730,-57,3805,2951,951,4310,17475,-2693,1280,2115,6754,870,1330,7018,330,1366,6858,1900,3975,4827,2910,4163,7337,1940,5948,10025,4270,10771,24993,4335,16979,44381,3805,9936,21794,4310,17475,40513,2615,5371,1915,6828,5711,7759,4040,4856,614,854,1022,4265,3111,16882,13299,16944,-1132,478,13124,20153
3/5/2025,425,-1708,6857,845,1438,9888,242,-311,3829,675,806,5432,1670,4620,12924,1375,1787,9350,2295,1035,-7415,1475,4007,-5935,2420,1570,-1196,1465,3202,-5846,425,353,7556,845,1438,11241,1605,789,6553,210,1591,2078,1670,4620,16169,1375,1787,9017,2295,2285,6991,1475,3116,21095,2420,1420,5798,1465,4032,22412,1548,7037,2970,7821,2374,5107,2590,5261,2797,6734,2480,11850,5299,7937,9916,23353,2300,6775,9566,9497
3/6/2025,1105,2164,1508,1125,2681,3881,1223,1944,71,996,1894,2027,2110,12803,10584,2165,9421,13053,4136,11434,7744,1505,21605,23459,3841,7902,-2559,1495,17316,16504,1105,2164,-1151,1125,2681,1380,425,2402,-289,1246,933,3468,2110,12803,16788,2165,9421,13076,4136,12307,10455,1505,20004,17585,3841,11732,11136,1495,20171,17872,6415,4591,6270,5620,5088,4504,3711,7439,10668,7840,3466,8857,11843,16532,18447,24630,3630,57,18447,23437
3/7/2025,1360,3005,6866,-186,4093,10096,841,2724,8042,1233,4250,8207,2505,-427,2089,4280,4057,10116,5820,3940,16742,3175,5855,44617,5695,2017,2567,3160,4915,43939,1360,3005,6866,-186,4093,7151,1081,4578,9093,1610,4272,6864,2505,-83,6792,4280,4057,10116,5820,3940,16742,3175,5855,8488,5695,4157,9189,3160,4915,43916,4877,6027,6522,8543,6080,6647,5925,8463,3045,3685,5010,7762,5995,10284,7035,10040,4362,2851,7280,9797
3/10/2025,1590,6526,16651,2785,8456,19837,1575,5679,17963,3431,4876,13141,1573,5426,-5680,2645,8754,23605,5333,13702,35405,3168,21608,31605,4968,-527,-4625,3158,20798,46845,1590,6526,16651,2785,8456,19837,2549,7364,18478,3851,5234,14392,1573,5461,12744,2645,8754,23605,5333,14062,35405,3168,22522,59700,4968,11282,24642,3158,23199,59704,4413,9694,5402,11195,3599,9364,4660,12067,5433,-5066,6245,17286,10425,26645,13436,31991,1024,-4755,13426,39125
3/11/2025,2020,7020,13731,1680,6408,9937,2867,10383,20438,3410,9145,2715,1875,3397,17863,1820,2486,9897,2890,6515,24759,2240,-2258,5052,3010,4336,2485,2220,-2373,9614,2020,7020,15878,1680,6408,9764,2390,8328,10760,3505,8660,13074,1875,3397,13027,1820,2486,8257,2890,6491,24528,2240,-1360,9006,3010,6151,17354,2220,-2373,4662,4259,8994,3957,6858,5006,12374,5382,9625,5924,17167,1202,9534,5972,22983,-639,5814,4935,2713,-659,-319
3/12/2025,705,4900,3986,965,5892,-1161,1532,7524,4662,225,4121,3765,1395,6663,18559,1525,5021,10198,1735,3718,8111,1815,-4004,5648,1585,3016,5240,1675,-949,-5588,705,5465,3806,965,5892,3271,1532,6081,3632,-165,3109,504,1395,6663,20712,1525,5021,11260,1735,4607,9202,2764,-3079,-20254,1585,5738,7224,1675,-6532,-26561,6321,3618,7352,4472,4800,5507,8615,4472,6841,19656,4982,12147,4673,12068,-4638,-5579,3575,4257,-5035,-7274
3/13/2025,2575,7421,18565,3695,7144,7468,2764,6991,5896,2170,6457,8790,1545,8185,3427,2295,9269,11652,3185,11411,15843,6098,16861,13201,3510,11542,-1030,6018,17019,21374,2575,6957,9064,3695,7144,7137,2876,5160,11672,2435,4958,3825,1545,8185,7352,2295,9269,11652,3185,11411,13940,6098,16405,19713,3510,10696,15012,6018,17019,21135,2985,15100,4033,14952,3411,15100,4181,10656,6447,489,8436,13627,9977,16361,7702,12871,5842,-989,7507,15322
3/14/2025,1125,1426,-1305,1533,-1616,-2826,1802,223,-3061,340,-1828,-2671,2165,5922,465,2075,5984,8065,1921,13058,7662,2520,10701,18149,1789,476,-1710,2275,10262,20769,1125,148,-5204,1533,-1616,-5456,1739,-3444,-5661,11,-3610,-6731,2165,8643,221,2075,5984,9088,3426,13058,8716,2520,10559,40553,2531,10447,8680,2275,10701,41808,2288,2944,2368,1555,2753,2080,1613,2005,740,2055,2122,13409,6133,11111,12544,19893,-399,-185,12544,20425
3/17/2025,-570,-572,5299,-515,-860,250,-1270,-12,5089,-570,945,8520,865,937,8508,303,166,11611,930,436,7898,720,-4500,5871,620,674,5820,760,-3295,4221,-570,175,8479,-515,-860,9183,-1270,-890,8973,-1095,655,8785,865,2241,12123,303,-912,10931,1125,-1824,2685,1331,-5396,-21042,855,-3110,756,760,-8180,-18915,-1038,10174,-790,4791,-1143,9964,-4,4791,2010,4335,-64,5947,382,5806,2025,8613,1596,10625,2025,9231
3/18/2025,4040,10557,23666,3654,8191,14505,3237,6901,16313,4680,10325,17577,3880,14950,54657,7390,21452,44118,3635,21323,43597,3804,17984,-3530,3535,13357,8623,3789,14436,12,4040,10557,19637,3654,8191,11729,3237,7286,12583,4960,10543,20693,3880,14950,50278,7390,21452,53206,3635,21323,46253,3804,17654,26416,3535,9838,44587,3789,17939,24327,2783,11142,590,5265,2414,11398,3255,6055,15549,38466,13629,9686,7657,31131,-2424,-6272,6564,3941,-2429,-1302
3/19/2025,550,4373,2277,1383,4896,2042,1331,5693,2042,-160,2256,4038,1725,6886,1150,1000,5807,8576,2385,6156,13256,365,6903,10938,1795,3345,-1254,560,5968,13352,550,4097,3592,1383,4896,5158,934,3941,5028,-900,-2645,-1882,1725,6886,10975,1000,5807,14159,2385,7580,16217,747,5421,40384,1795,6950,17337,560,5968,40792,2009,4562,2331,4223,2087,4327,3129,4328,3867,914,2252,4803,7717,6849,10859,14152,2845,-1005,9509,11869
3/20/2025,3480,8002,6669,1516,7047,7381,1752,8062,7004,2995,4760,9601,1880,6308,5243,2275,7437,8648,4229,8639,-4338,4885,7339,-4526,4325,2703,2757,4775,3470,-3408,3480,6219,6669,1516,7047,7381,1722,6216,8239,1820,4320,11822,2210,7261,17893,2275,7437,14629,4229,8690,10188,6188,14071,-20132,4325,7615,20146,5125,13984,-19040,5458,3859,4154,5294,3414,3971,4601,4370,11408,11965,9723,13196,18205,-627,4315,-4697,11912,8895,4310,-4472
3/21/2025,-520,210,-3131,-300,-1358,-5761,-1482,-397,-3850,-520,16,-6731,1685,5651,9622,1420,5477,2461,970,3878,1281,9749,530,-5173,720,3250,456,1074,188,-7238,-520,16,-10417,-300,-1358,-9886,-303,7323,-10061,520,-228,-3234,1685,4136,13305,1420,5516,18951,970,2832,10991,9776,-351,25205,720,2026,9986,1074,761,25915,-3349,-5589,-2693,-2754,-2525,-5508,-1161,-4787,3113,8058,434,3814,253,211,-1763,-5584,-66,-1282,-1763,-5584
3/24/2025,-56,3763,-1078,1062,4345,-2085,1078,3540,-1126,1339,3506,-1638,3715,-1509,-3145,3085,3162,2493,4035,2956,4960,2665,6194,5898,3900,2193,5955,2630,6489,6867,1122,3561,-1917,1062,4345,-926,1078,537,-1536,1124,2956,-1514,3715,3504,6237,3085,3624,10666,4035,6192,13806,1797,5209,34764,3900,5952,15294,2630,5897,39232,989,-1005,819,-2132,43,2507,244,-1195,-2912,-1182,-716,2934,772,2885,7846,6701,581,819,7606,8058
3/25/2025,1430,7922,5198,2630,6480,3474,2265,5956,5678,1290,7597,4009,735,2487,5308,130,2073,-736,4020,5318,7298,2955,3130,-5103,4045,2707,687,3905,7540,-4316,1430,7824,2782,2630,6776,3389,2265,6285,2767,405,4659,8323,890,3124,11642,140,2139,3862,4810,5464,16877,4795,3851,-3453,4150,5091,15420,4790,3851,-3453,4623,-1071,4764,-1388,3783,-1521,4314,-1388,1281,2117,2320,-426,4153,-430,18090,3,1886,-114,18090,-2191
3/26/2025,930,207,999,1230,718,985,-35,-55,2532,755,1302,6637,615,1080,-6755,2440,6561,-1901,3494,8542,-7491,3128,7918,11169,1958,552,-4475,2085,4917,18053,930,1532,4184,1230,718,5796,130,972,5210,115,-228,838,615,959,-16930,2440,6561,2242,3745,8735,-730,867,9510,32840,3500,7420,860,2135,10479,34421,1654,4133,1672,5909,1998,4100,1247,5909,1569,-6425,5526,6067,6209,-3504,-421,4029,2461,-4145,-421,10385
3/27/2025,885,4457,15160,620,5467,11164,2593,4530,14087,885,5792,10791,1770,5960,18566,3067,8123,12406,1540,7680,23205,1470,8509,6370,2185,7580,225,2830,9391,3372,885,5792,11076,620,5467,12360,595,4858,11619,2185,7698,5410,1770,6870,16997,1875,8255,16658,1640,8153,21999,3813,15772,27187,2040,7475,22710,2881,11465,26008,3575,6142,3451,7768,3551,6198,3144,7797,5442,16595,8123,4515,9519,21124,8475,4890,2381,526,8470,9822
3/28/2025,2490,5969,6273,2389,5999,6451,2236,5619,8141,1600,5353,3953,4304,2776,-6615,3685,11569,11513,5125,17317,-7416,7625,28635,40914,5080,56,-4500,7560,25556,52576,2490,6188,6273,2389,5999,6451,2185,6166,8813,1935,2690,4508,4830,6685,-4277,3685,11569,15665,5125,19611,18264,7625,28001,72819,5080,18571,19513,7560,28230,75931,2945,2037,3743,2354,3471,2705,2420,1905,1420,-6695,8777,11150,10222,13396,13326,19283,811,-1483,13061,25630
3/31/2025,360,-4443,-4765,325,-3500,-5985,-545,-738,-4765,-85,-2155,-6380,1125,-2547,-6995,865,-2202,-5717,1125,-181,-7305,1000,5196,-5194,1410,-2840,-4720,990,4676,-6458,360,-2110,-7689,325,-2050,-6125,-25,-1525,-5225,-1185,-1705,-4305,1125,-4150,22,865,-1303,-19820,1125,-530,-17484,1000,4781,1841,1410,-128,-17478,990,5091,3405,2428,-2470,-1457,-858,-3554,-5845,-884,-858,-3393,-6965,3344,-2666,-3675,-7422,8241,12233,-3229,-3844,8525,10451
4/1/2025,3320,3408,7353,4787,3290,11801,1942,3762,6999,2485,2786,6833,820,2424,6166,2455,2145,2154,1495,2294,7303,3459,1001,-3110,1310,872,-5,3454,586,-1195,3320,3630,6027,4787,3290,7400,2826,5505,6574,2415,4682,16784,820,4022,9955,2455,2145,3115,1495,2558,3782,1327,298,-1987,1310,2064,4470,3454,731,-801,6250,7996,5714,7431,4574,10541,6180,8509,2529,6385,3725,5159,2775,309,3366,15720,-1068,5279,3366,15872
4/2/2025,1545,7741,11668,3284,10168,10842,2594,8127,11081,982,5223,14651,1540,-2850,-3052,2220,-1590,1846,3215,4020,-2873,2575,9576,6827,2265,-2890,-4290,2400,9571,5838,1545,7148,11668,3284,10168,10842,2935,8873,12027,1357,7769,14380,1540,3415,8895,2220,2720,11710,3215,8892,17877,2139,8735,12388,2265,6552,9190,2400,9571,14164,6172,10513,7588,10654,7080,11078,5910,14691,-1320,-6810,1783,5864,3610,-1804,8374,1266,-1372,-4805,8369,6674
4/3/2025,1010,1245,6927,560,3006,5442,1201,303,1498,1145,2130,5112,420,633,155,860,1474,8500,810,2203,10652,3961,10213,24563,645,440,2999,3926,9117,22487,1010,2060,6927,560,3006,5835,165,1162,2080,740,465,-181,420,935,1398,860,1794,6512,810,1142,5732,3961,9695,30604,645,-142,2313,3926,9578,29867,-558,3271,575,762,1264,3482,621,9890,-588,-2957,1716,529,2147,-3278,9742,20031,-2753,6891,9472,13899
4/4/2025,1335,3909,10473,1590,5959,9661,2365,1969,6869,-65,5927,7842,2315,7068,13998,2770,6275,19349,3050,10211,24564,2675,9481,32404,2705,8658,5866,2650,8666,30774,1335,3909,10473,1590,5959,9661,1277,1955,24866,1825,5573,12395,2315,7068,14139,2770,6275,19349,3050,10211,24564,2675,9432,26990,2705,8491,18404,2650,8666,30774,3000,26661,4247,22066,3204,10479,4506,24408,6572,16964,7500,16295,11507,28300,11188,27444,9725,6955,11133,26654
4/7/2025,860,4635,6142,1525,4169,4731,3479,2102,4057,380,2715,6333,850,5350,11573,1880,7290,13340,1100,5795,8755,1270,5995,6565,1060,4560,4160,1260,5415,6075,860,4635,6142,1525,4169,4731,1828,1857,3659,-555,1155,349,850,5350,12700,1880,7290,13340,1100,5795,8755,1270,5995,6565,1060,4560,6270,1260,5415,6075,2085,4029,2274,7707,3363,2650,4615,6079,5010,9547,6950,11910,5400,7314,5600,6254,4325,3685,5180,6244
4/8/2025,2120,6730,9040,1615,5759,11771,1124,6217,10424,5775,8203,11696,495,1237,-4709,680,4206,2580,3500,7955,5026,7475,8330,-4193,3380,6357,-505,7415,8125,-5738,2120,6730,9040,1615,5759,8882,620,5460,12542,5665,6170,11497,495,1590,-3714,680,4206,2580,3500,7955,5026,8166,8330,23912,3380,6710,1051,7415,8125,17415,4094,5657,5620,8626,5974,5806,10265,9241,845,-6709,3420,-480,7943,-5858,7620,-6895,5008,390,7585,-6895
4/9/2025,1965,2369,3966,1330,2455,4367,815,1154,5228,2260,3850,137,1680,2849,5134,3250,7695,13081,3530,7773,184872,2385,7825,33852,3525,4815,3269,2365,7810,33563,1965,3850,3231,1330,2845,2568,815,2635,5248,2485,4615,7426,1680,2849,5134,3250,7695,13081,3530,7773,184872,2385,7825,34630,3525,5540,181002,2365,7810,35148,4288,3744,3353,2259,3103,3571,5283,5494,1560,3673,6644,12113,5847,15466,5227,200797,4662,4371,5202,200662
4/10/2025,2775,5620,4087,3845,6820,5382,3773,7317,8836,2860,2955,6032,2000,3790,1859,1290,4082,16390,3090,6890,22885,2675,9495,36023,3255,6395,1206,2655,9135,32883,2775,5620,4390,3845,6820,9024,3165,6456,6813,2365,2327,6711,2000,3790,8051,1290,4082,15519,3090,6890,20095,2675,10517,36023,3255,6435,18337,2655,9135,32883,5385,5229,5045,5308,8488,26536,6828,8930,3388,3820,4575,7201,7608,12169,10250,22295,3995,1266,10240,21770
4/11/2025,1040,2202,8319,1683,2983,1824,1550,-3341,14414,680,-105,16681,1150,4801,13215,1390,5714,25720,2085,6099,25951,2915,13461,36274,2070,3420,208,2865,11702,25300,1040,2940,8651,1683,2983,12805,1550,-1322,13569,603,-2527,5008,1150,4801,13215,1390,5714,25720,2085,6099,25951,2915,13461,37392,2070,2340,12931,2865,11702,37732,-97,8834,2498,6672,3347,8238,-1610,6857,4410,5876,5608,10901,5915,10898,5420,26748,5600,4301,5415,28983
4/14/2025,2545,14614,13958,1890,4423,7701,3376,13211,13868,3184,7240,12101,2825,2142,6046,3555,3474,6761,4245,5505,3230,4800,42,-1565,3685,-291,2235,4560,3355,-2933,2545,5062,13427,1890,4423,5324,2094,4658,1122,3274,6985,9494,2825,4165,6953,3555,3474,5484,4245,6490,-147,4800,-797,-15545,3685,5743,938,4560,-336,-12554,2636,2656,3708,6868,3605,2417,4690,11741,3502,9811,4620,12709,5015,7643,-3075,2,5020,3737,-3570,-133
4/15/2025,2305,2075,77,2549,3183,-3872,1020,354,-3443,1785,2159,-1933,3990,8060,10463,3754,2520,1304,4265,6496,9475,3878,-6490,-3612,4050,641,2528,4308,-4485,-7369,2305,2159,-1883,2549,3183,-3250,1570,267,-5165,2375,2455,-2080,3990,8060,12035,3754,2520,-373,4265,6496,6056,5159,-2897,-36457,4050,7646,7905,4308,-2940,-36405,540,2844,1396,-4062,473,2784,1797,2007,6530,7482,750,1326,6380,6770,-2965,-118,-233,1010,-2875,1653
4/16/2025,410,1150,2322,-565,1768,4342,-1097,1645,-4249,-505,2230,4911,60,2901,-6237,665,6115,13435,529,4807,13868,1870,5965,17131,745,4570,2494,1785,5179,15864,-505,1943,1569,-565,1768,1483,-800,2251,1158,-530,-112,756,60,3565,1937,665,6115,13184,785,7743,16236,1647,4309,37141,915,4242,11391,1785,5429,34231,914,1831,1478,4157,685,1831,1983,4157,-85,-5642,5121,13819,9537,1106,12270,16088,4701,658,12175,17768
4/17/2025,660,3768,12474,575,2680,12975,3232,6574,15195,1000,2042,12586,1390,9326,17147,1655,5671,13429,3641,8027,19874,2026,1720,12015,3506,9740,2222,2021,1118,8300,660,2042,12474,575,2680,11632,1250,4225,11708,1698,3482,9798,1390,6662,20278,1655,5671,13457,3641,6863,18530,2026,1441,-4223,3506,11751,15343,2021,540,-6922,4130,9194,2845,7426,5908,9194,4292,7351,3685,7900,2194,-2887,2965,4562,1823,1483,6348,7470,2400,1118
4/21/2025,4160,5319,11704,4245,6940,12521,2977,6195,15086,4080,8067,12307,-60,1020,-4707,1895,6578,9980,2330,9845,17747,2595,29902,-1490,2245,4024,-3600,2520,28111,1445,4160,6970,11704,4245,6940,12978,3061,6838,16279,3845,6677,9103,-60,1020,-638,1895,6578,1595,2330,9107,11575,2595,27134,34570,2245,7102,4560,2520,28211,34310,3775,9695,4639,12160,4002,12297,3218,12888,7987,918,484,-1240,2153,7878,16611,12241,1021,3867,16386,12241
4/22/2025,2516,8464,8998,2850,6105,9340,4465,6220,8803,3269,4877,8250,1895,14735,17193,2465,5944,9472,3242,18615,14836,3970,464,6566,2847,12199,5487,3950,1854,5823,2670,7293,10690,2850,6105,9970,2606,10054,7269,2894,3919,3849,1895,16679,17155,2465,5944,6070,3335,17030,12240,7460,3795,-5544,2940,15770,10961,3950,754,-4523,6209,8923,3786,6643,6731,6338,3463,9516,3559,10231,14264,5532,3645,8782,1651,10223,14326,12406,1641,8818
4/23/2025,1270,2428,4117,1195,5911,3237,1661,3431,2194,2140,2619,7090,3255,5036,2342,2280,3952,8788,3595,6706,3364,4115,9476,-4809,3715,4578,265,4070,7845,-7003,1270,4246,4337,1195,5911,4635,2210,3358,2440,2599,4732,8486,3255,5036,6026,2280,3952,11882,3595,6706,18087,4115,10402,17760,3715,4852,14183,4070,7918,16308,3032,4136,2355,5560,3333,9677,4350,7249,3230,-1818,5728,11139,7456,-2032,7729,20734,-69,-387,7709,-6744
4/24/2025,1115,1504,5327,660,1744,6131,-411,740,5110,1405,2367,6251,2370,-2165,-5380,2940,5142,6065,4600,4617,-1718,2720,10602,25397,3990,-211,482,2625,10597,22969,1115,2055,5327,660,1744,6131,780,2091,5772,1975,2597,4046,2370,3757,-3154,2940,5142,9172,4600,6842,16112,2720,9464,39750,3990,5150,7622,2625,10597,40297,1266,8207,2356,8601,987,8207,2708,8631,727,-3170,2988,2701,6525,-489,10776,33455,635,-428,10731,32541
4/25/2025,360,-1331,-5398,836,3655,-5398,465,-1461,-5398,360,1598,3352,1185,-1149,2027,950,3020,1239,2245,2887,-861,2775,7850,17682,2110,-1719,-4625,2670,8837,21275,360,377,-1844,836,1664,-2594,931,-1231,-2594,384,-1160,-390,1185,3669,4267,950,3020,6522,2245,4772,8876,2246,7043,31380,2110,2670,4145,2670,7850,32909,-1147,494,266,5587,-200,494,921,5587,1089,3112,5325,11330,6839,14492,7412,19821,-2088,-1014,7412,23843
4/28/2025,-347,1781,4100,-205,700,2068,-962,-520,1650,160,230,1982,-555,-3990,-3715,-255,-3380,-3205,260,-3790,-1025,355,7337,5769,75,-1096,3390,355,4211,2424,815,1277,-87,-205,700,2300,-650,-270,-72,160,575,3017,-555,-4095,-5744,-255,-4560,-10249,260,-3965,-13138,210,8319,-7630,75,-5030,-16441,355,2318,-13815,1814,6467,3152,6651,1942,6085,2902,6936,-2927,-1339,-2490,3761,-3028,-2658,2800,17561,-444,5652,1635,15810
4/29/2025,-1215,2164,-3860,645,1962,-2842,1301,4076,-4916,-680,-1208,-1842,195,2734,11512,-195,-1863,-1680,1795,-278,-1274,460,-2913,-3235,1798,1047,-208,385,510,-3395,-510,2095,-6607,645,1962,-1267,1301,1322,-456,5,-2438,-3693,195,3039,14210,-195,-1609,2697,780,-530,3444,2451,-7052,-10133,705,-973,1719,255,-4800,-11013,1240,-4393,807,-2528,3071,-3508,195,-3409,4851,13011,1884,-1027,162,-2549,-1119,-3750,1346,2624,-1119,-4091
4/30/2025,640,308,-4530,780,1064,-4530,384,680,-4530,340,1577,-554,1730,3371,7704,1545,4850,-6435,2270,5796,-5415,1920,8111,-5855,2070,5342,-1014,1465,6149,-7495,640,1317,924,780,1064,3476,635,1600,3166,-530,1455,1661,1730,5512,26525,1545,6155,7167,2270,6911,28084,1920,8081,18776,2070,6604,27490,1465,9159,17721,1261,731,1381,2359,1701,2022,1616,1269,2938,4879,2386,3813,4592,-6745,10634,-5245,136,-1070,10474,-6395
5/1/2025,1115,2155,740,461,-1805,6331,446,1405,1857,2020,1576,3399,1755,2531,7655,1738,828,4732,1805,2709,1994,975,2479,1870,1740,483,3260,975,4329,575,1115,-1255,57,461,-1805,3188,446,-2636,3613,1290,1735,-99,1755,3971,10852,1738,828,1620,1805,170,-3876,975,-6748,-38404,1740,334,-4536,975,-10226,-39200,-566,4550,-1522,3554,-1608,2230,12454,5921,826,7982,499,323,9309,-16,-2890,6784,1311,2330,-2890,6788
5/2/2025,1788,2472,5550,672,1952,8951,932,4757,6652,709,149,877,1520,4362,-4728,1755,5017,-3940,2200,4544,281,3091,-560,-1520,1950,2169,-2177,3306,-394,-1001,429,869,2762,672,1952,3645,199,3180,3760,775,722,1543,1520,3072,-12106,1755,4550,-5833,2200,2980,2884,3306,847,4068,1950,3325,3404,3306,2661,4968,4745,-274,5525,4682,4561,2891,4578,2802,-1204,-5995,332,-2747,1447,1682,-2001,845,2202,-5995,-2001,1326
5/5/2025,930,3573,4850,2763,3043,6038,2989,3293,7269,825,2279,4627,2245,2095,4576,2288,3585,1562,4260,4296,4773,2769,3002,-2208,3445,3791,2916,3129,2445,-4120,930,2325,6946,2763,3043,3052,2989,3730,5133,105,2198,1318,2245,3022,9958,2288,3312,9662,4260,3352,13018,3129,2034,-340,3445,2832,11633,3129,2034,-340,2396,8680,1819,8638,3535,11678,1070,9031,-790,631,5917,5844,8330,-342,9451,-6212,10264,6923,9451,-5421
5/6/2025,585,1247,4195,780,1832,5592,1582,2556,4742,925,739,5365,5150,10387,23945,4035,13797,27582,4935,15528,43869,2510,12932,1960,7349,1910,2657,6662,12844,-1043,535,739,4940,780,1832,6411,925,2423,5375,1331,1210,3935,5150,12025,35277,4035,13797,35901,8360,18675,46392,7328,15359,48729,8760,17161,45063,6857,15968,48968,695,182,747,462,1102,916,658,-367,6586,17919,8548,23113,21292,13899,21330,4652,10371,10215,21330,-2270
5/7/2025,2370,4719,12600,2944,5168,14042,3209,5650,12479,1805,3067,18807,2612,4588,26158,3395,5410,23495,2832,6423,32779,2882,5184,18627,1780,8218,6629,2882,5103,22123,2370,2939,22902,2944,4196,25012,3215,4918,24178,2525,5879,28330,2612,3895,23061,3395,7005,24920,2832,5220,24426,2882,8246,37091,1780,3980,27020,2882,7474,41874,7020,14220,5121,17306,9213,17790,3380,17306,5571,18696,5195,11583,10064,23734,6975,14448,4401,5964,6965,18108
5/8/2025,2570,3299,4131,2272,3399,-483,2484,2978,3897,1995,2365,2516,1280,1691,9411,2011,1386,-1047,1440,13627,8741,2222,-352,-3453,1680,1566,2036,2217,2788,-3653,2570,3335,4250,2272,3399,-956,2484,2078,-2354,1345,2215,-3323,1280,1691,11304,2011,1762,6670,1440,13519,-3631,2222,10601,-19814,1680,11947,-6691,2217,10601,-40243,-1580,110,-1510,1333,-39,-2457,-1081,-47,2854,6045,-536,-1115,-296,-3797,-3743,-3418,1435,1769,-3743,-3554
5/9/2025,3300,3047,-149,3090,2004,-762,2208,368,-138,3250,50,-2625,2815,6265,15080,2292,8167,9448,3200,5286,10816,3568,-2785,-5675,3350,4793,5423,3568,-1767,-7495,3300,1050,-1899,3090,2004,-1814,1945,449,-1814,3458,-258,-4578,2815,5907,20494,2292,8167,14269,3200,6140,17269,3568,3812,-10930,3350,6080,18089,3568,5057,-4319,636,-5150,377,-1616,-1157,-5150,-1070,-1616,5000,15517,3857,11310,6123,22933,2956,-6975,2353,2898,2546,-7315
5/12/2025,295,-1019,-1536,360,3603,-4404,-170,-568,1286,380,-980,-5940,-1025,-1330,-4156,-1385,-3790,-7316,-1145,-4098,-4883,-1325,-5959,-1555,-1405,-1688,-3945,-865,-4455,-3131,295,4308,-5236,360,3603,-7090,-170,3598,-7140,-1165,-1275,-5477,370,385,-637,-1025,-5785,-8371,1010,-1798,-2488,1548,3821,-3134,625,-1798,-3310,1115,4616,-1920,-223,-6020,3067,-6020,-281,-6020,2048,-6020,-2960,-6436,-4485,-7314,-6310,-7439,-5905,-6600,-6310,-5875,-5905,-5865
5/13/2025,2878,5531,10014,3969,8215,11123,2831,6358,10089,2336,7079,14560,1060,3502,325,2119,6110,19857,3359,5583,28743,2859,13584,958,2599,2558,-4725,2859,10417,12848,2878,5531,11473,3969,8215,11565,3401,6788,11770,3041,6105,13530,1060,3851,15611,2119,5813,18505,3359,6652,26901,3980,13500,17000,2599,5932,27665,2859,13668,20185,4819,4561,4043,2328,4586,217,4444,4153,3213,2252,9730,9657,11305,13960,9719,10025,-1261,-3915,9719,6058
5/14/2025,5485,6462,6187,1996,5035,6187,8745,4890,6187,5540,6222,9507,2656,11875,19082,2666,13795,21462,4388,11904,19825,1872,11978,-2478,2707,5244,8997,2751,10240,4789,5590,6462,10409,5330,5035,10409,8745,4890,10409,4306,11421,9258,2656,11973,31959,2666,13795,25992,4388,11788,30362,4701,13853,28420,2771,11788,30562,3466,13955,29048,5136,5008,6443,9578,5737,5008,4920,9103,6872,18447,7543,18007,10111,18205,15697,7284,5091,5644,15457,10538
5/15/2025,3331,6498,11179,3365,3456,12334,3034,7206,15530,3460,4249,14135,1995,4928,2765,2590,4247,4407,4014,3727,6041,5315,2548,-5957,4072,1104,-3727,4860,2427,-6033,3331,3319,11179,3365,3456,13473,3911,5266,16480,4175,6967,14688,1995,6545,6082,2590,2902,2466,3745,3462,2975,4844,1951,-12296,3070,1692,1171,4860,2548,-11403,1723,11362,1180,10189,4448,13872,255,11349,3181,5328,-1111,6969,2779,10213,-1189,-6033,1942,-1966,-1189,-6193
5/16/2025,50,148,2305,-170,250,3094,185,818,2231,-20,-895,1963,2110,-4430,-6835,1740,-3615,-5390,3285,-4461,-6267,1155,-2962,-4183,3719,-2930,531,1155,-1117,-3203,50,305,1963,-170,250,1963,185,638,3096,-965,-1345,1960,3315,-7115,-17950,1690,-6275,-12395,3285,-5060,-15021,1155,-6749,-7635,3719,-5158,-10555,1155,-6333,-5411,-285,1377,711,2427,-569,1377,711,2762,-2285,-7434,-1545,-3987,-1353,-1884,-3841,-4385,-5625,-5370,-3841,-4545
5/19/2025,-230,2758,6907,1015,3578,7559,2147,2916,8557,0,3525,8011,-73,-504,-1554,30,50,5670,3568,2611,5515,780,4109,-1668,1643,540,-3905,3612,2101,799,-230,3525,6907,1015,3578,8274,2750,3271,7974,285,4561,11521,-73,315,-1100,185,-190,5720,2030,4300,8688,2854,3425,20127,1210,3430,10506,4220,3757,22651,3531,6930,1629,7444,2244,5015,3577,8588,-3375,-6357,2865,6960,3077,-1590,-1213,-3487,-1560,-5095,-1833,-2344
5/20/2025,4325,8260,13578,4605,9648,14453,4300,11246,15303,4100,5601,11190,4885,9526,13180,4484,9510,1278,6070,7893,11265,3880,5900,-3556,5950,2511,7455,4470,5230,-2396,4325,8650,14016,4605,9648,15727,4300,10293,16577,3775,3385,14719,4885,9526,18566,5065,8220,8704,6070,12704,10623,4181,5670,-7938,5405,12364,11767,4470,6055,-6750,8699,14891,9749,11771,9393,14891,8784,11771,1589,15489,-1731,7065,-1110,10309,-5686,780,2189,9089,-5686,147
5/21/2025,1830,1700,-4133,1570,1402,-3146,745,748,-91,1095,220,-2261,1080,1850,-2340,1850,3635,1810,2030,6249,-2984,4921,6841,3791,1135,3239,-241,4651,1828,-3900,1830,1700,-1672,1570,1402,-2435,745,837,-1117,555,101,-5843,1080,3770,3006,1850,4650,-4320,2030,6720,-5036,4921,11254,-21987,1135,5235,-3075,4651,10156,-25860,741,450,1420,1650,193,-471,1690,585,1720,-4276,1395,1930,1679,667,7300,8264,3430,-4230,7295,-7282
5/22/2025,1749,3972,6221,1625,4992,8805,4123,6604,12633,2628,5280,8222,1740,5370,16837,2190,6194,12455,2387,6270,15089,2980,11042,-5192,1996,4251,1330,3659,8982,2549,1749,3972,6705,1625,4992,8744,1607,3725,9057,2870,4673,10953,2280,5370,16295,2190,6194,11416,3096,8210,7197,3639,10949,-18004,2931,5974,4992,3859,8070,-20255,2377,8322,1848,8233,1175,7832,875,8233,5837,16203,4812,8650,6046,9007,2074,10683,4402,2287,2074,8292
5/23/2025,550,2532,300,1147,1732,738,1970,2847,300,883,1744,88,3110,883,-2285,2570,2414,-47,3712,229,92,490,3849,-3955,2735,-290,-4385,1910,-1247,-3718,783,947,-2845,1147,1732,-3377,970,2107,-3377,1118,-1370,-422,3665,-114,-8026,3870,2010,-15408,4820,574,-11511,1776,2886,-24747,4320,1263,-6659,2860,3749,-22222,2380,1337,1544,82,2385,1337,2356,82,-4254,-5132,-2658,-4103,-1841,-4001,2170,-3916,-3319,-5990,2170,-3414
5/26/2025,2650,6726,3749,3261,6066,3749,2956,3762,3749,2755,7881,2217,3355,5256,8452,2985,4831,4816,3545,2761,6805,-615,-3298,-1624,2820,2991,781,-1655,-2053,-5424,2650,6726,3387,3261,6066,3387,2956,3781,3387,2100,5306,3238,3355,5256,8818,2985,4831,5290,3545,4271,4902,-65,-1938,-9742,3275,4271,4902,-65,-1938,-9742,1300,-1007,1300,-1975,1215,-1007,2250,-1975,-2085,-1399,-2812,-4490,-4588,-4495,-4193,-5025,-1688,901,-4193,-4135
5/27/2025,2403,5193,2650,3085,6591,1961,2063,4055,2617,1150,5986,1784,855,-4285,-5036,3540,6345,3090,4703,-1025,-5060,2375,8113,2102,-342,-1985,-3198,2418,8182,1025,1725,6741,1371,3085,6591,2490,3705,5033,2012,1355,5041,84,1445,5635,6265,3540,9325,8770,5090,8020,17044,2418,11175,20289,3630,7475,17147,2418,12587,22066,3983,-1012,4729,-3972,3197,-4790,4739,238,-3740,-6995,7610,5035,10205,-868,14067,239,-2590,-5395,14067,4487
5/28/2025,1230,2140,7334,1675,1202,10133,1507,965,8835,1675,5576,1504,2320,7464,2649,1880,7984,7737,3765,7572,-3880,2715,1637,-5004,2415,444,-2065,2615,656,-7034,1230,1204,-7574,1675,1607,1639,1507,2064,1634,765,1146,1917,2320,9814,10675,1900,10129,15439,3765,11519,13241,2620,7612,4496,2435,10219,13458,2615,8750,5748,626,5787,5051,4721,2332,5787,5325,6531,4194,3326,6144,3356,6492,5713,8683,1839,3114,-2060,8683,1035
5/29/2025,2215,4684,1201,3218,5806,255,3356,5285,-1571,1760,4031,300,2280,5282,19337,2200,6851,18409,2535,8423,17724,2210,7192,-765,2355,936,2774,2210,4974,-1374,2215,4816,-2834,3218,5806,250,3356,5432,1644,475,-135,-20,2280,6368,18977,2200,6851,18884,2535,8824,18548,2210,6567,9335,2355,8220,16436,2210,6872,8997,1774,-3143,1400,-2563,2056,-3143,810,-2563,6651,23376,3573,20198,8437,17924,10946,25589,5876,1374,11610,25363
5/30/2025,850,3921,9255,1640,4681,12247,1038,2653,6596,1405,3254,13422,350,2207,61,220,1950,417,2123,-1850,5385,1370,4038,-832,1928,-22,6665,1380,5842,11971,850,3921,11122,1640,3699,11985,1038,2220,11468,1460,1776,5856,350,2572,2429,170,780,-1544,2123,370,4767,1370,-2899,-5410,1878,1375,2644,1380,-1757,-8846,2535,8460,3383,11056,2745,8731,3418,11587,-2388,978,-542,-1376,2438,4105,-1127,-5378,55,4765,-1816,7222
6/2/2025,390,-2099,-3849,-1800,-2890,-3718,-1625,-1950,-4355,-160,-2868,-3233,1300,-2541,-6967,900,-3380,-6055,-375,-3886,-6716,1875,12157,19290,685,-204,515,1825,11448,22641,390,-1498,-2259,-1600,-1518,-1566,-1625,-1543,-1566,-705,-1573,-2771,1687,-7106,-19536,900,-5405,-6950,682,-4375,-9724,1368,14682,40304,1782,-3931,-9668,1825,14779,41227,1358,-384,2326,1408,1401,-399,1401,392,-4405,-7308,-1120,-5246,-185,-4894,14246,18477,-1604,-290,14246,22022
6/3/2025,2135,1770,7877,3232,6438,6652,2631,5163,4203,1185,2890,9076,1870,766,-4178,4510,5689,8164,3201,4924,7792,4410,8324,-4822,2957,875,-4175,5010,6359,-3978,2135,2861,10456,3232,6438,9820,2923,5683,6922,1615,4347,12369,1870,4654,3463,4510,5689,8164,4367,5724,10022,4929,7799,9396,3042,5479,10276,4910,7368,10914,4648,8204,6190,7841,5594,5728,5858,6035,-1705,-6910,2650,11027,5470,12494,8158,-3158,758,-4975,7351,153
6/4/2025,5550,4443,2673,3635,7184,-1199,3604,6034,1876,3879,5393,342,1688,9163,27726,2255,15253,19750,2267,16275,24865,2870,14525,5624,1737,4814,9946,2870,9774,4496,5550,4223,494,3635,7350,-1378,3604,6220,-1378,5105,2818,6480,1688,9621,37416,2255,15253,27566,2367,17126,32933,2870,15430,11251,1737,17859,31251,2870,14160,11576,-52,-388,-569,-457,94,22,-432,-896,10600,5574,7542,5132,11072,5807,18386,-2146,4997,266,18386,-1669
6/5/2025,2115,2337,1755,555,3896,4253,2077,2829,7835,1924,1296,-696,-95,9076,647,160,8397,2028,605,13035,-7390,3075,10871,20549,95,79,2533,3120,9710,23249,2115,1581,-4133,555,3896,-1945,2695,2298,1181,840,-1731,-4946,-95,8366,-2228,160,8397,826,605,12492,2978,4151,12592,-1521,95,5865,-1419,3805,13180,-2821,4057,-4003,3844,2791,2850,4565,694,4315,10010,3529,7855,7339,12706,7097,11020,15322,2625,3380,11005,17881
6/6/2025,7237,8705,7256,5344,9062,6512,6374,9185,5180,6324,8561,6512,1489,2244,9075,2580,3585,7904,3345,321,-3544,1867,-5598,-4753,2215,1501,4314,1452,-3508,-5824,7229,8516,11763,5344,9062,9090,6374,9178,6089,2482,6991,10410,1489,2713,13154,2580,3585,7899,3345,321,3091,3179,-7783,-23931,2215,785,267,1452,-9228,-24305,8000,6005,5297,8986,8186,6005,5762,9096,5992,26188,2867,18149,1419,12247,-2442,-4337,5077,17899,-2442,-6079
6/9/2025,2018,5190,2668,3583,4730,-84,3370,3852,2668,2415,4060,68,3842,5901,14430,4005,2061,-635,3859,2344,-2562,2150,-1329,-4761,3134,6310,5842,1975,-2573,-6457,2245,4815,3496,3660,5315,-2029,3525,4840,-2029,3112,5758,4078,4275,5457,14514,4005,2061,-1265,4350,2355,-2307,3443,-9796,-49915,3840,1843,-2312,1975,-11042,-49915,3649,-3184,-775,-920,1723,-3184,-915,-920,14205,11378,8081,-4240,9293,-533,1897,-5081,9966,3932,1897,-6531
6/10/2025,1710,2564,-901,2522,5268,285,2127,5010,-926,1540,2095,1774,3095,9545,18560,2695,8232,21775,4110,8485,24276,3720,7010,9279,3565,3045,2945,3795,6288,10759,1710,3717,-1020,2522,5268,2269,2105,5283,2324,1040,1473,-3820,3095,9376,18920,2695,8232,24177,4110,8875,26975,3795,5200,40341,3565,8195,24575,3795,7322,41429,797,49,695,862,557,-81,680,862,7683,14719,7759,14887,10757,17983,7845,7190,4378,4070,7845,8787
6/11/2025,1925,-49,-405,1367,1155,-3671,551,295,268,715,135,-4578,1503,4000,2761,2297,4667,6432,2575,6334,-6734,4024,3025,4422,1185,4189,1035,5655,2624,6076,1925,35,-4543,1367,1155,-4803,551,575,-3006,-1135,-4425,-15250,1503,4000,-518,2297,4667,6432,2575,6334,-4328,5925,1465,-13303,1185,5270,-5825,5655,3140,-14254,2151,131,2936,3698,2558,3363,-364,-1657,5440,1689,7069,9472,3381,3915,14690,6712,5294,206,14365,12388
6/12/2025,1515,-57,3818,1960,2925,3818,2954,3432,3818,1055,2711,3902,3183,1625,5634,985,5378,8784,2153,228,12031,4922,4167,-4283,4135,-1263,-3128,2635,4883,879,1515,92,9475,1960,2925,4142,2954,3606,4142,1630,-654,2672,3183,2460,17633,985,5378,8336,2153,791,17128,2635,3780,-20603,4135,-231,16368,2635,4661,-24680,476,-1933,-981,-3434,476,-1933,-981,-3434,2775,12058,-2950,-3770,14567,13952,10402,-5609,10880,206,10012,-6229
6/13/2025,3500,2774,282,2907,1994,4916,4582,2649,1272,3664,3788,729,615,1096,-2035,3365,5027,-3583,3647,7725,379,4210,188,-5776,3600,4970,1318,4370,1406,970,3500,3538,-2465,2907,1994,1225,2992,4468,716,4275,5159,2140,615,1755,-3740,3365,5027,-4177,3647,7725,-2631,4380,13375,-9484,3600,7660,1269,4370,12576,-10333,2687,-1701,3488,-3171,3650,969,2213,-4295,1075,-1923,1850,-5622,3443,-3169,719,857,4109,4195,774,-2023
6/16/2025,598,5692,2664,1189,3611,3214,2412,3082,4285,318,2549,2741,1765,2926,-3041,1980,3132,-2331,1882,5195,-5752,1456,6891,4120,2120,1417,1040,1770,6241,823,598,3024,2053,1189,3611,2603,1030,1983,3111,488,918,5002,1765,2330,-11489,1980,3552,-12676,1882,1507,-22476,1980,9777,-30144,2120,6375,-26056,1980,5352,-33716,5776,2626,5776,5040,5563,2626,5636,5240,2883,-1677,3894,-2811,10021,-4002,14998,-323,2719,3273,14998,-3532
6/17/2025,10,546,-5725,-305,2340,-2876,-46,1825,-4261,145,345,-3460,1175,-103,-6627,1775,3565,-7420,2160,-2130,-7495,6713,2271,-2132,1910,-1628,1378,6623,-584,-6077,10,845,-3455,-305,2340,-2950,170,1825,-2870,-475,-1170,-4095,1175,1417,-4861,1775,3565,-4963,2160,3760,-5520,7278,9666,-31157,1910,2265,-5520,6623,7755,-31407,1593,-4983,1700,-2810,1051,-3260,1765,-2799,-3915,-6944,3468,-7453,-1587,-7478,-6270,-6972,-1051,917,-6270,-7477
6/18/2025,1455,3232,3175,1765,1774,4077,1853,2278,3229,867,1064,1247,2145,4971,-1026,1125,1334,-3807,3514,5475,6223,1695,3631,13014,890,2290,1706,1685,2041,8979,1455,2921,4692,1765,1022,5057,1853,3149,6682,787,-1273,-8564,910,4169,-4598,1125,3139,-5727,1200,4904,-7865,4589,9941,-12771,890,2706,-6441,1685,4315,-14000,2927,4556,2037,5587,5108,6681,1042,6098,5435,3020,1116,-237,6665,1266,6141,13954,6415,4185,6136,15654
6/19/2025,1250,1165,-1980,1904,2192,-620,340,1322,-620,655,695,-1729,4810,7419,7673,6570,6481,5838,6328,5781,8923,7683,4967,815,6463,2592,586,7683,6357,2263,1250,1165,-1729,1904,2177,-369,340,1307,-369,675,-1995,-1835,4810,7419,8629,6570,9027,10624,6328,8319,15154,7683,9738,35882,6463,8319,12341,7683,9738,33069,-383,-2660,-1710,-5760,-1710,-2660,-1885,-5760,3865,10225,6845,-569,2110,2338,7920,-5220,2080,1920,7920,-5220
6/20/2025,2245,990,-2525,2832,3705,-3400,1040,1049,-3895,1430,1718,-4338,2150,9113,7298,1725,7412,12162,2590,13080,7498,2380,11112,-4447,1605,3566,-4335,3791,14607,-6216,2245,1833,-4637,2832,3705,-4619,838,1049,-7974,-444,-2180,-4484,2150,9113,9785,1725,8052,18157,2590,14093,11650,2380,11031,16746,1605,11741,12054,3791,13316,22367,1766,-4404,-85,-4016,2405,-6141,216,-3114,10229,11219,10852,11759,15525,13893,16801,-6189,13980,-4115,16411,-6968
6/23/2025,980,2348,5040,1420,1893,5410,878,1571,1860,1420,1833,3171,355,4371,7863,210,4231,10212,-159,5126,4197,745,2235,12745,-461,2413,6741,-40,5681,11640,980,2348,5195,1420,1893,5410,878,1571,2171,1540,1995,650,355,4371,6238,210,4231,11354,865,4642,11458,180,5980,41049,230,4920,11714,-40,6290,42702,2600,9931,2376,9261,267,9411,1140,6839,3447,7265,4314,8334,5767,12300,7683,16635,3561,3349,7683,13011
6/24/2025,1420,4057,4110,1895,5115,5287,1706,5493,4980,2400,3271,6096,857,-4390,-6985,1145,-2900,-7035,1640,-4435,-6648,3536,21491,-1412,2837,-2885,-1837,3030,27028,-246,1420,5160,7082,1895,5115,7082,1706,5493,7166,3361,4964,9161,1372,-5090,-12245,1145,1720,-3577,1925,8287,-1422,2065,21545,43107,3972,8287,-2340,4085,23387,43107,4043,4881,4043,4881,4028,4881,2971,4881,-3695,-6638,-480,-1660,5634,-5693,20164,-2917,-2093,-5875,20164,3122
6/25/2025,770,4294,1691,2042,6325,3484,2087,5930,3426,705,1552,4116,2101,-3180,-4628,2914,-1479,-5501,1780,-2447,-6555,4665,-4329,-4041,1095,-2020,-4230,4665,-2519,-4715,770,4567,2290,2042,6325,4289,2087,6039,5807,-300,2218,6924,815,1165,-3160,2914,1046,-6890,1780,7751,-3956,4016,4764,-29737,1841,7496,-4294,4665,6317,-30514,2605,888,1201,2401,2605,888,1201,2401,474,-7495,1866,-6285,5580,-7495,-5471,-5785,720,-4100,-5471,-5635
6/26/2025,-1179,2414,-1731,387,1570,-1413,1073,282,-1731,-235,-1061,-1008,630,-4490,-6188,730,-3880,-5224,1400,-4482,-7498,1570,17375,11360,80,-2040,-4945,1200,8559,13327,-235,2950,-2998,387,1570,-934,327,385,-934,-70,-1610,-4576,630,-8925,-20752,730,-5680,-11615,1400,-5967,-10500,15,16060,37688,380,-6035,-10500,2005,17600,44966,113,-1605,1369,-2589,-202,-1605,1459,-2589,-4498,-7359,-4485,-7265,-4807,-7416,19691,13743,-6585,-5980,19691,13852
6/27/2025,1213,4696,4237,937,4311,4242,263,2427,4016,74,3508,5572,-600,-2819,-1176,-655,-1526,-5492,2886,-3205,-2599,25,-3721,-2509,2951,-229,1192,1611,-3510,-1501,-41,4696,6354,937,4311,6179,263,2427,6904,-610,1967,4756,-600,-3070,932,-550,-6220,-12676,740,-6495,-13511,166,-12751,-57801,805,-7440,-12169,-2180,-20090,-58625,7597,11324,6802,12471,5107,11324,7964,12106,1203,6720,-541,-2180,-376,1389,-4064,-3491,3970,2414,-4064,-4236
6/30/2025,240,-222,-5774,116,-280,-5638,365,5363,-5943,-84,-139,-6749,1945,920,-5512,1670,3707,-4731,2455,-907,-7492,2835,8216,-2396,2090,-2855,1271,2760,3883,671,240,-204,-7011,116,-280,-6819,350,5363,-8933,-654,-1409,-3729,1945,2982,3536,1670,3730,653,2455,2700,-5565,2835,-3250,-31665,2090,3785,-5253,2760,-3425,-31665,-73,-4295,-415,-4625,-980,-4295,376,-4625,1440,-1675,-575,-6927,2654,-7188,249,-4227,516,-1012,-396,-5036
7/1/2025,1915,5760,7192,4392,6243,8905,2923,4031,8737,2640,5683,9457,1438,7053,14324,2045,6719,9381,1503,5358,13787,3145,3823,-3209,1313,4687,1253,3145,6313,-2088,1915,7078,7387,4392,6243,10024,3254,5734,9769,3135,4663,8724,2220,9371,26155,2045,7329,15930,2285,9043,21514,2848,10237,3771,2095,8818,22920,3145,10723,2878,10233,14901,8582,15169,9012,12103,7714,10034,5204,19732,2479,12950,4778,12182,2331,-28,2833,3694,2331,-939
7/2/2025,1985,807,3210,3857,862,2663,2194,372,3343,2325,1047,1984,-1745,-2964,-6990,-135,5671,895,1544,11562,-2191,1151,10219,750,-1160,-2125,-4705,3219,6592,2749,1985,991,5086,3857,897,6766,2178,369,7226,2025,1020,6528,878,11997,-7401,345,5579,7309,2125,10269,5056,2981,16425,61913,973,10269,6574,3390,19073,61434,1261,5324,1959,5679,461,6456,1154,6358,-1740,-5605,653,1715,2205,-3170,29585,-2550,-3071,-5755,29585,62
7/3/2025,1680,2386,5029,1840,3350,4110,2627,3896,4282,2272,3375,4354,465,961,-3386,1460,2130,5115,3502,-339,2593,2370,-4310,9716,3452,-55,-4745,3220,-1960,4574,1680,2805,5029,1840,3350,4110,2627,3896,4493,2282,3644,4855,465,740,1059,1460,2130,4620,2735,-216,5360,4459,7508,15205,2685,-566,4165,2950,6520,15205,4935,6291,4905,5766,4835,6466,4430,5816,-1691,-3980,5620,423,4436,1399,21823,9641,-1933,-4165,21823,10741
7/4/2025,1280,25,560,1095,260,560,350,260,560,1260,125,-2715,1655,-950,-1530,1915,-2570,-3050,1235,-3100,-1435,1285,-3035,-214,815,800,-2210,1125,-875,-4200,1280,25,-2715,1095,260,-2715,350,260,-2715,-305,-1335,-3275,1655,-1585,-2075,765,-3165,-4370,1300,-4955,-1960,2205,-6435,-14076,820,-4955,-1960,2205,-6435,-16590,-1055,-2457,-1055,-4870,-1985,-2457,-1055,-4870,-715,-2260,-3150,-6035,-3394,-1416,-6155,-6685,1560,-2210,-6155,-6500
7/7/2025,495,-1503,242,-180,-1285,1500,-1320,-3287,402,-15,-1059,480,5375,2245,-3814,4740,7755,16410,5730,6298,17999,10140,21694,13186,5365,3036,-3146,10140,20843,18016,495,-955,-2383,-180,-1285,-890,-1320,-2670,-890,-2890,-6105,-9060,5375,2245,-231,4740,9188,17195,5730,7164,17999,10140,21806,82219,5365,7164,16953,10140,21463,81289,1853,-6085,1695,-2616,588,-6085,1695,-2616,3405,-5200,9704,15965,6562,21191,20214,18243,4386,1819,20214,18603
7/8/2025,1211,4312,-790,2887,4831,-3941,2335,5387,-3046,691,4337,-3880,3260,4612,6991,4810,4113,6407,4482,7640,23153,7880,10028,-3682,3950,4000,2882,7880,10229,-4650,1211,4312,1645,2887,5389,-2932,2335,4560,-2037,65,1995,-213,3260,4612,18251,4810,4113,6964,4482,7640,23631,7880,10312,12729,3950,7955,25350,7880,11432,13312,1336,-3697,1411,-3574,1336,-3697,2271,-3574,5572,13513,-1362,6147,6368,12961,-5575,-2980,6445,5855,-5575,-3220
7/9/2025,1650,706,1870,3000,2402,1746,970,378,-448,550,1340,2063,950,-2995,-5338,715,-3191,-1704,-345,-2035,-6097,1260,-838,-1775,975,635,273,1260,-270,-4038,1650,1340,2936,3000,-205,727,920,-1520,-2443,390,-935,-2708,950,-5597,-10249,715,-3365,-5793,-345,-3895,-10435,1260,-946,-9960,975,-4880,-13006,1260,-1055,-9802,5836,4188,1010,609,-357,-2459,4435,2272,-2458,-4222,2356,2316,1829,-2679,7497,1876,1350,567,7497,1506
7/10/2025,1268,3331,4414,-642,3684,4256,1402,6343,4364,181,1473,1961,4716,5936,2505,1835,-2028,-7465,3487,-3513,-6766,2396,-5655,-4061,4011,-698,571,-237,-2826,-7250,181,2669,2315,-885,3684,381,125,4569,-1079,546,3064,-2604,4950,10807,14602,1835,2180,-3798,3940,340,-4617,2104,-17797,-54147,4275,-173,-7330,2119,-18965,-57760,5290,1121,6190,-699,5411,1121,8344,-699,1241,-898,-4073,-4155,-3355,-6172,-4506,-5624,-4095,1285,-4506,-5624
7/11/2025,870,2947,-2146,355,1072,1869,1271,1938,-1146,1585,75,-1051,1459,362,5872,961,-1128,-1666,-279,-1305,-5231,3492,-1434,-3656,128,2183,435,3261,-4494,-2813,1350,2277,-642,1025,2006,-4375,2116,2006,-3375,1590,2502,-1945,885,255,14160,961,-1839,-674,-195,-1724,-5260,5384,-97,-26130,384,-594,-4762,3886,-210,-26024,5019,970,1075,-1180,4627,970,4220,-1180,8768,11651,2871,-1280,4370,-3295,2660,-2985,6748,3549,2660,-3055
7/14/2025,1430,1700,66,1350,2839,2335,665,2876,3029,2298,1653,1032,2706,-3258,-4367,2980,3690,632,2789,1692,2296,2600,-2685,6598,3583,-1920,-2807,4167,-1506,5138,2545,2951,1450,1350,2839,2234,1687,3301,3207,1848,174,5181,2850,1180,-5987,2980,3790,632,2718,1640,2678,4157,-814,32173,4243,1335,2366,4870,-942,32173,970,-2903,583,523,-1279,1114,733,523,-4095,-6182,-650,9,1681,-4885,-3353,3999,-1334,-311,-3353,3394
7/15/2025,1160,1620,522,1377,1282,-737,1801,2190,-4716,2557,1058,-990,1370,2158,-2537,895,1216,-2285,2860,4163,2333,3986,12064,11262,1839,6,-168,4280,8180,10501,1455,1249,-4457,1377,1660,-2973,1785,2702,-3513,3155,-345,-4910,1370,2158,-470,895,2043,-480,2860,4598,-1995,3691,12303,22650,1935,3208,-2691,4280,12344,22663,2575,-64,3177,725,2575,-64,4416,725,2430,-114,1375,1554,5856,6117,11057,20796,3000,397,9872,20585
7/16/2025,35,-338,-776,-1240,-2480,2151,-1680,-552,2629,140,-1811,-1817,1665,-1,-3501,1115,1326,3852,2135,1722,-1442,1180,445,-715,1975,1014,-841,1180,-935,-1074,35,81,-2238,-1240,-476,-904,-1680,-294,-590,-1815,-2214,-4399,1665,-1,-1889,1115,1326,3852,2135,1722,125,1180,1355,8278,1975,1492,-1080,1180,1340,12598,-260,-1943,-2475,-2618,-556,-1945,-2291,-2583,-1140,-6822,2842,1039,3414,-848,7028,1148,3404,-2158,7028,-4556
7/17/2025,4138,5919,5547,5085,8312,6028,1546,9127,5547,3465,3294,6296,1403,-4150,-6370,4643,2116,3305,3628,-4340,-4749,5342,22916,6867,3648,-2605,-3857,6087,17193,12426,4425,7771,8409,5085,8312,9697,4635,10487,9697,2980,8083,7793,1468,-3127,-7649,4643,5226,6591,3858,10543,1077,6387,29337,36340,4213,10208,1077,7000,29830,36761,6622,2573,6787,2407,7310,2573,6765,2407,-2488,-7485,203,-3740,1623,-6362,2433,10578,-2243,-5335,2418,4014
7/18/2025,794,6927,1720,1679,7742,3417,3180,9593,2007,474,7410,766,2265,11400,17566,2804,12312,27356,3851,21297,9215,10081,1149,-2908,4527,1205,283,3533,-1383,-4344,794,7507,1638,1679,7742,3406,3180,9788,2336,-315,6061,8898,2408,11400,24359,2804,12295,27631,3851,22048,16883,3533,6893,21960,4373,22048,16883,3533,8389,22126,4301,-1423,3998,-1620,4132,-1423,5556,-1620,17733,13795,18192,9378,6366,6974,3550,-2010,2529,3379,3550,-2000
7/21/2025,3411,2614,-1818,1973,-419,-2280,1746,401,-677,817,587,-4421,945,-476,-6978,55,-3585,-6088,425,-4390,-5480,1504,41,4997,-350,795,1241,1672,2577,7102,2111,1207,-4228,1973,-419,-3855,1746,648,-5388,1262,126,-3939,980,-476,-11963,5,-2581,-19310,425,-3515,-25503,337,-6422,-67992,60,-3515,-25503,2,-6832,-68742,440,2902,231,-1557,-370,2371,865,-2708,-253,-6893,-3330,-6991,-3753,-6450,-2725,7754,1596,4824,-2725,5015
7/22/2025,146,412,1394,250,-1137,-327,382,-651,-312,640,-1107,-2378,130,798,-2531,1215,-1676,-1516,5346,1025,-7270,1325,-684,-1760,4931,-2285,-4700,1525,-3449,-646,640,-932,-895,250,-1137,687,810,-431,1347,140,-1325,1375,275,798,-2165,2295,4235,-6276,5346,4796,-11284,1450,3503,-19989,5406,4796,-11284,1525,3291,-19989,7207,379,8148,2182,7309,379,7387,2182,-2927,382,-3422,-6291,-5046,-6104,-4280,-5990,-4506,-5820,-4280,-5990
7/23/2025,1635,2731,-598,1130,1893,681,1260,993,-598,2110,3363,-1112,1969,-4267,-6892,-535,-2377,-4596,-1300,-3159,-7363,2405,1778,-702,2444,-1062,-1557,2545,3198,79,1635,3363,-999,1130,1893,-162,1445,-80,-162,2309,33,-1872,1969,-2885,-15412,-240,-4167,-12302,-865,-2117,-13842,2360,2258,-13592,2459,-1482,-13842,2545,3123,-12882,-2424,-269,999,-58,-2179,-269,495,-508,-4500,-7483,-4095,-4539,-6730,-6877,-6460,-4955,-6590,-5835,-6460,-3470
7/24/2025,6560,5876,2851,3435,6863,3085,4435,6761,2851,6600,2620,4220,3108,12812,12945,2595,9997,14653,3747,7748,7958,1860,412,-5049,3599,8312,-834,1855,1898,-5666,6660,8340,12874,5180,8960,12948,6180,8950,12948,5580,8455,12823,3270,12812,20042,2965,9997,17518,3365,7748,10237,3294,8257,-30211,3695,7798,9654,4100,7650,-31604,5141,-4305,4269,6,3956,-4305,690,6,2617,7308,4277,6892,2955,4109,-836,-6285,4345,3240,-836,-6945
7/25/2025,1973,465,4305,803,1021,4779,1750,2571,3810,935,495,6910,570,-474,-5391,1940,2345,-5302,2490,10160,-981,160,-5017,-1526,1455,1171,1525,1175,-2580,-3477,910,830,11636,866,1176,8631,392,2621,8631,300,-125,9489,570,1471,-519,1940,2345,-5688,2490,10320,-1103,2575,-2526,14927,1115,10320,-53,2505,-2973,15334,5145,12141,4188,11122,5255,12141,4760,11122,-4435,-6485,775,-1425,-4630,-5803,-1816,-2217,-4263,-3355,-1821,-2357
7/28/2025,5685,8285,1445,4908,10230,3743,5976,9872,3309,6295,7981,1631,1135,11047,8373,1915,12742,15650,4310,14823,22477,8915,-1207,-5750,3338,3232,1207,3045,2524,-6181,5685,8285,1946,4908,10230,3805,5976,9872,3830,6050,5491,13489,1560,15200,30360,1915,12742,17410,4310,14823,21573,3420,2451,602,5700,14823,22366,3200,3507,1541,3592,33,3592,-376,3592,33,3397,-2099,16675,11221,11859,8630,9955,5389,-2346,-6418,3645,9042,-2346,-7347
7/29/2025,614,727,5192,564,392,1624,1438,790,4996,665,1185,6159,-895,-3755,-6061,840,-748,-2026,620,-1657,-5635,4653,14171,23481,-65,-2095,-5865,4308,13732,26526,700,1079,5362,664,537,5750,1438,972,6422,913,-385,3274,-905,-4605,-30045,930,-748,16,927,-1256,-7631,4313,13683,53045,485,-1511,-7143,4308,15561,57382,2995,4702,2565,2384,-132,4267,3460,2384,-4155,-7425,2270,5305,-630,-509,15437,28849,-1160,-5995,15432,29886
7/30/2025,2205,1293,8384,2170,4715,8384,3065,4486,6209,2300,-85,13521,4370,9751,8570,3825,4846,7581,5925,5307,503,4210,711,4651,4974,3269,6370,4285,-54,6669,2205,1293,12397,2170,4715,13166,3065,4815,11531,2170,3240,14221,4370,9751,12733,3825,4846,10873,5925,5261,1800,3607,-231,-37109,5162,4736,3265,4265,-349,-38827,6744,13652,2717,11661,6064,15492,2595,12371,3401,33590,6175,16287,5836,9802,691,2905,4125,12984,516,1163
7/31/2025,1165,357,2684,1568,130,2954,1584,-1121,-2344,2490,1540,3143,365,284,-5541,1505,3441,7910,2078,4341,4538,2100,13195,35941,2220,1536,-5660,2100,12961,36347,1165,420,2624,1568,130,3766,1343,-39,2754,1330,1085,7204,365,284,-9415,1505,3636,9558,2078,4626,5188,2100,12529,51848,2220,3481,6940,2100,14153,54382,1700,7045,1780,8302,1510,8888,2085,8860,1823,-5767,3987,9759,4060,7635,14251,45314,2170,11381,14236,50895
8/1/2025,1740,870,-1250,2270,1145,4253,5932,-328,-4461,1505,3065,2733,3375,9244,30782,4705,7487,25738,3642,10381,29804,3507,15943,10771,3287,7392,18540,3507,15238,11776,1740,1860,3716,2270,1145,3672,2152,55,4155,-690,-2080,-1785,3375,9244,32708,4705,8968,23287,3642,11487,35338,3507,17567,24523,3457,11146,35827,3507,15693,28779,3567,3181,2590,4655,1992,5618,720,2615,6161,30630,6418,27410,9489,32043,8344,13707,8701,13039,8344,16429
8/4/2025,1666,920,-2983,1302,1040,-763,1481,815,-2449,1462,2220,-2357,1815,4720,2170,1696,3736,4413,1824,4911,818,1960,3868,5961,1524,4322,2309,1860,4046,5511,2324,-3589,-4544,1302,-3619,-4072,957,-3694,-4122,1357,347,-5398,1815,4720,1735,1696,3736,8506,1824,4911,5496,2180,3199,45449,1524,4911,5496,1810,5065,45449,-3551,-1107,-3089,-4916,-521,-1257,-3355,-4916,88,2448,2082,8015,114,4029,6525,10550,-1194,-219,6525,10550
8/5/2025,1721,1025,-2680,1255,-486,-1251,547,3576,-1270,2036,790,-3551,3045,4475,1801,3842,5848,8848,3908,5763,6902,3483,16329,29919,3638,146,879,3478,15879,31224,1721,623,-4142,1255,-486,-1663,1039,2327,-1453,1105,-2291,-1628,3045,6267,3522,3842,6325,10976,3908,8509,8890,3483,14768,34746,3638,8516,8116,3478,15932,34118,3555,-3643,881,-2993,1304,-4617,1990,-6968,3710,9328,5198,15550,6564,16187,16211,36599,3011,5890,16206,36599
8/6/2025,1240,965,2754,2105,3271,4153,1599,3038,2803,1100,2487,4156,2432,-4455,-6910,1625,-1428,-6408,5287,-4495,-7264,6810,8544,3531,3178,-2675,-1419,7115,8822,6519,1240,2847,3932,2105,3271,4228,1730,3196,4204,1320,2692,808,1570,-4505,-16290,1625,-775,-4495,5287,-3165,-9343,5877,8351,29070,5000,-3725,-8799,7985,9645,30797,2063,4677,3035,4197,2401,4639,2613,4359,-4490,-6925,-2500,-1240,-2357,-4563,6241,21670,-6125,-4990,6241,22235
8/7/2025,410,-965,3555,80,-230,8877,-1343,101,8366,-155,-1069,7252,-855,-4055,-6965,-223,-944,-3774,270,2779,-6386,2105,10977,6150,270,-1981,-5070,2125,5788,12804,410,563,7391,80,657,10471,115,2925,12446,-2005,-3537,-2375,-855,-3065,-14150,-223,-2064,-6004,270,1758,-2223,2105,10838,37035,270,1168,-5675,2125,10798,34270,-524,11598,1938,13980,-801,11598,623,13980,-930,-7445,-458,2970,860,-1479,3705,7262,-2901,-5690,3705,7415
8/8/2025,1645,987,-3707,1639,-1080,-1599,1526,293,-2104,1140,1711,-2407,4015,11026,5168,3275,9844,4834,4360,12331,3925,2224,10731,2722,3561,5215,1440,2163,9978,544,1645,-259,-4998,1639,-1329,-1944,1526,-1249,-1545,2262,2046,-2470,4015,11026,102,3275,9844,6902,4360,12331,7257,1134,10909,49128,3995,11991,7257,2338,12384,49229,1227,-781,1116,-368,1021,-298,2286,-272,3860,-4760,4987,5052,6092,3069,-1071,3719,2720,2820,-1071,4664
8/11/2025,748,2281,1084,1793,2458,1353,1855,2771,1084,1925,1776,1020,1475,-3885,-6945,2005,313,-7280,1140,-2082,-7499,3060,3053,7811,1020,-1357,-4026,2146,48,9167,1325,2698,1619,1908,2381,1997,1793,2566,1997,1965,3907,5258,1475,-3885,-19809,2005,313,-8863,1140,-2692,-14021,2456,5533,-11976,1020,-2757,-14691,2146,6705,-13558,2086,2558,2560,4544,2086,2558,2245,4544,-4038,-7437,-2545,-7229,-3638,-7452,-6491,9027,-6275,-3850,-6491,5457
8/12/2025,1195,-2370,-3745,885,-1570,-3901,-1511,-2262,-5031,-305,-1506,-725,1607,-3927,-6905,1620,-3120,-566,2118,-4307,-6978,2131,7682,10850,1395,-2235,-268,2171,6838,15274,1195,-1698,474,885,-1570,367,310,-1465,769,-1074,-1542,129,2305,-10734,-17994,1620,-3496,-599,3240,-6816,-8014,750,11054,61254,3275,-6930,-6177,2049,12376,63291,-1186,-4255,-270,836,-696,-1722,232,871,-3907,-6168,3,1789,-2242,37,10841,12713,-1977,-405,10841,14561
8/13/2025,-111,1131,-968,384,2092,1493,140,2097,2027,-116,1097,493,6030,4403,-2709,5075,9777,4198,9525,9237,3068,7997,5189,-495,8855,699,6856,7997,6310,-3869,-111,1572,70,384,2092,1495,1919,2216,2251,99,37,-365,6030,6036,968,5075,9777,4796,9300,9793,2319,7997,6311,-4646,8855,9963,4810,7997,7901,-3735,2820,1740,5100,2573,2912,1740,3550,2573,5098,-2265,5009,-1610,3900,-131,2880,-2713,1994,2112,2880,-3392
8/14/2025,1970,6003,-535,1775,4229,399,110,2576,4108,1090,3687,-956,2560,5979,16296,1972,1473,689,3680,3304,7227,5134,-1079,-3887,3660,5148,2250,5759,-623,-6210,1970,3958,-313,1775,4229,1053,110,2534,292,-140,1591,-1199,2560,6783,22251,1972,1473,1387,3680,4658,4126,7757,2089,-31162,4495,4568,2862,6170,107,-34370,2876,835,1317,-157,4130,-1701,2422,-7,10530,10677,5151,-2473,5213,474,-3170,-4976,8379,2629,-3170,-4711
8/15/2025,1705,143,-1837,910,-408,-1904,2108,2120,-5776,1660,-526,-5085,3367,15978,8886,2282,7848,22607,5622,9950,19922,5765,17284,5841,5240,5691,321,5765,16884,10066,1705,-2424,-3914,910,-2646,-6132,1820,-368,-5979,-133,-2870,-8060,3367,17757,16549,2282,8720,25084,5622,11342,20396,5765,16797,47987,5240,10297,18276,5765,16994,43865,1801,-3227,-1581,-3486,1576,-330,750,-5635,15318,14241,23506,17068,23494,25078,20785,-5415,10536,5674,20785,-5694
8/18/2025,-570,-1378,-3466,-695,-2543,-2924,-1350,-2757,-3150,-200,-1620,-1930,-1310,-444,-3323,-980,2730,-2252,-1270,-314,-4652,-575,4032,2655,-1073,1093,1292,575,1426,3649,-570,-1378,303,-695,-2543,1609,-1350,-3058,1609,-534,-957,-940,-2390,-444,-5139,-1070,2730,-3152,-1790,-314,-8416,845,2886,-23022,-2238,-332,-7002,845,2886,-27115,56,-425,-790,-229,-2360,626,-1170,-923,-3847,-5358,209,-6037,-721,-4630,-913,5509,603,-1207,-913,5509
8/19/2025,665,-494,-2645,942,316,-1165,-500,-1253,-3398,565,-566,-1134,900,2952,-5659,1715,9759,-4903,5186,8554,-6040,7282,15699,21456,4331,3597,-3564,7337,15725,25459,665,-20,-960,942,316,-316,407,-90,69,-1620,-2830,-1189,900,3161,-17154,1835,9759,4358,5245,9350,-5575,6388,16081,45417,4390,9345,-4784,7337,15304,48183,-503,-2770,269,-1480,-1840,-3112,-162,-1660,1642,-7060,10020,8945,3886,-704,13700,24523,477,-4755,13700,33181
8/20/2025,-775,5342,6925,345,5619,-1479,889,2139,7452,-680,4454,6578,965,4658,8553,630,6389,-4953,755,3276,-9,940,824,-5927,430,-99,4292,835,-301,-6502,-775,3989,2166,345,5619,2626,-760,2799,2117,-1270,459,-3661,965,4658,6120,630,6389,-2586,755,-95,-2850,940,393,-10324,430,-1490,-4960,835,824,-7903,7148,8275,4000,4297,5515,5743,4158,4252,6449,3775,6430,340,6852,-2089,11219,-3880,2168,3729,10829,-4260
8/21/2025,-160,2777,4019,1985,863,-82,2170,1312,4019,-160,-999,-1270,1305,8665,6444,209,6636,8023,1310,6635,14115,-1040,6759,-4920,1735,3191,-639,3237,-578,-6525,-160,1606,-2502,1985,1429,-1750,2170,1581,-1750,-201,698,610,1305,9699,17673,50,7324,10548,1310,6404,22190,3362,7598,12131,1735,7589,23580,3237,8656,12785,-91,-1666,-1627,-4198,-91,-1666,-2775,-4198,7484,15194,2804,2511,4676,6665,-720,-5619,6514,-1539,-720,-6464
8/22/2025,2335,11248,6135,2707,8628,6118,1548,7357,9084,675,5227,7482,1420,2182,3481,1155,6415,6015,2125,3537,-3520,3828,735,2912,2000,3604,4403,4330,1409,-1674,1086,8633,8799,2707,8628,8919,1681,7803,9412,1255,9521,10559,1420,2182,3344,1155,5861,6015,2125,4278,-4107,5735,1143,-27539,2000,2821,-5510,4330,1143,-29282,5356,6473,6028,3615,6244,7387,3844,4640,80,9953,2551,4683,6910,282,-3481,1602,3519,3585,-3481,-841
8/25/2025,2225,2367,5178,1790,1707,2928,771,1127,4453,2450,3112,4307,1174,-2860,-6067,-1335,-3397,-3467,649,-3395,-5826,780,1318,8033,1482,1564,6858,595,1462,6090,2225,2367,951,1790,1707,1012,771,1499,2067,2641,2713,2211,-1420,-7160,-8533,-1945,-7600,-13302,-1340,-9070,-17303,725,5072,-17459,-1675,-9395,-17303,595,-275,-26868,5814,11250,4323,8478,6730,11250,4348,8553,-2406,2864,-980,-2443,-6462,-1605,-1092,8928,3241,6585,-1092,9377
8/26/2025,672,2609,1986,-304,1472,2462,-871,-2138,4005,-18,2594,1124,970,3628,-1328,808,3478,1769,1592,4407,-1979,655,6904,13651,823,2773,4173,490,5872,16618,672,2609,1124,-304,1472,1109,-871,-2138,659,-338,1562,8302,970,4503,1494,808,3757,5124,1592,4097,274,2073,9849,66430,823,2840,1257,490,9849,66430,1883,-1620,1951,1554,1777,-1635,1870,1554,-1329,-3115,1535,4096,-33,2989,5025,14266,557,-1120,5025,14435
8/27/2025,3135,5484,2936,4447,4395,6129,3076,4817,2308,3342,4599,5892,2953,7114,17163,2795,4688,10590,3418,6006,18767,1760,2849,-2465,2579,2216,-771,1920,326,-2032,3135,4584,4752,4447,4395,5892,3867,5154,5502,3602,3664,3536,2875,7490,22015,2795,5129,14628,3110,6810,19171,1899,3198,26637,2970,6810,21033,1980,4159,27807,3610,-2608,4768,736,5506,-2998,5428,736,7446,13284,4081,8362,5580,14501,-2439,-6975,1761,-1202,-2439,-5950
8/28/2025,825,-2498,2639,775,-463,-1081,-112,-1687,2737,875,3479,3789,1950,-3506,-5180,1390,1540,4872,-65,-736,7692,2502,17016,8850,2160,-2422,-101,2497,16768,8790,905,-913,1663,775,-463,1977,1300,-646,1977,975,2886,2697,1870,3940,6757,1390,2070,5525,1585,9873,11378,2502,16162,34102,2385,9877,14889,2497,17016,36410,932,1851,3269,1958,1122,297,1729,821,-4179,-6899,1350,3012,869,9528,21470,13409,-88,534,21470,15919
8/29/2025,-941,-2909,-834,387,-1075,1322,978,1305,-2751,-80,-1462,130,3035,5557,9161,1652,2926,17004,4190,7382,15526,1862,9928,-2393,4080,2560,2895,1857,8495,-2955,-10,-3465,920,387,-1075,-1101,978,-127,219,-205,-4500,3667,3035,5694,9694,1652,2926,17004,4190,8178,15761,1508,9503,15240,4080,6987,12138,1857,9928,15636,-1305,-4073,-1482,-3816,-1299,-3028,-1674,-3816,1994,9357,5468,17524,-803,7472,-4245,-4438,2054,2338,-4245,-6626
9/1/2025,3830,5865,7350,3625,6545,7350,3875,6545,7350,3825,5865,7350,1615,7835,14130,1405,9751,14210,5240,13211,17671,3025,8156,9121,2665,3086,3016,4025,6381,9526,3830,5865,7680,3625,6545,7680,3875,6545,7680,3220,6070,7680,1615,7835,14130,1590,11200,18740,5240,13685,21025,7145,23560,35225,2665,13685,21025,7140,23560,35225,2494,-1848,2520,-1490,2494,-1848,2520,-1490,150,-90,2635,5170,4805,4065,9905,5200,-2290,3545,9905,5200
9/2/2025,235,707,3376,375,1991,6535,-771,-1134,-1254,620,1217,5858,-1170,-1859,-1530,-1105,308,2325,-1215,-2053,-4486,312,-3622,1893,-780,2904,8017,-143,-3272,-4549,235,879,4711,375,1991,6535,-595,-748,-4512,1160,1722,6049,-1170,-1859,-1727,-1635,308,2325,-1215,-260,-4486,309,-4841,-5362,-780,-855,-805,-955,-3594,-4521,1400,3095,1915,6282,1432,6999,2180,7208,-2790,-138,-343,6028,-2015,-421,-3786,2063,-429,248,-3786,338
9/3/2025,3930,8716,11826,4050,8720,9578,4838,9345,11244,3580,6517,9429,3105,11397,8019,4148,5978,1705,1428,7165,-195,1519,2637,-3204,1433,6720,3325,2029,6229,-6410,3930,8298,10873,4050,8678,11806,5176,8674,11976,3505,8428,9871,3105,10749,11420,4148,5978,5025,1428,6734,3470,2029,-3573,-41908,1433,5443,2478,2029,-7476,-44695,4067,9056,4108,7264,4830,6413,2624,3901,8404,8528,4459,1294,6367,2468,-530,-3889,4470,-566,-530,-3889
9/4/2025,530,37,2030,520,-2050,1050,-905,-2838,2030,300,-167,2788,-1775,-4275,-6979,-1205,-3955,-7475,-1750,-4130,-7475,1784,7455,1983,-1135,-2495,-1786,2145,7055,573,530,775,2625,520,-670,3106,-660,-770,3106,-30,1499,6028,-4150,-18570,-40215,-2840,-11525,-21780,-4125,-16770,-30185,154,7706,28904,-5270,-17690,-30885,2090,7650,29867,1064,2007,1795,2644,913,2007,525,2644,-4500,-7495,-4345,-7380,-6970,-7479,6061,1160,-6980,-5825,6056,-4445
9/5/2025,170,2432,7415,394,1052,2052,500,2502,5718,-155,1616,7644,1265,1977,-2657,110,545,-5022,-1375,-955,-1888,-590,-3501,-4694,630,2468,3796,-615,-2457,-7079,170,2432,10010,394,1052,7762,-51,1424,7686,335,2718,4787,1265,1977,30,110,545,-10247,-849,-1497,-2239,-660,-1172,-23442,630,-1717,-4968,-615,-3501,-24222,1212,10044,2249,12141,3147,11413,1444,9208,1428,1676,-1709,-6840,1102,-3889,-5370,-53,592,-279,-5370,-1120
9/8/2025,165,-1672,-2370,-111,-1962,-2123,488,380,237,-145,-782,-3830,895,1985,-5190,822,2895,-6495,895,3074,-6289,2640,-142,-4805,-143,-1946,-4610,995,56,-3110,165,-1672,-3214,-111,-1962,-4170,672,389,-1810,-135,-1891,-6518,895,2947,-7022,822,2895,-8380,895,3217,-10248,801,5148,-29895,445,3217,-10698,-115,6115,-29895,-2910,-3446,-3041,-4811,-2169,-3446,-2141,-5012,2775,-5762,1084,-7135,2564,-6784,-3140,-1693,-1529,-4960,-3140,-3783
9/9/2025,-1012,-3622,-3444,-1564,-3423,-3237,-1564,-3292,-3070,-1275,-2080,-291,-1630,-4360,-5823,-1325,-3416,-5026,-1960,-3734,-5659,873,-1336,-3569,-1205,-1106,750,-580,-2233,-3677,-1315,-2965,-3142,-1564,-3423,-3237,-1564,-2991,-3237,-1295,-2480,-5048,-392,-3789,-10383,-1900,-5416,-9983,-2920,-7081,-12584,-1057,3322,9125,-1620,-7209,-10838,-515,4871,9965,-1110,-6337,-1026,-7189,-1428,-6337,-1363,-7189,-4385,-6053,-4430,-5475,-6721,-6486,-4845,-5847,-2146,3968,-4845,-6064
9/10/2025,660,1611,3950,1523,1887,1704,1209,3014,4739,245,-160,2611,1450,-2315,-6697,1735,-760,-6087,1885,2096,-7112,2125,17470,22600,1915,-1409,-2752,2125,16937,30294,660,2166,5724,1523,1887,4375,1329,1451,4486,-767,85,104,1450,-825,-17005,1735,-760,-7127,1885,2045,-2620,2125,24152,51287,1915,325,-3160,2125,25780,50745,1529,9008,-2610,6533,946,9008,-2600,5043,-3603,-7435,2363,-165,5549,-1295,23055,14180,-3395,-4675,23055,17789
9/11/2025,304,2653,-204,670,2060,-2906,100,1973,-204,405,1520,-1501,7463,-565,-544,8291,13007,7778,10056,3202,9275,5625,19357,-734,10081,-2690,-4670,14985,12508,-549,295,2060,2671,615,2060,1818,100,1325,1818,265,1425,1567,7463,3540,2254,8291,14699,11203,10056,8146,14922,17754,26001,33324,10871,8151,15756,19735,28850,33324,-4584,-5264,-3550,-3955,-3919,-5264,-3200,-3955,-3893,-4046,9126,-1110,-2951,1870,-725,-2182,-5895,-5770,-725,-2182
9/12/2025,1411,1917,-2593,-113,425,-2593,175,-823,-2593,1870,320,-2234,3804,3715,2578,2605,6839,15616,5121,3739,16686,3520,8407,-1848,5625,5289,-4030,7367,1819,-4148,1845,360,-2037,987,425,-2037,327,-2135,-2037,732,-1075,-403,4123,15427,4909,2605,6779,17026,8904,16979,20796,7236,11736,74601,8480,16514,22206,7904,11958,78689,-1197,-3638,-2430,-5432,-1197,-3638,-2430,-5432,2147,-1804,380,12151,215,770,1934,-6000,-6250,-4320,1934,-6479
9/15/2025,240,1214,-121,-305,-204,451,-631,-451,-650,50,2723,-289,1794,2332,446,1985,3676,255,3405,6080,-888,2165,9614,7774,2546,820,-497,2613,6101,8457,240,1214,-3680,-305,-204,-552,-631,-451,-552,-30,1768,-557,1794,1594,-5016,2010,3676,2337,3405,6206,5218,2266,8156,49238,2655,6171,6579,2613,12081,49238,-1005,2755,-1040,5277,-1040,2755,-1005,5277,-1677,1183,1544,6303,3547,6247,7658,10561,604,2969,7658,10929
9/16/2025,1945,7519,5207,3015,6916,8700,4525,8315,7165,2420,10152,9708,2715,13991,13660,3230,12431,16465,4378,18516,27628,13875,6460,-2717,5335,2864,319,6900,1604,-3361,1945,7519,10639,3015,6916,11352,4525,8315,11157,2160,7145,8366,2715,16486,25503,3230,17138,20221,5085,21555,30135,7225,9877,20177,5335,21555,33817,6900,11087,20177,-3160,-1529,-3160,-1529,-2268,-1529,-2195,-1529,10046,9306,7175,2635,2577,2432,-1115,-2768,2601,1183,-1115,-2538
9/17/2025,1690,5630,18485,1280,7321,12333,2574,9054,13713,2665,7174,21885,2235,3295,15896,3390,4500,27770,5785,16718,44588,9752,11557,13047,5230,4882,11599,10952,8215,12100,1690,5630,22241,1280,7110,22039,2574,8958,23596,3420,7949,20908,2545,4214,27978,3885,4500,27770,5720,14273,51456,8649,22823,64288,5945,14223,50026,8639,18727,64283,6265,16740,6525,17740,8180,18470,8031,17914,5695,23753,6534,27270,13335,41376,10776,3508,7360,10627,10336,3873
9/18/2025,3182,-1870,-2251,-234,-3513,-4818,1777,-1677,-4786,390,-2850,-5234,2848,2238,-3665,1966,2207,-6927,2837,1290,-3665,-1305,250,711,960,1294,-283,-1093,3112,4885,325,-4845,-3252,-210,-4200,-10818,-950,-5705,-10713,-685,-5240,-10205,840,1483,-10008,1966,2208,-11605,1205,604,-8956,3031,149,-41320,171,54,-13589,1982,-4786,-47460,-1517,-3412,-2557,-7040,-2640,-3412,-1449,-7040,3479,2583,1013,1369,1469,1874,-3643,793,1559,8160,-3643,4733
9/19/2025,-463,-4415,-18,-1025,-3865,-2847,-1810,-2931,-2941,-488,-2908,-2224,-50,-3510,-6553,-110,-3449,-5201,290,-4144,-7347,1350,4975,6703,1034,262,1595,1014,4920,10432,-463,-4218,-1907,-1025,-3865,-4186,-1923,-2931,-4356,-1748,-4680,-3310,-50,-6228,-14033,-110,-3659,-5719,290,-4459,-4363,11,5635,42511,984,-3774,-4363,1064,6158,44922,-2610,-6581,-2220,-7400,-2650,-6581,-3492,-7400,-4250,-7324,-1508,-4789,-2539,-3259,7235,13804,249,-351,7235,11655
9/22/2025,1755,3334,4271,2084,3382,4546,2269,2378,4693,1745,3556,5373,515,-4370,-5341,3775,-395,-4549,6036,-4460,-5267,3609,12557,4030,4540,-2145,-4745,3805,3046,2221,1755,3451,4924,2084,3382,6281,2269,2541,7145,1945,3703,7011,3725,-408,-10856,3775,3605,-785,7015,10312,4726,5765,14645,34494,5360,10017,4617,5985,15636,34871,934,5367,1285,6253,-180,5367,1527,6253,-4040,-5762,3920,-1920,-4931,-6432,14036,2269,-6510,-5845,14036,-73
9/23/2025,1325,117,-2394,755,1085,-3034,105,-484,-3290,795,810,-2279,-1685,-4185,-6945,1689,1090,-7236,644,-1536,-7496,6475,16552,8637,690,362,602,6695,10372,9406,1325,795,-2500,755,1085,-2125,105,312,-2285,15,-370,-5083,-2605,-7470,-14235,1689,1090,-4076,930,390,-4471,6700,20988,26931,690,-250,-2470,6695,21005,26668,-1635,-1959,-1775,-1670,-542,-1959,-1635,-2145,-4290,-7498,-3277,-3893,-2212,-6505,790,-3490,-6220,3062,790,-2735
9/24/2025,560,2877,-3845,345,-1251,-5348,811,112,-3120,-415,-965,-3580,4120,4789,-6967,4620,-3887,-6086,5138,3009,-6453,5235,-4468,-3827,4945,1265,-1361,4710,-1914,-5859,560,-613,-2162,345,-1251,-5785,811,-708,-4920,-1555,-3950,-10987,4120,4798,-15039,4620,854,-16887,5138,412,-23937,5235,-1227,-17093,4945,652,-26075,4710,-4450,-20875,287,-1079,1302,1195,952,3072,452,-780,-1461,-6984,-1742,-4038,-495,-4783,-3175,-6081,2049,3658,-3175,-6081
9/25/2025,1980,7980,3545,2134,4478,4575,1787,7381,5997,2655,5900,5348,4650,5828,5462,4715,7680,1658,4765,7290,5624,3430,6530,-1451,4860,1193,2427,2740,7334,-674,1980,7281,4282,2134,4478,6021,1934,6257,6664,2500,5416,5469,4650,7512,9615,4715,7680,1005,4765,7980,-1663,3764,5151,-21472,4860,7450,3600,2740,6300,-18555,4342,7961,3770,8058,3592,7829,4342,8068,4076,8396,5008,2297,3048,-1514,2526,-2393,580,3521,2526,-1815
9/26/2025,430,541,-1911,-270,683,356,-775,201,-351,565,319,-683,1351,-2127,-5690,1075,5598,-2488,160,1457,-5701,195,-2834,-1934,-575,-1658,664,245,1327,-3524,565,1713,1886,-90,1890,1690,-30,758,3080,720,-117,160,1814,1459,-6937,1075,3255,-5453,2329,2770,-2522,-44,9999,17974,2024,2870,-2865,375,8653,14289,-3420,805,-2379,1146,-4402,1805,-2930,1146,-2314,-5527,-3800,-1590,-528,-150,-5442,-401,-2695,-1577,-5442,-469
9/29/2025,610,2951,7129,1760,7334,5830,3420,5067,6304,735,3173,10765,1245,16926,10154,630,9074,4505,4006,12822,6788,3753,5615,-5815,779,4587,-4075,1050,594,-7040,610,2928,8355,1760,7334,5830,3420,5212,7082,228,7647,4205,1245,16926,13050,630,9074,18426,4446,15678,21887,2881,9220,34047,3702,16553,24431,3899,11477,34641,2496,3476,2887,3779,-698,471,1358,5032,17249,13977,18196,-5023,12167,4536,12237,-6755,4680,-2060,12237,-6975
9/30/2025,392,-308,3473,380,379,4054,6,-2623,1415,757,1084,1503,715,484,-3516,562,-739,-1792,234,-2082,-4737,765,-793,-1193,1056,913,1677,1020,-3541,192,392,209,1557,380,379,2028,6,-1380,1737,432,921,2029,715,-1453,-17036,562,751,-8775,234,-947,-6931,765,2828,-11157,1056,570,-13641,1020,2823,-9975,-473,1314,-1300,4394,-2580,2544,-550,-708,-1501,-3970,1190,-2604,970,-3580,3472,-5628,661,1334,2808,-5142
10/1/2025,685,-1986,-4026,-20,-563,-1935,-171,-2011,-4026,1210,-1780,-680,2530,-3568,-6880,1775,-2557,-114,2962,-4403,-2476,4680,14810,14997,3505,-1577,1140,5525,12945,14443,685,-538,932,843,-563,1259,605,-563,1259,200,-1100,-3046,2530,-4287,-15315,1775,353,-114,2962,1478,-1913,4157,14588,35969,3505,1209,-2065,5525,15715,39302,-1039,-1743,-889,2015,-1263,-1743,-574,2015,-4452,-7483,-745,1827,-1232,-511,11746,19157,-1872,-647,11746,23424
10/2/2025,995,-1209,-387,375,-1860,-787,-585,-1382,-387,965,-724,-877,2040,-790,-3291,3310,-40,-6487,3305,-336,-5798,4221,-5525,-4160,3895,460,72,5080,-3899,-2753,995,-1209,-348,375,-1860,-348,-585,-1382,-348,-30,-941,-1526,2105,4859,3246,3310,90,-7654,4655,992,-10113,4221,-4708,-49800,4925,1102,-10113,5080,-4110,-50482,-122,2710,369,2574,-17,2710,-1599,2574,-4055,-5006,-3525,-6535,-5855,-5796,-4423,-4520,-6730,-1509,-4423,-3265
10/3/2025,2810,505,-3732,2690,1045,-4350,2645,2267,-2911,1105,-510,-6703,210,-74,-5885,1180,3510,7714,1650,6018,8425,3615,9875,1481,1280,-2560,-4604,3625,6310,533,2810,570,-5277,2690,1045,-3618,2645,2445,-5228,600,2030,-2896,210,1755,2084,1180,4475,10952,1650,7395,10185,3640,13280,15118,1280,7315,12239,3625,12885,16226,1179,-2474,2285,-1302,2720,-1924,280,-1302,1111,-4618,2338,8548,3629,6630,6475,7197,5668,-274,6475,12588
10/6/2025,3485,2839,1615,2230,2894,3699,2505,3099,1615,3565,2894,1357,2065,2260,5295,3480,2635,-715,5925,1053,-2710,2195,-2075,-4301,4635,2065,4373,2430,5,-6807,3485,2794,7727,2230,2894,6228,2505,3099,6228,3800,4082,10838,2065,4456,13173,3480,3455,-715,5925,396,-2085,4133,-5892,-47990,4489,396,-2085,3385,-7716,-55385,3802,8775,2856,2635,3210,8775,2475,2635,3564,535,-3360,-6435,4309,-3115,870,-5035,-2675,2461,870,-5055
10/7/2025,2562,8075,-248,1464,4055,-329,985,3248,-838,3160,5771,1235,2100,4441,-5001,3207,10402,8182,3237,9962,8053,4145,14352,-2827,2827,1743,1798,5249,10431,-3526,2562,8075,1165,1464,4055,702,1648,3145,1020,3320,4926,1486,2100,4441,662,3207,10402,8972,3237,8534,9012,4493,16866,25440,2827,7735,9503,5249,15926,25597,3137,-3144,2729,-5730,2614,-3384,1998,-3940,2650,-6315,12450,6227,11104,-2083,1214,-283,5068,1974,1214,-3546
10/8/2025,-100,-4417,-5796,-895,-3276,-4975,-1028,-3574,-5751,125,-2500,-5183,295,-4335,-5735,820,-2975,-6686,-1227,-4293,-7474,4675,7910,12182,1055,-2905,-1520,3425,5231,11269,-100,-3030,-6129,-895,-3276,-4975,-1028,-3551,-4761,-100,-5018,-9472,295,-10275,-23680,820,-2975,-9661,-445,-7195,-13629,3425,7655,32721,1250,-8045,-13131,3425,9258,36438,-1699,-2762,-1100,-505,-2629,-1524,-985,-650,-4180,-7245,-2290,-4319,-5304,-7372,10278,18727,-5965,-1421,9428,18618
10/9/2025,955,4185,8643,1036,4490,9712,2182,5951,11962,1045,4210,12273,-746,7836,8881,948,6394,14799,-814,8583,16109,2086,-1350,-3267,-425,3066,6652,2086,6943,-4050,955,4185,9320,1036,4537,10936,2292,6097,10722,750,5730,12972,-746,7836,15206,948,6394,15214,-814,9194,16003,2086,-6140,10347,-425,10304,16182,2086,-5044,10347,5086,11002,5387,10377,7162,11002,4998,9097,1438,575,1588,4049,-105,2613,-5752,-5610,2611,2908,-5752,-7204
10/10/2025,3680,7721,6579,2760,7321,5683,754,4716,2992,2615,2835,7996,1690,4030,6991,3415,6529,11755,3990,7810,14551,9067,21094,-3975,3590,6747,7974,9008,19985,37901,3680,7721,6579,2760,7321,5683,1507,5381,3679,2085,2200,4816,1690,4030,6991,3415,6529,11755,3990,7810,14995,9013,20753,40929,3590,6605,11685,9008,20309,38460,6853,5018,6428,3350,4828,3386,6120,5608,4750,-631,7125,7490,11491,23176,8510,16204,9580,-3111,8490,29520
10/13/2025,1360,-2968,-3270,189,-313,-5139,1559,345,-4646,1158,1794,-6638,2895,8730,4832,2576,7180,16553,3420,9840,7666,3145,3806,-3709,2540,4252,1069,3325,3401,-4625,1158,-2040,-4996,189,-187,-7756,1425,-613,-7756,642,-1496,312,2895,8730,5334,2576,7180,16553,3420,9754,8272,3325,3898,22302,3125,9034,9300,3325,3806,24591,204,-2209,-352,-5741,-406,-2209,1287,-5741,6115,-2574,3684,11018,6838,3767,13470,685,5882,3789,13470,-161
10/14/2025,660,1400,2200,1400,1790,-2050,915,214,2200,775,1525,1228,1080,-346,1393,730,140,3062,1375,-1,-1664,3295,6565,-1590,1160,-435,-692,3160,6547,-3790,775,1400,-969,1400,1790,263,915,1655,263,350,-55,-6304,1080,1627,-450,730,-1180,-11490,1375,-375,-11492,4744,3847,-27773,1160,-715,-8625,3620,6565,-26501,-2439,-2190,2725,-1734,-3463,-1995,1632,-1734,1205,-7110,950,-1634,1118,8808,5669,-421,1875,1140,5669,-5384
10/15/2025,840,6865,1886,1804,9732,12275,2587,8744,8996,1050,8270,9541,2050,7052,11068,2995,6621,5672,3196,7122,-7170,-195,1913,-4396,3656,1339,6206,3735,-1936,-7340,840,8270,10293,1804,9732,14945,2587,10782,17671,255,4600,4581,2050,7395,12610,2995,6782,7650,3196,8406,7443,3750,7441,10417,3656,8036,8960,3735,7953,9820,9283,3159,10459,2154,9894,6376,9269,2998,10036,8923,6508,12139,10543,6410,4901,-6267,4786,4393,4891,-7372
10/16/2025,1975,4080,-4332,2575,3038,7633,2535,2069,605,1650,3793,8217,165,5049,-5991,1860,3541,-6667,2450,5164,-6186,5805,7481,-5902,2665,202,-3116,5770,5830,-4131,1975,2573,5359,2575,3038,9778,2680,4717,11613,1760,2865,2048,165,1955,-4825,1860,3541,1655,2450,4008,225,5805,7125,7275,2665,3722,-3845,5770,7437,5784,-51,9128,1212,12604,2359,13193,1660,9261,2885,-6665,5020,-6880,5511,-6405,2694,-5880,2477,-5815,2694,-6725
10/17/2025,1565,2991,1677,2246,1401,-1719,1802,2053,636,980,1778,-954,2625,4045,12772,2200,3480,6413,2215,9406,21379,2805,10497,12505,2250,3060,-245,2805,10402,18970,1565,2383,-1212,2246,1401,-6043,1610,-953,-4384,-195,-1970,-8512,2625,4045,14101,2200,3480,6413,2215,9406,21379,2805,10497,15979,2250,6535,16921,2805,10402,20150,-1362,-3713,-1086,-2329,1019,-114,-1677,-3662,2559,5567,1518,-849,4156,9040,279,9136,791,-5110,279,12550
10/20/2025,2735,9774,5637,5242,8399,7244,4851,8528,4977,2660,9759,7522,-1730,4091,-4877,1710,12942,6333,-657,13654,-3771,4286,21790,7731,-1440,-1890,-4600,3916,19008,12070,2735,9774,6837,5242,8399,7856,4725,9135,7828,2860,8810,7469,-45,8357,9602,2070,16672,6751,2110,13052,6100,4693,21821,3051,1135,12032,6300,4364,21790,1576,3597,4595,2869,3705,2108,4595,2925,3905,7690,-5830,10550,3179,12511,-2660,7506,13940,3772,-5830,7506,13015
10/21/2025,2106,2536,1969,672,668,323,1202,1254,359,2021,174,-1400,4370,12786,2966,4470,7128,2210,7696,11426,1960,7010,6683,4991,7592,5766,-3145,6910,9223,5791,1961,1308,-546,672,145,-2460,2012,89,-4305,1865,99,-881,4370,13474,11256,4470,9992,2571,7696,13347,1030,7282,9035,169,7592,16171,2936,6810,4754,-4528,264,-6146,754,-6030,1454,-6146,-201,-6030,8241,-340,8523,-176,7195,-2175,2081,2630,-1268,-3509,1961,2405
10/22/2025,785,5465,6990,1560,7675,9207,1435,6144,7248,1800,3563,8463,2155,3959,-2457,3980,6860,-1680,3810,11691,3672,7738,14503,12015,3715,1471,949,2545,14837,29258,785,5465,6990,1560,7675,10023,1435,6600,9718,1410,2663,6632,2155,3959,-9593,3980,6860,-3755,3810,11732,1639,7738,14214,30690,3715,9500,2060,2545,15088,30005,4591,14476,6593,17267,5529,15373,6259,14541,2660,-4363,5580,10558,11590,12854,23003,19186,6411,1714,22998,19186
10/23/2025,2455,209,4418,2018,1271,2929,2017,2260,1127,2275,839,3953,1755,-3868,-6332,2310,1748,-2923,4787,-503,-6015,4855,-1419,1136,3660,-627,-4880,4780,-629,-2702,2455,1011,3360,2018,1271,4763,2017,2260,4759,2205,1369,4823,1755,2999,2458,2310,839,-1356,4806,4639,6434,3748,1278,12640,4135,5079,7466,4780,-1419,12640,2662,4706,3438,4809,1779,4479,2054,4818,5067,-4900,2324,-615,6574,2727,833,13666,21,-4330,833,9757
10/24/2025,3217,2361,1538,2515,2208,1538,4482,2085,1538,1890,1030,1624,1485,2635,9964,3330,6237,5627,4900,4942,9062,5934,3907,-3386,2310,3380,3899,5659,4752,-3901,2170,2780,1711,2615,2685,1711,3190,2735,1711,1245,2220,3689,1485,4327,17011,3525,6237,5244,4900,4942,13093,5934,6875,-33389,2535,4373,10417,5659,6875,-34847,2665,-1412,1681,-3402,2438,-1412,526,-3402,7611,909,4349,-5031,4940,-2442,-3094,-4188,8314,1115,-3094,-5467
10/27/2025,-524,-3192,-2888,-905,-2814,-993,-1810,-3192,-2888,-1155,-2920,-841,1134,-3524,-2667,2116,-2973,-6278,1050,-3532,-1641,2443,9387,4768,2101,-2120,-4695,2695,7889,7272,-220,-2814,-481,-905,-2814,-481,-1340,-2814,-481,-1405,-2864,-3106,1300,-12851,-27338,2116,-7100,-9855,1050,-9561,-15802,2695,10989,45419,2511,-11081,-15802,2695,10989,46098,-3183,-3483,-1970,-1514,-3343,-3483,-2870,-1514,-4361,-5335,-3765,-4805,-6955,-7012,3412,4517,-6945,-5740,3407,6349
10/28/2025,1200,-297,4690,1465,270,4488,272,-130,3124,1280,-840,3971,-1955,-4200,-5618,1170,330,-736,425,-2540,-2665,4310,7842,6290,-1470,-2200,1874,4385,6948,6657,1200,355,1882,1465,270,2796,520,757,1724,2351,3150,7950,-935,-2608,-3099,1335,-400,2820,625,-930,7395,4415,7783,36977,-360,-1320,9974,4385,8252,37125,3448,5511,4923,6052,5305,5511,5493,6052,-4410,-6725,144,-1287,2293,-1616,3794,536,-2485,-5850,3794,-1550
10/29/2025,1580,10072,10320,4650,8530,10723,4960,9300,10498,785,10396,10545,2731,19947,26039,2425,24766,33426,6876,29881,23733,7335,26750,10750,6425,12799,-2419,7485,22268,16058,1580,10072,13070,4650,8530,13255,4960,9300,13255,-155,6235,10781,2731,20171,52982,2425,24766,45707,6876,29807,63294,7535,42307,63987,6425,29953,62188,7485,43246,58493,7090,3405,6670,3647,7335,3405,5955,3647,10520,29289,5348,27211,14058,29788,3795,-50,4743,980,3790,5910
10/30/2025,-40,-2263,-3333,214,441,869,-290,-1594,-3229,340,-345,791,1668,300,-5885,1613,1858,-919,2156,2083,-6006,1888,11153,19112,1826,754,-1325,1843,10505,17359,340,429,603,214,599,1512,-61,246,1885,-350,-1020,-3155,1668,1467,-12450,1613,1858,-919,2325,3197,-8191,1888,11153,27950,1995,3916,-6822,1843,11143,27175,-2376,66,1055,1996,-1992,66,1420,888,-4038,-7182,1489,-4313,5157,-3530,10855,21362,1729,360,10655,21147
10/31/2025,2385,8176,11846,2140,5228,15054,3030,6318,16193,1615,6281,15266,5795,9156,15225,4000,8972,11189,4800,6051,15219,4305,3229,1064,4685,2442,2988,4305,2862,-2375,2385,5432,15357,2140,5228,16652,3290,5937,18567,960,4785,11280,5795,9156,18365,4000,7840,13591,4800,7889,22032,4305,5245,-2302,4685,7699,19987,4305,5484,-2989,7750,12816,4035,9984,4675,11079,4320,10883,7041,15222,4750,7256,12725,13497,11319,7179,1023,5733,10919,-4133
11/3/2025,3115,3889,5630,1945,1801,3485,2764,3495,6741,1137,2537,4823,600,1479,-7,1315,2090,900,1941,449,-158,2505,819,-5091,1626,-106,3145,2395,-426,-5944,1730,2537,2212,1945,1801,1040,1975,1723,900,2192,1383,1386,600,1395,9017,1315,2845,4501,1941,2437,6007,4142,1499,-6665,1641,2217,2080,2295,3078,-10274,4038,937,3543,5896,5626,937,2273,4431,758,6052,2724,-3359,-1220,-823,-1878,-3493,1245,-2147,-1878,-5235
11/4/2025,1230,-1636,-2701,925,132,-2529,62,-710,-3706,640,732,-1363,895,-580,-6598,1790,1194,-6320,3060,2149,-6906,2035,9855,6075,2160,2325,162,1985,10790,-7430,1230,732,-2680,925,132,-2048,765,166,-2606,1320,-3305,-1396,895,-580,-20263,1790,1194,-12235,3060,1109,-16286,2035,13070,24598,2160,1424,-16225,1985,11642,26473,-1505,-4817,285,-3954,3692,-5274,1742,-4023,-1020,-7452,1892,-7135,2676,-6947,12041,-6855,-3158,-1007,11116,-7485
11/5/2025,2235,1322,9011,2830,740,4507,2222,1377,9011,1404,1912,3061,3447,6649,7458,4338,5391,11380,5721,4354,12506,4090,-807,-4773,5391,6330,-1305,3950,-2411,-5957,2185,1577,507,2830,740,177,1530,760,177,2364,-310,755,3447,8195,14784,4338,5229,9229,5721,5109,8919,7027,-515,-13477,5391,4249,8746,4180,-1248,-11034,-1635,6986,1785,4200,1807,6986,1375,4200,4529,15188,3200,11082,1510,14166,-3233,-717,3653,4413,-3233,891
11/6/2025,2815,7383,11848,4705,8786,13970,3827,8138,14393,2885,7963,12449,2860,4049,19932,3450,6865,14808,4280,3488,27023,3988,11397,17611,3940,3880,11910,3983,10540,14966,2815,9230,12463,4705,8786,14868,4320,8398,14183,3720,8653,12920,2860,5073,21963,3450,6865,14808,4280,6354,24622,3988,3986,9399,3940,5420,18875,3983,7044,12292,4310,6185,1554,5684,4044,6139,2810,4924,4736,14033,-678,7942,5709,12264,2156,2443,2902,1400,2116,8011
11/7/2025,2025,1555,6597,1518,1836,12390,1303,1176,7875,1475,1410,12293,2086,5861,-6214,2124,3475,1832,2894,3298,6641,3665,6710,2355,2860,1526,2129,3650,6672,1427,2025,1195,6876,1518,1836,7966,1303,2952,8219,2184,5512,16980,1324,5406,-3419,2124,3475,-367,2894,1583,-1739,3665,5865,24628,2860,492,25746,3650,6705,26,2447,6217,2410,7487,2088,7025,2544,7675,1686,-6364,285,5655,4338,8276,3939,1278,1255,2012,3789,5264
11/10/2025,1380,6060,9354,1323,2425,9315,664,100,5631,1190,3025,11713,510,-2910,-4493,-335,1260,391,155,2475,2841,2138,83,23998,400,-20,2466,2423,-2712,37860,1380,4983,7176,1323,2425,6927,780,116,6862,1335,1224,3813,510,-2075,-2584,-335,1260,2026,155,2692,8900,2440,9051,43948,400,1140,8964,2423,6298,45219,2124,6111,1331,5324,203,6111,2264,5324,-2885,-7068,-862,-425,1898,7787,11911,39467,-654,3012,11641,39165
11/11/2025,3205,6492,4630,3338,3246,4909,2838,3647,4191,3143,5100,3158,1245,2005,5223,940,-2987,-2347,2225,-3192,-4022,3365,-5241,2844,1695,-472,3988,3365,-2100,604,3205,4370,4961,3338,3246,1360,2838,3675,2648,3357,5261,6900,1245,3451,12465,940,-2687,-4252,2225,-4992,-12339,3365,-3616,-70103,1695,-5317,-13450,3365,-6180,-70602,6236,5016,5929,4706,4386,5016,6256,4637,1315,-1926,4997,-5305,4741,-7476,-870,-5696,46,-188,-870,-5594
11/12/2025,1365,1569,-1358,320,-2129,491,1369,454,3196,1295,-1398,-1613,3005,7763,34729,5930,11866,23647,4785,10675,38718,4875,16025,26821,4285,7148,5817,4875,14707,19387,1365,-1398,3914,320,-2129,-681,1445,945,2097,755,-798,-423,3005,8505,37769,5930,11866,30476,4785,10891,44602,4875,15046,19733,4285,10371,44490,4875,15975,20781,1977,4185,1433,300,-1439,2160,-560,1643,15701,40549,14960,28491,16049,35664,12183,12143,8500,2631,11883,21271
11/13/2025,1265,900,-4118,1015,2165,-4375,451,222,-3806,1160,1475,-4111,1315,4742,7613,5570,12790,21686,5010,10713,13683,3981,22227,23293,4840,3915,-1977,3180,16966,18095,1265,2774,-5229,1015,2165,-4135,1489,1659,-4250,490,-965,-7416,1315,3891,12950,5570,12790,21686,5010,10732,11518,3981,22467,34703,4840,8884,12777,3180,24301,35164,-955,588,1236,-1459,684,-3317,906,-1213,6316,8243,12668,15724,8763,22623,7844,5078,4285,9849,7794,6262
11/14/2025,1140,3331,5497,2187,4902,6512,419,1470,4879,795,4305,4783,-204,4436,-660,1092,2745,7517,3037,6414,9808,3360,15182,-4406,2247,4820,-3895,3895,14640,-4748,1140,4465,5497,2187,4902,6512,1213,2979,5958,1345,4683,9445,1515,3420,6260,1092,2745,9575,3037,8258,4888,4661,13521,-8067,2247,7724,7278,3895,14947,-8813,3907,5172,4493,5575,5465,7849,3745,6404,1396,-2791,1790,2217,4014,865,8300,3041,1107,-3100,8295,8646
11/17/2025,1870,6249,9969,3515,7470,3817,1367,5666,5308,2924,5634,6683,2085,2915,12006,600,4630,6748,1990,1053,7476,2590,3475,-1772,1180,1942,6747,2485,1585,-2456,1870,6109,8560,3515,7470,3624,3328,7690,3807,2385,3354,5384,2085,2915,12288,600,4630,6748,1990,1119,8038,2590,4747,-2248,1180,84,1916,2485,5605,-2700,4475,6599,5195,7080,6940,8902,6696,5515,3085,9404,3540,3210,2904,1379,5975,6979,3320,2104,5970,6441
11/18/2025,1390,3943,8371,1684,322,4775,2559,6167,7753,1235,3739,4142,1971,6043,4961,2301,6347,2048,2626,5489,3770,2786,3823,-1650,2751,3131,5320,2781,3813,934,1390,3943,8371,1684,322,4775,1105,488,-506,410,826,1237,1971,6043,4648,2301,6347,2048,2626,5489,3840,2786,4646,-484,2751,4016,2705,2781,3813,2625,616,4899,-967,961,7,889,-305,-2263,2313,4679,1107,824,1580,7843,1112,-3948,1580,4968,1112,-3948
11/19/2025,2275,7208,12827,2210,7969,12781,4797,8467,9567,2680,4242,13034,1535,7248,23585,1110,6770,13206,3545,7968,15068,1096,2423,-3370,1884,6695,5740,1026,2393,-3690,2275,7208,12827,2210,7969,13301,4332,8334,11650,3872,3817,11283,1535,7248,23401,1110,6770,19470,1904,7968,23557,1096,2962,498,1884,6122,16151,1026,2393,98,5774,17450,6211,15713,6717,13288,2894,13581,7292,16509,11322,9285,9582,13576,919,-4370,10005,2558,2194,-4601
11/20/2025,2070,4755,2741,1330,4047,4861,1243,5082,1053,1380,2640,3935,1310,2975,-1088,2210,5718,6784,2265,6225,5134,1975,17948,36396,1735,1835,-422,1645,17543,32150,2070,4755,2741,1330,4047,4861,1835,5136,2508,1605,-760,-695,1310,2975,-3381,2210,5718,6784,2265,6225,6491,1975,17948,38669,1735,3495,1215,1645,17543,35424,2850,357,2735,3301,2425,905,4565,4656,-97,-1778,4059,3349,2677,-1058,12031,28820,1243,899,12011,28757
11/21/2025,2485,2694,7184,2095,1085,3867,1148,1788,2750,1900,5345,7393,1185,2615,2956,1385,1931,-1231,2140,1654,3701,1095,-1372,-4822,1945,754,-1468,1085,-1392,63,2485,3055,7575,2095,1085,3867,1299,1313,1186,2295,5990,4333,1185,2615,3912,1385,1931,-2848,2140,1654,3701,1095,626,-5589,1945,1359,-36,1085,-1392,-7790,2204,10717,770,9995,1304,11705,3790,9101,2115,10809,640,5022,1424,11232,-1725,240,-315,701,-1730,-2584
11/24/2025,3010,1810,2644,910,1870,3225,1445,3790,2014,1350,1242,5276,1915,-4055,-6240,3135,12804,5739,2039,16860,-7355,9255,28071,34504,1741,-2000,-1735,9145,24397,43559,3010,1688,2644,910,1743,3225,1450,4045,3225,500,1046,3275,1915,8537,-5949,3135,12804,2995,2650,17200,12622,8911,29655,71174,2440,16588,14597,9145,30457,73293,2120,-3563,2865,-2743,3671,-4002,1937,-2743,-4490,-6231,4077,-2273,-2227,-7441,29034,25872,-1502,-2341,29034,30582
11/25/2025,1230,2882,855,2273,4636,-5798,721,1497,-5849,1920,3767,-1810,215,-4158,-6172,1290,-2223,-7452,158,-4201,-7245,1375,618,-5490,-476,-587,-2880,1235,1474,-7485,1230,6396,1989,2273,4636,-884,607,1870,-849,280,2459,-1958,215,-4293,-9166,1290,-4270,-10467,-5,-2821,-11226,1375,857,-2630,-300,3255,-2710,1235,3150,-1149,3184,1455,4928,4441,-763,-188,4069,3064,-3996,-7331,-3310,-6181,-3642,-7137,4844,-6630,-6140,-2362,4449,-6830
11/26/2025,2005,1695,-2537,1092,1655,-3226,995,3126,-1787,1020,834,-1267,2975,5623,-4246,4155,3939,709,5380,6771,1412,7760,6216,-1475,5025,-2015,-3102,7650,5191,-2658,2005,979,273,1092,1655,-1878,1738,2417,-1650,992,74,-2399,2975,2451,1368,4155,3939,-6468,5380,6623,3409,8954,3395,-32787,5105,3975,-518,7650,4766,-34034,3824,-780,3187,-327,3413,177,2665,-1809,6279,3592,2437,-4180,3271,-2594,1934,-3100,-2105,-1220,1934,-4850
11/27/2025,1520,4925,7051,3160,5735,7051,3160,5830,7051,1450,4925,7051,2930,4060,5786,3345,11040,16130,6040,13180,18675,2895,7835,8945,3200,4730,3181,3030,6140,8925,1520,4925,7545,3160,5735,7545,3160,5830,7545,1450,4910,7545,2930,5610,9296,3345,10420,17055,5905,12560,21440,3495,17875,32845,3675,12560,21440,3495,17875,32845,-2155,-2027,-2155,-2770,-2155,-2027,-2155,-2770,7380,2110,6325,-1750,8770,-1800,7335,-4290,3020,2530,7335,-4290
11/28/2025,-180,-1305,735,-345,-1496,735,-230,-551,735,-180,-1305,729,2360,-1473,-3030,2220,1221,-3687,3515,2651,-4707,2755,4703,4589,1915,420,-1601,2760,4931,5760,-180,-1305,1845,-345,-1496,1845,-230,-551,1845,-80,39,-590,2360,-2254,-6982,2435,1180,-2553,3515,2705,-2666,2970,5079,17893,2040,2705,-2666,2760,5079,17893,-1430,827,-1430,1148,-1430,827,-1430,1148,-731,-5968,235,-5232,322,-3534,4845,5891,-1909,-2742,4845,4008
12/1/2025,1220,1201,-4270,-50,1630,-3775,1308,1498,-4270,810,70,-4497,1520,5245,-433,2455,2215,6674,2445,6548,451,3345,2469,-2751,1690,5338,-855,3345,5400,374,1220,-316,-1554,-50,1630,-5935,78,845,-5935,168,2479,-3785,1520,6792,5854,2455,3662,4292,2445,3670,-4637,5474,4063,-18426,1690,2790,-3291,3345,4579,-15131,2364,-1490,226,501,-119,-615,-1134,501,2659,-192,7286,7743,6403,571,13923,2818,1956,72,13563,12178
12/2/2025,3845,4018,-2892,3940,3206,-1721,2797,1091,681,3245,3077,-2123,2785,7758,21394,3685,6334,18081,5425,10155,15816,4795,12975,-1116,5065,7903,12051,5420,12975,952,3845,2967,-2778,3940,3206,-1016,3122,1349,-449,3000,1741,-5009,2785,7758,21394,3685,6334,19407,5425,10155,15816,5370,12554,3294,5065,11350,14712,5420,12975,6100,3565,-761,1256,64,1673,5923,1261,-585,12952,19738,12047,25799,15009,28139,3996,11722,8580,8924,3996,10096
12/3/2025,495,133,-2463,1070,174,-5370,1252,-299,-3988,600,-885,-3270,2705,-3890,-5850,2393,-140,-5561,4560,-2910,-6440,6496,13331,-2718,2107,-2150,-3231,6496,7616,-4782,600,380,-2639,1070,174,-2117,1450,173,-1954,775,822,-3608,2705,-425,-9560,2393,-850,-8405,4879,5875,-4930,6040,11389,14867,6135,5870,-5905,6496,13023,15257,-867,-2308,-1290,-573,-504,-3380,-2825,-733,-4098,-6588,-4335,-3920,-1536,-7016,-1804,-5287,-2548,-5780,-1804,-5391
12/4/2025,3235,5695,27898,3050,11986,24171,5385,13323,24614,2270,4718,25698,2375,10530,27220,3250,10828,21451,3017,11046,39541,5221,18762,-2354,1952,8797,11325,8060,11909,6361,3235,5695,28096,3050,11986,27102,5385,13323,27642,2205,4547,22715,2375,10530,29523,3250,10828,31978,3017,11866,52080,5221,19514,90550,1952,11901,52056,8060,19514,91761,6335,13573,6588,11284,6063,13278,3953,11609,14691,29986,11298,9042,14473,35110,11993,-5013,7295,14388,11993,-5213
12/5/2025,4371,6721,5415,6469,8622,2013,3212,6357,330,4275,4611,7671,1885,3877,13597,2875,1338,12815,1750,8626,17030,6735,23552,1255,2255,1225,2371,5434,23113,-2412,4275,7666,7382,6469,8622,2667,3212,6357,952,2725,6610,569,1885,3877,18388,2960,1395,11237,1915,8626,20683,5224,28065,31538,2320,8626,20641,5410,27141,29863,4535,1706,5465,1993,3003,2801,3945,970,2736,9192,3927,-2165,2869,3537,6973,-6913,4199,979,6803,3606
12/8/2025,2467,7763,3828,2853,11115,3082,5666,14672,5925,3407,9466,8984,1203,2532,-4963,2085,7150,3353,1921,6968,22108,4560,8920,-3928,1562,4214,-4200,4555,5590,-2943,2467,8971,10651,2853,11115,16730,7117,16420,16384,2130,5705,10806,1203,4054,470,2085,7150,10920,1989,7526,24739,3562,9801,24118,1630,7345,24517,4555,10151,29450,4775,2174,6639,2931,5745,3074,4915,2931,1093,-6145,9289,6763,10266,8273,9415,-2669,3575,-4100,7591,-4839
12/9/2025,2167,4745,7304,3905,5750,7304,4848,6622,7304,1985,5244,6559,2276,395,-4829,2740,1003,-5635,4214,5701,-5005,2300,9528,8875,2715,-1700,-3625,3944,3716,11624,1999,5319,9616,3905,5750,6443,3640,6320,6443,2745,4588,13640,2276,-213,-1456,2698,50,-6189,4214,6016,-3905,6691,10680,-11930,3090,6016,-4744,6800,11153,-20267,6391,3225,5760,3659,6985,3225,6236,3659,980,-5241,989,-3257,4531,-6451,12362,3230,3543,-5695,12362,3230
12/10/2025,180,-127,-3371,870,-1566,-4083,-30,-1561,-4050,180,-667,-6468,735,2300,-5087,2240,4441,-7383,2810,16238,4288,1785,11678,-4318,2194,2797,-507,1300,2427,-6781,180,-717,-14070,870,-1566,-11415,205,-1576,-11415,-1310,-2585,-11380,735,2300,528,2240,3661,-11893,2810,16238,304,2165,12507,-22939,2194,6277,-11163,1300,11473,-23744,-2823,-5538,-2705,-4575,-2823,-5538,-1595,-4950,2579,7403,-2130,-1280,-815,-1582,-5829,-5370,375,-1471,-5844,-6889
12/11/2025,-735,-3159,-5243,-925,-2880,-5778,-1867,-1292,-5942,-685,-1720,-6509,240,-1572,-4057,195,-2502,-4232,221,2769,1061,50,9853,-5965,-470,-936,-1216,1050,9514,-6382,-735,-2635,-6828,-925,-2880,-5180,-1542,-1092,-6281,-2385,-3500,-6205,240,2221,-7480,195,118,-7941,505,4319,-4929,504,9904,4896,-10,4134,-4839,1050,9904,3561,-2384,-5823,-1940,-3439,-2816,-3905,-2464,-3479,-3368,-6960,1063,-7446,3431,-5240,8260,-4353,-2166,-5905,8260,-3493
