,v0-10,v0-20,v0-40,v1-10,v1-20,v1-40,v2-10,v2-20,v2-40,v3-10,v3-20,v3-40,v4-10,v4-20,v4-40,v5-10,v5-20,v5-40,v6-10,v6-20,v6-40,v7-10,v7-20,v7-40,v8-10,v8-20,v8-40,v9-10,v9-20,v9-40,v0-10-unc,v0-20-unc,v0-40-unc,v1-10-unc,v1-20-unc,v1-40-unc,v2-10-unc,v2-20-unc,v2-40-unc,v3-10-unc,v3-20-unc,v3-40-unc,v4-10-unc,v4-20-unc,v4-40-unc,v5-10-unc,v5-20-unc,v5-40-unc,v6-10-unc,v6-20-unc,v6-40-unc,v7-10-unc,v7-20-unc,v7-40-unc,v8-10-unc,v8-20-unc,v8-40-unc,v9-10-unc,v9-20-unc,v9-40-unc,v0-20-cATM,v0-40-cATM,v1-20-cATM,v1-40-cATM,v2-20-cATM,v2-40-cATM,v3-20-cATM,v3-40-cATM,v4-20-cATM,v4-40-cATM,v5-20-cATM,v5-40-cATM,v6-20-cATM,v6-40-cATM,v7-20-cATM,v7-40-cATM,v8-20-cATM,v8-40-cATM,v9-20-cATM,v9-40-cATM
TOTAL terminal $,1127619,1732025,1998114,1075490,1685187,1962323,1015697,1511903,1936879,977541,1783311,1956128,1161380,1737204,1731480,1454295,2281709,2702835,1879699,3025419,3035724,1494139,3549320,2817645,985033,1081064,574322,2908386,4363484,3149786,1127619,1708489,2061510,1075490,1651868,2023038,1015697,1550824,1976666,868526,1312331,1601728,1200636,1961336,2351138,1454693,2492737,2905581,1876635,3141082,3803326,3165045,5567940,7331582,1766645,2892701,3544098,3102625,5464103,7224844,1362660,2050204,1344483,2032608,1332741,2039380,1295887,1969646,1333509,1524999,1890827,2546177,2452505,3152437,2552979,2859122,700452,555111,2495086,3946575
AVG terminal/day $,1474,2264,2612,1406,2203,2565,1328,1976,2532,1278,2331,2557,1518,2271,2263,1901,2983,3533,2457,3955,3968,1953,4640,3683,1288,1413,751,3802,5704,4117,1474,2233,2695,1406,2159,2644,1328,2027,2584,1135,1715,2094,1569,2564,3073,1902,3258,3798,2453,4106,4972,4137,7278,9584,2309,3781,4633,4056,7143,9444,1781,2680,1757,2657,1742,2666,1694,2575,1743,1993,2472,3328,3206,4121,3337,3737,916,726,3262,5159
MEDIAN terminal/day $,1425,2119,1695,1385,2055,1645,1300,1815,1654,1210,2239,1633,1904,1910,-201,1952,2849,2115,2300,2842,1659,1223,3090,-568,1266,1323,1067,3972,5297,0,1425,2129,2147,1385,2032,2170,1300,1955,2125,1050,1505,1740,1920,2802,3120,1945,2833,2991,2285,3040,3633,4415,7845,9420,2180,2920,3579,4381,7726,9420,1754,2072,1821,1999,1732,1946,1712,2033,1365,-47,1930,2074,2421,2373,314,-2314,1283,1025,1094,-316
RETURN / worst-10day-loss,419.2,149.2,80.9,329.3,171.2,72.7,379.1,86.9,75.3,387.6,111.3,79.9,78.6,53.1,30.8,626.5,101.1,70.4,584.8,281.4,66.2,,176.8,69.9,130.2,53.3,17.3,1020.8,342.0,78.4,419.2,86.6,70.9,329.3,91.4,68.4,379.1,82.8,56.8,509.0,77.1,38.2,96.8,46.7,26.2,626.7,173.8,45.0,583.8,244.3,48.5,1878.6,86.9,22.2,544.5,149.9,51.3,2237.2,83.1,22.2,83.6,74.4,76.5,71.9,78.5,71.5,92.0,71.5,33.4,27.7,88.5,68.9,98.4,74.3,53.0,47.2,21.5,14.6,52.2,73.3
WORST 5-day loss $ (~1wk),-6250,-14602,-20428,-5810,-13754,-23729,-5278,-16352,-22434,-6234,-10461,-18225,-12398,-29226,-36776,-15958,-23636,-35839,-17376,-25838,-40438,-2545,-21978,-30814,-10749,-17015,-26953,-13407,-15704,-30996,-6250,-15602,-27662,-5810,-14750,-25446,-5278,-13520,-23948,-4010,-14341,-27808,-14667,-37567,-83915,-15958,-29598,-53083,-18481,-29535,-55836,-13887,-61888,-204026,-18045,-29657,-57467,-13887,-63593,-191913,-13428,-30265,-14845,-30438,-14040,-30709,-15269,-30265,-30121,-38075,-23284,-34345,-26013,-41288,-31649,-39511,-24305,-32194,-31300,-37716
  worst 5-day END date,4/3/2024,12/29/2023,11/26/2024,12/29/2023,12/29/2023,4/2/2024,12/29/2023,4/2/2024,4/2/2024,11/2/2023,5/17/2023,11/26/2024,10/29/2024,9/24/2025,9/12/2023,9/10/2025,7/18/2023,9/10/2025,9/10/2025,9/10/2025,9/10/2025,7/24/2025,9/11/2023,4/24/2023,10/9/2024,7/5/2024,7/20/2023,9/8/2025,12/13/2024,4/24/2023,4/3/2024,12/29/2023,1/2/2025,12/29/2023,12/29/2023,1/2/2025,12/29/2023,7/25/2023,1/2/2025,11/2/2023,12/29/2023,4/2/2024,9/10/2025,4/27/2023,4/28/2023,9/10/2025,9/10/2025,9/10/2025,9/10/2025,9/10/2025,9/10/2025,1/17/2024,4/5/2024,4/3/2024,9/10/2025,9/10/2025,9/10/2025,1/17/2024,4/5/2024,4/3/2024,1/26/2024,5/13/2024,7/5/2023,5/13/2024,7/5/2023,5/13/2024,1/26/2024,5/13/2024,9/24/2025,8/12/2025,9/10/2025,9/10/2025,9/10/2025,9/10/2025,3/25/2024,3/25/2024,12/6/2024,3/22/2024,3/25/2024,4/9/2024
WORST 10-day loss $ (~2wk),-2690,-11605,-24712,-3266,-9841,-26999,-2679,-17401,-25713,-2522,-16025,-24469,-14777,-32694,-56257,-2321,-22579,-38367,-3214,-10752,-45868,1460,-20073,-40328,-7565,-20271,-33272,-2849,-12758,-40176,-2690,-19724,-29064,-3266,-18074,-29582,-2679,-18737,-34786,-1706,-17015,-41922,-12399,-41975,-89839,-2321,-14342,-64539,-3214,-12857,-78402,-1685,-64076,-330901,-3244,-19299,-69106,-1387,-65781,-324948,-16297,-27560,-17580,-28258,-16985,-28529,-14082,-27560,-39887,-55117,-21376,-36966,-24928,-42415,-48199,-60601,-32620,-38046,-47837,-53809
  worst 10-day END date,1/30/2024,7/25/2023,4/2/2024,1/30/2024,7/25/2023,4/2/2024,8/26/2025,7/24/2023,10/29/2024,5/19/2023,7/24/2023,4/2/2024,12/16/2024,12/16/2024,12/16/2024,7/19/2023,1/29/2024,1/29/2024,1/16/2023,7/19/2023,7/19/2023,10/5/2023,7/7/2023,7/6/2023,7/11/2024,7/11/2024,4/19/2023,1/17/2024,9/14/2023,9/26/2024,1/30/2024,7/24/2023,9/12/2023,1/30/2024,7/24/2023,4/8/2024,8/26/2025,7/24/2023,4/9/2024,1/30/2024,7/25/2023,4/9/2024,7/11/2024,7/11/2024,7/11/2024,7/19/2023,7/19/2023,4/4/2024,1/16/2023,7/19/2023,4/4/2024,9/19/2023,4/5/2024,4/10/2024,7/19/2023,4/3/2024,4/4/2024,1/29/2024,4/5/2024,4/10/2024,7/6/2023,5/16/2024,7/6/2023,5/16/2024,7/6/2023,5/16/2024,7/6/2023,5/16/2024,12/16/2024,12/16/2024,7/23/2025,4/1/2024,7/23/2025,7/23/2025,4/10/2024,2/7/2024,12/11/2024,10/30/2025,4/10/2024,5/17/2023
MAX LOSING STREAK (days),6,4,7,5,6,7,6,6,7,4,5,6,4,6,7,5,5,7,5,6,5,4,8,7,5,5,6,5,5,7,6,4,7,5,6,7,6,6,7,4,5,7,5,6,8,5,5,5,5,6,7,4,5,10,5,5,6,4,5,10,7,6,7,6,8,7,7,6,6,8,7,7,6,7,11,12,7,9,10,10
  losing-streak $,-4145,-11203,-24081,-3594,-12471,-28286,-4785,-8485,-26991,-2684,-10461,-16296,-13761,-25072,-44691,-15958,-23636,-16798,-7970,-16232,-38997,-1865,-26268,-37711,-10151,-12860,-27933,-9691,-15704,-37892,-4145,-10890,-25337,-3594,-12158,-29779,-4785,-13708,-28670,-3480,-7653,-36222,-8347,-38904,-66305,-15958,-29598,-40318,-7970,-14559,-63084,-16434,-60474,-330901,-18045,-29657,-56466,-15864,-60664,-324948,-19482,-26016,-20165,-26016,-20078,-26595,-19482,-26016,-24970,-39570,-15601,-20441,-28418,-23489,-52983,-64554,-26000,-43323,-47837,-52904
  losing-streak END date,8/20/2025,4/3/2024,4/2/2024,10/28/2024,4/3/2024,4/2/2024,10/28/2024,12/10/2024,4/2/2024,12/15/2023,5/17/2023,10/23/2024,7/18/2023,4/28/2023,7/21/2023,9/10/2025,7/18/2023,4/5/2024,1/24/2025,10/10/2024,1/29/2024,10/3/2023,4/9/2024,4/24/2023,7/19/2023,12/12/2023,7/21/2023,9/30/2025,12/13/2024,4/24/2023,8/20/2025,4/3/2024,4/2/2024,10/28/2024,4/3/2024,4/2/2024,10/28/2024,4/3/2024,4/2/2024,3/31/2023,5/17/2023,1/30/2024,9/24/2025,4/28/2023,1/30/2024,9/10/2025,9/10/2025,1/29/2024,1/24/2025,10/10/2024,4/5/2024,9/11/2023,4/3/2024,4/10/2024,9/10/2025,9/10/2025,4/8/2024,9/11/2023,4/3/2024,4/10/2024,7/6/2023,7/6/2023,7/6/2023,7/6/2023,7/6/2023,7/14/2025,7/6/2023,7/6/2023,9/13/2023,9/15/2025,11/29/2023,4/20/2023,9/11/2025,11/27/2023,7/12/2023,2/9/2024,12/6/2024,10/30/2025,4/10/2024,2/7/2024
MAX WINNING STREAK (days),26,19,15,25,20,17,23,18,15,26,24,15,22,11,8,26,18,16,26,19,15,18,9,11,20,16,11,17,20,11,26,20,16,25,20,16,23,16,16,27,15,12,22,17,14,26,26,22,26,19,19,20,16,8,19,16,19,20,16,8,25,14,25,12,17,14,32,14,9,10,20,22,22,19,15,7,12,10,15,13
  winning-streak $,52620,62286,116366,51133,69161,122687,51763,55922,126109,48167,82834,137394,82644,92751,123215,87857,94146,227967,122554,176265,257124,57102,90696,201998,62150,81404,41409,106046,170524,196370,52620,77472,134445,51133,69243,125913,51763,53583,119199,44938,42876,65918,83064,102079,223157,87857,185937,300695,122554,180479,329103,126048,253628,266555,65809,122259,293571,122108,248002,252453,108459,124811,109997,110178,84406,142404,142957,138396,81090,106945,154271,253445,205804,276567,230087,158041,35338,35786,193810,254960
WORST single day $,-4455,-6994,-8312,-4455,-6994,-8532,-4455,-6990,-8923,-4455,-6939,-8135,-5995,-7000,-9000,-5320,-7000,-9000,-5915,-7000,-9000,-1000,-7000,-9000,-6000,-7000,-9000,-6000,-7000,-9000,-4455,-8671,-13855,-4455,-8671,-13855,-4455,-8130,-14359,-3630,-8355,-16855,-8916,-18715,-37315,-5320,-12020,-28085,-7390,-14685,-31085,-11120,-32815,-87160,-7725,-13580,-31085,-11120,-32815,-87685,-6270,-9000,-6270,-9000,-6270,-9000,-6772,-9000,-7000,-9000,-7000,-9000,-7000,-9000,-7000,-9000,-6990,-9000,-7000,-9000
  worst day DATE,10/31/2023,1/23/2024,9/20/2023,10/31/2023,1/23/2024,11/25/2024,10/31/2023,12/22/2023,10/17/2025,10/31/2023,1/23/2024,1/2/2025,4/27/2023,5/17/2023,7/13/2023,9/4/2025,1/19/2024,12/10/2024,4/24/2023,9/4/2025,6/12/2023,9/8/2023,12/10/2024,7/24/2023,9/4/2025,1/29/2024,12/12/2023,9/11/2023,10/12/2023,7/24/2023,10/31/2023,7/24/2023,12/22/2023,10/31/2023,7/24/2023,12/22/2023,10/31/2023,9/28/2023,7/24/2023,10/31/2023,1/2/2025,12/22/2023,3/31/2023,3/31/2023,3/31/2023,9/4/2025,6/18/2025,5/22/2024,8/8/2023,8/8/2023,8/8/2023,10/17/2023,5/22/2024,5/22/2024,9/4/2025,8/8/2023,8/8/2023,10/17/2023,5/22/2024,5/22/2024,6/19/2025,5/22/2023,6/19/2025,5/22/2023,6/19/2025,5/22/2023,1/22/2024,5/22/2023,12/12/2023,4/25/2023,8/11/2025,9/11/2023,5/22/2024,6/12/2023,9/11/2023,5/15/2023,5/16/2025,3/27/2023,1/25/2023,5/15/2023
BEST single day $,8508,16801,28859,8934,15854,30296,8663,15615,28825,8936,15093,29124,12663,29132,54352,10802,23760,48399,16755,33992,71820,15160,42963,66612,16427,15834,25607,19704,31981,63104,8508,16801,30896,8934,15854,32615,8663,18864,30713,8823,12175,28136,12663,27923,57875,10802,29917,65131,16755,33992,79993,20809,50088,115227,16900,33484,79350,20569,50088,114207,12129,31897,16027,34385,21016,31429,14405,32057,27513,50048,26657,43693,29786,72629,47212,80613,17996,20672,39768,201458
  best day DATE,3/18/2025,10/19/2023,2/7/2023,2/28/2023,6/12/2024,2/7/2023,4/29/2024,12/8/2025,9/17/2025,10/18/2024,10/19/2023,2/7/2023,7/5/2023,10/29/2025,3/18/2025,6/12/2024,3/18/2025,3/18/2025,4/22/2025,10/29/2025,1/29/2025,10/10/2025,3/28/2025,3/10/2025,4/22/2025,3/19/2025,2/7/2023,3/14/2024,9/26/2023,2/9/2023,3/18/2025,10/19/2023,5/7/2025,2/28/2023,6/12/2024,2/7/2023,4/29/2024,6/12/2024,5/7/2025,10/18/2024,4/29/2024,5/7/2025,7/5/2023,10/29/2025,6/12/2024,6/12/2024,6/12/2024,6/12/2024,4/22/2025,10/29/2025,1/29/2025,3/14/2024,10/14/2024,10/3/2023,4/22/2025,10/29/2025,1/29/2025,3/14/2024,10/14/2024,10/3/2023,7/26/2023,2/7/2023,7/26/2023,2/7/2023,4/4/2025,2/7/2023,8/9/2023,2/7/2023,6/12/2024,6/12/2024,6/12/2024,6/12/2024,6/12/2024,1/29/2025,2/21/2025,2/9/2023,11/14/2023,5/3/2023,2/21/2025,4/9/2025
opens/day,13.3,16.36,19.41,13.63,16.63,19.56,13.84,16.37,19.68,13.39,16.84,19.41,15.8,17.67,17.65,17.92,20.68,23.07,24.85,29.23,28.51,18.68,32.86,27.5,14.22,11.3,6.82,36.49,37.86,28.99,13.3,16.33,18.9,13.63,16.59,18.99,13.84,16.82,19.07,13.39,16.36,18.82,16.09,19.35,20.95,17.91,22.08,23.98,24.88,30.07,32.01,39.34,47.93,51.35,24.57,29.83,31.91,39.24,47.92,51.34,16.51,18.04,16.66,18.1,16.81,18.14,16.55,18.06,17.46,17.05,21.74,22.11,29.58,28.75,29.98,25.8,10.68,6.92,35.31,29.55
NEG days,157/765,208/765,285/765,178/765,206/765,277/765,192/765,218/765,283/765,156/765,179/765,288/765,222/765,295/765,388/765,157/765,223/765,314/765,171/765,241/765,330/765,212/765,293/765,395/765,218/765,232/765,316/765,186/765,210/765,382/765,157/765,206/765,273/765,178/765,202/765,267/765,192/765,212/765,276/765,171/765,244/765,305/765,218/765,267/765,318/765,157/765,215/765,290/765,172/765,231/765,297/765,170/765,237/765,321/765,175/765,239/765,303/765,174/765,237/765,319/765,252/765,284/765,253/765,287/765,252/765,286/765,248/765,285/765,322/765,383/765,246/765,297/765,239/765,295/765,376/765,439/765,286/765,314/765,354/765,387/765
WIN %,79%,73%,63%,77%,73%,64%,75%,71%,63%,79%,76%,62%,71%,61%,49%,79%,71%,59%,78%,68%,57%,72%,62%,48%,71%,70%,59%,76%,72%,50%,79%,73%,64%,77%,73%,65%,75%,72%,64%,77%,68%,60%,71%,65%,58%,79%,72%,62%,77%,70%,61%,78%,69%,58%,77%,69%,60%,77%,69%,58%,67%,63%,67%,62%,67%,62%,67%,63%,58%,50%,68%,61%,69%,61%,51%,42%,62%,59%,54%,49%
AVG WIN day $,2084,3815,6041,2117,3710,5864,2102,3498,5912,1844,3588,6017,3080,6329,10573,2852,5449,9262,3763,7267,11163,2964,10145,13476,2347,2999,4038,5922,9213,13472,2084,3809,6516,2117,3684,6352,2102,3614,6400,1704,3428,6241,3094,6681,12836,2850,5838,10264,3771,7390,13272,6270,14697,35474,3572,6994,12974,6219,14544,34991,3756,6407,3755,6414,3731,6440,3587,6247,6185,10082,5079,8249,6204,9931,10969,16688,3533,4534,9872,16006
AVG LOSS day $,-862,-1870,-3142,-927,-1868,-3225,-971,-1825,-3204,-907,-1765,-3152,-2288,-4172,-5784,-1763,-2986,-4666,-2059,-3218,-5482,-669,-4195,-5456,-1350,-2217,-3908,-2767,-3526,-5227,-862,-2024,-4168,-927,-2073,-4247,-971,-2095,-4153,-819,-1927,-4140,-2243,-5090,-10610,-1755,-3314,-6757,-2068,-3453,-8063,-3290,-9188,-26116,-1927,-3260,-8043,-3255,-9286,-26164,-2224,-3610,-2270,-3578,-2292,-3632,-2239,-3589,-4348,-6048,-3007,-4398,-3366,-5103,-4530,-5842,-3456,-4730,-4385,-5395
PAYOFF (win/loss),2.42,2.04,1.92,2.28,1.99,1.82,2.16,1.92,1.85,2.03,2.03,1.91,1.35,1.52,1.83,1.62,1.82,1.98,1.83,2.26,2.04,4.43,2.42,2.47,1.74,1.35,1.03,2.14,2.61,2.58,2.42,1.88,1.56,2.28,1.78,1.5,2.16,1.72,1.54,2.08,1.78,1.51,1.38,1.31,1.21,1.62,1.76,1.52,1.82,2.14,1.65,1.91,1.6,1.36,1.85,2.15,1.61,1.91,1.57,1.34,1.69,1.77,1.65,1.79,1.63,1.77,1.6,1.74,1.42,1.67,1.69,1.88,1.84,1.95,2.42,2.86,1.02,0.96,2.25,2.97
(context) true MAX DRAWDOWN $,-8210,-14602,-28427,-6755,-13754,-30414,-6694,-17844,-26991,-6509,-16943,-31015,-14777,-34253,-71999,-15958,-23636,-47799,-17376,-25838,-47520,-3060,-28647,-56196,-10835,-22976,-44419,-18126,-15704,-55786,-8210,-20934,-44735,-6755,-19284,-42888,-6694,-19827,-46001,-4300,-17015,-56561,-14667,-45579,-117865,-15958,-29598,-85912,-18481,-29535,-103948,-16434,-66172,-354986,-18045,-29657,-97417,-15864,-67877,-351214,-19482,-30420,-24497,-30594,-25766,-30865,-19482,-30420,-60467,-108976,-29855,-52712,-32784,-58484,-72219,-83951,-38478,-58507,-71467,-63688
maxDD 7-day $,-8210,-14602,-24081,-6755,-13754,-28286,-6694,-16849,-26991,-6509,-11159,-22889,-14123,-29226,-44691,-15958,-23636,-35839,-17376,-25838,-45364,-3060,-25142,-37711,-10835,-18869,-29951,-18126,-15704,-37892,-8210,-15602,-31319,-6755,-14750,-30148,-6694,-13708,-28670,-4300,-14341,-36222,-14667,-41606,-83915,-15958,-29598,-53589,-18481,-29535,-63084,-16434,-66172,-266192,-18045,-29657,-57467,-15864,-67877,-260239,-19482,-30265,-20165,-30594,-19640,-30865,-19482,-30265,-32857,-48417,-23284,-35388,-28418,-48938,-39319,-50500,-28335,-40115,-39128,-51101
maxDD 30-day $,-8210,-14602,-28427,-6755,-13754,-30414,-6694,-17844,-26991,-6509,-16943,-31015,-14777,-34253,-71999,-15958,-23636,-47799,-17376,-25838,-47520,-3060,-28647,-56196,-10835,-22976,-44419,-18126,-15704,-55786,-8210,-20934,-44735,-6755,-19284,-42888,-6694,-19827,-46001,-4300,-17015,-56561,-14667,-45579,-117865,-15958,-29598,-85912,-18481,-29535,-103948,-16434,-66172,-354986,-18045,-29657,-97417,-15864,-67877,-351214,-19482,-30420,-24497,-30594,-25766,-30865,-19482,-30420,-44454,-85470,-29855,-52712,-32784,-58484,-72219,-83951,-37709,-58507,-71467,-63688
ret / maxDD30,137.3,118.6,70.3,159.2,122.5,64.5,151.7,84.7,71.8,150.2,105.3,63.1,78.6,50.7,24.0,91.1,96.5,56.5,108.2,117.1,63.9,488.3,123.9,50.1,90.9,47.1,12.9,160.5,277.9,56.5,137.3,81.6,46.1,159.2,85.7,47.2,151.7,78.2,43.0,202.0,77.1,28.3,81.9,43.0,19.9,91.2,84.2,33.8,101.5,106.4,36.6,192.6,84.1,20.7,97.9,97.5,36.4,195.6,80.5,20.6,69.9,67.4,54.9,66.4,51.7,66.1,66.5,64.7,30.0,17.8,63.3,48.3,74.8,53.9,35.4,34.1,18.6,9.5,34.9,62.0
avg peak capital $,1478,3076,7140,1462,3224,7279,1537,2914,7452,1786,4949,7096,1584,3336,7111,1571,3039,7469,1729,3906,8079,2052,3238,7089,1453,4603,5898,1991,7410,8770,1478,3078,7258,1462,3226,7415,1537,3316,7592,2057,3412,6616,1591,3392,7519,1571,3397,7609,1729,3931,8379,2099,3524,9821,1496,3401,7855,2026,3516,9768,2807,5771,2832,5802,2860,5836,2893,5778,2914,5877,2910,5870,3015,5932,2919,5831,2776,5330,4114,10486
ret on capital (daily $/$),0.997,0.736,0.366,0.962,0.683,0.352,0.864,0.678,0.34,0.716,0.471,0.36,0.958,0.681,0.318,1.21,0.982,0.473,1.421,1.013,0.491,0.952,1.433,0.52,0.886,0.307,0.127,1.91,0.77,0.469,0.997,0.725,0.371,0.962,0.669,0.357,0.864,0.611,0.34,0.552,0.503,0.317,0.986,0.756,0.409,1.211,0.959,0.499,1.419,1.045,0.593,1.971,2.065,0.976,1.543,1.112,0.59,2.002,2.032,0.967,0.634,0.464,0.62,0.458,0.609,0.457,0.586,0.446,0.598,0.339,0.849,0.567,1.063,0.695,1.143,0.641,0.33,0.136,0.793,0.492
profitScore ($20-norm),2948,2264,1306,2812,2203,1283,2656,1976,1266,2556,2331,1279,3036,2271,1132,3802,2983,1767,4914,3955,1984,3906,4640,1842,2576,1413,376,7604,5704,2059,2948,2233,1348,2812,2159,1322,2656,2027,1292,2270,1715,1047,3138,2564,1537,3804,3258,1899,4906,4106,2486,8274,7278,4792,4618,3781,2317,8112,7143,4722,1781,1340,1757,1329,1742,1333,1694,1288,1743,997,2472,1664,3206,2061,3337,1869,916,363,3262,2580
riskScore ($20-norm),-16420,-14602,-14213,-13510,-13754,-15207,-13388,-17844,-13495,-13018,-16943,-15507,-29554,-34253,-35999,-31916,-23636,-23899,-34752,-25838,-23760,-6120,-28647,-28098,-21670,-22976,-22209,-36252,-15704,-27893,-16420,-20934,-22367,-13510,-19284,-21444,-13388,-19827,-23000,-8600,-17015,-28280,-29334,-45579,-58932,-31916,-29598,-42956,-36962,-29535,-51974,-32868,-66172,-177493,-36090,-29657,-48708,-31728,-67877,-175607,-19482,-15210,-24497,-15297,-25766,-15432,-19482,-15210,-44454,-42735,-29855,-26356,-32784,-29242,-72219,-41975,-37709,-29253,-71467,-31844
GOV lossMax $,-6000,-7000,-9000,-6000,-7000,-9000,-6000,-7000,-9000,-6000,-7000,-9000,-6000,-7000,-9000,-6000,-7000,-9000,-6000,-7000,-9000,-1000,-7000,-9000,-6000,-7000,-9000,-6000,-7000,-9000,,,,,,,,,,,,,,,,,,,,,,,,,,,,,,,-7000,-9000,-7000,-9000,-7000,-9000,-7000,-9000,-7000,-9000,-7000,-9000,-7000,-9000,-7000,-9000,-7000,-9000,-7000,-9000
GOV worst floor HELD $,-4730,-6994,-8995,-4680,-6994,-8995,-4585,-7000,-8995,-4615,-6995,-8995,-5999,-7000,-9000,-5965,-7000,-9000,-5995,-7000,-9000,-1000,-7000,-9000,-6000,-7000,-9000,-6000,-7000,-9000,,,,,,,,,,,,,,,,,,,,,,,,,,,,,,,-7000,-9000,-7000,-9000,-7000,-9000,-7000,-9000,-7000,-9000,-7000,-9000,-7000,-9000,-7000,-9000,-6990,-9000,-7000,-9000
GOV days over cap,0,0,0,0,0,0,0,0,0,0,0,0,0,0,0,0,0,0,0,0,0,0,0,0,0,0,0,0,0,0,,,,,,,,,,,,,,,,,,,,,,,,,,,,,,,0,0,0,0,0,0,0,0,0,0,0,0,0,0,0,0,0,0,0,0
GOV covers deferred,0,13,51,0,12,44,0,4,65,0,8,57,6,431,1679,2,313,1128,10,777,4293,2033,779,666,0,0,0,240,427,808,,,,,,,,,,,,,,,,,,,,,,,,,,,,,,,11,30,9,30,11,29,21,30,344,1953,489,1094,1308,3389,1231,1073,0,0,1975,824
GOV offsets bought,0,165,1901,0,175,1951,0,65,2044,0,96,1896,23,453,1831,5,165,1796,22,540,2159,22,968,3012,8,122,723,35,936,3116,,,,,,,,,,,,,,,,,,,,,,,,,,,,,,,227,1587,247,1626,266,1647,224,1575,269,1106,292,1093,425,1105,716,2438,91,622,589,2665
GOV offset spend $,0,68360,929849,0,73343,945894,0,20306,991767,0,39925,923314,8995,180792,770861,1433,55082,789290,8495,222587,959249,8555,392704,1525683,2563,45931,329423,10987,385780,1563607,,,,,,,,,,,,,,,,,,,,,,,,,,,,,,,91950,729701,100677,747705,108845,759111,90186,725425,105557,458694,123273,475208,191034,486065,256425,1097437,30254,274070,190253,1244432
GOV opens blocked,0,68,610,0,70,596,0,25,612,0,28,611,225,1424,3415,3,416,1830,34,694,2912,13995,11804,20082,41,469,1994,2050,7077,19031,,,,,,,,,,,,,,,,,,,,,,,,,,,,,,,454,1312,457,1317,446,1324,435,1300,1470,3089,651,1740,1050,2269,16108,21924,980,2439,11926,19150
WING conversions,270,1252,1897,517,1449,1949,678,1330,1956,334,1664,1901,992,1915,2021,828,1138,2122,1434,2254,2061,323,1840,2117,941,1780,1533,877,2366,2309,270,1326,2813,517,1530,2882,678,1699,2943,337,1365,2754,1013,2247,2980,828,1947,2725,1444,2483,2845,955,2533,3298,1205,2304,2763,947,2529,3290,877,1441,977,1456,1063,1472,896,1457,1142,1513,920,1416,1101,1352,1195,1664,624,1283,1356,1954
WING spend $,57262,285122,482196,101250,317035,496075,127272,297018,491989,70939,376060,484483,227520,492212,581114,185236,297414,580319,326064,576748,577290,72412,500526,595584,198889,408909,377029,218333,628368,648402,57262,302830,736086,101250,336364,751826,127272,366734,758143,70480,313700,730329,233082,612013,999396,185236,496116,819917,328428,650039,901355,242251,785529,1297833,271655,610844,890165,240681,782178,1296061,209726,397472,228950,397585,245913,402746,216527,401131,307502,445356,234710,389154,284874,388855,340839,495702,159658,339106,382923,582543
WING days active,220,528,570,361,556,578,416,560,579,261,603,572,509,580,561,472,495,590,576,641,583,216,561,569,494,622,537,442,619,586,220,549,671,361,570,669,416,601,673,262,555,675,520,654,714,472,613,676,577,670,694,467,633,708,543,647,688,467,632,708,444,508,473,512,479,510,454,505,462,500,419,483,457,485,406,493,370,486,448,539

DATE,v0-10,v0-20,v0-40,v1-10,v1-20,v1-40,v2-10,v2-20,v2-40,v3-10,v3-20,v3-40,v4-10,v4-20,v4-40,v5-10,v5-20,v5-40,v6-10,v6-20,v6-40,v7-10,v7-20,v7-40,v8-10,v8-20,v8-40,v9-10,v9-20,v9-40,v0-10-unc,v0-20-unc,v0-40-unc,v1-10-unc,v1-20-unc,v1-40-unc,v2-10-unc,v2-20-unc,v2-40-unc,v3-10-unc,v3-20-unc,v3-40-unc,v4-10-unc,v4-20-unc,v4-40-unc,v5-10-unc,v5-20-unc,v5-40-unc,v6-10-unc,v6-20-unc,v6-40-unc,v7-10-unc,v7-20-unc,v7-40-unc,v8-10-unc,v8-20-unc,v8-40-unc,v9-10-unc,v9-20-unc,v9-40-unc,v0-20-cATM,v0-40-cATM,v1-20-cATM,v1-40-cATM,v2-20-cATM,v2-40-cATM,v3-20-cATM,v3-40-cATM,v4-20-cATM,v4-40-cATM,v5-20-cATM,v5-40-cATM,v6-20-cATM,v6-40-cATM,v7-20-cATM,v7-40-cATM,v8-20-cATM,v8-40-cATM,v9-20-cATM,v9-40-cATM
12/27/2022,-1050,-1710,-6070,-1050,-1710,-6070,-1050,-1860,-6070,-1050,-1710,-6070,1295,3196,4212,1295,2896,4212,1295,1691,4212,372,1001,4212,1130,2366,3530,-110,1001,4212,-1050,-1710,-6070,-1050,-1710,-6070,-1050,-1710,-6070,-1050,-3390,-6070,1295,3196,5051,1295,3196,5051,1295,1691,5051,-110,1001,5051,1130,1356,5051,-110,1001,5051,-1715,-6268,-1715,-6268,-1715,-6268,-1715,-6268,6976,9479,6606,10981,3226,9629,-861,-3559,3686,5420,-831,-3559
12/28/2022,2877,4530,7502,1863,3402,7502,1999,1361,8840,2852,5123,7502,1988,-1212,-8412,2890,-287,4017,3724,887,2228,-760,5240,9834,975,38,-7278,8924,12529,9834,2877,4530,8150,1863,3681,8150,1999,2936,9730,1974,3508,6345,1988,-1120,-5583,2890,2614,7415,3724,1533,6353,8519,22423,47997,3519,-655,2276,8289,21783,48707,4960,3884,4950,3884,2145,3884,4960,3884,-2094,-7685,4157,8142,4360,12220,-602,-8990,2135,-3300,-2661,-8990
12/29/2022,3555,11457,4042,3683,9857,4692,3713,8672,5692,4564,9657,4042,2316,12055,3138,4600,14668,10354,6059,17741,17999,1510,9784,-392,2435,-2602,-1450,5371,13319,-392,3555,11457,6418,3683,9857,7068,3713,8472,8068,3045,10317,6738,2316,12101,7052,4600,13871,10762,6059,18225,20684,5371,27074,30500,5592,18225,23034,5371,27074,30500,7284,-2467,5664,-2467,4049,-1467,7284,-2467,12424,971,14917,1120,9573,10867,7172,665,3017,-1062,20461,665
12/30/2022,1253,1133,-6247,1338,-923,-6247,1262,-105,-6247,1023,232,-6247,8633,5027,-3084,2633,2236,2957,7218,6193,-452,-75,-2423,-1245,816,11527,5501,-4456,1833,-1245,1253,1133,-5878,1338,-923,-5878,1262,-923,-5878,478,684,-7290,8633,9217,-1706,2633,-105,-1633,7218,707,-9418,-4456,-10219,-28190,7053,157,-10418,-4456,-10219,-28190,2754,418,2754,418,2754,418,2754,418,9576,2642,603,-493,-100,-4778,-3421,-8940,5234,-970,-3404,-8940
1/3/2023,75,388,3097,304,-1132,5492,-710,-468,2939,625,1378,3097,-25,2005,-3897,1691,5458,-4482,826,-3539,-6586,-960,1405,-6094,1310,220,-957,688,-6338,-6094,75,388,641,304,-1132,2095,-710,-579,-44,660,-547,-2107,-25,1786,6921,1691,2112,-3369,826,-3539,-11339,688,-1914,-17140,856,-2258,-12474,688,-2239,-17905,-1615,2883,-1615,2883,-1412,2883,-1615,2883,301,-3322,1820,128,-739,-5195,-6809,-3941,2149,804,4833,-2460
1/4/2023,1185,531,20114,2252,5036,22849,3162,6859,16173,2480,3316,18114,2476,2798,5472,4116,4860,-644,195,1441,1808,1995,1916,-3660,-5,5960,6462,2323,7150,-4055,1185,531,20262,2252,5036,22997,3162,6004,21321,2800,2646,20427,2476,2798,4976,4116,185,-8448,195,-115,-3000,1935,-7114,-38250,-25,40,-3028,1935,-7934,-38645,7195,18338,5840,19084,5824,18429,6730,17674,2882,7237,-1898,2075,3436,-3307,-1237,-7065,5068,7154,-2930,7601
1/5/2023,2704,4901,8679,2664,6168,8679,3418,5315,10634,2534,4089,8679,2670,8291,5633,3931,3074,743,2855,10019,7758,2731,4201,8212,1077,3193,5863,4615,2290,2457,2704,6027,11041,2664,6536,11041,3418,7371,12996,994,2839,9818,2670,8291,2158,3931,7188,1238,2855,10019,8979,5085,10622,32257,2499,6967,7279,5085,10622,32257,8484,6606,9718,6606,9638,6606,8484,6606,8180,5525,17504,3815,8337,8588,13830,4657,687,6810,8108,1008
1/6/2023,-35,3180,1368,-55,3180,1368,-45,1815,1637,-270,2540,1368,-2945,-6665,-7986,30,-1875,-811,298,393,1072,1980,9418,5426,405,-189,-5377,5600,7668,5426,-35,3180,2445,-55,3180,2445,-45,3175,2219,-270,2430,2287,-2340,-5805,-11100,30,10,-521,298,393,1013,5660,10252,26646,-75,-62,-1998,5600,10252,26646,5023,3090,5068,3090,5167,3090,4723,3090,-6940,-8675,4510,4976,4347,6430,11639,-8339,-6105,-8005,7878,-8339
1/9/2023,1460,2490,5577,1455,4326,4743,1575,2719,3965,720,2054,4887,1315,-1189,-8254,-275,-4210,-7797,-589,-4465,-7218,-995,-708,9810,-222,1998,-167,-5665,5347,6974,1460,2490,5577,1455,4326,4743,1575,1994,3965,1519,785,3757,1315,-1189,-8685,-275,-1518,-12038,-589,-3224,-18732,-2000,-7148,-19308,-1512,-5148,-16532,-2180,-8648,-20108,-45,6929,1073,5764,1960,1974,-1310,3334,-3865,-6832,-3400,-3574,-5601,-8094,-6975,14704,624,3033,-6660,11008
1/10/2023,-1645,-2235,-3103,-1645,-2235,-3103,-1645,-2485,-3103,-1645,-2835,-3103,-875,1818,-754,991,3108,5607,1474,3391,5889,690,12739,11157,1762,2301,4693,2400,12344,7401,-1645,-1395,-1413,-1645,-1395,-1413,-1645,-1395,-1413,-665,-1895,-4033,-875,1818,-5470,991,4925,6518,1474,3391,7714,2400,15087,43845,2054,3694,5919,2400,15087,43845,482,101,482,101,482,101,482,101,381,-1385,8638,9675,5274,8887,12175,15202,3171,2835,11582,9276
1/11/2023,-505,901,-1155,-570,901,-1155,-650,-1431,-1155,-755,390,-1155,-5925,-4626,-7260,-3015,-5949,-4059,-3981,-3164,-2966,1514,14147,20662,-161,-2095,861,3205,12732,20662,-505,1066,3153,-570,1066,3153,-650,840,3153,-1145,-2996,-4177,-6455,-12775,-25550,-3015,-2784,-6987,-3981,-3156,-11930,3205,16510,48553,-2041,-3470,-13300,3205,16510,48553,2314,6073,2314,6073,2403,6073,899,6073,-6535,-8180,1351,3833,3082,-296,13190,24713,-3153,-644,8716,24713
1/12/2023,1005,2073,-2684,135,1438,-2684,110,4477,-2684,1185,1737,-2684,1734,5351,10840,1137,902,468,771,-1886,6106,-345,-5056,-5430,1071,3698,-3828,415,-3082,-5268,1005,2625,-2225,135,960,-2225,110,945,-2225,1185,1745,-1450,1734,5351,10840,1137,-660,229,771,-1558,-1953,555,-12725,-26192,454,-1490,-673,415,-12745,-23755,-1363,-3985,-1363,-3985,-1378,-3985,-1363,-3985,6639,15280,-1677,2515,-2696,2974,-2066,-5725,3272,-3364,-2993,-2079
1/13/2023,250,2267,-3267,270,2267,-3267,250,-725,-3267,-75,255,-3267,-2838,-6564,-8114,-1327,-1710,-5327,-2438,-5282,-8990,1015,8768,17305,741,1120,466,2857,8463,17305,250,2267,1468,270,2267,1468,250,2079,1468,-820,-1097,-3498,-2838,-8709,-16344,-1327,-853,-3599,-2438,-5282,-12976,2857,15314,37879,-2438,-5282,-13736,2857,15314,37879,2282,5016,2282,5016,2277,5016,1127,5016,-6564,-8980,921,2828,1745,226,9738,20895,-1036,-2767,3867,20895
1/16/2023,1530,2234,4300,1730,2234,4300,1970,-81,4300,1182,3019,4300,-1565,-4900,-4995,-1945,-3250,-6590,-2625,-2235,-7005,510,-4985,-2670,-2070,-1205,2331,-2645,-4840,-2670,1530,2234,3813,1730,2234,3813,1970,2234,3813,-848,-785,3813,-1565,-4900,-5335,-1945,-2845,-8085,-2625,-2235,-9015,-1755,-2250,-15370,-2625,-1050,-9015,-1755,-2250,-15370,2100,1770,2100,1770,2100,1770,2100,1770,-3590,-5085,-4290,-7945,-6075,-8900,-3805,-5930,-825,4177,-4745,-5930
1/17/2023,-285,-1690,-5291,1405,-1240,-5291,-50,960,-5291,795,180,-5291,7254,12206,9092,3714,13891,9079,3236,10246,12002,270,-30,-2177,5230,4467,571,1250,4249,-1668,-285,-1690,-9565,1405,-2295,-9565,-50,-3690,-9565,900,4206,-7425,7254,12206,11026,3714,7244,7947,3236,10246,13261,1250,-3673,-1031,7580,13057,12127,1250,-3673,1306,-992,-7041,-4321,-7041,-4321,-7041,-992,-7041,4264,6339,1436,22438,-4607,3483,-3909,-2314,2978,3885,-5018,-122
1/18/2023,2958,3728,5662,3044,3616,5741,2985,2277,5448,1833,5119,4702,740,-3827,-8955,1430,499,-1130,1055,-2184,-8106,-740,3452,-8984,-1520,-5944,3370,5531,11516,-8984,2958,3728,5726,3044,3616,5616,2985,3336,5781,1833,2849,715,740,-3458,-14521,1430,-152,-1102,1055,192,-4721,7461,20402,36787,1235,-690,-8366,6761,19602,36117,2721,5246,2936,5246,2936,5196,1761,5246,-4944,-4796,600,2923,224,-5848,6020,-8534,-6260,975,1375,-8534
1/19/2023,256,4366,4220,1230,3901,5680,580,3251,6680,506,4366,4220,4440,9034,16338,3336,1815,4422,5171,9027,170,3631,340,-5109,3131,2068,7779,2674,1372,-5109,256,4366,4426,1230,3901,5086,580,3811,5973,746,3561,7621,4440,9034,21417,3336,4930,-1040,5171,7264,10214,2784,-4145,-33525,4156,8354,9714,2674,-4260,-33525,3735,6439,3735,6439,4485,6439,3375,6439,10093,16433,5331,-1320,971,2119,-3363,-6296,1407,6787,-4718,-5059
1/20/2023,-1260,1992,2745,-1260,1962,2745,-1185,-613,2745,-1260,727,2745,-5740,-6597,-7692,-3930,-4005,-6083,-5190,-3213,-8637,975,13246,24639,-4795,-4751,-1195,3395,12372,24639,-1260,1992,3153,-1260,1962,3153,-1185,1962,3153,-1495,-1478,-3799,-6770,-11745,-24200,-3930,-2281,-6481,-5190,-3213,-9759,3395,19088,46596,-5240,-3953,-11539,3395,19088,46596,2934,5984,2904,5984,2904,5984,2934,5984,-6937,-8935,1095,-451,2296,-1634,18903,30955,-6390,-633,15125,30770
1/23/2023,3095,5550,1548,2188,5254,1498,3398,5344,5573,3510,4638,1548,1334,4937,8297,3188,7225,8032,3024,4048,13505,3010,1077,-5957,1358,3313,2952,6210,-1226,-5957,3095,5550,1253,2188,5254,1440,3398,4764,2094,3510,5388,333,1334,7433,26128,3188,4517,10151,3024,4048,13750,6210,3899,-15483,3230,3198,11449,6210,3899,-15483,5547,1937,4092,2102,4207,4404,3968,1937,9923,11671,5536,14262,7274,17500,1711,-3154,8471,-1067,5242,-3154
1/24/2023,2225,3289,-3277,2185,3154,-3277,2395,6380,-3277,1900,1340,-3277,2895,14866,26597,1945,11338,25730,3157,14767,30510,3820,3630,-7877,2085,6945,16120,3690,8772,-7877,2225,3289,-4972,2185,3154,-4972,2395,3074,-4972,1400,3360,8582,2895,15564,36384,1945,7576,25160,3157,14767,30037,4000,811,-2849,2484,13720,30830,3690,346,-3919,-361,-1449,-361,-1449,534,-1449,-361,-1449,19750,28837,12730,20679,16413,21744,1104,-2475,11860,6183,-1165,4239
1/25/2023,500,1285,6349,435,2733,5709,580,1010,2023,250,-155,6349,1109,953,-5180,-556,-2012,-4755,-1215,1454,-7600,-970,-6935,-8954,-1435,-3022,1676,-3200,-6965,-8954,500,1285,6349,435,2733,5709,580,3623,2702,1190,-3140,1848,1109,888,-11054,-556,-1135,-10805,-1215,346,-10030,-2785,-1685,-2162,-1085,2035,-10825,-2785,-1685,-2162,2908,4832,3443,3237,4363,3692,706,4832,1037,-6699,-260,-4798,3125,-8545,-6905,-5623,-4728,-64,-7000,-6912
1/26/2023,-145,3541,1897,-155,3496,1897,-165,1392,2252,-775,3441,1897,-1935,-4393,-6576,-860,-334,-4277,-3552,-266,-1696,-975,2743,13042,-737,1431,1336,-2910,1350,3500,-145,3541,2615,-155,3496,2615,-165,3496,2970,-1030,1851,2239,-1935,-4393,-14323,-860,-1445,-5384,-3552,-266,-2897,-2910,4208,9537,-3237,674,3635,-2910,4208,11092,3966,5356,4390,5356,4390,5711,4356,5356,-2500,-5319,1826,1667,4866,4216,3975,19114,-4155,9828,-410,11476
1/27/2023,3285,5680,9991,3320,5374,8633,3285,3230,9633,2990,5618,11346,3502,1897,530,6346,6858,14039,6671,12986,19333,7003,15355,4711,3000,2535,1963,9225,15457,4711,3285,5680,10133,3320,5374,10337,3285,5551,10503,2390,3876,1758,3502,5756,7004,6346,6612,14039,6671,12986,19763,9225,23270,56733,5839,11675,20998,9225,23270,56733,4108,9985,3679,9794,3946,8485,4753,11340,-2266,-8325,6879,13568,14950,15053,16994,-7722,1228,174,16778,-7722
1/30/2023,855,-344,-2656,905,-344,-2656,1020,-1135,-2656,240,1466,-2656,-530,-4412,-8932,70,-2797,-1513,715,-937,-3258,1165,15022,19653,2005,-1055,-3676,11833,15575,30812,855,565,2578,905,565,2578,1020,895,2578,330,-1275,-1120,-530,-8225,-12981,70,-1050,-1513,715,-610,-2496,12048,25651,62082,1988,1777,-2039,12048,23366,62082,319,-1547,319,-1547,319,-1547,50,-1547,-4823,-7342,-264,2848,2221,5953,18550,26766,4332,-3676,16867,48100
1/31/2023,3384,-1913,-3561,2529,-2109,-3561,2231,-553,-3561,4844,-1283,-3561,2439,4747,1667,4741,6098,-683,4113,1409,-3617,1523,13762,18134,-222,3510,-3956,4295,7456,18134,3384,-1913,-2988,2529,-2109,-2988,2231,-2322,-2988,-552,-2110,-2836,2179,-3873,-12248,4741,2542,-1603,4113,1409,-7566,4295,19269,61819,4539,2389,-10388,4295,19269,61819,794,2465,345,2465,345,2465,-56,2465,-1401,2856,2907,8012,9241,8909,17774,19783,-4940,-7281,6508,19002
2/1/2023,2455,7880,8140,2410,7705,8750,2480,4975,8470,1530,2030,8235,4265,6190,13357,5010,6405,42597,4425,8233,15564,3496,14959,4095,2110,802,22236,5285,9529,8855,2455,7880,7943,2410,7705,8553,2480,6355,8273,680,3930,8765,4265,6190,11816,5010,9880,41982,4425,8233,13933,5285,16477,46368,3485,6560,12993,5285,15577,45953,8065,12230,7990,12630,8040,14160,7235,12230,7245,13110,12335,23225,12490,23450,13850,33716,1887,3587,35800,23856
2/2/2023,3560,4415,16433,4048,3166,15126,3278,2140,16068,3122,2001,13253,3865,7806,5779,5355,7575,12054,6256,14220,26795,2360,13353,-3595,2500,7249,-896,9994,9752,-3595,3560,4415,23959,4048,3166,14608,3278,2935,14632,2597,2261,7152,3865,11875,27646,5355,9376,21651,6256,16390,46326,10194,15217,60842,4872,16390,46326,10194,16187,60842,4484,18624,4527,16915,4454,15087,4484,15869,9411,7120,7654,14971,17915,35004,17775,4396,7500,2624,22236,9382
2/3/2023,1295,1040,-2165,-315,1065,-2165,-1100,310,-1306,-35,4628,-2165,75,-3982,-7899,-1145,-4348,-2679,-2365,-2660,346,-965,-4077,-8688,-5,-756,-352,6592,16250,-3389,1295,1040,-1003,-315,1065,-1003,-1100,2815,568,55,485,1767,75,-3533,-9033,-1145,-3970,-3903,-2365,-4390,-4164,7047,2005,-2374,-710,-1240,-2519,6592,2915,-3174,1170,-2136,2061,-2649,1170,-2498,1170,-2136,-2795,-6984,-3383,-8995,-1543,8963,-2469,289,6518,943,4433,17549
2/6/2023,2980,3533,-3522,2235,946,-3522,1435,2088,-3522,1318,3852,-3522,2702,5671,17623,2872,10146,3726,1804,4569,7546,7329,13494,-6109,827,6570,2705,6825,14515,-3261,2980,3533,-5518,2235,946,-5518,1435,1031,-5518,1001,571,-602,2702,5671,17668,2872,5897,3918,1804,4569,5717,6825,13134,-13378,1639,4412,6182,6825,12734,-13378,2428,1946,-1158,1946,-1158,1946,2428,1946,3763,19850,6575,11693,1750,8785,2688,-3716,4457,13885,5919,1488
2/7/2023,2635,7590,28859,2556,6328,30296,3461,2730,9855,2385,5261,29124,3780,7611,9905,2716,4685,6811,3928,8127,21881,1425,29363,21031,1258,213,25607,5054,9760,20912,2635,7590,29221,2556,6328,32615,3461,3845,27659,2580,6581,23268,3780,7611,10865,2716,27452,7614,3928,8127,22244,4845,12660,24746,3139,7112,22104,4845,12260,38629,7315,31897,7598,34385,7435,31429,7320,32057,7722,10681,6385,10115,9300,34375,9346,19132,2305,3579,8068,24333
2/8/2023,2115,753,-2852,1540,905,-2586,2440,2640,-2586,1240,2292,-2852,-2425,-4909,-8913,2490,9034,11263,2531,4906,-87,-970,22259,35898,1795,680,-6845,14830,21284,35041,2115,753,-1882,1540,905,-1817,2440,26,-1817,1225,2193,-1282,-2425,-5195,-11172,2490,8417,12677,2531,5563,4950,14900,27620,77271,3070,4962,3385,14830,26450,75788,685,-6373,685,-6373,685,-6373,685,-6373,-6425,-8975,12019,11189,2430,-880,14213,12926,-389,-6845,20010,19541
2/9/2023,1860,3122,6814,1085,3107,6417,1175,2222,6602,210,2527,5814,-4545,-6770,-8285,1135,-131,2763,40,2229,-2836,9706,31013,65284,-2175,466,-1102,15042,28863,63104,1860,3122,6977,1085,3107,6977,1175,3102,7162,210,650,1141,-4545,-11230,-23380,1135,885,2707,40,2229,295,15302,31013,67058,470,914,-5150,15042,29933,63724,4237,7487,4237,7487,4242,7487,3178,3257,-6615,-8895,1182,4404,1788,3748,31382,80613,-6475,-1227,25083,74312
2/10/2023,1244,2987,4495,245,3676,4495,1295,3094,4495,1064,4811,5105,2069,4882,12358,1050,4613,6547,1693,6154,6160,105,-6299,-7313,1733,5997,3120,-3760,253,-1975,1244,2987,4050,245,3676,4050,1295,2717,4050,1419,4711,4651,2069,4882,16612,1050,1838,6185,1693,6154,3965,-5570,-19670,-42538,1503,4933,48,-5585,-20675,-29118,3143,3941,3048,3941,3086,3941,2605,3941,6027,5506,1285,2199,1783,264,-5155,-5386,3693,4320,-4007,-5347
2/13/2023,2433,3616,966,2929,1961,966,1592,2777,1226,3071,3802,966,2602,3448,-1755,3910,14050,14816,7676,10912,8491,515,305,2597,2312,2929,11170,3919,14841,2597,2433,3616,2200,2929,1961,2200,1592,2251,2160,3096,4157,7540,3371,12401,10413,3910,16108,13902,7676,10912,10079,3919,1161,-3888,7041,10912,10079,3919,1161,-3888,2180,-809,3180,-809,2538,-809,1595,-809,2498,1600,12894,4991,12266,5783,1248,1770,2286,-362,10627,-1649
2/14/2023,1760,4105,3167,115,2338,5367,1000,3541,2615,1005,3019,3167,2179,-1025,1288,1884,4602,17870,-128,622,9071,950,14855,-3097,147,1405,4605,-1735,9360,-584,1760,4105,1801,115,2338,3130,1000,3769,3078,1005,1660,511,2179,-1025,315,1884,3531,3616,-128,622,3649,-1725,16055,7942,-278,-150,660,-1735,13771,9442,6981,-507,5457,1433,7427,-2674,3642,-507,2770,1744,10835,13803,7792,12248,25791,21948,10067,5999,23879,38453
2/15/2023,-1245,2656,3833,-1325,2751,3833,-1335,815,4408,-690,1843,3833,-2235,-728,-3293,-2346,-791,-2527,-2860,12,1515,1025,421,5556,-3135,-3907,-1776,-530,10077,5556,-1245,2656,5607,-1325,2751,5607,-1335,2567,6182,-1070,1573,-858,-2235,-4235,-8294,-2346,-3286,-5610,-2860,799,-3470,-530,9871,27093,-3135,-41,-850,-530,9871,27093,3230,4514,3230,4514,3067,5199,3230,4514,-366,-2100,770,546,4073,1199,-1860,-2629,-215,4121,-3135,8428
2/16/2023,3765,6564,4741,3758,4974,4406,3785,3811,4721,2795,6959,3216,2397,1589,5681,1918,-975,-190,2530,1622,24,2420,3090,16203,3009,3311,1443,3931,2450,12588,3765,6564,2479,3758,4974,2144,3785,4017,-816,2545,6949,6199,2397,1589,937,1918,-1151,-4991,2530,1297,-1231,4081,-40,-28755,2355,-103,-2756,3931,-840,-29960,6300,4520,4265,4110,3377,4110,6958,4260,4050,2702,1645,4550,3855,6295,7212,17344,2715,13248,5949,6865
2/17/2023,-460,1988,-2622,-360,1568,-230,-1250,-814,-1013,-940,652,-2622,2204,972,-4410,2819,1869,-967,-489,-2496,-6654,-638,2110,-6903,3269,3944,8387,-1161,-6981,-6903,-460,1988,-2754,-360,1568,-118,-1250,-769,-2479,-482,-111,-268,2204,972,-4803,2819,4338,-196,-489,-2496,-11233,-1156,-5956,-27909,3201,-4253,-9612,-1161,1124,-27909,1754,81,2553,-214,3220,-1241,1754,81,863,1602,752,3106,6182,2257,-4696,608,-957,5653,-3092,175
2/20/2023,1725,1867,6478,1684,1867,6478,1684,1017,6478,1725,1867,6478,265,-1080,-115,1994,3603,5988,2864,3653,6807,430,4444,4543,1695,-2835,-3390,5000,4444,4543,1725,1867,6551,1684,1867,6551,1684,1867,6551,-125,1007,6551,265,-1080,-275,1994,3603,5988,2864,3653,6807,9795,18668,34013,3254,3653,6807,9795,18668,34013,-1620,650,-1620,650,-1620,650,-1620,650,-865,-3175,-1130,-665,-2105,-885,280,-1640,-2890,-5205,280,-1640
2/21/2023,3118,5605,8133,3427,5920,8133,3650,2303,8133,2831,5501,8133,-2610,-6975,-8685,-6,-6130,-4165,-77,-3180,-8920,5610,14115,25558,-306,-791,-6910,11763,17125,25558,3118,5627,11860,3427,5942,11860,3650,5942,11860,2168,826,4045,-2610,-12173,-25893,-6,-533,-2975,-77,-3180,-12219,12617,26710,68561,226,-2262,-12219,12642,26710,68561,5359,8935,5359,8935,5359,8935,5359,8935,-6995,-8970,-201,611,-3219,-1375,22718,23869,184,-8985,16515,21679
2/22/2023,1760,3986,5565,955,2351,5565,-645,1625,5565,1510,4861,5565,3640,8901,21641,2598,8128,16483,3095,6477,19784,-525,12257,-5684,2940,4440,4694,1670,16248,-1222,1760,3986,-130,955,2351,-130,-645,2351,-130,940,3590,3164,3640,8901,25075,2598,10206,17130,3095,6477,19123,2465,16632,-8128,2940,7020,18448,2260,19348,-5803,374,1934,374,1934,374,1934,374,1934,10796,21656,5395,8154,7665,13193,2314,-6697,5267,4768,-100,-6697
2/23/2023,920,2914,5128,915,3180,5669,865,1303,4829,340,2914,5128,980,5335,15383,-965,-951,8132,-935,976,6083,565,-3121,-8335,-607,627,11142,-5098,-3975,-8335,920,2914,5128,915,3180,5669,865,2588,4829,115,3249,5690,980,5813,15807,-965,2665,4570,-935,1205,5560,-5093,-6036,-34771,-408,230,3960,-5098,-5808,-33471,5555,4620,4670,4650,5392,5444,3770,8870,7237,14144,-786,10274,4409,4531,-6727,-8298,2352,6683,-5512,-8298
2/24/2023,5746,6253,-1616,1120,5148,-1616,1105,5686,-1616,5611,7171,-1616,8435,17405,5921,8162,10323,-625,10985,8813,-530,2166,3869,-1289,7113,8223,4445,1246,-2171,-1289,5746,6253,-12636,1120,5208,-12636,1105,5013,-12636,1673,7867,-8957,8435,19280,14114,8162,6281,296,10985,8703,-1020,1571,-5734,-50839,10795,8233,840,1571,-5734,-50839,1081,-2721,846,-2721,1101,-2721,1081,-2721,9566,3410,6193,-1098,6734,-3982,-4693,-5557,877,6227,-4647,-5969
2/27/2023,1564,-566,804,1441,4665,437,1947,-89,611,1219,1478,804,2896,2732,4860,1881,748,2113,1776,1708,-150,2640,-4316,-7351,740,-285,1617,5828,-6031,-7351,1564,814,2276,1441,4665,2106,1947,4690,2801,1185,-387,14580,2896,2732,3517,1881,6135,569,1776,1838,610,6683,16112,1289,940,1138,1885,6588,15632,1289,-3395,309,-2820,309,-1765,309,-4175,309,5430,8858,5895,2837,-3365,4077,-608,-8940,3427,1835,-1359,-8940
2/28/2023,7569,5763,3950,8934,5541,3950,7364,4002,958,5223,8258,3950,7971,13285,16046,6481,5262,10644,5632,16834,7984,3855,5962,-1498,3578,10917,12183,5687,6149,-1498,7569,5763,3432,8934,5541,3432,7364,5424,1626,5094,4876,1045,7971,16481,32562,6481,7212,9832,5632,15767,16724,5687,-2611,-44529,5167,14407,17593,5687,-2611,-44529,5208,7111,6000,7111,5401,7111,5208,7111,7752,8155,2758,-3639,3263,1621,-1743,-6779,3160,12490,-3594,-6779
3/1/2023,1960,-3239,-6138,1273,-4640,-6138,1362,-974,-6138,-2075,-1324,-6138,2192,3639,-689,4804,7711,17109,3038,5681,10189,4262,8372,6296,282,2321,-4218,4088,10152,6307,1960,-1649,-2934,1273,-2820,-2934,1362,-3690,-2934,-1545,-3982,374,2192,3442,3498,4804,9285,17396,3038,5681,10771,4693,20280,39484,2857,5047,9671,4853,20155,45408,-4880,-5530,-3867,-5530,-3867,-5530,-4652,-5530,3845,-4138,8292,16494,-957,5381,1708,-1240,793,-3697,19549,-2633
3/2/2023,-375,2303,6319,-280,2222,6619,-500,-263,8264,-750,1356,6319,-5608,-6407,-8802,-4390,-5814,-5672,-5670,-4808,-6758,-535,7275,25605,-2183,-2783,-7030,275,6986,30671,-375,2303,6972,-280,2222,7272,-500,1885,8917,-1080,937,1250,-5608,-11571,-21346,-4390,-4064,-2365,-6105,-4837,-11225,275,12820,58021,-6455,-5277,-12100,275,11655,55531,4812,9300,4492,9600,4155,10948,4812,9300,-6710,-8140,940,3400,1780,1894,8211,39210,-6440,-8665,4450,40318
3/3/2023,1035,3733,8210,1035,3733,8210,1035,2245,8210,1580,3424,8210,-1715,-5770,-8642,557,123,-856,213,786,-2931,1880,15543,13604,-724,-129,467,4631,15214,13604,1035,3733,8929,1035,3733,8929,1035,3733,8929,1060,1958,3263,-1715,-7678,-14005,557,706,96,213,793,-363,5031,21367,54644,-32,3158,-571,5031,21367,54644,5372,10360,5372,10360,5372,10360,7125,10530,-6515,-8634,2459,3398,2139,5450,19861,23709,-5542,602,14114,22478
3/6/2023,564,466,-2129,481,107,-1906,263,-1059,-1351,229,751,-3129,362,-4918,-8856,-1440,-6315,-8969,-2773,-6094,-8997,-945,-5321,-7007,-154,1039,1738,-4090,-216,-7007,564,466,162,481,366,39,263,-283,594,-1281,-2990,-7095,362,-4918,-14435,-1440,-6879,-20503,-2773,-8289,-22760,-314,1032,-10664,-1634,-8021,-22995,-414,832,-11524,90,-1651,-20,-1651,-797,-1651,-410,-2661,-6985,-8247,-6909,-8992,-6993,-8992,-4058,-8568,-6935,2474,-6965,-7749
3/7/2023,380,-1605,-5173,-270,-1450,-5003,-110,-1920,-5003,-85,-1781,-5173,1337,2104,-333,3397,3257,-1033,3334,6331,2892,1021,8536,10554,3432,2376,-5042,3546,10184,11110,380,-1605,-3015,-270,-1450,-2845,-110,-1285,-2845,-315,-2530,-3281,1337,2104,1505,3397,3942,4055,3334,6469,8152,10156,21964,42132,3792,4050,12265,9561,21466,39164,-1319,-1872,-409,-1872,-409,-1872,-1679,-1872,4801,3115,5414,6094,9503,15985,10294,22014,-178,-4792,11522,22876
3/8/2023,1544,2614,-3275,799,-1591,-4585,2870,-1921,-4585,1299,2614,-3275,3287,6514,9918,4299,4198,13590,1250,5217,5821,3657,850,-2667,5458,5822,4251,63,1260,-2667,1544,-741,-10219,799,-2282,-11529,2870,-1864,-11529,335,-951,-3348,3287,6514,15590,4299,5957,14103,1250,5217,5782,63,-7664,-13079,1766,4747,4750,63,-7664,-13079,-1193,-90,-1897,-1400,-2177,-1400,-1193,-90,9690,13989,9036,15351,11362,7616,-1935,-5520,3131,4476,-4179,-2820
3/9/2023,1899,3088,6134,2290,2801,4224,2185,5058,4229,2229,4255,4184,-845,-5939,-8889,-2450,-6970,-8170,-2850,-6559,-8022,-865,-6545,-8490,-2065,-1070,-250,2674,-5335,-8490,1899,3088,6134,2290,2801,4224,2185,3601,4229,2229,2545,1023,-845,-8194,-24267,-2450,-7455,-21340,-2850,-8935,-25675,4479,-1090,-11000,-2765,-10700,-27880,4059,-2410,-17375,3796,7676,3605,5751,4605,5721,3886,3266,-6335,-8400,-6800,-8910,-6820,-8260,-6995,-8990,-6185,576,-6910,-8985
3/10/2023,1562,-331,-2234,2157,552,-438,1334,-1119,-408,845,-466,-2234,1725,2781,8243,3985,6541,20533,5011,8945,15515,3850,17746,10891,3937,1885,-466,12400,13550,6812,1562,-331,-1535,2157,552,-1210,1334,407,-1180,625,-897,-7095,1725,2781,9227,3985,7003,21576,5011,9741,19147,12485,23658,27392,4567,7791,15401,12400,23058,25083,4574,418,4574,418,2924,418,3510,418,5690,14250,9127,20399,10733,17022,10782,12269,6016,3192,7344,10086
3/13/2023,2935,4184,4901,2737,3512,6284,3055,2769,9557,2935,1260,4901,2044,1402,11093,2450,-768,2021,2717,-315,5688,600,-5566,-4883,925,-76,6954,3876,1472,-4315,2935,4184,4448,2737,3512,2173,3055,3737,648,2574,1570,3088,2044,2663,13982,2450,1859,7131,2717,-315,3824,3981,-4917,-35041,1872,-1450,266,3876,-4917,-35071,6335,5584,7177,16731,4938,11760,6335,5584,4966,10836,2495,7678,-945,6580,-4504,-6337,1438,9881,-2203,-3660
3/14/2023,2730,5947,18165,2441,7177,17623,3285,6627,17623,2480,5223,18165,5475,12957,15371,4015,7031,24435,6778,17098,32219,770,5102,1901,3053,3362,11610,1750,4874,2192,2730,5947,17038,2441,7177,16843,3285,6967,16643,1120,4367,13874,5475,16112,40071,4015,10598,30056,6778,18935,40210,1026,6957,8015,6425,19160,40210,1026,6387,8805,6618,12784,6618,12784,6618,12784,6618,12784,13180,21795,14710,17530,18408,32699,3883,-1082,5880,14833,4219,-1082
3/15/2023,-210,394,213,-205,-960,213,-875,259,103,-685,-530,213,2105,13693,6867,3315,4482,11056,3896,7680,8715,1485,7487,14868,2824,675,1274,2790,10049,14433,-210,394,-1565,-205,-960,-1565,-875,-1020,-1675,-675,-3100,-5815,2105,13693,18218,3315,4433,5651,3896,7680,10027,2790,7487,19879,3549,8073,10301,2790,7487,19764,-734,-2043,-384,-2043,-444,-2153,-734,-2043,6133,8846,5893,4163,10352,13533,19862,16714,4482,-2741,16828,13266
3/16/2023,1605,4683,9922,1630,4683,10705,1665,2625,10826,775,2903,8108,-2315,-2322,-6120,5,619,-2928,190,-560,-3266,4801,11986,15590,-1810,-3614,854,4718,10977,15590,1605,4683,10439,1630,4683,10705,1665,4628,10826,780,3507,6263,-2315,-5415,-12476,5,1240,2722,190,2370,738,4758,13310,46558,1130,5326,461,4718,14035,46558,4329,12185,4447,12477,4369,12298,3515,11850,-3595,-8686,2920,3653,2860,2659,15888,23398,-3805,-7265,11317,21079
3/17/2023,512,9263,1246,3085,9628,1464,2591,8618,3652,-3,9948,1246,4397,18448,24440,5112,15814,9285,5518,12695,13947,110,-1492,-7766,2992,1727,-835,7283,-528,-7766,512,9263,885,3085,9628,1485,2591,8288,2442,117,8578,5562,4397,18448,30734,5112,19983,27569,5518,17068,35430,7362,8166,6336,5209,16173,34020,7252,7966,5581,6684,1281,6684,1281,5514,1281,5272,1281,15368,18867,12653,3355,8714,14696,-5271,-7923,178,1488,-5080,-6124
3/20/2023,-2255,2490,-865,-2255,2490,-865,-3070,1685,-865,-2255,3815,-865,1459,2407,257,128,5565,1068,264,1788,3189,570,321,-7087,1926,1735,2193,-2955,-1422,-7087,-2255,5015,4917,-2255,5015,4917,-3070,3635,4917,-520,-125,2830,1459,2407,1011,128,6405,1918,264,417,5811,-4015,12844,31350,-85,3454,7662,-4015,13489,31350,6220,1366,6220,1366,6220,1366,6220,1366,651,987,4675,10121,4110,13120,-6925,-8875,3950,4268,-5385,-8840
3/21/2023,-2120,3865,994,-2130,3865,994,-2180,1599,994,-2120,1913,994,-1677,-5639,-8987,-2741,-6345,564,-2905,362,-5257,-865,10889,1612,-1470,2055,1393,-3555,7769,1612,-2120,3840,-1050,-2130,3840,-1050,-2180,3840,-1050,-1310,2060,-9329,-1677,-5639,-7865,-2741,-890,-129,-2905,608,-13497,-3355,10870,264,-2766,-610,-12267,-3355,10870,264,609,3555,609,3555,609,3555,609,3555,-5027,-8621,1065,-887,1584,-2628,4332,9320,1978,2450,-1226,9320
3/22/2023,4255,10122,12711,3927,8337,11621,4194,5422,13071,2610,2675,11386,4644,7753,13605,4112,8094,15050,9442,20234,26802,1595,12429,19025,3548,2750,346,5815,16040,20570,4255,10122,12945,3927,8337,11855,4194,8192,13305,1390,5077,11125,4644,9120,44960,4112,10494,18358,9442,20999,42870,5815,23998,35387,6660,20235,41710,5815,23668,36102,8407,9850,6677,8760,6712,10210,6402,10215,23072,11437,7532,13322,18553,25751,8905,17917,945,3290,27874,17141
3/23/2023,2997,5747,13094,2924,5351,15118,2121,4429,15118,3445,4523,11259,312,-1274,-2580,-385,-3760,-5829,-1345,-4263,910,1665,-6353,-6626,1088,348,2829,-625,-2513,-5506,2997,5747,14525,2924,5351,16827,2121,5406,16827,3475,8276,12563,312,-1197,-1912,-385,-3200,-4970,-1345,-3150,-3519,-460,-11104,-9177,-740,-3955,-6379,-625,-12974,-12142,6386,17563,5318,17563,5902,17563,7083,13988,548,-526,-882,-943,3121,2582,-2945,-7018,1506,3621,-5009,-6603
3/24/2023,-2285,-3325,-3852,-3045,-3325,-2845,-3045,-4570,-2890,-2505,-3480,-3852,-3010,-6105,-8061,-1770,-127,-8991,-2540,-4244,-5973,-185,2770,9430,-905,2220,-924,-2215,473,9430,-2285,-3325,-5040,-3045,-3325,-4995,-3045,-3325,-5040,-2210,-4680,-9197,-3010,-9165,-19009,-1770,-3940,-10886,-2540,-4854,-9640,-2215,1135,5851,-1009,-1139,-11459,-2215,1135,5291,-1360,-3630,-1485,-3324,-1485,-3965,-305,-3630,-4235,-1935,-1390,3834,4204,5741,1433,11482,722,-394,-2133,10351
3/27/2023,2815,4638,3029,2621,4501,3614,2643,3284,3614,2450,5569,3029,595,1276,-3769,2430,23,9281,3535,2265,13655,3495,17759,17673,2397,3411,-8860,10880,7066,17673,2815,4638,3356,2621,4501,3677,2643,3657,3677,2450,5569,2641,595,1276,1406,2430,3697,15050,3535,2662,13206,10880,20358,36320,3922,477,11882,10880,20358,36320,1419,310,1419,310,519,310,2536,310,-355,-5071,5155,10968,6250,3960,10092,12925,1671,-9000,7067,12925
3/28/2023,855,665,385,225,665,385,-570,1244,385,-275,665,385,-779,3147,-947,2982,-1141,-800,2456,5757,-1024,-145,-3135,-5254,4654,3689,4010,2384,-3348,-5254,855,665,-746,225,665,-746,-570,-1425,-746,-715,534,3277,-779,3147,-763,2982,3426,-3528,2456,5757,-4857,5100,-10775,-44739,1881,3960,-6759,5100,-12709,-44016,1470,3449,1470,3449,1135,3449,1470,3449,-1035,1172,3612,-1457,4815,1527,-5914,-6276,551,4979,-2654,-6276
3/29/2023,-2040,1920,3492,-2040,350,3492,-2005,-1280,3492,-895,720,3492,281,1392,-4528,-329,2896,1392,1464,4885,-1778,755,5333,5357,693,190,567,2241,4918,5357,-2040,1920,5182,-2040,350,5182,-2005,305,5182,-1285,1065,1557,281,1392,177,-329,1676,3014,1464,5183,2392,2241,10999,47427,2538,6368,87,2241,10584,47427,2860,-338,1290,-338,1245,-338,2860,-338,1778,3513,3646,4901,6669,12837,7409,6859,-2370,248,4247,6859
3/30/2023,895,1389,2870,153,2404,1479,983,1459,1479,115,2884,2870,1265,8715,11679,825,3808,4922,1845,5010,12935,4195,-1716,-6578,1685,1967,6199,4675,-408,-6578,895,1389,2020,153,2404,-1160,983,1524,-1160,-135,457,5028,1265,9632,24968,825,2499,11853,1845,5189,18560,900,-6751,-22258,1720,6114,18560,900,-6751,-22258,-233,1520,-233,1520,-233,1520,1535,1520,4197,1968,4336,-567,2876,-2614,263,-4632,3631,6193,460,-4632
3/31/2023,-1508,515,1858,-1330,477,1858,-1543,-1515,1858,-1160,-169,513,-5955,-6735,-8920,-2981,-6870,818,-5624,-6978,-8808,1345,15663,22467,-4720,-6790,-8920,5334,12316,22467,-1508,515,3655,-1330,477,3655,-1543,482,3655,-1345,-1311,-5291,-8916,-18715,-37315,-2981,-4389,-8436,-5624,-8433,-17385,5334,18641,52737,-5436,-8433,-17385,5334,18641,51622,2140,3753,2102,3753,2107,3753,2055,2408,-6660,-8820,205,-2457,-1113,5243,13983,23901,-6415,-8820,11673,23901
4/3/2023,-180,445,1839,-950,430,1839,-760,1415,1839,-665,-770,334,1648,3610,6164,-575,-1426,-3399,333,3911,-4286,607,5385,1075,855,6500,8822,-30,462,1075,-180,445,1839,-950,430,1839,-760,855,1839,120,1655,905,1648,3560,4493,-575,286,-3399,333,3911,-3757,-3309,-18861,-43075,113,2494,-5022,-3309,-18861,-43075,2215,1666,2007,1666,2268,1666,2215,1666,3205,7002,349,-477,423,-315,6496,6618,410,10143,6348,6618
4/4/2023,3210,2435,9,3483,2870,1009,4209,1242,2089,2165,495,1354,929,-910,3685,3021,520,17926,3070,4977,16841,11350,35453,24193,2982,2879,6381,17574,28447,24193,3210,2435,423,3483,2870,1423,4209,3800,2503,2355,-2303,707,929,-910,1457,3021,2635,18597,3070,4977,16804,17614,36638,66724,3882,4977,16804,17574,36638,65885,2670,4179,3670,4179,3670,4179,1717,5819,3266,8083,13790,15187,4649,12734,28016,-4456,3601,5482,22060,4164
4/5/2023,1440,2554,6655,1380,3072,6637,1545,3501,7707,1975,4045,6655,508,-1025,-7625,605,-1669,-3638,30,-2165,-3945,880,-5897,-6744,393,2605,-4535,1129,-5897,-6744,1440,2554,7740,1380,3072,8173,1545,2807,8394,2030,4045,8717,508,-555,103,605,-690,-3418,30,-2165,-4750,2676,-11817,-24820,40,-2689,-5750,2676,-11817,-24820,3442,9317,3471,9478,3456,9478,4293,9317,-2360,-8275,-3325,-5865,-4060,-4860,-6291,-8937,-430,1460,-4739,-8937
4/6/2023,880,-896,-483,880,-896,517,880,-1492,517,880,-1401,-483,-5145,-6420,-8728,-2115,-4700,-7968,-2606,-6310,-8995,485,-3355,-7720,-5545,-2022,-5303,1550,-2239,-7720,880,94,1170,880,94,2170,880,-185,2170,1495,-2155,-2665,-3760,-8895,-16905,-2115,-3715,-4905,-2275,-2195,-5831,2150,7534,18542,-2625,-2171,-5583,2150,7534,18542,180,1814,147,2814,107,2814,180,1814,-6615,-8065,-3405,-8115,-5450,-8220,-2374,-8420,-6740,-8980,-4408,-8420
4/10/2023,-2265,-669,-1178,-2285,-669,-1178,-2285,-1769,-1178,-2265,-2504,-1178,-779,-3512,-6047,-2894,-4696,-8980,-2894,-5107,-7785,-995,-6980,-8990,-1544,-1204,-8930,-5605,-6980,-8990,-2265,560,939,-2285,560,939,-2285,560,939,-1420,710,-769,-779,-3581,-9222,-2894,-4539,-6109,-2894,-6741,-7186,-4555,-2880,14913,-2784,-6089,-7186,-4555,-2880,14913,-574,459,-574,459,-574,459,-574,459,-6370,-7575,-5204,-7502,-5252,-7653,-6990,-8915,-6470,-8955,-6985,-8915
4/11/2023,2967,2897,-1202,3044,2909,-1202,3409,6394,-1202,3142,2897,-1202,8216,14557,11025,5660,15103,12144,10111,19838,22592,5316,4476,4947,3195,2222,4595,8622,10081,4947,2967,2897,-1617,3044,2909,-1617,3409,2969,-1617,2985,4362,-1262,8216,16654,28087,6030,18663,21761,10540,21303,32148,11679,11860,21251,9170,21303,32148,11679,11860,21251,1581,-2205,1581,-2205,1581,-2205,1581,-2205,17145,16506,8230,12939,15882,11772,-148,-524,2405,12897,-1365,-524
4/12/2023,1184,1407,5893,245,1542,4528,1786,1899,749,1184,1867,5893,2458,302,-6215,2265,-915,2341,2145,2737,1279,3400,11701,20413,-190,2297,-5355,5046,14292,20413,1184,1596,2374,245,1731,9501,1786,1561,8030,615,1236,-1598,2458,-601,85,2265,525,3678,2145,3215,5117,6950,18665,34362,2239,3215,5117,6635,17830,33562,9,7379,1672,7379,1727,8179,9,7379,1748,-8305,4395,-2390,3570,-460,9685,17967,2990,-5558,7283,17967
4/13/2023,895,2178,5003,865,2178,5003,713,650,5003,907,1142,5003,-5975,-6725,-8875,-1365,-4321,-4931,-541,-88,-4496,600,16616,11681,-420,-6885,-8035,5471,14603,11681,895,2178,7524,865,2178,7524,713,2178,7524,511,-72,839,-4470,-9810,-19965,-1365,-3493,-5002,-541,-88,94,5701,22842,39749,-706,-273,-4558,5701,22842,39749,3376,4716,3150,4716,3150,4716,3376,4716,-6885,-8925,-3147,-2308,248,-3863,18165,14720,-2412,-8855,12231,14720
4/14/2023,-1145,-823,-6361,-2770,-1037,-6361,-2685,-3074,-6361,-1145,-1360,-6361,-210,544,-882,-630,-1410,-5119,-310,-2609,-4966,-565,-3420,-905,305,795,-1110,-1529,-3982,-905,-1145,-2514,-7070,-2770,-2529,-7070,-2685,-2534,-7070,-1905,-3629,-8698,-210,821,4929,-630,-1285,-7340,-310,-2609,-7547,-1529,-2224,-18578,755,-3234,-8241,-1529,-2224,-14178,341,-1303,341,-1303,726,-1303,341,-1303,2743,-2129,1135,-5224,3895,-3582,-414,4621,2672,-179,-524,4621
4/17/2023,-5,3410,417,-40,3445,417,10,-96,417,-915,305,224,-940,955,-3204,-375,768,-5100,-187,2885,-6828,970,229,-5992,2673,1671,3915,-1107,-4292,-5992,-5,1860,2855,-40,1895,2855,10,1860,2855,-650,1004,24,-940,1079,-1444,-375,-1936,-9047,-187,604,-10613,-1107,-8251,-56313,-114,604,-10613,-1107,-8251,-56313,2112,2222,1940,2222,1940,2222,2112,2222,1103,3161,-4280,-2997,-688,1747,-5464,-5333,735,6160,-4900,-4169
4/18/2023,2570,5347,1712,2204,3360,1605,1278,5780,3980,480,5642,5336,2709,11102,2716,4357,12340,-1526,5740,13870,920,2845,1969,-7535,1350,369,-3033,6754,3479,-7716,2570,5347,2006,2204,3360,1999,1278,3768,4374,480,5642,4701,2709,14684,11732,4357,12785,-3002,5740,13870,1097,13968,30559,-24358,5740,13499,709,13968,30434,-25720,4770,4844,4665,4844,4665,4844,5715,4844,1980,2544,2420,-1399,2055,2826,-3943,-5641,-531,-1361,-1191,-5641
4/19/2023,2886,4687,9638,2768,4769,9638,2201,5753,9119,1891,5378,9638,-2775,-6790,-5482,779,-4085,545,384,-1167,-4900,2356,-5628,-2870,-220,-5561,-5482,2635,-6725,-2870,2886,4687,12172,2768,4769,12172,2201,4861,12160,1796,7341,17248,-1538,-4966,-10546,779,-2500,545,384,-898,-1851,2635,-9598,20314,-251,-898,-2851,2635,-9598,20314,2927,7498,2806,7498,2896,7633,2927,7498,-6600,-8830,-2300,-4392,-1709,-1138,-5904,2502,-4197,-8830,-1033,2502
4/20/2023,2869,4890,-659,3006,5015,-834,3287,1536,550,2791,1667,-659,4931,7565,2446,6423,5547,-659,4173,2827,-8820,-265,11698,-6217,2497,4975,3783,2710,6088,-6217,2869,4890,-2112,3006,5015,-2287,3287,3845,-3102,1614,3955,2811,4931,8231,6990,6423,8545,-5797,4173,2390,-10332,2385,15215,-19009,2987,1690,-10332,2710,15215,-19009,3190,4184,3010,4184,1595,4374,3165,4934,7676,7563,7326,-1730,3494,-7967,-6858,-4139,3961,4424,-6012,-8588
4/21/2023,-1310,-823,-4231,-118,-2423,-4231,-1028,-510,-4231,-680,-823,-4231,1661,-2318,-2018,2727,12205,6596,3474,3308,11066,1165,-4576,-6460,1651,1968,-1251,650,5011,-6460,-1310,-823,-4093,-118,-2423,-4093,-1028,-2423,-4093,850,1184,2754,1661,-1863,3571,2727,4489,6596,3474,3308,11585,650,12315,23363,2919,4990,12859,650,12315,23363,-5005,-6698,-5005,-6698,-5005,-6698,-5005,-6698,851,-6166,5535,3305,3585,1473,-4091,-7577,-546,-2948,-5370,-7577
4/24/2023,-1305,-3869,1334,-1235,-3869,1334,-2045,-3866,1334,-1575,-2881,1334,-1254,-4268,-8070,-4933,-6135,-7415,-5915,-3450,-6630,-960,-6410,-7732,-1071,1076,-6875,-5640,-6550,-7732,-1305,-3869,4,-1235,-3869,4,-2045,-3974,4,500,-2517,2361,-1254,-1738,-6931,-4375,-8375,-21325,-4625,-7781,-21160,-7053,-21793,-62792,-4945,-8021,-21160,-7053,-21793,-62792,-3956,2561,-3956,2561,-3956,2561,-3956,2561,-2640,-6178,-5423,-6180,-6225,-8045,-6972,-7393,315,-5238,-4550,-7393
4/25/2023,1795,2017,3091,1750,2037,3091,1680,-1103,3091,1250,3007,3091,-2455,-6915,-8165,-365,-5095,-8347,-230,-1712,-8987,5988,19976,30189,794,-417,-3835,11954,17929,29389,1795,2465,4916,1750,2329,4916,1680,2537,4916,455,-1150,-2230,-2455,-11520,-28525,-365,-2662,-9263,-230,-1712,-10879,12938,26216,69287,437,-1832,-11909,12738,25881,67687,3588,4346,3588,4346,3588,4346,3588,4346,-6865,-9000,-2873,-3708,-3569,-7718,23210,49857,-4331,-5790,14459,52071
4/26/2023,2320,3058,4810,1690,3058,4810,1700,2003,4810,1435,2806,4810,941,-4165,-4956,90,-5268,-4897,-447,-4946,-4897,-830,162,-6778,-390,801,3910,4075,-1436,-6778,2320,3058,3595,1690,3058,3595,1700,3058,3595,1873,-17,4753,941,-4226,-6014,90,-5128,-3205,-447,-2471,-7750,4075,-9075,-23745,-795,-5080,-6209,4075,-9335,-23745,7349,4792,7349,4792,7349,4792,7183,4792,-3586,-6782,-4480,-7560,-2640,-7840,-2732,-8575,3090,3226,1487,-4178
4/27/2023,1765,5371,9930,1840,5321,9930,1621,2908,10339,1787,4452,9930,-5995,-6855,-6879,-3065,-6975,-8790,-3639,-5644,-8981,2715,21585,20342,-1700,-6685,-6879,6578,20218,20342,1765,5371,13734,1840,5321,13734,1621,5702,13451,1812,3891,9694,-7870,-18220,-35210,-3065,-4565,-7220,-3164,-2824,-9939,6578,21585,48946,-3504,-3524,-11240,6578,21585,48946,6643,13297,7593,13297,7802,13520,7044,13297,-6370,-8905,-780,-2355,3560,-3335,25737,20231,-6800,-8905,19698,10633
4/28/2023,-415,865,2229,-400,865,2229,-380,-661,2039,100,1064,2229,1819,-551,-3763,1763,2464,4952,641,2343,2120,1257,17425,18042,2099,11,1150,4208,18399,19587,-415,865,2695,-400,865,2695,-380,770,2411,234,-1016,-1550,1819,-1337,-7235,1763,3678,7395,641,3576,5195,4208,24769,62102,-352,4135,5195,4208,24769,62102,1590,285,1590,285,1600,285,1590,285,-1201,-2280,5308,9788,5610,8891,20992,16911,2945,1070,13999,21639
5/1/2023,5757,7915,488,5552,8122,488,5203,10398,488,5503,10457,488,5569,8677,20905,3507,1370,6455,3829,2282,9130,2500,-6168,-8085,3477,1493,8815,-75,-6204,-8085,5757,7915,339,5552,8122,339,5203,7548,339,4935,11253,12004,5569,9123,26569,3507,1032,5300,3829,2282,11746,-75,-22489,-49468,3368,3639,13935,-75,-22489,-49468,1294,-4775,1550,-4775,529,-4775,1294,-4775,11112,25913,4075,5610,1140,9809,-6604,-8134,7244,14108,-6345,-8134
5/2/2023,415,2521,5570,-359,1578,5570,531,4925,5616,370,2521,5570,5751,17160,7554,5512,5321,-2510,5027,8357,-3432,-995,-3691,-8549,2057,2584,4538,-5935,-3691,-8549,415,2521,5933,-359,1578,5933,531,1358,5979,370,3838,9748,5751,17160,8907,5512,10251,-1120,5027,10346,-1838,-3810,-13347,-36862,4712,10296,-1838,-3810,-13347,-36862,542,1804,92,1804,132,1804,542,1804,8472,6115,3088,-1562,-2656,-1399,-4936,-6103,4595,5756,-4951,-6103
5/3/2023,3775,4508,13694,3705,5363,12579,3260,3319,12579,2115,1579,12579,6103,9397,9541,6473,11016,17210,7535,16192,14563,2198,13928,7776,3625,6232,6110,4516,10886,14728,3775,4508,12969,3705,5363,11854,3260,4763,11854,1470,269,8989,6103,12167,23813,6473,11000,19098,7535,16590,25149,5116,19834,16248,7240,15410,23419,5116,20504,17413,4274,10540,4919,10540,5794,10540,4274,10540,9783,16774,9723,20044,17715,25477,9205,8695,11602,20672,2710,9400
5/4/2023,2680,2889,5245,3113,3509,5245,3348,5929,5245,2335,2314,5245,3749,8942,12449,2798,4812,7561,4853,7529,9542,-790,1963,2012,2339,4547,8160,1489,208,2012,2680,2101,2390,3113,2721,2390,3348,2721,2390,2220,4275,2110,3749,9622,19222,2798,4385,7192,4853,7858,12577,1489,-557,-7671,3379,8973,12577,1489,-557,-7671,2934,2714,2934,2714,2934,2714,2934,2714,8267,13011,3555,769,2627,7507,1384,-5350,4273,3527,1879,-3318
5/5/2023,1277,3767,8836,1324,4040,8836,1228,3223,8836,2142,4740,8836,-271,-139,-398,1821,3524,3715,862,5469,2063,945,8997,5186,1266,78,1067,3353,7682,5186,1277,3767,10705,1324,4040,10705,1228,4040,10705,2197,4815,8111,-271,-139,3120,1821,6834,10813,862,6492,9061,4578,15588,33263,681,6492,9061,4578,15588,33263,3472,12627,3537,12627,4537,12627,4672,11575,1040,-47,1879,1468,3339,1810,2037,-2617,-1488,-101,-2366,-2617
5/8/2023,-1770,-1375,-821,-1770,-1375,-821,-1770,-2425,-821,-2265,-2020,-821,110,-4166,-3604,-1555,-1505,-1862,-225,-610,-2075,-680,-4345,-2430,-1665,-1743,-6517,-4480,-4345,-2430,-1770,-1375,53,-1770,-1375,53,-1770,-1375,53,-1025,-933,296,110,-521,-6547,-1555,-3190,-6045,-225,-925,-6585,-5030,-9770,-109,-575,-1625,-6585,-5030,-9770,-109,-380,-2428,-380,-2428,-380,-2428,-380,-2428,-435,-1538,-881,-3236,-352,-2538,-6985,-8955,-3915,-8780,-6980,-8955
5/9/2023,385,1711,2129,760,1146,2129,545,2344,2129,135,1812,2129,1400,1750,7833,1392,-486,7963,2966,2162,13555,2255,2972,-2880,1587,2695,4103,3972,2972,-2880,385,1711,3066,760,1146,3066,545,1701,3066,-435,966,4061,1400,1750,13573,1392,3390,14095,2966,4544,26251,6729,11807,26710,2553,4544,26251,5994,11807,26710,345,-3272,345,-3272,345,-3272,345,-3272,7026,11264,5670,1610,4558,10779,380,-7580,10715,8281,3120,-7580
5/10/2023,2578,8614,18929,2487,8222,19867,2629,6281,21346,2008,8614,18929,682,3542,14873,1495,2429,8149,3072,12305,16764,295,5391,-5564,3682,1195,2503,2840,5205,-5564,2578,8614,16452,2487,8222,16220,2629,8191,16940,1125,6352,7360,682,4550,19667,1495,6825,12461,3072,11457,20512,1910,8470,1261,2987,13982,18730,1910,8380,3376,5999,15348,5999,15348,5905,15348,5999,15348,6731,14496,11445,15576,9579,19898,2550,-7215,3832,4507,4460,-7215
5/11/2023,-250,-4040,-5031,-1336,-4040,-5031,-2176,-1112,-5031,225,-4715,-5031,6174,11378,14978,4645,20433,1976,666,5179,1637,-350,-4364,-5446,-731,-1800,3112,4080,1490,-5446,-250,-4040,-4050,-1336,-4040,-4050,-2176,-4040,-4050,620,-682,-4152,6174,11378,18317,4645,4813,5524,666,5437,9490,4110,165,-25008,314,4521,12034,4080,165,-25008,-4480,-3759,-4480,-3759,-4480,-3759,-4480,-3759,5507,11508,-81,-1035,-1790,-1619,-6925,-8730,1876,4708,-6920,-8730
5/12/2023,35,-1330,937,195,-1447,573,8,-2440,1463,340,-801,937,-720,-1341,-3758,1200,2670,2956,2395,4507,19132,365,3066,-6469,1850,1391,1442,-876,3066,-6469,35,-1330,1478,195,-1447,1114,8,-891,2004,1140,-1090,-797,-720,-289,1665,1200,1190,2956,2395,4565,21234,808,5938,34488,2395,4107,19776,808,5938,34488,14,5916,-119,6992,-241,6992,14,5916,-172,-4156,3325,2140,14753,19453,-1649,-2556,2279,6438,-4293,-2497
5/15/2023,-1885,-550,-2330,-1885,-550,-2330,-1885,-1415,-2330,-1885,-1150,-2330,-3765,-4210,-8080,-4875,-5400,-7112,-5595,-6615,-5489,-930,-6867,-7179,-3930,-2950,277,-5925,-6867,-7179,-1885,-550,-1688,-1885,-550,-1688,-1885,-550,-1688,-825,-656,-2755,-3765,-4920,-8634,-4875,-6460,-9980,-5595,-6930,-9528,-6405,-945,1362,-5595,-5605,-7520,-6405,-945,1362,1073,-1385,980,-1385,980,-1385,1073,-1385,-3760,-5936,-3733,-5610,-4799,-5095,-6990,-9000,-6435,-1288,-5750,-9000
5/16/2023,845,500,-2493,845,500,-2493,965,-20,-2493,595,-10,-2493,2194,869,-3050,1673,1387,-5634,3990,4744,-929,1080,-4467,5469,1814,3833,3024,1525,-5409,5469,845,500,-7001,845,500,-7001,965,500,-7001,-455,-1200,-7967,2630,5644,8922,1673,2592,-4707,3990,4744,-8803,1525,-10830,-51960,4260,3929,-8888,1525,-10830,-51960,-5480,-2841,-5480,-2841,-5480,-2841,-5480,-2841,-965,-1875,-3887,-928,-5478,894,745,-4516,4097,2577,-1316,-4516
5/17/2023,-510,-3155,-567,-510,-2734,-567,-510,-3645,-567,-510,-3785,-567,-2745,-7000,-8825,-810,-3685,-3278,-900,-808,-3533,370,1258,-430,-328,-538,-6855,3419,409,-430,-510,-3155,574,-510,-2742,574,-510,-2742,574,-1045,-4025,-482,-2745,-4855,-11849,-810,-1940,-3320,-900,-743,-1579,3419,5850,14356,-1620,-1955,-1579,3419,5850,14356,-765,-1001,-970,-1001,-989,-1001,-765,-1001,-4694,-8988,-78,-2419,1988,-1476,-1113,620,-570,-8955,1094,620
5/18/2023,390,2061,-371,347,1509,-371,460,1096,823,-175,2890,-371,-242,2705,-4942,1508,37,-2920,1180,273,1266,2235,10296,19993,-560,1324,7746,4049,6332,19292,390,2061,1392,347,1509,1392,460,1511,2487,-175,941,-873,-242,4876,-2419,1508,4348,-20,1180,273,2909,4049,11783,40303,1137,1404,1520,4049,10773,39503,3311,6832,3249,6832,3251,7842,2881,6832,2289,801,3937,3059,4515,9434,10286,19262,5203,6382,7616,23223
5/19/2023,-420,3395,3521,-370,3440,4359,-215,5205,3149,-990,5427,2947,-1115,-1189,-4671,781,2855,1777,-919,-3693,5441,2385,1023,-2027,151,-76,5467,3269,3184,-2027,-420,3395,3788,-370,3440,4625,-215,4239,3415,115,2165,6585,-1115,-245,2314,781,-78,1978,-919,-3556,5984,3299,-3210,13642,171,-3556,8279,3269,-3210,13642,4835,3780,4835,3780,5717,3780,4835,3780,-4294,-7070,-5861,-3678,-3155,-3670,1992,-8319,1984,8053,1499,-6598
5/22/2023,4725,-69,1489,2695,231,1489,1865,6190,1489,3705,-183,1489,6625,11033,7793,5356,5440,1337,2970,2451,4998,1730,177,-5398,1482,448,-3330,7546,4603,-5398,4725,-69,-1309,2695,231,-1309,1865,231,-1309,3190,7481,2617,6625,11237,12762,5356,3875,2314,2970,2780,5004,9077,8548,-27706,4265,2085,5004,9077,8548,-27706,-4695,-9000,-4695,-9000,-4695,-9000,-4695,-9000,3644,7065,-1787,-3719,-4887,-4629,-5850,-7769,2375,-3534,-5765,-7769
5/23/2023,1250,-898,-6780,1160,-1013,-6780,1270,-1323,-6510,335,-412,-6780,1691,-5668,-8418,959,-1045,-6945,1891,777,-5195,-915,13079,11002,1948,-4901,-5246,8976,11864,11002,1250,-898,-5605,1160,-1013,-5605,1270,-1278,-5335,1145,-1945,-8710,1691,-6467,-16875,959,-1546,-8186,1891,777,-3500,9201,18862,32546,2053,-203,-2310,9176,18167,32546,-1550,-1599,-1550,-1599,-1550,-1599,-1990,-1599,-6945,-7085,-1445,-3045,-553,570,18134,35210,-1116,-5246,8880,36635
5/24/2023,-1071,-1190,-695,-1901,-1190,-695,-1901,-2456,-695,-1286,-2680,-695,10,833,3980,-599,4290,3337,-1430,7954,8176,2275,-481,-568,2285,3203,5538,-1643,-5374,-568,-1071,-2065,-3795,-1901,-2065,-3795,-1901,-2065,-3795,344,-1135,-6700,10,1564,4154,-599,260,3095,-1430,5315,10,-5625,-16660,-32833,-1130,3915,1265,-5725,-16660,-33633,-4644,-3779,-4644,-3779,-4644,-3779,-4644,-3779,1925,3665,-2950,2644,748,4370,-6080,-6901,1116,1332,-5072,-6901
5/25/2023,-1095,710,-3035,-1060,710,-3035,-1035,745,-3035,-1345,-1208,-3035,3292,9863,19249,3221,13200,21159,3683,12327,24823,-980,-5958,-8965,2540,5507,1400,1670,1518,-8965,-1095,710,-3035,-1060,710,-3035,-1035,1710,-3035,90,1256,-1943,3292,9863,24433,3221,9718,21159,3683,12327,26084,2960,12150,13700,2890,10482,23991,2960,12150,13700,315,-3492,315,-3492,370,-3492,315,-3492,18340,18730,10509,14026,17331,22121,-6130,-6404,12970,1555,-6145,-6404
5/26/2023,3479,5803,7016,3238,5594,6561,3368,5610,6571,5454,9366,7016,-2855,-6357,-6079,2075,9901,1710,3890,9130,4915,4040,27023,18616,1025,-2692,-899,7919,16796,18616,3479,5803,9257,3238,5594,9628,3368,5490,9638,4794,8813,8847,-555,1503,-11884,2075,8123,2099,3890,9288,5866,7919,33470,57506,2335,7265,11693,7919,33470,57506,5406,6717,5261,6630,5395,7117,6081,6717,-6527,-8773,2148,4922,1863,8022,15355,13168,-6905,-298,22227,13168
5/29/2023,-615,990,5713,-615,990,5713,-615,-1010,5713,490,990,5713,-2630,630,2896,-3540,900,4627,-4115,1365,1325,-945,1080,3832,-1535,610,4112,-5380,1080,3832,-615,990,8049,-615,990,8049,-615,990,8049,-405,-1065,8049,-2630,-500,-610,-3540,-1540,-2650,-4115,-1880,-4400,-8750,-8260,-12500,-4115,-1880,-4400,-8750,-8260,-12500,2980,2837,2980,2837,2980,2837,2980,2837,-2845,-3625,-3705,-3515,-4750,-5625,-3925,-2015,-1615,5936,-4050,-2015
5/30/2023,875,-1287,-4026,975,-1242,-3938,150,-32,-2273,625,-766,-4026,41,-119,-2125,1785,7815,10134,1305,870,1190,-370,8841,-5090,-185,-3205,-5535,6880,8536,-5090,875,-1287,-7750,975,-1242,-7780,150,-563,-5859,1010,649,-9775,41,-1260,-4167,1785,3165,9381,1305,870,1358,7130,15752,40451,1970,-492,1992,7130,15447,37876,-327,-1943,-507,-2525,-1398,-2525,-327,-1943,1143,5545,6505,18249,9778,18149,6913,2083,3305,-7252,15037,11886
5/31/2023,-280,595,1633,-1635,1645,2132,-645,3370,463,-1215,550,1633,2554,8343,14437,235,3310,-1436,1108,9620,3663,-170,4159,-3370,2004,1331,8014,-1886,4079,-1415,-280,595,1767,-1635,1645,2533,-645,455,951,-595,507,5899,2554,8343,21905,235,2921,-1266,1108,9620,3838,-1886,-5613,-43049,113,9437,3268,-1886,-5613,-43049,2377,1999,2377,1999,-372,1999,2377,1999,11923,14578,1060,-928,1881,2186,-4280,-2424,2017,4807,-2485,-2542
6/1/2023,1910,2119,480,1910,2265,480,1756,1701,480,2365,1092,-4808,2415,-4885,-8641,4755,6760,4964,7520,4919,24822,3805,14427,3042,1921,-4295,2424,7981,20466,3042,1910,2119,795,1910,2265,795,1756,2265,795,2390,1474,-427,3990,2055,11278,4755,3900,5467,7520,4919,29507,7981,22599,62948,7105,3994,29477,7981,22599,62948,1762,1575,1582,1575,1660,1575,2496,1575,-2899,-6726,8710,17028,12792,31193,13341,9188,850,6446,10966,19109
6/2/2023,1120,-1595,-4519,1120,-1595,-4519,645,2395,-4519,1444,-251,-4519,4721,5638,9798,1531,2172,2908,1356,2384,2910,195,-4740,-7075,2175,-2245,-2225,-2040,-4427,-7075,1120,-1595,-3976,1120,-1595,-3976,645,-1625,-3976,1769,2989,-2891,4721,5638,10717,1531,-689,1126,1356,1126,2866,-2799,-18944,-30693,4315,1091,3786,-2799,-18944,-30693,-5675,-8302,-5675,-8302,-5705,-8302,-5675,-8302,3090,3784,-1296,-1400,-1953,-5344,-6805,-7785,-940,-615,-6805,-7680
6/5/2023,-990,-3430,-6038,-830,-1918,-6038,-1645,-969,-6038,-1625,20,-6388,1904,-1038,-3307,-925,-6215,-4409,-2299,-4301,-8614,-5,-4239,-4674,-376,-857,-6549,-5413,-4626,-4674,-990,-2755,-3711,-830,-2766,-3711,-1645,-2896,-3711,615,840,-1087,1904,2165,6771,-925,-3982,-3950,-2299,-5122,-12967,-4818,-18261,-46616,-1666,-2632,-10587,-4958,-19956,-44881,-715,5242,826,5242,826,5242,485,5242,5697,5422,-1360,-1295,2026,-4749,-4233,-7028,7609,-6194,-5888,-8524
6/6/2023,-410,679,-2125,-1220,679,-2125,-615,1004,-2125,115,1862,-2125,3054,11665,9964,435,-597,2534,1444,9898,398,-550,475,-6900,2097,2350,3844,545,1020,-6900,-410,1265,-659,-1220,1265,-659,-615,1265,-659,-70,1190,1884,3054,11665,10753,435,1739,3264,1444,9898,3383,545,475,-5400,1174,9388,3383,545,475,-5400,996,-1763,996,-1763,996,-1763,996,-1763,6489,7800,2896,4014,1464,3839,-5990,-3771,1015,3511,-5915,-2941
6/7/2023,1787,1246,6640,1540,1170,6985,1681,-1872,7320,1037,1253,5640,-3530,-6690,-8584,-1135,-4270,-6285,-1045,-3051,-7343,3655,17676,18889,-2425,1256,-3909,10523,15691,18889,1787,1246,7768,1540,1170,8234,1681,1464,8184,697,-3578,-2711,-3530,-10045,-24379,-1135,-1632,-2801,-1045,-3051,-9098,10863,24412,64061,-1140,-3616,-8554,10523,24012,64061,2205,15247,2205,15247,2205,15247,1430,14102,-6800,-8460,-860,2390,2070,-4898,27427,35252,549,-8930,22485,49201
6/8/2023,3986,8292,8991,3082,8292,8991,3039,6266,9866,2661,4847,8991,-876,-2458,-8263,1277,6897,12036,3336,6468,13629,3345,10334,13230,665,1227,-8885,6746,6585,13230,3986,8292,10620,3082,8292,10620,3039,8244,11495,2661,7511,8438,-876,1495,-2113,1277,10086,18086,3336,6727,19424,6746,33766,62941,2216,8390,18747,6746,33766,62941,5059,9337,5059,9337,4875,9337,5340,8337,-4831,-7932,8264,11341,6961,17919,7662,18240,-1060,-8915,14298,19985
6/9/2023,-810,-1094,-4557,-1615,-1094,-4557,-1610,-2484,-4557,-810,1998,-4557,1985,3055,-6217,245,751,-4819,1401,1876,-3836,-950,-4438,-6879,-215,824,-5159,675,489,-4404,-810,-947,-6075,-1615,-947,-6075,-1610,-947,-6075,-1135,1123,-3281,1985,3715,5751,245,1559,2857,1401,400,3618,1875,5802,-2396,2923,1747,3618,1875,5802,-2396,388,-3424,388,-3424,388,-3424,388,-3424,-965,-1491,-711,-7077,-1880,-3170,-1240,-7777,2680,-4839,-2970,-3622
6/12/2023,-1880,-2470,-2772,-1880,-2320,-2772,-1815,-4110,-2772,-1945,-3670,-2772,-5735,-6895,-8986,-3920,-6810,-8979,-5890,-6995,-9000,1215,-2288,10875,-2715,-6975,76,-2015,-1210,10875,-1880,-2470,-2522,-1880,-2320,-2522,-1815,-2320,-2522,-1360,-3932,-10594,-6655,-12545,-25286,-3920,-6560,-10965,-6295,-7705,-14985,-1215,1687,15502,-7000,-6375,-13042,-1215,-1338,15502,1886,3707,2177,3707,2257,3547,1886,3707,-6900,-8976,-802,-3293,-1254,-9000,-6625,-6869,-6680,-1640,-6970,-6869
6/13/2023,2467,1382,3282,3154,2497,1372,1988,2129,1631,2347,2046,3282,3133,11127,27224,1774,5061,17152,3160,7021,19873,665,-2954,-3024,539,1886,3307,-1170,271,-3024,2467,1382,1009,3154,2497,2425,1988,1172,196,2887,2121,4100,3133,11127,29122,1774,7254,18003,3160,7021,20667,-283,-4065,1341,2827,5091,20667,-283,-4065,1341,1015,1102,780,3283,2112,4653,1015,1102,13636,18147,10260,11282,9548,16311,-3503,-4370,3103,3307,-3645,-4370
6/14/2023,4515,11224,17684,4138,9994,17519,3329,10123,18189,4515,10704,17684,4503,12488,23241,5290,10580,17138,6545,15352,19257,145,5321,11569,4015,10842,6123,4147,13851,15473,4515,11224,18092,4138,9994,17927,3329,9899,18597,4695,9726,16862,4503,12488,25939,5290,11930,16767,6545,15505,27947,4147,3276,15861,5768,13475,25757,4147,3266,17816,8793,17933,6703,17768,6548,18438,6043,16953,20355,25074,8764,12372,22425,22580,-430,7901,11082,5011,8716,12805
6/15/2023,1630,4871,7573,1590,4964,7064,1825,2933,7250,1090,2576,7573,-1740,-2805,-2910,1611,2310,7015,1638,3650,982,2642,14596,21300,1010,-6315,-8260,6196,12442,21300,1630,4871,9592,1590,4964,10064,1825,5064,9977,805,3067,2962,-1740,-3026,-1328,1611,2214,8029,1638,3650,3034,6196,18232,46318,1353,3967,3578,6196,17832,46318,4845,8018,4506,7566,4526,7685,4440,8018,-3185,-3648,5114,10101,2777,7072,11559,13941,-6875,-8005,7028,2387
6/16/2023,2210,-875,-484,2445,-1160,2448,1350,1165,2448,1790,-314,-1724,1587,-4889,-8988,3468,1837,-1028,1180,1319,-5143,6971,21284,27076,371,1809,850,11663,20619,29018,2210,-875,-3535,2445,-1160,-3305,1350,-1130,-3305,1937,460,-2873,1587,-4889,-13844,3468,3567,234,1180,1319,2197,11913,26809,59720,990,1022,-2543,11663,26474,58545,1220,2861,1040,2861,1040,2861,1220,2861,-4818,-8208,4682,1514,5454,-1502,19112,37687,2059,2404,14863,30881
6/19/2023,3400,4270,6317,3400,4270,6317,3400,4270,6317,2665,4270,6317,3570,5515,8185,4785,7675,9723,5920,9880,11646,2270,6231,7071,2985,2187,1240,6065,6231,7071,3400,4270,6537,3400,4270,6537,3400,4270,6537,2665,3580,6537,3570,5515,7750,4785,8490,12361,5920,11595,16406,9990,18200,27881,5920,11595,16406,9990,18200,27881,-2280,-2655,-2280,-2655,-2280,-2655,-2280,-2655,1335,1390,830,850,-240,-70,-3235,-2630,-1190,-380,-3235,-2630
6/20/2023,735,-685,-922,-80,-866,-4989,-1035,515,-4989,564,-2438,-922,5023,16967,16537,3825,6206,2730,3490,2830,4250,1075,760,-5507,3330,1310,1774,-2820,760,-3022,735,-685,-168,-80,-866,-1441,-1035,-2415,-1441,104,-225,-2698,5023,16967,19736,3825,13145,11335,3490,9216,9250,-1740,-7850,-27605,3490,7977,9250,-1740,-7850,-27605,1112,-3807,1042,-3807,942,-445,1112,-3807,10799,10273,-764,-2818,90,-3363,-4005,-6845,1559,1768,-2570,-5371
6/21/2023,3686,8435,11763,3481,8688,12188,4081,6253,11772,2131,7390,10043,2853,7211,4219,3398,3346,11698,5533,11444,19731,1041,6289,6595,2839,2858,-1059,5042,6289,6595,3686,8435,12287,3481,8688,11436,4081,9030,11951,2131,5968,9037,2853,8572,14513,3398,6696,12161,5533,11444,19960,5042,11455,25563,4883,10044,21088,5042,11455,25563,4532,8274,4437,8274,4437,6534,3789,6525,4867,4302,1329,5760,8781,13505,1381,-2647,3569,149,1654,-3482
6/22/2023,236,558,-421,231,558,854,-486,3784,1285,871,4186,-421,1247,-3163,-7544,2189,7112,-214,1748,2259,-2790,1490,14743,18621,1480,330,323,6459,7695,18621,236,558,1609,231,558,1734,-486,225,1718,-335,2035,5043,1247,-3163,-11710,2189,2638,1017,1748,2729,-1110,6459,17509,43372,2163,2234,-1928,6459,17509,43372,1580,2089,846,2118,1081,2118,1580,3708,-4048,-5262,2860,4780,3199,5450,17166,32597,2410,1357,11294,32597
6/23/2023,606,1694,5080,658,1463,5080,1401,1414,5080,606,357,5080,3675,6831,12164,2321,3489,4412,1689,2217,1798,5234,-625,-5791,2744,3128,5706,2589,7416,-5791,606,1694,1603,658,1463,1603,1401,1219,1603,2136,5983,5420,3675,7858,15295,2321,752,1105,1689,2505,-292,2229,-13955,-44357,1689,2505,325,2049,-15155,-44357,587,326,587,326,587,326,587,326,4284,9824,-169,4217,1987,-2100,-4507,-5370,-544,8005,1145,-4492
6/26/2023,2373,1028,-1035,2253,833,-1105,2305,1310,-3224,1363,2291,-1035,-1820,-6570,-8398,980,-2311,-7408,-700,-2405,-8055,-985,3847,-8985,-3735,-913,-7025,8311,10196,-8985,2373,1475,750,2253,1280,680,2305,1630,680,778,-1260,-4480,-1820,-1065,-13120,980,837,-2425,185,2712,-5305,9861,16720,29283,948,1937,-5790,9861,16720,25958,2357,484,1757,484,2507,344,2357,484,-6960,-8420,-1871,-4912,-3237,-8285,12342,-8920,-6775,-3268,10970,-1642
6/27/2023,2835,1232,-346,2845,1232,-346,2875,1946,-346,2335,12,-346,30,-4536,-8032,715,411,-5296,1823,-2270,-5939,2955,2822,5086,622,-598,1271,4480,378,9855,2835,1263,3034,2845,1263,3034,2875,583,3034,2035,193,-631,30,-1821,-5706,715,844,-3291,1823,-1668,-3091,4480,2822,9257,1452,-2071,-3091,4480,2822,9257,242,-702,242,-702,-438,-702,2457,-702,-1655,-8320,-385,-3140,-1220,-4293,8070,10359,1038,1579,3958,4488
6/28/2023,1395,-1170,460,1395,-1180,460,-40,2615,460,1610,-375,210,2145,2725,18782,2765,2176,12909,1768,-1954,6084,-830,-6065,-6987,-780,-460,4894,-2605,-2086,-4722,1395,-1170,929,1395,-1180,929,-40,-1890,929,1855,1760,-8,2145,2725,18724,2765,1068,12472,1768,-1664,7319,-1965,-16170,-30740,1405,-641,11672,-2120,-16170,-30740,-3272,2497,-3275,2497,-3555,2497,-3272,2497,12497,17597,9187,7779,7907,4273,-5235,-4192,302,5654,-3265,-7024
6/29/2023,-235,-3755,-4850,-235,-3755,-4850,-215,-1455,-4850,1015,-4070,-4850,2288,1914,10922,1056,7537,2493,3778,-1734,517,4702,-5394,-7226,2286,676,2398,7267,-491,-8010,-235,-6125,-11580,-235,-6125,-11580,-215,-5095,-11580,2481,-1343,-6870,2288,2161,16531,1056,9265,8102,3778,-793,6260,7372,2749,-23853,3588,222,5512,7267,2604,-24919,-2985,-5100,-2985,-5100,-2985,-5100,-2985,-5100,7396,16056,6516,6743,9291,11532,-5860,-7779,9830,2661,-5855,-7645
6/30/2023,2905,6661,4017,3149,6487,4457,3051,5821,5602,2920,10430,4017,3899,10204,17005,4235,6364,10076,6825,3890,7922,2327,-1684,-2182,2552,656,-774,14097,16516,-2182,2905,6661,5318,3149,6487,6298,3051,5291,7443,2120,6021,10816,3899,10300,20164,4235,5642,14223,6825,3890,14967,13130,-5345,-14149,5556,2480,14967,13130,-5345,-14149,-918,-2912,-2508,-2912,-1703,-2512,-918,-2912,7696,11382,-1665,1489,2401,4050,-6345,-7771,8700,-4745,-5219,-7771
7/3/2023,-1045,-2125,-1948,-850,-2125,-1948,-850,-1470,-1948,-1045,-2125,-1948,1680,3059,5699,-1665,-4425,-5516,-840,-1331,-5039,-35,-5595,-7570,1495,635,144,-4590,-5910,-7570,-1045,-2125,-1995,-850,-2125,-1995,-850,-2125,-1995,-1045,-2220,-1995,1680,3059,5699,-1665,-3420,-5370,-840,-1331,-3395,-8465,-18815,-34331,-840,-1331,-3395,-8465,-18815,-34331,-2160,-2365,-2160,-2365,-2160,-2365,-2160,-2365,1900,1791,-3005,-7785,-2906,-6551,-5080,-7940,3950,-1017,-3125,-7940
7/4/2023,2655,4250,8566,3085,4250,8566,3085,3521,8566,2655,4250,8566,3874,4352,5805,3504,3253,7602,1185,7293,11868,925,5731,7335,5,225,3575,4915,5731,7335,2655,4700,10966,3085,4700,10966,3085,4700,10966,185,2385,10966,3874,4352,5960,3504,4477,7602,1185,7293,11868,4915,9860,18070,1185,7293,11868,4915,9860,18070,-2005,-970,-2005,-970,-2005,-970,-2005,-970,4115,4920,955,1050,1515,7930,-3850,-4540,1285,4580,-3850,-4540
7/5/2023,3431,-823,-2104,3893,-823,-2589,2268,3812,-2599,3256,262,-2104,12663,14458,14817,7812,16143,7814,10151,8847,6570,-100,-4257,-7068,7261,10689,2714,-1620,1800,-7068,3431,-1382,-2933,3893,-1382,-3418,2268,-1102,-3428,2085,4003,5827,12663,14499,21274,7812,12913,13430,10151,11668,10244,2313,317,-31435,10507,12640,11599,2263,317,-31435,-5187,-7915,-5187,-7915,-5187,-7915,-5187,-7915,18190,13942,8231,3062,6635,2054,-5040,-8790,7416,-960,-5105,-8855
7/6/2023,-44,-437,1616,-899,-2228,1616,-1665,-1702,1616,41,-1163,1616,-2636,-6732,-8942,-2710,-2881,-6603,-4899,-6780,-8999,-950,-6611,-6938,-262,-1126,946,-5478,-6611,-6938,-44,-437,-1622,-899,-2228,-1622,-1665,-2228,-1622,196,586,20,-2636,-7630,-14445,-2710,-4280,-7935,-4883,-7140,-15105,-5558,-11086,-21001,-3966,-7700,-16105,-5558,-11086,-21001,-2955,-6754,-2045,-6754,-2045,-6754,-2955,-6754,-6682,-8704,-3854,-7990,-6100,-9000,-6955,-7325,-6600,-107,-6855,-7325
7/7/2023,4021,5525,10979,3461,4966,11869,3196,3110,10568,3556,4895,10979,4504,5487,10949,2855,-1580,7119,7640,4767,3060,1051,-2867,-5359,7665,6131,10171,95,-3156,-5359,4021,5525,13901,3461,4966,14791,3196,4886,15619,2421,4894,12694,4504,5244,9073,2855,2435,4206,7640,4767,1033,95,-6403,-27905,6340,3810,-652,95,-6403,-28705,5532,13502,5284,13502,6197,10770,6979,13247,7927,13023,3382,5682,4860,4706,-1440,-1771,2325,11048,1078,-1771
7/10/2023,1592,4291,-3173,2570,3119,-299,1980,4690,-3493,1997,2741,-3173,3640,9299,11117,2610,10123,7853,2738,6556,5436,315,5592,-1204,2937,6975,7869,30,7414,948,1592,4291,-247,2570,3119,345,1980,1583,-1826,1252,4635,2153,3640,9299,11726,2610,7746,7853,2738,6556,6180,30,8363,-3478,1982,7217,10919,30,8163,-1913,1841,271,1841,271,1841,271,1841,271,2641,865,693,-2216,4145,653,-2720,1488,1750,2531,3195,2588
7/11/2023,536,385,-3482,-140,385,-3482,-1005,-1055,-2482,216,-3523,-3482,-880,-3942,-4933,764,707,-5057,-1685,-2294,-6561,470,3130,-222,-841,-727,-5267,2687,889,-222,536,-3034,-5950,-140,-3034,-5950,-1005,-3254,-4950,-515,799,-9780,-880,-3833,-8547,764,-2008,-5560,-1685,-5160,-8500,2687,2740,7320,-2010,-3170,-9937,2687,2740,7320,-2652,-6765,-2652,-6765,-3482,-6765,-2652,-6765,-2460,-4375,-1710,-5712,-972,-4685,-3663,-1492,-1591,-8620,2266,3753
7/12/2023,-515,-5329,-2665,-200,-3629,-2665,-1110,-2592,-1738,-710,-3454,-2665,4430,4973,11515,1059,-2987,-5478,4183,45,-3732,-25,-5168,-6032,3193,3534,6917,-2619,-4138,-6032,-515,-6434,-6373,-200,-4734,-6373,-1110,-4586,-4158,-805,-3285,-3567,4430,4973,12113,1059,-3708,-4099,4183,227,-2219,-3744,-24129,-47746,4383,227,-1374,-3744,-24129,-47746,-831,-3032,-3491,-3032,-3003,-3032,-831,-3032,11098,24507,-382,-6,2715,4741,-6795,-5919,2162,5849,-5957,-6002
7/13/2023,-290,-737,-2327,-300,-737,-2327,-260,-3690,-2327,5,-1937,-2327,-5290,-6740,-9000,-2134,-6394,-5512,-2898,-3495,-8976,1615,13443,9354,-1146,-3625,617,4585,10407,9354,-290,-737,3570,-300,-737,3570,-260,-960,3570,-870,-3534,-5166,-5290,-11035,-23040,-2134,-4423,-4577,-2898,-3169,-9878,4585,20737,69636,-3554,-3169,-9878,4585,20737,71826,-345,1742,-255,1742,-306,1742,-345,1742,-6605,-9000,-1199,39,928,-304,11203,15181,-5380,760,10175,21299
7/14/2023,1380,1270,-729,1660,1825,-2184,1565,441,-439,325,1074,-729,-1205,-4101,-7045,-3670,-6960,-8983,-3780,-6430,-8973,-995,-6265,-8947,-2560,-1221,-8450,5140,3421,-8947,1380,1270,-1505,1660,1825,-1130,1565,2050,-1215,135,-825,-1348,-1205,-4032,-12562,-3670,-6875,-17580,-3780,-7660,-21100,5140,-9655,-18535,-1920,-7660,-21100,5140,-10285,-18735,2540,816,2350,-814,2370,-334,2540,816,-6037,-8780,-6980,-8595,-6870,-8975,-6975,-8723,-6455,-8100,-6155,1356
7/17/2023,-640,1080,5090,-640,1080,5090,-650,-3140,5090,-615,-984,5090,-2682,-6075,-7595,1241,-880,10967,1172,5296,869,1850,20606,9457,-419,366,-67,6179,23265,9457,-640,1080,8011,-640,1080,8011,-650,-600,8011,-1505,-3990,-175,-2382,-6310,-13285,1241,1551,14473,1172,5296,11782,6179,30141,78295,955,6726,13697,6179,30141,78295,1650,8078,1705,8078,25,8078,1650,8078,-6570,-7470,3902,11998,8458,3437,19179,12681,-845,-7470,15098,12681
7/18/2023,1380,973,4322,1385,1043,4457,1385,740,4462,1500,973,4322,-4584,-6785,-8305,-2945,-6415,-8925,-4665,-6390,-8995,-980,-6560,-8310,-4860,-6245,-8980,-4730,-6560,-8310,1380,973,5156,1385,1043,5226,1385,1043,5230,1175,1107,4600,-3508,-6175,-11007,-2945,-6360,-6945,-2945,-5360,-5695,-2930,-15420,-5257,-4035,-6865,-5695,-2930,-15420,-5257,2027,3233,2231,3780,2383,3738,2027,3233,-6610,-8634,-2125,-8905,-2224,-8575,-6945,-8600,-6230,-5255,-7000,-8640
7/19/2023,-170,-4051,-4597,-985,-4051,-4597,-985,-555,-4597,585,-3307,-4597,3105,2681,-3970,609,5901,-7156,-323,-2028,-8996,-735,-4530,-4602,-1165,-465,-4036,596,-2027,-4602,-170,-3615,-8975,-985,-3615,-8975,-985,-3615,-8975,15,2430,-2925,3105,4271,5038,609,1581,-4444,-323,-1214,-7664,823,-1311,-40952,-1420,-2634,-6954,823,-1442,-38478,-4603,-7463,-4603,-7463,-4603,-7463,-4603,-7463,1295,1830,-1020,-5934,-4555,-5539,-4213,-6489,7115,-5274,-6975,-6783
7/20/2023,1075,1835,10892,338,1795,10251,495,-900,10916,785,2635,10892,-1354,-6455,-7913,490,690,-4716,1135,411,910,2170,15179,37536,160,-6435,-5420,8769,15574,37536,1075,1835,10761,338,1795,10828,495,1665,11421,920,735,3161,-1354,-7450,-14955,490,1220,360,1135,411,5248,9891,22523,58860,870,-3304,107,9876,21603,58060,4723,11455,4803,11455,4666,11705,4723,11455,-6135,-8716,3968,1337,6651,9242,20119,41633,-5967,-4758,12502,43178
7/21/2023,340,664,-2432,270,144,-1978,253,-2605,-2577,320,-855,-2062,1041,1498,-862,3184,-852,-785,3009,1607,-2214,1758,5770,9270,583,378,-980,6373,3914,9270,340,-2390,-3493,270,-3025,-3518,253,-2593,-3638,495,-3065,-4383,1041,1498,-3796,3184,4175,2820,3009,1516,786,6875,13438,33012,2199,170,883,6810,14088,33012,-471,-1201,-3385,-1591,-3615,-966,-2700,-1201,1120,-3803,4332,1216,1748,816,4508,17312,1505,3149,5354,11148
7/24/2023,-1560,-6100,-6745,-1270,-6100,-6745,-260,-4045,-6745,-1560,-6646,-6745,2097,3618,9661,1952,-1738,3273,2694,3965,2594,550,-5568,-9000,297,478,2882,2304,1098,-9000,-1560,-8671,-12579,-1270,-8671,-12579,-260,-7886,-14359,-175,-5325,-14359,2097,3618,11525,1952,6835,4803,2694,4418,7599,6321,6193,-27335,2280,676,9324,6321,6193,-27335,-4715,-6103,-4715,-6103,-4715,-6103,-4715,-6103,6799,9163,-570,-2035,-470,236,-6910,-8855,-1705,-373,-6960,-8380
7/25/2023,1130,-1210,-604,1114,-1210,-772,1344,-443,-772,1635,-918,-604,2533,3379,2343,3125,4843,2131,2736,1692,5530,1445,5586,-6588,1001,1386,3268,5450,1713,-6588,1130,-1210,-275,1114,-1210,-200,1344,-1090,-200,2060,-1263,303,2533,4155,8055,3125,2389,2991,2736,1692,7623,5450,10384,26423,2051,1692,7623,5450,10384,26423,-3445,-2705,-3445,-3098,-3445,-3098,-3445,-2705,2340,6057,1518,2804,-1370,7476,-3448,-8761,2840,4684,270,-8761
7/26/2023,3430,7848,23962,2795,10183,24760,2825,9525,24760,2255,8508,23962,2690,12871,5607,3960,8075,11139,6632,5762,10302,3028,10142,9328,3267,4542,4513,7944,12337,11353,3430,7848,24723,2795,10183,25398,2825,9427,25398,1350,4048,22678,2690,13545,14330,3960,11458,11139,6632,5504,10302,9544,11786,-32541,5802,5039,10302,9544,11353,-32541,12129,20719,16027,20719,16027,20719,14382,20719,14118,11715,11137,16415,10587,15636,11926,13025,1386,2049,10939,15212
7/27/2023,3420,3715,2908,3490,2055,2888,3370,675,3758,3065,2295,2908,819,-2138,-7398,755,5345,-8047,2683,1242,-8950,-625,14890,28190,-970,-112,1452,8470,15922,23719,3420,3715,3795,3490,2055,3775,3370,1955,4645,3105,2355,-1900,819,-2138,-17017,755,4970,-9939,2683,1242,-1869,8835,13780,31985,1810,-528,-6024,8470,12195,29460,3125,6414,2950,8314,2970,8314,1970,8334,-2666,-8911,-1667,-8483,-525,-8783,18104,27589,1907,1452,12834,24971
7/28/2023,950,5205,-1171,2262,5037,-1171,2257,10162,-1171,930,6359,-1171,2982,9504,3041,1574,11591,9601,4949,3439,-3771,785,-5261,-7249,2517,1066,2355,4025,-6433,-7249,950,5205,-1304,2262,5037,-1304,2257,4035,-1304,2000,7324,-3541,2982,10250,11475,1574,2995,11650,4949,3845,-8,4025,-8541,-19167,4365,3145,-8,4025,-8541,-19167,2722,-1679,3265,-1679,3265,-1679,2722,-1679,9661,2500,-232,8758,820,10210,-4225,-6264,1283,3809,-6512,-6244
7/31/2023,1690,-1535,-2145,2725,415,-1648,2040,-1440,-1648,1075,3457,-2145,3255,1910,-3312,8605,7566,14599,8228,9447,11237,5905,11108,-1756,1420,2355,-3825,11484,31564,-1756,1690,-1035,-7745,2725,915,-6615,2040,840,-10020,300,-5500,-9745,3255,2515,430,8605,11173,15285,8228,9447,12386,11594,32927,55597,6183,9129,12386,11484,32887,55597,-1468,-5738,-1468,-5738,-1468,-5738,-1468,-5738,-2713,-3410,10845,-3053,10797,-6105,4992,-5683,-2935,-3395,16132,-5683
8/1/2023,4325,5645,-898,4280,2270,-898,2660,3844,-898,4045,4175,-898,5695,8249,6954,5920,13908,10204,7429,15556,15088,5600,3999,-2297,2605,2624,4867,7116,8744,-2297,4325,5645,-409,4280,4370,-409,2660,4370,-409,3510,8170,1951,6480,12372,18400,5920,7308,10984,7429,15612,18297,7116,7144,-16899,7915,16210,16630,7116,7144,-16899,-575,-7194,-575,-7194,-575,-7194,-575,-7194,-750,-2310,-140,1883,4155,1815,-3878,-7869,-155,5564,-3111,-5139
8/2/2023,3765,8092,3104,2515,7132,3616,2863,6482,3396,4280,10221,8339,2054,323,-8930,4785,8329,10891,4712,10201,7828,1215,17966,-1836,415,4933,-8930,7936,11817,-1836,3765,8092,2613,2515,7132,2908,2863,7280,2880,4280,8741,15868,2054,1115,-2580,4785,10650,11187,4712,10211,12830,7936,19082,38824,4650,9850,11780,7936,21072,38824,1309,-3331,1309,-3331,1309,-3331,1309,-3331,-1130,-8605,11635,12588,10718,12064,2343,-7922,3325,-8605,14954,-926
8/3/2023,3270,1026,1187,4094,3771,393,5240,4711,1038,2765,77,1187,4920,6494,7059,4286,3586,572,3627,6520,1698,2800,2609,-8780,2600,4664,1949,12680,5904,-8780,3270,1026,-2254,4094,3771,-2097,5240,4743,-953,2020,-382,4945,4920,6963,13577,4286,1560,-1950,3627,6520,-3657,12599,6418,-28227,3595,6520,-2250,13199,6418,-28227,-32,1341,1,2088,928,2088,1248,1341,4953,8800,3235,1837,3184,6480,-2989,-7845,1775,4416,-860,-7274
8/4/2023,3837,5613,8009,2075,5533,4648,2390,4105,6822,2697,3055,8944,5694,6028,11302,2540,2204,552,2650,4345,-666,2680,7301,31554,3138,2629,7445,6621,2354,32213,3837,5613,8808,2075,5533,4728,2390,4632,5741,2045,2503,8597,5694,6028,11520,2540,1759,552,2650,4345,-253,7454,20498,-6317,3240,1347,-2848,7179,20498,-4797,8879,9965,7734,10623,8372,12636,7154,11975,3288,5754,796,-1298,2449,2153,13600,29893,465,3644,11848,24233
8/7/2023,-145,-61,3190,-44,-2249,265,-2391,-1768,265,-465,-2170,3190,-5178,-6948,-7648,-3370,-6835,-8878,-5905,-6059,-8978,114,3022,-1585,-1345,-1226,-242,-1486,-980,-1585,-145,-61,4040,-44,-2249,721,-2391,-2249,721,-1485,-3931,-1101,-5178,-6479,-19701,-3370,-5545,-12763,-5905,-10914,-20733,-1471,11573,17518,-6025,-8759,-20733,-1486,8184,15988,-1825,-555,-3390,-555,-3390,-555,-1825,-555,-6544,-8875,-3305,-8775,-5390,-8950,-4135,-7377,-5231,1695,-3795,-4620
8/8/2023,2045,5262,4810,2030,3500,3996,520,3417,3924,1855,2896,4810,-3686,-6721,-7720,-4895,-6715,-7187,-5915,-6995,-9000,-860,-6835,-5657,-240,-8,1920,-5825,-6835,-5657,2045,5262,7623,2030,3500,6385,520,3236,5674,1575,3038,6865,-3686,-9091,-16769,-4895,-11951,-22945,-7390,-14685,-31085,-7505,-15816,-53056,-7075,-13580,-31085,-7505,-15816,-53056,2856,6446,2786,6506,3728,6446,2486,6446,-5690,-8015,-5565,-8025,-6335,-6907,-669,1571,245,2010,-4112,1571
8/9/2023,4996,11791,10413,4915,11360,10499,4925,7740,13112,4781,11216,10491,2061,5520,-403,3740,4253,19200,6525,11680,22933,3130,11143,10502,1760,3225,9193,7025,11143,10502,4996,11791,13306,4915,11360,13296,4925,10014,13324,4101,11081,9341,2061,5680,16614,3740,8005,20460,6525,11680,23480,9635,11054,21848,6350,8945,21275,9311,11054,21848,7146,13802,6666,13802,7066,13802,14405,9352,8016,-1804,6791,15594,10885,15326,338,984,4645,8180,-598,7842
8/10/2023,2915,2818,-5403,4138,2863,-3760,3980,2450,-7137,2020,3628,-6261,125,-2096,-3771,-590,-135,-8739,-1260,-354,-7539,-880,-6880,-8949,-3090,-906,-8705,7980,15326,-8949,2915,2818,-5403,4138,2863,-3760,3980,1212,-5360,2020,2078,-1806,125,1536,-5390,-590,355,-6004,-1260,-1076,-2429,8080,28150,16179,-2010,-2540,-3960,7980,26763,18004,911,-2088,993,-101,422,-2887,-1306,-2687,-2004,-1565,620,-8094,-3236,-8789,-6740,-8929,-6515,-8200,-6790,-8904
8/11/2023,205,-3600,-6035,205,-3600,-6035,-390,1560,-6035,2255,-2487,-6035,2243,6532,15756,1786,8560,2951,3287,8174,20710,-120,-5924,-2865,2480,4884,8306,-1625,-5924,-2865,205,-6320,-12295,205,-6320,-12295,-390,-6320,-12295,3070,3763,-5150,2243,6532,19471,1786,6100,4970,3287,8206,23662,-1425,-11193,-5638,2647,6768,22847,-1425,-11193,-5638,-5380,-5481,-5180,-5481,-5180,-5481,-6310,-5481,7746,23193,-712,-4882,1639,13101,-5385,-6610,2883,15927,-5657,-6269
8/14/2023,-129,-1063,2243,-824,-1063,2243,-969,590,2243,691,-638,2243,2115,-822,-3146,1983,1514,-2609,-1704,-2699,-3477,80,3557,2334,-175,-2367,-4973,2138,1792,2334,-129,-1063,2134,-824,-1063,2134,-969,-999,2134,1390,5015,452,2115,-822,-4417,1983,1119,7201,-1704,1119,5481,4368,20380,65969,-1361,29,4261,4368,19490,65969,185,5303,185,5303,255,5303,795,5303,-3574,-352,666,-182,1368,22,3946,5691,-6280,-4722,1595,6668
8/15/2023,55,-1263,-3608,240,-2342,-1451,-510,-1769,-1634,-123,-2953,-3608,1956,-641,37,2685,-591,6221,510,751,5657,3654,4831,8812,784,-983,1912,5717,2850,8002,55,-1263,-3025,240,-2342,-3078,-510,-2092,-3399,-123,-3683,-3800,1956,-641,-2310,2685,2657,9605,510,1792,9454,8423,19607,75323,1304,1792,11772,8303,18612,74513,435,3065,-2665,3065,-2665,3065,-2625,5735,1362,6366,7697,25000,7967,25579,15882,14186,2520,1562,17130,14186
8/16/2023,2250,2189,-2828,2510,2549,-3038,2320,4237,-3357,1860,5021,-2828,3264,7974,7644,2270,3450,-521,3503,3901,4647,-960,-6955,-3264,950,1723,-6975,5095,6963,-5595,2250,2189,-1110,2510,2549,-1235,2320,2239,-1485,1697,5460,-655,3264,7974,11153,2270,4110,7310,3503,4581,10630,6905,14450,23028,2180,4746,6972,6785,13845,21948,1872,3845,1872,3845,1872,3845,1872,3845,10722,8816,6925,7861,5521,15620,-6895,-9000,8831,149,-6975,-1921
8/17/2023,3089,3055,1397,3092,2971,897,2890,1001,-1215,2843,3055,1397,3404,1751,467,1462,2163,-4075,3766,1633,-8097,2400,9840,10498,2590,594,104,5847,8710,10498,3089,3055,1474,3092,2971,1095,2890,2990,755,1808,1541,3723,3404,1751,2419,1462,4317,4180,3766,4279,2567,8326,16183,31423,4361,2579,1722,8326,15053,30443,4375,874,4355,874,4136,874,4555,874,793,373,2424,-1921,4167,1270,12920,19888,1723,-1435,5155,13651
8/18/2023,-390,5806,18744,-390,6437,18586,25,6393,18306,-905,4307,18744,-890,-3649,-1451,180,5434,21748,-544,2930,9143,2285,19545,8056,-1530,-6905,-1401,3200,21664,8056,-390,5806,19494,-390,6437,19242,25,6396,18776,-905,3189,13293,-890,-3405,-3102,180,7756,21748,-544,3085,8865,3200,25742,76472,-944,2415,8865,3200,25742,76472,6636,16272,7369,16272,7271,16164,6541,16272,-3787,1650,7675,21422,6188,15816,9220,3218,-3465,-588,9160,-7372
8/21/2023,1010,1231,8601,1010,1231,8601,215,2870,8601,760,880,8601,-2160,-5999,-7793,-1400,-2425,-3548,-1757,-3489,-5299,-990,2627,17120,636,1285,-1022,-2065,1965,17120,1010,2110,9487,1010,2110,9487,215,2277,9487,130,1169,6612,-2160,-5219,-12739,-1400,-1725,-2603,-1757,-2534,-4954,-1660,1870,24933,-2102,159,-6049,-1660,1870,24933,2100,8668,2100,8668,2202,8668,2100,8668,-5954,-8319,754,-343,3040,2792,8670,13430,-1064,236,10250,13430
8/22/2023,2625,-460,1302,2625,-1452,1302,1452,-1164,1960,1720,1694,1302,1517,10267,5809,5856,14570,13779,6976,10299,12494,2640,12836,2242,2250,639,1462,13260,11227,2242,2625,-460,1606,2625,-1452,1606,1452,-1571,2447,1405,-140,247,1517,10267,7074,5856,13423,16865,6976,10734,14200,15465,17903,23997,6951,9424,13105,15435,17159,23997,-913,2847,-913,2847,-913,2847,152,2847,8097,6009,11990,7113,8600,670,5828,-4860,-1510,6305,1021,-6065
8/23/2023,3603,6881,13688,3818,6760,11215,4251,6762,11255,3573,6513,13688,2955,2968,-1986,5327,7139,14764,4665,10509,19840,3282,4312,-3240,640,-717,-5580,7552,3448,-3240,3603,6881,16197,3818,6760,16459,4251,7770,16324,3115,3737,11507,2955,3633,295,5327,9268,15851,4665,10509,21124,7552,20355,-13550,3682,10504,21124,7552,20355,-13550,4765,-89,4825,-94,4554,-303,3655,-89,805,1974,10111,6541,9252,5724,-2360,-5034,945,-4685,13793,-5034
8/24/2023,1775,4417,5796,2492,3397,6023,1507,927,5566,1555,2235,4126,-4929,-6734,-8952,-437,510,-6381,-619,-1951,-8574,5121,21884,35156,-535,-227,-8370,10898,21409,36611,1775,4417,5796,2492,3397,6023,1507,2791,5566,1675,1672,1333,-4929,-10621,-25066,-437,138,-6433,-619,-1951,-13117,11143,24653,50591,-490,-1665,-11996,10898,22878,50421,5027,8181,3674,8181,3674,8181,3147,8181,-6983,-8955,-427,-7173,-680,-5053,19678,44022,-930,-7100,13368,42365
8/25/2023,1437,1973,-1109,1407,1086,-211,1577,1644,-1193,1187,745,-1109,1731,7500,9211,466,5461,-156,1350,6582,-1233,2305,1427,-7816,3244,4453,4858,2283,1780,-5323,1437,2245,-364,1407,1584,1531,1577,3422,689,347,2734,-2304,1731,7500,8246,466,2975,-3673,1350,4623,-4802,745,2434,-27375,165,2953,-5512,2283,4721,-25736,1363,2305,2383,2039,1555,2729,1363,2305,5146,15162,-3140,-3425,2801,-1177,3319,2203,2216,8276,-2818,-110
8/28/2023,-980,2664,1331,-955,1996,1495,-995,5670,1495,150,1939,1341,4206,6259,11264,4155,2783,6417,2084,6305,6818,700,-1910,-8383,2278,1702,3178,-3610,-5239,-7824,-980,2664,-715,-955,1996,-4075,-995,2878,-4075,1020,4435,5455,4994,9695,19525,4155,3903,6147,2084,4384,7675,-6900,-17185,-31243,1319,4384,7675,-6910,-17185,-31243,4272,142,4997,142,4572,142,5002,142,7062,9102,4395,9145,6928,10862,1185,-461,5220,5235,-3362,4183
8/29/2023,1020,4531,6572,877,4497,7313,1320,2880,7079,1130,1626,6572,-1105,-2995,-201,1255,1560,14290,1932,3611,18760,1735,16469,13976,-950,2800,-5880,7743,7271,13976,1020,4531,7267,877,4497,7313,1320,4736,7079,795,1335,1674,-1105,-1085,4,1255,2697,14290,1932,3611,20001,7943,18935,81358,670,1742,18837,7943,18535,81358,4212,5984,4172,6183,4379,6021,2100,7634,-2640,-5467,1875,4973,10676,12793,18055,17256,-2435,-8680,11303,17256
8/30/2023,2065,-3667,-5023,1440,-3667,-5023,1440,-3190,-5023,2595,-3095,-5023,3749,5445,13191,3186,5283,8670,4953,2227,6081,4556,1449,1204,3879,1683,2212,3182,7512,1204,2065,-3667,-6888,1440,-3667,-6888,1440,-3667,-6888,2570,-1371,-3442,3749,5445,14048,3186,2667,10633,4953,2227,8018,3182,432,-4331,4375,2103,7188,3182,432,-4331,-4547,-3715,-4547,-3715,-4547,-3715,-4547,-3715,7956,8391,3216,4225,1344,1700,-1398,-1373,6641,2956,407,-2246
8/31/2023,2960,3948,1497,2150,3128,1497,2295,1316,1497,2585,360,1497,5425,12827,12655,7183,6609,-40,10833,6435,1760,-65,-869,-7262,4838,4153,3734,4817,3422,-7262,2960,1072,-3630,2150,1357,-3630,2295,-870,-3630,1785,-658,-4858,5425,12574,23547,7183,8447,5132,10833,10180,9789,7257,372,-55786,10833,10261,-1121,7257,372,-55786,-1058,2144,-2548,2144,-2548,2144,-1058,2144,18652,14381,5835,4324,6751,4605,-1729,-4695,3170,5697,-3889,-4890
9/1/2023,1075,2695,-1280,350,3522,2476,2112,5407,-2554,135,3054,-1280,-754,-3950,-8077,615,-1161,-6345,897,1557,-3770,305,-995,-6089,610,706,-5359,2631,-5068,-6089,1075,2695,-859,350,3522,2892,2112,4542,-2138,-1240,1110,-1480,-754,-2910,-6019,615,-7578,-11776,897,-164,-6154,3115,10840,-36220,4790,-714,-10703,3115,12020,-36220,3245,6624,4335,7294,5087,8664,3245,6624,-3255,-6240,-4526,-7950,-1379,-8105,-3983,-7913,-1877,-5359,386,-3695
9/4/2023,2055,3110,2288,2055,3110,2288,2055,3110,2288,2055,3110,2288,2960,4019,6895,3645,4339,8799,4592,6725,11561,350,5509,7347,1852,1291,3707,5991,5509,7347,2055,3110,2770,2055,3110,2770,2055,3110,2770,655,1595,2770,2960,4019,6792,3645,5000,8941,4592,6725,12538,9595,18601,32964,4162,6725,12538,9595,18601,32964,-1230,-1330,-1230,-1330,-1230,-1330,-1230,-1330,5336,7686,1110,4176,2610,2967,4295,7360,-515,5684,2555,7360
9/5/2023,-605,-3029,-4387,-240,-3680,-4677,400,1374,-4677,-50,-3426,-4387,3350,5039,5375,4126,7883,5204,6664,1352,2010,2750,-6775,-3367,1585,1636,1115,5585,-4436,-3367,-605,-4690,-8794,-240,-3680,-11429,400,-3065,-11429,1170,-2645,-7060,3350,5039,7350,4126,4543,5137,6664,1352,1779,5585,-2246,-21073,6087,-319,255,5585,-2246,-21073,-3455,-3579,-3615,-3869,-4174,-3869,-3455,-3579,3450,7100,834,5507,-1719,-79,-6932,-2600,2821,1953,-344,-2934
9/6/2023,1123,1253,-2529,1375,1092,-2529,1293,90,-2529,1130,1581,-2529,-1140,-5405,-7325,267,-3380,-5710,-487,-4062,-2743,-990,-5866,-5398,-1106,-602,-3865,-999,-5556,-5398,1123,1497,-4103,1375,1275,-4103,1293,1295,-4103,273,-453,1873,-1140,-4715,-7915,267,5,-4975,-487,-3350,3668,-1021,1786,20806,660,-1065,3668,-1021,1786,20806,1282,3299,1137,3299,1137,3299,782,3299,-4325,-6570,-4450,-8346,-2956,-6271,-4074,-7661,-2035,-4975,-3402,-7661
9/7/2023,-165,1437,622,-165,1437,622,-165,246,622,-665,1040,622,-416,-307,-3642,143,5484,3619,-999,5369,1080,375,2706,-2884,-711,-1543,351,-2155,6752,-2884,-165,1437,1359,-165,1437,1359,-165,1427,1359,-375,-125,5834,-416,-355,-4046,143,3147,1162,-999,5466,-4628,-2155,16215,8493,-1269,6989,-3039,-2155,16215,8493,3391,1058,3391,1058,2101,1058,3391,1058,-4315,-5909,4195,3819,1311,-1057,-3763,-7726,-6805,248,-138,-7726
9/8/2023,-385,-1745,-2750,360,-1935,-2555,885,-4250,-702,-635,149,-2750,-1200,-3890,-8110,-2620,-1589,-8920,-2381,-6208,-8270,-1000,-5045,-6174,-1215,1262,-5385,-3895,-4240,-6563,-385,-1745,-2750,360,-1935,-2555,885,-3155,-45,265,-3710,-4615,-1200,-2050,-8305,-2620,-3925,-15685,-2381,-8480,-17937,-4503,-22860,-65155,-611,-7555,-17937,-3933,-21020,-65155,-2120,-1485,-2120,-1485,-2155,-1485,-2120,-1485,-5826,-6384,-5785,-6015,-6255,-8365,-6580,-8237,811,-8975,-6065,-8794
9/11/2023,-870,-706,-712,-1640,-706,-712,-1640,242,-712,-1075,-1333,-712,-1395,-5845,-9000,-3336,-6428,-8996,-4510,-6993,-8996,-680,-6999,-8977,-765,-2952,-2234,-6000,-6926,-8977,-870,188,-650,-1640,188,-650,-1640,188,-650,-10,5401,692,-1395,-4455,-11475,-3180,-5622,-17510,-3780,-3113,-14173,-8755,-15469,-27334,-4465,-813,-14173,-8755,-15469,-27334,-271,-4228,-271,-4228,-271,-4228,-271,-4228,-5251,-8580,-6550,-9000,-6605,-9000,-7000,-9000,-6585,-8870,-6880,-9000
9/12/2023,913,115,-2915,860,115,-2915,960,-571,-2915,195,738,-2915,1939,-1272,-8699,936,-72,-1629,1818,2216,558,1662,9718,18826,2176,71,-4517,4183,9718,18826,913,115,-5520,860,115,-5520,960,100,-5520,1705,-397,-7490,1939,-1272,-7862,936,2679,471,1818,2739,1876,5198,16400,42687,1639,2370,718,5198,16400,42687,-2717,-3542,-2717,-3542,-2717,-3542,-2717,-3542,-3816,-8960,2266,2074,2030,4066,7436,15824,1372,-767,3781,20330
9/13/2023,70,-912,4334,-100,88,4334,1510,1741,3511,-200,1257,4334,3035,6786,17911,1189,3349,1629,1182,3964,9061,3428,-2221,-5138,2660,11312,5332,3797,-1872,-1245,70,-912,3565,-100,88,3565,1510,1543,1484,1145,1595,3723,3035,9402,29178,1189,2950,2252,1182,3964,9490,2414,-14343,-44965,1869,5074,8675,2244,-12218,-44965,2038,8183,4293,8183,3603,5952,2038,8183,-1438,8527,-1540,-4849,271,345,-4719,-7752,7808,-248,-2239,-8942
9/14/2023,4642,5164,187,4570,3677,187,4615,3599,187,4642,5457,187,2649,5185,2435,2067,6086,4178,3755,2842,-1682,-945,-6640,-7237,960,-787,1234,4172,-6640,-7237,4642,5164,264,4570,3677,264,4615,3996,264,3212,4288,3273,2649,5185,8298,2067,3942,3354,3755,2849,-1608,6911,4502,-19921,3070,2849,-1608,6911,4502,-19921,-1530,-5972,-1520,-5972,-460,-5972,-1530,-5972,3030,344,3857,2165,2431,1122,-5923,-8237,2760,-150,-5168,-6618
9/15/2023,1560,-1718,-1746,-290,-847,-1899,-1165,-2297,-14,1000,-2494,-1746,-1345,-3013,-6063,3055,5660,636,4530,8085,-3098,817,24181,-3001,565,7,-154,10089,23781,-3001,1560,-1718,-1362,-290,-847,-1407,-1165,-1319,478,320,-1344,-4678,-1345,-3013,-8863,3055,4010,726,4530,8085,-931,10934,27501,4265,4972,10300,1209,10975,26851,3470,-1004,-882,-1004,-882,-1004,-882,-1004,-882,-4373,-3900,-1034,14103,-2334,15829,-6606,-2578,-175,36,-4711,-2578
9/18/2023,-1411,846,9705,-436,1604,9705,-1236,1597,9705,-1565,-1766,9705,2722,410,2721,384,-5011,-6819,1203,-3389,-6882,44,-6610,-8938,2059,2218,4171,-5777,-6198,-8938,-1411,846,7527,-436,1604,7527,-1236,1620,7527,279,-789,11495,2722,1688,14773,384,-7298,-3865,1203,-3389,-745,-5777,-22631,-57113,1679,-3389,-745,-5777,-22631,-57113,3755,2793,4544,2793,4569,2793,2730,4423,7129,1541,-3021,-4945,-6976,-6067,-6745,-8410,2868,93,-6889,-8410
9/19/2023,126,-374,1322,-50,-1070,1369,375,-1973,-492,245,210,1322,1583,653,-57,215,3711,406,770,1268,-4287,1092,-6513,-4680,788,1253,4466,-3316,-3904,-7922,126,-374,529,-50,-1070,576,375,-637,-2965,95,-210,-2802,1583,653,507,215,3494,2651,770,1268,-4606,-4931,-6495,-32933,475,1067,-2536,-4936,-6495,-32933,-1105,-1697,-1122,-1697,-590,-1697,-1105,-1697,2150,-1516,2673,-1199,2896,-8960,-4344,-8897,34,5013,-4645,-8017
9/20/2023,670,-1844,-8312,560,-2061,-8312,495,-740,-8517,940,3351,-4484,-872,-3239,-6709,786,19698,17181,2115,-1450,31937,8295,17639,29083,1765,1573,-7010,13427,16857,27096,670,-1308,-7261,560,-1343,-7461,495,-2047,-6646,2565,619,6483,-872,-4660,14361,786,3387,31812,2115,-1450,32661,13907,28355,48072,1435,1471,34206,13427,27775,46317,385,-1364,-130,-2029,-300,-398,385,-1364,13801,-8995,1946,7627,19414,13088,21245,35948,787,-8850,17035,33127
9/21/2023,1090,2381,-2658,917,2511,-2728,1305,820,-2728,2405,4215,-2658,4383,1163,-4900,3232,3206,3509,3146,2578,-3931,2346,15592,18698,3039,3476,2889,7639,13725,18698,1090,2682,630,917,2646,560,1305,2563,560,650,1495,-2655,4383,1163,-4687,3232,4745,5116,3146,2578,-1922,7794,17117,27554,4243,2226,-4102,7639,16372,27554,625,-1024,625,-1024,625,-1024,625,-1024,1648,-5635,4072,1311,1530,3775,16445,24853,-862,2239,9150,22985
9/22/2023,1390,5816,4323,2040,1800,5156,2029,3133,3526,1091,4108,4323,3969,7703,7746,2035,2627,1066,2241,6427,-3127,-800,-6980,-3864,1715,2370,4060,-5840,-6940,-4219,1390,4917,3340,2040,1800,4115,2029,1470,2485,1091,4707,-60,3969,7703,8463,2035,4978,162,2241,6875,3480,60,1291,-5488,785,3066,3507,-85,-4124,-5843,3204,2785,3154,7210,3709,10727,2409,2785,8852,10164,8434,4023,6179,9902,-4560,-1614,4310,6179,-6980,-2119
9/25/2023,2930,5328,4296,1580,2510,4296,1690,1059,4296,1967,5162,4296,2788,5801,9808,2835,3552,3846,4888,9842,10822,215,5180,571,1255,4550,5324,3200,195,571,2930,3334,-6400,1580,2510,-6400,1690,3754,-6400,1325,2744,1060,2788,6015,7958,2835,5652,6699,4888,10182,13734,3290,11975,27524,4183,9567,12209,3290,11975,27524,10083,1255,9278,1255,6340,1255,10083,1255,4531,3662,3290,2808,5357,7959,4820,3087,-835,1558,5990,5247
9/26/2023,-1145,-215,-6880,-1285,-310,-6795,495,-1805,-4795,-1145,-255,-6880,1801,1373,-108,4203,12201,-1962,1572,9944,2605,1845,32181,7819,1822,3925,-5354,10458,31981,7819,-1145,-1220,-8295,-1285,-1315,-8380,495,-1265,-6285,-2245,-2835,-12365,1801,1596,-2106,4203,10962,5131,1572,10577,6598,10948,41157,37803,1832,8868,4853,10893,40957,39938,-940,-4469,-940,-4469,-890,-4469,-940,-4469,-1745,-1272,5003,3781,9770,21811,24511,1808,4120,-7219,17829,912
9/27/2023,1315,6722,3411,1460,7517,3421,1370,2717,3421,2450,6937,3411,4939,10298,11071,4360,8284,15198,6651,12452,19888,660,15527,-6643,5200,4495,8146,6365,15012,-6643,1315,6722,3142,1460,7517,2978,1370,5837,2978,945,3457,1288,4939,11583,20001,4360,11061,11817,6651,12452,20104,6365,21503,19780,6490,11952,19170,6365,20843,19165,6389,1780,6314,1780,6139,1780,6389,1780,10700,18003,9565,15315,15564,21279,15429,3504,3947,6368,3259,8054
9/28/2023,973,-3905,-6987,-1240,-3885,-6432,-1260,-4321,-5332,478,-4150,-6987,1470,2740,-5865,2137,5732,-2089,2036,2512,-3719,-85,-6443,-6571,2325,553,146,1558,-5975,-6571,973,-7852,-11351,-1240,-7832,-11072,-1260,-8130,-9208,210,-6920,-11410,1470,3675,5707,2137,4907,-2906,2036,3338,1583,1558,-1047,-7589,2665,4331,-1246,1558,-1047,-7589,-2825,-5948,-2840,-6182,-4270,-6182,-2825,-5948,3511,-652,5266,-969,844,527,-5983,-7714,1223,2211,4589,-7752
9/29/2023,-175,1271,-299,90,2032,651,673,1442,836,340,2612,-299,85,546,-5889,-245,3230,-8920,-270,817,-8985,-940,-6825,-6788,415,5269,-1110,2996,5668,-6788,-175,1271,144,90,2032,1094,673,2702,1279,20,930,-2165,85,3020,20,-245,5585,-2140,-270,1940,-8910,3199,-1844,-21102,275,5240,-2700,2999,-1844,-21102,5141,3766,5948,3766,5948,3766,4781,1852,-97,-8665,-90,-8745,-4885,-8960,-5515,-8970,974,1900,-5015,-7615
10/2/2023,685,5452,2694,1023,3013,3395,1420,3337,4370,2325,5034,2694,3851,5549,3357,6452,8031,2469,2148,5174,4855,-20,-4415,-5171,1985,8587,7552,591,-5048,-5171,685,5452,2393,1023,3013,2358,1420,3974,2085,2055,3726,6339,3851,4759,8112,6452,389,-1516,2148,5174,3349,676,-4757,-11621,2670,5134,4002,591,-4757,-11621,2160,3634,1255,3570,3147,1831,2499,3634,5561,4980,4860,1783,1290,-2904,-3963,-1509,4992,7614,-116,1036
10/3/2023,1347,1180,-1063,652,860,644,1637,2435,639,1347,4629,-1063,-2252,-685,-5872,397,2530,9344,460,7490,6356,-820,22086,15115,-97,-318,-6882,12232,24426,17410,1347,2540,1906,652,2220,3768,1637,3150,3467,-995,-1250,2455,-2252,-1635,-1909,397,5700,11695,460,7833,10713,12647,25603,115227,860,7133,12126,13302,25203,114207,5645,2334,5635,2138,5516,2063,5645,2334,-2232,940,9360,9285,9344,16988,26936,15520,935,-5914,14236,18320
10/4/2023,695,-200,-2609,-835,-170,-1985,-890,1210,-1609,-35,-575,-2609,3240,7899,6011,3704,4369,4402,3904,11395,3590,935,9154,9417,1610,-561,3151,4470,6190,6931,695,-200,-1685,-835,-170,-1630,-890,85,-1685,-865,-1230,2403,3240,6374,-2717,3704,5135,4786,3904,11395,3590,4470,12089,30701,2835,13000,4483,4470,12089,30701,788,144,721,-206,966,-261,788,144,3700,9469,6155,6079,11178,6924,9785,17811,1236,2194,5068,14241
10/5/2023,700,1930,4505,1586,3781,4501,1865,2347,3312,1120,825,4505,1714,-772,-7277,84,1260,-7129,-374,-2592,-8591,470,-5484,-7295,1770,2001,3213,-4835,-3620,-7295,700,1930,4505,1586,3781,4501,1865,1375,5657,945,573,-711,1714,-1160,-4361,84,-7035,-11550,-374,-2592,-12959,-4810,-10610,-49763,-589,1470,-8512,-4810,-10610,-50253,3750,6210,4065,6402,2515,6402,3750,6210,-352,-2034,-2699,-2321,-5940,-7767,-6029,-8642,4050,1236,-5291,-6757
10/6/2023,2638,5192,10921,2698,5187,11086,2890,4865,10258,2908,1118,10181,-5800,-6940,-5190,-440,-4610,-8295,340,-4484,-7300,3630,9270,-1859,-3793,-6940,-5190,6541,4754,-1859,2638,5192,11287,2698,5187,11478,2890,6029,11352,2908,2018,9125,-3660,-6250,-13525,-440,-2770,-2125,340,-1010,5165,6792,9627,45227,-660,-520,5165,6792,9627,45227,5712,11686,5429,12168,6587,11710,2977,9868,-6750,-7490,-2912,-5638,-2347,-8995,8898,431,-6750,-7490,11590,431
10/9/2023,310,2025,1094,310,2015,1094,-320,450,1803,-190,4614,1094,2613,-877,-23,3078,3421,4164,3232,2252,2953,1570,13591,10418,2023,673,1519,4792,13585,9488,310,2025,3524,310,2015,3524,-320,630,3674,-1085,-215,-2335,2613,-592,-16,3078,2240,6577,3232,2252,4094,4792,14325,25381,2805,4367,2601,4792,14325,25381,825,-114,935,-114,935,-2132,825,-114,-3353,-7584,3633,1125,727,-119,10867,7147,737,-51,10098,7182
10/10/2023,2598,4204,-2370,922,4113,-1443,2664,4389,2098,3162,3957,-2370,4471,2452,1378,1566,1704,-136,2909,-2541,-3890,2843,-6920,-6836,2006,3227,9613,-3588,-6350,-6836,2598,4204,-8272,922,4113,-7272,2664,5808,-5347,3975,4434,2843,4471,2452,3922,1566,-444,572,2909,-2541,-3553,-815,-8522,-30665,3536,-1199,-3017,-815,-8522,-30665,2389,-2784,2260,-2174,4274,-2037,2389,-2379,5370,9320,1141,3893,700,1991,-1140,-4838,1556,7647,777,-4838
10/11/2023,2105,-681,-1030,1023,-706,-995,385,475,-1040,1530,-237,-1030,1024,4274,1009,-145,1095,-1361,906,-1053,-2884,1295,2067,-1537,3839,942,5080,3372,3258,1163,2105,-681,-2185,1023,-706,-2150,385,-761,-3766,-535,-992,3369,1024,5255,7367,-145,2200,-1035,906,-1053,-2586,4179,87,-37058,3032,-349,249,3372,87,-34878,2652,5054,2652,5054,4428,5054,2652,5054,3364,-2241,4261,684,4057,-3841,1511,3773,1265,4588,1827,2677
10/12/2023,1345,4293,5827,1315,4808,5879,1760,5288,7867,370,4768,5827,3860,10113,9349,1735,3370,-4722,4035,6908,-1526,-355,-3058,-2532,3532,9517,4951,-2870,-7000,-2532,1345,4293,6399,1315,4808,6249,1760,5690,6795,1500,4603,1338,3860,10113,10681,1735,3530,-6930,4035,6908,-1925,-3111,-12655,-37530,3995,6415,-3905,-3111,-13010,-34790,5468,9088,3713,9435,4918,9108,3383,7248,8767,8318,1597,-6914,5455,-372,-1791,-7131,5860,3833,-5105,-7713
10/13/2023,1625,999,-5883,1865,728,-5883,1795,1657,-6813,1565,1390,-3973,1580,616,-1373,995,2971,1388,1645,3726,-2087,-980,13811,-7420,-945,-1858,-1697,9935,18636,-7420,1625,999,-5685,1865,728,-5685,1795,1977,-6410,380,-353,-525,1580,-396,-4522,995,1725,2615,1645,3726,2263,10135,23540,40864,1209,3532,1460,9935,23930,41669,5773,-8004,5773,-8004,5773,-8004,2188,-8004,5028,4555,8458,1366,5100,855,8138,-7736,-264,-724,13779,14995
10/16/2023,2956,4223,-1737,4043,3930,-1737,3038,6816,-1737,2175,4954,-1737,1944,6295,5652,2869,10301,12241,4272,9876,9438,1775,14610,1917,1840,4376,-1325,7479,29736,2939,2956,4223,-1737,4043,3930,-1737,3038,4930,-1737,149,4048,5749,1944,7039,14071,2869,12132,15682,4272,14257,19378,9236,41587,45476,3113,14154,18423,9236,41587,45476,-5522,-3870,-4522,-3870,-4522,-3870,-5522,-3870,3591,2617,5755,10163,5477,4372,10100,5387,1345,-2129,13341,15803
10/17/2023,621,-645,697,111,-565,697,1196,2429,1312,-100,-1140,697,2049,1768,3340,-1422,-3595,-7520,-1453,-4428,-3914,-805,-6745,-8430,1017,974,3460,-5638,-1943,-8430,621,-645,3557,111,-565,3557,1196,80,4172,1117,750,658,2049,2295,10028,-1422,-7360,-11485,-1453,-5028,-12712,-11120,-26920,-76870,-1067,-5028,-12712,-11120,-26920,-76870,865,1269,865,1269,1880,1802,865,1269,7331,12366,-3650,-3495,-1245,-1505,-6895,-8765,2010,1350,-6885,-8765
10/18/2023,3308,5782,5997,3166,4511,5997,2421,2320,6912,4223,3780,5997,2596,4700,-8771,2440,3136,411,1210,7568,6855,4564,26665,39609,80,-279,-3809,6025,20658,38047,3308,6380,7465,3166,4511,7465,2421,5554,8380,3723,5519,7462,2596,4700,-14720,2440,470,-2310,1210,7568,4780,6140,30657,55972,80,3145,1865,6025,28367,54222,6180,4302,5035,4302,5840,4302,5035,4302,-1759,-7285,-1340,-1369,4400,4590,31804,50532,5534,-4149,21544,48621
10/19/2023,3440,16801,13880,4363,8197,10570,3386,5303,9507,3240,15093,9005,4918,2861,12670,6048,9836,32205,6352,10916,6867,2990,38398,46416,5463,673,2461,5915,31564,49798,3440,16801,14199,4363,8197,11121,3386,6060,6065,2590,5768,3298,4918,4830,8447,6048,8770,19499,6352,12396,14011,5955,41248,58958,5920,11921,14441,5915,40813,57418,5985,5715,4390,4069,4232,4069,4552,3392,3331,6848,9430,21217,12776,13053,36707,46396,6267,3607,32737,42178
10/20/2023,3350,2800,5603,3204,3323,7506,3399,1376,3743,2100,4748,5603,3767,7384,11371,3542,1477,16054,5362,10080,10402,2735,7906,18537,1977,4209,2516,9843,10954,18537,3350,2800,6355,3204,3323,7538,3399,4055,3240,2155,265,7404,3767,7384,11896,3542,7036,18062,5362,10716,24321,10961,23179,70326,4768,11481,19901,10861,22969,67856,7777,10444,8555,10444,9236,8822,7777,10444,5579,9162,9277,19310,9783,18451,11327,22597,3240,7026,17926,21841
10/23/2023,4342,8885,17567,4314,9740,17567,4993,7104,17517,4957,9368,17567,870,-2093,-5870,2525,-1570,868,3050,4311,1034,1765,5844,-5226,1500,3657,-5557,4392,6073,-5226,4342,9415,20858,4314,11034,20858,4993,11074,20808,5067,10997,25513,1170,-1267,-5262,2525,2700,-860,3050,4311,-788,4447,7071,2474,1995,6362,-2788,4392,6171,2474,9920,18926,10774,18926,11770,18876,10060,18926,-3835,-6303,3275,-4123,-2400,-4151,4711,-3030,480,-5893,5950,-3030
10/24/2023,1095,4825,8749,1085,4860,8749,1080,2680,8744,1065,4054,8749,736,3322,4160,-150,1330,2826,512,5978,4899,2255,4535,-2623,1607,-667,3597,-650,10183,-2623,1095,4825,11019,1085,4860,11019,1080,4815,11014,770,1495,5499,736,3322,5710,-150,884,1961,512,4430,5111,-5615,-6174,-11684,-219,4430,4152,-5615,-6479,-11684,4657,11706,4607,11706,4892,11701,4657,11706,792,3653,1193,6848,2944,4373,4990,2048,644,4048,9579,-2354
10/25/2023,-10,-1115,-2047,-95,-420,-2317,-132,-2595,-2422,610,-625,-2047,-1774,-6653,-8404,4090,4928,-1297,778,-768,-6810,7694,14887,25532,96,2529,-1099,10413,7329,25532,-10,-1115,-1390,-95,-420,-1660,-132,-554,-1634,80,-3755,-6283,-1774,-5550,-16477,4090,3688,1153,778,-368,-7959,10598,20515,41219,2606,2020,-5634,10413,20515,41219,-1480,-4589,-1480,-4589,-1480,-4589,-1480,-4589,-6570,-8067,-642,-4693,-1025,-6777,16554,15306,-44,2175,19462,15633
10/26/2023,1768,882,-876,2191,337,-876,406,7471,-996,788,9811,114,5514,9665,6663,3337,4714,10743,4101,4310,21558,985,-5753,-4384,2929,3905,6121,5066,523,1685,1768,882,-486,2191,337,-486,406,257,-606,498,-2534,-3955,5514,9938,27841,3337,7361,14237,4101,4802,20257,5066,-9388,-1606,4341,5922,21652,5066,-8364,-4056,2509,5326,2509,5326,1054,5326,2509,6316,14713,9770,11250,17676,12041,23425,5351,-6824,4716,-1662,5656,512
10/27/2023,435,1549,1243,530,1489,1178,1389,2102,1178,0,2781,1243,1668,3291,-6814,829,7327,-8040,486,13051,-7896,190,-6434,-8990,1237,-578,2504,770,1070,-8990,435,1549,-2199,530,1489,-2264,1389,1509,-2264,65,1662,594,1668,3291,-3879,829,9096,2025,486,13386,-5265,3295,9273,-17298,665,12009,-6265,3220,9103,-17298,2187,5055,2187,5055,2187,5055,2187,8180,2069,-2328,6340,9295,-5775,-8545,-6684,-4442,2217,6010,-6031,-5778
10/30/2023,-1635,910,2028,375,2569,-95,-515,3040,-3497,-1635,-495,2028,1932,8367,8573,290,2506,-2559,1960,7996,981,-915,-2441,2002,1345,7150,6014,-3406,-1251,2002,-1635,550,5075,375,2435,5970,-515,-900,2515,-30,4082,4823,1932,8367,11142,290,3080,-6758,1960,8490,1076,-3351,-3821,-41500,1340,3675,5826,-3406,-2631,-41500,1550,-2460,-245,-4169,-27,-5394,1550,-2460,8691,14067,4466,4722,5854,3179,-4913,-7106,7059,7904,-3320,-7141
10/31/2023,-4455,-6477,-7713,-4455,-6477,-7713,-4455,-6018,-7713,-4455,-2621,-7713,580,-5091,-7277,1304,-385,-2869,-1895,-6236,-8445,-935,-2415,-2529,-841,-938,-4684,-4015,5343,-2529,-4455,-6060,-10085,-4455,-6060,-10085,-4455,-6060,-10085,-3630,-7000,-13200,580,-4867,-10082,1304,-3890,-1224,-1895,-6236,-6426,-3535,-5295,-2430,-1860,-6796,-7221,-3535,-5295,-2430,-6140,-8910,-6140,-8910,-6140,-8910,-6140,-8910,-2562,-7860,-4685,-3800,-2753,-4363,-5290,-8975,-5532,-5838,-4255,3624
11/1/2023,1865,170,-1778,300,170,-1778,300,-87,-1778,745,961,-1778,659,14884,10114,1810,2713,2379,1443,6888,2598,2055,7336,13079,-315,1909,-3771,5140,5135,6589,1865,170,-4584,300,170,-4584,300,-1776,-4584,890,-135,-4968,659,15052,790,1810,2035,4036,1443,6325,5495,6160,14250,38238,1390,5265,1809,6170,14785,35988,28,4894,203,4894,203,4894,28,4894,318,436,3088,7659,5144,4026,11012,20200,-2580,-3489,8856,10597
11/2/2023,-624,28,971,-1314,28,971,-664,-1410,971,-889,-1026,971,324,-2374,-3311,1706,1396,6239,1516,4353,5221,500,7590,2220,-65,306,57,2607,2313,2220,-624,28,4967,-1314,28,4967,-664,28,4967,-1305,-744,-746,544,286,5824,1706,2871,8142,1516,5300,14189,2607,16163,39089,1516,5300,5859,2607,16163,39089,-367,-5526,-367,-5526,-367,-5526,-367,-5526,-2741,-4981,2034,4008,2975,7279,671,3997,-1341,1943,-4305,3997
11/3/2023,1860,1207,-6,1830,2771,-522,2138,2003,-462,2119,600,-6,912,-762,-3741,1154,-159,-7,5276,2710,6444,4455,4615,-7090,1602,-3121,-2935,8379,2489,-6334,1860,1207,3400,1830,2771,3033,2138,2555,3093,1934,180,487,1109,2639,5944,1154,1173,-8,5276,2710,8538,8379,10435,9420,4209,2030,8538,8379,10435,9420,-725,1078,-328,694,-331,502,-301,1078,-4515,-3996,-815,3660,-1046,-1978,2715,-7705,2640,-4270,-3261,-8141
11/6/2023,970,3936,-696,285,3851,-696,285,3128,-696,475,3911,1277,2536,12074,20869,1379,5176,15819,7404,16309,28658,2175,5545,-835,3225,6749,12479,3330,5170,-835,970,3936,105,285,3851,105,285,3886,105,475,4671,2299,2536,13509,34917,1379,7941,16716,7404,16514,27343,-20,-1285,-7339,7994,11346,27758,-20,-1285,-7339,4245,836,4245,836,4245,836,4245,836,8169,7520,5937,8064,9767,4545,2486,-3575,1835,9622,3244,-3575
11/7/2023,595,2930,139,1055,2960,139,1060,3005,49,345,4570,139,2292,4339,12524,2650,2420,4214,5339,9474,1547,3264,3057,-2189,2925,-780,-2310,7460,3535,-2189,595,2930,-1074,1055,2960,-1074,1060,3162,-939,1475,2747,63,2292,4841,18861,2650,358,8502,5339,9474,14866,7460,4169,-10002,4015,9474,13969,7460,4169,-10002,-834,-4996,-1596,-4996,-1187,-4996,-834,-4996,4875,13639,-804,1127,5590,6524,2074,-4883,7750,-3098,-3229,-5573
11/8/2023,2040,3815,2499,1795,3120,2499,874,2865,2041,1575,3815,2499,765,4404,7877,1434,2268,5284,1180,-1717,8996,-945,-6490,-5697,2363,2101,8530,-2731,-3887,-5697,2040,3815,5353,1795,3120,5353,874,3402,3099,750,2063,4128,765,3273,21239,1434,3123,3614,1180,-1717,5477,-2731,-2851,-39189,1228,-2013,11878,-2731,-2851,-39189,-675,3719,-675,3719,-760,3719,-675,3719,8137,4681,9835,5930,2970,5248,-5000,-6663,6178,7162,-110,-6081
11/9/2023,3520,7525,2982,3425,7410,2967,2690,6095,2967,2940,6185,2982,1309,-3598,-8831,405,618,-8459,524,-3435,-8851,12247,14373,-6879,60,1038,2893,11279,17154,-6879,3520,7525,4157,3425,7410,4142,2690,7390,4142,2940,4892,3529,1309,-3598,-15349,405,-1671,-14458,524,-3871,-11836,11794,9365,5273,1165,-3391,-11336,11279,8940,5273,5485,1980,5670,1980,4595,1980,3815,2520,-4414,-6989,-5822,-8991,-3708,-8860,7119,20353,3241,6021,11789,19876
11/10/2023,1360,5355,5006,1240,5320,5431,1355,1395,7232,1685,3625,5006,-5580,-6670,-7394,45,1933,-3217,-785,-2376,-3457,4285,22658,20961,900,-6320,-587,8000,18458,20961,1360,5355,9473,1240,5320,9244,1355,5470,9209,1500,5265,5827,-5465,-12380,-22844,45,3603,-2408,-785,-2376,-3229,8000,20885,59704,-1695,-3390,-1747,8000,20885,59704,5553,7249,5518,7564,5409,8623,5553,7249,-6895,-8040,3878,4893,2847,4345,25880,31074,-6925,88,19994,31074
11/13/2023,2065,2005,5982,2295,2005,5982,3170,3770,5982,1700,2970,5982,2782,3055,9719,395,-272,1249,1274,-1754,-1083,-35,-4530,-8882,387,642,-923,-1665,-4530,-8882,2065,2005,4431,2295,2005,4431,3170,2005,4431,2990,3160,3810,2782,3274,12996,395,437,835,1274,-850,-1002,-1665,-17525,-45480,336,-610,-1002,-1665,-17525,-45480,370,2872,590,2872,670,2872,370,2872,2879,5503,-2054,-1837,-2169,-2542,-6578,-7366,2011,826,-5640,-7366
11/14/2023,35,2130,6013,15,3855,5878,40,2170,5878,-255,1352,6013,6060,26182,53053,8302,11456,29029,7869,22923,28958,865,6047,2697,4203,6222,8878,11318,14617,5521,35,2130,6292,15,3855,6157,40,4190,6157,-255,380,6219,6060,26182,54510,8302,16744,37748,7869,22294,45091,12145,23026,31366,7311,21223,44091,12145,23026,31366,5307,4929,5252,4929,5972,4929,5307,4929,21897,39582,22072,16825,8336,19212,898,-5709,17996,9153,-685,-3745
11/15/2023,885,-1105,-6235,1453,-1951,-5635,1643,-1353,-5635,1955,-1105,-6235,-1190,-3315,-894,1160,1647,5388,2215,174,2792,2265,14486,22119,-3,1320,-3967,5644,15206,22119,885,-1105,-6162,1453,-1951,-5562,1643,-742,-5562,1250,-4996,-6924,-1190,-2529,-6454,1160,1323,7732,2215,1430,9159,5694,21437,45455,1675,1305,7989,5644,22157,44870,2283,-1248,2283,-1248,2283,-1248,2283,-1248,-242,-4349,5151,10277,7106,14426,18901,17721,989,-5721,27935,19308
11/16/2023,-130,86,-3709,-130,86,-3709,505,2315,-3709,-120,886,-3709,2402,6448,12644,1282,7954,8894,2586,1333,10934,-690,-1433,-2764,2006,85,5868,-1815,-3049,-2764,-130,86,-3290,-130,86,-3290,505,86,-3290,250,2037,-797,2402,6967,19152,1282,4925,13269,2586,1647,15444,-1815,9095,3359,2207,3927,14657,-1815,9095,3359,-2925,-3031,-2925,-3031,-2925,-3031,-1951,-3031,3162,5334,4706,5589,1836,4574,-2864,-3878,2716,2138,201,-3878
11/17/2023,236,3350,-2199,231,3350,-2199,845,4415,-2199,136,3350,-2199,3895,10657,4567,1685,-585,10893,2306,-2739,-2497,-994,-4119,-7329,2165,2265,-2115,-2414,-4119,-7329,236,3350,-3072,231,3350,-3072,845,4635,-3072,221,4165,4680,3895,10334,14538,1685,1427,9730,1845,1007,27,-3964,-20581,-48211,1845,1007,2540,-3499,-20581,-48211,2845,-2565,2845,-2565,3430,-2565,2845,-2565,10722,5091,2575,785,1810,-3038,-6245,-8900,-131,-4209,-6925,-7880
11/20/2023,25,2416,-2707,-65,2446,-2707,-285,671,-2707,555,2351,-2707,-810,-3954,-9000,1019,2927,-3243,2281,2476,-1416,1435,19364,7096,-244,-398,1583,5310,17145,7096,25,2682,-2267,-65,2712,-2267,-285,2706,-2267,95,2425,-5904,-810,-2989,-8380,1019,3542,-2440,2281,2476,-1551,5570,37249,32315,2333,1906,-2391,5570,37249,32315,4191,366,4048,366,4013,366,4191,366,-3964,-7380,3393,-606,1854,-1268,12466,9530,-826,-142,8075,7556
11/21/2023,-1095,-296,1851,-255,159,1851,-895,1308,1851,-297,88,1851,395,-721,-2901,-915,2547,-2925,-3465,605,-3348,326,-2397,-2282,1460,102,-1119,-4765,866,-2282,-1095,-296,5910,-255,159,5910,-895,159,5910,-557,410,8270,395,-344,-2338,-915,-39,-5865,-3465,266,-3768,-6615,-12558,-32260,-4005,-507,-1458,-6615,-12558,-32260,-1827,-1769,-1827,-1769,-1827,-1769,-1827,-1769,3221,-8300,-2392,-3398,-6915,-4502,-5331,-5958,-1465,-838,-1910,-5958
11/22/2023,-95,-3315,-4673,220,-3390,-3728,425,246,-3728,-95,-2395,-4673,1545,-607,914,-340,625,-2117,-260,-3245,-7731,-1000,-4390,-5966,-1118,-1961,2036,5435,-2982,-4635,-95,-3315,-6630,220,-3390,-5685,425,-3445,-5685,0,190,-5655,1545,-351,120,-340,-4811,-6640,-260,-5219,-13826,5435,-16600,-52394,-510,-6840,-12713,5435,-16600,-52394,350,-3229,240,-3229,240,-3229,350,-3229,525,13504,-3601,-3135,-5961,-4052,-3715,-8969,831,1971,-4679,-5696
11/23/2023,2295,3090,5020,2295,3090,5020,2295,3090,5020,670,3090,5020,2065,6420,6160,3950,6235,8550,4160,11025,12945,1525,6585,8020,3000,2070,3075,6795,6585,8020,2295,3090,5020,2295,3090,5020,2295,3090,5020,240,3090,5020,2065,6420,7455,3950,6235,8630,4160,11025,13705,6795,10855,17895,3730,11025,13705,6795,10855,17895,-1015,-1810,-1015,-1810,-1015,-1810,-1015,-1810,5090,4680,-650,-895,-925,-1280,-6820,-8005,-275,2750,-6820,-8005
11/24/2023,2825,3921,5949,2825,3921,5949,2825,4776,5949,1140,3921,5949,3455,7405,9440,4805,8184,8620,7315,11386,12330,3219,5854,5184,2780,1930,3284,6365,6919,5184,2825,3921,6420,2825,3921,6420,2825,3921,6420,1355,5101,6420,3455,7405,12030,4805,8755,13960,7315,13135,19095,10885,20535,27655,7315,13135,19095,10885,20535,27655,-1925,-2780,-1925,-2780,-1925,-2780,-1955,-2780,2945,1835,-2470,-1550,-2280,-1925,-4280,-1255,-180,-135,-4145,-735
11/27/2023,1940,254,-1818,1560,254,-1818,715,1913,-1818,2034,-1051,-1818,3569,5784,365,2145,1042,-3469,286,86,-7452,2689,-3890,635,3085,4307,6081,8433,-1246,635,1940,254,-8291,1560,254,-8291,715,-1339,-8291,860,-1168,-612,3964,6402,10826,2145,3671,-7124,286,86,-10133,8433,3313,-36886,1071,-356,-10133,8433,2338,-36886,-1666,1800,-1666,1800,-3241,1800,-1666,1800,1935,-1630,-1591,-2889,-4770,-7424,-4898,-7079,5403,7337,-4279,-7079
11/28/2023,-160,1735,1101,-175,105,981,35,245,981,355,1505,1101,2585,4290,-802,540,2280,2785,1665,-252,4747,550,-1289,-6483,610,-4,-4434,897,-2369,-6483,-160,1735,1279,-175,105,1159,35,-775,1159,1123,-372,3272,2585,4401,4602,540,210,2785,1665,-252,5100,-828,-4310,896,1845,-927,5100,-828,-4310,3506,1815,1895,1855,1895,1855,1895,1815,1895,2725,2531,-1102,140,153,2803,-5749,-3300,1808,-3964,-5805,-5245
11/29/2023,-358,-2460,-4460,-168,-2695,-4280,-308,-2745,-3750,-358,425,-4460,-2105,-6145,-8605,-155,-3940,-7362,-693,-4030,-8600,710,12938,10213,-783,-1908,-7025,8344,14681,10213,-358,-2460,-5696,-168,-2695,-5516,-308,-2460,-4986,-218,-4270,-9585,-2105,-8204,-20434,-155,-3006,-8479,-693,-4030,-10820,10294,19957,52219,-26,-4685,-9957,9775,20473,51568,-2065,-3291,-2065,-3291,-2065,-3291,-2065,-3291,-6605,-8985,-3795,-4792,-2780,-4465,13190,29518,-2670,-8375,8468,29518
11/30/2023,745,4111,2979,1782,2748,239,-588,2647,-594,745,4111,2979,4318,7391,6991,8929,6512,4257,9819,11413,16237,2550,6387,4606,5365,10058,8891,6949,13426,4606,745,4111,-930,1782,2748,-1403,-588,212,-2235,170,3213,1331,4835,9493,13025,8929,15364,2548,9819,11413,2783,7785,10174,-49500,9119,11833,1158,7785,10174,-49500,-2870,-869,-2870,-869,-2870,-869,-2870,-869,7720,4609,3172,60,7888,-436,-2301,-677,3617,2774,-2650,-3287
12/1/2023,475,-877,-754,675,-877,-754,675,-259,-754,760,-3028,-754,-546,9,-286,-1450,1485,-3325,-259,-2344,-1678,-945,-5213,-8703,-1325,-978,967,-2210,1751,-8703,475,-877,56,675,-877,56,675,-877,56,-180,-969,-1313,-546,9,3960,-1450,-724,1311,-259,-1820,5090,-1115,208,-9943,-902,-64,5903,-1115,208,-9943,-1197,257,-1197,257,-1197,257,-1197,257,4037,179,-319,-2911,3445,-5818,-6170,-8870,3745,813,-6630,-5413
12/4/2023,905,4970,7732,775,5105,7732,775,4905,6674,1713,4970,7732,3147,9073,12750,2348,6695,9758,3873,10950,14341,3430,1121,3128,2348,4230,4796,-2220,1121,3128,905,4970,8700,775,5105,8700,775,5035,7650,1713,5120,7625,3147,9585,20767,2348,9143,17754,3873,11324,22134,-265,5954,6033,3066,12108,20959,-265,5554,6033,3253,9551,3253,9551,3149,9551,3253,10961,6608,12564,3801,11682,4444,13422,-6560,2665,1190,7613,-6670,-1482
12/5/2023,0,2193,-1729,145,3336,-2469,1300,7229,-2469,70,4514,-1729,3341,3313,11531,2103,3666,12438,2704,9300,6287,-315,-5007,-6163,5770,5616,5844,-295,-3235,-6163,0,2193,-944,145,3336,-1720,1300,2614,-1720,90,4759,580,3341,3313,12001,2103,4539,13667,2704,9853,10687,-180,-3445,249,8826,10811,7093,-295,-3445,249,1963,3772,3268,543,1005,543,2931,3772,3956,10809,1817,13237,2132,5789,-4090,-7382,2177,5200,897,-7057
12/6/2023,1005,70,483,990,310,488,1210,-3040,-18,380,-270,483,-3150,-5870,-6955,-415,-6950,-7089,-205,-3495,-7580,3357,17314,19460,-2420,-1465,-6955,10301,17261,18830,1005,70,483,990,310,488,1210,-185,-18,-630,-2510,-7635,-3150,-12025,-21117,-415,-4875,-10555,-205,-3495,-11330,10736,21816,44724,-465,-4465,-11330,10301,21441,43565,405,740,570,890,715,740,-50,740,-6505,-8345,-3740,-8395,-4053,-3340,13174,21512,-6150,-8345,9021,21512
12/7/2023,3350,-4422,-6052,2540,-4422,-6052,1925,-4467,-6052,5035,-5000,-6052,1907,-1923,-4341,1027,8626,1954,3809,2504,6082,3581,3127,1440,351,-913,1284,9252,5914,1440,3350,-4422,-7452,2540,-4422,-7452,1925,-4372,-7452,5770,-1891,-7633,1907,284,-975,1027,4838,3153,3809,2909,6633,9397,12162,26043,4880,2919,7422,9397,12162,26043,-5868,-6286,-5868,-6286,-6008,-6286,-5868,-6286,-3713,-5287,1930,3216,806,466,5348,3787,-383,-7400,20643,2954
12/8/2023,3475,-3477,-736,2675,-2567,-736,2850,1752,-736,3575,-1976,-736,2067,-2901,-653,2745,380,13678,3092,5002,14980,1500,-303,-1404,1235,-2380,1163,7210,3411,-1020,3475,-1477,2739,2675,-567,2739,2850,-1127,2739,3300,1676,7463,2067,-391,3787,2745,2359,18257,3092,5002,21939,7810,19210,47800,2000,4502,21329,7810,19210,47800,-2435,616,560,616,-925,616,-2435,616,-1364,-1308,2096,7128,3259,12075,-4354,-4249,-776,2801,-3063,-6459
12/11/2023,3625,3122,2808,3366,2642,2808,3428,1080,3202,4242,2239,2808,-273,-3833,-6129,1014,3852,1345,395,2881,149,2555,12066,9757,-1444,-1253,-1691,5773,10082,9757,3625,3122,6974,3366,2642,6974,3428,3179,7024,4520,1460,1203,-273,-2491,-2464,1014,2425,2359,395,3571,4106,5773,18015,45637,-169,3636,3434,5773,18015,45637,2759,2218,2759,2218,3221,2218,2759,2218,-3752,-6559,2843,4896,4336,5543,10648,10237,-6850,-7551,13245,10237
12/12/2023,-474,1367,360,-464,1377,360,-464,-1892,360,-474,1367,360,-5950,-6982,-9000,-4845,-6988,-8953,-5145,-6928,-8904,645,6665,7170,-5445,-6850,-9000,864,6665,7170,-474,1367,4055,-464,1377,4055,-464,1410,4055,-855,-630,-3478,-5100,-14200,-26360,-4845,-9485,-14525,-4840,-8865,-15500,1512,12599,34093,-4425,-9565,-15500,1512,12599,34093,3762,5834,3298,5834,3288,5834,3762,5834,-7000,-8980,-5374,-7450,-3986,-7166,11378,6484,-6955,-8975,5471,11439
12/13/2023,215,-4920,-3122,-1302,-4740,-2737,-2102,-1085,-3002,-1330,2853,-1670,4510,7415,8828,516,1505,-7675,2283,7502,1245,245,-6975,-8790,2891,3091,-865,-1925,-1250,-8040,215,-4537,-7046,-1302,-4357,-6661,-2102,-4357,-6926,-855,-2195,-6373,4510,12220,16122,516,3305,-2630,2283,5812,4979,-4245,-17875,-35040,1578,4272,3384,-4250,-17905,-35775,-1645,-1785,-1745,-1400,-1620,-1665,-1645,-1785,6370,7368,3425,2435,8174,10299,6160,9163,7650,-485,7050,9732
12/14/2023,-1010,-610,-2107,-1060,15,-2260,-1125,890,-1020,-870,821,-2107,-2447,-3218,-2484,-604,1261,-1454,-2320,-6865,-2700,-569,3221,-5784,-755,-1292,-7349,2220,3099,-7986,-1010,-610,-1027,-1060,15,-1752,-1125,55,-512,-1700,-2160,-1827,-2447,-2982,-6481,-604,-1814,-4570,-2320,-7575,-4530,2220,7458,19979,-1925,-8740,-8247,2220,7336,21734,6040,7190,6040,5913,6172,5913,6040,7190,-1805,-4580,1686,3545,1115,12675,9575,792,1910,-7349,13320,10559
12/15/2023,520,5669,4983,1450,4324,3207,1325,4876,3207,-10,4281,4983,5356,9074,12317,3805,3195,3565,1540,-1030,5428,-290,-2200,-7323,2790,1707,8315,1718,2536,-7323,520,6116,7716,1450,4771,4426,1325,5746,4426,-250,6650,14263,5356,9535,20889,3805,6950,1110,1540,-365,7515,1918,-12874,-38243,2260,-365,7515,1718,-12874,-38243,5095,-3699,5095,-3699,3585,-3699,5095,-3699,18652,12790,2090,1271,4535,-4025,2881,-994,2751,9173,-719,-994
12/18/2023,2835,5596,4685,3591,5226,4422,2554,3941,4422,2380,4851,4685,-193,-4823,-8272,1413,1547,2664,6576,12437,-1155,180,8455,-5948,-132,-627,-1756,7322,10186,-5948,2835,5662,10472,3591,5242,10472,2554,5045,10472,1769,4122,13038,1952,3380,4856,1413,5359,4902,6719,12738,6344,7366,12512,19330,6124,8081,6344,7366,12512,19330,8127,5778,7604,5778,7715,5778,8127,5778,-6525,-8990,5203,3633,5186,2748,-2286,-752,-6910,-515,6774,-4795
12/19/2023,2435,4341,3603,1775,3056,3603,96,3971,3603,1810,2416,3603,3759,2052,4185,4783,8805,12497,5266,15030,14620,970,3334,9143,1930,1653,4985,2516,4028,9143,2435,4341,9035,1775,3056,9035,96,3056,9035,1235,3321,11295,3759,8019,5707,4783,10156,20999,5266,17471,25910,4940,24375,66420,4596,16771,25910,4940,24375,66420,1901,3732,1901,3732,2186,3732,1901,3732,-3250,1638,4114,7411,5557,6766,5241,7110,-5250,4033,4300,7110
12/20/2023,1165,4038,4308,1280,2183,3858,893,1641,3603,640,5068,4308,148,-2946,-7192,-1331,4134,-7471,-1205,-6236,-8685,4785,-6620,17947,-782,-533,-1032,-550,3980,11813,1165,4038,19491,1280,2183,18946,893,2103,18691,1680,3808,4513,148,-2946,-12330,-1331,-5584,-11765,-1205,-5213,5749,-2210,-16035,-30725,-466,-5973,3909,-2510,-16035,-34030,2061,1982,2071,1462,1736,836,2721,1982,-3153,-8090,-6990,-8512,-3332,-8984,-7000,18315,1975,-4072,-6835,15484
12/21/2023,2329,5494,8737,2003,3588,7559,1869,2357,5184,2270,4994,8194,-298,-243,-7145,-314,-3680,-7360,380,-1159,-7216,-473,191,-2366,2209,1216,4080,3226,-307,376,2329,5494,7570,2003,3588,7390,1869,4295,3990,2040,5249,9487,-298,10,-5155,-314,-1628,-8776,380,-1159,-8657,3414,-8178,-33031,59,-659,-6368,3226,-8178,-33031,3631,6195,3218,6195,3423,6195,3631,6195,419,-5237,-325,-4390,2960,1273,-6595,-6180,1468,1340,-6846,-1797
12/22/2023,-2505,-6059,-6272,-2575,-5605,-6272,-2515,-6990,-7490,-2970,-5634,-6272,258,-902,691,-3120,3306,-2083,-2473,-2869,-4112,-995,-6660,-2991,-2105,-717,313,-5225,-3029,-2991,-2505,-7060,-13855,-2575,-6795,-13855,-2515,-6555,-12760,150,-7755,-16855,258,-902,-1892,-3120,-3195,-2468,-2473,-5185,-9461,-6535,-14525,-44770,-1493,-5330,-9461,-6535,-14885,-44770,-4788,-6009,-4788,-6009,-4788,-6009,-4788,-6009,-197,7730,-5868,3720,-4552,7564,-6830,-5134,-395,6905,-6825,-5134
12/26/2023,-2230,-2464,7468,-2230,-2464,7468,-2205,-2300,7468,-1155,-2198,7468,-5995,-5630,-5581,-1145,-6000,4624,-2909,-4906,-2725,195,8533,1212,-735,-765,2153,1130,9475,1212,-2230,-2464,9479,-2230,-2464,9479,-2205,-1059,9479,-1640,-3431,3484,-5355,-10390,-11300,-1145,-1294,20287,-2909,-4440,14477,3429,24943,110317,-3255,-4555,14477,3429,24943,112337,-505,14191,-505,14191,-505,14191,-505,14191,-6935,-8190,494,16128,1336,20329,5529,6317,-2602,8143,8691,6317
12/27/2023,215,1050,-1913,215,1050,-1913,215,4735,-1913,1980,2970,-1913,2228,8339,11841,1221,10795,3877,973,4558,4768,525,-1625,-6700,1362,1791,-1164,3080,-2710,-6700,215,1050,-810,215,1050,-810,215,1050,-810,2020,4410,-810,2228,8339,15263,1221,4527,4334,973,5692,5808,885,-5730,-23535,928,5032,8349,885,-5730,-23535,325,-1873,325,-1873,325,-1873,325,-1873,6866,3686,-2860,-4865,-2616,-1384,-4245,-5320,-115,-273,-3170,-5320
12/28/2023,-30,-2090,-7619,-295,-1420,-7619,-587,-6705,-6964,851,-1120,-7619,-1005,-5593,-7882,1120,-1315,-3200,1325,733,-3498,2338,11338,6045,1384,790,1434,5663,10652,6045,-30,-2090,-7395,-295,-1420,-7395,-587,-1175,-6740,200,-4835,-9495,-1005,-7095,-13750,1120,696,4420,1325,1221,4924,8025,18152,59912,2820,687,4204,7540,18152,59912,-2265,2074,-2265,2074,-2265,2074,-2265,2074,-6865,-6343,2627,3892,4517,7608,10211,11310,-720,8558,14356,11310
12/29/2023,-1030,-5038,-1145,-925,-5315,-3019,-186,-594,-3019,-1030,-2467,-1145,3944,7326,13311,754,-822,-1678,2114,-80,-2035,175,-6289,-7766,571,1703,-150,-4123,-6550,-7766,-1030,-5038,-3066,-925,-5121,-4030,-186,-4460,-4030,-348,-2730,-39,3944,7329,21329,754,1999,7797,2114,344,7656,-2990,-14634,-24836,1704,391,7146,-2990,-14634,-24836,-1652,-3116,-660,-3116,-660,-3116,-1652,-3116,8264,18445,-1385,261,1924,5012,-4992,-8106,1435,496,-5208,-7686
1/2/2024,1310,3139,5069,2425,3464,8455,1694,2724,8860,775,7102,5069,1862,7261,7742,5566,12708,24650,7489,18358,34933,3195,20910,10805,2559,8073,1575,13594,22656,12935,1310,3139,2034,2425,3464,3674,1694,3509,5419,2600,3075,-1197,1862,7261,14134,5566,13217,25413,7489,18358,36049,14634,35209,77726,7004,16398,33589,14634,35819,79856,3306,11362,2081,11362,2081,11362,3186,12327,7011,14668,11772,25223,17211,33750,11994,12139,7330,13312,9019,4769
1/3/2024,2005,-890,2932,2030,-780,3752,1455,3688,2397,2125,-458,2932,2790,1399,-3882,4934,4491,4132,5582,-627,658,3070,2024,1597,3426,1248,-968,6810,628,1597,2005,-890,925,2030,-540,1745,1455,210,390,560,1186,2726,2790,2698,-2755,4934,3048,5458,5582,-215,2109,6790,9339,52166,5869,382,2705,6790,9279,52166,2804,3331,2804,3331,2804,3331,2804,3331,814,-4395,5760,1799,7400,3212,10424,11503,160,-895,9471,15193
1/4/2024,1750,1069,1910,1499,499,1910,1276,-1209,3394,1500,-820,1910,505,90,1208,-820,-5000,-1918,750,855,-1208,127,-4038,2688,2534,3805,6399,-4705,-1167,2688,1750,1069,1564,1499,499,1564,1276,1071,2231,515,-2503,-2807,505,90,32,-820,-3175,-1752,750,855,-683,1502,-3785,-4715,1310,855,-790,1472,-4685,-4715,-337,2446,-337,2446,-337,2446,-2242,2446,422,287,-2655,-3145,1760,832,4537,-2033,3859,8701,1742,-2033
1/5/2024,135,5617,9938,1683,5848,3826,338,5569,4362,755,6847,9938,2758,6252,22710,2645,3910,18453,955,-656,-2025,-985,-6931,-8882,1265,-1288,8145,-1484,-6669,-7880,135,5617,9390,1683,5848,3125,338,836,3804,690,5217,4119,2758,6494,26686,2645,5287,18745,955,415,8181,-1475,-19091,-41048,930,845,7066,-1530,-19265,-41048,5109,-2698,5321,-689,2110,-689,5226,-2698,12144,24966,7663,13796,-365,10539,-6550,-7774,7620,4864,-6302,-6200
1/8/2024,2069,6007,13852,2019,6083,14393,2105,3519,14393,2079,5227,13852,-5890,-6970,-8071,-2905,-4171,-4673,-3165,-3329,-2747,4265,15254,28406,-575,-6910,-1218,7098,14048,28406,2069,6127,17435,2019,6127,17435,2105,6303,17435,1590,3992,10520,-6405,-13195,-26870,-2905,-3526,-4820,-3165,-3329,-2346,7098,21911,60356,-4245,-4225,-2346,7098,21106,60356,7785,17538,8221,17538,8221,17538,7405,17538,-6920,-8930,1215,520,3783,3349,23307,33454,-6680,-310,13803,33454
1/9/2024,3080,5947,9837,4151,6919,10487,4107,6365,7072,2765,6138,9619,1961,-4567,-8350,2255,10020,14054,3360,9231,2062,695,15997,-648,-160,3106,-7030,4381,14882,-648,3080,5947,6039,4151,6919,6039,4107,6784,2624,2710,5127,7524,1961,1527,8358,2255,11210,18042,3360,10151,18090,4381,17213,24227,2030,11800,17235,4381,17213,24227,5578,-2180,5390,-2180,5245,-4990,5358,-455,-6160,-8235,2690,12333,8065,1229,14142,4277,-6310,-7545,19556,4347
1/10/2024,2276,8704,7511,2281,8704,7511,2256,4011,7511,1425,2893,6511,1972,720,-5146,2805,2022,6735,4132,5934,7164,1859,3242,-70,3317,2910,464,4317,2959,-70,2276,8965,16084,2281,8965,16084,2256,8965,16084,1234,4174,13817,1972,2802,1760,2805,5785,8026,4132,5934,6864,4664,12337,46601,3867,5234,5759,4664,12337,46601,4487,4073,4487,4073,4487,4073,1282,3073,-4014,-6707,2138,6032,3955,16078,1744,-4437,315,762,3445,-4437
1/11/2024,1385,2920,10639,1385,3476,7341,1390,1595,5867,1105,4740,10639,2601,-1173,-4504,105,-4426,-1647,45,-3415,-4021,35,-1959,-623,1295,352,7105,-5110,-1959,-623,1385,2920,9677,1385,3476,7139,1390,2400,5579,2578,4310,7392,2601,-1173,-1856,105,-2930,-2068,45,-4190,-3862,-6540,-10472,-6601,-925,-5315,-2752,-6540,-10472,-6601,2294,-847,2032,-847,1982,659,3199,-847,1621,-2867,450,-5416,3105,-2684,-5130,-6892,1046,5266,-5140,-4958
1/12/2024,1065,-2567,-4517,-580,-2182,-4517,-1335,-2090,-4517,790,-2567,-4517,6108,16026,17423,3837,10635,4412,5927,12490,10072,-265,-3970,-8530,2882,2688,1246,-2905,-3315,-8530,1065,-4235,-11450,-580,-3850,-11450,-1335,-5565,-11450,1420,222,-9205,6108,17630,23298,3837,13088,9887,5927,13259,15897,-2905,-6650,-13805,5442,12378,16845,-2905,-6650,-13805,-4612,-7115,-4612,-7115,-4612,-7115,-4612,-7115,9593,20501,4952,5244,4089,15195,-4392,-3786,1794,5895,-2242,-3786
1/15/2024,2675,4255,4165,2675,4255,4165,2675,4215,4165,1835,4000,4165,3630,6350,8471,2645,3295,6063,5685,8905,10079,4040,6555,5263,3445,2530,4038,2300,6555,5263,2675,4255,4165,2675,4255,4165,2675,4255,4165,1835,4200,4165,3630,6350,8709,2645,4030,7420,5685,8905,11423,2300,7370,8525,5685,8905,11423,2300,7370,8525,-735,-1835,-735,-1835,-735,-1835,-735,-1835,2830,5006,2560,1700,2035,-375,-3015,-6490,-975,4933,-3010,-6490
1/16/2024,175,2699,-3460,-95,1219,-3460,-370,2141,-3460,-75,6301,-3460,1239,2879,4062,-1174,-4611,-5732,685,-2595,-3917,-885,-6997,-4281,326,1375,3871,-4112,-6922,-4281,175,2699,-2293,-95,1219,-2293,-370,-880,-5365,1703,1113,899,1239,2879,6400,-1174,-2769,-8484,685,-2595,-7193,-4112,-11385,-48014,859,-3025,-8243,-4112,-11385,-48014,-645,-2646,530,-2646,1909,-3044,547,-2646,4346,15285,1438,-820,-212,755,-6223,-3112,-39,3444,-6264,-3112
1/17/2024,-665,-2194,-1257,-1410,-2194,-1257,-1410,-3493,-1257,-665,-3974,-1257,1567,5614,2041,2019,682,-5986,1268,-1067,-1955,705,-6992,-8996,3485,5949,3566,-2630,-2706,-8996,-665,-2194,-9421,-1410,-2194,-9421,-1410,-3843,-9421,-925,-3339,-10634,1567,7005,5861,2019,1775,-5022,1268,2313,-547,-2630,-5769,-17755,2509,3390,4406,-2630,-6404,-17755,1239,-2099,1164,-2099,1124,-2099,1239,-2099,4123,3720,1003,-5885,2410,-2795,-6375,-3747,1456,-1562,-5939,-4242
1/18/2024,290,2785,4032,110,2785,4032,110,2050,4032,-295,1937,1496,3677,7964,6160,1990,-145,8116,3315,7070,14286,2150,10496,13161,3157,2938,11334,730,6941,13161,290,2985,3157,110,2985,3157,110,3470,3157,-955,531,2406,3677,6166,9611,1990,3108,9460,3315,7070,16523,730,8323,26861,2705,5901,12681,730,8323,26861,3061,3797,3061,3797,3511,3797,3061,3797,7915,2816,5921,7245,10812,7290,16252,17331,1555,8086,9414,17319
1/19/2024,1420,3240,6554,1430,3240,6554,1430,1350,6554,680,2640,6554,-3935,-5524,-8995,-1105,-7000,-8960,-2940,-6415,-8995,4439,11139,17590,-3295,-6400,704,5555,10290,17590,1420,3240,6719,1430,3240,6719,1430,3245,6719,1755,2975,3356,-3120,-10029,-23503,-1105,-3635,-8505,-2075,-4650,-11435,5555,11969,27700,-2005,-3505,-10300,5555,11969,27700,3406,5369,3406,5369,3411,5369,3406,5369,-6559,-7614,-1933,-8515,-1470,-6160,125,228,-6410,-835,9381,228
1/22/2024,-195,-329,-3447,-40,11,-2827,114,-1080,-2827,-445,616,-3447,-899,-740,-4214,2030,1605,4930,2616,6758,8857,4139,16371,12306,55,2469,2779,8849,16371,12306,-195,-329,-3477,-40,11,-2857,114,-408,-2857,-1625,-1701,-3894,-899,-249,-6199,2030,1895,4930,2616,6758,9353,9379,27771,51800,2141,7278,11523,8849,27371,51800,-4131,-5660,-4131,-5660,-4131,-5660,-6772,-5660,-477,-3522,2405,5232,3995,6439,3370,7315,1700,-5323,7225,4201
1/23/2024,-3060,-6994,-7453,-3036,-6994,-7453,-3036,-6739,-7453,-790,-6939,-7453,-1325,-1400,-2967,-2200,-5285,-7304,-1930,-1914,-5618,-320,-637,5469,-1196,-874,1325,-5355,-506,5469,-3060,-6994,-10419,-3036,-6994,-10419,-3036,-6994,-10419,-1435,-7900,-10151,-1325,-1002,-3959,-2200,-3445,-7873,-1930,-1914,-7825,-6980,-8302,-16152,-535,-1127,-8700,-6980,-8302,-16152,-4760,-7740,-4760,-7740,-4760,-7740,-3030,-7740,1071,521,-550,-823,1485,1791,-3889,498,-1355,2212,-5435,498
1/24/2024,815,-443,-936,660,327,-1368,800,588,-1436,740,1950,-936,3178,-129,-3611,1885,110,-6216,4592,2486,-8705,4437,2718,-879,3401,5377,4976,5820,11795,-879,815,435,-2373,660,650,-2648,800,540,-2328,1150,826,-2485,3178,-129,-153,1885,-25,-6346,4592,2486,-7595,5820,7191,-7615,3777,986,-9855,5820,7191,-8885,815,3620,749,3910,1254,3260,-115,3620,246,-2387,1802,1278,-196,-6498,-6849,617,2820,7624,-3672,617
1/25/2024,-1365,935,2261,-455,998,3898,-510,286,6360,330,2298,2261,-429,-5585,-8965,-2129,-6610,-7585,-4479,-6237,-8998,-580,-4990,-7872,-954,-1108,-247,-2190,-4175,-7872,-1365,935,2950,-455,998,4380,-510,1606,7386,-125,1390,-1599,-429,-5036,-11082,-2129,-7811,-14389,-4479,-12527,-20596,-3690,-16635,-22575,-3814,-11897,-20596,-3845,-16655,-24465,-806,2432,-721,2432,-976,2432,-806,2432,-3331,-7334,-5247,-6324,-6163,-8997,-6805,-8106,1745,2085,-6009,-7319
1/26/2024,1800,-2065,-6617,1129,-1723,-6925,1426,2153,-7081,1235,-744,-6617,4721,3147,1291,4250,5665,-640,2285,60,-6681,2570,-4346,-4483,2283,2871,8338,-1465,-6845,-4483,1800,-2065,-6616,1129,-1390,-7076,1426,-915,-6951,929,-1107,-7674,4721,3147,-286,4250,4266,-36,2285,254,-6629,-1805,-9440,-21335,3718,57,-6629,-1805,-9440,-21335,-4547,-6219,-4547,-6219,-4547,-6219,-4547,-6219,6205,7868,209,-1586,-4732,-1915,-4097,-6205,2967,5708,-5372,-1234
1/29/2024,-965,2143,2194,-960,2453,2194,-960,165,2194,-610,1593,2194,-4489,-6964,-8948,-3580,-6990,-8990,-4222,-5114,-8996,-895,-971,6386,-1104,-7000,393,-2970,-273,6411,-965,2471,5583,-960,2781,5583,-960,2781,5583,-680,-1110,-5549,-4489,-10204,-19377,-3580,-5935,-11675,-4710,-4730,-10886,-2970,-1374,2207,-5330,-4270,-11061,-2970,-1684,2232,2274,3950,2584,3950,2584,3950,2274,3950,-6175,-8997,-3015,-5384,300,-2570,-4315,-2925,-4402,708,-4530,-2925
1/30/2024,-765,-3207,-3705,-695,-3212,-3705,-605,-2915,-3705,-680,-4389,-4545,-1455,-2270,-7447,2358,9088,9465,2212,7113,8794,660,712,1628,1981,390,1846,1962,712,1628,-765,-2922,-5005,-695,-2927,-5005,-605,-2682,-5005,205,-1155,-4870,-1455,-1410,-1746,2358,7759,9583,2212,6843,12334,3971,4104,11478,2718,6861,10810,3971,4469,11478,-4291,-4485,-4291,-4485,-4291,-4485,-4291,-4485,-4061,-7803,401,8508,-1161,6316,-1605,-5435,970,6789,-5618,-7279
1/31/2024,5527,9801,18926,5367,11081,19228,5249,6242,20983,4281,7870,15816,5436,7681,8379,4773,4990,8395,6253,8884,12335,1925,5979,-2168,4075,3670,4264,5230,4931,-3076,5527,9801,13865,5367,11081,12621,5249,10737,14376,4281,7970,6380,5436,7681,15447,4773,11177,15039,6253,12281,17078,5430,12894,18852,5878,11391,16049,5430,14699,18852,8358,21042,8323,21042,8313,21042,7153,18026,6639,12136,9795,15200,10490,13315,2685,-1969,-840,10455,-2618,-5525
2/1/2024,-2220,-4805,-6653,-2235,-3705,-6201,-2240,-3915,-6135,-435,-5405,-6653,514,-3531,-7894,1391,1863,-2894,-25,-6995,-7126,-760,-2821,-5617,-924,72,72,-2995,-1804,-4469,-2220,-4805,-5245,-2235,-3705,-5275,-2240,-4400,-5135,-100,-3655,-8780,514,1470,-12805,1391,2441,-5667,-25,-4275,-11419,-2995,-4666,3523,-755,-2131,-6680,-2995,-4666,3523,-4093,-3278,-1990,-4015,-2395,-3688,-1795,-3278,-5579,-8437,15,-1451,-695,-6965,2509,-8930,-6525,1980,-6970,-8956
2/2/2024,2465,5252,7230,2520,5164,5893,3561,4190,5926,2725,3222,7230,-117,-490,-8956,2345,3949,3888,2351,6238,-5185,3920,6482,-3294,461,-6445,-5391,7304,5264,-2719,2465,5252,7542,2520,5164,7496,3561,5179,7466,2620,3269,6470,-117,2156,357,2345,4694,3991,2351,7512,4262,7434,5567,20345,1986,8856,6699,7304,5567,20345,5470,4072,6406,3766,5161,3736,7005,4072,-3200,-8550,3946,1984,-6450,-7329,10850,-5698,-5305,-7850,2218,-5427
2/5/2024,2165,5724,5130,2873,5786,3971,2279,6442,4287,1535,6819,5130,132,4944,4058,292,6857,6348,543,-975,7216,-285,-4791,-5535,1286,43,2791,-1925,-1758,-5535,2165,5724,6184,2873,5786,5451,2279,4094,5451,1535,6244,5919,132,4944,6189,292,5746,6348,543,360,7705,-1925,141,-9129,68,842,6114,-1925,1191,-9129,1622,2422,1311,2422,357,2422,1622,2422,3716,4064,2767,1695,1857,1381,-1849,-8066,4902,3383,-5380,-1425
2/6/2024,1540,4468,5533,-217,3143,9114,783,2892,9917,930,2888,5358,1920,4817,-447,2090,6844,-2780,3359,4342,3875,-580,-4497,-6849,2399,1657,480,3959,2394,-6849,1540,4468,5533,-217,3143,8351,783,4661,8394,865,4223,7052,1920,4817,-3866,2090,6636,-9651,3359,4324,4486,6824,5725,4650,4004,3572,4971,6824,5575,4650,4493,3575,3051,3575,2574,3575,3263,3144,4191,-1368,1416,1686,2421,653,-4589,-7034,1203,1647,-3352,-5845
2/7/2024,2140,738,-1577,1420,176,-1577,1420,3782,-1577,2900,4200,-1577,3979,7766,16771,3417,5508,7420,4052,4464,10532,1225,-6059,-4293,2930,5459,3411,-461,-1535,-4293,2140,738,-182,1420,743,-182,1420,763,-182,4295,4412,707,3979,7766,19984,3417,4688,13453,4052,4580,16168,-236,-3277,1765,3441,4585,16168,-461,-3277,1765,-340,-4374,-340,-4374,-1600,-4374,-340,-4374,5698,13989,3287,722,2095,348,-6018,-6233,5923,2772,-6054,-6968
2/8/2024,-820,-2590,-6150,-635,-1590,-6150,-320,1025,-6150,-330,-1665,-6150,1349,3304,1057,49,2121,954,-362,913,-958,-670,-3981,-3792,-520,2081,-39,-4635,-4204,-3792,-820,-2590,-6150,-635,-1590,-6150,-320,-2430,-6150,840,-1905,-3175,1349,4184,4711,49,1956,1396,-362,913,-4850,-10920,-17025,-16798,328,913,-4850,-11120,-17025,-16798,-4215,-8940,-3050,-8940,-3050,-8940,-4215,-8940,184,-998,-593,2371,-3245,-5060,-1932,-1018,-865,-7055,-2587,2461
2/9/2024,90,482,572,-92,659,535,-97,-624,535,90,1113,572,-900,-5456,-7274,610,600,-1076,501,1717,-7954,4790,6668,2517,450,-1404,-1308,9991,9952,2517,90,482,890,-92,659,1076,-97,437,1076,-475,-865,805,-900,-3505,-7292,610,1578,-1076,501,1717,-5326,10954,16139,41142,-60,1017,-5326,10954,16139,41142,539,478,534,433,674,433,539,478,-4234,-7941,49,612,1927,2560,12098,-2935,1450,-410,9830,-47
2/12/2024,275,1341,-2542,820,1401,-1757,1250,1715,-1757,-425,936,-2542,657,3879,-6838,-1025,-2901,-8984,-1700,-1814,-8988,1150,7451,-6346,877,-895,10789,3155,9444,-6346,275,1341,-2092,820,1401,-1307,1250,1721,-1307,120,76,-545,657,3879,-13923,-1025,2031,-8752,-1700,-809,-18534,3130,1550,-10050,306,-244,-16174,3030,1550,-10050,-2560,-4957,-2595,-5549,-2125,-5549,-2995,-4957,-1615,-8274,-3959,-8775,-250,-8616,17265,18034,-1401,9346,11555,18034
2/13/2024,1147,3465,14215,1660,3250,12045,1904,4900,12045,252,5015,14215,1725,6265,1046,2325,4795,13358,3375,7476,17763,1155,20383,18181,3130,3707,4545,7464,19643,13695,1147,3465,12029,1660,3250,11804,1904,2983,11804,750,1340,8082,1725,6265,9586,2325,6269,15872,3375,7476,18570,7524,22843,32557,3130,6776,19982,7464,22103,31757,6925,13003,6925,13003,6925,13003,6925,13003,1324,-310,8550,8691,13496,18250,8547,12308,6535,5897,5410,17932
2/14/2024,-175,1692,3650,-930,761,3420,-965,-146,3420,-440,1062,3650,4058,2914,-540,1952,579,5454,1504,5970,3179,1315,4415,1752,1541,2838,3382,905,725,1752,-175,2135,5009,-930,1204,5009,-965,1204,5009,699,2860,2234,4058,926,-2738,1952,1582,852,1504,5970,-3552,1090,-3730,-18603,1454,5970,-3552,905,-4320,-18603,1385,3986,1477,3986,1477,3986,1060,3986,4579,5732,1758,1613,3456,1441,6452,12408,3630,3201,4426,10695
2/15/2024,500,-473,-4403,735,-578,-4403,670,137,-4403,265,-868,-4403,465,5517,-5070,-1750,-4525,-6066,-2905,-5985,-8997,-995,-5465,-7466,145,-90,523,-2008,-6264,-7466,500,-473,-2770,735,-578,-2770,670,-2218,-2770,90,-1153,-715,465,4652,-389,-1750,-3065,-14345,-2905,-5920,-19997,-2558,-17170,-55924,-2543,-5920,-19997,-2558,-17170,-55924,-2810,-7888,-2810,-7888,-2810,-7888,-2810,-7888,3690,-1190,-1989,-8935,-6975,-8975,-6065,-8210,-1943,1610,-5865,-8210
2/16/2024,2380,4237,7563,1475,3169,12270,645,2558,11815,1145,2791,7563,4775,5834,5927,4664,3029,4847,5180,7768,10809,1285,8731,23306,4180,3483,1917,5250,8660,24396,2380,2325,-1365,1475,575,-325,645,1005,816,2060,872,-3282,4775,6139,5397,4664,6313,9583,5180,9708,12468,6000,7543,23117,4770,8348,9678,5705,7233,23207,6720,13649,6400,13649,5860,13315,6720,13649,4989,5888,7222,3368,8807,9605,14361,8651,3890,3479,14440,21370
2/19/2024,3695,5215,5094,3695,5215,5094,3695,5215,5094,3695,6140,5094,4590,8190,9569,4970,7575,7610,6360,10755,10965,2050,6345,3145,3795,3575,2105,5395,11005,3145,3695,5215,5590,3695,5215,5590,3695,5215,5590,4830,5335,5590,4590,8190,9569,4970,8235,9795,6360,10755,14325,8535,13490,18145,5595,10755,14325,8535,13490,18145,-4005,-5040,-4005,-5040,-4005,-5040,-4005,-5040,1055,3608,2830,2605,3560,5270,1905,-140,-945,1935,3865,-140
2/20/2024,1400,5596,15166,1550,5770,9938,1768,5241,8391,1270,7479,15166,1050,1284,-2628,-665,-1830,-7756,1343,-1486,-5965,-925,-851,-4839,2015,1046,2402,-1889,-34,-4839,1400,5596,6144,1550,5770,6282,1768,4914,3081,1270,8185,13671,1050,1284,-4781,-665,491,-4331,1343,-1486,-7248,-1889,3293,-13827,1783,1453,-5934,-1889,2518,-13827,72,481,1821,486,1641,486,72,481,3174,-3652,-434,-7843,-6794,2085,-4654,-4604,3209,377,-3172,-1186
2/21/2024,1800,3015,9606,935,3080,9606,965,750,9606,1439,4400,9606,2435,9818,23517,4107,2747,27988,6584,16863,23280,1944,4726,-3095,3515,948,11535,5134,5552,-3095,1800,3015,7996,935,3080,7996,965,3080,7996,1439,2612,952,2435,9890,23967,4107,9575,18681,6584,14070,22176,5134,2545,10295,7558,13125,22176,5134,2395,9135,4176,13651,4176,13586,4171,13716,3676,13651,9180,12752,12873,28944,18824,36190,-1159,-364,-1895,9745,-5245,-741
2/22/2024,1590,3050,1352,2055,2684,1773,2855,2170,1717,1530,2230,1352,-5585,-6590,-7457,685,-585,-3928,930,355,-6986,2396,7945,3996,-265,-1265,-3855,6369,4437,3996,1590,3050,1766,2055,2684,1821,2855,2659,1761,600,1465,-354,-3735,-8636,-16073,685,-1566,-2479,930,534,-4422,6974,13022,32630,1316,3823,-495,6856,13022,32630,1933,-48,1677,752,1631,741,1933,-48,-6900,-8980,600,-956,-1305,-4289,10579,3743,-6600,-8995,14745,-1586
2/23/2024,275,-2094,1922,91,-1632,3922,1101,48,2262,1135,-511,1922,2241,3160,5590,1324,1108,4525,907,1316,1839,-820,-2411,-6264,286,2192,-1034,7404,2186,-6264,275,-2094,1074,91,-1632,3074,1101,16,1414,485,-1275,-951,2241,3160,7266,1324,-19,1816,907,1316,3907,8684,12041,45346,887,1316,3674,8589,12041,45346,866,2637,1636,2637,1636,2637,866,2637,5417,16912,295,7994,6441,12518,-3352,-5240,-2115,513,3640,-5240
2/26/2024,1532,-5063,-3848,1102,-4383,-3848,1117,-3028,-3848,1712,-4873,-3848,4654,3083,3445,2055,3207,1618,845,-610,-3619,2030,1976,11684,3086,-43,-3863,-2221,1398,11684,1532,-5063,-8608,1102,-4383,-8608,1117,-4383,-8608,1142,-1759,-7808,4654,4943,7740,2055,893,1181,845,-610,-3498,-4410,-16610,-37862,2792,-1523,-8038,-4825,-17545,-38472,-2368,-6650,-2368,-6650,-2368,-6650,-2368,-6650,4261,11453,259,7009,-945,5085,3145,13943,1434,7973,3017,13943
2/27/2024,925,2705,1274,791,3769,1274,724,2808,1274,510,2705,1274,1559,1744,3010,5355,6928,10422,2618,4001,11162,-20,-4518,-5210,2775,3325,4626,-619,-4518,-5210,925,2705,401,791,3769,401,724,3199,401,-1250,1592,3574,1559,1744,4182,5355,6986,10691,2618,4001,6836,-619,2583,741,2388,5538,9026,-619,2583,741,2468,3165,2468,3165,1973,3165,3345,3165,228,1610,2639,2820,7549,8187,-624,-6610,-363,2394,-4974,-7270
2/28/2024,4465,7418,518,5055,5931,518,4455,6109,518,3545,7627,518,3300,5339,14999,4836,8781,-1322,3586,13487,21590,3790,5985,-3567,4101,6148,1668,6640,8387,-3567,4465,7418,-41,5055,5931,-41,4455,6205,-41,5015,5780,-665,3300,5339,18214,4836,3627,-1068,3586,13487,18254,1800,8731,-4899,2935,14074,19709,1800,8539,-4899,-4345,-3376,-4345,-3376,-4498,-3376,-4345,-3376,11151,19758,6448,-4984,1589,-146,-5705,-4802,4197,7880,-2334,-4802
2/29/2024,510,3278,2059,535,3052,2059,362,1141,2059,425,1986,2059,-719,-598,-3545,807,2331,4344,-34,1487,-204,1935,6669,9740,278,1232,1426,2737,5220,10591,510,3278,6421,535,3052,6421,362,3092,6421,425,1460,164,-719,-420,-4134,807,2568,10166,-34,2896,4823,3315,10737,39110,-427,2261,4823,2737,9877,39110,4483,3504,4483,3504,4483,3504,4483,3504,-270,-4170,4830,4468,5392,2231,5858,15169,-656,10,2902,15644
3/1/2024,1845,1883,3429,1900,2112,3429,1621,1531,3164,2690,346,3429,-5500,-6400,-8180,-956,-2702,-7541,42,-949,-8746,5230,2032,13535,-867,-6310,-842,7155,5211,13535,1845,1883,3862,1900,2112,3862,1621,1616,3957,2275,500,-420,-4390,-7877,-20018,-956,-1455,-4465,42,-2316,-6574,7155,8401,30029,-2535,-2017,-5564,7155,8401,30029,475,3725,475,3725,529,3725,475,3725,-6245,-8590,494,-2629,-553,-5410,2875,11363,-6980,-552,6127,4945
3/4/2024,1000,4482,649,860,892,584,960,1857,439,920,1320,649,5074,9574,2592,4478,1998,-4773,6440,2009,-650,1400,1788,-4940,3476,1125,3599,6472,1379,-4940,1000,4482,-872,860,892,-937,960,1502,-1082,950,2493,-2493,5074,9574,-7293,4478,4491,-6313,6440,2009,-1625,8002,9511,37420,6034,2524,-4335,8002,9511,37420,-1975,5067,-1975,5067,-1975,5067,-275,5067,5269,7661,5150,2304,75,6531,5815,5893,2117,8569,5845,5893
3/5/2024,2305,5070,12682,2679,7630,15900,4414,6698,18281,1780,5675,12682,2555,5007,10758,4528,6917,26731,5633,13094,34161,4575,11970,7638,2248,7020,-2809,7025,6024,-3724,2305,5070,13265,2679,7630,16292,4414,10571,18966,1960,1465,5802,2555,6294,19091,4528,9315,31639,5633,13449,41611,9333,14699,70218,4793,11523,38397,7902,14304,68875,3767,9669,5607,8888,5493,10139,6446,6928,10484,12654,12493,22318,21951,34487,8511,2716,6260,-1604,2730,6726
3/6/2024,2165,1065,2827,3155,2574,5858,4587,9755,6775,1465,-648,1692,2685,2610,-1164,1385,-160,-6253,2265,2140,5598,1610,4765,-3098,3084,-1196,2544,3675,3679,-3098,2165,1065,2151,3155,2574,5858,4587,9643,6775,1185,465,1823,2685,3052,5867,1385,1323,-14930,2265,2140,1920,3130,-5755,-32076,1950,1589,1215,3130,-6460,-32876,1630,5654,4864,9340,6682,12341,295,6910,2563,7698,-4403,-8856,735,-1938,314,-4301,495,8039,319,-4578
3/7/2024,2370,9629,10120,3163,9285,10120,3812,10790,10120,1835,8154,10680,-1953,-3750,-6805,744,7504,2730,1686,6723,1263,1053,16272,4457,-800,-1244,-1311,4415,20093,-1373,2370,9629,14117,3163,9285,14117,3812,9285,14117,2326,10202,22482,-1208,52,-4571,744,4272,2730,1686,6723,104,4415,24696,21004,1173,7954,2130,4415,24696,21004,6581,9816,6581,9816,6581,9816,5781,13371,-5019,-7134,-3290,-3634,-3363,-5310,4706,1316,-6890,-7775,18855,-4282
3/8/2024,1390,860,-5118,1103,1370,-5218,175,1407,-6304,1590,2707,-5118,1415,2778,-2712,1845,565,-8657,2170,-985,-7502,-985,-6755,-7182,-1510,4543,2141,3480,11644,-7182,1390,860,-1859,1103,1370,-1959,175,-900,-2184,1590,495,-2884,1415,1707,-386,1845,3565,2278,2170,2175,-3365,4360,5247,12448,2770,1735,-1175,4335,4357,10863,640,1050,354,598,-990,-1520,640,1050,1718,-7664,320,1969,-4425,-8960,-6995,-8540,-6140,822,-6990,-8956
3/11/2024,3735,-565,-6680,3535,-1535,-4787,4535,6740,-5704,3832,1149,-6680,4522,10861,12726,2405,6052,1637,4314,3465,3726,5040,-4880,-7235,2769,2165,1432,1225,4389,-8215,3735,-565,-12188,3535,-1535,-10188,4535,115,-11688,2585,1843,-8939,4522,10861,15434,2405,8746,2487,4314,3465,10345,1625,-1050,-42384,5364,2474,8353,1625,-1050,-42384,-4675,-6487,-4325,-6867,-4360,-6958,-4675,-6487,8573,12177,1171,1202,-3080,1006,-6635,-6508,-1142,-50,-5470,-6236
3/12/2024,2089,4360,3878,1205,3042,3242,1049,2116,5407,2119,4808,3878,-88,-5375,-2963,1025,-739,-1606,13,-1784,-7763,885,6869,5050,278,3232,-684,3614,3542,4985,2089,4360,7021,1205,3042,3181,1049,2825,6781,635,4792,6890,-88,-5375,-6659,1025,2042,4341,163,1314,4810,3626,16623,42801,497,2333,3667,3626,16393,42281,4041,9044,3837,9044,3835,8413,4041,9044,-3412,-7272,3124,2154,704,-7337,8747,9265,-1520,4313,6662,17754
3/13/2024,2510,673,5523,2480,1145,4931,3429,2314,6516,2395,256,5523,9294,17284,17986,5230,11292,24039,9930,14688,25681,5855,12590,8543,6120,6832,6623,8460,11235,8543,2510,673,312,2480,1145,-2345,3429,1415,-760,2154,1579,1783,9294,17514,25784,5230,14676,24800,9930,14795,28153,8460,3649,27529,9580,13995,28153,8460,3649,27529,1332,5187,1332,5187,70,5187,2335,5187,19159,28419,17460,23786,17015,15121,14538,-479,8613,4255,19545,-479
3/14/2024,3830,7000,18370,4260,9090,19100,5090,8821,20414,1615,8620,20280,1145,-446,3821,5510,10472,27245,3610,19069,41268,-180,22082,11447,1780,8258,-5058,19704,13451,13732,3830,7000,18386,4260,9090,20175,5090,9680,20298,2155,6556,16515,1145,5097,17915,5510,12999,30549,3610,19337,48914,20809,32915,80972,3859,20392,41991,20569,32270,83257,2990,14663,2855,14461,3331,16020,3005,14623,5680,10723,14595,35000,26017,41557,3590,-196,1965,-8650,3967,-2491
3/15/2024,2955,2113,-1958,2763,2235,-2465,2038,3101,-123,2720,-130,-4789,8637,13523,16816,7888,14126,23982,10704,13304,30662,5324,10363,477,4970,1491,1127,10140,12300,7308,2955,2113,-2620,2763,2235,-2968,2038,2010,-2148,1735,1532,-3094,8637,13523,27012,7888,14963,24267,10704,13304,33143,10140,16289,31587,10586,11904,30738,10140,16289,31407,3789,-1136,3789,-1136,3789,-1136,3378,-1136,15111,16824,14997,20349,23152,27966,-865,-7047,8912,11218,4628,9262
3/18/2024,1585,1840,-1757,1805,1720,-950,1696,225,-1085,895,2957,-1757,481,-1616,-4016,-1520,-3745,-8430,-1490,-4909,-8633,2105,-4185,-5400,-815,316,-5016,-2660,-1780,-277,1585,1840,-1757,1805,1720,-950,1696,2320,-1085,980,2120,-3182,481,-1616,-8772,-1520,-4505,-14150,-1490,-3726,-15731,810,-3440,-10125,-1490,-3726,-15731,810,-4240,-10125,-1460,256,-1460,256,-1460,256,-1460,256,-1823,-5391,-6575,-7422,-6980,-6997,-6805,-3942,-355,-8290,-2160,-4817
3/19/2024,-315,525,-4320,-365,695,-2288,-350,-830,-2306,-580,300,-5188,-220,-6065,-9000,345,-4083,-8995,1965,-4175,-9000,-590,-964,7985,710,712,-7065,15,-33,7985,-315,525,-2141,-365,695,-1997,-350,805,-1772,-105,-1570,-4541,510,-2150,-8505,345,945,-6130,1965,2525,-3615,215,4489,17964,1265,2525,-4325,215,4489,17964,1362,775,1537,1032,689,1102,1362,775,-5890,-8950,-3868,-8355,-1005,-8980,-6955,-8380,-65,-8955,-6950,-8755
3/20/2024,1535,1255,3375,730,1030,3260,730,655,3260,1955,2855,2790,-300,-850,-8072,-1904,-1883,-7865,-3092,-6246,-7768,-885,-6091,3237,-971,1305,-3199,-2247,5671,3031,1535,1255,4375,730,1030,4260,730,1030,4260,1015,3695,3320,-300,-850,-9585,-1904,-7879,-1039,-3092,-5334,-3886,-2247,-295,-18276,-3661,-5334,-3921,-2247,-580,-19501,-75,3375,-75,3260,-75,3260,140,3570,345,-6075,-6815,-8845,-6790,-8968,-7000,-9000,-2350,-8975,-4479,-9000
3/21/2024,1330,1306,315,1136,966,315,1136,-666,425,1618,2812,817,584,-4163,-8679,551,-1485,-8700,409,-2566,-8999,3458,-1015,-3902,-397,-499,-6078,695,-2645,-4578,1330,1548,1647,1136,1208,1912,1136,1503,1892,1618,216,-2099,584,-3935,-14963,551,-1030,-15973,409,-2550,-19468,2092,-721,-12832,-587,-2550,-19468,2022,-1036,-12997,528,362,408,362,318,362,-524,757,-5965,-8502,-5374,-8856,-2674,-8999,-6980,-8394,766,1776,-7000,1685
3/22/2024,-13,-35,-2376,-515,-35,-2376,300,-1500,-2376,807,-1195,-2542,276,1463,1756,451,-1120,2617,976,-373,1659,-117,-2900,-6671,125,-805,-3302,-3930,-1720,-6671,-13,-35,-2156,-515,-35,-2156,300,-35,-2156,807,-1631,-3602,276,1480,8202,451,-1024,3269,976,-373,2395,-3930,-10687,6596,875,-858,2395,-3930,-10687,6596,-1640,-3031,-1640,-3031,-1640,-3031,-1640,-3031,6095,8874,1619,7872,-325,7629,-3822,-7280,2753,-7750,-6950,-7280
3/25/2024,3777,1342,-2181,3367,1342,-2181,3367,2515,-2181,3777,2009,-2181,3316,2275,546,4227,1103,-784,4497,821,2146,626,-4424,-5382,2758,3358,624,3175,-4193,-5382,3777,1667,-4807,3367,1667,-4807,3367,1667,-4807,2771,3156,227,3786,4668,12878,4227,3354,-1989,4497,821,-3736,2306,-11362,-60301,3760,-2307,-3736,2306,-11362,-60301,3852,104,3852,104,3852,104,3852,104,3433,3528,1583,-341,551,-1328,-6892,-6457,3065,589,-5922,-8092
3/26/2024,665,-632,-2949,-269,-792,-2704,-409,-4647,-1794,-770,-800,-2949,-1170,-3911,-8682,750,-789,1156,1420,4346,-23,5697,13939,21540,-1208,-765,-5514,9032,13939,20750,665,-632,-2650,-269,-792,-2405,-409,-387,-1495,1155,-4340,-10060,-1170,-3708,-11147,750,1850,3690,1420,4346,3177,10657,24145,60728,1420,3085,2192,10387,24145,59938,-75,-8735,-775,-8735,-575,-8735,-75,-8735,-6165,-8945,5171,2329,5281,3818,15299,19494,-6525,-8510,9831,18364
3/27/2024,1960,872,-671,2566,-696,-3721,1669,244,-3721,290,771,687,3390,5266,-1228,4578,4677,-3835,3358,8341,159,755,3260,1675,2355,2467,8724,3240,9428,5564,1960,872,-671,2566,-696,-3721,1669,-2015,-3721,-220,191,-2403,3390,4402,2395,4578,6992,-7038,3358,6100,-7486,5955,-489,-56456,2288,5875,604,4280,-489,-43544,330,3088,-1310,153,-1145,153,-1170,195,2685,957,1300,-1807,3868,-64,-2370,2722,1113,5691,-2325,4603
3/28/2024,-2475,-4959,-6610,-2480,-4959,-6610,-2480,-4599,-6610,-2730,-3334,-6610,2314,1218,2378,445,11999,-202,-616,2080,-2025,1890,-1125,-8501,3178,5203,-952,12965,1404,-8501,-2475,-4850,-6610,-2480,-4850,-6610,-2480,-4850,-6610,-495,-3545,-7630,2403,4558,9769,445,1280,1026,-616,2001,-1642,15115,-3795,-25050,8419,3126,1038,15115,-3795,-25050,-625,-8155,-625,-8155,-625,-8155,-1125,-8155,1386,-2734,230,-5395,-732,-6310,-5060,-6436,3955,-3781,-3740,-6385
4/1/2024,-1960,-1173,-3308,-1380,-1933,-4708,-825,-680,-4323,-2085,-523,-3308,1504,8112,-2480,-1065,1191,-3007,1904,-51,2730,1070,-3005,-3754,3428,1248,543,-914,1980,-3754,-1960,-1173,-2457,-1380,-1933,-4094,-825,-1144,-3895,145,163,-1328,1504,8382,2377,-1065,-2266,-6851,1904,-277,-5919,-914,-10875,-36886,1774,-726,-7128,-914,-10875,-36886,-1758,-3631,-1788,-3746,-1788,-4433,-1758,-3631,453,55,-3127,-6146,-6465,-7146,-3725,-729,3310,5475,-2643,-2565
4/2/2024,-2870,-3874,-5985,-2895,-3874,-5985,-2860,-6670,-5985,-133,-4269,-5985,-3944,-6446,-5103,-5070,-5965,-3751,-5309,-6451,-4915,290,-1010,34,-1514,-6360,-1318,-3370,-1130,34,-2870,-3670,-5985,-2895,-3670,-5985,-2860,-3670,-5985,-428,-2798,-6388,-3944,-7546,-14482,-5070,-7151,-16206,-5309,-6936,-11116,-3370,-15835,-16642,-5659,-8751,-11116,-3370,-15835,-16642,-2810,-4740,-2810,-4740,-2810,-4740,-1315,-4740,-4548,-8313,-5260,-5425,-5309,-6866,-6925,-1719,-6180,-928,-6940,-3726
4/3/2024,-905,-1197,9881,1170,-217,9881,-529,-497,9459,-1080,556,9881,-2650,-4452,-6039,-3665,-2284,-3700,-3643,-3942,-879,-775,-3579,-5331,-2377,1283,-190,-2855,-4629,-7433,-905,-1197,2137,1170,-217,2137,-529,-1642,1385,-1520,-1677,-443,-2650,-5953,-12853,-3665,-7583,-14871,-5709,-9669,-20222,-9620,-29480,-68991,-6474,-10859,-18057,-9680,-29670,-69791,4941,12618,5016,12618,157,6113,4941,12618,-5981,-5708,-6339,-1762,-3560,-3486,-3903,-8198,-155,2156,-5878,-8743
4/4/2024,2485,4542,7189,3005,4307,7374,3045,4791,8489,2615,6312,9382,4078,2803,-4281,3823,2844,-1813,765,1232,-2273,6460,-6898,-8827,648,835,-1030,3984,5619,-8827,2485,4542,5275,3005,4307,5460,3045,4182,6695,3555,6264,6377,4078,2803,-5094,3823,6077,-9595,765,-1449,-14385,4069,2734,-31415,459,-2094,-15830,3984,1219,-37575,5535,12350,5520,12110,5270,11880,6690,14465,2306,-4018,4369,-8559,-11,-7511,-6968,-8916,-65,2450,-6881,-8916
4/5/2024,2206,1286,-4227,126,-500,-4227,260,886,-4337,1471,1911,-4227,370,493,148,70,1428,-490,-328,1885,-3049,100,-3600,-5001,1646,-340,5788,-1515,6310,-5001,2206,1286,-2634,126,-500,-2634,260,-470,-4523,130,-1330,-8413,370,2279,3939,70,172,-54,-328,1885,-2314,-1515,-8432,-30752,156,664,-3019,-1515,-8432,-30752,-2280,-2946,-2280,-2946,-2399,-3056,-2280,-2946,3180,9977,1160,6391,1190,11453,-4083,-6929,3302,5016,-3373,-7610
4/8/2024,-670,-2205,-5301,367,-2155,-5301,15,2739,-5301,-835,1109,-5301,5013,4510,8420,3150,4190,5056,2093,3344,1767,-265,-3275,-2244,3118,3423,2283,-1195,7726,-2244,-670,-2205,-6923,367,-2155,-6923,15,-1700,-6923,-460,3375,-4763,5013,4510,8174,3150,2844,4717,2093,3344,2655,-851,6129,-845,2590,-1134,-1315,-921,6129,-845,-5980,-6592,-5980,-6592,-5980,-6592,-6030,-6592,2835,8912,1257,3680,-1525,5247,-6491,-7874,5033,1334,-6746,-6853
4/9/2024,1835,7388,-3313,2562,5362,-4051,1658,3212,-221,1915,8456,-3313,2145,11754,308,2695,3069,-132,3793,1505,-2238,-990,-3775,1671,-36,255,-1090,-2305,-1905,1671,1835,7388,-2394,2562,5362,-4520,1658,3944,-9714,1430,1420,-6872,2145,8299,6929,2695,7392,631,3793,6937,2231,5980,13454,-38386,3123,7372,1246,5880,13454,-38386,4965,-1458,7478,-1058,6915,-448,4965,-1458,3328,4417,1500,-4960,-512,-4975,-6100,-5425,-175,-3553,-6100,-5595
4/10/2024,2778,4312,5111,1945,3889,4456,2568,4300,4456,1260,2705,5111,7638,12417,14337,7193,7959,12012,9394,7665,11429,1237,9823,863,9557,3805,7588,3430,9650,-1213,2778,4312,8578,1945,3889,7923,2568,1347,7923,526,1846,7694,7638,12417,16148,7193,9120,10465,9394,7665,8866,4863,11640,-25477,9394,7484,10314,4863,11640,-25477,290,5981,815,5981,790,5981,290,5981,7127,4295,8054,4206,8074,4341,-2574,6317,1272,5781,-3210,6317
4/11/2024,870,380,758,825,-735,725,489,-780,680,5,-285,758,-3315,-6775,-8768,613,667,632,403,2366,-2490,3725,14421,19110,450,-890,-3945,7253,11432,15065,870,380,3348,825,-735,3588,489,-730,3543,30,-800,3127,-2835,-6890,-15878,613,952,1526,403,2366,-438,7253,15245,39319,333,1836,-1438,7253,15245,39764,730,651,780,651,558,606,596,651,-6385,-8735,5675,1224,3886,286,17373,21857,-6280,-7645,19968,24607
4/12/2024,-80,-3035,-7280,-1190,-3526,-7340,-1180,-3617,-7230,-20,-857,-7280,580,3930,-2680,4696,7815,5334,4015,5215,2734,1262,15684,-768,1300,816,-7070,11422,13553,1649,-80,-3035,-8862,-1190,-4290,-7917,-1180,-4720,-7807,-650,-3075,-12490,580,4405,-2956,4696,9747,3102,4015,5420,2596,10566,23561,-2289,3768,4310,4337,11422,23561,-2289,-3375,-747,-3120,-747,-3120,-747,-3375,-747,3027,-2786,-411,-417,9484,2873,968,-7566,3486,-7047,-1975,-1569
4/15/2024,1685,3912,5154,2096,2512,4330,2029,1909,4936,1055,2897,5154,-2605,-6937,-7478,1515,405,-8057,-162,-2273,-7431,-560,13188,13212,-115,1344,-7145,11330,21042,11619,1685,3912,4733,2096,2512,4385,2029,3528,4936,1055,1932,4121,-2605,-6880,-20670,1515,630,-4392,-162,-1742,-7584,12125,21444,58234,1070,-4195,-12910,11885,22619,55109,3805,7064,3805,7064,2423,7064,1355,7454,-6040,-7950,1260,-1417,424,-6464,30736,18769,-6275,-8595,16658,28319
4/16/2024,4000,3060,5956,4050,3075,5956,4064,5504,5956,3520,4023,5956,4379,7339,25736,4033,6798,24711,5859,10193,27251,3878,7952,4542,3649,3861,6314,6661,5982,18738,4000,3060,6345,4050,3075,6345,4064,3061,6345,2785,4948,10987,4379,7339,29133,4033,7333,24957,5859,10193,31659,6661,14090,17806,5091,8355,29354,6661,14090,17806,4355,8872,4355,8872,4355,8872,4355,8872,11104,31043,10105,25090,10397,21299,1363,-4878,3386,6330,6526,-4999
4/17/2024,3525,7580,10181,4302,7027,11524,5244,8772,12327,2654,6830,13222,-35,-6968,-8964,2699,5205,7123,4975,17244,16243,10464,26569,10093,3440,4028,-339,11867,22655,10093,3525,7580,10181,4302,7027,11524,5244,6591,12766,2654,6830,12262,300,6130,5776,2699,4724,7817,4975,17244,23899,12167,26569,29369,5945,12274,22274,11867,26024,28527,5674,12988,5595,12364,5688,12339,6472,12749,-5830,-8932,4740,12561,12784,28014,8397,24825,4706,-312,11994,29529
4/18/2024,2285,4500,2066,2760,4500,1929,2905,4175,1956,1075,5325,2066,2928,7068,-3343,3445,4045,-618,4519,9712,7090,4605,13585,17983,3963,4967,4021,5825,15072,17420,2285,4500,340,2760,4500,195,2905,5041,230,2175,4347,3788,2928,7068,-3892,3445,6736,1321,4519,9766,7890,5838,16316,33416,3384,8256,5740,5825,16316,33416,3718,4857,3783,4857,4463,5456,2728,4857,6902,-2361,3915,25,10935,13228,4073,22603,6337,5226,17934,46553
4/19/2024,2385,3446,-3758,1775,2828,-3698,1631,1291,-3113,1996,2560,-1605,-745,-6990,-7615,2100,2545,6735,2965,7468,-7904,580,19405,28231,1350,-829,-8995,13370,17403,24845,2385,3446,-3544,1775,2828,-3144,1631,1087,-2559,1996,4360,-3630,-745,-5595,-8371,2100,5951,8195,2965,7355,5335,13390,26159,49085,3330,7219,6642,13370,25164,48745,2939,6164,2939,6164,2444,6164,1479,1795,-6285,-8680,5775,11602,3072,8952,22244,56897,-5705,-8675,14986,43876
4/22/2024,435,1321,711,1235,1206,787,1090,-693,863,985,1201,-1147,1719,4098,7194,660,-3833,-693,1360,-682,-4287,-945,-5799,-3388,2300,4382,1249,-4495,-6992,-7958,435,1321,2276,1235,1206,2293,1090,1136,2227,545,905,-3174,1719,4098,4248,660,-2037,-2675,1360,-682,-10633,-3210,-19260,-49562,2130,-305,-12631,-3210,-19440,-50412,-560,1516,-510,1401,-630,1401,-895,1516,5491,3590,-1704,-2195,-1659,-3997,-7000,-8761,4670,-3702,-6995,-8711
4/23/2024,2410,6269,9956,2453,6139,10906,3723,5588,12149,2329,4136,9956,5751,3842,-7055,5593,7095,473,9043,8936,14253,2865,6371,-6006,965,-781,-7055,12103,11001,-1730,2410,6269,10077,2453,6139,10818,3723,4651,12173,2638,4886,8535,6051,7629,2265,5593,7706,-1009,9043,9291,14743,12103,24751,38399,7428,7739,12244,12103,24751,38399,3107,3596,4032,3409,4810,5919,3107,3596,-4365,-5626,3332,-6404,-822,2150,-1930,-5201,1633,-7245,1218,-896
4/24/2024,765,1147,-4406,-725,2282,-2333,240,1075,-4904,55,1883,-4406,662,714,-870,897,126,-3096,-1428,-1016,-7165,-555,-6506,-6570,53,243,-6320,-3655,-4383,-6570,765,1147,-5163,-725,2282,-4644,240,1966,-4489,575,887,-5643,662,3538,7612,897,-2206,-8442,-1428,-2230,-7989,-5355,-16302,-44697,-970,-2395,-9039,-5370,-16477,-44697,-1552,-572,-540,-572,323,-1938,-1552,-572,4122,1045,-1042,-3364,-2082,-5540,-5540,-5480,2315,-5432,-6530,-6610
4/25/2024,2040,80,357,1185,-10,1197,1090,-30,1197,440,-520,357,-605,-5572,-7489,690,-170,6711,-917,574,-3637,-1000,-2611,486,-2535,-1629,-1968,880,-4283,307,2040,80,1412,1185,-10,2252,1090,926,2252,1445,414,591,-605,-4388,-4593,690,-1087,7151,-917,-2242,3073,880,2585,-435,-1255,-1077,-110,880,2585,-1385,-190,-1773,-269,-933,632,-1073,-190,-2933,-2733,-8660,3865,2677,2250,-8348,-6460,-8787,-4418,-934,-6285,-6991
4/26/2024,3200,2129,522,3465,765,522,2987,4425,1320,4655,1626,522,3519,4137,6919,4103,3971,3938,5063,14132,7684,592,1768,-8764,4158,1116,5634,1273,5725,-8764,3200,2129,26,3465,765,26,2987,2396,769,4530,187,1656,3519,5448,15640,4103,7658,5732,5063,14132,10389,1273,5155,-15318,3854,16485,12779,1273,5155,-15318,-3992,-1203,-3992,-1203,-2932,-1203,-3992,-1203,5474,9084,2115,5213,10949,6782,-4348,-7418,2040,9988,4874,-8548
4/29/2024,7605,10255,15723,7678,10390,15289,8663,11039,15531,6748,11858,15723,4003,14982,31472,5800,14171,25495,7715,21761,33718,7145,6231,8277,4795,3773,7907,6317,11017,8277,7605,10255,15939,7678,10390,15505,8663,9899,15747,4005,12175,12733,4003,14982,33815,5800,17589,35007,7715,22229,44761,6317,18436,45039,7810,20061,44761,6317,19471,45039,9594,8521,9594,8521,9774,8521,10539,8521,11311,27674,11670,20566,14495,25073,2234,1201,8773,11827,1373,1564
4/30/2024,1445,1565,-4015,1400,1555,-4010,1518,-1021,-3384,1445,3352,-4015,-1525,-2551,-1802,1382,10250,8487,2236,12920,10752,6255,20329,33175,1296,2684,3010,12109,18705,33175,1445,1565,-1000,1400,1555,-995,1518,1980,-1185,705,-470,-5705,-1525,-3605,609,1382,1913,9072,2236,12920,8803,12854,26951,56998,2496,12920,7203,12669,26741,56028,420,-1626,420,-1626,420,-1626,420,-1626,-4722,-6272,3445,3530,3309,3750,28326,40104,2511,4205,15577,36751
5/1/2024,2775,6304,15593,4252,5654,15063,4691,5829,16035,1700,4204,14466,7061,11453,19797,6970,12095,26860,8550,16753,24586,3041,10624,11714,6968,5410,5439,3336,5977,11424,2775,6304,15036,4252,5654,14506,4691,5737,15782,1320,2499,15732,7061,14511,38916,6970,13725,29300,8550,16753,38574,3336,8499,55432,8060,16753,38574,3336,7649,52582,4590,11315,4145,10885,4040,11903,4590,11315,10182,17952,7310,24743,11375,21552,3409,16802,4740,8568,3256,16136
5/2/2024,1195,3096,7337,947,1395,6568,-380,665,5500,1760,2055,7337,1823,4192,1854,-135,3876,-5634,254,278,-8191,-987,-5872,-7720,1531,2123,1088,-1815,-6565,-7720,1195,3096,7688,947,1395,6855,-380,925,4297,1760,3215,1336,1823,4192,5147,-135,1495,673,254,494,2508,-1415,-1746,-22078,346,-222,3317,-1415,-1866,-22078,1949,5506,384,524,426,524,1979,5506,2978,3199,1130,-6141,-4476,-6555,-6910,-8840,73,5009,-6925,-8985
5/3/2024,2855,2976,310,2566,3624,760,3976,6533,760,2710,3096,310,4747,6438,9688,6564,7982,11373,6558,10527,12316,3685,2988,-6292,2747,379,7826,8251,8382,-4786,2855,3049,2316,2566,3931,2072,3976,3647,2072,2261,5051,628,4747,6438,11083,6564,6447,15865,6558,11689,13397,8595,9525,-13882,5133,9914,11405,8595,9525,-13882,-1735,-4360,-1231,-4886,270,-4886,-1735,-4360,8391,17823,7743,13393,13875,8665,7279,-3336,7871,9489,5452,13123
5/6/2024,-587,1098,2720,-762,1103,2720,-948,-2669,2720,-482,1195,2720,-5770,-6759,-7996,-2818,-3414,-5036,-1673,-4181,-8912,1223,12229,17307,-2725,-1356,333,3304,9535,17307,-587,1094,8687,-762,1099,8687,-948,1013,8687,-490,-2616,-1768,-7435,-14880,-27586,-2818,-2509,-3519,-5201,-5051,-14050,4037,20539,51509,-6370,-5278,-14050,4037,20539,51509,3320,4730,2727,4730,2727,4730,2320,4730,-7000,-7830,586,-416,1267,-1727,11509,18540,-6985,-890,9172,18540
5/7/2024,810,1185,-7989,2335,-890,-7989,610,3660,-7989,-670,4105,-7989,-1265,2228,-5388,-1613,2023,-4283,-1183,369,-5754,-455,-2874,-4592,1173,4263,3529,-3900,489,-4592,810,1185,-10345,2335,-890,-10345,610,-890,-10345,920,3140,-6996,-1265,2228,-2178,-1613,-1869,-9273,-1183,369,-12193,-9240,-20222,-36461,-824,1434,-12193,-9240,-20222,-36461,-4720,-8785,-4720,-8785,-4720,-8785,-4720,-8785,-785,-7717,-4694,-5879,-5393,-7907,-6089,-7668,2308,2341,-6047,-5133
5/8/2024,210,398,-75,1248,-404,1368,567,2666,803,195,25,-75,1812,379,1091,1296,-935,5269,2058,3535,1091,1920,-5420,-6969,-951,-887,-1921,1910,-4065,-6969,210,398,1102,1248,-404,1092,567,-546,934,1095,2221,7643,1812,741,9673,1296,369,10130,2058,3535,13506,2654,-1266,2062,1850,4595,13506,2654,-1266,2062,560,-1700,-955,-1872,50,-2144,560,-1700,5375,4475,68,-2035,3104,2420,-3765,-6665,1826,2748,-4860,-6665
5/9/2024,4083,1965,1224,2645,2210,1224,2900,6010,1224,4523,3160,-3397,3773,7746,17905,3854,8614,10942,3362,9470,14012,6022,-1602,-4188,2983,3370,1800,3427,488,-4188,4083,695,-1013,2645,940,-1013,2900,940,-1013,3223,5955,-4015,3773,7746,17290,3854,4475,12837,3362,9714,17271,4454,-6280,-15070,3898,10206,17271,4454,-6280,-15070,-3955,-7225,-3955,-7225,-3955,-7225,-3955,-7225,7715,9445,1559,1317,2544,1770,-1906,-4688,2794,351,-1851,-4688
5/10/2024,-3110,-5775,-5107,-3110,-5870,-5637,-3045,-5981,-5637,-3050,-4334,-5107,290,916,4574,1803,-204,-2877,-1496,-1983,-4711,746,-392,-6594,2496,-854,-722,-2629,-1874,-6594,-3110,-5775,-4690,-3110,-5870,-6905,-3045,-5020,-6905,-1620,-3161,-6425,290,916,7332,1803,-82,-4459,-2035,-1854,-4642,-7283,-18824,-53408,-250,-1031,-3655,-7283,-18824,-53408,-2640,-6352,-2640,-6352,-2640,-6352,-2640,-6352,-750,2272,-3289,-3486,-3716,-4468,-4375,-7410,-425,3841,-5634,-6300
5/13/2024,-655,-2318,1138,1325,-3185,1138,700,-46,1138,-1715,-1200,1138,4076,11939,12129,4121,9574,8494,5561,11820,14507,5722,9429,13912,2779,631,4151,10179,8250,13912,-655,-2175,514,1325,-3185,514,700,-3185,514,-2070,-2105,7174,4076,11939,12610,4121,7261,14157,5561,12823,21259,11079,24048,56012,6537,12878,21259,10789,24103,56012,-2266,-6203,-2266,-6203,-2266,-6203,-1406,-6203,9437,5383,6717,1209,4915,5084,7366,-62,14597,1549,9913,703
5/14/2024,-75,2235,4021,-10,2335,4021,45,135,4021,480,1450,4021,-946,-2057,-7839,-1196,-2120,-8009,-275,395,-5830,605,12548,16226,-2160,-2733,-4805,4440,11208,10505,-75,2235,5344,-10,2335,5344,45,2435,5344,-610,1500,-336,-946,-1713,-7042,-1196,-1690,-3511,-275,794,177,4440,18564,34177,559,568,-1222,4440,18564,34177,3620,6170,3715,6170,3620,6170,3860,6170,-4683,-7815,-664,-3109,2107,740,14853,23576,-2243,-7615,11484,23866
5/15/2024,1674,4127,6372,1509,4305,6372,1659,2654,6758,2489,3607,6372,-1745,-6210,-8225,4350,-1055,-1555,3047,4046,1820,4650,20150,27040,-1679,-6710,-7234,8214,17363,27040,1674,4127,10523,1509,4305,10523,1659,4093,10366,1999,2247,2389,-255,-7810,-17860,4350,1024,999,3047,4046,2867,8653,24004,58959,1880,3563,2867,8653,24004,58959,4771,4763,4716,4763,4721,4763,4851,4763,-6770,-8155,3649,1522,5558,4783,25332,28073,-6945,-8161,22156,28073
5/16/2024,-175,-3450,-5275,689,-4935,-5275,-151,-523,-5275,-755,-1049,-6270,-1130,-6693,-8986,-1326,-6230,-6787,-2926,-6428,-7403,-995,-841,58,-570,-2115,-1411,-4475,2216,58,-175,-3496,-8946,689,-4182,-8946,-151,-4182,-8946,-455,-1101,-8646,-1130,-7713,-14926,-1326,-5873,-10384,-2926,-8713,-18129,-3840,-8046,-12226,-2225,-9243,-19269,-3905,-8046,-12226,-5116,-8596,-5116,-8596,-5116,-8596,-4765,-8596,-6965,-8719,-6030,-8888,-6680,-8948,-3445,-4024,-1840,-3130,-4575,-2348
5/17/2024,780,515,7573,574,1868,8398,1245,1815,9213,370,1473,7573,-1100,-4565,-2349,4260,2974,12570,3524,2926,15231,6145,12706,3903,275,542,1754,9914,12706,3903,780,515,8702,574,1868,9527,1245,3255,10612,1410,387,5130,-1100,-3943,-6069,4260,2805,13317,3524,2926,28064,10771,26644,99107,3524,2926,23339,10711,26644,99107,7589,11313,7589,11313,7589,11313,7589,11313,-3737,-6125,8515,28000,13947,29542,7160,1819,1329,7388,10770,-831
5/20/2024,3978,8435,-3374,4954,8435,-3374,5764,5736,-3374,3978,6389,-3374,5200,14401,13299,5271,17845,6825,7447,21473,11920,-290,14838,-6870,3243,2865,1607,1685,19072,-6870,3978,7252,-2262,4954,7252,-2262,5764,7547,-2262,2340,6114,8555,5200,14401,13779,5271,14885,9745,7447,21898,13595,3726,37103,-12643,7349,22358,13595,3726,37103,-12643,3080,-6753,3080,-6753,1945,-6753,3080,-6753,5319,1671,7943,-743,3000,-1145,2457,-7317,7695,-1463,2713,-7317
5/21/2024,-1435,-104,-70,-1243,-154,-70,-1460,-2127,-70,-1680,-754,-70,-5450,-6995,-8516,-2950,-2575,-853,-3737,-4227,-2777,715,967,3662,-2300,-6980,-1857,-1136,1251,3662,-1435,-104,2470,-1243,-154,2470,-1460,-154,2470,-425,-1177,-2626,-5450,-11175,-17518,-2950,-3330,-1993,-3737,-4227,-8300,-1136,5858,43506,-3732,-4932,-8300,-1136,5858,43506,1379,7218,1379,7218,1379,7218,1379,7218,-6625,-8820,-369,2527,-1145,-770,2177,2154,-6900,-989,-98,2154
5/22/2024,-345,-440,-1366,450,-490,-3641,-300,-1160,-2876,-595,585,-1366,-705,-4929,-9000,-2815,-3930,-8385,-3450,-6000,-8485,-695,-6990,-5730,-600,1679,-8940,-6000,-3560,-5730,-345,-440,-2175,450,-490,-4925,-300,-2020,-4040,-380,1505,-5013,-705,-5119,-12103,-2815,-8780,-28085,-3450,-10525,-29345,-8425,-32815,-87160,-3670,-11295,-29345,-8625,-32815,-87685,-1125,6823,-1120,7547,-2705,5283,-1125,6823,-5215,-4980,-6970,-8500,-7000,-4985,-6920,-7485,328,-8745,-6870,-7485
5/23/2024,1280,-650,-285,1800,430,981,170,1110,-808,1704,666,-285,1542,3795,-2695,3588,3839,4871,3546,7198,7405,885,12330,9196,2559,7385,2600,1615,9598,11622,1280,-650,587,1800,430,963,170,1850,-207,1704,-286,-604,1542,3795,380,3588,5056,6943,3546,7637,7771,1531,14194,22659,3352,7242,4556,1615,13924,22014,2440,7911,2440,7911,2685,8911,2440,7611,2126,314,6515,8605,8595,10926,13493,9218,5452,2984,7764,11625
5/24/2024,665,4945,2473,882,5482,2570,1387,4462,1992,1015,4372,4488,266,-564,1413,-2603,-891,-4584,-2048,-2548,-7526,1915,-5971,-7537,519,1539,5456,2165,-3979,-7537,665,4945,3991,882,5482,3988,1387,5312,4076,1015,6387,8681,266,-564,242,-2603,-6365,-15461,-2048,-6027,-13874,2333,-21960,-50101,-1586,-5702,-17909,2223,-21960,-50101,8080,1383,8301,1383,8268,1311,11730,6254,-1059,1352,-284,-5723,-4837,-6945,-5809,-7618,-949,3075,-6134,-6385
5/27/2024,2725,4883,5692,2720,4883,5692,2748,1701,5692,3050,4968,5692,830,760,-3650,1832,3182,7320,3767,9571,7405,2195,8376,7801,1215,955,3835,7985,12438,7801,2725,4896,9586,2720,4896,9586,2748,4896,9586,2235,2459,4513,830,1630,-640,1832,5276,7658,3767,9571,8903,9280,16602,37154,3567,9571,8903,9280,16602,37154,3986,4096,3986,4096,3986,4096,3986,4096,-4475,-6850,1879,2686,2389,3025,6752,7491,-5300,2295,1282,7491
5/28/2024,3135,4490,3306,3087,5608,233,2660,6480,502,2193,7471,3306,2331,11582,20396,1961,2700,17583,3919,9395,11407,6730,2135,-3487,3545,2628,9536,3690,1790,-3487,3135,4490,4875,3087,5875,1250,2660,2998,1655,3250,10947,8851,2331,11582,32800,1961,4118,25019,3919,9724,28249,-945,-6810,-5729,3545,8715,27004,-945,-7335,-5729,323,2348,-47,2348,-139,2348,323,2348,15787,15139,10607,10427,14712,8967,-1418,-1074,6700,4471,-723,-2247
5/29/2024,1166,2680,2965,1026,3207,2665,2069,472,4188,-525,1267,2965,2409,1286,1783,1050,4211,4337,729,993,7182,420,-4020,1780,1107,2737,2763,-3590,2245,1780,1166,2680,4591,1026,3207,4291,2069,2834,4546,-445,1921,687,2409,1979,-2668,1050,1401,4850,729,993,-6438,-1335,-10490,-29878,2389,-347,-8438,-1575,-10490,-32283,1430,-1445,1430,-1445,1222,-1445,1430,-1445,867,4066,320,4584,661,4818,-2391,-3044,3452,11441,-900,-3044
5/30/2024,2100,1500,7545,1320,1485,7545,565,1593,4735,2282,3196,8109,830,-2981,-8901,3325,-2065,-2400,3585,952,-1081,4225,7444,17048,745,15,-8910,8840,6161,11923,2100,1500,6088,1320,1485,6088,565,1660,3278,2282,2186,8429,830,-2949,-13007,3325,-817,914,3585,2159,1046,9836,14308,36256,3442,1174,-1414,9536,14088,32406,4326,14932,4241,14932,4066,12122,4326,12122,-4766,-8960,-815,-2176,957,3914,4728,21986,-6555,-4097,3358,18379
5/31/2024,2216,7684,6393,1602,7793,541,2435,2390,8041,3546,7714,4063,-159,-2016,-7433,-276,16669,-4304,1686,2471,-1202,-575,-6926,-1140,3501,3415,-1469,201,-2960,-1140,2216,7684,3852,1602,7793,942,2435,4902,-429,3381,8645,6387,-159,-1131,-5036,-276,19709,-5344,1686,-28,9397,201,-4359,-18409,1609,-1819,8376,201,-4674,-19689,4742,9301,5575,8370,3690,8275,3652,6971,-1594,-3014,-2835,-4733,-60,-4678,-6290,-2378,2413,-731,-6981,-3453
6/3/2024,1111,1920,3238,275,3416,5217,620,1199,4828,966,3247,3238,-3988,-6705,-8815,-2235,-1942,-8815,-3755,-3890,-8815,-125,-2037,-5488,-1234,-774,-8815,1250,-943,-5488,1111,1920,884,275,2550,2050,620,765,1324,-40,-563,-6131,-3543,-7225,-14957,-2235,-5155,-13900,-3755,-5555,-14516,2380,5684,-8617,-2145,-4370,-13528,2380,5159,-9412,3990,4250,5338,4130,3808,3672,3990,4250,-5895,-8500,-5241,-8500,-3782,-8500,-6480,-7068,-4377,-8500,-4366,-1590
6/4/2024,-1720,-4506,-3349,-2100,-3714,-4689,-1185,-1454,-4689,-1957,-3616,-3349,2597,3789,2108,2597,2540,2475,3314,4086,4430,465,-268,-2938,3047,-401,-1086,1853,-1033,-1209,-1720,-6144,-11858,-2100,-7024,-10858,-1185,-7079,-10858,878,-3617,-8762,2597,3705,6458,2597,3135,6771,3314,4880,12152,1853,5346,12779,3062,3564,10843,1853,5001,12779,-6170,-886,-6170,-886,-6170,-886,-6170,-886,2192,5921,884,6259,4665,11591,-384,-1522,1120,-3136,-4598,-2126
6/5/2024,1810,5408,7351,1820,4702,7518,1458,1451,7140,2390,3980,7351,-1207,-6245,-8570,1005,-4670,-2355,256,-4035,-7443,3160,25398,28250,130,-6405,-6639,8664,18323,17658,1810,5408,9963,1820,4754,9945,1458,4774,9931,1460,4093,1540,-3350,-16150,-29275,1005,-1502,-838,256,-3768,-4851,9104,29916,69773,-1520,-2841,-5677,8784,29916,69773,6317,11548,6263,10247,5752,10221,6317,11548,-6575,-7805,1844,1529,2877,-2220,22569,37774,-6965,-7088,13759,33683
6/6/2024,-5,-3841,-2767,-1048,-4156,-2790,-813,1895,-1583,1491,-1792,-2767,6205,1846,7626,8412,5040,13472,7751,8053,17445,3121,11835,5143,2508,6015,1953,6931,11835,5143,-5,-3841,-2323,-1048,-4156,-2283,-813,-2961,-568,716,-1814,1899,6205,1846,10182,8412,4043,13674,7751,8053,19144,6931,20065,43467,7850,7607,19831,6931,20065,43467,-4830,-3460,-4994,-3460,-4259,-4440,-4830,-3460,3909,4400,4436,1777,-1174,3385,-6674,-5253,-1170,4419,1117,-4110
6/7/2024,1775,1690,-3147,2522,-19,-3147,395,2424,-3147,1190,1231,-3147,2555,4992,3292,705,5385,-5075,-495,4064,-4605,265,2424,-6138,620,5410,4950,1835,5616,-1207,1775,1690,-4913,2522,-19,-4913,395,-1459,-4913,650,1927,1627,2555,5719,7148,705,4474,-4964,-495,4064,-6288,1905,5111,-34894,-365,5204,-4525,1835,4246,-34894,-3725,-5945,-3725,-5945,-3664,-5945,-2745,-5945,2178,3796,1215,-2808,-246,-2634,423,-3673,6087,3366,3301,-1675
6/10/2024,7080,4520,1187,7005,2875,1187,5765,6416,1187,5915,6087,1187,2838,8622,11879,3499,11699,19988,4023,17807,19956,2580,-2355,-1003,340,458,2977,6206,14619,-1003,7080,4520,2422,7005,2875,2422,5765,2431,2422,5600,6495,5562,2838,8878,23224,3499,8439,25021,4023,17807,32810,5865,13449,10346,3948,18902,34180,5865,13449,10346,3999,496,3999,496,3999,496,3999,496,8649,2840,10857,12212,7709,13062,2099,-6675,4114,5413,7804,-5445
6/11/2024,755,115,627,750,115,627,755,-1883,627,155,-1822,627,1376,-3750,-7370,450,-850,-5112,569,-835,-5013,2895,12225,13814,-476,-184,516,3860,10426,23315,755,115,598,750,115,598,755,115,598,-495,-1965,-4716,1376,-5168,-12708,450,-1910,-4190,569,-835,-5579,4240,15780,39275,-153,-2115,-6579,4240,15780,39275,2441,2074,2441,2074,2611,2074,2441,2074,-4932,-5878,1287,854,3222,3334,13418,11115,-5690,1457,7157,14302
6/12/2024,6015,13739,19339,7100,15854,19339,8445,13266,19302,2155,7254,19339,8373,25215,53484,10802,22005,47534,13705,26784,39520,2352,13748,11431,5699,7642,7704,13700,19193,18929,6015,13739,19719,7100,15854,19719,8445,18864,19681,2155,6725,17497,8373,26460,57875,10802,29917,65131,13705,29587,62146,16179,39275,85779,11850,26810,60186,15469,38875,85779,6608,13210,6608,13210,6608,13210,6608,13210,27513,50048,26657,43693,29786,43080,10994,7682,9430,9277,14320,14639
6/13/2024,2691,3754,4372,2941,2447,4585,2172,1330,5330,2656,2322,4372,-2226,-5188,-7151,732,-2200,-6234,-3900,-5569,-7645,235,-2229,-6934,-275,-1675,-100,-1087,-241,-6934,2691,3754,4839,2941,2447,5655,2172,1830,4170,2050,3037,4528,-2226,-4995,-7281,732,-2585,-5856,-3900,-8261,-13770,-642,4734,-16833,-3320,-4187,-12385,-642,4734,-16833,839,3502,839,3502,1174,3502,839,3502,-1335,-4462,-1230,-604,-4450,-6992,-3389,-6531,1710,3461,-3327,-6531
6/14/2024,-270,-581,807,-1303,-581,902,-1303,-2564,303,-500,-1622,807,206,-4800,-4539,872,5136,3711,68,-1130,7846,1555,15032,9822,-1858,-3220,2010,5124,13539,9822,-270,-581,1742,-1303,-581,1983,-1303,-581,1646,-995,-2588,-4158,206,-3763,-7908,872,3292,7713,68,-117,5534,6307,22319,48518,-50,-117,5769,6307,22319,48518,1071,1799,936,1018,493,1018,1071,1799,-4685,-8093,3855,6132,3143,5777,13442,9858,-3818,2891,16181,8017
6/17/2024,3805,3705,8235,2980,3655,8240,2620,1945,8140,3980,4045,5895,-1295,-6697,-8951,275,-2840,-2899,1353,-80,-8555,5969,-5061,-8879,0,-3279,1272,4760,-4940,-8879,3805,3705,9519,2980,3655,9524,2620,3760,9424,3838,5280,7179,-1295,-3982,-8041,275,-675,-5270,1353,-80,-9605,4195,-3775,-15286,760,-1360,-12295,4150,-3775,-15286,3914,5527,3864,5527,3835,5562,4389,7473,-5896,-7711,-90,-4468,30,-4150,-2710,-8096,-5745,153,-2900,-7925
6/18/2024,1228,2316,-1408,1908,1434,-1408,253,1746,-1408,560,3265,-1408,2748,8959,9576,1415,3782,3984,3523,13081,2140,2600,-839,-2786,2708,2425,3534,-1506,1306,-4300,1228,2316,-2996,1908,1434,-2996,253,-434,-2996,1218,7860,2522,2748,9129,13953,1415,4637,6090,3523,15234,6035,-1293,-1251,-22821,2882,14523,8120,-1293,-1251,-22821,-2550,-4815,-2550,-4815,-2550,-4815,3140,-4815,10576,8284,-2490,-1825,-775,-4340,-5370,-3391,3021,3348,-3605,-4742
6/19/2024,1425,870,3075,1425,870,3075,1425,870,3075,655,45,3075,3525,4100,7125,3420,3315,10047,5670,8145,14672,2005,9516,12445,2715,605,3983,5800,9516,12445,1425,870,3075,1425,870,3075,1425,870,3075,655,45,3075,3525,4100,7285,3420,5163,10778,5670,8145,15155,5800,12210,21725,5670,8145,15155,5800,12210,21725,-3430,-3505,-3430,-3505,-3430,-3505,-3430,-3505,1775,1390,2165,2130,495,790,-1065,-1135,630,2000,-1065,-1135
6/20/2024,1860,3406,3099,2168,2767,5246,596,1225,3603,1510,3314,3099,-2335,-6430,-7498,3150,8455,9044,3809,7922,17412,10365,31654,42116,1601,-1755,-5243,13515,30869,56266,1860,3406,3527,2168,2767,6095,596,532,3936,2655,1266,1530,-2335,-1905,-1487,3150,6114,9044,3809,7922,18954,13515,32460,53025,2811,3408,4339,13515,33030,45735,3776,5218,4652,3476,3931,4064,2566,2503,-4105,-2703,4310,21419,12984,20513,19433,40441,-3816,-6823,17971,43849
6/21/2024,3775,4793,-4873,4191,3688,-4873,3599,5423,-4873,3525,2484,-4873,6350,13114,17662,6717,14131,4757,8571,19089,23281,6880,4234,3332,5443,6768,7280,3686,2369,6557,3775,4793,-4132,4191,3688,-4416,3599,3435,-4416,4590,5895,1940,6350,13114,18912,6717,16009,10270,8571,19089,22296,2127,9230,-781,8571,19089,22296,1927,9230,-781,-236,-2808,-1821,-2808,-1821,-2808,-236,-2808,13649,18120,4608,2825,6447,9011,3070,-4310,9818,8779,8965,1176
6/24/2024,1730,1501,4217,905,1597,4501,895,281,4094,1275,1789,4217,534,119,-639,2730,4206,8553,3185,6283,7073,8696,16697,25712,1173,3453,1485,10544,9388,24786,1730,1501,5635,905,1597,5167,895,1444,5592,450,-491,-352,534,119,-792,2730,4775,10215,3185,6283,7601,10554,21941,50893,2818,5927,8031,10544,21508,47143,1675,5689,1695,5689,1695,5689,582,5689,960,-1127,6978,15885,7641,13430,19203,29258,1905,5718,9353,38581
6/25/2024,470,1819,1427,-285,1979,-422,-145,615,203,980,-1203,1427,1679,1379,-3687,2115,2267,8405,2899,5618,11345,2350,11744,18464,1129,-8,-433,6041,10866,18464,470,1819,7197,-285,1979,3768,-145,489,4393,-570,700,3595,1679,3332,-1663,2115,2959,8956,2899,6317,15533,6041,22038,63426,2868,6502,15533,6041,22038,63426,3410,4964,3200,4964,3385,5224,3410,4964,9,-3078,4090,7866,7983,10229,12364,19169,25,4390,12720,19169
6/26/2024,1410,2827,-3610,2785,1252,-3610,2195,2469,-3610,1900,1047,-3610,4295,14134,22281,4265,5465,4130,5920,9149,22323,1290,7865,-2553,2940,1171,4318,4885,9430,-2553,1410,2827,-470,2785,1252,-470,2195,1667,-470,1610,852,2747,4295,14134,20433,4265,9285,3322,5920,7578,22389,4405,8310,-5569,6090,7455,22917,4885,8310,-5569,4722,1272,934,1272,1379,1272,4722,1272,10211,15284,2503,2863,6829,6506,-3955,-5525,2403,2268,-2450,-3925
6/27/2024,260,-3610,-7805,-500,-1715,-6562,1300,1755,-7107,260,-2648,-7805,5318,17986,16663,167,4401,-4437,2189,11835,203,320,-6205,-7970,201,7902,1397,-425,-4688,-7030,260,-3610,-9220,-500,-1715,-8375,1300,-1900,-8920,497,-1563,-2856,5318,18217,23707,167,774,-1748,2189,12316,448,-2220,-18270,-58620,1632,7417,529,-2220,-18270,-58620,-4470,-8206,-4494,-8206,-3799,-7424,-4470,-8206,14120,20500,-1083,-835,6700,-179,-6925,-8758,4019,9027,-6695,-8145
6/28/2024,1355,6062,10748,942,5865,7193,399,2999,7033,1650,6022,6703,-1515,-6121,-6383,350,2642,2502,-1061,-4859,-5060,-980,-6570,-8995,-790,-736,-8070,2900,11476,-8995,1355,6062,10748,942,5865,7845,399,5603,7685,825,2702,3298,-1515,-9476,-20819,350,3792,972,-1061,-4405,-1360,5255,12959,36721,-764,-5890,-5377,5205,12259,34062,3655,12021,3661,13221,8069,13221,3155,8506,-6685,-7449,-735,5577,1212,1389,-880,40862,-1594,-7420,-960,20792
7/1/2024,1119,2189,5471,990,2102,4,535,-745,4,1284,1709,5471,560,-1910,-2945,-340,-3475,-7560,1059,-4325,-8535,150,7696,-2527,-2020,-4528,-985,-725,6012,-150,1119,2189,7352,990,2102,2885,535,2102,2885,1064,-1,1662,560,-1770,-6998,-340,-1956,-1641,1059,-1895,-2928,298,10694,20806,594,-5076,-1193,298,10529,20381,2596,5643,2616,1225,700,1225,2596,5643,-1025,-4074,-1181,-4234,-2320,-8825,-6875,-8925,-2020,-3614,-1574,1232
7/2/2024,1035,1050,4741,1045,1035,4656,230,-745,4155,260,1002,4741,-1245,-6390,-8561,2670,3983,1891,-646,-4037,-4072,2971,25135,26864,-3390,-6780,-8605,7647,17494,25227,1035,1050,5043,1045,1035,4958,230,979,5159,260,-200,-1326,-1245,-9678,-21594,2670,1276,3174,-646,-4037,-5285,7647,28637,67169,-865,-2162,-5511,7647,28637,67169,3163,5951,2877,5951,3068,6865,3163,5951,-6855,-8760,3040,3897,1506,-1089,30913,34954,-6815,-8160,22916,31825
7/3/2024,2580,6045,7783,2770,5671,7783,2842,3743,7783,2545,5448,7783,-4645,-6825,-7060,585,-1430,-4460,175,-855,-5195,3640,11483,10783,-4635,-6825,-7060,6630,15954,10783,2580,6045,9798,2770,5882,9798,2842,5710,9798,1925,4185,2586,-4735,-10145,-20510,585,155,-1410,175,-855,-2370,6630,15162,31640,-515,-830,-2370,6630,15162,31640,6044,8338,5814,8338,5814,8338,6044,8338,-6740,-7785,-2355,-3865,-3865,-7660,9476,13498,-6740,-7785,6003,13498
7/4/2024,4480,6124,9695,4480,6124,9695,4480,6124,9695,4480,6124,9695,4885,8205,8935,5535,9925,13460,8785,15120,20645,2040,6425,7525,3290,2165,2260,6280,6425,7525,4480,6124,10213,4480,6124,10213,4480,6124,10213,1720,4170,10213,4885,8205,11200,5535,9380,14775,8785,15120,22790,13190,23395,39010,7910,15120,22790,13190,23395,39010,-3230,-3570,-3230,-3570,-3230,-3570,-3230,-3570,4625,4125,1775,2355,940,2105,-3370,-3220,-530,1370,-3370,-3220
7/5/2024,608,2598,3638,782,2211,3638,741,242,3638,1270,-749,3638,-4690,-5495,-7491,295,-1208,-1389,1505,2935,306,7580,18980,15131,-1365,-1048,-7491,8465,18245,14850,608,2598,6257,782,2532,6257,741,2071,6257,775,428,2152,-4715,-8025,-14462,295,397,-737,1505,2935,6344,8465,21485,50547,450,1535,6344,8465,21485,50547,4414,7330,4414,7330,4414,6776,4414,7330,-6790,-7385,80,-771,1428,-3040,19126,20134,-6325,-7385,10888,19670
7/8/2024,-303,-95,-6978,-363,-1480,-6978,-918,-1235,-6978,215,184,-4980,1516,7927,17494,1240,1781,8417,3174,8635,15006,-540,-1925,-7532,1253,614,9056,-360,3035,-7532,-303,-95,-4646,-363,-1480,-4646,-918,-2920,-4646,75,1541,1069,1516,7752,21753,1240,5401,13748,3174,9269,26529,-360,-3945,-4191,3071,8579,26529,-360,-3945,-4191,-3860,-6024,-3860,-6024,-3685,-6024,-2915,-4695,11709,13406,4570,7116,3549,6456,-2756,-6694,4597,6498,-5256,-6694
7/9/2024,735,2240,1197,150,1225,2097,135,1510,3097,680,5323,1197,-1350,-4739,-8588,-2229,-4110,-1520,-1356,-818,3769,-780,-4040,-2330,1354,756,-1202,-645,-4283,-2131,735,2240,1475,150,1225,2375,135,1635,3375,70,1910,6180,-1350,-3024,-4070,-2229,-3601,-1520,-1356,-818,3541,-645,-4789,17373,1164,-1523,3541,-645,-5004,19788,2063,1064,2063,1064,1225,1064,2063,1064,-5185,-8095,-4181,6371,4500,14330,-6969,-6106,2200,3964,-6034,-6106
7/10/2024,365,1860,182,270,2060,182,325,740,182,719,2074,182,-4316,-4018,-5415,-985,-3325,-3621,-1771,-1395,-1449,1305,9782,6991,-141,-6595,-732,5195,12992,2837,365,1860,7140,270,2060,7140,325,1708,7140,609,-107,4844,-4316,-10098,-19044,-985,-2235,-4696,-1771,-923,-4003,5195,16881,45253,-2475,-923,-3443,5195,16326,45253,1855,5189,2055,5189,2055,5189,3189,5189,-6345,-6396,155,320,1934,2373,12877,16221,-6945,1211,5542,13829
7/11/2024,2010,1353,3433,2758,2877,4189,2357,4028,442,2520,3173,3681,-3180,-6515,-8860,1093,915,-2417,4180,4555,-2943,5089,15105,29752,-1122,2705,-8860,8669,16455,30473,2010,1353,3433,2758,2877,4189,2357,847,442,2520,3173,3781,-1484,-5716,-15295,1093,2855,-90,4180,4555,-110,8669,15991,43013,3616,4360,-575,8669,15846,42504,-655,4217,904,4902,-856,1180,731,4133,-6575,-8415,6969,-70,1982,-2679,18226,29253,-6130,-8415,16038,39208
7/12/2024,5587,11096,13186,5412,10757,13076,5212,3995,12926,5330,6171,10996,3328,3891,5848,4268,-2195,3007,8226,10691,4416,1245,562,-6152,5454,2827,-726,7321,458,-644,5587,11096,7768,5412,10757,7772,5212,10131,7622,4521,4349,9671,3328,4019,5642,4268,6482,-2342,8226,9199,7125,7321,6246,-3831,9001,7821,7125,7321,6246,-3831,9756,15257,9211,15662,9476,14935,7851,13497,4028,3716,1591,-4017,9954,5939,-5036,1812,2895,782,-6258,6048
7/15/2024,3990,6382,20448,3703,8796,17385,5925,8781,17402,2707,7438,16668,2970,7148,20895,2365,6572,12862,2080,9296,3507,-695,-6950,-8480,2546,3226,1013,2545,12987,-2883,3990,6382,18256,3703,8796,14936,5925,10638,16296,2707,6352,14476,2970,7148,12197,2365,9639,15043,2080,9296,15493,3605,7035,29428,3540,8855,15413,3605,6695,28178,9535,10980,8488,9351,9409,9965,8255,11210,8918,18037,9590,22989,11940,6225,2029,-8935,3343,819,6103,-1748
7/16/2024,-1100,55,-4272,-653,-305,-4143,-1497,-4297,-5827,-2200,3353,-4272,1151,-1137,-913,-483,-498,-4655,1980,-2519,-4693,377,-5974,-2538,2070,501,4579,-1775,3632,-4383,-1100,-1025,-4375,-653,-1385,-4430,-1497,-3035,-7725,505,1416,-4666,1151,-1137,-598,-483,1015,-12532,1980,-2519,-12657,-1775,-4647,-10378,1020,-1444,-13427,-1775,-4647,-10378,-4186,-1528,-3465,-1956,-2100,-3488,-4186,-1528,529,1784,-1863,-1602,-2213,-2913,-4445,-6306,804,2654,-5855,6470
7/17/2024,2722,6083,4946,3382,6003,5923,3140,3364,5903,2292,1220,4634,2493,1889,-3891,2050,2216,836,5529,12016,1528,4683,18865,29762,1465,4154,2846,12033,19735,31307,2722,6083,6401,3382,6003,6542,3140,6268,6832,824,1563,1772,2493,4956,-9301,2050,5766,1299,5529,13252,3708,12525,26859,68389,5328,10108,3579,12525,26859,68389,5897,6444,5651,6215,5898,6607,5322,5534,2249,-5864,6775,1194,15301,6021,19584,27776,993,4078,20604,31515
7/18/2024,4105,9360,24104,4570,11871,15229,3431,6940,17357,2214,5274,20974,2344,4848,-6965,2994,1204,27134,10392,10911,31154,605,15540,4288,1010,1725,-6965,12594,20205,8026,4105,9360,23641,4570,11871,14757,3431,7171,16618,1774,2397,15159,2344,5656,27328,2994,7264,31091,10392,12699,39221,12624,24066,54432,4929,9374,35116,12594,20739,53174,9255,16380,7550,14250,6435,14879,7515,13250,11514,11430,10439,16082,10159,20754,3988,10911,355,-4366,7744,10780
7/19/2024,795,897,3069,1422,643,1134,1547,1295,1557,1215,497,1786,425,-516,-6585,1635,3989,5670,3160,8137,12110,565,7151,1114,998,3458,-7485,6686,12643,1114,795,897,3069,1422,643,1134,1547,981,1780,1215,-1103,-28,425,3462,7454,1635,4640,8275,3160,8456,11955,6701,14155,33801,2765,5763,12430,6686,13485,33001,1251,-267,1279,503,1594,1573,1009,-1331,-2190,-6065,4325,6651,7938,6619,4219,-2235,925,-2488,17457,18385
7/22/2024,4506,7752,7311,4063,8010,4424,3313,6244,4397,3941,8012,16774,4042,8038,13330,2680,5864,12444,4028,2327,5554,2660,1145,-1800,3857,5300,9164,-2305,-2504,-3436,4506,7752,8779,4063,8010,5815,3313,4730,5472,3941,7294,9268,4042,8038,16747,2680,5599,8222,4028,2327,6715,-2010,-6663,-27008,4035,3678,5529,-2320,-6668,-27008,5999,9332,7316,9332,4108,9332,5598,9332,4257,5418,1164,3030,788,-358,-1500,-2718,5896,4667,-954,-6247
7/23/2024,2350,-1920,-4201,1299,-3105,-770,1541,-226,-930,2420,2110,-2128,6988,8007,4011,7176,5881,8392,4655,4468,5771,-990,-1292,-1425,3347,4235,3697,195,4992,-8599,2350,-1920,-4425,1299,-3105,-4965,1541,-2975,-4380,2095,950,-6619,6988,8007,2737,7176,8121,5819,4655,4468,5540,5609,6310,4149,3900,4587,1759,5409,5205,4149,887,5484,1227,6367,1347,6367,887,5484,13490,17059,8691,13009,6265,12205,-426,861,5870,2025,-872,-1007
7/24/2024,3160,6184,13761,3343,6272,13286,3558,3839,13128,3020,5307,11916,-1281,-6255,-8990,1523,-46,-866,93,-1051,-8753,9440,25995,44733,450,658,-848,12032,10846,40433,3160,6184,14989,3343,6272,14567,3558,6601,14405,2865,4820,10304,-4290,-12725,-27534,1523,-451,-2252,93,-1051,-8759,13231,28307,61861,1915,-3475,-11319,12032,27092,59456,8536,15992,8655,15992,8655,15992,7386,14132,-6910,-8705,2750,7514,5930,5114,27344,59585,2572,626,18091,50738
7/25/2024,2371,2530,10405,2511,5056,7998,2516,5534,8255,1965,1530,9125,531,1565,13926,1067,-1173,13,707,1179,4818,1160,5264,2576,2435,1508,19142,4380,3348,-1749,2371,2530,10405,2511,5056,6454,2516,4676,6618,1965,2797,6905,531,1565,767,1067,-185,-654,707,1741,-2504,4430,-980,7302,1050,3040,12742,4380,-1270,4022,6255,10696,6025,9176,6910,5060,4485,8896,1365,-2686,1135,5788,4255,2727,4185,1309,3700,4419,5895,7388
7/26/2024,2531,2892,3425,951,-568,3295,604,3159,1366,2870,5556,3425,3413,3665,4344,2655,4906,-2552,2300,-480,6712,935,1247,3214,2478,1897,-936,-745,2935,4336,2531,2892,-4512,951,-568,-3567,604,-623,-3855,2020,3549,-3,3413,3665,9825,2655,-598,-5076,2300,-480,2140,-1845,-5643,-26573,2798,484,2029,-1845,-5643,-25193,-1599,-2366,-3197,-2366,-3409,-2366,-1599,-2366,6879,17740,-6805,-1575,-1129,-1138,-4095,-3906,3501,3447,-1839,3698
7/29/2024,-270,1008,-5026,-865,-649,-5026,-1540,-2440,-5449,-270,1772,-5026,3282,6351,334,626,2095,-4932,546,502,-4348,-795,-3693,-4660,-479,1306,3242,3878,1024,-4663,-270,-2635,-13250,-865,-2260,-13250,-1540,-2210,-13395,870,-1792,-11630,3282,7139,147,626,4047,-2517,546,746,-5780,3929,2608,-1183,-895,-2919,-5370,3878,3416,-1183,-4986,-8745,-4376,-8745,-4376,-8745,-4986,-8745,8231,-2162,3194,-2353,3440,-1474,-5999,-2190,4483,2499,-6120,4647
7/30/2024,1966,7010,9327,4544,6267,8668,3597,3005,10243,2852,3767,9317,-170,-3051,-8985,2135,6633,14884,3062,9236,-7795,285,19197,15588,1541,-2454,-8985,7916,18080,15588,1966,7010,9870,4544,6267,8597,3597,5913,10243,2852,4507,12097,130,3332,4815,2135,9753,13633,3062,9698,13774,7936,17546,23054,3002,6282,6493,7916,17509,21153,10278,23536,10208,23801,10455,21471,8716,20650,-6305,-8985,4858,10139,7277,15910,10567,8757,-6305,-8985,7882,7715
7/31/2024,4432,6417,11099,3565,5050,8467,2671,2025,8572,3557,2185,11099,5125,11875,5856,5646,10651,17877,11000,20763,24527,2340,5688,13490,2598,11961,2156,10159,2634,11965,4432,6432,13486,3565,5131,11394,2671,4806,9980,3117,887,10835,5125,12803,19965,5646,15600,25722,11000,19745,35717,10449,14436,56876,9254,16720,33542,10159,14321,56041,4268,13272,4775,17485,5719,14967,5483,13272,10843,8771,7711,15949,14717,30777,10185,17988,3465,646,12318,20783
8/1/2024,1635,2040,7637,1085,3320,8725,1094,2665,8801,1715,3518,5567,-2520,-6410,-8895,685,-840,-4659,2971,1710,-8909,9140,12885,19315,-205,-69,-8885,10510,16457,15994,1635,2040,8557,1085,3320,9976,1094,4214,9306,1715,1665,9883,-1890,-5360,-15147,685,455,-645,2971,1710,-4395,10520,12885,18442,2620,-2445,-14445,10510,14647,17285,4690,8330,4358,8593,5893,9941,4720,8405,-6860,-8180,1375,-2554,1745,-8979,11177,-6601,-6790,-8360,8468,12267
8/2/2024,-225,-2100,-214,-200,645,-214,-235,-545,-214,-800,-635,-214,4246,7476,18409,3526,5286,10822,3556,9686,14992,-560,-6129,-5886,1855,3920,-90,5168,-309,-5886,-225,-2100,-3760,-200,-1140,-3760,-235,-1160,-7140,-920,-1520,-3780,4246,7476,17932,3526,6671,13368,3556,10078,14194,4365,6871,-10988,2375,9335,16224,4240,6801,-9743,-360,-4432,-675,-4432,-904,-4432,-360,-4432,10445,18525,7550,15418,9976,7935,-5059,-4825,-2125,-124,-5110,-1066
8/5/2024,1030,2630,2663,2330,3916,4605,1535,2145,10453,770,485,-3845,480,881,2701,7014,1398,7144,1530,3525,1040,-580,8656,-5444,1986,1485,-20,2885,6250,-6749,1030,2630,2663,2330,3916,4605,1535,3394,10453,770,470,-1805,480,220,-8945,7014,2364,-1849,1530,2385,-310,3080,8795,-14764,1770,4150,-7327,2885,7665,-11294,4340,9139,4315,13865,6699,19590,2445,4915,2351,-4085,2644,-5291,8792,-2687,8956,2610,4534,-7715,5563,514
8/6/2024,2465,1950,4567,2240,1825,9117,2170,-773,9537,1820,55,4567,4075,3480,3949,4184,3800,11165,8220,12319,17069,-580,16430,760,4570,833,913,9675,8081,34525,2465,1950,1809,2240,1825,1661,2170,1681,2524,1570,710,1842,4075,7295,15184,4184,4870,6064,8220,12319,17446,9775,19225,1573,7090,11069,14905,9675,19225,753,2440,5353,2267,6967,2187,8005,1895,5353,5005,7899,5985,20308,12530,19303,13769,5240,6660,5821,5786,17489
8/7/2024,3985,5215,4500,2680,3477,4050,2895,2307,4295,3220,6505,4500,1387,-284,-8840,1496,1720,-7947,3778,3376,-7792,9385,-6950,-8650,-2375,-41,-904,7875,12481,-8989,3985,5215,4615,2680,3477,4542,2895,3699,4707,3220,5855,2944,1387,-552,-14620,1496,1163,-8632,3778,3376,-3047,7865,11070,18840,1320,3080,-5801,7875,10815,12030,5650,6150,3769,6710,3837,6710,4515,6150,-6205,-8544,-6685,-8430,991,-8175,-6640,28957,-6005,955,12305,-8787
8/8/2024,600,1955,-990,1477,2270,-1115,115,1840,-1306,830,1039,-990,4238,6239,11331,2795,5473,8073,4481,5637,2857,960,3428,-4551,4240,-2063,-1697,2904,4761,-1162,600,1955,-414,1477,2270,-803,115,473,-806,830,250,-7372,4238,6239,9053,2795,8084,8073,4481,5637,2857,3259,5934,-398,4785,3676,309,2904,5779,-398,1135,-2181,1445,-2306,-50,-2497,1135,-2181,7043,12682,6232,6577,6193,12000,2209,-7385,6771,316,1232,-4713
8/9/2024,-429,-3554,-7234,-334,-3151,-7234,-442,-2485,-7234,546,-3499,-7234,1080,2300,6925,1425,2481,10550,2335,1592,9625,45,5513,1480,660,2981,-3808,1365,4344,-743,-429,-4755,-9115,-334,-4755,-8115,-442,-1573,-8655,456,-3665,-11405,1080,2289,8929,1425,2527,9324,2335,1592,12045,1370,6823,15521,2060,1763,11182,1365,6678,15521,-3630,-5820,-2036,-5820,-2465,-5820,-3630,-5820,6882,5501,5276,9991,3608,7858,-19,588,-1190,-7635,5446,-1137
8/12/2024,1117,-2659,-3563,417,-1917,-3563,1299,1174,-4073,995,910,-3563,1695,2656,-6154,-1158,2729,-3115,-1225,5545,5116,2061,-2759,-5912,-790,94,9487,-162,-6948,-5912,1117,855,-445,417,205,-2990,1299,2165,-8205,-185,-2290,-5635,1695,2656,-5234,-1158,5164,9970,-1225,6155,10641,3626,6756,29405,-840,6335,12844,3621,7871,29405,-3778,-6037,-3778,-6037,-3778,-6037,-3778,-6037,1131,-3165,6899,5383,12724,3540,-5809,-1862,-1635,2816,-6570,-8935
8/13/2024,2707,3266,6617,2028,3286,6587,1664,2326,6587,2247,4005,6567,-3590,-6720,-7000,1180,-1685,-3984,3000,-568,-8990,8569,18773,12803,270,-6840,-7000,10497,14345,21274,2707,3266,9347,2028,3286,9317,1664,3241,8982,2287,3860,6595,-2990,-9555,-21955,1180,2425,3320,3000,132,45,10493,24404,67288,600,-375,45,10497,24404,67288,4516,10052,4686,10022,4651,10022,3546,10797,-6785,-7785,1657,-2383,1862,1163,17199,18794,-6910,-7785,13095,15599
8/14/2024,1410,2492,2341,1936,2847,2341,698,2293,2623,2105,2936,2341,3759,8399,16033,2312,1255,6034,3482,3515,6604,-595,-3845,-2594,2640,-354,1113,-2710,-3405,-2594,1410,2492,468,1936,2847,468,698,1877,583,2105,5209,4252,3759,8399,14754,2312,3172,6175,3482,4347,7471,-2705,-6508,-5618,3112,3066,8686,-2710,-6508,-5618,694,4775,1064,4775,2001,4775,1639,6715,9200,17267,4107,5366,6859,9005,-1995,-7914,1680,449,-1750,-7914
8/15/2024,5065,8714,7015,4394,8714,6987,4267,9527,6868,3790,8858,8165,1150,-1640,-1322,2677,5397,12780,6109,10233,8939,5507,4382,1184,-165,-6545,-7075,11323,2541,5922,5065,8714,7285,4394,8714,7249,4267,8591,7283,3790,9981,8962,1890,2125,-613,2677,5172,13108,6109,10233,9434,11973,9030,36516,5805,9339,9434,11323,9030,36516,6890,1835,6890,1835,6910,1860,6635,1835,-6825,-7890,-1902,5431,1254,20,-440,15534,-6795,-7890,11018,6187
8/16/2024,2104,1565,5355,1570,1755,6003,785,-1110,6923,1453,3190,5355,3172,-1991,-6540,838,-3651,-8545,914,-6648,-6441,1333,-5832,-7732,-201,-1546,-3730,-4135,-6159,-7732,2104,1565,6113,1570,1755,7024,785,2750,7944,1798,3296,11243,3172,-1714,-1094,838,-6453,-13170,914,-6648,-14120,-4135,-19674,-41600,1016,-6715,-12378,-4135,-19510,-41600,-3673,3231,-3906,3914,-2096,4834,-3673,3231,-4755,-8164,-5415,-8009,-6985,-6284,-3290,-8101,-3883,-6254,-6803,-7249
8/19/2024,1575,2095,952,1305,2095,952,1310,1668,952,840,1961,952,-5230,-6901,-8961,-1425,-2815,-3280,-2583,-2296,-6804,2440,16821,27299,-941,-866,1177,6169,10142,25724,1575,2095,4839,1305,2095,4839,1310,2110,4839,1478,2095,4839,-5230,-11036,-24131,-1425,-707,-2332,-2583,-2296,-8767,6317,19841,48600,-2811,-3055,-10342,6317,19841,47025,3718,3534,3718,3534,3008,3534,3718,3534,-6274,-8996,2368,2784,2892,1124,19877,36773,-4010,280,15926,33334
8/20/2024,2860,2355,6224,2915,2900,6224,2580,5491,6224,3160,6323,6224,4115,5290,20611,4060,7040,10295,1604,-1491,9925,425,-1465,-8172,2215,1326,3673,2438,-1296,-5406,2860,2355,6010,2915,2900,6010,2580,1185,6010,4140,5177,6104,4115,5290,20611,4060,3530,10692,1604,-1491,10987,3478,2093,-36743,1414,-629,13487,3393,1603,-34215,-929,-1170,-294,-1170,-294,-1170,-929,-1170,8612,19586,2525,3127,138,7022,-6686,-7210,6601,3517,-6683,-7602
8/21/2024,3435,4339,1389,3265,3397,930,3192,6884,434,2185,4520,1389,5794,11702,15353,3939,8919,10789,5866,10530,14737,755,11550,2510,5055,772,2646,3135,12738,6614,3435,4339,-340,3265,3397,1139,3192,2828,-995,2185,2911,6495,5794,11702,17267,3939,9236,11537,5866,10530,14854,3160,10625,-2541,6699,11350,14004,3135,10610,-2541,4921,739,5511,1603,4711,1603,5941,739,10595,16159,6949,9304,7586,12100,16815,8640,2577,4490,16315,18374
8/22/2024,1775,4679,2500,2200,4984,2215,2325,1921,2176,1555,4335,1232,-1634,-6267,-8090,1115,-415,-3780,1335,1461,-7305,-510,20017,35628,-2345,1447,-8490,12789,17529,29795,1775,4679,4644,2200,4984,4359,2325,5129,3652,1715,3759,-771,-1634,-7765,-22622,1115,2410,-3780,1335,1461,-9230,12909,25253,58242,1150,186,-6885,12789,23633,56332,4806,6934,5307,8297,5395,8202,2990,6299,-6082,-7390,4241,769,1420,-8445,24384,45839,-6470,-7575,15584,43010
8/23/2024,690,-1088,463,565,-988,-606,369,-607,-1923,350,-1553,463,2726,1753,-2915,1056,995,-2077,-749,-2238,-4010,-990,-487,-7667,-77,577,-1972,-2540,-206,-7269,690,-759,-3758,565,-512,-3956,369,-2070,-4724,-945,-1509,-4522,2726,1753,-4752,1056,-907,-8823,-749,-4599,-16378,-2540,-2258,-27382,-810,-5228,-14108,-2540,-2258,-26184,181,1645,181,1645,1534,1645,237,1645,2172,5791,-852,1046,-2966,-667,-5450,-2046,3032,1557,-4170,991
8/26/2024,950,1048,-4479,1250,950,-4475,511,5765,-5385,1875,5159,-4404,4012,7757,31336,6204,9384,11371,4558,7994,30741,686,4606,-6272,4715,9818,65,11400,4271,-6272,950,1494,-6789,1250,950,-4067,511,1282,-4835,1875,4514,-1924,4012,7757,31679,6204,7874,11371,4558,7994,31338,11400,12883,3904,5779,10358,33679,11400,12883,3904,930,-1349,21,-1473,-966,-5448,3975,-1349,13324,37469,3481,15758,7210,22311,-6887,-7443,3950,6048,-3290,-7574
8/27/2024,1443,4933,3500,1851,6427,1485,2648,7434,1485,1816,5959,3500,3370,6636,13925,1856,635,-2621,2889,3385,3846,-165,-554,-4553,1970,3267,1816,465,2745,-5003,1443,4933,2247,1851,6397,232,2648,5052,232,2039,4706,4507,3370,6636,15442,1856,918,-2165,2889,3385,4025,465,-2158,-27323,3172,2456,2792,465,-1038,-27323,5239,8068,5279,5373,4588,5373,5239,8068,4400,9046,-307,-5671,1583,2365,-4310,-4139,3078,4936,-2603,-5927
8/28/2024,3805,10575,24094,4338,10676,24452,5220,10851,22107,1895,9455,21579,-455,1826,-7350,2005,4872,17314,4427,8112,19188,-600,5543,11436,-1190,-710,-6810,5703,7733,8189,3805,10575,24541,4338,10676,25392,5220,12844,23047,1895,8196,18334,-455,3426,11313,2005,7187,26059,4427,8236,28006,5718,15894,57908,3770,7695,23686,5703,15671,57413,7689,26563,10434,27557,12383,24100,6139,25003,-1787,-8445,7637,17966,10615,26739,9314,12664,1430,-8445,8302,18285
8/29/2024,2175,1380,-4010,1340,1570,-4600,1330,1589,-3414,1810,-185,-4010,1549,962,-3868,2010,3560,-8728,1148,-758,-8997,10105,-6436,-7519,3345,2901,1356,8795,15567,-7435,2175,1380,-4223,1340,1570,-4300,1330,2278,-1843,1810,-75,-1960,1549,3089,2770,2010,-115,-13233,1148,-758,-15461,8795,4159,-24419,1839,-2079,-13359,8795,6154,-21909,-269,-6266,-269,-6546,1287,-4956,-1604,-6266,1671,-1660,-4422,-4906,-6227,-8997,1681,-5382,-635,5726,3190,-4440
8/30/2024,420,3532,3953,410,3559,2786,390,184,2622,375,-72,3953,1725,1730,2559,925,185,3401,2967,4425,11624,730,4158,10244,3179,5040,2084,1710,1451,9119,420,2000,3944,410,2028,1297,390,555,1597,-95,-148,-2548,1725,3701,3556,925,2660,-1941,2967,1485,294,1710,10572,7423,2125,-181,-2076,1710,10172,9603,3985,7721,3985,7721,3804,7125,3985,7721,1025,-2766,1486,-2208,1515,5516,3518,10292,3145,2084,-1455,4095
9/2/2024,1925,-195,-270,1925,-195,-270,1925,-195,-270,1925,-195,-270,4010,4246,8720,2960,858,5547,4035,3331,6597,480,-1902,-563,3710,660,3021,490,-2956,-563,1925,-195,-270,1925,-195,-270,1925,-195,-270,1020,-810,-270,4010,4246,8792,2960,2350,6143,4035,3331,7458,5385,-982,-755,4610,3331,7458,5385,-982,-755,-5095,-5395,-5095,-5395,-5095,-5395,-5095,-5395,3105,2925,989,431,1044,676,-4870,-2985,300,5234,-5870,-2985
9/3/2024,4096,6136,10547,3731,6199,11206,3483,1669,10160,3491,4861,6967,-5580,-6895,-7840,1369,-685,-1231,864,606,-8936,9792,24409,40087,-420,3496,-630,13209,23864,31738,4096,6136,12536,3731,6199,13008,3483,5825,12748,2651,2516,3792,-6145,-14505,-32940,1369,670,-279,864,606,-4147,13409,26192,71764,1239,2770,-7807,13209,25647,69099,6975,15858,6505,15684,6196,15684,5620,12943,-6490,-7465,2464,4399,2719,2216,25643,77132,-6015,31,12976,69652
9/4/2024,1405,6799,11924,297,2751,14123,1507,2722,14123,360,3820,13492,3557,8866,10819,2695,5760,655,1845,3282,-838,2580,-4630,-5791,2894,3792,-1021,51,2185,-8386,1405,6799,16781,297,2751,18644,1507,5236,18644,410,3106,18705,3557,8866,10788,2695,4035,126,1845,3282,-4549,121,-11539,-49051,2894,5039,-4064,51,-11614,-49051,9148,17203,9548,17203,9548,17203,6343,17203,3446,3980,-1670,-3609,-1009,1903,-5757,-6943,2723,91,-5453,-7826
9/5/2024,2420,3275,14610,2265,4360,14002,4079,6035,15143,1530,3252,14610,3055,5313,9896,1020,-2476,3765,1035,6232,2964,1285,-3355,-8995,1268,-1035,-992,-1130,-3158,-8995,2420,3275,13063,2265,4360,14069,4079,8255,12862,2075,3723,7348,3055,5313,10547,1020,-580,2449,1035,2535,2855,-995,-2975,-10680,2293,3213,7117,-1130,-2975,-9070,4710,10315,5410,6800,5395,9480,4035,7705,7810,7496,2417,2734,6419,2307,-4740,-5304,3535,3722,-2425,-848
9/6/2024,4910,8138,7902,5040,8368,7790,5320,8530,7212,5590,6499,6119,2590,6000,1717,6400,7950,9459,7145,17354,12776,445,13158,7226,-70,4504,-4529,11001,13464,13672,4910,8138,7902,5040,8368,7790,5320,8282,7212,5590,5819,7253,2890,8188,7933,6400,9327,11403,7145,17354,20371,11001,17063,40673,6600,15453,19137,11001,17090,39470,-755,2871,-830,2871,-885,2871,280,2250,4050,1498,1593,3602,3395,13210,1476,126,3953,-7890,-6579,574
9/9/2024,219,131,1253,656,534,2779,-841,1722,-3487,1634,6326,1253,5033,12834,32361,1963,871,14821,4290,11678,30607,-875,1802,-2391,4399,3343,3086,-3895,862,2773,219,-1499,-2137,656,2190,-1826,-841,-833,-6890,1832,5316,693,5033,13204,33199,1963,4567,15450,4290,11678,27121,-7180,-15920,-30320,3842,9671,22287,-7180,-17675,-30935,1651,7186,2923,5165,3229,2293,1651,6781,15493,28020,7776,14080,11985,20522,-470,-7395,8677,2859,-380,1042
9/10/2024,1935,3796,9403,1265,3971,9083,1125,764,9238,-190,1681,9018,-900,-3493,-7811,-1495,-2542,-285,-1945,-1519,-2089,130,1750,1019,240,2481,2101,-3120,-4535,-5336,1935,3796,9172,1265,3971,8852,1125,3924,9007,100,1346,2548,-900,-3493,-8587,-1495,-1054,-2992,-1945,-1519,-4626,-3740,-3606,7374,-2115,-617,-3830,-3945,-2191,7374,4854,12051,5328,11731,5173,11886,4034,11854,-1268,-4619,1449,1630,2461,4852,5171,8314,203,1931,-2183,7106
9/11/2024,2470,5743,9317,2335,5470,6826,2455,2945,9318,2095,3503,7012,-5081,-6402,-7322,-2845,-6440,-8952,-2720,-6520,-8725,4150,-6126,-7160,-4730,-6515,-220,2765,-6300,-7160,2470,5743,9317,2335,5470,7047,2455,3445,9318,2095,4878,7207,-5081,-14040,-29484,-2845,-7500,-15075,-2720,-9455,-21755,3305,3045,9342,-2600,-8350,-24155,3170,2895,7857,5860,16292,7082,15379,6609,15389,5090,16536,-6797,-8904,-4260,-8909,-4541,-8945,2733,-8221,-6255,1542,7590,-8421
9/12/2024,2230,2790,-1793,2325,2795,-1753,2890,1655,-2612,2230,2274,-1793,3759,4068,3893,2668,3560,1225,4169,1657,8599,4485,-68,-4605,1471,705,6078,5965,757,-2178,2230,2790,370,2325,2795,410,2890,3790,489,1690,3041,447,3759,4068,9893,2668,2036,1503,4169,1657,9804,6065,4328,7954,3004,1067,8398,5965,4328,7954,-630,-1819,-1079,-1819,-49,-1819,145,-1819,6133,7657,5300,2446,6724,10811,-5386,-6791,9155,1022,-4615,-5034
9/13/2024,1395,-17,-2640,1510,-17,-4185,1780,2275,-4185,331,716,-2640,729,6172,8435,2146,5610,804,1662,6144,7949,1931,106,-7584,621,2854,7152,843,-1128,-8278,1395,-17,-2591,1510,-17,-4136,1780,858,-4136,1271,1265,-681,729,6172,11202,2146,2239,1966,1662,6144,10266,2147,6222,1875,1982,6700,12515,2147,6222,1875,-1579,-6720,-1579,-5025,-869,-5025,-1579,-6720,3042,11218,1028,1852,1004,6904,-6741,-8446,1467,3919,-6605,-8211
9/16/2024,-880,2234,-53,-860,2302,-53,-880,700,-53,-565,890,-53,2363,-1201,-2584,-1835,559,316,-1502,-1167,-5010,211,-6502,-2902,795,2971,931,1266,-475,-644,-880,2234,691,-860,2302,691,-880,2302,691,-615,927,373,2363,-838,-3252,-1835,-2305,-3586,-1502,-1167,-4659,1266,47,-5935,-872,-632,-2374,1266,47,-5935,2562,1168,-433,1168,-433,1168,1283,1168,-1163,-5966,-3883,-5789,-1435,-4834,-1420,-8228,-5165,2195,-3020,-8911
9/17/2024,-940,-1602,673,-935,-3047,673,-1800,-131,673,-385,-619,-420,179,72,-8796,2095,1585,-7386,-521,-5745,-6871,-625,-1610,-8318,1361,-1055,-1307,3911,4658,-7594,-940,-1602,1195,-935,-3047,1195,-1800,-3082,1195,-385,-1121,3619,179,544,-2439,2095,-585,-5263,-521,-7730,-12194,3911,3051,-25766,-171,-9870,-10563,3911,2414,-24731,2100,-1905,2100,-1905,2100,-1905,1720,-1905,-4986,-8998,-3673,-7718,-6285,-8998,-4220,-6321,830,-2913,6105,-6200
9/18/2024,3535,6040,14567,3968,5482,14574,3411,4241,15755,1895,3025,13567,5824,13890,19989,6189,4185,21872,8064,13838,24800,3454,10611,20562,5885,6658,9636,6808,1365,10834,3535,6040,14436,3968,5482,14819,3411,6632,14314,1050,1535,7870,5824,13124,22521,6189,11048,21872,8064,13438,24114,6808,11384,28887,8392,13438,23149,6808,11369,30907,9194,16887,9064,16887,8217,17722,8694,15887,12545,23827,17234,29418,13637,22104,17183,14930,2205,9896,7244,17685
9/19/2024,1545,1805,2946,835,7394,6616,6337,5799,2728,1385,550,2946,2319,855,1189,3522,3315,6496,3983,-571,-4972,3186,12603,-4243,7013,2612,-372,8897,1320,-4243,1545,-350,-2701,835,650,-1761,6337,2476,-1634,395,-505,3173,2319,8138,6620,3522,3984,1162,3983,-571,-11098,8897,8333,-34564,7184,41,-13303,8897,8333,-34564,2369,-522,4171,2651,5867,1047,2369,-522,2448,-365,94,14201,-3485,4871,8582,-1158,1740,1375,6266,3545
9/20/2024,4245,10902,8768,4559,8642,8319,3035,3743,8319,3830,7057,8768,7433,14878,20757,7623,10770,11734,7246,15293,14769,2295,9908,-3638,5170,618,8263,3600,5992,-1371,4245,10902,7371,4559,8642,7525,3035,7937,7525,3597,5785,5184,7433,14878,22058,7623,13383,12435,7246,15293,15223,3600,5245,7933,7056,13131,14188,3600,5245,7133,8928,17494,7668,17494,7668,17494,8928,17494,9369,22621,5873,16362,9412,18035,-5895,366,6372,6135,-6835,11018
9/23/2024,355,3669,-525,2270,1195,-525,1500,3501,-525,775,5115,401,5376,4282,4711,3828,10987,-1229,3586,2126,-907,4897,-4622,-7893,181,370,824,3574,-2115,-7893,355,3669,-790,2270,1195,-790,1500,1195,-790,805,3449,4393,5376,8453,14263,3828,6194,1781,3586,3761,3484,4789,-10382,-23930,3712,736,3484,4789,-10382,-23930,-3881,-7120,-3881,-7120,-4281,-7120,-4819,-7120,2198,4086,-2047,-1604,-822,-2020,-5875,-7206,5830,454,-6875,-7446
9/24/2024,950,70,1738,1496,1412,-71,1139,-357,-71,1408,85,3128,2055,5510,-397,-805,-830,-7208,-580,-549,-8255,185,-3904,-7977,494,2095,3911,-4978,-4259,-6681,950,70,2103,1496,1412,289,1139,488,289,1423,-40,4303,2055,5681,1958,-805,-494,-11555,-580,166,-10383,-8710,-10018,-58388,-505,652,-9003,-8710,-10118,-58443,6395,5026,8482,-1793,7550,-1793,6475,4031,3337,3145,-4025,-7150,-2572,-5491,-4600,-8013,4145,3611,-6470,-8013
9/25/2024,407,-143,1698,637,678,1370,1138,2991,1370,1347,6274,1698,1648,1226,-1965,-178,-68,-6500,-44,-2495,-5291,1415,-3294,-5249,-1440,5881,394,-1940,-2005,-7551,407,-143,1924,637,678,1804,1138,580,1804,612,-803,6855,1648,788,204,-178,-386,-2784,-44,-1902,-8086,-1570,-15734,-43383,327,-1902,-8086,-1755,-15734,-43383,-1280,2393,77,-489,92,2813,-1280,2393,-1895,-4880,-4365,-7055,-5425,-6990,-6699,-5709,-1790,-1626,-6444,-6539
9/26/2024,3435,3419,5032,4060,4194,3427,3162,3704,5401,1445,3629,5119,1763,834,-2520,3465,8509,-4109,1646,1054,-7236,755,7493,-5095,2229,125,-3512,4095,5144,-6754,3435,3419,6575,4060,4194,4628,3162,2665,6159,1670,2985,8376,1763,1280,-5438,3465,4700,-3471,1646,-1764,-11605,4295,11413,-23988,715,-2456,-14715,4295,11093,-25207,895,4829,729,5102,190,4326,3164,4757,-2835,-4356,-1619,-5937,-1872,-5109,-2078,-2260,2160,-2874,949,614
9/27/2024,2765,2652,3750,1709,2436,4220,2062,4694,5177,2975,4597,3750,-1293,-1450,-1230,2257,3830,12181,1657,4844,3863,370,17233,12503,645,6042,-7005,9314,18156,12503,2765,2652,5013,1709,2436,5483,2062,3899,6693,3050,4097,7938,-1091,-780,-6657,2257,5635,12906,1657,4844,14275,8764,21439,55444,4013,5894,14275,9314,21964,54964,1994,-1408,1994,-1408,2024,-1408,3984,-1408,-1935,-5676,12768,18000,5427,9579,8632,-2756,-5051,-8360,13818,3409
9/30/2024,2240,6244,12239,2395,7535,12997,2703,2642,13702,1189,5902,12239,4889,12536,20910,2937,3486,13378,6032,15135,19843,3705,7282,3441,3703,6429,1878,3925,1763,3441,2240,6244,14140,2395,7535,14430,2703,6807,13905,104,1176,6295,4889,11630,21062,2937,7644,14303,6032,13733,26353,4165,1936,15645,5818,13202,25978,3925,1846,14030,8015,14261,8975,14077,8975,14211,8015,14261,11360,21934,9296,16679,15782,18189,8187,-1800,3335,3111,-836,-316
10/1/2024,3925,3894,2320,3145,3914,4049,3130,2970,2512,4964,4403,2320,4211,6229,10633,3595,5661,9524,4175,8249,10791,-978,-3560,-8999,2243,4727,3490,3172,-5822,-5060,3925,3894,5824,3145,3914,4759,3130,2696,5097,5019,5024,7539,4211,6662,15668,3595,4506,7104,4175,8249,7595,3172,-3560,-25162,3670,6943,6586,3172,-3560,-25557,-776,6073,-616,5838,-751,5838,544,6073,4854,11777,-2081,-76,-4629,-1319,-6777,-7245,3236,10569,-5459,-7967
10/2/2024,-1560,-580,-6098,-710,-680,-4923,-765,-1710,-4199,-1830,-490,-6098,3103,5965,4854,2160,10976,1211,3724,7467,-116,4295,535,-918,642,2375,-1752,4384,9730,-1292,-1560,-580,-8386,-710,-680,-7376,-765,-91,-8545,1035,560,-4750,3103,8619,16262,2160,10531,1386,3724,7496,2173,4384,3968,-20446,3102,6223,-965,4384,3968,-20446,-2172,-2332,-1478,-2332,-1600,-4347,-956,-2332,2276,-1460,8090,2892,1445,2506,4509,-3165,6419,-4176,717,72
10/3/2024,225,821,141,-600,2652,406,1385,2440,-1599,430,1048,556,3267,6176,20200,4182,3100,1531,2241,-3239,1369,-570,-6204,-3422,56,1314,7179,-5600,-3617,-7710,225,821,141,-600,2652,406,1385,2543,-1599,430,904,4420,3267,6176,22602,4182,-1206,4427,2241,-3200,1657,-4210,-10457,-23630,1981,-926,3344,-4475,-9347,-23630,-389,-300,-928,-300,-1063,-300,-389,-300,10777,23908,4353,9443,407,4899,111,-6133,560,8251,-2998,-815
10/4/2024,790,2982,5626,565,3547,6233,632,3219,5045,240,2575,5626,-330,-2485,-5909,310,-485,-1907,-1018,-3109,-5274,-970,985,84,-2210,-1642,-480,-775,3477,10646,790,2982,6069,565,3547,6551,632,2811,5407,240,2675,6680,-330,-2485,-6080,310,-598,-897,-1018,-3109,-8350,-775,1530,773,-2210,-2645,-8350,-775,1530,773,155,-1246,-68,-956,117,-1246,155,-1246,668,-3071,2985,2491,715,-919,4707,3579,-371,594,2207,10323
10/7/2024,1429,543,-3883,516,93,-3922,1486,-1332,-1188,1024,2279,-3883,-2472,-6763,-8832,-2395,-6515,-8749,-3665,-6898,-8724,6425,4210,1337,-3540,5234,-2890,1200,13334,8744,1429,543,-3622,516,93,-3262,1486,1973,-262,217,-1545,-5918,-2472,-8003,-21943,-2395,-4238,-16310,-3665,-6608,-24945,-1320,-2650,-27190,-3455,-7283,-23486,-510,-2865,-25340,2190,-3005,1785,-2700,3285,300,1725,-3005,-6943,-8924,-6948,-8999,-6997,-8809,3538,8051,867,-5434,14760,14694
10/8/2024,1835,2510,-1063,870,-1940,-1851,45,-953,-1557,1065,2003,-1117,-2065,-4992,-9000,800,-1409,-4416,627,-864,-3209,600,9351,10372,-1355,-1467,-5608,4517,7149,10763,1835,2510,-691,870,-1940,-798,45,-2144,-723,270,-570,499,-2065,-4992,-12233,800,1353,-541,627,-597,-613,5867,16346,41404,20,358,-3589,5717,15911,41404,870,-1430,865,-2035,785,-2146,870,-1430,-4855,-8895,1910,1344,2799,3596,12255,20522,-1077,-3598,6300,22857
10/9/2024,910,-437,1134,-15,-188,1134,-897,-1128,1474,495,-769,1134,-2585,-6992,-7564,600,-3615,-7169,370,-1846,-4644,2810,15111,22941,-3700,-6875,-8885,7697,9500,22941,910,-437,1686,-15,-188,1686,-897,240,2026,105,73,332,-2585,-7846,-14677,600,-2404,-4061,370,-1007,348,8242,19224,59685,-430,-2314,-2457,8242,19224,58885,1556,3370,1805,3370,2284,3370,1896,3370,-6650,-7482,180,-1438,2395,-4324,16832,23832,-6775,-8800,12029,23928
10/10/2024,1545,853,-3843,1545,1873,-4358,2600,2395,-4743,2230,-779,-3843,4650,4100,-1900,3900,7160,-7361,4100,-275,-8141,2926,3968,-7513,3331,2558,2378,1600,5518,-8308,1545,853,-6664,1545,1873,-5664,2600,2122,-6790,2230,2813,-1639,4650,8049,2173,3900,-550,-12838,4100,-38,-13046,1675,495,-54598,5106,-624,-12166,1600,495,-54598,-1030,-4905,-1030,-4905,95,-4905,-1030,-4905,3372,-1440,1375,-1442,239,273,3642,-8040,1505,4184,5628,-7360
10/11/2024,2805,3503,1727,2840,3503,1727,2840,7045,1727,3120,5585,1727,4364,11085,21134,3768,5843,14715,6983,16283,11366,3450,-5291,-6613,4118,4713,5528,7176,1720,-6613,2805,3503,1778,2840,3503,1778,2840,3503,1778,3120,6495,5630,4364,11085,22774,3768,6577,20562,6983,15938,18559,8838,22127,33937,5403,7232,20366,8838,22127,33937,-250,-3872,-250,-3872,-250,-3872,740,-3872,6480,14362,4900,7536,7827,7438,-5611,-6980,5260,6560,-6255,-6980
10/14/2024,1230,2970,2600,470,4020,3595,372,4371,6186,985,5007,2600,3718,10298,21020,5324,12119,16181,6187,22077,27184,875,9043,14018,3796,3497,448,8050,26597,14018,1230,5174,12896,470,6224,13891,372,7209,13846,363,1842,8966,3718,11732,29872,5324,17247,34737,6187,26081,43242,8750,50088,103460,5233,22717,43242,8750,50088,103460,8375,3140,5121,2985,5121,2985,8375,3140,6506,13767,10221,13606,9767,25524,10564,2650,5528,1831,3105,-1705
10/15/2024,2782,3538,12623,3452,4248,14018,3047,2452,14490,1417,2307,11237,-3700,-6940,-8183,-300,-3332,932,-1089,-1523,-4348,4163,9846,16351,-705,948,-3538,9417,12449,11286,2782,3538,12623,3452,4248,14018,3047,5136,14490,1417,1735,7330,-3700,-8275,-20568,-300,-3665,2165,-1089,-3325,1674,9722,14961,57637,551,-4363,194,9417,13686,56252,7835,24577,8165,24192,8005,24112,7495,20853,-6960,-7724,2883,12262,2581,18784,15461,19626,-6960,-8175,14265,32927
10/16/2024,1331,1280,-2020,1010,1280,-2020,1780,4900,-2020,1671,1596,-2020,-3791,-5814,-5504,-1954,-6759,-6911,-3640,-6909,-7780,-44,-5315,-5669,-1483,-4384,-7035,366,-1074,-5669,1331,856,87,1010,856,87,1780,856,87,1171,5386,6659,-3270,-5654,-8893,-1954,-6629,-12916,-3290,-7569,-15278,366,-11249,-32610,-1339,-5573,-14753,366,-11249,-32610,-830,-3987,-830,-3987,-830,-3987,-830,-3987,-6850,-6735,-6480,-8280,-7000,-7175,-6535,-8234,-6345,-7875,-5970,-8149
10/17/2024,2220,1819,-7190,2059,1474,-3469,2315,1727,-5729,680,1236,-7190,664,793,-1998,2255,1608,1084,2475,2579,6994,790,7639,8274,1379,1854,3662,6393,5418,8274,2220,1819,-3259,2059,1474,-3034,2315,900,-3169,990,-1071,-1456,664,793,-3493,2255,1039,2978,2475,2579,6629,6593,13869,33067,1809,2279,5428,6393,14109,33677,3758,6276,3758,6276,2395,6276,3258,6276,2858,328,2020,2896,4975,8616,16068,11657,1585,9770,12168,11048
10/18/2024,6991,6123,-228,7026,6602,-795,7631,9148,-795,8936,7908,-228,3050,1406,7604,962,10463,5087,1017,6523,-2685,1980,1468,-6656,2418,3837,608,6339,-3886,-4627,6991,6123,668,7026,6602,248,7631,8787,248,8823,2542,9650,3050,2194,12682,962,4294,3307,1017,2994,5658,6559,-8656,-24969,885,2994,5658,6339,-8656,-24969,303,-7093,303,-7093,303,-7093,-2659,-6175,7809,1185,4133,-2612,6175,-3685,3295,-7835,16270,5186,11180,-4615
10/21/2024,694,-2155,-926,1463,-2248,-4196,-690,-1057,-4196,-880,-1746,-926,3384,4902,8251,3002,9682,14835,5301,6803,15385,2415,6314,7202,3325,5070,6279,7365,16514,10154,694,-2155,-4063,1463,-2530,-6538,-690,-4612,-6538,-1205,-3154,-6588,3384,4902,9627,3002,10450,17901,5301,7801,22653,7845,20990,51051,5301,6860,22653,7720,20990,51051,-2272,98,-2272,98,-2272,98,-2272,98,5536,5998,8401,13977,10280,9079,1665,-2023,3856,1615,4338,10984
10/22/2024,-50,-2828,-3387,-1340,-2708,-3387,-2135,-2463,-3387,-1175,-2343,-3387,1561,1727,-4151,2227,2656,-4131,2387,1550,-258,700,7411,-1308,1059,-323,1627,5999,10719,-1835,-50,-2828,-6833,-1340,-2708,-6833,-2135,-2803,-6833,-1450,-3113,-3071,1561,2066,-234,2227,2075,-1930,2387,1596,3132,6569,16585,24806,2428,1742,5428,6609,16585,24806,-2120,-6244,-2120,-6244,-2160,-6244,-2120,-6244,-3678,-5788,216,-2728,3662,570,10694,-3120,-862,-4651,17430,-498
10/23/2024,65,-1210,-2544,-745,-835,-2634,-93,-3060,-2939,-505,-1710,-2544,-2795,-6745,-8920,-1155,-4725,-5660,-505,-3605,-8030,4707,7521,14072,938,484,-6432,7266,4223,11222,65,-1210,-1630,-745,-835,-2636,-93,6,-2941,-795,-2668,-7974,-2795,-7322,-16112,-1155,-2727,-5687,-505,-3605,-5444,7689,7855,15274,1548,-2747,-5806,7266,8865,13461,1161,2072,1206,2072,1206,2072,-538,2072,-6350,-8905,-1850,-1175,1664,-435,7096,21408,543,-8520,814,21379
10/24/2024,380,3552,1645,-664,1433,1645,-1091,2500,1645,1284,3507,1645,2119,6580,2975,1357,8036,1132,2935,128,7645,500,12783,2285,2108,2278,1432,2195,18860,2285,380,3552,-1052,-664,1433,-1052,-1091,1433,-1052,1244,1127,633,2119,2556,9544,1357,6988,1886,2935,128,5573,2280,15399,-4332,2239,-3519,6756,2195,15294,678,-3920,-2600,-3920,-2600,-3920,-2600,-3920,-2600,825,-531,54,-2287,-3788,-6477,-699,-6365,737,469,1517,-2662
10/25/2024,680,-982,-4980,-155,-1317,-6085,-80,-3485,-7120,510,1627,-4980,-1387,-5007,-8983,-3580,-2396,-8365,-2290,-6213,-8185,-990,-6978,-8127,-2025,136,-382,-5770,-6537,-8982,680,-982,-5002,-155,-1317,-4190,-80,-2063,-5866,-350,-137,-8607,-1387,-6430,-15640,-3280,-6020,-14482,-1940,-6558,-11634,-3790,-8393,-21122,-1155,-4822,-8444,-3945,-8548,-21752,-1420,-1444,-1420,-1444,-1420,-1389,-1420,-1444,-5277,-8999,-6975,-8382,-6968,-8984,-7000,-8847,-4670,308,-6890,-8362
10/28/2024,-945,-1005,-1972,-690,-990,-2340,-695,-4760,-2442,-400,-675,-1972,-4635,-6620,-7331,-321,-1732,-1930,396,-220,-1556,6461,20978,31669,763,793,-8855,10139,19013,31669,-945,-1005,-1902,-690,-990,-1710,-695,-949,-1115,-955,-3890,-5445,-4635,-11020,-18811,-321,-86,-1930,396,-220,-455,10139,27284,72128,1928,-770,409,10139,27284,72128,-370,-2740,-370,-2740,-420,-2740,-370,-2740,-6995,-8931,412,3000,1438,2569,18927,22441,-5520,-8410,17504,25193
10/29/2024,2205,2129,-1986,2027,2134,-497,2400,2476,1270,2491,466,-1986,-5700,-6890,-8985,25,-2750,3465,-370,-4845,-8995,4430,26316,11315,-4615,-5016,-8400,9470,22388,21421,2205,2129,162,2027,2134,1261,2400,3009,3191,1491,-914,-2421,-4670,-10955,-22660,25,775,3665,-370,-790,2960,9470,28998,77114,-1425,320,8260,9470,28998,77114,3078,866,3043,1723,4320,3271,1923,-79,-6875,-8435,4590,2305,1139,-6950,25929,28834,-6260,-8175,18352,21653
10/30/2024,85,-115,1056,50,-42,966,460,-2110,916,25,898,1056,-1725,-6194,-7349,1281,-167,-659,2729,2573,2006,5494,17193,29228,1934,-311,1703,9434,15399,29228,85,-115,2098,50,-42,2008,460,293,1958,530,-2260,-4590,-1725,-8434,-17985,1281,1225,1965,2729,3839,2784,9619,18605,49769,2409,2554,784,9434,18205,48969,-160,563,-160,563,395,563,-160,563,-4507,-6829,2039,2115,4073,4014,23349,38294,2927,3367,16101,38303
10/31/2024,310,2845,5715,1435,5266,6458,473,5146,5923,-1345,527,5715,3363,11328,14340,3208,8542,23296,6628,17716,30172,-759,-996,-8528,3815,4830,5884,1486,-1721,-8528,310,2845,6444,1435,5266,8020,473,4141,7809,-1845,-530,8986,3363,11805,27910,3208,14498,23445,6628,17716,31618,1486,355,9402,6040,18941,29869,1486,-370,9402,5806,3064,5786,2867,5617,3101,5949,3064,12304,24505,12748,30900,16140,37589,-366,-151,8240,3100,835,4884
11/1/2024,1935,1605,-2465,1935,1605,-2465,1340,2518,-2465,1640,3699,-2465,3065,3446,3002,1885,5166,-3996,1999,3813,-5310,15,-4306,-8640,224,949,4807,-225,8004,1098,1935,1605,-1462,1935,1605,-1462,1340,1605,-1462,1985,1310,-94,3065,3446,-1886,1885,2833,237,1999,3540,226,2375,9444,99,1629,1885,567,2375,8549,99,-2845,-3700,-4350,-3700,-4350,-3700,-2845,-3700,-81,9298,-2680,-529,2557,-5879,-3785,-7968,1396,1766,-4530,-6756
11/4/2024,2442,3989,858,887,2634,-891,882,4765,23,2565,6047,858,4373,7419,11928,2940,3145,9760,4788,6695,9448,1550,-1570,10569,5013,4148,5807,4990,5930,-40,2442,2576,-4049,887,2541,-3884,882,1251,-4054,3322,5431,4194,4373,7419,13048,2940,6155,9960,4788,6695,10853,6155,3360,6871,4104,6118,8591,5930,2985,6196,1905,4001,3266,7026,2977,5396,3415,4001,2924,6003,3147,8840,1637,10928,471,16194,3118,6800,-133,17332
11/5/2024,3546,4003,2580,3783,3469,2292,2992,8173,3170,4218,6203,6195,886,2221,-1803,419,6624,-505,-8,1117,-2554,323,-336,-5102,-437,-1926,1393,-1859,11789,-5697,3546,4003,4157,3783,3469,4362,2992,3042,5235,4218,6147,9312,886,2516,5914,419,2415,4831,-8,2624,286,-1859,-270,-739,-1020,2095,102,-1859,-270,-739,1020,-1085,1890,-1085,1492,-134,4330,2540,6783,1205,5937,3771,4814,6355,-961,-8045,-780,3511,2500,-4376
11/6/2024,1709,3279,5922,1787,3279,5922,2552,1125,5922,1655,1688,5922,-1337,-6202,-7586,1136,465,1997,2467,7911,10172,5553,30591,20279,901,-87,1169,8888,21211,27033,1709,3279,7871,1787,3279,7871,2552,3515,7871,1345,1734,4459,-1337,-4302,-7366,1136,1624,860,2467,7911,6720,9028,37424,66036,2586,8503,5750,8888,37424,66036,2916,2033,2916,2033,2916,2033,2916,2033,-6915,-8410,2786,1392,10049,7595,22512,18103,-4663,92,23671,24437
11/7/2024,-490,-2700,2961,-470,-2750,2961,258,-2042,2961,548,-1793,2961,178,-201,11051,805,4192,18241,3426,5976,16898,4197,14118,9914,-278,-1130,-1211,7962,9274,14019,-490,-2700,2961,-470,-2750,2961,258,-2750,2961,548,-47,-2253,178,-1072,7611,805,553,18649,3426,5976,18693,7962,22094,74310,2527,6098,21649,7962,24554,74310,-2074,4602,-2074,4602,-2074,4602,-2074,4602,-2465,7862,2356,22926,9721,16327,8568,606,-6610,-539,6826,14951
11/8/2024,2245,-1177,-816,3245,-177,-816,2510,88,-816,2127,348,-816,3976,3081,1580,3258,10915,12069,7991,16222,17023,110,-6045,-4604,2429,-1456,-1133,678,-6660,-4604,2245,-1177,1347,3245,-177,1347,2510,-1662,1347,762,-1269,6472,4811,11000,14540,3258,6545,12069,7991,16085,17069,1103,4579,18116,7648,18325,17069,1103,4579,18116,-357,-722,-357,-722,-937,-722,-357,-722,-4695,-4295,-974,1682,7223,3918,-5621,-6506,-764,-7670,-1630,-1138
11/11/2024,3714,7545,11371,3109,7254,7811,4682,7005,10516,2611,6596,11371,2145,4259,3662,3091,6903,6538,3480,15715,13978,-499,4241,-4839,5156,1575,2522,5233,4430,-4839,3714,7545,12507,3109,7254,9176,4682,9013,11881,2196,6447,9680,2145,4496,9659,3091,113,7137,3480,15715,15055,5233,9871,39117,3120,9990,15055,5233,9686,39117,7788,8083,7977,8083,7977,8083,6811,7023,3440,610,1156,-989,5395,1780,1646,-7646,2620,6043,7284,-7646
11/12/2024,584,1426,5930,1697,1478,8558,1920,851,8347,23,1426,5930,3966,5865,5076,2983,2305,2583,3484,2229,3305,3125,-527,538,825,1676,-4230,2930,907,-5919,584,1426,8173,1697,1478,9888,1920,1077,10808,-311,4348,3270,3966,5865,13426,2983,3340,3371,3484,2871,7126,2930,1584,5164,2692,2871,7126,2930,1564,7629,3090,8371,2962,8371,2962,8371,5799,8371,1798,4173,-820,-2101,1692,3546,-6920,-7785,-1285,-4115,-4295,-8270
11/13/2024,2355,5286,7734,3146,5731,7681,2635,5797,7681,2974,3522,7734,4011,4968,3435,-50,-3147,-5339,418,-970,-3242,-490,-3216,-4889,1450,3009,6742,-5240,788,-4889,2355,5286,8243,3146,5731,8073,2635,5806,8073,2744,4325,9031,4011,7628,15224,-50,-529,-5746,418,-27,-8823,-3545,-16480,-59756,292,-1168,-9286,-3545,-16480,-59756,1923,5540,2070,5540,2070,5540,1828,5540,7315,3667,-3417,-2418,-1016,-8202,-3916,-8350,3753,8837,-5305,-7261
11/14/2024,915,-525,-3941,990,-545,-3734,815,-2925,-3606,-410,1740,-3941,-2020,-5835,-7430,2732,2809,1973,3194,2445,-4415,5857,15420,28226,2250,3613,1573,7567,11825,30400,915,-525,-3554,990,-545,-3690,815,-751,-2950,390,-2410,-10826,-2020,-5835,-12685,2732,2298,3587,3194,2509,-1616,7657,21367,43712,3462,1375,-4549,7567,21092,42257,-285,-2850,-430,-2850,165,-2850,-1742,-2850,-5180,-4969,4399,4596,5240,1214,16076,32353,4289,8043,7080,31519
11/15/2024,1560,5956,11994,2328,6132,12854,2042,3737,8154,1840,6821,10994,-2265,-6830,-8255,-1385,-4494,-4378,312,-1583,1535,223,5562,-2305,-173,1079,-844,4944,3152,-2305,1560,5956,12986,2328,6132,13503,2042,6608,9025,820,3811,4376,-2265,-4945,-9573,-1385,-3850,-4945,312,-1583,-1188,4954,9682,12590,447,443,-1188,4944,9502,12590,3642,2140,3642,2140,3637,2140,3462,3415,-6350,-8745,-4780,-7850,-3735,-6324,3256,-6075,210,-961,235,-7498
11/18/2024,-595,-5234,-6714,-1045,-5799,-6324,-2005,-4874,-6076,-1095,-2945,-6714,1305,-2006,-3396,-713,-4400,-6858,-3259,-1675,-4577,1710,-6445,-2230,-1180,305,-1909,-2055,580,-2230,-595,-5234,-11820,-1045,-6909,-10363,-2005,-6371,-9333,-1390,-4561,-9105,1305,-2741,-8148,-713,-7073,-17237,-2366,-5329,-20992,-1940,-21335,-51940,-880,-4319,-21990,-2055,-22085,-51940,-3063,-6997,-4849,-6997,-4849,-6997,-3063,-6997,-1273,-3214,-5020,-6289,-5580,-4336,-6035,-5011,-1235,3190,-3395,-5011
11/19/2024,1797,2821,3595,1013,1227,4058,791,-321,4588,1515,-584,2595,-3090,730,-8420,265,335,296,575,2438,5586,4587,10743,5566,-1725,-6885,-7080,6815,9549,5566,1797,2821,5186,1013,1227,5102,791,1266,5061,1303,1365,-2865,-3090,-3870,-6960,265,2201,7251,575,3654,7871,6815,15243,38592,-705,3654,7871,6815,15243,38592,1664,6873,1884,6978,1927,7094,3538,6873,-6950,-8095,4922,7367,6475,8076,7004,9898,-3020,-7400,4478,9026
11/20/2024,-495,1931,-1744,-300,3606,985,-340,-964,2153,-495,542,-1744,1058,3671,3055,2143,-533,4595,2858,-387,-5037,-895,-6138,-1948,2252,3552,355,-4090,-3885,-1658,-495,1175,-1935,-300,2075,-2115,-340,3707,2302,-760,-1140,-2310,1058,3671,3055,2143,1098,3060,2858,-387,-4246,-4560,-9672,-25756,2503,1463,-3001,-4090,-9672,-25466,1990,4190,1891,4107,2131,5182,1990,4190,3269,3083,-221,-2379,-1540,-2761,-3868,-3179,272,81,-3758,1001
11/21/2024,3460,3454,-2000,2670,3694,-2000,3190,3993,-2846,3774,2318,-2000,977,7542,1672,1055,5979,1852,2654,2620,-1852,-520,-6975,-8215,1748,-1657,-688,8575,-3956,-8903,3460,3454,-2133,2670,3694,-2385,3190,3749,-2270,3024,4485,-312,977,7542,2580,1055,3984,-850,2654,2620,-215,8575,15471,-19168,3933,2635,7595,8575,15456,-17158,3935,-2453,3990,-2453,4040,-2378,3935,-2453,1293,-3187,4288,-5287,708,-6210,-4890,-8855,-62,686,-6080,-7580
11/22/2024,1159,-2651,-7832,110,-2236,-7832,-575,-700,-7832,2635,-3107,-7832,5004,11168,15965,4091,7303,7788,5810,15713,13697,2821,6694,2244,3791,2417,4574,4426,3557,2244,1159,-4935,-5760,110,-4520,-5760,-575,-4520,-5760,2045,-2040,-153,5004,11926,21767,4091,7098,16068,5810,16574,28057,5406,12025,38729,7157,15671,28235,5406,12025,38729,-3012,-3707,-3012,-3707,-3012,-3707,-3012,-3707,8660,11156,7463,11038,9682,10423,7534,2007,4745,5128,2772,6206
11/25/2024,-3670,-5545,-6157,-3725,-3971,-8532,-3715,-6263,-5030,-3905,-5930,-6157,-1160,-227,-2036,81,-1735,-3256,-412,-4167,4812,1141,-6662,-7291,-910,-985,-7790,1075,-4585,-7291,-3670,-6430,-11727,-3725,-7910,-11997,-3715,-8085,-10897,-2470,-5885,-12385,-1160,10,2489,81,-4791,-2921,-412,-4167,5253,1830,-6742,-7975,-722,-3867,4648,1830,-6742,-7975,-3747,-6594,-3852,-6436,-3912,-5743,-3747,-6594,2766,489,-1217,-3859,1975,-1720,-6485,-5418,-3143,-7190,-6506,-6033
11/26/2024,1660,1790,-2694,1576,420,-2694,921,290,-2694,360,1988,-492,4293,10298,7241,3625,2670,5303,6991,11588,9180,-435,-3124,-1775,2946,3283,8464,3110,-1698,-695,1660,1790,-2630,1576,420,-2630,921,420,-2630,-190,-1000,4059,4293,10298,10057,3625,8200,10439,6991,14168,19417,905,3490,13633,6276,14168,19417,905,3490,13633,965,-806,965,-806,965,-806,965,-806,6840,2408,3838,2190,4753,5217,2610,619,514,564,1735,6035
11/27/2024,1090,754,7160,2119,2699,3331,1972,-74,7517,1873,1847,8595,4310,5674,-3053,815,-3010,-7230,1620,5540,-7114,500,-4827,-7386,805,-600,1246,236,-3972,-7386,1090,754,6883,2119,2699,4272,1972,1231,6261,1988,1053,6768,4310,9129,-268,815,-5620,-5436,1620,9727,-2621,236,-4452,-31606,1280,11105,-3686,236,-4537,-31606,1378,2372,1408,2372,1378,2372,-517,5917,1758,-4412,-3985,-7862,-3485,-5192,-5947,-8141,70,656,-5447,-6418
11/28/2024,3730,4755,7765,3730,4755,7765,3730,4755,7765,3730,4755,7765,5565,7075,7570,5260,7665,11480,5880,11250,16257,1560,6895,5110,3560,1500,4024,4605,6895,5110,3730,4755,6730,3730,4755,6730,3730,4755,6730,1630,3710,6730,5565,8735,14593,5260,7380,11125,5880,11250,16395,5515,7005,7900,6050,11250,16395,5515,7005,7900,-1065,-240,-1065,-240,-1065,-240,-1065,-240,1180,-870,1585,1515,-1550,-2590,2545,1815,-780,-1950,3355,1815
11/29/2024,3189,3994,5582,3374,3994,5582,3374,2556,5582,2375,6120,5582,3960,6210,6895,3524,2973,7474,6356,10836,16538,2216,2649,4260,2725,2078,4070,6604,8858,3260,3189,3994,5959,3374,3994,5959,3374,3994,5959,2375,2411,6570,3960,7105,11945,3524,4980,7474,6356,10836,17017,6604,13680,22270,4625,11021,19118,6604,13680,22270,-1580,-765,-1580,-765,-1580,-765,-1580,-765,-1875,-1335,465,2285,4077,3783,4622,7005,-915,2895,10307,5960
12/2/2024,1695,2367,2942,1670,1960,2917,1135,3751,2600,1210,1335,2942,1346,806,3609,1425,2174,2162,1045,866,2541,166,-4376,-7475,38,-955,1537,6438,-261,-7475,1695,2367,2942,1670,1960,2917,1135,1740,2600,1765,35,-525,1346,1087,8053,1425,-244,7929,1045,1280,9646,6638,-6222,11673,916,352,8457,6638,-6222,11673,-1863,368,-1889,1056,-2179,1264,-1863,368,1860,-3149,-4540,-3561,-493,1206,-4676,-8096,-2590,2307,-3850,-8305
12/3/2024,-340,597,2229,-493,342,2229,-454,-1611,2229,-540,-221,2229,-4870,-6956,-8979,-3340,-5057,-3306,-3405,-5050,-2530,1132,8862,14143,-4210,-6820,-4629,2107,8316,14143,-340,597,3038,-493,342,3038,-454,407,3038,-540,-1330,-684,-4870,-9846,-15301,-3340,-6850,-6586,-3405,-5050,-4755,2107,10625,41974,-3630,-5750,-4070,2107,10625,41974,3034,4660,2836,4660,2617,4660,3034,4660,-6785,-8970,-1070,-1400,-1944,-905,7482,11574,-6965,943,7145,2427
12/4/2024,-1180,-1221,-1203,-1180,-1221,-1203,-1155,-4400,-1203,370,-2565,-1203,-352,-6427,-7594,-378,340,-4405,-2600,-3508,-8763,2035,6034,14675,-1183,-284,-119,3814,5712,14675,-1180,-743,184,-1180,-743,184,-1155,-1175,184,265,671,-8427,-352,-7142,-17068,-378,266,-1290,-2600,-1801,-8917,5373,15359,44554,-2150,-2436,-8917,5373,15359,44554,882,-2753,882,-2753,882,-2753,882,-2753,-6190,-8919,1869,1980,673,580,7713,14224,-6600,-1168,1902,14224
12/5/2024,-1095,-2545,-2932,-1130,-2055,-3164,-840,-1690,-3164,425,-325,-3795,-1755,-5882,-8786,-194,-1071,-7777,-1025,-2741,-8877,2744,-324,-215,-546,-1696,-1836,2151,1933,-215,-1095,-2545,-2700,-1130,-2055,-2700,-840,-2115,-2700,185,-1870,-2620,-1755,-6267,-13270,-194,-3215,-7403,-1025,-3476,-14673,1636,7594,-1245,-90,-3476,-14673,1636,7594,-1245,-3396,106,-3396,106,-3396,106,-3396,106,-6510,-8692,-6635,-6290,-6965,-8950,2971,5559,-6020,4071,3470,9752
12/6/2024,405,2571,4115,-200,-366,4996,-344,-378,4950,1481,-1768,4115,2567,5521,9271,2588,6903,8159,4790,10454,8799,1795,4358,5954,2703,-610,4896,5557,8000,4534,405,2571,4983,-200,-366,5517,-344,-299,4983,1195,1761,3307,2567,5521,10195,2588,12299,17434,4790,11229,17940,6232,16245,61710,3996,11526,17940,6012,16245,61710,1100,2767,912,2573,937,2601,1100,2767,2624,3870,4369,7350,3957,7053,6934,11922,-2130,1063,8174,6464
12/9/2024,-625,-725,-1751,-480,-2340,-1058,-1275,-301,-1278,361,862,-1751,-1394,-1657,-7250,824,1299,-939,772,-1450,753,363,-2388,2648,-1210,842,-6835,4654,-3557,3585,-625,-725,-1249,-480,-2340,-404,-1275,-689,-624,176,-1505,-2160,-1394,-1596,-6094,824,3214,5362,772,-540,5338,3922,1624,39637,764,172,5338,3922,1570,39637,-2370,-3790,-2335,-3790,-2335,-3790,-2370,-3790,205,-5103,2524,-17,7328,-6929,3219,3532,2991,-8235,7737,2339
12/10/2024,1332,-196,4560,1050,799,1890,1890,-105,2977,547,1464,4560,-3810,-7000,-8997,-1431,-6920,-9000,-2450,-5200,-8615,3707,-7000,-8957,-1038,398,-8985,1179,-2842,-8957,1332,-173,6352,1050,822,3675,1890,1827,4884,-435,-2932,-1295,-3810,-8784,-20447,-1431,-5345,-11081,-2450,-5200,-15895,6299,4160,13628,-1183,-4292,-15895,6669,5040,13628,1458,4593,2203,4593,2523,4593,1458,4593,-6840,-8963,-5580,-8975,-4250,-7242,-5616,-8937,-6785,-8590,-1155,-679
12/11/2024,5045,6181,6550,4129,6936,6550,4094,7684,6729,4264,5737,6550,230,-3098,-4756,4225,6442,10022,5160,11691,6919,3520,-1627,-2367,740,-2268,-5446,3358,-1223,-2747,5045,6181,7751,4129,6936,7751,4094,6968,7731,2234,6795,7351,2330,4825,3635,4225,7606,11574,5160,12485,14285,4243,19619,20065,4555,12589,14285,3358,19619,20065,1403,-632,1230,-557,1465,-175,1403,-632,-6865,-7885,1138,3376,2581,-2366,4772,-3805,-2827,-7885,12104,4752
12/12/2024,1125,-1136,-4461,1095,-2706,-3901,-280,-1199,-3901,955,439,-4461,-496,-479,-5936,-714,-4250,-6283,-854,-3062,-6088,1904,-3545,2099,637,5552,3055,4488,-2928,2099,1125,-840,-3015,1095,-2220,-2455,-280,-1860,-2455,1310,-1175,-1762,-496,-479,-6241,-714,-3971,-5886,-854,-3062,-5905,4488,3905,5236,-467,-3767,-5905,4488,3905,5236,-4655,-5404,-4655,-5404,-5205,-5404,-4840,-5404,-1331,-65,-3000,-6331,-2885,-6347,4365,-2160,2917,2789,7815,5730
12/13/2024,1680,-2605,-3962,635,-2775,-2796,875,-2708,-3441,2515,-849,-3962,-347,272,-4265,-4440,-6115,-8878,-693,-6482,-8998,-900,-6330,-7779,-2225,-1187,-1683,-5623,-5153,-7755,1680,-2605,-3238,635,-2775,-2493,875,-1795,-1082,2515,-2280,-1658,-347,272,-759,-4440,-8705,-17550,-693,-6742,-19629,-5363,-25276,-66580,-1353,-7238,-19233,-5363,-25276,-66580,-1130,-2060,-610,-2837,-1165,-3497,-1130,-2060,-1380,-1415,-6800,-8985,-6995,-8995,-6770,-8870,-855,-1487,-6360,-8355
12/16/2024,2849,-289,6046,2079,-530,6046,2012,2047,5186,2074,426,6046,-4550,-6988,-8965,605,-2420,2587,5887,-105,-5754,8345,5669,7319,1334,-1224,-796,11816,4213,4044,2849,-289,6107,2079,-530,6107,2012,-262,6302,1674,2285,2351,-1246,-4071,-3187,605,-2709,708,5887,2066,1375,12046,6164,6141,2650,36,660,11816,6164,6141,-177,4471,-177,3738,-177,3689,163,4471,-6815,-8974,355,535,2795,4252,2606,9300,-2049,-920,3079,-3028
12/17/2024,1982,1887,-1437,1067,1390,-1437,55,1913,-1437,1937,3227,-1437,2744,5409,7071,3763,725,-470,2212,4662,2865,-110,-2785,-4773,1355,2836,2403,4186,-2434,-5662,1982,1887,-6190,1067,1390,-6190,55,1432,-6190,1957,2812,4611,2744,6477,18554,3763,2279,6377,2212,4939,9179,4731,3969,-24620,2133,3737,8011,5411,3804,-26273,-1705,2853,-2005,2853,-2055,2853,-1705,2853,6545,8869,7040,6032,4708,8348,-3065,-7792,4352,2235,-6400,-4925
12/18/2024,2150,-23,156,1205,-328,131,425,-2196,3185,5,2570,156,-1967,-6967,-6916,2049,-737,-4215,1988,435,-7462,9936,20636,35498,1763,855,-8960,12078,17300,25698,2150,440,2265,1205,135,2975,425,795,4215,1275,130,-3270,-1967,-9177,-18108,2049,390,-1333,1988,1457,-930,13313,30132,55180,2993,2062,-2400,12078,29977,51180,2160,5832,2320,6107,1965,5682,5,3332,-6217,-6906,1609,1080,3439,3097,20055,40131,590,2253,20080,24057
12/19/2024,2435,4053,2132,2340,3693,4493,2317,3043,4022,1315,3544,4261,1615,5560,10204,3893,3852,11387,3425,8372,9327,2300,10535,15995,-655,1428,-4136,8255,8853,5294,2435,4053,2549,2340,3693,577,2317,3504,711,1585,-165,-1164,1615,8472,-2886,3893,5338,9250,3425,8799,6466,8255,17153,36123,2125,8122,6661,8255,16860,34678,4878,5870,2996,5870,1730,6090,3196,5870,8457,4706,8212,5137,13093,14441,10002,25081,407,-3901,8425,12559
12/20/2024,2482,4055,17924,1467,3825,8825,1575,1902,10786,1842,4329,18764,1165,645,-3576,373,1320,-2926,-830,1696,-1018,930,-6271,12600,5029,6508,2540,625,4810,5727,2482,4055,17924,1467,3825,8825,1575,4335,10786,1842,3611,15169,1165,1620,2224,373,-1585,2909,-830,-26,4290,1885,-6301,-2423,3061,90,11905,625,-6301,-2423,5835,22525,13974,18672,6346,19992,6860,23365,-1455,-7835,-542,-836,1030,209,3068,20583,3760,-7835,2317,23845
12/23/2024,2405,6714,7019,2275,6609,7785,1221,4702,3905,1855,4754,7399,4692,12217,3135,2764,6980,7285,5548,14856,7282,2705,-6905,-2175,2523,4413,8481,2700,1830,-4361,2405,6714,7365,2275,6609,7439,1221,5083,4162,1860,4026,7585,4692,13393,14222,2764,6655,7826,5548,14633,16369,3200,4506,12452,5583,15939,15077,3200,4506,12452,7450,10642,7520,10642,6889,10642,6220,8117,6278,1774,3860,7238,5613,11778,-1865,-5525,913,1183,-3594,5207
12/24/2024,2235,4922,7412,2051,4873,6698,2149,2512,6447,2235,2602,7412,-3925,-4145,-3690,100,-2790,-1434,415,140,-3280,4665,9654,13690,-775,-2620,-6990,8390,8210,13690,2235,4922,9067,2051,4873,9137,2149,5106,9175,1845,2712,1740,-3925,-8820,-19455,100,215,-1434,415,140,-3280,8390,15337,44318,-25,-480,-3280,8390,15337,44318,5095,8792,5095,8792,5304,8792,5095,8792,-5760,-6230,1565,770,2413,1892,11642,13183,-4400,-7750,9324,14035
12/26/2024,2690,2295,-146,2783,2300,-146,3253,2990,-146,2492,-569,-146,5194,12591,10997,6506,13131,9849,7199,15134,15455,7102,6554,-4116,2518,3250,7047,8866,10399,-2887,2690,2295,-3996,2783,2300,-3996,3253,2300,-3996,2287,1422,-4728,5194,12912,18382,6506,11411,9173,7199,15134,16603,8866,15890,15387,6641,14338,16603,8866,15890,15387,-2639,-5160,-3385,-5160,-3385,-5160,-2639,-5160,11277,761,9780,3248,11395,10704,1837,-5254,3362,-4165,8107,-7355
12/27/2024,1409,6356,3005,414,8478,3005,-286,5588,2960,595,2453,3005,5074,7006,3312,2054,7095,1122,4755,1969,-144,1925,-4492,-6374,1480,2174,1501,-300,4995,-6374,1409,6356,-8891,414,4771,-8891,-286,3236,-8936,1605,6758,3530,5074,7006,7164,2054,5803,3200,4755,1952,-1637,115,-267,-28961,4620,2920,-1098,115,123,-28961,6861,-2741,6861,-2741,12738,-2741,6986,-2741,5467,8234,-2775,-5986,-3150,-4662,-5147,-5196,1530,2543,-5147,-4313
12/30/2024,1670,-90,1762,820,-50,1395,-25,95,1616,1380,2778,1762,483,-1617,-4617,-2390,-3315,-8970,-2885,-4750,-8625,-980,-6860,-8335,462,785,-8045,-4785,-6965,-8055,1670,-90,-2650,820,-50,-2436,-25,-229,-1344,1300,2665,-3180,483,1014,64,-2390,-6205,-19655,-2885,-6625,-24010,-7170,-24985,-79320,-2022,-6369,-24010,-7170,-24985,-79320,-614,2460,-509,3294,-564,3294,-614,2460,761,-3917,20,-7770,-3160,-8460,-6960,-8815,-3203,-7815,-6955,-7555
12/31/2024,1490,2793,1011,1328,3070,1574,1515,750,1654,675,6646,2006,-1950,-6965,-7800,3835,6365,17967,4750,11435,-440,10358,22331,43248,956,3255,-8260,12001,15507,39837,1490,2793,981,1328,3070,1693,1515,3375,1773,675,5580,-373,-1640,-1610,-7086,3835,7860,18655,4750,11435,14735,13573,24879,56479,5020,13010,13735,12001,24193,54734,1587,4561,1562,6108,1732,6411,2322,6376,-6630,-8930,5825,13290,6700,10695,28483,27222,-3140,-2693,31613,51887
1/2/2025,-1275,-6925,-8135,-2570,-5213,-8265,-1031,-4460,-8818,-2080,-1943,-8135,2998,-163,-1247,681,-1133,-6113,-22,-5827,-6061,-960,2628,-7415,490,-926,4723,1680,1606,-7798,-1275,-6925,-13105,-2570,-6385,-11815,-1031,-6460,-11445,-3130,-8355,-14065,2998,-163,-4889,681,-1628,-9095,-22,-6827,-11440,1705,2512,-20184,205,-3660,-6395,1680,2384,-19966,-1500,-4517,-1160,-4531,-1360,-4576,-1500,-4517,3765,5457,2010,-2490,-653,-3515,-2310,-2558,2300,6214,110,3064
1/3/2025,-270,-3341,-305,-205,-2906,-351,-560,-2580,1050,1163,-2165,-305,1710,-663,2780,2243,-1293,10754,4285,285,13844,215,-5495,-6042,3303,433,2933,5820,-1796,-3104,-270,-3341,-488,-205,-2906,257,-560,-2086,1084,1542,-3218,839,1710,-663,10518,2243,-349,13519,4285,109,21895,6462,-5335,13468,4588,290,23083,6462,-5335,13468,-7,2831,3,2831,-7,5537,-7,2831,716,-8655,3942,10017,4048,16036,-4588,-8013,6073,6729,-4373,-2087
1/6/2025,1265,4509,-431,1825,2561,452,1195,2240,1415,1060,4975,-431,665,714,-8018,10,-4188,-8986,2175,-6132,-8998,-965,-4011,-8149,-2155,-1174,2557,5235,3868,-6817,1265,4509,-3169,1825,2561,-3849,1195,2286,-3609,1810,2964,3284,665,626,4439,10,-1792,-5713,2175,7883,-12619,5530,-1717,-42291,1000,7570,-8449,5235,-2317,-38221,1395,3470,2275,4295,1460,1505,1660,5225,930,-7915,-6965,-8975,-6300,-9000,-6895,-8944,-2579,-3797,-6985,-8319
1/7/2025,1855,4870,17,1793,4255,-375,2698,1755,-124,1220,5195,644,4289,9448,-1085,3640,5204,1157,2347,3992,1025,6690,22513,30587,465,3665,-429,11464,15256,25148,1855,5194,2711,1793,5005,2768,2698,4918,3485,605,2638,-1932,4289,6336,-7506,3640,6877,1499,2347,3992,1025,11759,28985,50876,2304,4092,530,11464,29170,52486,2665,3276,2710,1510,2665,1510,1970,-930,4595,3804,6268,6705,4133,17985,19577,28577,1504,-2119,13262,16325
1/8/2025,-35,-124,7476,872,1348,5299,1745,3629,6058,751,3124,7476,6273,10281,24810,5000,7378,19064,8196,14769,30930,1612,8880,21168,5499,4732,7616,3315,5780,15724,-35,-124,9393,872,1348,8058,1745,834,8364,1171,2686,5374,6273,10281,24835,5000,8537,19064,8196,14769,29140,3335,6186,21238,7231,15204,21648,3315,6186,21238,2008,6721,3199,3386,2704,4151,3698,6721,10403,31515,6316,15308,9092,29693,10231,13315,8660,14155,13819,11185
1/9/2025,0,0,0,0,0,0,0,0,0,0,0,0,0,0,0,0,0,0,0,0,0,0,0,0,0,0,0,0,0,0,0,0,0,0,0,0,0,0,0,0,0,0,0,0,0,0,0,0,0,0,0,0,0,0,0,0,0,0,0,0,0,0,0,0,0,0,0,0,0,0,0,0,0,0,0,0,0,0,0,0
1/10/2025,3498,-585,3310,2495,305,5664,1929,5501,3898,2503,1420,3310,3883,6321,15584,285,1997,3088,1570,1258,-1386,3790,-1280,-6764,2293,913,6562,-880,-4890,-7577,3498,-585,795,2495,305,3692,1929,1089,3519,2453,280,205,3883,6321,17095,285,593,3154,1570,1655,2948,-880,-4928,-40359,1638,2563,5065,-880,-4988,-38815,1990,5613,2288,6995,1905,8666,1490,5613,6404,11899,2465,2985,2125,3281,-359,-6608,2200,8441,347,-4666
1/13/2025,253,-1860,-5905,-505,-1860,-5905,-312,-1920,-5905,1893,-2591,-5905,1969,-2701,-7183,1008,-1219,-7588,1034,-4006,-5735,2805,1416,3602,2458,414,1377,3530,7165,9798,253,-1860,-4149,-505,-1860,-4149,-312,-1530,-4149,1893,340,-5772,1969,-3118,-13645,1008,-3958,-9158,1034,-2703,-5168,3530,9307,31409,740,-2135,-8443,3530,9307,31409,-1269,-2907,-1269,-2907,-939,-2907,-1269,-2907,-5887,-8186,-1435,-5204,-430,-2944,12052,9740,-5050,-285,4320,13809
1/14/2025,2079,3034,6604,2127,4517,8999,2237,2505,5101,990,4067,6604,3873,7088,6851,3487,5825,16637,5008,10750,21467,2156,4743,27139,1506,4301,2103,6983,2602,25708,2079,3034,7356,2127,4517,9606,2237,3369,5354,1790,3742,4135,3873,8415,11842,3487,7170,16637,5008,10750,25532,6983,8886,24055,4664,9694,22397,6983,8781,24055,5456,5305,4962,6781,3422,3995,5956,5885,9132,11678,6705,23256,14487,26947,8383,8605,4347,5025,2163,3896
1/15/2025,3173,6777,16423,3139,7564,17925,3653,5461,14479,3916,7846,16423,3285,3658,8004,3992,8264,22161,5230,17359,33402,1688,10305,14379,2286,3038,2618,7490,14926,14565,3173,6777,18403,3139,7564,19118,3653,7191,16389,3916,8567,18598,3285,6546,18041,3992,11489,25559,5230,18448,37686,8330,24509,80192,3687,16360,37686,8090,24509,80192,5258,12894,6374,11242,6579,11957,4153,12894,6836,1783,7378,18375,12629,22085,12244,6332,3880,1782,9863,6708
1/16/2025,1875,3966,841,2880,4649,2634,2280,2883,4373,1145,5511,7239,2470,4614,5728,3985,3983,9746,2282,3366,7084,8034,18150,29066,3005,1280,-1049,9141,15910,30933,1875,3966,1663,2880,4649,1321,2280,5588,1351,-50,-1514,5103,2470,4614,-2787,3985,7624,9746,2282,3366,6581,9231,20462,43557,2599,2234,6126,9141,18222,42047,3620,10276,3620,10276,3545,10276,5135,10276,2605,6373,7868,12591,7965,24255,17157,42961,5708,4024,9779,34816
1/17/2025,1565,1817,428,1578,1817,428,1655,2811,428,1065,1661,428,2744,2973,-3866,2221,1990,462,1975,822,-3146,1530,4692,-6012,722,1517,-11,8474,8729,-5129,1565,585,-3458,1578,585,-3458,1655,585,-3458,1395,626,-3645,2744,2967,4256,2221,4035,-670,1975,-268,-5683,8474,9790,-23217,5832,1269,-5683,8474,9790,-23217,-1790,-1623,-1790,-1623,-1790,-1623,-1790,-1623,-305,-53,-2524,1732,-1512,551,-1545,-2676,3750,1622,-1865,-798
1/20/2025,-1020,-1635,-1765,-1010,-940,-1765,-755,485,-1125,500,-336,-1765,1231,3040,3779,387,335,-608,-158,-415,-3395,-990,-6935,-8880,819,1682,1062,-2450,-1310,-8880,-1020,-1635,-1765,-1010,-940,-1765,-755,-940,-1125,-340,-1325,395,1231,3040,5542,387,760,2095,-158,445,-495,-3010,-7360,-14580,819,1055,-495,-2450,-7360,-14580,-4720,-6775,-4720,-6775,-4720,-6775,-4720,-6775,3360,5061,440,-2885,165,340,-6770,-8270,1900,4824,-6205,-8430
1/21/2025,2930,310,-5949,3200,-1290,-5949,1925,-10,-4949,2680,-688,-5949,582,-3084,-6960,-1880,-6675,-8994,-2680,-5855,-8919,90,-4820,-8295,-820,-1998,-4544,-4074,-6300,-5623,2930,310,-10210,3200,-1290,-10210,1925,-960,-9210,1965,-693,-5021,582,-2982,-4393,-1880,-7409,-21164,-2680,-10700,-20425,-5754,-25189,-68939,-3160,-5329,-18065,-5754,-25189,-68964,-2170,-7030,-2170,-7030,-1170,-7030,-2170,-7030,-3282,-2386,-3569,-8880,-5610,-8970,-6990,-8950,2379,-7340,-6980,-7120
1/22/2025,1630,3073,-1605,1865,2692,-1611,2646,5024,-1611,2782,3128,-1605,-1295,-6489,-7212,-1610,-1145,-6388,-2073,-4065,-4109,60,3591,1931,-597,-115,4139,4746,20169,2007,1630,3073,-3485,1865,2692,-4048,2646,2092,-4048,2532,1915,5163,-1295,-5652,-12972,-1610,-2868,-11635,-2073,-1583,-9092,4746,9244,-5727,-1953,-2177,-7902,4746,9139,-7622,-1285,-1872,-1473,-1872,-1473,-1872,-1285,-1872,-6915,-8642,-6116,-2495,-3330,-8507,432,12269,3841,4188,-1462,3051
1/23/2025,-80,960,108,-252,916,-43,-387,-44,-43,440,-305,108,28,-3554,-5395,496,3483,-2290,-1445,-1918,624,2050,11124,12371,-283,-511,-278,6789,9565,10077,-80,1251,2014,-252,1196,2014,-387,701,2014,-1215,-1837,-3186,28,-3554,-11610,496,-480,1273,-1445,-1918,738,6789,16510,47559,-1867,-526,-982,6789,16510,47559,1802,4899,2029,4899,1764,4899,1802,4899,-3170,-5714,2113,3021,4028,5018,10395,15419,-710,-623,4767,11483
1/24/2025,-1370,-1356,808,-1050,-1241,-3730,-730,-2959,-3730,-1845,-1120,808,-3000,-6534,-8414,-1315,-3485,-6668,-1615,-2920,-3660,-190,-4615,-4042,105,-1231,-3793,2104,-41,-3839,-1370,-925,1974,-1050,-810,1819,-730,-925,1819,-2040,-3045,-3095,-3000,-4969,-9099,-1315,-5730,-9585,-1615,-2920,-2760,2838,-4704,5095,-1260,-1884,-2760,2104,-4704,5095,824,825,824,825,824,825,475,825,-6130,-9000,-4210,-1640,1110,30,763,4754,-4680,-8320,-3220,5270
1/27/2025,2515,3208,7957,2325,3219,8690,2190,3229,8409,2481,4145,7957,6335,10876,12906,5350,4470,-845,6654,8463,8917,-600,-2000,-4910,3189,4500,1117,365,3713,-7561,2515,3208,4850,2325,3219,3771,2190,1809,6792,2481,2213,5137,6335,11402,16789,5350,7370,-971,6654,8463,11252,370,571,-6455,5604,4308,3778,945,571,-8682,7394,8422,7409,8836,7404,8836,7544,8422,8879,13154,6638,2426,8209,10519,-1906,-3613,1968,1191,-6270,-4198
1/28/2025,170,1960,1085,810,3093,134,1535,2738,134,510,1938,1085,275,1448,34,2593,4153,2647,4244,8664,7766,-580,2232,-7772,-650,-1889,-5482,6938,-1976,-7487,170,1960,3629,810,3093,3634,1535,3043,3634,630,2500,2768,275,1448,4851,2593,5592,6222,4244,8664,21335,6938,12300,48735,1041,8112,18684,6938,12195,48735,3269,-1606,3974,-1601,3969,-1601,3269,-1606,870,7884,2281,6320,6124,9402,-4591,-6484,2268,-7660,-560,250
1/29/2025,3676,10082,16499,3973,5160,12834,3645,4485,13965,2581,8272,18074,9458,18793,39171,7250,18699,41098,15035,33346,71820,10540,23227,23829,8272,6944,11850,13114,29332,41504,3676,10082,18079,3973,5160,14948,3645,5115,15363,26,4657,15753,10705,21412,53180,7250,23775,48497,15035,33346,79993,12836,39753,87259,13600,27472,79350,15524,39538,81693,7875,16868,8465,15052,9465,15052,6680,18695,20192,39194,20259,41910,29690,72629,17733,19873,11105,19148,21841,35455
1/30/2025,2548,6013,11255,1828,5863,11332,1798,3547,8245,1393,3151,12834,8792,15939,11400,8964,16599,7739,9419,15391,6122,8192,7970,-4146,6845,4264,7939,11304,13355,-7969,2548,6013,9886,1828,5863,11974,1798,6538,8936,148,3618,4206,8792,15939,13571,8964,16878,7465,9419,15391,4786,11304,15385,7445,7915,12840,5363,11304,15200,5815,7510,10789,7443,10819,7680,12182,5927,10789,8620,10344,9370,7883,5185,10983,1240,-3471,6685,11322,595,-1731
1/31/2025,180,-2695,-1906,1046,-1121,-450,824,927,-629,-480,-740,-3680,-1204,-1943,-7080,-2460,-6026,-8995,-3740,-6995,-8995,4255,747,-3259,125,-798,-4221,1870,-6630,-5798,180,-2695,-1906,1046,-1121,-632,824,-2507,95,-480,-458,-1145,-1204,-545,-8711,-2460,-6710,-17625,-3740,-5760,-10110,2020,-5985,-41211,-2500,-4950,-9775,1870,-6290,-44136,497,-469,1301,1896,-661,-65,402,-343,-2839,-8862,-6475,-7795,-6445,-8517,-610,11351,-3985,-193,1670,4384
2/3/2025,2215,6545,9301,2995,6540,3782,2210,3855,3782,1340,5070,9301,5505,15531,30130,5901,15027,25440,10395,15577,17644,2070,1983,-2456,8166,6402,15348,6646,6801,15803,2215,6545,8456,2995,6540,5630,2210,4915,5630,1355,5590,5526,5505,15531,30130,5901,17578,35611,10395,18103,33499,6871,20064,42446,10455,15505,34280,6646,20064,42446,4232,9822,3742,10181,3742,10181,4232,9822,9791,21934,7786,21793,7062,6042,-3069,-4174,2095,19027,1375,13151
2/4/2025,4386,9935,9825,3844,8452,9825,3117,5391,9559,4594,5495,9825,5289,4379,18331,5463,9605,21783,6350,10057,23504,3676,11368,10405,4407,3839,5679,8119,17466,11330,4386,11366,15758,3844,9432,15758,3117,8781,15758,4050,6257,15313,5289,4379,18808,5463,10731,28238,6767,13138,36106,8119,26045,66508,7355,12215,37758,8119,26045,66508,5128,5369,4842,5369,5436,5369,5128,5369,5609,7300,9368,13857,9857,14823,10236,10001,3562,3529,13761,15702
2/5/2025,6239,4064,2573,1895,3807,2573,3959,-1890,2573,2083,605,2573,-158,2467,4861,2192,3040,6480,2784,7169,6520,2620,13401,22683,-210,1045,5756,7499,8378,17401,6239,4064,2875,1895,3807,2875,3959,3458,2875,1563,126,507,-158,2467,770,2192,8092,11774,2784,8045,11928,7699,25966,70173,1210,8045,13563,7499,25966,70173,1339,2975,1113,2975,1568,2975,379,2975,670,-1607,7254,8839,9572,10062,14646,28410,2309,5756,10884,17961
2/6/2025,3307,7499,5124,3029,5269,3680,2409,3770,3680,2335,3259,5124,4595,8812,15930,3947,1253,9566,5835,11943,20002,765,5924,2747,2716,940,4489,3522,-1341,3272,3307,7499,6870,3029,5269,454,2409,3484,454,23,1479,11829,4595,9310,15009,3947,7151,15647,5835,12994,25671,3702,9506,30827,4761,11484,24566,3522,9246,30827,6040,4698,5220,3111,4753,3111,6864,4698,10167,8742,8470,8836,14558,17284,5820,2797,8585,2431,5363,5798
2/7/2025,80,-640,-4134,459,-270,-4200,479,-527,-4446,450,972,-4134,3968,-1751,-3143,3043,5781,-2426,3207,4213,3300,2580,23844,28660,1091,6681,-8850,12470,12249,36455,80,-640,-3335,459,-270,-3154,479,-797,-2900,-20,-1300,-5318,3968,1391,-11673,3043,2365,-1503,3207,4213,2489,12470,22515,50028,3677,4137,2489,12470,23025,51323,-765,-1421,-568,-4326,-757,-3586,-765,-1421,-1963,-4637,-1849,3266,2227,4473,28114,47684,4615,-8205,23429,44014
2/10/2025,-575,-1523,181,-458,1442,46,-269,1756,46,-1478,1032,181,2084,5721,12832,-669,3097,1590,914,-1834,3115,-945,-5618,-6609,978,3341,2762,-4265,-3951,-6609,-575,-1523,428,-458,1442,293,-269,-483,293,953,401,3766,2084,5721,14308,-669,-421,127,914,-2095,-1978,-6365,-13822,-52921,914,-2523,-1978,-6410,-14222,-52921,-548,-6271,-548,-6271,-548,-6271,-548,-6271,7401,9489,-1879,-3286,-2118,-5936,-6615,-8678,5220,2998,-4420,-7672
2/11/2025,2565,4035,-2,3730,4008,-2,5235,4730,-2,3540,4908,-2,3998,7197,11916,2551,1905,2828,1780,41,971,-855,-6827,-4061,1491,2849,6784,-2722,-543,-7564,2565,4035,-3649,3730,4008,-3649,5235,3088,-3649,4050,3405,5169,3998,7879,16356,2551,2999,3142,1780,41,-1208,-3807,-14752,-41158,1511,41,-1983,-3807,-14752,-41158,4517,2552,3288,-623,3288,-623,5412,2552,7966,17036,-485,5158,-1230,5098,-5085,-6481,5884,4281,-4920,-7058
2/12/2025,-505,-2865,-6442,-1300,-2775,-6620,-1030,-2957,-6620,-1040,-4652,-6442,1884,1660,-8758,1385,6003,-8758,4258,1117,-8758,-585,-4031,-8091,1585,1052,-3968,1258,-1569,-8091,-505,-2865,-6789,-1300,-2775,-6554,-1030,-1992,-6554,-640,-4012,-8952,1884,7358,8332,1385,7907,5307,4258,8022,13000,7696,-1402,12844,4258,7419,13000,7696,-1402,12844,-4148,-5738,-4188,-6208,-4188,-6208,-4148,-5738,2183,-7770,846,-7770,1771,-7770,-5985,-6812,-3570,-7770,-5946,-6812
2/13/2025,1290,4007,9459,1275,5532,9709,1073,1328,9709,285,2052,6359,-1940,-2478,-7278,1013,-1231,2099,389,362,-2355,1765,13147,23672,-650,3128,-7055,6050,8968,23903,1290,4007,10182,1275,5532,10197,1073,5072,10197,285,1782,1570,-1940,-4268,-8280,1013,2566,5850,389,2154,1617,6410,17975,46318,634,12,1092,6290,17975,46318,3841,11652,3902,11667,4069,11667,3841,8552,-4461,-8780,2996,3525,1447,3365,16793,37201,-1630,-8660,12690,37443
2/14/2025,-450,-480,-1219,-1155,-480,-1219,-1235,-195,-1219,1384,-587,-1219,1667,-5125,-6535,2907,5526,1355,2151,654,-1175,2508,12186,9605,106,49,-3932,5273,9046,11299,-450,-480,-436,-1155,-480,-436,-1235,-130,-436,69,-1200,-3662,1667,-4350,-8970,2907,1801,5633,640,2334,4648,6136,17074,46340,654,2334,4648,5273,17074,46340,-2450,-2642,-2450,-2642,-2530,-2642,-2450,-2642,-5020,-4633,1427,3235,3161,3846,13548,15595,-2229,-7870,8724,17358
2/17/2025,2515,3350,6670,2515,3350,6670,2515,2930,6670,2185,3350,6670,3925,7355,13461,3980,6870,9005,6340,11680,14260,4360,5995,6770,2665,1940,3101,6085,5995,6770,2515,3350,6420,2515,3350,6420,2515,3350,6420,945,2105,6420,3925,7355,13461,3980,7510,12330,6340,11680,19220,8375,17275,25455,5910,11680,19220,8375,17275,25455,-290,990,-290,990,-290,990,-290,990,4230,5130,900,-105,315,1025,-5805,-6600,805,-575,-5805,-6600
2/18/2025,2750,6910,9905,4701,9723,12810,3978,6161,6476,1100,4611,8865,4653,10875,9245,6390,5384,9163,8359,11654,8365,-695,2842,-83,1468,5822,4383,6364,2842,-83,2750,6910,11475,4701,9723,14147,3978,5914,7482,1585,5632,12719,4653,11975,17725,6390,9352,9115,8359,11654,7622,7938,8277,-13609,8897,12269,8372,7938,8182,-11279,6081,7979,5371,7931,4597,7761,4716,5777,7795,5809,5098,4398,4865,5006,-4082,-5330,-180,4076,-2059,-5602
2/19/2025,3460,765,-1942,1970,695,-1942,1155,-311,-1942,2630,1260,-1942,5535,12119,6037,4400,9127,8141,5045,4333,1648,-960,-5624,-2760,1185,5100,-716,2650,-5181,-6294,3460,765,-5045,1970,695,-5045,1155,590,-5045,2045,645,2014,5535,14186,15868,4400,10240,11810,5045,15696,8615,4390,6890,-14240,5405,16586,7615,4390,6890,-14240,-2510,-7314,-2510,-7314,-2510,-7314,-2510,-7314,3337,-3605,4465,4679,4006,7119,-6985,-5176,-3620,-566,-5755,-8437
2/20/2025,-2000,-2870,-4807,-1915,-2810,-4942,-1350,-3365,-2482,-579,-1528,-5856,-630,-4548,-3669,-3156,-477,-7041,-2029,-5701,-3816,-702,-6271,-6295,-1260,-3335,-1508,-5060,-6041,-6295,-2000,-2870,-5436,-1915,-2810,-4981,-1350,-905,-1981,-1094,-3034,-7659,-630,-4548,-11544,-3156,-6755,-14851,-2029,-10114,-17401,-9305,-18080,-43624,-3390,-9435,-13330,-9305,-18080,-43624,-2470,-4654,-2475,-2879,-950,-1879,-1264,-1833,-4362,-7845,-6582,-7169,-7000,-8201,-5942,-7775,-2965,-1393,-4600,-7775
2/21/2025,4884,8603,12187,5552,7547,11499,4387,4486,11380,3260,5644,12187,-5655,-6980,-8440,1895,2828,-3720,1272,1558,-8873,15120,29845,45507,147,-1970,-8440,18611,30912,44147,4884,8603,13200,5552,7547,12409,4387,7081,13063,3260,5644,11092,-5815,-11490,-26590,1895,1331,-1354,1272,1951,-4789,18611,36681,64419,3206,722,-5599,18611,36561,63059,8021,12388,7893,12388,7798,12388,7372,9708,-6235,-8320,1555,-3764,-1096,-7388,47212,33853,-180,-8320,39768,33864
2/24/2025,4047,6926,9232,4097,6909,5919,2781,4363,6954,4192,8207,9232,4184,4022,3319,4344,-1100,1917,5293,4179,4265,3560,8986,14133,3907,531,6845,7680,8181,11187,4047,6926,9232,4097,6909,5919,2781,5933,6954,4509,10716,12348,4184,4960,7479,4344,5295,6601,5293,5584,8471,7680,11717,21203,5675,4854,7377,7680,11717,18996,8443,12798,7815,9640,8285,9445,8443,14233,3210,1713,6696,8582,7434,6103,11365,17632,2182,16674,9895,12168
2/25/2025,5255,5483,1326,5204,4172,897,2603,6660,1198,4197,6152,15920,5892,14502,29359,4175,9156,8189,6405,11524,17397,1495,9685,6154,3413,1963,5343,4475,488,8099,5255,5483,11804,5204,4172,9129,2603,4127,1753,4197,6152,15815,5892,14502,29929,4175,10495,14728,6405,12016,24233,4475,7507,-4737,5589,10496,20444,4475,7447,-5257,4485,5888,3415,2082,3204,3459,4530,4837,17563,25700,13174,15488,10369,17281,2817,-3995,7151,1017,4717,8710
2/26/2025,1413,1745,1392,725,2629,1232,-755,781,3316,1415,3230,1392,3274,6161,10965,1944,-233,-4687,780,-2579,-8098,2898,-6897,-8915,2916,2523,2093,415,2320,-8900,1413,1745,3208,725,2629,3048,-755,1057,2938,1445,975,3904,3274,6581,15058,1944,602,-3244,780,-2579,-4945,415,-12625,-44205,2099,1785,-783,415,-12765,-39180,7910,10833,6115,10833,5401,13086,7191,12922,7833,12521,2140,-1807,-860,-2998,1905,-552,2235,1962,6340,2586
2/27/2025,2540,5102,9270,2540,5029,9497,2765,3752,10929,3345,5563,9265,3042,875,33670,3982,2849,2892,5245,2998,6311,9775,21641,42257,4425,3624,1272,11575,11985,30203,2540,5102,9270,2540,5029,9735,2765,5197,11354,3345,5163,7650,3042,875,33670,3982,2739,2892,5245,2998,6311,11695,21641,49419,5022,4747,4639,11575,21466,42389,6227,12114,5752,11700,6272,12345,7192,13745,-253,2917,5170,9166,9722,15129,24769,42971,1880,11826,17477,34701
2/28/2025,2250,6450,7798,1545,7384,8807,1555,5394,7914,1925,3371,7973,3571,6915,10258,3031,1854,9072,3300,8863,12826,505,4634,9313,3168,1514,5137,990,-2443,4093,2250,6450,8772,1545,7384,8807,1555,5929,7914,1960,5558,4501,3571,6915,11304,3031,5514,5683,3300,7410,12048,480,-1420,-1089,2863,4975,9426,480,-1420,-1604,5781,9677,5671,9577,5681,9602,4306,9222,7633,12933,3785,11754,9681,13591,6004,11763,1879,5289,2170,8406
3/3/2025,1980,3063,1135,2080,3981,485,1250,1815,490,1495,1708,1135,4140,7434,15900,6739,9891,23764,7245,12989,19689,9927,23511,36451,7124,6356,5564,13265,13945,24101,1980,3530,-1880,2080,3315,-2530,1250,1425,-2525,1965,2621,-2500,4140,7434,15900,6739,12571,23764,7245,12989,19277,13330,23511,46914,7130,11749,14794,13265,22321,38464,4945,1790,4470,950,3110,1390,3540,2730,8621,12251,15370,23234,14476,20633,26460,50577,8945,12662,19150,24411
3/4/2025,2290,2895,3401,1400,1779,3225,1490,2121,6436,2435,3455,6335,5233,7524,6270,4738,6025,12863,8308,10813,28032,-565,16597,17846,2124,1588,966,7100,18818,20531,2290,2895,3401,1400,1779,3225,1490,2144,3225,2435,3995,4887,5233,8660,12925,4738,6775,11008,8308,10813,27169,7140,16997,33149,6869,14668,24806,7100,16717,33174,3115,3996,1320,3315,1685,6603,4035,6391,6800,6852,5545,10396,14525,22295,7239,14968,-120,478,11585,28591
3/5/2025,1675,4752,7992,2295,4940,9367,1840,2392,9782,625,1073,10342,2366,5671,13474,1590,2655,16247,2670,2993,7087,2470,4225,-5814,2145,2649,-594,3645,2552,-8975,1675,4752,3584,2295,4940,4959,1840,5150,5374,195,1646,4565,2366,6426,16776,1590,3732,11077,2670,2993,7087,3650,6462,26130,1405,3893,8600,3645,6257,25591,5090,-648,4515,-273,4350,-323,3695,-648,5638,6989,4525,3770,5736,940,3960,-8903,3210,-372,8335,33607
3/6/2025,1935,-875,1527,2058,-842,1517,1754,684,191,240,2049,4211,4325,11314,-469,3062,8681,1727,425,2650,2110,8720,3857,-5118,470,6648,246,7815,20086,23711,1935,-875,-910,2058,-842,-920,1754,-2459,-830,1296,2113,3463,4325,11314,8048,3062,7319,729,425,2650,1543,8663,9385,10341,85,2689,2048,7815,8985,5635,4860,7037,4805,7911,3901,8604,2921,5987,10804,12525,5807,3108,8766,11963,334,-2011,1589,196,13710,16364
3/7/2025,2333,5902,14965,2458,5884,14020,2703,4304,14971,1380,4715,14970,4707,5909,11393,4334,3494,15509,8457,9787,16993,1585,5027,8305,4610,8079,9223,2615,4655,48688,2333,5902,10428,2458,5884,10620,2703,5479,10193,1480,3572,6628,4707,5909,13609,4334,5227,15509,8457,9787,16993,2635,6443,14333,6020,7652,11109,2615,7184,12118,7322,12027,7522,12314,7840,11357,5962,12027,7026,12543,7880,14020,11565,19473,-1863,-920,3753,8985,-2135,13897
3/10/2025,4460,7496,19781,5437,10751,22408,5362,7808,22035,3881,5139,15249,680,-5700,-8485,3560,8787,15346,10368,19135,19190,-520,30703,66612,4060,4973,-8485,16478,23198,53724,4460,7496,19781,5437,10751,22408,5362,10283,22035,3881,5294,14372,1100,-200,4591,3560,8058,18833,10368,19135,31569,16478,30899,75292,7920,12395,25008,16478,30669,73542,10599,20469,8862,20615,8665,20442,7065,14615,-6590,-8370,9440,20938,18520,16941,29539,60123,635,-8370,20258,34122
3/11/2025,4415,9275,17416,4165,8406,17531,5125,9448,21031,3460,7883,17416,5243,9600,25337,4462,5570,24506,7691,16185,34637,2685,8392,17099,4397,3882,8283,3740,-2117,9534,4415,9905,17670,4165,8150,16558,5125,10315,20399,3250,8463,16671,5243,9600,24445,4462,9412,21404,7691,16185,29059,3740,7379,32012,7844,16104,25799,3740,7094,17832,9145,15571,8400,15211,10305,19546,9560,17811,12499,24299,10627,25500,17319,31930,3905,3142,8690,4077,3835,3534
3/12/2025,-20,824,1999,-184,35,3936,-31,3213,3600,-220,3994,1999,4448,8859,15317,1734,6970,6789,500,2541,3385,715,-3180,-1179,480,920,4479,-3265,-4171,-4883,-20,824,-202,-184,35,-588,-31,-545,860,345,4749,1039,4448,8859,17987,1734,5826,2102,500,2541,3168,-3070,-9181,-33425,-110,3782,3966,-3265,-9181,-33730,5745,5147,4693,5147,3918,6732,5745,5147,11237,16527,7085,6979,4763,9982,-6289,-5860,6311,9833,-6850,-4469
3/13/2025,3900,6511,6944,4065,6422,3539,3903,4556,5882,2345,5827,9769,3377,5752,-640,4880,10645,13465,8808,15135,21245,11545,24603,18120,4454,12008,-1089,14990,15370,18245,3900,6511,15421,4065,6422,12016,3903,3844,11082,2420,5278,9320,3377,8650,11434,4880,10793,13465,8808,15135,21353,15135,27988,33645,7401,14506,18098,14990,27228,32585,5444,13618,4009,13618,2143,13618,3961,7664,4937,-1795,11455,17434,17471,28387,16914,21563,7145,-7880,11010,12663
3/14/2025,-255,-1306,-5420,-995,-1325,-6671,-1000,-3510,-7535,-745,-2459,-5420,3466,6202,5596,3945,6577,10793,4640,9155,9237,4820,16991,30915,1615,356,819,5970,11645,25209,-255,-1122,-6495,-995,-1142,-6644,-1000,-1357,-7176,-480,-3636,-6656,3466,6202,-581,3945,8324,11380,4640,9155,12070,6210,19316,54834,3972,7244,8042,5970,19316,54834,1296,-3044,1146,-1821,915,-1821,1296,-3044,2488,6323,5992,12345,3607,9889,17512,27565,1648,1069,16698,20152
3/17/2025,-85,780,4328,-880,795,4328,-860,-627,1792,-585,2350,4328,2386,5746,14098,483,-1728,7664,2402,744,9472,-485,1749,5427,3440,-804,4851,-2245,-5850,5427,-85,780,10722,-880,795,10722,-860,1598,7492,-1375,700,8920,2386,5746,16065,483,2297,9829,2402,1055,7631,-2225,-8660,-15565,1576,-540,4721,-2245,-11140,-15565,933,9740,948,9740,933,8152,933,9740,6681,18634,1451,7124,1930,11014,1299,8300,5157,5223,-4020,11901
3/18/2025,8508,12951,14438,6688,10036,7825,4773,7278,6627,5415,10344,14438,5279,21551,54352,7874,23760,48399,9233,30336,49332,9354,20705,11924,5099,6978,9826,7338,17076,5800,8508,12951,14386,6688,10036,7762,4773,7464,6803,4980,10558,20993,5279,21551,55511,7874,27890,54331,9233,30336,51488,7109,25653,16310,7309,14968,53072,7338,25608,18742,275,983,80,1610,-2852,3897,275,983,21029,38875,19100,10208,13752,28208,-4539,-3745,9129,1100,3777,-4267
3/19/2025,390,-309,1986,350,-2782,1881,-1200,-2680,1751,390,3198,1986,4573,9328,8765,3449,5298,12685,5728,13401,17578,1985,9091,12564,3597,15834,657,6259,6443,15014,390,-1495,-1965,350,-3200,-2070,-1200,-2379,-2200,-845,-2565,-1832,4573,9328,17640,3449,9198,22515,5728,14101,30505,6259,13659,47490,4741,12169,25442,6259,12734,45840,-1094,373,-1928,268,-1635,138,-1094,373,7227,12174,9515,10958,13933,18347,13141,16917,4195,3707,8096,14481
3/20/2025,2170,3695,12465,2484,4272,7427,3160,6422,10885,3075,5910,12465,2540,9204,5716,410,3585,6245,2015,5835,-7333,1168,-5308,-7333,560,3084,4482,-5220,7185,-7333,2170,3695,12465,2484,4272,7377,3160,4497,10885,2495,4570,12696,2540,9829,17598,410,3605,16259,2015,6310,10574,480,-6245,-18955,1415,5775,17156,310,-6385,-19545,1538,4613,2877,3746,2709,3746,1763,5128,11877,15249,7959,20954,7161,10907,-4868,-6658,5039,7240,-4890,-6305
3/21/2025,-225,-2242,-4758,-270,-2222,-4888,-240,7947,-4233,-55,5192,-4758,2977,5212,4479,2807,8744,-3460,1520,809,-548,2225,-5027,-8973,-1155,358,574,4113,30,-8463,-225,-2242,-6770,-270,-2222,-6900,-240,-1443,-6245,460,7547,-3124,2977,5248,11521,2807,5341,10564,1520,1035,11336,4796,8146,23515,515,-807,8301,4113,8146,23515,-1075,-703,-1095,-995,-1050,-1236,-1075,-703,3115,7096,-1675,1578,2487,1781,-6450,-8885,-676,-860,-1989,-2432
3/24/2025,162,404,-386,-552,792,-386,-686,4725,-551,937,3033,-386,4332,3619,233,3542,5351,4315,3181,3491,8197,2255,9120,3604,725,1568,6213,4159,7282,3604,162,404,936,-552,792,936,-686,131,-93,1159,2761,-1489,4332,3619,-168,3542,8019,9126,3181,6177,13130,4294,19522,46137,2851,4899,11312,4159,19522,46137,1665,538,1665,538,1531,-245,-1510,538,-2095,-465,2170,5334,834,3857,9438,10995,11,79,8542,4196
3/25/2025,1215,4014,5633,3245,5697,2612,3265,4745,2612,885,6017,5633,2607,7679,12854,2108,1304,1874,3420,8405,9183,4690,3515,-474,2364,2851,1346,1755,5526,-6126,1215,4014,6547,3245,5697,3202,3265,4777,3202,420,4640,8358,2607,7679,16798,2108,6140,8394,3420,9672,16791,1390,5105,333,2426,6962,17232,1390,5105,333,2820,-3194,2630,-3194,3480,-3194,2820,-3194,2493,3863,970,1408,2718,1301,5480,2081,2390,834,4085,-2626
3/26/2025,1360,3552,5149,1460,1978,5328,1650,313,1361,140,762,5349,-4530,-6480,-8990,2025,2405,2489,3228,-152,-1706,4216,13132,9020,570,-1052,-8990,7663,9569,11295,1360,3552,5747,1460,1978,5478,1650,2473,2309,140,-198,948,-3190,-7495,-15972,2025,1654,2568,3228,-152,-595,9228,20159,29314,3150,-1440,-2900,7663,19819,30806,3562,7142,3292,7142,3182,7424,2987,9222,-6300,-8475,4915,4654,3452,-170,14593,7623,2914,-8475,10934,6578
3/27/2025,1910,6026,7200,1875,6313,7498,1890,4577,7924,3055,6148,7200,5456,6785,17632,5269,8740,17678,4664,10874,22959,-580,-3100,2896,3599,4172,633,1520,8679,2896,1910,6026,4029,1875,6313,4530,1890,5902,4382,2805,7683,5984,5456,8495,16554,5269,7720,16228,4664,11049,21197,4045,7485,22876,3445,10597,24614,4040,7485,22321,7451,10492,7348,10354,9303,9955,7451,10492,9963,18566,10796,14050,11505,20822,350,-1146,2187,6034,1008,4951
3/28/2025,2944,7605,10226,2713,4785,9778,1892,3020,12071,2485,5730,7328,-1585,-6595,-8935,1470,10480,11545,5756,15848,7621,9131,42963,47323,3400,1618,-8905,11841,28239,42117,2944,7605,10613,2713,4785,9778,1892,5394,12071,2485,2800,4548,-440,-1205,-8282,1470,10060,13035,5756,15848,10341,11661,38883,84458,8615,16493,12631,11841,38478,85536,4554,5691,4811,5791,4806,6747,5686,8861,-6225,-8280,7310,18534,11880,13661,20533,32735,-975,-8170,16093,40421
3/31/2025,175,-115,-3184,-585,-115,-3184,-550,-1365,-3184,-290,-1670,-3184,-5135,-5651,-7635,-4025,-4805,-7637,-4235,-2466,-8380,-800,10284,-7728,-5595,-1460,-8925,3380,5708,-7918,175,-115,730,-585,-115,730,-550,-200,1345,-1135,-1605,-4260,-5135,-9705,-6123,-4025,-8215,-15670,-4235,-6710,-19410,3450,10578,12735,-4665,-8555,-18245,3380,10361,10932,1200,1667,1200,1667,1075,2377,1200,1667,-6906,-8615,-4085,-8625,-3171,-8600,9470,-8960,-6750,-7625,11120,15616
4/1/2025,3415,6734,13407,4261,5344,13695,4422,3513,13358,2525,3810,13407,2330,9360,15475,3670,1893,8417,4025,6891,10200,3247,10273,-2686,1728,7400,5671,2278,756,-2918,3415,6734,11905,4261,5344,19532,4422,5917,16380,2525,5440,16939,2330,8565,14918,3670,4573,6978,4025,6891,8699,2288,3134,-1131,3660,6966,6145,2278,3134,-1131,8007,13609,7012,13928,6982,13902,6791,15281,6941,11215,5830,7913,8865,12567,4974,1654,1478,18021,2245,21958
4/2/2025,2027,7881,15458,3694,10336,12987,2971,7088,9691,1517,6591,16973,3320,3395,-4245,3865,2835,8651,6291,13662,22875,2675,11185,11834,3174,6133,-8960,5678,10341,13184,2027,7881,15458,3694,10336,12987,2971,7892,9691,1517,6288,14583,3320,8005,12287,3865,6850,9130,6291,13662,21345,5803,11322,22324,4661,12221,15405,5678,11322,22324,6685,14077,8998,11179,6213,11330,5465,15652,2715,-448,5891,9195,12865,19473,9507,9824,4255,-6130,6972,10697
4/3/2025,1060,5481,6223,1670,1511,689,1055,-1166,714,1085,3176,4953,3018,5881,5157,3712,4839,12436,5582,9373,13760,4410,9606,17329,4953,2442,2819,6824,10981,27023,1060,5481,3936,1670,2125,3154,1055,2045,3179,750,555,3430,3018,5881,5157,3712,6602,12436,5582,9373,13393,6879,17929,33057,4711,6685,8999,6824,17124,30973,1111,5063,1111,3956,1254,12861,1246,5063,4378,2851,7342,19726,12603,13611,20385,35979,8435,7642,14216,18406
4/4/2025,2640,6607,13780,3630,7397,13501,2882,2902,24347,2400,5373,12995,4435,10428,21240,6330,11166,24174,12486,23435,33481,10400,26792,48688,8505,10033,3906,11805,9534,31609,2640,6607,13780,3630,7397,13501,2882,4713,24347,2400,6483,12560,4435,10428,16748,6330,16347,24174,12486,23435,33481,12440,26792,49672,8823,21430,26787,11805,25241,45485,8729,23180,8784,23176,21016,21426,8222,22430,12348,21511,16774,27060,28175,40378,42845,67261,9850,18116,34355,26455
4/7/2025,845,2250,9014,770,385,6367,1618,1684,-3065,1185,2811,8569,2695,8790,17177,4172,8305,20028,3366,11552,13477,-575,9845,19752,2851,4980,565,4310,5425,6145,845,2250,9014,770,385,2964,1618,-810,-950,-155,1505,-626,2695,8790,17177,4172,10325,20028,3366,11552,13477,4510,9845,19752,2851,6360,9962,4310,9315,18807,2915,1880,2188,3902,270,78,2835,1880,8580,17590,10565,22711,10958,19021,12851,18532,3945,1200,12250,6239
4/8/2025,4905,8044,14194,4060,6640,16009,4170,4035,18435,5605,9208,14194,850,160,-7847,2435,3347,-681,2660,4379,-8871,-710,-6225,-7518,-2040,6380,2114,9380,8190,22890,4905,8044,12587,4060,6640,14402,4170,8166,16192,5605,7104,11727,850,160,-5307,2435,1420,-2775,2660,3040,-1300,9825,12925,17622,1365,755,-4725,9380,12435,11512,8865,14110,9375,15839,8630,16434,9955,15350,-291,-1497,2470,5159,6565,9878,16920,-8253,-1235,1408,14310,17258
4/9/2025,3000,7010,6246,2650,6445,6175,2940,4835,7888,2625,4660,6246,1566,2167,3691,3426,8165,10808,8050,14406,20037,7725,29378,54801,4634,4335,6834,14109,7665,34158,3000,7010,9263,2650,6445,10061,2940,6730,11214,2790,4665,7636,1566,2167,2106,3426,7682,10808,8050,14406,20037,14189,29378,57212,7704,12656,18795,14109,29248,56817,5935,8251,5475,6986,5675,8416,5935,8526,4215,2927,8865,14438,16012,26051,31028,56758,1220,5721,22342,201458
4/10/2025,2810,5345,9264,4087,6050,10956,3235,5386,11759,2645,3585,9061,4182,6882,12502,3313,4162,18225,7860,14562,29012,5215,16050,41210,6380,4148,2981,6846,9827,28321,2810,5345,9264,4087,6050,11276,3235,5693,11759,2405,1705,6641,4182,6882,13240,3313,6916,18225,7860,14562,29012,6846,16050,34479,7500,12397,26050,6846,15415,30769,5145,7110,5990,6258,4332,26618,7808,9038,8860,10467,9857,19778,17740,26445,18396,37060,6023,4957,16725,22035
4/11/2025,633,-1672,3116,-147,-701,207,-142,-3637,935,1018,1824,3116,1873,6372,12155,1600,8280,16999,2275,2980,11934,5965,15490,30787,850,3550,-1193,5900,11802,35032,633,-1672,12242,-147,-701,9333,-142,-1699,9563,643,-2197,4873,1873,6372,4668,1600,9978,16999,2275,2980,11934,6060,16375,32436,2635,2732,5648,5900,15851,35765,1164,3965,1621,-139,633,436,894,3965,5297,4489,8328,4694,5667,3911,13319,12522,4415,3186,18614,27713
4/14/2025,3200,6653,11278,3285,6115,6499,2585,3433,5023,3409,7773,13185,2735,2660,-6254,1780,1329,3493,4741,4661,2133,4855,500,-3450,985,7313,2372,4485,267,-2680,3200,6653,8394,3285,6115,4050,2585,5457,2871,3409,7253,9659,2735,2897,4418,1780,1781,1819,4741,4898,1917,4495,-3065,-23252,3005,1854,-1772,4485,-3270,-19502,4985,8574,6579,6572,4746,4400,4130,10969,5341,7624,3684,9231,3102,7700,-1782,-4448,1675,4556,-2935,-2771
4/15/2025,1985,210,-3530,3055,155,-3613,510,130,-4103,1825,1294,-3530,1940,891,8771,1525,4670,2824,84,-1460,3745,-940,-5259,-3905,-804,406,1549,-810,-6985,-3444,1985,210,-4539,3055,155,-4664,510,-1600,-4650,1575,2555,-2040,1940,1880,11309,1525,-3920,-7625,84,-4941,622,-810,-7400,-48685,41,-1914,3043,-810,-7400,-47610,2397,-1965,1011,-1965,-120,-1965,2442,-1965,5047,8612,-570,519,2260,1823,-3154,-5634,698,-2203,-3723,-3238
4/16/2025,920,2179,5938,995,2489,5801,845,418,5801,420,2518,5938,-140,-148,-2573,3645,5765,15388,3970,5151,16387,8000,16999,19919,4215,5480,3569,11125,6661,17452,920,2179,4673,995,2489,4323,845,2319,4323,-480,-112,861,-140,685,4383,3645,7389,15314,3970,5151,18513,11395,22669,40497,3260,2620,11806,11125,21714,37487,3341,8307,3341,8307,3701,8307,2566,6817,-445,-2398,10611,17338,13478,23626,20256,30504,6181,-4003,16240,19612
4/17/2025,1910,3050,13432,1028,2755,13216,1848,3327,13475,1688,140,13432,5247,14321,22758,4328,5558,12007,9384,16233,22526,4676,7287,6516,7194,1718,6485,6145,1457,5660,1910,3050,11300,1028,2755,11145,1848,4774,12256,1688,1867,9953,5247,14321,27676,4328,9193,15327,9384,16732,19932,6175,641,1785,8571,15628,21097,6145,1906,680,3810,14705,3810,14705,5075,14705,3810,14380,12585,17116,7591,11047,8897,12061,3316,17368,584,8936,6190,3484
4/21/2025,4805,7869,15726,4187,9737,17804,3848,6383,16674,3850,4489,15236,264,275,-1895,2240,3746,9527,5970,7405,19352,5743,14674,-2134,4150,7369,-1895,11027,11585,-1009,4805,7869,15726,4187,9737,17804,3848,9078,16674,3850,6772,9328,532,1410,3458,2240,4125,5842,5970,7405,10964,11027,19093,19023,5615,4445,5690,11027,18973,16711,6882,15727,7072,18331,8492,18968,7317,15358,718,-927,2058,3163,6687,10136,14584,19410,3223,-927,11408,14688
4/22/2025,3535,8273,11341,3540,7365,8598,2386,4658,8890,3254,3774,10439,5602,24787,9486,3500,5453,6436,16755,24513,14936,1040,-459,5921,16427,7879,13838,2945,1016,5294,3535,8273,9002,3540,7365,9186,2386,5439,9128,2969,3431,6031,5602,14230,16027,3500,17691,6436,16755,24513,12666,3075,-459,-6005,16900,21995,10141,2945,51,-7565,6451,11608,5742,11302,4971,11142,5803,12338,6250,14779,16340,7076,19105,14419,-338,5061,6928,3508,4707,6060
4/23/2025,2599,4719,8885,3898,5674,8800,2735,3195,7098,2604,4025,7389,6112,8463,5699,4718,3580,11306,5435,6026,8208,-850,7526,-8995,3414,1836,1663,4963,8936,-8275,2599,4719,3843,3898,5674,3764,2735,2783,1573,2604,5826,8541,6112,8463,6759,4718,5356,11792,5435,6650,14402,5073,13499,28935,5439,7088,15976,4963,11774,25160,5305,8762,5188,8627,5023,8372,6615,12137,5835,4867,9518,14492,10300,4117,2415,-8826,6212,3517,4762,25531
4/24/2025,2685,4576,9166,1810,4443,9166,1780,2893,9166,1168,1962,9166,2149,-2120,-6238,2810,5967,10038,6034,6856,10520,6030,19478,32019,1311,-3579,887,8262,9276,28235,2685,4576,9166,1810,4443,9166,1780,4717,9166,1168,2662,4141,2149,942,-7409,2810,8424,9059,6034,5213,5427,8957,20650,54624,4212,6432,7933,8262,20650,54069,4779,13605,4738,13605,4490,13605,3410,13605,-5345,-4566,6196,5877,10253,8939,21712,39592,-2845,-7990,18557,36305
4/25/2025,395,-1945,-5519,405,-3520,-5519,-430,-2825,-5519,-445,80,-5519,785,1523,1561,2270,5084,9546,3275,7441,7855,3885,14451,26552,480,-2222,-5223,7510,9571,25487,395,5,-4435,405,-1570,-4435,-430,-1525,-4435,-360,-1110,-4379,785,-280,2632,2270,4325,9750,3275,7441,8811,7515,18355,37093,2010,6994,7976,7510,18355,37093,11,-3806,381,-3806,426,-3806,11,-3806,2260,-4467,7019,11015,7583,12990,17131,32137,-595,-6180,13880,31873
4/28/2025,270,-1220,579,-640,-1300,739,-430,135,944,120,-345,579,-802,-2735,-1967,-1285,-3645,3920,-2845,-4050,195,53,-871,6392,-452,546,2410,1091,2399,4796,270,-1220,2343,-640,-1300,2373,-430,-1145,1888,150,615,3162,-540,144,414,-1285,-2675,-6305,-2845,-5870,-10065,1091,597,-7187,-2935,-6720,-14905,1091,-1005,-10217,690,1431,635,3225,318,3030,690,1431,-395,-2275,-1327,2521,-978,4027,-702,17335,-10,6258,2688,40245
4/29/2025,1215,-838,-4134,1210,-919,-4146,229,1209,-3061,905,1762,-4134,2130,6855,5911,1710,-1498,-3455,2750,-868,-1508,1600,-1105,-4100,1776,784,-3078,1345,-1978,-4538,1215,-838,-1809,1210,-919,247,229,-1198,-2104,-315,-1328,-3488,2130,6914,3811,1710,-690,-6284,2750,-817,-1689,1345,-3700,-11935,2701,-3313,-3549,1345,-3700,-11738,-705,-2098,-537,-296,954,-2025,330,-2956,6030,4763,935,-3161,406,-4103,-1043,-4237,3689,-1900,-3812,-4556
4/30/2025,-655,1975,586,-630,1942,1015,-590,-25,216,55,1312,586,4256,7651,18171,3247,5971,-55,3340,1759,-8470,4495,-6170,-8260,200,8156,-294,4591,7305,-8745,-655,1975,4709,-630,1942,4707,-590,1862,4628,-535,1510,1806,4256,6969,18015,3247,7804,5148,3340,4357,21958,2635,10740,24011,2465,2579,21850,4591,10740,22431,2794,3829,2946,3799,2679,3459,2794,3829,3645,519,5080,1388,2969,2439,16594,-8905,669,352,13112,6830
5/1/2025,2805,1671,6605,1985,1560,6605,2720,495,7320,1590,4468,6605,5485,6704,11070,4710,3258,5564,6976,17123,6907,685,1619,945,4975,2281,3623,-930,-1391,945,2805,1671,3626,1985,1560,3626,2720,2368,4386,815,960,-84,5485,6891,14375,4710,4974,4496,6976,17123,1507,-930,-12780,-25021,5671,16124,757,-930,-12780,-25021,7815,9260,3529,9260,3529,9260,7815,9260,11689,17270,7158,10849,8458,7642,2220,8806,5308,4739,-433,1516
5/2/2025,75,2696,119,205,4500,1096,382,2645,1745,870,1836,119,2607,-45,-7491,2343,2365,-4646,1912,-2456,-907,4823,-416,-5455,-183,1994,3529,4761,-2090,-2898,75,2696,479,205,4500,1249,382,3103,1999,870,831,3853,2607,-811,-11950,2343,-1539,-8392,1912,-2703,3633,5962,5411,5026,-538,-1525,7408,4761,5411,5026,4792,3612,5749,-3102,4079,-3102,6032,3612,-2370,-8947,-3576,-4254,-3120,451,-403,-7846,1223,-2030,956,1067
5/5/2025,2581,8114,6099,3135,8800,6820,3363,4615,6269,520,3787,4759,4110,2265,1666,4282,3685,7597,8342,11916,4618,4526,11367,-3648,3947,4972,3996,10200,6211,833,2581,8114,3111,3135,8800,3111,3363,9968,4121,309,2077,1333,5323,7957,12768,4282,8644,6762,8342,11916,5519,10200,13569,-7014,8156,10980,4139,10200,13569,-7014,8781,9676,8786,8914,8979,10421,9341,9676,-65,-2325,4587,205,8224,1775,7575,-6801,2609,-1406,4299,-5910
5/6/2025,1250,4121,2918,1997,3960,1665,2367,3175,3312,1055,2256,3178,6788,16675,21198,6247,15121,25526,12353,22985,22249,4097,10707,6679,4195,5970,2763,8550,12855,14764,1250,4121,2806,1997,3960,1554,2367,4188,3200,1065,2131,3995,6788,16854,24204,6247,18080,26142,12353,22841,24608,8555,19586,29954,12598,21315,20816,8550,19586,29954,1624,1877,1444,2682,1747,741,2306,4659,5830,13053,11675,20537,18346,-276,4721,-3633,4860,1576,8650,-2520
5/7/2025,3430,8538,16939,3700,9204,16939,3965,6073,16939,3430,2669,16939,4060,8860,33196,5555,8240,36764,6630,13235,42825,3855,10240,22347,3520,470,11654,7407,8963,28852,3430,7167,30896,3700,8054,31032,3965,7586,30713,2590,5884,28136,4060,8860,31677,5555,11900,35868,6630,13235,40799,7407,17051,52051,5670,11040,34593,7407,16373,52051,7876,20449,8070,20449,8065,20429,7876,20449,13589,30323,13521,30803,19357,37868,15765,20490,2950,11479,9108,17907
5/8/2025,1507,3321,-218,1555,1874,-609,1845,2218,-2166,1885,3670,-218,3704,8505,9579,2011,5893,-1768,770,1046,-1660,595,-1583,-4440,545,-2210,4975,-860,-3119,-4745,1507,3321,225,1555,1874,-205,1845,33,-2186,1350,2230,-3193,3704,8505,10164,2011,-110,2835,770,1046,-4091,-200,5131,-36902,240,-1231,-8532,-200,5131,-36902,375,-1395,355,-1395,1105,-1969,375,-1395,6505,7732,-2654,-781,-2557,-2761,-5611,-5413,3694,3164,-6454,-5581
5/9/2025,1475,-935,-5247,1475,-2699,-5247,680,-203,-5247,1670,636,-5247,3343,7349,9789,2586,4852,7501,2222,667,7921,35,-6370,-8065,2208,-205,7389,2207,-4831,-8065,1475,-2641,-5255,1475,-4405,-5255,680,-4405,-5255,2628,-488,-4563,3343,7349,18444,2586,4770,8663,2222,667,11895,2828,-3107,-18448,1998,507,12400,2748,-1982,-16458,-5848,-1666,-6163,-1666,-6163,-1666,-5848,-1666,4274,15008,-631,5804,-1051,3630,-5414,-8620,1298,-771,-5610,-5972
5/12/2025,1030,-490,768,1160,-550,768,1100,2370,-1268,825,800,768,2254,-1729,-6324,-250,-6200,-8744,1290,-6995,-8995,-945,-2735,-8997,2160,-1648,-6472,1370,-6210,-7267,1030,-490,-4167,1160,-550,-4167,1100,-555,-4167,-1125,-1355,-5457,2254,1207,3419,-250,-4915,-6724,1290,850,-975,2475,9735,7360,50,850,-975,2475,9735,7170,3553,-7720,3493,-7720,3488,-7720,5331,-7720,1840,-454,-6850,-8942,-6950,-8935,-6935,-8436,-4075,-7855,-6990,-8890
5/13/2025,4836,6451,11417,4139,7794,11605,3459,7270,11605,3117,7725,11417,3375,3304,1199,5294,7258,13375,3528,5052,28780,5910,3149,7043,1578,326,-3494,11316,5675,343,4836,6451,12043,4139,7794,12064,3459,7186,12064,3117,6573,13943,3375,5475,12736,5294,8352,13375,3528,5052,28780,11626,8116,22239,3261,3075,30044,11316,8116,22239,3376,1285,3301,1489,3064,1323,3400,359,3730,4468,12435,7554,7322,14073,-520,-4769,4269,-4815,12431,10828
5/14/2025,7230,7733,7802,6355,6263,7802,5455,9530,7802,4246,6361,7802,4767,16208,25412,3398,8952,21784,8943,16752,27016,598,7725,1516,6812,2858,6450,3267,12513,2324,7230,7733,9117,6355,6263,9117,5455,4518,9117,4246,7620,9936,4767,15810,29951,3398,12014,27129,8943,16412,29519,3705,14461,32469,8087,16412,31644,3267,15496,32469,5718,2938,5718,2938,5718,2938,5718,2938,13769,21582,9640,19680,13558,20337,9557,3458,5442,7265,23705,8583
5/15/2025,3780,4670,12267,3035,4783,13590,4250,7004,14172,4185,4031,14412,3618,4104,8756,3501,3290,2441,4494,-915,-4447,2532,2015,-8472,3714,2022,-3507,3027,3180,-8472,3780,4670,16375,3035,4783,17570,4250,7549,19656,4185,7112,12875,3618,6339,10261,3501,3996,3024,4494,-915,-6843,3027,406,-10958,4125,-473,-6823,3027,406,-10958,3497,15598,4289,15598,6121,16263,2687,12628,8462,16691,4526,16237,1962,10653,-3185,-6358,1850,4841,-1195,-6827
5/16/2025,98,1466,1721,98,1466,1721,253,-557,1721,-507,292,1507,-2675,-6339,-8869,-3293,-6550,-7076,-2139,-6697,-8070,-970,-1335,-3756,775,4,-3699,-4155,-731,-3756,98,1466,1579,98,1466,1579,253,1132,1579,-950,-855,1985,-1720,-7120,-23025,-3070,-4955,-17293,-2575,-8132,-14589,-4755,-3824,-2331,-3070,-8087,-10329,-4755,-3824,-2331,3111,1318,3111,1318,2882,1318,2616,1318,-6955,-8940,-6965,-8900,-7000,-7720,-6955,-7500,-6990,-8180,-6930,1852
5/19/2025,975,5197,10566,2050,3521,10461,2199,4307,9205,610,3766,9311,-1705,-830,-2488,568,1795,8492,1103,3273,10989,1205,1113,957,542,245,-4921,4480,4717,201,975,5197,10566,2050,3521,10461,2199,5219,10592,350,4501,11581,-1705,-535,-697,568,5260,8999,1103,3273,11391,4610,10947,32666,-389,2489,10671,4480,10332,32666,3477,8037,3433,7784,4052,7251,3797,7037,-4294,-6008,5815,5663,8926,11567,-2912,-2531,2970,-8440,-1031,-3315
5/20/2025,2180,9607,15587,2190,10552,16587,3010,10660,17712,3775,9655,15587,5472,9022,12093,7065,8023,4462,9740,11677,1830,9675,1039,-4728,4378,6962,5676,9650,4970,-4728,2180,9607,15915,2190,10552,16915,3010,11367,18040,3775,3390,14739,5472,9584,17948,7065,5154,7614,9740,11677,13847,9385,7735,-615,9785,10977,13847,9315,7645,590,8752,14276,9317,14276,9282,14276,8152,14276,6258,10462,5395,9970,14242,23084,4824,-919,860,6182,-530,-919
5/21/2025,1122,749,6278,22,1736,6694,113,-2225,6804,610,2049,4843,1978,739,-817,210,1845,499,1010,1087,642,6582,-1498,-7910,4308,5574,3126,6529,9799,16227,1122,749,409,22,1736,369,113,11,479,610,111,-5778,1978,2294,4906,210,885,-3710,1010,-420,-4020,6919,-5534,-21450,1391,-60,1165,6529,-6514,-21080,2689,8002,3712,8127,3357,7422,1721,6342,1380,-583,1525,1417,3908,9082,13725,8488,344,321,1364,9253
5/22/2025,4708,10019,11641,4925,8739,11641,4250,3917,11641,2998,5115,11641,6687,13162,21184,7817,9241,22274,13911,18383,7640,1365,4643,-1857,6316,4269,2347,9254,12315,-3951,4708,8294,10355,4925,7228,10355,4250,5603,10355,2998,4048,10963,6687,13162,20911,7817,17080,16546,13256,15645,7545,9254,14695,-13604,9953,15711,4700,9254,15810,-13604,10499,12276,9970,12276,8455,12276,10499,12276,10647,22854,13479,15856,15543,3863,-4336,-5467,3383,3544,4729,4831
5/23/2025,-895,760,4917,-855,-380,4917,-1525,-670,4917,1646,1182,4917,2452,-1076,-5095,1977,1183,-5007,2651,-527,-5004,-550,-3875,-7521,1560,1323,-3539,965,4975,-5116,-895,760,1154,-855,-380,1154,-1525,-380,1154,1396,-1370,120,2452,-3421,-9511,1977,-6479,-18488,2651,-4549,-10918,965,-3945,-21685,2406,536,-7074,965,-3945,-21685,-1525,-2572,-3085,-2572,-3085,-2572,-1525,-2572,-6990,-7191,-6995,-3902,-3535,-3132,-4365,-6130,-6250,-7830,-2285,-7364
5/26/2025,2540,2891,3157,2790,2891,3157,2045,3486,3157,2540,4571,3157,3341,6412,8782,2640,5030,3877,3650,5415,4634,1520,-3630,-5884,2596,3607,2038,-2250,-3953,-5884,2540,2891,3417,2790,2891,3417,2045,2891,3417,2115,5316,3263,3341,6412,8823,2640,4895,4375,3650,5415,5132,-2250,-5445,-11042,3650,5415,5132,-2250,-5445,-11042,-820,-3730,-820,-3730,-820,-3730,-820,-3730,-2084,-57,-3960,-4190,-3525,-3195,-6755,-6780,-1665,2752,-6495,-6780
5/27/2025,3060,5500,-101,3091,5279,445,2286,4627,483,3060,4370,-101,-737,-4580,-5958,2081,8580,5379,2357,12128,1224,2100,3820,3693,-393,1390,-5583,6201,8334,3693,3060,5551,1188,3091,5379,906,2286,3990,1521,1375,5315,134,13,6535,-886,2081,10316,6120,2357,12128,8907,6356,14307,26769,1459,11190,7904,6201,14307,26769,4996,-3445,4996,-3912,3428,1339,2246,-3445,-6180,-7945,8935,7680,9743,9115,9267,5112,-2340,-8945,11824,5112
5/28/2025,3410,5397,5535,5449,5362,5535,5208,1837,5535,3160,2795,5535,8672,8216,9343,7240,9864,7081,10951,15821,6599,-565,5018,673,5677,-1133,-110,3770,2605,673,3410,5897,4539,5449,5862,4539,5208,5902,4539,975,1400,1932,8672,11941,3555,7240,15309,12849,10951,14104,13918,6805,7845,11923,8715,13154,12843,6805,7845,11923,5273,2266,5273,2266,5273,2266,6098,2266,8942,457,11909,7070,13789,4029,10679,-674,294,1630,3313,-4024
5/29/2025,985,-785,-1411,1565,1770,1719,1741,2496,-311,1455,3637,-1411,2642,5374,16544,3202,8587,19331,2564,6011,18113,2447,8468,500,-47,5282,2904,6821,7814,3185,985,-785,-1411,1565,1770,1719,1741,2223,3077,1060,945,-311,2642,5374,16544,3202,5343,19331,2564,6011,18113,7006,8706,5817,1994,5189,15143,6821,9731,6422,-3005,-1845,-3040,-1845,-3040,-1845,-3135,-1845,7230,20045,4644,22061,9442,22344,11667,17385,6157,1451,8648,23601
5/30/2025,2690,7357,14405,1915,5883,15765,1105,763,15765,2570,4089,15145,2363,4217,8149,753,-1905,5791,2610,3980,9752,290,3225,13257,3560,3343,9510,-2605,-1042,17105,2690,7357,13585,1915,5883,14018,1105,5931,14018,1375,2209,6279,2363,4217,9490,753,2549,6739,2610,3980,8067,-2605,-408,-4001,2685,5335,12397,-2605,392,-2686,7912,15281,8563,13152,7399,13152,6793,15106,4135,6618,1915,5032,4945,10411,-4206,6505,-490,6877,-3542,11059
6/2/2025,-345,1123,1100,-345,1123,657,-345,-378,657,-430,-1193,1100,-2700,-4669,-5958,253,-3782,-4033,2083,-105,-1903,1280,16398,23861,1313,-4762,232,8183,17191,21052,-345,1123,1443,-345,1123,1443,-345,1123,1443,-745,-1543,-2836,-1986,-8931,-18381,253,-1000,-2490,2083,-21,-2473,8183,25096,52408,1024,119,-2473,8183,25096,52408,2703,4838,2703,4586,2703,4586,2203,4838,-6440,-7210,-563,-23,2885,-581,20483,27621,-6695,1132,20048,23166
6/3/2025,1426,4015,9323,2521,5843,9622,1948,5268,6485,1790,4758,9323,1425,1970,-3514,4490,5382,10997,3462,4120,11130,1657,-964,-2435,-3,38,-924,3290,7856,-670,1426,4015,11196,2521,5843,11640,1948,4074,8147,1566,4487,12624,1425,3918,6925,4490,6992,10997,3462,4120,13062,3290,4671,15429,3434,3194,13062,3290,4671,15429,6174,11046,5755,11011,4645,8119,7011,9141,2695,-5640,3431,8988,4460,12685,-1723,4021,-1450,-214,1417,-2397
6/4/2025,4080,-1120,-962,3285,-760,-962,2635,2160,-962,4593,4482,-962,4212,14294,25539,2682,8452,15573,5003,21069,18198,1200,-3449,5194,2822,4442,8503,6855,16863,5194,4080,-1120,-1373,3285,-760,-1373,2635,-760,-1373,5115,2942,6480,4212,14294,31309,2682,17987,21793,5003,21069,23418,6855,2545,9293,4432,20325,21911,6855,2545,9293,-84,-4120,-664,-4120,-664,-4120,-84,-4120,8705,4664,336,149,5749,-657,3856,-1841,12350,-2946,12795,-2461
6/5/2025,1320,2083,-2272,1345,1955,2607,1710,839,4879,860,770,-2272,570,12007,4823,760,8632,6256,425,9943,-1797,4241,15916,23718,1675,-874,5194,4905,9281,15216,1320,2083,-6520,1345,1955,-2510,1710,2734,759,890,24,-4744,570,12007,3515,760,8757,4162,425,9743,614,4420,7785,2394,415,3001,-3201,4405,7615,-86,1945,-723,3315,-1067,2497,3586,375,-723,11597,4192,8947,2938,5291,6593,14902,23323,6135,5328,11572,22125
6/6/2025,3383,5286,2963,4196,6803,2963,4570,10158,2963,2133,8172,2963,2595,3659,12084,4261,1728,8298,1613,2076,2955,265,-4561,-7643,1103,1244,5974,2935,-5913,-6800,3383,7160,-2071,4196,8158,-2071,4570,4482,-2071,2658,7061,10393,2595,3786,16472,4261,2749,8182,1613,3631,-999,4212,-3671,-39294,2465,1176,-1654,2935,-3671,-39294,-115,5825,-125,5825,-125,5825,-115,4935,7973,28281,1459,10742,4188,4267,-5895,-7487,6104,16776,-6667,-8253
6/9/2025,3514,2355,-1803,2987,2073,-1803,2643,5154,-1803,2677,3288,-1803,5040,5683,12119,2778,3008,-3959,2620,-2100,-306,-10,-6890,-7202,1602,6061,4694,-3380,-5869,-7202,3514,2355,-1809,2987,2073,-1809,2643,2868,-1809,2957,6029,4141,5040,5683,13825,2778,-2648,217,2620,-1429,-4165,-5855,-14037,-54975,2287,-2849,-3800,-6105,-14037,-54975,-3321,-3351,-3321,-3351,-3321,-3351,-3321,-3351,8664,11725,28,-6856,-802,-1799,-4604,-7175,3860,4286,-1890,-7175
6/10/2025,3210,3175,3048,3050,3400,2918,3145,1588,2848,2160,2397,-152,7521,12774,17785,5808,10321,19477,7512,12582,18613,4345,7969,6992,5319,3020,2631,7767,9269,8133,3210,3175,7085,3050,3400,6955,3145,2782,6885,1105,1498,-3820,7521,12774,17785,5808,13704,25971,7512,13115,26542,8083,17389,41304,6892,12144,21961,8083,17389,41304,2660,2337,2885,2337,2853,2337,3235,-313,11030,14856,11828,17511,18808,20342,12252,12658,4119,1980,9258,11589
6/11/2025,725,-2765,-5534,95,-3415,-6340,-490,-888,-5782,-25,-205,-5534,1177,-960,-1501,2210,-155,2058,-340,-2174,-2857,-730,-6500,-7088,-1760,5723,101,-755,5573,-4,725,-2765,-9893,95,-3415,-6975,-490,-1880,-6955,-480,-3330,-15215,1177,-960,-4140,2210,396,540,-340,-2174,-9906,1475,-9775,-21592,815,-2400,-7186,1115,-10525,-19819,-3975,-4221,-5470,-3450,-3030,-3725,-3975,-4221,570,1674,137,4181,-1868,-2415,-6500,-7958,-94,471,-6475,6912
6/12/2025,492,-2198,1522,945,736,1522,1023,4660,1522,1522,-905,3082,1895,2097,6393,-32,3269,8582,672,2287,18708,1548,2193,-3434,2059,-1130,-51,828,8359,19,492,-2198,1930,945,736,1930,1023,453,1930,1522,-639,2702,1895,3266,21943,-32,2169,7791,672,2287,19610,828,-3552,-31009,831,-864,18470,828,-3552,-31009,-5558,-7709,-5558,-7709,-5558,-7709,-5558,-7709,4910,4543,-4340,-1542,5542,6330,-1359,-7574,5525,-364,5595,289
6/13/2025,4075,5863,8790,4455,3374,10493,5455,5117,9521,3710,4478,7559,2425,2753,103,2932,1347,-1872,1736,12,-5540,3055,-5700,-7893,1014,6465,10586,6204,5721,3259,4075,5863,2832,4455,3374,4694,5455,6010,4926,5156,6204,6119,2425,2553,1169,2932,922,-2922,1736,65,-3894,6307,10950,-4911,1176,528,-4918,6451,11285,-6301,1217,4410,1007,5410,3012,4840,2067,4410,1272,-329,942,-7280,-286,52,-5298,-3800,2209,7560,693,4163
6/16/2025,1232,1372,1760,1642,2432,1760,860,886,2455,732,633,980,2737,-3221,-4686,2288,-1718,-4171,55,-5896,-7668,2935,3782,1993,-978,2027,-499,1945,1862,4338,1232,1372,2148,1642,2432,2148,860,945,2843,732,943,5027,2737,-7117,-12388,587,-9000,-15590,-1424,-10283,-25655,1585,-10458,-44584,-493,-5723,-25655,1585,-11728,-44584,3907,2832,3907,2832,2362,2832,2887,2832,-2466,-1963,-1936,-4023,-6702,-5989,-2605,-1460,-403,4325,-1666,-4912
6/17/2025,-480,-970,-2130,-565,-645,-1506,-430,-455,-1866,70,1685,-2130,120,1203,-5971,681,256,-7817,1756,-6340,-8997,-995,-4917,-5761,-1428,-339,-597,2830,-58,-2598,-480,-970,-2130,-565,-645,-1330,-430,-280,-1525,-480,-900,-3860,120,2067,-1394,681,-92,-5513,1756,1575,-4298,3345,-10110,-34595,137,-430,-4298,3030,-10110,-35245,-290,-809,-1530,901,-730,116,-290,-809,-205,-8015,-103,-8934,-6759,-8999,-6885,-4932,4133,-874,-6985,-8467
6/18/2025,1130,-1765,-4484,734,-1957,-3529,473,1373,-4744,1025,1620,-4484,-1005,-3701,-4092,-3060,-4860,-287,-2605,-3447,921,-745,-2930,9357,-291,2303,1209,-1915,2451,9927,1130,-1765,-7167,734,-1957,-6212,473,-1972,-7427,742,-1244,-8484,-1005,-3338,-17167,-3060,-12020,-18108,-2605,-4804,-12066,-855,-13380,-18038,-1411,-5913,-8966,-1030,-13380,-19163,-223,5918,352,6688,2844,7828,814,5918,421,2516,-2001,5271,-2309,-71,-803,2862,1013,8018,-3283,10800
6/19/2025,-45,-1823,-334,205,-1423,-334,205,-569,-334,-1010,350,-334,3940,5123,7165,4286,7169,8311,4696,6249,9021,2470,4215,2445,1875,2114,251,5816,9505,2445,-45,-1823,-334,205,-1423,-334,205,-1423,-334,680,-1980,-1805,3940,5123,9030,4286,6719,10664,4696,6905,11374,6894,17069,33159,5851,6905,11374,6894,17069,33159,-6270,-7290,-6270,-7290,-6270,-7290,-6270,-7290,4460,6590,2330,1498,905,30,-3220,-6910,-1440,-215,-2330,-6910
6/20/2025,1061,-3217,-3284,341,-1432,-6696,-495,-989,-6136,156,545,-3284,2019,5707,4593,3010,5582,13347,1955,2982,4948,-580,-4403,-5472,1815,1777,2081,7853,19890,-5472,1061,-3217,-5189,341,-1432,-8443,-495,-3795,-7756,706,-2105,-2249,2019,5707,5166,3010,4372,18440,1955,783,9610,7343,8211,23557,2315,290,10941,7853,8006,25522,-954,-4305,-2529,-4305,-2529,-4305,-954,-4305,6494,11971,7922,17347,14004,10403,-6781,-8232,6467,1646,-4864,-8232
6/23/2025,2448,2025,7887,1360,2355,7398,968,-221,4334,1615,2178,6547,3460,7428,12196,3715,4880,12981,6365,12102,12679,2310,11790,18617,4662,4822,6789,5705,6490,19486,2448,2025,7940,1360,2355,7689,968,239,4625,1615,2220,650,3460,7428,13113,3715,7430,13206,6365,11646,16350,7120,19205,48154,5535,10205,15655,7000,19205,48154,4362,9286,4973,9261,5090,9487,2820,7946,6935,11634,8965,13932,12469,12950,14436,17364,2057,5257,8041,19782
6/24/2025,3706,4190,5372,3451,4250,5372,2572,5551,5508,3551,3995,5372,-3880,-6870,-8930,-880,584,-3343,3067,5392,-2663,7478,26687,375,535,-2875,723,11361,18843,375,3706,4751,8836,3451,4258,8836,2572,4263,8731,3551,5661,9911,-1750,-4070,-11435,-880,1965,-1161,3067,5392,312,11586,23730,39670,1920,5392,312,11361,23730,39670,4803,6641,4803,6641,4803,6641,4803,6641,-6485,-8990,-304,-275,1104,60,4805,2949,-6355,-389,26914,-1120
6/25/2025,395,3178,413,1247,2916,191,486,5078,1812,380,5230,413,-975,-4485,-6258,125,-315,-8415,-145,208,-8000,-785,-2341,-4534,-496,873,-8710,3159,-4029,-4534,395,3178,-336,1247,2916,-410,486,3020,1344,-285,2243,6939,-540,1330,-2740,125,-1245,-6005,-145,208,-2327,3159,6174,-32007,-670,-219,-3174,3159,6174,-32007,-2850,2301,-2850,2301,-2850,2301,-2850,2301,-4440,-8905,-4560,-8300,-5200,-8905,-6043,-7400,-1915,-8265,-6718,-7400
6/26/2025,1465,-36,32,720,180,32,-70,200,32,650,-1200,32,-2627,-5965,-6315,-1715,-6665,-3606,-550,-2462,-6407,-675,10797,4384,-3487,-1937,-1359,4665,15736,12997,1465,-36,2249,720,180,2249,-70,180,2249,-25,-1560,-5050,-2425,-8920,-17845,-1715,-4165,-7275,-550,-2462,-4782,5665,18079,42783,-2030,-3065,-4782,5665,18079,42783,737,-681,717,-681,702,-681,737,-681,-6960,-6550,-3085,-7168,-298,-1195,4395,-3211,-6725,2296,5282,14145
6/27/2025,-650,228,9938,68,-90,9803,-897,1802,10778,-585,5935,9938,-366,-1719,-1609,-3280,-6605,-4377,-2500,-6014,-3097,-995,-6896,-7884,1610,2125,1297,-5972,-4950,-6349,-650,228,8244,68,-90,8109,-897,1660,9084,-585,2007,4946,-366,-1719,-387,-3280,-7625,-13185,-2500,-9214,-18066,-7957,-30725,-60290,-1925,-6574,-12819,-8117,-30725,-60290,4139,12595,4184,12595,4184,12595,3689,12595,3040,6840,-3943,-1723,-4975,-4098,-4920,-6486,2935,2454,-4755,-5591
6/30/2025,2491,2799,-4565,1796,-973,-4565,-485,683,-4565,1181,5513,-5595,3400,2129,-6411,6226,5169,-548,4229,4056,-8891,3260,7520,9018,3678,4045,3273,10416,10175,9018,2491,2799,-8117,1796,-973,-8117,-485,-1197,-8117,-429,-1404,-3709,3400,8355,1286,6226,7113,-12232,4229,1100,-24288,13331,3830,-58200,3879,2180,-24288,13246,3650,-58200,2225,-3285,2033,-3285,1987,-3285,2230,-3285,3727,-1050,1321,-5204,-4455,-9000,-3492,-4485,287,-2101,9690,-1706
7/1/2025,4030,3872,5179,3980,3689,5756,3260,3384,6338,2730,4103,5179,5695,8835,16246,4530,6588,11487,4665,6503,12495,-585,-3811,-3205,2480,1717,2561,970,1605,-4680,4030,3872,5631,3980,3689,6411,3260,4515,6381,2480,2860,9184,5695,8615,24001,4530,5935,13786,4665,6907,18998,2275,2560,-2999,4120,6902,21496,2275,2560,-3953,7899,8063,7829,8063,6484,8063,6932,4658,7017,30552,2595,19294,3863,22597,-5724,-1800,3899,-531,-4424,-1805
7/2/2025,1248,1058,5517,369,1390,5803,291,-1151,6014,1513,1099,5517,3123,-3205,-4950,3049,5734,3462,6781,15751,208,-585,8679,7997,-1185,-4420,-6985,6663,6676,7997,1248,1139,8731,369,1504,9043,291,1836,8969,95,-806,6239,3423,6938,-7477,3049,8114,8129,6781,16099,7854,7555,29768,65715,5148,17279,7854,7555,29768,65715,4034,6929,4009,7539,4241,7539,4034,6929,-5790,-6038,872,1541,942,-3065,5885,2156,-6775,-7705,10607,2156
7/3/2025,2540,2954,4890,2562,3360,6011,1957,3712,5675,2537,2954,4890,445,53,-1938,1880,1265,3415,1810,384,4725,490,6710,7544,2510,562,-3548,2030,5639,11964,2540,2954,4890,2562,3360,6011,1957,3611,5991,2502,3669,4890,445,469,1074,1880,2990,5025,1810,1555,1910,2515,2510,5750,1390,485,1910,2030,2510,5750,2185,3024,1988,3939,2469,3939,2185,3024,-1275,-3605,-717,-3540,-990,325,2645,4478,-970,-4400,3860,9290
7/4/2025,220,-685,-2700,220,-685,-2700,220,-1395,-2700,-295,799,-2700,-205,-1072,-2845,-630,-4150,-3025,-125,-1285,-1935,1930,-2115,-4785,1925,1710,-6605,-2370,-1485,-4785,220,-685,-2700,220,-685,-2700,220,-685,-2700,-295,-1325,-3260,-205,-1072,-2065,-630,-2030,-4345,-125,-1285,-1935,-2370,-6320,-16540,-125,-1285,-1935,-2370,-6320,-16540,-2995,-4870,-2995,-4870,-2995,-4870,-2995,-4870,-2165,-1480,-5295,-7890,-5120,-5485,-6975,-8700,-1025,-6605,-7000,-8700
7/7/2025,-2220,-4755,-6910,-2975,-3625,-6910,-2745,-4605,-6910,-2630,-1610,-6910,-860,-6420,-7377,2460,7260,9407,2380,2458,14028,2876,18601,20131,2905,6382,-7471,9702,21821,14194,-2220,-5595,-5855,-2975,-4465,-6010,-2745,-4520,-6010,-2310,-6085,-9045,-860,-7460,-12136,2460,6725,13478,2380,2458,14700,9702,29837,70899,4075,2458,17186,9702,29262,72354,-2220,-2050,-2220,-2050,-2220,-2050,-2220,-2050,-5800,-6970,9873,10090,9387,19705,8343,17006,625,-8230,11927,21089
7/8/2025,725,849,-2354,2195,939,-2312,1020,4447,-2049,1345,2555,-2354,2138,559,4254,4532,4032,5575,5586,6694,14747,10517,6195,-6870,1477,1595,9069,13580,9456,-6870,725,849,-971,2195,939,-900,1020,939,-95,100,1980,-1010,2138,1307,5019,4532,2743,5957,5586,6694,15350,13580,12451,14195,5509,7009,18062,13580,13571,14195,-4610,-4118,-5850,-4118,-5850,-4118,-4610,-4118,995,2909,-4900,-2481,1320,672,-6457,-7596,7525,4881,-6575,-5564
7/9/2025,660,337,2119,1045,2337,18,230,-810,18,-305,-520,2119,-3147,-4453,-8095,-2847,-3347,-4429,-4082,-4968,-8853,-995,-2995,-7476,-318,311,1182,-5175,721,-5478,660,-1195,647,1045,805,-1216,230,-845,-1216,210,-550,-2678,-3147,-5741,-10107,-2847,-3753,-5499,-4082,-4968,-12842,-5280,-6179,-10217,-4082,-5549,-12842,-5280,-6179,-10217,-993,-3965,-792,-4550,-1800,-6353,-993,-3965,-3043,-3217,-335,646,-810,-1741,-1955,-2485,1745,1593,-1895,-2970
7/10/2025,-740,3732,1663,-850,4455,1894,115,4104,1894,-785,4168,-184,8963,7133,398,1895,-2850,-6921,3476,-4749,-8800,-50,-6810,-7288,305,-698,-2167,-4445,-5673,-7288,-740,3732,-2686,-850,4455,-2310,115,2776,-2310,785,2689,-2200,8963,9640,10246,1895,1720,-7040,4950,-3085,-11005,-4170,-23655,-56475,4600,-3785,-11005,-4170,-23655,-56475,5201,-1930,4124,-1930,4124,-1930,5201,-1930,-1253,-6453,-3990,-7873,-6010,-7942,-6615,-7599,1850,-2874,-6290,-7599
7/11/2025,310,1499,-5050,200,-96,-5050,523,2696,-5050,-145,2977,-5050,2610,331,416,347,-355,-5839,241,-3835,-6639,-575,-6324,-3045,1019,1073,-1244,3836,-3892,-4082,310,1499,-7785,200,-96,-7785,523,-607,-7785,1615,2537,-1900,2610,1823,6440,347,-3685,-9213,241,-3535,-12324,4036,-5689,-35891,-1058,-2405,-12324,3836,-5689,-35891,-4005,-7075,-4005,-7075,-4005,-7075,-4005,-7075,5213,4504,-4325,-2740,-2056,-856,-5905,-6915,3779,4598,-5021,-5604
7/14/2025,2175,332,2502,1379,1268,2042,1638,2218,2240,1692,629,2502,1050,-2816,-6331,2342,4120,654,2203,3509,2587,934,-3327,5760,339,-2492,-2854,1668,-3498,5760,2175,332,2233,1379,1181,2919,1638,-112,3257,1903,29,5206,1050,-220,-5416,2342,2574,654,2203,3509,2587,2505,2288,29338,2504,2180,1605,2295,2288,29338,-823,579,-991,579,-1241,-199,-823,579,-6365,-7898,-523,-1008,1671,-6288,-2619,-2081,-4194,194,-1972,-2081
7/15/2025,2008,1375,-2828,2245,1050,-2903,1510,1901,-1507,2485,2848,-2828,3067,1420,-4157,1295,919,-1800,1383,511,-2119,6975,12357,9768,1417,-175,-3975,9240,11330,9768,2008,1375,-1033,2245,1050,-1108,1510,1176,-1135,3160,-345,-4950,3067,1420,-12264,1295,1125,440,1383,511,-2102,8266,14820,33269,1730,-1123,-2994,9240,13520,32279,1030,1012,1030,1012,1030,1012,1030,1012,-24,-75,3005,665,3030,4869,14137,8688,2075,-5255,9608,26487
7/16/2025,-9,1526,1695,-64,1372,1469,-205,-632,2289,-904,486,1695,1409,934,-1272,102,2333,8492,1043,1446,3759,-995,580,-2580,1266,638,-1267,435,740,-3287,-9,1526,2591,-64,1372,2591,-205,1282,2992,-1795,-2302,-4379,1409,2452,1846,102,1511,8211,1043,1446,5638,435,1420,11329,1726,510,2832,435,1410,14098,2682,4626,2517,4626,2557,4611,2682,4626,-511,-2398,2566,3646,4105,4520,2630,-1119,-2425,-498,-1590,-1082
7/17/2025,4190,7727,6190,4600,7832,6190,4875,9764,6190,4095,7748,6190,-2378,-6045,-8185,4560,5448,3582,2790,7331,3283,5142,17628,16093,-1490,-5020,-3627,9698,17924,16093,4190,7763,9615,4600,7868,9615,4875,8320,9615,3225,7728,7823,-1800,-3300,-6938,4560,2778,5215,2790,7331,5055,10208,30890,40360,1385,6226,5055,9698,30890,40360,3931,2407,4128,2407,4383,2407,3931,2407,-6905,-7920,-1247,-3529,-4540,-4600,20645,9819,-6640,-7615,27788,7614
7/18/2025,-375,1816,1342,8,2134,1862,154,9589,1605,-300,4751,1342,3389,8832,15947,4120,11671,19187,4281,12764,10661,-535,-2056,-2670,1783,492,2143,148,-257,-4214,-375,1816,2406,8,2134,3170,154,2369,3122,-300,5866,8986,3389,8832,18948,4120,10694,20321,4281,12764,14084,330,9178,20325,4871,12764,14084,330,9178,20325,-560,-4485,-560,-4485,-1640,-4485,-560,-4485,12214,10990,1737,-552,-3353,-6749,-5490,-5138,5041,913,-6570,-5715
7/21/2025,174,-1978,-724,325,-304,-3040,-436,732,-3040,1769,-1443,-724,862,-2798,-7530,-2351,-1578,-6297,-2294,-6822,-6943,-795,376,7964,-1415,-1221,409,-2924,-445,7964,174,-1978,-1877,325,-307,-3386,-436,-1882,-3386,1769,1246,-3909,862,-2798,-6043,-2351,-6190,-16740,-2294,-4227,-19553,-6053,-25862,-67062,-1729,-4227,-19553,-6758,-26267,-67862,-640,-5740,-2461,-2708,-3976,-2708,-1300,-5740,-838,-2412,-5984,-8504,-4485,-8750,-1892,1962,297,3555,-2493,2304
7/22/2025,-830,-2012,-2919,-1620,-1338,133,-767,640,-2254,-215,-3272,-2919,659,1522,-1430,874,4853,-5493,4194,-2374,-7184,-720,-6641,-2329,3785,-426,-5101,-2186,-1570,-1772,-830,-2012,-2665,-1620,-1338,1033,-767,-289,-545,690,-1305,1314,659,1704,264,874,-2794,-7616,4194,-2060,-11035,-2186,-2281,-31400,4394,-1365,-11035,-2186,-2281,-31400,3140,952,3228,952,3228,952,3140,952,-2088,-2065,-6360,-7805,-6895,-7680,-6120,-5994,-5581,-7765,-6014,-6240
7/23/2025,1900,148,748,1550,148,748,870,-1737,748,2469,2405,748,-2845,-5037,-8151,-2670,-370,-5605,-3686,-5427,-7610,-990,-3327,-3379,-2534,-2497,-5486,-2470,1295,-3379,1900,148,801,1550,148,801,870,243,801,2349,78,-1842,-2845,-5505,-14612,-2670,-2602,-11252,-3669,-2532,-12792,-1870,-447,-11202,-3669,-1897,-12792,-1870,-447,-11202,-520,-212,-520,-212,-425,-212,-520,-212,-6635,-8930,-6255,-5844,-6395,-8940,-5480,-6950,-6850,-7610,-5654,-6975
7/24/2025,2325,6006,4754,2325,7006,4754,3185,8329,4754,2310,8745,4754,4303,9539,16570,4785,9453,15856,3473,3620,9739,495,-1556,-7557,578,4698,-14,2239,-3922,-7557,2325,7170,6840,2325,8170,6840,3185,8170,6840,5600,9880,13042,4303,9834,21001,4785,5950,16698,3473,3620,9398,1569,-9592,-30942,2723,3283,9107,2239,-9592,-30942,-1505,-5550,-1505,-5550,-485,-5550,-1505,-5550,5576,11570,950,2745,446,2985,-5559,-8712,4395,3760,-6608,-8712
7/25/2025,976,1063,4283,1300,1452,4283,1560,2613,4283,731,1063,4283,3256,2006,-3130,795,2430,-6785,3657,6942,12108,-515,-4508,-6875,1541,3504,5401,-1439,-4518,-6875,976,1063,4242,1300,1452,4242,1560,2627,4242,315,-110,9509,3256,3393,691,795,409,-10023,3657,6942,13369,81,-2103,-6796,3334,6942,13369,-139,-2103,-6796,7323,8957,7323,8957,6163,8957,7323,8957,-6390,-7715,-477,-3933,-1966,-6280,-295,-6170,-4388,5054,-4042,-6170
7/28/2025,5511,8898,1801,4839,4864,616,2874,10012,616,3790,8378,1801,5040,12438,10338,5198,12579,12232,9807,22262,14676,1634,-1032,-7487,3204,4785,3018,-1236,-628,-7487,5511,8898,3155,4839,4864,1970,2874,3519,1970,6090,5521,13514,5040,17100,24985,5198,17312,12656,9807,22262,17731,-528,4018,-13279,8610,22262,17731,-1236,4018,-13279,-2198,-3727,-2198,-3727,-2198,-3727,-2198,-3727,11820,7507,11024,-653,2279,-3550,-5384,-8406,8312,1025,-4675,-8905
7/29/2025,1770,2611,6158,1850,2494,5327,2254,1191,6595,1338,3085,6158,-3150,-6825,-7900,660,-899,-2618,11,-1640,-7673,5100,16752,29273,-3755,515,-8085,11501,15299,29273,1770,2611,5925,1850,2366,5751,2254,2384,7293,938,-39,3289,-3150,-11180,-28525,660,-292,91,11,-1224,-5729,11501,25600,62622,501,-1591,-6889,11501,25600,63447,3984,-2121,3354,-2121,2171,-2246,3324,-2121,-6985,-7879,2060,5577,-608,2856,15247,24271,-894,-8005,16044,32565
7/30/2025,4113,8322,10601,4290,9542,10526,4925,6068,9431,3098,4400,10551,5715,13524,22674,5562,5901,9042,7755,8925,8124,3600,9205,2915,4408,1884,10417,7010,4280,1727,4113,8322,10674,4290,9542,10599,4925,10492,9504,2048,3240,14216,5715,13524,24004,5562,5901,7784,7755,8925,6748,8450,10694,-41154,6528,9695,7388,8410,10439,-39009,9142,11945,9057,11945,9057,10895,9472,12450,12000,37466,6817,16872,7876,19655,163,-1825,3975,12754,2623,2693
7/31/2025,1625,2215,7019,1345,2390,6969,1525,1785,7458,1235,505,7019,-636,-2907,-8570,3438,3858,13648,2973,5866,10628,9960,22873,48585,965,4266,177,13065,15576,43005,1625,2215,8568,1345,2390,8518,1525,2111,8517,1330,1025,7748,-636,-2907,-9904,3438,4709,14067,2973,5866,10628,13065,23303,63662,3013,4425,11158,13065,23198,63812,6294,11041,6634,10956,6534,10956,6359,10889,-4274,-7985,8174,15501,8656,11107,29832,59951,487,5167,20750,57062
8/1/2025,2705,-1140,-629,3025,791,6258,1338,1140,3907,2043,544,-629,6511,10501,27197,9021,8069,17175,6614,7967,26828,4439,17663,8520,4609,6385,18518,9306,18778,15015,2705,-680,685,3025,498,2873,1338,978,-416,560,-955,-1585,6511,10501,27923,9021,11845,19803,6784,12423,33642,9326,19101,26326,5929,10928,31747,9306,18776,28721,3110,7155,1357,9095,5395,6535,2960,7155,9792,27931,11898,20386,6865,26943,10966,10361,7460,1458,7625,12138
8/4/2025,287,-1158,-2205,292,-1420,-2240,362,-3,-2129,-1534,-422,-2205,3690,3877,-79,3538,4831,6583,5463,5627,3032,952,5788,8233,2530,1032,1433,5107,6714,6121,287,-1158,-2205,292,-1420,-2240,362,-1445,-2444,947,722,-3313,3690,3877,-899,3538,7883,12279,5463,6604,11335,6749,18745,55507,4728,6604,11335,6749,18745,55507,-1865,-3702,-1865,-3702,-795,-3707,-1865,-3702,387,1229,4969,9532,5849,9059,6776,12103,2280,1314,4430,12809
8/5/2025,179,-1966,-3681,434,-1196,-3675,214,1590,-3916,1010,871,-3681,5141,4521,3202,7109,6158,11411,5033,8889,8549,6812,19479,41993,2574,4290,1779,7436,14038,34595,179,-1966,-3661,434,-1196,-4032,214,-1361,-3927,1080,-2446,-1201,5141,4521,3665,7109,6303,10696,5033,8889,12630,7436,23968,60953,4249,8411,8325,7436,23155,59938,-2304,-2653,-2399,-1588,-1864,-1588,-2304,-2653,5531,8506,8124,12176,11493,14938,24938,40373,2135,745,23428,37971
8/6/2025,1960,3595,4876,2025,3888,4936,1831,3596,4965,1660,2271,4876,-2975,-5202,-8150,1405,365,-5554,1514,-578,-7387,9868,9407,15795,-2743,-6860,-1319,13770,7837,14615,1960,3595,6276,2025,3888,6553,1831,3708,6688,1660,2722,718,-1900,-6574,-16320,1405,1501,-2840,1514,3,-3830,13993,12378,40212,1160,-525,-4189,13993,12378,40212,4239,8073,4398,8261,4119,6635,7054,8073,-6575,-8835,1090,-429,-2886,-5791,15266,26472,-6570,-348,12857,15503
8/7/2025,440,1301,6355,445,1366,3261,1055,2956,6630,155,1870,6355,-5575,-6505,-8905,-2655,-3635,-8055,-1575,-4905,-8880,678,9951,14626,-2865,-1198,-8905,3925,10262,16574,440,1785,6904,445,1850,8209,1055,4440,10959,-1430,-3225,-2345,-4750,-9150,-18520,-2655,-4675,-9735,-1575,-7125,-7245,3355,12130,38233,-1775,-7750,-5870,3925,11325,35163,4360,13595,5290,13595,5290,13595,3815,13595,-6195,-8455,-1256,575,2580,-7975,10109,4005,-2825,-8455,6143,22065
8/8/2025,4447,2176,-1205,1683,1735,468,2106,625,-1173,2392,-758,-1205,5915,10044,4540,5381,12026,7657,7102,8349,6616,2101,7758,5691,3948,1992,1891,6005,9373,5691,4447,2176,-802,1683,1735,-848,2106,2313,-728,2087,3529,-366,5915,10044,2152,5381,11152,10156,7102,9711,15032,6938,22906,52586,6391,8978,15032,6528,22906,52586,245,1738,1000,1738,1000,1738,245,1738,-2078,-3698,4788,2323,3292,4318,8182,4777,-330,4691,2324,4342
8/11/2025,965,-507,2433,773,-517,2433,163,1903,2433,465,2566,2433,-1683,-5604,-8800,-2445,1348,-1839,-1894,-2853,-8992,2605,-1783,6030,-338,-3975,-49,3275,5867,7212,965,-507,1715,773,-517,1715,163,-780,1715,2198,4197,6238,-1683,-5604,-18341,-2445,-2964,-7651,-1894,-2611,-11303,3721,1095,-12520,-830,-3171,-12303,3326,695,-14420,975,491,975,491,975,491,975,491,-6510,-8998,-7000,-8997,-3684,-8996,-7000,-8998,-5955,-3709,-6995,10352
8/12/2025,400,-461,2127,311,-443,2127,528,-2132,2391,150,-384,2127,-78,-5843,-8881,-407,-915,783,1105,2285,-2469,2895,9914,20338,-453,-972,554,8994,6952,22540,400,916,3912,311,612,3912,528,796,3957,-449,-2451,-781,-787,-10068,-17535,-407,825,1728,1105,2285,-1324,8994,29472,70147,494,2785,-1324,8994,29472,70147,2572,5348,2663,5348,2701,5957,2572,5348,-6070,-8089,2430,4125,2371,5653,13266,25073,-1010,661,17008,23712
8/13/2025,-165,-688,917,-893,794,2589,838,1310,-491,799,1643,917,5906,8778,-3881,6385,6724,5388,8918,11374,3824,7637,1112,-4730,1265,283,6744,5985,9373,-6179,-165,-688,1804,-893,794,2872,838,1319,561,119,52,-345,5906,10093,2193,6385,11662,5047,8918,11374,-2553,5985,9896,-13860,8591,11979,-248,5985,9896,-13860,2380,1728,2380,1728,2216,1728,2380,1728,-447,-2692,-992,-2432,-5014,-4479,-4457,-3907,-774,-655,753,-3752
8/14/2025,-910,800,-4940,-1133,1571,-944,-1163,1702,-2041,-560,4098,-4940,2833,5737,10417,-1505,340,-2156,313,-559,1134,410,-2900,-7042,1825,3887,3995,-885,-2134,-7042,-910,800,-5125,-1133,1571,-3701,-1163,2476,-4506,420,1599,-914,2833,6211,17521,-1505,-920,-1872,313,-559,2475,-4045,-15935,-35465,30,-511,1635,-4045,-15935,-35465,-506,-3543,-216,-4344,402,-4344,-506,-3543,3709,9899,-5915,-8305,-6510,-7143,-4511,-7026,8051,-123,-4916,-6601
8/15/2025,-1090,-2783,-6835,-1000,-2768,-7321,-593,253,-6721,-685,-4370,-6835,4424,10193,6621,4103,9382,19304,7566,13871,16408,4688,10437,7437,2817,3095,2051,9602,11072,7437,-1090,-2783,-6835,-1000,-2768,-6657,-593,-3025,-6295,685,-2860,-8002,4424,10624,12564,4103,10384,20677,7566,13871,16808,9712,12888,35589,7057,11586,14163,9602,12488,35589,-5146,-8393,-4746,-8061,-5563,-8061,-5146,-8393,9924,4136,13633,7589,6086,10930,-5017,-6999,2585,3782,20830,-6999
8/18/2025,-525,-1611,-1888,-1469,-1651,-1888,-1294,-2957,-1888,231,-2784,-1888,-1059,-564,-4453,-629,3748,-4439,-3213,249,-6712,254,4563,2867,-484,589,3890,179,3305,6651,-525,-1611,2530,-1469,-1651,2530,-1294,-1142,2530,-519,-487,-925,-1059,-564,-7019,-629,595,-6333,-3213,249,-10846,99,-3373,-27634,-2551,758,-10327,99,-3373,-27634,-670,-1815,-700,-1815,-245,-1815,-670,-1815,-4791,-7827,-4711,-5610,-5265,-8495,1745,2574,-775,-6033,760,5978
8/19/2025,-245,-262,-1040,395,875,-116,155,-1990,-1408,505,2976,-1040,-4207,-6650,-8054,1491,5319,5292,3677,3210,-3217,8122,22132,26643,361,5253,-5654,13879,17615,26643,-245,-262,694,395,875,764,155,495,-26,-1600,-2800,-834,-3810,-7185,-17927,1491,7088,6978,3677,3210,-1444,14219,25014,49808,4227,4150,-1444,13879,24534,51908,280,-2309,270,-2289,165,-2694,280,-2309,-6235,-8265,11224,5545,7729,-1316,19936,29832,-3054,-8265,15479,26806
8/20/2025,-1210,2418,302,-1210,2213,7248,-1040,3324,5579,-1460,3924,302,3010,4339,3404,2350,6619,-394,786,-2194,-767,-995,-6411,-8771,-1585,-702,3280,-205,6273,-8152,-1210,3119,-376,-1210,1714,3776,-1040,1604,3108,-1205,-1136,-3281,3010,4339,1329,2350,3193,-1300,786,-2939,-6744,-205,-7726,-10508,-1170,-2216,-6134,-205,-7726,-10508,3249,5151,2004,5066,2646,-44,3249,5151,4438,5166,1045,-2084,1520,-5874,-4925,-6010,2027,3729,-4490,-6010
8/21/2025,1784,-370,-2623,2639,625,-2623,1920,1789,-2623,1529,1116,-6414,4055,7160,6044,3753,4926,3675,1848,7583,10763,-925,877,-8760,-51,4804,-2762,5472,5297,-8760,1784,-370,-6724,2639,625,-6724,1920,625,-6724,-171,964,640,4055,8315,11744,3753,6618,7052,1848,7637,18070,4990,6977,9105,1496,8994,17885,5530,6977,8510,-384,-7359,-384,-7359,-384,-7359,-384,-7359,-218,-496,2426,-1439,2656,-313,-5547,-7549,4475,-3409,-1480,-7345
8/22/2025,-439,3119,4009,1505,2409,4009,311,6780,4009,-415,9168,4009,2635,2358,1046,-1515,5001,-7561,-1927,-3862,-8969,-355,-4103,-5902,109,3620,2710,-2934,737,1587,-439,3119,6392,1505,2409,6392,311,2762,6392,330,9396,9681,2635,2358,2697,-1515,410,-2488,-1927,-3646,-13361,-2229,-15096,-49182,410,-104,-13714,-4074,-15096,-49182,-344,-3972,-537,-3972,71,-3972,-344,-3972,104,9625,-2623,-1993,-5952,-7864,-4368,-7502,3749,1962,-4399,-2628
8/25/2025,1060,1774,2623,1075,415,2628,756,939,3168,745,1539,2623,-200,-3662,-6101,-2550,-6367,-7082,-3799,-5410,-8214,1150,-3567,5603,334,2816,7680,-3654,-2477,5603,1060,1774,1472,1075,415,1477,756,294,2017,2045,2868,2226,-200,-3127,-4353,-2550,-7957,-14700,-3799,-5580,-17007,-2794,-9468,-40518,-2913,-6785,-17007,-3199,-9468,-40518,2456,6827,2456,6827,2536,6827,2456,6827,1125,850,-647,1843,30,-4405,-526,16954,4996,7127,-704,16954
8/26/2025,782,-2111,2365,-1064,-2001,2160,-2569,-707,2760,13,-2573,2365,1708,-4702,-8454,1276,785,-2027,4220,-3212,-1181,634,6647,19815,2913,1499,875,4185,7222,18955,782,-2111,3742,-1064,-2001,3537,-2569,-1971,4137,-494,774,8342,1708,-4702,-14387,1276,1189,1485,4220,-1996,-2973,6884,15144,73649,4069,-2353,-2973,6196,15144,73649,5,2490,815,2490,1020,2225,1730,2490,-2406,-4093,2385,1986,1309,4109,7509,18458,75,-1719,4636,17645
8/27/2025,3335,5444,1656,3535,3940,1656,3910,4370,1432,3155,4935,1656,4437,12073,20167,3490,5244,13662,4462,12110,16857,1040,2276,-4747,1598,2074,1425,2755,1649,-4747,3335,5444,2147,3535,3940,2147,3910,3097,2142,3757,3689,3294,4437,12073,19350,3490,8971,11156,4462,12110,18176,2755,7192,29537,4112,12110,17759,2755,7192,29537,6040,1209,5965,1209,5840,1204,6040,1209,7125,13691,4967,6182,6600,11736,-2322,-5765,4892,-2747,-1513,-5765
8/28/2025,2145,1998,-646,2145,2248,-1324,2028,-731,-1324,1565,30,-646,1065,989,-4968,2236,3405,7605,4642,15192,15942,3003,18960,14887,-760,-1266,-384,6692,15182,16446,2145,2691,2709,2145,2975,2714,2028,3025,2714,985,570,2737,1830,6314,7262,2236,4162,9687,4642,15192,18821,6917,23787,44955,3822,14635,18821,6692,23787,44955,3665,3265,4452,4073,4224,4073,3665,3265,-6069,-8928,3129,2475,1562,4003,19955,16273,2420,-10,26411,23172
8/29/2025,405,-4759,-2627,-535,-3420,-2854,74,-628,-2074,295,-3820,-2627,4840,1294,11785,5911,2642,17641,8203,10158,11982,-360,3643,-4754,4263,4559,6021,6009,14698,-4754,405,-5695,-2627,-535,-3420,-2854,74,-3802,-1817,295,-4485,3692,4840,1294,12261,5911,3530,18978,8203,10158,12605,6009,8880,14833,7968,8778,10628,6009,8880,14833,-4169,-6261,-3784,-6261,-3725,-5674,-4169,-6261,392,6472,2954,4621,-4428,1568,-3505,-7653,1074,1449,-6697,5739
9/1/2025,4020,6575,7700,4020,6575,7700,4020,7045,7700,3930,6575,7700,4565,8750,14150,5920,11015,15396,7260,12836,17326,3160,9161,11181,3525,3485,4631,7270,10016,11181,4020,6575,7700,4020,6575,7700,4020,6575,7700,3240,6095,7700,4565,8750,14150,5920,11325,18760,7260,13310,21055,12050,23425,35305,5750,13310,21055,12050,23425,35305,-155,-1490,-155,-1490,-155,-1490,-155,-1490,-1050,-90,2860,6685,3585,5520,5835,6825,-2290,6540,3800,6825
9/2/2025,290,3571,12181,1111,563,5034,-460,58,5819,1135,2128,10226,552,149,1362,717,853,7373,1586,1410,-657,-985,1106,2870,1198,4244,7238,-4934,-5681,2870,290,3571,5650,1111,563,2323,-460,-348,3108,1030,2566,2675,552,149,1686,717,2109,7320,1586,1410,386,-4033,-143,-1231,523,2518,24,-4033,-143,-1231,4690,10109,3732,6178,4629,6178,3625,8249,1289,4930,3535,9262,3812,5268,-4261,-95,1842,-146,-3990,-2050
9/3/2025,4877,8327,11561,4215,8509,16597,4336,7649,11576,3780,11287,11561,4888,8648,11074,4764,5769,4026,3654,3982,5713,3590,-5074,1885,2229,5661,4494,-1985,5049,-8013,4877,8327,12778,4215,8509,14423,4336,8594,10105,3780,8513,8938,4888,8656,11676,4764,5423,4496,3654,4062,3124,-6200,-16000,-41800,3784,4771,3124,-6200,-16000,-41800,4825,9512,1829,13507,4023,12376,4825,9512,4471,14301,1703,1659,988,-3650,-4001,-7757,3061,1768,-4342,-5654
9/4/2025,470,776,5223,-240,1299,5223,-240,-430,5223,120,817,5223,-5821,-6990,-8423,-5320,-6970,-8835,-5815,-7000,-8865,2290,7607,-268,-6000,-6280,1135,1320,8025,-1266,470,1334,6957,-240,1299,6957,-240,1290,6957,35,1569,6628,-8591,-18115,-36912,-5320,-9570,-16885,-6920,-10140,-22600,1900,13231,36153,-7725,-12105,-23625,1900,12421,36153,2333,4359,2071,4359,2062,4359,2333,4359,-6886,-8984,-5010,-8628,-3415,-9000,-6945,-8000,-6920,473,-2656,-7833
9/5/2025,925,4132,3783,320,2958,2617,-358,1925,3774,425,2834,3783,-188,3317,1316,-1736,-353,-6151,-1945,-2185,-7152,-950,-3815,-6679,-59,518,805,-3167,-3461,-4447,925,4132,5017,320,2958,3994,-358,3051,5151,425,2942,5227,-188,3317,1792,-1736,-2973,-9503,-1945,-2095,-5133,-3436,-10532,-35213,-780,-1251,-7170,-3167,-10532,-35585,3767,4795,4502,3131,3359,3486,3767,4795,1085,-322,-5098,-8950,-4764,-7120,-6850,-4715,-985,1684,-6303,-618
9/8/2025,-715,-3635,-6255,-1425,-3370,-5000,-1148,463,-5804,-175,-818,-6255,68,-667,-6781,-2452,-1622,-7940,-1991,-5538,-8636,-995,-5175,-4142,-1084,-1407,-8760,-4641,-4043,-816,-715,-3635,-6255,-1425,-3370,-6740,-1148,-3175,-6470,-175,-1881,-6453,68,-3450,-6506,-2452,-4690,-8590,-1991,-6250,-11207,104,-13070,-32125,-1670,-6250,-12302,54,-13070,-32125,-6225,-8540,-6225,-8540,-5800,-8540,-6225,-8540,-727,-4851,-5230,-8965,-5995,-7996,-2525,-8504,-1229,-8655,-4340,-3312
9/9/2025,-1822,-1567,-4694,-2350,-2187,-4694,-2350,-3565,-4694,-1735,-1670,-4694,-1606,-2880,-5350,-3325,-4791,-5321,-3180,-4726,-7263,-780,-2624,-8710,288,-999,1867,-4719,936,-3924,-1822,-1567,-4128,-2350,-2187,-4128,-2350,-1852,-4128,-1285,-1845,-6215,-1606,-2880,-6466,-3325,-5715,-11222,-3180,-6725,-11966,-4389,899,12811,-3765,-5390,-8905,-4389,899,12811,-700,-3874,-700,-3874,-365,-3874,-700,-3874,-3230,-5210,-5144,-4670,-6760,-8965,-5718,-3267,-4735,3693,-3805,-7792
9/10/2025,470,3750,4858,1158,3330,4793,1208,145,5632,353,3354,3683,-4350,-6980,-8467,-3125,-4291,-7592,-4445,-6390,-8522,935,11519,31845,-2910,-870,-7217,7914,17367,31579,470,3750,5970,1158,3330,5848,1208,3465,6927,-737,120,134,-4350,-7850,-18465,-3125,-6650,-6882,-4445,-4325,-4930,8162,28276,58678,-4105,-4660,-5465,7882,27321,57677,1890,6339,1890,6339,1682,6339,1160,6339,-6475,-8147,-2803,-3132,-5079,-8207,5093,11842,-6010,-3292,15547,21983
9/11/2025,485,2980,-2156,405,2980,-2156,405,1730,-2156,485,2075,-2156,5369,-435,1610,8810,14311,12406,7263,8965,13524,1085,5786,2570,-1065,-2686,-7040,8449,15167,3357,485,2980,1163,405,2980,1163,405,2980,1163,280,1445,1592,5374,2186,3516,8810,11464,13558,7263,8965,17251,12859,28538,38577,6312,8919,17251,12659,28538,38577,-370,-2978,-370,-2978,-370,-2978,-370,-2978,-6325,-5975,4447,-1042,-2405,-4000,4769,-241,-5880,-7730,-1654,-588
9/12/2025,1412,-192,-4570,757,-227,-4570,-68,-2115,-4570,1850,-792,-4570,5500,2894,1464,3708,6137,9576,5632,5715,10864,4071,1868,-5479,1072,1999,-916,8319,1868,-3421,1412,-192,-4292,757,-227,-4292,-68,-1717,-4292,1452,-30,-871,5500,8492,1068,3708,7146,10832,5632,5715,13159,9214,18213,60731,5138,4885,13159,8734,18213,60731,-1560,-5152,-1560,-5152,-1560,-5152,-1560,-5152,-3744,-5856,-210,6585,334,3164,10186,-4212,-1630,-546,12546,-7997
9/15/2025,1931,-911,-342,99,-298,-91,181,2522,-91,1417,-644,-342,3923,283,-900,3444,3393,4127,4789,1677,3576,3092,9165,8656,209,-260,-5,8121,9165,8679,1931,-911,2005,99,-298,1799,181,-456,1799,-205,1818,259,3923,283,-2518,3444,3181,7388,4789,5269,14362,8121,24706,66228,4237,4869,14362,8121,24706,66228,1628,4929,1603,4929,1603,4929,1628,4929,-1405,-225,1610,6492,3435,9751,8654,11803,75,6971,8670,15137
9/16/2025,3588,8619,7559,4928,8503,8184,5888,8672,8184,3470,7401,7559,5526,20447,15758,5468,7951,11976,8036,21205,26543,1660,1593,-2002,3826,4953,2393,4925,559,-2002,3588,8619,9277,4928,8751,9946,5888,7561,9946,2170,7258,8406,5526,20447,20926,5960,12170,17471,8371,22493,29632,9753,16737,22142,7361,22493,29632,9303,16737,22142,-165,-3158,-165,-3158,-165,-3158,-165,-3158,6771,8295,2129,440,-107,487,-4475,-4392,3525,1332,-2750,-4353
9/17/2025,4007,10115,23377,3828,10978,25084,4686,9845,28825,3482,10052,24177,5725,8632,21560,7250,7242,34258,13932,28331,57679,5685,18372,26809,5424,3960,9534,14790,13790,24059,4007,10115,24598,3828,10978,27353,4686,13334,29858,3455,8024,20913,6440,13192,32559,7250,10942,34682,13932,28331,62921,14985,29521,77668,12527,27476,60211,14985,29521,77668,10360,23723,10660,24803,12350,26033,11360,22148,10525,27552,15402,36279,28992,54919,10752,14937,10203,10828,8498,8437
9/18/2025,195,-4343,-5374,-530,-3745,-5374,-550,-4374,-5374,-345,-3794,-5374,-800,-3385,-2649,-1026,698,-3723,-2905,-4151,-4752,230,-1048,3596,-59,665,3065,342,-3944,3596,195,-5700,-8238,-530,-5320,-8238,-550,-5445,-8423,-645,-5215,-10170,-800,-3385,-5114,-1026,-6293,-11661,-2905,-4151,-10494,2172,-23310,-55435,516,-3061,-11494,1712,-23310,-55435,-4692,-7480,-770,-7480,-770,-7480,-4692,-7480,-3245,-1590,-5887,-7324,-4348,-5380,-4910,-1869,101,10296,-3470,-1869
9/19/2025,-1543,-1484,-2058,-1480,-1579,-2058,-1691,-2969,-1888,-1115,-2443,-1018,-2042,-5301,-8895,-568,-994,-7976,604,-1981,-8790,645,13256,14679,904,-2865,3532,4826,8158,13364,-1543,-1484,-3266,-1480,-1579,-3266,-1691,-2628,-3096,-1505,-3720,-3285,-2042,-5301,-16115,-568,-1483,-6124,604,-1763,-6780,6787,23738,58091,627,-1398,-6780,6387,23193,58091,-2270,-3665,-2270,-3665,-2165,-3665,-820,-3665,-6764,-8663,2171,-406,1847,-1698,10463,18840,-1464,-6333,5035,17527
9/22/2025,2139,5076,6867,1903,4824,6867,2033,3154,6240,1960,3344,6867,-1808,-6680,-7110,2140,4795,703,4634,8691,3654,1575,6085,9233,528,-6680,-7110,8520,7394,6637,2139,5076,9901,1903,5048,9901,2033,4451,9781,1980,3769,9356,-240,-2758,-11536,2140,4433,1517,4634,8691,15079,9140,21699,40904,5145,8551,15079,8520,21699,40904,5562,7675,5538,7675,5088,7675,3271,7675,-6795,-7825,2351,-1909,916,-4750,4839,927,-6360,-7825,6371,1788
9/23/2025,801,564,-746,590,864,-901,580,580,-526,1166,564,-746,-4740,-6995,-8985,791,-1940,-4215,458,18,-7662,4256,9488,8427,52,1370,762,10634,9103,8041,801,564,449,590,864,294,580,453,669,35,-360,-5063,-4740,-7250,-13140,791,-368,-1893,458,18,-1178,12231,18799,30068,1448,-487,-1178,12221,18414,29213,-595,337,-700,337,-370,337,215,337,-7000,-9000,-2204,-2982,-1209,-224,-3587,-2750,1235,3215,-1723,-2839
9/24/2025,-660,-3059,-4891,-2067,-1816,-4842,-1282,-3008,-6953,-640,-2417,-4891,50,-6865,-8959,146,-3213,-6447,71,-713,-6782,215,-4351,-7675,-959,-1085,-1349,-346,-4351,-7675,-660,-3059,-6274,-2067,-1816,-4524,-1282,-1271,-6689,-1525,-3750,-10712,-525,-270,-15177,146,-464,-17838,-504,-3667,-22246,1940,-6705,-26960,-794,-3568,-23341,644,-6705,-26960,-208,3814,577,3769,517,3769,-423,1965,-6317,-8844,-6572,-6907,-5341,-4673,-6655,-8798,-830,4197,-6151,-8798
9/25/2025,2965,2291,5293,2470,2796,4669,3021,5267,5414,3034,5008,5293,4390,8508,9819,2718,4414,3805,1920,6159,1605,1010,420,-6563,3573,7089,3271,-1645,6597,-1953,2965,2291,5524,2470,2796,5359,3021,2764,6666,3034,5486,5499,4390,8508,11655,2718,5396,2859,1920,4553,-945,-3530,-4935,-25685,2660,4778,2160,-3530,-5000,-23240,1453,6261,2646,6261,2472,7321,1453,6261,4587,13383,5227,3284,3255,-3380,-2197,-5015,1646,4936,-4760,-3538
9/26/2025,1170,3117,214,1004,3249,364,1112,1463,364,1273,1735,214,4224,-753,-4726,1375,3522,-4111,2334,433,937,-45,-1405,-3822,1455,1070,3100,-1360,1717,-3189,1170,3117,3406,1004,3249,4231,1112,3361,4231,753,-87,228,4224,-1583,-6535,1375,1085,-5650,2334,885,-2895,300,5217,13826,1984,180,-2895,300,5217,13826,738,3166,803,3166,434,3816,738,3166,-4596,-7110,-1803,288,-1295,1703,-2206,1087,-415,-1237,-3771,-3373
9/29/2025,570,6263,172,1536,5176,-1278,1310,5240,-254,678,8757,172,1127,6707,4542,426,9454,1251,2931,688,-348,-925,-6242,-8550,-2184,4198,-5242,-5945,6374,-8139,570,6263,172,1536,5176,-1278,1310,3565,261,218,8052,5038,1127,7394,6825,426,7981,10773,2931,2086,12491,-712,3651,24746,1396,3546,14981,-957,3651,24746,-214,129,-1088,129,-2626,129,-214,129,8341,6670,14101,749,4871,7480,-6920,-8820,5126,-5825,-6940,-8685
9/30/2025,1800,3186,-653,160,1449,-433,260,-932,-522,1800,-195,-653,2196,-2687,-7366,1272,1186,-3533,189,-6601,-8996,-305,252,831,2216,1835,1918,-395,-1802,702,1800,1655,1120,160,1449,1120,260,1889,1730,452,961,2582,2196,-2687,-13199,1272,-2132,-14611,189,-9106,-20275,606,7726,-19687,-237,-636,-20632,-395,7726,-19687,414,3101,1839,3430,1794,2402,414,3101,-1887,-5767,-2960,-2130,-4015,-7387,-4940,-8930,-116,6679,-3850,-5200
10/1/2025,930,1817,2286,758,1812,2286,823,565,2286,890,1690,2286,-845,-5973,-8793,1975,5,3476,3249,5144,2158,6655,17834,10808,354,-1266,3910,9427,14188,10808,930,2315,4440,758,2310,4440,823,2310,4440,265,-850,-3011,-845,-6293,-14373,1975,788,4057,3249,5144,3437,9652,23175,48093,1843,4693,3437,9427,23175,48093,1877,3485,1872,3485,1872,3485,1877,3485,-5569,-8328,3603,5383,5252,3872,22264,14320,1733,-20,18663,14320
10/2/2025,355,-1520,-4665,320,-1520,-4665,-340,-1545,-4665,1512,-3479,-4665,3431,1968,-1655,480,900,-7932,3060,-3447,-6450,-85,-4904,-4481,727,-2108,1069,-235,-3041,-4481,355,-1520,-3694,320,-1520,-3694,-340,-1520,-3694,317,-921,-1501,3431,5337,7053,480,-1740,-8719,3060,-202,-4193,1395,-9516,-58677,2282,909,-4193,425,-9516,-58677,-1924,-4028,-1672,-4028,-1672,-4028,-916,-4028,-126,-4408,-6670,-8780,-3985,-8910,-6640,-5437,-5580,552,-6135,-5096
10/3/2025,2125,455,-3493,510,580,-3773,1525,2250,-3413,1950,2815,-3493,-455,-1798,-7435,2865,5911,7746,1135,4197,5132,480,5057,5939,-610,-173,934,4265,11695,2850,2125,455,-2313,510,580,-2858,1525,790,-2498,520,2040,-2641,-455,-1798,-3777,2865,5445,8915,1135,4197,3920,5355,9945,18554,1150,5052,8265,5270,9415,20656,-1355,-80,-495,-80,200,-2565,-1355,-80,-1197,-6964,3890,10522,4005,2645,11457,18238,7935,-185,8647,9340
10/6/2025,2755,3303,4185,2399,3278,4185,3364,3039,4185,3861,3207,3862,3917,7045,8979,3400,2670,-1178,4047,1078,-2790,1285,1960,-7830,1066,3091,3102,1784,-1985,-7830,2755,3303,5253,2399,3278,5253,3364,3343,5253,3623,4092,10853,3917,8033,14529,3400,1896,-1178,4047,1078,-2972,2725,-4156,-55045,4951,1078,-2972,2725,-4156,-55045,425,7155,1395,7155,1395,7155,425,7155,2929,8906,2241,-4047,4463,-4720,-4375,-7315,1015,5386,-4635,-8410
10/7/2025,3505,2150,-688,3419,1821,-491,3613,4626,-500,3855,6297,-688,2146,599,-5401,3935,6832,3843,4443,3161,9245,-835,-5,-8068,1748,3408,-604,4120,4210,-4016,3505,2150,-412,3419,1821,-421,3613,2016,-224,3855,5425,1526,2146,1536,2997,3935,11212,10024,4443,3293,12375,5082,14297,21423,4530,2973,10760,5082,14297,21423,-3955,-7260,-4010,-7260,-4010,-7260,-12,-7260,1287,-226,4640,-2209,4650,-5912,-5635,-8570,1660,7697,-2150,1413
10/8/2025,445,-1065,-2704,227,-1029,-2669,-240,-3804,-2048,792,-2058,-2704,-5230,-6816,-7541,-1712,-4640,-5412,-1050,-1695,-5724,3915,10379,17954,-308,-991,-1223,8741,8695,17954,445,-1065,1225,227,-1029,1012,-240,-314,920,-50,-4993,-9432,-5230,-11331,-23126,-1712,-2615,-4967,-1050,-1695,-5135,8741,20368,49948,-1198,-2545,-5135,8741,19518,49948,2385,3778,2669,3788,2767,3606,2385,3778,-6721,-8911,347,1023,1888,2644,13292,24626,-6620,72,9142,24039
10/9/2025,1645,3868,5563,2387,4721,7025,2583,6583,4724,1035,3478,4258,918,6789,2733,472,1358,11909,1557,11691,11102,-785,1179,-5528,325,3502,3741,543,-1320,-5528,1645,3868,8604,2387,4721,9616,2583,5690,5240,595,6005,13092,918,8018,13021,472,3329,12277,1557,11691,12254,543,5562,-1807,1715,12796,11511,543,5562,-1807,5098,7289,5098,7289,5098,7289,5098,5578,4087,3639,2830,8258,200,3126,-6694,-4376,-180,1656,-6769,-7701
10/10/2025,2880,5180,8815,2576,4666,7822,2371,1022,7807,3032,3310,8101,-1230,1373,-3568,2765,6108,4537,2915,5420,5350,15160,-6955,-8950,5780,3266,-4511,14285,18740,33007,2880,5180,8815,2576,4666,8536,2371,4592,8521,3032,3390,4881,-1230,1373,-5472,2765,5350,4537,2915,5420,6313,14255,21106,44376,5780,6680,6255,14285,20481,39581,6078,10885,5079,9845,5266,10433,5612,6718,-436,-3722,6082,7715,8108,22306,-6325,-8810,679,-4946,-6320,36780
10/13/2025,-810,-822,-4894,-820,-2056,-4894,-520,-320,-4894,2247,180,-4894,3912,3707,6235,3241,7861,15230,3378,5660,12397,-86,2869,-158,2481,3413,2429,3283,5526,1743,-810,-822,-4545,-820,-2056,-4545,-520,-2096,-4545,1202,-2184,337,3912,3707,8206,3241,6741,16444,3378,5660,13634,3488,3058,16892,3883,4502,15074,3283,3058,16892,-3320,-3959,-3400,-3959,-3400,-3959,-2499,-3959,4367,4468,7904,12409,4408,4734,3252,-1027,-155,2586,16203,1250
10/14/2025,1615,3485,-5172,2540,3715,-5172,2545,1245,-5172,1985,2020,-5172,2780,1990,1912,2334,79,8853,2670,7768,12358,-575,2838,-4262,1986,890,1629,980,4784,-4262,1615,3485,-1358,2540,3715,-1328,2545,3627,-1368,1000,-285,-6279,2780,3295,4270,2334,-1866,-6931,2670,1680,-6055,980,813,-23952,2185,1160,-4495,980,813,-23952,896,-420,901,-420,896,-420,381,429,-500,-8790,325,8833,416,15736,-3363,8154,3520,-7835,5108,1270
10/15/2025,1425,5151,-2017,2219,5538,2537,2017,8501,5290,330,6824,-2017,1222,1785,8957,410,3275,-8257,1470,1292,-8957,-970,-6735,-8300,-2015,-666,275,1013,944,-8800,1425,5151,4276,2219,5962,6926,2017,8353,10212,-530,4665,4601,1222,2416,11183,410,1744,3803,1470,3777,2398,-410,1635,9322,1510,2985,4893,-470,1245,7370,8449,1005,9459,749,9182,1505,7774,1005,5975,4829,213,-8742,2109,-8535,-7000,-8827,4231,-422,-6800,-8327
10/16/2025,1740,4265,1331,1570,3101,4141,3570,5656,2590,1765,3843,1331,-1140,-2923,-1205,440,1785,613,-105,-4133,3733,5115,-6965,-8958,-3390,3842,-112,3845,7565,-8290,1740,4265,672,1570,3101,3482,3570,4981,7704,1765,3190,1838,-1140,-3293,-7573,440,-2143,-4868,-105,-1493,-3773,3920,5190,-2750,835,-313,-1627,3845,6235,-4970,2478,7819,2388,9487,4546,11014,598,8049,1853,-2413,3817,10208,-6500,3643,-2332,-8790,17,-597,-6325,11067
10/17/2025,865,-1136,-5784,1595,-2077,-8425,785,-1594,-8923,665,-50,-5784,4489,7867,12148,4048,5670,2115,7109,9809,10542,2725,17543,20895,4479,3624,928,8155,11257,18356,865,-1136,-6900,1595,-2077,-6754,785,-3066,-5485,-145,-1930,-8472,4489,7867,11863,4048,6391,3080,7109,9867,13035,8315,20564,37682,5899,7887,11835,8155,20469,39882,-3992,-8744,-3932,-7637,-4596,-7637,-3992,-8744,6860,17348,5472,6346,11831,12351,16363,13922,1600,5278,11646,9565
10/20/2025,3410,8276,5994,5241,6915,6099,4449,6955,5705,2915,11826,5994,2130,3890,-4387,4421,17133,4453,3081,11102,8952,-385,8288,7199,-680,354,-6870,1354,17795,9225,3410,8276,7039,5241,6915,7144,4449,6109,7096,2915,8885,7594,2130,7402,8777,4421,14284,5549,3081,11102,5416,2114,20330,-10442,2178,8343,5416,1354,20330,-10442,-2545,-1528,-2322,-1528,-3023,-1528,-2545,-1528,-30,-5855,6118,-1053,3749,-673,7951,934,2125,-7820,9419,15126
10/21/2025,520,-3055,-3011,-305,-2730,-4543,1280,-855,-4543,520,-1273,-3011,5074,9136,8767,2982,7391,5809,3528,5424,3453,586,-1991,-241,-683,1343,-2716,-2010,6951,-241,520,-3055,-4460,-305,-2730,-6110,1280,-2960,-6110,1905,124,-861,5074,9151,13236,2982,2562,4296,3528,4892,4059,3315,-4269,-22961,4628,8622,4459,4060,-4269,-22961,-2890,-4944,-1645,-4944,-1215,-4944,-2890,-4944,4056,1885,1120,-2675,-650,-7860,-6880,-6880,1007,-7430,-6395,-2249
10/22/2025,1770,3910,9300,2930,5265,10045,3040,5340,10614,1870,3923,10670,-565,-2822,-5169,1590,4320,-3635,3380,2690,5016,6673,19681,9977,4121,7615,-6540,7474,12628,23533,1770,3910,9300,2930,5265,10204,3040,5411,10773,1400,2568,6508,-565,-1262,-7248,1590,340,-4925,3380,2690,1759,9803,17644,18571,3741,5360,2050,7474,9050,16496,8149,17363,7037,17562,7046,17740,6158,18491,-5335,-7545,420,5719,4916,12031,16331,17203,4655,-7360,13155,25096
10/23/2025,3060,2947,4923,2622,2540,4803,2727,2505,4921,2980,1345,4923,492,-3521,-7897,1582,2621,303,3802,6723,6713,1615,1399,1141,505,-98,112,5772,-3207,5586,3060,2971,6945,2622,2564,6825,2727,3045,7069,2180,1389,4843,674,3434,-1488,1582,1222,1267,3802,6723,8588,6536,5905,20259,2686,5968,7315,5772,5905,20259,2836,4581,2836,4379,2712,4911,2424,4581,-3730,-8580,4932,-3013,4922,-4707,-1184,1289,-6410,-170,-1124,4971
10/24/2025,2755,3255,1020,2980,1645,1020,1365,2430,1020,1765,2859,1020,3083,6341,10292,4872,5398,4433,4119,7000,1310,4395,1960,-3028,3392,1272,4138,5999,4385,-2710,2755,3255,1020,2980,1645,1020,1365,20,1020,1250,2245,3719,3083,8797,17905,4872,8016,1592,4119,7000,2672,3991,-2126,-51909,3264,4720,2672,3521,-2126,-51909,1340,-3470,1340,-3470,-205,-3470,1340,-3470,3305,3343,-1425,-468,-24,-3670,-5497,-8196,5065,-1355,-2489,-4667
10/27/2025,-562,971,950,-547,971,950,-617,-2729,950,-562,-244,950,-3833,-3837,-1887,-2342,-5393,-1422,-2624,-3368,-7570,3880,7632,11753,-2695,-6580,-7025,7773,7034,12354,-562,1023,6092,-547,1023,6092,-617,1023,6092,-1360,-2849,-3061,-6590,-12250,-22073,-2342,-3636,-222,-2624,-3368,-3293,8927,21117,71218,-826,-5520,-3293,8927,21117,71218,2061,1850,2061,1850,2061,1850,2061,1850,-5955,-7473,-386,2086,-753,-2405,11336,9709,-6425,-7745,2738,10672
10/28/2025,970,1495,5299,965,1390,5299,1895,1107,4571,2076,880,5495,-2250,-6680,-8543,2105,267,1071,3345,-853,3053,3525,9317,4239,-940,1666,-611,8286,8475,2405,970,1495,6237,965,1390,6237,1895,2370,6347,2201,3315,8810,-1615,-3873,-4626,2105,1499,3479,3345,-441,13252,8401,15780,44738,708,-1226,15831,8286,15780,44738,3321,9234,3448,9234,4473,9935,3976,10868,-6290,-8800,3565,4097,2233,10628,13475,-5128,1,-7570,12736,-7145
10/29/2025,2610,12035,8580,6290,13155,8693,6615,9823,8693,1605,8951,8580,6110,29132,31420,3922,23435,48010,10662,33992,23794,3850,15785,866,2740,6732,-2414,9440,21229,9436,2610,12035,8514,6290,13155,8474,6615,10983,8474,-155,9330,10791,6110,27923,39125,3922,28795,46585,10662,33992,52179,9720,46600,53247,10612,33484,50488,9440,46200,52447,8650,2784,8650,2784,8650,2784,8650,2784,23005,32129,22491,40502,15170,26712,-6073,-6549,3281,-2740,-5514,-2334
10/30/2025,1460,1728,-37,1420,1803,-1620,1313,-970,-1625,1203,2982,-37,520,-2484,-2233,1685,1295,7535,1630,-191,-2377,1857,18850,22940,-360,1446,251,9665,13215,23142,1460,2990,6043,1420,2815,6153,1313,2870,6148,-350,-990,-3135,520,-2484,-9348,1685,2353,1620,1630,-191,-140,9665,21619,42680,1046,1819,-1140,9665,21509,41325,1913,6186,1913,6186,1913,6186,2083,6186,-4934,-8565,116,-1526,2222,2037,11302,18247,-592,-1133,7275,27913
10/31/2025,2460,7485,16349,3251,8313,16590,4215,6816,14373,2175,7177,16349,7251,8348,9944,6280,8400,5873,6250,7384,11854,-755,1754,3293,4051,2336,3918,1555,5419,-4884,2460,7485,16922,3251,8313,17666,4215,9587,15234,1485,4830,11355,7251,8750,15793,6280,7415,8496,6250,7563,16287,1555,2936,11725,4805,9178,14237,1555,2841,11725,5946,9253,5936,9059,6976,9059,6041,9253,2618,7855,827,3486,7883,4826,5320,573,3931,8110,1040,-1749
11/3/2025,-1365,-1735,-165,-515,-845,-1820,-267,2010,755,-435,928,-165,1510,1047,-1964,2102,4607,-1671,2713,4351,-3566,3785,-3999,-6890,-300,-1333,3471,-1695,-1303,-6035,-1365,-1735,-4800,-515,-845,-6214,-267,-2145,-3639,2207,1551,1484,1510,1359,997,2102,4252,-145,2713,4351,-3303,-2330,-565,-16968,2713,3420,-3437,-2330,-965,-16968,-1234,898,-934,898,-1684,898,-1279,898,-1580,97,-2893,-2413,-5060,-247,-5890,-5140,1314,333,-5445,-7173
11/4/2025,810,-975,122,509,-865,-86,570,-2355,-1760,810,-223,1292,-3955,-6494,-7231,-1785,-6885,-8525,-2390,-6939,-8440,8409,-6425,-8965,-3720,4290,-8200,7189,9332,3632,810,-975,863,509,-865,674,570,358,-566,-245,-3210,-1111,-3955,-6944,-18266,-1785,-2424,-8170,-2390,-5449,-13910,7659,7704,24617,-690,-2515,-13910,7189,6964,24617,39,-1093,44,-219,171,-219,39,-1093,-6955,-7867,835,-8905,-6603,-8785,-6995,-8645,-6480,-7435,-6985,1029
11/5/2025,1974,2295,2559,2210,2415,2559,2325,280,2899,1804,1979,2559,5050,6515,12147,4585,2130,9946,6900,7375,11511,3698,791,-3429,2869,2843,6476,5468,1634,-4522,1974,2379,1112,2210,2499,1112,2325,2339,1112,2244,-260,785,5690,10820,21486,4585,5092,10329,6900,7375,12342,6383,1613,-19057,7336,4615,12020,5468,1613,-19057,1712,1265,1897,1265,1897,1265,1712,265,6860,10318,5228,7825,4254,12049,-790,-8732,2105,10250,752,7869
11/6/2025,5890,9881,12140,5740,8766,11335,5887,7734,11089,4205,8136,10210,6497,9692,13004,6176,4957,20029,7599,14642,30987,3725,8912,19916,3296,5021,5051,5922,10817,14609,5890,9881,12140,5740,8766,12670,5887,9426,12595,4245,8621,12759,6497,8973,23013,6176,10333,17305,7599,14642,31680,5922,7837,14899,6614,11714,28161,5922,7589,16751,2575,2944,1979,4252,2271,2224,2075,2944,9239,10221,6045,10068,12810,23495,8594,4831,1629,10768,9241,3462
11/7/2025,2408,6314,15985,2473,6813,17380,2412,3346,17341,2794,5292,11635,1526,4940,2583,1839,2430,6378,1304,3274,8805,150,13228,10215,4084,1642,1455,5457,7107,15025,2408,6314,15985,2473,6813,17638,2412,6197,17599,2794,4707,16450,1526,5058,2621,1839,-752,-1117,1304,3274,-209,5487,13228,29522,3553,3416,-340,5457,12232,30752,4814,12354,5019,12254,5444,12074,2804,8130,-745,1073,519,4157,7205,6819,9631,-2054,2665,3801,11500,18823
11/10/2025,1834,4913,12557,1085,3410,12537,715,1164,12572,1234,3351,12557,371,-634,-3239,516,-252,3781,1459,6704,10150,195,15917,33461,1985,257,-659,2448,1837,38569,1834,5448,7781,1085,2641,7761,715,2436,7796,1250,1339,4348,371,-634,-1415,516,1221,4152,1459,6928,10445,3493,15211,52496,764,4555,12965,3068,14426,52036,3959,11611,2349,11611,1827,11611,2274,11611,-774,-2853,1673,7570,7231,8862,22397,30806,1115,4006,18165,22028
11/11/2025,3128,4185,3894,2898,2854,3134,2116,3132,2757,3422,4185,3894,4060,7988,11005,1240,-1879,-1352,2270,-1990,-2647,4025,-3135,-2309,1570,-1101,6029,-2070,-2534,-2309,3128,4185,-860,2898,2854,92,2116,4221,-1436,3422,5316,7977,4060,9042,17314,1240,1675,-6222,2270,-775,-9972,-2115,-13570,-71912,1720,-1405,-11820,-2115,-13570,-71912,2411,846,2411,846,2425,846,2411,846,4932,6415,-1960,-2562,-5595,-8000,-3360,-3499,5615,662,-4995,-3169
11/12/2025,375,-816,3774,450,-1092,4216,1405,1484,4121,50,-1595,3774,5555,14464,35762,5664,11504,26616,6850,14163,35938,5370,2429,2155,2704,3982,12915,6045,11839,10377,375,-816,2934,450,-1092,2882,1405,258,3282,785,-788,-398,5555,14464,37534,5664,11397,31164,6850,14163,38807,6045,3668,18680,6815,13644,42170,6045,5340,17880,3630,-2629,3745,-829,3578,-3979,3630,-2629,21813,29958,10535,2901,21581,29782,-5000,1708,13330,13061,11821,20321
11/13/2025,1510,-608,-5604,1390,-722,-4722,1399,-1796,-6510,1175,1915,-5604,-600,-2182,-3565,6980,13455,10965,3725,3784,1853,10450,24533,-2319,-615,5555,-365,13635,21822,3850,1510,-608,-7729,1390,-722,-8245,1399,-2086,-8434,510,-835,-5166,-600,-2415,-3129,6980,11413,11137,3725,3784,5938,13715,27100,18592,3140,3954,5484,13635,26750,18202,-1555,-3745,-1555,-3800,-1758,-3800,-920,-3745,1110,-9000,11331,11135,7130,11827,15015,16299,-6220,388,8389,23386
11/14/2025,2696,5671,5333,2522,4554,3153,2675,2914,3159,1385,6577,8612,4075,3302,-460,1980,5008,3676,1605,3857,890,-610,-2685,-4377,855,2525,-2469,7038,13950,-7405,2696,5671,5388,2522,4554,3153,2675,4609,3377,1385,4798,9500,4075,4315,5167,1980,-189,-2819,1605,3110,-3530,7063,7444,-24469,1400,1517,-9011,7038,6677,-25544,5782,6008,5347,5121,5282,4885,5155,6008,4654,2000,-940,-5836,3764,-696,5785,-6684,3090,-1386,4713,6491
11/17/2025,1830,1116,4928,3759,4263,5342,725,3687,7360,2744,4659,4928,2922,7524,8436,1610,2480,3905,3684,2468,1911,1775,-4204,2031,2021,2501,-1311,-240,3066,-5384,1830,1580,4659,3759,4760,4919,725,3187,6737,2160,3274,2159,2922,7524,10499,1610,2245,3905,3684,2468,1911,2405,-1894,-6091,2661,941,-1960,1985,-2134,-5051,4780,5798,5075,6162,5137,7401,4780,4968,6862,10881,3040,5953,7148,1922,6030,1745,3593,-3217,3650,-1511
11/18/2025,2295,3205,11421,2097,4309,10261,-55,3699,7202,1180,2473,5431,3953,9613,10979,5559,7482,5414,2542,1203,-239,-65,-4475,-8156,3244,8187,9484,1005,5758,3798,2295,3205,11421,2097,4309,10261,-55,969,3519,1180,811,2809,3953,9613,14675,5559,6072,5414,2542,1203,239,1005,-4475,-35398,4921,4658,2918,1005,-4535,-33962,3618,8995,2823,10472,5643,6108,3878,7169,5165,14788,2545,15768,938,3890,-6831,-5938,4855,4189,-1150,-5474
11/19/2025,5152,6094,7128,3766,8285,9980,5587,7556,10156,3837,4870,8838,4749,8711,22416,3396,9300,11378,1950,6171,14447,-640,-1306,-5345,2910,5728,148,-1700,1758,1947,5152,6094,8399,3766,8285,10809,5587,8533,10982,3837,3710,14547,4749,9575,22065,3396,3976,8232,1950,6606,13721,-1580,-1620,-7040,2605,6944,13819,-1700,-1645,-5860,5393,12746,7610,13196,7539,12503,5449,9781,10490,19438,6950,2018,5499,8362,-2780,-6170,10060,14853,-3448,-4133
11/20/2025,1600,535,-440,905,815,-1883,650,2175,-198,1545,2400,-440,1551,2470,-7023,3175,6554,4618,4504,4311,-6909,12150,23487,-7377,-1614,1705,-1172,10095,19674,36315,1600,535,2260,905,815,1595,650,1405,2125,1545,-720,-225,1551,2470,-3898,3175,8950,6527,4504,4756,8550,10500,23487,40489,2515,2825,4982,10095,23122,37583,2320,894,2710,519,2075,-936,1520,894,1651,-7846,8796,7094,4436,8877,26149,34411,-4375,-165,19063,29015
11/21/2025,3995,6100,4923,3895,3926,5049,3015,3798,4784,2550,5310,4227,3810,7025,8213,3000,4484,1786,4533,7272,1642,620,10403,-8948,3940,1835,-1602,3865,-1457,-1621,3995,6100,4098,3895,3926,4085,3015,2797,3959,1850,5985,4508,3810,7025,9352,3000,2339,-2993,4533,7272,1058,3920,10817,-10235,4690,8885,6599,3865,10777,-5335,7095,11416,5171,11361,5184,11251,6610,7615,8000,15412,2820,4043,6051,12153,-2290,-5360,2855,3843,2750,-1681
11/24/2025,2095,2399,3608,2010,2184,5054,1795,4525,3555,580,3453,3608,-2896,-6315,-8310,1120,9601,5522,3745,14518,9561,7964,28399,37183,76,3701,-1595,12026,24693,37934,2095,2399,4857,2010,2184,5054,1795,3647,4804,580,1086,3295,-2896,-1738,-7089,1120,8919,3732,3745,14518,10847,12461,42982,70136,2070,13948,12022,12026,42982,70136,2911,2928,2896,2928,3426,3043,2911,2928,-6200,-8931,3237,9183,-120,6974,44549,28821,-5890,-1251,39438,18182
11/25/2025,1825,5597,-1104,1570,1475,-1264,1538,-1028,-1606,835,4471,-1104,-2000,-6841,-7997,-1615,-6935,-8996,-2271,-6417,-8812,-580,-6430,-8985,-2760,-572,-770,2255,1763,-8250,1825,5597,3797,1570,1693,3637,1538,1813,3512,360,2504,-1907,-2000,-2665,-2593,-1615,-5852,-13737,-1520,-1537,-10610,2489,3214,5931,-480,2759,-1315,2489,3209,5591,4794,5802,3255,5436,3385,5184,2988,2680,-5955,-7737,-6635,-8950,-6730,-8725,-6915,-8875,-6905,-7920,979,-8835
11/26/2025,430,-2134,-2569,-455,-1498,-4568,150,734,-3703,290,-826,-2569,2045,1793,-4169,1294,4380,-4132,4692,2876,-3099,5110,7528,-8493,427,-2064,-5389,7154,10387,-1864,430,-2134,-3442,-455,-1498,-4318,150,-499,-3453,1445,341,-2314,2045,2007,433,1294,-1229,-9968,4692,2301,-8443,6796,1273,-45472,3639,826,-8543,6591,1273,-45472,-4040,-2030,-3995,-2030,-4040,-1030,-3240,-2030,4328,-7405,-4269,-4538,518,-6990,-1751,-6168,1369,-7785,2725,-6837
11/27/2025,3175,5845,7061,3175,5845,7061,3175,5845,7061,1465,5845,7061,3570,6880,7331,5940,10450,16155,7395,13835,19595,2395,7885,10640,3330,2735,3186,7335,7885,10640,3175,5845,7555,3175,5845,7555,3175,5845,7555,1465,4920,7555,3570,6880,9306,5940,11170,17080,7395,13835,21475,10595,20530,32890,7080,13835,21475,10595,20530,32890,-1985,-2770,-1985,-2770,-1985,-2770,-1985,-2770,5520,3650,-2290,-1750,-2980,-1800,-5845,-5005,-915,4795,-5845,-5005
11/28/2025,785,1184,3068,725,1344,3068,600,-86,3068,785,-1503,3068,-208,-1063,-4077,945,135,-172,2565,4540,419,2450,7233,11016,53,1052,-1023,6245,6063,11016,785,1184,4814,725,1344,4814,600,1359,4814,35,49,-580,-208,-1063,-3465,945,2286,3854,2565,4944,7544,6450,10754,30079,848,4944,7544,6245,10754,30079,1990,3238,1990,3238,1990,3238,1990,3238,-572,-1630,2280,3963,4450,3945,8050,9674,1495,3006,7135,7320
12/1/2025,-687,-448,-2410,-574,-352,-6333,-1080,405,-6333,-702,1140,-2410,2339,6248,3991,-220,2772,6350,-736,-564,3594,-575,-5560,-4902,388,3588,600,-2433,-361,-4306,-687,-1657,-7558,-574,-1505,-7558,-1080,-1585,-7558,173,2721,-3235,3284,10132,13083,-220,2496,7904,-736,-564,465,-2203,-2903,-18875,-1275,-1261,2259,-2343,-3483,-18875,307,-2566,307,-2566,-1243,-2566,307,-2566,3592,482,7085,11883,3707,3475,10686,-1576,3127,-3913,8835,-3110
12/2/2025,2570,3258,-1385,1615,2961,-1714,1247,1297,-2021,2560,2506,-1385,5497,10126,21406,6215,8828,17491,7710,4685,13851,4760,15546,-482,4623,-132,7670,5300,15447,2072,2570,3258,-1067,1615,2961,-449,1247,2423,352,2865,1821,-4874,5497,10126,21406,6215,5613,18349,7710,5483,11932,5495,12638,4054,6640,7784,9239,5300,12638,4054,-3096,-1558,-3142,-2604,-3238,45,-3096,-1558,9394,20781,5081,20103,2261,15900,4363,-6602,13612,12413,6264,8475
12/3/2025,330,956,-1521,320,1476,-1516,830,275,-2907,200,-454,-1521,-1045,-5983,-6415,295,-735,515,2014,440,-8445,-695,-1535,-8459,-735,-6215,-4120,3643,7109,-8430,330,1436,1056,320,1476,1061,830,1501,1279,565,1125,-3550,-647,-2488,-8043,295,-3405,-5515,2014,2735,-2955,7255,14605,13172,1335,2435,-4605,7255,14605,13172,1011,-2615,1036,-1140,2001,658,1011,-2615,-6840,-8759,-6315,-5375,-5035,-2250,-6045,-8190,-6590,-930,-2827,-7172
12/4/2025,3084,8683,19595,3330,11846,22890,4806,14738,15981,2209,8682,23135,3974,8900,22779,4086,10153,25773,5317,17649,42629,5034,13795,-2001,2346,6683,4622,8043,19950,-2001,3084,8683,20923,3330,11846,23088,4806,10703,17156,2225,3607,22237,3974,9188,27583,4086,12984,31669,5317,18320,48918,8568,32684,94093,3923,16061,48918,8043,32684,96348,5299,7545,5370,7545,4937,7545,4799,7545,14252,27294,8857,10869,13672,25652,875,-7856,9047,7527,12562,-3460
12/5/2025,3555,7000,-2319,3655,9436,2176,3046,5504,1018,4360,8606,-2319,3609,5430,11612,2479,-822,6683,2516,9058,12196,10700,-5420,-6165,1114,2197,6961,12527,23429,-3827,3555,7000,-2084,3655,9436,2385,3046,3455,-1245,3285,6640,5304,3609,5430,15552,2479,1147,5252,2516,9057,14879,12527,11386,12938,3263,9057,14879,12527,10986,15043,530,351,1065,-2798,1065,-3741,530,351,3225,-737,-3435,-8572,3125,-6670,-2000,-3205,5226,190,-3776,-4820
12/8/2025,3005,8113,12270,4883,11015,8370,8235,15615,6681,3775,8679,12270,-610,-4625,-6695,2490,5010,8214,2721,4957,15411,475,9278,-4782,875,2156,-8890,8401,8976,-4782,3005,8113,11165,4883,11483,9001,8235,10450,6282,2165,5675,10836,-610,-2792,-3197,2490,2877,8399,2721,4957,15411,8401,16750,23220,1601,4267,13981,8401,16480,25725,5873,6098,5873,6098,5873,6718,5873,6098,-4615,-8465,6620,8820,229,2170,-3531,-7176,3195,-8465,11272,-7039
12/9/2025,3230,5659,8146,3419,6041,8146,3889,5886,8146,2980,5267,8146,1602,-173,-4751,-360,-25,-3337,2496,3616,-4243,-820,-1187,694,196,191,-699,2258,6142,1796,3230,5829,7835,3419,6272,7835,3889,4624,7835,2369,4561,13705,1602,2430,1975,-360,-1285,-6219,2496,3616,-3824,2258,-4481,-33773,2009,3616,-3824,2258,-4481,-33773,7840,3555,6340,3555,4810,3555,7840,3555,-4554,-7382,-2980,-5910,-614,-8040,-2420,-6635,-2735,-128,-4935,3698
12/10/2025,-70,-4255,-5636,-75,-4210,-5406,-75,-1998,-5406,-720,-3825,-6204,1734,1371,1251,1383,4862,-7090,2766,8285,-7016,-865,-6251,-7385,-116,2420,1394,-175,3459,2543,-70,-4255,-7163,-75,-4210,-6932,-75,-4210,-6932,-1465,-2437,-12360,1734,1755,3751,1383,-1374,-13550,2766,8534,5118,2220,-10509,-23896,992,7868,-4232,-175,-10601,-25021,-3015,-3828,-3015,-3828,-3015,-3828,-3515,-4266,3505,6723,-6515,-8995,-4920,-8994,-5995,-7339,-642,-401,-6129,-8025
12/11/2025,-1265,-2155,-4999,-1270,-2312,-7429,-2090,-3750,-7339,-1515,-3560,-4999,-446,-2600,-6065,-715,-1137,-6390,-575,-1457,-8661,-575,-5727,-8916,-1705,-1334,-3767,-905,9226,-8194,-1265,-2155,-2985,-1270,-2312,-4471,-2090,-2731,-4381,-2380,-3470,-6190,-446,455,-8365,-715,-2855,-9780,-575,-967,-10313,-1155,1363,-2590,-950,-420,-8648,-905,1363,-2590,-775,-2505,-800,-3405,-1466,-3264,-775,-2505,-2020,-8961,-5448,-8788,-5215,-8795,-7000,-6369,-4034,-7900,-2263,965
