,v0-10,v0-20,v0-40,v1-10,v1-20,v1-40,v2-10,v2-20,v2-40,v3-10,v3-20,v3-40,v4-10,v4-20,v4-40,v5-10,v5-20,v5-40,v6-10,v6-20,v6-40,v7-10,v7-20,v7-40,v8-10,v8-20,v8-40,v9-10,v9-20,v9-40,v0-10-unc,v0-20-unc,v0-40-unc,v1-10-unc,v1-20-unc,v1-40-unc,v2-10-unc,v2-20-unc,v2-40-unc,v3-10-unc,v3-20-unc,v3-40-unc,v4-10-unc,v4-20-unc,v4-40-unc,v5-10-unc,v5-20-unc,v5-40-unc,v6-10-unc,v6-20-unc,v6-40-unc,v7-10-unc,v7-20-unc,v7-40-unc,v8-10-unc,v8-20-unc,v8-40-unc,v9-10-unc,v9-20-unc,v9-40-unc,v0-20-cATM,v0-40-cATM,v1-20-cATM,v1-40-cATM,v2-20-cATM,v2-40-cATM,v3-20-cATM,v3-40-cATM,v4-20-cATM,v4-40-cATM,v5-20-cATM,v5-40-cATM,v6-20-cATM,v6-40-cATM,v7-20-cATM,v7-40-cATM,v8-20-cATM,v8-40-cATM,v9-20-cATM,v9-40-cATM
TOTAL terminal $,773097,1172516,1157426,644091,1275535,1216730,636536,1206696,1080735,756906,1071078,1261948,893575,1238551,1247552,987059,1465610,1656903,843118,1721300,2040781,1201289,1961169,1577928,937217,697734,429489,1301264,1697154,1514812,838004,1223138,1400144,683145,1288092,1413639,675072,1304767,1372860,386475,492981,249558,960833,1360853,1714771,1035045,1597727,2007289,864894,1940341,2680032,1333013,1992849,2926423,1138941,1795160,2300434,1342302,2058859,2868221,1069708,1127674,1035972,1243158,1032759,1129526,963062,1175708,1228198,1074953,1374203,1491499,1634951,1770916,1573181,1564719,736033,508354,1458425,1615232
AVG terminal/day $,1011,1533,1513,842,1667,1590,832,1577,1413,989,1400,1650,1168,1619,1631,1290,1916,2166,1102,2250,2668,1570,2564,2063,1225,912,561,1701,2219,1980,1095,1599,1830,893,1684,1848,882,1706,1795,505,644,326,1256,1779,2242,1353,2089,2624,1131,2536,3503,1743,2605,3825,1489,2347,3007,1755,2691,3749,1398,1474,1354,1625,1350,1477,1259,1537,1605,1405,1796,1950,2137,2315,2056,2045,962,665,1906,2111
MEDIAN terminal/day $,635,1210,844,540,1463,777,563,1242,687,510,1180,955,905,1570,-508,950,1591,658,913,1928,733,1110,1890,-395,983,497,80,1310,1520,-359,740,1439,1155,605,1595,1161,625,1500,1161,160,475,-40,995,2080,2385,1085,1890,1954,1014,2350,1983,1500,2054,3800,1180,2084,1874,1350,2230,3928,1099,573,1028,936,1046,701,905,921,1299,-598,1470,874,2033,779,1510,-473,737,400,1430,-409
RETURN / worst-10day-loss,112.5,67.7,37.2,83.8,67.4,32.8,95.4,65.8,33.0,80.7,81.0,27.2,105.3,62.7,31.1,192.3,88.8,46.2,125.0,89.8,44.7,224.7,84.7,46.1,174.5,61.5,23.3,271.5,131.8,35.6,92.3,61.5,29.7,75.2,65.7,29.0,78.3,62.8,31.0,20.4,19.8,4.3,86.2,36.3,18.9,135.4,66.8,32.6,65.5,70.1,45.5,205.4,58.0,19.6,120.8,62.4,35.2,274.9,47.5,17.9,66.9,34.9,55.1,51.0,79.5,34.6,58.6,45.4,41.0,23.2,67.7,32.3,58.1,44.6,60.9,39.8,40.6,19.6,55.2,38.6
WORST 5-day loss $ (~1wk),-5817,-12818,-21847,-6530,-15170,-22712,-6005,-14777,-21847,-6158,-9940,-25853,-6351,-18258,-30052,-4786,-14786,-32745,-6460,-15428,-33634,-4175,-19157,-25178,-5084,-9086,-17015,-5652,-15673,-30415,-8000,-12715,-27782,-7335,-13157,-31358,-7157,-14450,-31358,-12202,-19206,-34154,-9621,-37490,-88877,-8662,-25365,-44249,-12590,-23945,-57441,-8724,-26780,-130307,-9275,-23379,-57105,-6460,-31372,-130357,-12185,-18731,-15803,-22091,-12242,-18902,-13079,-23582,-18440,-31562,-14469,-27129,-23025,-32835,-18393,-28394,-13270,-18364,-18689,-29677
  worst 5-day END date,12/12/2023,1/25/2024,5/18/2023,9/24/2025,12/12/2023,9/12/2025,6/1/2023,1/25/2024,5/18/2023,6/1/2023,12/29/2023,4/2/2024,1/12/2024,4/27/2023,7/19/2023,7/18/2023,4/28/2023,12/16/2024,4/28/2023,1/11/2024,12/16/2024,6/7/2023,3/22/2024,9/17/2024,7/24/2023,12/5/2024,7/5/2024,12/14/2023,3/22/2024,9/16/2024,12/12/2023,1/25/2024,3/26/2024,7/18/2023,1/25/2024,5/13/2024,10/27/2025,1/25/2024,5/13/2024,10/2/2025,11/3/2023,10/30/2024,6/12/2023,4/27/2023,4/28/2023,7/18/2023,4/28/2023,4/3/2024,7/21/2023,7/15/2025,4/28/2023,5/11/2023,4/10/2023,9/19/2023,7/21/2023,7/15/2025,4/28/2023,4/27/2023,5/8/2023,9/19/2023,12/12/2023,11/23/2023,12/12/2023,4/2/2024,12/12/2023,11/23/2023,9/12/2025,4/2/2024,12/16/2024,7/19/2023,4/28/2023,1/29/2024,4/28/2023,10/6/2025,4/5/2024,4/9/2024,7/19/2023,3/25/2024,5/24/2023,5/26/2023
WORST 10-day loss $ (~2wk),-6872,-17310,-31080,-7690,-18931,-37123,-6674,-18331,-32788,-9380,-13226,-46339,-8482,-19757,-40126,-5134,-16502,-35867,-6742,-19164,-45679,-5346,-23161,-34199,-5371,-11340,-18439,-4792,-12875,-42584,-9083,-19900,-47199,-9080,-19605,-48692,-8620,-20765,-44287,-18926,-24954,-58391,-11151,-37478,-90754,-7644,-23918,-61640,-13214,-27681,-58864,-6490,-34359,-149047,-9428,-28771,-65265,-4882,-43343,-160048,-16001,-32286,-18796,-24358,-12998,-32688,-16425,-25903,-29920,-46264,-20300,-46179,-28131,-39688,-25841,-39343,-18109,-25900,-26441,-41861
  worst 10-day END date,6/7/2023,12/16/2024,4/2/2024,7/25/2023,12/16/2024,4/2/2024,6/7/2023,1/30/2024,7/24/2025,7/25/2023,12/16/2024,4/2/2024,6/8/2023,12/16/2024,5/27/2024,7/20/2023,5/2/2023,12/16/2024,7/25/2023,12/16/2024,7/19/2023,7/24/2023,5/9/2023,7/24/2025,7/25/2023,1/19/2023,9/23/2025,7/25/2023,5/2/2023,4/20/2023,6/8/2023,12/16/2024,4/2/2024,5/30/2023,12/16/2024,4/1/2024,5/30/2023,12/16/2024,5/16/2024,10/9/2025,12/14/2023,3/28/2024,6/12/2023,5/2/2023,2/1/2024,7/20/2023,5/2/2023,4/4/2024,7/25/2023,5/2/2023,7/18/2023,5/18/2023,4/13/2023,4/3/2024,7/21/2023,5/2/2023,7/22/2025,7/25/2023,5/2/2023,9/21/2023,4/14/2023,4/2/2024,9/16/2025,4/2/2024,9/16/2025,4/2/2024,9/16/2025,4/2/2024,12/16/2024,2/1/2024,7/19/2023,4/1/2024,7/24/2023,2/1/2024,5/24/2023,5/15/2023,7/24/2023,12/11/2024,5/24/2023,6/2/2023
MAX LOSING STREAK (days),9,9,10,8,8,10,6,9,13,9,5,8,5,5,9,7,5,7,5,4,9,6,6,12,8,5,10,5,6,9,7,5,11,8,5,11,8,5,11,11,8,8,4,5,8,7,5,10,5,4,7,5,5,6,7,5,9,5,5,6,6,7,7,7,6,7,9,7,5,8,8,7,9,11,6,13,6,7,6,11
  losing-streak $,-7940,-15725,-18257,-7219,-17998,-29338,-6376,-18493,-35812,-9830,-6424,-32574,-4935,-18258,-37678,-7281,-12347,-25037,-6460,-15181,-43984,-4230,-16944,-39849,-7507,-9086,-16072,-5652,-7319,-41923,-8433,-9560,-36963,-7394,-10901,-32014,-7279,-14450,-32526,-12220,-23670,-46008,-6770,-37490,-78310,-10537,-15214,-56423,-12590,-24384,-49373,-7846,-17482,-76665,-12559,-10680,-48753,-5887,-13147,-43202,-11276,-23900,-13920,-15545,-8587,-24071,-19939,-15545,-13452,-38878,-19882,-32642,-29582,-40068,-23338,-48083,-10245,-19460,-19272,-38768
  losing-streak END date,7/11/2024,1/30/2024,7/21/2025,12/11/2024,12/12/2023,5/16/2024,4/28/2023,1/30/2024,7/24/2025,7/25/2023,9/13/2023,1/30/2024,7/18/2023,4/27/2023,1/30/2024,7/20/2023,4/5/2024,12/29/2023,4/28/2023,4/27/2023,2/2/2024,6/7/2023,4/5/2024,10/7/2025,7/24/2023,12/5/2024,12/12/2024,12/14/2023,1/15/2024,4/24/2023,6/5/2023,12/7/2023,7/24/2025,12/11/2024,12/7/2023,7/24/2025,12/11/2024,1/25/2024,7/24/2025,12/11/2024,10/30/2024,1/30/2024,7/18/2023,4/27/2023,1/30/2024,7/20/2023,4/5/2024,4/8/2024,7/21/2023,4/27/2023,4/8/2024,4/27/2023,4/3/2023,7/5/2023,7/21/2023,3/25/2024,2/2/2024,12/14/2023,9/19/2023,5/26/2025,12/10/2024,11/24/2023,9/15/2023,11/24/2023,1/25/2024,11/24/2023,9/16/2025,11/24/2023,4/28/2023,4/28/2023,12/11/2024,5/23/2023,7/21/2023,2/6/2024,7/25/2023,6/6/2023,4/28/2023,7/21/2023,5/24/2023,1/7/2025
MAX WINNING STREAK (days),14,32,15,16,30,15,16,19,12,17,21,19,19,16,9,18,33,16,17,17,21,18,16,9,25,15,8,19,15,9,24,32,19,20,30,11,20,25,10,16,15,9,24,21,22,27,47,18,37,55,14,22,14,10,25,25,11,43,15,10,26,19,33,15,20,10,20,15,20,7,17,12,23,22,11,9,14,12,11,9
  winning-streak $,25821,107032,91294,42113,119636,101920,34314,78840,49921,48200,50441,113726,55745,72958,105255,37912,156156,118484,46762,98632,234521,48829,107839,121000,81678,49908,21661,69312,60254,123587,48195,121461,108923,51011,119450,66052,47454,89887,45195,60584,49242,55104,73058,85729,243829,72790,213031,126568,93014,300112,180473,69860,98299,162389,82704,111583,186248,131931,91098,172645,107950,108184,116994,100848,102363,54375,88089,105820,68380,60280,80388,98499,106711,209947,67846,116823,33241,42670,66751,67125
WORST single day $,-1725,-4570,-7315,-2000,-4570,-6938,-2500,-5365,-7655,-2250,-3870,-7455,-2185,-4500,-7000,-1565,-4505,-8739,-2349,-5051,-8965,-1525,-6500,-7070,-1500,-2980,-5570,-2590,-5006,-8625,-3775,-10540,-14529,-4070,-10540,-14236,-4070,-8670,-14236,-4475,-10395,-15425,-5745,-17090,-34755,-4790,-10885,-20815,-5845,-16050,-29524,-6154,-18332,-60598,-6215,-16050,-34645,-4885,-18370,-61683,-5851,-7405,-4500,-8895,-5006,-7415,-3635,-8895,-4500,-7500,-4770,-9097,-7560,-9285,-6670,-8335,-6300,-5990,-6670,-8225
  worst day DATE,11/4/2025,12/26/2023,3/26/2024,12/4/2024,12/26/2023,3/26/2024,6/27/2023,12/4/2024,3/26/2024,12/2/2024,12/4/2024,2/12/2025,3/7/2024,5/5/2023,4/19/2024,3/31/2023,12/6/2023,12/10/2024,8/19/2024,12/6/2023,9/21/2023,1/23/2024,1/25/2023,10/3/2025,11/29/2023,8/19/2024,12/23/2024,1/29/2024,5/29/2023,9/8/2025,10/27/2025,2/12/2025,6/16/2023,6/27/2023,2/12/2025,7/24/2023,6/27/2023,2/12/2025,7/24/2023,8/19/2025,2/12/2025,11/25/2024,4/27/2023,4/27/2023,4/27/2023,3/1/2024,7/18/2023,9/11/2024,9/4/2025,9/4/2025,7/10/2025,5/5/2023,5/2/2023,11/13/2024,8/19/2024,9/4/2025,7/10/2025,2/12/2025,7/3/2023,11/13/2024,10/8/2025,2/12/2025,12/4/2024,3/26/2024,10/27/2025,11/18/2024,3/26/2024,3/26/2024,8/6/2025,7/13/2023,3/6/2023,12/10/2024,8/11/2025,9/23/2025,10/16/2024,6/11/2024,8/15/2024,8/13/2024,10/16/2024,12/20/2023
BEST single day $,21429,21734,29764,26099,27479,50656,19865,25844,27120,22549,14552,33736,13849,17450,43397,21425,21831,47723,15319,28684,43970,13545,38092,86224,13995,17104,24087,14372,22811,68412,24040,18842,29514,26099,18907,50445,25681,31781,57121,15811,22937,44832,13849,25943,67459,16064,23434,47723,14595,21238,175049,13755,30668,99492,16680,22213,53229,18125,36627,99430,30914,49616,28861,52706,30907,27344,26430,53181,20779,36530,20590,38223,19008,59567,29841,39723,15451,24092,29841,35553
  best day DATE,3/22/2023,2/7/2023,2/7/2023,2/7/2023,2/7/2023,2/7/2023,2/21/2024,2/7/2023,2/7/2023,10/19/2023,2/20/2024,2/7/2023,3/11/2025,2/6/2025,3/18/2025,3/22/2023,3/22/2023,5/1/2024,10/26/2023,3/14/2023,10/29/2025,10/10/2025,10/19/2023,5/1/2024,3/11/2025,3/14/2023,2/7/2023,2/6/2025,2/16/2023,5/1/2024,3/22/2023,3/22/2023,2/7/2023,2/7/2023,3/22/2023,2/7/2023,2/7/2023,2/7/2023,2/7/2023,8/9/2023,2/7/2023,2/7/2023,3/11/2025,12/30/2022,3/22/2023,5/7/2025,3/22/2023,5/1/2024,3/14/2023,9/29/2025,4/9/2025,10/10/2025,8/12/2024,12/26/2023,5/28/2024,9/29/2025,1/29/2025,9/20/2023,10/19/2023,12/26/2023,2/28/2025,2/7/2023,2/7/2023,2/7/2023,2/28/2025,2/1/2023,2/7/2023,2/7/2023,3/14/2023,1/12/2024,6/12/2024,2/1/2023,6/12/2024,2/7/2023,5/20/2024,2/1/2023,1/14/2025,2/7/2023,5/20/2024,2/1/2023
opens/day,16.45,21.21,24.47,15.39,18.59,20.45,17.86,21.4,24.57,16.54,16.97,21.52,17.85,19.51,22.15,18.11,21.52,25.66,22.78,27.84,32.53,23.12,29.11,24.88,20.55,13.56,9.28,27.01,26.66,27.44,17.67,18.87,25.84,16.65,19.04,22.38,16.6,19.12,22.46,17.64,18.72,22.06,18.38,20.81,25.5,21.11,23.77,28.45,23.88,29.1,38.38,30.98,34.65,41.47,24.59,29.08,35.26,28.74,31.43,37.95,24.25,26.62,20.65,22.36,24.08,26.68,19.59,22.31,21.81,23.56,25.24,27.23,35.99,35.83,31.31,27.37,16.34,10.76,31.26,27.89
NEG days,257/765,245/765,337/765,283/765,240/765,334/765,263/765,248/765,342/765,267/765,263/765,331/765,230/765,274/765,400/765,224/765,241/765,350/765,256/765,260/765,355/765,202/765,266/765,402/765,237/765,301/765,353/765,187/765,283/765,393/765,236/765,240/765,306/765,260/765,237/765,313/765,264/765,241/765,317/765,341/765,332/765,385/765,207/765,240/765,321/765,192/765,228/765,313/765,235/765,219/765,314/765,185/765,246/765,324/765,192/765,231/765,319/765,192/765,249/765,316/765,254/765,352/765,267/765,326/765,274/765,344/765,274/765,328/765,282/765,409/765,272/765,351/765,248/765,357/765,293/765,400/765,269/765,321/765,297/765,396/765
WIN %,66%,68%,56%,63%,68%,56%,65%,67%,55%,65%,65%,57%,70%,64%,48%,70%,68%,54%,66%,66%,53%,73%,65%,47%,69%,61%,54%,75%,63%,48%,69%,68%,60%,66%,69%,59%,65%,68%,58%,55%,56%,50%,73%,68%,58%,74%,70%,59%,69%,71%,59%,76%,68%,58%,75%,70%,58%,75%,67%,59%,67%,54%,65%,57%,64%,55%,64%,57%,63%,46%,64%,54%,67%,53%,62%,48%,65%,58%,61%,48%
AVG WIN day $,1984,3112,4886,1924,3266,4979,1844,3216,4838,2026,2972,5176,2171,4100,8410,2226,3911,7574,2267,4822,9181,2473,5330,8018,2215,2495,2902,2595,4754,8696,2087,3251,5478,1940,3322,5760,1934,3387,5769,1952,2991,5149,2205,4457,10573,2229,4217,8500,2278,5071,11025,2691,5530,17579,2421,4937,10449,2751,5795,17697,2955,5185,3056,5115,3015,5071,2888,4990,4231,8490,4028,6967,4596,8203,5082,8543,2472,2954,4912,8784
AVG LOSS day $,-906,-1807,-2756,-995,-1816,-2752,-1093,-1826,-2810,-929,-1589,-2959,-1155,-2812,-4534,-950,-2389,-4225,-1197,-2726,-4828,-909,-2607,-3295,-970,-1519,-2162,-1033,-2083,-4354,-1101,-1988,-3605,-1126,-1938,-3783,-1084,-1937,-3804,-1288,-2407,-4420,-1292,-4060,-9250,-1216,-2906,-5834,-1438,-3760,-7264,-1218,-3544,-14840,-1268,-3621,-7365,-1204,-3716,-16013,-1722,-2865,-1796,-3059,-1623,-2908,-1650,-3049,-2876,-4741,-2233,-3948,-2970,-4392,-2800,-3862,-1814,-2494,-2813,-4084
PAYOFF (win/loss),2.19,1.72,1.77,1.93,1.8,1.81,1.69,1.76,1.72,2.18,1.87,1.75,1.88,1.46,1.85,2.34,1.64,1.79,1.89,1.77,1.9,2.72,2.04,2.43,2.28,1.64,1.34,2.51,2.28,2,1.9,1.64,1.52,1.72,1.71,1.52,1.78,1.75,1.52,1.52,1.24,1.16,1.71,1.1,1.14,1.83,1.45,1.46,1.58,1.35,1.52,2.21,1.56,1.18,1.91,1.36,1.42,2.28,1.56,1.11,1.72,1.81,1.7,1.67,1.86,1.74,1.75,1.64,1.47,1.79,1.8,1.76,1.55,1.87,1.81,2.21,1.36,1.18,1.75,2.15
(context) true MAX DRAWDOWN $,-10338,-17310,-57206,-12721,-18931,-53072,-7604,-18493,-59134,-11465,-13226,-70546,-9280,-25896,-64904,-7281,-20097,-49037,-7550,-22706,-60004,-5558,-32537,-43142,-7507,-15795,-52746,-7392,-23059,-76970,-11593,-19900,-86343,-9764,-19605,-87510,-11028,-20765,-73091,-29171,-47880,-278735,-14781,-64029,-105258,-10537,-31053,-76953,-17137,-38424,-68857,-12173,-54229,-264548,-12559,-38799,-81606,-8479,-65724,-300065,-19354,-40337,-21198,-36880,-16649,-37633,-19939,-29905,-29920,-73880,-23079,-60758,-32466,-60248,-51447,-104990,-18689,-44740,-52907,-98388
maxDD 7-day $,-6754,-15085,-26110,-8013,-16154,-26924,-6820,-17129,-27214,-7938,-11473,-31932,-7603,-22047,-36905,-7281,-20097,-37848,-7550,-18591,-41386,-4681,-22118,-29924,-6297,-11206,-18229,-6545,-15673,-35917,-8433,-14045,-40483,-7460,-13521,-39727,-7647,-14450,-37808,-15693,-23235,-48320,-10086,-45760,-89091,-10537,-31053,-50890,-15464,-31569,-58633,-12173,-33401,-166405,-12559,-31944,-59890,-8479,-43228,-155733,-14114,-24946,-17711,-23263,-14450,-25021,-17104,-23747,-19940,-40698,-17610,-34432,-24953,-34214,-23338,-33700,-16220,-21072,-23338,-32256
maxDD 30-day $,-10338,-17310,-44678,-11417,-18931,-40316,-7604,-18493,-41382,-11465,-13226,-51914,-9280,-25896,-64904,-7281,-20097,-49037,-7550,-22706,-60004,-5558,-32537,-41982,-7507,-15795,-31902,-7392,-23059,-59230,-11593,-19900,-68140,-9764,-19605,-56658,-11028,-20765,-51979,-25838,-36113,-107437,-14781,-64029,-105258,-10537,-31053,-76953,-17137,-38424,-68857,-12173,-54229,-176249,-12559,-38799,-81606,-8479,-65724,-209077,-19354,-35661,-21198,-36880,-16649,-36064,-19939,-29905,-29920,-73880,-23079,-60758,-32466,-60248,-37466,-78528,-18689,-44740,-38066,-67926
ret / maxDD30,74.8,67.7,25.9,56.4,67.4,30.2,83.7,65.3,26.1,66.0,81.0,24.3,96.3,47.8,19.2,135.6,72.9,33.8,111.7,75.8,34.0,216.1,60.3,37.6,124.8,44.2,13.5,176.0,73.6,25.6,72.3,61.5,20.5,70.0,65.7,25.0,61.2,62.8,26.4,15.0,13.7,2.3,65.0,21.3,16.3,98.2,51.5,26.1,50.5,50.5,38.9,109.5,36.7,16.6,90.7,46.3,28.2,158.3,31.3,13.7,55.3,31.6,48.9,33.7,62.0,31.3,48.3,39.3,41.0,14.5,59.5,24.5,50.4,29.4,42.0,19.9,39.4,11.4,38.3,23.8
avg peak capital $,727,1558,3085,729,1555,3089,746,1567,3090,728,1500,3075,751,1551,3057,750,1604,3203,784,1628,3247,787,1666,3181,761,1426,2542,810,1656,3215,747,1569,3147,739,1571,3131,749,1576,3149,697,1421,3020,762,1592,3213,773,1631,3275,798,1664,3327,814,1680,3342,793,1664,3337,815,1680,3337,1640,3185,1623,3147,1631,3171,1580,3130,1625,3139,1676,3307,1747,3382,1721,3259,1506,2594,1719,3271
ret on capital (daily $/$),1.391,0.984,0.49,1.155,1.072,0.515,1.115,1.006,0.457,1.359,0.933,0.537,1.555,1.044,0.534,1.72,1.195,0.676,1.406,1.382,0.822,1.995,1.539,0.649,1.61,0.64,0.221,2.1,1.34,0.616,1.466,1.019,0.582,1.208,1.072,0.59,1.178,1.082,0.57,0.725,0.453,0.108,1.648,1.117,0.698,1.75,1.281,0.801,1.417,1.524,1.053,2.141,1.551,1.145,1.878,1.41,0.901,2.153,1.602,1.123,0.852,0.463,0.834,0.516,0.828,0.466,0.797,0.491,0.988,0.448,1.072,0.59,1.223,0.685,1.195,0.627,0.639,0.256,1.109,0.645
profitScore ($20-norm),2022,1533,757,1684,1667,795,1664,1577,707,1978,1400,825,2336,1619,816,2580,1916,1083,2204,2250,1334,3140,2564,1032,2450,912,281,3402,2219,990,2190,1599,915,1786,1684,924,1764,1706,898,1010,644,163,2512,1779,1121,2706,2089,1312,2262,2536,1752,3486,2605,1913,2978,2347,1504,3510,2691,1875,1398,737,1354,813,1350,739,1259,769,1605,703,1796,975,2137,1158,2056,1023,962,333,1906,1056
riskScore ($20-norm),-20676,-17310,-22339,-22834,-18931,-20158,-15208,-18493,-20691,-22930,-13226,-25957,-18560,-25896,-32452,-14562,-20097,-24518,-15100,-22706,-30002,-11116,-32537,-20991,-15014,-15795,-15951,-14784,-23059,-29615,-23186,-19900,-34070,-19528,-19605,-28329,-22056,-20765,-25989,-51676,-36113,-53718,-29562,-64029,-52629,-21074,-31053,-38476,-34274,-38424,-34428,-24346,-54229,-88124,-25118,-38799,-40803,-16958,-65724,-104538,-19354,-17830,-21198,-18440,-16649,-18032,-19939,-14952,-29920,-36940,-23079,-30379,-32466,-30124,-37466,-39264,-18689,-22370,-38066,-33963
GOV lossMax $,-1500,-4500,-6000,-2000,-4500,-6000,-2500,-4500,-6000,-2000,-3000,-7500,-2000,-4500,-7000,-1500,-4000,-7500,-2000,-4500,-7500,-1500,-6500,-6000,-1500,-3000,-6000,-2500,-4500,-7500,,,,,,,,,,,,,,,,,,,,,,,,,,,,,,,-7000,-7500,-4500,-7500,-4500,-7500,-3500,-7500,-4500,-7500,-4500,-7500,-7000,-7500,-6500,-7000,-7000,-6000,-6500,-7500
GOV worst floor HELD $,-1840,-4570,-7315,-2130,-4654,-7190,-2727,-5365,-7655,-2250,-3870,-8765,-2185,-4781,-7700,-1815,-4755,-9262,-2415,-5319,-9286,-1975,-7290,-7470,-1768,-3000,-5995,-3000,-5006,-9270,,,,,,,,,,,,,,,,,,,,,,,,,,,,,,,-6993,-8306,-4866,-9650,-5277,-8306,-4035,-9650,-5082,-8686,-5365,-9610,-7618,-9658,-7010,-8672,-6955,-5995,-7010,-8672
GOV days over cap,1,1,6,0,1,3,0,2,4,1,3,0,1,0,0,1,4,5,2,9,13,1,0,3,0,0,0,1,1,3,,,,,,,,,,,,,,,,,,,,,,,,,,,,,,,0,0,0,1,1,0,1,1,0,0,1,4,3,11,1,3,0,0,1,1
GOV covers deferred,320,107,335,190,70,326,125,66,445,94,448,107,59,278,1944,438,1126,2123,1379,1435,5178,1063,421,1136,572,25,0,357,884,864,,,,,,,,,,,,,,,,,,,,,,,,,,,,,,,5,86,92,55,54,95,226,50,338,1581,660,1028,554,3056,311,830,0,0,311,697
GOV offsets bought,98,108,709,83,112,626,77,131,766,100,152,539,39,91,799,79,142,659,68,206,982,84,241,1156,51,48,122,56,243,1438,,,,,,,,,,,,,,,,,,,,,,,,,,,,,,,30,653,174,637,170,661,221,625,129,695,162,629,163,1025,362,1344,4,70,359,1362
GOV offset spend $,29762,31337,279021,23578,40017,258912,19362,44757,308324,33082,54033,219762,11201,29451,297360,26429,59502,252765,27223,90936,413993,29035,78500,483403,17790,19786,54411,21101,80663,600055,,,,,,,,,,,,,,,,,,,,,,,,,,,,,,,7967,247685,54544,248337,52720,247522,72849,243837,37187,245022,56252,243897,53002,413489,107624,527172,1135,26145,105854,552607
GOV opens blocked,1483,283,1321,900,409,1687,279,277,1347,829,1435,865,947,1719,3684,1840,1606,2234,1405,1851,3279,4829,2911,15062,2028,2016,1549,1699,5466,12943,,,,,,,,,,,,,,,,,,,,,,,,,,,,,,,10,661,592,1043,300,670,1411,1036,1710,3133,1233,1977,479,2725,3448,12627,79,1525,3450,11919
WING conversions,306,768,1369,314,723,1289,387,868,1411,340,558,1408,256,790,1679,260,702,1716,306,933,1897,287,885,1535,266,557,835,343,787,1768,369,703,1752,363,776,1786,377,843,1835,318,628,1563,270,869,2282,313,812,2052,317,1027,2297,431,1166,2570,310,1012,2275,332,1032,2602,892,1532,689,1422,880,1569,557,1390,770,1619,793,1766,1123,1952,907,1646,698,979,899,1659
WING spend $,62467,178730,339693,65978,169287,328204,78773,199649,349177,73175,130538,357778,55876,183967,456510,57122,166821,460698,65693,219311,508763,63722,214281,408664,56774,123258,201655,76578,185252,479699,80177,166501,462073,78223,179537,471224,80302,197355,481222,68820,151653,419841,59823,212457,693597,69419,198841,581629,73586,253284,669947,93273,280394,839762,70792,248467,661012,77116,257684,826769,206588,388168,157578,373262,200200,400828,125237,363479,185508,449859,191876,468106,279840,529506,224345,455672,156080,227389,221375,460429
WING days active,230,422,511,221,409,494,272,451,518,235,330,528,193,405,514,197,374,535,236,421,579,215,407,479,196,336,407,235,371,527,245,410,602,245,436,588,267,450,594,218,352,559,197,435,650,226,417,615,229,463,653,291,498,659,224,459,630,232,446,649,434,562,355,518,428,558,314,518,381,506,398,539,499,580,412,505,403,432,410,515

DATE,v0-10,v0-20,v0-40,v1-10,v1-20,v1-40,v2-10,v2-20,v2-40,v3-10,v3-20,v3-40,v4-10,v4-20,v4-40,v5-10,v5-20,v5-40,v6-10,v6-20,v6-40,v7-10,v7-20,v7-40,v8-10,v8-20,v8-40,v9-10,v9-20,v9-40,v0-10-unc,v0-20-unc,v0-40-unc,v1-10-unc,v1-20-unc,v1-40-unc,v2-10-unc,v2-20-unc,v2-40-unc,v3-10-unc,v3-20-unc,v3-40-unc,v4-10-unc,v4-20-unc,v4-40-unc,v5-10-unc,v5-20-unc,v5-40-unc,v6-10-unc,v6-20-unc,v6-40-unc,v7-10-unc,v7-20-unc,v7-40-unc,v8-10-unc,v8-20-unc,v8-40-unc,v9-10-unc,v9-20-unc,v9-40-unc,v0-20-cATM,v0-40-cATM,v1-20-cATM,v1-40-cATM,v2-20-cATM,v2-40-cATM,v3-20-cATM,v3-40-cATM,v4-20-cATM,v4-40-cATM,v5-20-cATM,v5-40-cATM,v6-20-cATM,v6-40-cATM,v7-20-cATM,v7-40-cATM,v8-20-cATM,v8-40-cATM,v9-20-cATM,v9-40-cATM
12/27/2022,90,-1915,-1855,100,-1915,-1855,100,-1915,-1855,90,-1915,-1855,2010,2916,1213,2010,2916,1213,2150,4251,1671,2010,1004,1257,2010,3291,730,2010,-272,986,90,-1915,-1855,100,-1915,-1855,100,-1915,-1855,1020,-1915,-1855,2010,2916,1213,2010,2916,1213,2150,4251,1671,2010,2241,4474,2010,3911,1671,2010,2241,4474,-390,-3970,-390,-3970,-390,-3970,-80,-3970,5403,8781,5521,8220,5746,8199,-501,-3226,4696,-695,-501,-3171
12/28/2022,1875,2599,-3281,2587,3877,-1936,573,1228,-1008,3456,4454,1544,1408,-1490,-6898,2100,610,-4458,261,-170,-2300,2716,7957,-2175,444,1162,-4435,940,5583,-7460,3692,4709,3949,2524,3877,5133,1185,2912,5790,771,1203,5695,580,-2910,-5240,2100,-329,-252,710,1345,4274,4307,9146,24266,1193,1345,2623,2205,11185,25919,-364,7165,6323,7512,-597,2293,5728,7512,-4050,-6588,-740,-4692,-841,-2978,345,-6910,1413,-4430,345,-1146
12/29/2022,-398,1707,-319,-980,700,-1124,-109,1707,-319,310,-655,-5300,-1990,3105,-354,1495,3020,-497,1323,-3569,4516,3950,1090,2520,-1410,-2620,-1379,3711,-2060,2403,-330,700,-2144,-2415,700,-5300,-1030,700,-5300,790,246,-7255,2515,4660,276,2700,9050,-2277,1860,4918,4069,3978,6969,-4996,2795,4918,3183,4801,1392,-5045,48,-2862,1060,-7320,48,-2862,-300,-7320,3469,-798,5915,-755,5472,1169,-115,4542,-4190,-1370,-115,6383
12/30/2022,6435,2494,-3256,11856,2061,-3162,12841,2324,-3256,4555,1590,-3848,6019,2975,17789,6064,956,18573,219,1928,14907,3374,11314,-4132,2706,11342,13505,3374,9160,-2477,4458,3321,-3109,11856,3321,-3828,11856,3151,-3828,499,3191,-4458,6019,25943,13202,6064,21670,20820,219,4048,-5062,3374,7421,-5014,5433,2702,1050,3374,11282,-10629,2384,-5114,2777,-4189,2384,-5114,1554,-3130,605,14695,11951,-4363,-2791,7409,350,-6645,849,617,350,-6585
1/3/2023,-1039,1911,-634,-1270,2857,-878,-1360,3729,2089,-630,3185,-522,3955,3417,-3399,2696,8711,-5990,1696,2462,-1471,3500,8190,-4812,1641,1559,-511,3500,8246,-3709,-505,1836,-3260,-1270,2857,-3010,-1360,2296,1875,-1555,-2040,2255,3955,5738,-1765,4690,9399,-4822,1742,8273,-10575,1285,10449,-3087,2442,8423,-9441,3500,7192,-4449,3723,-1085,2681,737,1717,-1085,1554,737,1965,-1334,2051,4504,5317,-3690,7469,-1283,4738,-501,8381,-1283
1/4/2023,541,5547,18895,6486,6452,21946,3275,6940,20588,1633,4695,16460,3575,9235,14603,4317,6083,2690,4739,4314,7549,5362,6462,12299,4813,805,5755,3010,6797,5004,1633,4695,18895,6486,6452,21946,3275,7706,21117,1234,3302,17003,5504,9235,12768,4820,6368,-1407,4378,5768,6121,3873,4952,-12595,4028,5368,3992,3010,6462,-16905,842,13105,1837,11798,2922,7435,2752,11786,7702,13396,4206,3197,9855,11439,9866,12160,2521,5760,9466,11785
1/5/2023,2399,7048,4931,3345,7525,2179,1963,7087,5685,2430,4889,3797,4787,1258,3711,3103,4940,3257,3250,5279,2938,4483,-1436,-340,3316,1434,2925,4450,3685,-929,2273,4802,4931,4275,7525,5184,2190,9227,4160,2764,3803,4932,7510,748,3974,6535,2279,3614,2355,5298,4497,5092,-1810,1276,12169,5298,3564,5120,-877,1452,3442,13361,5061,13212,2552,13361,5267,12672,6708,5300,6319,3241,4836,9530,12682,7203,3008,3035,12682,6973
1/6/2023,-1450,-3620,-4396,-1940,-2580,-1669,-2460,-3693,-4396,-292,-2935,-1004,-1620,-4305,-6410,-1330,-3745,-7236,-1984,-4475,-7221,625,-2110,-5347,-1009,-2570,-1985,-850,-2245,4930,-410,-3500,-3077,-2215,-2190,-1895,-2810,-2190,-1895,-615,-2150,-3866,-1895,-7520,-8245,50,-4775,-4461,-2140,-640,-5460,-1652,-1495,16575,-1250,-640,-1230,-705,5043,16776,-2428,2533,-616,2060,-851,2533,-3485,2060,-4390,-7160,-4265,-7075,-129,-6954,-3412,-6414,-2450,-1500,-3412,-2673
1/9/2023,2300,76,-789,4415,436,1438,4217,155,-1595,5236,39,-971,2118,-4175,-5132,1691,-3687,-5570,2792,-3574,-5705,3862,-2820,1354,2634,-2275,877,3583,-4015,1084,5696,76,-789,4415,436,1438,3726,436,-2528,1275,-2647,-4118,4107,-5131,-9761,3187,-5925,-7275,2207,-5321,-12190,3676,-1252,-17067,1447,-5321,-12337,3620,-6230,-16828,357,6012,-820,6855,361,4415,2952,4265,-3364,-7209,-4085,-6197,-6870,2070,178,15219,811,837,178,5184
1/10/2023,950,769,6437,510,1095,-95,-69,769,6437,565,280,3256,45,894,-595,755,5360,6772,1653,2977,7268,795,7561,10624,1589,1601,4516,795,7221,16279,555,1410,8590,510,1410,5498,-285,1410,5498,890,-2150,2183,45,2692,-948,755,5360,6772,1290,3537,7268,1753,8352,41733,2020,3537,9327,795,7561,43782,1891,5403,2410,2122,1891,5403,2145,2122,34,-2612,1613,4669,2122,6070,8308,10354,1254,2603,8308,12274
1/11/2023,-1495,-4282,-1514,-1990,-2451,-1795,-1660,-4282,-1514,-1830,-2925,683,-1715,-3950,-5640,-1480,-3835,-4289,-1650,-3580,166,-700,-116,4255,-1435,-2900,-1883,90,-191,5795,-2205,-4065,1113,-2385,-4065,2152,-1660,-4065,2152,-2995,-3640,-3008,-1715,-5840,-12545,-1480,-4995,-3815,-1550,-5235,2756,-434,85,12478,-1485,-5235,130,90,-116,13899,-2830,92,-2570,977,-2830,92,-2570,746,-4480,-7352,-4455,-1162,-5498,-6756,3173,14293,-3050,-1883,2668,15575
1/12/2023,-157,3378,2988,950,4675,5127,2037,2676,-4320,1885,1573,4924,1495,2739,17540,4312,4009,12326,2656,4191,10159,1440,140,-3366,1881,1554,3789,1490,140,-3922,175,4720,6142,950,4675,7009,-201,4253,5366,20,2178,-4650,1495,2739,14325,4312,4009,12326,2085,4967,11186,4366,891,-17581,2360,4522,10916,1490,140,-16652,1256,3554,1648,-1444,2087,3554,115,-1444,5053,15751,3875,6502,2771,8262,302,-3231,275,513,302,-564
1/13/2023,-1494,1008,3644,20,2271,1278,-1715,1605,3644,-1223,2271,3280,-1525,-3997,-5437,-1085,-2695,-4641,-1777,-3815,-6894,-585,1777,11636,-447,-2895,-1354,-815,717,15018,-950,2271,3300,15,2271,3696,-1050,1223,3696,-1630,-2175,502,-1525,-3997,-13953,-1085,-2695,-3948,-2192,-5920,-7126,-1748,1237,20363,-962,-5920,-6909,-815,1237,20497,-1301,2854,1005,4403,1133,2854,769,3003,-4205,-7371,-943,-1463,-1104,-2319,1067,17267,-1736,1955,1067,18081
1/16/2023,-1140,-1497,-1446,-155,-1210,5,-1019,-797,-1446,-1140,-1210,1010,-405,-2920,-4745,650,-2375,-6240,-1520,-2370,-5550,675,1000,-2495,-465,-2205,891,1675,-795,-3570,-1140,-1210,100,-155,-1210,1766,-155,-510,1766,-1865,-775,1766,-405,-2920,-5510,650,-2375,-8195,-1520,-2370,-9350,882,710,-15190,-465,-2370,-9350,1675,1105,-16490,-1475,-1569,-1475,-2255,-1475,-1569,-1475,-2255,-4055,-3210,-1550,-6505,-1725,-6830,-1195,-5515,-1970,3341,-1195,-6300
1/17/2023,2025,1397,-3303,1679,1965,976,1075,1657,-3303,1559,2055,1648,1465,1111,-141,4225,3559,6811,2424,6283,-4444,3200,-3119,-1296,4180,64,2329,159,-2509,-826,1600,1895,-9018,1720,1895,-7185,1895,815,-7185,1495,2875,-4355,1465,1719,7400,4225,3559,6811,2165,7595,-2575,-265,-419,-22506,4223,7595,2720,-1205,335,-19450,-1531,-960,212,-5805,-936,-960,-2875,-5805,-1246,2177,-846,3513,739,-448,-5250,460,378,2329,-5250,-159
1/18/2023,-1290,-4301,-2266,-865,-2720,-3250,-2410,-3778,-3185,-1565,-1715,-1510,-1520,-3805,-5130,-1440,-3335,-5903,-940,-3805,-7388,313,764,-4817,-773,-1930,-785,-257,-1955,-6229,-2195,-2715,-4221,-375,-2720,-2575,-1985,-2875,-2370,-855,-2585,-5308,-1520,-6005,-10538,-1850,-2350,-6965,-234,-2780,-8321,1108,1402,4003,1322,-2780,-9488,1065,3158,1881,335,552,66,-634,40,574,367,-634,-4075,-6900,1892,-7030,-2532,-4483,3555,-3129,-252,-2540,3555,7127
1/19/2023,1252,1413,100,3898,2139,3535,1267,3557,2064,5215,3340,1105,1385,3944,6538,3748,2360,1436,2034,3710,4836,3173,-4216,-2144,1290,215,3252,3208,-1991,-4769,7209,2464,1250,2310,2139,3535,2310,2139,3535,3460,1460,3143,1385,1908,18133,2470,1850,7241,465,3351,6656,-317,-10562,-16121,1090,-180,14971,-4075,-11141,-8248,-201,6160,-77,5319,-251,6160,3090,9366,4329,-1509,425,-1665,462,-2677,3148,-3934,4755,1548,3148,-1858
1/20/2023,-1485,-4492,494,-1940,-4330,2012,-2497,-4492,494,-1915,-2185,2912,-1900,-4405,-6320,-1430,-3990,-7390,-1975,-4471,-7484,-1450,3330,4539,-1465,-2320,-1310,-1325,2345,4693,-2375,-4200,1589,-2735,-4200,2646,-2735,-4200,2646,-3475,-5790,-9420,-2950,-8900,-20080,-2880,-5840,-10435,-3430,-8295,-13839,-1010,2265,10004,-3370,-8295,-12901,-480,3330,11731,-4735,-1332,-3952,792,-4356,-1332,-2760,1243,-4470,-6707,-4475,-5420,-5485,-5957,6046,7660,-4890,-1310,5651,4900
1/23/2023,3337,4316,5982,5203,4504,6848,4396,4372,5982,3470,2309,4207,1414,1368,1505,4104,4055,11591,3500,8479,14393,3105,2230,-3997,1911,-2135,-4440,2803,2932,-5344,3110,4659,1145,5203,4504,1145,5203,4955,1145,1915,2929,1230,215,3915,20156,5270,4335,11591,4760,12649,14475,2469,-655,-24641,3720,12646,16424,5240,2230,-24354,4453,2436,3352,3282,5647,2436,4677,3282,2237,1871,2765,7656,7703,18077,-4119,-3964,-2203,1242,-4119,-5117
1/24/2023,2795,3531,1184,673,1743,1184,1017,3659,11,2020,2195,834,3356,2153,28477,3240,3795,18541,4088,4096,13230,2880,3343,-1369,4103,3015,2531,2880,3343,-472,1000,2548,1184,673,2628,1184,1017,3909,271,-1110,2614,866,3356,2153,29355,3240,3795,19608,4088,4096,15965,2880,3343,-4933,4103,4096,14281,2880,3343,-4696,4214,7635,4770,6076,3380,6660,4625,5676,14574,1505,8956,15012,15491,6105,7411,-1173,7814,4138,7411,-2198
1/25/2023,-560,-2568,7849,-25,-2487,9180,-74,-2053,9063,-1450,-2115,9831,952,-3375,-5405,-145,-3500,-6845,1240,-4389,-6809,-1120,-6500,-5968,-487,-1240,-553,380,-4495,-7496,785,-2204,9928,-25,-2204,12241,850,-1048,12241,-675,-970,2566,325,-3375,-11762,-145,-4820,-6678,1450,-4045,-5713,-1083,-7562,14591,1590,-4045,-4404,380,-5930,16728,-1422,6212,-22,7730,166,7986,-1145,5821,-2543,-7143,-3330,-6578,-2574,-7489,-1583,-6915,-577,-2060,-1583,-7425
1/26/2023,25,-933,2367,-490,705,3256,57,-933,2297,-115,705,2852,-345,-1966,-4902,1640,-285,-1624,-315,1389,5073,870,3761,-2862,-235,4920,9726,870,3421,-2445,25,705,3460,-490,705,3614,57,705,3544,-200,-1045,396,-345,-1966,-6147,1640,-285,1344,-315,2459,5073,870,2704,-960,-530,2459,4983,870,3421,1817,224,797,1270,1038,224,732,1030,1038,-2791,-6486,934,960,2210,5228,8255,-1936,1415,3752,8255,-1114
1/27/2023,-1443,6819,4215,-935,1255,1330,460,6819,4193,-211,-519,5677,3720,1772,1717,1465,3510,11296,96,6215,11223,6138,6420,-1625,1325,55,1577,7905,6420,-176,5159,1255,5548,590,1255,5233,590,1255,6378,-70,155,2483,4665,1772,3343,3200,9950,11655,1040,5695,12573,7905,6148,-20864,3225,5695,12457,7905,6420,-19547,6094,3996,-1284,3813,59,3469,-2245,5880,576,-5239,3325,6124,5162,13398,10154,-4458,-377,-2728,10154,-311
1/30/2023,1065,-1436,-2589,1460,-69,-2367,1382,-1436,-2589,1495,-69,-5432,1055,-1179,-5026,445,-3659,-5121,3536,-2038,-5887,545,1947,21738,383,-458,-1425,1378,1246,17440,645,-69,-2296,1205,-69,-2122,530,-69,-2122,-355,-3190,-5470,1055,-710,-12293,430,-3659,-8866,610,-2259,-7738,989,-523,3812,635,383,-6394,1595,1737,7814,-736,-3796,1766,-804,-736,-3796,1766,-804,-481,-6554,4731,2763,6031,-2199,561,4447,3511,-1420,561,3787
1/31/2023,-1203,413,-3540,-190,708,-3540,7614,338,-3540,7551,708,-3930,50,2870,8797,395,255,3848,4905,-2891,7581,50,1781,2889,1005,-660,-1080,4584,1673,7530,7551,708,-2177,3045,708,-1910,4090,693,-1910,-500,-730,-3415,50,1670,-12260,3673,255,-7679,4905,-2615,-2022,890,2302,34557,1020,-2615,-1258,890,2445,36916,2089,804,2480,-4503,2089,804,2480,-4503,8394,2090,171,3014,3190,6413,-561,10269,663,-2190,-561,15253
2/1/2023,294,3615,10093,50,5315,31741,1035,4788,12528,5,3640,10351,2705,6342,29501,2355,8372,37680,1639,9846,37953,2355,9920,78450,1125,2863,22029,6399,7960,47600,370,1865,27049,50,5165,28791,1035,4950,30786,130,7045,6997,3850,6356,6090,3850,8372,37680,3185,9337,38753,2897,10275,28981,3490,7792,35455,3440,8915,47600,1022,25477,2750,30302,26744,27344,3520,28607,4485,7571,4527,38223,3924,37199,8336,39723,1914,22649,5276,35553
2/2/2023,14159,3118,12159,12875,3603,12650,1755,2889,14632,3450,13080,9961,4394,2059,2542,3795,6932,22910,2265,10430,19224,4395,2575,7501,1220,2424,-1153,5044,3555,5308,3772,12110,13560,3754,3603,14940,3875,2752,10971,3245,11618,11173,5449,10137,26886,3345,8890,23650,8168,11145,36386,3837,12000,1862,-21,11145,37018,2415,3555,1228,1898,6868,3051,11164,3585,11259,1457,10386,7183,12055,3440,21717,9024,26764,-103,1734,2523,2600,-498,5188
2/3/2023,2770,199,12092,1973,2985,9017,878,800,7368,2945,2340,10322,716,2238,-6667,2474,1685,910,1789,1068,3202,2500,12730,2117,416,1649,-720,2400,12730,5307,2105,1430,12092,730,2985,10357,1230,-605,8527,1744,2867,8123,481,2349,-7868,2474,1685,1572,2730,1660,6891,2668,4729,4222,3835,1125,9054,2400,12730,1872,2602,3864,3188,2923,2049,3741,2852,3892,485,-4896,2759,-1095,592,-3316,4575,2956,417,-1840,4575,842
2/6/2023,605,1195,3445,33,1855,5200,36,300,1406,178,1498,6585,590,7756,14335,123,4572,4398,-230,6983,11670,4490,9060,-1992,-262,2263,6722,4490,6060,-4317,178,2750,1922,33,1855,4748,378,1855,4748,-915,1671,402,590,6916,14335,123,4572,4585,-230,6909,11828,4490,8356,-16207,534,6241,9868,4490,9060,-14569,382,2695,332,2478,382,-162,-117,2972,4793,18402,13158,10108,5460,11867,9415,8306,1372,9333,9415,7858
2/7/2023,5214,21734,29764,26099,27479,50656,5062,25844,27120,5571,3393,33736,4185,4449,24738,4856,4274,27281,3329,5718,33138,4511,3570,15237,560,1997,24087,5628,2811,21258,5481,4930,29514,26099,4376,50445,25681,31781,57121,3484,22937,44832,3440,5227,39130,4856,4274,19998,4450,4925,30006,5566,4945,50060,4582,1910,30666,4731,2090,48332,27167,49616,28861,52706,27673,17890,26430,53181,2724,9096,7453,30451,9110,59567,11790,16655,-1033,24092,4937,14735
2/8/2023,95,-32,-1263,972,386,-2409,357,129,-1263,15,-2194,-5141,911,-3235,-6710,915,4855,7026,726,9013,6693,3790,12979,14339,374,-1885,-1945,7949,8425,18952,390,-1780,-4065,40,386,-4169,40,-421,-4169,1695,900,-2024,1185,640,-8805,3190,6304,8142,-195,9939,12945,7391,3014,62166,1055,9939,11605,8004,5289,59448,836,-971,2797,-2928,836,-971,1222,-2928,-3885,-4860,13059,5581,6611,-4356,7342,30104,-1847,-1945,7062,26278
2/9/2023,-1313,326,2583,-1523,-761,4493,-1098,-235,2583,-858,-1126,4044,-1467,-4181,-6630,350,1535,-1105,-481,1046,-3517,1667,8002,1109,230,-151,-455,1072,7399,6741,-1053,-761,4029,-1323,-761,5203,-528,-1126,5203,-1580,-4560,796,-1000,-5241,-20115,350,1995,-2416,-448,2028,266,1725,14930,4092,-388,755,1674,1072,16482,6163,169,-2789,675,605,2137,-2789,460,605,-3563,-6527,-2840,-291,-2435,-6592,6502,-522,21,6,6502,-522
2/10/2023,1264,4327,7897,3640,3663,7292,3712,-2482,4553,1480,5916,5727,2825,4351,14085,2110,3325,7695,3048,2189,13503,3705,2515,-600,2523,3717,5264,3705,-594,-4991,1475,3295,7897,3640,3663,13696,3640,5125,5695,1900,-391,13916,2825,6205,17263,2110,2088,8070,4290,3188,7706,3705,-9377,-21244,4565,3338,9954,3705,-9390,-17500,2384,9071,2959,9253,3988,9071,769,8023,4566,8289,5386,6114,1022,4976,6995,-3287,2604,-86,6385,1243
2/13/2023,17,258,-2098,605,-2560,-2547,486,258,-2098,167,191,-2061,-1850,-3680,-831,-1395,5518,8640,-1745,-3830,8516,1044,1993,-4743,-1465,-2795,-1330,1105,1993,-5515,167,-2560,-1823,555,-2560,-2061,555,-2560,-2061,2689,-1075,2125,798,8372,14651,2960,13311,11323,1808,9614,14802,-2728,2569,2531,2913,9614,15504,-1925,1993,2274,2104,-215,-150,-496,553,-215,1090,-2906,-2528,-3692,4358,8390,10930,13206,-3890,176,1089,-1010,-3890,176
2/14/2023,4230,4896,-1598,3479,5708,-965,5399,6888,-1598,4665,2294,-200,2841,8638,3092,5081,17683,17976,5823,6172,20930,7601,5393,26879,886,4107,7758,7436,5393,27328,4230,4896,-1325,3479,5708,-200,5399,6513,-200,2960,2454,-2313,2841,8638,3092,5081,17683,17976,5928,6172,20930,7601,5393,48720,4767,3316,22513,7436,5393,45543,3590,-2441,4595,-3111,4011,-2614,4755,-3111,9260,8322,13033,19233,14920,20549,17618,30211,8854,9256,17243,30211
2/15/2023,1192,1113,2705,4639,1240,895,4282,1113,2705,1319,165,6113,-321,-3225,-6126,1057,-1299,969,-1882,-2469,94,905,2415,7271,-1327,-1096,-1780,890,1495,10307,1796,1240,4335,4639,1240,5761,1626,1240,5761,2880,-1040,-393,-320,-415,-2982,3596,-85,969,1330,-720,-1521,5521,1818,15236,650,-1640,2937,890,1495,15760,64,3664,1267,4533,1243,3865,174,4533,-3263,-3236,75,3885,-1591,5083,3308,9860,-1930,1034,2033,10456
2/16/2023,2598,4025,2662,3585,3765,4587,2156,2766,3222,3395,5053,4602,4040,7895,-3468,4240,2998,-1935,3031,2075,-3738,3260,22778,-3053,3000,75,4129,2395,22811,-553,3720,5225,2662,3585,3765,4587,2535,3740,5157,4035,8230,8724,3085,4858,-6175,3735,3860,-10606,3031,3915,-11727,5146,4992,-37559,3083,2705,-11185,2395,21138,-35835,6623,1440,3052,4170,1201,916,2490,4775,2819,-3652,3280,1628,-3851,1781,-1820,-3748,2915,5075,-1820,10314
2/17/2023,2489,524,8486,3490,3522,8209,5460,525,8421,3607,2701,7814,3418,2562,-3601,3765,1823,-1476,72,11900,-3325,370,-6432,-1003,1806,6517,8178,-160,-4492,-2801,1512,1466,9937,3490,3522,8209,5460,2086,6199,65,3079,6289,3418,2562,-3591,4385,1823,1035,72,11900,-7931,1257,-4334,-6666,1806,11900,-2369,-160,-4352,-18004,3638,-2166,3631,238,353,3267,2771,-936,-1196,-6339,1260,2456,-560,-6231,-3325,-4285,6463,1347,-3325,-2533
2/20/2023,-140,1404,2109,1320,1404,2109,1320,1404,2109,-140,-25,3089,-880,-1820,-2195,-525,2600,4890,390,2735,5179,635,4400,2305,-515,-2110,-1515,795,3505,3155,-140,1404,2490,1320,1404,3089,1320,1404,3089,-35,1319,3089,-880,-1820,-2860,-525,2600,4890,390,3535,5179,1415,18570,30068,-515,3535,5179,1415,18570,30068,-1145,-2110,-1145,-2575,-1145,-2110,-1145,-2575,-1095,-2235,-1910,-1100,-589,-1779,1760,-1680,-3010,-1515,1760,-2340
2/21/2023,-1475,-2596,-2219,-1820,-3075,-3169,-2175,-2596,-2219,-1925,-1950,1898,-1855,-4227,-6744,-1445,-3795,-3800,-2000,-4447,-6618,-1500,-1530,13077,-1480,-1942,-2855,-1680,437,11480,-2140,-3368,716,-2305,-3368,1789,-649,-3368,1789,-1680,-1376,501,-1345,-7700,-29078,-2735,-6285,-9249,-1035,-6635,-19216,-1683,-683,5272,-1910,-6635,-17350,-425,1686,9175,123,1340,1435,4725,-98,1340,2155,4725,-4469,-7301,-582,-4346,-5041,-6414,2161,-5652,-2614,-2850,1601,-5741
2/22/2023,191,4317,-188,1586,2325,-2970,1586,2522,-188,365,3554,8159,2995,3049,11963,2291,9447,7562,3,7195,16239,850,6468,-711,2812,-580,3086,445,1144,153,130,3295,8882,1586,2395,6990,1586,1450,6990,455,3957,4928,2585,5250,20132,3560,7437,8163,0,11789,19626,596,12314,5881,-295,11167,18961,791,13788,6605,4010,6662,4055,4863,4010,6662,1675,4863,4660,9802,4730,5718,2442,2494,3218,677,2079,3086,3218,32
2/23/2023,1215,2662,8744,-68,2713,9147,-614,2662,8744,37,2347,8858,362,-405,13025,3764,2833,3817,1408,939,9381,304,1823,2141,1853,4166,3984,1045,12260,-3002,955,2713,10191,-120,2713,9737,645,2713,9737,-280,2176,2525,1605,-95,6845,3720,3115,-1445,2440,2072,455,608,-4141,-13296,1525,2072,3965,1930,760,-8505,4932,9084,9474,15112,4076,7064,8469,15342,821,9670,2183,9206,3529,5879,6618,-2443,1363,6892,6618,-6382
2/24/2023,2082,3632,2659,1858,3490,-662,1369,5297,2659,2547,3850,-1565,2225,5417,24796,2215,2234,12568,2128,10650,8311,1910,1373,-3236,2220,3779,1949,305,1103,-1645,830,3046,-1080,2035,3046,-2832,1410,2726,-2832,586,4236,-1443,2225,4230,26166,2215,2257,14705,2128,10088,16371,305,-2245,175,2220,10088,16332,305,1373,-4083,1968,-3874,3445,1552,2118,-3874,5902,1552,1193,10357,210,5971,-782,7829,-6057,-3369,767,291,-6057,-4814
2/27/2023,1161,2383,-1,2005,3564,2400,939,4036,3001,1965,3352,-1234,156,-3158,11758,505,23,9507,371,-3486,2082,2100,2715,-5460,444,-1359,1870,2225,-25,-6656,3071,2438,-597,3041,2945,-1055,777,3865,-1055,2106,73,7905,-371,-1379,14706,400,1545,10889,685,-3364,4792,3849,4642,4840,645,-3989,6109,2150,5125,6284,5834,-1328,5371,2219,5834,-1328,4276,2219,3549,14753,2305,4321,2760,4059,2565,-6990,1932,-304,2565,-7500
2/28/2023,2714,8520,-61,2849,7550,-2493,3095,7565,-61,2569,8662,-547,3735,12663,12338,2676,13435,10079,3678,11708,12512,4458,13281,-560,3425,7345,1956,4378,13281,-2071,3223,8757,156,2843,7802,-3575,3008,7802,-3575,-247,1266,-1808,3880,12972,26358,2391,12572,11584,3623,18080,15155,6026,13281,-8797,3523,18080,13124,4378,13281,-10111,3542,498,6843,-543,5667,498,5962,-543,10090,12806,10015,2567,3282,185,7005,-3479,4656,2602,7005,-5512
3/1/2023,-1042,1152,-1055,1375,2730,-91,1230,1152,-1055,1265,2730,-3573,890,2672,2861,1432,3631,14427,651,5849,4830,2464,8135,9242,2040,4211,-285,2464,8135,7123,1265,2730,-105,1375,2730,-880,2375,2730,-880,1295,3326,-4745,890,2995,7944,2604,3631,14427,1240,7179,10330,1722,8135,7099,2062,7179,8777,2464,8135,7248,2496,-4625,-1355,-6395,2496,-4625,-2040,-6395,2226,5143,7092,17123,5913,1928,8515,22290,512,727,8515,22290
3/2/2023,-940,-746,-4270,-1165,2865,8039,-1337,-746,-4270,-940,2668,9045,-1654,-4489,-6990,-1280,-3315,-2550,-1633,-280,-7231,72,10136,30000,-1370,-2092,-3795,1105,13565,28849,-940,3065,4122,-1165,3065,9685,-1165,3065,10305,-1850,770,3325,-2105,-6380,-18290,-1645,-410,-415,-2690,2258,-496,103,12358,5873,-2480,3318,-60,235,13545,6786,-812,-255,165,4809,-1384,1005,-482,4399,-4202,-7355,-3083,-3425,-3341,-7479,1956,32582,-2878,-4960,-2111,35398
3/3/2023,-692,-1401,5421,660,-830,6270,-605,-1401,5421,-1175,-2265,7368,-1650,-3828,-6990,970,-3135,-2005,-1655,-4491,-6250,-1055,5424,14589,-1382,-833,-1760,1330,5745,19304,-1470,70,6113,280,70,7368,280,70,7368,-720,-2425,4956,-820,-6131,-15213,1065,-4170,-1855,-171,-4435,-5085,1068,1499,20563,-515,-4435,-3682,1330,1813,24440,196,6006,695,8998,-544,6006,500,8998,-4479,-7463,-2380,169,-2185,-3484,4027,12089,-1124,-1315,4027,18450
3/6/2023,-61,-863,-45,-835,-580,710,-14,-863,-45,107,-430,505,-421,-3695,-6912,-710,-3155,-7495,130,-4479,-7469,640,-2748,-4740,1476,-185,-2535,690,-3023,-4740,992,-580,-45,-835,-580,710,417,-580,710,-545,-1140,-635,960,-6700,-15870,-710,-3155,-15825,-1100,-7385,-14769,-1630,-1809,-5685,1325,-7385,-14210,690,-2525,-4740,-265,271,-170,1780,-265,271,-170,1765,-4246,-3803,-4770,-3860,-6801,-6483,2301,-3596,-976,4721,2301,-3097
3/7/2023,-1036,-2154,-4409,-1082,-1619,-3208,-1129,-2154,-5915,270,-2585,-2545,766,847,1747,1107,674,3985,-1618,3365,1616,1347,-1428,3820,22,-754,1384,686,-997,4682,-170,-1425,-7590,-745,-1425,129,-2025,-1425,129,-4295,343,-6227,1141,830,2986,2056,851,3985,1559,3912,1787,597,10,9697,2006,2883,1988,446,1165,10862,-5228,-3387,-3059,-839,-4128,-3387,-2973,-284,1834,6948,2689,6218,4826,9949,245,14206,185,18,245,11798
3/8/2023,1992,2238,1195,3855,5850,4624,4751,5146,3221,1639,1163,-1082,10590,11099,20636,4157,15779,19886,1639,11817,14474,6080,9800,9500,4927,5526,5914,6080,3450,6546,1992,2238,2212,3855,5850,3569,2446,4842,3594,1609,6613,7270,6080,11099,17246,4157,15272,19886,930,11817,12129,10590,8779,2322,5600,11817,11465,6080,7110,1996,2193,4253,988,4447,1409,5266,2714,2418,12552,11603,5762,13603,6767,9987,3207,7272,2913,1392,3207,-1524
3/9/2023,-750,-881,-4762,-950,341,-3384,-2237,-367,-4762,-880,-229,-174,-1895,-4420,-6230,-1410,-3365,-7419,-1890,-4078,-7460,-1435,-3257,-5960,-1310,-2066,130,1121,-4190,-6975,-880,-634,-3445,-950,341,-2940,-950,811,-2940,-1545,-1750,-7181,-1895,-10560,-24744,-2230,-8525,-18164,-1380,-10018,-23506,551,1943,-10700,-1445,-10018,-22906,1121,2020,-10275,-1128,-4353,-1474,-2848,-1128,-4353,-1474,-2848,-3785,-7495,-4400,-6981,-6835,-6870,-2309,-6990,53,-839,-2309,-6990
3/10/2023,1240,373,9093,1616,2955,9317,1373,1308,9254,884,1903,7124,25,2278,10031,1015,1571,9128,1151,6970,6623,1033,5175,9337,-145,4433,-229,2088,4565,10012,1460,1685,8946,1616,2095,9522,1466,3286,9522,870,965,1922,25,2774,10173,1015,1571,9128,1151,5881,1117,2703,5175,10654,-145,5103,-690,1968,4565,12849,3240,4722,3077,9133,3286,4722,-939,7868,1716,13864,810,9297,3507,14778,-954,10354,1514,1298,-954,-417
3/13/2023,4371,3659,5902,4080,1554,4079,3618,3669,3588,1820,872,3087,2531,4944,4896,1035,925,4298,1774,1329,3992,3798,-1396,-3206,1570,-261,1230,1714,143,-5268,4360,2564,1073,4080,1554,758,4240,2404,3005,2630,2635,3055,2160,4910,8126,1737,925,7012,2710,273,3801,2457,-807,-22918,735,-412,2242,1140,378,-8065,4756,5434,1295,5955,3341,4133,2889,5748,5015,11651,6430,3767,2127,4020,2321,-361,938,307,2279,-2944
3/14/2023,8794,7923,6544,4526,10295,8974,4526,8629,6544,8379,8640,8139,12510,14247,8697,12363,11985,9024,14595,28684,13985,7013,12562,599,6848,17104,11370,6363,6187,-4983,8379,8840,6544,4526,10295,8974,4526,11413,8974,6165,6509,8904,4765,15897,31539,12898,7003,18875,14595,10835,30448,7259,6684,14147,7760,10835,27195,4615,14496,12743,17001,8008,9205,15505,17001,8008,14423,15505,20779,19193,14976,19129,14858,20827,19820,5358,8823,2423,19820,5478
3/15/2023,2188,1071,-1562,5011,856,-5000,519,1359,-1562,2037,6,-5010,3085,9149,14772,4802,15327,11218,3760,19467,14038,704,10450,10192,1390,3045,1149,704,9770,14174,2391,811,-1109,5011,856,-555,2411,1813,-555,-1119,-2885,-6586,3085,9149,14772,4802,15327,11218,3760,19381,14038,704,10450,12035,3455,19179,10533,704,9770,12390,2829,-99,2721,-998,3499,-99,2721,-998,6686,18843,3861,7717,10641,12835,15393,11888,3200,24,14388,11170
3/16/2023,-639,-1062,1597,-1285,-75,3523,-948,-1047,2118,257,-510,3766,-1985,-3900,-6225,-1130,-3990,-7426,-1635,-4315,-6801,-120,-3555,-296,-1380,-1705,-786,0,-3175,266,275,-385,3200,-1285,-75,3712,-1000,-20,4115,-1370,-924,4911,-1835,-7740,-10060,-1130,-5125,-8745,-1415,-7400,-3897,-1061,-3170,5212,-2130,-6390,-2810,-50,-3455,5877,-2295,4915,-770,5322,-2292,4181,-745,5368,-415,-6800,1335,-3918,-3920,-5190,5585,1397,-1362,-228,5735,-1829
3/17/2023,1321,7055,1059,1520,6975,6479,1076,9656,10066,1045,6897,6877,3210,6053,22081,3280,10687,13175,2268,5016,15043,-1080,5226,-4661,2377,2111,-1820,-103,5705,-6616,1495,7959,5057,1520,6975,6193,1520,6798,6893,2018,940,1907,3210,5433,26073,3280,12384,34508,2455,6676,23452,282,11612,29674,1280,6676,23600,-705,5574,31196,4934,6076,4925,5428,4086,6076,4195,5428,6007,21526,5126,12244,8318,7603,2243,-3900,1974,40,2243,-4862
3/20/2023,1020,7681,-3305,-360,1175,503,618,5741,-3305,2380,-1045,-2692,-200,4177,5836,520,-1386,5785,715,1982,9068,520,-34,-5995,-1470,354,87,-250,6232,-6448,2380,2385,2537,220,5237,1930,-60,5237,1930,-1940,-250,8964,700,4177,6299,1880,2564,14292,-280,1028,8046,-1893,2353,18978,-10,1028,7867,-220,6780,19937,4258,-536,4927,-2475,5344,-536,6605,-2475,1269,-622,9379,8658,-123,3649,9889,-6910,1371,1091,10554,-7440
3/21/2023,-637,-406,2216,790,-748,3041,1959,-406,2216,810,-1345,2741,-1795,-4240,-5715,-1435,-4105,-7270,-1849,-4485,-2482,1365,55,10432,42,-866,1473,1350,-50,12300,1800,-655,7271,2001,-655,3930,2001,-655,3930,87,-3845,-7241,-2275,-6400,-11399,-1485,-6060,-3005,-900,-6415,-4630,1350,-8258,20124,-995,-6415,-2886,1350,-4225,21371,6093,5751,7289,4357,6071,5751,7955,4357,-4119,-7489,467,-6334,786,-3991,10580,9146,406,977,10580,7091
3/22/2023,21429,18448,5924,21164,18737,6388,18854,4093,6349,22375,2053,4388,3590,16463,6970,21425,21831,5483,4725,18631,21669,5371,20177,6893,4447,1325,-1745,3831,19507,6585,24040,18842,6643,21495,18907,6043,21675,18587,5833,3415,17322,1473,5382,19599,67459,2819,23434,9743,4740,20815,10886,2647,5418,15460,5080,20815,8156,3445,19572,9665,6762,8153,5898,8114,5752,5931,3697,7984,17341,4566,4332,6889,10073,17464,10172,8872,14262,-4665,8997,6088
3/23/2023,3056,2219,9730,1860,4409,10120,1860,2002,10635,3056,5099,8494,45,-2568,-4398,2894,3115,2133,4347,1051,-178,1990,5235,-2535,60,1653,2395,1550,1847,-1400,3056,4434,9309,1860,4409,10329,1860,4409,11234,4151,3787,12169,-645,250,-6383,1105,2040,-4230,120,3103,-573,1287,4483,28254,290,1798,-1680,1550,4995,28794,3019,18749,3019,18726,3698,18749,5189,16156,285,-2406,835,-3451,-37,5428,1993,-2682,607,2379,1593,2031
3/24/2023,-683,-624,-3071,550,-2420,-5595,-627,-580,-2492,13,-1070,-4219,-351,-4054,-6339,6432,-2537,-796,2884,-4052,-2778,8952,-518,3268,-74,8,509,1400,-1300,1861,750,-2365,-2385,550,-2420,-3611,-470,-2365,-3731,-595,-2010,-5955,60,-3105,-12601,500,-2537,-2467,95,-3865,-11880,2433,2212,-53,15,-4555,-9134,1595,4466,4356,120,-4965,-1391,-3699,-112,-4567,-1145,-4765,-2181,-3886,-1047,-3424,-144,-2744,3781,16786,9,509,3781,16786
3/27/2023,1154,3539,6162,2145,3430,5736,487,2947,4546,2340,3430,5026,-969,1101,-5078,-1320,1265,-2621,-1648,3719,2601,2050,8380,8925,-1310,-1729,-1565,3445,3745,18875,2340,3430,6883,2095,3430,3169,2095,2510,3169,-55,3400,-7445,2762,2558,1006,-385,-10,4716,935,4150,11316,2938,6365,26804,1090,4150,6836,4455,7060,26317,242,8488,730,9633,1716,8488,2760,9633,-2007,-6723,-1080,234,5464,-3615,-4167,-4800,-1269,-1565,-4167,-4800
3/28/2023,2584,5633,3469,2436,2324,2937,4826,5633,3469,2301,2324,2126,5855,-1227,-1318,3909,9509,1889,3890,5528,-197,3190,145,-2647,4547,3400,7770,5821,5921,1758,2301,2324,10946,2436,2324,7968,2436,2324,7968,301,1355,13599,4450,81,-138,3909,9509,2879,6609,5084,495,5000,-560,1253,6775,1908,-2626,5821,435,-4183,652,4700,660,5463,797,4700,905,5463,451,-5567,4898,2258,7080,3884,1780,1721,4600,3883,1780,-639
3/29/2023,115,-4473,-3324,-975,-4265,-3225,-801,-4473,-3324,-985,-2920,-3579,-585,-2035,-1683,-665,-2385,528,-1650,-1657,5676,-670,-2023,5293,-695,-1525,-1120,-55,-2048,9348,-340,-4265,-2590,-1080,-4265,-1606,-695,-4265,-1606,-2160,-3250,-4311,-585,-2035,-2047,-665,-2385,204,-1920,-275,3121,-55,-2538,29641,-1465,-275,6446,-55,-2538,31684,77,2252,-2695,-914,-397,2252,-60,-914,875,-3050,-1676,-388,374,1574,4199,4106,-285,-1367,4199,6812
3/30/2023,-286,6573,5159,-167,4236,1449,312,6240,5159,-340,3151,3950,3435,4048,4321,920,5916,4179,-303,7837,644,-85,-2445,-4520,346,3515,3246,-585,740,-7277,200,4186,7531,1023,3997,3618,1125,3997,3618,-850,-973,1512,3435,4363,16416,920,3934,6569,255,7405,8035,-208,-4519,-3832,54,7405,8520,-585,-4540,-5261,1566,3372,-738,517,1473,3372,122,517,744,1718,2950,-1405,5057,-1538,-1040,-1921,1201,1779,-1040,-3604
3/31/2023,-1420,-4363,4892,-1705,-3840,5892,-1705,-4363,4892,-1690,-2970,3418,-1990,-4220,-6495,-1565,-3875,1978,-1615,-4475,-7490,-1400,480,17802,-1490,-2200,-4360,-1205,-420,2927,-1690,-3840,5501,-1705,-3840,6377,-1705,-3840,6377,-1215,-5810,-633,-5705,-13455,-28995,-4420,-6460,-6345,-5250,-12955,-12805,-2104,-14,10955,-4820,-12955,-12805,-1465,480,6300,-3848,-2097,-1810,-623,-4483,-2097,445,-623,-3970,-7025,-4500,2524,-6927,-7479,1945,13683,-6290,-5235,1945,15126
4/3/2023,1088,4790,7331,1197,2469,6990,1197,4790,7331,1300,2075,5734,1205,5517,546,539,2360,-4638,1350,7577,-5397,695,9817,-266,125,1149,7111,2941,254,-582,1300,2469,9321,1197,2469,7779,1197,2469,7779,1249,2505,7474,1205,5267,10046,539,2360,-4638,1350,8093,-5430,1907,-9851,-18465,125,8093,-1710,3195,-6530,-23382,-141,1857,1823,3687,-141,1857,1823,3687,-396,1284,3379,-66,-3443,-4454,4354,-436,1661,10391,4354,-436
4/4/2023,-772,4483,4184,556,2150,4696,-158,4290,4184,-820,3635,2406,2244,3574,4447,2060,2735,16976,2091,9086,15148,3343,10157,6818,3622,3110,496,3343,15250,13308,-232,1645,960,508,2150,539,508,2910,539,-2320,1445,1935,2244,3574,11959,2060,2735,16976,1425,9510,15148,3343,9975,55365,3652,9510,18118,3343,10157,56976,-2329,5541,656,6477,1980,5541,2742,4213,5665,14802,8249,24726,4278,21333,7584,34920,18,3594,7584,25205
4/5/2023,169,306,7155,540,-75,6622,-444,-1035,7980,-300,1152,6885,-1540,-1020,-4835,-285,-3640,641,-1920,-4022,-5416,-905,-3321,-4252,-1040,65,-2521,295,-1621,-5896,370,10,7545,540,-75,8665,540,-1035,6489,-670,566,5854,150,-1170,646,-770,-4885,641,-1115,-3885,-5416,1094,-11376,-17621,-1360,-3885,-6355,825,-9612,-16047,653,3639,1000,3629,1835,3869,535,5614,-1555,-7300,-2835,-4901,-551,-5521,-5575,2671,-1955,-2025,-5575,2671
4/6/2023,-1480,-3558,-4292,-1620,-4430,-2060,-2115,-3558,-4292,-1810,-2895,-3016,-1795,-4485,-6985,1110,-3860,-6637,-1872,-4290,-6340,675,-6495,-5985,-1134,-2140,-3830,-675,-3830,-7490,-3000,-4935,-5948,-965,-4935,-4133,-965,-4935,-4133,-1700,-6670,-4950,250,-6594,-18438,-705,-8705,-3505,-1195,-8871,-8821,-1065,-12439,11877,490,-8871,-6609,-2130,-11820,12398,-4035,-3969,-1150,-3491,-3180,-3969,-2765,-3491,-4360,-6933,-4360,-6695,-6703,-3852,-3252,-4736,-2690,-4340,-3252,-6865
4/10/2023,395,-3001,-1986,1365,-2725,191,309,-3001,-1986,920,-1850,901,283,-1693,-4337,1551,-3130,-7465,-425,-4240,-7205,-290,-6165,-5990,-1385,-2115,-1545,891,-4500,-7235,675,-3315,-1726,720,-3315,-630,720,-3315,-630,-1665,-4250,-2330,861,-1684,-5271,1551,-734,-8704,-510,-3990,-5606,491,-3089,18285,101,-3990,-10053,891,-1329,16286,-4173,-3316,-2950,-94,-3268,-3316,-3400,-94,-3725,-6820,-4500,-7495,-4544,-7494,-5810,-7000,-2975,-5485,-5810,-7495
4/11/2023,2147,4295,2046,775,3898,123,2640,3144,2046,2721,3098,-4532,2471,2829,10357,1847,5639,19562,1305,5767,17193,2945,7139,3614,1670,2873,6023,2960,4198,3314,3120,4295,-1109,2728,4210,-4794,2728,4210,-4794,3055,5365,-5244,1705,3560,28428,5795,6995,22130,1160,8630,32599,3749,1001,13954,1955,8630,34162,4165,6115,13954,1977,5146,1725,4361,2747,5146,1645,4361,7148,13610,11193,10272,1025,17332,2356,1555,3641,5960,2356,4695
4/12/2023,502,533,723,1021,3065,839,286,378,723,1163,2569,71,1713,-3273,-6451,2200,-430,-5608,1266,-1553,-5097,786,5035,-4700,625,315,-23,3335,5691,-7210,1910,4230,975,1915,4220,-3570,1511,3720,-3570,1560,2480,-3981,1355,-2105,-1931,2260,-485,-3985,3085,-545,-2957,2877,2893,-2739,2445,-545,-959,2745,5735,641,-541,-2573,-325,-437,-639,-2573,-206,-437,-4411,-6701,2742,212,2215,166,540,-5043,1475,-18,540,-6063
4/13/2023,-165,178,1255,-1889,195,2584,-58,178,1255,-35,-655,3128,-1995,-4450,-6980,-1495,-3970,-7465,-2107,-4499,-7490,-1295,-2937,11033,-1245,-2290,-4445,1375,-3091,-1620,-140,195,1319,-460,195,3128,-460,195,3128,-2275,-3975,1494,-2180,-14230,-21455,-1655,-5700,-7285,-2565,-9310,-12950,689,-6940,6152,-1320,-9310,-13995,695,-5250,6269,-1196,2651,405,3134,-1196,2651,405,3249,-4495,-7442,-4490,-4214,-6993,-6443,2845,-5608,-2495,-1347,2845,-4882
4/14/2023,1315,3065,1909,-907,2187,-9,-1595,3285,1909,55,2337,1386,-929,-1235,316,1300,2195,2389,4029,-2892,16090,298,-400,-659,1066,1592,-2138,2600,-3670,-1723,2190,2257,3558,1885,2187,1892,1885,2187,1892,-135,5578,4350,-29,320,7276,630,4040,2389,2710,-1130,-1184,1316,8308,418,3191,-1130,8361,1945,1468,-12673,-2368,2315,2541,4121,-385,2315,-302,4151,5950,-1983,-370,-2058,4195,-34,10969,-720,2959,-1536,10969,-720
4/17/2023,2122,1849,4196,2834,6974,2225,2572,4606,4196,1499,5885,1884,2856,2922,-1746,1830,2292,-4396,2011,2430,-3938,2164,4905,-2471,2689,3550,970,1934,2565,-4464,2704,6974,5857,2834,6974,3490,2834,6715,3490,990,3122,1380,2460,2337,2795,2297,2292,-4396,3879,2539,-5575,2874,7029,6307,4224,2539,-6400,2825,5594,2050,4791,721,3645,-1185,4842,721,4046,-1185,2071,-2673,3300,-7491,3330,5994,310,3067,4366,5187,310,3988
4/18/2023,2113,6499,1871,2790,6499,2161,2880,6499,4342,3428,6499,5680,1189,6556,3487,799,7717,8583,1504,13951,7218,3365,2254,-3918,2065,396,875,955,1142,-6478,5035,6499,2027,2890,6499,2279,2890,6499,805,1100,2909,5131,1334,5910,20655,860,9788,8794,760,9707,13352,1315,8717,-6330,690,9707,11848,955,6492,-9743,5092,1293,5345,1973,4957,1293,4750,1973,3670,5637,4649,-2391,8674,7984,-3966,-5535,434,625,-3966,-5645
4/19/2023,635,355,6867,710,983,7930,710,355,6728,680,983,11484,-1615,-4245,-5965,-1475,-3470,-2936,-1555,-3625,-3945,1535,-6235,-4247,-1415,-2240,-4340,1333,-3680,-3291,635,983,10324,710,983,12102,710,983,12385,40,953,15656,-1360,-8870,-17270,1770,-3455,-4425,-2770,-8125,-2629,1447,-9790,17086,-1860,-8125,-6435,2755,-13315,17232,2674,8378,4053,9786,1399,8432,4268,9786,-4045,-5593,-1790,-2909,-5383,-6097,-6500,-406,-4050,-3350,-6500,380
4/20/2023,1305,-120,-4780,2575,-120,-2127,644,-120,-4780,1972,-876,-3664,-401,456,-229,-1229,-2075,6694,90,-237,2772,420,5646,-2087,-955,155,3384,745,3883,-6386,7420,-220,-5260,4278,-220,-4439,3667,-220,-4439,1850,-685,-1157,990,600,6506,735,-3065,12577,90,-185,4687,964,1098,19903,25,-560,1609,1145,1766,10941,-1511,-1061,255,1069,-887,-1061,1249,844,1555,-195,685,7373,2896,-897,4353,-5718,5005,3835,4353,-6807
4/21/2023,-38,-3575,-3002,5,-3575,-1005,-481,-3535,-3002,-515,-1642,-3038,246,-4310,4147,940,1079,7429,2032,452,10984,-995,-5210,-5965,992,-2355,17,-1695,-4135,-4365,-515,-3575,-1399,5,-3575,-2932,-355,-3535,-2932,-525,-3560,-3282,768,-3535,5875,940,1677,7429,2675,1125,9900,-1413,-3890,28409,1780,1125,12248,-1695,-7750,30292,-2499,-4327,3790,-5832,-2553,-4327,3224,-5832,1203,-2940,5717,7688,6362,110,2297,-4151,-2390,-931,2297,-4014
4/24/2023,-1331,158,-428,-1011,556,-1705,-770,158,-428,-626,-787,-3598,-1835,-1641,-6385,-1230,-3810,-6385,-1690,-3712,-6385,-1230,-4910,-4135,-1230,800,-4160,-2480,-4160,-6385,-276,-2225,-1177,-891,-2225,-8153,-891,-2225,-8153,-180,-4565,-8504,-2080,-4965,-11315,-1396,-6490,-18780,-1956,-5606,-20709,-1723,-3922,-49915,-1471,-5606,-22320,-3630,-4570,-53841,3059,886,-3290,2398,1626,886,-1920,2398,-1273,-5859,-2371,-5835,-4439,-6528,-5320,-4775,-763,-4150,-5320,-5767
4/25/2023,-1475,-2300,-5957,-1710,-850,-3954,-2135,-2460,-5957,-1565,-1682,-180,-1675,-3546,-6971,-1215,-3985,-7325,-1886,-4365,-7475,-1340,1650,12613,-820,-1867,-2930,-1455,540,13833,-1555,-1245,-1562,-1285,-1245,277,-985,-1305,277,-3000,-4515,-10475,-1100,-8260,-30375,-2690,-6275,-13900,-2145,-5210,-15687,-2863,13,6238,-1050,-5210,-16945,-1235,2880,10047,626,-1916,2690,2986,250,-1916,-1440,2986,-4210,-7454,-4490,-7242,-6942,-7478,2925,126,-916,-2930,2925,-2570
4/26/2023,-1,-123,4950,1220,650,3069,-98,-123,4950,2451,1634,834,-748,-4431,-5992,135,-3840,-4430,-504,-3499,-6441,985,-3571,-1144,-307,318,1374,730,2697,-2169,2301,1799,2758,1220,1799,-455,1220,1799,-455,1681,-69,1385,1050,-3640,-7757,135,-3525,-2000,595,-3863,-6142,-125,3410,-13747,520,-3863,-4335,730,-1012,-21590,2709,5628,2983,5747,2684,5628,1692,5747,-2839,-4806,-2483,-4350,-5654,-4270,-2088,2515,-1382,1441,-2088,-890
4/27/2023,-1304,-1972,-1183,-785,-2370,219,-785,-1972,-1183,-1610,-2825,3234,-1575,-4330,-6565,-1485,-3995,-7495,-1995,-3605,-7500,1800,-1297,25001,-1253,-2095,-4465,1260,-3389,2296,-1610,-2605,4195,-785,-2605,4054,-785,-2605,4054,-315,34,5031,-5745,-17090,-34755,-4400,-9920,-13355,-5070,-9705,-16095,-1722,1293,24310,-5280,-9705,-16290,-630,1970,26886,285,2904,-174,4149,56,2904,-174,5997,-3975,-7145,-4450,-7320,-7000,-7421,-4313,4596,-2980,-5310,-4313,4163
4/28/2023,-992,-1585,-4037,-1900,-1575,-1089,-2107,-1585,-4037,-705,-2930,-2405,270,560,-3774,119,845,3962,-385,1272,746,60,976,13528,-415,6,363,110,523,15727,-1130,-1130,-1303,-1330,-1130,-1275,-1945,-1130,-1275,-2015,-2755,-3165,270,560,-4675,119,845,3962,-265,1198,1192,146,4362,29203,110,1198,2785,110,3114,30513,-871,-986,-1470,-1780,-1817,-986,-1670,-1780,-1155,-4887,-675,6836,1010,1533,6518,10456,-1815,373,6518,11546
5/1/2023,785,2601,-758,1079,620,-382,1949,2601,-758,505,620,-382,1365,3595,17863,630,1235,10615,482,1369,6986,1693,-5006,-1300,517,1464,1297,1043,-4466,-5451,1200,620,-826,1079,620,-382,1949,620,-382,80,540,953,1365,3595,30356,550,1235,10615,495,1165,6986,2582,-7491,-36900,460,450,8545,1184,-11856,-41457,-482,7061,-2675,4970,-482,7061,-2895,4970,4045,23901,-760,11048,-1928,11090,-5556,-2037,1550,1297,-5556,-3815
5/2/2023,3505,-1873,-127,2687,-1943,-2157,1892,-667,2422,2165,-1145,-1917,2879,3665,4089,3043,1515,-432,1312,-1524,-2920,3590,-2862,1156,1890,863,808,1365,-688,-5247,4108,-1940,-2803,4855,-2973,-3683,1955,-2875,-796,3822,-2897,-2521,4170,4127,5680,1620,5055,-171,1920,1525,-4907,1415,-18332,-26125,2735,1525,-4013,3135,-14570,-31608,-1613,-2232,670,-2232,-973,-2232,25,-2232,1229,5480,2299,-591,478,-1680,-4198,-5906,2271,2414,-4198,-5255
5/3/2023,2769,1811,8439,2401,3232,1358,1963,757,8439,4956,5833,95,5680,2105,15181,3940,1348,4057,3101,1232,6229,1740,-1209,-691,4935,2929,1106,2321,794,10297,4956,3948,6738,2737,2586,7565,2971,2096,7565,110,4703,4547,4685,2495,7950,3890,867,2047,6559,120,683,2556,5782,-18882,7890,-1685,1105,2321,-7402,-15065,2533,2628,1980,-736,2518,2628,1480,-682,5598,5918,9381,543,5446,5352,12267,-3310,2114,3123,14968,-4535
5/4/2023,4967,6552,376,3153,5802,2172,1600,3009,376,3433,7559,1062,6162,8909,11835,5874,11301,5077,4568,4166,12042,2688,3100,-3844,3340,2767,2326,1340,1575,-2999,3433,10185,-1088,3153,7665,-3065,2583,5983,-3065,3978,6345,-2275,6212,11080,13290,5859,11301,4950,4273,5695,8431,1902,3861,-26973,4148,5695,10656,825,7680,-25426,5602,6052,3094,5323,4658,6052,4992,5323,7679,13344,5681,6308,1732,4325,2085,-1948,1088,5348,2085,1522
5/5/2023,-1475,-1050,3823,-1780,-1050,3824,-1284,-1050,3823,-1670,-1050,3160,-1990,-4500,-4472,-1455,-373,379,-2000,-652,147,-1495,-4975,2786,-1450,-2030,-1299,-2430,-3875,-3430,-1785,-1050,8405,-2600,-1050,7652,-2600,-1050,7652,-520,-445,9660,-4190,-5535,-3506,-2840,-373,11279,-5765,-325,5826,-6154,-7095,12842,-4320,-325,8188,-4805,-4975,15053,151,2170,-1240,1494,151,2170,-363,1494,-4495,-5955,-2675,1047,191,2765,-6310,-6729,-2560,-1299,-6310,-4738
5/8/2023,-425,-4293,-4410,-1035,-3370,-4460,-840,-4293,-4410,-530,-2500,-6610,-1940,-3750,-4684,-1330,-3600,-4810,-1595,-4414,-6678,-1450,-5880,-3546,-190,-2055,-1600,-560,-4420,-3905,-650,-4915,-1390,-1155,-4915,-956,-1155,-4915,-956,-945,-3845,-2770,1085,565,-9620,1115,-2220,-4910,-505,-2760,-797,-2401,-10126,-914,2085,-2760,-2360,-2435,-12105,384,-2087,-2400,-600,-4493,-2087,-2400,-550,-4493,-2530,-7381,-915,-540,1118,-4362,-2816,-5956,-2685,-2965,-2816,-5092
5/9/2023,1190,502,1040,320,845,2880,2562,502,1040,990,-660,1233,1737,644,6319,937,904,3543,3032,1106,8819,-500,-2438,-2495,790,90,1778,-500,-1143,-4740,805,845,942,320,845,1507,2562,845,1507,-1100,45,1507,1737,822,7787,877,-16,9310,1379,3596,12223,-1419,6199,5388,265,3596,12223,-1239,7307,5962,7278,-4195,3585,-4430,7278,-4195,2350,-4430,10302,10545,6378,2749,13985,8696,6446,-1565,11829,4059,6446,-4515
5/10/2023,459,5101,7271,-320,6236,6827,-190,4951,7271,1135,5761,8676,-100,-931,-633,1505,457,-5109,1523,1305,5687,2329,4407,2896,1255,3036,8679,2329,4402,2766,1135,5082,19866,-320,5082,15657,-320,5082,15657,965,4378,8068,-100,-931,2452,1385,457,6340,2418,2283,12859,2329,4036,9495,1026,2283,13274,2329,4407,10410,2756,10944,3126,10641,2331,10944,3010,10641,-145,5606,1455,11704,6431,9926,3625,-4901,3042,8964,3235,-3864
5/11/2023,-201,1936,1616,42,1287,2040,-645,2999,1616,9,2042,1875,-635,10301,2027,-1020,3995,4658,1646,8344,4669,1054,3017,-213,1629,328,790,170,8285,-6211,9,2352,903,945,1287,1069,670,1287,1069,-906,-660,-305,990,12246,6935,1105,12974,4658,1385,11979,4669,-1079,3771,-11875,1180,11979,2003,170,4176,-11067,1130,-1252,3185,-1357,939,-1252,1799,-1357,7149,3270,6955,1745,6638,4384,-3598,-5745,170,602,-3598,-5085
5/12/2023,-1485,2645,-4320,430,-790,-3693,-196,2645,-4320,-199,1497,-4039,89,779,-4830,120,2440,1290,-94,6492,16099,543,-1610,1252,2385,-265,1598,1028,-1528,4862,899,653,-2160,129,653,-2160,179,653,-2160,19,382,-1085,930,-485,1493,-1310,2440,1290,48,6085,17671,-2350,7536,39088,963,6085,19330,695,7118,39983,443,-149,3691,3730,1546,701,2318,1756,-1754,-6215,-167,1187,5354,5857,-504,1473,575,984,-504,-557
5/15/2023,-270,-4280,-5239,-1665,-4280,-3820,-923,-4280,-5239,-1565,-2260,-5905,-1365,-2455,-2425,-1300,-3995,-6511,-1656,-3971,-5315,-1105,-3302,-4606,-1425,-1980,-80,-2155,-4375,-4772,-1565,-5350,-5319,-1665,-5350,-6270,-1665,-5350,-6270,-1565,-4145,-6965,-1635,-3760,-7215,-2900,-6500,-6995,-2815,-4125,-4506,-1099,-1275,4998,-2550,-4125,-2450,-1440,-1020,-3259,-2514,-3461,-3810,-5005,-4329,-3461,-3295,-5005,-3580,-5245,-4200,-6310,-6544,-1104,-6470,-4755,-5135,-281,-6470,-2936
5/16/2023,184,-1055,-3821,844,381,-3564,5462,-790,-3821,881,-209,-5624,2180,13,-350,209,698,-4350,7430,8086,-2609,5535,3540,345,3282,2452,236,7195,7670,-1704,6185,380,-3762,6120,380,-5565,6120,645,-5565,590,-70,-7395,6170,-595,2055,5645,-1700,-6920,6700,140,-8740,5475,5188,-20325,8125,140,-6191,7725,4520,-18347,-895,-5367,816,-3590,1340,-5367,2036,-3590,-1420,-3091,-495,-3179,2220,2496,3402,-635,3770,1758,3402,3246
5/17/2023,-1206,-3152,-4867,-1525,-2975,-5734,-2131,-3152,-4867,-1695,-2445,-3145,3310,-4390,-6893,1505,-2997,-4081,1705,-3182,-8477,45,-680,-449,730,-1860,-1445,-815,345,-2437,-1950,-3560,-4466,-1525,-3560,-3784,-1525,-3560,-3784,-3045,-3870,-3191,3310,-5140,-11023,1505,-3590,-8283,1705,-3650,-12540,-815,-701,-561,730,-3650,-11889,-815,-680,1918,-3553,-4448,-2820,-3364,-735,-4448,861,-3364,-4450,-7463,-1355,-5083,-197,-7804,-583,-557,-1325,-1330,-583,-753
5/18/2023,-350,3503,-3600,-620,3739,-1987,761,3503,-3600,-860,1155,-2405,-344,90,-5392,1170,585,105,-807,1128,9177,1943,780,15795,-164,-1801,-140,1500,1455,18440,-520,3739,-3021,-1090,3739,-1585,-1420,3739,-1585,-585,-1775,-2009,1360,3280,1434,400,578,2335,1110,-1280,7184,1023,1589,16935,655,-1280,8319,1500,1550,16901,506,-1406,-654,-1192,-260,-1406,466,-2651,-814,-4886,-865,-3217,-3090,12996,160,17834,1918,-1245,-440,18627
5/19/2023,-1320,4306,2924,-1105,5035,5848,-53,6216,-576,-1080,4340,6623,500,2884,-3665,1605,4495,-142,4614,1667,16627,360,-1352,-4144,4404,1660,-1075,-30,482,-6359,-1950,4865,7990,-1985,5035,9680,-1985,5540,7030,1020,3295,7130,280,2884,-5450,1605,4495,4432,4665,2780,17250,1033,2861,22511,4480,2780,19415,-30,-2843,24888,3140,7836,3763,6521,2650,7836,3313,6521,764,-4096,-511,-1268,3500,-5733,-6081,-3117,3875,-3075,-6081,-847
5/22/2023,855,3905,-1998,570,3905,-1998,947,3905,-1998,850,3235,-1998,3590,5550,7151,1590,4515,351,2720,5186,1090,795,4809,-2654,1470,2911,-2850,2235,3492,-6083,850,3905,-1966,905,3905,-2392,905,3905,-2392,930,4671,-583,3590,5550,13009,1590,5686,-15,1145,6186,5584,2260,6227,-20691,1470,6186,1070,2260,5724,-22012,1805,-4550,3160,-4835,1805,-4550,3115,-4835,9335,972,3595,-6507,4143,-4904,-1806,-6109,2339,-2845,-1806,-6670
5/23/2023,431,-2185,-5118,-340,-1265,-4592,235,-3114,-5118,247,-1925,-6075,-1495,-3530,-5991,-85,-2030,-7415,-1860,-3803,-6544,435,2400,-6940,-418,-340,27,283,2400,-7600,1235,-1265,-6616,-340,-1265,-7573,235,-1070,-7573,-610,-2765,-9795,-920,-6275,-20936,-85,-2015,-9175,-1965,-2835,-7689,728,2682,-5093,-370,-1840,-5575,728,2400,-3692,-2445,-4772,-2445,-5733,-2445,-4772,-2295,-6328,-4300,-5475,-4385,-7078,-6830,-5383,-5260,-4008,-3005,32,-5260,-4008
5/24/2023,1128,1414,1579,-791,3460,-1388,1048,1414,1579,-235,2200,-2218,2123,1851,4242,1116,-264,7342,2264,659,14748,2401,-1876,1230,1004,4241,110,1162,-341,500,-235,-80,3279,-1160,-80,-2725,-1160,-80,-2725,-265,1423,-5015,2315,665,3571,390,-4245,2647,1323,-3761,12635,638,-6497,5665,1978,-3761,8972,837,-8415,5309,-694,959,1490,-3580,342,959,-839,-3580,2427,8293,-1855,6156,-1097,10865,-5102,-5479,4096,1163,-5102,-6274
5/25/2023,-782,-429,-3478,965,-429,-671,930,-429,-3478,60,-2290,-671,567,4271,19962,1910,2403,19623,1315,2615,22430,795,-1730,-3580,3055,-333,-381,1595,2290,-4908,60,-550,-4905,965,-550,-671,930,-550,-671,-1395,1250,-3518,815,5670,24130,2520,2958,19623,2690,1625,22430,1249,2054,42710,3040,1275,22723,1595,2907,43258,-446,-2968,-2282,-1314,361,-2968,-2957,-1314,4714,20608,8592,22355,13439,21008,8062,-6910,291,1778,8062,-6079
5/26/2023,-1435,-4155,-3364,-1995,-3670,-3015,-2350,-4155,-3364,-1940,-2630,-4885,-1810,-3665,-6075,-1435,-3970,-1875,-1905,-4395,-3848,-10,8105,-5258,-1475,-2375,-1720,3975,-1890,-7336,-1315,-3670,-4885,-2865,-3670,-4885,-2865,-3670,-4885,1410,-2172,-4635,-2450,-4600,-15700,-4250,-5390,-1025,-3455,-3460,-4806,2851,8930,11927,-2910,-3460,-5400,4110,10080,13890,2915,172,1252,2073,1252,172,103,2073,-3985,-7250,-1375,-357,-4948,-5237,-6113,-5276,-2753,-1155,-6113,-6646
5/29/2023,-585,895,3865,-75,895,3865,25,895,3865,-420,895,5300,-1180,-3305,3625,-1225,-2060,2218,-360,-4717,2475,-1100,-6215,3964,-1295,-1295,3175,-1985,-5006,2020,-140,895,6775,125,895,6775,125,895,6775,15,505,6775,-1180,-7485,-1510,-1110,-8295,-4420,-1875,-10330,-9130,-4405,-15590,-25625,-1650,-10330,-9130,-4405,-15590,-25625,-1894,1778,-1610,1630,-1894,1778,-985,1630,-605,3353,-880,-1745,-1595,-3123,-2545,-100,-430,2563,-2545,-165
5/30/2023,-1410,153,-2716,-1620,1780,-2433,-1860,1064,-3720,-1675,1176,-2397,-423,1549,1982,-395,565,6351,-38,3079,6620,325,2367,11081,167,-727,-1298,-520,-1362,16655,-2165,-453,-5038,-2110,-478,-6175,-1860,111,-4794,-2395,-2771,-8220,-735,1165,2371,39,3356,10475,15,4440,6856,2232,6587,28256,840,4440,6766,1250,3268,39820,1119,-40,711,-190,1815,-124,2063,-610,4198,9023,3010,11969,5448,14364,2661,-815,-216,202,2661,143
5/31/2023,168,7498,4755,761,8735,10768,542,8395,9695,-553,6920,9397,584,1916,14649,1808,-1727,-3918,2581,1284,1267,-55,-1805,-239,2251,1115,1866,-55,-246,1855,-508,7319,9971,761,8735,10768,861,4274,9445,-1863,4699,7870,505,385,20281,1808,-1265,-3918,2580,604,1267,125,430,-28395,2460,604,782,-55,-1805,-26659,6815,4177,2025,1347,1367,4177,1160,1347,2514,16102,2590,-13,-834,8889,-5595,-1687,1532,4624,-5595,-2889
6/1/2023,-1352,182,-2073,562,225,4332,-2362,1256,-2073,-1570,-2155,3632,-1885,-3592,-6650,4030,1738,10032,-1820,-3756,1837,-630,10473,2548,-1128,-1422,-694,5430,4727,-1874,-2825,505,-7765,-65,1690,-8657,-1740,1690,-8657,81,220,-5957,-835,-455,3415,3440,8765,9620,280,8070,6290,6176,4710,24653,-95,7515,4525,6360,6200,26247,-501,-5733,-1586,-5391,962,-5733,-1753,-5391,-3831,-6429,7634,17446,3950,6161,-2095,-3057,-1845,29,-2095,-2139
6/2/2023,-1035,-2608,-3565,-1165,-1535,-3565,12,-2608,-3565,-515,-760,-5448,-897,3588,7006,-1035,-2490,-5589,-656,-1918,-3775,-1035,-5870,-4285,-1035,-1098,840,-2135,-3545,-6580,-455,-2255,-6164,-1380,-2255,-3740,-690,-2255,-3740,227,-2435,-2530,-295,4883,4718,-2485,205,-6070,-275,956,-5122,197,-3177,-34146,-635,956,-4709,-1041,-641,-38479,-1478,-2737,-2425,-3523,-1478,-2737,-2830,-3523,3408,9546,-2663,-2209,719,-5259,-6000,-5500,-1720,840,-6000,-7135
6/5/2023,1,187,1685,61,1960,3570,-815,187,1685,35,360,-274,-425,4416,-3287,-339,4831,-3631,-725,2778,-7335,-465,1695,4213,-1005,2086,96,1440,565,2327,-1025,1830,210,605,1830,-170,605,1830,-170,1305,3300,10,-170,3936,4800,-491,2556,-4225,-725,1356,-10788,1720,3228,-33230,-570,1356,-11843,1885,3455,-37761,400,8031,1460,3274,-745,8031,610,3274,4018,-189,2629,-1819,4337,-5068,5954,-353,7360,755,5954,-1670
6/6/2023,603,484,142,245,1207,183,128,484,142,450,1842,-729,414,1729,12853,-127,1097,4213,1030,2728,2179,-600,1625,-955,-495,3500,2246,-170,-1465,5,470,1207,269,245,1207,1121,245,1207,1121,45,1040,3873,414,1729,12546,-6,1097,4213,1030,2728,4284,-1213,-316,-2512,910,2728,4284,-505,390,-3500,694,1597,-775,1550,694,1597,380,1550,3937,9573,955,1425,1518,2745,-1985,-5670,628,1925,-1985,-5795
6/7/2023,-1045,-1939,-5146,-1880,45,-1604,-924,-1163,-4606,-1615,-850,-1604,-1915,-2391,-6932,-1175,-923,-7424,-1880,5,-7448,-1445,3716,1070,-1175,-452,-3430,-570,3326,9692,-250,-70,-3576,415,200,-933,415,240,-953,-1650,-3020,-5940,-3900,-3780,-20535,-2960,-923,-6072,-1930,-414,-8251,634,3316,11039,-2180,-804,-7167,1155,3326,12879,-3876,-1786,-4015,2735,-4001,-1786,-2981,2735,-3900,-6551,-3190,-6604,-654,-7206,-900,8500,-1347,-3745,-900,19277
6/8/2023,-640,1655,3479,-300,470,2386,1116,1655,3479,495,470,3949,-945,-3561,-5050,-605,5306,7067,12,-956,14223,1195,4737,1762,1028,1923,-1495,740,3880,3402,-870,470,2742,5,470,3949,-845,470,3949,385,1554,7947,-1100,152,4627,-192,3355,16179,1150,2725,19611,-510,3443,3645,477,2725,17370,650,5395,7430,3097,2674,3673,6557,1632,2674,3673,7808,-4089,-7272,-975,9036,6037,10253,8702,-2660,-850,-5920,8702,-2660
6/9/2023,1020,2407,7430,1185,1288,8801,922,2407,7430,1020,2415,7678,902,3991,1433,830,2411,-1358,117,-763,-3501,10,-3765,-5140,1282,-758,1801,10,-710,-7390,1038,1288,4646,1185,1288,5822,535,1288,5822,1050,4480,11205,295,5632,8696,1060,2411,4785,680,3035,6565,322,-328,-5921,468,3035,5409,10,-245,-4934,2063,-2343,1385,-4423,199,-2343,1345,-4423,121,909,-180,-502,1166,-848,-1775,-6910,651,931,-1775,-6514
6/12/2023,-1361,-4087,-3696,-925,-3570,-1518,-1872,-4087,-3696,-470,-3000,-1188,-1700,-3770,-6925,-1375,-3330,-7440,-1575,-3650,-7358,-1240,-3720,6012,-1220,-2460,-1045,-2400,-3870,-2520,-470,-4980,-3696,-925,-4980,-1518,-1795,-4980,-1518,-1430,-3975,-8008,-5330,-12455,-22310,-1265,-8605,-7795,-2330,-12785,-16097,-879,-3232,-3402,-1975,-12785,-14115,1115,-3455,-2759,-3787,-562,-3620,395,-3710,-672,-2890,395,-4365,-7265,-4495,-7450,-6874,-9012,-3975,-6675,-3610,-2175,-3975,-7090
6/13/2023,718,129,448,1168,491,628,1241,78,448,247,274,1668,3892,9477,24469,1225,5775,10826,3090,9820,16605,4754,2179,1752,4677,6641,2963,4759,2591,-3598,685,239,3512,1168,491,3681,1241,-1481,3681,435,-1716,-2008,3892,11624,25395,1373,5600,15763,3090,9599,18153,4930,2089,-1658,4677,9599,15936,4759,3338,-4460,3429,3529,3353,1896,3552,3529,3112,1896,11065,10579,5454,7135,7896,10088,5323,-3050,6246,2968,5323,-1788
6/14/2023,5123,14470,14723,5507,12327,15035,6648,13072,17098,7068,11545,13558,10003,4718,14217,3215,4690,13399,5794,5755,20661,4800,14027,13380,25,5200,8242,5053,14027,9674,6477,11967,14877,5607,12327,15035,4748,10946,17410,6370,11176,9411,8720,8644,24550,5940,4775,21868,7647,6558,31567,9007,14027,26973,7672,5336,32365,12720,14027,27659,6744,16055,6240,13988,6999,16560,6750,12243,9771,14357,12693,16107,15562,12901,6184,9543,7214,9070,6184,13156
6/15/2023,-1425,762,2997,-1135,-971,-1819,-1251,762,2997,-1990,-2385,2571,-1121,-3765,-1976,-1470,-2855,3410,-1911,-2439,-4041,120,1131,-3890,1434,-2700,-4425,-1070,-895,-2931,-1840,-1035,2997,-1135,-1035,2571,-1135,-1035,2571,-2370,15,1200,-270,-5575,-4711,-2445,-2855,3980,-2085,-2820,-492,-1020,468,12886,-1355,-2820,2495,-620,885,15059,1321,-936,-386,676,1378,-936,519,676,-3970,-6115,-2610,5197,-899,5572,1280,103,-2711,-2720,890,1771
6/16/2023,214,-945,-6594,365,-1273,-5012,1178,-1137,-6594,320,-1600,-6105,1180,2618,-6717,-160,-1205,-8367,813,81,-7433,-210,7182,5553,-804,-1340,751,-210,3860,7668,435,-3935,-14529,315,-1273,-12350,905,-1273,-12350,-525,-4640,-7245,20,2998,-18093,-160,-1154,-11268,-1064,-440,-13215,2158,7355,4419,-804,-830,-12546,-210,7688,7250,-1048,322,-1239,-5641,-1048,322,-1231,-5641,-4165,-7421,547,-6210,2303,-7253,-982,16774,1571,847,-982,2840
6/19/2023,-205,3665,4110,-405,3665,4110,-665,3665,4110,-205,2445,4110,1985,6780,3095,2495,5260,6710,840,6165,6767,790,8090,5159,2160,2350,-1110,930,7165,6616,-205,3835,4110,-665,3835,4110,-665,3835,4110,-600,1700,4110,1985,6780,2415,2975,8975,8830,840,9850,11935,1425,8090,23545,3675,9850,11935,1425,8090,23545,-590,-2275,-10,-2275,-10,-2275,705,-2275,3865,240,3540,1005,-2445,-2704,-215,-730,-1670,-1100,-215,-1240
6/20/2023,4,1861,-789,-21,2776,-1555,-1780,1324,-789,125,2214,-31,-788,9558,14380,-400,-1069,31,-1460,5902,2558,390,-4465,-4746,-1487,4315,800,-1510,-4475,-6373,29,2564,252,390,2776,1092,-570,2211,1092,95,3492,-4325,-325,10780,18278,-720,5065,1675,-300,8630,2345,1680,8252,-34060,-2300,8630,1695,-885,3450,-31964,1976,-4389,235,534,1229,-4389,1109,534,12041,12003,6660,-2280,8022,-4153,-1431,-1565,3115,387,-1431,-4405
6/21/2023,1397,4761,7986,2225,5037,2381,1413,2568,5726,4299,1858,2402,3034,5248,6904,1095,834,5855,91,3750,10343,7005,2634,334,1450,1893,1161,-1255,4313,9083,3934,2570,9061,3660,5510,3215,2020,3275,3215,2560,4930,3428,2661,4324,13827,-290,1459,6325,2108,3049,10343,-226,-2907,5023,1415,3049,11978,80,-1531,5680,7276,12583,7591,10340,5733,7021,7771,5260,1232,2677,-165,3424,13177,2522,-3055,10129,6948,1161,-3055,10229
6/22/2023,1445,1158,-1102,-1175,448,-2465,-1425,1158,-1102,165,448,-1517,-1926,-2491,-3543,-635,85,-4802,-343,-331,17,-885,-645,9132,-1197,741,43,-595,-645,10063,230,448,-4607,-1715,448,-1965,-1715,448,-1965,-1485,-2845,-4420,-1400,-1780,-4328,-635,85,-4072,1315,15,627,-332,-1194,8071,-1820,15,-38,-595,-645,10440,-138,-4977,1980,-6395,-138,-4977,1980,-6395,1243,-7360,-310,-1568,1520,1785,1245,12799,1679,4818,1245,17978
6/23/2023,1306,-311,4158,1948,2075,3952,1325,-936,3696,3689,106,1450,3000,4408,5316,2745,5684,-3937,3170,2979,-3302,2680,-3908,-3595,3555,1494,1710,2360,-1219,-6150,2370,1925,3533,3154,1925,5270,1114,1089,5291,3940,1455,2951,3041,5534,7552,3693,4845,-3964,2725,1715,-8610,4260,-6050,-43281,2750,1715,-8645,2360,-9248,-43755,5549,7497,5924,4796,3867,7407,4048,4796,4953,3587,6656,6078,4412,-4126,1432,-4180,5906,5196,1432,-2849
6/26/2023,-1095,-719,-2499,-1665,420,-1106,-393,-582,135,-1505,-85,-1206,1316,5207,-5385,-790,-1535,-740,-115,2036,-5720,-575,-497,-5225,-21,1,-1510,-370,-1167,-7425,-1505,695,-3214,-1665,420,-1344,-302,535,-546,-567,-870,-5299,590,805,-5225,-585,420,-158,-115,3610,-3919,-287,6632,1052,1300,3610,-3675,-420,6305,2431,12,2139,358,2623,-168,2139,700,2623,5052,-1021,5118,-940,3853,3878,4046,-1423,2429,-985,3476,1824
6/27/2023,-1475,-2250,-4510,-1960,-2827,-2153,-2500,-2250,-4510,-1985,-2985,-2967,-1990,-4405,-6853,-1430,-2781,-4090,-1725,-4059,-6132,1410,-4526,13998,-1480,-1174,248,-45,-3090,2185,-3510,-1325,-2194,-4070,-1325,-429,-4070,-1325,-429,-2370,-2140,-10070,-2280,-3900,-6328,-2260,-2700,-5178,-4010,-3549,-5900,1802,-5571,7479,-2105,-3549,-5900,410,-5571,9580,-3548,-2922,-2515,-2264,-3548,-2922,-2987,-2264,-4020,-6544,-2340,-3811,-3475,-5143,-3620,2555,-1258,248,-3620,-1021
6/28/2023,-765,4936,865,-550,3236,1441,192,4936,862,-765,3241,5210,344,5129,16330,350,7550,12986,-4,10630,3931,697,8613,-2380,213,1827,6490,574,8613,-2012,-765,3236,865,903,3236,1441,-655,3236,1516,-863,-395,6672,30,5129,16256,1162,7550,12986,1351,8612,6339,532,8054,-6424,567,9142,8893,1007,8613,-6925,889,3208,223,4249,889,3428,123,3414,3777,19285,985,16113,2215,14156,-1505,3827,1276,6415,-1505,-2902
6/29/2023,176,2143,155,-60,2232,235,66,2143,155,-320,2525,-1710,1135,6487,20160,1286,3462,9041,-99,137,9404,174,2265,-1505,-700,149,47,1254,-1881,-3662,-420,2232,-1692,-450,2232,-2665,-450,2232,-2665,-530,3646,-2095,1135,6487,23894,1286,7252,16665,-785,884,9404,1368,3598,-18563,-370,1029,11665,1254,2525,769,652,-227,-3290,-3357,1914,-227,-1005,-3357,8308,17043,1315,7002,2087,9173,-3822,-4061,3547,1952,-3822,-3681
6/30/2023,-707,700,-1937,1226,734,-2149,1416,-570,-1937,-1315,1220,-1334,3428,1546,9098,5,3848,3981,214,3628,8948,3900,-1886,-939,189,1226,-2155,4811,-3795,852,-650,700,-1122,1226,734,-1334,1416,-570,-1334,-1400,715,-454,3430,4973,15038,5,3848,3981,-60,3654,9032,245,-1830,-2648,-85,3654,10069,245,-2197,-3497,-5260,-5006,-4015,-5006,-4015,-5006,-3340,-5541,9051,3742,-1999,-3861,-143,2681,2574,-4758,515,-4840,2574,-4936
7/3/2023,348,-974,-67,-615,-665,890,-150,-974,-67,-555,-270,2860,2165,608,5422,-950,-2260,-7230,990,139,-2045,-970,-4320,-5130,536,52,3860,-2030,-2155,-6360,-555,-665,-280,-1135,-665,2170,-1135,-665,2170,-975,-790,-1860,2165,-244,5422,-1205,-3685,-7880,-1170,-3014,-2045,-583,-17324,-35066,-240,-3014,-4950,-3215,-18370,-42830,41,1558,-2665,-1123,41,1558,-2045,-1123,2570,4030,-285,-6650,3079,-17,-3290,-3445,1183,2061,-3290,-3445
7/4/2023,-310,-215,3055,-185,-215,3055,210,-30,3055,150,-215,3133,-795,2325,6005,-500,1870,2690,-283,575,4575,1065,-550,-1720,-370,-1545,1830,1495,360,-3490,365,-215,6840,-185,-215,6840,210,-30,6840,-425,-910,6840,-1260,1635,6115,-500,1870,2690,590,575,4575,2330,-550,-7085,-370,575,4575,2330,-550,-7085,-2685,-1636,-2685,-1070,-2685,-1636,-2430,-1070,3860,4505,1775,970,2280,2785,-705,-3305,1265,3890,-705,-3945
7/5/2023,2724,901,424,186,-129,-428,2299,2025,687,1420,1432,3337,1875,10485,12539,1398,8551,3496,142,5850,-2170,1421,7583,-2865,1330,2730,1491,1421,6240,-3620,1435,976,140,186,-1114,607,1425,716,657,930,571,7706,1875,12167,13071,1398,8551,8236,10,8437,-4232,1685,7583,-6880,1330,8437,-4232,1421,7583,-6880,2423,-1380,2968,-651,3333,-1380,1496,-651,17499,12206,17274,5370,10326,995,3382,-3643,9618,2560,3382,-3805
7/6/2023,-1485,-3501,-2436,-1645,-3840,-2000,-535,-3421,-2436,-2000,-2519,-1731,-1700,-4390,-6978,-360,-3970,-7356,-319,-3613,-7497,1415,-6469,-4042,-1397,-2630,8,-250,-4498,-6051,-1900,-4595,-6322,-715,-4595,-5484,-1005,-4515,-5484,1108,-3860,-3223,-1675,-6770,-16899,-480,-7525,-7836,-285,-9379,-11759,-123,-3934,4603,-345,-9379,-11759,-250,-2290,6318,-2312,-7340,-1826,-6204,-2312,-7340,-1616,-6204,-4385,-7427,-4475,-7347,-3406,-7266,-4890,-6989,-1769,226,-4890,-7499
7/7/2023,1507,1041,5188,3432,1393,1148,1568,1041,5188,3671,63,678,505,-35,3561,107,-10,-743,-165,1195,-6549,6402,2458,9250,-145,3016,7291,5947,1886,-2571,3446,1702,4875,3432,1702,2021,3432,1702,2021,2287,2582,4994,830,34,6352,952,-1045,780,-330,1375,-5797,769,-267,26064,500,1375,-5006,5947,2458,29060,1037,14292,2154,7457,672,14456,3926,7457,5451,7453,-2390,5397,-1059,4526,1914,14016,982,7748,1464,1289
7/10/2023,1906,4410,2189,1100,6125,155,1100,2904,813,1325,4256,4606,1420,7822,6796,960,6370,3129,802,4417,3046,3580,10615,-1602,1876,3775,2608,4195,8558,-3725,1285,5719,3746,1100,6125,4329,1100,4085,3954,-25,3768,1011,1420,6590,6990,860,6370,2347,520,6115,3046,3113,10615,14181,200,6115,5457,4141,10615,15668,5782,-3029,6164,-4765,5782,-3029,4619,-4765,4645,-1744,-499,-4191,1582,-3351,-935,1359,207,2043,-935,1378
7/11/2023,1425,-1267,1132,-1615,2755,1123,125,-534,1132,1460,1400,-588,190,-2541,-4546,1080,771,-4430,1066,-1726,-6726,212,-1095,-1374,3713,-1425,172,3980,-405,-1899,1460,-145,-5252,375,-445,-4450,125,555,-4450,1582,-1150,-9365,190,-1315,2385,1080,1179,845,885,185,-4844,1220,666,4635,1226,185,-1845,3785,-1095,-2330,-635,-2739,25,-3910,-1285,-2739,-1393,-3910,-1540,-4154,-2117,1028,-2944,226,676,2398,-1816,1185,676,3009
7/12/2023,1015,1034,1779,125,-1060,-146,1025,394,1779,450,-1060,31,-628,756,2768,-1180,1983,-3272,246,470,-7495,-1495,-2275,-3020,1365,1710,4400,-2460,-2275,-5076,450,-1060,-521,125,-1060,31,1025,-10,31,728,-1247,-2438,775,1225,6558,-2475,1983,-5972,1726,936,-11542,-3365,-3079,-25462,1706,1951,-14173,-3760,-2275,-27040,3505,-897,3593,1174,3635,-897,5630,933,3332,17221,211,-4290,-2328,6499,-4662,-2375,-1134,6506,-4662,-4758
7/13/2023,-1480,-4350,-2554,-1755,-4410,-1283,-2075,-4350,-2554,-1795,-2960,-738,-1750,-3840,-6990,-1485,-3965,-7449,-1880,-4715,-5480,-1090,974,4655,-1495,-1795,-1686,-910,-847,3028,-1585,-5725,-2636,-1655,-5725,-871,-1975,-5725,-871,-3010,-5715,-8593,-2825,-11160,-22510,-3005,-5915,-5609,-2890,-9225,-7438,-1538,-814,53388,-2815,-9225,-7535,-755,1094,51300,-2207,1897,-2225,779,-1392,1897,-2930,779,-4065,-7500,-4200,-4570,-6997,-4174,2170,14649,-3050,-2198,2170,16430
7/14/2023,-323,1282,-1125,-950,1050,-1080,5,1211,-835,-660,975,-1435,-440,-1360,-6427,-441,-990,-7040,16,-1561,-6395,-541,-214,-5910,-469,45,1070,-465,-390,-7180,-635,1014,-1125,-950,1050,-1080,270,1315,-835,-640,420,-4520,-440,-1360,-14247,-441,-990,-8825,16,-1561,-13525,-1545,-213,-11429,-469,-1561,-13525,-465,980,-11195,456,727,-1495,1975,-1345,747,-1093,1210,-1721,-6001,-4140,-6246,-955,-4959,-1700,-1838,180,-1452,-1700,-2266
7/17/2023,-1438,-4378,1078,-1405,-3960,743,-2153,-4378,1078,-1540,-2810,2512,-577,-4330,-6680,-350,1725,8831,-1965,-4487,2658,765,-1050,3418,-459,-2200,-904,705,2250,8204,-1515,-4330,4731,-1935,-4330,6472,-1935,-4330,6472,-2830,-6190,5214,-675,-8433,-11514,-350,435,8831,-2085,-3865,12686,1382,436,19526,-770,-3865,13875,705,-1250,20091,-343,-3951,440,-854,-1020,-3951,300,-854,-3890,-7485,-295,3923,-126,-3680,5817,-5129,-2790,-5685,5817,-5986
7/18/2023,-1080,1541,-1919,-1985,1625,-2780,-2244,1541,-1919,-1565,1420,-2765,-1540,-4000,-6970,-1330,-3905,-7400,-1905,-4325,-7500,-220,-6084,-5450,-1200,-2155,-4425,-1740,-4000,-7460,-1430,1625,-2600,-2920,1625,-3110,-1960,1625,-3110,-1340,2055,-2005,-2830,-7405,-15294,-2390,-10885,-14830,-5085,-9705,-15459,496,-5778,29824,-4270,-9705,-14660,-165,-3300,30820,2454,-4597,1010,-3390,2454,-4597,1010,-3100,-4440,-6920,-4410,-6595,-6995,-7430,-6495,-6915,-5620,-5845,-6495,-7135
7/19/2023,-706,890,-2769,-428,890,-2769,1434,890,-2769,-448,890,-2281,525,4910,-2985,-1010,55,5916,500,4713,-3741,10,-5308,1418,-445,1261,-1167,-1485,-2530,-6494,1364,890,-2003,1419,890,-1770,1419,890,-1770,902,-150,-435,525,7150,8291,-210,55,5916,-1840,6145,1152,-169,-4437,1767,-325,6145,-2054,-1195,-8137,61,2071,-4491,1503,-6464,1346,-4491,1503,-6464,340,-3656,2015,2856,-1350,-2468,-312,-6559,-1990,-985,-312,-5554
7/20/2023,-1460,672,9349,87,695,9478,-1653,-924,9121,-1865,-70,9383,-1600,-2695,-6853,-1485,-1140,-1281,-1650,-3010,-5641,-1175,5870,4477,-1065,-1451,-4890,-190,3930,3041,-915,485,8989,435,695,9890,-1395,-160,9440,-2645,-2605,830,-2230,-2695,-12260,-1665,-1005,1958,-2500,-1225,-3076,-878,3908,3585,-2760,-1225,-5110,-495,4753,4712,3051,7335,3700,8482,2724,7335,3415,8482,-3685,-7194,438,728,-5820,-8566,-2717,970,-490,-465,-2717,970
7/21/2023,1204,2791,-3576,735,615,1666,2277,-1488,-624,-65,915,1235,-226,-13,7,2925,1165,796,-666,359,-894,-602,744,7335,-1164,210,-2830,-847,209,7392,110,710,-5136,955,615,1666,325,855,-518,-2160,-1725,-4859,246,1350,3396,1609,2280,7209,-1080,461,6076,-1266,0,18740,-1150,1222,4058,-847,1111,20185,2030,-320,1575,-1482,1322,-320,945,-1451,169,-1943,-1415,-1397,-2067,2474,-3905,10861,-316,-2830,-3905,8877
7/24/2023,-1210,-401,-5803,-205,420,-3415,892,774,-5803,-227,3277,-5163,2942,7215,3282,-1210,6287,3076,1207,5654,637,-1210,3922,-4705,-1210,-456,715,1095,1630,-3121,-114,-382,-10164,-74,-382,-14236,101,793,-14236,300,-1090,-14236,3691,7850,11649,2089,7510,3115,1070,8525,907,1006,4666,-14759,1611,8525,-304,1095,1293,-20477,-1552,-7333,-1425,-3318,-1789,-7333,-565,-3318,6915,8468,568,-3504,1452,-234,-3769,-6850,-1083,99,-3769,-6880
7/25/2023,-1135,-3825,-1514,-1910,-3825,-4570,-2380,-3825,-5570,-1665,-2750,-4382,1365,1510,-153,915,305,6435,-645,75,1749,250,-4023,-3809,771,-415,1372,1505,-2884,-4648,545,-3928,-3709,-470,-3928,-7315,-185,-3928,-7315,-1255,-4693,-9220,-70,1725,6450,915,305,6435,-545,75,1749,2176,1986,36116,35,75,-483,1000,-828,38099,2255,-4029,-3765,-4880,-3925,-3939,-2780,-1395,3150,-733,-355,2822,2344,-2573,-6140,-4231,1014,1372,-6140,-4375
7/26/2023,5192,3909,20183,5759,2483,18980,4047,2868,22115,4665,2695,22815,883,3448,13266,3990,3008,8271,5265,3833,18873,3147,1490,12150,1885,1001,2889,-175,751,14958,5070,2726,22738,9473,2483,25140,8943,6318,25140,3910,1531,17030,-1450,7397,13511,5575,3008,8271,5265,1296,19098,1895,1743,-744,1885,1296,19440,-225,-1197,733,4104,19777,2575,20469,4104,19777,6112,20469,3465,15845,4975,26036,2823,23691,3991,8204,4441,6595,3991,10232
7/27/2023,1069,951,-2960,-795,-720,-5060,-1215,-854,-2960,1558,350,-4170,-1207,976,6535,-1195,775,-7435,771,-4054,-7964,-1445,2635,-2828,-855,1042,1212,-296,-4455,-3286,678,1630,-5120,728,-45,-6435,20,-295,-6435,1643,745,-7080,-15,158,-8099,40,959,-8600,2410,640,-11421,-973,4483,-22937,710,520,-10635,-156,3530,-21820,-2094,536,-297,2771,-2094,536,1770,2771,80,-6786,505,-6155,-4232,-6041,-1560,-6910,3480,-215,-1560,-1787
7/28/2023,1276,8006,2503,175,5161,2503,688,7492,2503,255,4386,5903,1294,8933,1501,-330,4970,-3463,858,4853,-414,-160,2125,-3806,1549,8194,69,-992,4478,-4630,1193,7121,4088,175,5161,3928,525,4751,3928,31,2456,-1277,1780,7338,6242,485,4627,-1961,-30,5941,7068,-320,2310,-9501,1671,5941,5200,-2578,-950,-10882,5540,3455,3050,3455,5458,3455,4960,3455,6542,15147,2841,12532,4151,9537,-3774,-5553,634,2977,-3774,-6213
7/31/2023,670,5314,-769,690,2680,-1285,-571,5314,-769,1235,1375,-1766,2721,1570,84,1190,7224,10361,15,9004,4540,4410,13321,8067,438,2215,-1865,5258,6657,10310,1345,3889,-5780,1705,3889,-7925,1705,3889,-7925,-340,-700,-9555,1595,2550,-920,375,7284,9073,1820,11081,12954,5463,29526,28412,1695,11081,12588,4648,27714,27412,-713,-4391,-433,-5108,-178,-4391,865,-5108,393,-1047,-1750,3319,1947,-3866,4529,-5368,-76,-1642,4529,-6619
8/1/2023,2740,3970,-3805,1825,2290,-4268,1205,985,-3805,2705,3555,-4045,4287,8478,-587,3360,5352,-422,3267,5622,7503,4473,-187,-1357,4927,-1530,3020,4473,-1608,-3394,2740,3970,-6481,1825,2705,-6065,1205,1790,-6065,2729,1870,-6065,3735,13745,10147,3360,6010,-422,4312,6721,8000,3722,2398,-21400,4375,6721,9177,4473,-1065,-21400,1930,-779,905,-3965,882,-694,790,-3965,4034,4669,4425,-116,4673,5841,1875,-2809,2437,1314,1875,-3425
8/2/2023,3476,7047,11747,200,6690,3967,1295,7299,3934,-375,6975,713,1522,3459,-6365,1238,4823,9389,1882,-435,19855,208,5135,-2527,330,1002,-4090,-947,2500,315,-375,7790,11758,200,6690,2228,1295,6595,5016,1929,4745,2662,-1225,1935,-540,-2075,4823,9427,-2270,8386,23292,-2830,15771,21365,330,8388,23090,-3440,17222,22031,2009,-624,1589,-1302,1925,-624,1589,-1422,4137,-6360,7776,15874,15933,19640,-660,30372,-1959,-4085,-660,30578
8/3/2023,1362,3192,2731,-903,1051,5240,687,3622,2731,345,96,6005,4907,6920,6808,3255,5650,5641,9184,5843,11328,7755,-2245,-5383,8512,2077,1585,7310,-230,-6066,-1215,96,2577,-375,2150,2400,-1755,830,2400,1602,-1067,4966,3810,8189,16301,2705,5650,5641,8070,4655,11328,6722,-8128,-23626,8605,4655,11328,8410,-8125,-22691,-1048,1515,-3045,6155,-3187,1515,-1282,6155,4925,8604,3781,5780,353,8964,3020,-6811,115,5643,3020,-6547
8/4/2023,3200,-29,2129,3180,2243,3116,-116,1723,2436,3647,537,2970,-1520,1613,2358,1771,1250,49,1817,-2738,-7459,2612,5816,561,22,-1741,11062,3257,950,1423,4197,1830,1771,3180,2250,4161,1684,1735,4446,2124,1477,3923,-610,2295,4092,3807,1250,49,1067,-255,-6539,4040,253,-11977,1405,-255,-7240,4092,5816,-13355,389,10932,2318,8190,744,7333,2225,6285,-513,1009,4218,-1605,868,-7284,14612,19536,2849,3978,14202,19864
8/7/2023,-291,1045,-1787,25,-60,-3739,2,11,-1787,100,-770,359,-1675,-3550,-1589,-1465,-2974,-1948,-1915,-4466,-5074,-1460,-6177,-5852,-1430,-787,-185,-2320,-4480,17756,-595,1072,3484,25,-60,5062,15,-60,5062,-1725,-1263,-915,-2180,-7540,-18651,-2050,-4044,-1948,-2915,-7167,-7568,-2845,-12142,48046,-3150,-6057,-7683,-2845,-11560,50639,-2633,-5169,-1365,-4179,-1503,-4689,-2305,-4118,-4391,-7320,-3975,-6351,-2812,-7056,-4784,17872,254,447,-4784,16801
8/8/2023,105,1814,1557,-425,1814,2433,-560,1814,1557,-260,1529,2977,73,-3633,-5060,1067,1443,-4484,-836,-775,-5781,4915,-807,-2248,192,4055,1814,860,-1007,-943,105,1814,2843,-505,1814,4624,-505,1814,4624,-810,-155,75,-740,-4160,-18305,3946,-2160,-12205,-1040,-2850,-15474,4350,-1664,-38092,200,-2850,-22832,2330,-681,-30658,922,1150,1600,5044,236,3775,305,2918,-1033,-7253,1835,-5350,-5489,-6645,840,2769,4487,1814,840,1843
8/9/2023,3328,7106,4255,4495,5471,8832,1998,5115,10293,5020,4465,8477,3459,-1896,-3169,2501,672,1580,2085,187,1903,4075,3155,44,2290,4059,380,8155,1955,-5141,5020,4975,8512,4635,5471,8674,3630,5255,7955,15811,7170,3270,3006,2262,5775,1481,369,-770,4921,700,1983,3605,1725,-6201,4526,700,-1210,8155,3405,-4691,8479,12309,3755,11857,4909,12309,7401,11622,3711,-841,1625,10120,1843,-519,3920,-6626,2717,4018,3920,-6626
8/10/2023,3430,1805,-2029,2860,2867,-3696,2770,5414,-2054,3135,2725,-4426,1010,4750,-486,445,5954,-5730,1113,4426,-7090,2420,8740,-5535,598,85,544,3596,7790,-7450,3430,2975,-2029,2860,2867,-3696,2503,5457,-3481,2045,4465,-4742,1010,4750,-6559,445,5954,2304,890,6240,1358,4053,5054,23642,845,4405,2216,2735,4652,25628,2431,-3364,2000,-4380,807,-3364,1764,-4380,3944,-1225,2931,-7140,8403,-5925,4386,-6935,-1515,-4140,4386,-6935
8/11/2023,3055,2616,-1407,1712,-1736,2168,980,1297,-1407,2365,-521,-1075,-1530,3992,22296,1735,-1726,3305,-955,1838,7968,1034,582,-2909,497,856,4842,-645,1850,-514,2160,-306,-5097,1712,-1521,-3685,1315,-1521,-3685,1815,14,1475,-1395,4406,23595,1720,-4301,3865,-955,3288,19024,-437,-2024,-1472,-1195,3288,17875,-2170,-2498,-1240,1390,-3086,480,-5765,1390,-3086,875,-5765,6835,23968,-266,-3659,1355,6589,-4395,-4133,3908,8024,-4395,-3911
8/14/2023,-950,2780,624,-475,5355,-910,142,3247,624,-600,4106,581,-1368,6577,-2459,-1265,50,-4317,-722,2576,-4551,335,1473,1824,-1458,-1950,-4770,70,-2907,1856,-590,5355,-7376,-475,5355,-5429,-475,4216,-5429,40,2671,282,1450,6039,-2963,517,2772,1830,-420,2650,1154,357,468,34569,-280,2650,1210,470,2914,35789,-810,-2606,-844,-929,-860,-2606,-599,-929,-3814,-2794,-3191,-6559,-1605,-3648,2033,-1500,-1916,-5465,2033,1573
8/15/2023,-730,-1856,-3773,-1640,-100,144,-1755,1432,804,-1200,-1734,3756,374,626,1473,217,-1143,2017,-359,-413,3621,780,4669,4655,-315,-1967,2030,780,4170,6455,-1200,-1629,-1440,-1640,-100,-121,-1755,1219,-1222,-1725,-3650,-2943,505,2885,-175,217,18,1815,-840,1295,3998,780,3755,73290,-320,1295,3635,780,5035,75198,3177,2043,2825,4404,3388,2043,725,4404,6887,9247,-95,13329,8251,23622,20154,25802,3542,3801,20154,24140
8/16/2023,180,2566,1194,1545,1826,-1336,1368,2566,2874,275,2496,-3022,1400,5818,3598,885,4943,-6735,369,2399,8144,-1070,2670,4073,650,529,-2615,461,-3875,-7500,180,746,-1285,1545,746,-3997,1829,746,-7560,-30,301,-5795,1400,5750,4018,825,4801,-1195,36,5685,2316,186,4034,1415,356,4765,1685,-255,2859,4310,1031,-1938,1826,1559,3034,2361,4756,500,4482,7578,3920,-6275,7650,13171,624,-6992,-893,-3300,-2031,-7487
8/17/2023,1162,-630,-3880,-400,212,-2748,-367,-924,-2785,1800,54,-6224,359,-641,-6347,1452,-1471,-7126,-256,-2992,-7479,345,-761,-1187,-347,-616,608,810,-1217,800,1210,212,-4663,-400,212,-4544,-400,67,-5015,433,-368,-4180,112,-294,-2284,1420,-609,-2709,189,-1520,1454,1686,-1338,2430,382,-1520,2036,810,-420,5220,2518,-1716,1617,-707,2141,-1716,1818,-2510,-3589,-4763,-4177,-6548,-3397,-5642,-7,3985,122,2245,-7,3985
8/18/2023,-320,1114,15130,255,930,12657,542,1114,11582,-490,-10,12845,-1615,-3225,1065,1019,768,-4884,475,-725,-1502,1691,8535,8609,1029,-2500,-1945,1691,10501,2193,-1355,930,15596,265,930,17511,265,930,14276,-415,-1300,8278,-1615,-2755,-2910,1295,1325,9232,2060,3495,14929,1691,8578,67833,925,3180,15575,1691,8560,68006,4401,10300,3646,10849,2790,11991,2325,10849,2005,3112,7292,16622,4060,14106,12593,5232,860,-1605,12593,8920
8/21/2023,1957,943,4246,413,-2561,892,1347,943,4246,1146,-2515,5740,-54,-3539,-6389,815,-3125,-6859,-1764,-4494,-6253,2320,-5605,5203,9,-2784,-2970,2810,-2698,12256,831,1517,6778,413,1517,6822,413,1517,6822,-2220,-270,3449,531,-8319,-14594,815,-3328,-5507,-810,-8900,-6970,1823,-10533,-4769,720,-7950,-6660,2810,-5145,-1518,934,4123,1700,7521,456,4123,515,7981,-4097,-7299,-1562,-3658,-5037,-6333,-21,-3332,-2300,-2675,-21,-3332
8/22/2023,-903,5299,-3166,1490,6184,-2261,60,3681,-4757,-830,4160,-194,3100,9639,2111,600,11727,8099,2855,13967,20421,1668,11249,847,-1390,1343,439,1923,8302,14537,360,6032,-3733,-430,6184,-1650,-155,4624,675,-335,4040,-5306,4055,9639,11628,695,6184,9196,605,13225,24888,1863,15918,21168,360,11834,19620,1923,15337,20387,686,-1276,732,-249,686,-1276,140,-249,7330,6183,5883,1690,5420,9482,6423,-420,2314,1971,6423,1287
8/23/2023,-175,170,-203,1165,170,-1470,321,170,-203,1720,55,-365,561,-2925,-2064,2285,1215,-375,2018,-1885,12089,5015,5858,-4491,3073,-2530,-4530,4065,1754,-5064,500,170,1310,430,170,-2560,1155,170,-2560,2745,-1825,-2925,995,-2240,4885,495,1795,11615,2445,3730,11552,1767,6475,-3887,4160,3730,12205,3080,7003,-7795,1437,-4261,1480,-2873,1437,-4261,987,-2873,410,6145,4610,2355,3330,3253,-3318,-5725,-2765,-5695,-3318,-5725
8/24/2023,-185,-2364,-768,-140,-2505,626,-1570,-2439,-352,-555,-2880,1716,-1008,-2430,-6916,-220,-2845,-7417,-654,-1704,-6379,-1020,1790,3920,-1174,762,-5100,-940,-390,9024,-185,-2520,-1197,-140,-2505,884,250,-2595,610,235,-3405,2241,185,-2015,-12543,-280,-2615,-8537,-764,-795,-7419,-1394,446,3683,-85,-795,-6455,-940,1270,4445,-1110,2433,-2655,1014,-2174,2433,2281,2810,-3589,-7470,-4057,-6191,-2178,-6907,3553,-2705,1035,-2569,3553,-2705
8/25/2023,2754,2690,-322,1565,5327,1661,1622,2352,5773,-150,339,-1595,1576,4127,-5211,488,5714,5712,4248,4640,8251,4880,9316,1155,2545,2180,8607,4880,2067,6149,2150,4095,-458,1415,5535,1965,555,3817,-1384,-1160,-150,-8251,2365,5064,4240,5075,5714,1307,6285,5535,-9847,4391,-3838,-3701,6350,5050,-6704,4880,2975,582,5546,-684,4617,-1348,5462,-710,2359,-267,7148,11962,3490,5932,9115,3042,-707,-2131,44,2415,-922,-1710
8/28/2023,4161,2652,8266,1377,2440,9510,1244,4949,9510,2487,4323,8241,4012,4385,6573,2095,5810,7580,2905,-3433,4404,1927,-2185,1864,196,1516,3296,1876,169,76,2912,4193,11628,2308,2440,10620,1244,4912,10620,3246,3915,12009,5662,4385,14134,2929,5810,9015,2266,-3922,12863,2263,-3914,141,1241,-3922,6770,1611,-5134,2675,2009,4702,4821,4942,3080,4702,3776,7437,6275,8814,3393,6215,3801,4628,4758,1578,6053,6146,4758,8745
8/29/2023,-1227,223,-1504,-1805,-195,-1964,-2404,-117,-1504,-1600,-1050,-4090,-780,-3690,-2558,-650,-3500,1750,-525,-1583,794,-135,7179,-422,-1221,-1430,-4420,-1270,4397,4902,-1600,-505,-1804,-2990,-835,-3085,-2990,-900,-3085,-2555,-6290,-305,-780,-8230,-7985,-1640,-5630,5150,-2795,-6530,3132,-1096,6798,11928,-1185,-6530,4938,-965,8487,12875,-3499,-5116,-3105,-5009,-3499,-5116,-3105,-5009,-3595,-4661,-4420,3958,-490,11718,6262,8420,-2167,-4300,6262,9535
8/30/2023,595,4468,8,-1560,2015,-2401,1147,3457,8,595,3100,-2122,1581,5014,10215,1575,3633,7825,2462,2529,5282,1075,3710,-1318,805,1104,1634,1075,3710,-2849,595,2444,-6304,-645,2444,-3050,-645,1219,-3050,-320,-2030,-4085,740,6098,20139,1575,3633,8370,570,2518,6476,2667,2982,-19483,805,2518,7532,1075,3710,-18944,-4815,-1634,-3730,-1239,-3860,-1634,-3015,-1239,42,5693,-973,5507,-615,4238,-3560,-966,1331,4283,-3560,-156
8/31/2023,3823,3032,-588,3920,442,-1620,2064,3974,130,1307,2110,-1620,4939,10136,2514,1455,8750,-1581,4572,7207,-2060,815,6138,1641,4298,8211,1057,815,7228,-1575,3840,-308,-4055,3920,442,-5166,1975,3208,-4221,500,5373,-6305,4115,10055,9766,915,8750,2882,2255,7168,-3399,2348,3283,-11226,2388,7168,-6983,815,1436,-14511,2131,3429,1463,2767,1412,3429,-435,2842,7564,4880,10985,-788,7451,401,1461,-1269,1297,4272,1461,-730
9/1/2023,2821,1157,-1380,-1575,2869,2265,438,988,2813,1815,1850,-1985,-127,2621,933,-1015,620,-4104,-900,3779,2770,-1015,3757,-4602,-1015,1045,-2190,95,3968,823,1860,-681,-3932,-1575,2869,68,-1565,3085,3331,-2310,-790,1540,20,53,-343,170,-139,-8135,-1170,2435,-1528,-292,6717,-13196,-640,2435,-5864,-340,4216,-17504,773,-27,3772,6625,5291,2963,4491,6018,-44,-527,2960,-644,-941,-3514,1020,75,2912,2663,1020,4314
9/4/2023,115,-1366,-993,-895,-1380,-1650,-541,-1366,-993,310,-595,-770,1310,616,3845,950,2830,5305,1005,3256,5963,1765,1920,828,1060,1172,-859,1660,2115,2048,595,-1380,-2149,-775,-1380,-170,-775,-1380,-170,35,-600,-170,1310,616,3845,950,2830,5305,1005,4136,5963,1410,6321,22437,1120,4136,5963,2450,5415,23780,-721,-6590,20,-2875,-721,-6590,670,-2875,1730,5230,1470,2310,940,1223,540,4375,955,3844,540,4525
9/5/2023,-1323,-1403,-4329,191,-2250,-4384,-29,-1403,-4329,1325,-2150,-7059,30,1655,1038,450,1598,3171,1617,1723,-606,285,4969,-2465,870,826,16,1850,-390,-4809,1325,-1810,-8404,240,-1810,-11134,240,-1810,-11134,620,-160,-11680,1245,1655,2800,-335,1598,3171,1870,1854,-2886,3458,9793,-30394,770,1854,-5475,3350,6460,-32129,170,-5139,-1334,-4544,170,-5139,-1909,-4544,3815,-1793,2435,-1008,4950,-718,3333,-3869,1090,-1135,3333,-3458
9/6/2023,-465,1394,1385,-1015,801,3306,-765,526,1649,1054,1410,4807,1042,1749,-6750,3990,-52,-4985,3725,-2163,1112,2215,-5231,-5498,1260,-615,-2715,2990,-25,-7153,1265,1797,3469,-1285,801,5759,-1285,801,5759,1641,235,2478,1090,2110,-8680,4193,-2067,-6258,2630,-3407,5476,3124,-1700,43178,5096,-3407,11610,2515,1291,43390,3255,6982,2461,2372,4314,6982,1941,2372,25,-7025,3128,-7500,1144,-4054,2327,-3977,339,-2710,2327,-3432
9/7/2023,-868,-1135,1773,-590,60,-3515,-133,-1135,1773,-585,-1870,1913,585,2569,2637,1610,2279,11093,585,-3335,11030,35,-125,17416,-1155,-1000,26,2480,1301,16861,705,1810,3528,655,1810,4210,655,1810,4210,-2405,1745,1240,585,2569,-3040,1635,2279,9250,625,-245,11216,1645,-170,29347,580,-245,11397,2480,-125,29496,1163,6711,-2640,3541,526,6711,-2320,3541,3962,-2882,10823,15161,9304,11886,11045,8978,-3565,-525,11045,7507
9/8/2023,-379,91,612,-950,-1016,-2670,-572,-1722,1541,-635,-747,-355,384,-539,-6791,-450,-875,-4396,33,3163,-6643,20,-2014,-4861,10,805,-920,20,-2014,-6156,-635,91,6426,-950,-1016,3491,-230,-1041,4621,30,-3520,-1470,20,968,-4231,-450,-875,-9126,45,927,-11034,20,-391,-33786,10,307,-10895,20,-2014,-35130,-1177,-707,-1852,-20,-2437,-707,-812,-20,-876,-3233,700,-1444,-3482,-5650,-1845,-6112,617,2547,-1845,-7334
9/11/2023,1475,-972,-3013,30,-1453,710,5,-1453,-3013,1700,-1048,-2051,-1203,-3967,-6992,440,-3338,-7483,-596,-3525,-7488,1685,-933,-5978,-235,-781,-410,505,-905,-7488,1680,-753,-4287,30,367,-4925,30,367,-4925,1615,-608,-4835,-1095,-4178,-12222,-305,-2713,-15023,-3590,-6715,-17159,294,-283,-22711,-1950,-6055,-17055,505,-295,-18448,-978,-5972,-3835,-2450,-1174,-5972,-3030,-2450,-3980,-7477,-4265,-7469,-6617,-7502,-4034,-6998,-1705,-1420,-4034,-7383
9/12/2023,674,-1791,-1172,230,-893,336,230,-1476,-1172,-285,-1120,-1069,-1870,-1303,-6895,-370,-1318,-2298,-1535,-1127,-8728,2595,1730,7077,-615,-768,-1625,2635,1776,9158,-220,-487,-3431,230,-387,-1757,230,-387,-1757,330,-242,-6027,-1870,-946,-5535,-370,-1409,-2211,-1290,-1277,-8958,2635,2712,10554,110,-1277,-6606,2635,3595,12182,-1404,2819,-117,1076,-1404,2819,-117,1076,-3040,-6091,-2748,4050,-4345,1971,3323,3214,-73,-1465,3323,4968
9/13/2023,435,1523,-2609,-707,-1780,-2996,1267,930,-2609,-82,-1640,-2863,2921,5945,12972,2295,90,4361,4188,4330,-3283,2906,15,-4412,3395,2795,379,2471,2954,-7000,2310,-1780,-4714,335,-1780,-6421,2090,-1990,-6421,2403,11,-6156,3890,6120,21384,2005,670,5140,2630,7397,6961,3188,1138,-36311,3630,7397,7533,2471,-782,-35916,1557,9974,-1335,7126,1205,10975,-1335,7126,2648,17841,1360,3020,-564,6569,-1432,-5743,3883,742,-1432,-6441
9/14/2023,-347,958,-4281,1050,690,-4908,256,131,-4281,1268,1550,-5586,-150,1182,-1136,2110,3646,1004,1397,3011,-7384,3527,-2226,-5940,3765,-1250,-1540,3924,-2136,-7190,1268,1247,-9072,1448,1940,-9326,1448,1097,-9326,1297,1232,-2527,267,2946,-79,2375,4061,-2026,1057,3265,-8045,3698,-6041,-30452,3367,3265,-9073,3924,-5790,-30637,13,-4462,-1937,-4554,13,-4462,-842,-4554,5961,-1109,12731,2997,8052,-150,-5486,-5575,-1380,3116,-5486,-5090
9/15/2023,-1400,-927,-5000,-1780,-1240,-3485,-1597,-2365,-4773,-1510,-1190,-3128,-1815,-3677,-4499,-1410,822,-550,-1710,3749,-1087,-1415,187,-4279,-1380,-743,-850,-405,285,1758,-730,-1280,-3705,-345,-1240,-3188,-25,-2505,-2555,-840,-5333,-5804,-2410,160,870,-780,-1923,-6,-3135,2703,-511,460,-2222,-11786,-3195,3788,312,-480,-1063,-11785,-1743,-3534,-2205,-2720,-1743,-3534,-2205,-2720,-1746,-1038,-2393,5349,-4573,15222,-1130,17520,1145,2384,-1130,17215
9/18/2023,891,130,10366,-470,148,14442,882,142,10366,380,-402,15807,5235,5338,2271,5340,-67,8116,6515,5874,-3261,4442,-5256,-4006,5018,8209,-444,4240,-4256,-3835,345,713,18315,-470,713,16371,-470,1063,16371,-245,-787,13227,5235,8329,11432,5340,-67,8116,6515,6777,2296,4939,-5159,-41914,6515,6777,-1479,4240,-5159,-35998,5619,16088,2437,15890,4219,16088,927,15990,4192,7119,-1090,5665,-3268,-2819,-6151,-4690,696,5591,-6151,-6137
9/19/2023,-765,2327,337,-1795,1349,-2269,-1983,2654,-143,-402,2058,-2019,1011,-862,-480,1765,150,-534,2560,6235,-6245,1771,-180,-1890,2691,17,1795,1543,1010,-3693,225,404,337,-2470,1243,-2044,-2470,3545,-984,1280,170,-1824,3005,-670,-2389,2065,2760,1681,725,6627,-8931,679,951,-9845,930,6627,-8496,1455,-354,-16019,958,-3404,2590,-2087,5026,-616,1433,-2087,2922,-730,5983,-3721,10662,-2983,6169,6433,1274,1011,6169,-464
9/20/2023,-141,4798,-5728,-230,4105,2526,127,1987,-5998,-195,3766,486,-1505,1358,-6955,745,2984,12002,-241,5750,10015,85,6094,14708,-765,4274,-1530,469,5315,2898,-195,4011,-7666,-230,3955,-5648,-230,2319,-4853,-220,2039,-10860,135,1820,-2590,-55,2984,12002,-1065,6550,8844,-616,7013,34282,-828,5935,8011,18125,7990,17422,11772,-5633,-3919,-6990,2526,-5633,-2914,-6990,1228,-6215,19999,10617,16864,13068,28416,3349,4906,-1525,27371,22950
9/21/2023,499,1970,1743,867,847,-5120,973,-132,-3957,837,1057,-2634,1618,1686,-6772,377,-2274,-3557,262,-1386,-8965,57,1094,-4709,603,1753,3571,32,1819,-4338,560,885,-2117,867,-465,-2587,867,-1491,-2377,-1730,1675,-9135,1172,1686,-7266,870,-2274,-5005,3,-2054,-10658,1883,-131,-4432,25,-2054,-8931,32,1219,-5718,471,-5853,2540,-4067,471,-5853,4400,-4067,2508,-1852,-161,-310,624,1444,-2435,-3154,2650,2180,-2435,2173
9/22/2023,2008,-955,7700,2962,1304,4946,10271,721,5920,8419,1125,2895,4102,2523,4432,2523,7108,-5739,4742,1827,-5,4184,14077,10028,2508,2542,1380,8099,9390,2478,2814,872,3322,2782,4852,2753,10206,2851,800,2678,2058,-2510,4102,2677,2709,2908,6244,-3854,6295,3871,-1675,5729,20719,-19293,3055,2976,395,8099,17250,-24110,1046,4320,4219,3492,2416,3406,3511,3592,8711,13698,5593,7141,3888,1354,5028,2257,2737,3188,5028,-71
9/25/2023,1060,4036,2919,10,1868,3181,10,4011,4033,1060,750,2140,2172,-143,3380,4255,685,-3572,7076,-1287,2345,2025,-1448,-2985,2144,225,-1999,4039,-1567,1674,1060,1155,5162,10,1130,6655,10,1130,6655,5698,6095,2517,2172,-768,8707,4255,535,4377,5702,690,14260,1891,-2381,26769,2296,690,14223,4039,-1448,28097,7635,7940,718,3855,-643,9540,-1516,2255,3552,6499,1346,-903,-2922,1697,-3776,2095,1709,-890,-3776,600
9/26/2023,975,1128,-4857,-1555,675,-5950,915,1128,-4932,-745,-2270,-6390,-240,360,3947,1725,2180,-2337,1870,-1863,5783,-1420,10298,1137,2200,-1734,-2250,2855,3580,-2391,395,675,-4592,-300,675,-1165,-300,675,-80,-815,-3930,-9545,565,-780,-321,2640,4450,10178,1885,-1683,15399,3003,15941,14030,2215,-1683,16019,2855,17495,16418,-485,-2038,-645,-5110,-358,-2038,-1834,-5110,1644,4698,-795,516,4024,6001,17964,4758,179,-2250,17964,5708
9/27/2023,3142,7213,9547,2466,5075,5530,2426,5804,9547,4968,6532,9472,2069,6561,9286,3684,5330,13980,2032,6442,23274,4095,8230,-1022,1741,4162,1809,5490,5235,13562,4968,3635,12871,4890,3909,11503,5245,3909,11503,3837,4792,3940,2268,3790,14605,4666,5330,13980,4681,4168,20550,5309,16857,21688,3516,4168,22059,5490,17930,19376,-363,3839,50,12318,1039,3839,1956,12353,4471,10518,4878,9509,3044,12465,317,-2005,4738,1189,317,21754
9/28/2023,-1345,-6,-3920,445,-1836,-4185,445,-6,-5365,-1980,-108,-5234,350,783,-4871,2805,1635,-5947,730,-3560,-6858,-1475,-4070,-3099,110,-1295,735,-1005,-3890,-4902,-2210,-1836,-11463,445,-1836,-8744,445,-1836,-8744,-2735,-3411,-11905,350,1580,8587,2805,3135,7937,730,1160,5934,-1005,-1015,6224,110,1160,3118,-1005,50,5463,1528,-2684,-460,-5950,-2267,-3141,1250,-6053,2734,2063,3372,-6247,856,-847,-2924,11815,858,604,-3479,14330
9/29/2023,-65,291,-3771,435,-71,-3103,-1097,283,-3156,305,1229,-3863,130,5022,-5460,295,3196,-7395,-1682,2218,-7499,55,-1760,604,-1477,-1685,68,70,-2090,-1522,-40,1229,-6001,-2170,-71,-3145,-595,539,-3290,-2035,-1025,-5033,130,4780,4085,295,4555,-3300,-1335,3520,1146,-246,7516,8187,-950,3520,1940,70,10329,-2009,3061,-1323,5105,-238,4218,-1323,4326,-238,4206,-7275,1545,-3530,2332,-1689,4518,-6369,-1897,34,4518,1695
10/2/2023,4095,-854,3191,3377,2930,1953,2917,6996,3764,2062,-435,1039,6628,7001,3478,2734,4227,1857,6532,6178,4754,2414,3940,-1482,4014,5635,6724,4756,3940,-2245,3332,-475,3191,3377,2930,1953,3201,6198,2904,2727,762,9230,6628,6999,11221,2734,4067,2459,6769,5056,8042,1556,2517,7546,6699,5056,11559,4756,3940,3577,3301,524,2448,3856,5123,4377,2008,553,5768,5014,4762,547,7970,-3616,6657,-473,3978,1185,6505,1005
10/3/2023,3468,2760,-1116,1580,1773,-1116,2069,1835,-1116,3505,5317,1185,-1989,854,-2969,-1295,2748,9119,-1646,3306,2203,-1435,14850,-4052,-1465,-863,-1405,-2490,9481,12260,3455,8442,3736,2083,7117,3720,755,6797,3720,1090,7336,3748,-2530,-150,-1590,-3020,2748,11016,-715,4558,1908,2819,16096,47014,-845,4558,2392,-2190,16756,48043,1008,1313,4564,4523,4716,-424,-2300,4383,-2499,784,971,9900,2889,11860,-1519,38183,-2350,-1395,-1519,21702
10/4/2023,1834,6113,122,1738,5790,3473,3315,3291,-98,2833,6137,1911,315,3582,8084,2005,3061,5413,1418,2061,1362,1805,5925,6649,794,-782,-1542,1805,5975,6649,1863,6852,-2068,1738,5790,-279,2928,5181,-499,60,220,-4342,315,4729,5552,2005,3061,6442,2755,2122,2262,2014,5051,9967,1785,1625,1787,1805,6150,11224,2179,3016,-820,4060,-326,2796,960,4060,4303,6221,-179,2184,1484,4504,2720,3511,67,640,2330,4916
10/5/2023,-1160,7224,8346,-1945,8938,4614,-2031,5741,6491,-545,7069,6700,3047,8456,-1792,2975,5698,-2549,907,6300,-5558,605,2442,-4465,1494,1936,-3190,-320,626,-6750,-535,7370,8346,-2685,8938,8046,-2685,3884,8046,480,4205,3841,3565,6012,-6150,3765,4844,-9445,3110,6483,-8530,4920,1794,-43329,4362,6483,-13405,3465,3427,-48745,1913,1064,4457,-3320,2293,1064,2561,-3320,5678,-3494,4139,-4659,6245,-6224,2428,33,4760,2655,2428,-6234
10/6/2023,556,-1854,-3625,-1830,-3255,-3725,-525,-2182,-3625,645,-2265,-2970,-1825,-4440,-3584,-490,-3510,-3595,-1930,-4500,-7200,-1270,-568,-5552,-1425,-2470,-2710,-1840,-2660,-4442,645,-3230,-4401,-1880,-3255,-5165,-525,-2730,-5165,230,570,-5296,-1285,-6985,-13450,-1695,-5650,-2725,-4865,-6900,-2182,-3670,-7366,-26873,-1800,-6900,1330,-3185,-8370,-24966,-2900,-4372,-2900,-4430,-2450,-4372,-2900,-4430,-3730,-7140,-4465,-7467,-6361,-5495,-3110,-3725,-2890,-2460,-1810,-3725
10/9/2023,-538,-4104,-6796,-295,-1220,-5905,551,-4104,-6796,1510,605,-5715,1002,2060,-394,3665,1245,1373,1645,620,407,2545,-621,-2296,1060,373,861,3000,-2466,-1838,1755,-598,-7681,-195,-598,-6275,-20,-1808,-6275,-1410,-4700,-8815,1442,2060,1204,2035,1245,2163,1645,1325,407,2245,-955,-360,1060,410,-293,2890,-621,1906,268,-5997,2798,-5719,-462,-5997,32,-5719,720,-6274,-2380,-4579,-2048,-5089,-1617,518,412,-764,-1202,234
10/10/2023,895,5557,2146,285,2980,2146,823,5557,2146,91,2969,2146,289,2859,1112,-195,198,-4445,1671,5414,-1417,926,1653,-1680,39,1842,1318,1013,-2,-3404,-209,2980,2146,-250,2980,2146,590,2980,2146,1426,4390,2456,-161,1895,905,-165,255,-6700,2063,6005,-4387,2882,6007,-15647,629,5620,-3283,1852,3985,-18855,-430,-590,-400,-590,1620,-590,-215,-590,1574,-456,970,-1665,5266,-268,12330,6828,1307,4560,12330,6828
10/11/2023,3182,2142,2507,1194,1532,3485,1810,3641,3777,3130,4345,3663,5280,1983,-5141,6326,3906,-3245,4300,14183,-6869,3712,8297,9285,3867,5077,8263,3712,8297,5851,3315,4345,5141,1589,1532,9651,1180,1532,7867,3770,-1280,4182,5280,1983,-5397,6326,3906,-6345,6259,15422,-7329,2986,6761,-1075,4636,15422,-6985,3712,8297,-3806,2684,710,5003,4114,4067,710,4497,4114,7018,-5509,4386,-3420,6251,-6757,2613,3396,1819,1987,2063,-449
10/12/2023,1051,-938,-4425,3449,-1947,-5490,4010,-1094,-4440,2691,-202,-5825,3092,5357,10926,1749,3302,-2355,1265,4359,-7940,1640,6073,-5935,2434,3992,5588,3135,6170,-7015,2691,-1352,-3550,1539,-1947,-4790,1884,-1942,-5140,3133,-1050,-7225,3092,6781,6771,1173,3467,-1735,963,6468,-9158,3755,4428,-32456,4397,6468,-8655,3183,6877,-32370,2478,594,2092,2350,1348,594,4890,3005,3725,5378,617,-2375,-415,-6390,-3110,443,1327,5202,-3110,-678
10/13/2023,-1495,3355,-496,424,3458,777,-563,4473,-601,-1043,3458,2299,240,2129,487,-975,4725,-1637,1533,6152,-107,1150,19021,-4899,-1275,-1094,-2078,1925,16321,-1859,-320,3458,-604,520,3458,777,610,3062,672,-2125,-943,720,240,1217,-1339,-775,4725,2020,1725,7532,5501,1117,16123,24372,1235,7142,7293,1925,18930,19474,1590,-6128,4090,-5820,1207,-6128,3359,-6181,4705,4770,6016,5436,9169,6969,10085,4690,1259,-1675,10085,5588
10/16/2023,-870,1262,4672,-1205,814,-219,-302,1234,4672,-1475,-1161,-219,2264,2666,6517,1230,2203,2691,4468,4934,1062,3795,20444,-1393,4403,2917,-1560,5460,17676,-1533,-1475,819,4672,-1540,814,-219,-1050,814,-219,-2210,-1790,88,2280,2923,8313,1230,2203,4408,4673,4615,12072,6109,20046,1056,4813,4265,13054,5460,20444,1693,-97,849,1835,-2163,-97,849,-710,-2163,2046,5552,2912,-128,1443,-990,6350,-956,-1394,-2867,6350,-1369
10/17/2023,574,4903,8630,-1090,3218,-1161,244,4903,-2444,1104,5033,6569,347,1247,5507,1337,2528,765,170,2369,-3635,195,-3408,-5775,685,1352,-120,1960,447,-7485,-1930,3218,7321,-2105,3218,4233,-1205,3218,5353,75,1522,-772,1042,2494,8824,1747,-920,-5400,3480,2290,-6740,3656,-6004,-47210,747,2290,-6895,-665,-8595,-49440,1751,-239,690,871,1046,-239,1830,871,1411,1396,-2185,-5965,-1763,-5811,-4403,-6975,-798,-1537,-4403,-7320
10/18/2023,786,893,-3469,1500,5,-2520,1537,1098,-3469,2340,1095,-1795,4767,5319,-5280,2885,11158,2036,1219,12462,2503,1915,8886,-1681,1409,1036,-1225,2295,7538,-3711,2340,325,-3469,1500,5,-1795,1740,-1400,-1795,-380,2117,-1045,4767,5319,-9233,5407,11158,-5160,1219,12462,2503,4270,18089,-955,1866,11227,706,2375,8336,682,5777,10000,3587,10893,7575,10000,6706,9613,5646,-1891,4028,2705,11810,10538,401,-945,5226,-1225,401,430
10/19/2023,5810,10348,19739,2675,8315,20543,4899,11250,7900,22549,7644,9274,5840,6094,3977,7104,8532,10047,5363,4546,8780,3972,38092,25926,5378,5508,14478,3612,17283,19325,4890,9261,19739,2241,8315,12704,2471,10197,19274,6108,9636,12897,5840,6094,4425,7104,8532,9489,5363,5423,12203,4059,25035,11349,5378,4148,14002,3612,36627,13620,8027,17659,6103,15923,4955,16484,4853,13779,6764,1368,8061,8657,7663,8105,8868,13697,3580,2070,8433,11275
10/20/2023,-370,406,1616,1065,2576,4959,133,1311,1616,25,1510,4498,1007,1045,-256,588,530,5977,897,-615,2226,2380,-4,4415,592,69,2462,1430,470,12039,25,1510,5408,1065,2576,3761,49,1268,3721,1066,1671,1738,1784,3448,932,910,5,9037,1335,141,6854,1102,-1025,35203,1090,141,5801,1430,-4,36549,1964,7400,4991,6549,2745,7360,7285,6904,348,-5271,195,13691,-3467,5102,120,28718,1903,2462,120,31309
10/23/2023,-1468,2969,1556,-1376,5188,1896,-648,3899,1556,-5,4888,4784,1060,-1832,-3735,290,3415,-1552,-385,3836,-429,3155,4904,-743,-120,-1374,-3100,2298,3979,297,2183,5188,9250,-59,5188,10329,-59,4838,10329,2535,6183,15307,2325,-5215,-9010,189,855,-8519,2085,1321,1081,3732,1922,5782,130,3531,4236,2898,4904,8214,2922,13620,3499,11029,2922,13620,709,11029,2942,-4575,1547,-2715,-1109,-3110,2584,-6435,1343,-196,1444,-6395
10/24/2023,3196,3723,10133,5506,3834,5166,5152,6689,10133,3196,2925,6888,2365,-90,-4550,2225,1607,-1110,838,5488,-3553,5513,15589,-2863,342,3302,3805,3085,11574,-5873,3196,5956,10133,5869,3834,6888,5869,3834,6888,2650,590,3113,2365,355,-2119,2240,1317,-4483,3350,4166,-11504,1430,6475,-17312,1170,4166,-10595,4385,8006,-24960,4983,9176,7146,9402,4099,9176,6678,9402,-706,-4868,1493,3761,676,-7456,8471,-625,731,3641,8471,5576
10/25/2023,913,-2870,-4361,75,-2520,-3698,226,-2745,-2824,860,-1197,-4351,-350,-1632,-6917,-625,0,-3818,-144,-1143,-7715,540,-1115,13816,2053,-1866,-1927,2050,-3785,500,-110,-1817,-4074,75,-3675,-3410,375,-4380,-3410,-3920,-6750,-8500,-350,-1535,-12927,315,338,193,510,3110,-4641,4203,6368,31678,1035,3110,-2679,5085,6286,31605,-2158,-6723,-1932,-6035,-2165,-6723,-1392,-6035,-572,-6540,4633,-4076,4208,-5083,-2712,-2341,-1204,-405,-2712,-4205
10/26/2023,-1490,894,7020,1132,1409,-648,-48,972,7020,585,3250,4544,3090,4468,4672,755,5682,13786,15319,9618,14824,3594,-1348,-2297,1569,2715,3812,6075,4485,-2220,-240,1253,447,-890,1253,4108,-1350,-64,4108,2703,-892,2956,3220,6307,29508,-135,5682,12863,-482,6986,22736,2455,42,-4476,-945,6820,23460,6075,-1693,-5208,3251,-714,9407,5351,3622,-714,8485,5351,4751,11739,4399,15684,1477,25117,-4327,-3830,340,502,-4327,-3696
10/27/2023,819,2000,3964,105,2388,5709,-41,1988,3964,-265,2116,3544,3561,-1686,-5779,1550,-1160,-7491,1383,1090,-7477,-141,6961,-5232,1583,-121,836,1089,6961,-7492,-265,3121,4916,105,2320,4225,105,2320,4225,722,973,1481,4589,-2195,-2880,2774,-1160,5979,275,555,1605,152,4496,8863,624,1240,2757,1054,6961,10374,-335,3190,334,7230,532,3190,-608,8030,163,-6523,7147,-6868,7797,-4012,3399,-5887,-520,610,3399,-7475
10/30/2023,3966,1677,-1884,1932,1849,484,1766,1677,-1884,4186,1344,4617,2838,1916,5416,4641,1203,642,1705,4645,-7453,4411,-5880,-3558,1990,1407,1598,4411,-4496,-4048,3966,1849,2167,1932,1849,1834,1793,1849,1834,2124,-3461,2231,2838,1916,7484,4641,1203,-2330,1325,6182,-4737,4411,-4190,282,2260,6182,-372,4411,-6235,-2290,-873,-609,-460,1920,-873,-609,345,1920,5337,9505,3311,6272,3541,-5255,-4285,-5030,3658,1785,-4285,-5599
10/31/2023,-1435,35,-3876,440,598,-5975,-1489,-2104,-3876,-610,-799,-7445,-692,-4076,-5114,-240,-1349,-1246,-1741,-1295,-4127,-340,1210,-5845,-787,-284,-1625,-390,-2240,-5473,-610,-1084,-6306,440,-1082,-7530,515,-1082,-7530,-1470,-5010,-9645,-615,-3491,-6837,-240,-2005,-2590,-1445,-64,-2677,-789,-2929,-6496,-420,-282,-1983,-390,-3525,10047,-1749,-4900,-2634,-7175,-2483,-4900,-1175,-7175,-3968,-6035,248,678,-2459,-2971,1811,-6995,-1211,-2235,1811,-7490
11/1/2023,4619,6172,2976,1555,4486,2953,1650,6172,1141,1073,2666,955,550,2932,-1541,10902,1591,-542,873,162,-3293,133,-790,4863,1197,400,-2909,1561,180,4416,1223,5296,-1733,1555,5296,955,1650,5296,955,388,-2530,-4488,780,1071,1704,10902,1591,611,5,14075,-1364,1209,281,10617,75,14075,-1963,-255,-790,11007,3479,-271,5110,-1553,3754,-271,3715,-1553,3259,-537,1483,-1016,-1346,691,4275,5824,-26,-716,2505,10837
11/2/2023,725,-3495,-4968,225,-4160,-1607,65,-3495,-2664,-1025,-2990,-711,-1140,-4005,-5657,-35,-2956,-3447,130,-1292,-4848,1060,-3751,215,-475,-1320,-780,-345,-2451,-1999,725,-6250,1749,225,-6250,2009,65,-6250,1793,-2140,-5565,-501,-670,-3630,-10615,-435,-1926,-5137,220,-534,-3608,729,-969,43136,150,-534,-2589,-50,-3098,45826,-1696,-6672,-2426,-6847,-1902,-6672,-335,-6847,-3196,-5547,-1122,-2051,-3241,3634,-2067,-3802,-1876,-1591,-2067,-4098
11/3/2023,-43,844,-2580,1669,1164,-1310,1602,844,-2580,-734,-2280,-3580,459,1502,1665,-225,-1485,-3130,-344,-440,70,-266,-2125,-3458,1117,-2505,25,-551,-2025,-6871,-1525,1164,-3498,1910,1164,-4885,1770,1164,-4885,-1055,-2640,-4717,539,2789,7038,10,-425,-3130,-785,1723,-2910,1572,4261,-3376,-240,1723,-1505,-1206,2230,-1496,2551,-1353,-75,-3033,2291,-1353,1160,-3033,-245,-1199,100,2596,2366,1273,-3035,-3658,2297,-1185,-3035,-6484
11/6/2023,-200,4222,7040,1315,6399,8811,555,5128,7040,914,3325,8216,1430,7119,9776,1385,6108,16535,1490,6270,7668,-135,6489,13304,470,6990,3344,810,4709,14206,914,4940,10178,1315,5566,9815,1315,5311,9815,360,4351,6623,1430,10513,26471,1385,6108,15041,1575,7829,15083,2573,6591,14206,55,7829,16390,3130,6489,14206,3284,7397,3765,7662,2329,7397,2810,7662,1044,3605,-915,2901,2727,5613,2209,7187,1379,3124,2209,7187
11/7/2023,1469,-631,-1585,1645,-631,-2629,2248,-631,-1585,1465,64,-2672,680,974,1017,-550,1475,-4312,3540,3175,7618,-1215,2338,-1422,1615,-2095,-4350,374,2153,-1662,1465,395,-960,1645,395,-1175,1320,395,-1175,2760,530,-722,680,4985,13631,45,3434,-3152,3540,4202,611,2849,1908,-17010,3335,4202,3002,630,2338,-21255,460,-3580,-254,-3018,2135,-3580,190,-3018,2109,7247,3679,-4245,4633,-2003,1683,-4117,1469,-1705,1683,-4117
11/8/2023,2350,1941,278,-95,5947,903,378,5511,278,1790,3657,2632,900,-2228,12538,210,-475,3947,-1821,411,7503,642,-4049,-4255,-1475,1,5637,1894,-2039,-6645,1790,3192,7163,500,5947,3055,500,5362,3055,1820,3331,3866,900,-2510,22169,255,-475,9159,-670,-2176,3491,534,6701,-23247,395,-3270,4376,933,4983,-24918,2441,11895,2654,1272,1608,11895,2680,1272,6965,11224,9100,8001,1535,11032,-4499,-1569,1340,4951,-4499,-5915
11/9/2023,923,3570,-1137,395,3470,-114,898,3360,-1137,1180,1950,5282,807,-1475,-5764,-1155,1106,316,2717,-1304,-5923,2321,1915,1779,3591,-989,6694,6221,3098,-2310,1110,3875,1159,395,3775,6122,700,3665,6122,-375,-1180,412,807,-550,-6042,1837,-75,316,836,-2370,-3,5086,34,-11626,3415,-2785,-668,4334,1580,-12295,3015,6424,3223,856,2800,6424,1700,196,-3085,-4354,-3175,-1417,-3883,8766,2882,2332,737,1881,2882,-1140
11/10/2023,-1131,-1996,-4875,-1730,-1050,-3451,-2380,-2360,-4900,-815,-1870,-2331,-1910,-3625,-6755,-1495,-3995,-1205,-1692,-4472,-7145,2270,2306,5034,-1492,-2420,-1875,1165,-847,6928,-895,-1050,1631,-1990,-1050,3297,-2380,-1440,3152,-305,-2195,3487,-4530,-9980,-21940,-3700,-4995,-757,-2490,-7060,-10095,1631,3280,6382,-2730,-7060,-8755,1020,3890,7001,-2125,-1463,-2261,-832,-2261,-1593,-2606,-957,-3875,-6260,-3465,-2047,-5199,-7464,-1105,-3531,-2445,-965,-1105,-3317
11/13/2023,-45,87,1017,-810,-760,3918,1091,87,1017,-655,-365,435,1274,803,-1467,270,-2154,-5435,1606,-3266,-6248,-435,-1735,-4836,795,-2165,-2071,-825,936,-7141,-940,-760,2217,-940,-760,522,-705,-760,522,166,-2979,-389,326,297,2934,240,-1922,-8058,1010,-1845,-6825,-681,425,-40777,2389,-1845,-12705,-1160,484,-45954,-493,7709,1615,1764,-493,7709,2855,1764,5549,-2268,2555,-2115,970,-6562,-4193,-6795,880,-2611,-4193,-6985
11/14/2023,3631,2144,2572,4732,2144,2852,4119,2144,2572,3626,2260,2852,2809,14528,37806,1520,10100,33647,4957,12151,27458,3789,-805,17252,5640,7135,5588,5199,-655,20695,3631,2144,2572,4732,2144,2852,4119,2144,2852,1135,5139,1816,2809,17003,49481,1520,10100,34159,4957,12151,40596,5199,569,20345,4253,12151,40596,5199,-805,20345,4370,-2350,4704,-834,3280,-2350,4370,-834,15823,28502,11094,23893,15579,17128,5665,-2040,9544,9106,5665,2354
11/15/2023,2481,-2258,1244,-850,-200,1542,-1721,-1244,1244,3310,-1920,1542,-310,3108,-737,5,1032,8056,-510,5992,12129,-205,2112,12354,1040,913,-197,-205,579,22939,3325,1050,595,-850,-200,1542,-850,-177,1542,1810,-2645,-374,-310,3108,1252,5,3264,9524,65,9525,14486,-205,4001,53589,1040,10405,16720,-205,4001,55970,-434,5621,634,3992,-635,5621,2718,3992,4532,-1196,4783,987,11610,10213,14540,22312,7095,34,14540,20993
11/16/2023,151,2714,-661,-320,4583,-181,-30,2714,-661,-65,1853,-416,-665,2595,11021,1050,1639,9560,-1185,1937,10054,240,4725,3110,-1460,122,3820,1810,3560,6011,-970,4820,-583,310,4820,293,310,4820,293,-1170,1205,3951,710,2595,11122,570,1639,9560,1305,1315,9730,2626,8463,19167,1360,1315,7527,2440,6142,19696,-560,-3234,4283,-8,-560,-3234,905,-8,-1721,4266,4701,5438,30,6204,-2959,-4447,26,773,-2959,-5022
11/17/2023,-750,786,-1286,-455,865,-650,-455,786,-1286,-635,-2170,-1845,1570,2404,-1791,160,-1718,-2158,1835,-1421,-1660,1420,-3181,-2879,210,2365,-23,1825,-1748,-6398,-310,825,-1065,-455,825,-1305,-455,825,-1305,605,-295,-1120,1570,7437,9068,1285,4392,-3872,1835,6407,-2266,2345,-3981,-43798,2135,6434,-9899,1825,-3981,-49804,511,-2789,1510,-3119,511,-2789,1940,-3119,1312,-1685,-410,-3551,159,-2994,-409,-6235,-1031,-3670,-409,-6530
11/20/2023,-1165,-2349,-3181,-1945,-2370,-3165,-2455,-2349,-3181,-1775,-2570,-2979,-1665,-3255,-6905,-1355,695,673,-1925,1635,174,-1450,-844,-694,-1465,-1960,-1940,-1975,-1709,18759,-2805,-2625,769,-2990,-2625,1605,-2990,-2625,1605,-560,-2585,-1820,-3460,-3640,-10395,1135,1485,1076,-1395,1730,164,-3195,-1308,43601,-1230,1725,-501,-1890,-1043,45867,1285,-3662,-2354,-3218,-557,-3662,-3285,-3218,-2429,-6185,-445,-747,1925,-2422,3380,4102,-1690,-2090,3380,-996
11/21/2023,-618,905,-296,115,2480,-1594,210,3157,-2235,10,-2960,806,53,-2050,-4458,640,-2555,-5903,609,-2001,2196,-1315,-1903,-4955,-562,470,-1145,-2055,-4480,-4795,85,-4050,3037,190,2040,3034,190,2726,3034,-1070,2530,7364,-1605,-6171,-5950,-1655,-3640,-9995,-1665,-5379,1245,344,1057,18574,-3180,-5379,-2486,-1165,-2094,19171,1727,-3011,-2004,-1750,1727,-3011,-2275,-1750,95,-7255,-2735,-5130,-160,-5559,-3555,-4241,158,105,-3555,-5426
11/22/2023,222,4048,-3400,1950,4633,-1580,2164,3723,-5041,435,3458,-6575,608,107,6028,-23,-1065,249,550,1032,-3925,-558,2525,-1860,-496,-14,2030,345,4500,-4093,35,3763,-10836,1950,4741,-9305,1950,3541,-11725,65,4355,-13215,1155,1359,13105,1080,-1065,-369,820,-1241,-8136,-987,4972,-51669,725,-1241,-881,345,1165,-51513,2187,-4463,4090,-1115,-25,-4634,-340,-1115,2079,13474,1800,1865,-2535,-3522,-1435,1069,2344,2007,-1435,1069
11/23/2023,375,1555,2455,-10,1555,2455,-10,1555,2455,220,1555,2455,3690,5460,4195,2010,4950,5685,2410,7575,7400,1045,2440,1945,4055,2775,70,745,2440,2490,220,1555,2455,-10,1555,2455,-10,1555,2455,-590,640,2455,3690,5460,4440,1855,4950,5755,2260,7575,8820,745,2440,11630,4055,7575,8820,745,2440,11630,62,-4805,-980,-4400,62,-4805,-980,-4400,4755,3510,2540,-950,-380,-1404,-1890,-6215,275,770,-1890,-5795
11/24/2023,110,1060,2895,-640,1760,2895,1269,1760,2895,-785,300,2895,2630,8225,6967,1165,3705,6975,1940,2810,5304,2340,1490,2765,2880,495,1445,1310,2430,6285,-785,1060,2895,-640,1760,2895,680,1760,2895,-1125,740,2895,2630,8225,10145,1165,5570,12175,1940,4675,12100,1980,3355,16477,2725,4675,12100,1980,3355,16845,150,-1935,150,-1935,150,-1935,150,-1935,3675,1319,-2295,-1113,3650,-1446,-210,680,2200,-1135,-210,750
11/27/2023,2110,1145,-1524,3553,98,-1637,1951,1145,-1524,3428,910,-1248,4660,2618,-649,3867,1493,-1584,4200,3885,-895,6857,4195,-1918,4320,6765,3094,5445,3705,-3784,4008,252,-1148,4283,252,-7338,4283,252,-7338,3793,2419,-2963,3811,3419,2807,2510,1988,-1584,5596,3070,-1832,5624,5489,5954,5225,3070,-1458,5445,5635,6832,2759,7405,1530,4756,2759,7405,1530,4756,4148,-535,-2942,-4353,4042,-5473,10090,-6513,7924,5458,10090,-5871
11/28/2023,1192,2661,2961,2749,1595,2311,903,2661,2961,1351,-437,2401,2285,525,-2815,-220,-3230,-3865,1586,-1041,804,-220,-2764,-5970,-220,-2180,-3855,11,-2275,-300,1366,1595,2961,2749,1595,2401,1403,1595,2401,2520,1090,638,1525,-371,3264,1545,-2665,3451,2380,27,597,182,-441,-371,1705,27,2895,2875,-3089,-563,2604,2757,2960,2313,2604,2757,2085,1323,404,-2214,-3050,-6625,-4353,-5268,-2325,-4950,3670,-3170,-2325,-5365
11/29/2023,-303,-3120,-4362,-130,-1250,-4595,301,-3055,-4076,550,-1980,-4595,-320,-2904,-6870,-5,-2153,-5725,-95,-3365,-6970,-455,-207,4276,-1500,-2767,-2035,55,-1555,6897,550,-1760,-4485,125,-1250,-6565,623,-2445,-6000,150,-4115,-8320,190,-1599,-17765,-440,-1665,-6050,135,-1142,-6510,-1250,-233,-3626,-320,-1142,-6000,-945,120,-3003,-699,2129,-1405,2236,-699,2129,-1300,2236,-2704,-2616,-3450,-2957,-3909,-7462,4963,13167,345,-2030,4963,11084
11/30/2023,10868,2187,1492,2315,6365,6689,3904,11079,1544,10610,11565,8310,2805,3771,2705,4203,12814,5789,3980,7143,8156,3131,752,7604,1236,6144,5409,10765,1737,13755,10420,3480,1841,2125,5305,4140,2125,4544,2270,160,5190,1676,3040,5124,8435,4540,12814,5789,3315,8697,-414,13432,1115,-30280,2906,8697,663,10765,2086,-27335,1008,1658,4355,-1999,1008,1658,3494,-1999,10074,7149,4264,-4114,12889,6027,2597,955,2907,1651,2597,1999
12/1/2023,380,-903,-850,42,-1844,-163,611,-673,-850,412,-969,-705,1980,7804,70,473,484,-4514,1098,71,2973,-192,3903,-5976,1371,989,73,-97,3903,-7467,412,-2385,-3064,342,-2385,-3522,722,-2400,-3522,-2411,-2975,-1690,1980,2540,2729,3,-501,372,1043,-556,3090,-97,3990,7600,2108,-556,2421,-97,3903,7132,-1327,-2437,-1770,3584,-1337,-2437,-919,3584,4852,-2856,-1992,26,5612,5294,6053,-2868,-1742,1035,6053,-2958
12/4/2023,2412,-1530,4713,2190,-380,3828,75,-876,4130,2690,-1530,1763,-865,1948,13248,2805,3513,10431,3365,2762,14280,4305,-231,5895,2680,4056,1003,4345,10077,9139,4000,-1530,1460,2390,-380,1674,0,377,1763,438,-1515,3318,-865,7233,18508,2805,3863,18035,3090,4478,16253,4400,2931,21954,2680,4478,17918,4345,4175,21954,-821,2402,-485,2516,-821,2402,-485,1325,-843,12401,-234,11593,1120,15601,-112,11614,2503,1009,-112,11614
12/5/2023,5065,1374,-2235,6271,-604,-903,3083,1538,-2235,4415,-1650,-178,320,1952,7582,1602,-678,9196,1992,8031,742,2065,2532,5389,2928,4716,2890,2200,2532,6258,4415,-1570,-2235,6271,-676,-153,3261,307,-153,155,-458,1358,320,3228,9605,1602,-678,9196,2172,8451,5939,2660,2901,14997,1940,8451,8691,3382,2532,15158,5404,2759,5477,2436,5312,1320,5522,2935,-1339,5699,-1565,7642,1064,1935,-2485,-5855,2387,3145,-2485,-4370
12/6/2023,-1465,-3378,-5451,-1230,-3805,-5900,-2435,-4463,-5762,-1140,-2950,2165,-590,-3715,-5310,-800,-4505,-7657,-1239,-5051,-6839,-505,-663,-746,-1485,-1940,-3310,-1320,-3310,-287,-2560,-3125,-9436,-2065,-4900,-8020,-2175,-3595,-8020,-3955,-4545,-8890,-590,-4685,-20105,430,-4505,-10877,-130,-4590,-10856,-2088,217,8566,1030,-4590,-15969,-720,1885,10404,-5236,-3707,-3890,-1180,-4112,-3707,-1930,-1180,-4425,-4966,-3686,-3128,-2343,-3867,-1160,3604,-774,-3310,-1160,-1866
12/7/2023,-1360,-1282,-3609,-225,-2560,-5770,-634,-1803,-3292,-1505,-930,-6405,2012,-4230,-3576,285,5480,-3807,281,9590,-668,-1210,-146,-1551,3564,-168,-800,4009,-1905,-4546,-2520,-950,-3326,-225,-2560,-6905,-225,-2560,-6905,-1675,1297,-5335,2045,-1700,-767,285,5656,-3220,-2125,9011,-668,3061,444,-3152,-975,9011,763,3924,-240,-4173,-5199,-6388,-4448,-6825,-4284,-6388,-3270,-6825,-4265,-3362,2451,-170,7533,156,2482,-1356,208,-2050,2482,-2513
12/8/2023,-1,578,-4188,590,-1590,-3016,315,578,-4188,65,1217,-3444,-732,1363,858,500,-2830,3351,1062,370,11327,-695,-5808,-1893,-1265,96,-4385,-1110,-3660,6910,380,1847,2073,540,1847,-1333,540,1847,-1333,-735,-113,5507,-140,1230,2128,660,-3845,3596,1020,138,10253,-1561,-4376,22605,1640,138,11925,-1110,-5800,20019,3816,-2038,-2825,-2821,1852,-2038,-2175,-2821,2343,-3804,-3085,-580,-2360,3442,-3943,801,421,60,-3943,4300
12/11/2023,-1500,-3627,-4253,-1760,-3360,-3730,-1228,-3569,-4253,-1930,-2680,-5558,-715,-205,-4080,-710,3112,-3773,-1035,7637,-3005,-12,365,5135,185,1375,-1458,-12,365,6093,-1670,-3180,-3446,-1320,-3180,-4244,-1320,-3180,-4244,-2065,-3860,-6436,-715,4205,-4905,-570,3112,-2179,-1035,7200,478,-12,7,4005,540,7200,356,-12,365,4720,-3258,-4705,-3135,-2540,-2989,-4705,-2805,-2540,-2146,-6538,125,159,1283,-2906,-1795,6988,39,-4470,-1795,6988
12/12/2023,-1491,-4438,-462,-1505,-3855,-299,-1931,-4438,-113,-1630,-2950,1367,-1560,-4202,-6520,-1145,-3985,-7480,-1955,-4482,-7449,-1210,-1030,4506,-1170,-2118,-4535,-2485,-3690,7123,-1630,-2430,1902,-1505,-2430,2144,-1505,-2430,2559,-1825,-5285,-1290,-2860,-13460,-30280,-2635,-7720,-16065,-4825,-10360,-23081,-1869,2168,29055,-1740,-10360,-22595,-2720,2825,29289,-2308,14,-1505,1344,-2709,364,-2495,1344,-4494,-7470,-4450,-7495,-6987,-8375,-1761,2588,-2870,-5635,-1761,6422
12/13/2023,-125,1986,-5912,334,2050,10471,439,-23,-3157,-21,452,-2520,2660,4691,6758,1310,6716,3543,1486,2771,4170,146,5870,-6000,2160,2585,-261,-30,5935,-2431,-140,2050,-3746,-8,2050,-2710,117,1215,-3185,-840,-2840,-6410,2660,8095,11165,1310,6716,6235,1692,1975,2855,-338,-5432,-7569,2015,1975,2065,-30,-2815,-7270,6549,-2074,3285,-985,4074,-2299,3980,-925,1375,3565,5691,-6765,3700,4038,6873,4215,1679,-615,6358,-80
12/14/2023,-812,-2646,-140,-170,-1238,3979,496,-3411,-140,-1340,-530,113,92,-2572,-747,990,-820,1326,-1740,570,1906,-1195,-3220,257,212,413,-708,-2015,-3220,151,-260,-1134,2063,-170,-1040,-2620,665,-2320,-2620,-1915,-4660,-4726,885,-3395,-8606,490,-820,1326,-860,-2230,-511,-2037,-4530,7994,1535,-2535,649,-2015,-3220,9355,3410,3316,5970,8160,749,11136,5000,7954,-2153,-6284,-1350,4213,429,4321,-2475,18197,-333,-2505,-2475,17998
12/15/2023,3965,6280,8588,4335,8374,5316,3601,7086,8588,4161,6279,9996,3755,5573,9791,3620,1751,-3038,4240,2824,-1635,5665,2411,-2070,1966,4507,2284,5000,4481,-4749,4161,7859,8588,4085,9010,9516,4085,7459,9516,2801,4719,10869,3755,7679,24459,4345,3785,-180,3660,1219,7486,4959,-2586,-33875,3555,1219,8750,5195,-1990,-33875,9941,10478,7817,6742,8332,10478,5427,2527,5660,4934,2535,-785,4110,8195,1635,-3575,6724,2817,1635,-4372
12/18/2023,1370,-1196,4216,-585,-2160,5122,-479,-1196,4216,-536,-1945,4564,-1635,-4190,-6990,-645,-1647,3512,-520,575,-380,2615,-3430,-5159,55,-880,-197,2475,-1365,-5586,-870,-2160,4216,-1001,-2160,5083,-461,-2160,5083,-365,-3365,6487,-940,-701,-8690,-416,2329,6086,660,630,4938,4207,-4620,-7664,805,630,5516,2525,-5450,-5806,835,6317,835,7890,835,6317,600,7890,-4380,-7460,6305,6393,4176,-5154,-1765,-3945,40,-1200,-1765,-4936
12/19/2023,1765,-1115,6205,1749,-1115,6205,987,-1115,6205,1445,810,6340,835,-835,4162,1505,260,11126,1425,-1050,10964,585,536,9268,1930,-795,2615,970,719,8731,1865,-1115,9447,1699,-1115,9447,987,-1115,9447,2760,-5,9210,835,4565,1576,1505,1236,17610,2200,-1487,19461,1721,1361,41183,2320,-1487,21956,2635,1361,43989,-1253,4388,-1320,2661,-1253,4388,-1615,3140,-3332,-2329,2567,7138,3350,5820,2796,8285,-3170,65,2796,9369
12/20/2023,1145,630,-3404,1515,95,-1758,1515,545,-3404,1626,1430,-1758,2199,-1586,-5617,2250,-1345,-8572,1771,-1261,-8102,3110,2630,-5360,1121,42,-610,435,1925,-6985,1226,630,-3494,1515,95,-1758,1515,545,-1758,1620,1755,1242,2506,-1360,-8398,2085,-1345,-9622,1771,-1725,-14895,2338,1944,-26599,3260,-1725,-14720,2900,1925,-29435,-1425,-2938,-1425,-2466,-1425,-2938,-1425,-2466,-3838,-7448,-3905,-7230,-710,-7495,-6410,-8225,2966,-778,-6410,-8225
12/21/2023,1617,5691,8112,2725,5204,8603,801,5258,7588,838,7068,11866,5340,1215,-653,3825,-719,-2900,4928,2620,-1012,2200,857,5150,4334,2967,4155,2075,2192,2326,1055,7068,9749,2905,5204,14900,2427,4264,14775,3020,2260,8146,5340,-188,-3042,3825,1554,-2900,3890,2054,-1012,3044,386,12605,2180,2054,-995,2075,1469,12822,2032,6584,2571,6381,1866,6584,1783,6381,1254,-7294,-394,-6156,-580,-3524,3171,8936,858,45,4007,8294
12/22/2023,-377,-1436,-5889,160,-475,-5889,-1556,-791,-5889,-720,-2945,-5124,-620,2206,-494,-750,1260,-1033,-1905,-1414,1342,-55,-1005,-4005,-259,64,8,-1385,-1395,-5106,-720,-2970,-6554,160,-475,-6554,-1745,-541,-6554,15,-3275,-11605,-620,2206,-2651,-385,-1370,-7533,-1905,-1314,-12395,-1893,174,-19002,-160,-1314,-12395,-2451,-1005,-12880,-1475,-5446,-3663,-5510,-1545,-5446,-3278,-5510,2830,3397,2810,309,1918,2123,305,-4855,2240,3451,305,-4880
12/26/2023,-1035,-4570,2483,-1820,-4570,3265,-2225,-4570,2483,-1560,-3190,3853,-1940,-1621,-2735,-1475,-4000,-2702,-1920,-4440,-2070,157,2570,7366,-1390,-2425,2501,1612,2570,10410,-525,-4570,15033,-1985,-4570,15373,-1985,-4570,15373,60,-6455,7288,-2780,-13195,-15015,-2930,-4295,10776,-2860,-10030,10292,1527,2570,99492,-2480,-10030,10292,1527,2570,99430,896,5222,-1272,6111,896,5222,-817,6111,-4464,-6486,-1995,1344,-2140,9600,6867,4785,-595,2501,6867,5515
12/27/2023,92,3268,-1953,115,3268,-1965,92,3268,-1953,115,-480,-1440,1208,5293,8266,645,2555,-2638,495,1581,3528,1780,-1775,-1875,-435,34,348,750,55,-3255,115,3268,-578,115,3268,-205,115,3268,-205,620,2643,-1705,1208,5123,10323,1145,2190,-1160,-445,552,4762,874,-9840,-31369,-285,552,1561,750,-12075,-34165,3590,-2005,3590,-1965,3590,-2005,3590,-1965,5288,7264,1899,-2096,-1576,-1544,-4385,-3445,1443,348,-4385,-4025
12/28/2023,-1000,-2990,-6171,-955,-2950,-6171,-465,-2385,-5386,-1520,-1950,-5760,-770,-4365,-6268,-990,-2490,-3938,-995,-4885,-7271,-785,-3031,6888,-985,350,-1205,-810,-2111,7801,-2150,-2990,-7150,-955,-2950,-7150,-465,-2385,-6590,-2010,-4755,-7355,-770,-4525,-10995,-990,-4180,-5746,-1755,-4785,-9007,-810,-4496,34420,-985,-4785,-6191,-810,-2726,37867,1551,980,-594,-1375,1546,980,-559,-1375,-3868,-6489,-507,-473,-117,3954,9081,6563,200,4355,9081,8225
12/29/2023,6,-2593,-1055,-327,-3157,-3829,-53,-2489,2686,15,-1376,5738,-658,582,10085,-310,-3495,-3254,33,-4081,549,-1090,-6405,-5275,9,49,1293,-1970,-4460,-6334,15,-4180,635,-77,-4682,5162,-290,-3880,4960,-1002,-4680,-925,-655,2598,15110,-310,-1852,-8225,-1762,-3892,5509,-534,-10022,-2748,-1522,-3892,45,-2070,-15950,-4700,-2670,4151,-1245,-601,-1125,4151,-2215,-601,6525,4111,-3515,-5225,2712,-3282,-701,-5055,2711,691,-701,-5215
1/2/2024,4714,6021,10835,5120,6546,5486,1679,5743,1084,4165,1706,5365,2844,2058,13687,2130,5382,17779,1612,9360,32897,2636,8567,11508,2018,2474,3672,2866,8567,16621,1735,5721,9421,5120,6331,1585,4970,6076,2155,1465,7624,1315,2751,2269,15228,2291,3727,17779,1510,7515,32784,3432,6856,33146,1715,7515,31314,2891,8567,31986,9405,12735,6821,10527,7159,12735,7925,10527,3875,22760,5799,18489,10359,26851,4295,8252,2972,5621,4295,12044
1/3/2024,554,2346,196,631,3939,-1905,2481,3685,196,1063,5783,-2024,94,1454,2397,17,2751,3426,127,1493,3176,212,2859,984,127,3352,1885,613,2024,-1831,25,3873,-178,1769,3639,5052,756,4639,5052,-135,1050,3797,652,2252,7145,17,375,5583,127,-287,3337,2414,742,28244,127,-677,5588,613,1498,31043,-4170,5111,-4130,2076,-1947,5111,-3373,2076,1560,2105,-1046,4878,-1063,11413,-1999,20668,1614,1482,-1999,9529
1/4/2024,4402,187,1765,2534,184,-835,2534,-202,1618,5484,613,-815,1030,2249,-1295,2492,1635,-3667,594,5084,-4135,2327,4187,-178,181,550,458,3101,2697,-699,5484,833,402,2534,184,-815,2534,667,-865,470,-2363,-2000,370,1380,-7221,1829,817,-10380,3257,1300,-10412,548,2155,-29901,2430,1300,-11190,1155,2907,-30845,975,2243,975,-2068,975,2243,341,-2068,502,2275,4447,-4445,865,-5548,-858,743,3504,-1020,-858,2912
1/5/2024,1546,3620,1923,3620,2635,-1995,3175,3608,-1235,2140,2950,2675,1645,3654,22144,745,1425,10795,827,2456,5430,1575,2800,2282,1521,1076,6480,1600,550,1499,2215,2675,2818,3620,2635,375,2891,2645,1345,-740,1415,-60,1645,3941,22975,590,1860,13358,780,2505,9656,1998,3468,4744,1275,2070,8355,1075,2800,5550,5611,-6456,3525,-6366,5611,-6456,1858,-6366,9774,21388,301,13649,10552,-188,-2032,-1041,3598,4088,-2032,4606
1/8/2024,-1402,-1941,4995,-765,-1665,4629,-1323,-1589,4995,-1260,-1100,6667,-1970,-4275,-6725,-1500,-3345,-7450,-1757,-4635,-7491,-755,-985,1346,-1375,-2185,-4470,750,-1990,6168,-1135,-1620,3789,-470,-1665,6133,-470,-985,6133,1055,-635,4711,-2885,-11650,-23545,-3980,-7305,-8355,-2960,-9495,-11925,-34,-2254,6305,-2925,-9495,-10916,1130,-985,7423,-805,6236,-635,6456,-805,6236,-100,5866,-3820,-7330,-3930,-7480,-6863,-7480,2525,6017,-3890,-5605,1730,4473
1/9/2024,640,1714,4323,10,1675,5020,110,1999,4323,510,3350,5158,-1960,-3990,-6150,-1305,-3030,-5450,-2000,-4460,-4755,-1410,9020,2746,-1435,-2895,-4425,3745,-35,965,-90,1985,4461,10,2510,5158,110,2510,5158,80,1015,457,-220,1286,527,1730,3033,5927,1325,-960,2330,1560,8992,-5241,2810,-960,2330,1800,11195,-3770,280,-1173,-176,-4469,579,-1173,2072,-4469,-3959,-7120,-4500,-4095,-262,-7694,-5085,2750,-1959,-5700,-5085,2255
1/10/2024,663,-400,-898,815,227,824,305,1197,-898,490,435,-1770,-1997,-4190,-5923,-1015,-3910,-1367,481,-4417,-1783,1516,2775,9298,-1015,-2457,1204,-1000,-1762,11781,695,617,5742,430,2027,7583,430,2027,7583,-800,1462,2624,-2730,-1395,-3903,-368,-75,-1367,1875,2740,-1524,212,1661,37450,715,2105,-974,-2755,2775,41933,1598,692,0,549,2885,692,40,-91,-3780,-4413,-1063,4604,-1013,1266,2990,9426,2653,1204,2990,12537
1/11/2024,1081,-513,5778,1378,-324,4024,1551,-629,2958,1439,-1345,6824,-1654,-4492,-3452,-1470,526,-4336,1210,-4372,-6445,-658,-1212,-1337,1070,-949,4740,-2005,-647,-2982,1521,-247,5183,2208,-64,3690,1458,-64,4155,394,-157,5990,-975,-4005,-5311,-210,-185,-4165,1575,-770,-8775,-3179,-12938,15942,2170,-1145,-8362,-2205,-5882,13112,4988,4899,3823,4423,2997,4071,3344,4423,591,-3581,4385,2182,1879,-6321,1688,16776,4410,7893,1688,16776
1/12/2024,1767,-60,2785,395,3755,-1916,1655,-588,1193,330,305,-3695,1230,4750,25239,1954,814,16707,2235,4956,15281,990,343,-3075,450,3046,6427,2175,-1120,229,905,-1165,-2673,810,1960,-10750,875,745,-13010,780,1695,-11110,760,7169,26992,894,1424,16707,3335,7238,20266,2023,88,-8596,820,7238,20202,2175,-750,-11510,-1834,-4381,-1302,-2507,-2014,-4381,-775,-2507,11172,36530,5389,17270,7960,14278,705,1141,8687,3466,705,1992
1/15/2024,-1055,-1355,375,-585,-1355,375,-585,-1355,375,-1055,-1355,375,105,2770,5290,1410,2330,2045,1905,5390,10075,3195,-1985,390,3110,575,1295,3220,-1765,-3885,-1055,-1355,375,-585,-1355,375,-585,-1355,375,-265,155,375,105,2770,5290,1410,2330,2045,1905,5390,10075,4476,-1093,-6773,3110,5390,10075,4040,-1985,-6730,480,-1165,635,-4035,480,-1165,635,-4035,-1865,1045,-3950,1040,1105,-2187,-400,-2555,-1080,1300,-400,-3010
1/16/2024,3478,4070,11721,2895,3260,10385,1388,3663,11042,3485,4051,15300,2003,2958,4881,3084,3098,-2677,913,1678,3460,-1415,3314,-5921,522,1917,6145,430,597,-6864,3485,4051,13979,2895,3260,14147,395,4629,13652,1335,4965,13053,1095,3646,4881,3084,3098,-2677,-521,2317,-1283,100,4875,-21487,-903,2317,-2571,430,3314,-24316,5351,5500,8006,6196,6197,5442,2686,6144,2529,3575,2064,-3118,2211,636,2928,-2403,2654,6145,2928,-1431
1/17/2024,1806,2164,-401,2240,1256,-3361,873,163,-401,1752,1575,-462,248,2733,7664,2046,-575,-1360,1230,1840,-839,1374,1425,2741,-120,-900,-1174,180,1025,-3548,1752,3341,-1567,2240,1198,-7349,2240,1198,-7349,2471,-1775,-3056,5,5620,12399,480,2980,6197,1904,4692,4219,4030,1406,7275,75,4692,4175,3923,1669,28531,493,1004,-290,-1225,1458,1287,1284,971,286,32,-546,-898,629,38,-1821,733,29,-1764,-1821,-838
1/18/2024,3033,-321,8578,2995,1929,7435,3451,-321,8578,2443,3205,7520,1854,-735,-2582,1120,-2815,3686,942,761,19875,1553,3508,2,1213,2385,1646,833,3576,168,2648,2878,9176,2995,2878,7786,3735,2878,7786,-1092,1134,6509,2383,4489,13813,1120,-1720,7732,2106,1555,16257,-375,-1127,5780,775,-50,16409,1170,3846,6923,-848,2263,1872,7884,-848,2263,1991,7884,-1647,-322,-745,3921,244,9718,-5925,-1320,-972,4712,-5925,-1154
1/19/2024,-209,-4489,-6381,-1270,-4430,-5430,-950,-4045,-6381,770,-2665,-5430,-1540,-3570,-6355,-1240,-3960,-7500,-1870,-3690,-7340,430,-2830,2157,-1285,-2220,-1955,380,-3550,704,770,-4455,-6211,-1465,-4455,-4755,-950,-2695,-4755,-55,-2955,-6050,-4255,-13075,-24585,-1520,-7705,-14005,-3195,-13095,-16554,-416,2067,4006,-2800,-12015,-13445,390,1355,3928,-3129,-6705,-3040,-5770,-2789,-6705,-3470,-5770,-4090,-7495,-4465,-7480,-7329,-8433,-365,-1716,-6220,-1698,-365,-1138
1/22/2024,251,-1941,-5002,-1085,-755,-1710,-470,-2402,-5002,-1365,270,-3930,3159,4797,-678,542,3289,1467,3266,3813,6209,3267,3312,3342,3913,8,2355,3267,710,3375,-1300,-2515,-4867,-2505,-755,-1710,-960,-1730,-1710,-2465,-1795,-1718,2035,4193,-11055,542,3289,1467,5395,5350,6209,3267,8339,13993,4750,5350,7487,3267,7987,16822,-845,-1550,-442,-5317,-782,-537,1,-5801,9353,-4824,3095,177,12782,3765,1644,2270,90,-1675,1644,4389
1/23/2024,-195,-4425,1245,-1545,-4460,-4231,-1135,-4410,1245,-505,-2980,-5426,-130,-510,-2524,135,-2910,-2491,-1905,-4115,-4640,-1525,240,6754,-560,-2000,-147,-1510,-1650,2946,-1315,-5210,-5182,-1750,-6415,-7551,-1135,-6540,-7551,-1395,-6490,-5846,-130,-510,-5379,135,-1665,-2491,-1905,-3510,-4640,-1685,1240,6064,-560,-3510,-4640,-1685,1240,3675,-4819,-6231,-4475,-6464,-3614,-6231,-3335,-6464,-1255,-2229,-1650,-4311,-2935,-806,-1540,-3050,-1715,-147,-1540,-2350
1/24/2024,2407,-404,-2754,1068,1445,-123,1568,-2045,-2754,2005,1445,-1305,1552,-493,-4600,1516,4776,65,35,-1819,-5035,3084,9530,-2182,2055,2497,6024,4048,11155,429,1865,1445,-1596,1068,1445,-5470,1568,-1605,-5470,2835,2955,-7390,2355,1507,-7551,1516,4776,1854,1450,2565,-5112,2027,8709,-8943,3846,2140,-5908,4048,10700,-14681,791,542,1601,-1060,-42,542,-91,-1060,-2524,-6998,135,-2024,2999,-3645,8590,-4364,427,6217,8590,-4138
1/25/2024,315,-1559,-3618,875,-2976,-2207,1778,-1875,-938,65,-1980,-3743,-1450,-2757,-6954,-1017,-1205,-6280,-1582,-4395,-7500,-162,1821,-4450,-212,-1837,-2330,-1427,500,-5895,255,-1980,-553,450,-2976,-750,882,-1880,910,-720,505,-4915,-1450,-2646,-8666,-1017,-2180,-8105,-2300,-3080,-4937,-2713,-10473,-8158,-1007,-3080,-9917,-2577,-9315,-31155,-810,-1020,584,874,-511,-1020,-448,874,-4495,-7455,-3697,-7825,-6145,-6599,-1440,-6024,-2230,1897,-1440,-5666
1/26/2024,210,-308,-2166,-362,-26,-2239,295,-51,-1036,210,1138,-1280,985,3258,-39,3870,-937,-6870,3223,1128,-4822,-235,1428,-344,4091,-349,4650,2810,1428,-1062,210,-1320,-3535,-362,-26,-3441,295,1980,-3441,468,-1415,-1768,985,2105,-995,3470,-865,-9025,4136,3556,-2930,3374,1312,7807,3876,3556,-4415,4000,1428,7645,7356,-5176,6622,-5525,7600,-5176,5087,-5525,1251,1125,-2015,-5485,-292,-6681,875,827,907,2762,875,769
1/29/2024,-1500,-1959,-3212,-1900,-10,-3200,-1284,-1959,-3212,-1970,-435,-5389,-1551,-3925,-6952,-1405,-3970,-7493,-1880,-4608,-6772,-1485,-4519,3602,-1105,-930,-1516,-2590,-4200,-5000,-2270,-10,-1083,-2115,-10,-862,-1790,-10,-862,-3010,-5140,-9122,-1740,-9835,-18575,-1915,-9620,-13178,-3705,-10895,-12450,-2244,-5333,-4082,-1520,-11935,-13010,-2480,-5451,-2837,-1071,535,-1159,660,-1011,535,127,660,-4324,-7445,-4435,-7485,-4665,-7069,1570,691,-1899,-1516,625,1704
1/30/2024,654,-320,-4490,155,-247,-4766,-45,-1385,-4490,-725,556,-6071,1721,4052,-6995,792,1340,1954,129,8056,-1641,3640,7274,-1767,2051,-225,-990,-109,-1827,-2074,-725,-382,-4693,155,-247,-7491,-45,-1462,-7491,-755,-1985,-9200,1750,4052,-1505,802,845,1954,640,6909,132,3969,-2722,-5336,893,6909,-762,4865,-3628,-4663,2127,-3170,-560,-2780,1569,-3170,-147,-2780,-1415,-4808,-103,-1000,-1799,-2291,-5684,12182,971,163,-5684,11068
1/31/2024,2275,2436,9195,1295,3620,9349,1435,4604,11724,2515,3866,11034,1158,4239,3206,4805,3382,4192,1233,2368,-5058,3310,759,-2011,2800,4343,2120,3830,1849,-3929,2275,3042,6629,1295,3620,8256,1435,1910,8932,2064,3654,8118,13639,3070,2660,5050,3097,-1799,490,112,-1509,1978,30,-2014,2025,-758,-1832,2225,1849,-1738,6181,13423,6300,13480,5501,13423,6317,12969,2426,1361,3900,7493,1293,-485,-235,-4825,2143,3457,-750,-5062
2/1/2024,1160,-1692,-2750,1785,-2425,-4830,1254,-1692,-2750,2160,-2855,-5390,85,-465,-6159,0,1540,-6830,-645,-455,-1892,2940,1542,-5706,72,785,51,1545,1542,-4339,1750,-2425,-5743,1200,-2425,-5880,735,-2425,-5880,15,-805,-7555,85,-513,-15104,0,1540,-7665,-645,-2295,-8083,1545,1490,-27213,580,-2800,-7034,1545,1542,-26609,-2587,-7156,-640,-5909,-797,-7156,-2245,-5909,-2175,-7497,-2440,-188,-901,-7443,-1123,-4000,2137,-65,-1123,-6906
2/2/2024,720,730,-3897,-745,610,-4295,634,186,-3897,1875,236,-3030,1328,-3276,-5449,1605,-164,-6639,-149,-3639,-6624,2185,4571,434,1540,-1400,-3239,2185,3121,15092,270,510,-2284,1170,610,-6450,2288,715,-6450,-15,610,-1424,1900,4024,-5147,1035,1315,-2109,-275,1221,-2588,2275,5112,-25924,1025,1221,-1234,2185,4571,-23565,691,-2323,-190,-1265,1662,-2323,930,-1265,-4115,-7000,-970,-4224,-4146,-870,-3706,-3711,-4560,-3025,-3706,-3884
2/5/2024,2074,1785,-3655,2310,1608,-1142,1353,1427,-2811,2305,3602,-1764,-288,1613,4924,-655,-448,-1936,-1442,2352,4347,230,1265,-1117,-540,-900,3040,50,80,-5374,3035,3437,-3253,2310,1608,-2662,2415,1053,-2662,930,2150,825,-555,3505,2506,-375,2279,-502,-1175,4564,4531,-762,1976,-691,-1290,4564,4478,505,3088,678,4228,-22,3790,5203,2619,-1296,4120,-971,5186,1707,890,-1344,5787,-86,6555,-4719,3737,4224,6555,-2075
2/6/2024,45,-945,-132,1632,3279,-290,2461,187,-132,45,2734,1160,3480,3850,-289,6333,1430,-682,2705,1940,708,7490,7293,-1500,3094,2302,795,8640,5224,-3774,45,3279,-132,2229,3279,1160,1034,2649,1160,1457,2909,774,3480,2575,-5311,5525,525,-89,2705,2009,-452,6942,9898,13837,6615,2009,-3901,8640,8676,12568,2108,6971,2278,4812,4748,6971,1353,4812,2958,646,3860,2191,3694,-4092,4229,-3491,1962,800,4229,-4466
2/7/2024,503,2993,-2661,50,1074,-2520,856,2620,-2661,90,1159,-2795,-817,6280,13233,3005,6377,-965,-361,8370,12486,4580,5363,-1865,-1395,38,10,4975,5363,-3271,100,1074,-4982,50,1074,-6190,-545,-1260,-6190,192,319,-3110,-1725,5790,16879,-375,6377,12402,-2890,7909,14547,4109,-3071,11750,-1715,7924,14337,4975,5363,11037,-2960,-2880,-3845,-5210,-3431,-2880,-2375,-5210,7735,11252,7513,-1822,6860,3463,9968,-4115,1038,3211,9968,-5411
2/8/2024,2148,309,-5235,1265,155,-4970,2840,309,-5235,-125,55,-6750,1789,-2050,425,2595,-1430,1087,264,-99,-6195,-118,-4310,7257,1800,-1900,-1888,-118,-3435,8697,2540,-995,-3750,2040,-995,-5615,2040,-995,-5615,1995,-580,-3220,35,386,3819,2595,-2455,3582,264,-1534,-4789,-162,-7070,8095,1945,-1534,-6566,-219,-10190,8697,2240,-3463,1980,-1525,2240,-3463,915,-1525,-493,-3325,2681,4145,3628,-4121,3305,3223,3242,-5365,3305,2687
2/9/2024,-590,-204,-4026,-960,-2280,-4443,-1262,-209,-5491,-1120,-2360,-4166,-1855,-4470,-6775,-325,-3985,-6294,-1565,-4999,-5088,-1445,-1505,807,-1490,-2800,-4430,-2230,-2030,2511,-2130,-2280,-1507,-1170,-2280,-4644,-1170,-2285,-4644,-1920,-3760,-151,-1005,-6635,-12825,-1150,-1770,-8118,-1770,-824,-5489,827,-1794,6544,-2250,-824,-5489,1380,-1720,8617,-4966,-2571,-4210,-5411,-3976,-3911,-2275,-5611,-4480,-7425,-300,-5990,2257,-4932,58,1231,493,-5430,58,-4527
2/12/2024,829,-2312,-5138,1561,-1796,-3269,1054,-2312,-5138,1090,60,-4588,-608,-2675,-5733,765,-3560,2813,500,-3065,-7498,9546,850,4905,-640,-2425,-2092,5361,1080,2695,1930,-1796,1552,1561,-1796,-259,2031,-1796,-259,972,-5180,-1896,675,-2515,-9995,740,-2545,-8215,500,-6930,-12673,9831,977,-30705,787,-6930,-11365,12850,-665,-31945,-2735,-3724,-2735,-1014,-2735,-3724,-2465,-1014,-2787,-5010,-3340,-4514,-4195,-6440,-2441,17049,484,795,-2441,17347
2/13/2024,2166,4488,9716,3671,3592,10470,2540,4488,9716,2386,2361,17891,1032,1878,-2970,4176,6395,8432,2648,4987,5204,690,14010,-2216,1039,1561,2840,487,9305,18512,2065,3592,11838,2430,3592,14617,1800,3592,14617,2980,3178,13516,1976,3735,2525,490,7150,11280,1805,11512,9506,2246,13486,37846,2800,11512,9506,-1369,14010,37953,8091,7389,7709,8235,7848,7389,6225,8235,-722,-65,5660,8436,5799,5319,4520,8787,174,3564,4520,14104
2/14/2024,519,-211,1342,35,539,2595,769,622,1342,-375,1999,3764,2606,7359,6680,2140,6366,15634,1151,2496,10133,1965,3295,4993,591,985,4664,-395,2978,5871,-375,1999,2357,185,539,4343,5,539,4343,85,1311,958,694,7359,3444,4275,6366,17040,1194,7661,21340,2033,2577,-14668,1304,7661,6851,2250,3295,-13125,312,4802,301,3001,870,4802,2165,3001,2189,388,4477,4112,1672,1687,6659,4419,1884,3593,5699,10246
2/15/2024,-945,-1940,-931,309,-2980,-992,309,-1940,-2261,-945,-760,-882,1056,-3245,-6786,1980,-3285,-5531,-1540,-4470,-7387,-532,-3384,-5961,975,-255,1523,-1357,-3705,-7431,-945,-3196,920,309,-3196,-212,309,-3196,2373,-845,-2681,-2093,1125,460,-2773,1980,-5645,-4645,195,-5935,-16978,52,-2379,-43971,975,-5935,-19722,-1357,-3860,-44600,-175,-1758,348,-5006,-175,-1758,-2740,-5006,2395,-5566,3264,-5230,351,-5948,-6060,-4645,-1526,1523,-6060,-5690
2/16/2024,3432,1845,4694,1174,355,9536,565,2025,8639,3853,515,4453,3231,3714,2258,2676,936,1736,3100,-133,1911,2340,38,641,2094,3104,5005,2270,-1780,1759,5505,515,2795,1174,355,4391,565,75,5465,2175,-155,165,3231,4929,4383,2676,1146,4756,2386,2340,-2345,1928,-4001,-11666,2296,2340,-1805,2270,-1560,-13176,7290,3945,8347,12029,6550,3945,4924,11032,6294,-3575,6233,4328,-155,866,360,13725,3633,2738,360,12430
2/19/2024,-595,6380,1935,1400,6380,1935,1400,6380,1935,-580,5460,1935,-540,6250,7840,-1065,5205,5525,2320,11655,7730,985,18305,595,1660,6240,-445,4475,17495,535,-595,6380,1935,1400,6380,1935,1400,6380,1935,240,4615,1935,-1200,6250,8605,-420,5205,6870,2320,11655,8270,3955,20255,8340,2945,11655,8270,3955,20255,8340,-680,-4434,-2525,-4375,-680,-4434,-2480,-4375,-320,2359,1445,1425,6715,3455,7770,1050,2390,-440,7770,1050
2/20/2024,30,14498,9939,8305,6730,9710,2045,11966,6266,4408,14552,9599,1190,-1886,924,2445,-994,400,3027,1473,-3411,3535,6235,-3210,1154,3627,6292,3100,5845,-1660,4408,6530,10617,8305,6730,10693,2045,11966,10105,995,11750,11559,1155,1320,-1171,3120,2280,-55,1863,1343,-6053,1024,3862,-535,1265,1343,-2458,3100,5845,218,2839,4816,4119,7028,2557,6679,3533,4417,5597,224,3245,1140,4622,2003,7648,4495,2466,9412,7258,8911
2/21/2024,13177,4101,12001,19865,5054,11682,19865,3901,12001,2735,5339,12242,7155,11080,7393,11010,3887,13012,3794,6383,16939,4205,9211,-3912,4306,5770,5813,4505,14138,2775,2735,5134,14258,19865,5054,12362,19865,4934,11892,3226,4207,4121,7155,11549,8629,11010,8255,12211,12007,7582,15590,6527,9369,4336,12062,7582,9982,4505,9284,7553,2177,6686,3125,7379,2418,6416,746,7379,3297,4108,1287,7217,3941,12813,6795,2507,3227,12305,6795,848
2/22/2024,-1175,-2632,-4444,-1980,-2944,-4684,-2380,-2837,-4509,-1990,-3000,-6478,-685,-3845,-6902,680,-3965,-4128,-1960,-3066,-7404,-1355,-4847,-3465,-1434,-1430,-2240,-1035,-3909,13496,-2415,-595,-5371,-1070,-595,-4180,-830,-800,-4665,-2465,-1790,-5795,2505,-4642,-17492,1385,-220,-1443,705,3159,-9106,-1080,-7069,-11587,290,2969,-13115,-2055,-7229,-9747,-3080,-5992,-4480,-6448,-4003,-6032,-3460,-6448,-4165,-7060,-4110,-6595,-1906,-7397,-2750,-2999,-2871,-4855,-2750,-3273
2/23/2024,-440,-2682,-3605,-360,-1058,-4026,-385,-2881,-1970,339,-2022,-6913,-90,2280,-1051,380,165,4512,-1970,2744,9148,-650,-6052,-4817,-1425,-8,306,610,-267,-6925,-1875,-1393,3118,-2190,-1058,5777,-385,-1377,6527,65,-1760,692,-90,2862,3675,555,2782,4052,1009,4418,12951,-237,4938,33932,85,4418,15302,650,-1593,32473,-3195,-6764,-241,873,-455,-6764,422,873,2102,8869,-3013,2815,2501,16647,865,5928,-1720,2048,865,11917
2/26/2024,467,-968,-5508,-950,-55,-4896,-1010,-483,-5508,317,-207,-5261,-239,664,1231,545,394,-3928,919,195,-7945,195,-2314,-2185,35,1575,910,505,-2314,463,515,-540,-5877,-645,-55,-5103,-1010,-55,-5103,-740,136,-5538,-239,2033,-3093,140,-130,-4660,919,235,-13378,307,-2314,-43229,-405,235,-11884,605,-2314,-47105,-1934,-3903,195,-1515,-114,-3903,-480,-1515,780,8992,-249,2514,1572,3453,8248,5641,1684,3172,8248,2959
2/27/2024,275,-363,4006,840,-171,4559,-205,-363,4006,1489,-542,3369,1030,-502,908,3975,-2258,-1270,1982,2403,2579,-438,-2847,-3053,190,4978,1497,1489,-1223,-7184,1489,-171,5781,840,-171,6671,840,-171,6671,478,334,1011,1030,-969,2324,3530,-1222,1207,1990,900,7347,2290,-3544,7821,1870,900,7662,1489,-3877,6273,-607,3449,4391,5394,-607,3449,2657,5394,-2096,-129,4848,2835,6897,3770,3972,817,2951,1255,3972,1432
2/28/2024,2626,3906,66,1563,6247,2742,4134,6106,66,2626,2131,2099,4916,13337,16628,6986,11311,-4902,6091,12808,15304,6300,16935,-498,5401,6296,4519,6155,14379,-460,2626,4297,4759,1563,6247,4088,4134,6249,4088,3864,4748,4894,3395,12845,17960,4565,14732,-5344,5160,14668,10958,6814,15485,-7358,4590,15778,12067,7095,16264,-10890,324,4789,543,2062,324,4789,543,2062,14281,24264,5495,3962,3126,14023,2290,-2431,5515,1776,2290,-6640
2/29/2024,-596,317,-2566,55,-465,1800,-500,-1480,-2566,-763,-465,3735,173,1812,-2224,525,842,-365,924,1303,-2978,844,620,6182,5,1236,2126,645,620,8705,-565,-465,3459,55,-465,4584,390,5,4584,-875,-1098,-7,385,1765,1514,1075,842,-365,870,1925,-2978,645,1363,17068,190,1925,-885,645,620,21424,-136,6012,1085,8358,-151,6012,720,8358,-2269,-887,-1139,2345,-2515,-4353,2090,10282,-59,-196,2090,9297
3/1/2024,-1490,-3963,-4669,-1745,-3040,-3707,-2315,-3963,-4669,-1745,-2980,-3645,-1595,-4465,-6380,-1250,-3675,-7425,-1960,-4500,-8415,965,-3665,-1619,-1470,-2440,-2750,1181,-1935,-2895,-2875,-2790,-3552,-3910,-2790,-1795,-3825,-2790,-1795,-3970,-2935,-3145,-2490,-9680,-22303,-4790,-6495,-9840,-1045,-6650,-15135,1019,-5372,-13062,-805,-7025,-14755,1671,-5585,-13062,-5486,-3462,-4050,-3263,-4126,-3462,-3390,-3263,-4480,-7015,-4500,-7450,-6171,-7499,-2780,-6517,-2520,-1470,-2780,-6517
3/4/2024,583,3144,3316,345,3341,-1687,345,3169,-347,2460,1925,-970,1273,2720,-1277,1600,3849,2145,1430,6919,-4553,2130,-1670,-4428,4927,2640,643,1640,-2000,-5306,2460,3558,3316,345,3341,-3452,345,3169,-3452,883,1433,-4445,1273,5700,398,1600,7875,1157,1430,5815,-4950,1640,-831,7300,4772,5815,-4215,1640,-831,7300,2771,1352,1845,6052,2986,462,1880,6942,3387,-1235,5891,4646,3020,2524,-3700,2356,1143,1613,-3700,4182
3/5/2024,616,4436,2499,2370,3407,959,3797,2035,4906,641,2489,1583,1645,5342,3647,2175,10902,13172,3836,17817,19626,1133,13410,2693,4267,4305,-2705,860,7613,1536,616,3907,600,2370,3407,-2455,2455,4242,-2245,1446,1860,-3775,2495,9713,18076,2175,11019,20540,4170,18164,29205,831,15661,32652,4465,18164,29890,860,17485,33109,1979,-509,1597,-5371,4347,946,2901,-3652,12018,3408,7441,8263,10871,12252,6514,1053,2145,-4705,6514,8012
3/6/2024,-765,2067,4518,7,2301,3507,892,4978,8916,-1305,447,1800,2672,2321,-1812,443,-1633,2214,4179,252,887,2567,-310,-3617,4368,2763,5200,2963,-310,-4245,8,2067,6615,17,2301,3583,892,5102,11877,63,-258,4500,3537,520,4630,443,-1633,-6695,3192,320,1881,2442,-1306,-11735,1623,320,-155,2963,-310,-12316,1825,4782,2382,7786,2165,8494,-288,6295,93,-5248,-3710,-6611,-3632,-5225,-366,-3376,3664,31,-366,-3586
3/7/2024,-1486,8281,7052,-175,8477,6940,-1463,8281,7052,-225,7848,14202,-2185,-3965,-5055,325,-2605,-6000,-1704,-3560,-7165,4680,-3628,-5195,-1045,-1702,-4470,4145,-1543,-6809,-3745,9277,7052,-3745,9277,7794,-3745,9277,7794,-1035,5572,14940,-1940,-1943,-15315,1300,-2110,-10880,-1715,3041,-8503,5932,-2875,-25746,-1225,3041,-7886,4145,-3390,-26588,6779,7217,6779,4730,6779,7217,5754,8475,-2690,-6795,-2095,-5270,-1398,1875,-2715,-4820,-2240,-3000,-2715,-7065
3/8/2024,1179,1075,8513,1045,1541,5680,1404,2891,8943,934,1005,4092,1672,804,-548,715,3290,-5609,-1845,1933,2552,-490,9980,-5262,975,-611,-235,732,9075,2549,1179,1285,8513,1045,1541,5680,1113,2891,5825,1230,311,796,1300,1463,6888,715,3290,3956,-1121,2798,6680,-817,633,10057,596,2798,7898,-1790,2140,11703,4899,4867,6739,3935,4600,5401,4643,2022,-4455,-4054,730,-2756,3110,-7390,9570,27793,-2935,-1050,9570,25516
3/11/2024,1179,-2836,-3177,-1020,-1180,-3098,963,-402,-3177,650,-1465,-4611,1803,8331,18836,1085,3793,7330,1228,10698,14480,-1425,6550,-4871,745,232,357,-169,7091,-6817,715,-1465,-9763,-705,-1180,-12801,725,-1180,-12801,-1130,-4376,-10046,1477,8349,17625,1085,4843,7112,975,10707,13053,1517,7036,-25499,820,10943,15659,-985,6550,-25609,-536,-6732,-753,-5760,-536,-6732,-1375,-5760,1691,6743,5264,4884,4166,7724,-6475,-5610,-36,1069,-6475,-6035
3/12/2024,1780,1333,1854,-955,3847,4533,-747,2540,4289,2918,2360,3674,-1045,-2760,-6623,640,-2410,-5460,-1975,-2460,-6760,855,-163,1266,-58,-2362,-3290,980,2833,-2092,2918,3224,1688,-855,4078,5201,-845,3579,5201,990,604,2355,-510,-4382,-13306,1755,-2940,-5308,400,-3810,-2582,2710,-2096,11883,1365,-3810,-1542,980,-141,10326,3796,10415,4642,10844,2223,10415,4292,10879,-4469,-7344,947,-2845,145,-7480,2855,5467,13,-2880,3850,7806
3/13/2024,2703,2969,4965,1330,3317,3752,1460,2969,5475,1290,2137,1412,5100,8205,16755,4290,7585,20586,4161,4811,18186,7030,3410,22258,4655,2788,1525,6195,4040,24490,1581,4182,3124,1591,4182,47,1591,4182,2723,2505,2525,-490,5100,9670,25365,4290,9560,20586,3720,4906,22293,5074,4346,30160,3990,4906,23162,6195,4286,31225,2015,4585,3155,3484,1489,4585,1822,3484,7701,22450,7481,23877,5095,24640,19471,12535,5083,3578,19471,15055
3/14/2024,2998,7929,11734,1900,7602,10270,2573,6425,11734,895,6219,10270,4575,3579,2744,3985,1689,17708,1713,9411,26722,1501,10606,19182,922,3100,-2965,2857,10157,19531,720,8400,11734,2735,8400,10270,2435,8510,10270,1190,6305,7670,5881,10637,17740,3975,6909,26549,-550,13200,43090,2318,15149,29481,2130,13200,43014,3550,19041,42263,2852,13278,2205,16290,8691,15454,1265,13895,2800,10796,3781,26351,9806,26627,5812,4902,430,-2960,5812,6352
3/15/2024,1035,883,2111,1066,1389,2923,1178,1517,1557,784,1484,-2248,2154,5746,14176,1096,6085,12086,1744,6489,12059,2304,4790,4422,1609,2005,-120,3545,6048,4612,1135,1070,192,1365,915,2415,970,760,-1069,-725,-480,-8744,2154,5746,13426,1096,6085,16483,1744,6489,17663,2526,3569,6069,1609,6489,20172,3545,4790,4519,122,5071,288,6348,289,5071,-1217,6348,5689,19388,5004,24260,6254,15742,5826,9258,4504,3029,5826,9258
3/18/2024,-430,-2859,-3203,-700,-2545,-1124,-1195,-2545,-3462,60,-950,-3327,833,2967,-968,620,-830,-4318,734,741,-6478,-1480,-5050,-395,-353,-1570,-649,-1515,-3995,-2376,60,-3345,-7725,-1005,-2545,-7409,-1005,-2545,-7509,1270,-1606,-7185,116,2974,-1404,940,-830,-4485,1240,1015,-7318,-1741,639,522,125,1015,-4841,-630,1990,1385,-2330,-3376,75,-895,-165,-3376,455,-895,3133,-1381,-29,-7195,2346,-4164,2219,-2213,1594,-272,2219,6439
3/19/2024,-495,874,-4210,-1275,-140,-4210,338,1099,-4210,410,-2805,-6415,-1614,-3691,-6986,-845,-3595,-7170,-1890,-4355,-7447,-5,-6455,-5880,-1062,-1480,-4425,1025,-4425,-7455,-300,-375,-4976,-1040,-390,-3805,-370,-150,-3805,998,306,-6105,545,-2450,-9765,205,-2115,-6655,250,-975,-3167,2692,-6676,16957,355,-975,-1515,2181,-4500,18186,-1170,-6108,-2852,-6095,-2852,-6108,-3395,-6095,-3816,-6059,-3960,-7420,-6932,-6630,-6480,-6920,-3350,-5495,-6480,-7490
3/20/2024,820,966,-1183,613,1907,-769,-346,890,-3454,670,2120,-3524,920,1100,-644,-255,110,-5895,-895,545,-6597,265,-3645,6313,-970,1221,-3740,200,-4360,5210,670,1105,257,613,2307,620,-601,822,9463,-950,2195,760,920,1100,5345,735,2294,-253,-895,25,7315,265,-4790,-7505,-970,-600,-3979,200,-6120,-7717,-758,-3227,-1515,5233,400,-3302,-880,4974,583,-3790,-3320,-6125,845,-2304,-4972,13732,104,-5190,-4972,1280
3/21/2024,25,-2426,-6014,-775,-2393,-5220,-1391,-692,-5364,1200,-2165,-4467,1475,-3778,-6945,455,95,-6857,288,-3525,-7495,2930,1768,-4637,1340,-2510,1282,2695,-487,-4637,-440,-3183,-8980,-775,-3198,-7652,-1065,-3493,-7172,120,-1675,-9115,1475,-3640,-14711,455,1395,-9340,288,-2375,-13280,2930,1003,-4637,1290,-2875,-13280,2695,1033,-4637,-3886,-5705,-4185,-1766,-3886,-5705,-2985,-1561,-3517,-3645,-2870,-6884,-1285,-6943,7030,-6704,18,21,7310,-7139
3/22/2024,-875,-3840,-1326,-1135,-3840,-3315,-1135,-3840,-1326,-765,-3150,-2785,620,-1310,-4233,-875,-1945,-146,-1685,-1103,-1229,-1070,-5775,-1349,-790,-535,-3130,305,-2405,-4735,-875,-2180,-1410,-1135,-2180,-1672,-1135,-2180,-1672,-265,-1947,-5967,2155,-3340,1277,-585,-3730,203,-1575,-5400,1029,-873,-4237,-6441,-600,-5400,1402,-1820,-4895,-6979,-1415,370,-1285,-1085,-1415,370,-1499,-1085,-810,-3751,705,3327,-3007,-1440,-505,-6955,-2915,-5935,285,-7430
3/25/2024,3035,430,-1744,2805,3450,-3294,3899,430,-1744,3909,2792,-3294,2720,634,-2836,4745,3218,-1664,2045,-110,-1057,1630,-2961,-441,1700,1174,-880,1630,1845,-5870,3745,2465,-9145,3770,2465,-12870,3770,2465,-12870,-40,1925,-3677,190,1898,6037,5318,1020,-4699,1265,-830,-3803,1761,-889,-57706,4145,-830,-3422,1630,-7480,-58704,751,382,-2329,1446,-691,382,-611,1446,275,-2634,-465,-4535,-3330,-4208,125,-3503,30,-1765,125,-3418
3/26/2024,-1070,-750,-7315,-675,-785,-6938,-1567,-885,-7655,-835,111,-6958,527,-3250,-6980,-1000,-1510,-4011,-54,-195,-5753,306,280,1920,-730,2318,-1549,-185,668,1699,-995,-750,-8505,-675,-785,-6938,-595,-885,-7128,-835,-4065,-13150,527,-3250,-16398,-955,-1306,-1942,-54,607,-22,-605,-173,23572,-680,607,-22,200,303,27567,-136,-7282,-4480,-8895,-2161,-7282,-3635,-8895,-3680,-7272,-1024,-4612,2555,-3111,2315,4073,1171,-2436,2315,1695
3/27/2024,1733,9390,2160,1443,10208,2160,1037,419,2160,960,9213,1730,5525,5654,2033,3205,4026,8986,3067,5139,4530,3145,6245,3033,5771,2617,2755,2630,7040,2663,1733,10283,1730,1443,16438,1730,1037,16438,1730,950,3028,-2125,3560,4465,3814,5565,15081,-5832,3558,8250,2001,3036,10694,-20674,11765,8250,528,2630,10099,-23137,2246,78,3695,-2256,2678,1243,3079,-3841,1959,-374,3680,-3675,12031,7940,8609,2117,4336,1255,8609,943
3/28/2024,-740,-1026,-3073,-990,-3651,-4810,-990,-1026,-3073,-740,-2660,-7205,1000,8479,-2971,815,1543,-3776,754,4481,-6150,3585,-5500,-4310,2337,3266,762,2990,-3120,-6200,-740,-3730,-3073,-990,-3730,-6750,-990,-3730,-6750,-2480,-3080,-3083,1000,10417,5994,815,1543,-6445,1630,4945,-4245,3681,-3999,-17465,2595,4945,-3194,2990,-7505,-15140,546,-5118,10,-6654,546,-5118,-2460,-6654,4070,602,102,-4655,1538,-4963,-4630,-2355,3180,2122,-4630,-3355
4/1/2024,-1100,27,-2383,-440,-880,-4785,-1308,-578,-2383,-1745,-10,-6785,1745,782,-1093,-365,-3070,-2123,576,4488,-1157,1313,-244,-2115,810,3326,150,1313,1256,-1848,-2065,-165,-4533,1415,-1235,-3945,1415,-1235,-3945,-3245,-4840,-6895,1780,782,474,-15,-3550,-7741,815,3683,-7079,2107,131,-25562,-215,3683,-6347,1313,76,-27574,171,-1711,650,-741,-1168,-3204,225,-646,-1836,-788,2120,-4405,-4263,-4883,-3610,-3370,252,-555,-3610,-3370
4/2/2024,-1200,-1087,-5993,-1955,-2605,-5940,-2384,-3955,-5705,-1855,230,-6635,86,-3875,-3276,-385,-3845,-3720,-1050,-3700,-3720,-970,-1970,-3228,-545,-1625,-2258,-185,-1725,4234,-2170,-3950,-8565,-1955,-3660,-6386,-2835,-4630,-3570,-2250,-4070,-7096,45,-6395,-16890,-40,-6180,-7400,-2840,-8180,-7212,-185,-5154,-16659,-520,-8575,-7800,-185,-4905,-21315,-2920,-3964,-3024,-3545,-2679,-3964,-2865,-3545,-4495,-4465,-2890,-4505,-5175,-5676,-2640,-1936,-2290,-1700,-2640,-2346
4/3/2024,25,-454,4202,497,2942,4227,87,4301,3731,1980,-620,7966,26,-972,-1896,883,-662,-6950,-1210,606,-8469,230,-3225,-4930,557,85,-2864,230,-2609,-4141,1980,61,6028,497,2942,5141,572,6530,5141,1898,2397,3514,-1345,-1575,-11245,1131,-1999,-16830,-2323,-305,-22539,1606,-4003,-15968,-505,-305,-24925,230,-7675,-20800,973,8549,1255,7245,973,8549,1255,7245,-990,-2981,-3802,-6319,-5404,-2992,-6280,-6590,-320,-195,-6280,-5527
4/4/2024,1471,-797,-4001,-270,-766,-1413,-861,-980,-3790,2045,-1465,-871,60,-2638,-6031,-501,-1145,-1613,-1100,-2038,-2628,1595,-5510,2374,-610,-1745,-1190,1090,-3060,8386,2085,-1000,-3881,0,-766,-3341,0,-1333,-2776,1730,192,-2250,60,-2000,-2495,-501,-1145,-1613,-1100,-1400,-2395,818,-5432,36412,-610,-1790,-3657,330,-5420,5587,-2778,-4264,-2395,-3125,-2778,-4264,-2395,-3125,-3743,-4089,-1830,1015,-1168,449,-438,-5875,-995,-1820,-438,-6590
4/5/2024,-275,2371,3371,-1163,798,919,-150,691,3371,292,1993,-41,-920,-2440,-4973,330,-3625,-3280,591,-290,-5686,-1335,-495,-2649,1225,-2055,-4450,5825,-1135,-2863,2129,1993,719,1360,798,292,834,798,292,2441,1871,-6935,-2370,-1345,-2485,909,-2340,-3020,817,-830,-5587,2659,-495,-20012,341,-830,-7173,6390,-495,-17343,92,-429,-703,-1235,-704,-429,-703,-1235,-1426,-334,-120,3519,1426,264,-5425,-5170,-982,-5445,-5425,367
4/8/2024,-472,719,-3155,1018,1473,-1155,809,719,-3155,-340,288,-1557,1430,6429,315,820,2223,-6500,-1293,5750,-242,1205,1698,-4747,663,2960,1731,1205,500,-4850,-340,-335,-3452,1018,-335,-3672,130,-335,-3672,-1770,-602,-2152,1430,6828,171,820,2223,-900,-390,6848,-316,795,2821,-6000,961,6848,-3379,1205,1698,-8102,3552,-3264,1238,-4515,3552,-3264,1238,-4515,5291,2058,6944,-6525,6810,-1276,6229,-4959,2904,2251,6229,-3896
4/9/2024,447,3118,8466,3765,2315,6121,3545,3640,8466,3010,2661,6632,3852,2568,6455,1020,-1190,2450,2084,627,-425,2256,2645,-3925,2550,-1835,-889,4210,-385,-6315,2710,1585,6733,3220,2315,7430,3465,3369,7430,5900,-2331,-5183,3766,11714,10512,4130,7820,7050,3887,4215,7955,3367,10439,-25079,2058,3705,9846,3992,7684,-25649,1821,-374,3120,-369,2036,-374,2200,-369,3330,3231,-670,-1765,3150,1360,5690,-5800,-1084,-2131,5690,-5800
4/10/2024,3336,6940,7596,2752,7532,5793,4510,8659,8019,2835,9809,11083,5305,6555,9136,3974,6566,11031,2499,6835,8792,3213,10156,9431,5042,16514,5577,3118,7725,14055,4000,6797,9155,2752,7532,12032,3655,6910,12032,4380,8970,9018,5305,6555,9419,3494,6566,11699,2499,5321,3861,4858,10866,14188,4325,4606,5240,3153,10866,15278,1432,6897,1670,6398,1432,6897,1723,6398,2787,10241,2095,10473,3534,10632,8591,10407,3475,2651,9703,8851
4/11/2024,-180,-1215,-3680,-270,-1695,-2005,-350,-1054,-3531,-235,-275,-3529,-780,-4040,-6918,-1090,-3145,-7183,-1813,-3610,-6400,1405,1205,-937,-1154,-2530,-2145,895,925,-450,-180,-1655,-4802,-270,-1695,-4125,-350,-835,-3400,1112,-2034,-2630,-780,-6830,-18843,-700,-1695,-7498,1175,-3325,-6813,-316,1559,-2590,1585,-4090,-5935,165,2020,-2590,-4457,-1324,-3247,-5,-4427,432,-2690,-5,-4416,-6515,3315,-978,2523,-7107,65,5050,-1604,-1808,65,4130
4/12/2024,-1436,-426,-1362,-1435,-337,-1716,-2090,-2493,-3265,-1185,-500,-4743,1565,6528,7236,-1380,9028,11865,-575,4455,9022,45,4516,-119,1280,33,51,-1170,3234,2830,-360,-2045,-4822,-1435,-337,-4743,-2090,63,-4823,-1300,-2730,-10090,2234,8116,9295,-960,9463,14827,-743,6319,9022,409,5614,1091,105,6319,8253,345,4921,2836,-638,-122,855,-457,-258,-122,475,-457,1064,8724,6411,7092,7479,15214,-26,765,-431,1200,-26,765
4/15/2024,137,862,-3729,301,2060,595,-1618,-1478,-3772,1390,2015,1247,-1994,526,-6510,581,2124,-725,-1645,-4193,-7250,2916,13274,-3662,-1474,-503,-4930,498,-214,-3897,1380,2015,-2352,60,2060,1233,750,-385,1670,-1555,640,769,2245,1075,-10694,3595,2124,-874,-1765,2651,-3784,-292,11790,-3488,205,3288,-6245,1330,13380,-1070,-1231,-2606,-900,-3018,-2816,-2606,915,-3018,594,-6200,2073,-2234,2936,-6733,-842,-3425,-2216,-4925,-842,-3425
4/16/2024,5357,2426,2998,3648,2648,2998,3644,1018,2998,3263,3279,2128,4299,7398,17979,1780,4788,13839,4429,8472,21638,3045,5665,1112,2554,2418,2492,2975,4940,2708,3263,3279,2307,3648,2648,2307,1986,1624,2307,1595,3268,4686,4299,6148,18473,1780,4788,17673,4429,3974,29589,3045,6664,6598,2504,3249,26658,2975,4940,7501,4352,7654,6496,7461,4352,7654,6196,7461,6085,14330,3211,4188,3554,14747,1440,-1841,2347,1801,1590,-3401
4/17/2024,995,865,-514,1529,2670,475,1030,2525,-211,995,865,-143,2641,1370,-6793,840,9682,4213,4121,7474,5729,826,13692,7165,3990,-527,272,535,10748,-2574,995,865,32,1529,2670,736,1030,2525,26,-765,240,-158,2564,-375,-1555,-160,9682,7060,10408,12429,7719,1696,8820,2989,3734,9640,8789,485,11301,5442,2067,715,2814,290,1178,370,1643,6544,1744,-7182,4591,-3726,6979,-7346,2462,-2528,-1095,38,2462,-2528
4/18/2024,129,1489,3343,2473,2520,3343,1148,1489,3343,529,1785,1843,1185,1903,-5060,944,2776,-4424,219,3402,-1693,893,4080,4861,1635,1388,566,1590,8326,2136,779,2520,3622,2803,2520,3622,866,2520,3622,-310,2105,4443,2350,1855,-7222,990,2975,-5690,2131,3120,-5168,423,9146,12716,2261,3120,-3960,1535,10075,2370,975,-1928,885,7872,2105,-1928,2050,5533,1309,-2845,2529,2314,5861,2877,20895,-6118,2203,2495,20895,-6628
4/19/2024,105,-33,-2141,-280,450,-1814,1109,-159,-3030,105,2270,-1719,-434,-3097,-7000,391,580,64,-26,1764,7964,2035,-5650,1634,758,-2175,-4745,3005,2340,11146,105,755,-2080,1120,450,-938,1120,830,-313,370,1120,-8320,450,-2460,-4970,1820,935,284,690,1880,7801,-525,234,23670,1255,1125,10053,1260,1765,25373,226,243,350,-1935,1327,243,3886,-1935,-647,-7060,1670,7260,-1546,5482,5115,14594,-1288,-4740,5115,17777
4/22/2024,1043,-3860,-4377,-282,-1452,-5951,-919,-3860,-4555,-1197,487,-5250,65,1381,898,1935,-425,18,1794,-521,-6134,-540,-4693,-2030,2882,1581,3086,-780,-3880,-688,1135,-1233,-4864,395,-1233,-4917,395,-1233,-4917,-1510,-3526,-8506,65,2080,5595,1935,1465,-5378,1720,-620,-7883,-10,-6975,-4621,840,-620,-8060,-780,-5840,-5737,2420,-113,695,-502,2410,-113,530,-502,1240,-1578,-1849,-6375,-2628,-6751,-5195,-343,-1505,1125,-5195,6377
4/23/2024,1225,555,-159,770,705,665,-98,1500,-159,135,1844,-735,1113,-1646,-5120,3070,-410,3039,1409,1590,-5520,1140,-1635,-4457,1304,-2025,-3275,4595,385,-6478,-270,555,493,770,705,-735,-98,1500,-735,-245,1090,-3020,-285,2135,571,2670,1990,-6877,1525,3940,1373,1904,-1080,3800,1445,3260,12516,1245,-3630,-6076,3279,-799,5574,1184,2249,-799,2575,1184,-2480,-6728,900,-6590,2335,-319,-2680,-5525,-2384,-5665,-2680,-6495
4/24/2024,-1340,1817,-4089,-935,744,-1871,976,1448,-2631,-1940,4544,-3036,293,1354,6030,3612,2805,2870,2555,1585,-2397,4480,-969,-3353,2686,873,-2530,2910,827,-6295,-1490,3243,-6853,-566,744,-1449,1546,3471,-1464,-535,2775,-1134,710,2647,11531,2486,3281,4910,3475,1875,6186,2956,-2486,-11672,705,1875,4868,4395,-2480,-17867,1988,-2593,2303,-1330,-1605,-2593,2116,-1330,3897,-5498,3950,-3931,542,-1475,7266,-4373,-22,707,7266,-3258
4/25/2024,-1225,440,-4357,-1005,-632,-1389,-1005,440,-4357,-1160,-1556,-1389,-1925,-3578,1769,-1060,-3700,-390,-1550,-3590,-5760,-1060,-1390,-6631,-1475,-2500,-3565,960,-2025,-7211,-1160,-632,-3348,-1005,-632,-1389,-1005,-632,-1389,-85,-1452,-6642,1190,300,3592,-1065,840,1980,2690,160,-3250,-481,-977,-2448,3520,-620,-5625,-290,-1390,-3816,-2625,-1031,-2745,-2096,-2625,-1031,-1221,-2581,365,3569,3192,13939,5207,9204,1135,5944,-219,3096,1135,4904
4/26/2024,840,-430,-2639,1355,-300,-4230,-895,637,-2639,1195,2024,-4820,-750,1392,-3265,-1475,625,3567,-1790,3107,166,-1480,-4100,-4779,-1475,-730,-2980,1350,-3070,-5628,1245,-1315,-5850,1860,-145,-6845,1525,-1335,-6845,505,-246,-465,-1595,2790,3343,-140,625,3999,-1000,8394,166,3021,-3705,-18675,-1175,8394,2123,1080,-4100,-26749,-283,-2072,-2180,-4125,-1286,-2072,-1050,-4125,3522,-2072,4291,11233,6000,9850,-1158,-5208,1664,-540,-1158,-6086
4/29/2024,4336,6325,2754,2676,6325,10717,2583,6325,4419,9858,4170,9807,10856,8387,14613,1735,8925,13157,4485,8116,17239,4957,8395,1800,7090,7906,7068,4640,10370,4031,3499,6392,2987,2676,6392,3564,2676,6392,3294,3118,9515,3242,6726,9850,27956,1735,13850,28550,4485,11835,34203,1541,5064,1865,7090,11835,35811,4640,5965,3046,3452,2858,5487,3595,1265,2858,9358,3595,9703,12022,3628,10521,11290,4228,4670,3744,3495,3604,3695,4072
4/30/2024,-1480,-1324,-3956,-1020,-3780,-5680,90,5797,-3956,-1805,7168,-4532,-158,-3767,-2695,-348,-1078,3746,-623,7624,7043,50,-2259,14900,-1325,1207,-1678,200,2351,10791,770,-2875,-5091,510,-2875,-3575,625,-3950,-3575,-2365,-7150,-10300,1690,-3301,-17302,-185,-1078,4034,285,8217,5513,60,6584,6097,105,8217,3461,-495,7126,6882,-3154,-5137,-2390,-2730,-1024,-5137,478,-2730,-3257,-1993,3438,-4490,7161,612,11195,-500,407,1515,10145,-500
5/1/2024,295,7674,4720,1380,6664,3523,715,10908,6811,2932,7425,9557,2538,3996,15700,1359,5565,47723,2147,7015,18864,5504,5581,86224,4887,2380,3783,6977,5581,68412,2932,7095,10812,1380,6664,8200,715,10908,9802,1237,5575,7843,2440,3996,21804,1885,5565,47723,1150,6740,17557,10784,5127,1366,1970,6740,19530,3530,5581,61124,6562,11339,2783,12935,6662,11179,3783,12935,4328,13243,4556,12998,3970,21103,-189,8650,3298,4326,-219,7926
5/2/2024,-386,1912,3101,-340,1053,2636,5,2931,1468,65,1660,3435,-786,415,3843,-125,-1895,-4343,-1985,-517,-7498,-765,-2255,-5970,-624,30,660,-1805,3035,-7500,30,1073,3101,-340,1053,3027,0,3148,3789,-495,2360,1220,-815,-77,4366,-125,-1830,-7726,-1925,-1650,-6645,-2001,-1712,16978,-1800,-1500,-3743,-1805,-2255,19595,828,2629,-61,3448,486,3491,-556,2648,-585,-5073,917,-4791,-1053,-7199,-6495,-7000,-265,1247,-6495,-7500
5/3/2024,35,2064,-2134,45,1261,-3332,-601,3274,-2134,-95,690,-5395,1677,2696,3060,5025,2009,2524,1572,5240,-1516,-1230,3814,-4808,2174,-465,390,-2065,3721,-5396,-535,3511,-4099,45,1556,-7360,45,1336,-7360,-1020,-65,-6135,2105,2495,2404,3720,4166,907,890,3061,-2390,-1574,4746,-23198,1515,1636,-4163,-3560,4679,-25487,-488,-3220,25,-4545,-488,-3220,715,-4545,1433,5163,6335,3616,6130,779,13286,-5148,2461,4474,13286,-4214
5/6/2024,-1115,-2585,-2530,-1515,-2195,-1375,-1435,-2497,-2530,-1635,-1135,-520,-1205,-4135,-5510,-280,-3410,-6241,-1600,-4225,-2432,50,2170,-2776,-1400,-1520,-3895,25,-1960,-3418,-1635,-2195,692,-2370,-2195,2415,-1430,-1735,2415,-1095,-3325,5,-2270,-8665,-22775,-280,-3410,-6241,-1600,-6035,-13704,50,2569,3410,-1405,-6035,-16050,25,4559,3549,-949,-696,-1215,-2600,-1261,-696,-1930,-2600,-4160,-6460,-2010,1445,-3895,1212,29,8488,-2330,-5905,29,9148
5/7/2024,1879,3612,-2247,1932,3404,-2250,1805,2509,-2247,1946,4087,-5185,2118,5496,-5030,2328,4556,-5020,-66,3238,-837,2168,2440,-4652,841,850,4298,3226,2440,-6595,1996,4308,-3087,2035,3258,-8715,2075,2468,-8715,1292,4228,-5713,2075,5840,-112,2328,4740,-7500,-980,4773,-22,3337,1738,-6469,-266,4773,-601,3608,2440,-7103,1590,-1651,-289,3725,1505,-1651,-914,3725,-945,-788,-2520,-4522,-2055,-5068,218,-5691,3340,2134,218,-6007
5/8/2024,1527,4604,2111,980,4575,-3408,3755,7853,932,2774,670,126,-517,-1742,-1128,-825,30,2598,2678,-2342,-1128,-825,3565,-3910,1674,-743,-2930,1335,1310,-6800,2774,4535,659,-135,5475,-3351,3755,4936,-3351,-2190,5415,4577,-1745,933,17659,-1785,50,3818,2710,865,1129,-868,5563,9035,2045,865,1478,1120,4250,5707,1049,-189,1049,407,1329,-189,1049,407,-80,516,-189,-3945,8157,-1114,2130,-5780,4034,-208,2130,-6635
5/9/2024,825,2800,-3341,2015,4455,-4935,1041,2800,-3341,-750,2865,-5740,563,7856,10744,-115,7768,2376,1997,9521,6241,1617,1132,-4094,1799,1008,207,1445,1187,-2220,1060,5100,-8094,3090,5100,-10855,1961,4712,-10855,2625,6330,-12045,425,7856,11208,635,7768,173,2877,9521,10537,2184,1302,-26703,3315,9521,4903,2265,1537,-28465,-794,-6697,-301,-6630,-1064,-6697,-2370,-6630,2541,7040,1792,2469,12038,-32,763,-5766,500,768,763,-1382
5/10/2024,-420,926,-5668,-1535,1086,-5095,750,-604,-5668,-680,-2630,-6525,670,32,-1540,965,350,-4823,-1595,-515,-6559,395,-695,-3329,-485,1297,-570,-510,-1185,-3988,-680,-3335,-4123,-1180,785,-6930,750,785,-6930,-1125,-980,-6885,1250,-1185,3527,965,-2859,-6969,-800,-4365,-7885,-639,-4353,-52341,-590,-3555,-9530,-315,-5775,-54528,1025,-1466,254,-1561,1025,-1466,-254,-1561,-985,1891,644,2050,-2870,3706,-515,-4870,-527,2731,-515,-4870
5/13/2024,-753,3465,-968,-478,4470,-968,-882,3940,-968,-537,3465,-2668,155,6510,9464,234,4575,6593,300,11902,8108,-645,16612,1888,1235,1914,634,-390,12756,2941,-537,3465,-1507,188,4470,-1507,-882,3940,-1507,-1045,465,-1032,155,6510,10070,234,6390,15374,300,12550,18607,-390,18696,18953,1105,12550,18977,-390,18696,20270,-3039,-725,-4150,-2629,-3181,-725,-2880,-2629,12237,4409,7762,-753,14097,7615,8791,785,2262,178,8791,785
5/14/2024,48,1159,-464,-245,100,-629,1643,1499,-464,-415,1180,-4310,604,-1465,-6790,336,-1834,-5891,-245,-1199,-6480,165,2550,-277,515,-905,-1930,425,1980,7783,-385,100,-2158,660,100,-739,660,-220,-739,-1120,-2725,-4249,604,-2560,-3645,336,-1734,-4756,-245,-1019,-3533,-1302,319,-202,435,-1019,1010,-1220,205,1919,1981,1162,915,1272,1480,1162,-553,1272,-4044,-6989,-3376,-7445,703,-7469,-1516,4809,-1053,-4295,-1516,3478
5/15/2024,-1210,-4152,-3769,-1945,-3545,-3007,-2300,-4152,-3769,-1995,-2755,-2473,-1520,-4230,-6695,-1460,-3870,-6470,-2000,-4490,-7473,-1485,3149,1676,-1378,-2255,-4405,-2160,-2360,-1429,-3110,-3885,-769,-2390,-3885,1562,-2390,-3885,1562,-3285,-4385,112,-2520,-8995,-20380,-3795,-7135,-5625,-4700,-6030,-10446,-2661,3354,576,-3890,-6030,-10835,-1730,5004,436,-2715,-1873,-2615,-1655,-2615,-878,-3480,93,-3815,-7370,-4390,-1560,-3030,-1925,-380,-409,-3655,-1198,-380,-409
5/16/2024,164,-439,-5138,60,-1420,-4339,60,-1285,-5138,30,-1420,-7276,85,-2465,-6836,-435,-3325,-6508,1331,-4355,-7443,-510,-438,8306,239,-729,-2140,1180,-438,2211,30,-1420,-7526,60,-1420,-8806,60,-1285,-8806,-150,-2100,-6383,85,-2465,-13750,110,-3215,-8185,-110,-5560,-13663,1647,-1004,-18671,232,-5560,-12200,1425,-438,-21450,1822,-4150,795,-5031,795,-4150,-2545,-5031,-3010,-1765,-1440,-7067,-2324,-3643,186,1833,-440,178,186,-2121
5/17/2024,-323,541,3609,39,510,4228,-330,1281,3609,-90,5,9380,480,-1465,-2967,415,6442,648,330,4216,3569,-566,10491,3657,-236,-200,1280,-1571,9381,14657,-90,510,12484,39,510,12535,-330,1279,12535,170,875,12571,480,-1520,-2830,415,5880,8026,330,2255,16962,-1347,17131,36805,474,2255,17915,-1861,16792,37967,4632,11630,5492,13427,4077,11630,4600,13427,-2983,-3063,7277,9446,754,5445,9816,11934,839,6714,9816,22149
5/20/2024,2823,7720,-2860,2752,6796,-2588,1224,7720,-2860,3410,5984,-2773,2732,11666,2617,4140,14889,4099,4069,15964,4570,4225,20267,-3706,4141,7060,1450,5805,18537,-6609,3715,7411,-6409,1804,7411,-8370,2104,7411,-8370,-490,4414,-3940,3283,11105,5839,4820,15365,873,4925,19745,5110,6038,23609,-11093,5620,19745,3395,5260,25581,-12111,4113,-1883,4726,-2365,2773,-1883,4610,-2365,10454,1675,15374,-3009,12874,-4802,29841,-6060,9454,-360,29841,-6365
5/21/2024,-1385,-3539,-1915,-1915,-3200,-1915,-2250,-3539,-1915,-67,-1830,-2500,-1543,-4320,-6044,308,-3575,-4601,-1880,-4115,669,-425,-1967,2099,-1483,-2340,-2830,-950,-997,5530,-1350,-4835,-3325,-775,-4835,-2500,-775,-4835,-2500,-925,-5935,-3485,-1015,-5670,-14127,35,-5580,-1849,-2980,-8607,-6556,-1002,11,33153,-1435,-8607,-7110,-950,-1967,34385,-1482,-1453,-577,-2819,-1482,-1453,-1335,-2819,-4490,-3380,-1312,-3612,-2361,-5226,50,1775,-3070,-2485,50,5161
5/22/2024,1290,3818,2133,2050,6710,2133,1536,4142,5776,2055,3470,4707,20,-4470,-7000,2150,-3610,-7485,1390,-4440,-7500,-1330,179,-5305,3015,-1970,-689,660,-3569,-7245,525,4575,8361,2050,6710,8361,1536,4142,10076,1805,3425,1933,20,-190,-10581,2150,2790,-14600,1390,2650,-20435,2126,2795,-41102,2650,2010,-20290,2260,2795,-39775,-48,3733,1003,3386,-1362,4597,-791,3027,-3998,791,-3919,-5942,-3329,-1606,-1524,-5035,-1510,4383,-1524,-6223
5/23/2024,163,735,3701,306,4555,1606,451,1810,5029,296,1452,251,1928,34,-723,1513,304,6780,1437,2631,6827,2625,4326,-5439,4899,-279,79,2625,3761,-6719,1307,3460,4533,1322,4555,-5319,1250,4505,6253,1350,440,-1287,3030,-346,9816,1905,379,7640,2445,2476,8733,4769,4326,-15024,3060,1676,7233,2625,3761,-14936,793,2980,1722,4317,1525,3980,1807,6442,-352,-2245,230,8147,1079,3962,1510,3109,-861,-569,1510,9547
5/24/2024,553,-954,90,10,-844,90,42,-1683,90,5,-1380,382,-85,760,-1828,-1360,-238,-6165,-1330,-1392,-6575,-1360,-6350,-6000,-1360,1068,-2190,-2450,-4380,-7464,-1660,-954,382,-845,-844,382,-400,-844,382,-906,-865,4863,1072,760,-7280,-1929,22,-14636,70,-3394,-19201,279,-630,-16586,1572,-3394,-23589,-3230,-7130,-17270,5853,1773,5505,3805,5537,1773,6530,3805,1166,488,-4085,-2933,-4040,-3442,-5602,-4123,-950,-1920,-5602,-5545
5/27/2024,-559,-455,889,-535,-455,2530,-535,-455,889,-495,-445,4130,-1555,-3865,-3860,1015,1485,2035,-962,190,1102,1580,-865,-500,-425,-2000,-530,735,5781,-1045,-495,-455,4234,-535,-455,6415,-535,-455,6415,-1090,-1150,3529,-2090,-2975,-2145,2010,1485,2035,-810,1015,1102,2066,145,-381,-1125,1015,1280,2245,-865,-430,-2052,2514,-2360,2119,-2052,2514,-2035,2119,-3930,-6320,-285,-997,140,-2903,-55,-1980,-2225,-1420,-55,-1980
5/28/2024,15,3250,14354,2325,3250,15939,1555,3220,14872,-45,2666,14353,4680,4760,15405,3065,2115,13704,13945,4035,10477,9190,1457,3451,9395,835,3120,13570,307,3930,15,3250,10147,2325,3250,9466,2665,3220,9196,1775,2090,11679,4680,8585,32633,3065,5715,20496,11915,7425,21124,8669,349,8452,16680,7425,21569,13570,1457,2560,2235,3941,492,6184,2007,1948,1865,-2440,5337,13084,581,1055,5877,1613,231,-3632,7406,3099,231,-2294
5/29/2024,1607,57,-1771,3370,86,-2920,1100,572,-1641,690,-304,-1629,2568,-889,-344,280,-2330,-7203,1144,-1269,-4356,770,-880,-2140,1393,805,1088,1358,-880,-4370,405,1379,-564,955,80,1966,955,-60,1966,185,-2015,-2264,2025,3360,-5010,280,-2330,-14450,530,-1020,-18085,1753,-880,-16984,300,-1020,-18085,1315,-880,-18735,444,3438,2023,1140,451,3438,1128,1140,5789,-4014,3630,2738,7185,-4521,1650,-2428,3322,5508,1650,-355
5/30/2024,825,1058,1331,-655,-154,-2276,-285,1743,1331,470,-633,-3912,-1242,-4149,-6997,325,-3645,-3895,-919,-2744,-8499,364,-1430,-4325,1182,-745,-2065,2236,-4320,4157,865,10,-5639,479,155,-3912,435,1037,-3912,370,-2760,526,-765,-3440,-9966,-364,-4295,-3492,1180,-3686,-8251,-1602,-5432,1633,540,-3686,-7405,1156,-4726,4148,591,-3868,-755,-5106,591,-3868,1498,-5879,-4391,-6802,-1822,-7581,-5840,-8043,-2825,7497,1842,4518,-2825,12385
5/31/2024,3836,5349,12074,2125,6452,19622,1495,4538,6567,3845,7022,10498,1481,-822,-2251,1745,1998,-3859,-789,20637,2600,88,1174,690,983,3178,-1067,405,316,-2449,3645,5303,12074,2125,6452,17257,1495,4538,8421,3585,6692,12063,945,55,-6641,1745,457,-5275,1605,740,-3223,-800,-2622,-12286,2065,1705,-5206,405,-3000,-22393,3068,13893,10733,13721,4275,14279,9753,13032,-1193,-6673,5068,-2979,2368,-3974,3434,25903,11142,-1667,1719,25263
6/3/2024,1090,3322,1557,556,2763,5027,1860,1315,2439,-694,4001,3426,-1620,-4025,-5145,-1390,-2155,-6975,-1610,1107,-6975,-1390,-683,-1167,-1390,-2830,-4915,-53,536,-2706,747,4001,2568,1008,4665,4188,840,3553,2758,1903,314,-2062,-2170,-5565,-7573,2285,3635,-5300,1025,4095,-2565,2141,2041,26137,2776,4095,-4981,710,-3525,21844,4836,6416,6072,5423,6693,6280,4667,5423,-4400,-6970,-4400,-6970,-1247,-6970,183,-4933,-2605,-4955,133,9
6/4/2024,2039,-1282,-1576,238,-356,2630,-515,722,-2617,539,-1355,-3253,3025,5217,-124,2035,418,10,900,4749,1416,1055,-5402,-1536,1970,77,553,1175,-2833,-1244,2149,-539,-7719,-790,-356,-5789,-375,-243,-6709,368,-3975,-3890,2870,3786,5271,1705,418,3392,900,4749,3797,673,-5254,5849,1970,4214,3779,811,-5254,9389,-1308,-2893,-582,-406,-1308,-2893,-890,-406,204,-3169,1133,3766,850,5630,1451,3445,340,-356,1451,1425
6/5/2024,-1253,-2853,-4059,-1825,-1005,-2900,-1796,-873,-4541,-1295,-575,2437,-1970,-3895,-5740,-1480,-2239,-6393,-1760,-4431,-7479,205,1530,3165,-1310,-2845,-4460,220,-477,6285,-1295,-2065,2608,-2630,-1005,4234,-2000,-1005,4141,-1715,1350,2240,-3845,-6985,-22336,-2895,-5745,-8559,-3350,-7460,-19353,199,898,14986,-3455,-7460,-15583,380,1530,15122,-1233,3233,-725,3154,-1341,2665,-2720,3154,-3830,-7370,-4330,-6350,-5334,-7404,-2700,19185,-3370,-2569,-2700,19210
6/6/2024,1188,2090,115,-705,2090,115,332,2091,115,5,2090,1019,3585,13690,4889,560,1497,8259,3747,18931,11123,6240,8837,-470,4300,4135,-395,5860,6288,-2710,45,2090,525,-705,2090,525,-9,2091,525,-620,392,635,3585,13690,7044,685,1497,8259,3985,18591,11123,5860,14184,18593,5805,18591,8498,5860,14576,20725,1634,-6302,-593,-6650,-19,-5387,-2544,-6650,4782,4488,1157,4687,2394,10206,2214,-484,147,-1691,2214,5064
6/7/2024,2456,-556,2885,39,1542,1343,2135,1124,863,835,1351,4170,-640,3452,5832,475,3295,7152,38,2427,6185,1415,2745,13302,-485,5113,2994,345,958,11429,2065,273,2885,39,1542,957,740,2824,957,1364,5755,7222,-640,4085,10964,1520,1575,6827,-755,3673,7493,262,1515,10662,-1625,3673,6247,253,2100,7021,3018,304,2162,-2694,3018,304,3247,-2694,2046,5165,5168,2780,2518,1579,3046,829,1585,3263,3046,829
6/10/2024,-153,1161,-11,-155,1449,153,-312,1161,-11,-140,905,2802,60,1496,2199,1915,1793,17686,4784,4455,13060,740,3850,2961,5,-639,-2400,713,4013,2961,-140,1449,593,50,1449,2802,-170,1449,2802,1530,883,856,1860,6476,24994,1629,4055,19091,3827,8682,26337,1965,3429,2598,3934,8682,27493,713,3850,2961,2267,-2091,1775,-3466,3597,-2091,2699,-3466,526,5039,11466,7744,10117,6420,1898,-4774,-336,-1895,1898,-4102
6/11/2024,992,-1058,1446,-820,150,2211,698,-1058,1446,680,-1413,-40,-1955,-1489,-6609,-1490,-3002,-4665,578,-3795,-6894,-1400,2228,3063,558,-360,40,270,398,4596,680,150,2072,-820,150,1640,-820,150,1640,-415,-745,-1514,-370,18,-13721,-1395,-1522,-4532,245,-4455,-12090,358,3250,17792,225,-4455,-10174,-955,3343,19329,-2970,-2163,-2199,-2315,-2970,-2163,-2199,-2315,-4417,-5914,-1164,-315,-2835,-8299,2358,-8335,-218,-890,2358,-5229
6/12/2024,7570,5611,14035,4710,7310,11566,4193,4819,10263,5760,6601,10404,3878,16502,26950,4645,17259,28107,4536,17977,28857,7140,10470,15574,5663,214,6240,11301,10470,16274,6800,5611,10928,4710,7310,11133,6120,4819,11018,6690,5511,10404,3741,14190,43973,3781,17259,41381,6301,17977,41461,8201,10470,24851,8945,17977,41106,11251,10470,24851,2909,5864,2590,5358,2909,5864,1300,3466,16534,30755,20590,25554,19008,24766,18740,20135,12262,1338,18490,25517
6/13/2024,-1365,2409,2296,-1225,2184,-438,-430,681,2296,-1090,2279,-592,1113,142,-5044,2490,-950,-6355,1523,-3899,-7340,2060,2920,-2225,4100,791,4225,440,4512,-809,-690,2279,7579,-910,2184,-592,-920,1855,-592,-1080,-1940,-1488,1585,-2375,-10365,1270,-3560,-11370,1260,734,-13801,1913,1148,11622,1505,734,-16695,792,2920,5863,1366,7313,3334,6483,-106,7313,3130,6483,4179,-3584,1506,-5832,-2398,-2385,-224,6805,1002,1956,-224,802
6/14/2024,-1480,969,-3428,175,1667,-2191,-957,1805,-3428,366,2163,-2036,1347,1395,-4614,-328,4607,1206,563,431,478,380,1878,4889,1108,40,2342,1153,3613,6084,-1440,2163,-3644,175,1667,-1992,-660,1805,-1992,-2935,-2930,-4209,1050,1395,-6432,1063,4607,1206,-1214,-980,478,1166,902,29299,905,-980,1408,1153,1878,31190,-350,-1063,460,-2021,-350,-1063,-495,-2021,-2628,-4627,-298,4289,-1435,-2644,4625,3036,-2130,-1216,4625,3993
6/17/2024,348,-217,3602,-1525,-1425,4880,-2132,-1218,3542,-206,685,3969,-1745,-3840,-6485,-1255,-3900,-7350,-1514,-4840,-6855,-1375,-5600,-4281,-1217,-2600,-4900,-30,-3090,-5852,145,-125,4020,-2015,-1425,4880,-2465,-1425,4820,835,-215,5892,-469,-7730,-14009,-959,-2060,-6995,1655,-8065,-18228,-5211,-9227,-29195,65,-8065,-17900,-2345,-7270,-29190,-2900,5723,-3309,3825,-3177,5663,-3345,3825,-3850,-7276,-3390,-6355,-5863,-7500,-4080,154,-3423,-1895,-4080,272
6/18/2024,940,3919,257,1140,3941,-925,1285,4131,257,890,6087,-305,2815,6720,13328,1940,4564,3134,1245,9021,-305,585,4659,-4062,1890,4064,2752,1560,4659,-5604,890,3947,-1026,1140,3941,-3210,1285,4031,-3210,-820,3453,1970,2815,6720,14642,1615,4564,3884,1415,8428,12003,3261,4428,2320,2070,8428,-2591,2435,4659,-3079,4,-3021,835,-3780,4,-3021,2605,-3780,774,9145,1676,3227,2964,-1035,-4640,-3333,12,3514,-4640,-3333
6/19/2024,405,1040,-155,835,1040,-155,835,1040,-155,405,1040,-155,-380,3180,2865,-210,4965,7555,-395,6815,11328,-30,8270,7338,-250,955,2140,-105,8270,9313,405,1040,-155,835,1040,-155,835,1040,-155,-1045,-1245,-405,-475,3180,2865,-210,4965,8975,-515,6815,11328,-105,8270,16210,0,6815,11328,-105,8270,16210,-1090,-433,-1090,-2585,-1090,-433,-1090,-2585,3515,500,3665,2075,4270,864,2135,-2490,2755,1205,2135,-2105
6/20/2024,490,2130,-271,1055,3111,-109,499,2190,22,490,3320,1914,1892,2799,3830,-1075,8695,18499,1032,3367,13719,3390,11765,27662,35,-770,-1606,3390,11765,27662,490,3251,2113,1055,3111,191,329,3111,698,100,2280,-3983,125,2967,6768,1765,8695,18499,585,4300,15931,2399,11257,11315,630,4300,17721,3390,11765,12798,3411,-1383,6005,-2872,3418,-3208,5063,-1464,3940,-6683,3213,15630,7158,15014,1095,-2805,46,236,1095,-2805
6/21/2024,6519,-564,-2242,2430,1722,-4164,1840,3409,-2242,3586,297,-1976,1849,3252,3029,4586,5920,8290,3286,8561,4154,6505,1404,-1450,3247,9210,2001,6775,2425,-1665,3561,1662,-5672,1855,2128,-4746,1145,5383,-4746,3650,608,-1900,1890,3458,6397,3140,6635,4764,3015,9745,1650,5885,1792,-16269,3420,9745,4264,6757,-990,-14795,-2831,-4996,-1137,-1030,-2499,-4996,-2014,-1030,10593,11106,4105,1977,6614,6111,2515,-4510,3639,205,2515,-3485
6/24/2024,-725,67,2753,-387,344,303,-807,-1184,-1023,-687,-1772,5063,1723,2059,-4255,545,2647,2303,1874,3513,-2253,705,3320,1745,533,2262,30,1415,765,6450,-815,-1772,3669,-305,344,4908,-597,521,2291,-1565,-5705,-1465,1740,413,943,545,2647,2710,2751,4235,-2253,956,5074,13188,767,4235,-1910,1415,4304,16775,1099,6284,462,7343,2818,6284,2661,7343,4149,-710,2833,7916,7602,11355,9,882,106,1999,9,1370
6/25/2024,1669,4777,2231,1014,1686,2755,564,4647,921,4142,3400,1231,2435,-3899,-5702,3770,-443,3221,252,493,2414,740,2991,14008,20,445,-2170,2526,2991,14540,4142,4406,2231,1014,2934,2755,564,2889,2755,-300,2699,288,1440,1836,-3342,3770,-443,3221,1285,1376,4282,3458,3394,41426,3222,1376,5956,1140,2991,42157,5316,-2595,1196,-2431,4289,-2595,1957,-2781,-3040,-6004,-1773,1427,1825,4494,-2220,9381,-1482,-2610,-2220,9612
6/26/2024,2396,3747,-802,2707,3563,-802,800,3869,-802,2800,2175,3542,717,12941,17460,2625,8083,8177,1198,13684,14990,2870,10237,7662,1203,2054,6172,2990,8655,4662,3820,3200,920,2657,3563,920,2171,4020,920,900,2140,2390,4345,11123,18703,4790,8083,10472,2680,13708,17863,1247,17929,5678,2685,13708,17240,3635,17127,3642,2724,-1740,4230,51,2494,-1740,4399,51,2369,8681,493,4072,5314,1045,7198,-2570,3020,2821,7198,-3628
6/27/2024,888,2138,-1585,1932,1558,-3897,2647,266,-1402,255,-961,-3827,3467,8353,18633,5065,6794,503,1638,7558,-957,5653,4992,-4604,4966,8376,1681,5653,5753,-6448,1176,2790,-3015,1932,1750,-7398,1820,550,-5880,-930,1750,-4035,3240,8749,21848,5065,6794,963,1570,7603,-2106,6851,4428,-36545,5850,7603,-627,5653,4992,-34695,1930,-4786,965,-6942,981,-5722,2676,-6942,7521,20195,408,-5529,9448,9613,-6163,-5138,4670,4317,-6163,-4893
6/28/2024,1335,2622,-2352,621,2551,-222,1202,1520,-3782,799,3077,5105,152,92,-6648,265,-930,-3718,-475,-3645,-6997,526,508,-1031,-1258,-2917,-1214,441,-375,-1075,1335,3077,2900,621,2551,5030,725,2153,4750,624,382,882,152,-235,-17130,265,-930,-1482,-1775,-2015,-11284,-791,3412,3266,-785,-2015,-12563,497,3210,-2162,1864,1324,1310,3885,4506,1324,1715,3885,-2167,-4216,-1867,414,-1777,-5079,2554,14311,-1016,-1888,2554,5055
7/1/2024,-1248,-900,278,-600,-910,883,2835,-935,278,-490,-900,531,330,188,-134,-1425,-1730,-6841,-1745,3909,-988,365,2985,-5985,-436,-1090,-3475,365,-705,-5400,2945,-900,1225,2835,-910,531,2835,-935,531,75,1294,-381,550,1018,-4071,-1140,-760,659,2130,4066,2871,561,3972,31498,140,3451,564,365,2985,29873,-169,5074,-500,3552,-318,1445,-1160,6462,745,2412,-1571,758,632,2803,819,1600,-2738,-3099,819,1125
7/2/2024,-1246,-1484,3496,-1810,-640,2570,-2389,-1484,3496,-1705,-555,1863,-1555,-3569,-6624,-1400,-2390,-5747,-1982,-4463,-4028,-1400,1510,15769,-1490,-2305,-4030,-1059,-335,7629,-1320,-640,3764,-1335,-640,3809,-1345,-640,3809,-2220,-2775,-4115,-1470,-265,-16984,-3185,1195,2048,-1090,2790,-2294,-1889,4507,31317,-1760,2790,-2114,-914,4405,33904,1589,5009,1925,4665,791,5009,-190,4665,-4456,-7123,-420,1805,-2238,262,2275,1300,-3695,-3120,2275,1300
7/3/2024,-488,-1142,2438,-1835,-1142,3405,-1325,-1107,2438,-890,-775,4769,-1925,-4260,-6695,-1275,-3980,-6695,-980,-4260,-6695,-170,5665,-4190,-407,-2150,-4485,20,-648,-4190,-890,-1142,4586,-1795,-1142,4769,-1325,-1107,4769,-1245,-1770,1690,-2015,-10585,-19650,-840,-4400,-7455,-470,-8450,-9929,-1327,6271,-4190,75,-8450,-9815,-370,5665,-4190,-725,2390,-725,3978,-725,2390,-1085,3978,-4495,-6215,-4180,-5290,-6290,-7190,2190,-2310,-3995,-4400,2190,-2310
7/4/2024,-280,4710,2895,1570,6625,2895,2295,5590,2895,355,3285,2895,4220,7155,5200,3000,5795,10855,5170,11460,15180,530,9835,4050,4215,2760,-465,2670,5935,5055,165,4710,2895,1570,6625,2895,2295,5590,2895,-145,4585,2895,5250,7155,6235,3105,8165,12250,5170,13305,16575,2835,18055,27330,7110,13305,16575,2835,18055,27330,1081,-2730,270,-2955,1081,-2730,625,-2955,4885,145,2625,1665,970,838,850,-770,1845,-460,850,-770
7/5/2024,-1051,-3490,727,-1055,-3705,306,-1416,-3490,727,-1520,-2630,409,367,-4355,-6820,-1440,-3240,-5966,563,-3970,-5511,3995,6689,-911,1139,-2895,-4560,1090,6197,206,-2140,-3705,727,-2470,-3705,409,-1895,-3705,409,-1755,-103,-724,-185,-12360,-21130,-1860,-7745,-5940,800,-10080,-6273,1101,5510,25238,636,-10080,-7213,1090,6792,27638,-3091,-1465,-3835,826,-3518,-1756,-3445,826,-4370,-6250,-1635,-3325,-4258,-1836,-2296,6425,-2525,-4470,-2296,-3622
7/8/2024,-712,2560,-971,155,1795,-1889,505,-1059,-971,175,505,328,654,3522,21397,-935,464,13953,1244,3809,19940,3345,-2865,-1497,-935,790,9822,-1045,-1895,-4032,175,2560,-1504,155,1795,-3255,-1105,795,-3255,924,1750,-1025,420,3522,22045,1530,464,15447,-75,4397,26468,-80,-57,9973,-215,4397,27634,-80,-2865,11103,-52,-1210,-2590,201,-358,-1210,-2395,-4800,1954,16815,-1433,6699,975,8714,-321,-1856,270,7668,-321,-809
7/9/2024,-1325,3509,-475,-1535,4670,1765,-2481,4629,-475,-1290,4025,4382,675,-145,-5048,1065,-605,5189,-494,-2662,1270,420,1555,-5218,-217,-17,-1318,-865,3671,10968,-1340,4010,830,-1500,4670,3502,-1965,5145,3502,-1655,165,4830,675,-315,-5173,-1070,-3605,7646,-220,-290,16,447,-15545,53699,-605,-290,1234,-1860,-16870,54265,-553,2838,245,1537,-553,2838,1,1537,2976,-6360,210,3829,3279,-4180,4682,272,1463,248,4682,92
7/10/2024,-555,-2228,4810,-1395,-145,3747,-976,-3353,4810,-255,-100,3767,-1640,-4040,-6840,-440,-1865,-6385,-1985,-2292,-4842,-290,629,-4675,-1305,-1355,-2985,-1180,1520,-5595,-360,-155,6597,-430,-145,7378,-1305,-1090,7378,-646,-1196,3831,-2605,-9695,-19825,-440,-1865,-7065,-3480,-4480,-5137,-2009,2734,95,-2750,-4480,-4783,-1125,3115,95,-1393,5566,185,2290,-1198,5566,-345,2265,-3860,-5905,-4450,-5336,-6924,-3932,-3565,-5130,-850,-2470,-3565,-3928
7/11/2024,-1035,2452,1814,1385,3666,216,1627,2331,-402,-355,2433,-1019,-1995,-1280,-5715,-590,915,4878,15,3153,9188,-1420,800,1018,-1475,-113,-1820,-315,260,1042,-1430,1889,-361,1385,3666,15,1085,3525,-5050,850,3016,-3130,-1359,-1430,-3656,-15,915,6505,-1920,3505,7809,-10,222,6287,140,3305,9645,-10,260,5561,1095,-757,219,1476,-1085,-3501,850,702,-724,533,4270,9721,5114,6823,1663,4416,-2052,-1724,1663,5312
7/12/2024,4170,2818,5644,2315,4620,5812,3338,1798,5689,5610,2409,10427,3931,2228,3269,3364,2575,-4155,3256,948,894,2576,249,-821,1841,3680,226,6166,1349,-951,4966,4255,2092,2295,3875,3718,2295,3975,3674,5885,4985,3059,3535,1145,6058,6120,1560,-4011,2278,410,1463,3780,543,-13347,2813,410,1254,6180,345,-14429,6436,13967,6965,12940,6366,13972,3759,9287,1074,2717,360,-4879,-319,-6693,4758,587,3878,1445,4758,83
7/15/2024,1792,1373,9703,2278,2385,9801,3512,3150,8553,2863,2150,8299,1605,3552,3886,1911,3771,-4685,1240,5670,26847,2630,2359,591,974,1512,1467,2365,707,2841,2620,2150,10394,2278,2385,9326,3612,4884,10398,4947,4642,16078,475,4222,9941,1836,2657,12002,1565,6680,23320,2939,8707,46948,2035,6830,25784,2365,10198,47864,1682,1528,3235,1528,674,-103,1942,1528,5386,16598,6402,16173,7916,21791,7106,2595,3800,1545,7106,797
7/16/2024,45,1525,1640,1395,2120,1932,-348,2551,-2229,1498,2713,2322,875,4324,797,4343,4726,2418,1160,5140,1628,3563,10273,11215,1260,7240,5442,1325,10387,2712,1498,2363,3258,1395,2120,-743,1107,2120,-743,567,-507,-4190,875,4557,797,4343,4726,2418,775,5140,1628,1161,10273,-1762,1260,5290,808,1325,10273,-6598,2598,2052,1594,4110,1364,4674,1860,2634,1321,1288,4206,3513,1745,9479,4225,4439,647,2661,4225,15023
7/17/2024,-1495,-2395,20,-306,61,-1057,-945,-1443,-1236,-1975,-1320,616,1632,3518,-2715,-1445,2945,-327,-965,3240,1897,61,6906,13758,1211,-2140,328,61,6757,17894,-105,-53,1927,-790,-790,-234,-925,-360,-329,-210,-167,-790,2514,519,-6225,-1150,2018,1867,-1430,2325,2168,802,4098,22645,-2510,2325,5913,61,6871,19371,3546,622,4715,1525,2540,838,3297,789,477,1891,603,-1228,4569,-1187,3373,20306,-2866,-1615,3373,19267
7/18/2024,6207,6149,19151,1464,8109,15609,6040,6480,12809,285,7205,19860,2960,-1316,13289,1305,7845,18883,1428,6446,38240,250,12635,32169,8828,362,1878,-140,8465,18879,695,8149,18285,1464,8109,15583,6040,6569,19745,135,4569,6525,2960,3135,32125,1305,7845,29291,8850,7073,40944,3032,10805,49461,12797,7073,38389,-140,11515,51346,3087,7631,5685,4147,4163,3974,2020,2121,6093,16670,8371,18873,9017,18539,10691,1671,2916,4226,10691,1721
7/19/2024,1715,-1667,5271,2226,-860,6770,3,227,5280,962,-2300,4146,3028,3741,-6910,-1425,441,10488,957,3015,14043,916,5658,11028,2796,876,-4600,3196,6261,6006,962,-3293,5271,2226,-2588,6770,3192,-3645,7445,2354,-395,98,1735,4030,8919,490,441,12515,3191,2971,15193,6245,4554,19805,2456,2971,13395,4267,5658,20361,1618,1195,1470,2856,1539,2274,4282,715,1079,-7110,3393,5361,697,10494,18657,19126,795,-2735,18657,23439
7/22/2024,2080,2710,-1514,1815,4799,5005,1511,4155,-4332,1726,3104,-937,1905,9141,1740,2440,4401,-3675,2253,8127,-4930,475,-2437,-5624,1273,2701,2362,-25,-1397,-5902,3103,5175,-1216,1815,4799,-255,1815,4867,-2768,2038,6436,-955,1905,7904,5620,2440,4401,-2946,1935,8875,-5798,-366,-3499,-28810,2475,6335,-4920,-25,-2215,-30684,1576,11040,2163,6697,-1020,8162,120,9407,8778,-4462,-1061,-3740,6156,-4696,6640,-2640,3801,558,6640,-3749
7/23/2024,2318,-907,-2860,552,-619,-5813,-309,360,-2860,545,-1230,-5899,1050,4296,4489,475,4919,6081,1965,3672,3148,545,-3370,-3235,2776,829,1650,430,-995,-5415,-310,-1190,-9587,705,-619,-11000,-320,1524,-11000,-710,-205,-1615,625,4296,4410,475,4919,6081,1936,4688,9367,3456,1133,16839,2531,4688,10588,430,1371,11985,2587,-2410,1721,-1299,667,-1823,3029,-1529,7816,9334,9140,1340,1878,3774,2727,3625,-828,5388,1632,-2640
7/24/2024,-1295,-206,3025,-1790,475,4137,-210,-542,4152,-1565,1510,5641,-1925,-3786,-5361,-1480,108,617,-1860,124,-3497,-1455,-504,23651,-1395,-1801,324,-2490,-504,21273,-2685,390,4726,-1010,475,6172,-210,255,6209,-1005,-215,6240,-1650,-2700,-11171,-2510,108,-4426,-1275,745,-918,-2648,-345,12085,-775,360,1397,-2030,-504,11380,2579,2842,3125,4120,2476,2842,2850,3170,2733,-5817,1087,-3749,5203,8050,2595,23961,-325,37,2595,23921
7/25/2024,3579,-1380,1741,3415,-1380,986,3714,-1380,1935,4825,90,2558,6487,273,84,5887,1721,-1730,4405,845,-3561,5800,706,3647,3734,763,12772,5800,706,2031,3597,-1385,668,3226,-1450,3506,2410,-2291,4961,5920,912,4542,6652,870,9796,4868,1875,-4955,4103,2655,6891,2836,3624,-5646,4088,2430,7809,5800,706,-4786,3753,13633,4085,-122,4019,3135,4575,3548,747,-3048,2418,5270,5241,-2870,5410,5828,5815,12772,5410,7422
7/26/2024,2554,4930,7500,1705,4393,3806,868,4526,7500,1897,1145,3273,-770,4860,9174,314,2199,-44,2253,2983,4557,1964,3855,1631,2835,4168,1199,-347,3220,1631,1843,3955,5365,1705,4393,3285,1705,3460,3285,1538,3862,3990,-770,6025,11742,314,2199,1769,3038,5715,6555,108,4381,-15194,-180,5715,-762,-347,3855,-16522,-216,-2079,-2718,-3948,-1852,-3541,-1573,4827,5223,19737,820,-3224,1175,4013,-2201,5279,773,3427,-3131,11233
7/29/2024,835,-1365,-3644,1470,-3219,-3644,1132,-3775,-3644,1580,-1545,-6657,905,3561,197,940,125,-1396,2101,3772,-4224,1632,6030,-5982,1928,1220,2591,1582,5096,-7161,835,-2225,-6625,1470,-2555,-5762,165,-612,-5762,498,-4375,-11074,905,3795,340,940,125,-88,1014,3007,-405,2595,4459,4912,530,1974,-3243,1582,4741,6903,-45,4748,1373,2631,-4414,4748,1373,2631,5450,2143,6830,-94,5907,-2658,2513,-3303,3340,3343,2513,-3772
7/30/2024,1379,4018,10766,4924,3186,2971,2356,3078,11926,955,4852,5696,-1760,4548,-6960,-1270,7031,11853,-1375,4534,4985,-1425,6990,11082,-1370,-798,-4480,273,2007,7921,3075,4441,10766,1740,3186,7941,2591,2966,7941,1275,2210,7696,-445,2462,15389,470,7031,10742,-1375,6545,14042,-715,3092,11690,-215,6545,12560,-1783,5967,9462,2996,1883,2721,-389,5143,5563,5651,5148,1353,-7455,2516,-5890,3699,6583,8632,-1509,2681,-4975,8632,-1509
7/31/2024,5031,6263,10833,2003,3637,7481,3847,2808,10189,1762,2357,5713,3839,6227,2708,4793,1050,4898,12609,2774,31,8868,-2888,-613,5861,6721,1560,4606,-620,-2692,7661,7863,15080,1703,4267,10983,7196,1801,10593,636,4341,8952,4480,3158,15212,4793,1050,5845,5915,1493,15896,9778,-3192,3668,5790,1493,16280,4606,-2720,7137,5314,5534,5233,1532,9655,6647,1930,1532,4841,4695,3370,7596,6082,20057,4814,3182,233,-507,4414,3432
8/1/2024,-1175,1696,-4430,-1850,1131,2690,-2110,868,4732,-990,789,2450,-1790,-2245,-5660,-1445,-835,-4730,-1825,-3516,-5620,-1235,-1840,-6000,-1315,-2381,-1335,2193,-2785,-6575,-1945,3440,1138,-2005,-415,4355,-1910,530,5295,-1065,-335,-1190,-1690,-2245,-9248,-2040,-380,-2875,-1970,-1205,-8653,621,-1333,-4353,-1955,-2630,-7775,683,-2730,-4235,3043,1316,3535,7805,5048,6970,4880,3120,-1185,-7327,-1780,-1567,1986,-419,-1720,12732,-163,-1595,-1720,15639
8/2/2024,85,5145,14,-1140,2804,-2331,-24,4142,14,5080,-757,217,1744,4067,11228,741,1591,16820,2014,3743,9188,2159,9825,-5985,1403,791,482,2572,7814,-4530,510,1097,-1095,20,2646,-4045,345,3011,-6605,-745,3175,-7473,790,2662,12166,735,1591,11471,-220,3618,8837,1450,8834,18549,1800,2369,12492,2890,9825,16301,-100,-1981,-1270,-634,671,-1981,538,-634,4592,9335,4827,8794,8250,18326,12291,3138,1017,487,11390,-2341
8/5/2024,3017,3681,3570,2217,5798,3137,1945,4834,8944,2022,5418,4504,1499,2676,1306,4793,4867,-2132,2034,7671,3460,3110,5148,-1955,1724,2819,3824,3721,3665,1217,7031,6522,3570,2217,5798,3137,1964,4834,10658,2953,3818,2847,656,5642,-732,4793,4867,-1545,1319,5499,-1059,8020,5213,-7516,1014,5319,1898,3721,4628,-16830,5482,2738,5353,5505,3540,7776,12647,3923,6332,4324,2446,5744,5649,-726,7230,1244,1706,4640,6430,1601
8/6/2024,5151,2869,264,4755,3138,1563,4112,2079,264,5510,3138,1563,5419,1661,2813,3899,14271,4745,2262,888,13989,6215,5053,1833,3361,1339,2822,7075,3084,7199,5510,3138,264,4755,3138,1563,5366,2588,1563,8113,3503,5435,4470,5170,12270,3899,5770,4745,3310,1043,13989,6212,15852,-9020,5630,658,6724,7075,2904,-6525,991,-1121,1993,-187,2303,-1121,2113,-187,2715,4929,1735,5630,1415,14232,2718,11271,2643,3225,1723,20625
8/7/2024,934,1210,1120,790,1534,3400,143,3225,2447,2206,1344,2340,2029,-4085,-5768,-1410,-3472,-6985,-1845,1569,-7138,-1350,1675,-4781,-1400,-2040,601,-2030,1641,-3322,1431,829,1120,790,1534,3400,565,3024,5925,-1285,180,1909,746,-2400,-6597,-915,-405,-9427,-2620,290,2379,-1130,68,-4397,-1890,-835,-1023,-1635,220,-583,-1466,897,-1290,-415,-2951,438,1910,-390,-4382,-6389,-3760,-4946,3766,-7117,-1045,7134,-2571,64,-1625,6788
8/8/2024,310,1345,-4590,3510,575,-4590,239,488,-4590,6809,235,-4512,2550,3030,4106,4844,2313,-830,4659,3804,10045,1131,-1071,-5415,4199,2020,720,1605,-1071,-5800,1795,235,-5312,3510,575,-5463,3510,-520,-5463,5489,-1260,-5268,2550,3030,8292,4844,2313,-830,4949,3804,10045,919,1185,-22591,980,3804,5304,1605,-1071,-25620,-1351,-1226,-70,459,-1351,-1226,-278,459,4898,15006,1490,2229,3562,6335,1525,5142,2973,3630,1525,4716
8/9/2024,37,515,-1565,315,2475,-4412,40,3826,-1565,145,3007,-4042,1235,5491,11772,1120,3565,12674,1438,3944,11715,2587,5432,9168,1535,1886,-1290,2587,5887,1892,95,2715,-3699,315,2535,-8585,970,2360,-8585,-765,-2330,-11870,1110,5182,9234,1120,3565,11778,1185,4049,12487,949,6631,19167,1410,3674,11798,2587,5432,17975,539,-2527,150,-4890,425,-2527,-905,-4890,3245,5281,3274,10859,6922,7321,7326,13307,672,-1314,7326,13145
8/12/2024,1285,2295,637,1611,3820,3724,2961,3436,3708,1956,3240,2809,715,5546,-1792,2701,3136,2880,2021,7711,15871,9087,5641,-4069,3361,3480,2891,7067,3090,-4763,1981,3820,637,1611,3820,3491,1631,5205,1764,1130,240,4582,715,5546,-2802,2701,3136,6855,2831,8303,16856,8454,30668,-11308,3636,8303,14393,7112,29750,-12080,2194,-2462,2705,-2455,1434,-2996,610,-2455,3402,-2812,12691,4185,12501,7093,22602,-5700,2041,-1153,22602,-2666
8/13/2024,163,-977,1021,-445,599,780,-538,-977,1021,-345,1839,276,-1930,-3765,-5390,-1470,-4000,-2929,-1905,-4330,-6115,-1170,1511,400,-1036,-1695,-3190,-1310,1511,175,-345,599,2414,-445,599,2442,-445,599,2442,235,-612,3832,-2455,-4920,-18985,215,-870,-1755,210,-2115,-3623,-301,-454,24217,-105,-2115,-2630,-580,1511,24217,-218,3703,763,3757,-23,3703,-355,3757,-3915,-6240,-754,-4231,1092,-7265,2774,781,-2036,-5990,2774,1215
8/14/2024,4817,4166,5667,3879,4759,5696,3972,4365,7204,4756,3762,2399,2593,5136,15892,2633,2495,9129,5075,3143,6601,1903,2385,-3837,2513,5807,1497,2470,2535,-6320,3964,4279,3427,3879,4759,5534,4249,4089,5534,2464,2053,7645,3173,4330,16231,2633,2495,8548,2395,2890,10902,2807,2582,6636,2585,2890,10523,2470,2385,3261,2003,11509,5074,13018,3133,12379,4256,8753,3839,14620,1950,5325,2284,10242,-761,-2984,215,2714,-761,-2984
8/15/2024,683,3730,6436,1320,3730,5153,651,3730,6436,485,660,4503,3850,-4325,-6115,3005,-2327,-3130,5824,-3033,-6515,2257,7020,-815,-1354,-2140,-3835,1455,9050,-669,485,3730,10715,1320,3730,4297,935,3730,4297,2980,4640,10208,5975,-2190,-8105,2185,260,1566,5480,435,345,1103,5253,-10505,5010,435,345,1451,4015,-13518,2758,-1446,2890,237,2758,-1446,4455,237,-4105,-6315,-2766,-3950,-1835,-6715,3005,-4387,-6300,-4505,3005,-6001
8/16/2024,1688,3673,8448,-320,2251,5799,685,2699,4985,656,1625,9277,144,715,-1002,620,428,-4970,-67,-1851,-7200,55,-4265,-3125,216,-1084,34,-240,-3370,-3372,656,1625,8515,-320,2251,7311,685,2287,7311,2181,1505,6733,-695,-672,2445,1390,428,-10675,-75,-1749,-5694,-136,-2810,-17940,50,-1749,-7995,-175,-4265,-17683,5780,9725,59,10728,-149,10772,770,11559,-1269,-3054,-2632,-6964,-3482,-6275,-3238,-4177,1123,-1690,-3238,-5477
8/19/2024,-880,-1192,687,-1305,-1175,-3750,-1708,-1192,687,-390,455,-1152,-1772,-4255,-6967,-1425,-3980,-7451,-2349,-4756,-7488,-1485,-2143,-1505,-1500,-2980,-2880,-1440,-4480,2074,-785,-1175,-1315,-1305,-1175,-1493,-1635,-1175,-1493,580,-405,-1070,-4275,-9895,-20122,-4045,-6950,-6396,-5710,-9539,-16353,-2906,-5820,20481,-6215,-9539,-16575,-1570,-3830,19796,-2295,5795,-3065,6473,-2295,5795,-2735,6473,-4422,-7448,-4492,-6625,-3707,-2626,-1535,-1820,-2145,-2864,-2230,-1820
8/20/2024,1170,1002,6125,915,2146,7040,-455,212,8958,3690,1305,4699,30,1140,11080,775,-1490,-2798,-1476,2352,-1801,425,2080,-5277,354,2935,2338,-135,2520,-5548,290,2415,6183,665,2146,7485,1081,229,7429,1270,-235,-2145,30,1140,11080,290,-1490,-2798,-1835,6310,-1801,-685,198,-9538,445,-590,-1651,-185,3656,-2472,1670,6625,501,5517,1655,6625,501,5517,4433,14359,1760,-848,-974,3826,-3512,2100,2629,1702,-3512,3432
8/21/2024,2755,2542,4499,1990,3088,7078,3605,4312,7832,2275,5513,1933,4956,4795,11520,4859,1215,13385,2906,2005,9105,5049,4366,-4205,4454,3785,4368,5049,4366,-2476,2275,3123,989,1990,3088,753,2311,4208,2217,2273,3543,-191,8049,4795,10892,4859,1215,13385,2020,2365,9572,4469,5910,-1566,2869,2365,9506,5049,4366,-1926,4005,-656,5518,88,3792,-656,4260,88,3342,8656,552,4089,2924,10034,4717,3433,3795,2038,4717,3433
8/22/2024,-85,291,-1059,45,1964,-2042,1054,1032,822,732,1509,-395,-666,-102,-6425,332,755,1444,-861,-1075,1620,-1275,5285,10480,445,-839,-1325,-1355,3132,11150,1020,1684,-252,45,1964,982,45,2944,2007,-365,-141,-3451,145,2374,-8183,332,755,1444,830,1245,1469,-1355,5730,14186,1460,1245,244,-1355,8305,16035,-420,-4218,2910,990,-1050,-4184,1855,990,-856,-7180,736,1879,1467,-7419,1962,2169,-1337,-4930,1067,2644
8/23/2024,2173,3922,10926,2084,3609,14866,646,3273,12542,5100,3721,10146,1159,3854,2154,1446,2449,324,1271,1574,-2005,2753,-776,8773,481,9905,2544,2523,3000,-3225,2589,3721,7806,1034,3609,7760,1674,3864,6774,3593,1568,-258,1296,3854,2154,1446,2449,324,43,1574,-3693,1979,-835,-3058,195,6950,-10836,2523,3000,8668,1704,4254,1165,5570,1704,3569,1125,5570,6970,2668,5265,1247,4432,-1110,1229,5422,3072,741,-4166,1878
8/26/2024,3431,2750,1370,940,795,1796,1140,2677,-1606,2955,1526,2740,99,5911,21426,3344,5462,12887,1445,4502,27971,1055,5701,-2220,691,1594,20,1226,231,750,2780,1840,-36,940,795,3585,1140,420,-4998,955,1873,1570,2296,4483,22923,3344,5462,16737,675,6311,34726,1712,5367,11900,521,6311,25201,1001,5301,12222,5939,-2817,6670,-544,4449,-1084,4015,423,11594,23055,1940,8602,5705,19453,-2275,-4474,149,4348,-2275,-5702
8/27/2024,320,3174,-1268,1110,3930,-3674,1541,3174,-1268,-1555,1149,1068,1014,4531,11281,930,804,-3482,1159,2029,626,1230,8144,-3744,479,4487,378,200,8144,-3889,925,5055,1008,490,5055,-978,1158,5055,-978,-350,-1085,1069,1360,5656,12600,435,804,-2839,1590,2854,-5348,640,8538,-8395,1040,2854,-4639,375,8144,-10252,-129,3227,4862,1440,4389,3180,-1190,1440,-376,10193,54,-3997,3891,713,7475,-4859,5231,5343,6495,-2825
8/28/2024,3767,2257,8875,3909,2910,9275,1762,1387,8875,3469,2910,10755,1691,-791,-5160,744,1306,1310,671,11431,5084,1675,6805,17905,1978,1271,-5160,1640,4535,14590,4962,2910,9879,2101,2910,11055,2101,2441,11055,7796,2905,12773,503,1703,2090,-2245,1696,7937,-245,6762,13036,55,24858,34231,135,6762,11340,1640,19790,20272,7947,18531,7807,14260,8474,15051,7013,14530,2109,-7460,4555,-5325,7199,12832,4375,11777,2625,-5155,4375,14671
8/29/2024,1198,933,-1087,140,2225,-608,4075,818,-1571,345,1335,-2636,2112,2060,-5805,1603,1003,-3516,1167,5116,-6510,2328,6044,2753,506,-730,3814,3075,4979,3087,290,2225,-720,140,2225,494,4322,2110,-631,715,1150,-5446,2127,2580,1117,3454,1003,-3859,2455,5105,-591,2359,5019,4441,2710,4705,1185,3075,4979,3887,-1567,-4665,-5,-5533,-1729,-2858,1120,-5533,1996,-6004,2335,-2937,-1319,-6928,1385,-573,1573,1111,1385,-1548
8/30/2024,7367,2588,9798,3245,4703,2524,2943,2830,-1860,4543,5555,9801,5899,167,-3595,6830,237,1346,6498,-979,2198,4745,-1338,6583,4373,2200,3215,4950,10469,7778,3658,5720,9798,3245,4703,10182,2189,5870,-96,4145,6383,-3125,6325,998,-4538,6830,288,1346,3882,1719,252,10340,531,-297,4177,1719,-656,4950,12135,10719,2039,5179,2185,6725,2562,5179,2190,6725,4095,-4297,7213,-4352,1912,1827,5989,600,4346,3320,4409,648
9/2/2024,1410,4416,-374,1185,3350,0,941,4416,-374,2395,1195,-1550,172,1605,7623,-30,1435,4993,-110,118,7623,-935,1720,1013,2909,1475,3536,-130,1705,1223,2345,2790,-374,1135,3350,-1550,1135,2790,-1550,-655,-4600,-1550,-1515,1605,7728,-30,1435,4993,-110,1280,7623,2754,1951,-1204,-75,1280,7728,-230,1455,478,351,-5492,-1105,-4180,401,-5492,-350,-4180,4023,6139,188,1282,2297,5260,2273,-2535,1913,1951,2273,-2375
9/3/2024,105,-291,3073,-1155,-1771,2474,-1143,-98,744,-725,-575,4928,-460,-745,-5718,-575,1880,3671,-1935,1578,-7304,350,6569,23279,-1090,-694,-853,-525,5515,22308,105,-705,3673,-1205,-1771,3774,-1125,710,3893,-1550,410,-1069,-460,-745,-13225,-575,1880,3455,-1733,2687,-514,-1075,6442,19509,-615,1862,-216,-525,6122,19626,1233,8481,1028,9220,483,9149,1798,6049,-2850,-6108,357,4223,1484,393,899,-2556,576,-849,899,-2556
9/4/2024,952,5351,24754,1342,-60,16583,1218,6662,11516,3065,1625,24881,5391,552,3208,1879,-175,-587,2326,103,-2999,4170,279,1262,4107,1029,305,4170,279,-4776,1527,4285,26782,1455,4575,23429,2397,4575,21144,4840,5750,21321,5391,1575,3942,1879,-175,-1200,3382,-400,-249,4170,-223,-11567,3537,-400,-1660,4170,279,-16656,3535,27491,94,22992,2392,23542,4061,21993,1614,2657,2380,824,3930,-3155,8943,-5188,3342,4030,8943,-5739
9/5/2024,1856,4189,5820,1823,6232,9094,1078,6860,5970,2512,5211,8349,2445,2768,5243,-1185,2925,3116,3076,807,4025,1134,1260,-2882,3608,-586,867,614,1260,542,882,4345,3317,1823,6232,9094,1825,7529,9244,2290,1365,153,1305,2939,5947,110,1276,2320,1807,-217,4456,-164,683,-11902,857,-217,57,614,1260,-12035,7800,4849,6433,2803,6355,6192,6471,4473,4606,3866,1711,-1629,4762,3069,3353,-6500,1276,1029,2963,-5401
9/6/2024,996,3977,4132,1602,9998,9148,1321,8143,4491,2337,2680,10168,-1985,6744,7981,-1150,8685,9624,4727,7321,10302,-1150,7416,-1510,-1150,524,-2745,1660,9489,2377,660,3810,4132,50,9998,9148,270,10863,9440,-495,5808,2057,1720,3350,9831,-565,13063,9624,5793,8480,13198,1195,10936,3365,1795,8480,14007,1275,9951,1805,-73,-1528,-1921,294,-527,-1528,-1415,1851,1241,9509,-1270,7595,-1518,14416,2047,-93,-832,-1009,1497,626
9/9/2024,346,2878,2698,997,4859,1440,1735,3985,2698,372,2698,8802,2175,3463,7343,895,1711,11899,2935,3628,13209,-215,3219,6368,2317,1914,88,-1215,629,-700,812,3187,8739,997,4859,8642,1159,4294,8642,2051,9421,8600,1840,4499,20325,355,1890,10005,3022,8194,16105,-3087,5142,-29135,4307,8949,15296,-1215,2354,-30920,1319,5826,2095,5694,2912,6237,1645,3972,5943,16646,6467,7970,5766,10003,6589,-6990,5325,5191,6589,-5297
9/10/2024,569,2839,4864,1619,3359,5141,-1774,1054,4864,1895,3314,5141,1435,-2240,-6287,2019,-2205,2566,-1751,-2614,-2423,2709,-3865,-4218,3712,3410,7391,2969,-435,-6076,4204,3595,4735,3289,3359,4902,3289,2400,4902,-425,1895,5005,5595,-2240,-6287,2019,-2205,2566,-2245,-1899,-14,1482,-6804,15853,3273,-1899,420,2969,-5975,17117,-235,-3714,205,-1389,-539,-3714,2225,-1389,-2213,-7317,7990,-2123,-2246,-7228,2560,7965,2567,3086,2560,8710
9/11/2024,1332,-2473,5556,677,490,6418,987,-273,6141,1912,45,7192,-986,-3915,-6820,-230,-3475,-7120,-1677,-3676,-6979,3111,455,-5905,34,-1729,-1025,2846,-570,-7460,1332,485,6257,677,490,4890,987,1430,4890,1990,1325,7911,-334,-9590,-28710,110,-6580,-20815,-769,-7045,-26795,1010,-1017,-7934,740,-8405,-25750,2846,455,-7055,1971,2207,2275,2454,1971,2207,945,2099,-4495,-6220,-3860,-7265,-6390,-7357,-6265,-6275,-4000,-1020,-6265,-6275
9/12/2024,-998,324,-1242,-1665,-1098,-3289,-2187,109,-1242,-95,-2075,3276,-1537,6991,4208,-1450,5280,10350,663,5683,3030,1710,2434,-3088,-1264,852,-1920,1355,2434,-4081,360,0,1191,-1925,0,1569,-1400,25,1569,-405,620,484,485,8623,16603,-410,5280,7088,980,6860,9344,1726,1316,1853,1665,6860,7152,1355,2434,2455,1288,-4927,813,-5031,1313,-4927,-102,-5031,5180,18606,4800,5522,7083,12495,4758,7786,-222,-4,4758,7786
9/13/2024,3140,2351,-4263,3438,2351,-2630,3742,2901,-4025,4005,2195,-5645,945,8941,16392,2355,5903,6991,995,5032,15255,970,7331,-5555,560,1567,-1050,2237,7046,-5793,5211,2351,-4263,3438,2351,-6885,3438,2901,-6885,-1075,2682,-1065,1035,8941,21852,2355,5903,6991,995,4548,18392,2149,7650,-15270,430,4548,18952,2137,7331,-15827,5263,-3937,4269,-5265,5263,-3415,4394,-4370,4550,15440,4423,8864,4005,20490,-5557,-5739,2754,-861,-5557,-6717
9/16/2024,5784,2314,3188,4116,2365,4316,4377,1514,5311,4231,2149,4890,-651,540,-3712,205,11092,-2266,2111,6312,-2354,-770,487,-5509,1869,2915,1191,-555,-4170,-7005,5016,3109,3188,4066,2754,6462,4066,2754,6462,-175,1455,2107,-260,540,-4876,205,11092,-2370,1147,5189,481,-1307,7849,5938,2132,4824,-597,-785,7639,4309,5614,6846,3874,7141,4135,6846,8233,7141,-2095,618,1722,-2616,3155,3275,-2813,-1907,3803,58,-2813,-4917
9/17/2024,1358,997,3465,870,2210,4634,203,997,579,805,2252,4337,1035,1596,-5583,1380,83,-3890,936,2026,-5583,4555,10307,-5122,1055,-1913,702,970,10307,-2270,805,2210,4847,870,2210,5250,-465,2210,2185,-1560,407,2138,15,1275,351,1380,83,-3353,1080,2289,-5876,970,5945,-3136,1055,2289,-7903,970,10307,-4450,152,-1577,2162,-1961,152,-1577,1177,-1961,946,-395,3670,2139,615,-2184,-540,-3270,-2293,1004,-540,-5280
9/18/2024,3838,3932,10271,11675,6850,7862,4238,3967,15420,5542,1980,12126,5160,6573,4449,4281,4935,3851,4283,3823,6852,4201,5936,3394,6952,3572,4124,2106,6325,3054,1882,4335,13326,11675,6850,12929,4238,1031,13404,-198,920,5290,5160,3745,5868,4281,4935,3851,3808,3960,7047,1618,3329,-8453,2353,11830,7674,2106,4006,3054,4130,13408,4329,9899,3962,13168,2885,9109,2368,3903,6827,9591,1003,-1701,9773,-3657,3638,3144,7638,-5182
9/19/2024,3233,3220,-3555,1097,4151,-3555,2438,5807,-3555,2283,2895,4317,945,-72,-4390,2770,3735,1868,2477,221,-1413,3180,3786,-580,2131,3326,-1894,2561,3786,-2041,3043,5434,955,4017,5365,-2246,3852,3210,-2246,2519,3302,-5135,945,1437,2059,2770,9189,-4604,3250,941,-7383,3102,7192,-34188,2400,941,-13190,2561,3786,-35221,-378,1077,426,684,-659,1077,4922,-81,4209,-1259,6291,2757,-816,-2061,4380,686,1470,3507,4380,-6524
9/20/2024,2468,3612,10345,2975,7452,22567,1933,5325,10345,1508,6135,22819,3427,6407,18677,2600,170,20776,2353,165,3648,496,-3980,21062,2115,-507,2632,-1905,1245,21149,1223,7607,23871,2282,7452,25871,2168,7251,25871,800,3613,19288,2848,6625,20458,650,4250,20938,1861,-1880,11567,-906,-5918,27123,2096,-1880,14282,-935,-5150,24943,2294,25349,1569,23380,-499,25349,583,23380,4370,13996,1328,14265,4011,9366,-2774,16747,156,4241,-2774,17686
9/23/2024,135,8676,3297,1311,7820,5605,1311,5712,3297,-410,7022,5605,1572,7710,13156,385,6947,1980,900,5425,4717,-80,-2130,-613,1133,1945,3783,-75,-805,-305,-200,9827,1597,1311,10669,5605,1311,8774,5605,1210,10268,-3315,215,7710,15410,385,6947,1980,-410,5270,6050,542,-3106,-540,-435,5270,5053,-135,-7375,-2366,-207,-1853,-1229,-6670,-207,-1853,273,-6670,815,8327,-2955,-740,3219,-921,-5935,-5826,-600,8172,-5935,-6161
9/24/2024,422,-540,233,675,-540,239,444,-690,239,95,587,312,-1875,4734,-6833,4020,2335,-5185,-1991,-1014,-6435,4300,4737,-5115,2466,-628,-1150,2160,-4500,-7085,740,-515,-92,675,-540,239,675,-525,239,-1355,-1479,2037,-220,1555,-7918,4020,2035,-13670,1475,-1055,-13972,4429,4792,-49709,1690,-1055,-18543,4195,4737,-48630,5947,2818,5947,3788,5947,2818,-399,3788,5142,-4069,-1890,-4455,-200,-5130,-5106,-6570,-2200,-895,-5106,-7285
9/25/2024,1399,2193,3225,505,1525,3463,391,3099,3225,875,3154,3547,2670,2016,-2024,2040,4043,-4925,735,2793,-3128,2405,-680,-2510,1055,2869,-895,2080,-1025,-2458,785,2240,3567,505,1525,3539,545,2169,3539,-580,-1380,7663,2670,1816,-5188,1445,4043,-1023,735,2793,-4466,1538,193,-6415,330,2793,-5590,2080,-675,-6415,1480,1307,109,1307,109,1307,1016,1307,6591,-380,-165,-2365,6612,-2265,-1826,-295,1026,-1902,-1826,-1802
9/26/2024,1227,1896,100,1095,3296,-1889,618,1741,1741,-575,3085,2715,410,636,133,1375,5860,-1332,2142,2015,4061,2175,8585,-1009,-65,-2125,2404,2388,6769,3650,1680,1488,3188,1095,3296,-325,750,1929,4172,1550,1645,9443,2681,2710,3391,2140,8265,-1319,3166,4330,3145,2595,10130,-801,3371,3895,1355,2388,11815,394,5601,1796,3263,2730,4713,5661,3510,3294,635,-4523,6094,-1528,5269,-1936,12867,2524,2003,-274,12867,3450
9/27/2024,2911,4816,5514,855,3830,7415,144,4854,6485,1410,4879,4674,2441,755,-6114,45,1470,10339,1542,523,4555,-1345,-836,19810,-160,615,-4725,1455,-836,20528,1410,4348,8630,855,3830,8338,855,4138,10078,1235,1432,2144,855,14,2901,970,1610,9399,1065,1904,11529,1813,-95,29673,980,1904,12298,735,-836,32678,-1203,1289,-1680,-1210,-81,1289,-1240,-1210,148,1185,3842,10123,4731,5082,6232,-2470,240,-4720,6232,-2470
9/30/2024,1811,7690,10284,3548,4074,9710,8007,7547,9514,1240,6294,10580,4003,9508,21402,6846,3344,8844,1810,4426,13560,2849,-306,12694,1222,3205,5895,110,-520,6216,2265,4067,11895,3548,4122,10867,10070,4367,10137,3926,5601,6832,6135,10038,19985,5822,3344,9086,1810,3575,13690,1987,-2704,10534,1230,3575,14210,110,-2396,12740,1754,4076,3450,3948,3673,4076,4630,3948,5423,9490,563,4100,2943,14553,-539,5685,2252,4430,-539,9696
10/1/2024,-485,1082,3321,1456,1463,-46,211,13,1993,-485,105,-2209,1043,1506,11416,25,5645,2512,-567,2183,-243,1604,-3777,-1237,707,3002,-278,1604,-3103,-6411,-485,393,1616,1456,1463,1591,1495,-52,1591,200,-952,1611,1155,2690,10942,25,5645,2512,-786,2183,-243,-3,-2569,-32935,770,1793,-1570,1604,-3777,-32982,969,4368,-766,7708,161,6226,1381,5748,2154,2810,124,-3830,608,4678,-730,-6747,3503,3163,-730,-6747
10/2/2024,2155,-533,-3973,-145,1183,-3394,1814,-403,-2965,2155,1498,-4505,518,2418,6671,4570,4243,4309,470,4633,6142,2780,4980,887,1335,1188,-2980,2280,4980,8342,1815,1498,-2224,-145,1183,-3129,-145,352,-3129,2720,465,-4247,240,3090,20390,4660,4895,6853,470,3677,7373,3161,4867,4334,1335,3677,7952,3710,4980,4818,326,-1898,135,-4371,326,-1898,513,-4371,4924,2113,10315,8709,4158,2710,1160,-2965,2889,-3845,1160,1207
10/3/2024,2691,5025,13923,3025,4246,13157,2774,5093,4742,2635,5745,13085,3611,4990,19693,3770,1941,5932,4008,6717,3909,4235,3422,-1841,3865,7028,2897,3255,3032,-5143,2655,5025,13923,3025,4246,13157,3120,5093,9094,4187,6838,10398,3650,4990,19693,3770,1941,5932,2295,6717,3257,2508,4416,-17247,4070,5727,3603,3995,3032,-18301,2202,4818,3269,3645,3142,3757,2719,5731,3263,17579,435,11670,2723,6344,841,693,3248,2922,841,-3318
10/4/2024,4041,6124,8554,1167,4358,5612,1667,5569,8901,3774,2853,5902,-211,-1453,-883,20,1288,2615,-1314,-205,5772,-515,462,10935,-976,20,5905,-515,19,14009,3809,4686,9368,1167,4358,5612,1135,6003,7698,1091,1889,4988,-1505,-2050,-883,20,1288,2615,-1435,-205,5772,-491,-218,14488,-1260,-695,3960,-515,483,15753,3881,2287,3298,5218,4290,2287,3598,5218,-2862,-4692,-1390,1810,-1004,965,3265,12289,-514,3132,2835,12289
10/7/2024,-612,855,-4959,-305,1327,-4536,-314,-355,-3724,-295,440,-4701,445,-2925,-5740,1165,1085,-6599,132,970,-5476,812,7065,1035,342,481,-1550,120,6460,1067,-295,1765,-6228,-305,1327,-2882,5,2394,-717,-815,155,-10360,445,-2925,-12060,1165,1085,-10760,600,970,-15855,856,6584,-16723,810,175,-17050,120,6365,-16490,-1725,-4665,-300,-4665,-1725,-4665,-300,-4665,-1724,-6274,1881,-6209,-1756,-4307,-33,3227,2042,-358,-33,1918
10/8/2024,-695,2230,-1366,-690,2212,-3702,56,3340,-1341,-695,1645,-1954,252,-3575,-6988,60,-3480,-4970,-349,-690,-5521,85,-2160,4331,-193,-1399,-3855,85,-495,12339,-970,1784,5594,-690,2409,5492,-501,2909,5492,-1190,960,456,90,-5480,-13347,0,-1685,-5430,755,-1495,-5739,272,-2379,2967,1370,-1495,-2444,85,-2160,24090,437,-2923,501,-6600,327,-5498,1210,-6600,-4359,-7462,-1067,-6800,-97,-6959,4582,2542,-463,-5840,4152,717
10/9/2024,-1464,-311,-1816,-1975,-552,-1816,-544,-234,-1816,-1880,-1610,-1945,244,-4180,-6735,-970,-3550,-7432,-423,-4305,-7135,-1300,791,2446,-1415,-2120,-4440,45,-1260,4100,-1260,-402,-1945,-1460,-552,-2510,-1460,-985,-2510,-1580,-2675,140,100,-2973,-10810,2456,-2124,-4461,305,-1717,-5066,1038,1398,31577,1340,-1717,-3534,577,596,30377,430,1329,1203,386,-170,769,698,946,-4205,-6786,-1880,-1149,2565,-4962,2421,3521,-2189,-5790,2421,5824
10/10/2024,1199,-818,2975,317,899,1591,-506,-444,1107,892,1600,-531,3446,3923,-1331,2743,3006,-6265,-209,4644,-3470,2893,-1545,-2885,1083,953,-360,1696,-4435,-7060,1613,815,3525,493,899,-282,468,-140,-3357,-1840,1456,-2146,2524,5671,5677,2743,3301,-5854,-10,3126,2732,1502,-90,-28268,1105,3126,-1275,1696,-1320,-35245,5395,-1414,3465,-3405,5157,-1414,2623,-3405,534,-2712,5353,-4938,5928,-4897,-4095,-3655,467,-2895,-4095,-4845
10/11/2024,4374,2505,-2911,4025,2352,-1510,3709,2352,-2911,3694,3507,-2106,400,9076,4605,1345,2644,12582,1103,11817,9466,3790,8942,-1704,1864,214,-1523,4493,9015,-5951,3644,3795,-3135,3915,3145,-3491,3915,3145,-3491,4355,1220,-2630,400,10145,19480,1345,2644,22663,-245,11817,15660,4576,12372,32693,1555,11817,18581,4493,11147,34079,-81,-3042,-2490,-243,-81,-3042,-2490,-243,6935,14876,4285,11112,5134,9983,2138,-6346,1488,-1800,2138,-4749
10/14/2024,4753,5014,11258,2065,3084,4150,2885,5285,11258,3400,1624,4445,1961,1557,10803,1294,790,21710,413,578,31951,165,3871,13552,1225,-1310,1360,380,2446,13994,3305,3084,12968,2065,3084,11908,2855,4267,11908,560,1145,10418,1645,-1910,17334,1294,545,24577,-1000,1775,32781,339,4899,78207,170,1775,33489,575,3871,80127,1517,7837,1115,1369,1897,7837,1115,1369,1594,8784,7619,24037,5408,23195,10037,19122,826,-1155,10037,18542
10/15/2024,509,456,3126,160,1300,5707,-633,238,2455,40,2080,5689,-835,-1437,-5870,-535,20,-4831,-417,-1472,-366,2440,820,9975,555,22,-1370,145,95,17044,40,975,3578,160,1150,6009,-343,823,6584,-1330,-75,2713,-835,-1455,-11910,-275,20,-4527,-200,-2333,4094,317,-1602,40430,-285,-2988,5224,145,820,41936,3950,13111,5040,12787,2344,13111,4385,12616,-3842,-4819,305,1783,-1499,14774,-2151,17901,1807,1539,-2751,17937
10/16/2024,1059,3082,5228,997,3610,3175,3002,3082,3827,912,630,2517,-246,-3580,-5254,435,830,1920,-1196,-2265,-2348,-1345,-955,-251,-370,-1645,-1901,-1180,-955,3498,750,3610,11813,825,3610,8586,1775,3610,8586,-350,2155,3997,-245,-3185,-3958,-640,-1115,1920,-1350,-2465,-1209,-3230,-955,-9294,-1255,-2465,-7924,-2570,-955,7684,1544,1442,-945,-4267,2418,1442,438,-4267,-4420,-5483,-4330,-5511,-6251,-5186,-6670,-6306,-2431,-3833,-6670,-6621
10/17/2024,5252,-1215,3432,1435,1593,6074,1793,-875,2317,1658,682,1117,3079,1051,-1153,4414,2562,-781,29,2235,3709,4222,1275,2155,1899,2186,3057,4632,710,4913,3648,1162,3033,1435,1593,51,2139,1142,36,1450,-166,-3373,1594,1051,-1153,4414,2410,-781,29,2235,6406,4632,870,14295,1899,2235,6497,4632,1275,16545,3945,5399,5817,4070,3716,5399,4558,4070,-285,-819,2215,4207,2721,7977,3054,12664,1963,3190,3054,25608
10/18/2024,402,8158,836,576,9478,3235,2298,9438,1823,105,7608,693,1181,1382,9735,1850,815,7718,2450,1673,2177,755,10035,-1485,2411,511,4364,655,9020,984,-35,8158,836,1676,9478,1005,331,9438,-730,-1355,4752,7247,1650,1382,9979,1850,815,11328,2450,1673,2582,851,9973,-16008,1470,1673,3022,655,10035,-15425,763,-3187,276,-5089,763,-3187,-944,-5248,16395,11342,15799,7013,17201,-284,9675,-5755,5010,3524,9675,-4569
10/21/2024,5968,1220,606,1100,1115,-2101,3160,1075,-3508,5080,2225,-1081,1165,8046,11166,3910,8097,15062,2547,9939,17358,1890,8723,12831,2835,6084,7462,1925,6953,11560,5948,1140,958,1100,1115,-6901,3345,1075,728,5065,-2385,-616,1985,8157,11114,3910,8097,17407,1890,11508,20492,1075,7633,41867,3145,11508,21083,1925,9125,43147,524,-159,790,1051,-4,-159,1548,1051,1711,2977,7004,12472,3643,11622,2421,16660,1529,6887,1561,14411
10/22/2024,-1180,-2017,1385,-45,-3485,1685,-45,-3417,1385,-1400,-2110,1057,-1545,1897,-4779,855,1060,-1753,578,-1317,7736,-1460,-1683,-5337,930,-2618,-2321,115,-2695,1890,-1470,-2110,1385,-45,-3485,1685,-45,-4405,1685,-1765,-4540,-5086,-1940,1140,-128,855,1060,259,1604,1038,10754,69,930,22031,900,849,17130,495,167,22845,-1442,-4113,-1405,-3226,-1527,-4113,-1535,-3226,-1159,-6151,85,-4390,1446,-5524,2501,4598,-873,-4320,3801,4585
10/23/2024,-1250,-3964,962,-1720,-1466,-5110,-1340,-2258,1746,-1805,-2635,-1887,-1024,-1805,-6369,540,-3875,-2362,490,4591,2667,-65,-5001,-5930,2510,-1003,-562,-65,-2810,-4273,-750,-2470,-4180,-680,-2195,-2875,-360,-3820,-2610,-1135,-2920,-9080,-615,-3870,-12010,540,-3705,-3032,2035,449,516,-65,-9387,-3321,2510,130,424,-65,-9680,-5215,-799,585,-3160,107,-814,585,-2150,107,-4303,-7273,1116,-3734,2873,-1143,4206,15300,759,175,4206,16436
10/24/2024,-1288,473,3259,-1310,-1427,4865,-1823,846,4937,-570,488,2289,240,-2076,-3853,615,-1265,-5901,516,-261,3878,3385,8805,2081,1210,10,490,3385,8071,1810,95,-1462,3369,-1185,-1427,4780,-1185,-662,3193,55,-3885,-1319,240,-2076,-5866,615,-1265,-5901,1290,-1395,4568,3385,12077,9070,1210,-900,5181,3385,12077,4470,-132,4752,1576,2755,-1414,2726,23,2755,1202,317,4470,-3977,1900,-3846,9229,-4508,343,609,9229,-4481
10/25/2024,-355,3021,-3913,-68,1463,-4826,1739,1512,-5064,-480,915,-3190,330,145,-4145,-1475,727,-3508,-550,159,-6493,-400,3497,-5941,-170,-2005,-746,-70,3497,-6955,-1245,2722,-3828,-260,2507,-2770,900,2255,-2950,-920,-470,-3445,330,1625,-2475,350,1290,-98,-550,2044,2881,20,1964,-3566,-170,2844,4360,20,3497,-1270,-756,-5317,-2495,-6575,-2001,-5317,-1090,558,-860,2961,-493,2171,2345,621,3350,11894,-2760,-2118,3350,11944
10/28/2024,1863,-16,-1915,70,-2230,-1952,30,1516,-5332,525,-1570,-1915,-1090,-3230,-3547,-395,-1867,-3144,772,-395,-3413,475,537,10002,1406,70,-1842,585,-169,15646,400,-1580,-6830,70,-2230,-6920,30,-2460,-9030,-510,-2160,-6945,-1090,-3230,-16400,340,-2107,-4479,140,-1070,-6301,219,-1175,32904,460,-1070,-4643,-160,-918,34331,-26,-3297,22,-2746,9,-3297,747,-2746,-1415,-6615,-470,2838,963,-307,11311,21889,-1590,1840,11311,24259
10/29/2024,-315,2167,-2935,-1885,-3810,-1187,-2189,-820,-2935,2595,-2270,-3274,-1985,-4155,-6990,-1445,-3195,-3391,-1940,-4115,-6460,-1195,1670,101,-1245,-1835,-4820,55,-1185,12689,2595,-1705,-8020,-2380,-1945,-7107,-2770,-750,-7107,1340,-3165,-10125,-720,-12975,-27760,-1100,-5665,130,2795,-7790,-8489,-2707,375,59606,5530,-7790,-4870,-2380,1670,62189,1126,-146,-4495,-3509,-1542,-146,-2880,-3509,-4050,-6122,-4440,4165,-6963,-7395,-997,-1839,-2265,-1660,-997,-4169
10/30/2024,298,-2650,-5265,-275,-2345,-3199,183,-2363,-5265,-195,-2535,-4134,-535,-502,-6496,-785,-2275,-7261,-1244,-4351,-7300,-680,1774,5653,-776,-874,956,-855,779,8754,35,-2165,-6843,-275,-2345,-4120,-275,-2188,-3185,-245,-4145,-12320,-890,-3865,-17165,-255,-571,-6236,-849,-1876,-5606,3,4,17265,-789,-1876,-5735,-855,1774,19028,-2890,388,-1480,745,-1650,388,35,745,1771,-69,-172,-2260,-2688,-2500,2135,7197,2082,3080,2135,11519
10/31/2024,-1455,4458,6357,895,4951,10653,171,3235,6811,-363,2540,10175,2941,4872,22860,2947,8831,10208,4119,7420,26366,128,3321,-2011,5637,372,603,128,4054,-3910,-2450,4752,8786,895,4722,10308,-960,2590,8709,-308,3295,676,953,4784,28208,2947,9499,18131,3019,8498,31642,3981,1008,-18656,2599,8618,31614,128,542,-19001,3986,3047,3816,3201,3108,1681,3973,5403,14241,23820,4805,22071,11856,31883,11204,12183,6431,6304,11354,12183
11/1/2024,2586,5010,1572,1609,5503,-202,1966,5367,1572,755,5235,-202,2175,8804,9134,4059,10344,8851,2248,10603,16014,3070,9638,12538,177,3206,5333,3099,9638,10687,1090,6086,1572,1609,5503,-202,1276,5003,-202,270,2310,1558,2655,10411,7457,3420,10344,11828,2095,8583,11273,2834,9924,22134,1890,8733,6818,3099,9638,19993,-2561,-3063,-1377,-2209,-931,-3063,-1378,-2209,4037,12744,2486,9883,3094,12946,1209,16405,2240,5333,1209,16034
11/4/2024,3513,4577,7895,3636,5665,7895,4291,3965,7895,1920,7570,6596,1811,4105,8192,5160,3240,2822,4635,963,5419,5250,1258,1228,5265,1973,7578,5250,942,-3957,3513,7712,6596,3760,5665,6596,4668,5462,6596,3443,8317,7449,3884,4420,8300,5160,1835,4117,1318,145,6364,4086,2023,-14755,2093,145,6923,5250,1258,-18118,5266,9527,7478,6250,5623,9527,6793,6250,2759,994,-682,5228,-3332,5686,-1776,13510,4237,7243,-1776,19652
11/5/2024,93,8285,2214,647,7501,1957,1160,7261,1017,-40,8148,1155,275,4152,120,1735,-2230,-526,1292,13013,-554,2073,6460,349,1652,-1725,-1635,2073,4710,-1828,1050,8285,4763,1747,7501,2212,1160,7261,687,-120,6611,5021,275,2421,1229,860,1549,1174,1159,19976,1452,2785,10833,-1284,1469,19976,1857,2073,6856,-1242,3572,939,3495,2455,5491,930,3587,939,11256,-1622,10164,-2189,16426,3936,11924,3932,6529,-5595,12074,2841
11/6/2024,1070,297,3747,730,1108,-1570,1883,297,3747,160,-763,-1893,-1454,-4294,-5617,-460,-3910,-1372,307,-338,-301,2420,3396,-2099,856,266,327,2930,2343,1543,160,1350,5075,730,1350,5393,730,1350,5393,560,460,3984,-1600,-4717,-8508,-624,-1030,4133,-700,1793,6993,4161,2302,32561,135,1793,6715,2930,3396,33465,-1468,-104,154,622,-1780,-104,-1915,622,-4400,-6071,-1436,4583,1647,-1843,-1066,-5698,-1789,251,-916,-5131
11/7/2024,-1475,-2445,1037,-1895,-4495,1242,-2433,-2475,1037,-1980,-2090,1360,-1870,-3145,2718,-1355,-1526,12755,-1755,3416,191,-1400,-1675,-833,-1405,-1932,-2874,-2335,-2985,3089,-640,-2257,1155,-980,-3507,1360,-980,-3507,1360,2075,-3410,-3602,-1035,935,-1557,-1380,-2125,13555,-1020,4752,8567,-866,-3842,11117,-975,4752,9707,225,-1675,11815,-1541,4839,-4250,4900,-4281,4839,-3435,4900,3820,3064,-1085,9713,1324,-1436,3895,-1708,590,-3915,3895,502
11/8/2024,622,-2270,1266,-1210,-2270,626,-1490,-2270,1266,212,-1105,626,780,5553,1965,3910,120,9396,2852,2058,12169,1965,-3285,-2203,3065,-487,-775,320,-3285,-3185,-318,-122,1266,-665,-1412,626,-215,-1412,626,-365,-792,2170,2915,18899,14273,3925,815,13496,2690,1875,18533,320,-3285,9543,4370,1585,19405,320,-3285,12888,5619,-39,5619,-39,4460,-39,5619,-39,-2010,-4910,-3495,3563,1707,20019,-4565,11136,-4970,-2211,-4565,14581
11/11/2024,305,894,7120,60,984,9657,60,1038,7120,-1105,2795,12576,1305,3720,2602,2205,2818,10403,-133,698,16444,-1135,2961,1589,22,4821,3582,-1280,5095,-5178,0,845,10618,60,709,12576,60,1411,12576,-650,1846,6721,1305,3765,8212,1120,2818,10403,315,987,11373,-1517,658,17481,-1190,987,11935,-1165,269,20659,6449,8366,6185,5482,5238,8366,6495,5482,1299,-1257,2564,2460,3961,4252,12240,-3477,3920,1175,12240,-3477
11/12/2024,1327,1875,2085,605,3375,1198,995,3618,2759,2310,4876,1827,1690,2781,8133,1714,1280,8208,-1177,3757,2854,908,-4128,1545,618,497,540,-2135,-1695,-4469,2167,2971,2085,605,3375,1198,660,2940,2108,2576,6420,463,1690,2781,15771,464,1280,7800,55,4236,11953,969,-2992,13661,235,4236,11005,1030,-4365,10355,3498,112,7926,-1432,3428,112,4814,-1432,-816,6656,-1229,5388,-1236,787,-946,-4186,-507,1357,-946,-2994
11/13/2024,76,5281,8426,1611,3593,5758,49,5281,8501,1140,3593,6554,2239,4402,-1768,565,822,-5285,656,1865,-1273,-415,1350,-4139,170,1632,1713,419,37,-3510,1140,3593,7598,1661,3593,6526,1661,3593,6526,2320,4195,3798,648,4732,3685,695,822,-8589,-1415,2270,-7965,734,109,-60598,-1555,2270,-11945,-1260,-2365,-61683,782,5196,4798,3975,2454,3314,4299,3970,2136,-2960,-453,-5238,-2084,-4213,-5595,-6010,21,6,-5595,-6010
11/14/2024,291,-487,1935,250,421,-1517,-333,-2247,1544,485,123,741,626,613,-3668,-395,2244,-3132,537,3200,360,430,2819,725,1585,889,1291,430,-224,2403,70,40,1167,250,536,747,-335,1621,717,-1690,-4480,-7442,115,1095,-11041,-395,2244,1812,850,3015,388,430,2298,23676,1065,3015,-349,430,2819,23309,22,-6483,-472,-5765,-758,-6483,-3387,-5765,120,-1659,-910,761,-1519,1875,2182,4274,72,945,2182,4274
11/15/2024,675,4613,9037,2030,2801,7039,1495,585,6652,300,6082,8676,1110,480,-3536,-115,4813,-1095,38,3037,-1041,975,1125,-4485,2384,2459,-1,365,5505,-5501,675,4780,5884,1525,3809,8139,820,3190,8606,45,3744,2851,1110,480,187,-1040,4813,-1095,305,2083,83,1250,-3655,-26609,-535,2083,481,40,188,-31128,1949,3198,3068,3646,2847,3198,1760,1923,175,-5490,-336,-2975,-417,946,-1659,-666,1757,25,-1659,-2515
11/18/2024,-1465,-2487,-3353,-220,-4130,-4285,-1078,-2512,-3353,856,-2190,-4051,475,1292,-3617,129,895,-4264,310,2356,-7470,1145,-1585,-1844,880,-266,1429,640,-3390,-2034,856,-4495,-5122,-270,-4495,-4919,-1645,-4640,-4919,-2325,-3385,-6960,475,2435,-11280,129,745,-14430,310,2930,-15190,640,-817,-16693,880,2930,-15190,640,-2355,-17730,-5214,-2799,-3876,-2754,-3228,-7415,-1374,-2754,3540,-1157,645,-3250,1165,-1070,-4237,-1369,-1990,439,-4237,-2368
11/19/2024,-1455,-1737,-336,-1560,-2070,-1029,-2251,-1737,-336,-1710,-2870,-1029,-1765,-4310,-6235,-950,-3960,-1926,-1635,-4495,-2672,1415,1173,-1174,-535,-2155,-4435,1460,1535,4091,-2010,-1585,-336,-3260,-1585,-1029,-3185,-1585,-1029,-695,-1715,-1900,-1745,-5900,-3380,-950,-5835,1368,-1395,-1840,-101,1177,-50,5747,-1540,-1840,763,1460,1390,6057,1358,1261,-720,2717,-881,1261,1519,2717,-3995,-7402,-3930,5757,2870,-7405,2890,967,-777,-2620,2890,1072
11/20/2024,2896,701,4762,1675,704,4298,1137,244,5794,1138,660,5239,1290,1891,7650,439,5835,-159,241,-908,-3788,65,3765,8979,1004,2396,2341,65,3765,7554,55,1030,5251,1675,1004,3614,-355,1670,2827,-703,855,-1430,1290,2725,11056,1235,5905,-717,781,1350,-2422,1859,-9373,7768,1216,1350,-5203,65,3765,7554,3798,4246,1954,3883,3857,5216,2915,3843,881,3537,3380,121,2080,-334,239,27069,22,2850,-821,27169
11/21/2024,428,1731,-782,-204,1172,-1618,27,1591,-782,1935,1220,-2433,-185,4055,-2211,-1230,7142,1124,1417,4203,-5790,-1350,-437,-2776,-1430,-2670,-3820,-90,-4460,-1513,1935,1172,-2479,-204,1172,-2485,-554,1032,-2485,-690,1547,-6380,-720,6835,1160,520,7142,200,1417,8717,-1747,435,-7,-894,1125,8717,-4545,435,-50,-2736,-105,-5074,-105,-3045,-386,-5074,-840,-3045,6472,62,9482,-2501,1150,1982,-1275,-3882,-842,-4430,-1275,-5643
11/22/2024,1934,1233,1164,1990,855,-1898,2267,651,1164,1925,1665,2226,3625,5521,20825,2155,3513,14309,3488,3810,21429,1955,1045,10590,1882,3784,6683,1260,705,10247,2210,1125,1499,2090,880,-877,1780,-525,-877,1500,-1734,-244,3140,8663,19810,3120,4420,16595,2785,7935,24813,3280,2545,34197,2960,7935,26444,2255,1045,33506,-103,2675,-2850,-249,-156,2675,651,-249,7299,21152,3310,14349,7373,21474,5594,8186,6774,6116,5594,9118
11/25/2024,-820,-459,-2182,-680,-2150,-2724,-580,-3281,-2367,290,-90,-3292,958,1177,7051,-1445,634,-3313,-1976,-1683,8736,-1340,-5035,-4798,-1220,-155,5184,-1965,-2920,-5314,290,-3265,-9732,-580,-3260,-9817,-580,-3310,-9817,-2620,655,-15425,585,2324,6350,-1105,634,-1584,-2925,1690,9946,-579,-6987,33748,-1490,1690,9705,-3300,-7090,34794,-883,-5057,-2590,-2756,-2104,-2746,-1855,-3416,2757,5440,1211,-2863,280,4124,-5831,-5112,-225,1862,-5831,-2927
11/26/2024,325,1266,3627,105,1851,4392,156,1671,3627,345,-3,11804,1655,4099,8993,1712,2280,6150,827,1556,13483,5545,-5767,6027,157,5552,4633,6005,-2959,5520,325,1266,14441,105,1851,11136,156,1671,11136,40,878,10230,1655,3135,8128,1910,2280,5808,827,1940,21681,4425,-9010,15706,157,1940,21971,5035,-9313,15706,-241,1554,537,3392,-241,1554,1266,3392,745,1396,-2190,3836,2763,1463,-1740,6880,1880,1678,-1740,4395
11/27/2024,-801,301,5756,-245,610,7040,-245,1462,11127,-640,613,8097,-103,6363,-412,-400,-1232,-6764,-1932,1345,-6490,-525,-2260,-4774,-604,3520,3689,3343,-2930,-3870,-790,415,9327,-245,610,11737,-245,1280,12470,-740,475,10005,2130,4866,977,-1325,-560,-5309,1293,423,-4381,2849,2669,-2476,555,423,-4001,3039,800,-1201,2802,1142,1261,1076,2802,1142,1236,987,3134,-5132,37,-6191,4392,-4592,2505,-4722,-199,4958,2115,-3724
11/28/2024,1540,5890,-1685,1255,5890,-1685,1430,6140,-1685,-5,5640,-1685,2675,4825,5560,3230,6775,8660,5415,10875,6280,4270,7425,11770,5015,590,3175,5905,6050,11355,1215,5890,-1685,1255,5890,-1685,1430,6140,-1685,-935,3835,-1685,3060,7560,14125,3230,6775,8660,5415,10875,15010,6735,8445,11465,5780,10875,15010,6735,8445,11465,2255,953,2255,960,2255,953,2990,960,985,-1550,6510,2810,3135,1390,11065,7525,910,-2180,11065,7565
11/29/2024,-660,5830,844,295,5830,1000,295,5830,844,-660,4885,1000,2240,-984,270,990,4860,4875,2680,3691,6342,3560,1895,3580,3690,-1944,-1315,6085,1895,3580,-660,6730,844,295,6730,1000,295,6730,1000,-1320,4320,285,2240,3345,3665,990,6550,4875,3585,5985,6342,5609,3027,3560,4090,5985,7167,5490,1895,3917,3015,-1954,3555,-4390,2880,-1954,3420,-4390,-1687,-2145,415,810,6013,-491,850,2582,-1742,-1300,850,7653
12/2/2024,-351,3656,1104,-400,986,-2688,829,3229,1104,-2250,355,-3004,1988,3877,-689,2161,-1475,-3185,1776,-3542,-1551,1684,-3838,-5165,2410,-1980,-1695,3686,-810,-5057,-1800,856,497,-400,986,-3268,-95,986,-3268,-1450,-35,-3715,2740,3283,3540,961,-610,3551,2140,-4287,-148,4278,-975,-2873,-200,-4287,-1818,840,-5893,-6231,2001,-3806,-1292,-5264,1716,-3806,273,-5264,2028,-1059,-2910,-2221,1160,-3951,4533,-4538,-1430,-4535,4533,-6405
12/3/2024,-467,-1705,2465,-415,-1705,4034,-610,-1705,2465,990,-850,4034,85,-3492,3177,95,-1995,-487,-79,-2927,2116,-5,-3027,5558,340,-1435,-2154,-260,-3027,4977,15,-1705,2465,-415,-1705,4034,-415,-1705,4034,-515,-39,-430,85,-6185,-17015,95,-3310,-1445,-1180,-5845,9931,329,-3027,29327,35,-5845,5586,-250,-3027,29327,-1495,1534,-2815,1096,-2674,1534,-2275,1096,-4450,-6890,-1895,1969,-5016,1110,-1697,1019,-2036,-5260,-1697,1089
12/4/2024,-1475,-2028,-2736,-2000,-4075,-5940,-2488,-5365,-2736,-1885,-3870,-3628,-1831,-2963,-6138,-1285,-902,-5062,-1702,-3278,-2679,-1480,-885,8674,-1248,-1682,-2555,-2065,-2480,13617,-2075,-3580,0,-2590,-3570,910,-2590,-4930,910,-1595,-2860,-4490,-2895,-650,-10979,-1945,-1652,549,-2230,-2004,1739,-1486,-1524,19943,-2045,-2004,2778,-1960,-885,22870,-5567,-5518,-4500,-969,-4073,-5518,-3295,-1254,-4055,-7467,-4085,-2732,-3419,-3138,2031,4546,-1410,-2020,2031,6869
12/5/2024,4,-3350,-5856,-454,-1430,-5080,3,-1430,-5856,-374,-2880,-5165,-1338,-1884,-3543,-1435,-3260,-5825,-828,2460,-8263,-500,-3952,-2086,-1392,-2045,-1038,-1090,-1455,-4611,-374,-3350,-6829,-454,-1145,-5165,-454,-1145,-5165,-1060,-4005,-3275,-500,-2225,-1656,-2765,-2410,-5825,-620,-135,-9603,508,-3936,6982,-1910,-135,-10151,-450,-4102,9584,-417,1078,-87,-2118,-1609,1078,-317,-2118,-2428,-5672,-3030,-3829,-2531,-5897,-1375,11367,-1710,2074,-1375,11367
12/6/2024,131,-2382,-1906,-410,-3020,-3715,-275,-3402,-1906,870,-2230,-3715,765,1317,1270,425,1507,4841,146,517,4314,-260,-1398,5434,486,1610,-915,-634,-1398,6849,665,-3160,-1906,-410,-5345,-3315,-275,-5345,-3315,-1715,-2490,-560,800,1317,3577,425,1507,9068,-545,517,9428,-809,-1483,18837,120,517,9428,-634,-1398,21541,-1318,-2831,660,-2750,-704,-2831,-1480,-2750,-2599,3748,-1329,5227,-1011,2256,1814,15855,1045,-5910,1814,14817
12/9/2024,-1090,1726,-364,-715,1866,-1612,-1405,1961,131,108,1180,-2580,2261,-3024,-1611,2145,-1120,3411,2643,-3275,5077,6583,2787,6982,1082,-930,-616,5025,2615,6053,-545,1180,-2589,-775,1866,-4290,-1405,1420,-3550,-325,3727,845,3395,-3030,987,3630,-227,8065,4300,-2780,13367,5779,6065,10583,3527,-2780,10342,5025,6372,22267,-398,-2996,-175,-5597,-1743,-2996,600,-5597,2052,-1918,-88,1085,6126,4215,5145,-432,1007,-2682,5145,-391
12/10/2024,-1040,-386,411,-1905,-386,578,-560,-229,-580,-1555,-521,573,-2000,-1675,-6682,-1480,-4332,-8739,-1690,-4489,-7492,-1155,-1169,-5885,-1380,-121,-988,-533,-3005,-7465,-2450,-386,411,-1430,-386,789,-560,-229,891,-1985,-2674,-5758,-2000,-644,-12745,-3475,-3187,-10384,-620,-2830,-14652,-915,-2549,-5980,-1025,-2830,-12579,-915,-1081,-2880,-2081,-371,-1217,1506,-3647,-371,-1599,1506,-3995,-7025,-4090,-9097,-5091,-7421,-1210,181,-1496,672,-1210,1608
12/11/2024,227,-835,-5974,-920,-525,-4770,-1485,676,-5974,655,2068,-4500,379,-3142,-6700,-232,749,-5242,2260,772,-7310,3749,15713,-3595,2240,-1452,-4485,2675,16293,-4617,705,-480,-5805,-920,-525,-5845,-1485,645,-5845,-580,1170,-3880,379,2169,-2344,400,5214,1998,3365,7633,-3800,1443,17961,-14386,3310,7633,-3800,2635,17924,-16442,2802,-5451,4727,-4590,2949,-5451,4760,-4590,-4465,-6700,-2455,-5480,-2978,-5995,-510,-4866,-784,-4760,-510,-5741
12/12/2024,2076,-2913,-5731,1530,-4160,-3998,1844,-3143,-5731,1225,-2245,-6185,14,2751,-1903,2245,1890,-6765,-530,-625,-4957,1735,5310,-1090,-63,22,-311,2405,5015,2949,2150,-4230,-534,1240,-4415,824,1240,-4490,1675,95,-4030,596,1325,1472,-2871,3446,1105,-7990,-490,-1384,-7054,1880,5910,4064,-935,-394,-4595,2585,5335,4465,1305,2338,4175,2338,3730,2338,1115,2338,-2750,-329,4332,6,802,-4693,17695,-2724,5387,2376,17695,-2523
12/13/2024,30,-2624,-2010,-1895,-3735,93,-1415,-4158,-2010,30,-2505,326,-1650,-3805,-4830,-1440,-3980,-7485,-1915,-4048,-6704,-1420,-4655,-5065,-1490,-1380,4021,-1005,-4460,-7355,30,-2469,58,-940,-2469,1117,-1415,-3329,1117,-1110,-5080,-5219,-2180,-1825,-5067,-2890,-9655,-18815,-2420,-6396,-11839,-1005,-7962,-37757,-2170,-6396,-12296,-1005,-6495,-42641,20,909,-344,5910,828,909,591,4920,-3500,-6182,-4415,-7464,-3414,-6900,-4779,-6445,-1885,10,-4779,-6875
12/16/2024,669,-2812,-3317,485,-1760,-2681,-152,1317,-3317,-370,-1373,-3382,-1836,-3840,-6055,-795,-2965,-4514,155,-4270,-7171,2850,-1570,-3860,951,-1760,-1570,2725,-703,-6561,-1290,-1720,-850,-62,-1910,-820,-62,-1656,-820,-745,-3420,-6056,10,-6721,-9183,-2305,-1849,-6577,615,-5916,-9725,1481,905,-21614,1880,-5916,-9577,2765,-117,-21238,591,653,-386,-2378,591,653,-581,-2378,-3730,-6850,-3114,-4512,-6993,-3730,-1505,-3914,-2365,-2880,-1505,-6129
12/17/2024,147,3836,3824,-795,10680,1462,385,5959,1674,1100,5470,3722,-276,4942,3560,600,5133,573,1502,1580,-976,-845,9215,1779,1025,889,344,395,5057,535,-1410,5380,8228,605,6652,3860,605,5870,3860,115,3750,4563,135,8075,18767,820,5440,10577,385,3980,6737,1020,2802,-1314,-540,3980,5914,-275,4115,-380,688,-1500,-1895,3524,537,-615,-630,986,5526,8325,2475,-537,-606,6600,1978,-1565,253,-597,1978,-1118
12/18/2024,2455,4614,-5288,1475,3285,-2117,-37,339,-5783,1525,2835,-785,888,1655,-5043,1485,3630,-5676,106,3880,-6776,1502,10610,7440,1869,1788,-2285,2648,7495,2928,1530,4730,-1533,1280,3285,-215,990,565,700,-1015,-495,700,1020,1931,-12431,1485,2805,-1985,375,3880,-4624,2719,10610,20205,1298,2345,-4568,2751,7495,17898,1851,-1208,1695,1019,1094,-2456,4395,58,-1794,-6387,2225,-5085,1435,-3816,-250,6993,-1178,-1735,-250,3370
12/19/2024,1497,1008,3176,559,3645,2443,2009,631,1544,2695,2740,3428,2239,4010,-2073,125,1065,626,460,1830,-1127,1015,2627,1894,1835,1431,-2765,-305,2627,660,2695,1990,2078,559,3645,2443,559,4168,-7434,1115,-290,-3860,2993,2400,4423,695,1065,2158,225,1086,1522,-305,3547,2473,1303,741,-4051,-305,2627,484,1662,-4065,780,-3866,863,-4065,1535,-3866,1899,-211,2663,-901,1736,3741,4631,2232,347,-2725,2821,5289
12/20/2024,3060,3726,876,-440,4629,-350,-440,5536,-594,1210,6931,4876,2572,3161,2565,1755,2150,5975,2135,2459,15937,2724,8370,644,4369,3587,2165,2369,7410,-6940,2735,7425,1118,-440,4935,-285,-440,8298,4815,1235,5765,4440,2005,4540,214,1755,2150,5587,2135,4825,10351,2724,6105,-8776,4369,2945,11884,2369,7410,-10486,3720,6992,4820,6041,5179,7072,4838,7943,1123,-2372,3995,710,4698,3000,2302,-3927,3102,-3287,2302,-1959
12/23/2024,1776,13146,593,1491,6073,-780,990,10811,167,-700,6073,1989,1344,3379,-2125,1754,987,2548,2053,2422,7509,3729,3938,3199,153,-1726,-5570,3330,3938,4024,2434,6073,593,1491,6073,-780,1206,3738,-405,860,-1240,-666,725,9577,10636,1064,5563,12137,2005,7508,17219,2429,3129,5456,1035,7508,17043,3330,3938,4582,4051,4620,2305,5623,4051,4620,2255,5623,3199,5103,3588,3990,-3374,5075,-309,-1033,-2728,-1807,-309,-1268
12/24/2024,-1021,-1715,1045,-5,-1715,1416,-62,-1795,1045,-710,-1370,2122,493,-4490,-6735,615,-3785,-2655,428,-4375,-4755,85,-1250,-23,430,-2895,-4530,-550,-1250,-210,-715,-1715,2122,-5,-1715,2122,-5,-1795,2122,425,-2095,10,200,-9635,-17140,615,-5780,-5860,235,-6075,-13240,-432,-2270,2500,250,-6075,-13240,-645,-1250,4491,-1765,1314,-1765,1810,-1765,1314,-1765,1810,-3625,-7277,-2725,-3885,-2694,-1864,-560,-1970,-1644,-5805,-560,-1970
12/26/2024,1491,592,-772,1340,3651,-2444,1539,592,-772,1999,2996,-3266,4165,5669,1123,3720,7256,2800,2364,7456,-580,195,1714,485,1552,2430,-165,235,1714,-2747,1999,3651,-2634,880,3651,-3904,880,3651,-3904,4420,1640,-5925,2135,6105,5256,3720,7256,-277,2214,6036,-1592,581,2933,-15241,2045,6036,-5373,235,1714,-14483,471,-320,-19,-3427,196,-1721,1681,-3427,13104,6686,9151,16777,9138,9499,4000,-2644,5009,1027,4000,-4603
12/27/2024,909,3745,2351,-100,4448,8206,1552,5559,4393,525,7333,5257,2258,4743,3858,-1010,-1150,3470,1854,4367,1425,1445,-5230,181,2646,1043,-334,905,-2805,-2350,375,-879,1762,1430,4448,124,295,1064,124,1075,1998,5580,1730,20,3835,200,-260,6362,1465,1119,7337,596,-2998,11300,1730,879,8521,955,-5070,9717,3446,-79,3277,757,3926,-57,4737,757,4840,-1415,1732,4125,9724,417,3583,-234,1441,491,2875,-1377
12/30/2024,1188,1510,-553,1513,21,2684,1250,-241,-553,2713,378,-239,1038,2274,-6805,146,16,-6980,-1865,-3620,-6805,2781,71,-4595,-1495,-2220,-1550,1332,-111,-6860,2848,1510,-551,1513,755,556,1650,755,556,2963,1133,-785,63,2734,-4288,2385,721,-14265,-1514,-2365,-18344,950,3199,-19686,-1324,-2365,-20730,753,-245,-20102,1842,5261,-198,3249,3288,5261,2047,3249,4749,-7445,1326,-7450,-1053,-7380,688,-5475,-1390,-3520,688,-7445
12/31/2024,2112,306,-2908,4052,-95,-3024,-59,57,-2908,-620,1057,2505,695,1582,4287,-1300,-365,12027,1281,1849,16148,6612,1407,17259,1613,3380,20,6612,-947,831,-415,-720,-5225,-1360,-95,4049,-2385,-865,4049,1335,80,-1773,-125,810,1083,1290,1895,11204,2075,1816,16148,707,221,2551,2330,1816,16566,6612,-55,4186,591,-423,-1080,-438,2136,-454,-85,-348,-589,10974,-1540,11934,3367,12829,583,5709,428,-386,583,-4180
1/2/2025,3495,-2901,-3004,2130,-3351,-4808,2081,-3801,-2856,2660,-2501,-5115,4491,190,-6207,2379,-945,-6730,5845,170,-7457,4155,2672,855,6158,2066,545,4155,2672,-7088,4175,-3506,-7628,3475,-3351,-5705,2476,-3801,-5705,-15,-8525,-15110,3165,3474,-5175,2379,-895,-7616,3755,227,-7229,3988,350,-21226,5260,-376,-4720,4155,2672,-17261,-2677,-3485,2442,184,-3042,-4830,-176,-63,1899,-1815,35,-2940,-421,-4751,1430,4098,764,5478,1430,-3420
1/3/2025,659,-3917,6016,-950,-3083,6236,402,-3672,5666,420,-2370,6202,368,-1475,9130,-410,-1195,10285,658,-303,15854,-36,-1710,-5128,-1385,-868,632,-975,-3680,-7186,-225,-3615,6851,-950,-3083,5952,-950,-1993,6052,-3540,-3140,4556,-605,-675,12690,-800,2105,12263,-720,-1210,15854,1363,-2859,2085,-545,-1210,16950,-835,-1710,3103,1483,573,1663,1000,1483,573,1663,1000,480,4531,385,-1640,1370,17477,-1200,-3213,-645,1359,-1200,-3213
1/6/2025,1773,4523,8282,420,3806,8518,777,5752,8344,-1915,1461,5984,445,1625,-5176,-705,2261,-4599,1196,6285,-6332,1720,2104,-4314,157,-1016,1288,555,2104,-5840,770,3916,8282,430,3806,8518,935,4337,8955,-681,176,8421,445,2835,-2615,-705,3410,-966,1125,6541,-5670,517,497,1551,805,6541,-5670,555,2104,3519,3280,2,4110,2610,3746,175,2570,4535,410,-7010,1040,-2690,-1112,-5972,-762,-6991,1060,-1950,-762,-6056
1/7/2025,2162,2821,1930,950,2950,4233,-46,1969,621,870,3720,2053,1876,-1604,2435,2335,4280,159,2484,2054,-391,2701,3255,2305,1000,419,-2720,3760,-290,4343,895,4725,2340,790,2950,5333,785,4555,3767,-400,1635,-636,1810,-627,432,2335,4250,7228,1770,3289,1981,5534,-1476,-571,2425,3289,3240,3760,-759,173,377,76,175,-1385,-1458,3152,2305,-2140,-657,2565,4781,4658,1942,1220,1627,171,638,-807,1627,-3278
1/8/2025,937,8897,5726,5456,8406,7689,2460,6879,5049,5005,8065,3721,6753,3769,14291,2774,2544,14444,4850,4514,9605,2318,4484,11907,6516,1324,3672,2428,3592,8242,5105,5316,5726,5456,8406,7689,4500,9074,5049,1728,2973,6172,4849,3464,15403,2240,2544,15127,5423,6727,15063,2428,3013,4639,6516,6727,14799,2428,4484,2537,3468,1840,5117,769,5276,-929,1342,-2711,5261,21262,3276,16073,8625,15735,9932,12492,3585,2826,9932,5458
1/9/2025,0,0,0,0,0,0,0,0,0,0,0,0,0,0,0,0,0,0,0,0,0,0,0,0,0,0,0,0,0,0,0,0,0,0,0,0,0,0,0,0,0,0,0,0,0,0,0,0,0,0,0,0,0,0,0,0,0,0,0,0,0,0,0,0,0,0,0,0,0,0,0,0,0,0,0,0,0,0,0,0
1/10/2025,1350,2770,2366,1003,2050,1584,324,1402,2498,1866,2560,1054,3570,2530,5639,1297,362,-1405,3555,1950,7348,2060,-2484,-3585,3122,1471,902,3007,-2484,-7143,1350,4280,2366,1003,2050,1584,650,784,3442,1626,485,889,3594,4193,6141,885,362,-684,4299,3012,7348,2404,127,-8752,4714,3012,2787,3007,-2484,-9143,6295,1085,1030,5197,202,2625,5545,2348,727,1288,2264,-2361,767,-5877,-2248,-6334,1026,2072,-2248,-6354
1/13/2025,245,-1677,-5402,400,-584,-4983,-195,-2156,-5402,245,-584,-2420,2332,843,-5239,1680,1945,-3369,2208,2348,1573,2170,4264,-186,1270,2591,3735,2170,3795,-3701,245,-584,-3285,400,-584,-2203,-195,-2134,-2203,-1170,-2936,-2098,2470,-1265,-8208,1680,1945,-2913,1810,7350,1696,1760,2982,18851,2220,7350,-1671,2170,4264,9899,-1683,528,-2000,1718,-2528,528,-1850,4239,3025,-2706,813,824,5389,1847,6339,10225,4129,529,5939,10225
1/14/2025,616,491,5613,1054,1974,5796,3252,4584,-667,202,1408,6369,3093,7702,10490,4980,6303,13244,2557,3190,19023,2611,-1391,269,3004,3867,1610,2611,-1391,3338,737,1408,4835,1054,1974,6969,1069,3522,2485,3320,831,5974,3093,7609,16024,4980,6303,13244,2583,5416,19615,3089,-870,5997,2413,5416,19750,2611,-1391,3378,1074,1492,1144,4822,2743,7467,644,5176,4245,8690,2795,18788,2697,-2078,1072,-2936,15451,2204,1072,-3211
1/15/2025,1169,4324,-1592,595,2485,-2802,602,1988,-523,2130,2710,-1615,418,5708,2271,585,6128,9472,-1905,8562,32210,-630,4104,26972,454,660,5244,-630,4104,8752,1930,2710,-1592,595,2485,-2802,602,1475,-3827,1485,1433,-2032,320,6465,11206,585,6128,9472,-3055,10784,32511,-627,4065,58817,790,10394,32232,-630,4104,61672,1143,1027,-160,1370,2562,1027,225,1370,7628,-6235,7846,9105,8088,17424,-525,-6559,1091,632,-525,-6879
1/16/2025,564,6868,2472,1625,-2074,-2142,1315,3402,-4202,2,-1328,9646,2361,3506,10599,3725,2060,2539,1175,13786,1738,1050,1890,6066,2276,1738,4514,2295,1625,9199,564,-1064,-1405,1625,4618,1395,1755,5205,-2035,-865,4470,1500,80,3506,10599,3725,2060,2539,1175,13153,4242,2357,1962,19134,2917,12788,5517,2295,3660,19134,2129,4443,1128,4895,2277,4443,1595,4895,4454,443,1076,3186,3188,9359,1707,8597,6017,2600,1307,13211
1/17/2025,830,1290,-3164,580,1290,-1660,1443,1290,-3164,1580,276,2003,4841,1212,1229,1805,1462,246,1910,1368,-2964,815,2255,3723,3066,1462,-895,815,2255,3723,1990,2641,2198,1550,2641,1070,1550,2641,1070,579,2576,609,3861,3746,-941,960,1870,-3487,2430,2046,-6346,1317,2967,3723,6770,2046,-8630,815,2255,3723,-1435,-959,-1285,-15,-1285,-959,1260,-15,5048,-2495,6593,874,-110,-1941,469,-2621,6833,7621,469,-4122
1/20/2025,430,-739,-13,900,-516,-2393,350,-739,-13,355,-624,-2393,751,-802,7020,-515,35,4701,1056,-1670,5550,235,-2435,-281,991,-855,4325,240,-2435,-3881,315,-516,-13,900,-516,-2393,350,-516,-2393,-2385,-2135,-5640,-380,-970,7187,-515,35,4701,-590,-1670,5550,1562,-2435,-670,-655,-1670,5550,240,-2435,-251,2500,-454,949,-710,3742,-454,1114,-710,2876,7009,2426,4217,1347,5150,490,-4520,2567,4932,490,-4520
1/21/2025,1368,161,1121,-655,20,-587,1382,1241,137,1320,-130,-2517,-1193,1477,-2949,-1425,-3880,-5720,-1845,-2480,-4001,-1475,-6130,-3385,-1465,-300,-1758,-1103,-4450,-4865,975,-130,-582,1257,20,-3879,1655,1523,-4959,720,1764,-4889,-1160,-2937,-6357,-395,-6248,-17739,1147,-4324,-15487,1402,-4059,-32500,1710,-4324,-15369,1675,-5810,-33809,-2330,-5846,-2555,-3917,-1805,-5846,-1830,-3917,-960,-4780,-3020,-4569,-1683,-4795,-5595,-5937,-3640,-3280,-5595,-6688
1/22/2025,444,3815,812,37,4001,355,1415,3815,-1148,301,1986,1900,2168,-3440,-5084,-295,576,-6117,19,-2191,-6227,70,9981,13367,1087,-1305,2993,985,6695,16680,30,4001,3885,1905,4001,1900,1620,4001,-335,-490,2656,3854,1900,-3830,-13152,100,576,-6787,619,-3975,-6362,1591,10077,16947,1610,-3975,-4302,1930,10255,16947,2390,1668,2053,-1731,2410,1668,685,-1731,-3145,-6350,-4230,-5456,-1391,-3467,95,-2941,1287,2379,95,527
1/23/2025,564,-3025,-4641,-1840,-3025,-2613,-2057,-3025,-4641,-835,-1935,-2593,-655,-58,-4028,41,-2385,-2208,-910,742,-6984,-1350,745,4451,-429,-1231,-2140,-2350,3086,5494,-835,-3025,-3148,-995,-3025,-786,-995,-3025,-786,-2830,-4245,-7870,-655,-1455,-8342,-665,-2385,-2294,-1073,603,-5648,-2332,625,20276,-323,603,-3197,-2525,745,23482,-2255,-4064,-1863,-3512,-1863,-4064,-2588,-3512,-4160,-7175,-2306,-5311,-1380,547,1012,9808,-990,-2570,612,9448
1/24/2025,-1265,431,-976,-1000,1540,603,1310,1126,-2159,-600,15,3555,750,2293,-6954,190,-1173,309,-3,1026,3864,971,-5927,6566,-389,-706,-644,471,-4002,25488,495,1540,1721,-1030,1540,4768,-1030,2235,4523,-1660,-1085,2109,750,335,-3254,190,-1853,-286,-239,642,3564,738,-10054,32724,-299,642,1039,471,-10606,33619,-519,258,965,2415,181,258,690,2415,-222,-7440,13,-1746,-743,3696,6413,30674,95,2077,6413,30621
1/27/2025,3689,1651,2925,3189,831,4758,2322,503,2925,1390,1130,4862,2985,2312,3460,2450,2824,6979,484,5713,22233,805,3668,4794,1530,56,4951,3144,3668,5897,2645,980,2925,1640,831,4862,1700,5104,4862,3220,2386,14185,3130,2613,6481,4485,2824,6159,1540,4979,22233,1393,3668,7440,1485,3113,14950,1525,3668,6571,6342,6266,5503,4774,5134,6266,4359,7695,3509,12051,4503,1121,2875,10567,3975,9803,4237,1924,4320,10836
1/28/2025,-680,-1019,-3593,275,-1022,-3787,-1051,-1184,-2988,-735,-1660,-4047,233,-1514,-1619,340,-1770,5295,542,-1276,7285,600,-6115,-4953,493,-2685,-3475,-170,-2315,-6136,-735,-2512,-3778,275,-1022,-6470,275,-2557,-6470,-2275,-3305,-7595,705,-1535,-600,110,170,5295,-585,-3000,11452,-97,-5029,-29096,425,-3805,11995,-170,-5295,-26251,1324,-3980,-688,-3054,1456,-3980,-1560,-3054,-1256,-3445,-1770,-2597,-990,312,-2310,-3535,-2861,-4930,-2310,-6063
1/29/2025,269,7944,12859,1410,5388,10188,2196,4910,9485,269,6470,9937,7121,6648,37494,3483,7775,35210,8143,14711,31250,4052,10954,31043,7087,6733,6838,4052,10954,28783,269,6470,14226,1410,5388,11337,2196,4910,11337,1358,2246,4051,7279,7289,41228,3483,7775,39750,8143,14711,58848,4052,10954,42801,7327,14311,53229,4052,10954,35961,6476,9431,7590,9806,5639,9431,4971,8795,15692,25851,8213,25361,9083,27466,10352,34101,5387,3577,8967,30876
1/30/2025,1775,2811,10817,1100,868,4219,2274,5237,15050,221,300,14012,3357,3592,4305,1680,6253,10750,2585,6101,2322,3535,7760,15526,4191,2345,-120,4311,8330,16277,2754,1220,15222,1704,868,13304,1704,981,13495,-273,-1364,4663,2290,3184,7018,2350,6253,10750,3850,5135,4798,2910,8121,39666,6080,4925,4031,4311,8330,41691,3533,9912,-115,9530,5990,12609,-665,8078,4525,8695,7906,7680,4435,3560,4580,-442,2166,2261,4580,-109
1/31/2025,2190,-739,-4153,-1550,-529,-5840,-1560,410,-4262,1179,-739,-6435,-645,-667,-5107,-1028,1015,-7114,-1535,721,14338,1300,6721,-4148,266,884,-490,1135,6106,-6923,1834,-739,-6682,-1550,-529,-5840,-1560,410,-4575,-587,-1864,-7835,-535,580,-11833,-205,1015,-13230,-2040,648,-16594,526,3263,-11335,-1355,213,-17200,1135,6106,-11295,1164,-1472,3,235,719,-1472,-427,235,-1775,-5728,-434,-5163,422,-7351,-955,-2225,-831,796,-1820,-2225
2/3/2025,3087,4230,9664,2187,4290,11184,1708,3897,7131,1857,4919,8616,3383,3677,19724,3766,4464,18199,1333,5663,17771,1806,6635,33058,2077,583,3118,2685,6635,31966,2392,4919,9664,2187,4290,9510,1752,4205,6052,3421,1710,2536,3355,3573,19793,4132,4464,18199,322,5883,18591,4340,6165,33580,777,6888,18384,2685,6635,33961,2744,8114,3370,10606,2513,9324,3685,10512,5930,11503,5839,12698,1684,9998,2204,12658,3989,5422,2204,15647
2/4/2025,2221,2142,7026,1414,1828,6911,598,1597,6340,2469,585,8868,1033,5351,2530,1781,6858,16427,2876,5242,14973,2810,4081,11704,4436,2864,431,2925,3161,16531,1720,1855,7724,1568,1828,10354,1583,1828,9838,2852,2995,8366,250,5351,4453,3745,6858,21335,3065,5606,27287,2372,3963,25629,1995,5206,31705,2925,4081,28375,1980,5059,1973,5703,2511,5059,538,5703,3693,1741,8115,9712,7144,11677,4616,7312,2132,5452,4616,8526
2/5/2025,1890,1275,-1012,-1450,1275,-1538,2622,1275,-1012,4270,4046,-143,-205,-1861,-5563,-1350,45,5994,5022,3073,2830,185,3305,6999,5460,2338,2,-30,3305,7012,1890,175,-1012,160,175,-1929,960,175,-1929,2710,2854,1728,3899,-2965,2192,2554,-65,11804,5044,930,9141,1158,5038,36061,5374,930,7308,520,3305,37653,2991,-958,4459,516,6650,-958,4459,516,3053,-948,2080,3328,1830,2219,1416,7753,3503,-715,1416,8351
2/6/2025,1756,6272,2276,3097,15725,8550,3728,15203,2276,3394,12480,9318,1920,17450,14790,4620,8653,22268,3948,3420,16134,12780,5855,5010,548,4620,14852,14372,5855,7369,4255,7014,15254,3097,6180,9873,579,17187,10289,2720,10579,6224,8191,17450,10503,5216,8653,8473,5322,1995,16134,3538,5855,9044,4385,1995,16134,14372,5855,13755,942,6893,3383,4195,2290,4354,2266,6500,6865,8353,365,10430,1867,10624,3452,3759,5561,8567,3452,2694
2/7/2025,1050,4784,1835,3040,4010,2121,944,3000,1056,740,4657,705,3625,2437,-4350,2989,4750,4855,1803,3848,10801,1145,9334,12399,3540,79,3750,1145,9334,15654,1050,5352,1835,3040,4010,4200,944,3178,2492,355,730,-8297,4132,3045,-6265,2989,4750,5728,3231,5819,10801,1083,8984,26685,3431,5819,10987,1145,9334,26517,-523,6572,585,5567,5411,5396,-1145,4824,3193,-3722,208,7853,2073,8671,4835,31830,2743,1568,4342,32399
2/10/2025,1255,-1127,-1162,127,-3008,-3256,1623,116,-1289,1870,574,-2466,4330,658,2546,2500,-478,-369,1526,2309,-4328,7814,-4491,-3270,2871,-276,1744,4645,-4140,-7225,2575,-1663,2037,127,-1113,-2782,-203,-1129,-1792,1085,-2655,-769,3520,637,7844,1810,-735,-5811,-1285,4708,-7250,5883,-2851,-46937,1860,4708,-7886,3370,-5590,-51455,3778,-2716,3269,-4122,2965,-2716,3358,-4122,5664,5078,1198,-6735,1237,-5698,-6092,-5897,2312,1457,-6092,-5522
2/11/2025,1340,1309,3843,1315,3033,734,1640,3129,3843,600,4966,4435,295,3126,13824,1635,821,559,2265,1137,3666,1313,-3345,-4880,677,1175,8323,2543,-1615,-6120,575,2033,4453,1315,3033,3420,2015,3771,3420,1240,1455,4578,295,3126,16564,1635,821,1212,2750,1137,1327,2543,-7899,-5320,1845,1137,1327,2543,-8800,-6495,2977,3755,2712,4425,2977,3755,3766,4425,8898,16130,4590,5984,3918,5983,-2839,-3950,5863,3535,-2839,-3950
2/12/2025,-1495,-2821,-5205,-1990,-3635,-5205,-2463,-2074,-5205,-1995,-2320,-7455,707,522,-6585,1045,-1433,-6590,3889,-694,-6590,-1485,-5558,-4300,-1405,-1897,-4425,-2255,-4500,-5587,-3225,-10540,-9161,-3475,-10540,-9600,-4015,-8670,-9600,-380,-10395,-12405,1015,7635,14544,340,-5040,13130,2900,-2640,20125,-4330,-10996,5781,3300,-2640,20728,-4885,-10755,6833,-4605,-7405,-2807,-7405,-1435,-7405,-2750,-7405,949,-1438,316,-5515,4216,3481,-4279,-6627,-2765,-3335,-4279,-5756
2/13/2025,-810,1289,6355,-1000,4357,6715,-2050,3995,6454,-610,1660,7141,71,-4302,-6985,2201,1135,1430,-97,-1943,-5703,1920,4502,14086,802,-454,-1610,1855,4480,18359,-620,3108,7165,-1130,4357,10638,-1145,4577,11006,250,-315,5382,1639,-188,-5395,2205,779,2375,2418,1555,-1644,582,5390,5496,2668,1555,2114,1855,4502,6526,-197,7444,460,7444,-197,7444,-170,7444,-3750,-7432,564,-2993,1106,-7479,9673,-982,1346,-89,9673,-982
2/14/2025,1542,255,-1749,-123,-646,-2290,46,-454,-1749,510,-1275,-4435,59,3501,-5409,-825,1830,-4462,511,5186,-622,670,-40,7845,281,2269,-1701,145,-15,6925,510,219,3795,-123,-646,1187,-123,-646,1187,900,-2280,343,-550,5698,-4592,-825,2420,-2532,218,3756,-1911,67,174,3154,960,3756,-1469,145,535,3154,-1931,2360,-645,-615,-951,2360,-610,-615,-2101,-7020,70,250,2051,-213,1253,10962,-2064,-3545,1253,7878
2/17/2025,495,1080,-410,-360,1080,-410,-360,1080,-410,750,1095,-410,1645,35,5005,2450,2195,4990,3410,3630,4650,3705,3500,3195,4285,165,550,4415,-585,6080,750,1080,-410,-360,1080,-410,-360,1080,-410,-765,830,-410,1645,955,10505,3215,4200,10190,3410,7190,12770,4415,5005,11325,4285,7190,12770,4415,5005,11325,1971,-3010,1015,-3010,1971,-3010,1710,-3010,-550,4290,685,180,770,-2390,-5990,1605,-515,400,-5990,1605
2/18/2025,971,970,5935,1800,1731,3710,2132,1849,2638,1160,1173,6475,3746,2247,6978,1510,2242,7062,1852,271,8129,1820,1950,1819,3164,6550,3945,2730,2440,-312,1160,1173,7412,1800,1731,6710,1980,1961,8325,1064,-1070,1425,2145,1535,11040,1390,3034,7661,2635,-35,17464,3072,6500,20597,7503,-35,13364,2515,1950,17408,2389,4398,2071,2822,4101,4795,696,2799,3013,5604,8153,8994,3286,8649,7389,3665,1629,8097,7389,11839
2/19/2025,161,7020,-2768,1125,5545,-2410,4032,3441,-2768,515,4155,-3480,2645,2395,3196,1520,6360,16708,2314,4205,13922,8292,13907,-1436,2857,598,-1890,6110,7240,-2544,2490,4195,-6668,2750,3440,-8550,1400,2195,-8550,-1505,1547,5070,2645,8505,25123,1035,6800,22730,2740,14405,25112,5919,13907,5679,2990,14405,25613,6110,13907,4331,-2219,-6303,1126,-5880,1096,-6303,-384,-5880,972,828,2049,7272,9900,-3780,492,-2638,-42,-1265,492,-2030
2/20/2025,-728,501,-3745,-755,1771,-3925,-977,501,-3745,-705,1660,-1572,92,1314,-4622,130,-760,-7344,-6,-1248,-2588,1500,-4570,-5079,-397,-1850,-1027,1410,-2980,-7334,-705,1771,-1050,-655,1771,674,-655,1771,674,-2865,-3740,-5756,-435,2741,-10093,-340,422,-12785,-235,-2855,-12336,1500,-1478,-7486,-205,-2855,-16545,1410,-4570,-9047,-1545,-224,-1625,-1769,-670,680,-1854,-1889,394,-5246,-3350,-7330,1426,-3493,-937,-6250,-1480,-1229,-1790,-6465
2/21/2025,-14,2824,8198,775,3823,8508,91,1925,8893,1310,4405,10378,-1995,-3845,-5609,-1035,4615,-3241,-1925,2897,-7381,-1305,-2045,1833,-1476,-315,-1051,985,-3735,10815,925,4652,10822,775,4387,11449,405,4704,11804,465,4037,10346,-2535,-3875,-9785,-1500,4390,1928,-1560,4270,-6584,1742,995,8311,-1515,4270,-4947,2020,1685,9601,4292,1876,4426,3171,4217,1876,5850,4598,-4485,-6100,3365,-6184,-251,-7263,275,-2214,-15,2302,275,-1680
2/24/2025,3549,4171,4677,2950,5492,2484,3430,5370,2729,3192,7543,5159,3826,-2988,-5077,4955,-495,-2690,4962,-306,-5313,5642,1730,-5745,3000,1496,3444,5642,1830,-6605,5054,8165,7191,2950,5570,4729,2750,4465,4796,3962,9400,5445,3826,-640,14738,4955,-455,-3939,3767,785,-7491,5642,-1756,-6963,5101,1820,-6481,5642,790,-8350,2445,9468,5375,9010,4417,5920,3875,14320,6506,5832,-3085,-6037,-2962,-6918,-1843,4675,3211,7383,-1843,-799
2/25/2025,2643,1228,3728,751,2290,1340,2076,1305,595,1199,2300,4603,548,5283,18451,1677,2112,11050,1435,6584,16591,1260,4356,10216,2163,3746,811,965,4295,13384,2078,1007,3728,751,2290,1340,1514,981,-3047,2225,120,1105,-55,6076,23330,1600,3627,13483,1435,6105,26512,291,3837,17001,940,6500,22388,720,3801,12805,5204,2615,5253,7381,5430,2811,6556,4438,9885,21132,3335,15157,13338,16513,1789,6178,4392,2549,1389,2346
2/26/2025,-1010,8052,7147,1584,6730,12581,2170,6694,12217,-1010,7094,8359,-31,-3176,-540,1224,2073,1693,2307,1965,2318,580,4100,-5220,3021,-156,-1722,580,4100,-5777,-1010,8265,11941,1584,6730,14853,2170,6900,14861,2330,9028,9665,-20,-1205,5595,1224,2073,125,2786,2158,4164,569,3226,-5802,2389,2158,4391,580,4100,-6015,7070,11861,3480,13134,5380,12848,3350,11194,1303,-6680,1083,-3465,3506,-5244,1500,-4185,843,-2676,1500,-1387
2/27/2025,2774,3215,7008,2345,963,6026,2222,2426,5180,3161,4300,7643,605,-27,786,1581,3028,4269,-870,6120,1969,4571,3553,2542,356,4297,2884,3601,3553,1799,2296,2620,7790,2345,963,6026,2779,1287,4408,1420,125,3898,605,-27,113,1581,3028,4269,1286,6120,1969,2540,3553,2733,970,4985,-924,3601,3553,1799,2125,7723,3930,31,3012,5796,8155,6151,-229,-3229,526,236,2019,6060,2680,3151,4558,5652,2680,3151
2/28/2025,2612,3592,9385,5700,4612,9441,1872,3342,9385,5693,5797,9135,5480,4649,6150,5446,3087,5045,2652,-537,4980,3144,-2753,4244,4630,1837,5640,4022,-2083,18971,5403,4232,10477,6658,4612,9385,6658,4452,9215,5630,11163,9640,5029,3475,6889,6614,3087,4062,6268,1483,3014,3834,-1618,-18449,6308,127,15439,4022,-2703,-14207,30914,4290,9253,10545,30907,4933,8720,11049,5462,721,5499,2807,2081,3119,4904,3498,2362,4314,2859,2048
3/3/2025,2807,3317,1546,1505,4377,2061,1832,4553,-92,1580,4331,508,2820,6443,6016,2685,6285,10938,1545,8458,7532,4632,7216,15895,2235,2879,647,3997,5066,7103,2480,2945,-2563,1505,4377,-2560,1505,4050,-4390,-55,-1450,-7227,2820,7024,6351,2685,6285,10938,1545,7375,6271,4632,7221,8895,2235,5390,2491,3997,5066,4152,3925,-3187,3015,689,2996,-1395,2995,1349,7061,12566,4838,11937,4817,13275,3285,1403,3009,1,1545,1403
3/4/2025,4724,2045,8628,883,2010,3889,2656,4431,3874,1309,1570,1536,418,1778,-2995,-891,3790,8910,3767,5486,21756,2265,8481,14305,1727,-682,-1726,3570,8481,6832,310,2045,5621,1765,2010,2334,1765,2115,2044,3050,1135,1701,2480,1714,2315,-480,3790,8910,975,4730,22240,2343,7157,27260,1910,2970,15918,3570,8481,25944,2775,4595,1250,5048,3152,5510,1405,5448,954,-2650,875,11762,5283,16566,-1685,23946,-764,1186,-726,22921
3/5/2025,2381,619,2265,3672,3772,6915,3086,1803,1135,4012,3208,1520,2315,3164,3743,4387,2998,7430,5141,1102,7206,5818,1957,18301,5191,3180,2443,5428,789,17511,3342,2758,1412,3672,3772,6915,4047,4468,6805,2025,903,-2760,2988,3576,5272,4600,2998,7430,5833,3945,7206,5691,-1554,20432,5883,1935,4180,5428,1097,20608,2252,7070,2650,7554,998,7200,2845,4869,-1130,4552,4030,12660,4279,7848,13164,8562,1879,-923,11424,9225
3/6/2025,4078,2841,6308,1826,4815,8398,1413,3854,7296,2617,3000,5243,1850,8476,19111,2540,6010,11584,4230,7075,17745,1635,7555,17627,2425,19,-1692,1635,7555,16422,4483,3817,7133,1826,4815,8398,1676,4870,8198,2175,-583,4884,1850,8476,19402,2540,6010,11584,4230,5420,16899,1635,5469,13931,2425,6915,15697,1635,7555,16422,7020,5612,6111,5780,6519,6214,4092,6924,9410,15468,2430,5249,6819,11218,11832,9726,-451,240,11832,6834
3/7/2025,6038,5531,7578,7790,7187,5577,5200,4205,8082,7809,8937,8498,5645,4662,-640,5705,6631,10756,3281,10238,21953,6195,17482,11311,5089,5491,4441,5815,16977,6422,5046,5550,6763,7790,7187,5106,5304,4870,5224,5926,5233,-40,5645,4662,1909,5705,6631,10756,4560,10617,21953,6195,17303,19056,5039,9037,7470,5815,16977,18614,3489,12534,11113,14575,5082,11344,8567,10369,6733,9989,8394,11571,7750,13506,12059,26412,3722,8293,10595,26093
3/10/2025,2407,5000,7541,2517,5903,14966,2758,5178,12316,2407,5450,12090,204,3516,-5870,-1500,6630,12543,-120,9881,30617,-1435,4680,30200,1615,-1441,-2830,-878,4680,39691,2407,5400,11501,2517,5903,14804,2862,5938,16075,2995,3820,10508,-350,4482,11931,650,6630,16695,515,9837,27033,625,3070,41189,1615,8372,23526,105,4680,42759,2759,6941,3705,8172,2467,6941,2940,5192,3618,-6155,5423,14855,8367,15871,2880,30161,-1254,-3229,2880,25543
3/11/2025,15004,7375,8175,3160,9183,6657,3864,18678,14467,5213,5105,9785,13849,2765,8287,12704,3142,-741,3532,8661,16506,12804,-721,6575,13995,2679,4044,12289,1123,8836,15004,7375,8225,3160,9183,8709,3864,9104,12484,5538,8348,14496,13849,2197,6738,12704,3142,-741,3532,11154,16506,12804,0,14750,13995,9213,9386,12289,-1876,3703,9121,5901,8626,1656,7031,6525,7430,1976,7533,12742,1935,3448,6886,15402,5475,9963,1567,7119,1794,8248
3/12/2025,1981,3314,5696,1213,4142,7972,2745,2342,2485,765,1785,9889,4033,5224,18783,4028,4436,12323,3101,4583,11638,1758,-1497,-2211,1852,1468,3783,1758,-965,-5569,1135,2405,4406,1213,4142,6260,2518,3835,6125,3400,1590,5437,4033,6145,18869,4028,4436,13373,2817,2760,9044,1758,-6176,-17990,1071,2385,9162,1758,-6085,-16479,5609,7768,5637,6041,4878,5136,5892,7391,8258,11405,2745,7509,3631,7479,-5475,-4957,2462,7937,-5865,-4256
3/13/2025,-1400,5481,3414,4720,5584,5104,330,5863,9571,3269,5171,4593,3962,9079,6477,2993,7347,7094,1937,9072,10162,2568,14877,17944,3820,3955,-600,850,14877,15742,2993,4435,989,4720,5584,17748,749,5094,11097,5070,5522,-546,3962,8119,6713,3365,7347,7094,2805,9177,10162,1581,15184,16067,4944,8140,7246,850,14877,15896,4119,8347,3655,8061,4730,8347,2764,10551,5400,8144,6993,11730,5856,13833,5473,464,5396,-327,5073,5652
3/14/2025,946,1966,-5188,-790,131,-2320,21,-3231,-4693,2008,1943,-3969,274,6500,1554,-750,2903,11032,1711,6250,4997,769,3147,14817,2280,-2060,3,769,2232,22655,1233,783,-1248,320,131,-4110,1025,-1700,-4020,580,945,-6025,880,2060,7085,-650,2753,11032,1849,4425,7500,2422,2065,35034,2230,5415,9328,769,3330,36574,961,-898,1513,-1016,891,-898,1513,-1016,552,8016,-804,4734,2339,8787,-74,13826,-2366,-1665,-74,14590
3/17/2025,179,3966,7724,768,4521,4325,-821,4081,7514,318,-211,6704,2006,2175,10236,1692,380,-2261,1606,-231,1388,3949,-1699,13952,4136,1520,8990,2665,-1749,6434,365,5272,6548,410,5272,7000,410,5387,8292,635,890,9219,2321,4249,9606,1757,380,-2261,3496,1590,-3557,-336,-4121,13321,4347,1240,-3379,2665,-1699,11505,2147,2762,1808,10244,1988,2552,4301,10244,2711,4945,1509,-1852,282,1648,3900,-820,1034,2786,3900,2290
3/18/2025,1790,5943,7225,3742,5740,4809,3397,6277,6361,405,5740,2015,3399,5402,43397,3916,15944,26414,3325,10249,30609,1556,11080,21730,3545,1991,7135,1556,10605,16358,4078,5740,7043,2014,5740,5560,2511,5310,5560,4231,6326,5206,2325,5402,43683,3916,15944,35659,3325,8881,36233,3007,11080,16704,3540,8406,36633,1556,10605,17247,3190,2472,5167,-1138,2741,2249,750,4157,14341,25969,11220,9588,5936,27733,1326,1961,1915,1820,241,3555
3/19/2025,2997,909,3997,1379,2587,2829,723,1904,3867,3604,3694,4238,957,1354,1119,3306,2190,11278,2638,4827,12795,2347,1565,4479,1724,3223,-1588,1044,1565,3150,3595,3359,6939,1574,2587,4604,1574,2256,4474,1427,2161,-4615,1032,4221,14970,1526,2190,13500,1592,4669,28810,1484,7424,23854,1359,3324,25035,1044,1565,15269,3779,2812,2295,816,3694,2577,3570,921,2692,-254,4685,5223,6305,6952,6054,12347,-155,-883,2384,9885
3/20/2025,4724,2093,7051,3461,3300,8563,1423,2003,8647,3095,3300,9831,3732,3879,4885,5150,3369,9015,5486,4646,7254,5117,5621,-795,5816,-539,1999,5117,3636,588,5194,3300,7051,3461,3300,8563,1368,3210,8563,3140,-1905,9767,3732,4470,12279,5150,3369,9015,2587,3686,7122,4381,8064,8906,5838,3836,8596,5117,7476,8337,2160,4260,2060,4260,1833,4260,2518,4661,9509,16109,7025,2204,10798,5916,10382,-4210,3063,4007,10382,8213
3/21/2025,-224,1498,-2633,-622,2423,-4116,85,1011,-1807,935,2483,-3330,780,3892,10517,45,7091,5027,495,-110,1788,3236,-2000,-5993,115,35,622,3236,-614,-7498,-405,2845,-5918,-622,2423,-7355,-492,2423,-7575,685,-1360,-3845,780,3285,8419,45,7091,5740,495,2770,6382,3236,20,21719,605,-385,4226,3236,-1015,15939,-739,-4682,-1585,-4247,-739,-4622,-700,-4757,1772,7072,1265,4641,1092,9014,562,121,1607,-1219,562,333
3/24/2025,1503,2803,-774,-611,3238,-704,1666,4527,-774,-1575,3198,-2150,1714,-1793,-2722,1870,-99,3652,2094,-853,1901,1895,1236,1075,3075,555,-1498,2830,2074,2096,520,3748,531,2198,3238,-1660,2013,4322,-1660,-745,1862,-2254,1605,907,6502,1870,727,10542,2094,1390,8072,3964,2640,27772,2642,1390,8072,3395,1554,27772,2585,-459,1438,-915,2585,-459,425,-915,-429,-3227,-1265,-1513,-426,5504,2428,3388,-855,-3630,2198,2947
3/25/2025,2194,5471,3107,2620,4505,-894,4081,3186,2575,2645,4830,-894,1702,1965,8356,440,1695,2714,91,3944,2817,1761,6105,-5796,326,1630,80,1915,7400,-6956,2645,7407,641,2620,5030,-894,2240,4925,-455,1675,2610,1578,1460,1965,11120,160,1695,4054,91,4125,4124,2865,3934,-11812,326,4125,5801,2825,6105,-10346,1647,-3103,3174,-3083,3834,-3103,2809,-3083,2770,1854,1157,-1510,3434,2661,-636,-6945,3018,889,-636,-7435
3/26/2025,1158,2455,4233,337,2450,4181,400,277,3590,453,895,4231,-1425,720,-5945,540,5190,7941,-715,-4500,-5448,240,4135,-3992,949,-2820,-2675,1505,4217,-5494,670,1565,4233,780,2450,4181,-125,1957,4084,870,-3040,-3040,120,1794,-5240,540,5190,7941,-500,1990,2705,-1964,-2910,8643,320,1640,2420,1815,-685,10001,964,3089,230,783,1918,4396,-881,974,-28,-6505,5205,5136,4047,107,3111,-4297,-721,582,3111,-3831
3/27/2025,2626,3588,5209,493,4399,8651,399,2409,5209,468,5168,11614,208,959,11228,2040,7351,14662,2102,4511,15486,2490,10715,1559,5871,4024,1764,2682,4604,11092,925,4399,7065,950,4399,9552,950,3249,9552,2307,2263,-2591,-1050,4106,14549,600,6355,8710,1670,4940,14973,2548,3945,19290,4225,4485,13315,2925,3630,13289,7445,7290,7729,11961,6027,7290,6390,11961,1451,9826,3290,10989,5213,8643,5573,22575,985,2119,5573,12897
3/28/2025,1561,6621,4569,-340,5331,4620,-340,6517,5722,210,5826,3046,-1880,-3547,-3971,1080,10745,17569,1262,8007,16756,-1130,7740,-2747,2722,-2144,-65,-1865,5700,18160,440,5826,4569,-340,5331,4925,-340,6836,6606,-590,2408,3060,370,3400,9535,5000,10745,17423,1423,10810,16971,2999,16266,47692,2448,10810,17935,3510,17618,47619,3250,536,1311,1596,2322,1132,-144,3259,-1228,1741,5741,13015,5089,8806,7895,23330,-2211,-333,7495,13223
3/31/2025,-1360,-3670,-3522,-734,-2389,-4595,-737,-3670,-3522,-534,-2100,-4753,873,-2995,-5342,530,78,-5119,-535,-608,-6625,-1435,1305,2375,-277,-2863,-2664,245,767,-696,-230,-1945,-5862,-430,-1900,-4870,-430,-1920,-3770,-1135,-3885,-8665,865,-3245,-17819,530,78,-13839,-535,419,-13404,-367,1191,4960,-245,-158,-10940,450,-445,4304,1839,-6289,3692,-6497,-3748,-6429,-2200,-6497,-2308,-6441,-2974,-3954,-4652,-7125,4320,-5210,-1105,-3538,3670,6502
4/1/2025,6170,2979,3051,4005,4069,4898,1510,3244,6506,5543,5170,6359,5873,3047,80,5771,3949,6035,5788,3260,4251,6446,4008,1859,4408,4165,-2820,6446,4008,488,6170,5715,13465,4005,4069,14292,3041,6460,4818,7384,5205,6499,5873,5291,10531,5771,3949,3240,6230,5240,4251,4059,3019,-8863,12129,5240,5308,6446,4008,-6033,5934,5283,7448,6863,6729,7573,5562,6908,3590,5299,1900,3105,2050,5508,656,1762,2163,2508,656,1762
4/2/2025,1746,6111,10373,2303,4193,8722,2975,4741,12101,2837,4695,11070,3775,9246,-2049,3054,4224,2835,4775,9609,-5450,4033,-206,-4642,672,-1760,-3535,4033,-4450,-4448,1513,6185,10134,2303,4193,8108,2538,3968,10733,4709,15854,10630,1485,5254,6030,2226,2524,2670,1905,11874,4893,3708,-152,-14354,-1405,2945,3360,4033,-2091,-13895,5364,8688,6197,9739,3914,8673,5829,11844,-282,-171,2690,-1102,4446,-4388,-370,-1925,-2940,-5770,-907,-1925
4/3/2025,3050,3078,602,6656,2835,811,4604,2063,-2559,4538,2878,49,1269,-1348,-3578,3417,2027,2852,439,914,1976,1376,4737,-2439,2310,877,3256,1376,3942,3144,5533,3359,602,6656,2835,811,5083,3610,-3428,4768,-491,-1227,1260,1415,-4058,3417,2027,1210,3223,1553,-862,1984,2358,-1204,2633,-360,1885,1376,3942,-1593,757,67,2162,3112,2607,993,3762,-565,224,-2528,1170,1218,1285,-2853,3653,1212,3294,3761,3653,-1409
4/4/2025,3380,5583,9379,3923,5448,6725,3554,4243,7176,5457,5851,9239,3882,6957,9597,2895,4019,12300,3840,5949,13904,3195,6673,19402,2745,2390,231,2405,3723,14557,3380,3405,9379,3923,5448,6725,2043,3257,5214,6740,6414,16580,3882,6957,9597,2895,4019,12300,3840,5949,13904,3195,8796,20613,2745,2845,11731,2405,3723,14557,3624,22020,5840,23292,6692,20843,5787,23605,7109,8155,7537,12609,8360,24036,7495,15929,3672,3372,5569,13229
4/7/2025,-1235,3382,3011,1086,3890,4518,2897,5887,2368,1366,1725,2447,1874,6532,7039,-1230,10659,9417,2164,8146,3526,-1440,6880,4582,-1405,4111,-968,5776,4735,857,1675,2620,3011,1330,3890,4518,2126,3567,-311,2835,3315,3286,1855,6532,7547,2851,10659,9417,2294,8146,3526,5740,6880,4582,1994,3961,-513,5494,4735,857,5705,558,2402,-477,4579,719,7664,1659,4191,6502,7312,9507,6385,3773,7298,2640,2265,-103,5344,1114
4/8/2025,2696,5585,10314,2055,3763,9319,3753,5844,12429,5977,9865,8236,-126,1273,-3071,2732,5464,6500,735,6967,6856,2964,9929,24253,1939,2538,2145,1459,6289,13603,3117,5585,10314,2055,3763,9319,3753,3320,10862,3045,7010,15341,20,3097,-2115,2732,5464,6500,735,7034,6856,2964,9929,20182,1939,194,-2294,1459,6289,13603,3033,2153,5374,3079,5018,939,9705,1090,44,-1436,1291,789,3082,5152,1075,1440,263,4066,565,1440
4/9/2025,1355,6321,3701,1324,6582,3129,2358,5285,2125,1790,5357,7538,3340,4444,1018,3665,10915,7659,5523,6860,3069,3445,7475,7933,5055,1829,1874,3064,6150,6196,2810,6784,3701,1324,6582,3779,2644,6337,2299,2155,4568,6136,3340,4897,1069,3665,10915,7659,5299,9760,175049,3445,7475,10858,5124,4160,1221,3064,6150,6579,3331,5783,2735,4617,2466,2235,1650,7692,2960,-1758,8087,8597,5386,6471,4810,9355,1529,2084,2245,4649
4/10/2025,1485,5028,4605,1000,6364,432,508,5311,1949,865,4094,7380,2832,5808,2218,2815,3561,7472,2426,6481,11678,860,6414,10404,2055,3379,-3008,500,5194,11076,1750,5314,5521,1000,6364,1670,661,5156,2626,1316,2709,7899,3248,5808,6244,2420,3561,10548,2110,6481,11678,3546,6414,11436,2055,4256,7363,500,5194,11076,7329,4813,7114,6017,8129,4509,9849,9697,5171,2380,3982,8438,8550,8537,5333,16428,-922,2138,4413,14828
4/11/2025,3650,2458,6007,1001,933,8287,3030,1983,12480,3115,-197,4149,3549,6166,7393,6138,6157,13576,190,3704,15312,5493,7792,27159,3414,1393,972,5493,5658,26059,3650,2458,6007,1001,933,8287,3030,735,4888,1160,-2780,-5506,3549,6166,7393,6138,6157,13576,190,3704,15312,5493,7792,27159,3414,1146,6244,5493,5658,26059,2045,3318,3390,7061,3490,5438,-1225,-523,6558,1741,8568,7755,7576,8494,7021,17085,4741,1737,4796,15365
4/14/2025,3117,3921,6868,1809,3713,6262,5575,3990,6190,6029,3675,3375,4118,4424,10108,4443,4749,9796,3921,3201,9360,4988,5924,-1489,3066,9140,4955,3872,5014,-2906,6013,3868,6868,2796,3713,6517,2878,3356,2428,9026,3330,3830,7359,5759,9954,5154,4749,9796,2805,2614,9360,6130,5434,-7018,3164,714,4789,3872,5014,-1486,8739,3987,4770,4953,5051,2454,7949,9406,4314,10780,4465,14646,1979,1865,-3134,4812,2023,1541,-3784,-1436
4/15/2025,2052,3764,1586,1385,2985,2024,944,-137,-24,534,1121,4901,1126,8249,12717,80,2984,3452,-13,6166,-1575,-358,2457,-1414,3644,4723,52,-358,-592,-4840,1700,1221,1586,1385,2985,2024,1005,-45,1473,1098,-206,408,1137,8333,8189,950,2984,2200,315,6272,-1575,910,1565,-14708,445,5807,-2111,-358,1972,-12999,4340,3281,3950,1318,2820,-891,2445,1318,6757,9679,1879,-2735,6223,3023,6138,-2512,1172,52,5051,-3139
4/16/2025,936,1428,-5758,1370,4738,-4102,641,2125,-5766,2690,4877,2167,2604,2261,1170,1028,2812,6083,2997,5638,-5820,1120,1671,-165,1753,1493,1075,1120,881,-681,1715,4135,977,1370,5042,-1540,1370,3872,-1650,975,1279,-2462,1360,2261,6525,1028,2812,2552,3715,3775,2202,2659,821,3525,1395,3180,425,1120,881,3376,461,5299,538,4526,461,5299,1142,4526,4151,600,5146,10593,2423,3642,2865,-3760,268,-957,2065,-5790
4/17/2025,5291,3462,11695,4151,2325,11249,4046,6087,8058,4496,3756,6661,3406,6911,5786,3042,8792,9324,4228,6218,8262,3517,2612,9964,5293,6117,1659,3517,2612,10046,5291,3746,5860,4151,2325,8666,4046,4029,9094,4446,6935,7428,3072,10394,5023,4284,8792,8000,3570,7299,8313,3971,1808,9514,4534,6528,7400,3517,2612,10046,4987,8094,5651,10033,5806,8094,3630,10616,3590,-247,5166,188,5440,-1702,1480,6020,5112,1237,665,-1258
4/21/2025,4900,4969,5552,5418,9552,10975,6037,8336,4885,4900,10755,8560,2462,2900,-3532,3218,3670,2400,2295,8703,10032,3333,5716,8973,3288,6950,4301,4672,4775,11161,4900,11255,5792,5418,9615,10975,5730,9991,6472,4635,10325,8673,5785,3535,-691,2525,3670,1082,2705,7730,10769,4940,5312,7195,3235,6314,4233,4940,6497,-4997,4457,6407,3977,10036,6717,8364,4603,8307,1564,6532,2803,-315,3752,7896,6594,5126,2336,9417,5794,6736
4/22/2025,4097,1261,11323,4043,975,7733,6160,10147,8500,2737,9519,10582,3935,4409,7940,951,5119,11820,2711,10095,5720,1865,5228,8744,11889,3704,6494,1865,5228,11769,2752,10004,9260,3122,975,8036,3382,10147,10287,1807,939,4329,3940,6099,10552,951,5119,11820,3572,8657,13785,3596,4822,17523,12910,8657,13164,1865,5228,17523,15826,8612,6584,7092,4390,9165,2583,6900,1707,3410,12801,6098,15237,10415,2855,13189,3396,13919,2855,13138
4/23/2025,3877,1163,6163,585,870,4807,939,526,6002,2607,-5,7777,4860,4556,-5344,4688,5578,6964,4534,817,5052,4165,915,-1286,3187,1100,-1490,3845,2015,-1009,4049,655,6163,585,870,7200,585,280,6475,4485,2070,13021,4860,5420,131,4688,5578,11089,4534,3780,6288,3775,215,-3176,3187,2270,950,3845,1065,-1417,4178,1381,4499,605,4327,2437,6002,605,3761,-5604,4920,3485,4885,-2575,7705,5666,442,-642,7705,6257
4/24/2025,-1495,5344,984,-1515,5845,716,-2461,5384,984,-1495,5805,2087,5356,4476,-4767,5305,1740,-4956,180,5903,-4051,670,-1850,4013,-1156,165,-745,150,-885,4254,-2325,5805,1196,-2595,5845,2087,2841,5845,2087,-75,1755,-1759,5800,3980,-1786,-430,1740,595,410,5894,6773,150,-2388,23242,480,6297,5623,150,-1850,14375,4577,3447,1045,3236,1007,3447,1620,3236,1120,-1745,670,2714,3584,8107,3730,6238,434,-1195,2250,6110
4/25/2025,-1480,10,-7,1035,-135,-1706,-2394,-2309,-7,-880,-571,5122,688,-2702,-2423,-1420,1689,12314,1153,-3940,11155,-935,3070,19609,-415,-2565,-4485,-1765,2740,20254,-850,-571,3614,-530,-135,190,-530,-57,190,-525,-5170,-2693,4401,5380,6540,450,2705,12314,1337,1320,12045,-1265,3561,22184,-205,1320,9804,-1265,3935,20967,1587,5189,662,5058,-2283,5189,-222,5058,2,6110,-3440,8834,3103,13113,-2030,23223,-2871,-2469,-2740,24405
4/28/2025,676,3921,7470,1320,5549,5540,-184,2041,4885,1245,4824,6028,4209,-2186,-4025,3687,3066,-2807,1649,-1134,-3056,4333,3972,19636,2551,5270,1005,6038,7432,24104,805,4800,5472,769,5549,6100,1366,3709,5095,1108,2958,4498,4777,-1055,-1674,3792,3066,-4885,3366,265,-14999,5509,1249,1994,3969,265,-15450,6406,4780,1919,2420,9806,3630,10991,3155,12124,5065,10742,2122,-3734,4485,3832,1595,1614,7012,5030,5175,3430,6622,5030
4/29/2025,2173,-2666,-3969,1540,-2761,-3889,2125,4,-2151,650,-1460,-2806,275,6387,13915,1185,3400,4072,-408,883,-1654,2030,-271,-3032,277,3028,-2165,4115,-335,-6411,2173,-2135,-3969,1540,-1855,-5605,3525,103,-5140,-295,-3565,-6720,1430,3385,12953,1185,3400,4452,1490,1865,-1528,1983,-2145,-1623,1435,1475,-2329,3215,-810,-2395,1527,-6119,1325,-5270,650,-4299,-445,-4712,6597,12947,1747,-3296,-266,-2068,2755,-3736,546,-265,2755,-4486
4/30/2025,398,-575,-4530,-30,-1481,-4530,212,-515,-4530,680,-2220,641,2035,3708,17848,130,2350,-5635,743,76,-7245,1935,4364,6669,444,-2405,-1560,1935,2304,1927,680,-2660,-3080,-30,-1481,683,-30,-1245,638,-3010,-2665,-1551,2035,2065,17077,130,2390,8101,325,2726,7086,1935,3917,19550,900,1656,20343,1935,2304,14840,-385,-47,530,1000,701,3005,-215,-185,3065,7243,1039,-6060,3056,-6547,6322,23740,24,-2250,4657,19524
5/1/2025,4175,1618,4712,1455,2029,1033,1612,-935,4712,5070,2935,8519,857,1436,12237,1495,825,5919,2411,14520,9487,1495,500,4300,2587,12613,2135,2344,-490,-959,2919,2935,1346,1455,2029,7834,1455,1122,7834,7034,4868,5129,1355,805,15124,1495,1150,6004,420,2185,-4694,-120,-2865,-14914,1869,1735,-1559,2344,7884,-10694,973,-127,925,2274,-82,-127,2722,2274,3370,12266,5505,6891,-1787,2035,1070,3331,3482,2847,10,6442
5/2/2025,-503,645,5818,102,-1745,1040,342,-1882,6223,-888,-696,691,-978,2884,-6029,257,206,-3583,1714,894,-5030,3266,-2090,1731,-1455,1783,-1115,4081,-2090,-359,-130,-924,1987,-190,-924,2545,-190,-1805,2950,-1260,1616,655,-575,1970,-10754,1520,-140,-7905,1406,655,-6471,2785,1774,-2962,3061,655,-5645,4111,-2090,-2190,1470,5135,4555,1551,1470,5135,2963,1551,-3042,-4977,3964,-5879,-6618,2402,-2474,5185,121,2331,-2474,5185
5/5/2025,1322,-446,341,1666,399,-670,168,779,341,697,1439,208,2499,5361,4339,4911,8430,8221,10065,6206,1682,2369,6396,844,2151,6680,8525,2544,6186,-4460,1186,1439,713,1666,399,-170,1631,779,-170,1886,535,205,4520,6430,12997,5615,8284,11078,4485,6828,3753,436,7170,10260,2670,6828,4861,2552,6396,7188,1985,3045,1985,2270,2758,3045,1985,2270,2630,8129,5061,6121,4310,3495,4900,-4443,7568,4891,4900,-5047
5/6/2025,3313,-534,-465,345,-1140,-1132,455,184,498,3502,-1165,-1132,2200,6898,17665,3290,6800,19453,2556,7543,23482,4105,-49,11114,762,1132,-2219,4105,1338,16436,3502,-1165,-465,345,-1140,-1132,455,-1425,601,2080,-2014,-501,1652,5964,22759,3290,6760,19550,1390,10960,29812,4105,26,31257,1635,10475,23819,4105,145,32353,2343,4474,2664,5714,3607,5714,4242,4509,3674,18347,5844,22222,9898,19941,7458,7749,2333,-298,6988,6693
5/7/2025,4240,1246,7841,3264,5005,7841,1276,5144,7841,4359,4559,22495,3518,8787,9902,15610,10584,25082,1544,10689,31123,5675,12895,19389,4151,4836,15878,2647,13927,30040,4824,3780,22220,3264,5005,22926,3264,5820,22893,7190,3527,13362,3955,9292,11197,16064,9079,20399,4640,16540,34133,1824,14577,34137,3920,16540,32062,2647,12150,34674,5971,14819,7065,16627,6545,14869,6240,16627,3203,16650,7892,4090,9179,7360,3240,6465,6748,6076,2395,5110
5/8/2025,5605,1246,547,3940,1650,-789,4600,970,-3643,4975,1995,-1656,839,3559,6539,977,2874,-2544,1450,2830,-2044,905,13342,947,-1130,2006,55,-585,13342,-4414,4350,1995,795,3940,1650,-3040,3940,3780,-2612,-35,4805,-3252,1370,1659,6539,997,2874,2809,1189,13743,3935,-585,13150,3554,1255,12673,-1256,-585,13342,-995,1304,-731,2404,230,-791,-2506,1815,230,231,5662,13310,-2956,-1430,-2459,-296,-4852,789,3603,-296,-7252
5/9/2025,1167,2518,1357,80,2704,690,854,3445,1422,3228,1665,1032,741,2538,16593,1495,4455,11902,4215,3651,16788,1415,1935,-5180,767,-413,3515,1606,671,-6769,2535,2577,2651,2386,2704,1072,2386,2609,1072,2429,235,-1029,1505,2538,22074,1495,4455,11902,4120,1631,17312,1136,5641,-7678,1533,1631,15893,1465,1935,-15623,-1004,-5752,-3117,-1375,-2418,-5752,-1907,-1375,3973,15958,3250,11485,2120,20179,2937,-3149,1671,1468,3088,-3149
5/12/2025,986,5695,-4993,139,5700,-4959,1343,5700,-4993,393,-1435,-5525,-1884,-3822,-4002,-1120,-841,-7435,2010,-4463,-7353,11493,-6490,-3392,5770,-542,-2776,11588,-4460,-5602,360,5695,-6612,165,5700,-4200,1295,5700,-4200,-1110,1425,-3120,4310,-775,3906,-1040,-995,-6339,2010,-360,7662,2186,-1059,-419,5320,-360,6208,12093,-4420,-1675,-2010,-5099,3029,-1060,2139,-5099,2404,-1060,2712,-7029,-3835,-7394,3715,-5874,-2110,-6950,6,-4665,-2110,-7475
5/13/2025,3777,4060,5437,2120,4675,5714,5648,6164,5437,2760,5197,5714,5,4048,3091,5360,3163,2134,3489,6381,5671,-340,2915,-4502,4765,685,-3380,1500,3475,-2810,2695,5696,5990,2295,6696,5990,2255,5903,5990,3365,4822,8388,5,3942,11486,2955,4418,8149,2975,12968,6256,-499,4817,-8144,4765,12968,7247,-2250,1630,-8144,651,978,241,978,651,978,241,978,4468,9438,5700,2666,9210,11952,9055,-5670,650,-2905,9055,-5670
5/14/2025,6890,8292,13174,4205,9962,12286,6147,9962,13174,3790,6130,13224,1759,10034,19113,595,10860,19654,2089,11078,27560,2944,20172,12701,1173,11380,4170,997,20172,14997,6240,9536,16032,5445,9962,15907,5445,9962,15907,5340,8338,12629,2595,10433,19840,1142,10860,20294,1987,11078,30617,1694,16206,14997,3692,11078,30617,997,20172,14997,5584,4284,7087,5043,5464,4284,4816,5043,5019,12826,7489,11364,9302,10453,18530,3523,1932,1448,18530,5232
5/15/2025,871,2230,3385,1260,2230,4834,412,2230,3954,2024,2230,3548,1310,2930,757,510,1580,-1853,1059,2798,-1796,1595,-525,-4225,855,1698,-4590,1020,-1210,-4635,3017,2230,4717,1466,2230,4727,3612,2230,4787,2610,4707,6825,1310,2980,2723,1300,-40,-955,1095,-485,-3448,1927,3092,-13000,1600,-485,-3310,1020,-525,-17313,159,3270,-546,3270,132,3270,1659,3151,1157,7797,3139,11335,1750,-2622,-1555,-6365,2198,-3100,-1555,-6365
5/16/2025,-1500,-2271,2363,-1925,-2025,2396,-2455,-1667,2363,-1935,-2905,2868,1540,-4500,-5249,-1485,-3735,-1248,1084,-4062,-5484,775,-3909,2742,111,-1395,-490,405,-4040,2385,-2790,-2025,2363,-3190,-2025,2396,-3190,-1310,2396,-1805,-2915,960,600,-7760,-16724,-1125,-5990,-1248,1350,-5075,-14884,-1902,-5404,3765,1755,-5075,-14524,-600,-6025,4196,-2440,2488,-3360,2360,-2836,2488,-1740,2360,-4130,-7421,-3955,-4494,-2922,624,-6400,2826,-783,251,-6400,4239
5/19/2025,-1035,5095,8756,-265,4270,9097,789,6414,9269,275,-1275,11659,-1325,-440,-2102,-360,1290,116,2176,1535,9385,725,-4589,-4450,-1490,-781,-3870,-2385,8869,666,275,5095,9074,-55,4270,8020,545,6414,8813,360,1032,11761,-2185,1099,1135,-1775,-90,910,1410,1340,6442,4131,-5656,-163,-2285,1340,6818,3330,-6374,-4970,1622,2124,1402,2544,659,2124,1422,2544,3716,-6355,480,4628,5199,1348,705,1818,-729,-4315,705,1370
5/20/2025,6730,8309,2993,3663,7025,1905,1970,7469,2993,2530,5182,7280,4530,937,-508,1935,3455,12329,3693,-2034,-514,2666,-289,1675,2650,2264,3880,4581,1279,-2416,5395,6283,10351,3663,7278,10270,1970,8752,10270,2779,4789,5445,3890,941,2147,2075,140,8892,3798,-2710,4235,2232,3212,-4091,2845,-2710,552,4581,-4160,-6990,8043,12717,17332,12147,8130,12717,8674,12147,4901,8306,-42,3936,-2992,11096,-3257,-1412,1545,9203,-3257,-3832
5/21/2025,4644,1244,3071,2464,5537,5787,3354,3632,5325,4321,969,577,5440,-215,-2398,3671,2037,668,1372,2785,-2938,5350,5337,-4290,4610,2843,-309,5350,4450,-6495,4644,1244,3071,2464,5537,5787,3499,3632,5992,4190,721,674,5440,815,2341,3671,1577,-1292,2265,2800,-1919,5350,5848,-8340,4610,2800,-2320,5350,5337,-8235,5072,-104,3792,1933,2783,-104,1814,928,1975,-2872,3880,4463,873,-3601,-2109,-2240,1830,3239,-2109,-2240
5/22/2025,4419,7211,4903,5735,7159,4493,4898,5796,4903,4060,6300,5235,5002,7981,13692,3795,6011,15441,5092,3161,6514,2475,7853,-3577,3025,878,1806,4585,4969,-4057,4015,7159,474,5715,7159,5875,5640,6765,5875,3580,7000,7939,6263,7541,14984,3520,6011,11037,4505,5541,5134,4901,6420,-705,3625,4751,-848,5310,6988,-58,4101,7263,5545,5930,4101,7263,5545,5280,7904,11783,5261,8665,3598,4606,847,-1631,134,1580,847,-1156
5/23/2025,-241,3900,4262,-160,3421,-141,614,3426,779,-645,-1736,-294,559,11145,-4113,935,8344,-4539,-1437,3963,271,-85,3299,-3293,-18,4635,-2123,550,3299,-6078,913,3788,3227,598,3788,1161,1178,4058,1161,678,2008,486,690,11304,-6455,1090,8344,-13636,-2295,3966,-8636,2355,2624,-3611,115,3966,-8636,550,3299,-3611,2410,-4600,-757,-2307,1008,-74,612,-2307,1344,-4320,845,-5748,-3327,-4074,2550,-5779,-1260,-3370,2550,-6375
5/26/2025,1454,2990,4095,-70,2675,4095,2687,2505,4095,1125,2990,4465,575,5270,8897,-325,4070,2263,1189,2290,4089,-1040,-3590,-3054,-1030,3455,2110,-1865,-2450,-4707,1125,2990,5685,-70,2675,5685,2820,2505,5685,280,560,-5,575,5270,8897,-325,4070,2263,-950,3185,4089,52,-2201,-13939,-955,3185,4089,-2280,-2135,-19337,-152,-601,-1985,-1670,-152,-601,-2670,-1670,-1695,-2371,-4475,-2255,-2938,-1658,-6090,-6125,1319,1,-6090,-5660
5/27/2025,1115,-604,-3264,544,-390,-2885,-124,-835,-3264,2330,-985,-4530,-1525,-4285,-6035,685,-2220,-5635,-937,-4090,-5308,3720,-1305,-3680,-1059,-2295,-3790,4330,-135,-1272,14,-1135,-3420,844,-390,-3585,678,-475,-3585,-1880,-2495,-3225,515,2050,6699,2010,2090,4405,4295,4255,10736,5545,-2488,6505,5140,4255,11780,6925,-1305,6505,193,-5662,-450,-4615,1093,-5662,370,-4615,-4265,-6185,-680,-2995,1484,-4957,-2985,-5795,-2305,-3850,-2985,-5795
5/28/2025,-40,-417,-5986,1015,6277,1696,-369,8745,-5011,965,-1205,-677,1300,1056,4891,170,4221,1076,170,-672,222,1285,147,-5000,175,-2039,-1185,1285,-2133,-6800,2325,5124,2095,1765,4949,-2461,2610,4884,-2766,-831,2954,-2706,1300,3685,8149,185,6679,5983,100,2792,-349,401,567,-9840,575,2792,3,1285,1507,-8222,2054,5886,2365,1754,3365,5886,2644,3554,4287,4197,1184,3210,6977,1558,3180,-3582,658,-1175,3180,-6282
5/29/2025,1027,5408,-2602,1000,3220,1467,1986,3988,-3404,1860,4007,1164,166,7700,11675,-595,9306,10979,1547,9173,16586,225,4467,3168,1463,1096,1184,1165,5657,3322,2235,2202,964,1605,3220,-303,1275,2205,-1308,1520,1620,-5595,1865,8293,13393,1085,9306,10979,1710,8479,18487,-323,3554,-8,1435,8300,17097,1165,5507,-2801,1828,-3821,1140,-3064,1778,-3821,-685,-3064,3683,11840,2300,14539,6944,12769,1655,881,4016,3680,1655,881
5/30/2025,955,2723,12916,4414,3513,14378,1063,4047,14252,3425,2797,14775,44,1760,-4203,2525,1720,-1573,1015,-3428,10110,1590,725,9797,2326,63,5702,2905,6340,8998,2565,4728,13598,4414,3382,14427,4309,3442,14427,1001,-1765,8649,1365,-595,949,2310,1140,-5681,3350,-2881,4377,1213,-827,6999,3770,-2881,7037,2905,-240,6140,5951,14204,3710,13901,5966,14344,3900,12888,-2198,-7118,466,-4782,-409,1246,8309,6765,1736,2878,8309,11200
6/2/2025,-723,-3652,-3457,-765,-3660,-435,657,-3652,-3457,-1355,-2840,-770,-1977,-4155,-4295,-1095,-3260,-7650,177,-2127,-7471,1055,-1455,4032,-323,-1677,-526,3085,-2058,8669,-1305,-5400,-2203,585,-5400,-632,585,-5400,-632,-2945,-4475,-3599,-3115,-8840,-16540,-1865,-6245,-10600,-1595,-4121,-9607,603,-219,22258,-1475,-4121,-9200,70,435,22105,-2299,-1856,-2765,-377,-2299,-1856,-1571,-377,-4443,-5023,-1719,-3835,-2464,-4159,-1045,452,-2085,232,-1045,452
6/3/2025,1037,613,4131,-1580,2515,3040,-476,1294,4131,-350,-2310,3040,580,-2010,-4328,3929,4349,6737,-601,1374,2944,565,-425,-4645,1219,-501,-3760,1915,-425,-6130,-765,285,4131,-1640,2515,3040,-1200,2810,3040,1722,145,5385,565,2210,4778,1115,1480,7766,866,3890,2810,1011,360,-3169,756,3890,2716,1750,-425,-5105,705,3980,2104,4454,1408,3980,2089,4454,565,-3712,-365,10692,4406,-949,2020,5770,-805,-4445,2020,5770
6/4/2025,551,-3898,-62,-1260,-4440,805,-173,-3898,-62,-190,-2810,805,1998,8965,7195,-1075,8338,7227,-700,7007,4424,-1315,15311,2914,-227,2976,2085,-2055,13470,4032,300,-7780,-4284,-2255,-7780,-5115,-1485,-7780,-5115,-1050,-2995,-4881,435,9200,17801,-1245,8338,7227,-2300,11952,1870,-1648,16097,7629,-1009,11952,9896,-2545,15311,-768,826,317,-305,749,1698,317,-225,749,9171,3093,5260,1746,7797,2495,21296,-1170,4933,20,21296,-207
6/5/2025,5299,872,-2767,2509,3004,705,3741,730,-3978,2700,895,-2173,1460,2645,6293,3863,4669,4635,643,3971,9656,5821,9344,23816,1811,5545,6040,4884,8059,22059,5105,1899,-1645,4260,3004,973,5377,2154,-278,2445,-1265,-3757,4139,5093,6319,3863,4669,4635,4234,4444,7282,5556,2183,12201,4204,3525,4726,5095,8059,11730,2850,-3315,2864,7731,2563,-1383,1329,-807,10428,6111,4590,4377,8380,5878,10606,6935,4397,6423,8096,3143
6/6/2025,67,1714,6577,183,1924,7150,406,2090,4077,198,2462,6720,-15,-974,12250,2279,4925,2531,369,-1376,1741,-930,-864,-5101,549,510,4452,620,292,-6154,198,2251,1800,183,1924,7150,1162,5775,2912,392,3412,11065,-15,-769,13966,2229,4925,2531,-1055,-2278,4248,620,-2237,-11033,-520,-2278,4390,620,-864,-13108,2932,1179,-325,820,2354,1179,-755,820,3591,20721,1737,11200,2075,11650,-3850,-3395,4232,10607,-3850,-4464
6/9/2025,1536,327,-293,1780,-685,-1030,1295,-3268,-293,1535,-805,-5055,3385,3587,9692,3716,2223,-4193,1766,3842,-4421,2225,713,-4920,2709,7512,4215,835,2773,-6765,1260,960,-457,1570,-1085,-3205,2550,-1085,-3205,930,1260,-2920,3385,3587,11606,3596,2223,-4968,1766,4647,-6195,3220,-1967,-46149,1714,4647,-4853,-385,-2197,-52797,840,-2032,-1180,-4490,840,-2032,-1840,-4445,11495,10355,2803,-3218,1864,-5248,546,-7000,6155,2104,546,-7280
6/10/2025,2536,503,-2997,2890,2007,3952,2752,758,-2997,3205,-1544,1970,9815,5580,20784,1327,4000,21341,9870,5340,18211,2651,48,12331,8905,3644,4318,2295,516,12460,2770,523,1345,2890,2007,3275,2961,577,3275,1755,-3270,-315,9815,6269,18941,1550,4204,21431,3240,5394,18316,2887,486,12280,2849,5394,20376,2295,48,13762,-1354,639,111,2390,501,639,66,2390,6623,10895,3768,8931,6552,14218,5575,12582,5323,1930,5575,8300
6/11/2025,44,622,2375,848,864,6132,1367,951,3540,2153,-268,-708,2105,2754,882,2947,2205,6130,1175,4785,733,2449,4572,3073,426,4014,-659,2770,4017,-6653,1913,622,-967,848,1049,7102,983,951,5538,1520,-3090,-7551,2108,2754,3090,2532,2205,6130,1013,4785,-1194,1982,1826,16722,2302,4385,623,2770,5692,15096,3611,-3676,2916,-2243,4122,-2736,-4,-3067,5807,655,6043,9762,4490,7107,3570,2075,3119,482,3070,3345
6/12/2025,2070,1413,4961,-925,2375,1528,1240,2027,4961,-429,315,406,1159,3663,-2103,1392,770,6618,3754,-510,-2286,-1040,2358,-2503,4196,59,-2929,-410,2358,-6068,-640,924,4961,-825,2375,1528,-1175,2475,1528,-530,962,-5117,450,2968,15378,-1775,770,8256,2645,-127,6920,-410,3122,-23000,4605,-127,8997,-410,2358,-25735,-1572,651,-1423,-1136,-1572,651,-1320,-1136,3567,8448,-315,1435,5500,2622,7205,-3482,2549,635,7205,-2987
6/13/2025,4752,3952,5017,3947,7496,5693,4260,3857,5017,4206,4889,6963,2319,788,-5769,3774,1989,-3293,3099,1906,-7492,3375,4265,2520,1774,35,4873,3115,3875,-2022,7107,5439,7088,7040,7496,6959,5363,7436,6959,7223,6099,6570,2519,1540,-3555,3774,1280,-5203,4015,2350,-7857,3531,5504,-9056,4285,2350,-9067,3115,3875,-9350,3821,-1281,3821,1420,3821,-1281,2061,1420,3355,-5990,4873,3900,7293,-744,5185,9948,5406,4317,5185,9428
6/16/2025,3430,6464,-1850,4175,5109,885,4496,3717,-1310,3840,2365,1217,2637,5119,-3005,1595,3289,-3450,5029,2525,-7126,4809,2975,-1210,319,2224,566,5509,2975,5359,3730,4947,1669,4175,5109,2740,3245,4238,2740,3525,2532,3313,3735,4791,-9669,4000,3289,-17616,3720,3163,-20457,5476,2261,-6302,4510,3163,-22670,5414,2975,-11324,6102,2964,6635,4261,5888,2964,6297,4261,4114,-2247,9528,-3328,7028,-3358,15298,1824,2648,2645,15298,4264
6/17/2025,20,-885,-5166,-265,-430,-4525,-265,-430,-5166,20,-885,-6460,491,422,-6218,865,1311,-4390,2562,-47,-7470,2125,-44,-5200,1290,39,-1601,1875,-1635,-6705,20,-885,-9076,-265,-430,-8435,-265,-430,-8435,-1545,-2020,-7440,1195,1980,-863,865,1395,1310,615,-115,2085,1583,807,-31060,1505,-115,2085,1875,1265,-31060,-307,-5862,-720,-4639,-307,-5862,-720,-4639,1005,-7495,3050,-7260,-3616,-3771,-3750,-4845,23,3410,-3750,-7455
6/18/2025,2811,1563,7022,1655,784,7011,603,1563,7363,2555,695,2065,2778,2760,1586,2189,1617,-1786,2932,5122,3541,3725,4386,10423,2400,109,5557,1030,3966,11077,2630,518,4433,1655,518,4227,3198,518,4012,4307,-1435,-1866,2805,2760,6505,2189,850,5346,2275,465,6419,4606,3001,11623,2345,2300,4839,1030,3906,11636,3216,6847,2534,3825,3935,7867,4421,3009,5423,2852,5037,-27,5795,-473,2465,-4049,1319,5891,2065,14359
6/19/2025,-75,-611,-573,200,-2160,-1813,-235,-611,-573,-75,-1460,-1813,1745,3712,8269,1485,4181,6136,2440,5149,7596,1180,1872,-1250,2170,4275,5121,1180,2389,-220,-75,-2160,-573,200,-2160,-1813,-235,-2160,-1813,15,195,-4400,1745,3712,10841,1485,4181,10619,2440,4185,14319,1709,1872,29154,2170,4185,12184,1180,1872,27019,-422,-1455,-1397,-4315,-1397,-2709,-1582,-4370,3955,9039,5690,1163,3280,2077,2050,-60,828,4206,2050,-1830
6/20/2025,-1375,1075,-1454,1170,1816,-3789,-402,2424,-475,1333,1050,-4440,2036,8221,11474,-645,8830,9927,2402,6546,541,3070,10605,-4844,516,2721,-1238,2810,10049,-1643,1205,1841,-3475,1170,1816,-2589,405,2182,-2674,905,479,-5973,2045,8970,12087,205,9420,17620,2935,7480,11794,2111,9665,18906,3245,7480,9337,2810,10605,21113,806,-5896,518,-4123,205,-4891,-163,-5050,8429,17823,4245,21480,6832,14556,13540,-1399,408,-1516,13540,-6344
6/23/2025,2982,1180,14710,2800,4315,7591,798,4315,14628,3315,-500,4586,3338,4278,8119,2819,3450,16474,1743,4355,15260,4489,4497,7807,3641,4776,4227,3075,4497,6000,3315,1180,4640,2800,4315,7388,1090,4315,7388,1340,-791,4251,5330,4445,8722,3250,3450,13345,2120,2080,13868,3639,1702,27709,2675,2080,12690,3075,4497,28462,1325,6802,2000,6802,2135,6802,630,5211,763,5038,4217,7785,7708,9744,9334,9134,-218,24,9278,11877
6/24/2025,-1420,-576,-116,-750,-825,784,-750,-613,-116,-650,-327,-214,-1195,-3605,-6312,-625,-4466,-7357,1275,-3345,-3970,-1285,-1265,-2567,361,-2385,-1822,-630,-1715,-3731,-650,-815,-104,-750,-825,-133,-750,-1670,-133,415,667,126,-1460,-5775,-14861,235,595,-8077,1845,-115,-4697,-2525,-791,497,2025,-115,-4697,-1885,-1265,897,2243,626,215,1859,572,626,510,1859,-4215,-6498,2145,-4328,4638,-3759,-5590,-5325,-2070,-2688,-5590,-5355
6/25/2025,-992,4429,4391,-595,4830,4652,975,4237,6151,375,4245,4191,545,2551,-5204,610,-2161,-729,1163,4289,2622,880,-4527,-4609,1311,-2425,10,-1755,-2808,-5136,-100,5775,4391,-50,5825,5073,-195,3935,6008,-1965,910,2104,1165,5380,-260,-855,-1380,-2629,860,2084,2973,-859,7557,-39449,1490,2084,2165,-4770,7178,-41208,435,5361,-3020,5322,51,5361,-2310,5322,182,-6159,1836,-3809,2328,-4643,-4847,-6102,-2363,723,-4847,-6102
6/26/2025,-1432,-3625,-2321,-1550,-3632,-2800,-1584,-3625,-2321,-2000,-2910,-2800,-952,-4485,-4253,-1085,-3535,-2472,-1677,-4330,-4486,-1345,1885,5009,-1472,-2135,-4910,1315,5225,12826,-1960,-3835,-1986,-1600,-3835,-2800,-1620,-3835,-2800,-2855,-5565,-6551,-920,-9575,-19845,-1130,-4495,-10315,-1315,-8710,-12245,1618,323,13913,-1140,-8710,-13085,1790,1885,14805,-1768,-1622,-1745,-1635,-1768,-1622,-1611,-1635,-4465,-5965,-4460,-7465,-4340,-7455,1365,3718,-4156,-4665,1365,9592
6/27/2025,7422,6962,14907,4402,6813,15166,4022,7218,14657,5545,7937,11306,745,-2332,-1894,1025,1615,-4102,3114,-1156,-2967,5672,-468,-3912,5049,1275,1061,5682,1572,-4866,4372,11152,22593,3222,10898,24275,4022,11338,24025,5252,3927,14045,745,1056,1925,1489,-353,-10965,3271,-2948,-10032,3833,-3911,-11112,3176,-3353,-10380,5682,-4723,-28690,11565,13577,11380,13782,11380,13577,7785,11982,1185,3265,535,-297,1911,-107,-3385,-5001,3525,8839,-3385,-5486
6/30/2025,140,205,8061,295,1799,6507,420,9,6305,140,2525,7642,1149,2494,-6424,2180,1745,-3977,54,3872,-7362,1856,8105,-2102,1431,669,-14,1501,7737,2742,140,289,7861,295,3351,8855,420,2059,6962,905,1068,1333,1180,3385,12952,2180,6039,2643,115,2990,1501,1501,11705,-13204,1431,2240,1475,1501,11705,-7023,564,-2221,225,1382,554,-2221,-680,1382,1300,-1231,8316,-1433,2260,-5011,13803,-7009,664,333,13088,132
7/1/2025,1456,4710,7484,385,4625,7498,1790,3204,8095,530,4304,7426,129,5157,19204,405,4330,16355,-30,4397,19333,-695,3175,10175,427,1312,223,720,-1075,13712,530,5773,7362,385,4625,8366,1790,4532,8646,1407,1287,7875,-100,6710,29714,405,4330,19779,-1300,5051,22184,605,3124,11449,-1380,5051,22468,670,2775,13781,4305,10978,8133,10696,5089,10978,7818,9289,3270,16568,1648,17121,3175,10704,-2510,-386,10,2034,-2510,-386
7/2/2025,-404,2893,1040,-1655,2873,1040,1294,1131,1040,-235,1815,-1200,-80,-2820,-6775,-1475,-945,-2870,1499,-3549,-6492,3555,2208,-4490,1365,-2125,-4490,4640,8635,-5110,-235,2893,1040,-1335,2873,1040,295,2097,1040,620,2120,-1200,895,-2240,-9202,295,3668,5713,1125,2068,1672,4787,6331,19985,900,2068,1874,4630,6291,23815,1182,-2701,1350,55,1182,-2701,815,55,-1310,-5141,-743,-180,1752,-6828,11381,-2285,756,-5755,11381,-2285
7/3/2025,1635,1530,940,507,1242,940,507,1242,940,680,1530,940,-890,-73,-1884,70,6250,1440,1047,1864,-2575,4600,5645,-4375,930,1936,-4530,2592,1710,-6455,1635,1530,940,507,1242,940,507,1242,940,1055,265,940,-890,-65,-1342,850,6250,3290,2145,2104,-2030,5043,5382,-8687,1020,2104,-2030,6228,7510,-13600,2780,8610,2780,8610,2770,8610,2780,8610,-1775,-5070,3665,1620,2100,-2738,-4615,-1980,-2393,-4175,-4615,-1980
7/4/2025,-1185,3890,3599,-1040,3005,3599,-1040,2853,3599,-1185,2255,3599,-20,2020,-2490,-785,-195,-4775,-185,-1725,-1900,-975,-710,-1275,180,1245,3407,-550,-560,-3480,-1185,3890,3599,-1040,3005,3599,-1040,3920,3599,-1080,1890,2400,-20,2020,480,-900,-195,-3635,-185,-800,-2240,-550,-710,-19385,-805,-800,-2240,-550,-710,-19385,-588,8,-1535,8,-698,8,-2305,8,1190,-560,-475,-6720,257,-710,-2915,-6880,1510,3945,-2915,-6880
7/7/2025,357,-297,3141,230,175,2307,-310,-474,2600,0,1450,-1765,1675,5155,1935,1735,6678,17191,-396,11516,19438,355,14205,15565,1665,478,-2510,-68,14205,19325,325,1385,3214,230,175,25,-310,175,25,-2130,-4000,-7515,1675,5155,920,1735,8075,18195,430,14187,19438,-920,10610,84031,-945,14187,19305,-920,14205,84516,5347,-5322,-2385,-3154,5172,-5322,-1130,-3154,2640,1785,2240,12712,2104,12554,10253,8562,207,377,10253,1020
7/8/2025,3559,8421,-1608,635,7716,-912,3872,8159,-1410,1780,4636,-874,3822,12374,15300,1053,3314,1162,3400,13777,16323,2985,6397,621,3665,163,1718,2985,3391,-401,3325,9262,462,3145,9270,-465,3145,8205,-465,1995,3895,-2435,2965,12374,19357,1053,3314,1743,3400,15413,17507,2985,9104,-1043,3665,15413,17507,2985,10622,-1043,576,-868,-520,-3468,1374,-868,250,-3468,2647,19857,-2575,4945,3976,9498,-4987,-2,4140,1710,-4987,-1602
7/9/2025,1894,-1417,-151,675,-1031,4611,293,-1417,-151,2317,-2550,4611,5093,-4464,-6770,3985,-3745,-6658,-90,-4367,-7222,4365,-2445,-3080,1247,-1682,227,5315,505,-1725,2317,-595,1395,-175,-595,4611,20,-595,4611,2495,-2395,1415,5640,-6340,-14555,3985,-5845,-9465,-1920,-5665,-11092,5315,1785,-3669,1920,-5665,-13000,5315,4307,-6884,361,4526,1760,4614,229,4600,455,5929,-1780,-5305,2110,3493,358,2950,60,695,1953,6218,60,-605
7/10/2025,273,3714,-1463,-267,2815,1485,428,3714,-1463,-1035,1430,-735,2014,2846,-670,55,-3850,-5785,-875,1182,-2308,1056,-6335,3186,56,13,-175,1056,-3145,-3670,1010,2815,-5134,1460,2815,-2812,1460,2815,-2812,1455,3135,-2106,706,8286,12271,1071,-6830,-14250,91,-8975,-29524,1443,-2516,3036,736,-8975,-34645,1056,-6005,90,4187,-629,6585,-1050,4413,-629,6585,-1050,-2100,-3645,-2205,-440,-3863,-5122,-4315,-4920,-200,-52,-4315,-4638
7/11/2025,-495,1952,-482,105,600,1347,1075,47,-482,-695,1563,2672,652,2641,-908,65,645,-2587,621,-2751,-3238,270,2000,-3487,1544,1693,3960,1075,2000,-6371,520,1520,-2179,1372,1520,-2820,1742,4090,-2820,1046,600,415,-465,2917,7913,1560,-2715,-3393,175,-5510,490,526,2041,-27850,2905,-5510,727,320,2000,-28623,2883,-4030,1815,-5525,1827,-4030,270,-5525,11436,2754,4961,-2868,2800,-4460,9720,-1053,5570,-128,9720,-3098
7/14/2025,841,2857,-3298,-767,2680,-3051,113,3482,-3298,-1230,1628,-3085,695,-3615,-5935,1910,-915,-1215,298,-3640,-6292,365,-2915,-5485,105,-995,-3770,315,-2930,-7095,-283,2680,-4738,420,2680,-4333,-832,3305,-4333,-1875,-1375,-2730,1308,-2965,-7833,1415,-1125,-2125,490,-6865,-9076,-509,-4687,-20392,630,-6865,-9317,-30,-3010,-23770,1543,-3509,3191,-2098,628,-3509,580,-2098,-4465,-6190,-3690,-4920,-3869,-5905,-4985,-3691,-2580,-1330,-4985,-4966
7/15/2025,-227,-390,-2335,98,1197,-2235,582,-474,-3720,1378,1555,-1025,-450,4664,410,1155,4611,1134,2306,3641,262,2087,2567,4697,1616,4208,1783,2462,2732,3485,1378,510,-4620,98,1197,-3750,98,2480,-3750,543,4613,-3535,-450,4664,-3557,2300,5121,1156,910,3070,1747,3070,2613,4081,1200,3636,2596,2462,2567,5197,1832,1946,3277,4766,2432,1946,2071,4766,5248,3110,-319,1443,291,1628,-2086,2018,2573,1055,-2086,5192
7/16/2025,304,-3852,-2460,-276,-719,-1347,-1372,-341,-5153,361,182,2471,-280,-1552,-4463,2080,1480,1258,40,906,1083,3125,-1130,-5032,719,-421,-2044,3125,-1130,-8061,1326,-958,-787,-300,-719,-1010,-300,-864,-1415,-99,-1469,-707,-280,-1552,-4280,2080,1480,1258,40,906,1083,3125,-1725,6416,270,903,1263,3125,-1130,7101,294,-5446,249,-5625,294,-5446,989,-5625,-2484,-3778,3168,7133,2213,8647,6492,-4735,158,3208,6492,-6174
7/17/2025,2928,1304,-1358,1690,1260,-3650,-375,1252,-1358,360,-1345,-2674,-995,-3925,-6705,4000,-2100,-5802,-1210,-4500,-7200,1070,16818,-5239,-1415,-2970,-4485,-700,9283,-3914,550,1260,-1358,-425,1260,-2674,-425,2260,-2674,820,2230,-3099,65,-1370,-13075,2115,2273,739,1070,4918,-3212,1148,16690,15504,695,4918,-4895,3420,14680,14405,-262,288,-803,382,-745,288,-1435,382,-3850,-6310,-1445,-5880,-4138,-6231,4630,-4651,-2808,-5510,4630,-4651
7/18/2025,3582,7777,-475,5275,7631,511,5275,5063,-1576,3265,6445,-1255,6125,10024,17169,-560,5282,15915,4010,15905,7820,-1490,15241,-4407,7525,5119,2037,-1640,12768,-3962,2785,6445,-1485,5275,7631,-499,5275,4802,-995,1685,6338,1770,720,10916,17169,-985,7588,15915,4935,17862,16183,-1599,13292,13150,7325,17862,13693,-2465,14991,12424,830,5,-224,-965,1522,5,606,-965,8446,12885,7057,6037,3168,2617,3193,-2285,780,4100,3193,-5600
7/21/2025,3275,2618,-4626,765,2238,-3425,2567,2413,-4626,1710,2818,-3425,-363,-1960,-5286,-730,1471,-7435,-1245,-2970,-7496,-474,-3190,-1407,-500,-613,-1057,-947,-1295,148,2785,2618,-4626,765,2238,-3425,2717,2413,-3425,2975,3060,-4159,-15,-1960,-7110,-213,1471,-12615,187,-3345,-17236,766,-5200,-24088,192,-3345,-17236,357,-5200,-24088,-978,3918,-978,5798,-978,3918,-273,5798,762,-4193,-290,-5835,-573,-7305,-2915,-2040,544,1648,-2915,-44
7/22/2025,-271,-661,915,-602,-2670,988,730,89,-2685,-247,-1470,1019,-962,380,1780,1105,-626,335,890,-1216,-5584,185,-5590,-4080,260,-2280,-2965,2420,-3635,-2621,-60,-1366,-2881,-1640,-2670,-1579,-80,-954,-1190,-1105,-2690,705,-430,380,2257,1974,1593,-5736,1350,-1122,-2613,3024,-815,-21021,1595,-1122,-4451,3275,-2056,-24672,5839,2727,7561,2670,6585,2727,4079,2670,-1982,3561,-3892,-5639,-6265,-886,-4690,-3150,-3165,-2450,-4690,562
7/23/2025,-318,1052,-4526,-1355,745,-2967,-847,104,-4526,-790,1845,-3602,-80,-3016,-6962,-1170,-3995,-4877,-1760,-4481,-7486,110,-4760,-4372,-1155,-1401,-656,110,-4450,-4207,-1095,-445,-4508,-2115,745,-4087,-2115,-660,-4087,-145,-1021,-2581,-80,-2370,-10062,60,-3760,-5097,-830,-2455,-7107,1451,-2420,-2065,1475,-2455,-8292,110,-2505,-1437,-3111,-2235,359,-3426,-2196,-2235,505,-3426,-4265,-5447,-4350,-4420,-7452,-6740,-6215,-5355,-2340,-4505,-6215,-5400
7/24/2025,815,329,-5364,1640,670,-4305,1968,329,-5364,2660,40,-5155,796,7673,7928,815,3570,-318,-614,7077,-18,525,-249,-5387,333,1696,-1675,505,-378,-6615,2660,855,-4646,1640,855,-5025,1980,855,-5025,1770,4680,1630,407,9352,10720,820,3570,4875,-500,7077,2795,1082,116,-16163,82,7077,2515,505,-249,-16758,449,-2848,-1810,-4770,-1926,-2848,2015,-4770,2070,10120,3380,1871,4423,-5282,-4035,-4291,265,-990,-4035,-6084
7/25/2025,-19,604,2987,-475,-955,126,-704,-421,2987,-245,375,1868,1085,1455,-4476,1045,-1775,-2216,1647,765,-2702,305,-800,-1590,1977,601,640,5425,-890,-2365,-245,965,6228,-515,1790,2928,-515,2670,2928,1290,1600,3968,385,-1150,-4190,610,-4170,-3384,2235,-1405,2854,3389,-1975,-23060,1570,-1405,3175,3915,-3455,-28985,898,5427,2090,2177,1063,5427,795,2177,-4165,-7095,4515,-1736,-4851,-6400,3465,4446,-1235,-5350,3465,4446
7/28/2025,5015,2999,7667,1230,2795,8373,585,3062,7867,4530,1055,-458,1495,12335,7120,1325,11592,11752,550,13831,18015,185,1894,-5627,2584,3800,2294,-1320,930,-245,5015,1845,9663,1230,2795,7684,585,2333,7809,2790,4410,7404,1445,14898,20340,1325,11592,11752,55,14691,19961,2622,1931,5517,1669,14691,19302,714,2392,6786,4723,1086,4723,377,4723,1086,2515,377,14240,12483,7955,5630,10462,11407,-750,4683,3039,8900,-750,4683
7/29/2025,-1210,710,1322,-1660,-765,-4064,-1585,1082,-713,-195,-1442,1451,-196,-1350,-6315,-1450,-794,1216,-891,-1346,-2500,380,5588,9095,-1409,-2495,-1915,50,2594,9658,420,729,3762,-1385,399,3837,-1385,785,4284,-65,-2685,-1400,-855,-1950,-18605,-225,-794,1555,-1880,-995,-1660,14,5389,22056,-1820,-995,261,50,6723,22574,2601,-1590,845,-3640,156,-203,-1371,570,-4187,-7395,-225,3008,-1751,-6752,1884,22234,1102,-1030,1884,24413
7/30/2025,3183,4812,10311,2775,5160,7817,3867,5596,10311,8720,4683,14624,5998,6885,1320,5345,9973,6438,4733,-1386,1930,6575,11994,15300,5179,3988,5365,5763,9878,-2016,4043,5315,12735,2775,5160,14049,2775,6415,14629,4003,3980,13948,5998,7395,9674,5345,9973,6302,4733,4288,6707,5014,10001,-12362,5360,3753,8882,8645,11459,-12715,2760,14424,2105,13615,2575,14404,2290,14005,5514,29410,6378,14247,5831,12706,3058,1882,3055,3715,2528,1882
7/31/2025,115,-456,-3558,-1655,350,-3680,-1655,-61,-4103,315,-680,1651,-1965,940,-5528,-1415,809,6821,-1965,-1287,6523,-1455,2069,14085,-1486,-1078,-109,-2175,-906,17502,-99,62,1032,-1655,350,796,-1655,345,1066,-2155,-1090,-1225,-60,940,-3123,-2585,809,7883,-1465,-234,6523,-846,4315,13071,-2500,-234,4027,-1605,2810,12098,4991,3267,2845,2653,4136,3267,2105,2653,-159,-6055,1538,4926,3734,2512,3360,-1525,-1558,1981,1825,-1525
8/1/2025,4766,4667,-541,1559,4253,458,4133,4273,880,2390,3541,3210,2497,6272,20457,1340,4479,17036,1105,6560,18500,4165,2481,6567,2909,3377,3806,4165,2481,6818,4065,3751,1452,1559,4253,-1005,2363,3558,-1005,1670,190,-2034,2497,6272,23804,1340,6075,24619,1105,6335,27595,4165,3224,10830,3235,6025,27595,4165,2481,12224,2403,3603,2880,4776,1226,3909,2984,2026,3467,23343,4633,23579,9444,21462,6495,10139,4768,4923,6495,11336
8/4/2025,212,1716,1320,-298,1419,3222,-392,1716,1320,237,2446,-708,50,6574,6457,540,1872,9812,2700,3796,7372,-70,3340,6677,1432,2941,276,-1045,2330,5189,212,796,-1783,-298,796,3350,-673,796,3350,-840,-749,3400,50,4020,6207,725,1872,14191,-410,3277,7372,923,3289,5392,-75,3277,7372,2468,3440,5392,-144,-1759,-2450,-1694,2359,-1759,-1820,-1694,472,854,346,6561,-712,6881,1946,8903,-780,-2690,1946,8203
8/5/2025,852,1985,1876,840,2674,1612,400,6174,2465,1725,2413,8,830,3368,4343,1775,3511,7750,1795,5551,6982,3025,11160,22588,875,-160,3310,3025,7822,18238,1785,3725,729,1442,2674,523,935,4302,863,1300,4576,1133,830,3957,4358,1775,3511,7750,1795,5869,6982,3025,11160,21564,875,5869,8393,3025,11160,19526,4316,-1791,2370,-426,2485,403,2491,-3100,2665,7634,2600,12186,3587,9982,3800,21543,2113,3990,3800,21946
8/6/2025,-1470,-1882,-1875,-1800,-795,-3433,-1753,-1681,-1875,-1925,-2635,-3854,-1805,-4346,-6600,-1435,-3980,-5365,-1967,-4306,-8009,30,-1553,-2665,-1407,-1246,-4435,475,-1360,-1563,-2695,-795,-1730,-2410,-795,-2485,-1590,-1060,-2485,-1300,1805,-1445,-140,-9080,-16580,-1800,-3993,-6845,-2085,-7815,-11837,-297,-4336,638,-1210,-7815,-11725,475,-1555,2324,-821,-1956,-3640,-1450,-580,-1956,-2615,-1450,-4500,-6380,-4425,-6749,-6900,-8161,-3952,-4153,-2460,-4876,-3952,210
8/7/2025,-1028,3618,4858,381,1495,8767,-4,2089,7250,-745,-2145,7822,2622,-1050,-5310,2490,85,-423,93,2208,2385,2145,-638,7320,-1485,-2455,-1082,2775,-673,8907,-745,280,5956,381,1495,8767,-205,2440,9857,-1290,920,-3679,2855,-2550,-4164,0,1932,-423,100,1675,4114,2885,4457,17962,420,1675,7496,2885,5512,18560,-2340,5965,606,10659,-1750,5965,-920,10659,-1240,-6836,-728,-251,9,3265,-2200,-2166,5262,-1057,-2200,-2166
8/8/2025,1070,2097,-3749,-90,1660,-3545,365,1620,-3749,719,1480,-4035,1795,4369,4512,-220,3149,4714,2282,6267,2525,1670,7841,191,1918,2260,-2150,2215,7161,1236,760,2235,-3054,-370,1660,-4970,365,1620,-4970,-1150,2540,-4575,1795,4369,-2972,495,3149,4714,1535,6267,2525,898,6412,8715,2700,6267,3226,2215,7841,9922,156,-805,355,196,-684,-805,355,196,2172,204,2010,1400,3623,943,1849,11471,1530,531,1849,11471
8/11/2025,34,277,2768,35,-360,3169,19,1052,2768,-35,1050,2898,-273,-4415,-6970,58,336,-7410,-791,-2285,-7441,393,3568,6950,-637,17,-1315,-930,-1115,6435,115,2011,5062,260,2011,4997,260,1906,4997,220,2836,7100,-727,-4415,-16483,93,336,-6845,48,-1899,-10561,188,4273,-5199,175,-2819,-11875,-930,5828,-2950,-89,1304,-89,1798,-89,1304,-89,1798,-4330,-7385,-4005,-523,-7560,-7484,-1052,4544,797,5,-1052,3109
8/12/2025,-602,-4004,-4345,-650,-3205,-5500,-2367,-3409,-5487,-715,-2495,-1914,-1380,-3515,-5760,620,-2802,790,-623,-3672,-1597,177,4337,2328,-749,-731,-1340,37,2520,4109,-690,-3205,-1084,-550,-3205,-1920,-1525,-3160,-1920,-3085,-5335,-1822,-945,-10940,-21540,80,-3055,790,-390,-3255,-8030,-1026,5088,13690,170,-3255,-7260,37,5569,14525,-3465,-1075,-2860,160,-3465,-990,-1890,160,-3801,-5868,-2275,-385,-3432,-5392,2806,-2140,-1655,-1693,2806,-2058
8/13/2025,4230,4164,1604,3060,2595,2766,4548,2853,3708,2770,2395,1756,-120,1905,-3227,2170,3711,3044,-402,4020,1070,1590,4595,-1192,2355,193,4861,500,4774,5145,3080,1225,2120,3060,2595,3945,4874,2815,3443,2205,2130,-1255,1265,4210,-524,1995,3711,3044,-1340,2737,-2122,-1290,6693,6600,290,2737,-1188,1245,8559,6131,85,1356,-335,4362,85,1356,565,4387,3181,689,1804,-1127,1119,-3204,1776,-752,-821,863,1776,426
8/14/2025,664,-123,-373,1135,-1851,2324,1888,-123,-373,680,-1851,772,285,5507,16529,385,1770,403,1556,720,11898,500,-3634,-3261,1126,2267,2395,605,14,-3422,855,-1851,-3143,1135,-1851,-87,805,-1851,-87,-1195,605,-150,560,4960,19980,2025,1770,9810,-589,1958,4731,763,-3782,-22935,690,1958,4969,480,-1780,-22815,5148,3162,4931,76,2928,3162,2841,76,5762,4823,3946,-3181,886,-3771,-2031,-6205,1002,1452,-2031,-7090
8/15/2025,531,1072,-1579,1225,998,-5161,1262,1309,-4248,1536,-1237,-2765,6377,11179,11701,6015,11473,6303,4068,9466,10495,7160,8776,1889,4020,4686,2938,7160,8776,4101,1536,-412,-2710,1225,998,-5056,615,1262,-8441,225,-1010,-7530,5875,11268,14461,6015,11473,8197,4035,10285,10975,5022,10507,2884,4580,10285,12647,7160,8776,3421,269,-1277,-1626,-1997,-697,-1824,-1295,-2598,14383,15977,13846,7263,18923,9854,16393,-2201,3139,3215,16393,673
8/18/2025,-200,374,-1836,-110,374,-383,-154,-261,-1836,-485,374,-383,60,-1502,-5025,3460,858,-3169,702,-235,-1542,1645,81,5338,1055,1094,4340,3280,-2453,5859,-550,374,3155,-940,374,5493,-890,-261,5493,-2325,-585,2799,745,-3000,-10425,2405,858,-3087,-775,-828,-1481,4226,-2369,6447,750,-828,-5450,3280,-2369,7816,-943,-1731,600,-2110,-278,-1731,5,-2110,-4050,-6291,-183,-6287,2870,-2791,998,-540,1014,-943,998,-540
8/19/2025,-1460,-3437,3580,-1800,-2785,3507,-1989,-3132,2757,-740,-2760,-264,2022,1792,-6339,2131,2401,3362,-592,1900,-2350,1865,9485,-2109,2700,-1563,-1804,716,7547,3314,-1890,-1580,4075,-2205,-840,3507,-2915,-1405,3582,-4475,-5110,-5181,1765,1792,-8254,2000,2826,6718,1810,3235,843,2102,5618,8870,960,3235,1588,1490,7845,8756,-1697,-4016,-845,-2215,-2609,-3301,-935,-3100,-54,-5320,4185,5589,-22,1009,8315,-1392,-2772,-1348,8315,-899
8/20/2025,1536,695,-4520,3710,755,-4520,1716,1429,-4520,-945,1955,-2629,2695,4171,-3351,1026,1980,-5645,750,2154,7252,765,2506,-62,-589,-2665,-1376,400,1671,-2437,1340,445,-2827,3519,755,-2810,2249,-165,-2810,-320,-2965,-5155,2695,2955,2902,1505,1980,-4435,-790,3540,2958,519,642,9882,-710,3415,-1320,400,2506,9314,6652,5631,7233,5222,6226,5534,7502,5730,7650,9215,6783,6029,10276,9949,11117,4823,2077,6092,10727,14265
8/21/2025,651,-1924,-2528,610,440,60,-189,-812,-2528,-668,-908,-1738,3085,593,13959,3537,1919,8130,4947,2713,19677,6128,7427,-1250,3287,1219,1790,6128,5160,-1824,-129,256,-2558,-765,1215,-3301,-765,1215,-3301,-2430,2635,-1926,3085,2908,16641,3537,1919,8956,4947,1469,19588,4627,5966,28043,4639,1860,21964,6128,7427,28189,153,-2291,-2594,-2494,153,-2291,-784,-2494,3000,18722,2878,4103,2461,14683,-4720,-4480,1539,4213,-4720,-3217
8/22/2025,1058,2377,2725,957,-15,-513,4398,2095,4110,787,76,166,-1335,665,-1217,465,3210,-832,1126,1823,-5977,935,2751,4637,1026,1392,3667,1255,2751,4637,-25,1965,6647,-265,-15,7295,-25,1700,7670,1340,1744,7362,-1335,945,2550,915,3395,-832,1015,338,-6572,2035,2917,4074,860,338,-8125,1065,2751,4637,4100,8441,1285,9643,4100,9723,2488,3428,-4373,3850,3085,1468,596,-5225,-960,7863,3055,1240,-735,7863
8/25/2025,126,3021,158,695,2957,1560,1237,4007,158,2063,1333,-2163,915,-1322,-4900,2445,-27,-7150,264,779,-4815,3115,-2057,2075,2173,3298,4642,3230,-1626,253,2490,3102,1978,695,2980,3865,695,2830,3865,3369,2304,8122,915,1685,-11913,2880,-712,-14840,740,1790,-13209,6297,3034,2136,1820,1790,-15145,4835,1567,-1994,4500,8515,2695,8515,4500,8515,2162,8515,1120,619,-2080,-1425,-3465,167,711,14846,4157,9002,711,17192
8/26/2025,-1080,510,3617,1393,638,4622,115,500,3617,-1055,370,5583,2228,1818,5755,342,3220,5702,780,825,9123,335,-1645,6391,40,1003,1641,765,1953,12967,-1135,2673,-224,1393,2638,-2480,55,815,-2480,-365,570,3351,2228,2880,5104,342,3220,5702,35,-292,11374,2817,-1645,31486,40,-292,11669,1205,-1645,35376,-1056,1656,-905,4738,-576,1656,-2000,4738,2273,-3471,-1241,3425,374,2653,3052,13152,18,-490,3052,8745
8/27/2025,2270,4955,1998,1165,3810,1679,1682,6283,1998,2525,4765,4405,2705,6678,20226,5480,8345,7617,1360,13403,10894,795,1209,-3018,2820,2546,-898,1605,2389,-3585,3315,5300,7267,835,5730,8305,2047,5730,8305,3028,5340,8869,2705,6490,22528,5480,6238,11841,1360,12791,17768,2139,19,20367,2820,12791,17671,1845,1209,19691,1605,1651,2030,2728,1605,1651,1415,2728,5996,9797,3962,5642,4243,7194,-1799,411,2351,-2950,-1799,-3466
8/28/2025,-1495,2430,336,-1700,3730,-1092,-1970,2430,336,-1800,2390,-585,-910,-806,-6006,-595,4105,658,-1950,3224,-12,-315,6114,-610,-1499,-244,-1385,-1110,6099,-610,-2480,3052,-2400,-2285,3052,-480,-2285,3052,-480,-2170,1970,1771,490,1280,-5009,-760,5010,2488,-1500,9120,1003,-2745,6027,-399,-635,9120,1003,-1930,6114,-610,-3964,-11,-2155,1445,-2939,-11,-2215,1445,-4055,-6385,850,-655,7669,968,958,-3031,-1005,15,958,-2819
8/29/2025,755,-1845,-3874,240,-3840,-2328,804,-505,-5608,65,-2175,-3852,2422,2618,4973,45,2880,6068,1638,7486,3556,303,2445,-4059,4167,2760,3282,1333,6425,-3530,65,-6220,-6509,240,-5175,-5070,10,-4665,-8883,-930,-2005,-5975,2422,2618,4799,45,2566,8916,705,7735,3606,1333,2780,-7515,1472,7735,5388,1333,3383,-8067,-3675,-5393,-1829,-5641,-844,-6293,-2507,-7466,-1028,1069,3418,5763,-2023,22,-6455,-5016,790,56,-6455,-6524
9/1/2025,1465,2170,5465,2335,2170,5465,2335,2170,5465,1415,2165,5465,2310,5500,4825,1495,8315,10420,1565,10045,9705,2505,7640,8185,2210,3785,1955,3175,7175,9800,1465,2170,5465,2335,2170,5465,2335,2170,5465,450,750,4630,2310,5500,4825,2955,8315,10420,1565,10045,9705,3190,10495,18550,2545,10045,9705,3190,10495,18550,4440,1063,4440,1805,4440,1063,4440,1805,260,-170,60,4880,5260,2815,2660,8370,-1540,-475,2660,8730
9/2/2025,857,4264,6883,2750,2955,6883,2389,5741,6883,2195,1949,5283,366,3890,4170,1482,3760,3950,-1010,1753,490,2145,-1823,10786,1910,4010,8090,1272,-993,14988,1875,3769,6883,2750,2955,6883,5423,4170,6883,2650,3156,6851,2117,3890,4170,1482,3760,3950,-865,1785,490,-61,-1005,20143,1380,1785,1940,2907,-980,22557,2050,3165,2495,2999,2050,3165,2515,2999,-194,774,5595,5832,3015,1889,5275,21383,5966,9282,5275,21680
9/3/2025,1637,4963,4951,3791,558,8596,2516,3409,5141,1767,3586,5996,7061,5248,14945,4190,2202,8869,3397,3826,5412,6261,-1812,-4156,4173,7243,2944,6261,612,-4635,1747,5490,4951,3791,558,4598,1298,298,5697,4008,5450,3457,7061,5478,13066,1730,2202,8869,3164,6733,7359,6261,-7169,-20894,2610,6733,4299,6261,-9942,-20071,3382,8921,2402,5479,1485,5102,3514,4659,6339,12240,1938,3415,7750,4973,-1166,-5085,12016,5869,-1166,-6260
9/4/2025,-1442,-269,-2980,-1990,-2475,-6350,-1990,-2475,-5906,-1980,-925,-2326,-1970,-4305,-6980,-1225,-3715,-7495,-1732,-4485,-7493,-1320,-2500,-3126,-1490,-1815,-1950,-2460,-1625,7648,-2885,-925,-2794,-1990,-2475,-3930,-1990,-2475,-3930,-1445,-3875,-2174,-5135,-14395,-33165,-1915,-6770,-18585,-5845,-16050,-28705,-2531,-2602,11926,-5700,-16050,-28705,-2360,-890,13238,-1185,-6294,-2887,-5314,-2500,-6294,-2700,-5314,-4440,-7430,-4340,-7445,-6669,-7470,1858,-4245,-1794,-1415,1028,-5450
9/5/2025,-580,579,787,-1060,-1125,2265,-1060,322,850,-580,-2195,1770,1696,-3830,-2716,400,-1960,-4472,-1083,-1440,-6091,-190,3683,-1940,-113,1001,3130,-1075,3683,-2579,-580,-1060,787,-1060,-1125,2265,-1060,-1140,2240,-1240,-2165,3655,1410,-3450,-4881,-930,-571,-5457,-795,-2773,-13055,-1075,3544,-13676,-625,-2773,-13349,-1075,3683,-17036,340,6688,-600,4035,-1132,5224,-135,4316,-99,-5735,-1850,-5988,-2338,-6338,-2045,-1496,-1971,-3275,-2045,-4437
9/8/2025,566,422,-2930,-1065,893,-4080,36,749,-2930,-880,1085,-5255,19,1094,-2208,-835,6750,-7460,1192,938,-5034,375,6457,-4595,2211,788,-751,2460,2937,-8625,210,1085,-4385,1592,893,-5675,10,897,-5675,-260,35,-4405,19,2549,-10200,-1160,6470,-4800,1505,1485,-6711,3684,7933,6956,810,1485,-6711,4000,10222,7035,-1520,-3993,-3590,-5604,-235,-3993,-2630,-5006,1913,-2829,-795,-5955,-894,-7410,1838,-4270,-314,-465,1838,-7465
9/9/2025,-369,-3842,-361,-395,-3905,-2362,-439,-3682,-2906,60,-2715,458,-223,-3830,-1738,-1370,-3486,4012,-1176,-3407,-598,305,-2346,-2882,-635,33,2110,98,-1363,-70,0,-3775,-361,-880,-3905,283,-1040,-4470,283,150,-5570,-3960,-810,-3830,-2985,-2895,-3921,2501,-1225,-5113,-598,-631,-2356,35483,-1170,-5113,-1473,232,-2769,33192,-1770,-896,720,-1094,-1930,-896,-3440,-1094,-4380,-79,-4460,-1784,-3776,-6216,-247,-1339,-400,1916,-247,-2600
9/10/2025,668,3204,-5980,2155,1313,-5818,641,4343,1850,895,237,-2074,1324,1156,-6149,1482,2228,-918,1472,4545,-975,-120,7695,26534,1550,497,-967,475,7605,39413,1140,1563,3512,1605,1313,1977,1625,1118,1737,2020,990,3485,1690,2128,-3839,1550,2610,2058,345,5110,11538,357,7289,-1611,1145,5110,10543,-510,7666,886,1359,-2384,-2121,-2918,1213,-2384,-774,-2918,-2805,-5404,3716,2129,5838,3657,2204,17868,-1980,5,2204,17603
9/11/2025,159,-834,-4965,1535,-720,-5634,980,-834,-4965,2210,-2045,-6685,1720,-865,9,1670,9050,105,6005,-390,-5422,1560,17443,-1235,4395,-2910,-4445,4650,15282,245,2210,-840,-5196,1535,-840,-6310,980,-840,-6310,815,-2175,-8210,2685,-340,-369,2200,9316,1322,5465,2856,1894,5876,18552,4391,6560,2856,2950,5700,16677,5496,-5158,-3601,-4490,-3975,-3928,-3601,-3465,-3975,-4435,-5451,2825,-6036,-4989,-4903,7972,-3100,-5800,-5780,7972,-2780
9/12/2025,-1411,-1601,-5494,-1980,-1685,-4819,-1976,-1601,-5494,-1975,-2695,-5869,544,2052,-2217,247,2501,-383,-607,7687,1063,1493,-1992,-3944,1158,-1350,-4785,703,-1265,-5744,-2660,-2743,-6245,-2680,-2743,-6435,-2680,-2743,-6435,-2710,-3263,-6885,515,5027,-3356,247,4749,6593,805,4312,4702,471,-4008,21571,1360,3922,4834,-360,-2620,22625,-1321,-5332,-3140,-4007,-1321,-5332,-2770,-4007,140,-3862,-991,6053,2514,3260,1027,-6468,2772,-4605,1027,-6445
9/15/2025,-1000,-230,-4086,-1815,-385,-3030,-1640,-385,-4086,-1380,245,-3365,-526,-2470,-336,530,1372,-173,-481,2967,1441,-940,7894,3035,-156,80,-3790,-1045,2965,4635,-2045,-230,-4086,-1815,-1390,-5000,-1640,-1390,-5000,-660,-170,-5000,-200,-5585,-4692,530,392,2766,-650,2967,1729,-1463,5510,24100,-645,2967,3737,-890,8243,24713,-2529,-3130,-2500,-3725,-2596,-3130,-2380,-3725,-2065,-278,-880,50,-250,2233,-197,1694,225,-5575,-197,3109
9/16/2025,-860,6428,-120,796,5346,2367,563,4304,2168,-1200,2300,703,-1555,9761,22729,-505,7654,8028,-761,11703,15188,2260,1755,-5111,1648,1002,-2,4365,3581,-1978,25,4920,1673,1306,5346,2481,1306,5386,2905,65,3706,2303,-700,11126,24984,-430,9486,15830,-330,12950,27437,1396,4119,13878,1155,12950,26579,2385,3744,16216,-2890,1831,-2590,408,-2055,1831,-1645,408,8786,16052,6695,12779,842,10598,-3290,-420,806,4105,-3290,146
9/17/2025,3819,769,14144,3175,4249,11861,4906,3622,11393,4699,-1260,15564,3627,5968,15872,2254,5512,18528,2952,7723,30263,4223,9794,9366,1305,6732,2583,3952,9502,8828,3884,163,17289,3823,3101,15379,5649,3641,15708,2508,4320,9475,2910,3348,24562,2511,6758,19637,3562,6794,42497,3874,17093,11238,3912,7145,31667,3952,13304,10298,6323,9031,11115,9063,6323,10746,13150,9448,6478,21361,5634,16049,13611,27577,6518,2180,2167,4620,5243,495
9/18/2025,-672,-728,-1160,100,1840,-4821,-362,-743,-1160,75,1705,-1784,670,3171,-4244,85,3635,-3906,-490,946,-4329,180,2973,-50,785,-734,-2795,180,-2285,-467,75,1690,492,100,1690,1988,-155,1675,1988,990,-1115,-1415,670,3171,-4026,385,4823,-7379,-490,-808,-4126,180,4667,13,785,-808,-7518,180,2133,-3382,1269,-6059,2940,-6285,-200,-6059,165,-6285,3737,3524,1672,484,-134,4871,1011,5908,1443,-2480,1011,5529
9/19/2025,-512,-1376,2048,-1210,-245,-3547,-188,-978,2588,-375,-1670,-33,-1530,-4102,-3705,-1150,-3799,-2630,-1514,-2703,4782,-720,-969,5537,-1447,-185,2497,-1415,-969,7075,-320,-1670,221,-1110,-245,413,-1110,55,-1047,-3465,-3695,-5654,-2045,-5132,-8453,-1665,-3309,-2630,-1695,-2703,2172,-2257,-969,13323,-630,-2703,2228,-1415,-969,13323,-1746,1776,-3060,-5691,-2995,1776,-2730,-5691,-4235,-7044,-2390,-2916,-4029,412,-1549,-4234,-1840,27,-1549,-4234
9/22/2025,-1406,-2018,348,-1610,-2295,-780,-1462,-2441,348,-970,-2277,-173,315,-4360,-6795,-525,-3960,-2178,2659,-3695,-1755,0,-2140,-4465,-32,-2180,-4535,516,-1191,-3335,-1475,-2135,4807,-1610,-2295,2162,-1350,-1855,2162,-635,-1260,62,2175,-6159,-14316,1430,-4964,-2870,4480,726,-10128,128,-1439,-4067,365,726,-9238,516,-2140,-3103,-2586,3031,-1690,637,-2174,3031,-1690,637,-4410,-5987,-2510,-7210,1378,-6829,-253,-3202,-2968,-5845,-253,-3072
9/23/2025,-1445,-33,-4774,-1870,-185,-4809,-2166,-267,-4374,-1865,-890,-5547,-1230,-3710,-6975,135,3111,-7497,-1665,6283,-7459,-365,12207,-2221,-1440,-742,-2200,-615,7967,-4978,-1865,520,-4473,-1870,-185,-4886,-1870,-132,-4701,-1955,-295,-5985,-1230,-940,-12520,135,4730,-9268,-535,4435,-9357,-1275,22307,-4793,-2115,4435,-9291,-1275,22503,-5327,-1665,-6371,-1665,-6605,-1665,-6371,-1665,-6605,-3815,-7455,-2010,-8050,2486,-9285,-1285,-2229,-1582,2886,-1285,-5965
9/24/2025,743,-2350,1491,-1940,-1100,-3077,7,-1858,4976,-1725,-1105,-3305,890,2377,-6851,1865,229,-67,726,-1270,-4937,775,-6443,-1501,1716,-2680,-57,1070,-4403,-5092,85,-1330,2325,-550,-2155,-3181,-550,-2295,3729,-1930,-4530,-5654,1225,760,-9996,1955,212,2320,825,-5596,-9390,-1689,2194,-14747,1270,-5596,-7711,1110,-2941,-16109,124,-583,1320,936,546,-421,-1375,906,-676,-5942,-1367,-6324,-1661,-4050,-1492,-6352,-567,1763,-1492,-7092
9/25/2025,4189,3950,3271,2060,4511,2356,1407,3954,3251,4853,4474,2396,5299,4415,3157,3110,6497,-1157,2524,1947,-3550,4579,1950,-1397,2484,1271,885,5054,4415,2354,4885,4474,3476,2060,4511,5134,1438,5080,4656,3362,2723,1154,5299,5924,4600,3110,6497,-486,2524,595,-3311,5054,637,-7831,2484,155,-4580,5054,875,-6761,4448,5356,3940,5356,4173,5356,5382,5495,2515,2177,8402,1981,702,-4734,-145,-4683,1518,-1815,-145,-3130
9/26/2025,1060,-18,-1267,-175,-1364,200,-844,-1365,1515,665,1264,-94,911,-2639,-2309,3320,1334,-3940,471,-2769,-650,2900,-440,-2095,-963,13,1954,2580,-403,-3440,600,1199,-366,-175,-3225,-757,185,-2125,218,-3795,-5930,-1528,1260,-1721,-7400,2800,820,-4995,170,-5170,-2165,1945,465,2312,1425,-5170,-1375,1784,-440,16307,-3261,-2612,-2648,-2047,-2598,-1612,-2855,-2047,-1980,-5096,-3231,-3185,1293,-2187,-1270,-1852,-2594,-1916,-1270,90
9/29/2025,-1025,5515,4687,854,4651,4616,715,3606,3297,-395,2660,7125,3165,14287,8612,3240,4933,5159,-1566,19957,21711,-1396,8960,-5240,-930,2943,-2565,-20,8894,-6685,-710,3429,6164,854,4651,4765,715,3994,5307,-2252,6216,4311,3165,14408,9355,365,6038,18456,-1576,21238,31047,-646,9194,75207,-886,22213,27229,-1685,10065,77372,455,5214,-2810,2143,1428,5214,-1557,4134,14621,9495,9499,-1211,3995,19055,15255,-6225,56,347,15255,-6225
9/30/2025,1381,1393,2626,773,2007,4589,-740,483,2626,-595,2787,2573,1095,212,-5503,-665,562,1629,-177,-2216,-2529,495,-830,-567,1045,179,468,495,-1150,13423,1900,1847,2574,1160,2007,2573,1160,483,2573,-825,419,5603,1095,212,-7783,-605,3193,2206,-10,-1914,-1499,118,2408,14949,185,-1914,4463,495,1266,17334,3411,1483,2280,4428,3023,3977,3126,4459,1178,-4752,1755,2338,2385,-4814,2773,11333,5083,63,1623,11524
10/1/2025,-1455,-3178,-2394,-1910,-3840,-2422,-2177,-3178,-2394,-1980,-3000,-1855,-1655,-4000,-6684,-1495,-3045,-5244,-1682,-4332,-6404,-1475,-2715,-83,-1442,-2965,46,1015,-585,-1146,-3095,-4940,-3353,-3065,-4940,-1657,-3065,-4940,-1657,-3950,-5290,-6080,-1600,-6965,-17074,-975,-2475,-4349,-1135,-3340,-6331,1297,454,-244,-460,-3340,-5944,1620,675,636,-3832,-1044,-3530,-1125,-3877,-1044,-2865,-1125,-4415,-5564,-4135,-5464,-6635,-6459,1507,-2582,-3856,-1644,1312,-2582
10/2/2025,3422,-1935,-2446,2560,-2000,-2574,1170,-854,-4155,3425,-2305,-1615,-190,-3650,-5751,-210,-2870,-7271,2788,-2695,-3905,1005,-3865,-5070,2806,-311,-1837,1005,-3615,-4290,3475,-1415,-1403,2560,-2000,-5545,1170,-750,-5545,-1380,-2485,-2756,160,-445,-6740,330,-2605,-12866,3295,-5055,-13148,1005,-2690,-24240,2785,-5055,-13148,1005,-2690,-24240,-2482,1176,-2094,-1147,-1514,1176,-2650,-1147,-3040,-6314,-3420,-5988,-6325,-7481,-2790,-2632,-1565,1556,-2790,-4647
10/3/2025,-1115,2800,-1081,-635,2628,1029,-453,2678,-1494,-1485,1235,-6610,-723,2960,-5543,-120,540,2061,-1076,7232,-1180,-860,1510,-7070,6,5,-3080,-490,3535,-7110,-1145,2800,-1081,-635,2628,1029,-635,2678,-2105,-575,2383,-4310,-723,2915,-2135,-420,980,6860,-570,5625,-2736,103,2792,-5350,-1500,5280,-1205,-490,2785,-5350,-1194,-1695,87,-2980,-541,-1695,1612,925,1822,-4885,3215,-818,1221,-7174,8085,17305,127,80,8085,17305
10/6/2025,-1067,983,-3985,-555,-170,-3985,-560,1248,-3985,-411,-525,-4075,1410,-1455,-2520,615,3760,-6210,2717,-2695,-6259,5265,1000,-5315,4115,-755,-1005,6490,270,-7345,709,-435,-3575,784,-170,-6490,869,-170,-6490,-2916,-320,-5355,1185,73,501,-210,4735,-12315,2135,-2870,-16732,8040,-123,-36265,2945,-2870,-17870,6175,3690,-41055,3386,-579,1474,-2493,3961,-579,1164,-2493,1713,-1680,3100,-6785,-1624,-6908,-900,-3814,-747,575,-900,-6556
10/7/2025,2066,-1849,-542,1040,-2265,238,3362,-721,283,1570,-1195,-852,1028,590,229,-1390,5306,5592,1913,2531,3012,-1435,4895,-4825,-695,-1200,125,1285,2772,-1810,1680,-3085,-552,1040,-2265,228,1040,-2355,143,-245,-3330,-1120,-599,590,-130,1155,5306,6995,630,530,4286,1178,6734,3727,150,155,4585,1285,5125,4905,-1479,-6131,34,-4605,-1589,-5471,-1100,-4930,890,-6875,9050,2174,6429,-838,5380,-1550,2042,-4835,5380,953
10/8/2025,-1299,-3530,-3349,-1860,-3655,-1745,-2420,-3946,-3349,-1760,-2525,-703,-1475,-4285,-6105,145,-2725,-2625,-1770,-256,-6540,-1460,1078,7742,-1345,-198,-358,-2375,947,9506,-3115,-4460,-3498,-2955,-4465,-1593,-3270,-4400,-1593,-2870,-5085,-7560,-1475,-8670,-15200,-945,-2725,-2625,-1770,-5695,-6305,-1890,-708,13092,-1550,-5695,-6305,-2910,-815,15743,-5851,-4924,-4495,-4271,-4466,-4924,-3325,-4271,-4395,-6345,-3925,-6560,-2540,-149,780,-652,-2665,-4345,780,-642
10/9/2025,2936,3794,9950,4496,3344,10740,3538,3820,10685,1569,3058,6809,2860,4053,8770,6130,-1073,13426,6283,3920,12788,2249,5694,-1477,4854,3238,631,6905,-480,-6254,4524,3047,9950,4496,3344,8244,4670,4129,8209,-118,3935,7789,1765,4515,14997,6250,-1073,15621,4715,717,16593,5375,3674,-14080,4130,717,16317,7030,5392,-17072,2878,8565,1745,10814,4760,8565,2050,10558,-3710,3478,-2289,3768,-1855,-767,-6280,-3392,253,5160,-6280,-6239
10/10/2025,690,950,5966,-455,1220,-377,-376,1509,5801,680,1210,-155,3705,1142,-2142,3200,2885,4210,-1154,5565,4963,13545,2900,15943,-522,1016,-732,13375,1795,7147,680,1840,5966,-280,1220,-377,-470,1235,4994,310,-2095,-8220,3705,1515,-4045,3200,2885,4210,-935,5565,4963,13755,3438,6880,-165,2625,1457,13375,1795,7147,4036,4412,5269,4362,4902,5127,6020,4744,4674,44,5610,2366,9350,17554,3780,13802,4790,1063,1935,10208
10/13/2025,-1474,-1582,-4079,-1325,-1295,-4197,-284,-1563,-2588,-1545,-2523,-6238,791,1075,1970,512,3716,6669,-514,2244,2298,3250,3707,-3092,-266,808,291,-1120,3707,-5972,-2300,-2028,-10453,-2660,-1445,-12935,-2660,-1888,-12935,-2145,-4200,-5747,1707,1075,-191,587,3716,6392,2270,2256,3343,722,3006,-15157,1635,2256,2792,-225,3707,-14320,-950,-1343,-1824,-1853,-3191,-1343,-2370,-1853,3294,6699,964,16564,4845,4640,-3832,14311,861,953,-3832,-2749
10/14/2025,3580,5189,1890,2631,3595,5281,1827,2411,1890,2271,2025,-1596,1234,-80,3665,1836,6256,4881,2008,5937,-286,3863,4086,1410,-635,-2830,-2835,2330,4220,1404,2985,3936,-192,3035,3661,687,2630,4281,687,4245,3225,-3763,3170,977,1740,1115,3025,-7865,2170,2720,-9014,1094,4541,-12895,2500,2720,-6165,2330,4086,-12895,1152,-2246,2904,-2124,4099,-2246,653,-2124,-725,1208,265,2255,2219,-2349,3322,3030,-820,-2795,3322,4447
10/15/2025,529,2908,3289,10,535,9521,-35,2419,5519,620,2236,2721,3529,3838,11470,1810,4311,5876,2374,4309,8730,0,6415,-5000,435,-565,756,-390,6061,1637,-1595,2182,4642,10,535,9753,-35,2419,12311,-2320,-2365,-424,3460,5140,12679,-190,4311,6827,2430,6361,13436,-2057,6622,14089,2110,5296,12300,-1555,6415,15551,4710,9056,5870,9566,5362,7293,3155,9566,7416,7998,5978,9850,8380,6672,5058,-4745,1020,-1820,5058,-3350
10/16/2025,4423,-257,7181,1548,345,8343,1548,1122,9277,793,1245,2475,1678,4257,4040,2300,3996,6597,2463,4406,3974,2275,5793,5785,3035,1456,-325,2085,5468,11111,4523,395,6678,1548,345,8538,1548,1450,11760,1450,-722,50,2100,4456,2743,2300,3996,6597,1545,4926,7225,1673,5551,15368,1625,3806,5530,2085,5793,15147,2701,8278,2791,8068,5477,8993,1551,8068,2040,2891,4209,9189,4538,4571,5279,12584,3563,886,5279,12033
10/17/2025,55,3168,-1600,1475,3861,-1523,3415,1398,-1116,-138,1164,-3314,1024,-564,5952,3117,-2249,-254,2536,143,15874,2416,3998,-1109,2362,2077,2456,2406,3998,-1710,3052,3014,-1600,3257,3861,-1523,2670,1022,-1438,-1384,-150,-9138,2521,-50,5876,3146,-2315,-254,2751,429,12710,3322,3064,10383,3246,-6,14134,2406,3998,11041,-1480,-1465,-608,337,-1530,2253,-1593,-777,1574,-598,-3020,-740,2212,7892,930,-2210,172,6082,930,-1525
10/20/2025,1446,6693,963,1825,7090,963,733,3707,963,4085,7575,3110,945,580,-6105,-1430,9240,-3301,-616,6340,-6953,-915,11074,-4254,648,-645,-4500,70,7109,-6138,1655,8060,3121,1825,8035,3707,2139,7117,3707,1885,8265,2811,660,1715,1268,3340,9443,-2652,-840,6439,1343,-756,12476,-1401,-950,6439,1593,-160,11074,-1007,2135,2219,1993,1099,1998,2219,2528,1099,5360,-6004,7695,-6414,11731,-6766,9734,-5905,10439,-4275,9734,-5905
10/21/2025,1208,432,398,-780,-1856,256,472,-872,398,-30,1536,-3824,2042,5639,7369,-1015,7942,-580,882,4746,-3738,-150,11911,2590,1126,605,-3780,-155,10727,608,530,333,-4303,-443,-1856,-3759,-567,-1856,-3759,-820,-395,-329,1210,5512,14531,60,8464,3856,975,3138,1757,1157,11737,1475,1055,3138,2532,-450,11886,-4023,-1243,-2583,-1243,-2345,-1243,-2583,-2005,-2345,5492,-9,715,-1626,3790,-1481,-3734,-1840,157,-2420,-3734,-392
10/22/2025,835,2469,11453,-1615,4435,11510,-1615,4304,12605,715,2718,11290,3115,3727,156,3972,5621,-757,3865,5735,9926,1816,10028,-3421,5319,2736,460,4605,10028,-4601,835,2313,11997,-1615,4435,12200,-1615,5420,11525,720,3395,9706,4083,5586,-3315,1655,5621,-2677,3865,6775,8295,2842,9995,-9299,4342,6431,7639,4605,10028,2301,8456,12422,7424,12706,7277,16032,7072,10759,2825,-1752,4944,6405,11071,7084,12762,12772,7220,-1318,12762,12772
10/23/2025,-995,5107,-100,-1995,3410,854,-2084,1875,989,-1970,3425,593,-1675,-145,-3532,-835,-284,-2381,-795,-2310,1520,-1495,-4484,-5191,-897,915,-1676,-2480,-2754,-4679,-2605,3410,-100,-2955,3410,854,-3400,1875,950,-3075,1015,4180,-1715,1478,-5285,-1925,-284,-6696,52,210,-2557,-1795,-4602,-26129,-85,210,-2358,-2315,-6144,-26845,-221,-531,290,531,296,-10,325,531,391,-2384,-725,-1266,2520,-605,-1443,-3941,-2270,-1111,-1443,-3941
10/24/2025,835,1515,394,955,1515,394,1679,1595,394,1445,1650,864,2744,1145,-5708,2335,2625,-3343,2155,2965,-2763,4233,1460,-5164,3698,370,2895,4223,1460,-7104,1445,2605,394,955,2605,394,1095,2570,394,1595,3980,3666,1950,1071,4968,2335,2625,-5192,4290,2965,-2790,4223,1917,-15656,1955,2965,-2790,4223,1460,-17539,3909,1205,5015,137,3782,1205,5403,137,8306,651,2314,-3105,1565,-2754,-2561,-3332,650,4148,-2561,-3198
10/27/2025,-1480,-3357,-4038,-1700,-3665,-5015,-2286,-3357,-4038,-1935,-2085,-6488,-1865,-4295,-4982,-880,-2830,-4420,-1922,-3812,-4835,-1395,682,880,-1365,-2030,-4490,-2050,-125,1572,-3775,-2125,576,-2670,-2125,-2135,-2670,-2125,-2135,-2265,-5480,-2201,-1470,-14355,-17565,-2035,-5870,-4400,-3100,-9250,-9693,-3943,-1206,27493,-3420,-9250,-9340,-3185,25,27503,-5081,-4606,-4395,-2108,-5006,-4606,-3495,-2108,-3607,-4989,-4395,-5455,-4072,-3820,1207,-3371,-4058,-5750,632,-1663
10/28/2025,274,4578,-3196,-230,4495,-3196,-434,4747,-3196,245,3100,-3367,-1985,-3971,-6390,-1325,-3056,2992,-1905,-4110,-5355,-345,-355,-4562,-115,-920,-1692,2060,-355,-5105,185,5149,-10787,-230,4495,-8516,-490,5094,-8516,-485,660,-4534,-1995,-40,-2201,-590,-280,3484,-1835,1447,-1760,-79,-950,-3504,-1340,1447,191,1075,-355,-3841,853,-2595,851,-2270,499,-2595,876,-2270,-3720,-7400,370,6794,2074,-1638,-3755,-3100,-428,-3256,-3755,-3100
10/29/2025,6462,8139,11575,5459,7975,8857,3670,6952,11575,6005,7975,8933,12247,11639,35053,4970,17463,33123,7994,16444,43970,9476,18931,23179,12373,8184,4114,8328,15139,27791,6005,7975,10065,4565,7975,9168,3670,8358,9168,5931,4530,5512,11820,12725,38447,10660,18733,33508,9160,16777,41876,9293,17364,56624,8570,16777,42381,4358,18510,54126,4676,5553,3705,2281,4676,5553,3040,2281,6417,30179,4027,26833,5430,27751,1350,5510,2902,2213,675,5203
10/30/2025,-606,-4271,-3650,-560,-279,-1855,2058,-3624,-1177,-470,89,-1637,452,-1048,-6982,1170,-180,-4803,976,418,-6238,2140,-1269,4497,552,-834,346,1210,-1386,3580,2805,-2385,-1972,-255,-2035,-1370,-265,-1945,-3,740,-1643,-4443,1125,-991,-11202,1020,-360,-4803,965,-1110,-9252,1055,-1374,6454,1525,133,-9583,1210,-1155,5065,-2078,-2550,995,2113,-2078,-2550,-309,2113,-4321,-6704,1531,-5054,2658,-7117,2692,4765,2303,1272,2692,4765
10/31/2025,-225,3259,-1814,891,1798,-1394,230,1741,140,-219,1864,-1981,946,5340,11345,2679,8380,67,1480,2332,7867,3127,-1650,13329,2481,1391,5980,1827,-60,12753,-219,1978,-2141,891,2643,-1293,1712,2040,-1215,-2705,-1850,-3740,-1590,5340,11145,2679,8315,4015,-845,1879,12835,1786,-223,17568,2147,1329,10107,1827,549,17568,7602,2502,8027,1169,5454,715,5473,1169,6347,11422,4405,3798,4908,6943,7590,15012,258,6294,7190,15012
11/3/2025,1117,138,-2186,895,-855,-3041,2355,-138,-3730,-105,-920,-5416,244,2211,872,335,-43,-548,0,-1853,93,1480,-1595,-2819,1618,607,1968,730,-1958,-5706,1107,-920,-2186,1410,-855,-5186,1267,-113,-5230,1195,-1045,-3935,-760,24,3102,-90,329,365,250,-1493,-80,2822,-484,-9781,-150,-1493,-1719,580,-1985,-10627,602,-1346,4795,-1120,1017,-1346,4760,-1120,1432,5205,1813,112,-269,2121,-2473,-5253,739,2004,-2473,-5553
11/4/2025,-1725,-882,-2961,-1495,112,-3001,-1310,-72,-2526,-1505,465,-2859,-1295,200,-5745,-1490,-3375,-7475,-1995,459,-6692,-1480,6528,17548,-1500,-2434,96,-2250,3988,23788,-295,465,-3394,-1530,112,-480,-1310,-1059,-1218,-2475,-4365,-2913,-1295,200,-10110,-1940,-3030,-6240,-955,275,-1552,-1590,3883,30213,-410,275,-1705,-840,4280,30171,-352,-419,-253,-3941,-352,-419,1947,-3941,-1385,-5884,2517,-6770,600,-4237,8646,7964,-3542,48,8646,24790
11/5/2025,2510,-4475,1617,420,-4475,3243,25,-3600,1617,2155,-2770,-537,2478,3568,4206,1645,1560,3088,3618,3751,11200,1949,1297,-2830,1966,4051,-800,2257,1297,-4809,4187,-4320,-3523,-130,-4320,-4875,-130,-825,-4875,3690,-1520,-4750,1265,5770,7392,4195,1965,-118,3515,3926,1533,3685,1741,-1480,3630,3926,2935,5860,1297,-3410,673,3829,-75,6403,1381,3829,1400,6403,5030,8010,1645,10311,4125,14933,1670,5547,4000,8202,1670,12949
11/6/2025,120,4710,3530,1205,4088,5024,1278,6763,4201,-90,7545,6602,1798,2391,961,2310,3894,7514,1356,3913,3835,2075,122,2108,1545,4149,2103,2863,1699,-109,1465,6829,4254,1855,4088,5024,1803,5173,4269,1210,5635,7828,3410,3377,9480,2310,3894,5590,3091,4993,5155,3050,555,-13760,3156,3363,4360,3050,122,-7902,17,-15,1986,-562,1318,3516,495,1268,1705,1689,40,-113,3110,-786,-410,-2100,4687,10,-410,3803
11/7/2025,2675,6146,12833,1810,6750,13596,280,4200,11717,2395,5384,16985,3740,2649,-2397,4676,4945,7238,3070,4164,2935,4765,3405,11700,5327,4625,3476,5363,2727,14504,2675,4999,12833,1810,6750,12195,280,4704,12346,3185,6905,8929,3714,2026,-3152,4676,4945,7238,4945,4178,3678,4957,2398,10101,5368,3795,5725,5363,3015,12118,5049,7346,4654,8664,3118,7118,4929,7213,2835,-2119,4295,11213,3909,11642,7202,30333,4357,3363,5722,25498
11/10/2025,-196,1342,12747,140,2625,12879,-43,1908,12747,445,2385,13177,785,-3509,-5245,1295,-3510,513,1419,-3143,9406,1670,-232,-2166,1389,-1407,-2290,2090,-232,-4836,420,2385,12747,140,2625,13142,140,2625,13142,250,-2011,14453,1420,-4217,-6532,2055,-2930,2027,1680,-3210,9693,632,-646,-2724,1855,-3210,6667,1188,-232,-2229,2909,10242,3104,11051,827,10242,3016,10276,-956,-2534,964,122,1562,7953,-922,-3468,-623,-1709,-922,-5703
11/11/2025,1448,7580,10232,2500,6460,6641,1060,6035,7870,1225,6310,7665,3778,4917,4543,5130,4127,-719,2245,5359,-4273,5418,1475,-1301,3178,3572,2064,4180,3380,-2111,1875,7580,7203,2500,6460,5706,1875,6035,7716,2045,6402,7556,3585,4650,8060,3280,4360,-7953,2580,975,-7938,4345,1766,-32964,3280,975,-9428,4180,845,-33780,4203,6646,4051,7911,6013,7536,4210,7911,5351,-2345,5204,-2927,7451,-730,2768,-4010,2773,2627,2768,-714
11/12/2025,3394,7078,-1268,1657,5820,-1431,364,7078,-1508,2625,5636,-3132,3377,5751,21814,5435,11484,31624,5598,10685,26601,6525,11985,27393,4859,1367,-325,6525,3956,28771,2625,5820,-1268,1657,5820,-1431,3078,5820,-1486,640,1850,-6162,4505,9012,30529,5435,11484,33837,3765,11620,29578,6525,11985,27387,3825,12155,30571,6525,11585,29513,1782,-2991,351,-2090,-988,-1318,2174,-3221,13111,17928,12645,23892,14060,28438,16035,17185,3193,358,15635,14427
11/13/2025,905,-1135,-1485,500,-865,-3379,405,224,-2974,1175,-2040,-1555,-1926,-358,1338,3400,3993,9270,-1931,5949,6204,1360,366,5955,-1471,-2211,-3227,1360,516,10454,1175,-800,-59,500,-865,-1404,405,-2000,479,-2320,-4495,-5760,-605,-1844,-738,3400,3993,9270,-760,3582,3915,191,-69,13429,365,3695,8375,1360,366,14512,-4087,-2673,-1570,-3844,-1574,-3160,-2480,-3023,2415,4167,7282,10704,3396,1728,2480,-482,422,4272,1835,8218
11/14/2025,591,6128,2660,1655,3210,5161,812,5174,4575,3060,3815,5113,2876,2439,-781,1547,2660,-3671,3508,5557,56,4690,4017,907,4973,4915,1628,4640,3405,-3402,3060,4350,2878,1140,3210,5161,854,5074,5398,4344,6374,4684,1835,1879,2518,1715,394,-3038,3020,3949,-343,4985,4156,-4060,4275,3419,-2284,4640,6024,-4573,5422,5563,5705,6891,5354,7043,6060,5922,-1418,-971,-1170,-3879,119,-2125,1325,-1659,4705,-2175,1325,-590
11/17/2025,2335,3728,11868,2345,7683,9670,4102,7672,9464,1305,3240,6908,3221,2871,3064,925,2655,1763,-276,3920,1014,1801,9240,-3826,3326,3277,2105,1616,7210,-5396,2335,4730,11868,2345,7683,10268,2725,6489,8416,2865,770,2844,3221,2871,5218,925,2655,1763,40,4650,1747,1801,8312,-13512,3326,3860,1389,1616,8840,-12666,5803,7305,5985,7318,5950,4177,5810,6781,2974,4771,2045,3387,4310,3454,2017,-1232,4781,4365,2017,-6971
11/18/2025,1767,2744,4016,3805,5680,2240,4819,557,7104,3855,5810,4321,3465,7935,5228,4825,7488,5002,2905,6844,6132,6658,6761,1170,5881,7622,6402,6658,6761,4588,2040,5830,4016,3805,5680,5567,2672,1595,3549,1205,1963,1220,3465,7935,5228,4825,7488,5002,2905,4162,6132,6658,6843,4384,5881,4162,3255,6658,6761,4588,2063,3984,-284,3433,3419,3692,773,1805,4675,3563,2461,11255,2503,9377,2896,-2757,1763,6150,2896,-2757
11/19/2025,3294,3767,8018,3318,5376,9781,3116,2177,6529,3440,4686,10207,5456,7307,11429,6397,4915,2229,3911,9103,8571,4516,7118,1512,4224,7523,9125,4516,7118,-1241,3294,4315,8018,3318,5376,9781,2350,4787,6811,3396,5482,14127,5456,7170,9790,5605,4915,2229,5531,9190,5186,4516,8863,-5356,4786,6860,3626,4516,7118,-2596,5251,4471,4885,3319,4402,2665,2400,2388,5918,11393,2095,4665,6248,5052,7631,-4201,5444,7460,7631,-4183
11/20/2025,-935,-226,-3558,-1060,1280,-1209,-1841,1152,-1723,-935,-420,-4043,940,2797,-4344,-920,651,703,-540,-1692,-1063,895,2351,2373,205,85,97,675,1324,748,-935,-365,-4396,-1060,1280,-168,90,1282,940,-1500,-3412,-9710,940,2797,-3512,-920,651,703,-540,-1335,-995,712,1539,1778,205,-2130,-2982,675,1324,748,2825,-1538,2960,1141,1267,-622,2515,-559,3158,-339,5708,2519,2524,-1995,8333,3524,1152,7109,6608,2724
11/21/2025,2251,3672,6616,758,5833,5012,13602,3412,1616,1569,3983,1602,2260,2809,5337,2865,2820,913,1370,3443,5796,2545,1619,-2115,250,1079,361,1585,-1291,-2724,2251,7938,7873,190,5833,5704,378,5829,4679,2050,3851,4308,2260,2809,6216,2865,2820,913,1370,4851,5611,2545,1619,-3203,250,855,1355,1585,-1291,-7667,2137,8959,2030,9116,2851,7408,535,9472,3558,8581,108,1740,2033,5538,-862,2365,2806,4292,-1452,-3898
11/24/2025,-1491,-3884,-2443,214,-1910,-1640,-2291,-4038,-2700,1170,-2980,-6565,1541,-4340,-4990,695,-1350,-3100,-1900,-3850,-2540,1860,1006,7246,-1102,-1760,-2050,1060,-1056,6431,1495,-2135,-6328,214,-2050,-6465,395,-2135,-6657,-2245,-2258,-7057,1535,-2184,12,2280,6070,2075,-400,6810,11873,45,-774,13722,-550,6330,11655,-340,2169,13722,-2673,-2829,-3420,-2661,-4348,-3429,-2785,-2756,-4295,-5101,-2330,2320,-5362,1593,9863,5483,-1747,-5076,9863,9380
11/25/2025,56,1480,6923,611,3284,4892,-1955,799,3108,-124,-410,4110,70,-3765,-6855,300,-3155,-6345,-1945,-2103,-7344,490,565,-4460,538,-2810,-4500,595,565,11325,1153,3284,6923,611,3284,6808,-1175,3274,5490,-530,-1880,3513,70,-4465,657,15,-1395,-144,-2375,-3318,-1555,595,2346,13703,1005,-3318,-689,595,565,14940,971,-196,1668,1251,1825,2168,552,1197,-4432,-7471,-495,-7471,-222,-3157,-1500,-5563,-2540,-2985,-1500,-5563
11/26/2025,632,-219,-3964,-153,764,-3570,223,147,-3964,-555,379,-4250,1385,-1296,-6925,90,-2107,-5715,2436,81,-7272,-1295,-908,-2897,1476,-1460,-3855,2540,-3455,-4852,-555,480,-5546,-895,780,-7690,260,3055,-7690,-2500,218,-3490,-120,-65,-4885,1141,-1990,-9280,1035,-2275,-4463,4957,-135,-15670,491,-2920,-9122,2857,-2470,-19109,1595,-2811,-1015,-3075,1595,-2811,-620,-3075,1268,-1800,-1932,-3510,-3054,-5372,-4545,-5412,-2113,-4165,-4545,-5412
11/27/2025,695,6450,7325,1555,6435,7325,1555,6530,7325,670,5530,6820,1100,6220,10831,435,9970,14025,265,11425,17500,15,8790,12755,1110,1615,6025,-585,7885,12080,695,6450,8235,1555,6435,8235,1555,6530,8235,595,4595,6820,1570,7010,11441,895,9970,16790,265,11425,22985,-930,10640,30765,140,11425,22985,-930,10640,30765,-2465,-2341,-2465,-2450,-2465,-2341,-2465,-2045,6235,8595,5030,3665,6620,5290,4600,8300,1655,770,4600,8300
11/28/2025,-1310,-1600,202,-1550,-1600,183,-1781,-1670,202,-1645,-1975,183,2055,-3695,-5090,1165,-3295,-6646,515,-262,-7250,1755,3795,542,1450,828,-3460,1495,3795,-379,-1645,-1600,202,-1550,-1600,183,-1410,-1670,183,-1320,-3150,-4360,2055,-1865,-5285,1390,-1700,-6215,1425,-1055,-5895,1495,3438,1980,1970,-1055,-7260,1495,3795,1980,-2735,-494,-2735,85,-2735,-494,-2735,85,638,-6368,-325,-2936,1522,-3036,4995,3520,-1584,-3215,4995,3439
12/1/2025,1708,1194,-204,3165,2723,-309,1034,765,-204,368,2560,-451,3820,1099,-3096,4259,2441,1537,2846,1337,-3106,-275,2423,-1649,2168,2206,817,3081,2808,-5610,368,1791,1661,3176,2723,-628,1573,3286,-628,4907,4532,1676,2480,3558,1951,6710,2023,2146,1670,2130,-6065,5048,4778,-11417,2110,1610,-5694,4055,3865,-4685,2822,-686,2953,1252,2992,-2670,266,1252,2669,2039,7276,2425,5843,-3231,12736,9182,977,-2835,12736,9182
12/2/2025,4587,-2528,3471,4308,-2225,2841,4037,-2473,3042,3435,-1185,6076,5179,7087,12352,4930,1240,9106,7360,3975,3816,6392,3570,15273,3499,3626,5710,6812,3570,15093,3460,-2230,3471,4308,-2225,2841,4283,-2225,2956,1585,-2430,3111,5800,4520,12352,3750,1240,9106,6380,2938,3816,7820,3531,14153,6485,2938,3701,6812,3570,15093,1929,2059,2461,2005,1527,6937,980,1659,5550,12675,2057,12876,3502,17223,7939,9374,2529,4872,7939,9374
12/3/2025,-1480,-1665,-3872,-325,-170,-1145,-2449,-970,-3872,-1940,-1970,-5357,-435,-4083,-6431,-1420,110,-5236,-1930,-2950,-6905,1220,2315,-361,-480,-2825,-3411,1740,-446,4745,-1350,645,-5160,-925,605,-3495,-1315,580,-3495,-1900,-1510,-4120,-435,-3950,-14330,-1100,-330,-9305,-2005,2560,-11465,3031,3397,20533,-510,2560,-12155,3205,4670,20350,-1515,-5662,-1795,-3752,-2648,-5662,-3460,-3752,-3940,-7220,-1145,-1530,-5715,-7270,-6115,-5447,-1635,-3850,-6115,-5759
12/4/2025,810,8490,21904,-240,8460,22924,1148,8200,22221,-240,6645,17705,7970,8830,23289,7448,9845,17754,5107,15131,31542,6425,18300,9575,6228,9252,3920,6425,18300,17376,-300,12285,22378,-240,12270,22569,-40,12400,21959,-175,8705,16883,7970,8830,25496,6405,9845,22674,5054,15131,33397,8830,20034,65369,7204,14741,33671,6425,18300,65631,6541,5533,5620,5860,4541,4728,3539,6673,13970,19980,8042,10445,6005,22924,7029,5383,1809,2275,7029,3922
12/5/2025,-290,2617,3552,1675,1258,2478,-307,-510,3482,1550,-1810,-2022,-771,1331,15559,-1435,1154,9663,466,7361,19682,-1485,11980,1227,581,5395,3330,1330,7455,11148,1550,-1810,-2658,-545,1258,123,-780,-95,-2092,1305,-2190,-4992,-998,1165,16801,-1570,1645,10357,-1595,1425,19641,3266,10547,20233,-1610,1425,19806,2890,11980,18137,1226,-1545,475,-1540,1349,-1057,-620,-1645,2069,4704,755,-2657,3598,5481,7963,5030,842,680,7963,4000
12/8/2025,-1485,1776,5757,815,4000,3830,762,4406,5063,-730,-1943,9219,-105,1280,8198,-1380,1670,9655,-901,3434,27469,-1350,-1503,8101,-1453,-329,-970,-965,918,277,-1485,3230,11487,-285,4000,12020,-285,5220,11324,-2305,1620,9220,-2165,1280,-1386,-505,1670,9655,-610,4719,29069,-330,-8444,53270,-1460,4719,26638,-330,-8027,51448,3857,721,4285,-758,4023,721,3930,-758,1123,-85,5165,10125,2708,-2526,-3140,15112,-847,-3455,-3140,21068
12/9/2025,1949,3453,4016,-1495,3498,2102,570,4178,4016,-105,2558,2235,1000,-1306,-6138,675,2836,-2099,3132,4026,-6595,-900,11369,-109,4631,-2236,-4640,7165,10817,-1754,880,3498,4178,-1495,3498,2357,-1495,4223,2357,4300,5265,5298,425,5632,-1146,675,3864,-8437,2952,4451,-7534,8146,9156,-15847,3734,4451,-7534,8970,11369,-17599,5868,2189,5815,2889,5371,2189,3540,2889,321,-6483,5215,-1440,3311,-6510,11090,1350,-120,-1570,11090,1350
12/10/2025,994,-829,-4288,-581,-350,-4975,95,-331,-4288,994,-2035,-4575,-533,-1295,3417,-1180,-1121,2254,-645,852,7,1110,2766,3926,-401,2201,963,-480,502,2861,994,-920,-5814,-581,-350,-10580,95,-350,-10580,315,-2990,-12730,-110,-1295,4098,-211,-491,104,-645,1249,-1204,-285,2423,-5511,-270,849,-6005,-480,1243,-6225,-1867,-6227,-2712,-5042,-1867,-6227,-3365,-5042,1186,8144,353,-1395,-743,5017,1195,7384,11,-103,1138,5784
12/11/2025,4001,1321,929,-1030,1879,1369,-1625,1321,929,-120,-2760,1420,-1587,-4021,-3304,1416,-3880,-5677,-1987,-3839,-3236,-710,2685,-1995,-1447,-610,2010,-940,875,-1775,1861,1879,1096,-1030,1879,1420,-1625,1879,1420,-1530,-1015,-1650,360,1430,-6658,1416,-3965,-9167,-1570,5460,-3616,36,3174,-9741,-1770,4860,-2297,-155,2685,-9170,-864,-395,85,-1685,-646,-1704,120,-850,-1450,-6723,2904,-4214,1725,-3830,1713,4067,-1943,59,1713,1117
