,v0-10,v0-20,v0-40,v1-10,v1-20,v1-40,v2-10,v2-20,v2-40,v3-10,v3-20,v3-40,v4-10,v4-20,v4-40,v5-10,v5-20,v5-40,v6-10,v6-20,v6-40,v7-10,v7-20,v7-40,v8-10,v8-20,v8-40,v9-10,v9-20,v9-40,v0-10-unc,v0-20-unc,v0-40-unc,v1-10-unc,v1-20-unc,v1-40-unc,v2-10-unc,v2-20-unc,v2-40-unc,v3-10-unc,v3-20-unc,v3-40-unc,v4-10-unc,v4-20-unc,v4-40-unc,v5-10-unc,v5-20-unc,v5-40-unc,v6-10-unc,v6-20-unc,v6-40-unc,v7-10-unc,v7-20-unc,v7-40-unc,v8-10-unc,v8-20-unc,v8-40-unc,v9-10-unc,v9-20-unc,v9-40-unc,v0-20-cATM,v0-40-cATM,v1-20-cATM,v1-40-cATM,v2-20-cATM,v2-40-cATM,v3-20-cATM,v3-40-cATM,v4-20-cATM,v4-40-cATM,v5-20-cATM,v5-40-cATM,v6-20-cATM,v6-40-cATM,v7-20-cATM,v7-40-cATM,v8-20-cATM,v8-40-cATM,v9-20-cATM,v9-40-cATM
TOTAL terminal $,830396,1246476,1278436,944429,1291172,1409235,825699,1219265,1224438,859949,1234242,1394840,965373,1400893,1419158,1085269,1514924,1785875,1233422,1743265,2188223,1266378,2085497,1660393,1048624,774403,515346,1411660,1931166,1773820,931486,1362749,1444350,973764,1351915,1429665,943638,1356190,1436104,660399,864181,1019067,1048877,1506042,1913580,1123915,1634560,2085091,1273352,1976100,2730008,1397004,2159263,3083207,1295936,1907738,2520521,1437687,2191715,2933824,1078038,1300413,1090103,1378744,1084717,1283969,1002835,1375016,1304013,1329000,1410945,1671285,1743885,1783238,1760808,1588163,823264,546993,1730608,1722157
AVG terminal/day $,1085,1629,1671,1235,1688,1842,1079,1594,1601,1124,1613,1823,1262,1831,1855,1419,1980,2334,1612,2279,2860,1655,2726,2170,1371,1012,674,1845,2524,2319,1218,1781,1888,1273,1767,1869,1234,1773,1877,863,1130,1332,1371,1969,2501,1469,2137,2726,1665,2583,3569,1826,2823,4030,1694,2494,3295,1879,2865,3835,1409,1700,1425,1802,1418,1678,1311,1797,1705,1737,1844,2185,2280,2331,2302,2076,1076,715,2262,2251
MEDIAN terminal/day $,659,1465,853,836,1470,1037,827,1329,899,718,1250,1085,1025,1918,-183,1105,1737,1060,1441,1937,977,1355,2190,-312,1061,611,400,1443,1725,-68,920,1760,1157,910,1695,1320,880,1615,1363,525,830,577,1063,2200,2295,1303,2049,2060,1430,2445,2775,1598,2395,3440,1385,2410,2652,1530,2561,4076,1236,1222,1096,1198,1214,1179,1005,1198,1415,-325,1615,930,1999,652,1574,-495,846,695,1500,-500
RETURN / worst-10day-loss,133.3,67.2,43.4,219.9,56.7,44.0,105.9,51.9,39.4,162.1,71.5,38.8,132.2,81.5,33.6,154.6,90.3,41.0,193.6,89.9,47.3,335.5,103.1,41.7,243.8,75.4,28.9,241.6,180.5,40.5,132.9,66.9,33.7,381.9,57.7,28.0,195.0,56.3,28.4,43.2,37.7,20.1,118.4,44.0,23.5,183.3,66.9,32.2,147.9,63.6,43.8,328.8,57.9,21.2,167.3,60.7,36.7,457.8,46.6,18.5,88.0,44.5,63.6,50.2,87.3,42.2,66.3,53.3,43.4,31.7,70.2,42.0,51.8,39.1,87.1,37.2,75.6,20.3,83.7,39.7
WORST 5-day loss $ (~1wk),-4699,-11460,-23393,-5590,-13570,-22185,-7667,-14345,-23393,-5010,-11779,-24068,-5809,-13304,-32336,-5410,-12340,-30830,-6990,-14052,-33402,-4752,-18876,-23307,-5194,-7707,-14790,-5045,-13317,-27899,-8495,-12708,-27646,-5970,-15735,-31862,-5470,-15701,-31402,-10500,-17050,-30979,-7810,-35660,-90119,-8606,-27900,-47674,-10665,-26778,-54472,-5685,-28188,-127673,-8445,-26778,-53988,-4942,-36871,-132235,-12183,-20169,-15259,-24023,-11455,-20573,-12479,-21882,-19192,-33070,-14069,-29991,-26830,-31538,-19496,-27682,-11320,-18220,-19496,-29901
  worst 5-day END date,5/30/2023,1/25/2024,5/18/2023,9/24/2025,1/25/2024,9/12/2025,7/19/2023,1/25/2024,5/18/2023,9/24/2025,12/6/2024,1/25/2024,4/28/2023,12/12/2023,9/24/2025,7/18/2023,4/28/2023,12/16/2024,7/21/2023,1/11/2024,12/16/2024,1/24/2025,4/26/2024,9/16/2024,11/22/2023,8/24/2023,9/16/2025,7/18/2023,3/22/2024,5/26/2023,12/12/2023,12/6/2024,11/5/2025,2/17/2025,1/25/2024,3/27/2024,9/15/2025,1/25/2024,3/27/2024,10/2/2025,10/25/2024,1/30/2024,4/28/2023,4/28/2023,4/28/2023,4/28/2023,4/28/2023,4/3/2024,7/19/2023,4/28/2023,4/28/2023,9/24/2025,4/10/2023,9/19/2023,7/21/2023,4/28/2023,4/28/2023,5/11/2023,5/5/2023,9/19/2023,9/16/2025,9/15/2025,12/12/2023,1/25/2024,12/12/2023,3/27/2024,9/16/2025,11/3/2023,12/16/2024,6/5/2024,12/6/2024,12/16/2024,4/28/2023,12/16/2024,9/18/2023,5/26/2023,7/5/2024,3/25/2024,9/18/2023,5/26/2023
WORST 10-day loss $ (~2wk),-6229,-18555,-29456,-4294,-22771,-31995,-7794,-23492,-31079,-5306,-17254,-35936,-7305,-17198,-42196,-7018,-16783,-43598,-6372,-19383,-46292,-3775,-20218,-39794,-4301,-10272,-17811,-5842,-10701,-43809,-7010,-20358,-42818,-2550,-23448,-51073,-4840,-24093,-50550,-15300,-22904,-50727,-8858,-34202,-81366,-6130,-24441,-64829,-8608,-31062,-62356,-4249,-37304,-145600,-7745,-31441,-68642,-3141,-46991,-158733,-12256,-29216,-17144,-27462,-12420,-30450,-15120,-25805,-30067,-41880,-20111,-39771,-33670,-45634,-20210,-42704,-10885,-26999,-20684,-43340
  worst 10-day END date,9/24/2025,12/16/2024,4/2/2024,5/18/2023,12/16/2024,4/2/2024,7/25/2023,12/16/2024,4/2/2024,6/8/2023,12/16/2024,4/2/2024,6/8/2023,6/3/2024,2/1/2024,7/25/2023,12/16/2024,2/7/2024,7/25/2023,12/16/2024,7/18/2023,7/25/2023,5/2/2023,10/7/2025,6/8/2023,8/23/2023,9/23/2025,7/25/2023,5/2/2023,7/24/2025,6/8/2023,12/16/2024,4/2/2024,5/30/2023,12/16/2024,4/2/2024,9/16/2025,12/16/2024,4/1/2024,10/9/2025,12/14/2023,4/2/2024,6/8/2023,4/28/2023,7/11/2024,7/21/2023,5/2/2023,4/8/2024,7/25/2023,5/2/2023,7/18/2023,5/17/2023,5/2/2023,9/18/2023,7/26/2023,5/2/2023,7/22/2025,6/8/2023,5/2/2023,4/3/2024,4/14/2023,4/2/2024,4/2/2024,1/30/2024,4/2/2024,4/2/2024,9/16/2025,4/2/2024,12/16/2024,12/16/2024,12/16/2024,4/2/2024,7/24/2023,2/1/2024,7/25/2023,7/6/2023,7/11/2024,12/11/2024,5/26/2023,6/13/2023
MAX LOSING STREAK (days),5,5,8,5,5,10,4,10,8,6,5,10,4,4,12,9,5,9,7,6,9,4,5,12,5,5,7,4,5,15,7,5,7,5,5,8,4,5,6,11,7,8,4,5,8,7,5,10,6,6,7,4,5,6,4,5,8,4,5,6,7,8,7,7,8,8,7,7,7,8,8,8,9,9,6,10,5,6,6,13
  losing-streak $,-4534,-9184,-22184,-4350,-8170,-31510,-3855,-19253,-23040,-4183,-10415,-34505,-5904,-12860,-48536,-7923,-10540,-35084,-9385,-16581,-41649,-2873,-8215,-47205,-4688,-7129,-8959,-2287,-9822,-58705,-7470,-9573,-21029,-5970,-10245,-32769,-2315,-15701,-22830,-9745,-11716,-45407,-6140,-21090,-65168,-8415,-12450,-64829,-11160,-18046,-40530,-9388,-17984,-77311,-4800,-16287,-49722,-3335,-25460,-73444,-14408,-28579,-15505,-25170,-14042,-29246,-9835,-25170,-18072,-33689,-17972,-29625,-34434,-32704,-6412,-42704,-7013,-16440,-6412,-37337
  losing-streak END date,4/27/2023,12/12/2023,12/14/2023,2/17/2025,12/7/2023,5/16/2024,4/28/2023,1/30/2024,12/14/2023,7/4/2023,12/29/2023,5/16/2024,4/27/2023,4/27/2023,2/2/2024,7/24/2023,4/5/2024,2/12/2024,7/21/2023,12/16/2024,2/2/2024,4/11/2023,12/12/2023,10/7/2025,4/28/2023,7/21/2023,8/13/2025,10/30/2024,12/12/2023,7/28/2025,6/5/2023,12/16/2024,12/12/2024,2/17/2025,12/7/2023,1/30/2024,3/21/2024,1/25/2024,8/17/2023,12/11/2024,4/28/2023,1/30/2024,1/11/2024,10/30/2024,1/30/2024,7/20/2023,4/5/2024,4/8/2024,7/20/2023,7/18/2023,4/3/2024,5/9/2023,3/25/2024,2/5/2024,12/29/2023,12/26/2023,2/1/2024,7/11/2024,4/26/2024,2/5/2024,3/26/2024,4/2/2024,3/27/2024,11/7/2023,3/27/2024,4/2/2024,3/9/2023,11/7/2023,7/21/2023,3/27/2024,12/12/2023,5/23/2023,7/21/2023,11/29/2023,12/12/2023,7/6/2023,12/5/2024,10/14/2024,12/12/2023,5/17/2023
MAX WINNING STREAK (days),34,30,19,20,25,16,19,31,16,23,22,19,18,17,11,15,15,14,63,16,12,37,14,17,22,15,14,29,16,9,28,45,19,23,25,16,26,37,14,16,14,13,25,22,18,23,20,13,27,20,14,32,14,9,68,26,14,29,14,10,20,19,25,19,20,16,16,12,15,9,14,13,15,18,13,11,24,14,13,9
  winning-streak $,86455,112842,114342,77011,107302,105687,56028,105809,92435,63696,94285,143861,59090,87474,122219,35124,86283,117977,217272,91985,162227,125421,77519,217974,78269,62178,41728,112965,66283,130998,80617,161665,111678,78009,98175,94002,73388,137495,76459,60314,51493,110284,59588,106131,209116,76531,91329,94528,90128,127850,197774,99485,88274,224755,219440,136513,158474,104451,102082,170871,95493,138500,87575,120632,87622,111533,78031,113933,91261,93595,56123,79603,85080,201269,48032,33565,58278,39585,47187,77996
WORST single day $,-1599,-4570,-7591,-2084,-4570,-6245,-2500,-5230,-7591,-2000,-3850,-7874,-2215,-4510,-7000,-1898,-4534,-9230,-2237,-5290,-9440,-1670,-6500,-7760,-1670,-2970,-4910,-2495,-5123,-8238,-3970,-9710,-14117,-3865,-9710,-14880,-3770,-9270,-14880,-4480,-10755,-15055,-5745,-17090,-35255,-5265,-12535,-20825,-5785,-13695,-28537,-5315,-17557,-57998,-6000,-13695,-34400,-5130,-18060,-59304,-5820,-7984,-5085,-8680,-4914,-7984,-3500,-8680,-4500,-7499,-5070,-8510,-7452,-9379,-6495,-8945,-6490,-5990,-6495,-8945
  worst day DATE,4/13/2023,12/26/2023,10/9/2023,8/19/2025,12/26/2023,3/21/2024,7/18/2023,12/4/2024,10/9/2023,8/29/2023,6/12/2023,8/17/2023,12/16/2024,4/23/2024,2/15/2023,2/19/2024,4/13/2023,12/20/2023,4/13/2023,8/21/2023,9/21/2023,3/31/2023,1/25/2023,10/3/2025,10/8/2025,8/19/2024,6/26/2025,5/15/2024,4/6/2023,3/21/2024,3/1/2024,2/12/2025,6/16/2023,2/12/2025,2/12/2025,6/16/2023,2/12/2025,2/12/2025,6/16/2023,3/1/2024,2/12/2025,1/2/2025,4/27/2023,4/27/2023,2/21/2023,4/27/2023,7/18/2023,4/24/2023,5/5/2023,9/4/2025,7/10/2025,5/5/2023,7/9/2024,3/25/2024,4/27/2023,9/4/2025,7/10/2025,5/5/2023,7/3/2023,11/13/2024,10/8/2025,3/26/2024,10/27/2025,3/26/2024,3/26/2024,3/26/2024,2/9/2024,3/26/2024,9/11/2024,12/4/2024,3/6/2023,1/19/2024,7/23/2025,9/23/2025,7/18/2023,12/20/2023,1/19/2024,8/13/2024,7/18/2023,12/20/2023
BEST single day $,12991,22384,29695,16039,14033,32520,11957,12673,25750,13127,12585,34960,27227,17186,43156,12405,19271,35516,16421,20696,49180,17014,26080,49429,15930,14435,12568,17104,19752,49829,18540,20487,68021,16039,15225,30945,21570,14326,30756,39250,12890,32861,27227,35699,63442,13015,16896,41707,16421,22214,59481,17463,30388,99340,23785,23048,53689,17014,30468,99340,17463,25905,14127,27190,27818,26621,13221,26879,22539,39937,19352,32808,23474,44010,28136,56349,19130,13102,28131,56889
  best day DATE,4/22/2025,2/7/2023,2/7/2023,2/6/2025,2/16/2023,2/7/2023,9/30/2024,1/4/2023,2/7/2023,3/11/2025,2/6/2025,2/7/2023,7/25/2024,6/6/2024,3/18/2025,4/22/2025,8/6/2024,2/1/2023,3/11/2025,6/6/2024,10/29/2025,4/1/2025,2/16/2023,2/1/2023,3/11/2025,3/14/2023,5/7/2025,3/17/2025,7/31/2023,2/1/2023,11/30/2023,2/7/2023,2/7/2023,2/6/2025,12/4/2025,2/7/2023,2/6/2025,12/4/2025,2/1/2023,3/22/2023,2/26/2025,2/28/2025,7/25/2024,3/22/2023,3/22/2023,3/14/2023,3/18/2025,3/18/2025,3/11/2025,3/5/2024,1/29/2025,4/1/2025,8/12/2024,12/26/2023,3/22/2023,9/29/2025,1/29/2025,4/1/2025,8/12/2024,12/26/2023,3/11/2025,9/4/2024,3/14/2023,2/7/2023,2/1/2023,2/1/2023,3/7/2025,2/1/2023,11/14/2023,11/14/2023,9/20/2023,2/1/2023,11/14/2023,4/4/2025,9/20/2023,3/7/2025,3/22/2023,2/6/2023,9/20/2023,3/7/2025
opens/day,16.82,21.21,24.66,16.19,18.87,20.63,18.1,21.32,24.63,16.95,17.46,21.61,18.29,20.08,22.77,18.53,22.01,25.88,23.54,28.14,33.17,23.61,29.51,25.58,20.56,13.08,9.24,27.28,27.27,27.9,18.11,19.25,25.74,17.14,19.33,22.31,17.13,19.46,22.39,18.18,19.33,22.09,19.02,21.31,25.51,21.55,24.12,28.39,24.38,29.29,38.24,31.15,34.77,41.47,25.08,29.27,35.08,28.98,31.65,38.14,24.17,26.58,20.86,22.44,23.96,26.6,19.89,22.35,22.44,24.03,25.54,27.48,35.9,36.11,31.71,27.53,15.38,10.29,31.69,28.42
NEG days,248/765,237/765,327/765,227/765,241/765,315/765,230/765,247/765,334/765,246/765,252/765,318/765,215/765,270/765,388/765,223/765,260/765,339/765,191/765,265/765,353/765,188/765,254/765,396/765,218/765,274/765,315/765,170/765,260/765,386/765,233/765,228/765,306/765,215/765,235/765,307/765,215/765,235/765,313/765,287/765,302/765,348/765,196/765,246/765,305/765,187/765,238/765,305/765,173/765,217/765,309/765,161/765,240/765,314/765,168/765,220/765,309/765,181/765,245/765,314/765,245/765,319/765,251/765,316/765,253/765,319/765,283/765,320/765,288/765,390/765,263/765,341/765,246/765,358/765,279/765,403/765,256/765,302/765,282/765,400/765
WIN %,67%,69%,57%,70%,68%,59%,70%,68%,56%,67%,67%,58%,72%,65%,49%,71%,66%,56%,75%,65%,54%,75%,67%,48%,71%,64%,59%,78%,66%,49%,69%,70%,60%,72%,69%,60%,72%,69%,59%,62%,60%,54%,74%,68%,60%,75%,69%,60%,77%,72%,59%,79%,68%,59%,78%,71%,59%,76%,68%,59%,68%,58%,67%,59%,67%,58%,63%,58%,62%,49%,65%,55%,68%,53%,63%,47%,66%,60%,63%,48%
AVG WIN day $,2046,3176,4963,2166,3298,4999,1989,3230,4979,2115,3170,5311,2233,4388,8476,2393,4168,7565,2540,4947,9371,2520,5428,8162,2317,2436,2564,2686,4944,9047,2241,3392,5634,2162,3399,5695,2117,3411,5787,2154,3326,5868,2328,4758,10376,2346,4378,8511,2544,5085,10942,2650,5767,17269,2554,5009,10647,2850,6013,17773,2917,5025,3011,5229,2975,5033,3002,5281,4451,8613,4010,7054,4801,8243,5176,8653,2474,2728,5161,9186
AVG LOSS day $,-883,-1803,-2723,-954,-1799,-2652,-1019,-1824,-2744,-931,-1543,-3063,-1213,-2841,-4556,-928,-2253,-4216,-1163,-2738,-4685,-972,-2687,-3392,-994,-1512,-2018,-1066,-2156,-4264,-1099,-1998,-3712,-980,-1897,-3820,-996,-1907,-3750,-1272,-2216,-4086,-1395,-3898,-9340,-1229,-2809,-5972,-1314,-3712,-7276,-1230,-3570,-14930,-1330,-3692,-7521,-1222,-3792,-16127,-1780,-2933,-1810,-3050,-1722,-2996,-1559,-3031,-2829,-4851,-2273,-3849,-3021,-4367,-2669,-3810,-1694,-2354,-2666,-4054
PAYOFF (win/loss),2.32,1.76,1.82,2.27,1.83,1.88,1.95,1.77,1.81,2.27,2.05,1.73,1.84,1.54,1.86,2.58,1.85,1.79,2.18,1.81,2,2.59,2.02,2.41,2.33,1.61,1.27,2.52,2.29,2.12,2.04,1.7,1.52,2.2,1.79,1.49,2.12,1.79,1.54,1.69,1.5,1.44,1.67,1.22,1.11,1.91,1.56,1.43,1.94,1.37,1.5,2.15,1.62,1.16,1.92,1.36,1.42,2.33,1.59,1.1,1.64,1.71,1.66,1.71,1.73,1.68,1.93,1.74,1.57,1.78,1.76,1.83,1.59,1.89,1.94,2.27,1.46,1.16,1.94,2.27
(context) true MAX DRAWDOWN $,-7237,-18555,-48019,-5780,-22771,-43727,-8750,-23492,-51147,-6241,-17362,-52286,-9028,-21903,-52512,-7923,-18258,-63466,-9385,-22265,-56987,-4987,-23793,-47205,-6647,-10332,-25482,-6147,-13908,-89137,-8600,-20358,-67325,-5970,-23448,-82678,-6980,-24093,-78923,-19084,-24780,-91100,-13223,-57890,-105463,-8786,-30350,-79616,-11160,-41635,-76321,-9388,-64498,-281896,-11140,-42750,-80720,-8919,-80626,-335066,-15220,-35953,-19499,-38809,-15651,-33532,-17574,-30578,-30239,-61405,-32804,-46530,-34822,-66137,-30857,-105259,-11552,-40954,-31642,-81084
maxDD 7-day $,-5253,-13795,-23575,-5780,-14171,-26713,-8596,-16439,-24372,-5400,-11779,-31663,-7362,-17148,-35782,-6680,-14805,-37051,-9385,-18667,-36245,-4987,-18876,-32036,-5437,-8518,-14960,-6045,-13317,-35461,-8600,-15290,-32544,-5970,-16424,-42557,-6980,-17984,-42097,-11720,-20210,-44008,-8185,-40598,-90119,-8786,-30350,-55994,-11160,-33288,-56511,-9388,-34410,-154543,-11140,-33663,-60411,-8919,-49226,-154374,-14408,-23556,-15505,-29311,-13921,-24223,-14856,-25170,-19302,-40930,-17631,-36788,-30846,-43778,-25206,-34256,-11430,-20636,-25206,-39062
maxDD 30-day $,-7237,-18555,-39927,-5780,-22771,-40150,-8750,-23492,-40055,-6241,-17362,-51515,-9028,-21903,-52512,-7923,-18258,-63466,-9385,-22265,-56987,-4987,-23793,-47205,-6647,-10332,-22955,-6147,-13908,-67814,-8600,-20358,-56576,-5970,-23448,-60196,-6980,-24093,-57992,-19084,-24780,-82695,-13223,-57890,-105463,-8786,-30350,-79616,-11160,-41635,-76321,-9388,-64498,-174100,-11140,-42750,-80720,-8919,-80626,-208548,-15220,-31126,-19499,-38809,-15651,-32360,-17574,-29683,-30239,-59506,-24222,-46530,-34822,-66137,-30857,-71590,-11552,-40954,-31642,-71810
ret / maxDD30,114.7,67.2,32.0,163.4,56.7,35.1,94.4,51.9,30.6,137.8,71.1,27.1,106.9,64.0,27.0,137.0,83.0,28.1,131.4,78.3,38.4,253.9,87.7,35.2,157.8,75.0,22.5,229.7,138.9,26.2,108.3,66.9,25.5,163.1,57.7,23.8,135.2,56.3,24.8,34.6,34.9,12.3,79.3,26.0,18.1,127.9,53.9,26.2,114.1,47.5,35.8,148.8,33.5,17.7,116.3,44.6,31.2,161.2,27.2,14.1,70.8,41.8,55.9,35.5,69.3,39.7,57.1,46.3,43.1,22.3,58.3,35.9,50.1,27.0,57.1,22.2,71.3,13.4,54.7,24.0
avg peak capital $,721,1565,3089,731,1553,3082,746,1567,3087,725,1509,3087,746,1549,3061,749,1610,3206,784,1637,3265,786,1667,3186,760,1408,2516,804,1642,3224,747,1572,3145,739,1569,3128,751,1574,3137,694,1417,3008,760,1591,3213,774,1628,3279,798,1667,3331,811,1680,3347,793,1664,3341,813,1675,3344,1629,3169,1606,3151,1630,3162,1568,3118,1631,3160,1681,3321,1748,3377,1733,3261,1475,2543,1730,3274
ret on capital (daily $/$),1.505,1.041,0.541,1.689,1.087,0.598,1.446,1.017,0.519,1.55,1.069,0.591,1.692,1.182,0.606,1.895,1.23,0.728,2.056,1.392,0.876,2.106,1.635,0.681,1.804,0.719,0.268,2.295,1.537,0.719,1.631,1.133,0.6,1.723,1.126,0.598,1.643,1.126,0.598,1.244,0.797,0.443,1.804,1.238,0.778,1.898,1.313,0.831,2.086,1.549,1.071,2.252,1.68,1.204,2.136,1.499,0.986,2.311,1.71,1.147,0.865,0.536,0.887,0.572,0.87,0.531,0.836,0.576,1.045,0.55,1.097,0.658,1.304,0.69,1.328,0.637,0.729,0.281,1.308,0.688
profitScore ($20-norm),2170,1629,836,2470,1688,921,2158,1594,801,2248,1613,912,2524,1831,928,2838,1980,1167,3224,2279,1430,3310,2726,1085,2742,1012,337,3690,2524,1160,2436,1781,944,2546,1767,935,2468,1773,939,1726,1130,666,2742,1969,1251,2938,2137,1363,3330,2583,1785,3652,2823,2015,3388,2494,1648,3758,2865,1918,1409,850,1425,901,1418,839,1311,899,1705,869,1844,1093,2280,1166,2302,1038,1076,358,2262,1126
riskScore ($20-norm),-14474,-18555,-19963,-11560,-22771,-20075,-17500,-23492,-20027,-12482,-17362,-25757,-18056,-21903,-26256,-15846,-18258,-31733,-18770,-22265,-28493,-9974,-23793,-23602,-13294,-10332,-11477,-12294,-13908,-33907,-17200,-20358,-28288,-11940,-23448,-30098,-13960,-24093,-28996,-38168,-24780,-41347,-26446,-57890,-52731,-17572,-30350,-39808,-22320,-41635,-38160,-18776,-64498,-87050,-22280,-42750,-40360,-17838,-80626,-104274,-15220,-15563,-19499,-19404,-15651,-16180,-17574,-14841,-30239,-29753,-24222,-23265,-34822,-33068,-30857,-35795,-11552,-20477,-31642,-35905
GOV lossMax $,-1500,-4500,-6000,-2000,-4500,-6000,-2500,-4500,-6000,-2000,-3000,-7500,-2000,-4500,-7000,-1500,-4000,-7500,-2000,-4500,-7500,-1500,-6500,-6000,-1500,-3000,-6000,-2500,-4500,-7500,,,,,,,,,,,,,,,,,,,,,,,,,,,,,,,-7000,-7500,-4500,-7500,-4500,-7500,-3500,-7500,-4500,-7500,-4500,-7500,-7000,-7500,-6500,-7000,-7000,-6000,-6500,-7500
GOV worst floor HELD $,-2010,-4570,-7845,-2345,-4944,-7065,-2725,-5230,-7645,-2300,-3850,-8790,-2394,-4970,-8647,-1900,-4568,-9405,-2300,-5403,-9440,-1940,-6990,-7847,-2005,-3000,-5965,-2955,-5360,-9408,,,,,,,,,,,,,,,,,,,,,,,,,,,,,,,-6998,-9235,-5085,-8680,-4914,-9235,-3880,-8680,-4804,-8825,-5110,-8725,-7990,-9713,-6750,-8945,-6945,-5995,-6750,-9340
GOV days over cap,1,1,8,1,1,2,0,3,5,0,6,1,1,1,0,2,2,4,2,11,11,2,0,6,1,0,0,0,2,4,,,,,,,,,,,,,,,,,,,,,,,,,,,,,,,0,2,1,1,1,2,0,1,0,0,2,6,2,6,0,1,0,0,0,2
GOV covers deferred,634,101,319,182,117,404,142,128,360,233,451,198,222,400,2174,1034,1282,1827,522,1579,5623,1550,365,991,759,29,0,465,769,922,,,,,,,,,,,,,,,,,,,,,,,,,,,,,,,6,62,68,51,90,78,237,61,402,1505,950,1342,607,3487,309,825,0,0,309,682
GOV offsets bought,74,114,683,58,111,607,52,136,720,81,172,534,38,104,789,84,158,670,38,188,1019,95,281,1242,56,32,73,91,317,1470,,,,,,,,,,,,,,,,,,,,,,,,,,,,,,,38,627,184,602,190,637,220,585,152,674,198,702,165,1071,382,1346,3,35,375,1440
GOV offset spend $,24362,35437,252104,17990,42131,248232,13295,43146,268864,32196,64737,227284,16279,38145,301049,39963,62317,261694,14959,75397,400050,50201,94757,529819,29813,12626,31907,39952,112012,622587,,,,,,,,,,,,,,,,,,,,,,,,,,,,,,,9663,229443,60269,233682,57441,231231,75333,223431,45860,234877,66944,263194,49349,423229,113095,546286,888,15491,111292,559509
GOV opens blocked,1519,296,1191,730,436,1646,236,304,1264,861,1462,817,1011,1665,3547,1970,1622,2176,1160,1787,3050,4950,2706,14670,2098,1847,1274,1863,5208,12462,,,,,,,,,,,,,,,,,,,,,,,,,,,,,,,12,593,584,1001,292,602,1368,1000,1707,3040,1256,1878,499,2668,3159,12252,53,1148,3150,11642
WING conversions,208,621,1208,239,594,1129,282,677,1206,230,465,1208,181,560,1476,206,533,1530,234,708,1647,225,782,1363,182,258,428,284,659,1537,273,623,1525,270,650,1526,281,724,1586,245,598,1392,236,594,2001,255,621,1852,272,765,2052,343,963,2340,262,759,1984,317,932,2391,756,1436,604,1326,721,1458,522,1293,623,1460,644,1574,969,1775,859,1494,323,503,856,1536
WING spend $,49054,144145,321166,54575,137890,310505,62308,159097,321652,53110,111860,335190,40072,135771,423464,45727,127511,417164,54691,168736,457326,52220,194420,378828,40200,57807,107064,69086,163107,432509,62824,153321,423805,60914,152252,439498,62935,173632,455428,55353,145816,400905,53476,147571,664082,56879,155266,547936,64041,190773,640525,77088,245955,811176,62245,188427,604199,77798,235329,806706,180005,387986,145535,369759,170079,393957,122962,360535,157959,417886,155832,444761,240348,502847,213779,426764,76548,121619,212587,443736
WING days active,136,332,450,146,304,420,187,356,451,155,254,461,126,287,466,128,281,473,160,324,520,142,350,455,122,173,250,174,311,471,172,332,546,156,333,528,167,365,546,165,305,522,142,301,614,156,323,575,166,358,622,221,407,627,169,354,599,184,406,625,381,506,326,460,372,506,291,454,303,449,332,486,407,520,369,444,213,266,365,461

DATE,v0-10,v0-20,v0-40,v1-10,v1-20,v1-40,v2-10,v2-20,v2-40,v3-10,v3-20,v3-40,v4-10,v4-20,v4-40,v5-10,v5-20,v5-40,v6-10,v6-20,v6-40,v7-10,v7-20,v7-40,v8-10,v8-20,v8-40,v9-10,v9-20,v9-40,v0-10-unc,v0-20-unc,v0-40-unc,v1-10-unc,v1-20-unc,v1-40-unc,v2-10-unc,v2-20-unc,v2-40-unc,v3-10-unc,v3-20-unc,v3-40-unc,v4-10-unc,v4-20-unc,v4-40-unc,v5-10-unc,v5-20-unc,v5-40-unc,v6-10-unc,v6-20-unc,v6-40-unc,v7-10-unc,v7-20-unc,v7-40-unc,v8-10-unc,v8-20-unc,v8-40-unc,v9-10-unc,v9-20-unc,v9-40-unc,v0-20-cATM,v0-40-cATM,v1-20-cATM,v1-40-cATM,v2-20-cATM,v2-40-cATM,v3-20-cATM,v3-40-cATM,v4-20-cATM,v4-40-cATM,v5-20-cATM,v5-40-cATM,v6-20-cATM,v6-40-cATM,v7-20-cATM,v7-40-cATM,v8-20-cATM,v8-40-cATM,v9-20-cATM,v9-40-cATM
12/27/2022,615,-1915,-1990,625,-1915,-1990,625,-1915,-1990,615,-1915,-1990,2010,2900,1390,2010,2900,1390,2150,4175,1920,2010,1004,940,2010,2799,730,2010,-272,418,615,-1915,-1990,625,-1915,-1990,625,-1915,-1990,840,-1915,-1990,2010,2900,1390,2010,2900,1390,2150,4175,1920,2010,2435,4350,2010,4105,1920,2010,2435,4350,970,-4020,970,-4020,970,-4020,360,-4020,5369,8520,4760,8220,5940,7633,-435,817,4301,-695,-435,-2105
12/28/2022,2895,2837,-53,1235,2477,1473,435,577,-3382,1282,2032,4705,2008,-638,-5041,1195,-454,-403,366,-1021,-1057,2235,8087,-3355,-632,477,-980,1346,6444,-3059,1912,2692,2400,1235,2692,7187,1200,2527,8172,1015,2315,7926,2180,-1755,-2963,1430,-1916,5541,1455,1115,3332,-759,9101,25730,920,1115,4783,955,11007,26808,4748,7379,4629,7974,4708,5408,3428,7974,-3926,-6105,-1337,42,-1079,-2012,-430,6342,2981,-975,-430,9285
12/29/2022,629,1610,-1855,-990,1610,-1027,-252,1610,-1855,-55,-610,-6180,-1985,730,-999,-1030,1661,-757,1435,-372,4749,1925,-2855,-2641,-1410,-2620,-1875,4290,-565,1415,-395,1610,-2789,-1710,1610,-6860,-885,1610,-6860,1115,-1545,-6403,-725,4190,695,3450,7000,-2693,3825,7611,4310,3444,4594,-3438,5535,7611,3502,2735,2022,-4540,1759,-4606,3190,-6390,1339,-4606,2300,-6390,4369,-581,630,-3428,6807,5068,-100,942,-4190,-1400,-100,-1441
12/30/2022,4727,2266,-5275,4742,3289,-4008,4742,2104,-5275,3432,710,-3212,4139,7530,4221,5820,2920,5135,155,869,-3458,2378,1119,697,941,1220,2098,2378,4749,9023,4727,3289,-3848,4742,3289,-2872,4742,3599,-2872,405,2535,431,4139,10209,7907,5820,3040,-1261,155,5049,-374,2378,-98,-12708,2879,4404,863,2378,1119,-12005,-1606,-5142,8657,-2153,-1606,-5142,-2007,-6460,3070,7071,1667,3380,-2544,-3167,-446,-6645,-404,1701,-446,-6585
1/3/2023,-1164,2499,-1222,-435,2084,1862,-540,3011,-2008,-735,1250,-2576,4148,2113,-5163,2200,8106,-2859,1308,6083,-3989,3115,7905,-2145,2456,1737,800,3115,7770,825,-1000,2086,-2579,-435,2084,-5975,-540,5171,-3545,-745,1938,-5425,4148,5000,-1226,2260,6856,-4480,1832,5290,-12208,3115,4888,-1896,1882,5290,-8739,3115,5055,-2258,1374,1043,1899,-954,1533,1043,73,-954,2508,-2437,1728,455,4566,-5686,8829,-1690,3934,810,9929,-1690
1/4/2023,1210,3960,15488,2835,5751,19393,4105,12673,17289,2187,4465,13193,3495,7710,11479,3702,6740,5950,3425,6224,8262,5113,4371,14259,2718,1903,3958,2704,4235,5585,1737,4465,16031,2835,5751,19393,4105,12689,18643,1225,4580,13308,3834,7710,12274,3702,6247,-5875,3500,5242,4707,1200,5189,-14297,3390,5032,3377,2704,4371,-19355,4605,14561,4200,13217,3818,13896,-4,13988,8758,9715,-215,3429,3219,8662,7816,9387,454,3963,7416,11137
1/5/2023,3858,5039,3967,2691,4877,1981,1202,3977,3837,2253,4148,2603,3056,2572,3938,5309,4189,6061,2256,4443,3018,4919,-407,1770,4517,1414,2710,4724,714,-672,2130,4937,4738,2912,4877,4522,2386,4852,4759,4780,4658,5169,3682,2572,379,7290,2049,5938,3813,3006,5049,1681,1188,2640,3913,3006,3938,3288,-1389,1946,2604,14167,4886,13738,2529,14167,1114,13738,5019,6856,5976,6223,4851,10103,11079,4980,1159,1859,11079,4458
1/6/2023,-1490,-4387,-4219,-1965,-2635,290,-2494,-3586,-4219,-941,-2965,-844,-1620,-4305,-6410,-1025,-3715,-6282,-1234,-4470,-1512,-1448,-2380,-5585,-1009,-2565,-1020,-950,-3000,6392,-1520,-4440,-3590,-1965,-3310,-1735,-3610,-2410,-1735,-755,-665,-2885,-1895,-7980,-6280,-1885,-4805,-3211,-2010,-635,-2560,-1321,-2112,2965,-1310,-635,355,-975,3790,4177,-3749,1520,-187,2655,-164,1520,-3350,2655,-4390,-7160,-4265,-4171,-2231,-7045,-3940,-2774,-2545,-1020,-3940,-2774
1/9/2023,2640,-610,-2081,6078,-205,1050,3110,-601,-1372,3319,-872,-1572,3358,-3660,-4674,4485,-3355,-6290,2229,-4403,-4503,5430,372,-2385,2279,-2825,295,5591,622,-2821,3503,-610,-3921,6173,-205,-1005,3625,-205,-1270,3328,-960,-5251,1781,-5200,-9247,4010,-2890,-7990,1805,-5930,-12816,4424,-1803,-21134,2914,-5930,-15108,6634,-1585,-19583,938,1880,1107,4133,1378,4383,-385,3567,-4373,-6424,-2830,-7274,-4640,-5503,-91,-726,819,465,-91,-1128
1/10/2023,1200,2201,7810,575,2749,67,517,2201,7810,280,2680,1861,1710,658,-623,2720,5235,7437,3976,1416,7715,4477,7541,11925,6008,1035,4846,2760,7201,16295,240,2749,8299,575,2749,6184,-490,2749,6184,1005,-495,5112,1710,2845,-502,2720,5235,7437,3976,800,7715,2760,7158,42319,3721,800,9304,2760,7541,44630,2478,5664,3016,8155,2478,5664,3016,8155,-695,-642,5799,6828,1418,6914,7046,16615,2660,1284,7046,17211
1/11/2023,-1470,-2030,-176,-1995,-2030,1014,-445,-2030,-176,-1940,-2030,2000,-1715,-4357,-5063,-1480,-3715,1557,-1435,-3580,4301,-690,-34,13529,-1435,-2900,-2221,-35,746,2044,-1800,-2030,898,-2090,-2030,2012,-540,-2030,2012,-1755,-3580,-2605,-1715,-3360,-12545,-1480,-3470,1162,-1435,-6340,-362,-181,-454,12418,-1485,-6340,1212,-35,-34,13405,-2306,-598,-1555,1284,-2306,-598,-1555,1324,-4475,-7475,-2865,-543,-6003,-6994,2369,305,-2025,-2221,2364,8587
1/12/2023,-1116,5823,4642,410,5555,5272,796,4001,-4320,0,5656,3518,2005,3729,15797,2274,2218,9118,935,4782,9005,2202,1640,-806,1798,2690,1181,2252,1640,-2860,-175,5762,5641,410,5555,7318,1270,4468,5327,508,1653,-4740,2005,3729,12406,2274,2218,9469,2580,3147,9852,1888,1844,-15977,2235,2908,10741,2252,1640,-14880,1130,2585,1628,-1338,2627,2585,95,-1338,7135,12698,4167,5438,1674,7569,-4014,-2556,-165,-1265,-4014,-2133
1/13/2023,-200,1643,2538,-265,1710,1806,-619,-193,2538,-748,1710,2463,-1545,-3920,-6912,-1205,-3725,-3503,-427,-4235,-6649,-870,1466,15241,-435,-175,-760,-825,-604,18595,-895,1710,2691,215,1710,3206,20,545,3206,-1585,-2150,4349,-1545,-3920,-15120,-1205,-3725,-3020,-427,-5920,-8095,-1758,-119,20434,-950,-5920,-8095,-825,840,20434,753,3235,434,4862,278,3235,39,3982,-4190,-6579,200,435,-2440,-4188,1658,17414,-1922,447,1658,18656
1/16/2023,-1140,-1497,-1275,-155,-1210,-515,-1019,-1232,-1275,-1140,-1210,585,-405,-3220,-2425,650,-2375,-3900,-1520,-2370,-5865,675,710,-1290,-465,-2205,775,1185,-795,-4340,-1140,-1210,-794,-155,-1210,1386,-155,-945,1386,-2140,-1675,1386,-405,-3220,-3185,650,-2375,-4505,-1520,-2370,-9575,682,-31,-15190,-465,-2370,-9575,1475,815,-16490,-1390,-907,-1390,-845,-1390,-907,-1390,-845,-4055,-2850,-1550,-4600,-2555,-5510,-805,-4970,-2285,2660,-805,-5480
1/17/2023,1940,410,3498,1720,1550,1888,1151,670,3498,1545,2530,1114,1427,473,5380,4975,3354,12670,2637,8493,3575,2395,-1622,-1302,4045,1406,3920,-701,-2480,-1395,1545,1550,2536,1720,1550,-5001,1915,470,-5001,2195,3960,-3010,1427,-2390,9293,4975,3354,12670,2500,9225,4932,595,3364,7892,4415,9225,7905,-1550,-769,9520,-3933,-685,1025,-4095,-2130,-685,-2875,-4095,-1485,7657,-846,13868,1486,2274,-5100,-1778,154,3920,-5100,-1694
1/18/2023,-1290,-3943,-4015,220,-2630,-2290,-2445,-4288,-3071,-1740,-1945,-1495,-1535,-3805,-5405,-1380,-3940,-6008,-230,-3805,-5665,313,-565,-3841,-243,-1335,567,713,-4430,-6740,-2370,-2945,-2299,220,-2630,-2290,-2020,-3040,-3165,-950,-2670,-4075,-1535,-5550,-11912,-1900,-2935,-10000,635,-2660,-11845,1158,1660,4068,415,-2660,-10890,1010,4070,5942,-942,-89,300,-424,1134,-4429,-610,-389,-100,-6900,-1395,-5305,-2453,-4491,-519,-5730,235,-2540,-519,6624
1/19/2023,1225,96,925,3893,364,1081,1516,74,1594,5215,904,2446,1265,3339,8193,2548,3545,793,1573,2435,-218,4358,-2276,-3862,2237,8890,3230,2748,435,-5682,8120,235,942,2270,364,1081,2430,364,1081,3695,1140,2819,3615,1826,17773,3395,3545,8001,1650,3871,9643,-966,-8516,-17491,2115,2530,14981,-5020,-10131,-17529,-334,6537,2957,6227,-1021,6537,66,9366,1952,-1150,1360,-2365,1921,-1313,3347,-3847,1766,3859,3347,-5417
1/20/2023,-1465,-4497,201,-1920,-3689,2711,-2230,-4497,201,-1930,-2515,3286,-1900,-4405,-6325,-1335,-3990,-7435,-1945,-4446,-7498,-1420,3661,4444,-1465,-2320,-1480,-2220,1962,4809,-2510,-5020,1686,-2715,-5020,2711,-2715,-5020,2711,-1995,-3795,-2090,-2950,-9375,-20050,-2460,-5635,-11825,-3215,-8080,-13488,-670,3002,8920,-3395,-8080,-12610,-670,3702,9646,-4646,201,-4450,1475,-4464,201,-3010,2456,-4490,-6707,-2770,-4915,-6338,-7006,6383,1395,-4890,-1480,6378,1405
1/23/2023,2063,3156,4904,5445,1205,4761,5445,-1383,4904,2869,-438,4793,-110,-1581,970,-140,2140,11321,3650,5027,12806,4765,1500,-3428,2415,-2004,-4440,5260,998,-4705,3635,1230,3845,5445,1205,3440,5445,1345,3440,1625,2125,3590,335,2605,19889,5055,3990,11435,3880,12461,13742,2467,101,-26063,1355,12308,15986,5855,1500,-26545,1144,4351,2868,3373,4010,4351,2103,3373,1178,2366,2800,8126,6666,14035,-305,-4542,-1892,-38,-305,-4542
1/24/2023,3043,4130,836,848,2905,456,1118,2992,-231,2325,3135,141,4760,2526,25760,2715,3779,15515,1907,6141,13077,2235,4472,-284,4715,3239,810,2135,4472,-1178,1520,3595,1097,848,2905,456,-10,3920,117,1350,1635,-387,4760,2600,29946,2715,3779,15569,2280,6141,13252,2135,4472,-3069,4715,6141,13096,2135,4472,-3069,2770,3359,-17,3535,334,3604,1189,3195,12255,1886,8852,6396,14952,2228,7002,-2131,3041,2888,7002,-1183
1/25/2023,-1459,-1497,10416,150,-2042,11612,219,-2510,11386,-1785,-1787,9142,977,-3375,-6185,-60,-3160,-6900,958,-3808,-5665,-1120,-6500,16288,-684,-518,-1323,1320,-1041,1534,-1955,-1865,9660,-150,-1865,10781,550,-2145,10781,-1110,845,4799,470,-3375,-11347,-235,-5220,-5293,935,-4235,-7152,1174,-3270,16794,1460,-4235,-6412,1320,-5250,19340,-1904,7910,-826,10261,-2310,9440,-1694,8871,-2693,-7458,-2443,-7465,-639,-7178,-321,-6915,-285,-1323,-321,-7425
1/26/2023,1400,806,2670,3579,1040,3468,3285,806,2600,1610,1450,3469,2035,1662,-3800,1350,1007,4969,-1760,1895,8541,3490,5555,16685,2025,4318,4864,3490,4945,21373,1400,1040,3028,3579,1040,3826,3285,1040,3756,3969,-2855,3496,2035,1662,-3616,1350,1007,4969,-1760,1689,8541,3490,4434,-2478,1565,1689,7561,3490,5285,-98,56,5090,1165,3128,-368,4839,925,3128,-822,-6525,2636,-1099,5377,4380,9917,-6960,4256,6052,9917,-7209
1/27/2023,-278,-1638,5893,-705,2818,2516,-1205,-1638,4762,-1520,-809,5908,2785,-65,4132,1495,5280,10446,953,8143,12697,4550,295,131,690,2720,1476,7075,295,-3126,-1520,2870,5893,-1205,2870,6054,-1205,2870,6812,-1455,1770,3576,3720,630,9390,1595,5280,10805,2520,7980,12697,7075,7270,-20497,1685,7980,11922,7075,295,-18349,-509,3827,1345,4802,1827,5145,-2395,6235,-1039,-1641,4360,6734,5640,12512,12839,-2865,28,-2741,12839,-1954
1/30/2023,1298,463,-1735,1300,670,-1748,2875,463,-1735,1375,670,-5265,599,-948,-6719,-490,-2940,-3795,1047,-3033,-5077,125,2330,16175,918,547,20,1078,1395,25030,880,670,-542,1300,670,-2900,2145,670,-2900,270,-2140,-6215,905,-2615,-12373,275,-2940,-7255,1292,-1645,-6832,159,2085,2759,1180,-1590,-6749,1295,1940,5976,855,-1545,-30,659,855,-1545,-275,659,-2339,-4706,3795,3698,5069,111,337,6620,1029,30,337,6620
1/31/2023,-1449,-53,624,450,685,-370,3863,-359,624,3700,685,-1032,50,3460,5743,640,581,1642,4845,494,1386,835,-441,6597,74,-1210,-1080,1980,554,7853,3700,685,-1666,2860,685,-605,3905,395,-605,-150,-2785,-4560,50,935,-10612,640,581,-434,4845,-3485,-641,549,1862,34031,970,-3485,-961,505,1860,36666,3175,-2043,3621,-3225,3175,-2043,2236,-3225,-520,-1338,944,9736,3807,3761,-1360,9743,664,-3047,-1360,15388
2/1/2023,244,2840,10866,200,3130,8758,880,4254,13301,135,3224,7913,2880,6758,6376,3005,7395,35516,3510,8290,17257,3005,8390,49429,3430,3895,4378,3440,6874,49829,520,2840,24287,200,3130,28761,880,2915,30756,1445,5995,14637,3005,6758,7131,3005,7395,35516,4545,8094,17331,3925,8574,46890,3490,7224,17015,3440,8060,49829,1588,24754,2893,26681,27818,26621,3788,26879,1380,6192,6255,32808,6779,32757,8127,38535,1715,4388,7242,38915
2/2/2023,12184,11774,11902,11966,2785,14268,1956,3359,13390,2698,9080,11059,2055,6525,2997,4664,7600,22795,2128,6756,27367,5709,2345,4784,3933,1020,-1153,2364,2931,1750,514,11255,13008,2565,2785,14519,2598,4791,14148,441,2678,14933,2185,11845,26321,385,9120,25619,2141,10592,39374,528,3462,4827,1901,10592,40185,523,3325,2078,1017,10522,3253,13003,1081,11320,1454,11449,4580,9724,5740,22098,9404,24229,-2551,14455,-156,3103,-2551,5382
2/3/2023,5717,3714,10525,3950,4378,8445,3091,1658,8440,4765,4928,10577,171,6669,-5407,880,5226,-2540,3849,4465,787,1965,13294,16402,3125,3220,1370,1940,13294,5805,4765,4208,10547,3950,4378,9530,3950,3055,9236,3664,5275,6585,1340,6669,-7547,880,4490,92,4075,3555,5940,1965,12124,3646,3125,2750,8611,1940,13294,1140,1072,4667,3295,3330,1799,2006,4853,3080,1944,-4230,4831,-2710,475,6657,5650,1869,3090,-1840,5650,3541
2/6/2023,1210,3598,1399,1691,2253,6614,823,2703,2903,1836,1987,3837,590,8851,12875,2170,7144,7039,307,7152,11562,5863,8966,-2642,777,3786,6262,5863,5626,-4181,1836,3148,1399,1691,2253,2675,823,2253,2675,1180,1246,3248,590,8851,12875,2170,7144,5630,-60,7018,11562,5863,7922,2496,849,6381,9728,5863,8966,-7,2083,-630,1253,2376,2083,3612,1403,5716,5941,19825,14220,8258,6177,9719,5765,1311,6633,13102,5765,4968
2/7/2023,6124,22384,29695,4841,2268,32520,4761,4157,25750,4135,3348,34960,5043,2169,16559,4980,5163,7224,8077,4209,35338,2579,4380,15720,6028,2197,3395,4333,3790,23179,3675,20487,68021,4841,2268,30945,4741,2880,23651,7105,485,31640,5269,2820,18790,4980,5163,12973,5645,5495,58839,789,3489,66842,4354,4295,19448,3601,4230,44892,3648,23745,3438,27190,8193,16019,8311,25959,4074,33388,2235,28621,7005,33020,9517,17650,5710,3400,8182,17485
2/8/2023,95,-33,546,360,-331,-2648,646,-2845,546,125,-2170,-2160,2044,1066,-6726,4460,8679,13981,-441,9676,12574,2370,10300,11541,-72,-1795,-1295,7725,7650,15634,2070,-636,-9258,1360,-331,-5100,1360,-2115,-5100,2225,860,-1340,805,1432,-6468,4460,8679,18153,1065,10749,12904,6804,1013,58144,870,10749,14653,7905,4736,58264,2894,-4469,1271,-6460,2894,-4469,-180,-6460,2288,-4780,11579,6659,11744,-2895,7689,-348,-694,-1295,7684,-1902
2/9/2023,535,313,3529,865,185,4232,-149,238,3529,-100,185,3712,-1540,-4160,-5965,-1385,1170,-4657,-915,2030,-4380,2545,8303,1214,-640,275,25,1610,6560,13620,535,185,4239,865,185,5210,1340,1585,5210,-525,-1085,2713,-1540,-5675,-19420,-915,1630,-3547,-915,2890,-588,88,14700,5121,-690,2005,861,1575,17135,6497,-54,-3899,1356,-3189,397,-3899,586,-3994,-4435,-7164,-2817,-4899,-5310,-926,7471,715,-174,13,7471,715
2/10/2023,1743,6823,12281,3970,9382,10503,3998,274,12281,351,8172,8120,2994,5824,13874,2145,3596,7996,2575,3159,13293,150,-2547,-953,1905,2730,4565,715,-492,-4520,1520,8172,12361,3970,9382,9685,3970,3470,9685,2195,10485,14462,2994,6413,16482,2145,3596,8640,2575,4843,6577,3036,-13189,-18344,2420,2720,8750,715,-12485,-17525,2645,8297,2662,6680,2951,8297,2837,5450,5272,10228,5241,7125,751,6081,2849,-3350,2500,1607,2081,254
2/13/2023,98,1119,-3850,1683,-2825,-2132,15,1119,-3850,1005,-2825,-2169,-2000,-3680,-4225,-1375,5530,3739,-1915,-3830,9606,-1450,565,-4097,-1460,-2795,-770,-1955,465,-5943,300,-2825,-3850,823,-2825,-2169,878,-2825,-2169,1409,-925,3104,2345,8347,15191,926,13005,12436,1509,8249,14470,-3013,1969,49,2254,8249,16902,-2830,565,3300,2008,-1403,455,197,340,-1403,1271,-1640,-2579,-1865,4397,8599,10829,14085,-3925,-1619,892,-770,-3925,-893
2/14/2023,6106,5403,-4900,7146,3365,-465,7235,4165,-4900,6965,2005,950,2087,6762,-637,3035,7881,17998,7740,5285,26690,7010,4549,11383,6134,3307,9758,7005,4549,28738,6106,5403,-790,7146,3365,950,7235,4165,950,7300,2405,-1498,2087,6762,-473,3035,7881,17998,7740,5285,26690,7010,4549,41382,6134,3202,20470,7005,4549,47796,3858,-1787,4880,-779,3700,-1897,5040,-779,7854,6271,15330,13409,13449,18508,14893,25143,9339,9147,14678,25143
2/15/2023,320,1694,5074,3885,1805,4343,-184,1694,5074,1537,1390,6553,497,-3225,-7000,255,530,2050,-1572,-4363,-679,395,3362,11487,-1327,-1096,996,495,2442,11791,1537,1805,5074,3885,1805,6553,290,1805,6553,2405,1167,-339,520,-525,-7591,2220,530,2050,135,-2165,-679,1610,2937,17003,1300,-3085,4903,495,2442,17352,-782,4393,1777,4940,70,3385,870,5020,-265,-677,1642,5138,-564,4122,1731,11294,-1925,315,2597,10382
2/16/2023,588,6500,6857,1376,14033,3918,2543,5002,7417,4080,5685,7496,1005,3930,-3006,3965,5839,-1615,3781,1578,3159,2285,26080,-4907,3120,1475,5110,2285,5050,-7055,3810,6500,6857,1595,14033,7486,2695,14008,8056,2950,8935,8021,4210,5368,-5386,4330,4575,-10510,2930,3880,-12640,2857,8408,-42765,3120,3475,-10056,2285,25670,-42095,1399,4869,2910,3930,2009,4212,2020,4535,-664,1323,3866,-319,-1971,-3476,-631,-3994,5700,4900,-631,3501
2/17/2023,4030,-480,8822,3757,2410,10534,4212,1396,8692,3975,2224,10354,4396,2915,818,2725,-874,-1539,5667,10280,-6672,2701,3851,2165,4275,10635,9454,2701,931,-344,2960,1835,9162,3757,2410,10534,4212,4381,8709,2464,1514,8389,4396,2090,2087,3345,-874,-643,5667,10280,-9331,3371,4180,-10892,4330,10280,-7433,2701,4225,-7813,2905,341,5517,2992,1271,6339,6727,992,-373,-6379,496,-5576,48,-4850,-171,-2644,2955,3377,-171,-6569
2/20/2023,-140,1330,1450,1035,1330,1450,1035,1330,1450,-140,-25,2640,-880,-1820,-1690,425,2600,4270,-115,2115,5640,-195,3780,2285,-660,-2110,-1515,915,2885,3135,-140,1330,1740,1035,1330,2640,1035,1330,2640,-55,1285,2640,-880,-1820,-2355,275,2600,4270,-115,2915,5640,576,17950,29609,-515,2915,5640,760,17950,29609,-680,-3360,-680,-3360,-680,-3360,-680,-3360,-1095,-1021,-290,-135,-2265,656,-170,-705,-3010,-1515,-170,-705
2/21/2023,-1458,-2441,-3030,-1975,-3093,-2485,-1778,-2441,-3030,-1715,-2335,193,-1995,-4382,-6915,-1440,-3811,-5545,-1535,-4380,-6558,-1480,-1343,11110,-1480,-2122,-2692,-2030,-2005,11576,-2455,-3455,386,-2320,-3455,1956,-664,-3455,1956,-1650,-4975,2245,-1315,-8720,-35255,-2860,-6015,-9084,-320,-4604,-19163,-1813,1110,7512,-2025,-4604,-18423,-455,1873,9026,923,6262,1440,4003,1424,6262,2930,4003,-4454,-7478,-768,-4374,-6856,-5495,821,19324,-1616,-2687,816,22660
2/22/2023,385,6250,10479,1355,2465,7087,1355,4455,10479,6528,2570,8484,2745,3886,12814,3206,7606,6860,1005,7930,20060,2080,7857,7380,2892,2237,1705,1735,2292,4106,6528,3365,6477,1355,2465,7210,1355,1520,7210,1125,3967,-1015,4030,5130,20794,5200,4538,6860,-1130,10175,21783,-357,12294,7686,-44,9950,25330,55,15108,8627,2288,8983,378,4523,2313,8983,785,5713,5267,11100,3220,10382,5080,5102,7484,3447,2914,1671,7444,3442
2/23/2023,1018,4970,7342,365,5618,7435,-533,4970,7342,394,7227,7909,381,-732,8507,2915,2199,3662,1493,-584,10743,3205,3625,25,3289,3132,7852,554,5671,-3800,1667,5618,8914,365,5618,9415,1250,5618,9415,15,5305,1565,740,1275,6559,2915,1545,1523,2470,-1470,1860,-754,3263,-4685,3235,-1470,5185,35,6815,-11230,2591,3268,4319,4431,5244,3637,5374,4661,-4171,8858,-96,10037,4858,7090,7961,-2149,920,6642,7961,-4460
2/24/2023,1832,3903,-208,3958,3270,-1327,1848,5399,-208,3436,1445,-2202,4540,2630,30368,4555,1880,13610,3005,11345,11470,1815,-2656,-450,2035,2467,1599,305,-186,-2776,4934,3456,703,4939,3456,-4830,4541,2356,-4830,1105,5568,-747,4540,2630,30368,4555,2290,15026,3005,9303,20290,305,-1002,2415,2035,9303,20488,305,-2656,-256,3122,1721,3680,-6,3272,1721,2332,-6,2552,18145,-1257,4923,3208,6653,-6135,-1829,3902,256,-6135,-2045
2/27/2023,1367,2775,2140,2460,3864,1316,2168,2447,354,2245,3542,-1009,815,-3267,12596,1,938,8901,-480,-4357,2926,1620,550,-4175,230,-1568,550,2800,-2045,-6550,3586,3054,307,3626,3864,-550,3081,3235,-550,2938,308,5894,35,-1164,14018,1115,1775,12828,1080,-5050,3645,2349,3824,-219,690,-5675,5084,3050,4500,265,6157,2179,4710,5164,6157,2179,2790,5164,2064,15402,-1217,2376,2065,6052,124,-6419,4832,550,124,-6929
2/28/2023,2915,7565,-2598,2845,6610,-4119,2380,6610,-2598,2745,9033,-4119,3695,12674,9211,3874,11082,10476,3648,11864,4636,4790,14817,-4578,4465,5134,5120,5890,14817,-5648,3620,8782,-2404,3770,7827,-2915,4455,7827,-2915,-115,1671,-3601,5260,12852,15704,3874,11475,12456,3645,17170,708,3887,12175,-5956,4443,17170,470,5059,14817,-9839,5584,-452,5978,791,4112,-452,6027,791,10035,13691,10043,3557,3637,-297,7243,-4368,5062,1555,7243,-5430
3/1/2023,-514,4371,-1667,1587,3007,-871,1229,5398,-1667,1292,2672,-4341,4184,4131,6353,5086,4242,13414,1911,8200,9134,2285,6815,11561,1156,4071,65,2825,6815,7678,1292,3663,-3119,1587,3663,-5200,2577,4518,-5200,1377,6209,-6030,4184,4242,9612,5086,4242,14311,640,7179,10604,2603,6815,7351,750,7179,12646,2825,6815,7803,2895,-5281,-2195,-6260,2895,-5281,-100,-6260,2890,5489,6275,15842,6395,6623,5131,14572,2313,1912,5131,14572
3/2/2023,-1100,3333,-3892,-1145,3795,7844,-1192,3333,-3892,-1065,2633,7569,-1856,-4320,-6998,-1325,-1410,-5757,-1645,-714,-7494,630,11051,39153,-1465,-1687,-3795,1370,11219,21877,-1065,3610,6165,-1145,3610,8655,-1145,3610,9275,-2145,1970,3175,-2465,-4330,-18375,-1685,1110,2375,-1885,2729,-2225,1370,14098,5153,-2725,4104,1165,1370,13900,6986,-733,3885,125,5269,-1122,4204,-3405,4624,-4305,-7300,755,-5625,-2852,-7489,1896,26915,-2878,-4515,-1630,37709
3/3/2023,223,-899,6395,500,-1085,7479,-709,-899,6395,-400,-2895,8057,-1640,-4450,-6905,745,-3700,-852,389,-4472,-5421,555,5697,13957,-1255,-1625,-2035,1010,3099,19319,-465,-185,7225,500,-185,8052,500,-185,8052,-675,-3160,6063,-810,-8130,-14363,840,-5350,-852,1124,-7090,-5415,778,-131,22520,-470,-7090,-1934,1010,1329,23197,1001,7097,488,8458,550,7097,-422,8458,-3827,-7296,-890,467,-3143,-3411,3422,15202,-1598,-1590,3422,14837
3/6/2023,299,-790,738,-565,-790,840,765,-790,738,690,-660,835,1025,-3975,-6925,780,-3490,-7360,520,-4449,-7409,2080,-2035,-3920,1330,810,-1375,2180,-2035,-3920,560,-790,738,-565,-790,840,765,-790,840,1440,-1205,35,1025,-5975,-16055,780,-3450,-13830,520,-7725,-13929,1223,-783,-4920,545,-7725,-13365,2180,-2035,-3920,-390,1999,-295,1586,-390,1999,-295,1571,-3395,-5881,-5070,-4955,-6830,-5534,-1674,-2692,-778,4593,-1674,-2257
3/7/2023,-1119,-2490,-5794,-1995,-1570,-4767,-624,-2490,-5634,-375,1751,-6847,675,118,-723,2456,612,4354,-306,2241,5181,758,-1782,8221,-850,-826,1289,945,-3685,8946,-795,-2640,-7907,-1215,-2640,-6555,-1240,-2640,-6555,-4280,536,-5774,1530,-35,1051,2086,464,4354,125,3136,5583,504,-1989,14166,815,3091,2480,171,665,15286,-4179,-3991,-3328,-2013,-3079,-3991,-2345,-748,2241,7715,2768,8984,4826,8481,295,11663,832,78,295,17607
3/8/2023,3235,855,3170,5646,3034,2511,3982,260,4483,7395,3135,390,2245,11408,20135,2506,9217,19858,1669,11077,13813,2245,1009,4560,3079,13320,5884,2245,3191,5568,3235,2207,3327,5646,3034,2406,4275,224,2461,2850,3575,10731,2245,11408,17392,2506,9542,19858,2720,11077,9821,2245,4679,2357,5505,11077,11694,2245,-1044,3149,-729,1266,354,5883,-1535,5498,-2508,2567,10256,12065,5690,14845,7976,5789,3378,-2659,1758,3497,3378,-2212
3/9/2023,-1170,-1004,-4011,-1435,21,-2685,-2277,-329,-4011,-1080,10,-2445,-1895,-3730,-6793,-1410,-3145,-7476,-295,-4355,-6835,-1430,-2867,-6800,-1470,189,40,1235,-3985,-7355,-1080,16,-5353,-1435,21,-3230,-1435,556,-3230,-1630,-1505,-6505,-1895,-10890,-24934,-2205,-7275,-18641,-295,-9495,-25347,-283,895,-10745,-2555,-9495,-24300,1235,2985,-9885,-2284,-4629,-1450,-2814,-2284,-4629,-760,-2814,-3785,-7323,-3750,-7046,-6439,-6965,-3035,-6815,253,-740,-3035,-7455
3/10/2023,271,2029,8783,3726,4173,9480,2676,1315,7219,866,4678,7387,25,3387,7801,885,6903,6622,3001,5357,7937,1095,9140,9541,210,3881,670,2430,8540,9892,2860,3773,8348,3726,4173,10404,3536,4421,10404,605,2835,2830,25,3195,9916,885,6903,6622,3001,6153,3225,3179,9140,8377,-970,5548,-55,2430,8540,12260,4114,5379,4506,8705,3872,5379,3735,7440,406,13379,1285,7305,5600,13437,-450,8948,2628,2931,-450,20900
3/13/2023,4232,3261,8339,4085,2459,14649,3469,1100,7092,4750,597,-541,2272,2737,2051,-190,1456,3958,2146,1085,-3754,-190,-2241,-1275,-190,2095,895,1971,-465,-4317,5250,2289,4975,4085,2459,-541,4085,2757,3230,2095,4227,4132,2130,3526,7148,2527,1456,4903,2385,-428,7303,2273,2597,-17819,2217,-303,3057,919,-1902,-17996,1511,10127,2950,15790,3329,10687,2059,2338,5432,13085,2782,6297,2300,-53,1413,-5227,3745,3675,1408,-2862
3/14/2023,8880,4571,6639,5462,5760,8081,3896,5630,6639,8830,6275,9936,10355,3628,8448,6415,11727,10389,6346,10144,16003,6745,10268,3638,4805,14435,5843,7670,6762,-4708,8830,6215,6639,3896,5760,8081,3896,6853,8081,7425,2760,10988,5465,14155,31446,13015,4683,19205,6346,13724,28091,6762,5300,11424,6285,13724,25530,7670,7110,12365,16994,6688,14127,7766,16919,6688,11448,9230,9677,8849,1939,9143,11937,22843,8565,7727,5983,4845,8565,10257
3/15/2023,1701,2089,-409,700,701,2038,1078,45,-409,1395,610,-2903,2790,12215,14790,5272,8590,10111,4280,7400,7896,980,7391,13919,2175,5098,3295,980,7386,8250,695,2773,-1461,700,701,-2195,2130,-70,-2195,1466,-1350,-5406,2790,12215,14790,5272,8590,10111,4280,8316,9045,980,7940,10472,3865,7196,6021,980,7386,11705,2847,-1213,2486,-1606,2847,-1213,976,-1606,7816,18783,3793,8021,11121,11327,15976,10618,2658,835,15631,20305
3/16/2023,-1165,-1804,1036,-60,995,3692,-1388,-1800,1030,-1220,1035,3647,-1548,-4485,-6010,-1500,-3155,-7435,-1660,-3628,49,-1095,-1805,-627,-1245,22,-725,-145,-2170,-422,-1065,1035,2639,-60,995,4047,-1025,1005,4202,-1470,-185,5511,-1880,-6215,-10110,-1905,-4630,-4908,-1035,-6270,-2790,-1002,-2376,6570,-3285,-4850,-902,-195,-1955,6460,-1200,2756,230,5166,-1595,4553,152,5079,-3656,-5915,178,-4802,-1094,-7344,6822,-657,-1274,-1605,6972,251
3/17/2023,1684,5465,2607,1735,3650,5455,1919,6904,7965,930,-226,5327,3740,7484,20293,3052,8294,10316,3493,7551,17699,863,6427,-4736,345,1806,-2251,60,-351,-5663,1505,6140,6302,1735,5269,5037,1735,7907,6505,1230,2627,1946,4574,6109,25788,3270,12763,35920,1885,7895,25514,1574,10109,36871,2458,7895,22999,550,6427,38948,8656,6668,6965,6631,6143,6668,5885,7766,8607,23651,6495,10830,10139,4776,6142,-5787,4058,1030,6142,-5932
3/20/2023,2229,4289,4072,540,4227,31,2401,4625,4072,435,676,2174,791,4166,3568,750,-2490,6295,-1975,2901,6311,810,972,-4001,-1470,-260,-1515,-305,4377,-5661,435,-531,4157,540,4227,5242,245,4227,5242,495,-479,8812,630,3265,1752,2045,1415,11320,-980,2025,10626,669,1655,20115,-810,2025,8562,-125,3980,21580,5482,-5860,2077,-4579,4377,-5860,5105,-4579,1993,-944,6855,2406,-847,10032,4269,-6925,-1062,2380,4934,-7430
3/21/2023,438,-702,-11,810,1545,3979,1511,-702,-11,795,1715,1997,-1903,-2430,-4559,-1165,-3970,-1640,-1740,-4480,-519,1080,-715,9839,-1210,-2002,3684,1530,1021,11687,1845,1734,-434,1615,1734,1652,1615,1734,1652,-610,-824,-3829,-2115,-3525,-8332,-1285,-3865,-1640,-940,-6410,-4199,822,-5975,16983,-1415,-6410,-3596,1530,-5260,19571,5740,4387,6535,5531,5912,4387,6799,5531,-3225,-7455,111,-6285,1776,-7321,16192,-6838,-1406,2438,16187,-6395
3/22/2023,3321,3497,10591,5864,2965,12257,2102,3312,10491,7205,3553,6278,4130,3862,7486,8390,5325,4834,7450,3121,25121,4030,5520,3020,7097,1325,-1745,3730,3683,4745,8710,3827,10026,6320,3887,13072,6760,2320,12913,39250,5873,4568,5450,35699,63442,2924,5325,9093,10250,7200,42007,1582,5416,7821,23785,7200,39182,2155,5515,7836,3227,6548,3477,6592,1812,6643,5047,8812,2937,2931,3748,10418,7623,21462,6751,5667,19130,-2680,6666,5922
3/23/2023,2900,1857,12453,2915,1832,12453,2915,1832,13358,2900,1512,11663,45,-2095,-682,6150,4015,-4902,-172,2165,-1906,3135,5405,542,172,8195,3294,3130,2629,-4576,2900,1857,12453,2915,1832,12453,2915,1832,13358,5715,4322,14559,-660,365,-6518,290,3015,-5540,1430,705,-4548,2101,4687,18926,1085,290,-3505,3130,5240,18917,3095,14666,3095,14666,3774,14666,3235,12166,-3064,-389,587,-7450,-1344,-1938,1634,4578,-472,4180,1234,-557
3/24/2023,1745,-2775,-2452,1415,-1620,-5000,1400,-1274,-3552,1795,-1650,-4586,6516,-944,-5974,-315,954,-1802,11190,-4013,-2945,2065,-3052,6972,-221,2583,-771,640,-2112,839,1745,-1650,-2427,1415,-1620,-2946,1400,-35,-3304,-20,-3340,-1937,-555,-746,-11031,-315,954,-1802,2406,-3875,-10900,7901,2269,-7,2346,-3880,-7565,640,-1967,5335,-54,-3967,-310,-4085,-713,-3690,5,-4600,-2759,-7419,-846,-2015,357,-2542,3647,7625,1630,-771,3647,7589
3/27/2023,635,2240,8022,1845,1877,5804,1772,1165,8222,635,532,6302,285,-589,-1568,-1320,-830,1723,-1568,4631,10098,-275,7500,15159,-1310,2294,9,3245,3155,21202,635,1877,503,1845,1877,3369,415,957,3369,697,1150,-5259,255,3500,6188,1065,240,6856,2500,4335,13029,1966,6481,25582,726,4335,9827,3385,6905,28155,2465,10248,533,12214,7094,10248,2760,12214,-2017,-4958,-980,767,4614,-5093,-1902,-2260,-705,9,-1902,-2260
3/28/2023,1352,2838,1615,4090,3107,4264,4412,2838,1615,5210,3045,1974,2864,1485,-1424,2010,4769,2075,5010,8570,374,5323,2166,-2267,5104,1926,9924,5239,3477,-2817,3585,3107,1766,4090,3107,1974,4090,3107,1974,2166,-365,15085,2864,1485,976,2010,4769,2075,4423,7973,1044,3824,4237,4683,5143,6671,-2349,5239,2481,-3890,293,3362,800,5883,557,3362,902,5883,2001,-4468,1695,1869,5443,-1968,4077,883,2534,5836,4077,-832
3/29/2023,120,-4421,-2219,-1985,-4425,-2220,-102,-4421,-2219,-985,-2930,-739,-455,-2350,2054,-660,-2545,-1168,-1670,-1827,8333,1560,-1242,312,-695,-1870,-1400,-715,-1187,1547,-510,-5195,-1720,-1280,-5195,-739,-670,-5195,-739,-2565,-4035,-2038,-455,-2350,929,-305,-2545,-866,-2220,-362,7809,-415,-1073,26931,-1700,-362,7809,-415,-1073,29322,-1205,2663,573,2352,-1205,2663,38,2352,870,-2835,-1250,-1034,1483,10094,4957,3211,-585,-1400,4957,5660
3/30/2023,432,6985,2756,735,5590,6019,1185,7452,2756,955,5370,3801,4010,3130,6566,893,5730,5061,-87,6170,891,-1495,-2135,-3950,2165,4150,5347,-1304,930,-5939,700,5489,4329,1155,5590,4776,1075,5590,4776,600,2800,3177,4010,4260,18647,893,4555,5981,-35,6275,8031,-144,-4144,-4078,405,6275,8697,-980,-4165,-5395,1309,3168,322,585,1309,3168,132,585,1053,4554,938,-2778,3857,-240,-695,2011,920,1460,-695,-1634
3/31/2023,-1320,-3671,5725,-1315,-3610,6105,-1160,-3671,5725,-1185,-2940,6105,-1990,-4220,-6495,-1670,-3875,247,-1615,-4475,-7480,-1670,1046,20737,-1490,-2200,-4360,-1130,612,19037,-1320,-3610,5725,-1315,-3610,6392,-1315,-3610,6392,-1490,-4070,-93,-5205,-13455,-19265,-1455,-6680,-3201,-4140,-12955,-11045,-1315,-6,4988,-3855,-12955,-11045,-1315,1450,5899,-2056,-1324,-2105,1366,-1756,-1324,-3465,1366,-3970,-7025,-4500,2529,-6927,-7385,845,12449,-6290,-5235,845,12434
4/3/2023,1098,11751,5920,1035,3575,4419,1035,11751,5920,1158,7612,4419,50,4154,6248,4750,-133,-4114,1135,-281,-3432,2730,-2174,6198,105,1850,7893,5191,-1675,-4318,1070,3575,6161,1035,3575,6464,1035,3575,6464,1075,3080,4380,50,5445,4992,4750,-133,-5408,1135,1490,-4172,4533,-10069,-11483,105,1490,-343,5339,-8315,-13625,428,3624,970,6481,488,3624,970,6481,-171,-2154,-300,-3122,-1172,1599,5694,-3184,2494,9656,5694,-4042
4/4/2023,659,3201,2768,1435,3120,4157,1533,3234,2768,-435,755,3908,1250,4165,7945,3235,2700,16737,2698,8982,13607,1683,16472,10394,6182,1661,868,1683,9428,11398,-280,2685,895,1435,3120,1845,1435,3880,1845,-905,260,669,1250,4165,11117,3235,2700,16885,3108,9125,16345,1683,7960,54735,6182,9125,17565,1683,9831,56645,-2211,8029,-1641,8565,-1164,8029,-82,6305,7295,15155,9025,24896,5041,18565,9284,18483,-171,3679,9284,22192
4/5/2023,-70,544,10045,55,-245,8455,55,-139,7165,-25,1253,9653,-1730,-1020,-4835,-290,-1305,578,269,-4311,-2853,-85,-3870,-4339,-1050,-805,-981,210,-1575,-6505,-25,-255,11167,55,-245,10805,55,1300,10845,825,2178,10380,-20,-1170,-745,-1090,-2320,578,-1695,-4770,-2423,-79,-12261,-16887,-1240,-4770,-5992,-690,-7731,-15442,228,2979,160,3141,1008,1879,660,4894,-1555,-7300,-2862,-5485,-561,-4378,-5580,2510,-1785,-1020,-5580,2510
4/6/2023,-1485,-3796,-4377,-1965,-4475,-4040,-2210,-3796,-4377,-1685,-3000,-4027,-1795,-4485,-6985,1120,-3888,-7480,-1990,-4290,-7233,-1220,-4845,-5885,1129,-2140,-3830,-455,-5123,-4502,-2235,-5190,-5282,-1460,-5190,-4315,-1460,-5190,-4315,-2665,-6680,-4995,1335,-6745,-17335,-695,-6615,-3590,80,-10011,-4274,-1500,-12318,11581,910,-10011,-4429,-2045,-11810,13803,-3667,-4555,-3205,-3325,-3195,-4555,-3289,-3325,-4360,-6933,-4360,-7065,-6838,-7353,-3402,-4200,-2690,-4340,-3402,-6865
4/10/2023,126,-1981,-1575,550,-1800,460,1740,-1981,-1575,215,-1815,1230,385,-1705,-3775,1410,-3130,-7465,-388,-4240,-7205,-1460,-6165,-5990,-1385,-2115,-1545,1550,-4500,-7235,215,-1800,-998,-265,-1800,-239,-265,-1800,-239,-1430,-3295,-926,385,-1775,-4262,1410,870,-6974,-910,-1625,-3767,1046,-1500,20366,110,-1625,-10919,1550,-125,18154,-3375,-4132,-3535,-2924,-4185,-4132,-730,-2924,-3725,-3927,-4500,-7485,-2529,-7499,-5810,-6985,-2955,-5485,-5810,-7495
4/11/2023,2162,5445,-1753,918,5113,-634,3147,5113,-1753,2601,5243,-2938,3715,4565,12972,1827,5769,11472,1995,6169,21734,-108,5877,1538,1005,3737,3258,2080,2680,1002,3780,5445,-3552,3448,5425,-4440,3448,5425,-4440,3080,4960,-4940,1790,3761,27813,5565,7125,15779,1970,8770,37547,1156,2825,10108,450,8770,35038,975,2993,12928,1627,7469,2330,5483,2330,7469,2805,5483,7467,12598,8632,11167,4265,12272,-205,5165,1350,5900,-205,2967
4/12/2023,837,-606,2601,1825,2975,4523,847,442,2601,978,1964,3856,4034,-1650,-4978,3125,-3065,-4850,214,-4485,-2733,3805,2725,-5535,1557,-1434,639,3750,1398,-4460,1745,4240,-1707,1825,4230,218,2215,4135,218,2555,2845,-2665,2855,-40,-4356,3790,-3065,-4862,3666,370,-2771,1500,3224,6617,3995,370,-1954,4455,3815,6245,-424,-2971,875,-2064,-1976,-2971,-404,-2064,-1208,-1821,3668,-5110,-847,-4547,-310,-5280,1486,644,-310,-5280
4/13/2023,-1599,-107,1523,-155,240,2312,124,-107,1523,-325,-655,2856,-1975,-4450,-6945,-1475,-4534,-7500,-2237,-4493,-7500,-1145,-3057,-2049,-1310,-2290,-4445,-555,-2976,-2694,-135,240,2300,305,240,2871,305,240,2871,-1560,-2575,2801,-2820,-14545,-21770,-1665,-5720,-6960,-1980,-9565,-11495,-98,-6347,5098,-1845,-9565,-14110,700,-5577,5898,-511,2317,-340,3826,-511,2317,-2005,3826,-4475,-7413,-4400,-4178,-6860,-6388,2735,-3537,-2465,-1670,2735,-4813
4/14/2023,105,2569,2246,213,2590,-2767,-955,2366,2246,378,2660,722,515,-605,-2516,1110,1747,-1625,3516,-3017,-1586,1970,2996,-1393,1263,175,-1175,525,-3143,524,480,2660,2450,245,2590,-108,245,2590,-108,-230,3780,73,125,1075,1369,1335,1300,-3425,3110,-2240,-2910,-219,1230,-2730,3460,-2240,655,585,3011,-3036,-2295,5821,-4010,6014,-1959,5821,-3175,4830,2002,-1509,1695,-2269,2819,1500,9521,-720,4227,-1466,9521,-720
4/17/2023,2205,1564,-289,3074,6684,2320,3825,1451,-289,2210,6415,3895,2671,2142,244,2367,2546,-2610,2013,737,-3280,2395,3773,-1413,2404,7205,1390,2960,1911,-2835,3316,6684,4325,3456,6684,1320,3456,205,1320,3010,1753,2355,3305,666,2094,4074,2546,-2610,4887,1605,-3879,1675,5138,4306,4540,1605,-5126,2330,-3915,532,2576,1200,4376,-2208,1816,1200,5121,-2208,3339,-1225,-270,-3174,1999,747,-940,4352,3379,1934,-940,10855
4/18/2023,1020,6777,-939,4080,4916,571,4080,6777,1155,5735,4916,4811,225,5325,5803,435,6789,6018,1567,14992,11618,3625,3519,-3038,1104,136,1038,1440,8121,-4430,5695,4916,677,4080,4916,1222,4080,4916,1947,860,3552,4441,250,5325,22432,985,10406,6018,825,12648,12968,2179,10719,-8937,1330,12648,12986,1440,8202,-7116,5103,2193,5200,1640,4968,2193,5800,1640,3244,8202,5948,-210,8231,1493,-3781,-5118,-861,1871,-3781,-4607
4/19/2023,275,653,9447,690,590,7869,690,653,8923,260,590,11155,-1890,-4245,-5965,-1485,-3470,-3996,-1565,-3625,-4305,1260,-5850,-5920,-1425,-2240,-4340,1578,-3825,-3525,275,590,10893,690,590,12585,690,590,12726,245,2410,16649,-1830,-8310,-17350,1240,-3455,-5325,-2405,-8360,-3799,1876,-11649,15140,-1390,-8360,-8020,1385,-12655,16039,2911,8105,2988,9915,1454,9112,2988,9915,-4045,-5443,-4370,-4153,-5301,-6663,-6315,7432,-4275,-4541,-6315,5817
4/20/2023,1375,-635,-2132,2387,-635,-3705,148,-635,-2132,1650,-2182,-3705,-488,150,-3802,1825,-1890,15746,-302,-775,813,2510,5567,-4055,-400,-165,3958,6240,5199,-6275,5639,-735,-4677,3785,-735,-4957,1935,-735,-4957,-15,-916,-268,655,820,9481,4309,-1890,14503,420,-775,2510,2236,2349,16378,400,-1150,2563,5412,3860,-23489,-1010,-1858,-1010,1600,-866,-1858,2819,1600,1855,-1273,2690,5485,3837,-5611,4305,-1462,3108,3958,4305,-5944
4/21/2023,-145,438,-547,1300,643,-2160,-231,229,-547,1255,-1220,-3566,920,1309,5416,940,3925,8789,2192,4448,14194,-885,-5437,-1485,1582,30,1724,-885,-4072,-4658,1255,480,-1512,1300,480,-3566,-325,126,-3566,-395,-1319,2687,920,2957,3903,940,3925,8789,2466,3155,14194,-603,-3748,32555,905,3155,14773,-885,-7307,15755,-1385,-2908,-1435,-5059,-1510,-2908,-1796,-5059,-2530,2227,6051,8832,6614,-2784,9156,-4045,350,90,9156,-4045
4/24/2023,-1450,483,-1425,65,-3515,-3053,811,483,-1425,-236,-2515,654,-1865,-340,-6385,-1230,-3605,-6385,-1675,-3954,-6385,-1230,-6495,-4425,-1230,611,-4160,325,-4485,-6385,-325,-3515,3704,811,-3515,1403,811,-3515,1403,-195,-3670,-92,-2110,-4965,-11155,-1381,-6815,-20825,-1395,-7560,-20480,-932,-4065,-53222,-950,-7560,-22310,-2675,-6765,-56290,-252,2966,-3140,1868,-714,2966,-1770,1868,-1284,-6250,-4430,-2195,-6264,-6232,-6415,-5290,-310,-4150,-6415,-7035
4/25/2023,-1435,-1792,-5996,-1650,-1260,-5890,-2175,-2208,-5996,-1955,-1078,-2344,-1675,-3690,-6996,-1215,-3975,-7425,-2106,-4458,-7496,-1460,-1250,12305,-1495,-1590,-2455,-1845,-1830,13715,-1555,-840,-2301,-1230,-840,787,-1075,-900,787,-1500,-1880,-8343,-1100,-10325,-30590,-2245,-7710,-14350,-1860,-5988,-13871,-1383,-958,6335,-1050,-5988,-13515,-1475,526,9770,1858,-3966,2450,4627,1636,-3966,-217,4627,-3563,-7496,-4500,-7406,-6666,-7498,-1527,923,-1445,-2455,-1527,-514
4/26/2023,-76,15,3607,1080,1279,-129,-103,15,3607,2755,76,-156,-789,-4500,-4463,105,-1790,-4450,654,-2728,-7474,2085,-3143,-2518,-247,-170,1535,2085,2891,-1903,2605,1569,2681,1080,1569,-1445,1080,1569,-1445,2240,-1045,980,1050,-3685,-8006,105,-3490,-3117,715,-3670,-4855,1195,-664,-17268,605,-3670,-3900,2085,-1292,-21730,2254,4769,4721,5654,3105,4769,3641,5654,-4391,-5500,-1603,-7450,-6675,-7494,-115,-3736,2437,1217,-115,-4808
4/27/2023,-1428,-2302,1173,-480,-3610,-931,-480,-2302,1173,-1680,-2685,5100,-1575,-4330,-6565,-1485,-4000,-7425,-1755,-3605,-7500,1800,2310,1422,-1253,-2095,-4465,695,-2623,552,-1855,-2905,3586,-480,-2905,4804,-480,-2905,4804,-485,-106,5567,-5745,-17090,-34755,-5265,-10915,-10795,-4545,-10090,-17305,-2148,1001,23927,-6000,-10090,-17295,-645,2310,25926,-454,2279,-400,6068,-393,2279,-1875,6393,-3975,-7145,-4500,-8290,-7000,-7496,-4185,32171,-3250,-5310,-4185,32880
4/28/2023,241,-3229,-2071,-625,-125,-170,-1097,-3229,-2071,15,-625,200,95,405,-4225,180,1030,3101,-442,1038,1132,65,3908,10276,-463,10,1193,110,2842,13459,155,-125,847,-675,-125,2498,-1560,-125,2498,-2520,-2780,331,95,405,-5613,180,1030,3101,-430,530,2040,-725,4267,30209,110,530,3032,110,3333,30496,-1060,2892,-511,1894,-1442,2892,-146,1894,-2081,-4289,1065,4515,-225,489,7001,15175,-1825,1198,7001,14985
5/1/2023,1077,722,6063,1540,722,-4246,2215,722,6063,600,722,-4246,965,4190,20275,880,399,11095,655,359,8801,-330,-6465,-1700,517,2880,1330,1708,-4380,-4969,1077,722,6488,1540,722,-4246,2215,722,-4246,130,605,152,965,4190,30502,505,399,11095,800,359,8801,3569,-7468,-37608,460,355,9560,1202,-12415,-42703,-1605,10020,-2655,5015,-1605,10020,-2970,5015,3929,31200,670,12065,101,10480,-5669,-4180,15,1330,-5669,-4180
5/2/2023,3880,287,-3033,3762,-2300,-1795,1111,-2217,-1233,3605,-1195,-935,4058,4213,3583,3043,1114,-980,3149,-1310,-4999,1785,-3364,60,1930,1580,185,2281,-419,1204,4033,-2015,-2545,3762,-2300,-2701,910,-1820,-2739,2878,-1940,-1134,3950,4512,6133,3830,4480,-1816,2280,1337,-3730,3136,-16369,-29183,1275,1337,-5318,2630,-16585,-32435,-746,-2098,-390,-1728,-1016,-2098,-1035,-1728,2224,7633,-306,-559,274,-2718,-2260,-5094,1581,2446,-2260,-5094
5/3/2023,8494,1605,1194,4871,3650,1978,2197,211,1194,3465,7135,783,4837,2165,13787,5747,640,3978,3341,-531,6566,4985,6365,13894,5758,12170,2625,4930,8581,13427,3465,4767,-1029,2889,4213,795,3546,3723,795,1015,5390,3937,5587,2555,6200,4905,-1610,2690,3341,-2720,-663,4935,-1487,-14477,4770,-3455,1443,4930,-5866,-4116,1612,1370,1520,3053,1597,1370,3047,3053,6258,5259,-266,-1337,5692,4584,6776,449,2295,3373,6481,-1047
5/4/2023,755,5949,-909,980,7407,1108,1495,4470,-909,1708,4667,1158,-435,10570,10297,45,10251,5198,-1265,1669,8184,1458,2465,4153,765,1274,2715,33,1265,-5299,1708,5435,-1805,980,7230,-4120,1495,2075,-4120,2508,4903,-3015,-385,9400,14370,45,10251,5533,-1265,2895,8749,-218,7765,-25823,-109,2895,11273,1010,4990,-25610,3735,6151,4314,4719,3735,6151,5976,4719,4892,12988,5320,-1045,3641,2088,2250,-1927,335,5150,2250,-5864
5/5/2023,-1465,-1235,1257,-1915,-1235,4067,-1240,-1235,1257,-1945,-1235,6457,-1995,-4475,-3747,-1460,-76,3883,-2000,-1406,-2233,-1495,-4869,-78,-1500,-2310,-525,-2485,-2744,-4517,-1845,-1235,6587,10,-1235,7821,10,-1235,7821,-1320,-945,10178,-3925,-6160,-1439,-4570,-76,11058,-5785,-750,6197,-5315,-5135,13394,-4200,-750,9202,-5130,-6995,14500,188,4143,-437,29,25,4143,-437,29,-4495,-5891,-2778,1394,-1527,4554,-6215,-2571,-2065,-2260,-6215,-3882
5/8/2023,-425,-3758,-4295,-1305,-3925,-4820,-557,-3758,-4295,-530,-2785,-7295,-1940,-3750,-6152,-1330,-3600,-3250,-1580,-4450,-3448,-1450,-5435,-5995,-190,-2055,-1600,-915,-4405,-6006,-555,-5470,-1699,-1125,-5470,-994,-1125,-5470,-994,-725,-3475,-2885,1015,565,-9280,1090,-2220,-4045,390,-2840,664,-2436,-11716,-1290,1480,-2840,-2110,-2550,-12355,409,-1022,483,-405,-1489,280,483,20,-1489,-4150,-6446,-1635,-543,1813,-7482,4999,-4354,-3327,-2090,4999,-4718
5/9/2023,265,293,-153,545,470,1930,3249,293,-153,930,185,-205,1655,479,5735,795,865,3188,3090,103,8744,-500,-2100,-2628,740,1349,1598,-500,-2655,-3075,745,470,314,545,470,2063,3249,470,2063,-1040,-290,2063,1655,1244,6898,795,1822,9228,1220,3264,11488,-1419,5441,5135,215,3264,11488,-1239,6572,6062,4375,-484,3521,-1840,4291,-484,3861,-1840,9577,12759,7518,2749,13484,10456,6495,-1630,9127,3898,6495,-3265
5/10/2023,-1000,4556,9643,2945,4835,10016,60,4556,9643,2145,5032,10243,-755,-2665,-4923,1540,-2080,-4996,683,1317,5253,3807,1959,1709,1600,4330,9556,3807,1959,-2534,2489,10468,18619,3004,10468,12495,3672,10468,12495,2255,5297,11393,-755,-2665,1834,1540,-3185,6344,1395,725,10543,3807,3026,9090,1100,725,12162,3807,1959,10087,6229,1624,3567,10185,5976,1624,2288,10185,2884,12569,3018,12577,9457,6997,7725,-2434,4505,5354,7335,-1242
5/11/2023,-101,3644,2246,-785,2070,2626,-1060,2070,2246,680,3105,2210,-359,12915,2560,1030,-2503,1669,1379,10115,4560,1085,3671,-2287,2025,307,353,1290,8995,-4189,680,3265,650,-785,2070,1404,-1060,2070,1404,-1105,695,-575,-345,12666,6941,-1220,13965,2404,725,12924,4560,356,3833,-11760,940,12924,2918,170,5529,-10722,4223,-2635,2586,-896,3986,-2635,1729,-896,6016,4919,9980,2139,7979,3790,-4770,-3490,-527,353,-4770,-5080
5/12/2023,145,1427,-3798,-1275,1427,-2102,112,1427,-3798,-35,1692,-240,260,1000,-4830,300,2517,446,794,5675,12316,505,-3020,-1886,1435,1243,1206,2717,-1330,2431,918,1797,-881,69,1797,-498,209,1797,-498,455,38,577,920,-485,1989,-1310,1450,446,293,6074,12892,-1602,6906,37257,963,6074,17685,-95,7003,39487,-1714,508,3542,2014,975,1358,3278,1164,-1695,-6215,-904,-178,2287,4265,7214,-1142,375,1762,7214,-599
5/15/2023,-270,-4280,-6000,-595,-4280,-6000,-595,-4280,-6000,-905,-2260,-5600,-1525,-4478,-5266,-1415,-3880,-5670,-1845,-1173,-3147,-1105,-545,-4107,-1450,-2390,4,-2155,-1411,-3632,-1160,-5350,-5754,-595,-5350,-5380,-595,-5350,-5380,-1810,-3915,-5840,-1310,-4020,-10115,-1560,-8210,-10645,-2695,-2950,-3837,-1144,-545,1551,-2770,-2950,-2380,-1485,-545,3328,-2706,-3452,-4310,-5045,-4316,-3452,-3470,-5045,-3948,-4080,-4050,-4226,-4184,-3107,-6470,-4089,-4450,-170,-6470,-795
5/16/2023,235,196,-5260,241,196,-165,2412,196,-5260,881,-209,1183,2180,-2535,-3470,1366,698,-4735,7595,3885,-2303,5216,3230,1704,3282,2452,325,5026,11745,149,6890,315,-8660,6825,315,-3599,6825,315,-3599,1270,-945,-3654,6085,-59,2583,7170,-20,-10292,3350,-1325,-5957,4536,1785,-21711,3125,-1325,-6941,5650,5748,-19151,-995,196,1900,370,1220,196,1996,370,441,-841,-2815,-3064,-1762,-2975,430,1310,1940,1758,430,-996
5/17/2023,-1120,-4146,-4209,-1380,-3955,-3382,-1936,-4146,-4209,-1695,-2905,-2830,4415,-4420,-6969,1505,-3027,-6705,2215,-3212,-9066,45,-215,-2226,690,-1020,-775,-815,-304,-2217,-1950,-4960,-5674,-1380,-4960,-3276,-1405,-4960,-3276,-2840,-4030,-5276,4415,-5310,-14187,1505,-3765,-8857,2215,-2830,-11901,-815,-215,2208,690,-2830,-11475,-815,-215,2120,-4212,-4371,-2040,-3909,-2322,-4371,-3435,-3909,-4290,-7495,-4320,-5595,-1672,-7488,-3934,-575,-1632,-1330,-3934,-575
5/18/2023,-223,3773,-4126,-770,4015,-3667,819,3773,-4126,-525,-830,-2950,-346,1073,-4306,1330,1995,395,3762,7622,6034,2440,2675,12898,726,-1910,-1190,1595,3095,12147,-525,4015,-3277,-770,4015,-2305,-675,4015,-2305,-755,-1850,-390,1360,2785,-42,20,2405,2625,3762,440,4227,1058,1161,15189,775,440,9128,1595,3445,16162,354,-1421,-654,-1566,-1189,-1421,466,-1736,460,-3998,-441,-1926,36,8091,595,18101,-1179,-1495,-30,14077
5/19/2023,-1305,8437,3341,-975,10675,1826,-536,7067,150,-970,6978,7056,8,3335,-2617,690,4346,3007,6387,2625,16630,1415,-407,-4224,5206,480,-1330,1420,436,-6149,-1355,9355,9712,-1265,10975,9020,-1265,7435,7105,-520,2840,7160,-975,3335,-630,690,5375,3007,6595,935,16784,2255,3304,22567,6475,935,19745,1420,-2517,24663,3124,7661,955,6523,3515,7661,-21,6523,2289,-3545,-681,-1843,3601,446,-4832,-5915,3960,-3040,-4832,1474
5/22/2023,3445,3909,1130,3500,3909,-155,3500,3909,1130,3445,3129,50,3625,4964,3933,1500,3960,-5671,2445,4860,-6487,1900,4271,-2200,1470,3275,61,2740,2687,-4164,3445,3909,-2973,3500,3909,-2973,3500,3909,-2973,970,5470,-1452,3625,4964,4533,1500,5360,-8485,2445,5795,-13109,2170,6031,-14314,1470,5795,-15149,2170,4902,-14660,2999,-5800,505,-5470,2565,-5800,2340,-5470,10831,910,6667,-6685,4956,-6884,2024,-6891,2891,1074,2024,-5606
5/23/2023,541,-3091,-5118,580,-2375,-4732,1215,-2791,-5118,898,-2375,-5558,-1495,-3470,-5610,-85,-2410,-6975,-1840,-3920,-6452,-1120,4015,-6370,-340,-1005,451,148,1266,-5735,1568,-2375,-6863,1175,-2375,-6230,1215,-2075,-6230,215,-2390,-7325,-1000,-6215,-17505,-85,-2290,-10270,-1619,-2630,-9186,1065,4015,-3967,-340,-1635,-7943,1065,4015,-3342,-2005,-6036,-2005,-6181,-2005,-6036,-2005,-5003,-4315,-6054,-4530,-6108,-1749,-5377,-5655,-5230,-200,456,-5655,-5230
5/24/2023,-528,1582,-1107,-490,739,3560,-1068,1582,-1107,-275,4280,-275,2030,2995,6319,1116,1302,1701,651,-950,5825,2401,-2231,-284,537,1705,1250,1555,-326,-4330,-220,1550,6539,-1265,1550,3165,-1265,1550,3165,1870,2729,990,3540,-1930,-2645,135,-4515,3196,1655,-3036,11374,678,-5476,7443,1230,-3036,6110,1057,-7265,2591,334,1741,-1310,-2190,-2036,1741,-280,-2190,992,5427,2367,5585,-192,1371,-3607,-3098,1164,2288,-3767,-5505
5/25/2023,-831,-3280,-1828,985,-3280,-655,975,-3280,-1828,925,-2290,-2708,1741,4106,18260,2510,4523,19877,1470,2169,21316,955,6152,-3671,1055,345,-780,955,5616,-7500,925,-550,-3368,985,-550,-2708,975,-550,-2708,-1285,945,-1028,1741,5635,24815,2555,4455,20218,1420,412,21597,955,2483,6925,3060,62,22311,955,2543,7308,-1083,-4486,-1712,-3352,-78,-4486,-2715,-3352,7965,23025,9288,22478,12621,23978,7705,-6141,1795,-775,7705,-7420
5/26/2023,-1345,-4240,-4129,-1685,-3341,-3780,-1644,-4240,-4129,-1960,-1301,-5650,-1790,-3950,-6825,-1485,-3550,-6634,-1945,-4425,-7156,-1080,7635,-4003,-1455,-2660,-675,-925,-1030,-6171,-1890,-4195,-5650,-1510,-4195,-5650,-1210,-4195,-5650,1980,-527,-5400,-3235,-4770,-16390,-2515,-5155,212,-2745,-4110,-5251,-1066,8520,710,-2885,-4110,-6430,-975,9635,4080,3445,-963,3440,1343,3440,-963,88,1343,-4450,-6445,-2120,3089,-6674,-7519,-6155,-6322,-2268,-1905,-6155,-6140
5/29/2023,-585,605,3305,-20,605,3305,100,605,3305,-420,605,4740,-1180,-3590,3080,-1225,-2060,1460,-220,-4717,2185,-1100,-6215,2782,-1295,-1295,2605,-1985,-5006,1050,-140,605,6215,210,605,6215,210,605,6215,70,1320,6215,-1180,-7770,-1795,-1110,-8295,-4420,-1735,-10330,-9130,-4405,-15590,-25625,-1650,-10330,-9130,-4405,-15590,-25625,-2880,1438,-2880,1535,-2880,1438,-2880,1535,-605,3250,-880,-1745,-1595,-3378,-2545,-660,-430,728,-2545,-725
5/30/2023,-1410,1251,-278,-1740,-629,-2176,-1750,2453,-1052,-1795,1858,-2617,-1135,1979,4428,230,1751,-1906,23,2346,8796,407,1702,3479,47,-1964,-657,-2130,2796,5049,-2285,-1649,-6005,-2230,-1649,-6395,-1980,-404,-5304,-1930,-991,-9880,-1110,1860,4689,230,-29,1441,0,735,8423,1649,4474,27528,940,730,10734,95,4053,40542,759,-219,2405,1414,2850,2112,2083,213,4687,8286,2657,19924,6110,17742,3726,5683,-84,90,3726,14669
5/31/2023,1325,6530,6956,836,3645,8357,592,7590,6877,-300,2184,9010,1268,1005,15171,1055,-610,288,627,509,3968,105,-3322,-2325,1961,741,2759,105,-1508,-132,-400,3584,12131,836,4484,10522,808,4444,10100,-2997,3625,5910,962,95,19585,1055,-1605,288,2580,485,3968,840,-13,-27769,4415,485,4794,105,-3322,-31191,4530,7143,1165,1357,385,4333,384,1357,4280,20767,2666,-836,2387,9443,-4285,-4092,2932,3465,-4285,-2032
6/1/2023,-1352,-3930,-3053,-521,1276,-4083,-2484,-1212,-3053,891,-2935,-7158,-1937,-4292,-6920,-1310,-2098,7281,-1995,-4456,-3245,-1020,4645,-4180,-1492,-1372,-1011,2252,1715,-7065,-725,720,-8270,-120,1970,-10837,-275,1970,-10837,1813,-1135,-11022,-690,-1280,3190,2060,4165,7630,65,6210,6231,4752,2910,24027,540,6205,3620,2525,4078,25375,-3677,-6596,-1376,-5779,-1597,-6596,-1396,-5779,-3780,-6658,7955,14175,5869,7293,-1854,-1947,-2294,-425,-1854,-4015
6/2/2023,-1035,-1933,-3415,-700,-502,-3415,504,-1933,-3415,-1665,184,-5185,-481,3311,6150,-1035,-1930,-1802,468,-627,-1610,-1035,-5870,-4285,-1035,-1968,688,-2135,-3545,-6580,-710,-199,-3374,-700,-199,-6170,-900,-199,-6170,-770,-1545,-4400,-570,5231,6047,-2230,-744,-4269,-500,626,-3246,-15,-1816,-34441,-610,626,-7467,-1670,-901,-37399,-1288,-4627,-2565,-5831,-1288,-4627,-3320,-5831,4465,9698,1030,-1366,1379,-3760,-6000,-5640,-2782,688,-6000,-7380
6/5/2023,75,1777,2091,301,1035,3120,-426,1777,2091,40,370,-1260,-425,4175,2664,-715,3801,-4604,-475,3761,-4689,500,175,-4009,-95,1323,2915,2125,3564,-6766,-1320,1600,-1349,860,1600,-1260,860,1600,-1260,1145,3885,-495,-485,3995,4765,-485,3581,-4288,-475,1935,-10751,2360,1098,-29293,-570,1935,-11576,3735,1495,-38818,1827,485,2433,-115,1371,485,3352,-115,7399,991,1974,-4346,3831,-3246,5156,-2291,7656,2915,5156,-6596
6/6/2023,2501,1953,2185,1100,1953,2525,1003,1953,2185,1050,1953,762,1270,5695,13940,2840,2610,4256,1527,2645,-1168,2195,2190,1360,413,530,675,-385,-670,-2580,1070,1953,3326,1100,1953,3593,1100,1953,3593,1590,1955,7389,1270,5695,12974,2840,2610,5438,975,2645,4867,104,144,-1136,1270,2645,4867,-825,805,605,1928,1054,676,-805,1928,1054,1661,-805,3701,7638,1055,2030,1415,6409,-1510,-2900,2575,2262,-1510,-4511
6/7/2023,-162,-787,-2980,-669,625,-1686,-869,-157,-3105,-1895,-925,-1968,-1950,-3666,-5535,-1175,-3995,-4865,-1785,-2134,-5519,-1445,2625,-4224,-1175,-1224,-2250,-853,2235,4984,-1035,654,-2872,145,625,-695,100,665,-715,-1595,-2385,-5383,-2720,-4635,-23370,-3170,-2510,-5260,-1625,425,-8794,-139,839,11250,-1995,35,-8040,-1705,2235,12809,-4150,-187,-4010,2505,-4275,-187,-2960,2390,-3747,-6327,-4441,-589,-3411,-7181,-1790,2313,-1237,-2785,-1790,2313
6/8/2023,560,516,3845,1781,395,3573,1968,516,3845,748,395,3573,-945,-2718,-3910,2855,5081,11098,314,-2148,12397,2817,4370,-505,-175,-420,-1495,1695,3585,3432,425,395,4388,1586,395,4468,1536,395,4468,1641,435,9269,-1100,-43,4558,-175,3794,18000,3198,2271,20346,-508,2673,3234,1335,2271,17985,-21,5680,6054,2075,1530,2075,2046,750,1530,2075,3838,-4304,-7453,-990,10580,5517,9067,5336,-3540,-710,-4745,5336,-3540
6/9/2023,1352,2356,10281,1275,2979,9210,1043,2356,10281,810,1722,5600,-23,3800,1599,860,3864,-2644,1795,1250,-3417,550,-1162,-5140,382,437,3884,550,-460,-7390,750,2979,10016,1275,2979,7203,1200,2979,7203,2280,9091,9466,965,3876,9551,860,3864,3200,1463,3465,8089,347,-1152,-3612,165,3465,5159,550,870,-2524,68,-2111,-942,3805,1072,-2111,-783,3805,-1710,9662,1670,3220,1907,-5863,-820,-6910,-1756,5551,-820,-7289
6/12/2023,-1330,-3850,-2141,-1875,-3850,-640,-1500,-3850,-2141,-1745,-3850,-640,-1700,-3770,-6970,-1375,-3330,-7495,-1628,-3650,-7498,-1460,-2530,5347,-1220,-2460,-1160,-715,-4015,8880,-895,-5340,-2141,-1875,-5340,-640,-1500,-5340,-640,-1255,-3425,-7235,-5330,-12455,-23510,-1265,-8985,-8100,-2175,-12785,-15898,-362,-2617,-2482,-1975,-12785,-14535,240,-2530,-1795,-4736,-404,-3640,-1114,-3730,-514,-2905,-1114,-4365,-7255,-4500,-7490,-6994,-7485,-4345,-6675,-2890,-1160,-4345,-5100
6/13/2023,1078,546,5272,500,765,3570,1472,339,5272,155,825,1922,6221,8456,24857,1420,6060,13843,4038,9062,18014,5957,2441,-1932,2134,7226,378,5957,2912,-5200,2002,765,690,500,765,-2795,3385,937,-2795,1560,-697,-4202,6221,9697,24101,2170,6060,17826,4038,10283,18889,5035,3213,11,3107,10283,17108,5957,3879,-3066,1678,5912,2201,6514,1494,5912,3666,6514,11698,10981,5466,8168,7477,8031,4811,-5190,3824,383,4811,-5190
6/14/2023,6512,11648,15520,6262,13127,16520,3229,11040,17895,2848,8529,14248,7556,2669,16414,7050,4470,14401,3714,4832,28249,4465,14150,17350,20,3670,6820,5145,14150,9810,2630,11998,14757,6262,13127,13812,2930,11040,16460,6071,12403,12115,10220,3354,23502,5860,2380,21820,2615,4178,30946,7554,13718,25863,4460,3893,32325,11715,14150,24915,3087,12849,2844,13356,3099,13354,2897,11611,12332,11850,10407,17324,14899,13752,8457,11330,11608,9338,8457,19722
6/15/2023,-1415,630,865,-1765,58,2375,-746,630,865,-1755,32,1865,-1975,-4030,1511,-1490,-1215,4355,160,-3529,-4106,390,681,-2752,700,-1836,-4425,885,755,-917,475,165,865,-1765,165,2375,-645,165,2375,-1505,1210,2790,-855,-3755,-3470,-1430,-1555,5572,915,-1765,-515,885,175,12248,-1555,-1765,3600,885,681,14688,-1033,-1215,475,476,297,-1215,1285,476,-2536,2649,-1227,7211,-1849,4532,1505,1394,-560,-2720,1115,1199
6/16/2023,1180,-906,-589,580,-740,-4505,630,-740,-589,2310,-1665,-6110,629,-721,-6998,-250,781,-8826,1622,1673,-7497,3035,8074,398,3045,-1435,-2115,3035,5131,5694,2245,-135,-14117,580,-740,-14880,630,-740,-14880,1675,-995,-9510,1035,-1429,-18338,-250,781,-11194,435,1357,-14344,3293,9788,4470,305,1357,-14227,3035,10006,6825,-522,-1505,-2610,-6195,-522,-1505,-2610,-6195,-4483,-7405,164,-5840,-1227,-7377,-124,-158,1031,396,-124,79
6/19/2023,-185,3035,4110,-405,3035,4110,-665,3035,4110,-845,1815,4110,1825,6490,1520,1835,4930,6710,840,5835,6380,790,8090,5015,1420,2350,-1100,930,7165,6472,-845,3205,4110,-665,3205,4110,-665,3205,4110,-505,1715,4110,1825,6490,1520,1655,8645,8830,840,9520,10767,1425,8090,21681,2355,9520,11305,1425,8090,22915,-590,-2935,-10,-2935,-10,-2935,705,-2935,3865,270,3210,345,-2445,-2504,-995,-730,-1670,-1090,-995,-1240
6/20/2023,1308,5628,105,3121,3684,-2375,1857,2250,105,1884,3744,-1111,565,6372,12835,255,3254,4034,971,10741,-82,995,-2981,-4146,-342,6150,3576,486,-2730,-5664,1674,4519,1190,3121,3684,12,2044,3049,12,1769,3009,-3353,565,8815,18122,327,4352,4886,265,7297,3232,991,1887,-16976,430,7297,3875,1415,820,-18250,1708,-552,-111,542,1672,-552,1342,542,18214,10971,9190,-2643,5519,-1312,2994,5795,430,778,2994,939
6/21/2023,124,4014,6657,2210,5129,5743,1998,2228,6397,675,4362,255,1450,3697,8223,265,1681,6245,345,2418,8502,3225,1861,9482,1493,2318,2701,4004,4123,2690,260,4309,2334,2735,5129,995,1925,1969,995,495,6413,3918,1335,3731,13307,-120,1330,8265,-56,3004,10212,-843,-3104,8161,1035,3004,11725,1430,-1209,9496,4110,8403,5976,8506,4148,6620,5919,5019,847,1098,-1871,2951,16369,3900,2180,10812,101,2701,2180,7550
6/22/2023,-35,298,-2028,-1095,623,-3470,-1668,298,-2028,-35,623,-1190,52,-2371,-2702,1510,-322,2272,1904,-1516,1338,2271,60,11770,-670,7,2331,2271,60,16033,-35,623,-2028,-1670,623,-5650,-1670,623,-5650,320,-270,-4380,530,-884,-3564,1510,3,-2367,1490,35,1766,2095,60,8079,-865,35,1914,2271,60,10483,829,-5420,2025,-5540,1383,-5420,2025,-5540,-99,-2734,2705,-2632,3064,-1650,3131,14959,-801,2117,3131,15844
6/23/2023,1590,11,5799,3640,1434,1524,1007,466,5714,3000,1276,421,2076,5957,4249,1000,5489,-3953,2048,753,-3502,3695,-3775,-3595,2098,1059,1845,3695,-2650,-6150,4084,1899,3643,3640,1899,1365,2285,2834,1280,4659,2346,2083,3395,7417,9183,1380,5682,-5735,4100,-10,-8281,2428,-6078,-42425,3080,-10,-9495,3695,-8755,-43530,4135,8597,6996,3364,5037,8507,3494,3364,4292,3954,8189,-1005,3303,-6309,6097,-4720,2620,3421,6097,-765
6/26/2023,-154,-995,-2253,-210,-290,130,-21,-652,722,845,-630,52,280,5460,-5955,-80,-2871,-2435,719,393,-6445,300,-2925,-5225,2169,-673,-1905,-215,-3585,-7425,20,-15,-2742,-210,-290,52,-535,140,376,385,-1410,-2799,770,388,-6883,540,1260,-3128,785,2515,-2586,-124,5840,1345,1470,2515,-2950,-265,5835,1961,1590,1809,802,1160,-1309,1809,2045,1160,2317,-3266,5343,-2310,4554,-6269,5025,-1636,33,2760,5020,753
6/27/2023,-1455,-2682,-3863,-1980,-4245,-1408,-2405,-2682,-3863,-1785,-2515,154,-2000,-4430,-5965,-1470,-3015,-3258,-1720,-4003,-5061,1885,-3620,1521,-1390,-755,2212,-60,-1430,3039,-3195,-2890,-580,-3530,-2890,932,-3530,-2890,932,-1790,-400,-2837,-2555,-4145,-5270,-2010,-3160,-4346,-2440,-3815,-5721,1744,-3911,10040,-2145,-3815,-5721,395,-3911,10589,-4618,-2380,-2490,-258,-2573,-2380,-1895,-223,-4020,-7420,-3575,-3669,-2374,-5654,-3740,-4567,-1448,2212,-3740,-3839
6/28/2023,-428,2694,822,922,2415,2299,-469,2694,677,-188,3410,6036,840,6112,15936,685,7474,12127,827,9110,6871,685,10400,-2557,685,856,6910,1357,10400,1739,1881,2415,822,1577,2415,2299,-65,2415,1429,-1920,-215,-482,840,1775,16003,1845,7474,12127,1630,6608,7108,2020,6590,-6309,1580,7512,8453,2020,10400,-8760,1152,2509,35,4071,1152,2586,90,3151,3013,19781,1935,15199,1309,12836,1500,-5943,30,6559,1500,5438
6/29/2023,-80,1711,-1556,905,-315,167,1316,1711,-1556,-215,832,-2025,1040,6517,15601,2389,3380,9856,79,1699,11259,-800,1220,-3203,584,1520,761,190,330,-4489,25,-598,-2381,40,-598,-3560,40,-598,-3560,25,1891,-1416,1040,6517,23734,2389,7025,17991,-330,1699,11259,190,5602,235,-385,1745,1159,190,2856,1483,91,678,-3290,-1083,91,678,-1005,-1083,8760,18871,3479,10864,1958,12563,1413,-3630,160,2271,1413,-3630
6/30/2023,-365,160,-1758,1981,225,-1624,2190,-1190,-1758,-645,1040,-1624,4315,917,8491,-770,4265,4351,643,4660,8832,270,676,-127,254,171,-2580,5945,2771,17,-630,160,-1737,1981,225,-1624,1612,-1190,-1624,-1150,595,-744,4315,5248,16016,-770,4265,4351,731,4249,9128,320,-716,-3129,465,4249,9621,-135,-1414,-3303,-5260,-5006,-4015,-5006,-4015,-5006,-3340,-5541,8826,3701,-1925,-2910,-643,2827,-441,-5068,39,-4840,-441,-3434
7/3/2023,1203,-871,1130,-1025,-1125,2200,-340,-871,1130,-860,-495,1510,2175,1140,5022,-885,-3475,-4675,1088,-494,-1550,-345,-5700,-5025,1112,-73,2741,-1575,-3600,-6395,-860,-1125,1130,-1025,-1125,1510,-1025,-1125,1510,1050,-1665,-1860,2175,1190,5022,-1225,-4575,-8950,-1105,-255,-1672,-187,-15736,-35269,60,-255,-5174,-2815,-18060,-41855,3395,-396,-167,-2435,2355,-396,330,-2435,2570,2810,875,-6590,3922,854,-2885,-4235,3008,1619,-2885,-4235
7/4/2023,-70,-210,1965,-160,-210,1845,557,-25,1965,-490,-210,2175,-795,2325,5800,-500,1870,2340,-264,265,3650,1065,-550,-1720,-370,-1545,1495,1495,360,-3490,-275,-210,5070,-160,-210,5070,-430,-25,5070,750,-895,5070,-1260,1635,5800,-500,1870,2340,605,265,3650,2330,-550,-7802,-370,265,3650,2330,-550,-8335,-2685,-1070,-2685,-1070,-2685,-1070,-2430,-1070,3860,4065,1775,970,2280,2785,-1385,-3305,1265,3875,-1385,-3945
7/5/2023,1246,1638,289,1545,699,1915,1860,1147,212,2206,1596,2397,625,10327,11050,2460,9535,6218,260,5897,-4205,885,8158,-2078,1330,2920,1127,885,8158,-1317,2206,1097,-64,1545,699,666,1860,589,469,1151,2210,14154,625,9693,12245,2460,9535,6520,350,5712,-5585,458,8158,-4425,1330,5712,-5585,885,8158,-4425,4393,-2417,3556,-1788,1391,-2417,2040,-1788,16061,13440,15994,7439,10593,3967,3969,-3679,10531,2542,3969,-1898
7/6/2023,895,-3152,2023,-805,-2720,741,-435,-3072,2023,-125,-1765,2829,-1520,-4015,-6449,-206,-3265,-7203,480,-3650,-7468,-440,-6223,-4143,-1490,-675,1020,830,-4450,-5873,-125,-2720,-713,-805,-2720,-1735,-435,-2640,-1735,938,-3315,325,-1800,-6255,-19373,350,-5980,-7243,480,-6330,-13397,57,71,8526,795,-6330,-13397,830,671,8273,-1782,-6736,-925,-5265,-1782,-6736,-570,-5265,-4415,-7009,-4500,-6946,-1709,-7328,-5000,-5920,-650,718,-5000,-7474
7/7/2023,2175,3610,-1617,4000,-177,3604,3627,3610,-1617,3815,1707,4106,1625,566,2360,3602,-766,-2930,1674,237,-7306,4857,-122,7747,755,2733,4721,3833,1968,-3628,3396,132,6349,4000,132,3769,3781,132,3769,3841,4497,10963,3415,-898,4399,3112,8440,-2094,665,-1680,-8907,2738,-4794,13072,20,-1680,-7643,3793,-2745,25756,720,9128,3765,11029,2496,9526,3035,11609,-1804,10474,-3200,15864,-1374,-4032,169,3072,1531,5001,164,-42
7/10/2023,1798,6464,1254,2060,7459,985,1902,3882,473,3413,7653,5509,1255,10125,6792,660,7295,3391,1171,423,3830,4025,11895,-481,1357,5009,4813,2976,10178,-3205,3413,9116,5394,2060,7459,5130,1190,4812,4875,1310,6121,1571,1255,10140,6938,660,7920,2759,260,7070,3830,3743,10347,17998,1730,7070,5515,4780,11895,17298,5267,-4284,5175,118,5267,-4284,5562,118,3769,744,2022,-4533,6887,-2041,1323,1976,5966,2033,1323,2273
7/11/2023,-71,-1638,-761,2566,-2900,1038,-309,-2900,-761,1120,5490,976,1414,-2965,-3749,2933,25,-3960,2654,-1525,-5890,2810,505,435,865,-1425,-3865,630,465,-1459,2411,-2160,620,4186,-1275,-2430,475,-275,-2430,2445,-815,-6120,1356,-1465,2084,70,1209,544,2031,-116,-745,458,408,-4824,1493,-116,1330,630,505,-3510,-1875,-2723,-1850,-4115,-655,-2723,-732,-4115,-4436,-4234,-1630,29,-2480,979,-996,1073,-1601,-1715,-996,-2995
7/12/2023,972,1143,1227,140,235,4694,155,1205,1227,-355,235,1485,-1298,368,1044,-1170,801,-3034,1937,958,-4801,-1485,-3720,-2706,1659,785,2305,-2365,-2715,-5017,-490,235,1469,140,235,1818,155,1490,1818,1460,-1139,191,1100,-845,8017,-2900,806,-4713,1244,-486,-14121,-1354,-915,-25002,2554,579,-14338,-4215,-3720,-27225,5047,1676,4225,1558,3660,1676,6750,2362,3597,16787,-771,-4815,-2019,6010,-5260,-170,836,6753,-5260,-170
7/13/2023,-1425,-4280,-1546,-1725,-4340,-1230,-1770,-4280,-1546,-1520,-2990,-863,-1750,-4235,-6980,-1490,-3855,-7390,-1975,-4487,-6329,-1370,1566,1737,-1485,-1110,-1542,-845,1415,3069,-1625,-6160,-1066,-1520,-6160,-643,-1770,-6160,-643,-3115,-5580,-6818,-2825,-10475,-22650,-3575,-5230,-5115,-2705,-8540,-8082,-1431,1259,53372,-2795,-8540,-7184,-895,2311,57259,-2935,-950,-2975,454,-2975,-950,-3130,454,-4450,-7484,-4220,-4291,-5367,-5261,-560,4475,-2100,-1405,-560,4475
7/14/2023,3315,1873,1004,2419,960,1049,330,3619,1384,140,4140,-624,-490,935,-6412,-470,-855,-7485,-420,-554,-7194,-600,2187,-5770,-177,3866,1480,-750,2187,100,1070,2905,1004,2419,960,1049,330,3619,1384,40,1625,-814,-490,935,-13552,-470,-855,-9075,-420,-554,-13575,737,2187,-8016,100,-554,-13575,-750,2187,-7580,1903,1340,650,1933,1809,1360,1125,1933,-1105,-5433,-1660,-6665,-5116,-1906,-1407,-3035,1540,1245,-1407,692
7/17/2023,-1438,-3808,4486,-1620,-4215,1673,-2364,-3808,4486,-1540,-2955,1691,5,-3093,-6680,-1040,1830,9358,-1809,-649,572,775,-690,26387,-1274,-2200,-1030,1090,1745,16664,-1515,-4365,10165,-2150,-4365,12016,-2150,-4365,12016,-2770,-6420,6078,5,-5545,-10200,-565,1830,9358,-1705,-35,12877,1443,-2059,19283,-1045,-35,13893,1090,-690,21043,651,-2202,395,813,-929,-2202,-2550,813,-3890,-7485,1195,4064,-2590,-3217,6176,-6035,-2790,-5685,6176,-6567
7/18/2023,-205,2189,-2699,-1790,2680,-1773,-2500,2189,-2699,1430,-2070,-3270,-1540,-4000,-6965,-1240,-3905,-7400,-1985,-4325,-7500,540,-6060,-5730,-1200,-2155,-4425,-2175,-4000,-7390,-1310,2680,-4457,-2515,2680,-3215,-670,2680,-3215,-1115,2145,-1180,-3440,-8600,-14910,-65,-12535,-14855,-5075,-8315,-14651,2486,-7399,31183,-4825,-8315,-14130,2090,-6455,32816,994,-4758,1100,-3075,994,-4758,1065,-2695,-4485,-7265,-4410,-6595,-6990,-7430,-6495,-6915,-5750,-5845,-6495,-7135
7/19/2023,-176,990,-651,-930,990,-171,-1363,990,-651,-980,990,-211,785,5359,3660,-45,-1045,7320,-406,597,-3426,650,-5417,-3589,785,-740,40,505,-3010,1776,-980,990,-434,-930,990,-345,-930,990,-345,1105,145,4340,1330,5359,14075,-45,-1045,7320,-760,70,815,-1706,-5111,3724,195,70,3225,595,-8011,2370,-540,-2504,-540,1070,-540,-2504,-540,1070,-65,-2626,2610,3500,-3736,-4571,486,-1500,-1565,120,486,-4043
7/20/2023,-950,330,4089,-148,1795,9098,-929,-1331,5602,-314,570,8993,-1595,-2152,-6673,-1225,-550,-7390,-1428,-3119,-5396,-1115,3935,3022,-1440,-1907,-2725,-1505,3630,6707,240,570,7062,115,1795,9510,580,805,12227,-3150,-1790,1430,-2455,-1600,-11835,-795,-235,1152,-495,-1020,-4560,-1451,6114,2925,-1340,-1020,-4810,-1230,5038,4672,4216,7846,3470,8119,4339,7846,3660,8119,-3657,-6453,863,425,-5028,-8732,-2772,-1255,-122,-1023,-2772,-630
7/21/2023,3156,1770,-3467,1676,2846,1396,984,-289,-3082,1910,3851,2282,-988,1042,4808,-33,3895,3314,-1362,2414,-1873,-315,386,7410,-646,-127,-2830,-102,1655,8052,1910,3049,-6647,1480,2846,-6470,1089,2486,-2815,-900,1305,-6200,1040,1757,6275,1555,4266,10185,207,3131,6792,-1713,2102,17754,-1430,1656,7283,-102,3066,19681,154,-1506,1055,-345,-1363,-1506,4494,-2554,-420,-567,-740,660,-1108,2866,-1469,7670,2862,-2830,-1469,6890
7/24/2023,-1210,688,-3503,2152,-570,-3710,1138,1709,-3503,583,3272,-5670,2707,6432,7549,-1210,6072,6755,1616,9790,7786,-1210,1368,-3280,-1210,856,1596,1050,1918,-1870,865,-570,-11291,1325,-570,-11800,755,605,-11800,135,-274,-11800,3396,6045,16807,2218,9620,10108,1540,13816,7772,3418,5532,-1612,1555,13816,8391,1050,1368,-30559,441,-4353,-1020,-2658,441,-4353,-2765,-2658,5371,10470,931,-5450,764,-1723,-3489,-2472,-36,-196,-3489,-7345
7/25/2023,-1090,-3825,-2608,20,-3825,-3710,-1475,-3825,-3618,-1620,-2750,-2685,315,875,-1250,905,50,4021,-540,-925,1439,355,1530,-3210,771,-405,1002,-745,-2631,-4500,255,-2985,-2958,-150,-2985,-4035,460,-2985,-4035,-120,-3195,-5955,1265,1090,4017,905,50,4021,-440,-925,1439,2291,2514,396,35,-925,480,-55,1530,2689,-889,-168,-4395,635,-3925,-78,-3410,545,3250,-3204,-91,2220,2438,-1167,-5421,-5081,1065,1002,-5421,-5030
7/26/2023,5052,4731,20066,6871,3805,20373,6478,5012,20946,3285,-35,22308,819,3131,9684,9505,4587,7931,4100,3646,16375,5085,1346,9487,1805,963,1850,-260,1138,15294,3285,4088,26359,8090,3805,27911,6965,5012,27911,3574,1755,22676,5520,1385,11344,12020,4587,7931,4100,1247,16724,-173,2571,-1418,1805,1247,17040,-260,-1135,2320,9510,21301,8035,17584,9510,21301,8623,16544,2517,17596,3552,19650,2794,22098,4021,6020,2740,1850,4021,6376
7/27/2023,215,522,-5456,-115,930,-3742,1180,-1283,-5666,-80,-105,-6430,-561,-3853,6262,-615,2914,-6445,1573,-3947,-7792,-1485,3520,-5995,567,2296,15,595,4135,-7400,1003,2605,-8291,1270,930,-10905,1204,680,-10905,1724,1290,-11555,770,-2345,-9432,457,3551,-9640,3295,675,-11249,178,4384,-14583,1675,715,-11070,1943,4415,-10225,-3816,-5226,-1885,-1275,-3816,-5226,-29,-1275,-3499,-5805,230,-4942,-6384,-5723,-2060,-6115,890,731,-2060,20517
7/28/2023,1426,10136,2117,1086,5131,2068,1978,7682,2117,2022,3870,5613,2445,7828,2079,755,6041,-3258,1595,4975,-190,-320,1845,-2478,2840,4611,15,-28,3593,-350,1082,6616,5605,1086,5131,3923,810,5081,3923,3330,2580,2203,2445,8600,6357,420,4317,-1936,1335,7975,7321,957,2535,-9172,1500,7975,5230,-1914,750,-11231,4308,3840,3515,3718,4021,3840,2475,3728,7617,15293,1840,9125,1913,8548,-4043,-5698,103,4736,-4043,-5648
7/31/2023,1580,4101,-4520,4685,5505,-1225,3400,4101,-4520,1230,2345,-3640,1373,4276,178,1303,6831,6484,1248,10605,13543,691,21875,8691,2243,1492,10,801,19752,10298,1825,5555,-5530,2795,5555,-4470,2795,5555,-4470,-305,-660,-6100,1835,4685,1385,1303,6831,8329,515,10642,14464,1747,28284,28656,1257,10642,10992,1940,23440,29771,3603,-4593,393,-4427,3603,-4593,-1825,-4427,1509,-1761,991,4060,4351,-3208,7113,-4532,712,-1257,7113,-3484
8/1/2023,2740,4603,-3630,1880,3650,-4675,1260,3606,-3630,2855,3170,-5685,4395,12309,1256,2250,4765,-1080,3805,5660,388,3720,135,-2912,4469,-785,3040,3720,-340,-3144,2740,6030,-4083,1880,3650,-6886,1260,5745,-6886,2505,3922,-6886,4165,14715,6175,2250,4765,-1080,3805,5660,388,3812,2374,-30505,4430,5660,720,3720,-615,-34415,1166,-972,800,370,792,-1290,1325,-2996,4871,6856,4861,736,6374,10109,-1089,-3876,1697,728,-1089,-3857
8/2/2023,2073,9315,12236,2545,7107,10152,375,8120,7663,-90,8824,9629,-511,1083,-6365,258,3649,11225,-1046,5301,18031,213,-2609,-4474,-1130,1426,-4090,-957,710,1488,-45,9117,12412,2545,7107,10294,375,7922,5759,260,7607,11365,-1895,5,2585,-1605,3507,8227,-2665,5300,23154,-2097,15430,17930,-2145,5070,24585,-3150,17680,21814,2109,461,2542,461,2413,461,2692,642,2843,-6360,6610,10049,15724,13433,3156,-682,-2731,-4085,3156,-492
8/3/2023,-215,1681,727,-390,1732,2940,-782,810,727,-453,75,2253,5872,6970,13529,3405,7045,6492,10528,6735,11121,5054,-4454,-4715,8168,2015,2025,7945,-3025,-7187,-690,1145,834,699,1732,1250,-782,1998,1250,-651,213,3771,3535,8085,18014,2755,4875,6492,8820,5575,13320,5312,-6174,-21832,8930,5575,13320,8435,-7165,-21925,-1534,1456,-2104,1198,-1207,1456,-847,1198,6270,8374,5142,6673,267,8271,5897,-5808,-40,4641,5897,-7043
8/4/2023,1682,1662,-2561,3207,3830,235,84,-396,-3137,4012,3080,854,-1810,3618,4402,1951,3269,-6165,2069,-2141,-6432,3375,4830,1966,85,826,6896,3143,3120,-3880,5169,3410,-1071,3207,3830,2609,1565,1570,3685,1927,4835,3712,675,4130,6430,3872,3615,-3740,2145,742,-5512,4550,1721,-18299,1035,742,-6475,4430,4830,-14380,954,1790,3055,7696,1164,8667,1769,5794,-648,1384,2395,-1035,1718,-7272,14925,25117,5128,2265,14560,24017
8/7/2023,-762,-642,1728,60,-170,1118,192,-170,1728,-435,-495,1678,-1675,-3810,-5767,-1325,-2625,-3248,-1855,-4466,-7163,-1465,-3527,-2414,-1465,-787,2519,84,-1407,19514,-660,-465,7469,60,-170,7076,115,-170,7076,-1635,-2048,1202,-2180,-7800,-19111,-2500,-2625,-3248,-2980,-7492,-9488,-1609,-2648,53556,-2170,-6742,-8195,-955,-2985,54219,-290,-540,-190,927,2259,56,-915,629,-4391,-7494,-333,-7358,-4027,-6920,778,15344,-2165,1019,778,18129
8/8/2023,-535,1110,899,-525,1110,3093,-650,1110,899,-325,975,3077,-422,-3183,-6928,2299,-1792,-4975,-728,-2367,-6335,4810,-363,-756,157,1312,1773,855,-2723,-3713,-405,1110,2337,-525,1110,3968,-225,1110,3968,-1070,334,2430,-1130,-3095,-21340,3931,-3830,-13185,-810,-5165,-18401,2696,-1017,-25490,1385,-5165,-18826,3875,-3105,-30730,803,3864,1710,4507,1923,5127,1420,4608,-1984,-7383,-360,-5280,-3908,-5795,2460,3446,3234,1773,2840,2684
8/9/2023,90,5812,5529,5300,4250,8171,2825,3980,5626,4061,4126,7876,4474,-1127,1009,1121,227,-815,2165,2821,7262,3110,2125,2024,2542,5041,1670,3285,1185,-1178,4300,5812,9097,5300,4250,9130,2935,3980,9265,3950,8114,3626,5130,929,9171,1155,404,-1210,5696,995,-1375,2823,2259,-13734,5161,995,4780,3285,3575,-11368,5695,10835,2115,14100,3925,10835,6770,13510,7384,-3597,2580,10050,2771,95,3685,-6730,3459,3857,3685,-1208
8/10/2023,1775,2562,-2201,2070,5583,-2213,2807,6885,-2965,1365,2662,-2658,1010,6345,964,460,7157,-5715,246,4736,-7090,2950,10882,-5960,721,-460,-975,3616,9089,-7500,1775,4605,-1263,2070,5583,-2263,1340,6885,-2048,510,4740,-2880,1010,6425,2221,460,7157,4179,2705,7310,5838,2853,4679,25995,2570,5660,5655,2983,6180,28069,3258,-3496,4005,-5911,3098,-3496,2855,-5911,5319,639,3928,-3052,8998,-7340,4039,-6570,-1325,-2060,4039,-6260
8/11/2023,3705,2511,1921,625,-1810,745,875,1218,1921,1545,505,3425,-1740,1709,21421,-670,-2145,2220,677,1599,7080,-1095,580,-2554,681,268,2160,-1600,2520,4694,680,-380,64,625,-1595,-926,1975,-1595,-926,1850,415,2429,-1315,3800,23976,1655,-4435,3725,-890,1456,19007,-2030,-3777,-826,-1385,1456,19340,-2030,-2465,-569,-531,-3710,380,-4075,-600,-3710,1435,-4075,7365,20687,-467,-2249,308,3665,-5378,-4480,3956,5058,-5378,-3300
8/14/2023,-440,2674,-956,1355,3134,1640,1355,918,-956,696,1903,-890,-183,5114,-802,-640,-542,-2325,1260,1948,-5346,-750,-122,-315,-1490,-1950,-1885,865,408,3981,-520,3134,-5826,1355,3134,-4195,1355,1794,-4195,1585,2362,-1991,-910,5508,-2923,222,802,7165,1260,3006,778,611,681,35948,1065,3006,2213,705,1090,36899,-979,-1446,-2920,-2057,-1029,-1446,-2525,-2057,-4055,-662,-456,-4921,-535,-4041,1647,802,-1916,-1680,1647,6056
8/15/2023,-730,-1380,5300,-1615,-1060,-290,-1870,-763,3998,-1200,-1360,-105,144,1974,-1617,80,-1028,2187,-516,-2012,4903,115,3916,9824,-39,-1946,50,115,170,13313,-1200,-1158,-4269,-1615,-1060,-6765,-1870,-215,-5023,-1565,-4055,-4518,515,4486,-2594,80,-12,2461,-490,465,3070,1582,7536,74096,-110,465,6288,115,9182,76108,1666,-2266,435,-1271,1564,-2266,3185,-3465,8582,5665,200,12578,8998,22964,23554,27667,1873,3994,23554,26822
8/16/2023,495,-112,-2245,1965,2731,-394,2476,-112,-3822,45,1671,-2454,1495,2593,2683,510,1368,-1438,1559,1060,3379,690,-1285,-5375,1135,706,-28,-1075,-3745,-7415,495,2731,-2496,1965,2731,-4539,2499,2731,-4280,440,1606,-3696,1495,3788,2534,475,1655,455,1370,2215,776,963,145,6933,1625,1565,2245,963,-1285,8825,1624,-427,6176,235,2336,-1550,3455,235,6135,6565,3505,-6640,5921,13009,-940,-2299,1132,1100,-940,-528
8/17/2023,1408,-460,-6875,45,557,-4908,5,-1402,-3875,813,-450,-7874,884,-382,-6405,3177,-1361,-5585,-413,-2658,-6922,1873,-570,1992,1280,1213,814,995,-123,1031,1983,557,-7106,45,557,-7445,25,732,-6358,2930,-178,-4435,-420,435,-1902,4007,-420,-2207,50,-1480,2423,1837,-1420,3394,855,-1480,1969,995,-570,6392,1617,-6205,1853,-2175,1689,-6205,1971,-2175,-3455,-6183,-3602,-5484,-2961,-3060,115,-1559,2581,1469,115,-1959
8/18/2023,-131,872,14631,775,715,13779,772,872,12845,430,715,15244,-1615,-3890,326,1040,217,3409,1499,-2180,-2026,1295,9864,15897,383,-2500,-2385,1295,9864,17124,430,715,17190,455,715,19141,455,715,13852,75,-1005,11111,-1615,-2985,-1864,955,695,8880,2645,3130,21872,950,9864,36314,1025,3115,19348,1295,9864,37125,5391,16199,2930,16625,5886,12053,2925,16625,1225,-325,6803,6605,4831,15506,20347,2512,537,-1435,19757,-6198
8/21/2023,670,771,4321,10,-3580,5068,10,771,4321,1125,-1731,6309,-1800,-3749,-6486,-1025,-3920,-5539,-1693,-5290,-6497,-1490,150,11945,-1240,-2784,-1355,622,11179,17156,965,2433,4961,10,2433,7112,10,2433,7112,-2195,2379,4789,-2390,-8330,-14361,925,-4310,-5058,-2425,-9440,-7200,1489,-5198,-5947,-2395,-8490,-5650,670,-1433,-3770,1441,4177,912,7236,963,4177,440,7696,-4355,-7467,885,-3638,-6558,-7483,3930,-2205,-2780,-3080,3930,-450
8/22/2023,-903,4752,-2625,510,2985,-3416,-1441,2982,-2699,-100,2320,-2666,5172,10269,3757,2110,7785,10153,2949,12426,18814,3005,16110,776,-1390,15,30,2373,10491,15349,-100,2375,-4164,510,2985,-1538,-160,2490,-1802,-340,-520,-3458,5335,10269,14246,2110,7785,10826,1873,13212,23133,2236,16047,13055,3540,12417,23648,2373,16171,15735,526,285,273,634,526,285,458,634,7592,15855,6520,3352,8352,8756,7561,17488,1975,1595,7561,12931
8/23/2023,2230,-805,-819,2526,-805,975,1212,-805,-819,4300,-805,725,630,-2925,-2064,2860,-3475,260,3254,-2439,8701,4950,4536,-4320,263,-2834,-4530,3440,1449,-5338,3535,-805,630,1875,-805,-3815,575,-805,-3815,2430,-885,-4180,950,-2800,4600,745,1265,12205,3125,4298,12045,2437,5935,-7745,3730,4298,13285,2570,6818,-9040,1405,-3547,1405,-3641,1405,-3547,1405,-3641,410,4534,3661,2517,3330,6332,-1977,-6070,-2900,-5695,-1977,-6070
8/24/2023,-430,-3785,-568,70,-1595,1871,-2180,-3860,484,-675,-423,2596,245,-740,-6779,60,-2775,-7494,250,-2486,-6416,-360,1615,7683,563,396,-1060,622,9,8089,-430,-1990,1127,545,-1595,2139,-1780,-2065,1894,-15,-3130,1384,590,235,-11024,-460,-2545,-8399,1005,-1266,-6416,208,-124,3351,1080,-1266,-6862,900,1510,5154,-3175,2063,-2220,2841,-2874,2063,-1350,2786,-3808,-6949,-3997,-5388,-6541,-3244,849,-1835,-1767,-1679,849,-1835
8/25/2023,2087,4302,-1233,4205,6434,518,3901,8210,-1432,5096,5893,879,3470,5741,1088,5372,7075,2046,6387,4416,-970,2905,2377,-2410,5049,943,6274,3301,1980,-57,3045,4973,-1358,4205,6434,2325,3901,7841,-772,1024,4521,-3233,3470,6055,571,5372,7075,-3735,6030,4751,-8363,3221,291,-9371,5136,4295,-9740,3301,851,-6103,4523,1184,6301,599,9178,-1116,3012,-1035,12366,11702,3987,2926,6194,-6587,2760,-4522,1254,1496,2760,-4398
8/28/2023,3304,3755,9548,1220,4004,8810,1125,4402,10092,2776,4949,8549,1535,2728,8192,963,5074,5519,1248,-2393,192,1052,-1720,971,893,2129,4242,47,635,-1083,2198,4954,8005,1220,4004,9291,1125,4402,9291,1950,4081,11014,1535,2728,13537,963,5074,6505,1248,-3565,2199,-2170,-7834,2350,893,-3565,4507,-2170,-8867,3371,945,5448,3354,5448,2230,5448,2344,8021,2447,7307,3452,6634,740,7969,4192,3891,915,2419,4192,3104
8/29/2023,-1431,1124,-975,-1985,1270,-1748,-2280,976,-975,-2000,-400,-1493,-780,-3980,-2293,-1175,-3370,4061,-1983,-3334,2318,-205,2091,12744,-1262,-1485,-4420,-1065,3760,4095,-2590,1375,-1669,-1985,1270,-1630,-2280,-445,-1630,-2615,-4640,-380,-780,-8310,-8100,-1525,-5500,6073,-2060,-6905,4445,-1187,7213,12063,-1155,-6905,4017,-935,8787,12719,-3556,-4809,-3545,-2504,-3556,-4809,-2687,-2504,-3595,-4825,559,3980,-3745,11309,3816,-640,-2501,-4300,3816,11189
8/30/2023,1489,4363,-3258,465,5374,-2171,1555,3352,-3258,490,3770,-2879,1012,7153,5787,1925,4280,7940,1125,12273,5691,1790,4562,-2859,1290,1443,1008,1790,4562,-3762,490,5374,-5730,465,5374,-4470,465,4149,-4470,270,-1690,-5070,900,6725,19297,1925,4280,8071,1125,3770,6768,2184,6889,-20690,1290,3770,7800,1790,4562,-19555,-5351,-2560,-3670,-531,-3831,-2560,-2770,-531,-235,4516,486,6819,649,4874,-144,-87,123,1008,-144,178
8/31/2023,490,1902,1275,3915,2578,-1358,2741,4248,173,1269,300,-3519,7600,10926,2444,1460,8017,-1674,3796,8704,-3496,1400,6963,-1286,1007,5990,123,1210,6559,-5057,1789,1828,-2867,3915,2578,-2758,1890,3477,-1813,345,4029,-6351,4030,11014,10124,1580,8017,2847,3670,6384,-3790,1424,3361,-6182,2805,6384,-5994,965,2411,-11357,1990,2778,763,2778,1650,2778,-658,418,7044,6227,11481,633,7473,-1097,-1666,-3050,2530,885,-1666,-3400
9/1/2023,528,1379,866,2500,3095,-686,172,5535,1207,1255,70,-2412,1380,1320,2523,-1015,1138,-4555,1549,3549,3030,-1015,1990,-4182,-1015,1464,-1440,225,1430,318,790,-759,-2342,2500,3095,814,2510,4840,3739,-2130,-2295,2335,90,-374,226,5,541,-9565,-955,2242,-1840,-10,6906,-9684,440,2242,-4774,-10,4358,-11473,1529,3254,4805,4479,4913,4952,1240,3741,-642,978,3527,-6414,164,-4414,4220,-687,835,1601,4220,621
9/4/2023,115,-1366,607,-925,-1380,-165,-1597,-1366,607,310,-595,1070,890,860,3075,1035,2680,5305,589,3615,5552,1355,1960,2576,1040,218,-334,1115,2185,4026,310,-1380,1207,-780,-1380,1670,-780,-1380,1670,35,-495,1670,890,860,3140,1035,2680,5305,885,3920,5552,1580,8310,21215,850,3920,7290,2105,5775,23945,-1127,-2712,500,-635,-1127,-2712,690,-635,1405,5010,620,2200,960,637,540,4220,1040,3753,540,4220
9/5/2023,-1065,-512,-5697,266,-1514,-3423,46,-512,-5697,1410,-2160,-3766,-1105,1380,1228,250,1290,3006,2023,1369,-3807,2450,4904,-3068,870,790,25,1770,1060,-3684,1410,-606,-7697,315,-606,-11680,315,-606,-11680,730,-996,-12770,780,1380,3069,-355,1290,3006,1495,1398,-3487,3471,6140,-30594,770,1398,-5300,3120,4750,-31436,988,-4962,-985,-6080,988,-4962,-1160,-6080,3707,-1308,4275,-1575,4616,-838,3178,-3414,112,25,3178,-3414
9/6/2023,-465,2190,4209,-1295,1127,7711,-59,1127,3646,1054,4516,7211,564,2455,-5235,3240,-2665,-3465,2815,-2735,1850,2167,850,-2775,2165,-365,-2715,2055,-2120,-5712,1265,2391,7385,-1385,1127,7003,-1385,1127,7003,910,1016,5979,875,1805,-8262,2105,-3575,-3791,3040,-3695,6080,3155,-850,43652,6206,-3695,11760,2580,1509,43883,3452,3615,2561,-2565,2302,3615,2051,-2565,-1770,-7020,2768,-4402,-337,-2904,-1975,-4634,-135,-2710,-1975,-4204
9/7/2023,1374,3019,1173,365,3795,-2323,1459,3019,1173,-165,-180,1293,738,2138,-541,2150,2628,9149,1883,294,13640,3010,5900,-4116,1364,56,1517,3600,5900,-4116,355,3795,3811,365,3795,3590,605,3795,3590,-420,-480,695,2145,2218,1413,2150,2628,11662,1835,1395,11695,3022,5234,-4116,1895,1395,12355,3600,5900,-4116,-2773,5364,-3500,5065,-2773,5364,-3370,5065,4080,349,12102,14976,4947,17263,14515,10625,-1239,1070,14515,9426
9/8/2023,59,-852,202,-830,-2600,-2765,-375,-3347,1332,15,-600,-420,1156,1256,-6796,275,720,-5925,75,-5,-6591,0,-330,-4560,949,1081,-715,0,-330,-5662,40,-335,5467,-830,-2600,5201,-455,-2540,6331,-825,-2965,310,20,3085,-6272,275,720,-7270,65,2299,-14157,0,-63,-33627,1205,1679,-14157,0,-330,-34835,-535,72,-569,1214,-1457,72,720,1214,1591,-3223,1008,-1125,-2373,-5184,361,-5989,664,2805,361,-7354
9/11/2023,1700,-982,-1334,5,-1463,1719,-280,-1463,-1334,1750,-328,909,-815,-3525,-7000,-520,-3765,-8190,-1573,-4255,-7350,2135,-3137,-5991,20,-1076,29,-15,-4434,-7466,1730,-1790,-3311,5,-2160,-2585,-280,-2160,-2585,1670,-1375,-2827,-1635,-2880,-12755,-265,-3026,-11010,-2395,-3665,-13709,-1084,-2780,-13490,-720,-3005,-13055,-15,-2780,-13197,9,-4740,90,-1096,8,-4740,-3390,-1096,-4435,-7487,-4480,-7400,-6465,-7745,-5710,-6975,-1967,-1420,-5710,-7495
9/12/2023,73,-1387,-1898,700,618,4162,700,-1072,-1898,1360,-480,211,-1825,322,-6190,-480,196,-1480,-875,-2006,-7051,2550,4009,-2505,361,20,590,2685,4294,-994,1360,518,-1060,700,618,-759,700,618,-759,1930,-682,-3899,-1825,592,-6260,-480,196,-713,-875,-894,-7281,2685,3540,7088,-80,-894,-5106,2685,4324,8682,-1305,2750,156,2592,-1305,2750,156,2592,-2386,-4548,258,6322,-4136,3446,-1135,6770,755,875,-1135,5469
9/13/2023,1175,1242,-3889,1830,-693,-3888,-122,892,-3889,1650,129,-6195,1183,7635,14070,3180,-90,6445,2964,4986,-2777,1770,-286,-4879,2139,2720,655,2555,4573,-5987,2181,-287,-6274,2160,-287,-6676,2925,-1519,-6676,3481,-2655,-6751,4940,7645,24438,1691,1370,5642,2805,8140,6911,3107,4432,-31784,1085,8140,7906,2555,308,-35787,774,5238,-853,5516,244,6962,-853,5516,304,18491,6636,685,272,5174,65,-5944,4303,64,65,-6830
9/14/2023,746,2678,-5253,354,1265,-5215,3021,2923,-5253,1025,2200,-6565,-983,3138,577,2090,300,1760,797,5000,-5368,3792,4190,-5230,2995,-1515,208,4000,-3130,-5525,1015,2933,-6768,2455,1063,-6565,2455,2085,-6565,1145,1728,578,-115,3689,255,2700,3664,-1446,782,2770,-10967,4000,-4475,-30342,3427,2770,-9147,4000,-5550,-30787,-1503,-5014,-1867,-5195,-1695,-5014,-728,-5195,3107,-1600,13064,4180,7602,1207,-6260,-6955,-1723,-669,-6260,-5975
9/15/2023,-1400,-2576,-4782,895,-1365,-3790,-316,-1635,-3949,-1720,-1915,-3730,-1905,-2462,-5504,-1410,-693,509,225,4741,-1580,-1400,1327,-327,-1380,3153,-299,-405,-858,1368,-630,-2940,-4782,895,-1365,-3790,-790,-3105,-2975,-1135,-5155,-5666,-1160,-215,-510,-1260,-610,-442,-45,3313,-1382,909,-1605,-13529,-1265,4398,-421,-315,-188,-12175,-2441,-3571,-1470,-2600,-2441,-3571,-1470,-2600,-3121,2277,-3036,6325,-5067,15708,-5889,16372,-1644,1946,-5889,20829
9/18/2023,-460,1465,12115,3784,1663,12323,4599,1153,12115,-26,428,13597,4990,4757,1709,6090,-559,7735,6390,5077,-310,4870,-5382,-4026,4979,6705,330,3500,-4382,-5817,-26,1663,16104,3784,1663,13819,4599,2013,13819,1014,1069,12611,4990,8188,14654,6090,-559,7735,6390,6528,3041,4615,-5513,-38860,7399,6528,1184,4615,-5200,-36275,5296,17193,3019,13849,4931,17193,1509,13849,3820,9054,-1490,-3411,-7282,1242,-6277,-3989,833,3092,-6277,-3123
9/19/2023,425,3441,-1720,-1150,799,418,-1150,2931,-2024,-690,1087,327,1089,-747,-652,2245,-1563,-3680,1845,6028,-3249,445,-2301,-2311,1227,1843,3955,748,-1281,-2879,425,3019,-1834,-1150,1275,426,-1150,2445,-411,-315,1780,369,2870,-670,-5082,3598,2980,-20,1165,7035,-4151,1114,-4214,-13159,2890,7035,-9272,1116,-4080,-17211,3677,-2127,2540,-1001,5342,-790,1541,-1752,3700,-2331,5882,-4474,13974,-5644,2046,-2165,1814,3391,2046,-2760
9/20/2023,-674,1573,-2849,-700,2020,-5840,-33,1370,-5274,-325,2340,-2580,-935,2263,-6960,-190,2744,13527,-195,3438,9989,180,7876,3674,-475,4360,-1530,74,6790,3119,-665,1510,-9944,-700,1720,-8710,-315,1522,-7915,-295,250,-11155,-910,2381,380,1335,2744,13527,475,6933,8604,15653,8968,51653,-1800,6318,9687,16055,9215,17432,-465,-873,-1220,-7084,-920,-1758,1590,-7084,774,-7490,19352,8682,15830,8247,28136,27144,1215,-1525,28131,5247
9/21/2023,2672,1555,-4508,505,1743,-3324,2071,262,-4985,1603,1165,-195,1110,2690,1207,15,-3625,-5927,5,2603,-9440,345,1704,-5114,92,3739,1508,2010,-46,-4673,1873,1807,-696,505,2113,-617,450,1508,-617,70,-465,-810,1110,2515,1370,435,-3625,-5319,-160,-1189,-11932,2010,1499,-4354,-360,-1189,-10127,2010,739,-3491,-2708,-5251,-580,-2824,-2708,-5251,-2870,-2824,1075,-4391,755,527,-3540,-5011,-864,-886,2371,-160,-864,-5130
9/22/2023,2998,237,2797,2345,4676,4456,4037,1308,1032,4073,564,2295,2225,4285,2786,2165,6420,-2186,1574,4665,1989,3726,15580,9341,2710,468,2912,7216,7505,5785,5250,24,2797,3785,3630,1195,6090,3455,-570,3245,2868,-1046,2225,3485,1778,860,5945,-3911,1715,3489,-1336,3234,18569,-20591,1385,2594,-5625,7216,16961,-23730,2620,1286,3115,3700,3020,1376,3435,3800,4185,14835,3448,2668,3786,666,3186,1183,468,8181,2174,6225
9/25/2023,1000,-1556,3896,855,365,3462,805,-1581,5253,1000,-590,2284,3510,1279,2803,2390,-669,3740,1198,635,3290,2615,-1100,5124,2307,1005,-1755,2925,-1727,-551,1000,-835,4172,805,-860,6657,805,-860,6657,1430,5423,3007,3510,1482,10141,2390,32,9717,1320,2122,14358,2599,-1603,28659,2001,1747,15788,2925,-1100,29147,2532,4607,2205,5820,2205,6207,170,4220,-2164,4982,-170,-1522,-2753,1355,544,1416,-2115,1017,544,2342
9/26/2023,499,-477,-5149,-1925,-1740,-5985,415,-477,-4794,530,-171,-7440,492,897,-1676,2505,4525,-2487,2058,-1546,350,1990,13108,19191,1693,282,-2250,805,4589,24960,-255,-2465,-2914,50,-2465,-1465,-640,-2465,-380,-70,-7440,-9760,440,-90,248,1525,4525,10233,1670,-985,9175,1934,15255,36295,1665,-985,15445,2345,17343,16078,827,-1034,-2368,-3752,208,-1034,739,-3752,2480,-833,5095,-639,5715,2541,16295,5151,485,-2250,16295,5151
9/27/2023,3255,3453,9555,4977,4955,5179,2291,4755,9555,3686,6402,8252,3034,2982,13155,4592,6400,11736,3063,5744,21611,4164,-2328,-1177,2826,2972,2460,4023,-172,16204,3686,3515,12619,4977,3789,11168,3536,3789,11168,3930,6082,4120,2484,6765,13478,3247,5390,12465,3562,5727,21750,4245,-4883,19670,3387,5727,22401,4023,-2953,18944,520,4308,-125,5846,1050,4308,677,5846,5396,9448,5413,6134,3296,14765,-1115,12085,1605,2738,-1115,7715
9/28/2023,-1490,-952,-5891,2170,-625,-4790,1467,-952,-3903,-291,-625,-6297,1325,-2107,-3848,629,-330,-5656,865,-3653,-2571,770,-5765,-4273,993,-1828,3205,1335,-4010,-6273,-1195,-625,-11704,2170,-625,-11311,2170,-625,-11311,-3185,-2835,-12275,1325,1415,10197,629,2805,8458,865,2175,9980,1138,-600,1509,1860,2175,4353,1335,-680,4959,129,-1572,1972,-3963,-1544,-3932,1105,-1941,-2071,-1198,-585,-1090,2335,-5297,-3169,12067,689,1223,-3479,-6069
9/29/2023,-653,94,-2579,-1513,-760,-4170,-1162,1140,-2643,-1240,1240,-4930,120,2760,-5730,-358,1152,-7395,-1238,3324,-4472,-695,431,-4380,-1115,-1325,-478,-75,219,-2550,-1240,-505,-5952,-2445,-760,-3393,-1800,320,-3538,-1640,-1760,-6058,120,3124,3615,-55,3075,-3470,-715,4255,313,344,8782,-4865,535,4255,1710,-75,11512,-2257,3183,1222,4805,1189,4395,1222,4235,1280,5434,-7275,3320,-2381,2660,443,2374,-6285,-171,85,2374,-6595
10/2/2023,1610,1294,2256,3422,1286,2744,2045,3063,2581,2777,900,359,3020,7577,3459,6391,918,218,2071,2331,7039,1568,3498,2299,4001,6212,4022,2277,3498,1832,2607,1900,2256,3422,1286,2744,3246,3846,2682,2122,4251,7316,3020,7577,12580,4757,965,2243,3021,6458,11119,3592,5047,220,2220,6458,11853,2277,3498,-3852,2656,6626,2261,7867,2810,8736,5360,7600,7189,6606,6378,-3916,10589,-366,5396,-3978,6210,850,5396,-4136
10/3/2023,776,812,-404,1450,2056,-2150,4816,2056,-404,5620,2730,-335,-1854,-983,-2433,-1295,2628,1796,-1990,4068,4187,-1435,10585,-2534,-1465,-1360,-1580,-2475,8096,-1608,5570,4585,1835,2313,4910,1645,570,4900,1645,3990,4965,3357,-2605,-250,-873,-1845,2628,9548,-805,5073,3799,2714,14277,47057,-1155,5073,4800,-2510,14820,48742,1458,5058,4499,4401,4485,4546,-1925,4506,-2711,-2155,752,9850,2838,7011,-1469,40755,-1010,-1395,-1469,8541
10/4/2023,1624,3344,1410,483,3283,1833,217,2152,1190,923,3169,2598,295,2412,1834,2105,2681,7771,1817,1622,2594,305,5370,9088,4464,350,2881,305,5485,10582,798,3604,181,483,3283,2934,2660,2233,2714,83,-2250,-421,295,2456,4519,2105,2121,6695,2865,1426,9429,1369,4280,10932,4540,1099,11381,305,5361,10998,-743,1571,-425,2794,-255,1351,-135,3278,3756,9524,2198,1231,4105,3362,5435,5560,1915,2373,5045,5560
10/5/2023,-858,7616,7796,-2000,9898,5123,-2388,6699,6875,-520,8717,9254,3047,5477,-5165,2795,2974,-1813,2372,-1806,-7298,475,-1632,-4510,1564,-154,-2248,-615,-548,-6795,-520,8667,8931,-2710,9898,10226,-2710,6197,10226,780,8682,6951,3510,7532,-7865,4560,2974,-11095,3070,5367,-12331,5741,877,-28296,4410,5367,-13925,3020,-3906,-48041,3644,3410,5586,-525,3561,3410,3248,-525,6404,-6148,4694,-6218,4638,-6428,2429,-2383,4640,2896,2429,-2672
10/6/2023,-1165,-3744,-3874,-1045,-4375,-3772,-775,-3740,-3874,-1065,-2130,-5940,-1845,-4465,-3584,-1465,-3620,-5890,-1920,-4430,-7350,-1485,-1018,-3641,-1375,-2470,-2710,-2435,-3820,-4220,-1115,-4350,-6069,-1045,-4375,-5940,-775,-3880,-5940,-1070,710,-7165,-1905,-7250,-13040,-2735,-5170,-4975,-5045,-6515,-1076,-3585,-6989,-27243,-2985,-6515,1340,-3485,-7660,-25601,-2900,-4587,-2900,-4725,-2510,-4587,-2900,-4725,-3815,-7400,-4340,-7305,-6363,-4672,-959,-3980,-2925,-2460,-959,-3980
10/9/2023,-621,310,-7591,-225,197,-5965,-476,-900,-7591,1592,338,-5830,1068,3657,6480,3640,850,1318,1655,936,1445,260,2860,7413,2206,-540,2652,1765,2860,9069,1415,792,-8721,-275,792,-6910,-50,-418,-6910,-1195,-4195,-6785,1455,3657,7987,2375,850,1318,1655,1380,1306,1430,2668,1092,3420,-215,1240,2745,2910,2234,3199,-1815,3384,-3610,3377,-1815,1565,-3610,620,-5745,-1650,-4085,-2214,-3760,-2262,1939,134,2026,-2077,473
10/10/2023,2444,3483,1921,400,3483,1216,1560,3483,1921,37,2564,1216,1575,2975,-731,560,1008,-5024,2449,4685,513,-1450,2596,-2640,710,3905,610,1788,1011,-885,260,3483,1921,-630,3483,1216,280,3483,1216,2085,4491,1651,368,2220,194,840,1065,-10066,1465,5020,-3350,1417,7391,-14317,650,5885,-3648,2980,3980,-15700,395,-1280,505,-1280,1380,-1280,-315,-1280,2251,1040,-2120,-2299,2332,238,8465,5877,2070,4045,8465,5877
10/11/2023,2280,2848,2668,280,2636,2203,3768,2653,3177,3271,2237,3954,5745,-1225,-6833,6071,2170,-5438,2740,2946,-6714,4375,4214,2741,3190,4576,8448,4375,4214,2788,3272,2237,5922,3967,2636,5836,3793,2636,5812,1159,971,6611,5745,-1225,-2035,6071,2170,-2953,5300,8401,-8602,4351,4631,-4433,5130,8401,-6633,4375,4214,-3871,3234,6365,4549,5861,3682,6365,4739,5861,5275,-5063,4241,-4793,6336,-6699,2359,541,2945,2359,2109,1938
10/12/2023,1618,-303,-6716,2740,-690,-5280,3170,-760,-6731,1500,-785,-5615,3035,3211,7124,1830,4106,-1840,1456,5574,-9033,2385,5235,-5065,1125,3099,9073,4219,3642,-6935,1740,-795,-5604,2740,-690,-4168,3350,-710,-4518,2745,-1175,-5808,3035,3453,8426,1968,4174,-1933,2035,2259,-6475,4203,7529,-32112,2725,2259,-8325,4620,5760,-30660,3606,4695,2037,3623,2476,4350,3046,3623,2473,15000,484,-2227,-274,-7199,-1805,-1110,2016,8949,-1805,4564
10/13/2023,-973,1892,187,-115,695,493,181,601,82,-1845,820,2418,240,2112,2313,-360,5213,-2486,1985,6132,3017,965,13343,843,-1275,-887,-2615,1705,10643,10591,-445,2575,-801,1935,2575,493,735,2430,388,-85,-1615,-348,240,2112,-1976,1205,5265,2135,2145,7597,3491,1280,16537,18660,1150,7502,4297,1705,18933,19919,107,-6921,1695,-6896,-713,-6921,-398,-6050,6132,10451,7806,6310,8594,-2593,17431,5498,2581,-1335,17431,5498
10/16/2023,-1147,1852,-372,-435,1965,26,-319,2036,-372,-1455,-1475,26,2910,2072,7284,-575,2185,821,5488,6272,9294,5105,20641,-1939,4413,1630,-1560,5105,19348,-1431,-1455,1970,-259,-1720,1965,26,-680,1965,26,-1260,-210,3147,2970,2021,9254,-425,2185,4128,3805,4974,12794,5416,20917,5147,3680,4974,13207,5105,22376,4222,520,-3106,1080,-2100,520,-3106,1005,-2100,1783,2870,6415,2847,9362,854,5900,-1116,-1155,-3675,5900,-1116
10/17/2023,-1488,2516,7685,-1080,1655,1653,343,2516,-1739,-1005,3135,7389,375,2115,5754,310,3095,846,2235,4067,-4434,1380,-5490,-5775,40,2080,874,2574,1280,-7485,-980,1655,6263,-515,1655,4304,-680,1655,5491,1876,1740,-1500,-755,230,7206,1174,-990,-2600,1225,-200,-6233,277,-5724,-42436,2895,-200,-5145,-745,-8330,-48320,2720,-2538,2570,-2200,2234,-2538,2080,-2200,2344,2258,-1732,-5629,-2653,-6060,-5318,-6980,-2735,-1496,-5318,-7470
10/18/2023,2482,-773,-414,935,-137,-2190,995,-1903,-414,1735,790,-1632,3487,2873,-3097,4465,3222,-4894,910,3640,-6326,2945,11491,-3921,2457,2529,-510,1850,19582,-3921,1615,445,-414,935,-137,-1632,995,-1542,-1632,1300,3428,-520,4665,2873,-5710,4465,3222,-5615,910,3640,-1128,3670,9296,2,2550,3335,-3337,3800,10776,830,5823,9053,6837,8863,6785,9053,7785,8863,5894,-5179,2564,4513,12281,6691,1200,-1259,4684,-510,1200,-2917
10/19/2023,4752,5671,4594,4520,5450,3873,2474,8032,11059,5073,5820,2453,2905,7194,2599,6208,6328,8608,4642,4574,8971,2990,13305,13343,4341,2817,20,3315,13772,15928,2102,5425,4594,2231,5450,3873,1935,6668,11831,6107,7385,19104,2905,7194,2499,6208,6328,8608,4642,3320,12195,3320,12463,19559,4341,2890,11827,3315,13295,11179,5493,4638,6434,15292,3379,685,4619,15553,5752,1339,5287,5613,5701,5480,5908,10673,2962,1950,5903,11553
10/20/2023,-599,1741,5166,-460,3481,5762,880,-184,4882,170,4808,5686,1572,3047,-845,1035,1690,6901,1245,-1400,3166,1470,-320,5988,1055,2067,-795,1380,487,13393,170,3909,4492,-460,3481,5238,880,1139,5961,2841,1376,6968,2260,3047,3451,1070,1690,8413,1725,815,8669,3007,704,36082,1660,815,5798,1380,575,39121,4035,5911,4505,10531,2861,5871,4515,11113,-1299,-4806,-125,14576,-1827,7462,369,21796,1262,-795,369,27195
10/23/2023,-3,4809,1215,-1520,5228,1323,-233,5419,1215,1372,5008,4213,1530,-1537,-3805,290,3215,-1694,455,1981,1264,1277,3855,-2566,-360,-999,-3100,1643,3990,1953,2388,5228,8464,-186,5228,7575,-186,4748,7575,1308,4368,14298,2754,-5560,-10330,2648,701,-9110,530,1580,2227,1974,4275,4906,515,3790,-199,2333,3855,7759,3808,13171,3065,14080,3093,13171,-1245,14080,-825,-5903,-240,-1753,582,-3433,1090,-6780,-450,-810,190,-6680
10/24/2023,6250,5238,8997,6462,3597,8256,6462,1797,8997,4765,5824,6353,1915,1466,-2561,5284,-469,-1211,840,5582,-5278,2595,12441,-4422,1794,4435,2861,2315,12140,-3491,6250,5824,9637,6462,3597,6353,6462,3597,6353,3875,640,2602,1915,2221,-2366,2205,-2544,-5852,3637,4565,-10814,1889,-1710,-28420,2906,4565,-10222,2315,4435,-27367,3835,7934,6992,9517,2415,7934,6545,9517,-922,-4073,-2292,1166,1370,-4820,2473,7139,1464,2685,2473,7382
10/25/2023,562,-3150,-3734,290,-2565,-4079,365,-3445,-4883,80,-2260,-4324,-350,-1562,-6835,-715,-688,-3517,1585,307,-8576,-1455,-23,-724,1640,-890,-2160,1930,943,1262,1000,-3150,-4718,290,-2565,-3543,365,-3445,-3543,-2250,-5090,-7594,-350,-1360,-11002,-610,1996,-2680,1585,3730,-5019,3901,8513,30394,1640,3730,-4884,4490,9158,32028,-1415,-6427,-1415,-6403,-1370,-6427,-1415,-6403,1248,-6807,3718,-5577,4359,-4123,-2820,-264,1068,639,-2820,-264
10/26/2023,-1490,489,-693,265,775,-693,99,936,-693,6871,3470,2596,1297,6380,12553,1276,5481,17325,3344,7668,14052,4869,-1455,9595,14965,1156,3829,1790,-80,8282,-500,775,801,-1125,775,1768,-433,-430,1768,865,-2423,-640,2071,7655,28784,-70,5481,17080,443,5380,15181,1980,-2929,5804,-1140,5290,24035,3301,-2912,4599,1164,-636,7317,6359,9676,-636,254,6359,4153,14953,4528,17021,2500,16297,-3775,-3316,669,3120,-3775,-3316
10/27/2023,2608,3235,3600,3715,3766,3324,2625,3185,3600,910,3435,3779,4633,-1347,-5036,3852,-105,-7355,1383,1623,-7275,-433,9404,-5984,-319,-1153,839,1485,8504,-7479,2880,4235,3833,3715,3766,3324,3080,3766,3324,795,3837,3380,4975,-1510,-1611,3686,-105,7510,1235,1367,3432,1055,6053,10058,1750,1934,4063,1110,9404,12461,310,1536,1850,3114,310,1536,-70,4521,3393,-4587,6767,-6740,9018,-7340,8337,-5431,239,920,8337,-6305
10/30/2023,2721,2989,3824,4691,4235,60,3993,2989,3824,4519,4375,3441,3408,5505,6632,4879,2005,-1220,5029,4797,-7468,3393,-5615,-3117,1815,1390,1121,3393,-3821,-4801,4364,4427,1679,4691,4427,6145,2501,4427,6145,2856,-2385,2711,3408,5505,6939,4879,968,-3160,3663,5667,-3385,3393,-3450,-809,3583,5667,-472,3393,-5825,-3005,-1278,387,-2633,-1438,-269,387,-1178,-1438,3853,3494,3010,-765,5061,-5948,665,-4407,8699,1504,665,-6579
10/31/2023,-1300,-48,-4676,-1125,966,-4273,-1407,-561,-4676,-1050,1456,-7450,-794,-3303,-4333,-970,-1285,-637,-1570,-166,-3382,-1005,3485,-5915,-890,2219,-1625,-840,-1080,-6416,-1050,208,-6809,-1125,571,-4150,-1195,571,-4150,-3110,-6535,-5860,-810,-3532,-6785,-970,-2765,-3560,-1750,-1567,-438,-840,-3216,12497,-1265,-1602,-795,-840,-2875,8894,-338,-4337,-1499,-5410,-723,-4337,-2080,-5410,-3967,-6188,1983,2280,-2885,-3725,1820,-6995,-240,-2235,1820,-913
11/1/2023,2735,3189,2484,1848,-160,2519,855,3189,2484,718,1910,1059,306,1990,-26,495,-216,1504,2068,1151,-1749,3,-536,8010,1157,470,-3820,1550,803,8799,478,-610,4304,1848,-610,-1833,855,-610,-1833,1612,245,-5400,2345,1990,1060,495,1657,306,805,1955,-1003,810,426,9708,785,1955,1838,1235,-536,11428,3551,-5389,3230,-5544,3826,-5389,2955,-5544,3409,547,3900,563,3391,-3574,6775,5404,-180,-3547,5090,11040
11/2/2023,250,-3460,-2684,40,-3460,-1585,-325,-3460,-2615,80,-2875,-517,-1180,-4005,-5655,-650,-3055,-2891,240,-1586,-4933,-110,-3475,-901,440,-1320,-2675,240,-2211,-1188,250,-5360,235,40,-5360,1420,-325,-5360,-902,-1620,-3765,-1839,-1235,-3630,-11115,-930,-1435,-4293,-100,-495,-3025,175,-4164,44145,-205,-495,-3095,240,-3161,45831,-1966,-6521,-2925,-6422,-1966,-6521,-1220,-6422,-3193,-4897,-1588,2134,-2315,2773,-2529,-3438,-2020,-1940,-2529,-3284
11/3/2023,320,173,-331,219,-1970,-3260,1206,173,-331,-1385,-2195,-3670,264,2169,-1430,420,-485,-1374,1125,2802,-315,-95,-3650,-5562,996,-2505,2215,-1315,-665,-7153,-1735,-1970,-3501,869,-1970,-3805,-870,-1970,-3805,-1165,-3875,-4145,485,2460,8484,-125,-475,796,39,3164,-3414,775,4975,-2563,-175,3164,-2470,-1780,1860,-244,2518,-1483,1290,-3068,1770,-1483,2424,-3068,675,-689,1254,743,1734,-2,-4463,-5502,-1230,-1185,-4463,-6260
11/6/2023,1560,3843,5328,1340,6125,7320,520,6482,5328,620,3440,10022,1430,9822,10666,1385,6203,16910,2220,9355,5300,-135,6750,13539,470,6665,2530,1720,5160,13539,620,6055,12847,1340,5625,12367,1340,6315,12367,1210,4974,9738,1430,10570,26124,1385,6203,14931,2340,8195,16840,3252,7625,13539,45,8195,17791,3025,6750,13539,4679,8971,4115,-439,4679,8971,3777,-439,848,3984,-904,58,5270,2768,2279,6076,1359,6547,2279,6076
11/7/2023,1340,-1996,-2443,2435,-1996,-552,1410,-1996,-2443,3450,-1041,-2096,795,358,3190,-845,834,-5665,3701,2650,-5767,-1425,2438,-1565,2720,-2095,-4350,-2415,3068,-3685,3450,-1050,659,2435,-1050,935,1410,-1050,935,-450,-965,-930,795,4715,13531,-915,3681,-4926,4170,4476,52,1924,1733,-15815,4475,4476,-2442,-1151,2438,-21575,2256,-3046,308,-2850,568,-3046,239,-2850,2389,6037,879,-4452,1722,-2751,-1770,-4740,1350,-1460,-1770,-5555
11/8/2023,2350,3182,114,245,2376,2431,1345,4493,114,1405,4377,1411,815,-2345,12562,-120,-875,5950,-468,1457,7833,585,-2645,-2745,1940,880,6607,2072,-2051,-6291,1790,4377,4575,1345,2376,2431,1345,2356,2431,1175,5073,6804,815,-2455,21971,1620,-875,8913,440,912,3910,795,8109,-19728,470,-3146,5810,2075,5314,-25173,2569,8768,3913,8926,612,8768,2035,8926,6956,11551,9030,10163,1795,11218,-1135,-3985,1914,4320,-1135,-3239
11/9/2023,960,4950,-111,1405,4850,-213,824,4740,-111,960,3615,5670,1226,-2205,-6151,-70,3070,-5578,4067,-2146,-3997,2262,11957,2882,4411,90,6559,4045,11026,1033,960,4290,160,1405,4190,2375,1205,4080,2375,865,2640,3160,1226,-585,-7358,-70,3181,-4750,1555,861,-1832,4665,12330,-13586,2170,446,-2160,5520,12191,-13760,2176,2728,212,734,750,2728,2134,74,-3597,-2511,-4175,-2000,-4895,6507,2420,2236,458,2865,2420,-1061
11/10/2023,-1015,-1971,-2190,-1405,-1110,-3969,-1716,-1542,-1762,-595,-1370,-2431,-1910,-3625,-6755,-1495,-3965,-2078,-1768,-4460,-7184,900,2650,9024,-1478,-2420,-1875,1165,-730,6573,-1050,-1110,2099,-1405,-1110,3227,-1245,-1115,3092,125,-2185,4072,-4530,-9980,-21940,-3700,-5900,-1630,-2690,-6415,-10134,1355,2903,6453,-2730,-6415,-8335,1020,3995,7433,-2380,-3477,-2380,-3147,-1752,-712,-2510,-3393,-4170,-6260,-4420,-1330,-4268,-7403,-1035,-4123,-2445,-965,-1035,-4123
11/13/2023,-45,420,2629,5,450,7336,1222,420,2629,-570,-330,5345,685,1428,1332,650,-735,-5363,2685,-2355,-6889,-720,-1573,-5071,795,-2165,-2071,-274,-2145,-5821,-855,450,1573,5,450,1064,220,450,1064,3396,-909,2307,581,617,2573,3440,-2219,-8128,2960,-1470,-5907,-1855,141,-42729,2239,-1470,-10936,-274,386,-46385,87,1517,-220,5890,-208,1517,1104,5890,5938,-3984,3595,-250,-656,-5771,-5757,-5386,-2895,-2611,-5757,-6985
11/14/2023,3926,-715,3333,3886,-715,1990,3735,-715,3333,4805,-930,894,1625,8864,36842,1405,9485,31933,6729,12685,26499,3444,-144,18117,5526,2010,4513,2135,-144,18258,3926,-1795,3333,3886,-1795,1990,3735,-1795,1990,1785,490,3110,1625,10851,49546,1405,11126,32649,6729,12685,40424,2135,760,15836,5994,12685,40380,2135,-144,16997,3250,2668,3205,2160,3745,2668,5190,2160,22539,39937,15661,23619,23474,17827,23845,4870,9798,9478,23845,161
11/15/2023,2450,-1610,105,-795,-1820,686,-291,-2322,105,2430,-2229,1506,-85,2962,-1399,5,1274,8695,-85,6859,8755,-550,3364,7637,570,260,1100,60,1055,23517,2415,-1164,400,-1295,-1820,1506,-1295,-912,1506,-235,-3875,-2589,-85,2962,46,5,3032,9490,1095,10279,15752,-1070,4205,55057,760,11159,18050,60,4205,56039,-34,2453,914,4177,-167,2453,775,4177,3662,2292,5518,-1074,11882,11193,13680,24516,1395,35,13680,28202
11/16/2023,609,2620,-1854,2559,1693,-1724,1034,2620,-1854,880,546,-1101,54,1026,11233,630,2705,11349,-1120,4680,9017,1230,4595,7475,-1495,728,3945,1355,3149,6427,-1780,3260,1590,1120,3260,387,1105,3260,387,-1300,3470,5151,1290,1026,11508,1555,2705,11349,2040,4750,8273,3534,9114,23704,1965,4750,7912,5185,9425,23027,4043,3032,3183,1667,4043,3032,90,1667,416,4958,5475,3272,135,4930,2376,-4929,725,705,2376,-4392
11/17/2023,-750,1616,-2537,-525,585,500,-525,1616,-2537,-635,-2170,-1845,1388,3219,-1116,3015,-740,-2624,2110,-1195,-3328,1545,-1764,-2395,-750,2070,-775,2684,-18,-4677,-310,3225,-3228,-525,3225,-220,-525,3225,-220,1205,3075,1500,670,7739,8991,3015,2560,1859,2110,4697,-8414,1412,-3430,-43662,2190,4692,-2547,2090,-3430,-48047,1161,-3706,1810,-3539,1161,-3706,255,-3539,1391,-388,-385,-1655,-2315,-4217,791,-6835,1149,-3670,791,-7415
11/20/2023,-1485,-2235,1951,-1945,-2235,-5173,-2485,-2235,1951,-2000,-2805,359,-1705,-3490,-6910,-1390,525,977,-1810,-2693,-1966,-1495,-298,24150,-1500,-2195,-1380,-655,-1153,26579,-3125,-2615,1553,-3020,-2615,2290,-3020,-2615,2290,-105,-2255,-1795,-3815,-3875,-10725,1080,1610,977,-935,1530,112,9333,-968,43291,-875,1655,-253,10230,122,44437,1217,-4249,-2154,-2686,-734,-4249,-2965,-2686,-3850,-6475,-2575,-1659,1632,-3452,3505,-4392,-1925,935,3505,-4118
11/21/2023,59,1899,5,-255,2397,-1924,-377,2371,-532,-128,-2990,226,-714,-1593,-5593,640,-1766,-6430,341,-2188,780,-765,-3480,-3932,-1207,867,-1205,-1085,-218,-5645,-1420,-4210,3277,-255,2245,2809,-255,2795,2809,-1595,2315,7369,-1735,-6085,-6440,-1655,-3700,-19450,-1350,-5005,834,1190,-6246,18431,-2995,-5005,-2673,-1565,-10290,19283,1807,-1773,-1649,-1079,1807,-1773,-1770,-1079,151,-6721,-2235,-6365,-358,-5640,-6118,-6332,-410,-75,-6118,-6355
11/22/2023,1043,2904,-2201,2135,5435,-2415,1449,2975,-3051,695,3030,-6200,-831,-405,12626,-15,-960,505,159,-405,3874,170,-1200,1271,-242,237,2728,-238,877,-1905,645,4845,-10901,2135,5976,-11115,2135,4533,-13535,495,4075,-13935,1619,1006,10339,1509,-960,478,1649,2191,-1103,215,1199,-44401,1569,2191,616,1219,-410,-49325,5040,-4330,-420,-1010,-650,-6123,130,-1010,2864,11032,3330,-3153,-1505,-2299,685,-1600,4289,4656,685,-4475
11/23/2023,375,1555,2455,-10,1555,2455,-10,1555,2455,220,1555,2455,3690,5460,3645,2010,4950,5685,2410,7575,5660,1045,2440,1945,4055,2775,50,745,2440,2490,220,1555,2455,-10,1555,2455,-10,1555,2455,-545,640,2455,3690,5460,3820,1855,4950,5755,2260,7575,7375,745,2440,11630,4055,7575,7375,745,2440,11630,1677,-3591,-1115,-4400,1677,-3591,-1115,-4400,4735,2890,2220,-950,70,-2741,-940,-6565,275,495,-940,-6565
11/24/2023,110,1060,2895,-735,1760,2895,1269,1760,2895,-915,300,2895,2630,8225,6965,1165,3720,5375,2015,2810,4555,2315,1490,2505,2880,510,1145,1310,2430,3470,-915,1060,2895,-735,1760,2895,680,1760,2895,-960,355,2895,2630,8225,8260,1165,5585,11640,2015,4675,4555,1980,3355,14270,2725,4675,4555,1980,3355,16495,150,-1935,150,-1935,150,-1935,150,-1935,7540,735,-595,350,3650,-1120,-210,680,1375,-1135,-210,750
11/27/2023,1778,1749,-1154,2675,2092,152,2410,1749,-1154,1895,2279,1395,2360,2804,-3126,3405,2603,-2211,6850,5672,-2733,6987,5430,-3041,6050,6815,2633,7090,3465,-2283,4948,4253,-2904,4695,4253,-3710,4695,4253,-3710,5388,4773,-2547,3305,-2389,6626,3035,35,-2211,6880,-655,425,6182,4399,5115,6165,-655,-373,7362,5430,5993,67,664,490,6485,67,664,65,6485,4525,-1904,-2880,-3922,4054,-1919,13455,-6146,5950,3993,13455,-6036
11/28/2023,2252,2095,3515,4798,1390,2636,4443,2095,3515,2411,485,2726,1920,1075,-1358,385,-3230,-6480,1524,-2092,-6155,385,1743,-5830,385,-2180,-3855,2611,-1534,-2210,2426,1390,3515,4798,1390,2726,4443,1390,2726,1288,1345,171,1375,-1450,3769,990,-2399,1346,665,-3282,3640,2374,-2325,-2322,286,-3282,4310,1010,-2223,-873,8127,2675,8127,2869,8127,2675,8067,2869,-1443,-4593,-2760,-4600,-3987,-4886,-3652,-3980,-2390,-2464,-3652,-4705
11/29/2023,105,-4103,-4357,-210,-1350,-4460,114,-3530,-3702,555,-1760,-4460,222,-2764,-6856,-5,-2655,-6610,322,-3762,-4244,295,-1960,1185,-25,-350,-560,330,-2890,3938,555,-1760,-8797,-210,-1350,-6655,550,-3300,-6000,1250,-3910,-9755,370,-468,-17170,-440,-2140,-5775,510,-1212,-4401,-2252,-981,-3666,-825,-1212,-5970,-390,-780,-1741,2095,-2600,1096,-2758,2095,-2600,529,-2758,-3896,-6794,-3610,-2823,-2620,-6430,4120,16354,1298,-555,4120,12313
11/30/2023,9989,9288,3151,2175,3945,6400,2601,3829,709,10525,6845,4610,5708,12584,5526,4698,11869,7126,1819,8431,3113,3008,-1838,11163,714,3023,4604,1205,-1631,10480,18540,2425,2806,215,4240,2445,215,10048,-450,970,5465,3331,5708,12584,8533,4330,11869,5305,3072,16869,4196,1205,-3959,-27811,3906,16869,-71,1205,-4145,-21264,922,46,5003,-225,922,46,2675,-225,4219,7344,3595,-900,4536,3734,775,1720,6641,579,775,1720
12/1/2023,-535,-1942,-1315,615,-2606,-172,41,-1454,-1315,590,-935,-310,3600,4529,-543,725,154,-971,1345,1088,2466,-790,4562,-3699,2495,-590,-194,-195,4562,-3236,590,-3626,-3806,615,-3626,-3547,179,-3641,-3547,-3131,-3271,-1270,3600,2835,-1942,595,-806,1200,1260,-716,5005,-434,4327,23166,1875,-716,6541,-195,4562,3832,-1077,329,-1882,970,-2010,329,-1444,970,4618,-1658,-1943,1250,5556,7360,6991,-2319,-2500,1405,6991,-1214
12/4/2023,2852,-1530,2096,3510,-355,5207,689,350,3286,1335,-1530,7477,95,1593,11570,225,3246,8181,3702,6350,15614,4475,8633,4740,2505,3980,3249,4605,15444,7720,1335,-1530,2096,3510,-355,5207,1470,350,1893,3825,355,7156,95,9537,18152,1970,3686,16355,1790,6881,15614,3569,6650,21090,2570,6881,16815,4605,5901,21090,1814,4511,3530,2555,1814,4511,2925,3026,-593,11123,-2989,7445,2870,13877,3918,11587,50,3560,3918,14233
12/5/2023,3190,718,-2348,2502,-986,-1073,4647,661,-2348,5677,-1626,-238,95,929,6436,1522,324,6778,2162,7910,634,2872,3542,8257,1267,6992,2020,2992,3542,9529,5677,-1626,-2348,2502,-986,-213,4647,220,-213,5205,-2370,1512,95,599,9728,1522,324,9129,1830,8146,5991,3832,4996,16094,3025,8146,6104,2992,3542,16468,2769,2876,6649,2695,3203,2632,2705,4012,-380,7358,-278,6735,494,658,-45,-4500,660,2340,-45,-7350
12/6/2023,-1465,-2293,-5811,-590,-3805,-4085,-1855,-4679,-5171,-1665,-2900,-6080,175,-3715,-5576,-330,-2775,-7160,468,-4855,-3139,-650,-2405,-641,-645,-1702,1,520,-2625,-1696,-3345,-3775,-7546,-390,-4860,-8990,-1855,-4640,-8990,-2630,-5900,-8950,175,-4685,-16292,-1485,-2775,-12680,-40,-3710,-13223,-2130,1477,8367,-875,-3710,-15685,-1120,2530,9152,-4093,-3207,-3009,-935,-2617,-3207,-1663,-935,-4105,-5571,-4286,-4924,-3217,-3515,-2525,1008,-399,1,-2525,-3562
12/7/2023,-1220,-416,-3118,-60,-418,-5290,-1158,-933,-4860,-1110,357,-6750,1642,-4420,-1906,1765,5244,230,-603,8194,5478,3692,-417,-1006,4372,1770,-345,3285,-990,-3031,-2605,357,-6734,-60,-418,-8365,-60,-418,-8365,-1435,-1361,-4915,1525,-295,-1197,1765,5405,-154,-1590,8915,5813,3370,613,-2131,-700,8915,6346,3285,-170,-2698,-3611,-5890,-3885,-5250,-3611,-5890,-3240,-5250,-3890,-5366,-710,2097,7594,-627,-990,-4046,-920,-1595,-990,-2722
12/8/2023,948,-2167,-2140,695,1040,-1408,645,-2167,-2140,675,1391,-4360,1710,-2087,-1732,965,-3535,8190,1911,126,12359,-975,-4372,8352,-1260,2199,-4385,-230,-3922,17302,675,647,174,645,647,-2019,645,647,-2019,-250,102,7232,1410,945,4268,855,-5360,8436,2125,-385,12623,-758,-4263,22041,1920,-385,13694,-280,-2461,22375,1803,2233,-3855,-668,831,2233,-2093,-668,3738,-1020,-3115,-101,-1897,13316,-1427,-4097,-200,3673,-1427,-26
12/11/2023,-726,-720,-3048,-1480,-329,-2880,-1063,-720,-3048,-890,-254,-4797,-710,1390,-4053,-710,3595,-2552,240,7576,-6586,85,-181,4725,-285,-1650,-796,85,-675,5944,-1230,-329,-2241,-1155,-329,-4656,-1155,-329,-4656,-2660,-734,-5308,-710,5552,-3944,-570,3595,-2552,240,5670,-2151,85,9,3872,-25,5670,-335,85,275,4033,-3080,-2423,-3350,-2680,-3330,-2423,-2255,-2680,-2270,-7436,-155,2408,458,-3582,-645,8159,608,-1975,-645,7179
12/12/2023,-1493,-3588,-1010,-1005,-3000,1987,-1490,-3588,-545,-1995,-2830,1848,-1883,-4472,-6955,-1215,-3990,-7450,-1998,-4477,-6834,-1425,-841,6147,-1483,-1912,-4535,-1825,-1610,4273,-1990,-2090,2122,-1005,-2090,3090,-1005,-2090,2752,-2565,-3365,-330,-3365,-14000,-29875,-3440,-8260,-17600,-4865,-10345,-22916,-1624,1977,28438,-2720,-10345,-22460,-2260,2909,29340,-2728,2021,-1160,1381,-2728,1842,-880,1381,-4465,-7490,-4495,-7485,-6981,-8271,-780,6444,-2440,-5635,-780,4867
12/13/2023,-275,1217,-3596,685,3235,-725,178,2478,-3816,-415,-634,1090,3595,4230,5845,3715,9526,4400,3588,2240,1759,690,6766,-2774,3815,71,-1180,725,7951,5516,-105,3235,-3680,265,3235,-810,355,445,-860,-775,-2080,-2605,3595,4780,11285,1845,9526,5885,2710,3345,3595,1762,-5770,-8169,2885,3345,2845,725,-4629,-7625,4180,-4796,2775,-1840,5060,-4670,4325,-1665,1660,3731,3741,-590,4460,5350,9073,7498,56,-1252,8908,385
12/14/2023,-485,-1062,-1112,230,-1518,3031,-747,-1424,-1112,517,-1350,1988,110,-2177,2446,990,-1350,2273,630,221,2233,-923,-3510,1796,-972,1424,-803,-2010,-3510,756,305,-1290,1836,230,-1320,2423,1105,-1032,2423,-25,-4280,-831,905,-1095,-5641,600,-1350,2218,1315,1995,-291,-1423,-4422,7539,1555,970,1017,-2010,-3510,9388,3521,6001,5140,7878,3806,7416,3815,6633,-2084,-1561,1145,3055,-580,5160,-2110,22103,-382,-2670,-2110,22824
12/15/2023,4778,11025,10164,6260,10993,6932,5263,9887,10164,5965,10923,10286,3760,5561,10118,5465,1740,-2195,5499,2234,-2,5595,4537,-3227,4200,4141,1982,6915,5926,-4012,5965,11570,10339,6260,10993,11667,6076,9628,11667,1811,9405,12144,3760,7032,24942,5430,2620,635,6245,344,5290,6854,-245,-28427,4200,344,6460,6915,-2085,-30975,10228,10174,8260,8799,9752,10174,6568,7656,5744,7109,3345,-785,5702,4690,3970,-3140,8136,2627,3970,-3958
12/18/2023,1466,-1713,4269,-665,-2775,5593,-80,-1713,4269,-135,-2135,6374,-1635,-4420,-6990,-620,-1628,2278,-508,3211,10,1665,-3775,-3755,55,30,-1020,4875,-1655,-5220,-830,-2775,4323,-665,-2775,5513,-80,-2775,5513,40,-2945,7235,-940,-915,4662,-255,755,5379,1315,4016,5502,3202,-3379,-7761,570,4016,5954,4875,-4755,-6398,835,7065,835,4475,835,7065,770,4475,-4380,-7475,3335,7394,4694,136,-1780,981,-1395,-40,-1780,7810
12/19/2023,1765,-1085,7113,1665,-1085,6470,955,-1085,7113,400,840,7969,880,740,3641,1505,310,11358,1470,-450,10460,585,-49,8671,1930,800,435,1055,1747,9291,1870,-1085,10983,1615,-1085,10160,955,-1085,10160,3665,30,6248,880,3948,1318,1505,2145,18120,1275,-1442,22036,1711,1062,43052,2320,-1442,22036,1990,1062,44004,-248,4272,-270,3170,-248,4272,-1450,4857,-2179,-1666,2142,7147,3758,3600,950,8060,-1575,30,950,9571
12/20/2023,993,130,-3072,720,-195,-1135,720,6060,-3072,980,130,-1135,1955,-2047,-5421,2020,-1350,-9230,2370,-2974,-8247,2065,1855,-5725,2811,-690,-450,1910,1850,-1185,1240,130,-3662,720,-195,-1135,720,6060,-1135,1850,5135,97,2030,-467,-8893,2050,-1350,-10730,2370,-3490,5184,1221,1855,-28811,1905,-3490,-16630,3085,1850,-26545,577,-1436,865,-245,577,-1436,865,-245,-3595,-6222,-4185,-7485,-6815,-7457,-6085,-8945,2965,-717,-6085,-8945
12/21/2023,1588,5673,9854,4395,5360,12097,4539,6716,10341,2203,6551,10902,5911,1145,118,2815,-611,-2786,8309,-2066,-2351,4085,-2895,2912,7224,38,3655,4450,-1610,467,2875,6551,12091,4476,5360,14633,4539,5436,14508,4955,3470,13598,4820,1145,-2174,4510,662,-930,4890,-245,-2351,3299,-294,10410,5722,-245,-2480,4450,-1035,10482,1350,6268,1144,7304,71,6268,577,7304,-1942,-7447,-1310,-6786,594,-6127,2742,9089,95,-2480,3607,9640
12/22/2023,30,-3765,-5850,175,-710,-5850,-1734,289,-5850,30,-1635,-4981,-970,2125,1099,218,2596,-2130,-983,-1315,1744,-55,-2325,-1143,-259,-350,-1644,326,-885,-2262,30,-3030,-8875,175,-710,-8875,-1415,-605,-8875,200,-1124,-9915,-970,2125,2633,-150,1125,-9089,-505,-1080,-9570,-904,-1141,-18866,40,-1080,-9570,-2430,-2325,-13725,-459,-6354,-3562,-6451,-539,-6354,-600,-6451,1865,3615,3170,4304,1077,1784,1601,-2134,-588,2165,1601,-4725
12/26/2023,-1035,-4570,-1357,-1970,-4570,-1357,-2150,-4570,-1357,-1560,-3190,2110,-1940,-3361,-2735,-1475,-4000,-1046,-2000,-4440,-1205,-735,2110,15122,-1390,-2425,1627,230,2110,18238,240,-4570,13337,-1800,-4570,14145,-1800,-4570,14145,60,-6285,6590,-2780,-13195,-15015,-2930,-2475,10166,-2800,-10030,10292,1180,2110,99340,-2480,-10030,10292,1180,2110,99340,1184,14532,432,5720,1184,14532,-563,5720,-4458,-6715,-3815,17,-3652,6429,7161,10307,-595,1627,7161,9622
12/27/2023,62,3900,-394,115,3900,684,62,3900,-394,115,-575,-886,1800,6063,9994,795,2203,-4020,235,4674,3227,950,-4520,-4290,-405,500,-965,1055,-2400,-3840,115,3900,-918,115,3900,-845,115,3900,-845,795,3005,-2165,1800,6364,10278,1175,1509,-1420,-65,3525,5276,525,-6495,-20786,-160,3525,2487,525,-11855,-25620,3712,-982,3645,-982,3712,-982,3645,-982,746,9220,833,-1295,3098,217,-4110,-3360,714,-965,-4110,-4645
12/28/2023,-1000,-3020,-6171,-955,-2980,-6171,-465,-2385,-5386,-1520,-3000,-5760,414,-4360,-4412,-910,-2580,-4795,-630,-4960,-7586,-555,-2921,2580,-870,110,-965,-580,-2386,6847,-2150,-3020,-7150,-955,-2980,-7150,-465,-2385,-6590,-1935,-4390,-7355,-280,-4360,-9905,-910,-3795,-5852,-835,-5215,-7791,-580,-3295,34623,-870,-5215,-6237,-580,-3091,37867,1950,-787,-919,-1370,1691,-787,-645,-1370,-3989,-1606,-1852,2164,809,4497,9144,8127,-170,4355,9144,7502
12/29/2023,445,-2550,155,-550,-2190,1531,-29,-376,3330,-202,-2015,2121,732,1361,8713,-870,-2880,-7404,-105,1165,-505,-1240,-5640,-5450,-362,271,832,-1530,-3920,-6525,198,-2420,3499,-220,-3245,4193,200,-3585,4884,-452,-4373,4586,-850,3238,16434,-745,-1446,-12220,-1375,-3072,4608,71,-13824,-4136,-1290,-3072,639,-1915,-16970,-3705,-617,3357,-1669,4453,-801,3357,-1952,4453,5004,2813,-1339,-6439,2952,-1793,154,-6150,1633,1997,154,-7130
1/2/2024,705,6113,9379,1070,4355,10860,659,6338,4855,5,3531,8750,3289,3266,15000,2310,6543,18573,2779,9807,33592,2523,5647,10364,2073,2447,5538,3745,6707,18340,1745,5120,4260,1070,4355,1990,1830,4100,2560,1430,2554,1685,2975,2585,16190,3441,6263,18573,2545,7395,32252,3051,6391,32633,2380,7395,32257,3745,5647,31588,10100,10491,6591,12332,7416,10491,5680,12332,3775,22318,5270,19972,10184,32285,6050,15319,3323,5495,6050,11710
1/3/2024,-342,3824,2134,21,3521,-1031,1331,3538,2134,-142,5356,3275,113,1841,3153,145,1737,4758,10,2293,3867,337,3429,937,30,977,798,492,3332,6444,175,3396,1098,680,3396,848,701,4396,848,967,3206,3648,922,3467,6504,145,1170,5142,10,632,5235,634,556,31915,30,392,7789,492,1712,34869,-2287,4411,-3108,3786,-1487,4411,-3098,3786,1779,3792,-1137,6062,2230,9118,-2220,22646,2782,1956,-2220,24832
1/4/2024,6420,426,1573,6630,1370,-2924,3870,-64,1523,1315,1546,-4640,1034,355,-1478,1684,2775,-3587,1343,1379,374,2467,5992,-913,630,425,3224,2492,3357,502,6420,1820,-901,6630,1370,-2595,6630,1298,-2645,165,-1409,-5360,3202,-2075,-13125,2284,-1460,-20225,1845,-2250,-15189,62,4293,-29884,715,-2250,-14505,410,4552,-31160,-1335,2854,1597,-1709,-1335,2854,-1929,-1714,2927,440,2522,-7160,257,-4577,-938,-3540,3430,-965,-938,2657
1/5/2024,826,4907,3327,3740,3885,-4005,4022,4819,-567,420,3925,2785,1009,4415,18943,1870,1190,4628,1567,2972,11883,1085,3298,2333,787,639,7477,3090,8071,281,240,3925,1027,3740,3885,485,4022,3634,250,-1640,967,-2180,1009,4956,22699,2050,3282,4293,1945,3010,18728,2690,5240,-930,1640,3010,19604,3145,3298,281,6672,-3722,5185,-3880,6672,-3722,5045,-3880,5981,23182,905,9348,1486,14333,267,178,846,4038,267,4409
1/8/2024,-1392,-2039,4914,-390,-1360,6557,-143,-1987,4914,-770,-1789,6557,-1717,-4275,-6725,-1480,-3345,-7295,-1736,-4880,-7406,-745,-1890,-395,-1291,-2185,-4470,795,-2700,7004,-845,-1580,4825,420,-1360,6233,420,-1385,6233,1865,665,6293,-3975,-11650,-21795,-3275,-9875,-10435,-2325,-8325,-11724,36,-2503,6540,-2990,-8325,-11755,975,-1890,7083,-1338,5988,-320,6844,-1516,5988,-749,6254,-3820,-7330,-3930,-7425,-6904,-7476,2685,8216,-3485,-5605,1890,9887
1/9/2024,1059,2031,3844,5,2130,2510,40,1781,3844,1390,1350,2510,-1960,-3990,-6150,-1305,-3030,-3645,-1695,-4460,-6770,-1300,13295,3735,-1435,-2895,-4425,-870,1660,-2355,1598,2595,3982,5,2965,2510,40,2965,2510,-45,1310,19,-195,65,997,-1475,4208,5681,3460,3125,3292,615,10108,-5049,3165,3125,1625,1420,14795,-3715,1314,-1002,674,-2289,1407,-1002,1338,-2289,-3959,-7275,-4500,-6145,1278,-7168,-2185,-1270,-1959,-5700,-2185,2927
1/10/2024,795,421,2118,1120,-590,3779,1120,-773,2118,115,432,1416,-1405,-4490,-5385,-1430,-4000,-457,1545,-4475,-1620,2614,-2820,-1517,-910,-2520,-885,-1975,-3075,16644,-110,467,8068,1120,845,10083,1120,845,10083,750,2377,6951,-905,-1405,-3408,-2080,-1505,-126,940,-1015,-1372,-260,2430,38333,-900,-1650,-370,-2110,2330,41583,4194,2896,852,5269,3459,2896,372,4704,-2735,-6759,-521,3918,-1437,3005,4967,12318,1170,-885,4967,10817
1/11/2024,1026,-405,4722,1027,-2735,7045,-1053,-917,2720,1663,-362,6541,-1646,-4393,-1913,-1480,1760,-7040,442,-3208,-7070,-1190,-1110,-1135,1550,-698,2648,-2140,-1775,1360,1546,-857,4623,2611,-1620,4776,1996,-1620,5730,245,-652,5601,-1065,-2380,-5928,-1545,660,-7495,885,1215,-11017,-1707,-7952,12481,900,840,-9130,-2195,-2215,12383,6585,2501,1634,3964,1648,2097,4390,3964,-116,-4987,3354,-1153,-1235,-2468,-1769,14810,3513,7554,-1769,10151
1/12/2024,2739,2750,-3157,510,810,-5945,1949,4394,-3157,295,15,-1448,1378,8049,23730,1185,190,16517,1195,6857,16553,2150,418,210,650,2390,4312,2355,1308,-2855,380,-840,-6742,370,-1660,-4580,510,-2875,-6840,75,-545,-10402,770,7190,26432,695,1182,16517,2295,8065,17858,1962,2648,-10504,1125,8065,20214,2355,123,-13640,-2275,-3494,-2337,-4765,-2275,-3494,-1789,-4765,13307,37859,3939,17101,8612,18380,2525,605,8367,3747,2525,605
1/15/2024,-1055,990,-525,-585,990,-525,-585,990,-525,-1055,990,-525,-160,2510,4700,1410,1865,1510,1810,5490,1285,3195,-1985,-1495,3130,565,1115,3220,-1445,-3995,-1055,990,-525,-585,990,-525,-585,990,-525,-230,-120,-525,-160,2510,4700,1410,1865,1510,1810,5490,1285,4609,-1985,-7000,3130,5490,1285,3725,-1985,-7000,1065,-797,1065,-4280,1065,-797,1065,-4280,-2180,-63,-3710,-725,-655,-490,-1845,-2555,-1080,1120,-1845,-3010
1/16/2024,462,3335,10669,675,2310,11738,663,2272,11187,2309,1990,10507,433,4436,5029,2165,-420,-1428,1328,3247,2441,-703,5690,-5830,119,123,6326,-411,2197,-6545,1745,3725,14516,625,2310,13819,360,3542,13530,1885,3078,11666,1115,4806,5029,2165,-420,-1428,400,2268,-1013,-411,6841,-33862,19,2268,-2570,-411,5690,-23825,4851,6451,5759,5819,6074,6185,4026,5319,1053,3401,844,-3164,926,-358,2054,-3342,4387,6326,2054,-2332
1/17/2024,189,439,-1467,305,-1685,1037,305,-696,-1467,1539,-630,2375,2277,4734,10247,2155,2660,966,1456,1443,613,865,2195,-3165,10770,-468,76,323,2195,297,1294,-550,-609,305,-1685,-5609,305,-1685,-5609,2570,3247,-1307,2723,7070,7264,1369,3170,3459,1558,5150,1924,-554,2195,7094,998,5150,2820,-970,2195,6853,-642,570,159,-816,-2697,1036,-654,1594,-797,-1145,-305,-386,1561,1744,-1249,-2126,15,-121,-1249,1002
1/18/2024,4093,-1398,7376,2615,1182,8912,4568,-1398,7376,1798,1018,9768,1941,-525,-892,3215,-3160,8160,2375,704,18435,1537,3234,-5390,1696,5981,3691,1078,855,-3620,2463,1182,7875,2615,1182,9683,2103,1182,9683,-375,4405,10037,2985,3560,15117,3215,-645,9581,2375,1705,16692,378,1427,2956,1380,25,13545,1776,3710,4719,-2515,4245,-531,8200,-2515,4245,-531,8200,-1950,-1210,-2035,5920,18,5229,-4169,-2788,120,6038,-4169,-937
1/19/2024,249,-4469,-6299,-50,-3915,-5370,-10,-4489,-6299,770,-2905,-5425,-1540,-4455,-6405,-1490,-3992,-7500,-1690,-3940,-7340,-1065,-4266,2019,-1380,-2215,-1955,675,-3725,2040,770,-3950,-5319,-50,-3950,-4390,-10,-3990,-4390,-295,-3600,-6040,-4255,-11610,-24380,-1850,-8000,-13315,-2080,-11060,-15664,-472,1272,2601,-1630,-9915,-12555,685,1225,4826,-2964,-6466,-2330,-5535,-2234,-6466,-3295,-5535,-4405,-7495,-4490,-8510,-6994,-7572,-1510,-7,-6490,-1910,-1510,6
1/22/2024,155,-1071,-4075,-100,-3000,-2150,-403,-2688,-4075,-94,-1990,-4390,3686,6991,-1218,1170,4707,1834,5131,6240,6657,2005,10278,813,3861,1250,-108,2005,2275,2898,501,-1760,-4075,501,-3000,-2150,-1445,-2256,-2150,-3525,-2575,-2933,2630,5136,-6190,1170,4738,1834,3335,7833,6657,1255,9257,14852,4445,7833,6496,2005,9862,17516,-670,-519,-1236,-7110,698,-3217,-3325,-1803,10137,2506,3405,9298,13249,2707,1852,2260,720,-1675,1852,2645
1/23/2024,-1450,-4485,-3748,-830,-4345,-5965,-176,-4470,-3748,-295,-2770,-7020,-440,-570,-1926,135,-2970,-3320,-1855,-4175,-5806,-1570,180,4598,-560,-2060,-645,-1555,-1710,5890,-145,-5270,-5873,-570,-6475,-6410,-245,-6600,-6410,130,-6395,-5456,-440,-570,-4669,135,-1725,-3320,-1855,-3570,-5806,-1490,1180,6103,-560,-3570,-5806,-1490,1180,219,-4477,-7433,-4475,-7114,-3732,-7433,-3335,-7114,-1035,-3715,-1250,-2424,-2995,-2924,-1964,-4070,-1775,-645,-1964,-3190
1/24/2024,3801,1360,388,1235,1220,1513,1515,-748,388,4788,1220,167,223,-1117,-5079,2879,5725,476,230,-300,-4269,4092,9445,-3405,1370,3700,5764,4570,11055,-5111,4788,1220,-474,1235,1220,-5805,1515,-50,-5805,5197,3667,-6960,1426,1290,-164,3891,5725,913,815,945,-7301,3235,9566,-9477,1980,940,-5270,4855,10030,-12354,-18,-1167,1690,-1730,1696,-1167,-1366,-1730,-2019,-4322,665,-2774,397,-4217,9338,-3437,198,5361,9338,-4041
1/25/2024,315,-2795,3591,985,-3530,-5140,723,-1950,5751,65,-1675,-7400,-1450,-2317,-6875,-995,-370,-6635,-1580,-4202,-7497,-10,4712,-5177,-100,-1880,760,-1065,1824,-7495,-255,-2760,2726,670,-3530,-2040,975,-2805,465,-505,-475,-6445,-1450,-3561,-8066,-995,-370,-8460,-1455,-5060,-7617,-1690,-8509,-6410,-630,-5060,-8721,-1695,-7720,-30510,247,795,1474,-2534,2102,795,381,-2534,-4428,-6375,-4400,-5090,-2567,-4811,-3643,-5910,-1543,-89,-3643,-4675
1/26/2024,125,-455,-438,315,-330,-2183,380,-17,-2792,125,185,-1335,1020,3451,-58,4280,5489,-6790,3703,4578,-3070,2710,6558,2012,4130,70,5478,5925,6558,877,125,-2735,-1708,315,-330,-1341,380,1615,-1341,1230,-1995,-2857,1020,2265,-570,1262,4669,-7835,4130,3825,-3070,5306,3259,10550,3785,3825,-4660,6010,6558,8890,7088,-2411,7239,-4697,6054,-2411,1007,-4697,396,-4149,-2430,-6376,-1365,-7261,5085,1653,41,5912,5085,3446
1/29/2024,-1450,-1880,-2938,-1950,-35,-2855,-2430,-1880,-2938,-1995,-890,-4770,-1276,-3925,-6893,-1405,-3980,-7445,-1980,-4623,-4873,-1495,-2005,-3355,-1290,-930,-1830,-1600,-4200,-2580,-2375,-35,-1318,-1980,-35,-883,-1760,-35,-883,-1710,-4380,-7717,-1440,-9835,-19263,-2230,-9620,-13230,-3715,-11060,-12365,-2928,-4353,-11780,-1675,-12150,-12885,-2730,-4471,-10537,-51,497,2,689,233,497,-195,689,-4335,-7000,-4410,-7490,-6901,-6609,-2083,3785,-1915,-1830,-1290,7072
1/30/2024,-320,1264,-5416,245,-1515,-3950,-515,-917,-5416,-515,28,-6915,1755,6152,-6330,910,1679,999,1109,7104,-2,3165,6701,-3991,-358,-821,-1140,545,10,-1532,-515,-1650,-9071,245,-1515,-9750,-515,-2730,-9750,-745,-567,-7000,1755,6152,-1865,1055,1855,999,1950,8342,67,4348,-4160,-6224,1880,8342,-992,4780,-3881,-4621,1077,-5473,-1038,-6815,203,-5473,-133,-6815,-3610,-1623,-786,1986,2691,-3716,-2052,9154,2232,1179,-2052,-5501
1/31/2024,4035,3360,6438,10674,2395,6624,8529,601,12607,4275,3425,10636,2918,4159,-887,4695,2500,-1896,3159,2257,-3887,4185,405,-2530,2685,3954,1373,2560,1590,-4943,4035,4272,6868,10674,2395,11631,8529,2741,9391,2145,5395,7045,13162,4995,4428,2315,3235,-2358,960,5740,-1692,1249,-2117,-2202,2510,5335,-2120,2350,1590,-1334,5267,12968,5650,17875,5167,12968,9122,20836,1918,3209,3996,-2675,4980,-3823,1466,-4497,764,1060,306,-5237
2/1/2024,596,-399,-2863,1880,-1261,-4350,540,-399,-2863,2345,-1120,-5292,2210,2010,-6524,-300,975,-7228,-310,-289,-5621,4804,1321,-2291,1490,3036,5,4804,1321,-5445,1655,-1261,-5818,1550,-1261,-6983,765,-1261,-6983,25,-125,-6443,2210,2010,-16549,-300,975,-9400,-310,91,-13084,4804,1321,-22027,1905,-274,-9268,4804,1321,-27108,-3140,-4500,-22,-6615,-1350,-4500,-1860,-6615,-2235,-6791,-661,-1929,1984,-7406,1803,-6841,558,329,1803,-5610
2/2/2024,409,921,-2433,1215,1035,-2733,716,632,-2433,510,1965,-3632,2953,-2645,-5449,1890,180,-6754,1018,-3405,-6624,2320,6255,-3870,2567,-100,-3239,2320,6255,7350,515,1165,-5122,1355,1035,-4640,1031,1005,-4640,1065,600,885,2405,6213,-3552,1890,-626,4065,1180,4675,-1497,2179,6204,-25600,1525,4675,714,2320,6255,-24085,665,-1447,-236,-485,673,-1447,-96,-1715,-3905,-7225,-3830,-1681,-4876,-3529,-4231,-3426,-1985,-3250,-4231,-3618
2/5/2024,3012,4761,654,2535,4349,-954,4274,657,1343,2615,5841,-550,-413,4618,4188,-650,1914,-4490,785,2527,5428,-1395,-560,-482,38,2510,5755,1208,-718,-3257,3170,6334,-904,2535,4349,-724,4274,4045,-724,930,2888,2838,-355,2772,1420,-268,3140,-585,1490,6544,5771,1443,4074,-9478,1490,6544,3986,1140,3786,-5759,6760,-1551,6775,866,5094,1527,6140,6295,3542,4048,-297,478,5162,705,5550,-2114,5570,3135,5550,-1504
2/6/2024,16,956,-1087,460,380,-450,1354,1320,-1087,15,1605,1304,2510,908,-1369,3115,1989,-2489,3505,3213,1609,7610,7393,-4259,3112,3653,-754,6480,5949,-3516,15,380,688,1100,380,2544,1624,1730,2544,-93,4294,2369,2510,996,-1350,3100,1989,-688,3505,2009,1909,6267,11513,13455,5265,2009,-3031,6480,9460,12729,2822,10205,4401,4955,4358,10205,1776,4955,3338,1986,3969,1286,3239,-4717,4038,-5370,184,-749,4038,2105
2/7/2024,2420,2116,-3428,-250,2026,-3148,566,2016,-3428,660,1916,-4620,-910,7221,15336,3715,7264,-870,905,8646,6062,5634,5597,-1275,-374,21,-453,4644,5597,-4130,660,2026,-6615,-250,2026,-7125,-880,2936,-7125,205,1047,-2410,-910,7962,17435,2515,7264,12447,740,5277,7940,4076,-948,11654,-1540,5292,6227,4415,5597,11974,-2071,-4958,-3515,-5465,1157,-4958,-2255,-5465,6177,10337,7950,-1734,3994,1572,7100,-3491,1280,4307,7100,-4766
2/8/2024,-375,992,-3820,3295,1195,-3820,3274,992,-3820,90,60,-5445,11,-2050,686,1695,-2320,-168,1050,-2260,-4394,-353,-5055,9473,3670,-1900,-1990,-483,-3800,11978,3790,1110,-4947,3295,1110,-6548,3295,1110,-6548,2785,-2175,-3135,110,890,3984,1695,-2725,3847,1050,-1000,-2986,138,-3252,12205,4125,-1000,-6646,-1060,-7910,12205,4017,-5693,420,-4865,4017,-5693,5,-4865,2413,1593,3740,9466,5771,-2851,4765,5106,1200,-5365,4765,2601
2/9/2024,-1490,-204,-5557,-1795,-2325,-2595,-1524,-304,-5332,-1985,-2360,-2210,-1995,-4470,-6165,-1160,-3865,-6379,-1813,-5083,-7686,-1500,-1740,309,-1490,-2800,-4430,-2305,-1875,4883,-3165,-2325,-4142,-1580,-2325,-1500,-1580,-2140,-1500,-1625,-2730,243,-1635,-6635,-12825,-1285,-2515,-6379,-630,-1619,-5969,1232,-2825,7664,-2710,-1619,-5969,1790,-1605,8702,-5383,-2907,-3610,-2081,-4424,-3062,-3500,-1926,-4450,-7425,-300,-4500,859,-4193,-1285,-3578,-2998,-5430,-1285,-1769
2/12/2024,2825,-1806,-5900,1745,-1220,-2623,2240,-1806,-5900,-630,-1220,-4618,-1120,-3385,-5060,15,-3390,-4810,-95,955,-7493,8841,1407,3170,2160,-2425,-334,12274,5807,3155,-630,-1220,-2573,1745,-1220,-3560,2240,-1220,-3560,-880,-2255,-1435,-570,-3170,-9048,-635,-2375,-9165,620,-1715,-13863,9840,682,-34290,1365,-1715,-12380,14047,1800,-32650,-2130,-6578,-2130,-4882,-2130,-6578,-2130,-4882,-2787,-5474,-3250,-6480,-5561,-7490,-2675,9033,-1150,695,-2675,11254
2/13/2024,3594,4309,18760,2586,4071,19452,216,4309,18760,1701,4071,24901,1890,1918,-2850,1480,9934,8360,-115,5014,1749,680,9065,-2834,2373,2105,3455,-234,7704,5765,3483,4071,15309,960,4071,15346,330,4071,15346,1494,5386,12828,55,4210,1680,-1765,7315,11530,1335,3735,4012,254,8483,36411,350,3735,4012,-932,11302,37214,7651,6578,6289,7049,7175,6578,6854,7049,3168,-747,3744,8847,8274,6021,6138,18362,180,4164,6138,17656
2/14/2024,719,955,3783,1465,1495,2915,1084,-529,3783,-490,836,5076,3850,7910,1457,3456,5625,15369,996,1331,8817,2932,2545,7625,5886,1370,2299,1717,1725,4468,-490,925,4983,1415,1495,5494,1885,1495,5494,300,1830,1080,3765,8405,1044,2621,5625,7465,4059,8347,5169,1821,5877,-14573,4179,8347,5820,2030,2545,-10945,2735,5433,3244,3469,2899,5433,3354,3509,3920,6598,4107,3218,490,7728,2113,10189,554,2903,1278,6368
2/15/2024,-311,-3015,-3325,105,-3015,-2185,169,-3015,-3346,20,-2795,-2643,1111,-2955,-6137,2000,-3515,-6145,-690,-3260,-7482,-550,-2747,-2567,680,-210,1241,-1450,-2460,-2894,20,-3015,3500,105,-3015,3758,105,-3015,1797,-830,-4000,948,1130,-220,-3300,2000,-4020,-5850,380,-3800,-15379,-1129,-558,-41197,680,-3800,-16470,-1665,-2670,-40255,-445,-1851,-1221,-6531,-445,-1851,-2850,-6531,1840,-6921,-2391,-7359,-619,-7381,-5222,-2350,30,1241,-5222,-5165
2/16/2024,2927,2806,-2293,1923,860,7977,1893,2081,4815,3000,1375,-85,2171,3315,3095,2505,2195,3258,3185,62,-2705,2365,1218,-268,1134,1219,1773,2245,1043,-1492,3085,1375,317,1923,860,4090,2150,650,3795,3100,320,1520,2875,4005,5085,2505,3312,7671,1465,65,-1553,3183,-3424,-13854,970,65,3644,2245,-380,-13893,7912,2211,7355,2700,7646,2211,5505,2441,3307,-2052,3218,3258,2148,4847,1580,8766,3641,2061,1580,12931
2/19/2024,-250,6380,1935,1400,6380,1935,1400,6380,1935,-1240,5460,1935,-425,6250,7840,-1898,5205,5525,1825,11655,7070,1110,18305,-360,874,6240,-1110,3630,17495,-420,-250,6380,1935,1400,6380,1935,1400,6380,1935,-420,4615,1935,-1200,6250,8605,-1015,5205,6870,1825,11655,7610,3630,20255,7680,2325,11655,7610,3630,20255,7680,-1740,-3795,-1740,-4375,-1740,-3795,-1695,-4375,-320,3190,1445,-400,6715,3221,7770,135,2390,-1105,7770,255
2/20/2024,1891,6035,8307,375,6235,7962,1815,6662,4656,1909,5615,8387,1139,-238,1491,3955,1482,825,3341,-61,894,3595,4536,2231,1912,1806,3353,3970,4146,105,1909,6035,8307,375,6235,9530,1815,6662,7605,-760,7246,9535,1455,120,-841,3320,-583,825,2932,1513,-1667,3453,4536,-358,2842,1513,-2553,3970,4146,-575,3539,3810,5199,7674,2767,7924,2697,4127,2619,-192,2680,-149,5008,2688,-1272,-411,3158,4526,-1662,4093
2/21/2024,3360,4976,7693,4785,6424,10920,4785,4776,7693,3360,6709,10779,5415,7265,6432,2945,3352,12207,1424,8251,15785,3475,7187,-2269,1171,3758,5564,3095,4950,-2755,3360,6504,8723,4785,6424,10899,4785,6304,10429,4000,5606,5476,5415,7650,10334,2945,5790,8706,10537,8189,13663,3095,9737,8780,9952,8189,6971,3095,7187,4509,1867,5003,3064,5318,1339,5003,3380,5588,6025,5144,640,6802,2919,6982,5058,4277,3843,7832,5058,3119
2/22/2024,-1430,-4183,-4486,-1845,-4020,-3971,-2390,-3680,-4551,-1885,-2820,-3749,-533,-3845,-6184,1020,-3965,-3698,-1745,-4206,-7472,560,-5415,-194,-1489,-1430,-2935,-295,-3770,6410,-1820,-2345,-5296,-935,-2345,-3476,-840,-2005,-3797,-1560,-2495,-2840,2400,-4640,-17117,1570,-595,-1029,620,3020,-11789,-388,-7208,-12673,575,2830,-11370,-295,-7020,-9561,-4060,-5941,-4000,-5845,-3180,-5981,-3415,-5845,-4395,-7060,-4250,-6550,1450,-6862,-3975,-2127,-2730,-4855,-3975,-2660
2/23/2024,-476,-3154,5079,1290,-1548,-1188,-315,-2774,6406,702,-2073,-3451,-90,2417,-2588,540,2423,5922,1327,3872,5523,-705,1770,653,-1475,2549,126,-1144,372,-4025,-1260,-1883,5489,-1500,-1548,7140,-315,-988,7890,810,-4150,2392,-90,2959,2295,455,3210,2787,1034,5344,10837,-313,487,32817,880,5344,10840,-455,-905,33448,-270,1990,-1501,-7320,-943,1990,-442,-7320,2281,6237,1021,3315,3455,12574,6253,9574,778,577,6253,6330
2/26/2024,-128,-970,-5522,355,-390,-4886,340,-485,-5522,75,-833,-5251,-30,560,-135,65,325,-4064,1615,-138,-7866,-305,-2070,316,1195,1575,-593,-305,-2070,1249,235,-875,-5705,355,-390,-4945,340,-390,-4945,395,-960,-5428,-30,650,-3203,110,-165,-4796,1615,960,-12978,432,-2070,-46745,1326,960,-12978,-305,-2070,-46745,-2676,-6083,-3946,-5405,-2676,-6083,-1851,-5405,321,9332,1876,3982,2584,1066,9028,2991,1315,491,9028,5430
2/27/2024,1245,3795,4649,1135,3795,5639,1363,3795,4649,997,3795,4799,1410,216,1507,4810,-908,-2851,1980,2,3617,1715,-3940,-4504,75,5210,1267,1715,-802,-7383,997,3795,3384,1135,3795,3814,1135,3795,3814,-630,1788,2442,1410,216,2201,4810,-1905,2089,1980,-125,8024,1715,-2320,7682,1970,-125,10101,1715,-3670,5828,2290,2610,6072,5938,2290,2610,4248,5938,-1636,2173,3906,4162,7630,3215,5012,647,4701,2964,5012,-681
2/28/2024,2875,5050,3462,3650,7527,2686,4420,6959,3462,2875,1505,3316,4576,13901,15682,7145,12096,-416,6855,13305,15158,6860,18364,-1390,5666,3153,4485,6060,14143,-1410,2875,4881,4107,3650,7527,4613,4420,7777,4613,3045,7295,5410,4011,13957,18458,4655,14550,-5110,5445,14237,12683,6882,15391,-3187,4965,15347,12295,7208,16614,-10940,26,3950,-20,3714,26,3950,-20,3714,15882,23296,5420,3715,3018,12293,1575,-4155,5533,1268,1575,-2698
2/29/2024,30,4797,-2733,630,4853,1432,-325,2602,-2733,90,5003,1673,1655,1619,-1442,1465,2762,1773,1320,1341,-2055,95,1495,9204,80,1402,3734,440,1495,9546,520,4853,3080,630,4853,4248,-325,2689,4248,-1445,-100,2233,665,550,-2381,805,2762,1773,1345,2855,-2024,221,1310,18782,1020,2855,-877,440,1495,19334,1214,8548,1485,9508,1199,8548,1120,9508,-54,-4858,2380,2336,-3219,-3788,1940,9044,240,-880,1940,9603
3/1/2024,-1445,-3750,-3516,-1785,-3750,-551,-2500,-3750,-3516,-1955,-2065,-882,-1595,-4465,-6380,-1250,-3850,-7400,-1685,-4500,-8175,1435,-3300,870,-1470,-2670,-190,1171,-2375,-4714,-3970,-2880,-1884,-3225,-2880,-572,-3160,-2880,-572,-4480,-2600,-2648,-2750,-9895,-22064,-4140,-6640,-8390,-350,-6990,-14665,1046,-5748,-12217,-955,-7365,-14155,1095,-5220,-12217,-5091,-2664,-4100,-2278,-4241,-2664,-2870,-2278,-4480,-7015,-4495,-7375,-7000,-7472,-3290,-4917,-2520,-505,-3290,-7017
3/4/2024,2985,5146,471,3600,2600,-1157,3600,5255,-956,2985,3421,-3547,293,2470,-1295,1853,4903,2171,1920,1110,-5218,2613,-1350,-4268,3535,2385,688,2123,515,-5061,2985,2045,471,3600,2600,-4195,3600,5255,-4195,880,4305,-3692,293,5540,-797,1853,5455,1662,1920,1965,-6117,2123,-1692,7035,3380,1965,-5345,2123,-1692,7035,1891,1066,2255,7147,2106,176,2290,8037,5252,2445,2310,2879,3425,2782,5490,2310,-190,1668,5490,4642
3/5/2024,950,1155,1923,2110,1380,-177,3261,989,2724,250,1605,85,1053,10509,6560,860,13038,13988,4649,18470,24069,990,16507,83,4280,2597,-1910,725,13723,3559,895,560,24,2110,1380,-3126,2195,2425,-2916,2120,520,-4446,2045,10738,18508,860,13038,21365,5345,22214,29681,272,17908,9446,4420,22214,30490,725,19270,9576,940,307,875,-2790,2165,437,3590,-2795,13746,5177,10429,12104,12408,17395,10805,1151,3469,-1625,10805,3468
3/6/2024,-230,4990,5460,400,6179,3331,840,7573,11378,-295,3405,3141,1855,1134,-1099,1775,-735,2370,4788,906,-417,4612,-2315,-4059,3949,3399,3720,4364,980,-3979,570,4990,6068,15,6179,3826,840,7573,8998,1725,3230,3376,4203,-580,4275,1775,-518,-9479,4535,-90,-480,3424,955,-2066,3767,-90,2350,4364,-2315,-11545,1500,3901,1801,4358,2125,7195,749,3430,-736,-1658,-4310,-6503,-2178,-4404,-1696,-2886,2236,2912,-1696,-6651
3/7/2024,-1490,6347,4874,-1710,8311,3114,-1500,6347,4874,-1975,5778,12675,-1840,-3965,-5055,-1495,-2830,-6570,-1799,-3560,-7165,4860,-2145,-5220,-1249,-1920,-4470,4290,-1113,-7218,-2250,9276,6462,-1325,9276,6904,-1330,9276,6904,0,7217,16054,-1349,-1850,-15351,1225,-2325,-11275,-1295,2445,-10473,4890,-2782,-27746,-1930,2445,-9335,4290,-3073,-27178,6091,3731,6818,6697,5366,3731,4322,10264,-3255,-7430,-410,-5303,1162,1392,-2745,-5000,-2240,-3635,-2745,-7075
3/8/2024,985,2205,6126,2620,3484,6299,1607,4386,7609,1825,1090,4909,1557,2141,-2734,1204,4440,-3167,888,1937,10827,-1095,11822,-2309,-1201,1208,2095,505,10220,-1055,985,1385,6126,2620,3484,6299,1915,4386,6202,1575,2567,3509,626,2040,5315,1204,4440,5815,-315,2285,9714,-1725,1501,11272,170,2280,11060,-1725,3024,13013,2736,5448,3555,4072,2937,5441,3137,2110,1730,-6165,2616,5325,1721,-6215,7413,30520,-2935,35,7413,32374
3/11/2024,895,-2313,-3496,1925,-2565,-3667,520,-1083,-3496,782,-1690,-4293,354,9218,16871,310,-1005,7215,1796,9632,16095,1015,2157,-4572,1561,265,761,465,5325,-5466,-65,-3985,-11608,1925,-3635,-12831,585,-3635,-12831,-1685,-2575,-11736,210,8613,18091,375,4580,7402,905,10650,16661,3415,7608,-24727,590,10980,16015,-450,5163,-24758,-806,-6077,-1648,-5203,-806,-6077,-1751,-5203,3300,7358,1600,3548,3749,5594,-5620,-6826,7,644,-5620,-6826
3/12/2024,834,-406,3951,135,3525,15031,-382,2326,4900,1915,1624,2875,-205,-3547,-6803,160,307,-5309,-361,-2864,-4906,150,1944,3970,211,-1111,-3290,150,1131,10109,1915,4512,2928,135,4868,4920,185,4552,4920,1025,-260,4170,5,-2860,-12055,1510,110,-5193,426,-1244,-1302,150,-570,11246,1465,-1244,-1392,150,2216,7059,3797,11170,5521,10534,3350,11170,5171,10614,-4378,-7375,-1821,-3096,-794,-3337,1371,12097,-1579,-2210,1136,11727
3/13/2024,778,981,1087,2620,1892,-518,921,981,3753,2615,1747,-427,7327,7275,17174,4795,8870,21016,2880,3862,20076,5585,5090,17208,2014,2650,520,5675,2520,20453,-525,837,2163,31,837,963,31,837,2909,4082,2312,1405,7327,9415,23223,4775,9605,20506,2880,3805,21659,6639,4006,29789,3180,3805,22832,5675,5515,30986,2195,4393,3395,6204,1227,4393,2590,6204,4050,22127,-692,20949,5232,33332,12121,11160,4880,2818,12121,12800
3/14/2024,4035,9350,11119,1540,9620,8267,3832,10258,11119,6731,9824,11400,4891,4315,5357,2820,-1315,21476,2588,10130,31193,2117,13770,12649,1431,11,1045,1250,11410,11045,6731,9620,11119,2595,9620,11890,2111,8775,11890,2570,9900,8760,6910,9430,23852,6251,5387,30160,465,15550,37285,2097,12648,29705,1745,15550,37591,1250,14921,41986,3252,10197,5804,12080,508,12927,2835,12401,3304,5275,5716,25064,10396,35629,5186,3744,1230,-1739,5186,7272
3/15/2024,427,791,-522,583,36,-403,-784,625,826,645,1374,-2603,1940,8336,14351,2356,4250,11510,1145,6314,12908,1530,3714,1817,1183,4090,1011,2460,6744,2368,597,2379,-1372,1130,1383,2263,770,1548,-1158,-400,-565,-9539,2015,8336,11548,2476,4929,15926,1145,6314,18757,2342,4034,6211,960,6314,18623,2460,3714,3833,1899,6108,1322,6581,1899,6108,1190,6606,6539,16418,5853,24944,7206,16137,5158,10414,2856,2480,5158,10414
3/18/2024,240,-2660,-4832,-610,-1762,-1146,7,-1834,-4951,-775,-5,-1376,1658,800,-2755,475,-135,-6140,1141,93,-5430,5,-3050,779,-299,-925,-950,-100,-3195,779,-285,-2290,-6719,-760,-1710,-6085,-760,-1710,-6434,-245,-1613,-3724,1725,800,-4014,475,-135,-6480,2190,305,-8232,871,1631,2216,2115,305,-5413,925,2820,3425,-2949,-1909,15,-97,-669,-1909,165,-97,1272,-4003,1120,-1320,846,-6238,1988,-2354,960,853,1988,-7160
3/19/2024,141,-3001,-4270,-1275,1245,-4270,45,-2776,-4270,32,-2805,-6475,-1614,-3691,-6835,-845,-3595,-7170,110,-4355,-7447,1025,-6450,-5880,-1160,410,-4425,1546,-4425,-7455,-1035,-310,-3877,80,-325,-3890,-95,-85,-3890,-3545,-1859,-6045,220,-180,-10779,-245,-595,-6070,540,685,-5296,2158,-7377,15013,355,685,-3365,1040,-4400,15606,-1354,-7690,-3945,-6415,-3945,-7690,-3250,-6415,-3963,-6354,-3870,-8420,-6937,-3721,-6460,-6920,-2570,-5495,-6460,-7490
3/20/2024,70,1961,2914,1180,2694,486,908,1183,544,100,3220,-1970,105,4280,3351,-580,10,-5260,-560,1655,-3355,5,-795,7659,225,2450,-2400,35,-3410,1544,100,2095,1286,1180,2694,1755,-225,2275,1870,-910,2745,3430,105,4280,5963,170,4350,-177,-560,60,-1697,5,-495,-5130,225,55,-1189,35,-175,-4552,-473,7053,-55,5253,-520,6485,1910,4994,4135,-1486,-2520,-6205,1275,-3834,-5980,-6985,19,-5190,-5980,-2560
3/21/2024,25,-2365,-6492,-680,-1640,-6245,-994,-2066,-5842,125,-2600,-6245,1391,-3727,-6599,725,-1906,-3993,496,-3877,-7487,2280,2926,-7378,1551,-15,1161,2745,118,-8238,-865,-1720,-9620,-680,-1640,-10040,-1235,-1730,-9390,-1315,1148,-10445,1390,-3225,-10307,725,1355,-4047,690,-3580,-13783,2712,-856,-8675,1005,-4075,-13783,2745,1500,-10368,-2343,-6541,-3602,-6576,-2343,-6541,-2422,-6576,-400,-6142,-2275,-5608,-715,-7451,10314,2767,2921,460,10314,1613
3/22/2024,490,-3840,1147,445,-3840,-1004,485,-3840,1147,215,-3150,-2087,620,-1310,-6643,-1390,-1945,1987,-1300,-1103,-986,-1070,-5290,-2781,1167,230,-2455,2305,-2405,500,105,-2955,-932,485,-2955,-4051,485,-2955,-4051,420,616,-4175,2125,-4160,887,1130,-3730,1987,-2515,-4895,2397,-1415,-4342,-5023,-1350,-4895,2810,-1455,-4440,-6395,-340,-56,-745,1770,-340,-56,-745,1770,-2705,-4903,1815,2644,-2744,-1085,-260,-4373,-3455,-5935,855,-5618
3/25/2024,3005,362,-1698,2805,4706,-1216,3969,362,-1698,3934,4573,-1330,1165,785,-1660,4150,1230,-3318,2140,-361,-1033,1735,-1490,-1169,3690,1174,-880,1735,565,-5992,3770,3948,-6336,3795,3948,-13690,3795,3948,-13690,-780,2555,-5805,200,1578,5050,4723,645,-4499,2140,2125,-4393,1735,-4914,-57998,1510,2125,-5615,1735,-7435,-59099,-1190,-2313,-2683,-629,-1190,-2313,-2167,-629,-870,-2395,-2770,-3651,-2330,-3383,-1890,-1608,90,-2060,-1890,-3286
3/26/2024,-485,890,-6346,-725,665,-4245,-1035,565,-6516,-820,-613,-4265,390,-1001,-6999,-500,-1580,-4389,-820,564,-7443,260,466,2943,-290,3127,-2531,-145,1078,3218,-820,890,-6346,-725,665,-4245,-530,565,-4435,455,-2785,-8345,390,-827,-15686,-500,-1376,-2881,-820,736,-2610,-270,153,24743,-295,736,124,-100,466,27938,-5759,-7984,-4225,-8680,-4914,-7984,-270,-8680,-3215,-6987,-1135,-4495,95,-3655,1479,5750,1265,-889,1479,7850
3/27/2024,5680,-14,-300,7155,1910,-300,1365,407,-300,780,335,165,4330,5022,1653,3205,5496,1938,3891,3167,786,5620,6660,5320,2973,4598,1678,3055,8737,1825,5680,-180,165,7155,1275,165,1365,1275,165,785,1389,-890,4330,9990,1027,3285,15356,-8972,3460,3165,-5167,5101,10401,-17404,4668,3165,-6393,3195,10433,-20627,1591,-3105,-250,-4545,-121,-3679,-490,-3101,3389,-1420,12700,-2035,2417,3729,8859,-1992,3087,2446,8859,-2117
3/28/2024,25,-40,-3257,-1545,-1039,-5875,-1545,-40,-3257,25,-849,-4740,185,6863,-1381,370,6103,-2945,5955,4481,-3556,3186,-4600,-5780,2965,3600,360,3590,-2745,-7375,25,-930,-3257,-1545,-930,-6135,-1545,-930,-6135,-2345,-1400,-4170,185,12405,7534,370,4372,-2945,5955,4275,-2419,3590,-3169,-13944,3180,4275,-5925,3590,-5580,-20235,4474,-3182,2735,-3723,4474,-3182,2850,-3723,4223,2130,-1375,-889,-24,-3419,-3370,-2502,3185,2061,-3370,-5088
4/1/2024,-1100,106,-5158,-525,-880,-3990,-528,-426,-5158,-1745,-5,-2360,3337,2940,-1712,915,-2491,-1156,2300,5789,176,1933,3095,-2446,981,3795,-345,1933,6100,-2112,-2425,260,-5728,-160,-960,-4560,-160,-960,-4560,-3720,-5055,-5160,3795,2940,4284,-60,-4890,-7306,1425,5655,-949,1933,270,-25897,1300,5655,-6080,1933,3095,-27104,161,-375,-760,855,92,-467,195,950,-2179,-1289,2515,-3691,-1845,-4183,-4038,-3035,1002,-860,-4038,-3435
4/2/2024,-1200,-1215,-5997,-1900,-1140,-5335,-2090,-4275,-5730,-1580,230,-6630,65,-2305,-3540,-710,-2285,-5880,-1040,-3870,-4500,170,945,-5701,-975,-1545,5,-530,310,-1603,-1580,-2270,-8173,-1900,-2140,-6381,-3140,-3440,-3930,-1920,-5505,-9121,65,-4065,-11321,-660,-1945,-8340,-2445,-5785,-9127,-355,945,-20452,-1210,-6155,-7340,-530,945,-17745,-3558,-5023,-3614,-4395,-3614,-5023,-3320,-4395,-4470,-3983,-4015,-7420,-5105,-5919,-2685,-386,-2135,-2525,-2685,-386
4/3/2024,2158,95,5123,380,2321,2651,275,4272,2500,195,430,8871,328,1080,-3014,-442,-3569,-7340,-981,-884,-5989,-455,-4390,-4930,1290,746,-2932,-455,-2150,-5285,380,430,5123,380,2321,4266,275,2306,4266,631,-1250,3871,800,-264,-11345,-590,-3875,-20110,-715,-579,-15865,372,-2719,-13418,720,-579,-16150,-455,-7250,-20545,1020,8311,1020,6951,1020,8311,1020,6951,-990,-4478,-1336,-5439,-5825,-2959,-6280,-6590,-243,245,-6280,-5775
4/4/2024,1180,-789,-2087,10,315,-3755,429,-622,-4333,2775,34,-1011,60,-2140,-5316,-1150,-1100,-1106,-935,-1750,-5674,1270,-820,6054,-1305,-1725,635,1210,-855,6304,3605,34,-1871,690,315,-1336,615,-253,-771,930,225,870,60,-2140,-2712,-1150,-1100,-1106,-935,-1750,29839,1254,-3473,37238,-1260,-1915,-3436,2370,-2840,6022,-3189,-3397,-2845,-2065,-3189,-3397,-2845,-2065,-4090,131,-885,2909,-1410,-1849,500,3744,-1115,-1820,500,3744
4/5/2024,529,5528,1786,1858,3340,-1049,1004,3900,1786,315,5310,-1042,-1995,32,-4973,1100,-1095,-2583,844,1456,977,-1490,-4455,-5389,1682,-2055,-4450,2412,-4055,-3951,1607,4785,1786,1858,3340,-662,1323,3340,-662,1689,3356,-4507,-2260,-335,-3630,393,-640,-7215,-995,1005,-721,2942,-4455,-17002,-1545,1005,-2553,2963,-4455,-16964,468,777,-530,-1684,-392,777,-530,-1684,-938,768,2220,1194,782,3149,-5360,-5536,-1265,-5445,-5360,-2446
4/8/2024,25,1193,-3978,180,230,-1127,110,1193,-3978,-55,765,-3137,1808,6038,1534,2308,5895,-6810,1074,7637,3908,2865,2265,-4175,985,2777,2276,2860,-1433,-5670,25,230,-6028,180,230,-5187,180,230,-5187,-1755,50,-1810,1808,6588,113,2308,5895,-1455,1410,8418,6912,2297,5599,-5473,1570,8418,5517,2860,6054,-5885,968,-3532,1139,-4435,848,-3532,934,-4435,6870,653,8965,-1195,6171,-586,1937,-1510,2358,3757,1937,305
4/9/2024,1334,4007,5653,1745,2250,6632,1321,5964,5653,2615,1355,6632,1571,4803,10408,1805,2555,4295,2968,-1375,-1585,2715,3260,-3095,1363,-1090,-3015,2715,5372,-4655,795,2155,6274,1845,2250,6164,2420,3423,6164,3169,1251,-129,3135,7929,13839,1805,4556,5550,2770,2551,5697,2964,11544,-16773,1940,2551,8771,2715,7709,-20548,4294,-421,3225,250,2529,-421,2430,250,2941,3352,-871,-1215,1782,-1622,1545,-4095,-1095,-3100,1545,-4095
4/10/2024,4729,6657,8121,3400,8890,6431,3938,8095,9720,3680,6668,12416,5314,7723,9677,4585,8295,10188,1810,4254,11719,2265,11358,9847,5005,5119,6045,4912,9690,10479,5447,8556,13031,3400,8890,12676,4307,8888,12676,5815,8735,7477,5725,7723,9085,4365,8295,9796,1810,6816,2281,4377,12263,12436,4310,6811,4498,4947,12263,10479,1269,7252,1595,5634,1269,7252,1243,5634,5340,12708,9460,8089,5407,14737,11437,10141,5528,2353,12202,12419
4/11/2024,-310,-269,-1879,265,-140,-1804,210,-114,-1854,-700,130,-2644,-765,-4190,-6647,-1395,-3860,-7268,330,-4035,-7425,955,1775,7735,-1015,-2065,-1650,810,1530,1646,-1195,70,-2964,265,-140,-1970,210,10,-1078,935,-2470,1322,-765,-6260,-16870,-355,-1395,-6063,1125,-4535,-87,138,1200,-1123,1105,-4480,720,810,2200,-1123,-4049,-1592,-3317,97,-2831,-101,-2382,97,-3915,-6440,2519,-3390,3282,-7439,-930,5631,-705,-2058,-930,5967
4/12/2024,-1115,-993,-1107,-1115,-1828,-2047,-1920,370,-1187,-720,720,-3951,1935,9792,8109,-1400,9940,14935,2279,5351,10246,579,3003,2389,1051,470,1040,950,-1937,1279,1095,-1860,-5499,-1115,-1828,-4775,-1920,238,-4855,-125,-2285,-10260,2260,10272,10329,850,10463,15012,2180,5870,10536,1349,3479,1933,2025,6013,8234,707,4530,5332,120,947,598,-2190,360,947,331,-2190,2773,7386,4465,6757,8171,14525,917,2875,-581,1805,917,2875
4/15/2024,587,1264,-236,1097,1458,667,-92,-742,712,1121,-343,1745,-1575,-1060,-6052,896,2149,-570,-1835,3954,-7389,-1420,14702,-5215,-1465,-1371,-1950,251,9093,-3405,1745,1900,-504,590,2160,1305,900,-275,2012,-1270,1170,2209,1480,-1060,-8617,1105,2149,-74,-2490,3195,-2201,1190,12766,-1715,1280,3035,-2535,2185,14442,-1050,2133,-2503,2583,-2360,548,-2503,663,-2360,-1559,-6613,3728,-2184,4837,-2752,-780,-1990,-1028,-1945,-780,-2200
4/16/2024,2612,2183,-233,3385,2033,-233,3392,1329,-233,4038,5178,3278,4815,5726,16357,3295,4903,16809,2591,7952,16135,440,6807,-1048,2762,3304,2203,3815,6802,-486,4518,5178,2230,3385,2033,2230,11810,3299,2230,3735,3880,5711,4815,5726,27664,3295,4903,21355,2508,5401,22959,950,6182,1738,3224,5396,26600,3815,6802,3499,3187,6806,5336,6090,3187,6806,5336,6090,4711,15024,2310,4560,2210,14629,1766,-2837,-1240,2617,1916,-3496
4/17/2024,220,455,-634,525,885,391,2165,900,-301,220,455,534,2854,3220,-6447,2420,4927,3510,5169,7644,4976,1010,12195,15660,1078,218,246,755,6485,22755,220,455,-562,525,885,809,2165,900,129,115,570,263,1075,2840,4282,55,4777,7380,2182,8760,12356,1546,8351,4623,1987,8760,12175,755,6548,5068,2183,778,2160,618,2056,898,1660,4300,-4192,-5778,2300,-4290,7284,-2983,2573,-3326,32,1035,2573,-3326
4/18/2024,114,1368,5043,1890,2150,7851,1545,1368,5198,2095,5366,2250,4077,1732,-4372,1930,2016,919,1666,3449,-5026,920,8182,13383,2480,2695,-1534,1175,8338,9832,2115,2150,4673,2090,2150,4673,1990,2150,4673,2254,2885,5858,4567,2070,-8134,1930,1740,-5856,2835,3035,-4811,1143,11407,11796,1716,3035,-4873,1120,11820,13252,1996,1239,2196,9115,2981,1239,1580,6854,3164,-2336,-1180,2339,5644,687,26139,-6520,1963,4846,26139,-6193
4/19/2024,-190,656,-3771,905,1325,-1369,915,265,-2021,175,1460,-1472,1426,-2178,-6236,841,-1140,-771,-1845,-1112,6853,5248,1290,3323,833,-2605,-4745,3390,-1120,6128,175,1770,-2721,905,1325,-563,915,1705,73,510,-205,-10688,2475,1236,-2525,1330,-1140,-76,3085,3235,5671,1610,907,23430,2025,2560,6083,4085,4140,26436,-471,-4185,-730,-4748,-151,-4185,-1230,-4173,-2154,-7060,95,6833,-1568,481,3851,10845,-2641,-4740,3851,14025
4/22/2024,2508,-22,-5245,288,886,2661,670,-22,-4271,1405,2524,-4856,610,3702,-60,2095,-1758,-1432,2357,761,-3665,-685,-5735,-405,2287,2686,5564,-170,-3922,-2535,1405,845,-4282,1315,845,-3720,1415,845,-3720,360,-2590,-5486,890,2965,4203,2095,-100,-6004,2985,1830,-8574,-344,-11806,-6090,1975,1830,-8885,-170,-9965,-5660,2437,-604,375,-275,2427,-604,1085,-275,1025,-2072,-2248,-6985,-5153,-5713,-2420,-770,-955,5484,-2420,1830
4/23/2024,1715,1411,-116,-100,2015,80,-70,3131,-116,-425,3149,-2301,-588,-4510,-5120,4285,1229,-1730,1229,3080,7131,-1408,-2475,-4865,1329,-2025,-2555,3060,-455,-5234,-515,1865,-116,-100,2015,-2185,-70,3310,-2185,-660,2135,-2965,145,2365,1236,1640,1790,-7633,965,3910,9125,2062,-4677,-9215,655,3670,5680,1755,-4470,-6231,2762,3012,6030,69,1477,3012,3685,69,-1521,-5127,900,-3840,1295,1337,-2755,-6535,-2529,-5665,-2755,-6535
4/24/2024,-1340,867,-3546,-50,545,-2594,1739,1548,-2840,-1530,700,-3031,3045,2266,1253,2428,3525,5630,2505,175,-1051,2665,-3951,-3353,3311,-1369,-775,3455,2175,-5496,-79,3284,-4366,-50,545,-6021,1794,1055,-5602,124,624,-3759,1392,1585,11995,3237,3860,2535,2230,2170,6052,2698,-2678,-15789,1720,2170,3682,4215,-4310,-18893,-247,-1113,2570,-337,508,-1113,-20,-337,5325,-5753,3369,-2156,1907,695,4275,-3025,1936,-1240,4275,-5117
4/25/2024,-85,259,-3779,-595,-165,-1897,-710,259,-3779,-190,-1429,-1897,-1970,-4445,-197,-1060,-3995,-940,-1970,-3590,-578,2042,-1280,-4995,-1470,-2500,-3595,440,-2805,-7205,-85,-165,-3024,-595,-165,-1897,-710,-165,-1897,75,-1005,-6682,2400,1940,715,-1515,-1120,-40,3265,3240,-276,577,-1280,-4371,3670,2750,-1610,875,-1280,-3565,-1401,-546,-1816,-1941,-1401,-546,-1816,-2426,1462,-1673,3582,14030,6014,10410,2100,6496,1677,1963,2100,5495
4/26/2024,880,-111,-4230,615,-281,-4230,2205,-285,-4230,950,-305,-4820,-750,1186,-3160,-1475,305,3545,-1610,3371,10857,-245,-5435,-4438,-1475,-730,-2980,1295,-3380,-7331,1015,-150,-6845,2835,-281,-6845,2205,-486,-6845,1845,890,190,-1930,4895,3386,-350,305,3932,270,5945,12714,2447,-5404,-21082,1045,5945,11959,1260,-5435,-25236,-352,-4751,290,-3241,-2548,-4751,1440,-3241,3313,233,4164,2870,6409,10719,-1897,-5496,795,-540,-1897,-6773
4/29/2024,4616,6740,2364,2966,6740,7708,3143,6740,2364,5141,6150,6236,7656,7998,14986,1710,8360,16920,4636,8616,14150,4065,5875,3575,3833,5095,5173,3985,5943,4800,3815,6580,7262,2966,6580,8951,2966,6580,8951,6093,9390,7213,6836,10350,28285,1710,13790,28975,6275,11375,36373,1158,6012,4565,4760,11375,36564,3985,5870,4560,5778,3654,7165,3785,4982,3654,5840,3785,4456,12333,2726,9298,1454,7058,1538,5152,2422,4915,1533,417
4/30/2024,-1290,-1678,-3983,-885,-2840,-5755,212,7885,-3983,66,7818,-5202,993,-3623,-6909,465,-1785,-7100,214,10301,5158,280,2544,15950,462,184,15,595,2680,13135,575,-2990,-5118,230,-2990,-3650,1055,-2985,-3650,-2275,-4775,-5072,670,-3505,1630,515,-1310,-6400,-130,7788,3251,-824,6698,8796,190,7788,1731,470,8506,11247,-1934,-2904,-1070,-4065,-1299,-2904,-60,-4065,-3420,-5780,2915,-7400,8228,-5204,11353,-685,-844,840,11348,-685
5/1/2024,1765,6272,13618,1955,4540,7453,3881,11635,9894,1750,6442,9883,3944,4145,19508,7110,5375,32729,3075,5355,20136,5080,5380,16508,2845,2295,4523,3300,5380,24590,1750,6272,9722,1955,4540,7520,3842,11635,8303,1397,5477,8400,2210,4145,24377,2075,5375,30754,260,6270,19114,3035,5309,1858,-600,6270,20115,3300,5380,4971,5792,10300,2772,9032,3756,10140,4100,9032,4545,17708,4530,14022,2190,21165,-845,7010,2223,5885,-1735,5215
5/2/2024,-752,3681,4481,65,3395,5840,245,1028,4403,-435,3270,5653,-830,-1815,-1431,-140,-1005,-6317,-1700,-1463,-7483,-400,-2530,-5975,-636,2425,3937,-1330,2556,-7350,-435,3681,4481,65,3395,5840,-285,1378,4833,-835,3755,3834,-830,-895,1166,-370,-1155,-7344,95,112,-6496,-1669,-1704,18026,35,262,-5143,-1330,-2530,19516,-434,2912,295,5385,-906,4632,450,3205,236,-4466,-170,-7495,1785,-7499,-6495,-6860,90,75,-6495,-7495
5/3/2024,-1345,2634,-2554,925,1333,-787,420,1624,-2554,705,-1100,-4670,1281,4169,5744,6000,3690,2162,3935,3589,-2819,140,7821,-4394,2133,1443,1701,-2010,6795,-6552,-595,-1950,-2329,-95,1406,-6635,-95,-1445,-6635,-335,411,-4910,1350,1311,6189,5135,4290,1459,40,3661,-2779,-477,7231,-21875,1575,3236,-5142,-3505,7821,-24485,-317,-4035,-550,-3870,-317,-4035,1485,-3870,2953,5759,6929,4349,6542,141,15226,-149,2630,1836,15226,-6208
5/6/2024,-1345,-1625,-1301,-1940,-1275,-1665,-1325,-2220,-1301,-1835,-1115,-685,-1605,-4135,-5510,-590,-2985,-7020,-1490,-4430,-7073,65,2486,-2687,-1125,-1520,-3895,60,-1960,6136,-1865,-1275,-209,-2565,-1275,2250,-1320,-2220,2250,-655,-1485,285,-2715,-8665,-22705,475,-2985,-7390,-1490,-1880,-11674,65,3381,3440,-1560,-1880,-16050,60,4355,3663,-860,-3488,-860,-2005,-1106,-3488,-955,-2005,-4160,-6460,-2655,210,-4095,721,-465,6663,-2330,-5905,-465,6935
5/7/2024,1880,4154,-3548,2015,3085,-2346,1840,2895,-3548,2350,4750,-3090,2295,6680,-4224,2395,-478,-6090,80,3153,-299,3500,2608,-4331,175,850,4216,3205,2608,-6084,2300,4235,-4678,1965,3085,-8680,1870,2848,-8680,1300,4573,-2245,1870,5595,198,2395,-310,-7750,-285,4535,-73,4155,2608,-5732,430,4535,-1070,3035,2608,-6553,1873,-6298,260,-4826,1787,-6298,2213,-4826,-227,2614,-460,-6408,694,-4544,2701,-6840,3015,107,2701,-5992
5/8/2024,679,8163,389,4554,3830,-3510,-234,6271,742,1150,3050,-995,-266,-3251,3826,-825,-545,1949,2718,-2179,1813,-825,8425,-3985,680,-710,-2930,3760,8425,-5925,1150,6049,3063,4554,5725,-3388,-85,4918,-3388,-460,2140,4478,-2015,-590,11607,-1585,-695,4664,4010,2435,2600,2677,2918,9531,2010,2435,898,3645,8425,3288,5,60,5,540,454,60,5,540,46,469,-1049,-2226,7549,-1777,100,-6215,4230,-1305,100,-5455
5/9/2024,575,3537,-2585,2705,3509,-5113,1685,3537,-2585,2810,6783,-5888,338,8473,10467,613,8495,3052,2843,8400,3375,1987,2038,-2849,761,5008,95,2420,278,-2626,3090,5695,-8157,3730,5695,-10665,3230,4642,-10665,3180,5638,-4845,610,8473,11106,613,8495,579,2832,8400,3543,2203,1576,-27655,3315,8400,3597,2220,2875,-28315,-1859,-3003,-1343,-2760,-3400,-3003,-636,-2760,2481,8908,2214,2558,10121,-67,467,-2926,1504,510,467,-3404
5/10/2024,-395,-836,-3309,2570,1505,-5945,800,69,-3309,-395,-1485,-5060,700,-1643,3122,210,-129,-1739,-679,-2240,-6335,425,-815,-3464,-710,-188,-802,385,770,-3253,-395,-3250,-2389,3100,415,-4275,970,415,-4275,-1160,-620,-4750,1280,-270,4843,210,-1255,-6379,-195,-924,-7206,385,-4798,-48951,-685,-889,-8955,385,-2040,-56284,1594,-317,1025,-2431,1594,-317,1185,-2431,-173,1562,688,1770,-4991,3648,-2951,-3120,100,1435,-2951,-3345
5/13/2024,-688,2605,-764,203,4675,-1932,-567,3640,-764,-472,2605,-2683,155,6060,9645,155,4450,5919,270,11823,9471,-755,15954,1617,1215,2340,210,-500,15396,2320,-472,2605,-1303,203,4675,-2173,-567,3640,-2173,-1375,4110,-13,155,6060,10433,155,8795,15480,270,12625,20006,-500,17983,17971,1370,12625,18496,-500,17983,20070,-1990,-3004,-3073,-4983,-2276,-3004,-2770,-4983,12192,2844,4807,-1025,13217,8387,6903,603,2947,1660,6903,603
5/14/2024,-1102,388,91,1735,-1555,-875,3795,-1740,91,-45,-2385,-691,-35,-1465,-6872,100,-2869,-7041,840,-1215,-1599,-485,2210,8659,490,-905,-1930,-605,1360,8359,-690,-1555,-1501,2952,-1555,274,2952,-1549,274,-340,-2210,-2690,-35,-2560,-4606,1511,-2869,-6431,840,-1035,3672,-605,-168,-1189,490,-1035,5489,-605,140,2194,1539,558,1031,2430,1518,558,620,2430,-3956,-6848,-2981,-7440,4230,-7426,274,4508,-1199,-4295,274,5354
5/15/2024,-1210,-4089,-3505,-1970,-4345,-5777,-2300,-4089,-3505,-1995,-3080,-5432,-1520,-4230,-6695,-1080,-3975,-7455,-1803,-4490,-6472,-1500,3490,6631,-1465,-2255,-4405,-2495,-2075,8487,-3255,-4345,26,-2390,-4345,1027,-2390,-4345,1027,-3355,-4455,-38,-2520,-8995,-20570,-2830,-8990,-6625,-3800,-6195,-11209,-3702,3382,2388,-3940,-6195,-10635,-2435,5180,32986,-3065,-580,-2965,-106,-2965,-95,-3005,-66,-3810,-6205,-4235,-3695,-1978,-3206,-530,-243,-3900,-2655,-530,-393
5/16/2024,0,-495,-4512,95,-495,-3560,95,-1280,-4512,0,-495,-5310,85,-2465,-5090,-435,-3615,-6340,1011,-4475,-7150,785,-45,-4607,204,-470,-935,1020,-45,623,0,-495,-9620,95,-495,-8320,95,-1280,-8320,2280,-2000,-8241,85,-2465,-13805,830,-3400,-8060,765,-5680,-14625,2608,-1396,-6155,270,-5680,-12705,1080,-45,-6632,3882,-5163,800,-5720,1593,-5163,-2545,-5720,-3220,-3818,-1760,-6820,-3415,-3381,181,2464,15,2852,181,685
5/17/2024,-367,-662,3650,150,-662,4799,370,107,3650,-95,1068,9068,1870,-1465,-4408,2405,5833,1370,175,3660,4551,-1030,9835,8778,-1010,-200,948,-1945,8239,13627,-95,-651,12566,150,-651,12241,370,324,12241,525,1010,15246,1870,-1727,-2348,1590,5165,7993,175,1980,16978,-1421,15518,35065,60,1980,17547,-2415,15558,37931,4972,13492,5982,13681,4972,13492,6062,12596,357,-5280,7367,15379,2217,7974,11498,22930,1735,6776,11498,12841
5/20/2024,3259,6350,-5061,735,7116,-4412,4172,6350,-5061,3815,5370,-6472,2732,11477,6030,4115,12075,4030,5498,17703,10327,3800,20522,-3973,4141,7605,20,6380,15352,-5786,3815,7615,-5600,535,7615,-10300,680,7615,-10300,100,4471,-3209,3355,14049,2064,4575,15645,-197,5815,19945,8587,6002,24825,-9640,6158,19945,3198,6990,25376,-12769,3176,-3603,4410,-3689,1515,-3603,4407,-3689,11358,3671,15769,-2322,13300,-5488,27731,-5995,7725,195,27731,-5162
5/21/2024,-1275,-3685,-1565,-1212,-3685,-1565,-2485,-3685,-1565,-1840,-2550,-2500,-1543,-4320,-6929,-495,-3575,-1934,-1975,-4115,-2388,-855,-1991,1704,-1260,-2340,-2830,-710,-870,2223,-1715,-4015,-3385,-765,-4015,-2500,-765,-4015,-2500,-625,-5170,-3620,-1015,-5670,-13217,-575,-5580,-2205,-2695,-7650,-7546,-1447,-1827,33697,-1435,-7650,-7705,-710,-1991,34485,-1776,-1464,-1645,-2475,-1776,-1464,-2030,-2475,-4485,-4150,-2700,-4337,-5070,-6298,1010,1148,-3070,-2485,1010,4565
5/22/2024,530,3648,3664,1940,6420,3664,2205,3150,5353,1920,5115,6057,20,-4385,-7000,3025,-3915,-7495,2735,-4400,-7495,600,1473,-5850,4105,-2485,-1305,-530,-4330,-7470,1920,4670,10407,1940,6420,10407,2205,3150,9703,545,3505,1723,20,-485,-9527,3025,3685,-14625,2735,2520,-17340,1598,2530,-37710,635,2515,-18215,-480,2530,-39600,1090,5550,1090,5251,-190,6164,-1241,5251,-1211,2047,-1760,-5945,-1832,-2551,-140,-5150,-55,5950,-140,-6213
5/23/2024,1329,705,391,1720,4520,5003,2212,1715,1666,997,3630,4076,3622,855,-1495,341,-845,6188,5210,4330,9525,4865,4485,-5902,4989,480,3430,4865,4045,-5929,1825,3425,-1926,1960,4520,6244,2217,4420,6604,2951,235,-3990,3715,855,7787,245,-1225,6493,5567,4330,6877,4514,3592,-9382,5505,3650,5768,4865,4045,-10678,1240,5988,3041,3947,2138,6988,3126,3597,808,-1734,4375,6504,4149,5790,5381,6677,2814,2153,5381,7894
5/24/2024,-1485,-885,70,-1910,-775,70,616,-775,70,-1620,390,91,-1965,1630,-1320,-1300,-234,-4805,-1945,-1977,-5573,-1300,-6055,-5160,-1300,1105,-2195,-1515,-3765,-6065,-1605,-885,91,713,-775,91,840,-775,91,-780,-335,4610,2009,1630,-7415,-2270,26,-13936,425,-1246,-18276,1921,1320,-16794,70,-1246,-24119,-2805,-7555,-20890,5087,2122,4810,3370,6521,2122,2036,3370,3038,738,-3920,-1190,-3084,-5660,-6065,-6015,-950,-1925,-6065,-6095
5/27/2024,-910,-966,2794,-535,-990,3224,-535,-966,2794,-415,265,4700,-1555,-3865,-3310,825,1190,1170,-664,190,1855,-885,-1380,495,-489,-2000,-375,3490,5246,-50,-415,-990,5541,-535,-990,7286,-535,-990,7286,-595,225,4704,-2090,-2975,-1990,1820,1190,1170,-600,1015,1855,1024,-750,-1617,-1125,1015,1855,760,-1380,565,-1890,3427,-2115,3299,-1890,3427,410,3299,-3930,-6705,-590,-515,130,-5116,-845,-1980,-2235,-530,-845,-1980
5/28/2024,1080,4160,14902,2340,4160,14831,1919,4511,14212,1105,3596,16764,6185,4675,15516,6525,1536,14087,12725,5045,11409,8935,-175,4805,10905,835,1083,8995,939,2010,1080,4160,11644,2340,4160,11134,3870,2930,10864,1190,2125,12744,6185,8745,32037,6525,5640,18471,15660,7595,20428,9929,248,6350,15690,7595,21108,8995,-175,2882,1484,3093,1173,3949,3207,-1901,3460,3899,3664,12492,170,2405,3360,-99,-1280,-5827,6801,1913,-1280,-6362
5/29/2024,971,324,-986,1970,-681,-1145,2158,-1378,-856,1060,275,430,2468,-1499,-4668,1450,-1000,-6125,1918,-1574,-5260,770,2500,-1710,1438,403,385,995,2500,2118,1060,-631,67,2440,-681,2470,1615,-545,2470,1290,1320,2065,1280,1105,-6104,1550,-1000,-14969,150,-1535,-22796,3746,2500,-17343,110,-1535,-22070,995,2500,-18170,2554,1404,4043,5440,2519,1404,3148,5440,8835,-2074,2743,32,7090,-5523,1450,-2671,5801,4571,1450,-3415
5/30/2024,1004,130,-2546,1895,-479,-3798,1295,671,-2546,792,1063,-6543,-670,-4187,-6154,225,-3855,-5670,2685,-5131,-4816,1880,-4090,-145,977,-990,-978,1275,-3560,-4115,817,988,-7067,1895,-47,-6030,2605,1177,-6030,1882,103,-387,50,-4410,-6693,395,-3295,-3084,1600,-3571,-8587,-695,-4371,4230,1070,-3571,-7760,1205,-3556,5895,104,-3940,1075,-2806,104,-3940,3022,-2811,-4371,-6639,-2320,-5178,-6954,-3581,-797,6824,-18,-1147,-797,11413
5/31/2024,4153,8606,8532,2380,10519,13478,2480,9837,5309,4950,9528,14300,1061,-2152,-5917,2127,2941,-3023,1797,-994,16841,1879,806,4350,1570,6729,1355,1104,3083,5170,4950,8723,8532,2380,10519,12468,2480,9893,9480,3980,10660,10172,1460,-2320,-5662,2127,3915,-5120,3560,170,-2932,-1173,-6662,-20154,2380,755,-3611,1930,-3685,-19705,5549,11488,7513,12037,6738,11942,8685,9843,11835,-6783,3640,1011,3465,-1609,4405,3688,6395,520,4025,9871
6/3/2024,1221,1182,767,2670,2100,2266,1143,3451,954,-75,1890,5570,-1620,-3950,-5505,-1390,-2022,1339,-1610,1129,-1428,-1390,-1610,-880,-1390,-2830,-1430,-438,-2014,-4195,-75,3089,606,2670,2100,1377,1793,660,1307,448,904,-2675,-2315,-5940,-7741,1780,-605,-6856,-240,115,-5001,1189,466,12022,1176,115,-6009,610,-4680,7718,5707,5166,3669,3818,6019,4598,1310,3818,-4400,-7075,-4400,-3490,-959,-1309,1208,-5205,-2605,-1600,1355,-4022
6/4/2024,495,-1223,-1306,-275,-1375,-2763,-599,545,-2701,-250,6860,-3178,1570,2504,2513,2065,1950,1079,3627,3369,-3726,530,-1310,-2746,5207,2220,1181,-328,-1103,-4417,495,-1424,-4931,-275,-1375,-5070,-540,-1375,-4885,25,-3805,-5070,1570,2630,6198,2065,1950,4966,4040,3369,1930,-429,-2442,4388,4695,3364,4109,-145,-1310,9779,-256,-2497,719,-4350,-256,-2497,-485,-4350,285,-6459,1583,2257,939,2950,825,14,2646,720,825,14
6/5/2024,-1200,-3480,1092,-1500,-2165,2640,-2265,-2165,-950,-1370,-1875,5298,-1635,-3895,-5740,-1415,-3995,-4762,-1965,-4500,-6071,555,775,-18,-1310,-2845,-4460,440,350,7497,-1370,-1560,4560,-1500,-1420,4687,-2265,-1420,4591,-1120,585,2655,-5310,-8165,-20486,-3430,-5345,-7389,-2910,-8570,-14611,828,0,15935,-3455,-8570,-13598,1030,775,16197,-1230,6061,-2555,6686,-3211,5734,-2790,6686,-3830,-6114,-4485,-5940,-6083,-7239,-3005,14835,-3380,-3055,-3005,16441
6/6/2024,105,3107,2885,-255,3154,2885,1908,3651,2885,125,802,2076,2839,17186,12862,1180,2381,8307,6825,20696,11517,7300,9151,-312,4810,5830,3215,7499,5185,-2667,105,4046,2076,-255,3971,2076,470,4502,2076,20,1262,1985,2743,17186,9438,990,2381,8307,6825,20820,11517,5763,15055,19548,6525,20820,11540,7499,15884,20788,930,-6048,604,-6750,-138,-3347,-2235,-6750,6365,5765,771,4324,3401,11756,2305,2504,257,-238,2305,5439
6/7/2024,2440,-429,2121,1622,-4,-623,2316,2271,36,2490,31,-1533,-620,2392,5945,595,4872,8762,-106,2965,5744,760,2931,12620,-757,6466,4018,870,5758,4521,2490,-44,2121,1622,-4,-1719,3188,1439,-1719,3007,2011,-436,-620,4325,8645,1070,710,8277,-1320,3850,7857,226,2804,-6240,350,3850,7437,235,2316,-7849,1249,-2324,1884,-2589,1249,-2324,1209,-2634,5208,3169,6310,5396,1518,3967,80,998,1258,2243,80,918
6/10/2024,351,2030,3355,930,1321,3355,1515,2030,3355,400,1512,-2626,1405,1496,3053,60,-571,16105,5241,3889,12163,630,8284,2927,115,210,-2400,1518,8284,2927,400,1321,1308,930,1321,-2626,1080,1321,-2626,402,460,-2874,3270,6675,24560,1485,4481,18785,5260,9322,27357,2285,9223,2547,2935,9322,27033,1518,8284,2960,3045,1917,2501,-2426,3045,1917,2036,-2426,2394,5674,11201,6966,10826,4926,4033,-5267,-1516,-1895,4033,-4472
6/11/2024,1595,1645,-1780,545,545,2782,545,1645,-1780,500,-500,3475,-1955,570,-5369,-1490,-1173,-3841,-395,-3650,-7234,-1460,3946,5548,558,-371,142,220,2340,6188,500,545,-1780,545,545,2802,545,545,2802,160,-960,-252,-280,-996,-13776,-1855,-344,-4404,-395,-5225,-11939,476,2795,16461,-35,-5225,-11111,715,4255,18516,-3088,-3683,-2925,-2152,-3088,-3683,-2925,-2747,-3728,-5922,-1483,-963,-3306,-6624,772,-3575,-362,-411,772,-3575
6/12/2024,7185,4754,11511,6710,5830,11203,5895,8452,10092,4245,5751,10859,3796,13851,26985,4725,16186,28122,5687,18010,34390,6520,10400,14089,5035,799,4625,10830,10400,18698,4430,4944,10911,6710,5830,11533,5895,5563,11418,5305,4244,9289,3681,13415,44408,4846,16186,40976,8070,18010,40886,8311,10400,20802,6946,18010,40104,8196,10400,22041,3857,5856,2154,5258,3857,5856,1234,5258,16889,25685,18240,29845,17528,26829,21205,21622,13270,4606,21020,24402
6/13/2024,-295,1612,-1890,1780,1226,-2281,1245,2928,-1890,1012,1346,-2281,2640,-2378,-4252,2195,655,-5770,2885,-2762,-6216,2487,1367,-4056,1391,3526,5086,275,966,-4705,1105,1321,-806,1540,1226,-566,1245,2119,-566,-315,-935,1289,2640,-2885,-11630,2365,-2640,-9880,1315,-4365,-7043,1469,2705,16188,485,-4365,-13970,350,2561,12716,3661,3846,3212,6425,3517,3846,3032,6425,5130,-3770,2166,-4941,-1253,-6640,1498,-1486,89,1830,1498,-3499
6/14/2024,485,2242,-2943,-40,2097,-1290,430,2617,-2943,-915,807,904,594,-502,-3536,555,3028,250,-419,-2810,1635,450,5515,6591,1206,163,-1446,445,4645,8481,-770,1707,-2764,-40,2097,234,363,1917,234,-2215,-1835,-1360,365,-602,-5309,555,3028,250,-320,-2475,1635,771,5354,29448,-310,-2475,2508,445,5515,31200,389,-1222,-1200,-1931,389,-1222,-1390,-1931,-4030,-5099,-127,4882,-1315,-4323,4330,6014,-2535,-715,4330,8186
6/17/2024,-1400,-848,3725,-950,-2135,4002,-2235,-833,3665,-206,-1300,4235,-1745,-4080,-6765,-1475,-3900,-6650,-1920,-4840,-6855,-1370,-5825,-4187,-1262,-2600,-4900,-2360,-4445,-7170,145,-700,4143,-950,-1535,4420,-2235,-1535,4360,-305,435,6096,-469,-8045,-13970,-1085,-1390,-9400,-390,-8815,-17510,-4558,-8760,-29534,-1600,-8815,-17510,-2410,-8290,-29271,-2188,202,-3481,3901,-2373,202,-2835,3901,-3850,-7410,-4210,-6960,-6010,-7478,-4963,-92,-2978,-1930,-4963,-5285
6/18/2024,3425,5119,2129,2920,5289,664,2975,5837,2129,2800,4079,843,3407,7480,9138,1950,4551,3921,3350,9439,-631,2832,6555,1471,3580,3696,1849,955,5625,-3166,3425,5268,1208,2920,5289,-3887,2975,5291,-3887,-860,6490,2280,3400,7480,15003,2985,4551,3921,3350,8830,8903,4737,6538,2673,3765,8830,-2953,3510,6700,-2511,365,-3351,835,-2640,365,-3351,1110,-2640,885,9641,811,3415,4756,-724,-3353,-3120,2565,3778,-3353,-2675
6/19/2024,90,725,-795,520,725,-795,520,725,-795,90,725,-795,-380,3180,2575,-210,4965,6955,-390,6815,10653,1145,8270,6663,-250,955,692,1070,8270,7258,90,725,-795,520,725,-795,520,725,-795,-1045,-1245,-415,-475,3180,2575,-210,4965,8375,-485,6815,10653,1070,8270,14584,0,6815,10653,1070,8270,15535,-1530,-288,-1530,-2630,-1530,-288,-1530,-2630,3515,868,3665,2075,4270,-213,2135,-1535,2755,1205,2135,-2455
6/20/2024,718,4925,486,1625,5040,798,1405,4785,1321,2570,4180,1986,858,4199,2764,-1075,8153,19629,1231,5502,13712,1345,13453,27622,1395,3298,2315,1345,13453,28866,900,5180,68,1625,5040,221,1405,5040,426,1720,2252,-2595,335,4199,7197,480,8825,19629,1145,4614,17014,2461,13339,13357,1395,4614,18138,1345,13453,13278,3051,2345,3765,1010,3051,520,2570,1143,4432,6047,5439,14282,8353,16453,3805,1980,2510,2036,3805,1980
6/21/2024,3938,-128,-2856,4866,2856,-3798,2292,4679,-2856,3066,711,-4798,2374,5891,3300,3672,5165,898,4380,8870,2999,7365,1940,610,5015,9255,2005,7232,-570,-2605,5895,2378,-3613,2140,3387,-7482,3822,5944,-7482,2660,2500,-2169,2675,5265,3058,3762,6965,3910,4380,9720,2775,7077,2482,-13718,5390,9720,4873,7762,2750,-11653,-1587,-2757,30,-1874,-1396,-2757,-1714,-1874,12325,10089,5133,5882,7650,4281,3932,-570,3980,1215,3932,-1990
6/24/2024,-1195,41,1606,-45,1056,-346,479,-1185,-5111,-1450,863,2780,140,1933,-4980,-280,3345,4324,1734,3612,3346,-40,4950,268,731,1287,2425,-265,2983,8898,-1450,152,1770,-45,1056,1659,-405,-719,616,-720,-5430,151,140,1185,1197,-280,3345,4591,1255,4113,3346,-1238,5186,16049,1180,4113,5144,-265,6162,18435,3134,4057,831,4109,2148,4057,2921,4109,5050,4562,2209,9127,7616,11103,1048,488,1496,2929,1048,1295
6/25/2024,3298,4680,1275,1315,3255,2017,1100,3210,1145,4471,6008,1637,1542,-1083,-2467,4055,-305,2699,1942,-1425,1419,1525,4198,10725,2080,500,-2170,2276,4198,10855,4366,4680,1275,1315,3255,2017,1100,3210,2017,-550,1785,54,1035,4490,387,3375,-305,2699,2285,1046,11224,2112,3242,41492,1475,1046,7224,1430,4198,42123,3763,727,3165,328,5238,727,2907,-190,-1004,-6751,-685,3066,3812,6510,-1159,15265,-435,-2610,-1159,15804
6/26/2024,-404,3325,-749,3115,3465,-937,2737,3776,-749,2280,2425,-1832,1359,13212,19641,1835,8108,8179,1691,15188,15834,2380,8902,9459,1367,2054,5646,2915,6305,2135,2975,3640,1117,3065,3465,4285,2737,3000,4285,2845,2835,640,3535,12303,23067,2685,8108,10555,1682,13466,21606,1578,20307,10055,917,13466,16285,3665,18962,4690,4131,2640,3881,1532,3698,2640,3133,1532,4113,6979,563,-568,5363,128,6968,-3120,2105,1526,6968,-3614
6/27/2024,320,950,-1793,2446,1617,-717,2747,-1482,-1535,1300,-529,-1571,3449,8550,18371,3210,9323,1136,2563,8223,-5281,4300,2310,-4729,3349,6904,1130,4200,2310,-6409,1300,3040,-2937,2446,2000,-5642,4046,800,-4443,-920,2275,-3163,2910,9389,22044,1700,9323,1319,2008,8503,-1821,5645,3273,-36465,3325,8503,-481,4200,2310,-34931,1184,-5299,2069,-4679,165,-7091,3669,-4679,7853,21338,1120,-362,9344,-544,-6236,-3324,3790,4480,-6236,-3529
6/28/2024,2556,2837,-1616,2910,2147,-464,3125,1697,-2522,2095,3387,4862,485,-722,-5573,1075,-1770,-901,715,-3646,-6036,546,2513,-2889,-295,-2685,-88,374,-1851,-7350,2670,3367,3635,2910,2147,4787,3125,1807,4507,345,157,1757,485,-695,-18775,795,-1770,-901,960,-2930,-12688,557,-31,5071,275,-2930,-10664,55,3070,3656,3737,6081,1290,2060,4621,6081,1290,2060,-3409,-5774,196,2437,-3012,319,65,1049,105,42,-1127,-1105
7/1/2024,-1013,-870,4204,-435,-880,4361,-893,-75,4204,-435,-870,4741,330,539,-6995,-1435,608,-6780,-1084,3723,-7470,-1410,4183,-1641,768,42,-2175,3,4183,-4041,-435,-870,4474,-435,-880,4741,-435,-75,4741,-455,1738,3874,550,-405,-6681,-1430,-285,1135,380,3783,2136,-575,3107,37576,555,2965,1628,-55,4183,29901,-489,5195,-365,2380,-2037,1881,-1176,6250,-570,1981,-1224,1410,241,169,2411,2386,-1985,-2000,2156,3446
7/2/2024,-1084,928,3870,620,420,4185,-914,928,3870,-445,-300,2922,-695,-4132,-6886,-1415,2040,3154,-80,-4211,-7408,-1140,1510,7332,-625,-2305,-1350,-1435,-440,6928,-445,845,3653,790,845,4185,-470,845,4185,-1045,69,-2645,-695,225,-14248,-2315,3305,3429,520,1860,-4382,-954,4138,33344,-135,1860,-4034,-765,4300,34622,2636,4712,1561,4754,-298,4712,2384,4754,-3991,-7462,1748,2595,-101,-1101,3536,2486,-3590,-2510,3536,2486
7/3/2024,-1042,-1435,2833,-830,-1435,4025,-850,-1400,2833,-975,-1585,4459,-1925,-4260,-6695,-1235,-3980,-6695,-295,-4260,-6695,-285,4040,-4190,-402,-2150,-4485,-650,-2795,-4190,-440,-1435,2833,-830,-1435,4459,-850,-1400,4459,-440,-1725,1785,-2015,-10585,-19950,-475,-4685,-8405,-565,-10085,-10514,-1527,4257,-4190,-65,-10085,-10400,-625,4705,-4190,-1340,3990,-1045,5609,-1340,3990,-1205,5609,-4270,-6215,-4450,-6100,-6540,-7190,1020,-2690,-4270,-4206,1020,-2690
7/4/2024,-280,4730,2895,1610,6645,2895,2295,5610,2895,355,3305,2895,4220,7155,3995,3000,5795,10840,5175,11140,13320,210,9195,4085,4215,2760,-465,2350,5295,5075,-140,4730,2895,1610,6645,2895,2295,5610,2895,-65,4605,2895,5250,7155,5910,3105,7845,12235,5175,12665,16575,2195,17415,27265,7110,12665,16575,2195,17415,27265,736,-2955,270,-2955,736,-2955,625,-2955,4565,717,2305,1665,650,558,530,-770,1525,-460,530,-770
7/5/2024,-429,-3612,904,-1470,-4460,1623,-1255,-3612,904,-1505,-2350,1623,-1875,-4355,-6820,-1305,-3240,-5966,1441,-3970,-6198,920,5502,1679,1197,-2030,-4560,1810,5009,521,-2320,-4460,904,-1660,-4460,1623,-1465,-4460,1623,-1880,745,150,-285,-12525,-21450,-1115,-8575,-6750,1054,-10700,-4781,1865,6152,16477,1301,-10700,-6695,1855,5605,17513,-2844,780,-2362,778,-2862,341,-1452,778,-4480,-6460,-1745,-5230,-4666,-3894,-1520,-3215,-3000,-2590,-1520,-6060
7/8/2024,90,2485,-2623,385,1455,-1045,25,241,-2623,275,1560,588,673,3489,25428,-935,505,12035,698,3938,22630,3955,-2790,-2371,-935,790,9576,-390,-1380,-3773,275,2485,1622,385,1455,33,-850,150,33,1285,2395,-1325,60,3489,22080,1170,505,15798,-605,3872,27821,-10,18,10433,-975,3872,28211,-10,-2790,11468,-612,-1279,-1286,-5195,-934,-1279,-2444,-4340,3013,16704,698,6594,2275,9263,-391,-116,113,7652,-391,2153
7/9/2024,-1495,3234,-2975,-280,4430,-734,-1780,4369,-2975,-1420,3515,-340,675,400,-5593,1065,-885,8987,-435,-2767,2493,190,2006,4025,-1187,-66,-1126,-1235,2600,5072,-1210,3770,1687,-280,4430,3722,-745,4905,3722,-930,745,5900,675,400,-5585,-225,-3165,9351,335,-2420,1875,1014,-17557,51985,-395,-2420,2646,-1965,-15985,53790,877,-1107,609,-1574,877,-1107,757,-1574,3000,-6638,-1831,1647,125,-1402,3039,-4122,958,-225,3039,1003
7/10/2024,-120,-1553,5260,-490,100,4031,-1277,-1753,5260,65,90,4076,-67,-3530,-6745,602,-250,-7285,-1580,-4295,-4381,10,509,-1221,-1305,-1645,-1355,95,-2932,-5480,-125,90,6668,185,100,7392,5,-110,7392,50,-950,4848,-1440,-10275,-19730,-1285,-250,-6925,-2275,-4815,-4381,-215,2854,445,-2750,-4815,-2623,-140,2997,445,2020,7483,3130,4199,2215,7483,2935,4174,-4410,-6530,-3490,-6046,-5972,-4598,-1249,-2865,-710,-1355,-1799,-2186
7/11/2024,-1035,2057,2015,2080,4191,476,1265,3027,-3142,-355,2448,-265,-1995,997,-5745,-1491,452,5143,-1935,3538,6853,-1465,1565,-5377,-1470,-144,-2180,235,1560,-3329,-1225,2304,-160,2080,4191,275,1265,3303,-3080,206,3491,245,90,1260,-2936,1760,920,6950,35,2590,7902,-436,380,6807,1600,2585,10086,-1220,1560,8068,-982,-340,471,1512,405,-3175,1392,1486,728,-2610,4335,10829,4376,12418,1825,1146,-31,-1254,1825,3446
7/12/2024,3605,1859,1839,5575,2742,4957,2719,1202,1854,4609,4349,6328,3696,3871,11857,1394,3284,-5075,3922,-1054,-2182,2891,-3010,-1836,3012,38,250,6600,-2025,-1957,2556,3215,1824,5715,2835,2948,5720,2935,2239,4315,5465,3614,4175,1450,4874,4170,190,-4931,4075,1155,3151,3417,-4890,-13987,3645,1155,-6244,4882,-3010,-15444,5297,15569,5347,9985,5592,15574,3749,10035,1399,7526,-872,-4814,1015,-890,5011,-975,1710,1445,5011,-2305
7/15/2024,5196,626,8487,2445,2355,9091,2902,4286,8813,5826,1205,13489,785,3855,4672,2286,5129,13103,3761,7394,20828,4669,4777,-1975,3387,-115,968,4131,4704,1325,5196,2241,8589,2445,2355,9091,2902,4210,9483,6159,5703,17906,2020,5014,7942,3404,3655,13227,4476,7270,20162,3134,4749,8574,4371,7420,23962,3874,4834,6490,3939,1668,410,1668,5382,1782,3700,3669,5216,13934,7555,16442,8647,7672,7598,9089,4120,1142,7598,12750
7/16/2024,693,2284,-2081,1942,2800,3818,1366,3262,-1065,-233,1778,-349,710,5856,2374,4815,4455,7041,970,4962,3640,1020,6465,7889,1825,4200,4006,1325,9923,11173,412,2390,1365,1942,2800,-3713,1735,2800,-3713,1838,393,-3740,710,5856,2657,4815,4455,7041,970,5405,3640,1161,6465,-1202,1825,5555,3934,1325,6465,-4854,3429,1688,3036,2697,3387,2913,3065,2832,2270,3176,1904,5722,3000,5126,4106,15492,4087,2162,4106,14212
7/17/2024,-1405,-153,-2217,175,538,-665,-75,133,-461,-1950,-359,-377,428,4840,-1107,300,-22,1523,5,2528,3543,50,6485,15993,1351,-1608,60,70,7000,12883,-1890,887,-533,-370,713,-113,20,1338,-33,-1960,323,153,974,858,-4500,-265,-12,2113,-690,3354,2094,918,8024,21374,-1925,3354,4553,70,7585,23303,3159,519,5920,307,2372,-181,4870,997,399,2263,295,-377,-875,4176,2000,14683,-3296,-1615,2000,11594
7/18/2024,2200,8049,18886,1660,7944,15294,3049,8697,13528,1805,7875,15973,2055,5052,26570,3499,6820,22297,4126,8031,33651,3370,13655,22838,3876,1850,1729,3365,9726,20274,2200,8517,18886,1660,7944,15933,3049,8399,14673,1056,8138,11425,2055,6499,32290,3499,6820,29266,4126,10943,39395,3370,10718,49924,3876,10943,40105,3365,13193,51458,570,6007,2915,4541,3314,3468,2270,1705,6574,18297,10045,20793,10734,26073,10925,-2221,66,11143,10925,-2221
7/19/2024,594,-1293,3215,882,-2440,1830,2078,-916,2984,820,-2005,3232,725,4118,-2444,1032,1644,11603,2760,6277,13816,4355,7719,-1578,1051,312,-4600,4906,5537,6941,820,-2725,3215,882,-2440,1830,830,-1103,4286,740,-3660,286,3525,3530,11145,2822,1644,11681,4585,6425,14310,3855,7587,20481,3302,6425,13718,4906,7719,21921,2482,-150,1073,1916,1771,1851,1242,656,1859,-3695,3681,9480,2483,8748,7102,4568,-307,-2735,7102,5123
7/22/2024,2794,1386,61,280,3880,6002,948,5464,4475,3886,2830,2910,3995,11905,3007,3275,4345,-1580,5072,12491,-3405,387,-2542,-4596,3952,7838,2200,755,-1392,-2539,4166,3932,511,280,3880,1471,280,4030,1266,2155,7723,1187,3995,11138,6126,3275,4345,-1530,3340,12403,-4215,818,-4330,-32552,3155,8615,-4446,755,-3190,-29423,1735,8697,290,6182,29,6083,2160,9082,8555,-4610,-410,-3960,5875,-4723,-219,-4710,3758,90,-219,-6997
7/23/2024,3116,3044,-3449,3013,3044,-2770,3001,1823,-3889,3000,3415,-3441,1515,5176,5980,4395,7707,8555,3721,7931,2057,145,-1590,-5945,1093,5384,3903,2896,-2035,-5681,3116,3044,-4076,3013,3044,-3676,3001,-285,-3617,1852,-100,-628,590,5176,5980,4395,7707,8555,4663,9243,7529,2108,2352,11078,2511,9243,9088,2896,1965,13005,5601,-1070,3009,-2573,1253,-4205,4983,-5404,9682,14084,13917,-1070,5681,5522,4079,-1582,4195,3535,2984,-3726
7/24/2024,-1295,-404,4562,-1930,877,5767,-1430,-1181,5426,-1565,-440,5719,-1995,-3255,-6717,-1480,178,789,-546,595,2407,-1440,-227,2770,-1445,-1859,-377,-2430,-227,4275,-2775,-65,4562,-2340,1220,5767,-1530,-390,5854,5,70,8498,-445,-2495,-11925,-3530,178,-4254,40,1050,-977,-3670,-805,11759,60,760,941,-3520,-227,12170,2060,3567,1690,4407,616,3567,2235,4392,-1665,-7096,1386,-4082,3940,3706,1776,24222,1173,45,1776,23997
7/25/2024,4667,-2690,1927,2400,-2690,2198,5068,-2690,2532,5376,2309,3666,27227,1200,-2044,2735,536,-621,2016,1905,-858,3520,5097,1600,3785,5060,2062,3520,5097,-869,4667,-975,1927,2400,-1040,4026,5068,-1881,5481,7238,-1045,7490,27227,2030,9966,3381,536,-4041,4186,3292,8555,3190,4203,-4217,4015,4250,6326,3520,5097,-6316,5348,7785,5764,-310,1518,-1224,6381,619,-47,17653,1408,6044,4958,-1557,5525,8260,6828,2062,5525,3532
7/26/2024,1587,5706,6217,1820,5536,4829,1820,6330,6217,1115,6451,4829,-135,4049,7010,2864,2497,-150,146,3422,1700,2924,4306,3038,714,1708,680,2729,7371,3118,1898,4720,6217,1820,5536,4829,1820,5050,4829,1365,3190,2166,-135,4375,10770,2864,2497,1440,-115,5524,388,2799,2292,-17711,906,5524,-391,2794,3525,-19191,-1495,-3483,-1895,-2540,-1815,-2555,-1206,-2565,4795,17482,-584,-1379,-2422,4920,-3490,8001,759,4196,-3495,8592
7/29/2024,835,-253,-2779,1350,-380,-4745,1170,-2477,-2779,745,-25,-1888,2776,4850,1299,4765,1822,-4118,3798,3563,-2115,7174,5461,-4013,649,4683,2220,7174,3561,-5509,835,25,-3615,1350,-380,-5443,1170,-810,-5443,-455,-386,-13185,2776,5453,6120,4765,1822,918,3106,3563,-152,7174,3605,6445,3207,3368,-1883,7174,4836,7193,181,4846,1658,1085,-626,4846,1658,40,7267,586,6213,-2484,5260,-2568,2250,-3924,1531,3706,2250,-2665
7/30/2024,663,6235,3517,1370,2968,5783,1346,4685,3517,1095,3250,2678,-1760,3713,-5525,-1270,2930,6988,-1345,8001,16512,-1330,4644,783,-1275,3057,-4480,93,6342,7804,1475,4113,6130,1370,2968,8188,1296,3333,8188,1980,3108,11693,-1520,2197,15422,1920,5005,7545,-1945,5752,17655,-1023,3646,10880,-1905,5752,16737,-1023,4070,13970,4393,731,1544,6498,734,-680,1494,6973,3042,-5955,66,-6130,1778,10526,1995,-3324,380,-4975,1995,-3648
7/31/2024,1535,6228,8313,4047,8937,5675,4555,2015,6400,173,6658,7694,5696,1263,2633,6005,3189,5573,7921,1592,4673,9223,-3223,-2619,6215,1490,1042,9291,-980,-4025,1698,3101,19860,4642,8937,10921,3988,4456,10531,1440,4952,5446,7345,2800,14513,6005,3189,10320,7921,3568,17123,5401,-978,6331,6215,3568,17677,9291,-4065,7226,5735,3884,3496,5590,6304,5388,2744,2964,2918,7562,4825,6467,7782,14789,2132,2559,1056,-410,2007,6264
8/1/2024,-1300,-2055,2485,-1670,701,4222,-1700,572,3361,-1595,-290,5365,-1940,-870,-6175,-35,-137,-6765,-1845,-118,-5900,360,-1610,-6000,-1480,-230,-1335,320,-1845,-6575,-1520,-665,874,-1345,-995,3325,-1700,205,4110,-1525,-2905,-2580,-2180,-205,-9248,-35,485,-2338,-2540,-845,-7890,-370,-1909,-6473,-1810,-1090,-7950,320,-1845,-8275,2983,796,3320,5058,3936,8040,5635,3985,-2256,-7465,1110,-2257,1754,518,-915,3058,-830,-1655,-915,15547
8/2/2024,-840,2632,5342,-1385,1140,-636,224,2930,5342,-989,2260,-924,547,4603,9212,751,3360,12433,1553,4702,11330,1615,9785,-4447,2549,2290,-420,1891,9785,-68,-600,1065,-2921,-2370,1140,-1414,1245,1580,-3974,395,3605,-5102,590,3833,11644,495,3360,14132,730,3881,11330,3194,9376,19382,1210,3546,13859,1990,9785,16457,668,-3759,-1270,-3400,1863,-3759,-1325,-3400,4895,8271,4128,7232,6974,12763,5258,1588,1060,-415,5058,3674
8/5/2024,1670,2909,1659,2056,2645,2171,2838,5216,8333,1940,2920,3883,2260,6991,2267,1550,5673,817,1909,6287,1700,7242,5117,-4773,4281,2921,-125,3897,2838,-3778,1670,3170,2264,2056,2645,2171,2838,2865,9162,1985,811,3399,2260,7065,857,1550,5673,817,3172,6380,-659,5272,3828,-10218,4175,6464,1213,3897,5112,-13811,5190,1749,2690,3516,5838,7799,4271,1885,5021,1939,2706,-1032,3205,-1000,4750,1120,6717,2531,4745,1120
8/6/2024,4535,3906,-85,4790,3906,1197,4655,3078,-85,4985,5823,-225,5719,598,1636,4492,19271,3745,2607,-406,14441,3730,1945,3505,5022,285,437,6200,2989,4612,4535,3906,-1502,4790,3906,-220,4655,3078,-220,5340,3728,8430,5365,4268,21064,6570,4358,3745,4230,525,7114,1180,14594,-9357,4150,210,6645,6200,1526,-6630,188,-1284,985,2589,2602,-1284,3816,5273,1366,1094,805,4275,-1597,13167,747,7289,3135,5430,742,11296
8/7/2024,751,3111,4032,1545,1585,4933,1275,4845,6554,2610,340,6183,2144,-729,-5257,-1260,-1943,-5379,-1590,1527,-7356,-1025,1635,-4414,-1420,-2040,3702,-2315,80,-3739,1650,975,4032,1545,1585,4933,1275,3125,8133,-770,2690,6407,-487,-75,10247,-835,-370,-7779,-1995,1875,1837,-1045,250,-5365,-1810,1630,-684,-1055,2410,-3599,23,-1844,-275,-245,-2046,-1869,2140,-220,-2046,-7395,-1334,-4935,7587,-6390,2475,501,2199,4718,2470,501
8/8/2024,322,-153,-4590,145,-1055,-4590,145,55,-4590,-590,-765,-2316,1735,2830,9760,1045,1823,-1555,847,3437,3803,910,2085,-5038,2180,1925,732,1333,1969,-7338,345,-160,277,145,-1055,-955,145,-600,-955,3094,-2970,-4948,1735,2830,9770,1045,1823,-1555,1235,2068,3803,308,3375,-23045,1305,2068,3803,2165,2085,-26300,-593,2437,980,1268,-593,2437,922,2923,4592,12055,1337,3422,1429,4491,1068,3483,895,1820,1068,3483
8/9/2024,241,769,-2300,1040,741,-2810,1418,-402,-2300,535,1591,-5010,3080,7529,12592,1340,6302,13606,3327,6166,14466,2605,3371,11221,3380,2665,-1380,2605,3371,13549,485,235,-10223,1040,800,-8070,1185,625,-8070,-310,-95,-11200,510,7529,9763,1340,6302,13735,3415,5953,15579,4270,3893,19214,810,5783,12805,2605,3371,4654,-3981,-4013,-2270,-435,-3990,-4013,-1970,-435,2372,4990,2435,11447,5055,6726,7113,1469,357,-1018,7113,760
8/12/2024,2837,1722,2098,2800,-1020,3232,2065,1722,-806,1960,4115,835,2582,3665,-3428,1650,4632,-111,3241,7467,14085,8359,10749,-1868,1971,2390,3982,8205,2990,-4029,2745,3655,2098,2800,3655,835,2005,5080,220,1105,340,6732,750,3665,-2736,1650,4960,145,3455,8225,14928,8158,30388,-11712,2625,8225,6960,8310,30468,-12835,1461,-4118,2460,-3227,-1395,-4164,1702,-3227,5094,-2587,8874,7593,11346,3545,24924,4218,3683,166,24924,-5657
8/13/2024,-465,-1456,-3398,785,-1155,362,-572,-1456,-3398,-260,-2970,441,-1945,-3765,-6915,-1470,-3995,-2536,-865,-4330,-6140,-1470,-420,467,-1064,-1695,-2750,-2495,-720,1590,-595,-1155,1523,-65,-1155,2783,-75,-1155,2783,240,-335,3629,-1895,-7855,-15815,-2815,-1610,192,-620,-830,-1838,-2091,2814,23582,-1145,-830,-815,-1925,-420,23582,-1037,4147,10,4210,-477,4147,-900,4210,-4030,-6240,-4235,-5950,-2687,-6027,4092,1214,-1738,-5990,4092,1214
8/14/2024,4340,5074,9369,3340,6765,11963,3858,4726,10304,3523,5730,11855,3085,5831,16284,3735,5262,6166,3551,3879,4080,2630,4106,-2702,1846,2314,4484,2630,4101,-6927,3975,6951,9971,3340,6765,12476,3858,7015,12476,4970,6934,11826,3085,6967,16772,3735,5262,8514,3425,4724,10967,3804,516,5422,2810,4724,8614,2630,4106,3040,3644,11588,4067,10630,3766,10444,5646,8399,5701,14011,3098,5590,3341,8960,-301,7067,124,3555,-301,7067
8/15/2024,-45,1090,8211,3310,1090,5085,2616,1090,8211,-180,2170,3845,4823,-4325,-6115,735,-988,-6293,6036,-3023,-6515,-1490,5655,-283,-1490,-2140,-3835,801,7685,-1167,-180,3010,6622,3310,3010,3845,2450,3010,3845,2910,6565,10041,7425,-2190,-7760,2370,260,3140,6065,435,333,-85,5248,-13209,5205,435,385,425,2650,-13209,4920,-965,4920,101,4920,-965,5065,101,-4280,-6490,-3623,-5531,-202,-6890,1537,-5293,-2460,-4480,1537,-3192
8/16/2024,82,1175,3793,-320,2106,5762,920,2819,3243,110,2091,8393,1384,-1645,-1094,650,-1174,-6330,141,-1515,-5112,-655,-5245,-1972,111,877,1978,-310,-4290,-2219,110,2552,7163,-320,2106,6782,920,3114,6782,900,1695,9848,465,-1195,4453,1720,-1174,-8765,-670,-2560,-7136,1169,-2979,-34216,-525,-2560,-6095,-185,-6250,-16296,742,13247,-535,10248,-199,11607,1087,11462,-1849,-3044,-1677,-6549,-3827,-6445,-2198,-6652,609,-1690,-2198,-4574
8/19/2024,-550,-1523,-95,-395,-690,1125,-968,-1523,-95,-420,1925,2813,-1975,-4380,-6985,-1370,-4000,-7415,-1965,-5030,-7493,-1495,-2644,-1931,-1460,-2970,-3110,-2065,-4055,134,-135,-690,-2022,-395,-690,-1188,-995,-690,-1188,210,380,-848,-4400,-10215,-20225,-3680,-8890,-7120,-4345,-10780,-17563,-2055,-3115,19613,-5360,-10780,-15155,-1245,-3205,19232,-2546,5864,-2235,6321,-2546,5864,-2275,6321,-4002,-7463,-4432,-3679,-4637,-2152,-2275,-2105,-2205,-1450,-2280,-2105
8/20/2024,918,1204,8938,625,2026,2160,-240,3037,9494,3542,4102,4980,-25,1950,11590,1645,-1860,4250,-74,1327,50,395,-695,-4668,789,745,3475,620,-300,-6429,3362,2670,8938,625,2026,3490,1655,5010,3356,2650,2610,-95,-25,1950,10615,1660,-1860,4250,-885,885,440,600,-1040,-2919,1210,-450,-1919,520,-1729,-39818,2470,5814,80,5440,2455,5814,205,5440,5499,13885,-254,-2799,1583,4720,-3586,1699,2049,715,-3586,-228
8/21/2024,3108,2709,7161,4325,3765,8810,2143,4603,8841,4952,5200,4133,7825,5023,11338,6295,-1970,12492,7373,2047,8952,6600,3926,-4748,8913,1435,5031,6600,3926,-6045,4575,5200,3172,4325,3765,4397,4480,5960,4042,5955,4460,1351,6215,5023,10648,6295,-805,12492,8002,3230,9419,4013,4644,-4563,3120,3230,10936,6600,3926,-4610,5091,10150,5057,13173,4472,10150,3443,13173,6162,9583,1878,6091,7552,11193,9428,2468,2789,4153,9428,2316
8/22/2024,486,-396,33,920,1545,285,-602,759,-37,306,1170,-1000,-985,1041,-6900,491,2325,1046,-496,-316,1456,-1365,4366,9668,-1233,27,-1370,1737,1423,19708,990,1235,-1714,920,1545,180,925,2235,1914,500,80,-4089,-985,1635,-4301,1800,2325,1046,2955,1350,1896,183,5218,15612,2720,1350,774,1485,7081,16790,1760,-1632,2570,-3236,1805,-3100,3440,-3236,-871,-6090,731,248,1570,-981,3057,4243,-1517,-1980,3202,3367
8/23/2024,1921,2758,8961,3465,4387,10656,393,3641,9763,3110,3482,7257,1769,4824,432,1902,4366,516,1473,2501,-1729,3348,6112,-4381,1629,4556,4164,710,5252,-5676,2883,3232,9321,1651,4387,8674,2659,4691,8739,2854,2212,1842,-105,4824,-779,45,4366,516,1473,2501,-5405,2589,6112,-6673,-740,2491,-9869,710,5252,-6248,1405,2892,2820,4555,2429,2117,2967,4555,2515,2207,3181,786,1646,-1106,629,5165,3260,4664,-62,4885
8/26/2024,4055,2269,-1953,1915,1001,-4580,1255,981,-2137,3394,2230,-3684,359,4890,21914,2810,6364,12919,1679,6511,18437,140,4035,-2123,558,285,50,160,186,-3289,2220,2570,-1953,1915,1001,-3475,1255,971,-3680,766,2501,-4970,809,5981,22718,2381,6364,15893,910,7356,27952,-652,5985,14537,960,7356,28931,160,6331,18101,5923,-3076,6678,-3185,6120,-2995,4706,-3875,5753,18676,2696,9279,4174,18979,-4240,-3991,2781,5450,-4240,-4448
8/27/2024,1128,4331,-272,-1320,5340,-3199,951,5476,-272,-295,426,-1531,782,6155,7037,-1420,1324,1553,2107,2026,5540,1080,8084,-5425,2528,2193,-2260,730,8084,-3479,-345,5190,-383,-1320,5190,-963,845,6140,-963,44,-770,1389,-260,5328,11495,-495,1324,1632,1440,1944,-2602,911,8084,-11480,1455,1944,-5102,-265,8084,-12522,1084,3698,40,713,152,1255,-865,713,-470,13957,584,-887,6512,743,7874,-3900,-107,-1965,6894,-7010
8/28/2024,1463,2113,3952,3019,3000,6380,1422,1178,2062,2614,1725,6505,1474,-71,-6385,536,867,-1039,2260,15170,5107,-1025,5105,17920,1492,1765,-4400,2064,6925,15003,2326,3000,5920,145,3000,6380,145,2065,3415,5373,4220,7155,1474,1015,2742,536,2336,9576,245,15115,14013,1567,24131,34745,-10,15115,11025,-1345,20475,19997,7313,16336,9401,13765,8423,12601,6380,14085,3434,-6700,4125,2907,7298,14181,3030,12859,2881,-4395,3030,13791
8/29/2024,2185,1231,-572,4395,4470,-2652,3765,1116,-1469,2185,3580,-2652,862,1957,-5914,3355,3630,-7369,1613,5284,-6179,4346,3065,6090,4048,3552,5217,4471,1690,488,2185,4470,-153,4395,4470,1469,4775,4355,1718,1485,3498,-95,2110,1985,-2048,3355,2900,-7004,4960,5240,-7507,2385,1321,-348,4281,5025,-1906,4471,2995,1288,-1261,-3823,1817,-4760,-1271,-6911,1293,-3630,1959,-6818,2958,-6369,-834,-7105,1595,97,1699,595,1250,92
8/30/2024,8278,1053,1654,4928,3015,9945,4752,2394,-1603,5337,4867,9480,5236,-142,-5574,5902,1069,-1027,6585,-868,-422,4870,9268,6928,5636,4793,2855,5075,9463,5555,5447,3015,1978,4928,3015,9945,5133,3455,7877,4768,4148,-2176,5100,1239,-6498,5902,1120,-1027,6243,-761,-1570,4583,-297,9284,5264,-761,-2463,5075,10990,10289,833,3446,2858,4776,1462,3646,5629,4776,7240,-33,8775,-2253,9280,-2177,4399,365,10285,5755,4569,1630
9/2/2024,1410,4720,1264,1185,3145,-1255,1746,4720,1264,2395,2170,-1255,1606,877,6125,-550,-530,3615,639,-621,5124,-905,2070,2525,19,95,3021,-955,1350,2225,2345,2650,1264,1135,3145,-1255,1135,2650,-1255,-765,1195,-1255,-1460,1380,6125,-550,-530,3615,-500,-1000,5124,1310,3942,1595,-900,-1000,5535,-1055,2010,1595,1105,-4253,-735,-6695,980,-4253,-615,-6695,3208,8031,-185,2465,1109,6639,2275,-1705,2135,2464,2275,-1705
9/3/2024,100,-1211,1958,-900,-450,3702,-1329,843,2111,-730,1686,5253,-201,-2160,-5524,-1255,1490,3004,-1977,1963,137,-630,6398,15012,-1072,-1104,75,535,6106,15965,100,625,2886,-900,-600,4386,-1090,970,4571,-990,1225,581,25,-2160,-12820,-250,1490,4268,-1890,2984,187,-345,6388,19760,-1080,2979,324,-175,7880,19870,866,8269,1008,8441,-2048,5962,138,6808,-1955,-6324,532,4218,2004,1208,1502,-1735,2245,-875,1502,-1735
9/4/2024,2515,4301,28123,3064,500,16995,2242,5232,13908,2072,-290,24670,2300,-11,4110,3820,-395,-1243,1610,1219,-2157,3699,-321,654,2891,1310,5215,3699,-321,-2794,2257,4555,29406,3064,4610,21420,2474,4610,20152,1995,5020,23300,2300,1995,3276,4401,-395,-2153,1610,1180,-612,2511,1637,-12679,3382,1374,-1653,3699,-321,-14110,3537,25905,1798,21636,4380,22150,5047,21026,1729,5508,-707,-633,4840,-5829,6888,-1638,2511,3628,6888,-2065
9/5/2024,1070,6817,3658,1670,5747,4750,1920,5981,3808,2610,7675,4725,3388,2861,6582,1307,1925,3532,3592,2266,1508,2668,1710,-1884,3382,-501,3000,2663,1710,-2490,1070,6817,3633,1670,5747,4725,1920,6394,4875,3095,3530,4955,3388,3031,7241,1307,1925,3876,3586,1992,4291,2668,1710,-8753,3401,1992,1787,2663,1710,-10930,9019,5372,7782,4153,7600,4953,5255,4180,6658,6639,874,606,4965,2208,2754,-1768,3809,655,2749,-2093
9/6/2024,557,5353,4589,-85,7323,9644,22,10183,5269,175,4475,5655,4312,4827,13210,-1150,7732,11798,4503,7450,12866,-1150,10173,4654,-1150,-681,-1414,3345,11026,4585,165,6375,4597,-85,7323,5435,22,8224,5923,905,1900,8469,3880,5143,11752,685,13351,11798,4375,10450,16118,2590,10049,3114,4380,10450,15870,3345,11269,2463,-1122,-539,-801,784,-189,-539,-1095,2307,2523,15644,538,11183,-604,18634,3202,9419,-45,-1469,3197,-1474
9/9/2024,5332,3882,8061,5973,4089,7308,6828,3821,8036,5993,9742,6928,5219,9828,10453,4626,3243,9695,4750,6919,19662,2607,5020,-4019,3508,6175,1960,1587,6762,-6179,5433,4114,8061,5973,4089,7308,6947,3524,7308,1535,8312,8247,5219,9632,20760,4626,2881,7915,4750,6763,15264,1097,2704,-16173,4665,7518,14225,1097,1989,-20405,3548,5873,4456,6554,1733,8840,4909,6708,13851,15780,8307,4367,7669,10728,8215,-3496,7277,1814,8675,-3221
9/10/2024,3923,4410,5907,5273,4655,6732,618,323,5907,4975,4935,6732,4545,-815,-5242,3567,-380,4358,4184,-46,1168,2480,-5865,-4517,4060,1595,2436,2770,-4092,-1479,4860,4410,6043,3470,4655,6732,3470,2560,6732,-550,2810,6091,4545,-815,-5242,3567,-380,4358,4184,178,1168,2739,-9411,16532,3565,178,1445,2770,-6445,17782,1709,1347,800,1740,-75,1347,3296,2350,7827,-6109,11810,463,1501,-5230,1575,16164,7947,2164,1575,13627
9/11/2024,3596,2106,10541,7950,4920,5797,3564,1159,5797,4651,2573,10318,-1985,-4440,-6224,-1460,-3370,-6410,-645,-4163,-6786,3305,3151,-5420,304,-283,-2145,3310,1950,-5680,3596,4355,10541,7950,4920,5797,3564,3915,5797,5876,5765,12054,-95,-10960,-34005,-1990,-4525,-19235,310,-4230,-24541,796,1871,-6646,720,-5240,-24770,3310,3151,-5310,3444,3445,3444,3445,3444,3445,2889,2835,-4500,-6054,-775,-5950,-6060,-6746,405,3551,-2420,-1985,265,5008
9/12/2024,375,3627,-3344,-995,1375,1120,545,3652,-3344,1120,-2510,-1014,1528,8749,217,-435,5880,10517,1171,7930,3310,1125,2030,-3977,-934,2215,-1920,1110,2030,-524,1120,1375,1998,-430,1375,2788,145,1400,2788,70,3135,4051,1090,8670,15793,455,5880,12744,2005,7115,7373,408,2666,2975,1830,7115,7912,1545,2030,3876,2792,-1272,2175,-2914,2817,-1462,1625,-2914,5055,5384,6210,8083,9823,12738,4319,-2823,-845,545,4319,-3688
9/13/2024,4797,4135,-3162,5306,4135,-4455,5124,4555,-3768,3870,3070,-4723,749,10229,20848,3630,6024,8959,810,2983,19614,2145,6725,-5154,3565,70,55,850,6950,-6103,5711,4135,-5068,5306,4135,-6570,5306,4555,-6570,50,4309,-1245,1050,10229,23770,3630,6024,8959,810,4459,20024,3289,7160,-11143,1390,4459,20818,750,6725,-15890,4330,-3609,4199,-3616,4330,-4253,4634,-2384,5987,16845,1528,9263,4468,18614,-4767,-5234,2844,1546,-4767,-5979
9/16/2024,5517,4437,5176,5484,5792,8285,5484,5455,7932,5275,3079,7213,-640,1695,-4720,383,9672,-1943,1758,7233,-205,1214,667,-4241,2673,5597,2775,1215,-4420,-7420,5517,4165,5627,5484,5792,9652,5484,5792,9652,940,2427,112,-640,1695,-4413,383,9764,-2417,1580,5385,-2446,618,7245,4556,3615,5020,-1591,1215,7930,3953,5791,9567,6817,8412,5101,9567,5207,8412,-2160,-1192,2199,-4382,5196,3330,-328,-5062,8133,2225,-328,-343
9/17/2024,645,2944,2329,615,2560,4941,95,2944,141,30,3005,6470,570,3525,-4941,1320,699,-2076,2675,4779,-3549,1530,5925,-2330,1165,-1575,3785,1530,5925,-4429,645,2560,4409,615,2560,5557,95,2840,2492,-295,-40,1926,570,1896,1849,1320,699,-2330,2675,4126,-4003,1530,5188,-1369,1115,4126,-6321,1530,5925,-2720,1670,-462,1670,-147,1670,-462,1670,-147,1662,-185,1304,1859,-34,-163,0,-6061,10,2262,0,-6061
9/18/2024,5852,3102,12051,5470,1121,13069,5248,1741,12883,4050,1839,12056,4758,3500,3593,2560,5050,3428,4224,4224,7450,2975,3190,5248,476,2382,2287,2970,2255,2189,12675,2465,12051,5470,1121,13069,5248,876,12883,1745,2082,8389,4758,3600,4245,2560,5050,3428,3823,4490,23941,178,3190,-340,3125,4485,4346,2970,3175,2189,3261,8820,4922,10957,4312,3760,3942,9902,1672,3506,3627,4043,-500,-1517,2505,-3697,2644,-107,2375,-2642
9/19/2024,3625,3281,-3555,725,4309,-3555,3568,2752,-3555,3140,2330,2324,1030,-1137,-4390,4685,1760,-2667,4943,8,-3217,3610,3668,-3750,4268,850,-1894,3665,3668,-5780,2790,4039,-4051,3352,4725,-6440,4897,3315,-6440,2550,3981,-7210,5160,1625,-2926,4685,3440,-4846,4118,840,-5467,3741,4063,-34413,3881,840,-1216,3665,3668,-36921,1465,-4166,3474,-3865,3462,-4166,4960,-3865,6414,-1022,3619,-1333,-616,730,9406,-6454,2905,6351,9406,-6665
9/20/2024,2468,7094,16763,3331,8932,9785,-208,7250,12754,3269,8077,19946,1658,8266,18443,-70,2400,16477,4780,729,3207,1574,-2645,27609,1590,24,2380,2220,-1680,27458,1008,9087,24434,3375,8932,24035,835,7892,24035,2100,5914,24589,2785,6645,16520,210,4250,18582,3400,686,10281,400,-6937,27746,2105,686,13011,-360,-4660,27458,2577,25145,3195,24669,1174,25145,2666,24669,5510,14971,2588,14034,2580,12506,635,22891,1358,7845,635,20134
9/23/2024,160,8124,1653,1610,8023,481,1610,6951,1653,660,6392,-1829,1425,4215,13219,620,650,1102,1582,639,6670,155,-4995,-603,1123,2178,2260,-150,-2830,1436,795,10244,282,1610,9371,-1219,1610,7706,-1219,1770,8326,-2871,450,3028,15191,415,650,1979,645,-2065,7988,520,-9178,-245,-200,-2065,4684,-105,-12265,-2605,-1495,501,-1259,-2728,-1495,501,-555,-2728,5722,12441,1904,-80,7161,1198,-3560,-5241,4163,2260,-3560,-5976
9/24/2024,730,2879,3199,885,2283,3757,850,1857,3757,85,2045,4081,-1755,-203,-6407,3235,-579,-4895,2703,-1557,-5754,4315,6060,-3364,1871,-993,15,4110,-1542,-5405,730,3917,3199,885,2283,3757,850,2853,3757,-1580,4738,4081,2480,3250,-7518,2760,2160,-13980,795,-1828,-12983,4716,5324,-41722,1195,-1828,-17428,1805,6060,-41340,5286,6717,5840,4742,5286,6717,6097,4742,-90,-3241,-2275,-6102,2690,-4326,-4456,-6395,-1066,-1535,-4456,-7355
9/25/2024,2736,3290,3303,585,2140,3725,1869,2297,3303,1250,4010,2642,2755,4958,-2517,2005,4009,-5075,3737,2512,-3236,2430,1935,-744,1317,3735,-2313,1990,775,-1322,755,3250,3350,585,2140,3754,925,2920,3754,-650,-1265,8259,2755,3911,-4224,1860,4009,-2127,2645,2512,-3367,2671,531,-6595,1280,2512,-7285,1990,1635,-6470,1856,3679,1367,3679,1367,3679,663,3679,3880,-4314,4031,-4963,8465,1062,-2529,-4720,1010,-2060,-2529,-5670
9/26/2024,1705,1864,21,920,2158,1223,855,1740,2232,1955,2585,3136,1620,810,-1591,3275,5825,-621,1548,1657,4625,3753,5346,-4220,1003,-2125,2110,3913,3552,-3217,2165,1867,2787,920,2158,3576,855,1875,3487,2265,1815,11536,2495,-325,1117,3275,6640,-776,3096,925,4625,2754,10162,1222,2931,415,1375,3979,10953,1269,3678,1848,4103,3620,4124,5094,4914,3619,-336,-2767,1296,-3158,3779,-1127,12517,5262,1108,-1950,12517,6401
9/27/2024,2835,3744,6903,1555,5526,5400,1006,4827,6816,1910,5641,6452,1680,973,-388,1195,-57,8548,1576,2388,11773,675,-607,16273,-5,630,-1740,2138,-607,23558,2835,5191,6903,1555,5526,5400,1555,5226,7140,1595,5787,2942,1820,243,3974,1065,-57,7835,1803,3798,19516,771,123,63715,1588,3798,19962,1375,-607,65481,2953,4204,5950,761,4823,4204,5885,761,300,3389,3675,18135,5656,11327,7407,-1735,-1161,-1735,7407,-1735
9/30/2024,1756,3546,7074,7975,2949,7950,11957,3403,7009,2950,2742,8820,3252,4947,18540,7125,13983,8804,1879,4906,5390,3269,-763,793,2058,4025,3019,2425,1397,3248,2250,2867,11378,7975,2922,9107,8442,3167,8377,4815,5977,9332,4320,6181,14366,2685,13983,10059,1879,5540,14850,-770,-1071,8185,1119,5540,15505,2425,-763,8185,3221,7146,2340,9553,2730,7146,2285,9553,6391,16921,710,4447,2242,9454,-3515,1343,2047,5280,-3515,12726
10/1/2024,2754,750,3383,-550,865,2042,1181,940,3466,3372,988,4031,2468,2183,10931,-770,5285,2339,809,-739,4508,1929,-1837,-2304,598,1525,3898,1929,-2291,-1702,2987,988,1519,171,865,3852,620,1025,3477,2200,-185,1726,2022,3095,12289,-770,5285,2339,809,785,4508,2446,-4368,-32085,741,680,1097,1929,-1764,-32810,2358,2812,2337,4015,607,4175,2730,4783,93,9947,-495,-1256,1458,3023,1990,-3206,1822,6380,1990,-3626
10/2/2024,1998,-1218,-3140,1965,-80,-3177,1871,-193,-3140,3065,599,-3106,552,2760,1193,4100,4468,3474,-385,4437,5424,2165,8058,7375,1320,3217,-2980,1975,8548,7894,1840,536,-4524,1290,75,-1914,845,922,-1914,2275,-1705,-2548,175,3220,19820,4100,4545,6796,-385,3150,7727,3228,7843,3220,1445,3150,7889,3680,8058,3859,2473,775,1921,-1435,2103,775,1929,-1435,5282,560,10275,4021,3893,2876,2880,6694,3720,-3845,2880,6694
10/3/2024,3425,4728,9773,5161,4113,9392,2017,4676,9773,3980,6835,9113,5666,7265,14977,1455,3374,6885,2132,4795,2090,5595,4906,-1460,9195,5590,2780,1605,6161,-2810,3980,4728,9773,5161,4113,9392,3695,4676,9773,4825,8016,14175,5640,7265,14909,1455,3374,6885,1635,4795,3895,2767,4971,-21409,9195,5440,1581,1605,4516,-23820,1800,4364,4125,8029,2390,2829,3575,8328,4791,19427,2000,11974,3251,7157,2022,-2088,1672,2636,2022,-5149
10/4/2024,3030,5894,7660,5759,6925,5510,4829,3841,7161,3240,3642,11433,-775,-805,1757,-1025,135,4219,-315,-1336,5560,590,278,12442,47,405,4009,590,278,14017,3030,5894,7660,5759,6925,5510,4790,6988,6264,4197,3952,9650,-775,-805,1757,-1025,135,4219,-885,-1800,5560,402,1922,14027,-1530,-2275,3590,590,278,15418,4697,2465,4752,3192,3848,2465,5426,5445,-907,-1782,-265,5045,1001,2242,4480,14855,2245,6398,4080,16560
10/7/2024,-272,546,-4639,-190,372,-4355,-794,-801,-3489,-540,-373,-4727,445,-1540,-6835,1020,125,-7065,554,1092,-7500,975,6530,12618,644,1369,-1203,485,6525,-4155,-540,1375,-6003,-190,372,-3911,-150,1567,-1001,-1250,-1745,-6985,445,-1540,-13905,1020,125,-13265,1090,555,-17620,1000,6847,-19100,1030,550,-17625,485,6525,-19730,-1477,-4008,-625,-4890,-1477,-4008,-625,-4890,590,-7404,786,-6757,180,-7497,-545,-2403,2265,-105,-545,651
10/8/2024,175,3254,2897,35,3110,-655,-535,3985,2922,400,2728,-1759,-867,-3525,-6977,1702,-1697,395,1752,-203,-2722,65,-895,5733,2116,-1290,-3855,65,-2895,14281,-1245,2715,6861,35,1440,7640,275,3985,7640,-745,2175,4667,-445,-3400,-9937,995,530,-5088,805,70,-615,2168,-2144,23537,2545,70,-128,65,-895,24794,529,-2934,1300,-1680,419,-3689,1515,-1680,-4495,-7475,-1920,-7440,-192,-6370,4289,-438,38,-5840,3859,-387
10/9/2024,-1485,-515,-828,-1905,-465,-1393,-2333,185,-1393,-1875,-1610,-2316,-1980,-4180,-6735,-1485,-3925,-5809,-1945,-4305,-7135,-1475,1307,2147,-1485,-2120,-4440,560,-1740,4083,-1720,844,-3670,-1495,-195,-4235,-1495,185,-4235,-25,-765,-200,1440,-3415,-9730,1846,-3109,-4377,1375,-3680,-5444,-2459,1364,31253,1715,-3680,-3615,-2285,2530,30950,-910,-548,1205,-2102,-1510,-1108,-687,-2102,-4482,-7307,-2895,-3561,1109,-6137,1200,4137,-1994,-5790,1200,3629
10/10/2024,2012,-1047,6043,310,1575,-381,1217,1467,3375,755,-839,-1149,1318,5502,2462,2621,5826,-7373,-787,4175,-1118,3065,390,-5680,-1150,947,175,2025,1134,-7235,1102,2939,4552,310,2365,185,285,-1,-2890,330,-484,-2975,2371,7221,4596,2621,5871,-4342,40,5441,-7166,2288,-684,-29049,-640,5441,-10299,2025,390,-34785,3120,-1547,2340,591,3461,-1547,2440,666,11869,747,4840,-3927,-156,-2730,165,-5010,854,-2895,165,-3615
10/11/2024,5484,690,-928,4765,552,-1618,3939,552,-928,6017,1352,-2240,780,9485,7666,1140,3780,10922,2841,11468,8148,3000,9592,-1745,1141,214,-1097,4893,11547,13513,4030,3790,-2136,4400,3140,-3108,4355,3140,-3108,5070,1320,-3470,570,10455,19065,1140,3780,21443,1450,11001,15295,4779,12101,33443,1190,11001,18539,4893,11267,34079,816,-1372,-2540,-52,816,-1372,375,-52,7222,15905,4320,16906,5477,18610,3454,-4814,893,-1775,3454,-5975
10/14/2024,2004,365,7353,1140,1894,5820,790,1088,7353,5475,984,9091,2776,-742,5998,1105,-720,21575,215,1670,29322,60,5971,3811,2062,-1310,1620,60,5971,10245,5515,1894,14162,1140,1894,13150,790,355,13150,845,1195,11660,1525,-2385,17021,1105,-720,24248,-1525,1820,32288,2102,6283,77971,3325,1820,32976,-25,5971,79216,2437,8137,3726,9022,2104,8137,3415,9022,1694,846,5828,19763,3325,25910,12242,18545,840,-35,12242,12747
10/15/2024,-308,2702,2276,700,3607,3078,740,1046,2100,-340,2025,6270,35,-1920,-5195,1205,3333,-3260,-226,-1923,-5129,195,2453,9408,160,-523,-1370,505,2273,16438,-340,2702,3566,700,3607,6210,740,2735,6785,-685,-1060,3575,35,-1495,-13420,1205,3333,-3380,180,-1225,3716,686,1563,41184,490,-1230,5223,505,2453,42111,3819,13780,4949,13928,3163,13780,4240,13243,-3814,-4826,979,2720,-2094,13773,-1407,18878,1961,2064,-1412,18878
10/16/2024,-1436,3315,5249,1110,4260,2731,2129,3315,1128,1025,4260,4190,-397,-3385,-4017,-1395,1380,1618,-535,-3900,-5261,-1380,-800,-764,-370,-1980,-1860,-2040,-800,-2663,1000,4260,11948,1090,4260,8706,2130,4260,8706,2965,2860,6311,-405,-2515,-3209,-875,-1030,1618,-1120,-1475,-6440,-2920,-800,-11202,-1255,-1475,-10265,-2920,-800,7763,5100,507,-4410,-3695,599,507,2080,-3695,-3990,-5776,-4500,-5080,-6395,-5194,-1490,-5328,-2465,-3691,-1490,-5538
10/17/2024,2217,127,189,4509,251,-1830,2037,50,1823,2055,16,-2795,1955,4110,486,5050,2485,397,3735,6753,4918,3517,3630,-1018,1835,3526,4412,4154,2390,3995,3774,16,-679,4735,251,-1830,1390,106,-1845,1623,0,-2244,2030,4110,486,5050,3205,397,3735,4369,4033,4154,1880,12088,1835,4369,4033,4154,3934,12948,5252,3101,5477,4471,5252,3101,7107,4471,710,-2669,195,2269,2234,8164,4439,28032,1510,4417,4439,21695
10/18/2024,460,8228,-629,1300,9165,2150,925,9135,-144,985,7752,256,2515,2508,8202,1594,290,11163,2501,2188,1121,1399,9603,-1586,2375,274,4530,859,9603,-6075,970,8228,-260,2275,9165,-80,925,9135,-1815,740,4875,8224,2515,2508,10288,2090,290,11878,2705,2188,2023,1711,9603,-11524,2455,2188,2652,1255,9603,-16394,1661,-3732,-68,-5059,1661,-3732,-979,-4697,15592,12868,13688,8100,17296,442,10985,-6484,6060,3319,10985,-6484
10/21/2024,5895,1110,4996,4513,1085,2077,5520,805,6935,6505,2140,5193,4600,10604,11069,5919,13004,15446,4125,12892,17571,4510,15045,9930,3930,11137,7197,4510,14595,12260,5895,1110,4996,4513,1085,4251,5520,805,4376,6505,-5075,3977,4600,8087,10699,5919,13004,17709,5103,13751,19222,4510,13374,40177,5525,13751,21709,4510,15045,43547,3322,1911,3655,2901,3465,1911,3541,2901,6777,4287,8989,11680,7172,13145,7487,15840,5496,4166,6627,15840
10/22/2024,-25,-2062,-868,735,-3310,948,838,-3727,-868,-215,-1810,948,-435,870,-3836,-660,790,-638,1640,-1200,5004,560,883,-3134,165,-2010,-2321,1625,-732,3308,-725,-3030,-509,735,-4405,948,750,-4695,948,-418,-5880,-5800,-555,2515,1960,620,790,1090,1640,-405,13656,1876,3651,20219,820,-620,16502,1625,3150,22141,-1948,-2669,-2075,-1472,-2098,-2669,-2240,-1472,3407,-5315,-735,-3945,2270,-2488,4910,4801,-400,-4320,6210,922
10/23/2024,-1340,-910,2075,-1015,-1415,1006,453,-2484,3768,-1365,-2305,-1079,-1995,-4177,-6679,-1200,-3885,-2347,2593,1489,-71,-1405,-6365,-5381,1497,-1012,5,-2340,-1915,-5486,-1365,-2280,-3181,-1065,-1415,-2830,-475,-2840,-2595,1410,-4600,-8305,-2490,480,-12005,430,-4425,-3017,1035,-985,-71,-2155,-10352,-3738,995,-1425,-47,-2155,-8415,-4627,230,-459,-1020,527,215,-459,-1005,527,-2490,-6245,2825,-4217,3429,-3586,2130,-5056,-120,707,2130,-1076
10/24/2024,-565,-445,2032,-575,-410,6242,-575,-314,4679,475,1200,3439,357,-1470,861,1735,5704,-2556,2248,810,8225,5502,10896,3709,4229,2450,2852,5502,10002,3145,65,-445,2686,-575,-410,5821,-575,-845,4779,835,-285,1242,495,-1470,861,1735,5704,-2556,1485,1340,8686,5502,14000,4507,3220,2560,8026,5502,14000,3706,2404,4799,2386,4745,3518,4766,3726,4745,4015,3435,8389,-623,2768,-751,17939,527,4915,1300,17939,-136
10/25/2024,1644,419,-3471,2180,288,-2080,-111,1510,-3651,-505,1365,-5390,15,134,-5544,865,2608,-3113,119,3147,-7105,-495,2640,-5725,-281,-1380,-1201,-495,2640,-7455,225,1265,-4297,1130,1265,-2485,130,1465,-2665,-385,-1210,-4200,15,-160,-1505,765,2458,297,370,4128,124,243,2794,-1251,465,3793,2350,-495,2640,640,648,-7368,292,1023,648,-7368,1055,1038,232,3364,-1388,4457,3184,4038,4380,15423,484,2164,4380,15423
10/28/2024,910,-365,-2585,-25,-1490,-2570,45,2859,-4278,320,-1740,-2585,-1120,-2495,-5380,-455,-40,-284,-90,-2787,-4149,675,60,11151,2051,70,-2442,-350,-5,18018,1010,-2145,-3232,-25,-2470,-6785,45,-2460,-8950,-245,260,-6715,-1120,-2495,-17690,195,-1095,-1102,-90,-1030,-6448,614,-9,31262,1560,-1030,-4751,-245,348,34556,534,-2127,325,-1781,569,-2127,390,-1781,-3045,-5045,2455,2924,761,-4407,13200,23485,-525,2316,13200,28453
10/29/2024,-1345,-3922,-1134,-1650,-3595,1643,-2399,-2648,-1134,-1815,-2610,-2422,-1985,-4155,-6990,-290,-3450,-4090,-1950,-4115,-6460,-1210,1325,4486,-1245,-1835,-4820,-1080,-580,11413,-350,-3315,-9125,-2400,-3210,-5955,-2265,-2415,-5955,-2295,-3420,-9585,-720,-12975,-27760,725,-5530,-4825,3175,-6815,-4913,-3061,-4311,58868,5455,-6815,-3835,-1495,1325,60536,-2620,-5780,-2377,-5780,-3466,-5780,-3040,-5780,-4050,-6080,-4500,4340,-6963,-7395,-1032,-533,-2265,-1660,-1032,-4932
10/30/2024,722,-2603,-4322,-250,-1680,-4161,702,-3303,-4502,-40,-915,-4725,-740,-2964,-5867,-1025,-1767,-7145,-1175,-2299,-4533,-1020,2207,14258,-560,-691,-70,-362,2207,13770,-245,-1500,-7106,-250,-1680,-4641,65,-1523,-3706,-235,-4570,-10645,-1095,-3990,-17780,1385,-390,-5779,-115,-1425,-7194,-1056,1143,17740,-615,-1425,-5488,-330,2207,19147,-2545,1338,-1805,855,-2598,1338,-800,855,-1985,-4225,205,1472,-668,-5005,8070,17184,1502,2022,8070,16840
10/31/2024,330,5948,7478,2553,4839,8955,-490,4072,7517,42,4841,6846,1297,5027,22678,3025,9324,9931,2096,8694,22543,153,4589,-556,3701,-511,-198,153,6294,-5620,732,4869,8060,2553,4839,9699,-490,3456,8886,-1195,5105,4792,1528,6999,28123,3025,9324,17921,2560,9453,31055,1964,2647,-19293,3265,9372,32223,153,2569,-18676,3482,4267,3898,4697,6446,3313,4083,2822,14251,24295,4296,22768,13246,31619,10890,12136,2720,3063,11105,12136
11/1/2024,3241,3279,1057,3657,6795,188,2305,8542,1057,1600,7445,2966,3449,7721,9873,4165,10876,8162,2396,8636,9594,4525,9561,10730,1951,1989,3329,3951,9561,12311,1890,7066,1057,3657,6795,188,2365,8133,188,1901,7293,5668,3191,9606,8710,4046,10876,9146,1835,7959,11026,3789,7147,20122,2731,8109,8436,3951,9561,20434,-2170,-2728,-766,-3345,-2171,-2728,-766,-2637,5285,11941,4213,6810,3049,10902,1911,12981,772,3329,1911,15943
11/4/2024,2650,5529,6027,3197,5621,7793,4265,5482,6027,3295,5152,7793,-73,3434,11111,2140,2270,3125,1788,308,3617,3180,-2118,-1113,1673,2156,1247,3180,-967,-3747,3295,5023,6027,4598,6671,7793,4468,4686,7793,2025,7690,6256,560,3665,11017,2140,319,4137,3711,2270,2373,3180,1602,-16037,3596,2270,1697,3180,-3229,-18222,5763,12511,7671,11758,7831,12511,4344,11758,2084,2921,869,5121,-2880,4692,-5153,20120,1182,6686,-5153,14898
11/5/2024,1277,8978,1784,2965,7961,2277,2650,7358,1990,30,8587,1366,285,4941,-3626,-15,-3075,2457,2455,16268,2316,2175,6601,-659,2440,-1725,100,2330,7066,-3111,1436,8532,4200,2965,7961,2277,2650,7896,752,846,7026,5536,285,3847,2316,1420,2120,1708,2455,19147,3926,2330,13258,-1120,2390,19147,6137,2330,6916,-289,4656,1415,6266,1655,6666,542,4486,1815,9888,-3212,10167,3714,15459,5507,13623,3239,8743,-5595,14132,3239
11/6/2024,0,2208,-2032,3385,2169,2016,507,2208,-2032,3191,2874,2560,-1173,-3925,-5170,1020,-3245,-1274,3205,-1711,-1501,4830,3355,3548,2300,1060,4176,4925,2884,1622,2796,2169,5391,3385,2169,5108,3385,2169,5108,2190,3248,4057,-1545,-5400,-6361,1043,235,4231,3363,1695,7298,5811,2947,31506,2871,1695,7300,4925,3355,32746,94,5969,526,6559,477,5969,514,6559,-4469,-4160,1615,2711,7953,-3499,2242,-6583,-605,2105,2392,-7094
11/7/2024,-1470,108,1779,-1680,-2342,1131,-174,-937,1779,-1965,-154,-978,1786,-3475,6030,-1089,-1116,14350,-1995,1687,708,-1470,-720,-1966,-1405,-1985,-1790,-480,-650,-2316,1090,-2257,-326,3055,-3507,-860,2940,-3507,-860,1130,-234,-1517,-430,3800,1618,-1300,-1190,14451,-365,3170,8216,-443,-1311,11893,-535,3170,10526,415,-720,12163,-2368,-2941,-4440,-133,-4313,-2941,-3365,-133,2974,234,252,16085,1154,1431,3565,1639,595,-2135,3565,-878
11/8/2024,662,-1990,1886,-1255,-2450,-485,-178,-1990,1886,-955,-1190,-485,780,6425,1587,3910,890,11528,1627,4203,11773,2025,-3655,-1007,2735,185,-870,1025,-2320,-2101,-815,-242,1886,-1255,-1532,-485,-3,-1532,-485,-715,-342,1044,4150,18531,14779,3925,490,13564,4430,625,20962,-135,-3655,11089,4955,475,21610,-135,-3655,13028,6405,956,5188,956,4707,956,4810,956,-1675,-3102,201,5157,657,18987,-4565,3772,-3180,-695,-4565,7956
11/11/2024,328,1469,11068,185,2011,11638,230,2276,11068,165,2880,13867,1891,6187,2535,5615,4137,10857,2201,-1028,15740,1765,2398,2881,510,3502,3196,1430,815,1294,165,1505,13832,185,2011,13832,230,2951,13832,300,5885,5579,5200,6187,8142,5615,4137,10857,3350,1135,9955,375,-1502,19915,1870,1135,11220,1430,-666,19530,6851,8448,8379,9808,8379,8448,6475,9808,2108,-1990,5290,3240,3859,4942,16817,-2955,4496,790,16817,-2955
11/12/2024,1495,3979,3479,1270,7049,4598,1925,6262,5540,1495,6206,3353,5329,4581,12512,1585,4446,12073,833,5971,10990,1715,-5245,-1668,813,3445,985,390,-1380,5336,1495,4965,3632,1270,7049,1818,1925,5539,1388,2725,8570,513,4459,4581,17911,1416,5731,12068,-160,6190,14127,2323,-2684,22206,870,6190,14127,2020,-4045,17188,3557,-901,2624,-1627,3581,-901,4273,-1627,70,6812,2382,802,1000,4063,975,-2824,1497,2061,975,-2569
11/13/2024,46,4910,6431,1390,4876,4144,2150,4910,6312,1425,4867,4760,1425,5750,-2848,1395,1402,-4193,1251,826,-3431,915,-2555,-1757,926,62,1405,366,190,-5743,1425,4876,6929,1390,4876,4525,2150,4876,4525,3885,4195,3975,195,5940,3392,1865,2037,-7797,-135,1719,-3381,1233,-3950,-57453,-1495,1719,-7937,-1200,-4265,-59304,4337,4564,4293,3110,3290,3500,5968,3430,2036,-4353,-658,-3747,-3300,-5298,-6104,-4823,3,782,-6104,-6094
11/14/2024,1684,-205,3276,1899,504,-2280,784,-2238,-82,15,-12,-1406,141,2970,-5966,1652,1270,-3432,1030,5309,-2917,1915,3212,-1246,940,2400,1790,1915,3212,3807,25,-205,3276,1899,504,-980,819,-1640,-1010,15,-4440,-6021,-255,2970,-11007,1652,1270,-3432,1030,3605,-1824,1915,2449,21776,1030,3605,-2618,1915,3212,22403,-256,-6334,-210,-5139,-696,-6334,-620,-5139,1570,-5915,976,1230,-872,-5872,2322,2282,3250,828,2322,3182
11/15/2024,29,3885,6907,560,3246,6704,1311,2301,6728,1060,4556,7329,475,-1911,-5176,-1160,4888,-182,1819,1828,54,575,907,-4092,2562,236,-314,180,-255,-5342,1060,5445,7773,560,4392,8134,1565,3967,8719,65,3345,3899,475,-3205,-48,550,4888,-182,840,1754,-1085,870,-1842,-25946,-10,1754,1402,-360,-30,-29744,7,-343,615,1721,-53,-343,-275,1721,-1067,-5540,-914,-1036,-1879,635,-963,-4324,1060,-285,-963,-4324
11/18/2024,-1460,-857,-3616,-1495,-3780,-3225,-2020,-3040,-3616,-1785,-2965,-4356,1585,819,-3198,-86,425,-5740,450,4023,-7465,302,-1849,-2630,1505,-226,-1195,690,-1153,-3873,-2115,-4365,-7025,-1614,-4365,-5224,-2020,-4510,-5224,-2505,-5440,-6900,1585,1845,-12655,-830,325,-15015,450,4070,-13170,690,-857,-21202,1505,4070,-14270,690,-2395,-23705,-3882,-4533,-3589,-5383,-2280,-7460,-715,-5383,2261,-7086,3240,-2830,1690,-2367,-4362,-1908,-1990,625,-4362,-3133
11/19/2024,-1293,-1792,-1776,-1825,-2100,-1001,-1896,-1792,-1776,-1610,-2495,-555,-1885,-4310,-6235,-615,-3980,1236,-415,-4495,-4864,20,330,3373,-650,-2155,-4435,1285,-1980,-1016,-1895,-2020,-1776,-2355,-2020,-555,-2015,-2020,-555,-1230,-1605,-1850,-2155,-6690,-2670,-615,-6780,2545,-415,-2555,736,734,-531,6060,-1360,-2555,1340,1285,330,6988,60,2604,-2810,3410,-1340,2604,-1170,3410,-4150,-7488,-1648,8045,-6925,-4004,725,757,145,-2620,725,757
11/20/2024,1892,2712,-120,295,829,7641,-831,2217,3328,-425,3735,3103,907,2078,6775,245,4761,-874,879,-2087,-5890,940,2385,9540,1084,984,2320,940,2385,8100,175,3050,2154,295,829,4214,-1320,799,5819,50,2750,3535,980,2750,8978,1025,4761,-2626,980,891,-4415,940,-8833,7889,950,891,-5072,940,2385,8100,1325,4427,2056,4234,1985,5397,1486,4194,-110,2131,1651,-3787,-1317,-221,4149,25722,72,909,4139,35562
11/21/2024,590,2391,-4234,-525,2492,-1485,54,2251,-4234,2495,2805,-2625,-775,5895,-1600,938,6803,2202,1237,6989,-5869,196,6105,-4023,-1220,-2300,-835,-205,-2850,-6852,2495,2492,-4309,-525,2492,-2676,180,2352,-2676,-540,2912,-2565,-565,7440,2872,1240,7498,218,1237,9796,-2516,-205,7267,-1223,-315,9796,-1584,-205,6705,-2756,995,-2075,995,-1399,-400,-2075,995,-1399,8341,4065,11576,-65,1056,-221,1415,-5867,480,-2773,1415,-5330
11/22/2024,2760,2671,463,1790,-520,435,2052,324,-478,1235,885,1279,3827,7908,22254,3920,4200,14328,3847,8110,19661,2265,-3356,9365,2580,5,6370,2920,-3424,10002,1505,2575,2119,3510,-275,1304,1745,75,1304,2395,-3742,-484,3430,10838,23316,3070,5130,16408,3275,6685,24209,1729,-1526,33438,2980,6685,25398,1605,-2275,33378,746,1641,346,1487,-671,1641,-160,1487,5204,20880,4013,16388,7457,19270,6081,12406,2319,3385,6081,12406
11/25/2024,202,1162,-1321,-1330,-805,-2118,-1330,-1127,-2904,-817,649,-5331,125,1540,4476,675,-10,-3181,-351,664,10086,-1485,-4802,-5161,-51,1029,3581,-1745,-2642,-5726,-817,649,-9675,-1330,-1895,-9720,-1330,-2025,-9720,-2085,-5840,-14120,635,1234,5476,675,-1050,-1453,-565,3286,10068,-646,-5835,33434,-260,3286,10173,-1745,-5772,34904,262,-2483,-2655,-3370,-1143,-1387,-1125,-2281,3159,5249,147,-353,-1788,4782,-5752,-5027,-277,2033,-5752,-5415
11/26/2024,325,2301,3938,4200,2886,3755,828,2523,3938,350,2205,12402,1655,4855,9837,2362,4315,1468,155,2714,12230,2600,-5147,5515,215,4186,7956,730,-2849,7838,325,2301,13499,4200,2886,6415,828,2523,6415,115,2424,9967,1655,4855,9536,2435,4315,8173,155,2714,22199,119,-7940,14936,215,2714,22771,730,-8693,14936,304,4202,-573,7269,304,4202,-69,7269,1055,213,1690,4815,816,6228,-2385,4835,6100,2341,-2385,4835
11/27/2024,-616,1011,7267,-245,4250,5581,-200,2307,6715,-935,400,5734,3632,6374,-334,-735,586,-6090,3010,626,-7225,-525,-1483,-2384,-600,53,2079,3233,1205,-3951,-1080,1280,7162,-245,4250,8189,-200,2823,8819,-1300,4820,8527,1910,4641,1651,-895,-262,-2778,373,223,-4993,3667,196,257,1993,223,-3971,2946,2965,-1282,-2307,830,-491,1065,-2307,830,469,2652,3823,-2941,-3635,-6266,5474,-3739,535,-4985,2141,4370,535,-5385
11/28/2024,1540,5890,-2005,1350,5890,-2005,1430,6140,-2005,-5,5295,-2005,2675,4825,5560,3230,6775,8610,5425,10875,5655,4270,7425,9016,5015,595,3175,5905,6050,10070,1215,5890,-2005,1350,5890,-2005,1430,6140,-2005,-200,3590,-2005,3060,7560,14075,3230,6775,8610,5425,10875,15010,6735,8445,10630,5780,10875,15010,6735,8445,10630,2470,298,2470,305,2470,298,2470,305,985,-1550,6510,2535,3705,1085,10120,7650,910,-2180,10120,7690
11/29/2024,-1031,5830,254,160,5830,355,160,5830,254,-980,4885,355,2240,-1331,-886,1315,4425,3980,4140,2379,7247,4065,1295,4610,4045,-1531,-1405,3575,1295,2495,-980,6730,254,160,6730,355,160,6730,355,-640,4390,285,2240,3040,2270,1315,6115,3980,4140,5680,7247,5000,2386,2915,4445,5680,7830,5215,1295,3778,-608,-4336,320,-4445,257,-4336,-1440,-4445,-1585,-2235,975,75,5794,-962,205,4088,-1726,-1390,205,1907
12/2/2024,-643,4819,2813,-390,1830,-2918,-335,3704,2813,-80,-109,-3249,3498,1536,-621,514,-1475,-3185,-1410,-1161,-3223,885,-2389,-4054,4560,-1980,117,1217,-738,-3256,-1000,1602,2515,-390,1787,-3362,-335,1787,-3362,-1930,-265,-5600,3835,1646,4018,3165,2288,3411,-65,-4180,1000,3813,-180,-3607,-80,-4180,-1963,3366,-2719,-3172,1631,-3852,-419,-6053,1631,-3852,215,-6053,1413,-1367,-3335,-1421,3713,-1503,-2184,-4886,-1420,-4535,-2184,-4886
12/3/2024,-1040,-2895,4382,-190,-2895,3134,-575,-1835,4382,1090,-2895,3134,85,-3940,-2772,95,-2145,7942,-328,-2990,8055,195,-3920,4837,130,-1435,-2154,195,-3920,5028,-255,-2895,4382,-190,-2895,3134,-575,-1835,3134,-765,-1295,-615,85,-3830,-14910,95,-2225,3810,-240,-5845,9606,1330,-3273,43499,130,-5845,8857,195,-3920,43499,-598,1463,-345,1476,-926,1463,-215,1476,-4450,-6890,-2000,2724,-3568,3212,-438,160,-2422,-5260,-438,4180
12/4/2024,-1440,-4085,-5937,-1985,-3635,-5905,-2015,-5230,-5937,-1990,-3665,-3030,-1539,-1176,-6743,-1445,-2145,-3628,-1318,-3637,-5482,-160,-1495,10141,-503,-1663,-1850,-930,-1865,14525,-2265,-4125,-473,-2290,-4135,537,-2290,-4725,537,-995,-2800,-4530,-1870,-1415,-9253,-1880,-2945,1652,-1640,-1934,185,-1351,-2441,40922,-2335,-1934,2108,-930,-1055,44509,-5593,-6538,-4235,-789,-4483,-6538,-3295,-804,-4055,-7499,-4460,-1709,-4130,-5957,-930,8864,-1410,-2045,-930,9660
12/5/2024,303,-4259,-5661,706,-2070,-5670,650,-1979,-5661,616,-2810,-6880,-1329,-2549,-1737,-1435,-3505,-5875,-522,2989,-7676,-1220,-5460,-6940,-517,0,-1059,10,-627,-5140,641,-3885,-6320,706,-1595,-5950,706,-1595,-5950,-755,-1575,215,-500,-2790,-6516,-2145,-2630,-5875,-470,-1180,-9582,501,-3677,8318,-510,-1180,-11795,1380,-5460,10560,-1105,-481,-1094,1426,-912,-481,-24,1426,-3408,-6192,-3460,3115,-1731,-3981,-340,20545,-35,862,-340,21335
12/6/2024,1392,-2212,-3584,415,-2745,-4030,-89,-3308,-3584,1370,-2300,-4245,18,940,2680,-595,940,5321,546,835,5408,40,-1285,5646,907,485,445,-1245,-1285,7576,1370,-3405,-3184,415,-5290,-3845,645,-5290,-3845,-1475,-2400,-1000,120,940,5452,-250,940,8771,490,835,10522,-884,-1285,21956,335,835,9221,-1245,-1285,21956,-3536,-1328,-3455,-3235,-1456,-1328,-2025,-3235,-2604,4876,-814,5633,-618,1759,-36,11511,951,-5910,-36,13923
12/9/2024,-1090,4428,517,-125,1055,967,-1530,-16,567,-270,3525,-1801,2160,-127,-1440,1075,-580,2885,4148,-2775,2319,1455,1938,7019,-1225,-921,466,3961,2463,12321,-1180,3525,-2987,-1190,1055,-2780,-1910,85,-2040,-260,2515,-3085,3700,-2310,-1260,2245,-476,9997,3750,-2605,14846,5050,6500,12611,3929,-2605,11477,4854,6822,22712,1143,-6027,-3620,-4440,-954,-6027,1166,-4440,3642,-1915,101,4175,7318,6306,8543,-4448,2904,-2358,8543,-6536
12/10/2024,-1061,-319,-285,-40,-319,661,425,-244,-1132,-740,-454,-531,-1115,-1107,-6997,410,-1972,-6910,425,-4424,-7499,-195,-2327,-5476,271,-120,-1230,-705,-2094,-6306,-740,-319,-166,-40,-319,1020,425,-244,1094,-1355,-994,-5198,-1090,-829,-15992,410,-1774,-8633,67,-2630,-13929,-705,-2785,9123,205,-2630,-12389,-705,-759,1356,-1026,-218,-80,2010,-2223,-218,-345,2010,-4082,-7282,-2498,-8037,-198,-7496,-1665,2642,510,587,-1665,-6764
12/11/2024,-1458,-2806,-5108,-410,-2140,-5795,-463,-1478,-5108,-1865,-1335,-5795,665,-2790,-6700,-105,-430,-5110,-875,-669,-7310,4083,16436,-4695,-1500,-1452,-4485,2939,13851,-6135,-1520,-1650,-6500,-410,-2140,-6275,-210,-2140,-6275,-70,2205,-4175,665,2370,-2479,-835,4939,2008,2430,7103,-3940,2223,16699,-14303,1775,7103,-3940,2939,18546,-16757,259,-3900,210,-4310,2057,-3900,-145,-4310,-4345,-6710,-4500,-6935,-2993,-7246,-2003,-5390,-1948,-4770,-2003,-5390
12/12/2024,2191,-3318,-3517,3309,-3535,-2468,3061,-4062,-3517,1815,-2220,-4802,616,4037,-2791,1900,1005,-6985,53,-1160,-4589,1790,3555,3846,-63,1265,-686,2510,4955,4644,2834,-4005,-1399,3409,-4000,31,3061,-4075,1136,2376,-3865,416,2745,3326,-1013,1920,4180,-7225,350,-1470,-6914,1890,5154,-1266,-130,-480,-4790,2690,4615,4815,2042,2335,5282,2335,3751,2335,3321,2335,-2750,314,6195,-2754,1681,-4798,17760,3508,5374,2261,17760,-3717
12/13/2024,35,-2495,-1619,-965,-3710,223,-915,-3717,-1619,-160,-2480,-1515,-1940,-4065,-690,-1440,-3970,-7395,-1955,-3653,-6833,-1400,-5670,-4072,-1410,1122,4095,-1395,-4460,-6750,35,-2444,596,-965,-2444,1157,-915,-3349,1157,-1090,-4985,-3522,-2470,-2015,-4196,-3435,-9607,-20040,-2255,-4480,-16134,-1185,-7754,-40569,-1990,-4480,-18574,-1185,-6495,-43339,-59,4132,-327,5210,287,4132,1819,4358,-4090,-3730,-4405,-7350,-3637,-6599,-3713,-5795,-1925,58,-3713,-6635
12/16/2024,-690,-594,-2947,-1845,-2777,-1337,-2137,-1623,-2947,-1055,-2620,446,-2215,-4025,-6055,-1485,-3980,-4430,1865,-3900,-7171,550,-1935,-3565,1223,-1505,-1570,530,-2963,-6425,-1335,-1155,-4593,-637,-1685,-2779,-985,-925,-2779,-1740,-2060,-4329,-390,-7551,-9868,-765,-3391,-8071,1905,-6776,-10212,1624,-2025,-23344,1400,-6776,-10212,570,-3431,-20705,1388,565,-280,-2750,950,565,305,-2750,-3925,-6850,-4270,-4915,-6995,-5400,-1995,-5690,-1590,-2880,-1995,-5690
12/17/2024,1319,6859,6234,2420,11176,423,1606,8764,2123,3895,6185,5095,1000,5525,2695,1130,1138,-481,1934,2849,2913,2550,7090,-1182,635,3260,279,985,8720,-2868,-371,8215,10100,2420,8630,4460,2300,9245,4460,105,7705,5892,-950,7095,15284,1130,1280,6232,3910,2960,4162,890,2761,7482,20,2960,5827,1070,7411,3382,563,2836,251,4879,1312,4493,-558,4165,6388,7437,2050,-1670,-717,456,-2445,-2839,1601,-487,-2445,-4331
12/18/2024,1769,5169,-5863,4002,3055,-4250,2144,-2172,-5463,2196,3736,-1000,4225,2697,-5138,1195,5075,-5740,2665,5580,-5756,1585,11325,7065,526,4151,-889,3693,11310,6420,1175,6097,-3408,1185,3055,-1355,3180,-1575,-440,310,4285,2290,725,3029,-12429,1195,3895,-2180,3985,5580,-3981,3693,11325,19988,2565,5575,-765,3693,11310,22655,4325,2004,3382,3310,4252,1374,4135,4065,-1837,-7173,2005,-5127,555,-3174,-250,3896,-125,-200,-250,5781
12/19/2024,2414,2844,3170,1540,1794,3396,2089,2236,-1512,890,899,5386,411,1239,2475,2110,3905,475,644,839,-2697,1830,2684,1000,1019,706,-2765,2167,2264,1718,1525,2270,3170,1540,1794,3396,1540,2150,-601,1085,3205,-202,395,1231,4598,2110,3905,2088,-265,1091,-2626,1413,583,3459,2075,1311,2692,2167,2264,2833,4918,-3313,4181,-2289,6031,-3313,6351,-881,4604,-2581,4017,-729,5693,6478,2986,1971,1253,-2725,2986,5506
12/20/2024,1658,2805,-409,0,4804,-458,0,4776,-1742,1600,4943,-1029,2245,6527,3978,1021,1750,3393,2649,3816,12083,3019,5444,415,2780,4098,1735,3019,5439,-7214,1600,5535,546,0,5110,630,0,2503,4244,450,4560,1100,2245,3845,138,1995,1750,4913,3125,3895,14598,3019,5920,-8585,3585,5622,16953,3019,5439,-8590,6720,3725,3545,4189,5162,4480,4753,7093,-30,-2330,3615,119,2377,-584,870,-4135,413,-2365,870,3391
12/23/2024,858,2018,1665,1464,1440,-475,958,2018,3427,965,615,2338,1354,8703,-233,923,5628,12959,652,2019,3219,1425,6194,7614,-589,24,3554,2620,6194,2955,935,1440,1665,1464,1440,-475,804,1440,1804,-755,-405,-1685,1690,10868,14473,1025,7284,12959,1525,7244,19386,3416,5057,22367,945,7244,21934,3045,6194,23056,5389,4594,1470,5863,5389,4594,971,5863,3690,3067,3606,8321,-2385,7545,-95,2320,-2646,644,-95,2320
12/24/2024,-1385,-2420,1060,-5,-2165,1060,-346,-2500,1060,-1780,-1850,1770,1913,-4490,-6735,615,-3740,-2680,986,-3965,-5695,-500,-2005,590,1724,-1985,-4530,-585,-2005,1010,-1755,-2165,1770,-5,-2165,1770,-5,-2245,1770,-900,-2270,130,1620,-8285,-17200,615,-5105,-6650,515,-6265,-12430,-1706,-2012,2436,250,-6265,-12430,-1200,-2005,4076,-1090,-243,-1090,480,-1090,-243,-1090,480,-3625,-6591,-4420,-4995,-1724,-4973,-2195,-2135,-2024,-5805,-2195,-2135
12/26/2024,1647,1372,419,3216,3874,-262,3216,1372,419,2200,1690,-262,2840,4976,4161,3530,7155,3709,3162,6696,1518,2920,367,-1996,1851,45,585,680,-443,-1598,2200,3419,419,3216,3419,-262,3216,3419,-262,1355,1925,-5970,3415,4331,6288,3530,7155,2044,1864,5019,393,62,631,-14148,1774,5019,-1102,680,367,-13818,1507,-1292,-9,-2067,-694,-2322,1148,-2067,13067,9344,12543,11377,11831,11134,1060,-1341,3063,190,1060,-4657
12/27/2024,805,4920,4396,1125,3183,5016,-50,5079,4700,800,4468,2672,-1616,4478,5877,2440,-265,3118,3652,1568,-6338,1225,-3830,-2198,3195,1875,670,10,-2315,-4562,485,2760,1504,1125,3183,3253,1615,2069,3253,2445,6337,2247,1560,135,4252,2440,10,7428,3225,955,8731,1263,-4507,24995,3220,1540,7359,10,-4370,20278,1671,3117,7533,8290,3006,3117,2548,8290,5494,4269,3747,6669,8785,-885,4408,-168,4678,1060,3523,-1467
12/30/2024,530,1570,-1590,2290,740,2556,1600,740,-1590,2761,1283,555,3153,640,-6805,4032,1571,-6980,-1785,-3840,-6805,1931,-354,-4595,-1290,-2230,-1550,795,-256,-6860,2441,1570,135,2290,740,-380,1600,740,-380,2410,-795,-2105,1063,-1460,-4541,886,1286,-15260,868,-2715,-18709,2105,-1510,-24073,763,-2715,-14100,795,-2571,-21007,511,4525,932,3624,2226,4525,1112,3624,8319,-6730,781,-7450,-228,-7380,-658,-6730,-1890,-2805,-1048,-6730
12/31/2024,-1425,-1192,-874,695,120,-851,1575,-860,-874,-360,40,1475,1038,1579,4076,-1105,1480,13479,2630,2938,17962,1440,1724,8242,2930,280,2587,1440,1724,9552,-440,40,-3357,425,120,-2099,-1030,-955,-2099,-445,31,-1458,1175,850,5310,1125,2240,14115,2630,3230,17962,1440,880,3451,2605,3230,19559,1440,1724,5103,89,3740,1170,608,89,-962,1170,608,27,2493,1696,10808,4597,12132,3115,8183,855,-901,3115,8183
1/2/2025,2723,-2983,-3701,4905,-2675,-3735,3369,-1190,-3811,2250,-1740,-5425,5900,2235,-3147,2122,-360,-7000,5230,2104,-7420,4020,3588,-5939,5320,4505,1800,4020,3588,-7309,2480,-2610,-7391,4905,-2675,-5935,4185,-1790,-5935,800,-3915,-15055,3175,2235,-3397,2122,-310,-8527,4977,2104,-9846,5290,3588,-20136,4195,3605,-5475,4020,3588,-17253,1669,101,2024,2582,1151,101,291,2582,1282,1437,15,-627,-116,-4239,3675,7180,1656,6364,3675,7180
1/3/2025,-157,-118,8092,-345,-3645,6420,480,-4467,6969,-160,-1830,6480,2462,1455,6716,1130,1260,14283,942,947,14758,-1065,-256,-4109,-1050,0,2795,-1280,-3780,-7332,408,-3985,7102,-345,-3835,6771,-450,-2745,6871,-1645,-2945,1350,75,1970,11346,410,3080,14941,1360,1195,15083,-1400,-1582,8120,1205,1195,16666,-1245,-256,10547,1861,1309,413,3242,1861,1309,-1363,3242,3221,14082,1673,4201,-167,16043,345,-151,53,1337,345,-151
1/6/2025,777,5768,-135,565,6898,-1164,957,7114,9707,485,2997,-659,1720,1425,-5910,-1310,1341,-7460,2152,6469,-6604,865,2924,-5177,549,-1695,4124,1105,2924,-6618,280,5597,-135,565,6898,-1164,405,5488,9450,-245,2698,7779,1390,3905,1110,-1305,2660,-632,2329,6725,-5080,2393,2094,1476,1905,6725,-5080,1105,2924,2475,4813,3621,5490,3844,4199,3971,3698,6014,1120,-6665,2546,-7445,1451,-4439,1285,-6465,-945,-1345,1285,-7274
1/7/2025,1920,1840,-416,2280,2120,4285,332,1848,2025,2040,2170,440,1756,255,1833,3720,5606,2147,2533,2245,1443,2804,2970,5615,2255,786,-2720,3775,-3916,4611,2040,1985,1656,2280,2120,3993,1690,1815,3396,235,1700,235,3255,768,1665,3720,5751,4374,2725,3163,3784,3775,-998,9548,3010,3163,6122,3775,-914,12935,-22,-340,-3726,3145,704,1460,2920,1855,203,251,4988,6115,3508,3338,3342,1728,3504,-111,3342,2539
1/8/2025,4264,4889,6639,4541,8145,7915,3013,7197,4987,3341,8830,4704,5897,4836,14979,5429,3918,15854,4321,4148,17479,2355,3259,6476,2447,1025,4870,6703,3259,10516,3245,5845,6639,4541,8145,7915,4415,6935,5570,4102,6360,4185,5462,2610,14979,1995,4776,17175,6602,6611,22135,6703,5282,2681,6219,6611,21269,6703,3259,4457,3390,2883,5333,466,6480,1083,3174,-3014,5450,21796,3810,14390,10695,21168,8265,13943,4272,3338,8265,16518
1/9/2025,0,0,0,0,0,0,0,0,0,0,0,0,0,0,0,0,0,0,0,0,0,0,0,0,0,0,0,0,0,0,0,0,0,0,0,0,0,0,0,0,0,0,0,0,0,0,0,0,0,0,0,0,0,0,0,0,0,0,0,0,0,0,0,0,0,0,0,0,0,0,0,0,0,0,0,0,0,0,0,0
1/10/2025,4756,1820,807,1905,1891,2082,1905,2023,2791,2727,1208,383,3278,4224,6187,5004,1066,-2688,3652,2907,6107,3152,-2470,-3354,4602,3870,2149,4204,-2576,-4453,3707,2233,807,1905,1891,2082,2606,3498,3259,3603,380,-1595,3526,4224,6888,5004,1066,-2135,4226,3028,6107,3070,-978,-5974,4366,3028,3638,4204,-2470,-8059,2633,610,4714,3399,2836,5209,2913,3135,2649,3082,3619,-563,1349,-3139,-1713,-4338,4076,1815,-1713,-5914
1/13/2025,10,-1164,-4583,155,231,-3850,-435,-1742,-4583,10,231,-1622,4000,3914,-3925,3340,2695,-4047,3434,7889,-2655,4353,3639,-4793,3632,2729,725,4074,3655,-5990,10,231,-2092,155,231,-1560,-435,-1329,-1560,380,-855,-1690,4781,3161,-10903,3340,2695,-3891,4433,8130,-2424,3179,3799,14167,4345,8130,-1733,4074,3639,7313,-982,2353,-1750,1844,-1827,2353,-1600,349,654,-3015,1820,1143,2582,-226,5336,9428,1807,1605,5331,10323
1/14/2025,865,1252,5732,854,824,8501,1385,1616,3370,1274,1164,6449,2956,8819,14037,1264,7308,15039,4150,4117,20348,4139,1094,4944,159,731,1370,3289,1094,6037,1029,1164,5732,854,824,8501,1647,3092,7557,1904,2235,9321,2956,8370,17977,1264,7308,15039,3470,5600,20348,2977,748,4933,2950,5600,23179,3289,1094,5347,1002,4918,1339,5908,903,3055,1543,5903,5246,12428,5423,17761,2733,12683,1582,-2926,2906,4400,1582,-2997
1/15/2025,4533,3543,1095,1855,2580,-340,4085,2802,563,925,3160,-399,1265,5589,2606,1360,7616,8802,2004,12163,33022,215,5530,14691,1394,2170,5376,445,5530,14263,1630,3160,1095,1855,2580,-1965,4085,3730,-1081,1675,4683,606,2045,5215,11541,1360,7616,8802,2650,12319,33324,105,5823,58223,1980,11929,32398,445,5530,61880,1404,5217,2085,4701,3616,5217,1373,4701,6987,-3435,9137,6094,8745,16997,1857,-2160,4437,4880,1857,-2160
1/16/2025,3435,798,5398,1875,-2041,5976,1010,234,-3797,1750,6145,273,3817,2045,7299,1215,2475,3727,1599,1855,4955,3585,3070,7616,2387,3155,2230,3585,2390,14658,3435,6145,441,1875,-187,-7098,2970,-825,-5943,385,-1910,-3261,4895,2045,7299,1215,2475,3727,1599,1855,4493,3585,2662,18701,2275,1490,4308,3585,4445,18701,2681,3152,1548,4408,2001,3152,4625,4408,4666,6231,1370,2151,2714,9051,5035,6548,4056,1762,4635,5387
1/17/2025,1280,2160,387,2447,2160,447,241,2160,387,1620,1335,2250,5120,826,1003,2495,2170,-4511,2047,2344,-3116,1160,6900,3823,2423,1720,-895,-625,6900,3823,3061,2413,3856,2497,2413,3130,2497,2413,3130,1558,1946,665,2335,509,-3334,795,1815,-8823,3000,518,-7023,1058,4572,2942,2625,518,-8395,-625,6900,3823,-2405,-802,-2105,1998,-2269,-802,565,1998,5652,-2556,-1363,3685,3052,-2793,520,-3092,5340,1717,520,-3767
1/20/2025,355,828,-363,1990,-955,-2430,350,828,-363,355,-955,-2430,-224,-537,6662,-822,35,4050,590,-581,4785,235,-2755,-4970,320,-603,-28,-310,-2755,-3735,315,-955,-363,2000,-955,-2430,350,-955,-2430,-2340,-2135,-2190,-1955,-1005,6850,-1805,35,4050,-915,-720,4785,1169,-2755,-610,-950,-720,4785,-310,-2755,-610,3111,-1193,2454,-3748,3053,-1193,708,-3748,4659,7295,2425,2115,3315,1030,535,-4460,1558,4115,535,-3955
1/21/2025,1930,-1479,-109,450,-795,-4225,1085,-392,-1094,2195,-360,-5709,-270,-260,-5205,-1430,-3810,-7365,-350,-3825,-7263,-1355,-4270,-5850,-1440,580,-770,-1192,-3860,-6435,2195,-360,428,1920,-795,-4629,2127,-392,-5709,825,2212,-4001,-1780,-2750,-5493,165,-7340,-17094,-805,-6470,-15572,2838,-2776,-32409,2320,-6470,-15454,485,-4805,-32891,-3655,-5578,-3655,-3966,-2905,-5578,-3315,-3966,-160,-3292,-3235,-3640,-1445,-6879,-4840,-5918,-2110,-2530,-4840,-6780
1/22/2025,-276,2860,-3701,1225,2860,-3005,1704,2860,-3701,760,2260,-1150,3001,-3490,-5139,35,-3090,-4432,767,-4441,-6112,-1335,11290,16859,1441,-1295,1621,1385,10831,17166,2510,2860,-922,1520,2860,-1150,1170,2860,-3385,760,2170,3355,2520,-3880,-14130,35,-2480,-3910,510,-2060,-6607,1606,10973,17166,2350,-2060,-4547,2910,11290,17166,2783,865,104,-1470,2225,865,1365,-1470,-3382,-5503,-3559,-2577,-1332,-1356,1705,9553,3116,2298,1705,3886
1/23/2025,374,-3982,-2696,695,-3915,-5576,-843,-3982,-2696,-1470,-2825,-3711,45,1145,-2080,-600,-2435,-2430,-161,-675,-6965,-1380,2883,5800,-1491,-1091,-2140,-1395,5846,7594,-1470,-3915,-831,695,-3915,-2067,-60,-3915,-2067,-2430,-4085,-5849,45,-2016,-4051,-675,-2435,-2430,-579,335,-4483,-836,1374,20285,-254,335,-1603,-1395,2883,23138,-1555,-3978,-1555,-5337,-1555,-3978,-1258,-5337,-4420,-6400,-2685,-6547,-2412,353,-30,11148,-885,-1865,-280,11023
1/24/2025,-1265,1934,-2060,55,1455,1034,-262,2629,-2305,-630,-605,3891,135,1575,-6997,588,180,-40,1065,1474,3691,-917,-6480,3846,773,156,-447,1443,-3701,5161,-390,1455,3589,-880,1455,5330,-880,2150,5085,-1520,190,2110,1050,1660,-2530,588,180,388,1717,2075,2902,2078,-10657,32047,1971,2075,3545,1670,-9576,34191,-1142,-3884,-705,-3220,-442,-3884,-1230,-3220,400,-6920,1035,-4505,1469,3884,7010,27069,2575,1075,7010,29929
1/27/2025,655,2404,960,1490,3828,3261,1530,2428,960,1615,4426,3261,1585,4323,3752,2695,6823,12274,1233,6358,16610,3206,4881,1008,6171,2359,3275,2595,4881,7389,655,3826,960,1490,3828,3365,1530,2428,3365,995,2920,6910,4755,4409,6523,5065,6823,6255,2660,6096,16610,1563,4881,5832,2625,6020,16039,2435,4881,6588,2585,3640,2550,4646,3235,3640,4018,4698,3297,8902,5288,-234,2875,16116,2785,6482,3067,3145,3431,12142
1/28/2025,-865,-1209,-5055,235,-751,-5985,-1313,-1093,-5033,-835,-1205,-5283,1650,-1424,-1097,8,705,8716,544,-1333,3140,618,-5925,-1811,1238,-2180,-2645,825,-3695,-7470,-835,-2057,-5372,235,-625,-6215,-65,-2102,-6215,-2085,-2550,-6245,1650,-1375,170,970,-80,6509,1445,-3630,9167,-45,-4410,-28390,1122,-3875,13015,825,-5060,-26161,1440,-2015,1317,-4930,1317,-2015,-800,-4930,-1483,-6130,-3440,-571,-2365,1509,-985,-5815,-1860,-5715,-985,-5548
1/29/2025,4096,5189,13639,4679,8593,11853,6417,7025,11853,4096,4494,7565,8854,5301,36709,3895,7828,34566,14264,14811,35735,2585,11565,32813,11233,5475,5483,2585,11565,36089,4096,5189,14431,4679,8593,11348,6417,7025,11348,2843,2435,12045,8854,5301,40237,3895,7828,35635,14264,14811,59481,3341,11565,42730,9652,14546,53689,2585,11565,35176,6925,9009,6238,9009,5748,9009,5668,8524,7468,29811,5813,25348,8908,23154,12640,32327,4313,8163,12280,33141
1/30/2025,1915,7068,9576,2773,4801,7916,2385,8740,9451,858,6455,12746,2066,3438,3783,820,6895,11960,2927,6324,1457,3430,6756,14372,297,3402,-755,4037,9022,14793,920,5845,14395,1879,4801,12763,1879,5141,12441,960,5433,11126,1960,1664,7230,920,6895,11960,4402,5295,3158,2452,8710,37749,4615,5290,2580,3962,6751,39056,4317,11974,5327,10726,4240,12455,1852,11935,3603,7847,8073,6826,2909,3256,6359,-2803,2223,2320,6359,-2637
1/31/2025,2663,-810,-5862,-645,-600,-5470,111,220,-4052,970,-810,-5445,380,-1828,-6300,2175,2005,-6799,651,973,-7500,2679,5280,-4553,2330,3551,-545,3595,5275,3839,1625,-810,-5862,-645,-600,-5470,190,220,-3585,2445,-1475,-6105,510,-1360,-11542,970,2005,-13015,1145,650,-17493,2068,5900,-6575,1990,645,-17155,3595,5275,-10480,1863,-462,960,-410,1418,-462,965,-410,-287,-5186,-397,-6015,2989,-7119,-760,-495,-137,2286,-1575,-495
2/3/2025,2690,3987,8091,1000,5060,11862,565,3895,8534,1990,4591,8145,4914,5464,18117,5652,3837,19325,2652,5097,18296,4340,9110,32538,2187,1737,2710,3957,9110,32004,1205,4591,8091,1000,5060,9520,565,5060,4236,3900,3766,4386,4627,5760,18385,5512,3837,19685,2732,5673,18790,4244,8814,32902,2867,6190,18869,3957,9110,33950,6975,11034,6930,10837,6391,9617,8225,13064,5593,11685,7025,13871,1822,7470,5700,15334,7069,7508,5700,16147
2/4/2025,1153,1899,6075,1715,1865,7455,2859,699,6069,2295,450,7363,2046,5446,2241,4765,7696,16915,4737,5206,14143,3200,6881,13851,3540,3089,1653,2955,6881,18883,2170,1720,9125,1715,1865,9489,1880,1865,9349,1933,1600,8406,2046,5446,5279,4765,7696,21685,4737,5346,25955,2553,6530,24016,3500,4951,31925,2955,6881,28330,3001,8086,2397,5118,3701,8086,1617,5245,4550,1786,7580,13303,6328,10859,5672,13439,2232,718,5672,14075
2/5/2025,1630,782,-422,-1800,1415,-104,-43,782,-422,625,5681,-104,5075,-3496,-5773,486,10780,5104,81,-659,4599,100,2840,5878,1816,1025,17,650,2840,7360,1835,315,-422,-820,315,-104,740,315,-104,-1830,800,-699,5075,-2180,1302,-1760,-225,10914,425,1435,7302,1788,1792,35649,920,1435,8299,650,2840,37376,-1815,-897,113,2931,333,-897,101,2931,3767,243,2180,4666,-258,5832,1103,10479,220,-862,1103,9582
2/6/2025,1112,4835,13188,16039,6470,2793,1935,3437,8260,11025,12585,9174,2550,3892,15724,3597,2206,9714,2671,7919,16324,12550,6678,6143,1304,3885,10502,11245,4321,6467,13595,6840,16754,16039,6712,11569,21570,10110,11239,20840,1224,9849,11010,3892,11253,3500,2206,9918,4970,2534,17634,1990,476,10354,4280,2534,18294,11345,6673,13270,4541,9630,6499,4932,3618,6902,5804,8859,8844,1248,2190,9905,4414,7830,5385,2946,3171,9858,5385,2941
2/7/2025,965,163,1041,180,2745,2278,1055,1925,509,965,-776,-2605,3412,3547,-3645,3116,3771,5622,4746,6967,9609,2165,10752,13710,4779,557,780,2610,10752,15444,965,-776,1041,180,2745,2278,1055,1694,-850,1245,-1711,-11223,3861,4436,-5920,3116,3771,5622,2222,5811,9899,2497,9292,24878,2087,5811,10285,2610,10752,26069,-2215,4001,-2633,3584,4993,2725,-2388,2844,4024,934,-1129,881,2218,7354,7149,35913,650,-226,7144,35913
2/10/2025,3700,449,2013,215,-3081,-3917,1907,2194,1885,565,-1985,-3797,3309,545,1617,555,255,-1587,844,3802,-3851,430,-4131,-5205,3516,3209,874,1715,-3156,-6710,565,-4553,2066,215,-3048,-3797,190,-1004,-2807,715,-2510,2105,-1065,655,7504,-420,-660,-5326,-1845,3163,-6455,3311,-1289,-47388,-960,3163,-7286,1745,-4595,-51670,4879,-477,3851,-4063,3189,-477,2076,-4063,6443,5000,668,-6886,3107,-5615,-5420,-6925,1806,1606,-5420,-5781
2/11/2025,476,4899,4200,-265,6225,1949,466,6058,4200,-635,4765,4657,375,4730,14197,2135,1015,-1174,1499,1795,3180,380,-4235,-4340,1654,3320,4423,2460,-3655,-6045,-650,5225,4200,-265,6225,4112,625,6840,4112,1405,7685,7475,375,4730,16074,2135,1015,-681,1730,1795,1962,4037,-6022,-5304,910,1795,1962,2460,-8440,-8765,3106,4318,3106,4582,3106,4318,3481,4582,8345,17924,2885,6769,5486,10894,-776,-4695,4575,6438,-776,-4695
2/12/2025,-1495,-4500,-5205,-1965,-4320,-5205,-2488,-4290,-5205,-1905,-2320,-7455,478,-223,-5245,525,-2007,1139,3875,-2121,11272,-1460,-5590,-5994,205,-2305,-4425,-2485,-3670,-1583,-3480,-9710,-6796,-3865,-9710,-9815,-3770,-9270,-9815,-4140,-10755,-12130,195,7860,16010,190,-2735,14910,5120,-1410,19940,-4153,-8386,7863,4915,-1410,21478,-4520,-8910,8585,-4533,-6533,-2403,-6533,-3303,-6533,-3145,-6533,2641,-1906,-1295,-3290,3523,5366,-3468,-3544,-2765,-3400,-3468,-3631
2/13/2025,-123,1643,7232,-675,3480,7076,-921,3410,7671,-637,825,8066,-1607,-3680,-6885,4113,65,1859,725,-547,-4049,1990,6799,19399,1299,-1610,-1610,2785,4579,16052,1050,2595,8136,-395,3480,10066,-565,3410,10507,170,535,6164,1699,665,1189,2592,-240,4175,444,-6,1377,584,6323,6128,659,-6,708,2635,6799,6378,230,7420,85,7420,230,7420,-635,7420,-3903,-6534,2180,-1547,995,-7117,9483,12714,2797,-643,9483,-689
2/14/2025,-150,-1160,-3192,-1220,-120,-885,-1220,-144,-3192,-685,-2310,-3100,-169,2811,-5978,-755,3612,-4884,726,4354,2596,515,430,8909,291,-1790,-2005,645,-145,8594,-685,-895,1512,-1220,-120,2330,-1220,-120,2330,-605,-2010,2925,365,5393,-7303,-755,1581,-2934,550,4825,-908,590,-657,1924,1065,4825,-1944,645,430,2966,1650,4238,-3845,615,-467,4238,-1770,615,-2146,-5667,97,2944,1385,1012,575,6712,-3520,-3545,575,8133
2/17/2025,215,1080,-410,-225,1080,-410,-225,1080,-410,470,1095,-410,2229,1570,5005,2120,2195,4990,3685,3630,4650,3705,3500,1805,4539,185,550,4415,-1130,6080,470,1080,-410,-225,1080,-410,-225,1080,-410,-35,830,-410,1315,1570,10505,2885,4200,10190,3685,7190,12770,4415,4985,11325,3625,7190,12770,4415,4985,11325,269,-3010,375,-3010,269,-3010,375,-3010,-535,3765,685,180,770,-2390,-5990,1605,-515,400,-5990,1605
2/18/2025,2224,846,5915,2225,1365,1134,371,1523,1499,1673,-1355,2655,1170,1664,6928,1420,1810,8340,2472,548,11721,1762,4852,-2045,1920,1989,3945,1643,990,8487,1758,-445,6266,2225,1365,6730,2395,1281,7099,1124,167,1630,1170,1664,11055,1300,4373,8550,3265,1465,15891,2093,4852,21290,6723,1465,12881,1643,4852,16686,3038,5797,1497,6250,1995,3797,-1032,4970,3042,5690,1827,8654,1469,6876,7044,5574,1923,8097,7044,12416
2/19/2025,936,4584,-4032,1210,4013,-1437,4475,1744,-4032,310,3055,-4860,2435,2210,3340,1490,6000,16938,3173,5787,11901,6387,13375,-2735,561,503,-1890,4155,6985,-3885,2990,3930,-5890,3470,2815,-9535,3470,1570,-9535,-1325,2740,5524,2435,8145,25103,-320,7978,23208,3140,15166,25801,6092,13375,8052,2750,15166,25797,5815,13375,4976,-1259,-3078,-985,-1895,-2268,-3078,-225,-1895,1110,5048,4225,13147,9970,2189,-2155,-4743,2535,-830,-2155,-4908
2/20/2025,-95,1084,-897,-645,1961,-527,294,1084,-897,-890,1850,-2842,253,2345,-5030,230,-1249,-5149,142,-1471,-3777,1415,-5626,-5079,1304,547,-557,1405,-4080,-7334,-1240,1961,857,-895,1961,784,-895,1961,784,-3325,-2375,-5416,10,3288,-11735,1070,90,-13950,783,-3245,-14733,1415,-2169,-4316,365,-3245,-18369,1405,-5626,-7757,-120,-884,-1110,-389,-847,-66,-1140,-1199,1363,-6144,-3030,-5795,2945,1296,-987,-5975,2420,-574,-1730,-6520
2/21/2025,1340,4482,9313,1220,4013,10363,1077,2993,9931,2075,5150,10482,-255,-3985,-6819,-1075,4035,-674,289,2680,-7393,3490,2995,3036,-1437,-716,-2610,3710,-735,3535,1340,4830,9866,1220,4767,11483,1900,5167,11834,705,5395,11025,-255,-3690,-9930,515,4305,2133,515,4060,-4646,3314,2313,8360,920,4060,-4343,3710,2995,10711,4017,2916,4758,3301,3942,2916,6858,6388,-1350,-5743,3805,-6189,1336,-7399,555,-372,1900,2234,555,1645
2/24/2025,360,3525,3036,1400,6235,4171,1990,4016,4348,1810,7944,6665,3451,-543,-4983,1220,715,-3065,1994,211,-5552,2751,1420,-4575,1700,-108,2390,2751,1415,-4575,1910,7233,1335,1400,6235,6269,1990,4016,5678,3571,9103,11224,3830,310,15608,1220,715,-2834,2305,1999,-4819,2751,2406,-8935,2060,3034,-5639,2751,1415,-6845,726,5007,4792,6449,2434,3891,4481,15212,-1080,-3534,-3100,-5090,-1947,-7106,2120,2834,3070,5251,2105,3164
2/25/2025,2352,1719,6547,2480,3177,-1096,2791,4346,1618,2428,4229,4238,1504,5420,19089,3115,8849,13063,2086,10506,22862,2498,5769,12244,2304,732,3177,2430,6489,20432,1863,2899,6690,2480,3177,-920,1287,4346,464,2607,2581,3397,2572,7227,22420,3115,8849,14983,2153,5592,28241,2437,6767,19803,2113,7901,21583,2430,5734,10595,6484,6628,7350,7021,5549,6315,9434,6297,5055,20946,4716,17727,13093,19927,4937,1742,2023,2197,4902,3665
2/26/2025,1435,6610,11953,3309,5335,10861,1485,6058,13574,-760,8273,9879,-281,-3583,-3843,1035,1695,4902,3630,2838,-1385,550,4552,-4775,2445,340,-755,550,4552,-6090,-760,6900,9883,3309,5335,11780,1485,6005,11530,2310,12890,13508,-155,-645,5290,1035,1695,-35,4540,1233,3523,539,5262,-4675,4215,1233,4035,550,4552,-7405,6395,12806,6924,14142,4705,13118,8797,12135,953,-6840,560,-3810,4179,-5510,790,-6895,2574,-1675,790,-6257
2/27/2025,1066,641,6431,671,2857,5976,282,3425,5449,2351,2385,9442,562,627,-135,2829,2986,4192,2296,3087,3278,4215,4425,3863,1698,1718,1619,4195,4425,3863,1016,1235,6431,671,2857,5976,315,3532,4542,2720,-2185,5534,1400,1347,-705,2829,2986,4192,2423,4325,3278,3522,4425,2069,1350,4150,3434,4195,4425,3863,3166,8044,2760,-836,3370,810,5841,3075,784,-4842,1949,6103,875,6816,2878,4763,2945,4555,2878,4763
2/28/2025,2612,1767,8148,7116,4187,7351,2938,1507,8148,6432,4284,8096,2907,4151,21168,7641,2803,2278,3335,465,3128,3445,-4487,2152,2951,1710,4511,4079,-2744,16140,4416,4277,8496,4516,4187,7351,4466,4027,7181,7665,5397,32861,5633,2555,7884,3520,2803,2278,5268,-600,3357,3326,-5837,1096,5178,145,3239,4079,-4249,-15108,3648,5084,6641,6033,4118,5164,4870,5748,1545,-1327,4505,2474,19502,4084,-1147,19301,2241,4384,-1147,18540
3/3/2025,4511,1365,-1506,4520,3755,274,4451,4580,-1528,4450,2607,-675,2820,8422,5871,4535,8652,10716,4191,8615,6467,4435,9192,16684,2785,4397,1537,4425,9022,5941,3895,1985,-3676,3860,3755,-4655,3835,4445,-3995,1405,3705,-1547,2820,8422,5998,4535,8652,10716,3590,8697,6467,4435,9110,10008,2785,8362,4529,4425,9022,5941,1305,-2055,2710,-1460,1960,-666,3005,-2840,6460,9985,3115,12950,5854,9694,4936,284,5282,1303,4926,284
3/4/2025,4709,5358,4694,5122,5378,4175,5197,5483,4783,7966,2975,5094,-1998,2900,720,-621,4985,8720,6120,8675,22274,4746,11110,13534,125,3695,1026,3990,11110,11716,4801,5358,4694,5122,5378,4175,5197,5483,3885,6096,2560,5954,-730,2900,4773,-1025,4985,8720,6120,8675,22274,3970,11000,34173,160,8140,19822,4170,11110,36709,3053,5672,2945,7736,2735,6587,2380,5341,3161,-1595,2925,19551,7498,18337,1760,19734,4241,1170,1615,22844
3/5/2025,6460,2668,2539,5367,4734,6828,5702,3857,3914,6108,4314,1623,3487,3310,3343,5705,3603,7607,5976,1387,7669,7230,1219,24730,6311,3102,1222,7225,1352,24170,4927,3659,1552,5367,4734,6828,5702,4560,6718,1980,3361,-1395,5891,2585,6697,5309,3603,7607,6371,4456,7669,6992,454,24366,6706,3921,7310,7225,1209,24545,3159,8156,3178,8956,2467,8286,3571,3292,380,4314,4131,13440,2405,13517,11098,11642,1169,-1385,10588,14501
3/6/2025,3244,3471,6837,1580,5071,10129,4407,3686,9113,5099,2636,7863,7441,7950,19433,3809,6146,12435,4944,7799,22409,7122,9065,19222,5445,2485,42,7122,9065,18223,4419,3586,7410,1580,5071,10682,4356,4261,9640,2793,173,4620,6530,7950,19724,3809,6146,12435,4944,7879,22409,7191,7260,18128,5445,7614,18769,7122,9065,18223,6443,6440,6860,7385,6447,6722,4170,12178,8743,15327,3245,5716,11006,12825,14909,10714,5077,0,14909,9554
3/7/2025,5074,6461,10359,5798,5362,8273,7060,4783,8514,6949,9506,13977,6809,4297,-2000,5905,7930,10296,5855,7730,22104,5850,13814,8763,5284,5285,5859,5920,13809,6171,7070,4738,7194,5798,5362,7873,6203,5875,8387,7726,8023,4404,5300,4430,4074,5905,7930,10296,6650,7730,22104,7359,13814,24788,6305,7430,8957,5920,13809,53037,6065,13028,10965,14114,6944,13144,13221,14564,5809,5639,10015,10576,7546,10903,14210,56349,5760,6237,14410,56889
3/10/2025,2655,5454,8929,3115,7650,15326,2160,5169,9290,1360,6875,12244,1033,4303,-5108,2230,7992,13866,1921,9736,28779,1735,3746,17221,4277,-64,-2690,2312,2935,34762,2655,6065,12041,3115,7650,15721,2415,6990,16191,3040,3600,12704,2155,5078,13211,2920,8448,17259,2745,10613,29293,1501,4051,42802,2855,7892,26630,2725,4285,43561,3930,6903,4215,8081,3930,6903,2465,4701,4082,-4263,6310,7816,7145,8576,3887,30014,107,-3229,3887,25043
3/11/2025,11912,8425,13177,12977,7645,10230,6854,9169,17367,13127,7455,10911,2745,2540,8970,5227,-260,629,16421,8735,16948,5392,-510,18441,15930,4135,3228,14785,3517,10013,11912,8425,11909,12977,7645,9220,6854,9169,13175,12702,7695,24034,2745,2540,9017,5227,-260,629,16421,8735,16948,5392,-3023,8527,15930,8470,14297,14785,-570,10013,17463,2361,6493,3453,8358,5527,6000,3613,9025,13279,2212,5323,8166,16872,7388,11395,3603,3872,7373,10675
3/12/2025,3450,4427,8828,1820,5037,7243,1894,3337,8675,970,4968,7978,1027,7244,17823,4238,4770,10933,1230,5269,12850,215,-1889,-4828,115,2375,4805,215,-3464,-2317,320,6146,8828,1820,5037,6718,2280,4718,6583,1475,5562,9064,1027,7222,18502,4238,4770,12354,1230,6348,13183,215,-3358,-23382,115,5286,8706,215,-4996,-28380,7904,3488,7156,6177,7499,3355,9244,7367,6205,13085,4302,7438,4565,8162,-5227,-1234,1009,4385,-5457,-3115
3/13/2025,-1345,4310,5467,2860,6464,7253,1762,5894,12436,590,4038,5163,6367,8275,6777,3393,8925,7241,4856,8812,8428,913,15326,14819,3650,303,-660,1065,15326,11602,3700,4555,5467,2860,6464,8638,1385,5687,13843,2448,3325,9952,4705,8065,7197,2610,8925,7241,3330,8635,8428,1340,14852,14259,3650,6610,6119,1065,15326,15367,3698,9218,3105,13728,8589,11271,2655,12054,5836,6372,6083,12582,8072,17263,6900,440,3680,1596,6695,1475
3/14/2025,650,2389,1111,1680,491,-4175,837,1228,-4133,395,-1125,-6794,1091,5748,3960,1855,1626,11098,998,5439,7895,240,3795,17866,47,-1575,105,240,3795,20206,395,16,-1029,190,491,-4410,910,-3280,-4320,1070,-2520,-7130,955,4095,3448,1855,1626,11098,-125,5649,10603,1894,-732,36342,2795,4966,11045,240,3795,38002,468,-278,377,-2135,725,-278,-328,-2135,898,1485,2056,5911,2705,6335,6040,12853,440,-1665,6040,14280
3/17/2025,-346,4229,-861,475,5384,91,-1168,4063,-1071,385,5418,5148,2056,3806,8608,3402,-810,-110,3719,-898,-908,3191,-1859,2458,5472,1855,4428,17104,-1865,5648,420,6236,5550,520,6243,6220,495,6340,6010,-2220,2410,10111,3836,4939,8823,2897,-810,-1930,3065,395,-5583,2921,-2733,9367,3617,395,-5361,4581,-1809,10386,2537,7097,2093,7665,2215,6887,3147,7665,-333,5271,-1601,-2373,-2786,3898,1913,4659,1398,2708,1913,6927
3/18/2025,2005,6707,9975,5222,7423,4315,1779,6556,8290,1545,7423,4987,4083,11371,43156,7258,16896,28537,6346,12244,33431,2890,12658,8966,3083,7993,772,2890,12653,15973,2005,7423,9935,5222,7423,6389,4657,7135,6389,4445,6986,8401,2940,11371,43933,7258,16896,41707,3555,12244,37033,4169,12658,16844,3460,12239,37433,2890,12653,17126,3231,4940,4127,3203,1214,7490,380,1745,13533,26876,10325,25808,8860,27394,2381,2449,1536,3613,2356,1189
3/19/2025,2810,3849,7011,2452,2260,1611,2876,4018,6720,2701,1481,6984,2801,3155,6803,3135,1365,10032,1785,2333,13703,3520,6145,2189,1871,2434,-232,1210,6130,11833,2466,2305,10076,2452,2260,8394,3738,3750,8264,1200,246,-4305,2067,4116,14819,2757,1365,14993,3604,3487,26471,3354,5736,23192,3755,2767,28965,1210,6130,20404,1341,4492,65,887,1216,4257,1397,992,2858,966,5450,4347,8437,7165,7380,9508,320,-1018,6015,11079
3/20/2025,6035,3882,10952,7827,2645,10741,6574,3792,9966,5989,2645,12636,5795,4629,4158,6085,3900,13327,7854,6823,2175,5783,9370,-3357,6398,-537,3818,5783,8674,-547,6035,2645,10952,7827,2645,11210,6574,2555,11210,5984,1155,13023,5919,5450,9489,6085,3900,14629,7854,6390,8764,5543,8112,7872,6398,4846,10545,5783,9605,8924,10460,5811,10112,5811,9205,5811,9069,7126,9528,19930,8420,11066,10936,15742,14614,12380,2375,4040,14614,11810
3/21/2025,-232,2046,-2021,-654,3781,-3335,-310,2182,-1966,-140,3160,-4346,765,4746,8949,-130,6201,3760,2410,1813,3765,2230,1875,-3130,3790,1000,-2140,2230,-204,-4705,-60,2315,-5901,1445,3781,-5475,1305,3781,-5695,1260,-45,-75,765,4815,9669,-130,6201,7240,2410,2071,10511,2230,777,23863,3790,1645,3071,2230,2060,19151,-483,-5191,-228,-3413,-483,-3361,945,-3693,2067,6331,390,4800,491,7505,47,680,652,685,47,1494
3/24/2025,977,3473,1633,-149,-545,-1222,-586,2358,1633,114,-1500,-1212,520,-2051,3335,685,-169,6775,1200,316,3954,2575,-904,2561,2053,-455,208,2755,-904,3386,-65,1686,194,664,-545,-1222,1568,2107,-1222,-400,-353,-2553,520,1542,8938,685,1152,11142,2710,2115,11045,3564,707,26669,2965,2115,11045,3320,-904,26669,3513,1179,2494,-522,3513,1179,1475,-522,-105,-2597,875,6117,-1447,6182,2377,11172,-715,-3630,2147,2340
3/25/2025,3779,6773,-2090,3595,3697,587,4339,1660,-2090,2560,5335,-12,1219,6564,9681,370,3865,3256,770,3478,7201,740,6510,-5397,535,2347,35,930,6510,-7457,2560,8138,-4355,3595,3997,-12,3105,2912,1363,2285,1266,3204,370,4426,12921,370,3865,5901,770,3981,6886,1077,4739,-11144,535,3981,7416,2270,6510,-10572,3875,75,2025,-1422,2482,75,1269,-1422,2990,1278,839,-280,2010,-144,695,-6810,2498,1855,695,-7330
3/26/2025,-715,2022,6061,-1080,2470,4577,1434,3444,3377,-1110,1725,4789,-1190,-866,-5966,265,5465,7423,886,2596,-5400,1470,4375,-3844,-451,-1150,-360,-675,2752,-4726,-1835,1560,6061,-1080,2470,4577,65,3988,4599,-1995,-1635,-2245,-640,840,-2682,390,5465,7423,815,3505,3905,-1668,-2382,8881,665,3345,3480,-585,-445,10417,908,4001,2265,4484,1977,5358,2135,5885,113,-5956,5634,6358,3792,-4247,3661,-4867,113,331,3661,-1284
3/27/2025,965,3339,5396,1230,5634,7059,990,4418,5396,1655,9310,8996,1514,2963,11848,2210,155,8500,2468,6783,14501,3070,4794,8923,1022,2061,1543,3470,4997,14235,1205,5634,8911,1230,5634,9931,1230,3948,9931,4330,5125,3425,971,5532,10503,2235,8020,11057,2960,2575,11717,2455,11474,20325,1920,2295,11174,3255,9117,20485,5918,7788,8662,10627,5820,7788,6569,10627,2547,8595,3819,11166,5926,10081,8713,10860,550,2004,8713,13700
3/28/2025,540,5856,3339,40,6135,5782,70,6546,4684,185,5610,3032,-1915,4632,5096,1575,10198,18473,2505,11960,18928,2085,11587,5145,2503,-660,875,-190,6930,21989,440,5610,3087,40,6135,5163,70,6550,7374,-1255,1960,3780,1570,5913,12258,4140,11035,19035,2125,13670,18928,4928,17695,48603,2895,13670,19635,4215,18466,49482,4077,1314,2846,1811,3373,3189,1466,3991,-2254,3221,4402,14315,6503,9179,13458,15594,6,-99,13058,28137
3/31/2025,-1010,-3622,-3259,-50,-1167,-2524,-442,-3622,-3259,-310,413,-5048,2084,-3760,-6868,0,-1003,-3817,792,-1095,-6260,1475,780,-4812,322,-1840,-2725,-79,-165,1326,-310,-825,-5748,-50,-780,-3855,0,-800,-2755,-1415,-3450,-5495,440,-4030,-10822,-885,-1003,-13945,740,-880,-14102,-318,-89,4394,400,-1270,-9164,795,385,4797,1278,-6389,3499,-3223,-3966,-7487,-2212,-3223,-4128,-7416,-3044,-6280,-4540,-7255,3525,-5245,-2563,-4845,3680,-3627
4/1/2025,9550,6750,6520,4899,5140,6837,2494,4634,12449,9520,4458,8072,3529,2683,4432,4523,6045,5692,2472,-820,4208,17014,905,1939,2642,2616,1749,17014,905,-1582,9550,5470,7213,4899,5140,7775,2874,6324,6885,2410,4559,6824,3529,2683,8842,4523,6045,4878,6541,1853,4208,17463,14859,-7598,4163,1853,5031,17014,905,-5647,4231,7288,4205,6025,4206,6809,4560,6815,1836,8088,1695,6623,-332,10676,-2910,-1342,3070,2660,-2910,-1342
4/2/2025,834,3710,9261,814,2735,11304,2250,4746,8956,1299,3210,9900,3625,-822,-2940,1635,-2275,-3991,12275,-112,-5450,1195,-6485,-3895,928,-2260,-2011,2029,-4315,-5504,1299,4090,9261,814,2735,9805,2250,2185,10941,876,3560,9845,1020,415,5660,-400,-1720,2255,1962,1580,7216,1246,-1967,-13204,1307,1115,3369,2029,-2010,-12505,2212,9480,3714,9213,3465,9465,4434,7973,-3050,-1911,-510,8092,1711,-4305,-2400,-3665,-3460,-5770,-2405,-3665
4/3/2025,3635,2443,647,4035,3102,-966,3894,2015,-2161,3080,1834,539,826,-1727,253,5090,2340,2585,5587,1537,3358,2754,5288,7591,6220,875,2791,2754,5283,-2929,3540,2374,1366,4035,3102,-966,3478,11449,-2491,2389,339,-1647,1735,-335,-3832,5090,2340,2585,6288,1762,3563,2630,3633,1404,6406,271,1484,2754,5283,833,-771,2139,2983,2190,11022,-2375,924,-2310,-517,-4982,-2329,6420,-656,2007,-490,514,1570,4350,-490,-256
4/4/2025,2995,6011,9959,6839,4622,6980,5037,3663,7061,3905,7208,12395,3807,7985,10771,4527,5856,9765,6003,8094,13626,4827,7027,19673,4709,5725,692,4812,6952,17798,2995,5588,9959,6839,4622,6980,5037,3491,5434,7973,8367,13835,3807,7985,10771,4527,5856,9765,5236,8098,13626,4827,8876,20238,4731,6207,10605,4812,6952,17798,5872,24373,3837,22799,5204,21349,7859,25923,8133,6900,9114,12258,10428,44010,9486,16948,6881,1376,9416,16938
4/7/2025,-1235,3660,2844,2851,2485,1673,4631,3275,4674,3126,3405,6528,2726,5910,7875,-1260,9528,11947,3407,8892,5256,-1260,9661,5862,-1265,8032,1752,7355,9246,5852,2255,3660,2844,2170,2485,1673,1813,2530,-653,2310,6266,4966,1985,5910,8520,3046,9528,11947,2630,8892,5256,8105,9661,5862,2530,7882,7076,7355,9246,5852,3318,1442,3002,3250,2260,309,5830,7801,5363,6217,6810,10914,7573,4863,7695,6631,6413,2949,7275,6621
4/8/2025,2605,5181,9927,2145,5495,10995,2715,7307,13556,5510,11030,19800,724,2318,-1708,2105,5215,7428,4032,9003,7999,3012,9595,22627,3847,9138,2913,2992,9575,20797,2530,6625,9927,2145,5495,11945,2715,7238,13419,4380,10790,19651,640,2670,-2140,2325,5215,7428,4032,8505,7999,3012,8413,21852,3847,7430,3211,2992,9575,20797,3151,4780,5258,5073,4729,2562,11465,22515,730,-1895,2940,1649,5589,6007,1085,1820,4299,6241,1080,1820
4/9/2025,2455,6002,4632,3150,6522,7171,2366,5743,2162,3900,7069,11145,3967,5596,465,8171,10559,8307,7025,10118,8371,3224,9104,11774,7305,4166,1098,4474,9089,11754,2785,6785,5325,3150,6522,5630,2435,6242,4150,975,6605,11068,3967,6390,613,8171,10559,8307,7025,9296,8371,3546,8606,11852,7305,7866,5558,4474,9089,11754,5319,5886,5453,5415,3822,2819,6518,6910,3621,1137,7756,9403,6187,8978,7899,10288,6105,1624,7849,10268
4/10/2025,1930,5105,9912,2170,5569,2605,1584,5979,4443,825,5323,12265,2975,5930,7727,1380,4490,6942,2530,7120,12700,2080,6350,12468,3145,4175,153,2075,6340,13963,1930,5105,9912,2170,5569,2605,1835,5979,3153,1291,3219,10351,2975,5930,5957,1380,4490,7990,2530,7120,9382,2080,6350,12051,3145,7095,10063,2075,6340,13963,5637,6601,5795,4497,7352,5723,5864,9929,4694,1491,3745,6743,6232,7588,5515,12060,2306,1188,5510,11365
4/11/2025,5899,1705,11179,2460,2305,11143,6285,985,7825,4875,1445,3619,4904,7735,11977,6587,7621,18301,5816,3998,19646,5942,9201,29901,5850,7580,4669,5942,10368,29896,5899,1705,11487,2460,2305,11143,6285,725,7365,2964,-220,2834,5291,8694,11977,6587,7621,18301,5816,5113,19646,5942,7803,29901,5850,7130,11248,5942,10368,29896,1541,7799,3067,7933,3065,8501,1278,6156,5215,2585,6145,9074,5339,9248,4784,19795,5415,3144,4779,22080
4/14/2025,4655,3247,6272,2990,4847,7543,3311,2913,3068,4398,4349,7119,4854,6896,12275,4893,9059,8990,4236,7253,7258,4170,7404,8807,4630,3759,6269,5324,7384,7921,3214,4266,6272,2990,4847,7543,3413,4647,4874,5341,3878,7488,5064,7538,11742,4794,9059,8990,3675,8013,7258,5129,7051,-5690,5264,5201,9263,5324,7384,-4755,3648,4938,3962,6430,3704,2330,4772,11357,6358,16541,6767,13264,6020,7503,-742,-1117,3334,2595,-772,1464
4/15/2025,1779,2847,1105,1215,2805,2025,3295,1308,938,314,4133,6213,2483,8154,6434,1257,3990,2944,1921,4369,-1561,25,4493,244,1841,3070,1025,355,298,-1533,1760,4296,1105,1215,2805,1991,700,1125,3951,-115,1480,4679,2483,8370,6904,827,3990,2944,900,4659,-1561,1620,3530,-13719,770,4240,-1930,355,4008,-18740,4428,2031,4175,4169,3706,2339,6213,1690,7194,7160,1589,-2070,6709,4385,5492,2346,2550,1025,4070,1473
4/16/2025,117,2465,1934,1145,5245,3363,754,2162,3136,2270,5253,6108,2497,1989,2065,1250,3158,5533,606,4214,5491,3195,647,1245,1008,3416,869,3195,562,1920,1265,4098,1043,1145,5245,516,1145,2895,516,375,4753,1782,2420,1535,7420,1250,3158,1805,2215,4667,6281,411,3641,2417,2335,4662,3843,3195,562,5361,2573,4347,2195,5243,2163,4347,4252,5243,4410,1587,6269,9550,2707,3972,4292,-75,79,626,4287,724
4/17/2025,6255,1900,6834,3995,3555,12731,3890,2599,13001,5540,1760,8330,3019,3591,10177,2265,6961,7283,2677,5692,5964,2200,6325,11634,1276,2181,3971,2200,6325,11634,6255,1900,6834,3995,3555,10292,3890,3516,6356,2050,8083,9048,2095,5412,8909,2265,5435,7334,2840,5692,6015,3729,2007,10520,2945,5382,7071,2200,6325,11685,2811,10189,3401,1372,3401,10189,5841,2180,3401,173,2299,-38,2844,3900,-861,-562,3357,2129,-1111,-53
4/21/2025,6615,5650,5670,7335,8489,8271,5649,9077,5767,6615,5947,6112,3872,2995,-183,830,4587,1627,3045,7742,9882,1505,4701,1140,3072,4809,1705,3933,4150,1224,6615,8530,5270,7285,6634,6742,5622,9609,8257,6320,6374,6359,2515,3630,-785,610,1373,-1620,2050,7790,8981,1313,13676,-3494,2255,6525,4378,2025,5872,-17336,3437,7172,3455,7185,4294,7385,2588,8740,1659,5545,-361,1243,1315,6855,3489,6910,3192,3515,3259,5230
4/22/2025,12991,3209,5590,425,3115,12241,1490,3912,6973,2949,1686,5512,7369,6580,6409,12405,8369,9339,2562,11734,4170,13029,4864,11534,1350,2880,9985,4897,4864,6030,3954,3209,2975,2986,3115,4717,2859,3912,4782,1686,3212,3867,4440,5673,9968,12405,8369,9339,2290,7399,13300,1369,3413,6030,12657,7399,12943,4897,4864,6030,5980,15572,2818,5474,4215,15912,2080,5489,618,11201,1053,6464,13761,9857,219,12861,1465,4489,219,12724
4/23/2025,3975,-192,7765,540,550,9455,490,-255,9130,3150,80,5735,1460,3049,-4600,1490,3575,8306,3489,2233,-2109,3175,2997,15798,1310,2258,3836,3170,3472,-1235,3975,669,7765,540,550,9455,490,705,9130,3285,7295,14356,1460,4028,662,1490,3575,10236,3489,2665,7395,3175,1614,-1882,1310,1925,4438,3170,3315,-56,2197,4096,3112,4465,1301,5590,3552,-645,1677,-1753,3531,7650,4790,-600,5247,4316,1815,4335,5247,5009
4/24/2025,-828,1006,1157,-220,1740,566,-542,993,1157,-960,3702,1916,4370,3317,11650,-320,975,-3027,-1258,6387,9599,585,-2045,4639,4424,115,-360,635,-3580,5059,-1010,1500,1157,-220,1740,1916,-1150,1740,1916,710,2430,-73,980,3415,2319,-175,975,6291,-1085,5561,2337,409,-1744,19969,1090,5561,4074,635,-1745,20645,-360,1902,635,3161,-126,1902,-270,3161,3546,-1870,1140,5795,2527,8570,975,2944,249,-1320,970,5553
4/25/2025,-1480,-1025,6348,-910,-1691,3169,-146,-1595,5173,15,-1681,5366,-146,-3932,2409,-425,-3145,11183,1660,-4382,14843,-445,690,34003,30,-2092,-3800,-825,-2278,34965,460,-2156,6348,-910,-1691,4540,-830,-2461,4540,775,-3871,-2173,1490,5250,8750,725,3364,11183,1369,4630,13964,296,3618,33615,265,4630,12832,-825,1940,37159,1991,8212,672,4964,2369,8212,-1345,4964,-225,5788,-3100,8866,3059,12885,-2585,23893,-2871,-2340,-3160,22772
4/28/2025,2101,2063,6789,1220,5064,5755,2332,1884,4372,950,3265,7188,5033,-2167,-3500,2172,1864,2790,4424,-927,-5671,3842,2621,19035,4079,4955,1512,3768,5041,3316,2181,3665,5617,1220,5064,6315,1715,2940,4050,915,3415,5830,5852,-915,-4489,2887,260,-4360,4818,-3410,-14441,3437,623,612,4715,-3410,-17185,3843,2615,-2355,4079,10252,4046,11775,2813,12061,4904,12392,262,-3877,2215,3988,-1467,-11,4010,806,1877,1319,3620,21214
4/29/2025,3105,-2642,-4397,1875,-1775,-2450,2108,-1329,-1916,1115,-1507,-4140,278,3989,11586,2648,983,3758,1772,1461,-2831,1910,-3124,-4678,1492,1384,-2165,4845,-2429,-6693,1155,-2390,-4317,1875,-1775,-4985,1360,-365,-4520,-110,-4010,-5185,1355,3190,11522,2590,983,2397,3270,855,-2247,1468,-1826,-3206,3100,665,-2473,3930,-1572,-2290,460,-4329,-1115,-4670,2038,-3791,-109,-4112,8625,10761,3359,-920,818,-2677,359,-5020,-218,-119,359,-7449
4/30/2025,-590,-820,-4530,-220,-291,-4530,986,-2528,-4530,-272,-2675,-6845,480,1203,3568,1050,4340,-5735,467,-4016,-6575,380,5167,13919,247,-1600,-890,380,5120,15538,-825,-2506,13242,-220,-1820,17043,-95,-1376,16673,-1035,-1500,610,480,1715,16471,1050,4260,5009,1210,3725,19938,380,4494,18391,1030,3705,19518,380,5184,15977,-700,1286,-980,-232,517,1273,-2900,-1054,1921,3969,2014,-6930,3743,-6856,7342,15847,-2694,-2680,7337,15522
5/1/2025,2823,1478,3337,2595,3660,9575,632,1533,3337,4921,6141,7345,1026,1437,9975,1718,460,5504,58,1539,-13,1537,1882,3185,2920,1004,1517,1597,115,0,3941,3566,3337,2595,3660,7345,2425,3673,7345,2924,5786,8300,1026,1690,15014,1718,919,14416,1880,-1905,-5012,1693,-4668,-13448,2295,-2120,-2635,1597,-4395,1174,-434,2991,1962,4596,-1342,2991,4317,4596,1644,12281,1216,2556,-955,777,125,8010,2478,6147,120,6111
5/2/2025,-503,-4,724,190,-1118,1595,532,-1008,1129,237,127,-984,-998,3446,-6922,-545,141,-5783,2185,682,-4238,1383,-2745,4391,-905,-683,-1290,2996,-2555,5046,1089,-2149,859,1109,-2149,2545,1104,-1750,2950,900,-1969,930,-745,1535,-10534,526,-190,-7635,2185,-620,-7192,3940,1880,-4607,2576,-620,-5485,3516,-2745,-3350,2605,5462,4529,3492,2605,5462,2888,3492,-3679,-5330,-2045,-5255,-3396,88,1850,5186,81,-1770,1850,5186
5/5/2025,1352,1140,-1833,1465,2120,-1500,905,2120,-1833,727,2193,-1147,2602,6990,3951,5145,6406,7992,3166,7943,1495,4462,8006,3590,1376,7723,8230,6236,7946,-1811,1400,1570,-1074,1465,2120,-961,905,2120,-961,2310,1825,-1575,3795,8515,13376,4725,3800,8783,3211,7535,4185,2136,8466,10006,2051,7535,4708,3532,8006,10815,1965,2614,1600,3615,1360,2614,3175,3615,2209,7895,4254,7043,3963,5245,2863,-2688,7989,4200,2863,-2122
5/6/2025,40,-144,-2505,60,-1745,-832,580,124,713,40,-1640,-832,3122,7629,20514,4521,7261,22270,3575,7980,31889,4846,789,13409,3837,-862,-603,4846,2076,16088,40,-1770,-2505,60,-1745,-832,580,218,611,940,-2090,-911,3370,6214,25792,4521,7665,24669,4110,11904,31400,5728,2395,32764,3141,11934,27816,4846,1297,34760,2131,3236,2535,4476,2672,4476,1475,3271,3737,11879,5263,19586,12348,12288,8612,15350,4493,375,8612,15350
5/7/2025,5717,2609,24638,5130,1239,19942,3804,3237,23999,6375,4579,20766,2992,11939,8233,6035,8819,26911,3223,6100,32039,5372,12412,23791,1686,3485,12568,5840,12407,30859,5795,1529,26104,5130,1239,24917,5130,2178,24645,9768,11688,28837,3510,12787,11460,6580,11552,18875,4565,5483,30664,4501,9697,30972,5265,5633,29117,5840,12407,36677,4035,17556,5660,21335,4696,17777,5079,21335,6264,18230,7253,17739,9708,8425,5761,5612,6176,9554,5756,5572
5/8/2025,3997,2051,131,4295,1655,228,3772,398,-3648,4285,1436,-2170,991,2223,6218,1555,2157,-4615,-361,900,-395,2715,884,11275,1275,235,2531,2715,16929,-4192,4520,1436,131,4295,1655,-3287,4295,1143,-6710,1215,1150,75,1145,1340,6408,1940,13128,2525,-361,900,4936,5,11232,-10718,1985,680,573,2715,884,-1137,148,-647,-1062,-1653,1105,-3575,-980,-1653,5453,2264,17963,-3913,-1505,-5343,5228,-3748,1875,2147,5228,-6148
5/9/2025,3408,6640,853,1749,7505,1290,2610,9162,1122,3545,7043,1477,726,2535,17057,1495,5230,12970,1550,2071,17800,1405,3069,-5478,-901,64,4330,552,2514,-6683,3035,5552,2787,-160,7505,226,-160,7500,226,2655,2256,28,470,2535,21316,1495,5230,12970,2055,1540,18171,1025,4130,-12987,530,1540,15825,712,2869,-15992,-692,3378,-3347,-1100,-2217,3378,-2422,-1100,5756,15081,4520,11994,2840,19797,-252,-4856,3376,817,-252,-6154
5/12/2025,783,1465,-31,200,1470,2744,-155,1470,-31,-115,-2095,-4459,-1631,-4489,-4670,-1120,195,-2711,1409,-1881,4542,1470,-3550,-5984,247,-517,-3335,2475,-4490,-4305,-115,2405,-5110,-270,2410,-4270,-155,2410,-4270,-810,1505,-2550,-1655,-325,4957,-185,-875,-2100,5610,995,9284,2064,1528,329,295,995,5313,2980,-310,366,1274,-4787,1969,-4035,1969,-4787,1179,-4035,-2723,-3449,-3635,-7420,1154,-5897,-4655,-6642,184,-2895,-4655,-5847
5/13/2025,1875,3135,6103,2130,3135,6103,1835,4553,6103,1995,5250,6103,40,3410,1994,225,4619,352,2160,5831,6143,327,3307,-5559,277,-1975,-2970,2083,785,-3820,2705,4010,6103,2130,5010,6103,1430,6324,6103,2115,4388,8958,40,4285,11694,3580,4081,8013,3280,12416,7315,670,6701,-6665,3135,12416,8050,-695,4337,-6665,1390,965,471,965,1390,965,507,965,5275,9175,5975,1099,9163,6404,8289,-6916,-2270,-2965,8289,-3818
5/14/2025,6377,6663,15963,6985,7455,15963,8522,7455,15963,6050,5512,18203,1590,8654,19295,1240,9885,20170,3163,11052,27682,2725,19217,14312,1233,8017,4830,1215,19217,16809,6185,7894,19680,4235,7455,19680,4235,7455,19680,8205,7281,13509,2455,9418,23343,1360,9885,20170,2895,11052,30416,1240,15877,17128,4505,11052,30416,1215,19217,17128,4576,5399,5410,7240,4576,5399,5802,7240,5412,12981,8090,11488,9814,11575,18833,5429,3277,1998,18833,5440
5/15/2025,971,2170,4443,1532,2170,5830,2248,2170,4803,2317,2170,3887,796,2886,1430,3664,3823,1135,261,1846,-299,3554,2740,-4450,1883,1545,-1110,1357,2688,-4036,2817,2170,4443,2110,2170,5830,1933,2170,5815,1981,5155,7150,1370,-305,1909,5119,1613,2755,2525,850,-2819,4898,1634,-12272,1405,850,-2720,2627,3020,-16750,-480,3207,65,3207,925,3207,-330,4490,1237,6665,1736,5267,1865,-140,-3235,-6793,1096,-3330,-3235,-6885
5/16/2025,-1495,-1932,3915,-1500,-1730,3408,-2053,-987,3915,-1580,-1315,4391,1492,-4500,-5930,-1500,-3295,-4460,1117,-4062,-5494,-1370,-4595,3575,-813,-1510,-490,-1710,-4040,2643,-1375,-1730,3915,-1290,-1730,3408,-1235,-405,3408,-1430,-1190,2770,1620,-7455,-16755,-1125,-5290,-11100,1195,-5075,-15234,-125,-5884,2637,1245,-5075,-14874,-1945,-5740,2583,-2523,2457,-2645,3236,-2277,2457,-2105,3302,-4200,-7113,-2515,-3990,-2130,1288,1671,3974,-400,2230,1671,3445
5/19/2025,-1475,562,8029,-1650,-163,9796,-981,435,9289,-1870,-571,9086,-1985,930,-2685,-1420,120,8336,-515,1356,7997,709,-4013,-4375,-1185,-1540,-3870,-2285,960,-1071,-1170,608,8318,-280,1164,9277,-115,2337,8788,1380,1297,11325,-3810,-2730,-15,-3065,-2245,1150,1020,1924,8434,91,-6420,-4356,-1240,1924,6116,700,-5475,-4408,1330,671,165,3652,2339,671,1280,3652,2364,-5462,155,5988,5982,-897,1828,625,732,-4315,1828,2157
5/20/2025,2439,3728,1519,1290,5370,1539,3750,5586,1519,1500,5545,4695,5924,1942,5864,6563,4850,9379,12115,-843,3146,6648,-2516,844,4220,545,6515,3435,1008,-102,1150,4463,11201,1290,5447,9451,2369,7143,9451,4313,4750,4681,5924,-439,4227,4685,-920,6987,2860,-2680,2275,1658,-2928,-5536,5623,-2680,-668,3435,-8385,-6450,8447,11654,6903,15647,9878,11654,5458,15647,2513,8103,-673,3652,-1962,6052,-2797,-3123,2710,7101,-2797,-3123
5/21/2025,6147,2445,5487,4350,1196,6725,3609,921,6627,3576,1540,3720,2875,-270,-2059,4758,4890,-395,6243,1535,-4288,8205,5535,-5850,5143,810,738,8650,3165,-5850,6147,2445,5487,4350,1196,6725,2725,921,6930,3815,-545,220,2875,915,1410,4732,2770,1975,6505,2295,-3464,8650,7836,-8021,6430,2295,-1570,8650,7907,-7445,7626,244,7696,943,7475,244,3333,-1155,4250,-1260,7255,7017,2968,-4235,2195,-1857,2020,4700,2195,-1857
5/22/2025,4185,6933,7242,4470,6305,4805,5318,6479,7242,3625,4904,4549,4551,7890,17488,4085,2845,13718,4129,7934,9315,5775,4836,-1722,5605,1747,2672,5640,5084,-2365,4250,6305,1862,4470,6305,4432,5585,5846,4432,5310,6228,7617,5780,7330,16134,4323,2845,11108,5185,5957,4403,5616,6093,-6262,4230,5952,-1089,5640,6331,-751,4480,5197,4968,5950,4480,5197,4748,5300,6462,14393,4696,7812,3918,6815,2011,-3732,419,2545,2011,-3896
5/23/2025,-53,1730,4777,-200,-6,549,839,2000,2026,585,-1186,-1069,250,11771,-3497,1270,7620,-1758,-1385,3717,-282,-115,1775,-3422,-466,4588,611,-420,2780,739,585,2570,1236,-200,2570,426,312,2840,426,160,1240,1816,855,11771,-6747,1510,7620,-13195,-1670,3743,-7143,1035,5717,-2821,-225,3743,-8790,-110,1775,-4025,-214,3062,-292,-1206,208,3062,798,-1206,815,-4820,985,-2296,-6741,-3897,-3694,-3623,740,-2450,-3694,-6682
5/26/2025,1134,2990,2239,-25,2675,2485,182,2415,2239,820,2990,2420,315,4780,9213,-325,3495,3295,-680,2114,5386,-1040,-3305,-2140,-1030,2254,1030,-1865,-1310,-4870,540,2990,3139,-25,2675,3320,2980,2415,3320,-305,-1140,-5,315,4780,9370,-325,3495,3295,-680,3225,5386,-1004,-2246,-12354,-955,3225,5386,-2280,-2550,-18380,891,3099,-1130,-3320,891,3099,-1050,-3320,-2068,-165,-4385,-2840,-2978,-2947,-6395,-6860,1112,-410,-6395,-6330
5/27/2025,-500,-1781,-2991,1483,-1025,-3485,-1032,-1448,-2991,-1550,670,-3994,-1420,-4375,-6035,1200,-2310,-5865,-1207,-4055,-2888,2580,-1325,-4360,-915,-2385,-3790,4365,130,-3753,-1550,-1255,-4774,890,-1175,-3985,160,-1410,-3985,-2180,-1745,-3130,435,1605,6845,2040,2075,4195,5290,3185,9795,4627,-2164,3675,4925,3185,10730,6660,-995,4760,1236,-2596,1580,-4321,1236,-2596,1073,-4321,-4270,-6930,200,-4095,-1515,-5384,-1595,-5795,-2460,-4130,-1595,-5795
5/28/2025,130,141,571,465,6272,-4248,691,6471,266,285,1017,-5727,622,2399,4622,255,6666,75,6,6025,-583,2027,360,-5085,11,-1199,-1106,1490,1807,-6830,1415,5034,-6230,1700,4939,-2941,2640,4889,-3246,1750,4994,-3106,3040,4640,1493,905,6564,2488,470,2827,-3353,67,2154,-9749,75,2827,-2,1490,3187,-8252,1887,39,3254,1502,2353,39,2649,1502,3550,2435,2091,1084,7054,-4747,2445,-3415,1023,-1096,2445,-4638
5/29/2025,2475,4848,-3068,1995,3860,845,2300,3674,5241,2075,3220,-459,3412,7335,16181,2075,7035,11739,2592,6914,18605,1710,4310,1238,2735,505,607,1710,4120,3965,2075,3575,-243,1995,3860,-4560,2300,2995,-3840,3160,1940,-5287,2410,7335,12177,2075,7035,11739,1905,9349,18605,2924,6283,-1171,3510,9175,17730,1710,4450,-2158,1757,28,1531,-1035,2143,28,-1095,-1035,3134,15333,3026,14648,3858,13125,828,2374,754,3480,828,2374
5/30/2025,1590,5894,13982,3624,2737,12851,540,1940,14060,5090,5062,11927,901,990,45,2150,2853,-1829,2479,-4301,4181,1435,5100,6650,6219,225,4492,1535,5598,7044,4425,5062,17232,3624,2737,12851,2550,2321,12851,2975,2613,10030,-705,-455,680,2150,-2350,-4190,3795,-5450,4030,2668,3340,1935,8662,-5450,8873,1535,2840,3050,1182,12249,2275,11739,1182,12389,2355,10894,-1023,-6122,-3995,-3378,-466,2813,5328,6314,-1255,1575,5328,9511
6/2/2025,-1428,-4142,-4006,-1805,-4150,-3796,556,-4142,-4006,-1805,-3110,-4560,-1534,-4211,-4233,-20,-2631,-4547,-524,-4450,-6027,3185,248,8316,-1430,-387,457,1370,-1201,10962,-1575,-4810,-3595,385,-4810,-3385,385,-4810,-3385,-2555,-5435,-3535,-2695,-7645,-14185,320,-4485,-2570,-525,-3546,-6886,2161,96,26053,-1070,-3546,-6026,1370,1573,26001,-2167,-1362,-2175,-653,-2167,-1362,-2175,-653,-3081,-5064,-2314,-4207,-339,-4859,-1168,1451,231,-11,-1168,2471
6/3/2025,-1490,1395,5634,-1860,1360,2958,-1481,1759,5634,415,-2710,3445,230,-4010,-3515,884,-3930,6877,-335,625,3103,675,52,-4905,585,-1985,-3760,705,27,-6610,-805,840,5634,-945,1360,3445,-910,1560,3445,-250,1630,6088,25,3250,4163,1880,-345,7815,1323,2400,2928,3184,-1207,-1462,1767,2400,2928,420,52,-4690,1908,3759,2584,1390,1999,3759,1910,1390,560,-5635,1100,10578,3935,-1156,2675,6018,-800,-2870,2675,6018
6/4/2025,2027,-874,1600,-1585,-2895,1360,819,590,1600,400,-1765,1090,1838,8630,7616,-695,8344,9173,-786,8279,25199,-1325,15444,4029,53,1502,3263,-1950,11859,4632,270,-3870,-5043,-2415,-3870,-4560,-1505,-3870,-4560,-655,1288,-4043,720,8630,18731,-1560,8344,9173,-1410,11319,24607,-1628,15168,7890,-880,11319,3297,-2440,15444,10532,-2134,1239,-2555,-155,-1234,1239,-2770,-155,11114,4063,5348,3537,9457,4332,17156,-58,1049,5,17156,305
6/5/2025,3621,4563,-1206,3039,5258,-1139,4826,4167,-408,3154,1215,-2157,193,1751,6540,5615,4050,4425,2486,3725,10561,6010,10012,23195,3960,2712,3008,8137,6594,9601,4314,4013,-4375,4781,5258,-1317,5756,4438,-2712,3361,530,-8222,4571,2669,381,5615,4050,4425,3545,4814,8297,5333,8003,11294,4409,3880,3991,7799,10002,12294,2660,3492,4632,5909,4723,-3715,3712,-933,10078,4976,6655,7404,8559,5651,7195,2188,7139,10456,7195,9296
6/6/2025,41,4714,7323,535,2208,5604,1862,2812,4911,807,4714,3108,2010,2772,15347,2980,6400,4032,612,-2724,1600,-398,-3264,-5100,1895,923,3918,-620,655,-5526,807,4714,6477,535,2208,3270,1862,2192,2378,550,3428,12949,450,1564,14370,2930,6400,4032,325,-668,4983,822,-3503,-13081,115,-668,5006,-620,-5215,-18780,4755,2999,-95,-155,2183,2999,503,-155,3083,19963,250,14805,1338,10772,-3414,-6089,3240,10008,-3414,-6240
6/9/2025,1600,1080,-1539,1985,-1010,-3390,1615,-1010,-1539,1865,-765,-5205,2820,3246,9348,3486,-1045,-4022,1905,520,-4317,720,-1853,-5030,2719,2805,2665,855,212,-6730,1865,-375,-1964,1985,-1305,-5240,1615,-1305,-5240,2815,360,-2940,2820,3246,11309,3486,-1045,-4972,1905,-1525,-8078,3167,840,-46344,1724,-1525,-6330,-415,-4119,-52992,3827,-3882,1205,-6711,4778,-3882,1937,-4445,12757,12360,3025,-4682,1470,-4175,-3493,-5500,6737,2386,-3493,-7360
6/10/2025,2386,41,2842,2920,361,3623,2226,546,2842,2645,-37,2182,1695,5355,18106,1285,3709,18439,2796,6989,18516,2846,389,11658,2580,1686,4190,3041,36,12260,2615,113,347,2920,361,2580,2941,246,2580,3410,-2739,-1085,1695,5030,18217,1285,3294,19998,3545,4623,18516,3795,1305,14988,3480,4623,19988,3041,-1134,13774,2074,2253,2511,1680,1184,2253,3016,1720,7408,10336,3330,9411,9054,15210,5685,9354,4208,2835,5685,12752
6/11/2025,810,1090,937,2315,415,3143,2283,290,3238,2100,-1530,-1121,1338,1107,1431,1270,3540,6896,203,4327,458,2836,9595,-5920,1773,1292,-1416,2072,9388,10256,3025,1090,-1076,2315,415,4337,625,290,3612,2620,-3655,-9478,2335,1550,3080,1270,3540,6896,1835,5365,-430,2822,8274,19010,1585,5125,385,2072,9595,18645,1979,-1657,2919,-3292,2117,-638,-90,-1657,5771,1928,7670,11972,6418,4518,6515,3130,1693,1345,6510,1278
6/12/2025,340,778,3200,-519,1200,2150,-1325,3124,3200,-110,395,1085,989,5664,-1732,245,915,10059,3620,-1870,-1065,783,3791,-3745,4222,350,-3030,1432,2301,-5903,-1095,1175,3200,-519,1200,2150,-1325,1550,2150,620,250,-5270,1968,3658,17295,-833,915,9987,4075,-487,9025,1432,6560,-21404,5352,-487,9635,1432,3834,-26095,-627,-1245,-1605,-4966,-627,-1245,-1590,-4971,1005,3727,-475,1690,6198,8044,8856,4615,1466,1469,8856,4793
6/13/2025,3587,4537,2923,5295,4371,3802,5379,4496,2923,4106,3355,3802,2978,3325,-6966,2781,2552,-6074,5811,3644,-7360,5929,6035,-3447,3072,5540,2688,6109,5740,-3522,8157,5950,2919,5340,4371,3701,4980,4014,3701,8482,6010,5333,3575,4230,-8206,3955,1960,-8170,6001,4065,-9493,4992,2623,-11963,6296,4065,-9493,6109,5740,-12300,4900,411,5297,-370,4900,411,3537,-606,806,-5014,4725,-7440,1213,-6130,4105,6794,3854,3474,4105,4733
6/16/2025,4175,8161,844,1778,7093,-181,1480,4812,1384,1120,5499,-79,3906,5214,-2304,1535,1753,-2922,1128,2044,-4544,4684,4111,2158,3758,2308,-453,4530,4111,5252,480,7553,124,2205,7093,2870,1480,7167,2870,4559,5282,3892,3558,3412,-9944,3385,1753,-15789,1245,3030,-16498,5501,2300,-7486,4137,3030,-21864,5045,4111,-11134,8129,3387,9383,6129,7948,3387,9383,6129,8486,-812,10271,-2754,12717,-3167,18484,-6260,3274,1158,18484,-5500
6/17/2025,158,-1185,-6609,-230,-730,-4605,-230,-956,-6609,158,-1185,-6540,317,-654,-6532,705,2830,-4014,2448,-1893,-7300,1640,3542,-5235,-33,2660,-943,1635,3679,-5075,158,-1185,-10519,-230,-730,-8515,-230,-730,-8515,-1545,-945,-4157,635,710,-1268,705,2830,2030,1100,955,2775,370,3444,-30820,1010,955,2775,1635,4390,-30820,-442,-6403,-395,-5314,-442,-6403,-1165,-5314,1323,-6400,5989,2608,-1869,-4324,-3971,-4035,205,911,-3971,-4035
6/18/2025,3695,-1387,5396,4087,-575,5900,655,-1387,5010,4158,-1060,4475,1994,2810,1068,1720,3617,-3451,3343,3924,-5383,5560,5198,12132,3357,1636,3624,4085,4660,12498,4358,-230,4985,4000,-230,5555,4741,-230,5340,2869,-1210,1825,2550,2810,3166,1720,3610,2527,2545,2675,3901,4662,4899,12658,2475,2725,4066,4085,5251,13086,3511,5540,1979,5625,1939,6540,1694,4835,9451,10443,685,-6520,5695,1857,5109,-2428,1988,6157,5104,14966
6/19/2025,-75,-1790,-1737,-360,-1790,-2905,-835,-1790,-1737,-710,-1460,-2905,1675,2912,7895,1550,3250,5549,1860,4345,7331,650,685,-1250,1482,4720,2832,650,1145,-220,-710,-1790,-1737,-360,-1790,-2905,-835,-1790,-2905,20,220,-1755,945,2912,10468,1550,3250,9834,2185,2410,12249,1367,685,28036,1665,2410,11293,650,685,26961,-400,-1439,-1667,-5390,-585,-2011,-1975,-5815,4705,7899,7130,2456,3100,-277,1805,-2840,730,2061,1805,-2425
6/20/2025,-80,947,-4639,2951,1138,-1232,1439,2452,-4594,2830,581,-2882,-1580,9612,12392,41,8810,11061,-1555,6580,584,3290,10820,-4292,605,1094,-890,4211,10590,-1858,1060,1466,-6066,3005,1695,-4397,2288,2416,-4617,380,1543,-10084,2545,9246,13571,325,8830,18176,3265,7040,11562,2792,9430,19170,3335,7040,11811,4185,10982,21745,1563,-4944,-306,-4984,575,-5681,-1973,-5032,9269,19383,4390,15225,8420,17227,13675,-6569,3126,-1453,13675,-6484
6/23/2025,4320,1765,6986,1015,6855,6739,670,6855,6612,4320,895,7029,3326,7613,10097,2692,1490,16497,504,2263,16198,4240,3244,9222,474,4162,4631,4240,3156,4915,4320,1765,6986,1015,6855,7211,670,6855,7211,1431,308,8850,3590,7685,11935,3035,1490,14511,3755,8195,12600,1861,6543,27636,3675,8195,13908,4240,3244,28955,3385,11431,3530,11431,3460,11431,2040,9476,5444,3480,6842,8097,4822,11133,7164,9914,4075,1748,7164,11725
6/24/2025,1867,-2494,476,-35,-965,1740,-35,-1174,476,2360,-655,989,-1935,-3605,-5565,-610,-2883,-6335,2820,-3465,-6236,-1420,4271,-2971,-1357,-2385,-1075,-2464,2130,-2240,2245,-1615,-706,-35,-965,162,-35,-975,162,-180,1717,351,-2045,-5775,-14670,-230,-70,-7535,2475,-275,-5130,-2621,8304,1096,690,-275,-5130,-2185,7131,2244,648,-277,965,1616,826,-277,115,1616,-4215,-6540,100,-2900,5641,-2271,-4224,-5790,-2795,-2730,-4224,-5609
6/25/2025,-222,4355,2660,-1735,3241,4044,1075,5305,4420,50,2196,3736,515,-2970,-5167,907,-1480,-3737,683,5138,2438,-1090,-1503,-3023,4514,-2425,40,-347,-3367,-5146,120,4630,3177,-190,4570,4827,-60,3935,5616,-1595,1945,1269,800,-1463,-520,295,-2734,-3519,-405,1807,2873,-1913,8035,-38708,5090,1807,1890,-5090,7193,-42330,-118,3639,-2440,3913,-196,3639,-2015,3913,532,-6058,-18,-2690,536,-5622,-3605,-5548,-1934,71,-3605,-6674
6/26/2025,-1107,-1593,-3220,-1530,-2504,-3175,-1804,-1593,-3220,-1785,-2760,-3175,-920,-4281,-4448,-1085,-3535,-2472,-404,-4330,-5106,2085,1865,5883,-1434,-2135,-4910,2560,5205,11678,-1980,-1595,-3814,-1270,-1595,-3175,-1290,-1595,-3175,-2520,-3935,-5626,-920,-9505,-19685,-1140,-2720,-9645,35,-8710,-12355,2056,1034,14559,-255,-8710,-16565,2560,1865,15648,-2255,-1389,-970,-1145,-2446,-1389,-1161,-1145,-4411,-6160,-4500,-7485,-5035,-7456,1300,6404,-3406,-2875,1300,5357
6/27/2025,2008,7155,15301,4045,6840,16037,5272,7215,15051,3115,4602,17675,1185,-168,-1123,1641,-3360,-1318,55,-1463,-2650,3375,-4339,-1804,1613,1415,2464,3385,-2561,-3011,3005,8495,22198,4045,8180,22555,5272,8465,22305,1640,4869,15445,1185,-2000,2713,4615,-2790,-9575,55,-4025,-7571,892,-4325,-26503,-220,-4415,-9596,3385,-8670,-27097,11375,13231,11190,13231,11190,13231,7880,12106,1179,2960,4915,-1589,1480,652,-5589,-3480,1983,8989,-5589,-989
6/30/2025,116,85,6474,190,5190,5391,335,-174,6814,125,3830,7392,1039,2335,-5092,2520,1500,-4656,3194,3727,-7467,1250,10865,-4726,50,2040,145,2365,8837,5002,125,1845,6974,190,2029,7734,335,904,5811,1165,95,1408,825,2795,10398,2520,9190,2368,1225,7505,1048,2365,17760,-17064,50,7500,1360,2365,17760,-14673,766,1883,1030,1198,756,-2158,-896,1198,-110,-946,4347,-639,1590,-6509,8162,-5626,2170,888,7512,-5113
7/1/2025,3109,4106,9792,1995,3110,7550,1833,3350,8910,1600,4530,7556,1263,10326,20144,1285,7691,12355,1713,8415,20791,1925,2265,12276,1163,2288,1210,1875,2285,10270,2030,4530,8824,1995,3110,8223,3115,2745,8764,1250,4995,8440,1465,11660,25925,1285,7691,16370,525,6835,20109,1928,2667,16327,220,6835,17960,1875,2135,10428,9265,11402,9265,11136,9265,11402,7995,8104,5660,25396,3713,17171,5210,20401,-280,-286,1400,2016,-280,844
7/2/2025,-1436,2865,-1860,-1870,2845,-1860,948,1037,-1860,-1760,3675,-2480,-360,-2820,-6775,-1435,-785,-3510,2560,-3574,-4325,-393,3920,-4490,1670,-2125,-4490,1064,11545,-5415,-2380,2865,-1860,-1865,2845,-1860,-1660,744,-1860,85,1755,-2480,905,125,-9432,315,5443,2813,2045,2693,1842,4624,6891,19204,-1135,2693,2781,4715,7520,22600,3289,4242,2275,-515,3289,4242,2550,-515,-1530,-6040,-444,-3968,1844,-4183,11787,-4605,1541,-5755,11787,-4910
7/3/2025,1315,2640,650,515,2545,650,20,2545,650,1500,2640,650,-890,668,-2435,-55,6390,395,1660,1865,-4498,4065,2430,-4375,1535,1216,-4530,2785,1520,-6455,1480,2640,650,515,2545,650,20,2545,650,1740,3090,650,-890,-1360,-2055,2635,6390,2485,2820,2210,-3193,5568,5057,-10826,895,2210,-2335,5833,6700,-14260,2780,7810,2780,7810,2745,7810,2780,7810,-2035,-5070,3335,305,1607,412,-4615,-1980,-2388,-4175,-4615,-1980
7/4/2025,-1185,4366,3138,-1005,6045,3329,-1005,4226,3138,-1185,5295,3329,-20,2715,-2765,-785,-195,-3315,-185,-1900,-3035,-370,-670,-1520,180,1245,2622,-825,-670,-3495,-1185,5295,3138,-1005,6045,3329,-1005,5155,3329,-1060,3155,4207,-20,2715,1170,-900,-195,-4195,-185,-975,-2800,-825,-670,-19385,-805,-975,-2800,-825,-670,-19385,-588,-45,-1535,-45,-918,-45,-1450,-45,910,735,-475,-4365,-750,-2030,-2840,-6895,1510,3485,-2840,-6895
7/7/2025,357,3977,4464,365,3065,202,235,4012,4322,0,2325,140,1655,5450,2420,-110,7875,20360,520,11424,22984,867,13290,14790,307,495,600,925,13290,31722,295,3190,-1150,365,3065,-1540,235,3065,-1540,-2075,-405,-7705,1655,5450,1140,-110,8090,20360,1520,13510,22984,-382,10426,83082,65,13510,22852,925,13290,83433,1804,1266,-405,-4114,1804,1266,625,-4114,3440,4190,3404,14066,1492,8295,12014,17964,1029,-1510,12014,16500
7/8/2025,3313,10112,192,3675,8777,-1362,4718,6865,-113,1720,8047,565,3666,15556,16119,1805,2965,2321,3665,18530,6283,4215,4910,-1775,5782,5,910,4215,1472,-2199,4365,9016,3412,3795,10527,-285,3795,6582,-285,3010,5143,-2880,2875,15556,16485,1805,3673,3079,3665,18786,8703,4215,10716,-5577,6025,18786,11445,4215,11402,-6401,1406,2132,-410,-1916,2266,2132,1605,-1916,1549,21161,-2305,5326,3419,13450,-5355,-1500,3570,4471,-5355,-2120
7/9/2025,5371,-224,2504,3405,-1282,4389,1897,-224,2504,2895,-2550,4389,3845,-2888,-3973,2935,-3995,-5365,2323,-250,-6627,5710,-2465,-3750,3533,-1682,1385,6660,206,-2595,6092,-1205,3896,3405,-1205,4389,3160,-1205,4389,2680,-2295,1145,3845,-6015,-11853,2935,-6150,-8805,1325,-5275,-11562,5180,-2777,-15356,3235,-5275,-12980,6660,-2895,-18525,619,5170,729,6843,138,9416,-115,5963,-2277,-5359,1695,2685,673,4177,715,25,155,7656,715,-953
7/10/2025,-1185,2158,1150,1948,3250,595,1533,2158,1150,673,3960,-31,1083,2845,2234,925,-1810,-4868,-216,-2791,-3594,508,-5825,-1923,493,-196,-1178,-95,-2905,-2397,1385,3250,-2491,1680,3250,-4436,1680,3250,-4436,2650,3560,-1841,1211,6270,13910,1455,-9800,-10290,175,-11880,-28537,-2220,-3289,1556,-850,-11880,-34400,-95,-6925,-825,4440,-1338,5530,-677,2901,-1338,6125,-677,-2336,-1353,-3455,-1205,-5728,-5593,-4591,-4938,-60,-1174,-4591,-7138
7/11/2025,1233,964,1698,1270,1470,2365,4303,442,1698,1921,-1970,4091,637,476,3551,-715,410,-1160,2885,-3760,-763,970,1705,-3297,613,215,981,781,1705,-5123,2021,2086,-108,2655,2086,140,4510,3575,140,2822,5,3787,565,1124,15000,-215,410,1252,1435,-3800,1021,1884,376,-19588,1910,-3800,-353,1070,1705,-19061,242,-5810,3425,-4715,1722,-5810,2500,-4715,11253,4288,4434,-4189,4092,-4610,9449,-5544,5368,525,9449,-5735
7/14/2025,-229,2788,-3541,75,1780,-1430,127,3413,-3541,-1085,2495,-2904,-760,-3968,-5935,1880,-2100,-1130,475,-3135,-6586,1775,-3400,-4180,-1277,-1348,-3770,-55,-2925,-5445,-560,1780,-5681,248,1780,-3943,25,2405,-3943,-1785,-1285,-2625,480,-3480,-8240,1310,-1565,-1130,990,-5900,-7444,-663,-5447,-20093,485,-5900,-7444,-70,-2865,-21970,860,-3318,2235,-2221,80,-3318,1470,-2221,-4440,-6395,-220,-4125,-1240,-3283,-4640,-4725,-2370,-1905,-4640,-4725
7/15/2025,1974,1106,-841,460,235,-1996,2038,1871,1127,1702,-690,-3235,-180,3558,-3931,4263,560,1117,3440,2108,-278,3135,-890,2710,3785,1139,836,3510,-890,-234,1702,-1750,-3126,460,235,-3260,460,840,-3260,1415,3479,-421,-180,3558,-4945,2273,560,1352,3440,2437,1675,3218,-890,4407,3785,2031,2967,3510,-890,6927,-1267,-1502,805,-3753,-1506,-1502,4484,-3753,1320,503,136,523,-1451,4440,-4011,6250,-560,509,-4011,8311
7/16/2025,50,230,-3638,375,-581,-601,-533,-449,-1903,90,-1579,145,1135,-1809,-3650,3170,-620,478,248,2494,-2905,2305,-1660,-5945,1645,3476,545,2305,-1660,-7756,90,122,-3033,375,723,-93,375,-329,-242,-665,-654,-3188,1135,-1809,-3110,3170,-620,478,485,2494,-3215,2305,-2208,6872,1645,2489,-3215,2305,-1660,6783,3387,-1230,4081,-5496,3387,-1230,4244,3254,1240,-5435,2810,6671,4410,4000,6526,-4220,2395,355,6526,-506
7/17/2025,-1497,1203,1959,55,1760,1020,3397,1900,1959,360,840,1020,-995,-3925,-6705,4000,-2625,-5802,2058,-4500,-7200,1055,17150,-3382,1403,-2970,-4485,1485,11865,-3312,575,1760,1959,60,1760,1020,-185,1835,1020,1735,3005,-1055,65,-1560,-14365,1800,2108,-8,2305,4728,-1420,4681,15431,12688,1325,4728,-4985,3615,17260,11787,137,3876,-603,4469,-603,3876,-900,4469,-3850,-6310,-1375,-504,-1987,-5835,7322,-4703,-2808,-2879,7322,-4703
7/18/2025,3582,6296,-420,5145,7376,468,5145,4143,-1437,3045,6907,-1400,6366,10959,15990,-210,6288,16263,5107,16891,7325,-1490,15322,-3955,-1020,7916,-130,-1715,11343,-4945,3045,6296,-1007,5145,7376,-362,5145,5201,-1247,1710,6291,1889,980,11036,17250,-980,7360,16331,4505,17786,10722,-71,13488,9500,7845,17786,12634,-1855,15322,11183,-1639,-309,-2530,15,-1335,-309,-2405,15,10249,10157,7153,5098,9434,6132,12929,-1428,54,3907,12929,-3050
7/21/2025,2950,2955,-3996,3110,4490,-3320,4715,3316,-3996,2570,3265,-3320,80,-1960,-5838,-670,775,-7330,335,-2625,-7439,-614,-2870,-119,-500,-455,-1375,50,-1399,-2359,2425,2955,-3996,3110,4490,-3320,6010,3758,-3320,2830,4080,-5375,80,-1960,-8237,-85,775,-10370,860,-2625,-19572,2201,-3060,-23177,685,-2625,-19572,1145,-3060,-23177,-958,6983,-958,-274,-958,6983,-278,-274,995,-3728,-2245,-5660,-884,-6921,-4129,-3285,2497,1287,-4129,-526
7/22/2025,2348,-891,6442,435,-1994,354,561,-878,1942,-340,-2225,2548,-112,75,3447,-320,660,2249,2094,-803,-3290,840,-3805,-1951,295,-2280,491,1200,-1705,-3820,-185,-1227,5072,435,-1462,845,1145,-1282,1296,-565,-2915,1212,-125,75,2936,1890,4735,-4502,2670,-1252,1610,3199,-1066,-19462,2880,-1252,-1294,3464,-2010,-25185,7696,3188,9687,2971,7909,3188,6561,2971,-1382,1976,-4415,-700,-6674,-2706,-2070,1122,-2845,-2850,-2070,3652
7/23/2025,-293,1574,52,-1315,355,-465,-2408,742,52,-910,1625,-455,-80,-3054,-4089,-1170,-3970,-4542,-1760,-4424,-5431,-1090,-5875,-4265,-1250,-1464,519,110,-4480,-6455,-945,-146,52,-1980,355,-1150,-1940,1049,-1150,-965,-231,-392,-80,-3590,-8201,-585,-4220,-2250,-895,-2875,-4645,1281,-3013,226,1250,-2875,-3970,110,-2480,703,-2391,-2979,1626,-3066,-2391,-2979,23,-3066,-4415,-7275,-4350,-5475,-7452,-7435,-6215,-6975,-2340,-2945,-6215,-7390
7/24/2025,1015,329,-1858,695,730,-1945,1816,329,-1858,750,-455,-5050,-249,7709,9747,795,3195,871,1200,7760,2460,655,-1288,-3148,295,1714,-1660,655,-2269,-4358,805,340,-2163,-350,340,-3895,2230,340,-3895,700,2985,3847,255,9380,9591,795,3195,5305,1200,6830,3546,1133,218,-15129,295,6830,3546,655,-1288,-16586,3309,-4905,2015,-4785,1054,-4905,-3440,-4785,802,13483,2895,3558,3080,-3333,-2084,-4223,1312,-204,-2084,-5429
7/25/2025,-305,1609,1567,-115,2940,25,1180,-391,1567,-305,2285,1892,-800,945,-6525,895,-2170,63,3847,-935,-493,4305,-3000,-1480,520,750,640,180,-870,-4365,-305,3000,5089,-115,3825,3261,-115,4015,3261,2385,6250,3838,-255,-1150,-4190,575,-4170,-1105,2945,-1710,2728,4098,2180,-25418,1530,-1710,3030,1355,-560,-28476,1373,1742,170,3074,58,1742,330,3074,-4165,-7095,4005,-3272,-4110,-5728,75,-847,-1235,-5350,75,-1637
7/28/2025,366,6366,9693,1190,8056,8284,905,8692,9893,545,6029,1207,1345,13105,7262,728,10653,12043,105,11463,14331,95,394,-5917,2539,900,2163,-1190,1012,-3339,1130,6366,8770,1190,8056,7524,965,8692,8001,1145,4110,7362,1345,14245,20360,-370,10653,12043,300,12107,19884,2480,2554,9308,1585,12107,19391,674,3046,6133,4879,1465,4879,760,4879,1465,1260,760,12030,14333,7175,5610,10882,7526,-3366,4298,3605,8244,-3366,4298
7/29/2025,-1210,94,4057,-1810,619,-3243,-242,-133,1297,90,-1018,4436,445,-11,-6315,-666,-979,79,110,-48,-7322,-75,-39,7028,-400,-2495,-2165,2247,910,10555,3064,650,3552,960,619,3779,1076,865,3634,-950,-828,1230,-845,-1575,-20500,630,-979,1013,200,-658,-9032,1445,-50,44853,-275,-658,-5278,2404,-202,46360,876,-2191,1015,2200,-1339,-2391,-951,2200,-4194,-7395,1575,1131,-2949,-6807,323,18663,1754,-1030,323,18328
7/30/2025,2647,3069,9997,3020,3255,9989,2708,4209,9997,2475,3645,12191,5745,6470,4208,4815,2215,6464,5035,368,3105,5560,12084,4401,4934,6010,5050,6863,7065,-1378,4120,3410,14984,3020,3255,16363,2910,4550,16943,2530,7005,16878,5745,6375,9309,4815,2215,5871,5645,4053,6244,8136,9471,-15665,6960,3793,8474,8035,12699,-11200,4166,19324,30,18597,3981,20786,-10,18987,2938,29230,6715,15308,7249,18659,4725,-1855,3540,4070,4475,-3375
7/31/2025,675,-2097,658,-1485,425,420,-329,-1702,-4827,-955,860,385,-1965,-2300,-5387,-1475,1120,7092,-333,-650,6450,-1492,-2107,17491,651,-1564,2759,-2471,-3750,19123,609,860,1113,-485,425,875,-485,2510,1775,-1210,365,-270,-2615,-2300,-6492,-3610,1120,7082,-1675,-580,6450,-482,933,11013,-2165,-580,2992,-385,1485,12804,1953,3410,4505,1422,918,3410,6150,1422,-1046,-570,1100,5144,4611,5880,2735,-1495,-1371,1260,2725,-1495
8/1/2025,5518,5400,-4473,2015,3024,-1220,3370,5292,376,2838,4875,3943,2162,6619,21609,2245,4720,15559,1301,6365,20167,4135,4208,13379,1967,3932,4722,4135,4208,14273,4825,3530,-5651,2015,2580,-3195,3237,4175,-3195,1389,2899,-6538,2162,6619,25670,2245,5695,24208,1315,7525,29305,4135,4276,20428,1470,6963,29305,4135,4208,20798,2440,4357,1935,3089,3698,2817,4396,3148,4355,25226,5147,26631,6045,22906,5694,13380,2555,6680,5694,16430
8/4/2025,27,-790,-960,-253,-790,-1310,-607,-790,-960,27,-91,-1771,215,3511,8688,535,8325,9959,918,3875,8480,1045,3310,6879,-314,4845,200,-749,2300,4853,27,-1764,-2795,-253,-1764,80,-868,-1764,80,162,-1444,1475,1770,7570,7266,720,8325,14337,2990,3875,8480,1274,5554,5400,-470,3875,8480,376,3410,5400,-3018,-1550,-3845,-2338,-2265,-1550,-2788,-2338,510,194,205,5346,736,4337,3523,11098,2242,-2690,3523,11537
8/5/2025,1820,1934,301,2249,1074,2610,463,5249,1471,2505,2694,-277,1125,5551,1091,1095,3392,9103,1655,5380,6725,1470,8265,24480,1490,421,-22,1470,7701,26340,3160,804,-2259,2437,1074,-417,1040,4837,-502,3489,-402,-1073,1125,4520,2290,1095,3392,9372,1655,6393,4908,1470,8371,27975,1490,6393,7139,1470,8265,30082,3632,2717,968,208,3754,3660,979,-1543,1888,6665,4748,14535,6499,10507,6349,24523,1830,3381,6349,36783
8/6/2025,-1185,-194,-2966,-933,-980,-1873,-2230,-713,-2966,-1735,-2750,-2491,-1975,-4386,-5185,-1470,-3995,-5651,-1957,-4871,-7496,465,-2700,-74,-1452,1229,-775,855,-2275,-430,-2275,-1095,-1783,-770,-1095,-2355,-1865,685,-2355,-1260,1575,-775,-1365,-8705,-15370,-1930,-2453,-3255,-1800,-9860,-11487,-12,-146,3127,-2450,-9860,-11380,810,-2315,4489,-940,-2259,-455,-1705,185,-2259,-1880,-1705,-4500,-6380,-4485,-7632,-6810,-6812,-3397,-3082,-2660,-4876,-3397,-3082
8/7/2025,-847,1704,4873,-405,2076,8686,766,3102,7266,-1015,1515,7741,-488,1272,-5840,1465,1935,-213,-261,3063,2875,483,5037,13401,1374,-716,-1145,1085,5037,9150,-610,2825,5972,-405,2076,8686,1080,3828,9776,-1785,-2185,2223,680,1680,-2926,1465,1935,-213,993,4022,4768,588,3639,18880,1696,4022,5376,1085,5037,18630,-126,5390,2308,9291,874,5390,1390,9291,870,-7265,16,3105,493,4486,-105,-635,-754,5,-105,840
8/8/2025,1015,-1137,-2003,-95,-2655,-3270,994,-1091,-2003,2059,695,-4760,1795,8028,2054,-310,3495,7408,2774,6630,5093,2385,7820,981,2604,3005,-2150,2345,7124,2595,2100,-1475,-3054,-375,-1465,-4970,1025,-1505,-4970,-2855,-750,-4705,1795,8028,-529,-65,3495,7408,1955,6630,5093,898,8514,9228,1780,6630,3413,2345,8176,10382,-479,-2290,-80,-374,-1354,-2290,-80,-374,2872,542,1495,2222,3278,1196,4312,8736,1700,-2220,4312,8968
8/11/2025,0,-920,2332,175,-45,2760,-1753,-1030,2332,235,1160,3673,398,-4415,-6955,163,-60,-7475,-279,1274,-7467,615,3028,-6590,-159,-935,-1640,-525,2398,-7775,185,1488,4432,760,1488,4512,545,1378,4512,1525,6761,10925,-545,-4415,-19107,1186,-60,-9040,190,1335,-11134,907,3508,-8626,-170,1330,-12373,-525,5998,-8425,65,4529,65,6857,65,4529,65,6857,-4240,-7486,-1625,-6779,-5012,-7441,-1342,-6871,802,78,-1342,-714
8/12/2025,-716,-3549,-5396,-120,-1070,-5290,-2283,-3549,-5818,140,-935,-3689,-1246,-3515,-5722,-230,-3900,-2170,-1376,-4445,-5076,-235,3714,-247,-809,-439,-2672,190,1299,3160,-290,-1130,-2135,240,-1070,-1995,-250,-1070,-1995,-2285,-5240,-2157,-1210,-10220,-23050,530,-3760,-2170,325,-4040,-9421,-811,5556,13167,280,-4040,-8015,435,5904,15150,-3682,-281,-2470,192,-4497,-72,-1735,192,-4408,-6516,-2265,765,-4900,-4384,3166,5830,-1349,-2741,3166,-2299
8/13/2025,4051,2521,1514,2470,3052,1743,4464,3165,344,4255,4180,2885,1236,207,-1697,2045,3151,2847,822,3236,2275,1865,2934,1006,1545,-1373,-555,-1145,3024,-1234,4765,2110,1465,2470,3052,2570,4950,3855,2180,4405,2665,-1775,-1345,-283,-1188,2045,3839,1945,-1555,1825,-3347,1881,7392,-23880,450,1825,-2194,-1235,4848,-22161,2646,3217,1447,3614,2175,3217,270,3614,5017,-636,3125,-1739,2139,-1077,1479,153,307,2107,1479,153
8/14/2025,325,1659,1383,1000,-1245,-706,2047,1659,1383,377,-1245,-715,765,4366,14179,1255,1195,700,1507,-50,4185,825,-2901,-2933,753,3205,1436,470,248,-3242,707,-1245,1549,1000,-1245,-715,935,-1245,-715,175,1715,-1110,765,4565,18668,1645,869,7606,1201,2275,3459,2154,-422,-22438,1935,2275,4719,685,-2170,-24607,226,4152,285,-1086,-175,4152,285,-1086,7036,5113,4986,-4285,2403,-4809,-2187,-5675,1081,2090,-2187,-6145
8/15/2025,3186,1258,-2023,660,-590,-4925,809,1713,-2910,2995,-1705,-4305,7544,10289,15893,6435,14441,7136,5406,12766,14013,5380,10860,2575,4306,3016,4763,5860,10860,7860,1510,233,-4793,1615,-590,-6085,1005,572,-5485,300,850,-9575,5785,9103,18105,6435,14441,10052,4805,12829,15723,6562,13998,5899,4900,12829,16221,5860,10860,7450,-96,-4245,-1731,-2831,-688,-2707,123,-2353,9795,14699,16466,8668,21729,11953,23322,-1350,4393,3486,23322,-4642
8/18/2025,-852,350,726,-40,350,372,-76,385,726,-425,350,1364,1065,-1619,-4331,3050,388,-1176,698,1199,-1994,3160,134,6644,217,2412,5083,3840,134,6611,-835,350,5613,-1865,350,5748,35,385,5748,-2925,-485,8958,1990,-2975,-8300,1855,388,-633,325,646,-1984,3692,134,9437,240,646,-5230,3840,134,9437,-897,1360,1215,-204,-232,1360,2245,-204,-3340,-6121,-1560,-5605,600,-3246,560,1819,1141,115,560,1819
8/19/2025,-1473,-3185,2279,-2084,-2962,2325,-2496,-3325,2547,-1983,-2915,26,2067,3574,-6380,-1493,4145,5574,1000,2179,-448,2845,10454,6362,2284,-405,-1330,1860,7150,8926,-2445,-1535,2279,-1970,-1017,2325,-2340,-1582,3231,-4320,-4960,-1950,1850,4151,-8148,840,4145,7023,950,3425,1067,1583,5840,14421,1195,3425,1979,1860,8618,30255,-1689,-6063,-623,-935,-1238,-245,-1355,-4825,3477,-6937,5381,2085,285,1250,10165,15410,-713,45,10165,16700
8/20/2025,1109,-2337,-4520,2195,-1445,-4520,2965,60,-4520,1775,-272,-2929,1587,2423,791,3275,2190,-6196,1297,2558,-1944,1780,2415,9776,622,-2600,-1376,1500,1375,8601,1355,-1185,-5901,2195,-1255,-1110,2965,-2175,-1110,885,-6390,-2310,1360,3850,360,3275,2190,-2995,810,3530,3552,1377,873,2392,1085,3345,-1795,1500,2835,4454,10410,6127,10431,7211,6626,6355,7405,8423,10951,10545,10378,4732,11419,4765,14202,3360,5498,4225,13812,3360
8/21/2025,683,607,775,115,1952,1765,-181,1241,775,-758,-344,-697,5426,5297,13132,2475,3765,10818,5239,7790,21206,3155,2847,1886,2946,28,5812,4585,7144,2872,-310,1328,-3215,-660,1952,-4086,-955,1952,-4086,-1266,4558,719,4475,3785,18635,2475,3765,13197,4175,5701,22370,6697,11558,31538,4995,5476,23640,4585,10991,32238,631,-1328,-1091,-4914,446,-1328,-949,-4914,3583,18236,6377,5050,7191,9646,-3222,-2957,3151,1821,-3222,-5455
8/22/2025,2570,4669,3395,1680,1660,3076,1192,3860,1923,795,460,2147,-100,1930,-1011,615,3580,1016,1815,3130,-4226,345,4580,5335,1780,2304,2665,-345,4580,5335,1560,2155,7358,1715,1660,10321,1445,2151,10568,1940,3091,7600,-100,1930,3165,615,3572,1016,685,2020,-4706,720,2349,4254,550,2020,-6755,-345,4580,5335,1199,5048,2350,5965,1199,4469,3428,5497,-902,5520,3056,3108,1255,-2839,2065,7944,4279,805,2290,7944
8/25/2025,377,2790,-2068,2900,2780,-2726,2669,3643,-2068,1010,2060,-2394,1985,675,-4182,5944,-2055,-5462,3048,1207,-4035,6085,-4013,-375,2165,3705,950,5976,-1975,-615,995,2870,1780,2900,2625,3617,2900,3645,3617,2305,3755,2700,1985,1440,-13303,5944,-4472,-14055,2410,1285,-11617,4297,3230,650,1370,1285,-15403,5515,83,-860,6784,1560,3675,1560,6245,1560,3675,1560,3910,1925,-590,-3845,-64,-3133,1671,15349,6703,4665,1671,17694
8/26/2025,-615,430,6215,520,330,6215,1592,255,6215,-281,370,5465,1160,189,3219,45,2470,5201,919,1670,5732,60,465,7659,840,-1020,3749,435,233,7854,20,1490,-3433,520,1455,-835,1635,815,-835,-385,1055,9010,1160,1065,5925,45,2470,5339,-48,-197,12080,539,465,31993,275,-197,12080,925,465,35186,-1104,-870,-1115,-870,-254,-870,-625,-870,300,-3471,-510,3100,2393,1963,2750,9335,19,-660,2750,11952
8/27/2025,2380,7186,1399,1255,3955,-4945,1942,7433,1399,1075,4645,405,6310,5187,21406,2780,7079,7346,2350,11203,12888,970,1365,-2878,2541,1424,-898,1420,2500,-5774,1055,6460,8643,1255,6020,11642,1942,6020,11642,3543,6225,11265,6310,5187,23368,2780,6188,11993,2350,10852,18083,1094,1835,21141,2695,10852,17855,1565,1365,21736,2006,1857,2272,2155,2006,1857,2305,2155,3860,9849,2950,3789,4807,7407,-1834,513,917,-2950,-1834,130
8/28/2025,-985,2301,1534,-1010,3945,1329,-1010,2301,1534,-1385,4470,1508,-635,-1310,-5660,-370,3395,2127,-1507,3071,1013,-385,7979,-1215,-1450,-208,777,-405,1134,-1215,-780,3945,402,-1010,3945,279,-1010,3945,279,-1450,-225,1741,260,1640,-4018,-535,5235,2769,-1040,8675,1633,-2466,8066,-523,-1095,8675,1633,-1795,7979,-1215,-4051,-352,-4480,1220,-2966,-352,-2410,1220,-4165,-5595,1440,1133,3792,-2902,-1595,-2209,-2755,495,-1595,-2209
8/29/2025,190,-2109,-4506,765,-3915,-2954,230,-1206,-3576,190,-2365,-3645,975,4900,5612,708,3456,6453,2409,9812,4651,483,2075,-3079,2278,2506,3405,483,2325,-3671,190,-6280,-5611,765,-5235,-5697,230,-5050,-7245,-685,-1720,-5097,975,4900,5612,240,5228,9301,790,8548,5138,483,2570,-6695,795,8548,5401,483,3013,-7369,-3504,-5560,-2549,-7225,-2594,-6782,-3245,-6885,40,2844,3785,6754,-1605,1235,-4699,-5130,90,360,-4699,-5325
9/1/2025,1465,2515,5465,2080,2515,5465,2080,2515,5465,1460,2510,5465,1759,5500,4535,2480,8315,9020,1690,10045,8865,2505,7640,6805,2210,3567,1665,2295,7175,8020,1465,2515,5465,2080,2515,5465,2080,2515,5465,495,1095,4630,2185,5500,4535,2955,8315,9020,1690,10045,8865,2994,10495,17150,2290,10045,8865,2950,10495,17150,4160,1777,4160,725,4160,1777,4160,725,260,-170,60,4045,5005,2815,2660,8595,-1540,-475,2660,11080
9/2/2025,6240,3612,6643,5418,1880,6643,4064,3641,6643,6480,2356,5643,1658,4596,3645,1880,3742,5221,2843,1255,1429,3524,67,5126,2737,4427,8477,3583,1147,7735,6240,4176,6643,5418,1880,6643,5505,4120,6643,5152,255,7427,1658,4035,5420,1880,3742,5221,3044,2305,1429,3583,373,15657,2737,2305,2205,3583,761,18365,1371,4540,1710,4467,1581,4540,1660,4467,936,1019,4827,8381,-705,2697,2014,17676,5225,9796,2014,18198
9/3/2025,1308,3453,8061,1610,1087,2130,3313,5543,7273,1742,2365,5276,5954,5450,13920,4759,2557,9362,5064,3073,6749,4999,553,-3017,3484,3601,3053,4999,-656,-2208,2042,3080,8061,1610,-670,5319,1210,1378,6602,2318,3427,6441,5954,10519,12414,3769,2634,9362,2010,3287,6749,4999,-6330,-17444,1955,3287,7492,4999,-6985,-22545,3728,9952,1208,8474,-149,4893,2454,7163,5269,8800,2661,1859,2402,8642,2870,-5264,2118,4656,2870,-5269
9/4/2025,-1030,-934,-1560,20,-1220,-4759,19,-1674,-2765,-880,-1315,-443,-1945,-4305,-6065,-1465,-3150,-7425,-1980,-4490,-7474,-1460,-2190,6971,-1485,-1145,45,-2435,-1450,4808,-1390,-1315,-1287,20,-1220,-2558,20,-1220,-2558,-2200,-2135,-548,-5200,-14395,-35140,-2715,-5165,-17670,-5520,-13695,-26471,-2821,-2022,12053,-5565,-13695,-26471,-2135,-580,12238,-1737,-6449,-2937,-6271,-2817,-6449,-3445,-6271,-4349,-7425,-4340,-7445,-6629,-7492,1463,-6225,-2039,49,653,-2665
9/5/2025,-745,-270,4024,-1305,-345,4902,-1300,689,2841,-720,-510,5751,1034,-1595,-1904,1035,-3180,-3270,1025,-4415,-2690,15,4737,-3690,790,-2195,4969,15,4737,4966,-720,-1030,7031,-1305,-345,10321,-1300,-360,10296,-1330,-170,10021,1034,-2380,-3687,325,-4730,-4103,826,-5695,-11215,-136,4737,-13610,591,-5695,-7623,15,4737,-14265,357,6000,627,9104,728,9975,727,6297,765,-3799,-1271,-1639,-1008,-4784,1280,-1392,-983,-175,1280,-1792
9/8/2025,1122,1972,-2254,-1240,416,-3560,1078,1737,-2254,-980,500,-3560,143,1450,-1889,-835,5750,-6385,-60,2742,-5890,385,8796,-5980,865,-1350,-1035,1760,3625,-7483,20,500,-2254,1695,416,-3560,-210,1895,-3560,-495,-360,-734,35,3115,-10985,-125,5750,-4190,415,1690,-6015,2946,10742,8616,215,1690,-6015,3300,11226,7629,-1595,-2520,-2310,-2520,-388,-2520,-2310,-4295,1843,-682,4924,-2460,-209,-5586,4083,-6015,-504,-444,4083,-5695
9/9/2025,-945,-3805,2287,-995,-3490,-2825,-1036,-3910,-1480,325,-2705,1886,-940,-4005,-2735,-1290,-3130,2773,-1994,-1131,-833,275,-2076,1890,-630,15,2274,1442,-1338,1226,460,-4160,2803,-995,-3490,60,-995,-3825,60,-875,-5180,-2627,-735,-4005,-10770,-2915,-2175,925,-1045,-3050,-833,515,2000,26953,-1415,-3050,-2297,1100,-1421,39757,1053,-2920,633,-3230,1229,-2920,-67,-3230,-4270,-4907,-2257,6,-4083,-4010,1748,-3859,1040,1490,1748,-1554
9/10/2025,590,2880,-5965,1575,2575,-5974,-22,3891,1839,2755,2608,2824,1400,4072,-5360,1590,5067,3969,2145,7273,-7329,120,10006,23062,505,5322,-965,320,9629,39488,-685,2565,4585,1575,2575,1886,-1210,2853,1646,1835,1265,6610,1465,4410,-2720,1325,5067,3328,2145,7351,7966,969,11787,3493,1965,7351,7426,320,10706,5113,-107,-4305,338,-2783,-391,-4305,-1524,-2783,-3105,-5115,2025,6803,5465,3463,2712,14398,-818,1167,2712,14491
9/11/2025,-635,-769,-4979,1555,-817,-5210,960,-769,-4979,2230,-1875,-6385,1720,-865,-5016,1695,3695,-370,7430,-390,-4047,905,14602,-1270,315,-2910,-4445,6270,14744,-1350,1865,-890,-4904,1190,-890,-6370,960,-890,-6370,4030,-830,-5325,2685,-980,-1505,2225,9271,1018,5840,2194,2603,6786,16703,4537,6465,2194,3546,6270,14602,5281,-4661,-3883,-2760,-5283,-3086,-3883,-3435,-5283,-4170,-5859,-3455,-581,-3536,-4573,8693,-3755,-2410,-5780,8693,-3755
9/12/2025,-1390,-1631,-5553,-795,-700,-4615,-1530,-1631,-5553,-860,-1545,-5962,481,2010,-3343,1860,3235,2785,710,7262,2479,-1365,-1820,-5016,985,-1780,-4785,823,-3275,-6318,-2245,-2608,-2222,-1530,-2608,-5920,-1530,-2608,-5920,-1280,-2893,-6325,-390,4079,-3268,1860,4445,8601,1310,4307,4279,-450,-3044,22813,515,4132,4129,-305,-2297,23048,-1200,-5957,-2630,-3633,-1200,-5957,-2630,-3633,-610,-3628,1945,6258,1516,-138,5931,-6608,-2654,-2975,5931,-4508
9/15/2025,-1164,-230,-3320,-1875,-385,-3320,-1884,-385,-3320,-1430,245,-4476,-624,-2470,-2040,-250,1465,-3640,174,2967,1276,-805,6830,2460,-194,80,-3790,-1460,2941,825,-1935,-230,-4476,-2390,-1390,-4476,-2695,-1390,-4476,135,-95,-4476,-510,-5585,-4551,-485,445,2060,25,2967,1564,-1326,6297,23598,-355,2967,3567,-1560,6830,23863,-3000,-3104,-2630,-3725,-2278,-3104,-2395,-3725,-2850,-278,-995,470,1160,1571,1878,2839,-400,-5575,1878,3224
9/16/2025,-860,4546,310,545,5030,683,663,4464,3735,-315,2145,2750,1209,10311,25372,-600,7910,11148,806,9789,20034,2345,2120,1204,1648,1135,-805,2315,2716,-731,145,4945,1168,910,5030,2552,910,4614,2985,130,5074,2398,-1455,11755,25063,-915,9466,15368,80,12565,22652,2131,2455,15959,995,12565,23276,2105,3996,15789,-3215,1068,-2615,2622,-2325,1068,-2495,2622,8970,20130,6290,10899,735,7118,-3395,428,806,3760,-3395,-500
9/17/2025,1397,511,9254,2969,6798,12238,4978,5304,10545,3340,2373,15325,4276,4894,15741,3173,5152,20158,4740,7872,33980,5277,8976,12369,3670,4372,2624,3638,6815,9212,1700,2373,15743,3242,6798,14100,4978,7708,14429,5673,6005,13359,4401,7850,23529,2795,5649,20158,4634,7994,38719,3467,11192,13988,4859,7449,35363,3638,11594,12194,6471,7680,9945,7351,8446,9395,11980,8051,6116,20279,3683,16264,10137,26830,5517,-958,4459,2635,5452,809
9/18/2025,-343,-256,-2750,190,755,-3912,15,-271,-2750,60,2210,-2314,1369,592,-5742,1070,5435,-2046,2340,664,-3984,650,4673,-1193,2152,-158,-2795,650,3833,-1037,60,1240,-1545,190,1240,-3420,15,1225,-3420,75,-1485,-192,670,-845,-5014,1874,5219,-8290,2340,-940,-4818,650,5171,-3623,2152,-940,-7898,650,3833,-3783,654,-721,-645,-2608,217,-721,-664,-2608,1885,3646,3274,650,-401,3923,2774,4739,1380,-2480,2774,4739
9/19/2025,-1105,-638,858,-1540,-550,324,-580,1025,1130,-985,-900,-26,-1945,-4370,-6076,-1280,-3865,-1066,-1887,-4325,1828,-1210,-470,2431,-1416,-40,2379,-1430,-470,5211,-835,-900,77,-1540,-550,355,-1540,1025,-908,-3025,-3175,-5579,-2460,-5400,-5274,-1795,-3375,-1066,-1365,-4325,2636,-2160,-470,13628,-730,-4325,2988,-1430,-470,13628,-340,-1484,-1785,-313,-1399,-1484,-2120,-313,-4305,-7335,-1939,-2816,-4605,1477,-1392,5789,-974,37,-1392,4734
9/22/2025,-52,-1993,-734,-560,-2595,-1316,-497,-1761,-734,-835,-1690,-2185,-985,-4360,-6795,705,-4180,-6243,5709,-3890,-3459,-630,-755,-3780,367,-2375,-4535,-630,-122,-2627,-5,-1690,1835,-560,-2595,1399,350,-1860,1399,-1075,-1350,-280,1850,-6350,-14010,1510,-5950,-2540,5685,296,-14434,-777,-2324,-3027,170,296,-13785,-630,-755,-3037,-3496,1546,-3194,2693,-2795,1546,-3194,2744,-4410,-5987,-4455,-4310,510,-7500,395,-2902,-2683,-5845,395,-1217
9/23/2025,-1225,-218,-5363,-1735,335,-5210,-1555,253,-4963,-1505,-1240,-5365,590,-3710,-6920,-1420,-804,-7600,-1740,5574,-7459,-1305,15454,-3631,-1470,-1087,-695,-1390,11700,-7270,-2450,610,-4836,-1735,335,-5061,-1555,615,-4876,-2295,-1140,-6770,590,-1385,-11610,-1755,-290,-9197,955,6720,-9617,-1610,21841,-4557,-1040,6720,-9556,-1610,22697,-4800,-660,-6672,-660,-6903,-660,-6672,-660,-6903,-4145,-7490,-2165,-7855,3921,-9379,-1665,-1885,-766,2985,-1665,-4650
9/24/2025,-852,-1342,-1600,-1945,-1929,-1493,5,-2402,-373,-1745,-2435,-3095,890,2911,-6803,2530,-777,-2287,1600,-3066,-4614,560,-4698,-3319,-1395,-2905,-743,770,-126,-2694,90,-2252,-4902,885,-2746,-880,885,-2485,-930,-1606,-4420,-7665,2805,1468,-13241,2635,-1800,-2338,880,-4541,-8927,-1788,1210,-18451,935,-4541,-10741,810,-2976,-16212,-305,788,1620,2415,1979,1000,-815,2320,-1172,-6660,-1367,-6624,345,-6927,-3525,-5893,439,-1530,-3525,-5232
9/25/2025,5138,3190,3379,3416,3261,5499,2472,3077,5633,4220,2646,2785,3925,4028,5026,4744,3691,-1041,2225,2296,-2037,3063,2860,-1742,2545,1749,300,5638,5020,-1525,4310,3196,3125,3335,3261,4669,2633,3236,4429,4488,4066,2320,3925,5650,7299,3200,3691,179,253,1520,-3276,4699,1752,-6583,328,1385,-2583,4921,2860,-5577,5940,6631,6592,5260,5255,6631,7805,3912,1272,3647,3728,572,805,-871,120,-2997,908,-1815,120,-4647
9/26/2025,448,846,793,-140,-82,884,-2326,-1415,2372,328,-132,1314,604,-1556,-2129,2245,1930,-4918,1013,-2523,-1750,3207,1056,-2697,977,390,2485,4712,2047,-2854,1175,1055,793,-140,1209,851,-145,2024,1826,-4185,-3220,-202,1490,-2356,-7105,1885,1930,-4710,2920,-1180,-870,1417,1849,2468,3115,-1180,-1005,3472,1046,2496,-934,-2396,23,-235,-1468,-1396,-2,-235,-600,-4262,-3505,-2660,-323,4,-227,-1542,679,-1420,-227,-1917
9/29/2025,-144,7277,4872,850,5513,4622,640,5188,3888,-615,6118,6905,2007,13876,12709,3240,5593,11162,358,16942,16288,-1070,12599,-5600,60,2543,2104,-760,12228,-5465,-615,6225,6347,850,5513,4864,640,5495,5110,-2500,8834,4824,3185,15274,11698,-65,6698,20280,-1240,22073,26751,1032,11866,74281,-603,23048,31929,-2205,12823,76838,-1100,4809,-1050,4809,1118,4809,-1050,4309,14503,12687,10361,3827,5512,15993,17015,-6225,870,-1039,17015,-6225
9/30/2025,1548,4744,-370,2449,1068,2217,-180,-457,-370,710,2892,6532,2920,3200,-4656,-650,1935,2032,900,-1444,-1433,-500,-2817,-4172,585,1008,6311,2705,-2583,-1253,4055,4355,2340,2465,1068,4195,2465,-457,4195,-20,-188,5464,2920,3200,-8124,-425,6910,1261,-320,-3215,1902,2551,-305,11912,2185,-3215,5531,2705,-774,25125,1175,-1845,2166,3894,686,476,2196,3894,3508,-6077,3690,1835,3548,-3902,1778,10428,4095,20,1723,14111
10/1/2025,-1450,-3826,-3293,-1960,-4495,-1480,-2052,-3826,-3293,-1935,-2905,-1084,-1920,-4000,-6622,1144,-3045,-6377,-1632,-4413,-3916,-1460,1019,-76,-1480,-2965,38,-1260,604,996,-2990,-4800,-3131,-2145,-4800,-1084,-2145,-4800,-1084,-3015,-3960,-4345,-1790,-7075,-16037,-590,-2750,-3687,-720,-3790,-5469,1007,749,1109,-640,-3790,-5142,2105,1025,1848,-3580,-2028,-3145,-914,-3880,-2028,-3460,-914,-4415,-7477,-4340,-5377,-6635,-6397,1574,-2407,-2675,-1092,1379,-2963
10/2/2025,3376,-1900,-646,2565,-1870,1372,509,-1434,1577,3145,-1295,1469,-175,-3815,-4805,-230,-835,-5606,3222,-696,-4405,2570,-3273,-5498,2795,564,-840,2570,-3909,-5592,3145,-1905,-422,2565,-1870,770,905,-1445,770,-780,-1185,764,175,-870,-5975,310,-835,-6221,3485,-5915,-11455,1137,259,-22845,2795,-5915,-11455,2570,-855,-20115,-1772,1784,-3638,-1075,-2329,1784,-1254,1068,-3280,-7247,-2020,-6500,-6325,-7399,-2095,-5470,1060,2535,-2095,-5473
10/3/2025,-1135,2949,-2252,-425,2428,1187,136,2827,-5041,-1545,2580,238,-1175,3582,-5015,10,750,4399,965,6275,0,-305,2385,-7760,-1335,14,5,-200,2515,-7740,-1135,2600,-1595,-425,2428,1187,-380,2478,-1980,435,2345,-6345,-1175,2715,-1239,60,935,7110,965,6195,52,360,1994,-6040,-2165,6060,-1320,-245,3495,-6040,-1255,-4081,-1255,-4345,78,-4081,-1245,-4350,845,-5570,3581,5747,5604,6007,8023,17406,95,407,8023,17406
10/6/2025,-1110,2190,-3985,-560,1370,-3985,-1230,1370,-3985,-1195,-1170,-4020,585,-2150,-3435,335,4535,-5920,2241,-2975,-6025,6065,-160,-3825,2880,-1075,-1190,5315,-1135,-6625,859,2190,-1883,315,1370,-5735,15,1370,-5735,-1655,3824,-4970,495,-300,-406,380,5620,-12525,4160,-3435,-17473,8570,442,-36640,3740,-3435,-18545,5475,730,-42530,4413,-1634,2404,-2395,3849,-1634,728,-2395,1713,-2040,4788,-5185,-1120,-6533,-1595,-5057,-747,445,-1595,-5413
10/7/2025,2850,-1195,-447,246,-1430,-447,246,-186,-20,1490,-1360,-325,658,1665,-5145,-1255,5541,80,2809,2529,3529,-1435,4730,-5105,-1045,-1905,-55,-370,9175,-630,1205,-2330,-609,246,-1430,635,246,-1515,300,-1995,-2350,-2630,-675,1055,370,330,5541,7120,1145,780,4448,1451,7332,2794,1295,635,4440,-370,4960,5025,-508,-5728,-1031,-6115,-1221,-4618,-926,-3785,1810,-6175,5505,9830,6973,1978,3335,3417,1724,-1615,3335,-657
10/8/2025,-1160,-4276,-4696,-1655,-4035,-700,-2320,-4481,-4696,-1785,-2940,533,-1480,-4355,-6105,-1475,-3730,-2715,-1700,-2685,-3253,-1490,1726,5642,-1670,-713,-3835,-2350,306,5920,-3130,-4790,-1119,-2395,-4845,-689,-2320,-5805,-689,-1855,-6140,-6580,-1480,-8740,-12760,-1370,-4825,-2715,-1700,-6250,-7375,-2813,-1919,14864,-1880,-6250,-7375,-2830,-224,26823,-5820,-4912,-4495,-5888,-4495,-4912,-3450,-5888,-4395,-6345,-4140,-5900,-2484,-5167,875,-1320,-2585,-4345,875,-1320
10/9/2025,4844,3193,10368,5395,3598,9667,5562,3679,10395,3954,6317,5651,3515,3661,9168,4217,-2730,12618,6015,3574,15042,3954,-920,-1548,5612,2784,4130,9005,47,-2402,3954,4215,10368,5395,3598,8286,5500,4350,8251,270,5255,7185,3400,3705,14323,6485,-2730,16402,6015,1920,15145,8979,-5505,-16437,4965,1920,15423,9005,-4765,-16877,2643,8683,1905,7544,4279,8683,935,7544,-3185,2549,-2148,2819,-363,1537,-5485,-2670,966,4756,-5485,-3409
10/10/2025,2333,4340,5643,1190,4555,5588,64,2862,4773,1285,1745,6269,1577,1992,-2217,1845,5629,3295,763,6170,6663,2270,3250,17848,325,5700,-1215,2265,3240,8864,1745,4340,6090,245,4555,5751,1100,2862,8174,-35,-1465,-655,1775,2005,-4120,1845,5629,3295,295,6170,6663,2270,3250,8804,1160,5400,6144,2265,3240,8864,3367,3274,4820,3792,4336,4078,6075,4072,4295,704,6170,341,9555,16645,6145,10875,8505,275,6125,9485
10/13/2025,3709,1145,-5072,920,2587,-5722,2497,2152,-4089,2400,2390,-5835,3334,5417,7207,1630,2008,15039,2434,4839,1886,4335,3368,-5420,1879,1554,1424,4695,3368,-7080,2450,2919,-8650,920,2587,-10650,920,2984,-10650,1755,385,-2422,2925,4192,9004,1630,2008,15039,1465,2862,4637,2222,4119,-15435,1700,2862,7332,5170,3368,-12425,-476,169,-156,853,-476,169,-559,853,5771,10935,2569,21183,6142,6179,1939,-730,1916,3051,1939,-2064
10/14/2025,3361,2062,5170,3181,-429,5170,2039,2080,5170,3376,1209,1456,1164,3595,3550,1521,6206,4601,750,3109,-504,-1300,4390,1530,-1300,-2835,-2835,3542,4390,35,3065,2135,-2311,2710,2510,-1590,2290,926,-1590,1475,337,-5818,1625,5117,470,2072,2685,-7005,935,2165,-8936,2818,3592,-7253,1000,2165,-6835,1040,4390,-7253,1136,-5520,3252,-2451,4180,-5520,-161,-2451,1270,2050,1451,2735,514,-2526,1767,4425,-780,-2795,1767,3625
10/15/2025,474,376,10311,1615,3443,10516,2565,6508,7766,-910,1625,9993,1432,6100,11256,835,5551,3026,4289,8158,10351,430,7215,-5305,2174,510,95,-505,6290,-5626,-1440,2550,10560,1615,3443,10516,2565,6508,15108,-1335,-1350,1478,4585,7435,13029,1695,5551,3252,4045,8095,10919,-3030,5388,14468,1365,10601,11495,-1545,7215,15366,4574,7713,5530,8239,4179,6023,4580,7748,9291,7535,8345,11331,7980,7647,3765,-5597,2070,-2255,3765,-4146
10/16/2025,1020,-808,4939,415,-195,8346,200,-1228,8044,1085,1475,3525,1735,3998,-1565,2745,2965,6087,3976,6075,4551,3305,6615,13140,2920,2247,-435,3305,7945,15217,1020,45,6781,415,-195,7865,430,-350,10205,520,510,-281,1735,4085,3325,2745,2965,6087,3976,6075,8253,3305,8050,16984,3766,5115,6080,3305,6615,13905,114,8590,152,9542,1458,9305,-195,10172,5182,734,2330,9960,5068,7859,4524,10514,2777,595,4524,11741
10/17/2025,305,3811,-1075,-95,3939,-138,797,2336,-847,-435,952,-442,1780,-888,5200,4888,820,2355,2560,1445,13633,4660,4963,5599,1710,1649,4067,5537,4963,8115,1100,3739,-1075,2110,3939,-36,1690,1880,1360,-215,2154,-8468,4160,1534,9063,4785,820,2355,5115,1325,13063,6081,5167,7761,5045,1430,11597,6968,4963,14414,-1262,315,597,-151,-1312,-912,-473,-1443,3403,962,-1486,-1574,4346,8879,1230,-480,5550,1354,1230,-480
10/20/2025,3104,6056,36,2060,6483,1799,1364,7042,36,4220,5390,1685,1195,975,-6105,-585,11950,-2856,1671,6255,-6953,-685,10295,191,-41,-720,-4500,-715,6945,-3813,4245,7473,2679,2060,7448,3171,1960,7162,3171,2040,8444,1625,395,4060,368,-195,11355,-1712,985,7598,1502,198,12929,-1491,5,7598,1837,790,10630,-613,2287,909,2845,1587,1402,909,1880,1587,4965,-6926,9040,-3651,11175,-6090,9728,-6260,9945,-4275,9728,-6260
10/21/2025,925,1365,752,1025,-185,3406,972,293,752,1140,1365,2840,878,6838,8651,1500,8855,2034,1210,6013,760,1195,14367,7092,1026,42,-3780,725,12905,1740,1140,1365,-2774,900,-185,441,327,-185,441,1440,675,2683,1130,7245,14744,1500,10090,4384,1530,5810,3864,2367,10307,2894,955,5810,4121,725,14342,-1973,287,2106,60,4100,307,2106,60,4100,5487,1259,3295,-631,5725,-835,-2252,602,692,2,-2252,901
10/22/2025,1838,2940,11326,805,3625,12065,485,2853,12050,2205,2940,11674,3710,3153,-5212,2745,4710,-2755,2822,5898,5840,2609,9250,-3475,3806,3644,1355,3134,9250,-5856,1170,3940,11400,805,3625,12065,485,3829,12090,930,5026,11146,3710,3300,-8080,3115,4710,-2755,2822,5180,7342,3165,8948,2801,2762,5680,7629,3165,9250,3464,9555,16163,10045,15816,9825,15710,7742,13096,3640,-2897,2805,8960,8144,9850,12311,6955,4533,1364,12311,7693
10/23/2025,-1132,2957,1239,-1790,3145,2792,-1061,1399,-922,-1995,-745,585,-1805,-2420,-3593,-1155,400,-2089,152,-2047,2370,-1270,-4305,-2101,-487,-1597,-1135,-2375,-2330,-4684,-2480,3145,-211,-1905,3145,848,-2430,1450,1207,-1605,3790,4593,-2085,433,-804,-1605,400,-3135,807,1260,-925,-1373,-4767,-25821,-15,1260,-2120,-1745,-6615,-27103,-601,1093,655,1022,450,619,625,2498,-1540,-4561,-3375,1644,2941,-972,-536,-5646,-243,-656,-536,-5651
10/24/2025,1266,1115,640,1258,1115,1219,2224,1195,640,955,195,1776,1925,1765,-3632,2055,1270,-3097,2977,1955,-2805,3780,2304,-5472,3088,2080,2575,3780,2304,-6779,955,3640,640,1405,3640,1219,1460,3605,1219,1030,3380,4879,1925,-1235,4604,2210,815,-6950,3205,1955,-3265,3780,2091,-14458,3055,1955,-3265,3780,2304,-18960,4143,624,3213,-1935,4143,624,3213,-1935,8306,1019,2276,-2280,3014,-1281,-3335,-3298,2310,360,-3335,-4250
10/27/2025,-1480,-2747,-3539,-1785,-3585,-4614,-2371,-2747,-3539,-1940,-2180,-7359,-1980,-4295,-4375,-925,-2830,-4420,-1908,-3054,-2350,-1380,-1174,112,-1455,-2030,-4490,-2195,-2643,-3510,-3440,-1905,1504,-2450,-1905,-3347,-2450,-1905,-3347,-1855,-3860,-917,-1845,-14370,-15125,-2085,-4200,-3905,-2070,-5990,-9680,-4089,-1526,26221,-3310,-5990,-9680,-3265,-610,27808,-5260,-4400,-5085,-3921,-4490,-4400,-3470,-3921,-4442,-5708,-4445,-6945,-2761,-4277,723,-3441,-4058,-5750,718,-1598
10/28/2025,-1301,4775,-2441,-595,6212,-2184,-570,4597,-2441,-315,4056,-3678,-1985,-4300,-5320,-230,-3116,2243,-1925,-4432,-4645,-695,185,-5932,-1304,25,-1560,-620,185,-4445,-870,6207,-5897,-595,6212,-5027,-570,6854,-5027,-335,45,-4109,-1995,-800,-1550,-660,570,2725,-1470,2522,75,23,-801,-3592,-1205,2522,2380,-475,185,-2935,860,-50,1490,-315,750,-50,1515,1140,-3720,-7400,-2676,4660,2554,-3620,-4580,3485,-363,-3256,-4580,3485
10/29/2025,3595,8519,11526,4395,9155,20711,2722,8060,11526,3345,9155,13098,10037,13644,32422,8780,14777,34558,10144,17284,49180,3950,15039,26275,12428,1707,3428,5235,11689,24602,6795,9155,11869,4395,9155,13309,3485,8060,13309,6266,4990,11796,6280,14752,39010,5600,14777,34558,8025,19525,46124,6350,14652,54156,9720,19525,46754,5235,15039,54156,5855,6054,6417,5535,5855,6054,5747,5535,7400,31975,5562,24357,12973,27297,2975,12651,424,2058,2970,6697
10/30/2025,95,-533,-2470,345,1617,-1611,1236,-4436,-1328,-179,285,-808,1140,-4443,-6030,1640,-3885,-3394,1495,-3367,-6710,869,-1214,82,1400,-2800,1659,2245,-2169,409,1680,-478,-1670,1955,-183,325,2229,-93,895,1463,-305,-4145,1350,-3145,-7446,1640,-50,-3394,1910,-2921,-7846,1915,-1978,1190,1740,-1968,-10558,2245,-1210,409,-808,4281,1516,4281,-808,4281,3455,4281,-4097,-2671,1956,-5804,-69,-3882,4710,6017,548,2146,4710,6017
10/31/2025,1645,1653,-4933,-75,269,-3241,-271,1170,-5323,175,2034,-2642,1330,10359,9042,3835,6520,1100,1390,2398,5554,1590,-825,13829,3355,1574,-275,1735,-2041,13268,1645,1974,-7343,-75,1098,-3553,295,1050,-2440,-550,2060,-2593,1330,10998,10386,3835,3345,2385,1390,1865,11087,1485,-67,16679,2985,1860,10037,1735,-635,16679,5454,1991,5862,1679,5604,1414,5412,1679,5148,12347,4315,4284,4038,6859,6193,7097,-74,3535,5793,7097
11/3/2025,2121,2343,-577,1890,-135,-385,3345,156,2275,705,120,-3888,1220,3254,679,595,-525,1832,2767,256,1680,895,-709,-4192,1004,1008,1980,735,-672,-3502,-1345,-30,-5937,-365,-135,-2530,1762,-905,-1026,1980,815,-6195,185,1805,3277,655,-340,2289,745,1115,636,2042,1601,-11857,-50,1115,-744,485,245,-13012,141,-802,3760,30,686,-802,3581,30,1569,5686,2149,1503,-2042,788,-2218,-6265,589,1120,-2218,-6815
11/4/2025,-302,-2425,-3434,-570,-1190,-3181,-767,-1012,-3568,-1020,-545,-2735,-1105,-3601,-6850,-1490,-3370,-6540,1158,1136,-2133,-1175,2587,17311,-152,-2631,400,-850,-3228,19566,-830,-1805,-3993,-570,-1190,-2144,-515,-1625,-2549,-1095,-4570,-2085,-1025,-190,-16225,-1025,-3190,-8875,-30,-330,-5850,-722,2341,30147,-120,-330,-5850,-110,3775,32044,-418,-4632,520,-3790,-418,-4632,-415,-3790,-216,-7084,908,-4437,1569,-1390,7119,-2367,-3370,1451,7119,-2367
11/5/2025,-1217,-4291,-1557,1000,-4480,-953,827,-3751,-1557,1015,-2955,-1089,600,4111,4907,-300,-560,4387,2495,2745,10196,839,1255,-2425,2291,5344,-2385,1235,1255,-3905,3410,-3050,-8703,110,-3050,-8195,110,-85,-8195,1215,-3475,-3822,3750,4790,7047,130,265,-2706,3370,3105,-1016,2315,2775,-4707,1165,3105,1750,2060,1255,-5825,497,55,210,722,2642,55,-1450,722,5681,8790,2218,12861,3925,17060,790,10395,2405,3683,790,10171
11/6/2025,1565,2756,5851,1870,3896,6075,488,2481,6262,-80,3367,6171,2670,3704,7271,1220,5256,12873,3680,4802,7263,2545,-90,4433,3495,4500,335,2545,2040,2968,1565,2520,4041,1870,3896,4488,210,4210,5736,445,4845,10211,2670,4825,12110,1220,5135,10617,3680,6720,6384,2545,-2963,-9662,3495,4000,9434,2545,-1095,-6877,704,588,345,-716,-1627,339,-384,3118,4076,4455,1890,1343,3490,2466,2355,-2434,3215,714,2355,-2434
11/7/2025,4000,7447,12372,1705,6546,12710,175,6110,7269,4320,8174,17821,4497,356,-2018,9125,5073,5213,6944,4552,3051,4986,2245,11684,4584,3541,3472,5984,1742,12224,4765,7291,12372,1705,6546,12201,300,6727,11801,2595,8411,15096,6632,2200,-4541,9125,5073,3255,5190,4574,3051,5192,2775,10362,5117,5040,4462,5984,2030,10750,5157,6985,5245,9565,3735,8832,6105,6985,1198,-2567,4971,1832,2308,10385,1735,27837,3514,4399,1735,24781
11/10/2025,912,2199,16520,1990,1544,16249,-246,275,16520,1525,3337,15657,1301,-3955,-6210,1665,1068,1060,2854,-836,8726,2752,1433,3890,2094,5055,2083,2302,1363,-3601,1575,3467,16457,1990,1835,16806,2005,1835,16806,170,-1196,11904,2355,-4625,-7635,2371,1068,2068,2604,-980,8726,1825,1684,-1874,2554,-980,8684,1889,2101,-1379,6003,11333,4976,12066,4534,11333,4630,12061,676,-5849,1376,-133,938,9560,-168,-5390,-897,5,-168,-6870
11/11/2025,2358,9315,5397,2165,7085,6998,1206,5770,6886,995,7725,9136,4588,5903,4760,3170,3330,-1749,3471,777,-2707,4155,2023,1987,2559,3651,2354,3825,3710,757,2335,9315,7917,2165,7085,6725,2045,5770,7985,1475,8430,11371,3540,4960,9151,2290,5765,-8285,3320,3163,-9447,5239,3006,-31955,2780,3163,-12948,2520,405,-37858,4558,9175,6425,7436,2942,10662,5190,7436,5716,-5705,4457,-3275,6386,-2955,4833,-3988,927,1129,4833,-3393
11/12/2025,1160,7347,-1452,2216,2830,-1313,3127,7347,-1834,1522,3608,352,4150,14261,23486,7585,15940,33094,6036,12341,29230,5980,19754,28580,4367,1508,13,5980,17158,28568,1332,2830,-1452,2216,2830,-1313,2220,2830,-2520,1625,475,-1491,4150,14711,31154,7585,15940,33771,4420,14110,30244,5176,19589,30221,3610,11995,31109,5980,19644,30688,507,-1733,507,-1162,-540,752,-470,-2956,13799,18994,14450,23443,14002,29241,17745,18791,2730,2254,17655,18166
11/13/2025,2125,-361,-616,416,1025,280,-73,649,-1665,1040,1275,-20,419,1450,4548,1790,5645,9480,1910,7465,7129,2430,3584,14725,2105,4489,-135,2430,3584,14754,2125,1090,-2233,545,1025,280,150,-370,-1232,-2035,-2885,-5770,870,2576,4548,2930,5645,9480,1910,6985,9114,1636,3342,6269,2105,6720,11249,2430,3584,8311,-1727,-2290,-2310,-4252,-2549,-2270,-2310,-2450,3958,8718,9087,3297,5055,4710,3682,11351,211,2240,3530,10787
11/14/2025,1996,6938,3220,228,4255,5019,-168,4500,1459,811,4460,8456,2100,3623,-3734,2379,468,-4125,3517,2874,112,4170,6697,-761,3971,2022,726,4575,4288,-287,1430,4345,3220,625,4255,2744,120,3790,2729,2385,3763,3547,2034,1240,6320,2636,780,-22,4411,6009,-2114,2674,3863,-1604,3971,6009,-1111,4575,8480,-4398,3638,5454,4449,6328,1523,3553,6469,6396,387,-940,-505,-4632,-3363,1681,-1580,-6638,405,-2180,-1580,-6638
11/17/2025,2047,8513,9982,4588,8350,11576,4932,11674,9183,3830,7806,6447,3296,4193,2103,4381,3510,1904,60,4486,1094,3352,9055,10083,4295,2852,4168,3347,15567,5226,2465,9121,9982,4588,8350,11576,5480,11674,10271,3920,575,5801,3912,4193,4084,4460,3510,1904,2100,6248,1827,2736,10063,-14597,3678,5908,700,3347,11615,-12560,6805,7160,6454,4146,7333,7403,7140,2905,4796,3835,4575,2103,4046,-558,2587,-6955,2111,2099,2587,-7900
11/18/2025,7299,3823,7127,5771,5717,4407,2929,3496,4980,7482,4775,4172,8145,7972,8586,7088,8143,5194,6486,5569,4460,3754,6985,6331,4814,5425,3934,6097,6985,6331,5002,4984,7127,5771,5717,4407,2929,3465,4057,4838,4383,1424,7298,7972,8586,7088,8143,5194,7506,5569,4460,5867,7871,6331,6667,5569,4460,6097,6985,6331,2802,3596,3078,2933,3579,2239,5012,1392,5831,8000,3323,16861,4551,9825,3085,1307,4177,1558,3085,-570
11/19/2025,4003,2708,9679,4260,6314,9224,6350,2362,8410,3946,6454,9874,3375,9415,9260,5755,7885,855,5979,9241,6679,4495,10588,2057,3310,7197,9095,4495,10588,3208,3317,4379,9679,4260,6314,9224,6350,3326,8838,3596,6414,14489,5680,9415,9515,5755,7885,855,4395,9241,6679,3060,9676,-2293,5615,8357,6885,4495,10588,-4524,4627,3981,5955,3476,6797,3136,4380,3957,6460,10377,4797,2415,3073,2862,6685,-2190,3861,7660,6685,-4690
11/20/2025,-486,670,-2484,-480,835,-1463,-409,-966,-2805,-390,-765,-3915,1063,2235,-1936,1283,2140,2023,1420,197,-2394,1400,3111,3771,1495,-792,3791,1395,3106,2500,1115,670,-3018,-480,835,-1463,-303,-930,-577,-2160,-2105,-4383,1063,2235,-3895,1283,2140,2023,1420,475,-1018,1400,3124,3080,1495,-1805,-3645,1395,3106,2500,1189,-469,1520,1395,1076,4,3440,1495,1240,-2033,4725,4815,3449,6918,10044,6295,3324,5415,10029,6185
11/21/2025,2105,6778,6776,6049,6438,4031,4437,6837,7204,3295,4834,6905,2784,5322,6703,2910,3576,24,4870,4119,6644,3430,2217,-1912,4497,741,4835,3415,2207,456,2105,7890,6776,6049,6438,5106,4437,7400,5572,3820,4616,7727,3580,5322,6945,2910,3576,350,4870,5386,6343,2634,2217,-828,4497,2045,5667,3415,2207,-2930,4623,10856,4571,10797,5607,15944,5876,8711,1367,7290,1518,756,2723,4935,-310,-3949,-544,4119,-315,-5610
11/24/2025,320,-3841,-1694,348,-4165,-5275,799,-3866,-1752,1424,-1990,-7340,-1230,-4340,-1050,-1455,-420,125,-1619,-3825,-5545,1728,-2184,2398,-1099,-1760,-2455,-360,-2293,5260,1424,-2550,-7631,348,-2575,-7340,975,-2660,-7015,-1825,-3010,-6235,530,365,802,2410,8210,2755,839,7945,12475,-555,-1828,13761,535,7940,13147,-515,833,13761,-2957,-2461,-990,-2620,-3677,-3964,-25,-3430,-3920,-4244,-4489,3981,-4852,-4346,10490,5697,-1932,-5210,10490,10274
11/25/2025,-1130,-1308,9001,465,299,8418,108,-1457,4815,-132,279,6513,-1977,-3778,-6930,-175,-3730,-2677,-1917,-4099,-7422,-495,1845,-4430,-1490,-2895,29,-760,1845,549,-3305,279,9001,465,299,8857,-515,-985,6790,-85,-485,5275,-2110,-5410,-2823,50,-4255,926,-1115,-5570,-1462,-362,813,13001,-1520,-5570,305,-30,1845,15110,1978,-1476,1492,1427,1070,1750,1560,2506,-4247,-6355,-1700,-7420,-862,-6340,315,9164,-1333,-1280,315,10254
11/26/2025,1447,-559,-3964,-772,-1052,-3570,244,1591,-3964,-887,-527,-4250,1055,-1666,-6925,1443,-3785,-5715,1955,750,-1136,3955,-541,-3661,2052,-1460,-3855,4150,-2680,-3808,-887,835,-2285,-772,-405,-7690,531,1515,-7690,-2750,-280,-3170,525,-200,-4185,1443,3555,-8390,1723,-1065,-2780,6252,2717,-16490,1768,-1710,-5870,4150,-3830,-22521,354,-3685,-265,-3305,354,-3685,196,-3305,2963,-1665,2253,503,-1015,-6819,-4027,-4896,-2730,-4360,-4027,-7416
11/27/2025,695,6450,6990,1555,6435,6990,1555,6530,6990,695,5530,6500,1100,7035,10555,435,9970,14025,265,11425,17265,15,8790,12755,1110,1615,6015,-585,7885,12080,695,6450,8270,1555,6435,8270,1555,6530,8270,640,4010,6500,1570,7035,11480,895,9970,16790,265,11425,22985,-930,10640,30765,140,11425,22985,-930,10640,30765,-2465,-1771,-2465,-3425,-2465,-1771,-2465,-2045,6235,7955,5030,3025,6620,4975,4345,8300,1335,770,4345,8300
11/28/2025,-1320,-315,-2071,-1265,-315,-1790,-275,-335,-2071,-370,-855,-1790,1910,-1474,-5255,835,-650,-2881,26,-837,-1597,995,3435,-735,1053,897,-3410,1280,3435,1553,-1275,-315,-2071,-1265,-315,-1790,-275,-335,-1790,-1810,-2145,-3635,1910,-2395,-4560,805,-1750,-1160,910,-680,-1597,1280,3278,1719,1260,-680,-670,1280,3435,940,-1165,-490,-830,-490,-1165,-490,-830,-490,638,-6955,375,-1901,480,-1945,4565,1090,955,-3790,4565,2025
12/1/2025,1568,1636,-2086,2071,1651,-2496,1735,-1922,-2086,885,1093,-5460,2065,1526,-2757,5760,5085,2445,3265,2710,1271,4165,412,-1739,2142,-667,1637,4750,640,-2569,885,1093,2771,2071,1651,1,2221,2906,1,2232,2155,1021,2395,3230,1750,5760,5085,833,2923,3990,-5715,5009,233,-2610,2451,0,-5088,4635,1455,-4690,1192,-2154,-208,-2533,1362,-1088,-538,-2533,3265,3156,6695,930,3808,-1138,9254,10493,1121,-3600,9254,24407
12/2/2025,4600,1914,2742,5104,1127,3751,3790,1914,3152,5050,497,7051,7992,6916,12624,7500,5170,11060,11958,10227,951,10079,3170,18534,7121,2997,5882,10079,3170,18534,6085,1127,2742,5104,1127,3751,5181,1027,4236,4791,550,3778,11542,9000,12624,7500,5170,11060,9080,10185,951,9478,3170,22344,9405,9980,951,10079,3170,18534,3885,6217,2311,5577,2530,8308,1121,1268,4247,15289,1777,11107,6030,17247,9631,10471,2942,4962,9631,10471
12/3/2025,-1435,1063,-3944,-1460,-665,-575,-2384,-2651,-3944,-1945,-2435,-5953,-1040,-4108,-6456,420,150,-5261,-835,-1410,-6945,1155,8075,2294,-1350,-2715,-3411,-1560,7420,220,-1175,2535,-4188,-1540,1100,-2875,-2065,-735,-2875,-2130,2575,-3150,-545,-3910,-13685,370,-290,-8660,-1090,2670,-10780,2482,3809,19382,-490,2670,-11440,2240,5065,21048,-1794,-3447,-2145,-4537,-1999,-3447,-3090,-4537,-3710,-7180,-950,-1431,-5930,-6565,-5780,-3995,-2730,-2975,-5780,-4733
12/4/2025,1102,10351,18902,2132,10331,21445,2046,8091,18945,1055,10240,19934,5710,8300,23548,6015,8510,23449,5849,16530,33221,4875,18495,6082,4873,9207,4794,7415,16845,23791,970,15240,23634,2132,15225,21847,2332,14326,21467,1105,12600,21722,5710,8300,25093,6765,8510,23543,8075,16530,34109,7415,19558,68242,6975,16495,34204,7415,18495,65607,7740,6666,3649,6467,3553,6546,2045,6632,13474,22730,5115,10023,5313,14420,5242,8583,2612,2104,5242,5134
12/5/2025,1643,499,-1409,1420,71,1110,2683,578,-1422,1585,-870,-1660,695,3268,16527,750,2255,10982,1143,2600,20364,-125,14049,5342,347,1020,2715,2195,9524,5695,1425,25,-3152,-2,71,485,-780,620,-1730,2465,-1810,-4193,695,2620,17174,750,2312,10982,-1345,2830,19392,4817,12024,18797,-1030,2830,19858,4910,14049,16464,3520,-2437,145,-2006,3422,-2437,-490,-2012,1312,6942,2300,-673,5092,4765,6134,826,1735,863,6134,4161
12/8/2025,-1450,4444,499,2245,4555,5602,1151,5217,1974,-810,3162,9024,29,3020,6548,-1370,2520,8886,-544,3587,23803,-1445,-746,-328,-1445,313,-1751,-1018,678,17061,-800,3785,11354,145,4555,11825,95,5775,11129,-2145,1910,9640,-740,3020,4180,-1630,2520,8781,-115,4634,27417,-1998,-8962,51125,-635,4634,26577,-1595,-8316,50765,3903,86,4269,464,3137,86,3915,464,1415,-5351,5320,6273,4010,-1410,-2938,4867,130,-3415,-2938,11475
12/9/2025,1503,4271,2544,-1140,3153,2494,-415,4996,2544,970,2407,2616,871,-1840,-4998,540,2730,-3480,2585,932,-6515,125,9060,1091,2940,-2355,-4640,11689,9060,-1124,2345,3640,2821,-1140,3640,2616,-415,4365,2616,2580,5040,5809,-155,6655,-2028,315,4630,-8184,2585,4400,-7460,9613,8583,-15911,3640,4400,-7638,9815,9060,-17796,4792,1969,6064,2059,4579,1969,5448,2059,2866,-5908,2080,-1195,1991,-6510,11035,1935,-2340,-2025,11035,1935
12/10/2025,1244,113,-4391,1245,-497,-2933,1292,-497,-4391,1080,401,-4952,160,730,2509,1545,245,1484,1375,1598,-34,1740,3415,2543,1061,2020,3006,1735,3405,225,1550,401,-7903,1245,-497,-6639,1485,-497,-6639,535,-1740,-8905,160,730,3588,1545,2540,-1638,1565,200,-2249,3301,3051,6266,1285,210,-3129,1735,3405,-7465,-2082,-5771,-1735,-5227,-2082,-5771,-1334,-5227,2489,8676,870,1778,-105,1756,660,181,1965,1589,650,616
12/11/2025,899,1853,1205,600,2530,1397,-1675,1853,1205,1266,-1335,1476,390,-3992,-4201,2300,-3935,-1710,-1863,2063,-3023,-355,3605,5569,-1346,-400,2276,95,2600,-3730,1266,2530,1284,600,2530,1555,-1675,2530,1555,-209,-330,-210,390,2245,-7465,2300,-5090,-5635,-1215,4330,-4138,504,4209,-10960,-1445,3430,-3168,875,3605,-10855,2429,-312,1517,1800,-709,-338,2546,-210,-1843,-5822,4261,-902,3314,-4592,3797,6204,221,9,3797,6854
