,v0-10,v0-20,v0-40,v1-10,v1-20,v1-40,v2-10,v2-20,v2-40,v3-10,v3-20,v3-40,v4-10,v4-20,v4-40,v5-10,v5-20,v5-40,v6-10,v6-20,v6-40,v7-10,v7-20,v7-40,v8-10,v8-20,v8-40,v9-10,v9-20,v9-40,v0-10-unc,v0-20-unc,v0-40-unc,v1-10-unc,v1-20-unc,v1-40-unc,v2-10-unc,v2-20-unc,v2-40-unc,v3-10-unc,v3-20-unc,v3-40-unc,v4-10-unc,v4-20-unc,v4-40-unc,v5-10-unc,v5-20-unc,v5-40-unc,v6-10-unc,v6-20-unc,v6-40-unc,v7-10-unc,v7-20-unc,v7-40-unc,v8-10-unc,v8-20-unc,v8-40-unc,v9-10-unc,v9-20-unc,v9-40-unc,v0-20-cATM,v0-40-cATM,v1-20-cATM,v1-40-cATM,v2-20-cATM,v2-40-cATM,v3-20-cATM,v3-40-cATM,v4-20-cATM,v4-40-cATM,v5-20-cATM,v5-40-cATM,v6-20-cATM,v6-40-cATM,v7-20-cATM,v7-40-cATM,v8-20-cATM,v8-40-cATM,v9-20-cATM,v9-40-cATM
TOTAL terminal $,820905,1319664,1322445,668086,1395373,1385136,685294,1335748,1250702,793134,1246969,1321154,913946,1255414,1269369,1024066,1576077,1707575,947979,1795107,2075246,1309773,2051935,1679188,1094828,884599,423592,1380490,1787317,1786531,868044,1341550,1462745,678101,1392901,1453831,703872,1339604,1477901,478735,565173,307989,960582,1476015,1743020,1087562,1728206,1985027,980400,2037314,2857114,1417650,2101784,3005921,1248365,1924513,2477520,1391077,2137433,2873866,1153630,1256952,1084982,1304802,1120207,1249175,1012466,1230855,1263852,1126493,1480822,1626066,1713497,1699058,1642211,1699331,866026,482091,1524325,1687618
AVG terminal/day $,1073,1725,1729,873,1824,1811,896,1746,1635,1037,1630,1727,1195,1641,1659,1339,2060,2232,1239,2347,2713,1712,2682,2195,1431,1156,554,1805,2336,2335,1135,1754,1912,886,1821,1900,920,1751,1932,626,739,403,1256,1929,2278,1422,2259,2595,1282,2663,3735,1853,2747,3929,1632,2516,3239,1818,2794,3757,1508,1643,1418,1706,1464,1633,1323,1609,1652,1473,1936,2126,2240,2221,2147,2221,1132,630,1993,2206
MEDIAN terminal/day $,577,1206,899,485,1509,971,595,1183,655,650,1095,993,816,1506,-517,897,1785,1094,812,1961,1000,1301,1896,-116,1028,678,85,1338,1514,48,705,1430,1245,485,1541,1286,552,1451,1346,281,570,-100,887,1992,2590,1145,2176,2018,968,2582,2299,1530,2308,3871,1255,2443,2225,1350,2391,3863,1230,855,1016,923,1183,838,923,920,1249,-234,1709,942,2050,473,1610,-188,777,358,1385,-170
RETURN / worst-10day-loss,122.4,79.0,35.1,81.0,77.6,32.9,86.7,62.0,34.7,157.3,87.5,28.3,144.9,57.3,29.2,406.8,98.7,42.3,101.6,104.2,48.8,615.3,74.4,53.4,186.2,94.0,18.6,232.1,140.1,43.1,142.9,67.7,29.3,81.9,68.9,27.1,104.2,56.1,32.2,39.7,19.2,4.7,117.4,43.2,19.9,196.7,64.4,26.1,69.0,65.5,45.8,276.1,54.4,18.9,104.5,61.4,38.6,224.9,42.8,18.9,77.4,38.2,67.2,51.0,76.0,39.3,69.8,46.0,46.2,23.3,54.8,40.1,58.7,43.9,62.4,52.6,59.8,17.2,57.9,43.2
WORST 5-day loss $ (~1wk),-5241,-15129,-21308,-7600,-13639,-23726,-6422,-16548,-20143,-5646,-10956,-27060,-5505,-18137,-31101,-4181,-12668,-34502,-8388,-16473,-32552,-4063,-22609,-26608,-5464,-8692,-17295,-5529,-15358,-30951,-6173,-13980,-31047,-7450,-15229,-33441,-5937,-16854,-33151,-9145,-18611,-40807,-6655,-35486,-92399,-6900,-26155,-57862,-10720,-23871,-58317,-8145,-36941,-121595,-8640,-23871,-62554,-6680,-32520,-118902,-11807,-23197,-12136,-22845,-10328,-23197,-10137,-22168,-18444,-32227,-15332,-25510,-24419,-30132,-26335,-30003,-13645,-19427,-26335,-32181
  worst 5-day END date,9/24/2025,12/12/2023,3/26/2024,9/24/2025,12/6/2024,4/2/2024,9/24/2025,12/12/2023,3/22/2024,9/24/2025,12/12/2023,4/2/2024,7/21/2023,4/27/2023,9/24/2025,7/19/2023,4/27/2023,12/16/2024,7/21/2023,1/11/2024,12/16/2024,4/26/2023,4/4/2024,5/26/2023,7/18/2023,12/5/2024,12/12/2023,12/14/2023,3/22/2024,4/26/2024,6/1/2023,12/29/2023,3/27/2024,9/24/2025,12/6/2024,3/27/2024,6/1/2023,12/6/2024,3/27/2024,9/24/2025,11/3/2023,3/27/2024,4/28/2023,4/27/2023,4/28/2023,4/28/2023,4/28/2023,4/3/2024,7/21/2023,4/27/2023,4/28/2023,5/11/2023,5/8/2023,9/19/2023,7/18/2023,4/27/2023,4/28/2023,4/27/2023,5/8/2023,4/3/2024,12/10/2024,1/29/2024,9/16/2025,1/26/2024,12/12/2023,1/29/2024,9/12/2025,4/2/2024,12/16/2024,4/28/2023,12/13/2024,5/23/2023,4/28/2023,7/20/2023,4/5/2024,4/9/2024,7/5/2024,12/12/2023,4/5/2024,5/26/2023
WORST 10-day loss $ (~2wk),-6704,-16705,-37640,-8248,-17976,-42126,-7900,-21546,-36090,-5041,-14256,-46632,-6309,-21896,-43522,-2518,-15967,-40373,-9333,-17228,-42511,-2129,-27571,-31470,-5879,-9413,-22824,-5948,-12756,-41421,-6073,-19811,-49878,-8283,-20217,-53585,-6757,-23895,-45837,-12057,-29494,-66209,-8179,-34163,-87766,-5530,-26822,-76101,-14210,-31086,-62383,-5135,-38619,-158678,-11944,-31366,-64204,-6185,-49908,-152317,-14909,-32908,-16141,-25561,-14743,-31779,-14514,-26764,-27346,-48256,-27012,-40549,-29178,-38743,-26320,-32337,-14475,-27977,-26320,-39041
  worst 10-day END date,6/7/2023,12/16/2024,4/2/2024,10/1/2025,2/1/2024,4/2/2024,10/1/2025,12/14/2023,4/2/2024,7/25/2023,12/14/2023,4/2/2024,7/21/2023,12/16/2024,12/16/2024,5/1/2023,12/16/2024,12/18/2024,7/25/2023,5/2/2023,7/19/2023,7/25/2023,4/5/2024,2/7/2024,7/25/2023,1/20/2023,7/24/2023,5/2/2023,4/1/2024,10/6/2025,6/7/2023,12/13/2024,4/1/2024,10/1/2025,12/13/2024,4/1/2024,10/1/2025,12/13/2024,4/1/2024,7/25/2023,12/14/2023,4/2/2024,7/21/2023,4/27/2023,2/1/2024,12/16/2024,5/2/2023,4/4/2024,7/25/2023,5/2/2023,2/1/2024,5/15/2023,5/2/2023,9/21/2023,7/25/2023,5/2/2023,2/1/2024,5/2/2023,5/2/2023,4/3/2024,9/16/2025,4/2/2024,9/16/2025,5/16/2024,9/16/2025,5/16/2024,9/16/2025,4/9/2024,12/16/2024,12/16/2024,12/13/2024,4/2/2024,7/24/2023,2/1/2024,7/25/2023,4/9/2024,7/11/2024,12/11/2024,7/25/2023,6/2/2023
MAX LOSING STREAK (days),5,5,11,6,5,11,5,8,11,6,9,12,6,6,10,6,5,7,7,4,9,4,6,8,8,6,9,5,6,11,7,5,8,6,5,8,6,8,8,8,10,8,6,5,6,7,5,15,8,4,6,4,6,6,8,4,8,5,6,6,6,11,7,6,6,10,9,6,5,8,6,8,7,9,6,9,5,7,6,8
  losing-streak $,-4159,-15129,-41276,-4807,-10238,-45484,-3657,-15546,-40326,-5284,-12811,-53193,-5104,-17191,-43065,-5616,-10392,-35577,-10828,-15148,-46989,-4188,-23804,-25172,-8615,-8782,-16343,-4603,-4409,-45036,-7188,-4120,-46254,-5182,-11273,-49072,-4927,-16861,-48492,-8340,-29494,-51135,-6859,-35486,-38894,-7686,-13519,-86523,-15320,-24205,-17712,-4788,-24436,-73632,-12780,-24205,-53646,-6114,-30789,-77448,-12695,-35697,-14045,-16382,-10547,-31779,-16714,-16817,-14067,-35126,-13005,-25876,-26661,-35711,-30490,-36255,-8866,-19750,-8894,-33254
  losing-streak END date,3/7/2023,12/12/2023,4/2/2024,4/28/2023,12/7/2023,4/2/2024,12/9/2024,1/30/2024,4/2/2024,12/13/2023,5/2/2023,4/2/2024,7/18/2023,12/16/2024,5/27/2024,7/20/2023,4/5/2024,3/26/2024,7/21/2023,4/27/2023,2/2/2024,4/26/2023,4/5/2024,8/21/2024,7/21/2023,6/30/2025,3/26/2024,4/27/2023,1/17/2024,10/6/2025,6/5/2023,9/15/2023,4/2/2024,4/28/2023,12/7/2023,4/2/2024,4/28/2023,1/30/2024,4/2/2024,12/6/2024,12/14/2023,1/30/2024,7/18/2023,4/27/2023,12/16/2024,7/20/2023,4/5/2024,4/8/2024,7/21/2023,4/27/2023,10/12/2023,4/25/2023,4/5/2024,7/5/2023,7/21/2023,4/27/2023,2/1/2024,12/14/2023,4/5/2024,7/5/2023,12/10/2024,4/2/2024,12/10/2024,7/6/2023,12/10/2024,5/16/2024,9/16/2025,7/6/2023,4/28/2023,9/15/2025,5/1/2023,4/4/2024,5/2/2023,11/29/2023,4/5/2024,5/11/2023,5/27/2024,7/21/2023,12/12/2023,4/9/2024
MAX WINNING STREAK (days),21,26,16,31,20,15,26,26,12,20,24,17,31,19,8,42,26,16,16,19,21,23,16,16,26,14,8,43,16,10,37,26,16,31,20,11,37,15,10,25,13,7,33,24,22,54,24,18,37,24,14,29,18,10,27,26,11,43,14,10,20,19,20,19,20,19,20,16,17,7,28,14,24,18,13,10,15,12,12,9
  winning-streak $,58763,120417,101841,83689,77672,127784,58030,124027,46323,55732,91556,93335,90484,76417,24573,142029,117129,124208,55988,110210,239645,67500,106831,121430,72572,41274,18689,159004,72571,73887,115723,117786,104260,86033,79829,62182,87472,74985,73310,78569,39551,48125,99555,98139,235685,193007,114294,143357,139327,137843,187957,89821,72241,167741,101765,122828,107167,158912,88081,155963,85508,108964,81838,122373,73375,116151,93112,98901,72851,63687,114163,114842,126837,209430,62949,156618,47014,59581,75449,151228
WORST single day $,-1500,-5265,-7945,-2325,-5265,-7805,-2493,-5265,-7620,-2000,-3660,-8210,-2000,-4500,-7000,-1655,-4844,-8802,-2055,-4985,-9311,-1745,-6500,-7677,-1500,-3000,-5290,-2502,-5006,-8527,-2975,-10520,-14216,-3445,-10520,-16535,-3640,-8924,-16535,-3935,-9750,-16535,-5745,-17090,-38060,-4210,-11735,-20380,-5385,-18405,-27978,-6077,-18332,-56143,-4660,-18405,-28030,-4730,-18040,-57743,-5900,-8744,-4495,-8220,-5077,-8744,-3500,-8220,-4500,-7498,-5175,-8290,-7452,-9733,-6495,-7870,-6875,-5995,-6495,-9285
  worst day DATE,5/15/2024,12/26/2023,3/26/2024,10/5/2023,12/26/2023,3/26/2024,2/12/2025,12/26/2023,3/26/2024,2/22/2024,12/26/2023,5/23/2023,7/10/2024,5/5/2023,7/18/2023,5/26/2023,1/29/2024,6/16/2023,1/23/2024,2/9/2024,9/21/2023,6/2/2023,1/25/2023,5/23/2023,11/16/2023,1/19/2024,6/10/2024,11/2/2023,5/29/2023,5/23/2023,2/12/2025,2/12/2025,7/24/2023,6/27/2023,2/12/2025,7/24/2023,2/12/2025,2/12/2025,7/24/2023,3/7/2023,2/12/2025,7/24/2023,4/27/2023,4/27/2023,9/4/2025,4/27/2023,1/29/2024,9/11/2024,3/31/2023,9/4/2025,9/11/2024,5/5/2023,5/2/2023,4/24/2023,3/31/2023,9/4/2025,9/11/2024,2/12/2025,7/3/2023,11/13/2024,3/1/2024,4/25/2023,4/2/2024,3/26/2024,10/27/2025,4/25/2023,11/20/2023,3/26/2024,10/16/2024,5/17/2023,3/6/2023,9/4/2025,7/23/2025,12/20/2023,7/18/2023,6/30/2025,3/16/2023,7/11/2023,7/18/2023,12/20/2023
BEST single day $,19860,25639,29919,21164,26180,50597,16603,33069,30424,8259,30070,32236,20220,26148,43469,21115,20486,33524,22456,22359,42241,19970,22348,56890,22928,18030,15530,29214,19802,97193,14971,27990,48674,21495,26180,50393,21675,26442,56606,14552,20247,26016,20220,38953,49529,12715,22089,42336,17185,27583,173762,20124,30358,101115,17478,26323,55378,19970,29355,101115,32668,51006,23244,34059,24724,36877,19155,50200,20595,36372,27911,71459,26549,48689,30236,60328,30399,21107,30236,57963
  best day DATE,11/18/2025,2/28/2025,2/7/2023,3/22/2023,2/6/2025,2/7/2023,3/22/2023,2/1/2023,2/7/2023,1/19/2023,2/1/2023,2/7/2023,3/22/2023,5/7/2025,3/18/2025,3/22/2023,3/22/2023,6/12/2024,3/22/2023,1/29/2025,10/29/2025,4/1/2025,5/20/2024,2/1/2023,3/22/2023,2/7/2023,12/30/2022,2/7/2023,3/22/2023,5/1/2024,3/11/2025,2/6/2025,2/7/2023,3/22/2023,2/6/2025,2/7/2023,3/22/2023,2/7/2023,2/7/2023,2/2/2023,3/22/2023,2/7/2023,3/22/2023,5/7/2025,11/14/2023,10/29/2025,3/22/2023,6/12/2024,5/7/2025,8/6/2024,4/9/2025,3/22/2023,8/12/2024,12/26/2023,3/11/2025,8/6/2024,1/29/2025,4/1/2025,8/12/2024,12/26/2023,3/22/2023,2/7/2023,4/3/2025,2/7/2023,2/7/2023,2/7/2023,3/22/2023,2/7/2023,5/7/2025,1/12/2024,3/14/2023,2/1/2023,2/7/2023,2/1/2023,5/20/2024,3/7/2025,2/1/2023,7/7/2023,5/20/2024,3/7/2025
opens/day,16.19,20.39,23.92,14.79,17.82,19.93,16.67,20.53,23.96,16.1,16.24,21.09,16.77,18.32,20.61,18.15,20.66,24.73,22.06,26.88,31.39,24.29,28.53,24.34,20.98,13.8,9.1,26.46,26.19,26.61,16.53,18.16,25.37,15.39,18.24,21.95,15.46,18.34,22.01,16.43,17.87,21.49,17.08,19.82,24.6,19.96,23.01,27.99,22.56,28.26,37.76,29.79,34.01,40.88,23.33,28.25,34.68,27.81,30.94,37.58,23.67,26.34,20.28,22.02,23.53,26.37,19.25,21.92,20.85,22.34,24.61,26.61,35.16,34.92,30.75,26.82,17.04,10.51,30.69,27.46
NEG days,234/765,245/765,315/765,257/765,235/765,326/765,251/765,253/765,330/765,236/765,264/765,322/765,226/765,282/765,398/765,206/765,240/765,345/765,247/765,248/765,350/765,182/765,250/765,388/765,220/765,290/765,353/765,181/765,266/765,380/765,230/765,245/765,312/765,254/765,241/765,313/765,245/765,254/765,315/765,330/765,322/765,388/765,214/765,253/765,310/765,185/765,226/765,307/765,235/765,220/765,311/765,194/765,239/765,318/765,193/765,231/765,310/765,179/765,235/765,323/765,250/765,342/765,266/765,322/765,266/765,339/765,283/765,325/765,301/765,390/765,267/765,330/765,242/765,365/765,279/765,392/765,277/765,331/765,284/765,391/765
WIN %,69%,68%,59%,66%,69%,57%,67%,67%,57%,69%,65%,58%,70%,63%,48%,73%,68%,55%,68%,67%,54%,76%,67%,49%,71%,62%,54%,76%,65%,50%,70%,68%,59%,67%,68%,59%,67%,67%,59%,57%,58%,49%,72%,67%,59%,75%,70%,60%,69%,71%,59%,75%,69%,58%,74%,70%,59%,76%,69%,58%,67%,55%,65%,58%,65%,56%,63%,57%,61%,49%,65%,57%,68%,52%,63%,49%,64%,57%,63%,49%
AVG WIN day $,1908,3387,4888,1761,3421,5134,1811,3503,4945,1880,3279,5214,2132,4284,8425,2137,4131,7549,2370,4859,9082,2520,5294,7936,2383,2870,3213,2671,4771,8844,2005,3435,5742,1775,3504,5920,1808,3522,6037,1966,3002,5292,2170,4872,10484,2214,4468,8402,2402,5320,11242,2855,5609,17635,2554,5246,10642,2712,5737,18266,3116,5290,3085,5137,3124,5223,3018,5022,4526,8250,4171,6738,4729,8254,5059,8593,2943,3255,4897,8740
AVG LOSS day $,-814,-1788,-2769,-868,-1763,-2649,-964,-1796,-2713,-837,-1487,-3054,-1021,-2871,-4558,-808,-2452,-4219,-1123,-2871,-4813,-863,-2677,-3363,-916,-1630,-2541,-975,-2213,-4235,-873,-1802,-3631,-888,-1825,-3886,-935,-1797,-3914,-1134,-2356,-4335,-1079,-4007,-9731,-1025,-2990,-6041,-1236,-3895,-7188,-1080,-3527,-15280,-1061,-3773,-7594,-1078,-3819,-16041,-1791,-2852,-1697,-2999,-1638,-2864,-1553,-2996,-2762,-5023,-2219,-3934,-3121,-4368,-2908,-3819,-2047,-2802,-2909,-4021
PAYOFF (win/loss),2.34,1.89,1.77,2.03,1.94,1.94,1.88,1.95,1.82,2.25,2.21,1.71,2.09,1.49,1.85,2.64,1.68,1.79,2.11,1.69,1.89,2.92,1.98,2.36,2.6,1.76,1.26,2.74,2.16,2.09,2.3,1.91,1.58,2,1.92,1.52,1.93,1.96,1.54,1.73,1.27,1.22,2.01,1.22,1.08,2.16,1.49,1.39,1.94,1.37,1.56,2.64,1.59,1.15,2.41,1.39,1.4,2.52,1.5,1.14,1.74,1.85,1.82,1.71,1.91,1.82,1.94,1.68,1.64,1.64,1.88,1.71,1.52,1.89,1.74,2.25,1.44,1.16,1.68,2.17
(context) true MAX DRAWDOWN $,-6992,-16705,-56379,-9731,-17976,-58554,-10166,-22441,-58436,-6476,-14256,-71758,-8214,-21896,-65431,-5616,-17667,-59031,-10828,-19280,-55575,-4188,-37395,-52786,-8615,-13848,-53822,-6758,-21121,-71575,-7188,-20726,-88875,-10801,-21162,-82112,-9330,-24751,-75945,-15781,-42625,-208187,-10364,-57574,-108485,-7686,-32461,-86523,-17481,-43974,-75466,-9890,-67333,-204286,-12780,-44349,-77288,-10632,-66363,-214285,-28161,-48136,-22358,-30500,-26163,-40514,-17333,-32056,-27346,-69967,-27880,-53195,-29838,-51017,-44833,-58362,-15247,-51649,-44854,-71314
maxDD 7-day $,-6025,-15129,-29154,-7600,-16866,-31182,-6422,-20071,-28410,-5646,-13057,-31740,-7695,-21712,-37359,-5616,-17667,-39299,-10828,-18439,-38842,-4188,-23804,-31475,-7650,-11185,-19780,-5588,-16943,-36147,-7188,-16613,-42007,-7450,-16511,-43591,-6297,-16854,-43301,-9488,-23747,-51102,-9565,-41992,-95253,-7686,-32461,-64953,-14170,-33756,-60312,-9890,-45062,-148022,-12005,-34131,-62554,-7534,-44202,-141860,-14105,-26841,-15477,-27030,-12468,-30039,-13895,-24420,-18816,-41744,-20770,-32514,-28199,-39029,-30490,-36254,-14316,-23160,-30490,-33557
maxDD 30-day $,-6992,-16705,-41276,-9731,-17976,-45484,-10166,-22441,-43129,-6476,-14256,-53809,-8214,-21896,-65431,-5616,-17667,-59031,-10828,-19280,-55575,-4188,-37395,-52786,-8615,-13848,-35887,-6758,-21121,-56996,-7188,-20726,-61359,-10801,-21162,-62713,-9330,-24751,-55144,-15781,-37351,-112521,-10364,-57574,-108485,-7686,-32461,-86523,-17481,-43974,-75466,-9890,-67333,-194078,-12780,-44349,-77288,-10632,-66363,-214285,-28161,-39754,-22358,-30500,-26163,-32591,-17333,-32056,-27346,-69967,-27880,-53195,-29838,-51017,-44833,-58362,-15247,-51649,-44833,-63148
ret / maxDD30,117.4,79.0,32.0,68.7,77.6,30.5,67.4,59.5,29.0,122.5,87.5,24.6,111.3,57.3,19.4,182.3,89.2,28.9,87.5,93.1,37.3,312.7,54.9,31.8,127.1,63.9,11.8,204.3,84.6,31.3,120.8,64.7,23.8,62.8,65.8,23.2,75.4,54.1,26.8,30.3,15.1,2.7,92.7,25.6,16.1,141.5,53.2,22.9,56.1,46.3,37.9,143.3,31.2,15.5,97.7,43.4,32.1,130.8,32.2,13.4,41.0,31.6,48.5,42.8,42.8,38.3,58.4,38.4,46.2,16.1,53.1,30.6,57.4,33.3,36.6,29.1,56.8,9.3,34.0,26.7
avg peak capital $,736,1561,3100,735,1566,3077,745,1562,3099,739,1512,3086,754,1550,3058,760,1602,3203,786,1632,3249,801,1657,3178,771,1455,2587,813,1653,3214,748,1564,3143,738,1570,3134,747,1569,3152,695,1423,2998,762,1589,3213,772,1627,3273,798,1665,3326,814,1677,3336,793,1665,3338,815,1675,3345,1632,3187,1626,3160,1622,3177,1583,3144,1629,3135,1689,3298,1743,3360,1721,3240,1546,2646,1721,3273
ret on capital (daily $/$),1.458,1.105,0.558,1.188,1.165,0.589,1.203,1.118,0.528,1.403,1.078,0.56,1.585,1.059,0.543,1.762,1.286,0.697,1.576,1.438,0.835,2.137,1.619,0.691,1.856,0.795,0.214,2.22,1.413,0.727,1.517,1.121,0.608,1.201,1.16,0.606,1.232,1.116,0.613,0.901,0.519,0.134,1.648,1.214,0.709,1.842,1.388,0.793,1.607,1.599,1.123,2.276,1.638,1.178,2.058,1.511,0.97,2.231,1.668,1.123,0.924,0.516,0.872,0.54,0.903,0.514,0.836,0.512,1.014,0.47,1.146,0.645,1.285,0.661,1.248,0.685,0.732,0.238,1.158,0.674
profitScore ($20-norm),2146,1725,865,1746,1824,906,1792,1746,818,2074,1630,864,2390,1641,830,2678,2060,1116,2478,2347,1357,3424,2682,1098,2862,1156,277,3610,2336,1168,2270,1754,956,1772,1821,950,1840,1751,966,1252,739,202,2512,1929,1139,2844,2259,1298,2564,2663,1868,3706,2747,1965,3264,2516,1620,3636,2794,1879,1508,822,1418,853,1464,817,1323,805,1652,737,1936,1063,2240,1111,2147,1111,1132,315,1993,1103
riskScore ($20-norm),-13984,-16705,-20638,-19462,-17976,-22742,-20332,-22441,-21564,-12952,-14256,-26904,-16428,-21896,-32715,-11232,-17667,-29515,-21656,-19280,-27787,-8376,-37395,-26393,-17230,-13848,-17943,-13516,-21121,-28498,-14376,-20726,-30679,-21602,-21162,-31356,-18660,-24751,-27572,-31562,-37351,-56260,-20728,-57574,-54242,-15372,-32461,-43261,-34962,-43974,-37733,-19780,-67333,-97039,-25560,-44349,-38644,-21264,-66363,-107142,-28161,-19877,-22358,-15250,-26163,-16295,-17333,-16028,-27346,-34983,-27880,-26597,-29838,-25508,-44833,-29181,-15247,-25824,-44833,-31574
GOV lossMax $,-1500,-4500,-6000,-2000,-4500,-6000,-2500,-4500,-6000,-2000,-3000,-7500,-2000,-4500,-7000,-1500,-4000,-7500,-2000,-4500,-7500,-1750,-6500,-6000,-1500,-3000,-6000,-2500,-4500,-7500,,,,,,,,,,,,,,,,,,,,,,,,,,,,,,,-7000,-7500,-4500,-7500,-4500,-7500,-3500,-7500,-4500,-7500,-4500,-7500,-7000,-7500,-6500,-7000,-7000,-6000,-6500,-7500
GOV worst floor HELD $,-1703,-5265,-7945,-2325,-5265,-7806,-2784,-5265,-7620,-2000,-3820,-8210,-2087,-4846,-7605,-1730,-4944,-9130,-2300,-5186,-9393,-1985,-7300,-7677,-1765,-3000,-5995,-2745,-5130,-8910,,,,,,,,,,,,,,,,,,,,,,,,,,,,,,,-6983,-9546,-4708,-8940,-5077,-9546,-3990,-8940,-4933,-8750,-5365,-9020,-7618,-9733,-7130,-8291,-6980,-5995,-7130,-9285
GOV days over cap,0,1,2,1,1,2,0,1,3,0,3,1,0,0,0,2,6,4,2,9,10,0,0,5,0,0,0,1,2,6,,,,,,,,,,,,,,,,,,,,,,,,,,,,,,,0,3,0,1,1,3,0,1,0,0,2,3,3,11,0,3,0,0,0,1
GOV covers deferred,77,85,384,39,35,267,36,81,426,5,261,99,31,241,2047,278,1068,2020,1044,1547,5235,638,333,1036,444,3,0,395,733,822,,,,,,,,,,,,,,,,,,,,,,,,,,,,,,,0,72,37,46,45,79,133,52,312,1511,561,1317,476,3255,343,904,0,0,346,710
GOV offsets bought,90,131,851,60,132,778,50,175,902,66,183,622,26,124,872,53,170,784,57,227,1119,70,275,1377,44,76,286,52,318,1586,,,,,,,,,,,,,,,,,,,,,,,,,,,,,,,34,645,171,647,180,653,221,628,150,777,184,699,168,1061,346,1469,9,158,341,1498
GOV offset spend $,26161,41315,345643,16373,47274,335374,12298,62448,372955,20274,62259,272702,7216,43769,348349,16184,78585,310213,18725,91684,485677,23302,94601,594301,13987,30008,126307,21823,111540,683451,,,,,,,,,,,,,,,,,,,,,,,,,,,,,,,10830,249995,55236,261393,58545,253742,79290,252832,44955,289846,60416,290687,61728,453476,116585,604651,2835,66419,115069,612286
GOV opens blocked,843,244,1357,425,359,1676,128,300,1394,299,1350,828,645,1761,3832,1151,1646,2420,1007,1915,3402,3158,2866,15337,1465,2467,2248,1322,5523,13292,,,,,,,,,,,,,,,,,,,,,,,,,,,,,,,11,652,472,1036,293,659,1192,1021,1723,3267,1183,2022,462,2855,3434,12712,165,2023,3446,12081
WING conversions,310,876,1479,304,822,1345,405,979,1511,301,655,1539,236,864,1693,261,824,1814,273,1053,1897,281,988,1602,273,654,1079,304,887,1753,333,816,1859,320,888,1926,364,960,1960,285,688,1670,225,983,2423,290,935,2239,276,1160,2415,447,1233,2616,275,1155,2385,315,1140,2661,930,1623,742,1523,973,1645,639,1485,852,1618,833,1782,1262,1964,1003,1641,841,1118,989,1693
WING spend $,67777,195229,361119,65370,190616,340253,82358,218954,369846,63570,149995,387913,51571,202532,464083,60311,195283,492062,57249,248029,510071,64965,237481,428056,61867,144459,264221,70854,210128,481917,72808,187229,485598,68843,204214,504103,76473,217869,512693,60279,163534,450400,48767,242287,758886,67746,224795,630642,61340,278338,702795,96391,297685,847820,65031,276457,695623,73298,282945,857053,213026,419772,171777,397872,219552,427506,143045,387841,208834,452573,198505,474803,310096,533747,248622,460042,191421,269275,245668,467771
WING days active,220,447,539,221,435,507,293,480,537,215,377,548,175,426,527,187,425,554,206,466,558,208,450,505,205,379,463,216,409,529,233,431,612,230,467,606,253,481,613,213,369,569,159,478,661,202,453,631,207,502,643,282,515,673,212,501,636,220,486,657,471,569,403,542,470,564,367,537,407,498,415,548,517,575,434,492,444,446,431,511

DATE,v0-10,v0-20,v0-40,v1-10,v1-20,v1-40,v2-10,v2-20,v2-40,v3-10,v3-20,v3-40,v4-10,v4-20,v4-40,v5-10,v5-20,v5-40,v6-10,v6-20,v6-40,v7-10,v7-20,v7-40,v8-10,v8-20,v8-40,v9-10,v9-20,v9-40,v0-10-unc,v0-20-unc,v0-40-unc,v1-10-unc,v1-20-unc,v1-40-unc,v2-10-unc,v2-20-unc,v2-40-unc,v3-10-unc,v3-20-unc,v3-40-unc,v4-10-unc,v4-20-unc,v4-40-unc,v5-10-unc,v5-20-unc,v5-40-unc,v6-10-unc,v6-20-unc,v6-40-unc,v7-10-unc,v7-20-unc,v7-40-unc,v8-10-unc,v8-20-unc,v8-40-unc,v9-10-unc,v9-20-unc,v9-40-unc,v0-20-cATM,v0-40-cATM,v1-20-cATM,v1-40-cATM,v2-20-cATM,v2-40-cATM,v3-20-cATM,v3-40-cATM,v4-20-cATM,v4-40-cATM,v5-20-cATM,v5-40-cATM,v6-20-cATM,v6-40-cATM,v7-20-cATM,v7-40-cATM,v8-20-cATM,v8-40-cATM,v9-20-cATM,v9-40-cATM
12/27/2022,90,-1915,-4410,100,-1915,-4410,100,-1915,-4410,90,-1915,-4410,2010,3451,1213,2010,3451,1213,2150,4571,1671,2010,1004,1257,2010,3881,-224,2010,-272,986,90,-1915,-4410,100,-1915,-4410,100,-1915,-4410,2075,-1915,-4410,2010,3451,1213,2010,3451,1213,2150,4571,1671,2010,2241,4474,2010,4231,1671,2010,2241,4474,-390,-6195,-390,-6195,-390,-6195,-1565,-6195,5403,8781,5871,8220,5746,9309,-501,-2220,2908,719,-501,-3004
12/28/2022,1741,3120,195,2619,5129,335,343,2944,-2257,1650,3185,205,180,-2437,-6898,1350,770,-3255,1148,1660,-3409,3321,9231,-1125,444,1943,-4435,2734,5405,-1255,2120,3314,7445,2619,5129,6495,1185,3039,7480,495,1988,6790,180,-925,-4105,1105,1715,1169,830,3355,4206,774,10261,25208,1313,3355,4245,2360,11484,26089,5653,9130,8364,9733,5638,4583,7145,9733,-4159,-6538,4509,-3819,-1687,-7376,35,-6910,4817,-4430,35,3452
12/29/2022,-217,2007,1498,750,1440,-1152,413,2007,1498,195,1135,-5480,-1950,1511,7,1230,-64,-765,1323,-2199,4223,1635,-325,2275,-1370,-2620,-1379,3225,-3660,4008,120,1440,-3085,-615,1440,-5480,-1125,1440,-5480,160,2210,-5025,1725,5765,611,3020,9050,-1672,445,5922,4168,3291,6393,-4964,2005,5922,3738,3225,3317,-4577,48,-3296,1485,-6275,48,-3296,-300,-6275,3769,-643,6645,-1772,8027,785,1500,4867,-2156,-1370,1500,9137
12/30/2022,1134,2494,-4526,1129,2326,-2409,1129,2324,-4526,905,6437,-4554,855,1646,12050,3084,1621,9758,1205,650,-818,574,9105,4310,1460,1218,15530,574,171,-5305,1134,3586,-6586,1129,3586,-6409,1129,3416,-6409,499,196,-4848,855,7963,15637,3084,2855,14400,695,6198,20624,1880,6300,-8046,1431,5763,25644,574,9105,-6590,982,-5114,1624,-3104,982,-5114,1624,-3200,705,3683,908,-4363,-3659,-1051,781,-6645,-917,1611,781,-6585
1/3/2023,-1480,2478,3337,-1725,5535,-1933,-1725,2333,355,-1560,1870,965,2250,3268,-4808,1620,11489,-3121,1931,3356,-2568,2700,10301,-719,1783,1412,-426,2700,10736,-776,-1560,3544,-3130,-1725,5535,-775,-1725,3396,300,-2775,748,2580,2250,6794,-1295,1955,11489,-3052,1260,10940,-9428,3039,9519,-5145,1260,10252,-9003,2700,10301,-4808,3400,-1775,2204,737,2253,-1775,-489,737,-112,-3389,2051,3615,5342,-4170,10296,-1283,4411,-416,11394,-1283
1/4/2023,4420,4832,19909,6486,6251,17642,6886,6664,17661,4420,5773,16744,6457,6213,15674,3892,6083,3918,4499,4738,8139,6319,7487,9699,4476,474,4572,6319,7637,6933,4420,6060,20290,6486,6251,18733,6886,7213,18453,2015,3522,16630,7389,6213,14467,3892,6038,376,4499,6625,5937,5130,5925,-16709,5024,6260,4782,6319,7487,-19860,4736,13094,3847,11769,4557,17041,5886,12006,7197,14555,2795,5295,5785,9616,9905,7528,4087,4577,9505,11046
1/5/2023,3161,10782,6299,2947,7840,4720,2901,4197,4911,2608,7965,5361,4528,873,1417,4498,5137,8452,1554,3571,5872,3188,-428,-2356,3351,4461,8465,4450,1457,-2624,2485,5925,8251,3187,7840,5925,1745,10432,4885,-125,2366,5438,4528,1149,3374,8590,4068,2961,5174,1621,2593,5319,3342,517,6504,1621,3566,11061,669,926,3177,13706,6380,14028,4927,13706,5420,14028,5361,4720,9349,675,5987,10051,13387,6050,1913,1543,13387,1178
1/6/2023,580,-3768,39,-1600,-1617,-235,-2485,-3901,39,620,-2880,-1427,-1620,-4305,-6410,-1005,-3840,-7245,-1844,-4490,-5751,-940,-982,-5428,-814,-2300,-1640,-1310,-2245,4783,620,-3965,-2101,-1600,-2630,-965,-2800,-2630,-965,-320,-1260,-3076,-1895,-7375,-10215,565,-3930,-5400,-2120,-2915,-3781,-2152,-254,16447,-965,-2915,-162,-1315,3613,15644,-628,2056,-2705,2973,-3791,2056,-2790,2928,-4350,-7160,-1110,-4519,-265,-910,-3327,4286,-3660,-4645,-3327,4306
1/9/2023,2412,-1084,-143,3494,136,-1847,1849,-765,-1161,4684,-1084,1204,601,-3579,-5652,250,-3974,-4093,-269,-4131,-6320,2555,-5885,3294,2674,-2275,-689,2689,-3920,-959,4751,-1084,-143,3494,136,103,3181,136,-1918,2206,-2270,-3275,996,-4101,21,250,-5005,-3905,-570,-5011,-10007,2359,-1137,-21894,695,-5011,-9172,3120,-7840,-25575,-148,6486,-60,5247,145,4292,-698,5425,-3364,-5248,-4000,-2515,-6369,-2501,3617,14040,1021,4326,2992,55
1/10/2023,1822,-728,2442,1325,-1700,-1319,505,-728,2442,1440,-920,495,300,1019,-923,2185,3994,5695,1569,4253,9533,2375,5210,6618,1833,3,1357,2375,4215,16951,1440,-830,8498,1150,-830,6418,520,-830,6418,270,-1420,2467,300,2967,-3239,2185,3994,6027,2010,4215,9533,2579,4843,38549,665,4215,9614,2375,5210,40456,-863,6922,-480,6009,-1693,6922,-1225,6009,544,-2522,3334,6158,2488,7596,9036,6723,49,2735,9036,9374
1/11/2023,-845,-1920,-291,-1005,-1920,1750,-805,-1920,-291,-825,-2705,2832,-1715,-3950,-3096,-1480,-3970,2095,-1650,-3580,2937,-705,-68,13412,-1435,-2900,1275,-650,-271,14412,-825,-3730,2323,-1005,-3730,2516,-805,-3730,2516,-1405,-4055,-1343,-1715,-9970,-12705,-1480,-4690,-3812,-1550,-6850,1746,-975,185,12726,-1485,-6850,1372,-650,81,14458,-2623,-1213,285,1141,-2623,-1213,-2050,1181,-4151,-7062,-3430,75,-5553,-5744,3697,10463,-2725,-1027,3192,1359
1/12/2023,-670,3147,7061,715,3712,4369,-275,2374,-4320,1650,2572,4402,420,4509,15767,1820,1690,11468,1923,4499,10251,2075,605,-202,1100,1297,2371,2145,605,-2831,-60,3813,7146,715,3712,6612,-201,2802,6502,-1265,2358,-4850,420,4509,13452,1820,1690,11468,1985,4139,10311,3043,-237,-17057,1100,3694,10353,2145,605,-16644,2000,3031,2780,-260,3239,3031,87,-260,7620,17422,4257,6954,2707,11084,-123,865,676,805,-123,-121
1/13/2023,-1100,1866,4026,45,2271,3205,-676,231,4026,45,2271,3092,-1375,-4372,-5890,-1085,-3650,-5238,-1732,-3815,-7446,-585,-383,13136,-467,-2895,319,-815,2145,9069,-1100,2271,3449,24,2271,3507,24,916,3507,-825,-2015,562,-1375,-4372,-12401,-1085,-3650,-3539,-1732,-5920,-7649,-1748,1712,20329,-982,-5920,-6667,-815,1712,20329,-111,3412,1132,3884,859,3412,1132,2484,-4205,-7426,-1493,-393,-1200,-1411,1197,15303,-745,2030,1197,18216
1/16/2023,-970,-1412,-3605,-125,-1125,-1043,-476,-712,-3605,-1110,-1100,-83,-810,-2620,-5830,160,-2075,-7050,-1520,-2070,-5550,1325,1000,-2495,-465,-2115,1741,1675,-795,-3570,-1110,-1125,-751,-125,-1125,1346,-125,-425,1346,-575,-130,1346,-810,-2620,-6735,160,-2075,-9320,-1520,-2070,-10125,882,710,-14600,-465,-2070,-10125,1675,1105,-16200,-1875,-2800,-1875,-2755,-1875,-2800,-1775,-2755,-4055,-4755,-1550,-6615,-1135,-6765,-2455,-5520,395,3990,-2455,-6040
1/17/2023,1220,780,-3691,1110,1345,-1046,1167,210,-3691,990,2195,888,2346,1155,4245,3085,4479,7119,2650,8013,-1451,389,-2633,-1945,3240,1106,2915,-81,-846,-2567,990,940,-7791,1110,940,-8440,1130,-140,-8440,575,2990,-4280,2047,-241,7400,3085,4479,7119,2650,8965,-1433,-482,1758,-22432,3375,8965,2217,-1370,1702,-19224,-1776,-1369,-1808,-4010,-936,-1369,-2875,-4010,-1608,2394,-136,3931,1083,-851,-5515,-3450,2955,2915,-5515,-2015
1/18/2023,-445,-4049,-3097,-960,-2075,-1895,1904,-4390,-201,1270,-1720,-4770,-1520,-3880,-5055,-1330,-1955,-6271,-235,-4030,-7250,335,939,-4817,-1490,-1330,-510,-430,-4055,-6229,-445,-1995,-3097,-1025,-2075,-2110,2570,-2185,-1630,-1225,-2180,-1861,-1520,-3780,-9891,-1070,-1830,-8950,245,-1972,-7262,-726,1402,4828,325,-1972,-7735,1175,3238,4377,279,-1118,286,202,170,-1096,452,202,-3800,-6795,2281,-5596,-1516,-4483,-1957,11336,-967,-2435,-1957,3102
1/19/2023,6899,3990,221,3294,3905,1360,4260,4027,2484,8259,4090,2635,780,3254,6922,3748,2010,5054,1456,6142,8276,4990,-3171,-3993,1062,2015,4538,2150,-2471,-5843,7969,4660,2837,3294,3905,1360,3294,3905,1360,2935,3756,2555,780,2653,27495,4389,2935,7676,870,335,17528,1759,-3088,-15444,1425,1865,18101,-1205,-6598,-16319,2039,6995,4035,4814,1394,6995,4035,6596,4155,2378,6495,212,2271,817,3390,-3576,2430,1548,3390,-5706
1/20/2023,-1460,-4263,-168,-1745,-3680,2511,-2373,-4263,-168,-1600,-2045,2400,-1595,-4405,-6055,-1375,-3925,-7690,-1650,-4471,-7490,135,4064,3867,-1160,-2320,-1433,420,3182,3149,-2370,-3635,1399,-2730,-3635,1286,-2730,-3635,1286,-2195,-5200,-7858,-2645,-8395,-19835,-2215,-5170,-7690,-2670,-6880,-12382,-255,3090,10154,-2745,-6880,-13000,805,4380,9825,-3853,151,-2812,400,-4298,151,-3182,1890,-4440,-6407,-4155,-4560,-5300,-5768,6016,3260,-4890,-1218,5621,7677
1/23/2023,3757,4586,6837,1180,3534,6240,1180,4464,6837,1428,3709,1805,490,1368,1552,6960,5090,11809,2215,6799,14068,5648,1835,-4425,2133,-2135,-4440,3285,2255,-4425,1428,3559,1280,1180,3534,1280,1180,3950,1280,3910,3619,1365,625,3884,20156,3325,4630,11924,2673,12649,14306,2523,1553,-25181,2800,12034,15917,5005,1835,-25259,3722,3047,3887,1012,4842,3047,4117,1012,3257,1871,2430,12073,8234,16853,-3960,-3964,-2203,1687,-3960,-5117
1/24/2023,1475,3498,-66,773,2583,528,1698,2356,-47,1505,3306,178,2456,6278,29614,2434,5352,19932,3123,5456,14252,3460,2710,-122,4145,5725,1778,3460,2710,-1089,1100,2303,-66,773,3468,528,1698,4159,199,888,1939,61,2456,6278,29742,2434,5352,20451,3123,5456,15497,3460,2710,-3438,4145,5456,15056,3460,2710,-3201,3907,7642,2886,10002,5775,7400,3245,10002,16055,443,10065,15571,15744,6071,8675,410,11617,921,8675,-613
1/25/2023,-143,-2197,5915,590,-1700,8947,-271,-2332,5915,100,-2825,9305,-88,-3255,-6842,710,-3940,-7480,1700,-3909,-6695,-1355,-6500,-5913,425,-935,10,-400,-4500,-7336,1835,-3535,8897,590,-3535,10975,590,-3510,10975,210,-1585,1759,565,-3255,-12148,-855,-5410,-8737,470,-6815,-5222,-365,-9431,8681,1195,-6815,-5534,-365,-8650,12906,-1191,5534,488,7051,-1806,7308,-786,5142,-2053,-7131,-2218,-6473,309,-6742,-2539,-6915,-310,-1153,-2539,-7425
1/26/2023,25,481,2013,-490,585,3495,57,481,1943,-175,610,3422,1147,1014,-4482,733,-2767,1154,35,3557,6280,722,2595,12305,143,4469,8365,722,1255,17833,25,585,2581,-490,585,3387,57,585,3317,105,-840,612,1147,1014,-8058,733,-2767,1581,35,2120,6280,722,2849,-2457,-185,2120,4617,722,2255,-213,1471,1226,1655,1873,1231,1161,675,1873,-2252,-3878,457,1186,2415,3488,8385,-3298,3381,3150,8385,-2665
1/27/2023,-199,7848,4640,2085,2450,691,1585,7848,4453,4956,7877,5659,3725,-206,-1370,380,3480,13251,530,7055,12037,5940,384,-1595,3175,45,1987,7270,384,-2981,5994,2450,5056,1635,2450,6667,1635,2450,7266,4831,3780,2892,4670,542,4132,2280,10230,13387,2410,11449,12863,8085,749,-20864,1825,11449,12457,8085,384,-19449,2951,3887,535,1854,7096,3969,4750,3069,1095,-7030,3645,6461,5251,12390,7716,26607,-321,-2573,7716,-1897
1/30/2023,1313,-2299,-2582,485,-725,-1696,88,-2299,-2582,440,-725,-3728,1055,-1290,-3951,145,-3545,-5121,1430,-4048,-1849,525,1777,23780,562,-1412,-1425,610,842,21041,440,-725,-1896,485,-725,-2009,485,-725,-2009,-1545,-5920,-5280,1055,-96,-12293,85,-3545,-8866,1430,-2095,-9761,313,-1107,3962,760,-571,-5577,610,1387,9183,64,160,284,-1159,63,160,284,-1159,-360,-6154,7740,338,4003,-3897,977,3150,3598,-1420,977,4035
1/31/2023,7446,-274,-3857,-177,-227,-3857,7136,-5,-3857,7201,-203,-2035,40,-3147,6476,4712,1145,2467,4905,422,5021,710,734,1680,1285,-2720,-1080,4429,344,6354,7201,-227,-2417,6516,-227,-2150,7136,438,-2150,-420,-437,-1825,40,-1310,-10666,4712,1145,-7539,4905,-2855,-1622,1342,2098,35765,1020,-1860,-698,3714,2430,36605,6429,-404,3030,-4165,6429,-404,380,-4165,8394,5018,551,3014,3563,6533,-2955,12253,153,-2040,-2955,7640
2/1/2023,165,5948,9077,10,6695,31736,1069,33069,11512,110,30070,10811,3220,7427,6534,3220,11058,13259,3035,7742,14429,3170,8339,56890,2860,4252,491,2810,8737,18499,165,2850,27481,10,6695,31171,1138,6670,33166,650,7610,7622,3220,34218,5960,3220,11058,33818,3035,7742,13827,3170,8879,23874,2860,6197,13143,2810,7334,20189,-268,24694,3904,30920,2385,26561,5516,29275,3845,32535,4904,71459,2710,48689,8097,40498,30399,966,5037,44558
2/2/2023,14159,12905,12589,3564,5360,12643,2410,5655,12617,4125,17740,12846,4394,1062,2542,4385,5970,22776,10980,10272,19806,3658,2750,6661,5954,2424,-1153,2835,2286,10468,13690,15110,13017,2855,5360,13179,2814,3448,12614,14552,12585,11163,5534,10145,26401,3755,8395,23518,10018,11847,36659,4713,4631,2654,10073,11847,37909,2835,3730,1228,1683,10170,13059,10421,2704,9828,3818,10671,4945,11261,6390,23025,9024,26856,-4570,15996,3624,2705,-4965,1494
2/3/2023,3208,-22,9558,2460,2330,9369,1937,-1080,9067,3045,2340,7773,648,1583,-5305,4206,1785,-2862,2179,1696,3667,2525,12725,17319,421,1649,-1555,2425,12725,-457,2205,1430,9558,2095,2330,9467,1190,-335,9713,1744,1805,5723,481,1149,-7712,4206,1785,-505,3685,2600,5847,2893,10017,4222,2425,-425,6412,2425,12725,2249,4645,3543,3660,3832,2504,3826,2825,6186,260,-4995,2548,-1078,1792,4603,3654,3305,763,-1965,3654,1364
2/6/2023,21,1864,1045,23,376,4289,-576,969,-530,33,1821,1282,-230,7756,14232,368,4672,3599,-540,7785,11670,4818,7798,516,24,3547,7589,4818,8758,-3112,33,1271,44,23,376,4463,233,376,4463,55,-2456,2142,-230,6916,14232,368,4672,3786,-540,7474,11828,4818,7799,-16207,24,5710,10121,4818,7798,-17654,1001,-2564,1293,-741,1001,-697,-1430,-697,8387,14917,14637,10871,5228,12596,5084,-2109,1074,17059,5084,-1184
2/7/2023,2741,4485,29919,4673,25281,50597,4666,25533,30424,5111,4798,32236,5859,1556,18746,6642,3878,27281,2917,4200,32993,3513,4369,14060,560,18030,3945,29214,3885,9294,4531,4485,48674,4673,5215,50393,4666,26442,56606,3484,3610,26016,5859,2611,21059,6642,3878,19133,5202,3765,52077,6506,4369,50070,4957,750,51466,6151,2630,46040,5820,51006,6273,34059,24724,36877,5745,50200,1943,9305,5565,34893,26549,32472,7914,16655,780,2700,7422,19754
2/8/2023,180,-83,-1318,-1000,695,-3094,-830,-311,-1318,-336,1693,-4791,1024,-4165,-5270,1490,4635,5598,561,9373,6734,2465,12149,10097,-346,-1555,-4855,7169,12743,19919,-105,785,-654,-1040,695,-3829,-1040,-715,-3829,1445,2015,-2024,220,1690,-8988,1375,5350,6528,-785,10484,11242,7391,3709,62671,245,10484,11213,7134,6250,59148,5877,1390,-821,-4877,5877,1390,228,-4877,-2170,-5784,13339,6787,5863,2920,7677,21741,-1847,-5000,7497,16966
2/9/2023,-80,-1122,2583,-520,49,4859,-760,-1282,2583,-80,199,3924,-1415,-4450,-5135,90,1385,-1105,-1507,227,-4597,560,9570,1654,-763,-500,-1160,920,7530,13291,-80,49,4029,-520,49,5403,-150,9,5403,-530,-2730,1186,-1415,-4350,-22850,90,1325,-2416,-1035,1433,-5009,-96,15429,4277,-825,-112,-316,1110,17115,6163,122,-2648,1445,1089,122,-2648,1095,1635,-4218,-5555,-1141,-7938,-2435,-742,-3183,-1540,25,-1330,-3183,-1540
2/10/2023,4556,6073,7505,4923,5438,14900,3322,-972,5021,3555,5551,13660,7087,7898,15638,6200,4220,7005,3750,1644,9438,2785,-1150,1875,2883,8993,5264,2785,307,991,3835,4576,6738,4923,5438,9920,4923,5062,5855,1305,51,11629,4155,8985,17831,6200,4784,7282,2115,1893,9149,4092,-11384,-21244,4415,2685,12439,2785,-7440,-17500,4051,10163,2858,9805,4306,10163,2893,8575,4180,11675,1786,4974,34,3884,2065,-2043,3374,2610,1455,-3456
2/13/2023,-262,-1005,-4195,441,-525,-3193,24,-1005,-4195,456,-525,-2808,-1905,-4460,-1043,88,4570,9329,-1660,-3575,10911,-1545,1530,-4657,-1495,-2540,-2485,1735,1530,-3603,456,-525,-2138,0,-525,-2589,0,-525,-2589,1471,0,2832,-965,9134,15113,1308,11456,11274,-605,10694,19813,-1617,1556,2136,278,10694,19569,-1810,1530,2178,3039,728,-75,396,1715,728,1165,-2014,-2493,-1518,4262,8309,10554,13413,-4286,-113,1412,-1815,-4286,-1780
2/14/2023,3537,4896,-5005,4262,3795,316,5589,6461,-5005,3972,2294,750,4486,14077,3934,4085,17313,13303,6103,5307,22031,9246,4757,26362,5197,6266,8974,9081,4757,24432,3537,4896,-1606,4262,3795,750,5589,6461,750,2625,2454,-1562,4486,14077,3934,4085,17313,13303,6103,5307,22031,9246,4757,50108,5197,6129,20873,9081,4757,45470,3494,-3572,4855,-2873,4481,-3046,5015,-2873,10934,9030,15159,19233,14920,20659,19474,30426,8854,9256,19099,30426
2/15/2023,1640,3083,4275,1402,1690,5411,-147,3083,4275,1379,1275,5411,131,-2392,-1359,3310,238,1578,-1784,-3670,6081,3156,2520,11467,-1293,-1555,-1325,3156,1600,12922,2240,1690,4275,110,1690,3641,110,1690,3641,722,417,-192,131,-1730,198,4145,2465,1578,400,-340,4475,3431,3403,14370,3730,-1260,2941,3156,1600,14351,1291,2793,1807,3194,1788,2994,1190,3204,2269,60,4106,816,1575,3516,4878,12769,-1840,5,3603,12769
2/16/2023,3062,4523,2126,3080,3423,6057,3262,3084,2931,4300,4018,6067,2145,7895,175,2615,3836,4890,80,1631,-6398,1625,5993,-1815,4010,75,4129,1625,4888,-913,3285,3963,2126,3080,3423,6057,2595,3288,6627,3575,5803,6569,3825,2828,-4290,3470,3140,-10425,80,2335,-13557,-611,5512,-37133,4010,1125,-9790,1625,4353,-35980,5513,-1222,2362,4112,136,11,795,4717,16389,-5085,-995,4983,-993,2130,2383,-3598,1823,5075,2383,-2413
2/17/2023,1578,2405,8627,995,171,11174,1655,828,7159,1533,1484,9904,2616,3712,-3330,2356,1528,2167,672,10545,1730,460,-6342,-3623,2660,8711,6893,-1045,-4347,-5097,1578,2030,9586,995,171,11492,1655,107,7599,-612,-759,7349,2616,3712,1347,2356,1528,675,672,10545,1784,-61,-4009,-6666,2660,10545,8243,-1045,-3727,-12310,7,-1053,1857,624,-393,6614,378,-1387,-3107,-6071,-1172,-5962,1017,-1260,933,-4905,4516,1226,933,-6570
2/20/2023,-140,1509,385,1425,1509,1824,1425,1509,385,-140,80,3329,-225,-1820,-2895,130,2600,4219,390,2735,4508,1275,4400,2129,140,-2110,-4155,1745,3505,3784,-140,1509,3329,1425,1509,3329,1425,1509,3329,-205,1424,3329,-225,-1820,-3880,130,2600,4623,390,3535,5158,2070,18570,30798,140,3535,5158,2070,18570,30798,-1145,-1733,-1145,-1680,-1145,-1733,-1145,-1680,-1095,-1285,-280,-50,-1249,-970,1750,-1275,-3010,-4155,1750,-1150
2/21/2023,-1475,-2316,-2924,1055,-2765,-2286,1583,-2316,-2924,-1360,-2118,2099,-1910,-4479,-6944,-1395,-3821,-3901,-1890,-4254,-6534,-1685,-765,13627,-1480,-2439,-3560,-1900,2066,14027,-975,-2041,912,800,-2041,2251,730,-2041,2251,-1390,-1021,406,-650,-7275,-29705,-1170,-5930,-6426,-1350,-6245,-19073,-2566,28,5302,-1965,-6245,-17204,-1040,2445,5556,245,4332,1229,5845,956,4332,2560,5845,-4465,-6116,-2623,-693,-1521,-5926,1411,-3571,-2159,-3555,851,6980
2/22/2023,50,2691,4144,480,2678,6163,-168,1891,4144,50,318,3447,3100,5161,13288,4408,7981,7156,992,12816,10890,1370,7766,4173,2099,1061,2676,795,-357,-98,50,3430,6905,480,2530,5125,480,1585,5125,765,1380,-296,2610,8745,21999,3895,7978,11210,-369,12184,21674,174,12314,5966,320,11134,22965,844,13819,5705,4870,6393,635,903,4870,6393,1354,903,4343,14701,7857,9697,2442,-619,5938,120,2079,2676,5538,115
2/23/2023,697,2668,7802,397,2668,9813,-1664,2668,7802,-65,3689,10470,1368,25,10268,1085,1538,5490,991,328,9649,187,1143,1641,2408,2132,5592,1417,2442,-3632,630,2668,10756,115,2668,11297,115,2668,11297,-704,2420,4291,1645,1316,7488,802,2660,-1220,2565,-90,2166,608,-2138,-8885,2155,-90,8205,1930,1275,-9390,3708,9324,8862,15625,3675,7064,5667,15855,1754,12148,2126,10967,2704,8539,6554,-4224,986,7249,6554,-2019
2/24/2023,2052,8375,1620,1610,5336,-690,298,7505,1620,3376,4659,-885,2225,4910,22875,2215,2756,9360,968,5661,5358,280,-2377,4029,490,2271,2090,280,-2457,1215,1635,8111,-711,1560,8111,-2935,935,7511,-2935,660,5491,4235,2225,4910,26621,2215,3002,15385,968,8901,17411,280,1003,-1001,490,8901,17392,280,-2377,-2700,4866,-2795,4528,982,6993,-2795,7401,982,1143,13223,-550,4238,1259,8867,-5608,-2945,311,2069,-5608,-3445
2/27/2023,1201,2834,3187,2645,2470,19,3343,3589,1386,2505,4562,-1159,85,-1577,8215,-105,-1835,5759,-659,-3909,-2522,2505,-6225,-5430,26,-1359,262,2655,-4007,-6636,2725,3975,-614,2695,2470,2200,2601,3436,2200,1355,1070,5273,85,-624,12598,170,-735,10456,-170,-4554,3706,2811,-6357,3647,150,-4999,4056,2090,-5605,3863,2337,4144,1920,-197,2337,4144,2275,-197,2953,12902,3100,2731,1582,-95,265,-6990,2318,-230,265,-7500
2/28/2023,2853,5254,350,3654,4299,3164,4538,4299,350,3008,5821,3753,3735,12745,20502,2886,12955,10479,3678,11708,13643,3840,14206,-2296,3535,8105,3742,4400,14080,-3428,2853,5007,-460,4373,4052,1989,4538,4052,1989,4814,2911,-2892,3770,14415,26178,2886,11966,12129,3903,14305,15650,5783,14206,-8034,3523,14305,12443,4400,14206,-3022,4120,-436,8365,4009,6020,-436,6673,4009,10090,10850,6759,-37,3282,10548,4111,-3984,4656,928,4111,-3094
3/1/2023,-733,2931,-171,-766,2039,-2183,244,3888,-171,-806,329,-1612,890,1674,2772,2045,6161,14560,1122,3659,7188,536,6323,9324,449,1012,203,536,6323,8597,-806,1954,-3694,-766,1954,-5165,1226,2809,-5165,-1388,5676,-6480,890,2552,7686,2045,6161,14560,-320,6906,8969,536,5715,7527,787,6906,9849,536,6323,8869,2819,-6487,-1711,-5837,2819,-6487,-2530,-5837,-428,6089,6453,16899,6903,5088,7171,23219,512,1281,7171,23219
3/2/2023,-425,1760,5220,-430,2530,6121,-430,1760,6480,-425,-2100,5779,-1600,-4329,-6955,-1305,-1862,-2615,-1665,-280,-7302,210,14408,29945,-1255,-1568,-4475,630,13355,25869,-425,2530,5515,-430,2530,6865,-430,2530,7485,-1535,685,725,-2105,-5755,-20950,-2055,348,-270,-2690,1728,-2062,-284,12586,6118,-2480,2788,-1235,665,14768,7632,-585,195,290,5522,-1002,290,360,5564,-3827,-7426,-1385,-3120,-3863,-7479,280,27705,-3008,-5640,-135,26374
3/3/2023,-1475,792,7619,-1600,305,8591,-564,792,7619,-1965,-220,8464,-1325,-3828,-6825,-1355,-3025,-1985,-1135,-4464,-6662,1900,4365,12220,-1047,-1754,-1620,1010,1576,17396,-1625,305,7595,-580,305,8464,-580,305,8464,-40,-3115,5541,-315,-6131,-15638,910,-3165,-1835,1264,-6430,-4446,1429,7311,22130,-335,-6430,-3812,1010,8423,24192,290,6308,685,8882,-615,6308,285,8882,-4173,-7438,-895,70,-1914,601,2045,15222,-2469,-1175,2045,15607
3/6/2023,-52,-917,250,-295,360,1115,-88,-401,250,-360,360,910,355,-3772,-6981,-90,-3898,-7265,-1073,-3554,-7488,3711,-3398,-4680,2979,-1,-2621,3940,-4260,-4680,1679,360,250,-295,360,1115,-88,360,1115,-1515,-980,-272,355,-6745,-17520,-90,-3143,-16040,-680,-7825,-15153,4607,-1877,-5286,230,-7825,-17500,3940,-3175,-4680,-265,1540,-170,2495,-265,1540,-170,2480,-4480,-4758,-5175,-4370,-6977,-5658,-111,-1026,-2720,6045,-111,1109
3/7/2023,-1474,55,-5105,-80,1381,-5713,-1095,555,-5990,-152,1095,-2977,-6,230,1292,-65,834,4395,-990,175,1474,2964,359,4771,31,-1114,593,615,-641,4435,64,-1405,-8310,-80,-1405,204,-1455,-1405,204,-3935,-3150,-7254,1287,318,1993,952,509,4395,165,1396,442,-1519,1620,9927,1130,2903,2313,560,3185,11207,-3812,-1844,-2354,-1727,-3812,-1844,-1292,-51,1355,2280,5005,4410,5493,9660,-300,12198,262,2488,-300,13202
3/8/2023,1529,9618,2767,2024,7296,3320,4204,3914,3364,1424,3028,-1099,5125,12399,19414,1020,7622,18933,3168,8965,14581,5125,9123,9575,3333,10136,7334,5125,9808,6872,1529,3067,1538,2024,6771,1602,2174,7837,1627,265,7506,6366,5125,12399,17571,1020,7622,18933,47,11936,11690,5125,5816,2322,192,11936,11960,5125,5468,306,2193,4253,2688,4497,946,5266,2761,2738,10152,12528,7001,14758,9179,7162,1435,7272,2454,6280,1435,-1494
3/9/2023,-750,-1610,-1812,-950,-509,-2494,-1121,-660,-1812,-880,-919,711,-1840,-3950,-6595,-1410,-3220,-7449,-1425,-4078,-6955,-590,-6170,-5610,-1470,-2066,732,625,-4480,-7160,-880,-699,-2617,-950,-509,-1899,-950,-39,-1899,-1340,-2634,-5288,-1840,-10090,-25059,-2230,-7935,-19948,-960,-10898,-25757,-834,820,-16351,-1390,-10898,-25303,530,885,-16855,-1109,-2576,-1109,-2218,-1109,-2576,-1159,-2218,-3765,-7215,-4495,-7390,-6785,-6870,-6038,-6965,28,-2250,-6038,-7490
3/10/2023,2042,-668,5370,1892,2746,8213,1249,-2159,7605,551,3712,6385,25,2574,8106,1015,1721,7631,1151,7025,4930,1030,5175,8420,65,4433,-1933,2299,4565,7033,1855,1905,3120,1892,3235,9509,1742,967,9509,490,1030,27,25,2574,7154,1015,1721,7631,1151,5881,2090,4179,5175,8362,65,5103,131,2436,4565,11526,4610,5972,4517,4723,4281,5972,5170,1238,587,14501,2375,5490,2961,14783,-1395,11544,593,1867,-1395,11342
3/13/2023,2161,2896,5253,2551,4528,1369,3111,4575,7145,2701,2983,1139,2794,1473,5899,2045,5259,34,1984,4906,3992,4773,-473,-3081,2747,3368,1230,4773,579,-4334,3195,4448,438,2915,4528,-17,2110,5844,3090,4665,2480,2496,4765,2635,15568,3535,5259,7152,2915,-260,3801,3530,3,-14788,1165,-175,4789,4773,-262,-8167,6053,5493,3850,7218,4108,5467,6774,7383,4993,11651,2677,3767,3051,3633,-264,-361,-553,307,1280,-2944
3/14/2023,6076,24448,8564,9341,7716,8045,9341,18882,8564,5906,20375,7945,5370,7647,8697,3010,11395,12134,15805,21248,7304,8326,17962,599,14685,17104,4198,8278,13342,-4983,5986,9296,8564,9341,7716,8045,9341,24486,8045,5471,7522,6863,12610,21493,32525,3010,17473,20185,15805,18870,30919,8135,6684,14147,15420,18870,39025,7575,14611,12743,16201,8008,5970,15910,16201,8008,5950,15910,13401,19193,27911,11845,17064,22026,20240,-5745,14242,4918,20240,878
3/15/2023,3161,2753,3366,977,2221,-970,684,-579,3366,617,766,-2238,3597,9155,15858,4692,6320,8052,3760,19279,16678,934,10630,9626,1665,4908,538,934,9950,9833,1082,1426,926,977,2221,687,233,570,687,-525,-2530,-5880,3597,9155,15858,4692,6320,8625,3760,19751,16678,934,10630,10884,3523,19026,12304,934,9950,11089,3281,165,2670,821,5071,165,2670,821,6637,10696,3241,8416,10736,10827,14805,16549,3485,75,13800,14028
3/16/2023,-1480,-2579,3005,-1720,-1290,3771,-1720,-2659,3586,-1985,-1888,3571,-1695,-3540,-6225,-1165,-3995,-5177,-1635,-3510,-6085,-1690,-2145,-5420,-1380,-2550,8,-2190,-3600,-3895,-2605,-1125,3194,-1720,-1215,3771,-1720,-1205,4403,-655,31,5374,-3115,-9520,-13095,-2540,-6405,-8595,-2855,-8795,-12757,-1665,-2712,4008,-2995,-7235,-11470,-1665,-2295,4602,-1748,5183,-250,5944,-1686,4483,-300,6117,-4405,-6710,-4470,-4002,-6656,-6548,5068,-1322,-6875,-1361,5218,3913
3/17/2023,1237,6584,899,1243,5757,3472,1262,7513,6052,1218,5417,6709,3430,5174,21312,3375,4488,19500,2268,4853,8461,-1080,6531,-4163,2076,2004,-1605,-460,6531,-6320,1218,6312,5483,1243,5757,6236,1243,6664,6893,1083,990,1402,3430,6538,26115,3375,11775,36433,2455,6696,22293,469,11730,30385,2455,6696,21508,-515,6531,38361,5416,5865,6015,6937,4868,5865,5020,6937,6592,18808,4780,15642,10299,11698,4016,-3900,859,-1055,4016,-4862
3/20/2023,1032,2004,3375,3311,3849,-1880,1255,2855,3375,1500,-227,-1654,1215,2477,3284,50,-1981,3323,-411,1769,5261,707,3807,-111,1548,2297,967,750,8690,-4839,3691,4530,2453,3311,3849,3770,1415,3849,3770,-1385,-2300,4825,1215,820,3964,50,2024,8507,760,2161,9371,-60,5507,19298,300,2161,7124,1330,4510,20257,10448,-1979,2473,-1070,9577,-1979,2394,-1070,164,10,10490,5354,-1166,-2070,4858,-6950,-529,488,5523,-7380
3/21/2023,1529,501,3010,1686,505,3198,784,501,3010,1831,-840,2741,-1640,-4240,-5141,-1160,-1336,-1366,-1950,-3145,-450,1350,290,8504,-1425,-248,3623,1350,8,6231,1831,295,8625,1686,295,3930,1686,295,3930,-300,-3285,-7165,-1740,-6400,-9182,-1425,-1185,-2376,-1230,-2980,-4101,1350,-7667,-3102,-1325,-2980,-3621,1350,-5285,-3312,6715,5906,3577,3778,6394,5906,4826,3778,-4119,-7459,-2570,-6241,1198,-3991,11108,-1654,-1707,-50,11108,-2359
3/22/2023,2873,18521,20800,21164,16888,20298,16603,20210,7364,5800,19962,4158,20220,17908,6145,21115,20486,18688,22456,4116,24591,18910,20407,8611,22928,1325,-1435,2725,19802,9146,6710,18587,6364,21495,18652,6028,21675,8082,21678,1400,20247,2638,20220,19859,34416,3990,22089,10793,6465,21475,10261,20124,18912,15347,6805,21075,7455,2725,19802,14829,32668,10830,4510,3852,3074,11053,19155,4217,15746,5922,4127,2611,10390,20970,12921,7716,61,-5380,9915,5116
3/23/2023,2490,4367,11304,2130,4564,11236,2130,4342,12209,2490,5254,8564,200,6141,-4077,2894,445,-505,4682,3655,-4476,3040,5250,-2302,2254,2578,2395,2100,4362,-4094,2490,4589,10529,2130,4564,10399,2130,4564,11304,4200,3867,12429,-80,555,1773,1105,2040,-3060,4980,9713,8496,4413,3659,28927,5535,2343,6762,2100,4120,29054,10168,20284,10168,18726,11043,20284,4239,16156,-1135,-2406,2390,-7461,1666,-3547,2155,-4693,941,2633,1755,-2410
3/24/2023,97,-2005,-3160,-565,-2985,-797,-367,-1775,-3749,-371,-2340,-1644,-1025,-4128,-6748,-525,-2235,-2564,-210,-4435,-1795,2055,-650,6490,1397,2481,509,725,48,3208,-371,-2615,-3281,-565,-2985,-1389,-415,-1345,-1968,-1315,-2270,-5205,-765,-4130,-13162,-525,-2235,-2897,-845,-3612,-10275,3115,3450,4589,-1315,-3917,-9504,725,3933,4131,-2584,-4947,-291,-2922,-2407,-5611,-955,-2802,-1752,-5779,-930,-1015,-1398,-2251,-1936,14901,-439,509,-1936,16953
3/27/2023,1275,7412,7636,1555,3808,6525,1016,2014,7767,1800,3808,3380,-284,-768,-5023,1505,3645,-1671,-1648,1800,4658,515,8490,9886,-1310,-1364,-4575,3510,5182,12057,1800,3808,3675,1555,3808,4572,1555,4603,4572,1795,10023,-8895,95,1635,4854,1325,885,7156,1505,3570,10800,2364,6531,24338,3495,3570,9141,3595,7230,27628,242,4188,730,4980,680,4188,2880,4980,-1742,-7143,-630,1300,3845,-3363,-5990,-5647,293,-4575,-5990,-5647
3/28/2023,1974,5633,4727,1810,2324,4962,3031,5633,4727,1675,2324,5805,2355,-680,-1318,2257,7334,2200,2705,10767,646,7564,156,-1952,7142,5825,3073,7438,10728,1203,1675,2324,11261,1810,2324,10030,1810,2324,10030,411,847,12258,2355,1430,212,2257,7334,3314,5559,6946,456,5000,4590,1253,7987,9639,-2252,7438,-177,-600,-1540,3436,-1149,2825,-1155,3436,-1424,2825,-209,-3469,6273,5379,9991,7310,2066,7976,3038,2863,2066,8971
3/29/2023,115,-3845,-4851,-1935,-2486,-2310,-1664,-3845,-4851,-1945,-2260,-2795,-445,-2265,532,-565,-2865,536,-1165,-1145,5811,265,-2023,6363,-385,-1580,-1405,-10,-2048,4978,-1520,-3192,-3062,-2530,-3192,-805,-2145,-3192,-805,-2160,-2895,-3265,-445,-2265,-3739,-565,-2865,-248,-1165,-1145,7672,-10,-1775,29093,-755,-1145,7123,-10,-1775,31734,-659,-1201,-2115,-1045,-659,-1201,-1040,-1045,832,-3142,-680,9,1767,10386,4906,5221,-266,-2098,4906,4279
3/30/2023,380,5327,5183,285,5713,3898,625,6120,5183,190,2936,3821,4153,4641,5731,1060,4942,-813,291,7672,-1089,830,-1052,-3884,1257,4475,2519,830,-525,-5142,640,6643,4536,1021,5713,2717,311,5713,2717,745,34,132,4195,5557,17309,1060,4315,6851,570,7070,8241,-418,-5282,-4189,749,7070,8241,830,-5205,-4098,3389,5315,1762,211,2767,5315,1055,211,-1225,6289,3361,-3191,1646,-1356,1325,-3137,3831,144,1325,-4039
3/31/2023,-1436,-4305,5459,-1170,-3265,5894,-1451,-4305,5459,-1135,-2910,3830,-1990,-4220,-6495,-1565,-3595,2404,-1615,-4485,-7490,-1695,1171,17054,-1480,-2200,-4360,-965,737,19310,-1075,-3265,6295,-1170,-3265,6974,-1170,-3265,6974,-1310,-5072,-498,-5065,-13455,-30290,-2970,-5890,-6606,-5385,-12955,-15635,2236,401,8310,-4660,-12955,-15635,6114,1377,6370,-2237,-1002,-1235,-774,-1937,-1002,-3220,-774,-3970,-7025,-4500,2429,-6856,-7738,1562,12539,-6290,-5235,1562,8512
4/3/2023,1088,3753,9826,1757,3159,10159,1757,3753,9826,1285,3050,6949,2660,6668,1653,4515,2730,-4708,2485,3931,-4765,1919,130,1357,3000,651,5966,2998,404,-1533,1285,3159,10816,1757,3159,8994,1757,3159,8994,1354,2686,2567,2660,6241,9101,4515,2730,-4708,2485,-81,-2342,2729,-9501,-22465,3000,-81,-2877,3354,-6180,-20458,2469,3093,4205,2246,2529,3093,4162,2246,-396,619,5444,-3336,591,-2952,2035,-42,1650,9925,2035,-42
4/4/2023,-1455,5253,3591,-1770,3729,6099,-1007,5940,3591,-1870,2865,2776,1570,2319,2475,2000,3295,14226,3062,9370,15722,2694,10862,9221,2859,677,1339,2694,17080,14835,-1975,4254,960,-1670,3729,1249,-1490,5279,1249,-2275,793,-1245,1570,2319,4145,1955,3295,14284,3400,9300,15722,2694,8538,58052,3184,9300,16493,2694,10862,58052,-3254,5461,1415,7405,-1884,5461,302,5035,4402,12538,8453,23502,5871,14646,8031,23922,142,4063,8031,23837
4/5/2023,169,-514,8228,-740,-1213,8863,-740,36,9224,220,-1613,11191,-725,-740,-6900,125,-3990,-2441,-1930,-3462,-4871,-405,-3881,-5277,-785,-1025,-1944,-1720,-1660,-7492,220,-505,11581,-740,-1213,11193,-740,-1135,10458,-355,1126,10411,-1170,-890,1321,-370,-4070,-1178,-2690,-6635,-4871,829,-11486,-15252,-2365,-6635,-6780,840,-8302,-15512,2245,3112,640,3714,1969,3512,520,5337,-1005,-6685,-1754,-4630,-1759,-3848,-6155,3396,77,-1560,-6155,3396
4/6/2023,-1021,-4378,-4342,-1990,-3640,-3484,-2253,-4378,-4342,-1800,-2705,-3319,-1870,-4485,-6483,450,-3930,-6293,-1990,-4290,-6600,-960,-2561,-5895,-1375,-2140,-2823,-1980,-3830,-6600,-2015,-4690,-4957,-1090,-4690,-3830,-1090,-4690,-3830,-2005,-5585,-4775,980,-6544,-18043,-705,-8720,-3335,-850,-9119,-8774,-1812,-12439,10849,-400,-9119,-7629,-2305,-11735,11338,-3682,-4586,-2580,-3000,-2847,-4586,-2130,-3000,-4165,-6933,-4470,-7200,-6753,-7409,-4592,-3045,-3595,-5755,-4592,-6865
4/10/2023,-725,-3196,-1937,-765,-2235,-2680,-27,-3196,-1937,-1055,-2090,28,-295,-1540,-4275,1276,-3130,-7445,-375,-4240,-5494,1056,-6165,-5785,-1385,-2115,-4375,1201,-4500,-7490,-330,-2235,-1947,-350,-2235,-1485,-350,-2235,-1485,-800,-2860,-3185,-230,-1349,-5781,1276,-644,-9569,-500,-4715,-13870,147,-2474,17405,26,-4715,-12304,1201,-969,14451,-3512,-3331,-4335,-94,-4117,-3331,-3425,-94,-3725,-6820,-4500,-7495,-6267,-7494,-5810,-7000,-2860,-5485,-5810,-7495
4/11/2023,290,4295,-937,480,6273,-1402,830,4388,-937,675,3983,560,935,2273,13422,1025,7539,21355,1165,7794,18910,2730,5648,3503,2495,5710,9080,5975,4235,5353,2955,4295,-3941,1205,5206,-1937,1205,5206,-1937,2470,3346,-2394,935,3017,27471,4410,9440,23550,1165,8889,31255,5090,1001,13334,2025,8889,35006,6065,4360,13334,1867,5394,185,6164,2312,5394,1135,6164,7091,9655,9527,10447,4377,10967,8222,2570,4828,6046,8222,3337
4/12/2023,227,2263,207,1725,3235,785,-132,319,207,1620,2624,-115,2294,537,-6288,530,-1925,-6754,1266,-4104,-6688,2101,2914,-6862,1325,117,-2822,884,2620,-8275,1940,4680,159,1725,4670,-2430,630,3930,-2430,415,1915,-9430,1480,-465,-3885,1474,-1570,-5410,2495,-780,-3482,1416,4151,-517,3444,-780,-6860,884,3980,-279,2579,1730,-200,-639,1841,1730,-736,-639,-387,-7430,-2144,-7309,1175,3438,-132,-5470,4723,-2817,-132,-4753
4/13/2023,-280,895,1255,30,1130,2746,-174,895,1255,-300,-560,2746,-1701,-4450,-6995,-400,-4354,-7400,-1964,-4491,-7490,-1740,-2857,12349,-1050,-2290,-4445,1560,-3340,-948,-390,1130,1449,30,1130,3144,30,1130,3144,-1155,-2745,2071,-1816,-12285,-22500,-930,-5750,-6325,-2205,-8575,-14680,574,-5682,6482,-1110,-8575,-13825,1275,-5170,6599,-585,2651,-60,3646,-585,2651,-2216,3761,-4495,-7487,-3960,-4713,-6959,-6326,3331,-4496,-2475,-1347,3331,-5097
4/14/2023,152,1676,5524,218,2638,980,-806,3018,5524,625,2528,1812,-535,-1235,-77,1300,2560,-835,1546,-2892,20960,118,-193,2979,1066,562,-1624,325,2338,1374,625,2708,6056,320,2638,1259,320,2638,1259,-970,5469,6539,-585,645,8534,1005,3760,-1410,1275,-1000,-1261,538,7033,-2884,1270,-1000,2042,1030,8296,-2085,-4628,-118,-2775,6286,-2648,-118,-1645,5646,5027,-2114,395,-4943,4195,-7484,10788,-720,4919,-1781,10788,-720
4/17/2023,2042,1845,1783,1447,1320,2683,1447,4985,1783,2070,991,3283,1780,4981,2523,1810,6512,-5004,4939,4846,-4011,1904,2674,5281,5154,2663,1701,3216,1653,-1232,1385,1365,3367,1675,1365,3336,1675,1009,3336,575,2062,2065,1780,1259,2553,1810,6512,-5004,3174,4063,-4115,1944,5662,6962,3754,4063,-6760,2481,5766,3160,1214,-220,2505,-665,-89,-220,3135,-665,4015,742,2335,-6141,4116,2376,1621,1885,3430,3069,1621,4251
4/18/2023,2460,6054,1610,3085,6594,3101,3450,6054,2073,2620,6594,6314,1854,6630,4195,1169,7377,5080,982,13951,7425,1905,3218,-3403,650,593,875,1845,3391,-6197,2620,6594,2202,3185,6594,3134,3185,6594,2525,1630,2909,5904,1929,5925,21085,1985,8568,4491,675,11390,16349,1874,11747,-7125,1720,11390,15369,1845,9347,-9678,5351,1332,5246,2214,5246,1332,4951,2214,2359,6279,3671,332,8821,8246,-2055,-985,1394,625,-2055,-5645
4/19/2023,345,2081,6954,580,2085,7321,420,2081,7098,505,1175,8529,-1615,-4245,-6640,-1210,-3470,-3436,-1685,-3625,-5904,1365,-5665,-4194,-1150,-2240,-4340,665,-3365,1506,505,2085,10254,580,2085,13079,580,2085,13085,260,2763,16072,-1755,-7935,-17655,1460,-4090,-3760,-2240,-9545,-6262,452,-9396,18063,-2265,-9545,-7790,665,-12740,18058,4173,9020,3238,6604,2898,9295,3238,6604,-4045,-5293,-2230,-3128,-3913,-6352,-6140,2108,-4050,-3350,-6140,339
4/20/2023,477,-120,181,1565,-120,-794,1565,-120,181,2965,-607,1362,-640,670,-3305,-230,-1529,7218,755,-339,-7483,125,4106,-1187,-510,155,4580,145,5981,8415,4130,-220,-1458,1565,-220,-1149,1565,-220,-1149,2940,-685,-112,-640,1428,7571,450,-2935,13795,755,-340,3043,-857,-537,34995,845,-715,5547,145,-411,37715,-1511,-2362,-1420,1377,-1047,-2362,-1271,1812,-492,1413,1648,3646,2293,-6593,4052,3582,3859,4580,4052,-4563
4/21/2023,137,-3575,-3346,-590,-3575,-3509,-1395,-3535,-3346,-510,-1642,-3553,246,-4310,-517,788,1400,3033,807,672,12311,-1170,-5775,-4189,987,-2355,17,-1170,-3820,-4335,-510,-3575,-5311,-590,-3575,-3553,-775,-3535,-3553,-1055,-2303,-4253,768,-3160,288,788,1804,3033,1670,334,11565,-998,-4385,29019,835,334,12543,-1170,-7735,29960,-2089,-6272,-1231,-4167,-2089,-6272,-1231,-4167,1439,-2012,4581,6935,8428,1001,3675,-5459,-2390,-931,3675,-5178
4/24/2023,245,42,-2782,-142,526,-4540,923,42,-2782,138,-982,-4540,-715,-855,-6385,-1425,-3029,-6385,-1980,-3049,-6385,-1625,-2645,-4557,-1495,-732,-4160,-2475,-1594,-6385,138,-2420,-2647,-142,-2420,-7323,-142,-2420,-7323,159,-3815,-7705,-715,-3836,-10613,-1580,-6510,-19365,-2215,-6496,-23379,-1095,-5704,-56143,-1565,-6496,-25440,-4335,-6200,-57311,3634,4778,-1760,2189,2218,4778,-1760,2189,-516,-5465,-2230,-6705,-5236,-7233,-6049,-6200,131,-4150,-6049,-6980
4/25/2023,-1125,-3528,-5419,-1310,-215,-3724,-2071,-3430,-5419,-1490,-1087,-4653,-1675,-4466,-6971,-1215,-3165,-7445,-1606,-4459,-7495,-1255,3185,12613,-820,-1460,-2793,-755,2765,13833,-1925,-775,-1721,-1410,-775,165,-1410,-835,165,-2450,-4370,-11090,-1100,-8755,-32145,-1650,-5860,-14600,-1450,-4978,-17722,-1837,313,8366,-930,-4978,-17206,-685,3015,10332,-308,-8744,836,2587,-597,-8744,860,2587,-3810,-7466,-4500,-7481,-6997,-7497,-1418,-1373,-2695,-2793,-1418,-539
4/26/2023,-561,-2355,11037,-190,540,3191,9,-2355,11037,-942,-2955,4844,79,-4176,-6975,315,-3875,-4415,291,-4035,-7498,-138,-6105,1994,-1027,-846,2554,-143,-2465,-2174,-700,1081,17363,-190,1081,10967,-190,1081,10967,790,330,7930,765,-2645,-7944,315,-4460,-4990,-270,-3842,-3436,609,3410,-9507,600,-3842,-3685,60,-3720,-20825,3239,732,3181,484,3214,732,3206,484,-3619,-6256,-430,-7432,-4920,-4929,-2144,-227,-1097,1819,-2144,-227
4/27/2023,-1044,-1061,-1183,-595,-1465,-941,-595,-1061,-1183,-1080,-905,4839,-1575,-4330,-6565,-1485,-4000,-7420,-1725,-3605,-7500,680,2790,21345,-1433,-2905,-4465,-60,-196,-2168,-1080,-1465,4960,-595,-1465,5626,-595,-1465,5626,295,705,5471,-5745,-17090,-34755,-4210,-10410,-11980,-4180,-8890,-15775,-1382,2421,24871,-4390,-8890,-14400,-550,2790,26874,468,3311,1115,4960,371,3311,606,6152,-3975,-7145,-4500,-7380,-6983,-7426,-3700,24105,-2235,-5310,-3700,22449
4/28/2023,-992,-708,-2052,-1980,-482,-2961,-1945,-708,-2052,-1745,-2635,-3570,140,1829,-3924,225,1570,3447,-95,2380,1549,95,1198,14987,95,93,3065,95,6174,12693,-2055,-250,-1339,-2255,-250,-1013,-1815,-250,-1013,-2295,-2325,-2745,140,1829,-6942,225,1085,3788,-95,2380,1995,95,1711,30211,95,2380,-1823,95,2841,31416,-1495,-298,-1341,-2480,-1536,-298,-596,-2480,-2147,-5895,-710,7060,-283,-1178,6732,12744,-1405,3075,6732,14255
5/1/2023,1421,1092,-340,832,-148,-1315,1507,1092,-340,1421,-753,-1315,1300,3565,16415,550,345,11850,-295,355,9447,-65,-6486,-4162,-390,1967,5553,-635,-3596,-4796,1421,-148,-340,832,-148,-1315,1507,-148,-1315,536,540,1815,1300,3565,31796,550,345,12246,-175,355,9510,1931,-8121,-37976,-210,450,10173,-820,-11682,-40616,-1069,6900,-3570,3299,-1069,6900,-3405,3299,2736,25810,-635,6568,-1603,10016,-4622,-3847,1015,9882,-4622,-3270
5/2/2023,3626,-2010,-1055,4380,-1808,-1272,2606,-1361,912,3551,-1245,-1917,2820,6385,3475,2970,2813,-3367,69,-1524,-3703,2585,-2858,-3792,2699,863,1123,-1615,-688,-5487,3551,-2260,-2803,4380,-1808,-3683,2495,-1725,-2346,5355,-2652,-106,3320,5765,6447,2825,4210,-2196,475,-65,-4239,1705,-18332,-27552,2430,-65,-4083,410,-16065,-30385,-856,-232,-10,-232,-1371,-232,-655,-232,3135,7957,2691,234,-639,662,-3617,-5314,1655,2586,-3617,-5299
5/3/2023,4305,1985,13865,1982,10083,13865,1488,2459,13865,6116,2860,6845,1875,930,7507,1790,-1400,15397,4282,1199,9800,960,-1301,7555,1455,2438,5083,1910,-2514,3127,6116,3440,14552,2822,10534,14552,3029,10044,14552,795,3562,773,1875,1670,8258,735,274,-353,4282,-376,3319,960,-6098,-17027,1495,-2181,1908,1910,-5931,-14615,3746,26,1969,4965,3917,26,1726,4965,5361,4990,20622,2935,7255,13334,13997,-1925,389,4675,13712,3832
5/4/2023,809,6755,4768,3153,3965,2456,3432,3131,4768,3433,8350,-1891,2505,9549,19429,1665,9595,6256,5382,4647,14614,3343,3735,-4968,5522,4935,3364,3100,2210,536,3433,8775,-1995,3153,6760,-6909,2583,2748,-6909,2303,3100,-6119,2490,10460,15457,1665,9595,6536,5072,6050,9668,1988,5562,-25684,5507,6050,11911,1988,6851,-25046,4982,4411,2288,4600,4982,4411,2735,4600,6770,13364,1666,4797,7268,4996,3440,-5899,2903,7483,3440,-4364
5/5/2023,-843,-737,2553,-1200,-1870,5187,-1200,-737,2553,-500,-1760,7713,-1725,-4500,-4740,-1480,-798,6781,-1880,-494,-6160,-1715,-5022,-4809,-1475,-2030,-1011,-2135,-2787,-2976,-500,-1870,8101,-1200,-1870,8518,-1200,-1870,8518,-355,-355,10856,-2525,-5265,-4444,-1185,-798,11218,-4340,-456,6194,-6077,-6935,14284,-3010,-456,9587,-4090,-5535,15420,-343,4746,520,2858,-343,4746,680,2858,-4485,-4987,-835,1724,-669,3403,-5640,-2998,-2560,968,-5640,-182
5/8/2023,-460,-4293,-4336,-1375,-3370,-4700,-810,-4293,-4336,-365,-2395,-5405,-840,-3750,-5966,-1020,-3600,-925,-1595,-4414,-7013,-1560,-4800,-3294,-405,-2055,-4590,-560,-4420,-5425,-365,-4915,-2166,-810,-4915,-1124,-810,-4915,-1124,-825,-2660,-3185,1427,565,-7815,907,-2220,-4490,-65,-2760,-6346,-2426,-11138,6269,2212,-2760,-7025,-2320,-11840,9320,-2729,-2345,540,-4108,-2729,-2345,40,-4108,-333,-7381,280,-355,2266,-5213,1309,-5740,-5000,-2832,1309,-3926
5/9/2023,565,-283,1852,345,365,907,2989,-283,1852,565,830,197,2124,1800,6054,1339,1379,3029,3417,2148,8357,-385,-163,-2961,745,190,1394,-385,-1945,-4200,565,365,-1312,345,365,-1771,2989,365,-1771,-620,-785,-1771,2124,2075,9896,1339,2523,6333,1827,3859,11678,-1387,7777,1801,70,3859,12622,-1124,7777,3076,7726,-2643,4461,-4430,7091,-2643,2475,-4430,10602,7962,7962,2749,13985,10797,6731,-4675,12129,4059,6731,-4680
5/10/2023,1592,6090,11415,-50,8813,8750,-190,5940,11415,839,5281,8818,-540,-2173,-3578,885,337,-81,1795,1627,7426,2104,4407,1744,2192,5661,4565,2104,4433,1855,819,7874,19114,-50,8883,10950,-50,8883,10950,619,2778,6197,-540,-2173,2628,2040,987,3507,-330,1808,14296,2104,4894,9800,135,1808,13922,2104,4407,10790,2242,9598,2201,5616,2242,9598,4623,5616,2614,9160,3583,11721,7224,9567,4100,-2186,5469,7688,3710,-4012
5/11/2023,80,1635,45,0,1104,-1849,316,2595,45,570,1607,39,-48,8936,5645,327,7552,5190,756,9137,2316,2625,3500,-651,1029,1281,1509,640,7609,-6113,570,1715,-1204,0,1104,445,-595,1104,445,-846,-1250,834,240,12993,7757,590,14722,5190,1285,11880,2498,-359,2610,-19664,1980,11880,3114,395,2849,-21026,1225,-322,2014,-1,1034,-322,1132,-1,9760,3553,8032,4411,6304,5573,-4720,-3670,1231,358,-4720,-4655
5/12/2023,-1485,2710,-2336,865,71,-3817,-81,2710,-2336,-89,1647,-4114,141,779,-4625,810,1985,790,1259,6682,15715,1333,-786,-1459,1387,-5,963,283,1989,-413,115,71,-2215,-426,71,-2215,-376,71,-2215,754,462,-1140,141,-614,3265,810,1985,790,1213,6114,18688,-983,10119,39521,1383,6114,18153,-360,6418,40603,-1532,999,4435,3554,1679,1849,1963,741,141,-6215,348,-639,4310,6475,-1995,5115,669,2205,-1995,6392
5/15/2023,-885,-4280,-3759,-1225,-4280,-3759,-1225,-4280,-3759,-885,-2260,-5555,-1895,-2065,-214,-1300,-3995,-6574,-1932,-2101,-2582,-1635,-987,-4269,-1425,-2680,335,-2155,-4390,-5855,-885,-5350,-5836,-1225,-5350,-5635,-1225,-5350,-5635,-1615,-4145,-6100,-1875,-4130,-6883,-2900,-6465,-6750,-3070,-4905,-4021,-659,-795,-5517,-2960,-4905,-7035,-1000,-780,-6434,-1502,-4859,-2385,-5485,-858,-4859,-2295,-5485,-4055,-4525,-4065,-2675,-5770,205,-5395,-1996,-6635,-2045,-5395,-3041
5/16/2023,216,-333,-5085,290,731,2780,-35,-333,-5085,105,2146,360,1215,323,-727,211,698,-912,2615,4721,-2469,3986,2496,4402,3377,2762,236,5216,5325,1222,30,2180,-5480,-35,2180,-4185,-35,-30,-4185,90,1965,-2005,1365,-522,3160,880,-1700,-5442,1930,766,-3490,6561,4468,-20950,3230,766,581,5075,3065,-18061,1406,-1273,-2254,-590,299,-1273,-239,-590,-1110,-838,-200,106,523,1051,2800,2079,4200,2083,2800,-2579
5/17/2023,-1130,-3439,-5873,-1400,-3262,-5375,-2277,-3439,-5873,-1705,-2405,-2999,3185,-4050,-6996,1495,-4100,-5836,2335,-4815,-8035,-385,420,406,1035,-1525,-1445,-815,1445,-310,-1705,-3505,-3832,-1400,-3505,-2839,-1400,-3505,-2839,-2070,-2940,-2271,3185,-5695,-13340,1495,-5625,-9586,2335,-6595,-12141,-815,420,2293,1035,-6595,-10890,-815,420,2293,-3216,-4586,-2555,-3195,-2499,-4586,-1592,-3195,-4485,-7498,-3280,-4384,-2995,-7682,4602,-584,-6315,-5595,4602,-704
5/18/2023,147,2110,-994,-255,2489,-3368,1212,2110,-994,-310,605,-1601,31,90,-5054,1370,730,383,-375,305,9825,1575,1012,19109,73,-1526,-780,2995,1117,18010,1328,2489,-2142,-255,2489,-3310,598,2489,-3310,-95,-1889,-822,1155,3020,5301,1370,98,2067,100,673,8226,3071,2630,15716,1155,673,8231,2995,2120,15941,335,-976,-449,-836,-431,-976,671,159,660,-5797,-1864,-3682,-1458,5595,187,18930,1153,-1245,-413,17362
5/19/2023,205,6174,4833,-210,7185,7003,190,7264,2556,-630,3811,5265,-390,2001,-5057,632,5341,-1071,3960,1780,8994,1275,-1181,-4868,3775,2540,-1395,1275,-1444,-5948,150,7345,9200,190,7435,11135,190,6720,8985,-595,4695,8670,-390,2001,-3340,670,5341,4617,3960,1080,8994,1275,121,23519,3775,1080,10308,1275,-2488,25204,4605,7836,1904,6366,2729,7836,2449,6366,101,-6995,-1056,-3860,4330,-5821,-6186,-3157,3927,-4490,-6186,-700
5/22/2023,1290,4865,-523,-390,4865,-523,130,4865,-523,1340,4845,524,3872,7017,7486,1685,5075,-3162,1201,5327,-249,1070,6069,-5119,1470,4006,-2595,1670,3281,-5319,1290,4865,-616,375,4865,-2312,375,4865,-2312,1740,5465,-757,3872,7017,14244,1685,6500,847,1285,6902,3036,1780,6309,-21705,1470,6902,1750,1780,6309,-21654,3321,-3918,-46,-4174,3321,-3918,195,-4174,2018,5443,695,-6257,4990,-6801,-340,-5760,2257,-2590,-340,-6725
5/23/2023,-668,-2273,-4564,-1223,-1872,-4667,-1530,-2078,-4564,-718,-2052,-8210,-1495,-3865,-6952,-85,-2017,-7405,-290,-3704,-6092,475,2590,-7677,-418,-739,-3835,408,2590,-8527,-668,-2057,-10038,-1223,-2057,-10155,-1530,-2027,-10155,-1430,-5190,-12330,285,-6835,-21305,-85,-2430,-9920,-290,-3550,-8105,1110,2597,-6369,-370,-2555,-5435,1110,2590,-4607,-2810,-5488,-2810,-5243,-2810,-5488,-3377,-6060,-3790,-6670,-4550,-7328,-6505,-5191,-4775,-6915,-4155,-4485,-4775,-6915
5/24/2023,2023,-38,3082,655,375,701,206,-38,3082,1653,1915,-3678,1225,3202,7983,590,-788,7347,1554,1331,15203,1540,-520,-2162,3050,4834,1735,3117,620,-1673,2263,-100,2564,655,-100,5000,655,-100,5000,-365,1020,1535,1225,1820,3036,590,-3558,1497,1588,-4201,11731,4243,-6330,6125,2376,-4201,6910,3117,-8440,4564,3199,114,-1528,-2369,-1123,114,205,-2369,2388,7984,775,8996,-3153,10345,-5912,-5479,2791,1163,-6302,-6274
5/25/2023,-1283,-2720,-2021,395,-2720,-3248,360,-2720,-2021,120,-2290,-4642,2365,5351,23958,1995,4354,17420,2695,264,23193,1420,3267,-5986,3755,-1101,1874,1930,590,-7091,120,-285,-4564,395,-285,-5033,360,-285,-5033,665,1373,-4208,2365,6114,23370,2030,4900,17131,2570,2808,23193,2071,3111,49000,3175,2458,23279,1930,3267,50105,137,-2262,-1945,-4347,-265,-2262,-1135,-4347,7898,20197,9072,20006,12014,21747,2295,-5795,228,1879,2295,-6675
5/26/2023,-1270,-2744,-4044,-1885,-2362,-4460,-2212,-2744,-4044,-1770,-1322,-4885,-1830,-4460,-6075,-1655,-3820,-3818,-1875,-4055,-7455,4595,8105,-5664,-502,-2340,-1720,4685,-1755,-7056,-1845,-3145,-4885,-1920,-3145,-4885,-1920,-3145,-4885,1620,-1527,-4635,-705,-4500,-15700,-2660,-3885,505,-1285,-1920,-5419,3529,8930,11927,-510,-1920,-6190,4449,10080,13890,2385,837,800,931,800,837,-1026,931,-3985,-7250,-3656,3712,-5843,-3971,-5538,-5665,-2753,-1155,-5538,-5592
5/29/2023,-585,1530,3940,-75,1530,3940,25,1530,3940,-420,1530,3218,-1180,-3020,1935,-1225,-2060,2218,-360,-4717,2735,-1180,-6215,3964,-1295,-990,3758,-1985,-5006,2020,-140,1530,7630,125,1530,7630,125,1530,7630,15,1140,7630,-1180,-7200,-1225,-1110,-8295,-4420,-1875,-10330,-9130,-4405,-15590,-25625,-1650,-10330,-9130,-4405,-15590,-25625,-72,2457,-890,3663,-1190,2457,-1040,3663,-320,3779,-615,-1745,-1595,-3123,-2260,-100,-1985,2760,-2260,-165
5/30/2023,-1300,1472,-1245,-1735,2922,463,-2000,807,-1556,-1790,1916,218,-595,2354,3467,1076,855,6021,-613,3116,4018,-1535,550,14123,-317,668,-1642,-1990,2843,2633,-1790,1737,-6337,-1735,1937,-2799,-2000,1171,-3409,-2590,-798,-8790,-595,2581,-635,1076,1280,8314,-262,3922,5575,-641,6876,29043,-15,3922,6515,-1205,3971,30850,971,264,245,1200,1012,298,-1546,1054,3551,794,1920,12257,4497,18270,3838,-1400,-556,327,3838,5067
5/31/2023,685,6284,9008,488,8856,10292,1622,7175,11551,-197,4116,8948,27,2741,15461,-74,-1305,-4132,1951,1242,1919,380,-1935,4459,3331,844,3031,-1410,-1195,2340,-2226,7521,9801,-1117,8856,10736,-1017,9111,9894,-3690,3060,6561,115,-155,20471,-74,-1305,-4132,1640,854,1919,-358,-1151,-28085,1590,854,1357,-1410,-1935,-26384,7183,6811,5999,5298,6349,4071,3960,5298,4599,11768,3152,-525,1056,6710,-1990,153,627,5381,-1990,-1337
6/1/2023,-1237,-1715,-1940,-150,-585,-3956,-341,395,-1940,128,-2155,-2318,-1885,-4454,-6170,2900,-2320,1995,-1930,-4473,-3945,3340,12917,-3940,-1128,-2284,2023,3395,3519,-4523,-172,1265,-4076,-150,1205,-7217,-1125,1205,-7217,1230,-300,-5617,-835,-1140,2030,3575,7050,9780,15,7385,7119,4905,1971,22916,295,6830,3950,3395,5925,24537,-2428,-5420,-2550,-5708,-2368,-5420,-3350,-5708,-4235,-6944,3360,16427,-769,407,8857,18911,-3410,-1741,8857,-3291
6/2/2023,-1035,-338,-3480,-860,-781,-3480,-493,-338,-3480,-206,-1940,-5401,117,4442,8057,-1035,-2345,-5787,-671,-175,-915,-1745,-5870,-4285,-1035,-643,840,-525,-3545,-6580,-765,-1133,-4453,-860,-1133,-6741,-360,-1133,-6741,-900,-2905,-4891,345,5929,4908,-1850,-224,-7555,0,1301,-2037,30,-1482,-34146,-29,1301,-3512,-1005,-824,-38479,-1936,-5182,-2591,-6182,-1936,-5182,-3070,-6182,3029,9711,-2483,-1679,660,-4096,-6000,-5500,-710,840,-6000,-7135
6/5/2023,45,-1460,482,80,1030,3420,-768,-1460,482,-250,-1400,2269,-425,3946,-3908,-670,3206,-7040,-470,4921,-7438,-245,-520,-4048,-455,1398,-506,1390,-215,1772,-250,-950,-394,80,-950,250,80,-950,250,105,2801,-410,-170,4452,4443,-276,3215,-1935,-470,1642,-13898,1254,2555,-40890,5,1642,-15849,1335,1405,-37491,934,635,-601,5404,-701,635,-1561,5404,3859,179,1341,-1854,3315,-2992,4540,9735,4368,-3454,4540,-5264
6/6/2023,603,678,1207,1555,1286,310,1555,678,1207,1680,-508,-310,2145,4984,13023,1210,1557,5421,2075,3923,4460,1470,2220,-955,2475,4333,253,495,-57,-62,1700,1286,889,1555,1286,887,1555,1286,887,1335,310,5247,2145,4984,12471,1175,1557,5489,2075,3923,6022,546,633,-39,2475,3923,6022,495,2085,-125,842,-339,272,1894,842,-339,647,1894,4724,9008,2218,2772,3273,6591,-1400,-4905,2519,2070,-1400,-5645
6/7/2023,-1327,-1939,-3241,-40,1015,-2027,-406,-1008,-3511,-745,-1086,-1624,-1950,-3650,-5398,-1405,-2536,-5900,-893,-970,-7774,-403,3201,6747,-1303,-977,-3430,-500,2811,8841,-705,825,-1411,-40,1015,-829,-40,1055,-849,-1090,-2185,-6292,-3230,-3650,-21010,-1660,-2536,-6000,-755,636,-6336,648,1876,10514,-1060,246,-3677,760,2811,12744,-3018,1318,-1950,3120,-4068,1318,-900,3120,-4445,-5996,-686,-22,-654,-6632,20,10363,-893,-3745,20,8195
6/8/2023,883,1500,2882,110,811,3173,658,1500,2882,65,811,3008,-470,-2759,-6810,-515,6046,-3658,-398,-2107,3512,241,4565,1153,1028,50,-4355,405,3880,3098,1450,811,2963,1475,811,3987,1570,811,3987,1850,1309,7951,0,390,4228,-480,3743,7971,300,3315,19030,263,3555,3793,-80,3315,21770,890,5660,5679,2740,1674,2938,2350,1285,1674,2033,2350,-3635,-6997,-703,5125,5004,9180,8992,-1655,-945,-5920,8992,-1655
6/9/2023,1160,982,6275,1310,853,6126,851,982,6275,1145,715,6473,392,3704,2278,535,3549,1555,75,1159,-5012,130,-1475,-5140,615,-758,1131,130,1350,-7390,1163,853,5865,1310,853,5414,660,853,5414,480,1665,9182,775,5632,10228,535,3549,4026,538,2610,5390,557,1043,-5269,588,2610,4566,130,1050,-4109,2406,1989,1090,4418,756,1989,1720,4988,-935,779,800,599,-3420,-5,-480,-6910,1836,121,-480,-6514
6/12/2023,-1450,-4402,-2814,-1875,-4020,-1438,-2047,-4402,-2814,-1930,-2300,-1438,-1520,-3535,-6990,-1415,-3330,-6925,-1575,-3650,-7488,-345,-4264,-1014,-1220,-2460,-1258,1215,-3495,-2165,-1130,-5120,-2814,-1875,-5120,-1438,-2505,-5120,-1438,-1505,-4070,-7678,-5150,-12195,-23010,-1305,-8150,-7325,-2120,-12785,-17739,-342,-4196,-10950,-1765,-12785,-16040,1100,-3525,-10199,-3627,-562,-3340,725,-3575,-672,-2595,725,-4100,-7420,-4470,-7450,-6874,-7492,-3470,-4930,-3610,-1258,-3470,-4500
6/13/2023,1003,107,9292,280,14,9364,360,-521,9292,2217,4,2104,1600,9477,25185,95,7106,13591,824,9700,12203,1332,3574,895,1875,5219,2456,5357,3794,-2280,784,-351,4769,280,14,-1047,360,142,-1047,1065,-956,-142,1600,9829,27328,1650,7061,17707,1125,6356,16086,3022,3177,-1126,1363,6356,15444,4240,3574,-3815,3817,2677,3801,4656,3105,2677,4105,4656,9702,10249,5434,8579,7622,13414,2135,-4659,-319,2461,2135,-3634
6/14/2023,5902,11989,15857,3681,13280,16623,6971,12110,18232,4911,9550,15168,6885,5365,15116,4157,4790,17786,4962,8548,30434,5448,11840,9808,25,4367,7177,5694,11840,11684,4630,12920,14530,3681,13280,16623,2202,13291,18098,10595,8896,8900,6885,8135,25300,4282,5000,22430,5232,4908,33773,11072,11840,27122,7192,5361,32750,14120,11840,29107,4738,13252,5593,11868,4993,12857,6103,12702,10442,13821,13378,13097,15521,12901,6901,12676,7303,9045,6901,14817
6/15/2023,-254,1671,1224,-340,1664,1796,-438,1671,1224,-1429,-866,1796,-776,-4495,-3341,-1325,-1993,3413,-918,-1397,-3700,-1310,1895,-462,213,-2700,-4425,-835,-950,-3207,175,1485,1224,-340,1485,1796,-340,1485,1796,-1310,1510,1030,355,-5290,-4116,-1325,-1993,4332,-782,-2785,1855,-1025,1028,12886,-1100,-2785,3476,-620,1990,15059,2795,-199,1368,1665,2580,-199,1368,1665,-3970,-6115,-1959,5199,-1570,6172,1020,-5514,-2711,-2720,630,-6019
6/16/2023,545,-3966,-5054,1300,-865,-4812,2032,-1856,-5054,430,-3522,-5540,320,-201,-6840,-580,398,-8802,-694,1618,-7165,2924,7102,-613,573,-1395,974,2924,5108,5571,545,-3730,-13343,1300,-865,-11865,1300,-865,-11865,45,-4435,-7038,320,-892,-19295,-580,398,-10607,-694,341,-13061,2924,8501,6822,1031,-49,-11720,2924,9260,7705,-853,-4340,-1024,-3289,-853,-4340,-1024,-3289,-4466,-7365,634,-4919,2815,-1319,670,11460,2799,1401,670,16575
6/19/2023,-205,3775,4205,-75,3775,4205,-335,3775,4205,-205,2775,4205,1985,7690,4290,2495,5590,5420,1170,6495,6767,990,8090,5159,2160,2680,-520,930,7165,6616,-205,4165,4205,-335,4165,4205,-335,4165,4205,-600,1700,4205,1985,7690,3840,2975,9305,9250,1170,10180,11935,1425,8090,23545,3675,10180,11935,1425,8090,23545,-590,-2205,-10,-2205,-10,-2205,705,-2205,3865,1795,3870,1005,-2445,-1663,210,-730,-1670,-510,210,-1240
6/20/2023,526,154,400,380,3202,410,-1890,1779,400,409,-2056,-1715,69,10470,9993,55,5439,701,-1119,9847,-731,-405,-5151,-3934,-1432,4477,625,-1745,-2201,-5639,289,582,1245,380,3202,950,-420,2220,950,189,3107,-3113,10,11958,19293,-185,5885,2560,-30,9040,8,-559,7136,-34327,-710,9040,2225,-775,1730,-33725,2092,-3156,-1580,-2093,661,-3156,-154,-2093,13146,11619,8460,-1920,8022,-2726,-3260,-2051,5205,5,-3260,-2451
6/21/2023,2898,2616,1510,3125,3567,3580,2242,2189,2250,4565,2601,1119,2088,3847,5975,1448,4811,6586,1194,3117,7742,3301,2421,-132,61,1943,1436,800,4109,1874,4200,4184,551,3185,4040,1740,3204,1810,1740,1255,4287,4550,1375,5175,9839,665,2352,8059,-149,3754,10110,2775,-2577,6461,136,3754,11421,800,-769,7150,6926,5518,6705,4684,5036,5689,7716,2560,1570,1778,-1546,3647,6926,2662,-2860,12888,1013,1436,-2860,11361
6/22/2023,1550,-43,-4580,-1105,517,-968,-1401,-43,-4580,395,517,-3905,-1491,-3182,-4538,170,-655,-3453,724,689,-46,460,-705,9144,-1310,52,18,435,-705,9917,345,517,-5705,-1220,517,-3380,-1220,517,-3380,-2345,-2785,-4160,-1305,-2615,-2821,170,-655,-2611,1175,865,882,358,-589,8041,-1095,865,-1013,435,-705,10380,4429,-5756,2755,-4788,4429,-5756,755,-4788,-373,-3162,-525,-2049,2889,-2349,1640,16835,1050,5849,1640,12877
6/23/2023,2400,-176,351,2173,1910,-942,2082,819,351,3267,455,1122,2760,4733,5593,2745,6998,-758,3170,1412,-3302,3130,-2304,-4600,3555,2129,462,3840,-1416,-5993,3267,1910,3375,2570,1910,1518,2082,1540,1829,3577,2179,3898,2810,6496,7106,2760,6153,-4198,3025,551,-8452,4845,-8548,-44251,2835,551,-9190,3840,-9483,-43415,4372,8379,6556,3455,2880,8289,3663,3455,5333,1828,6249,10302,3431,-4200,5980,-5163,5278,5346,5980,-5688
6/26/2023,-505,406,607,-730,1165,-318,-1250,1180,-2293,-350,635,657,165,627,-6120,-145,-1535,-575,454,1180,-5720,550,1242,-5225,895,46,-1510,500,1083,-7425,-505,1415,-3166,-730,1165,657,-647,1520,1894,-167,-865,-3309,165,627,-4840,425,745,2105,110,4515,-1640,-1203,7805,1317,895,4515,-1525,540,7450,2466,1424,2151,378,3878,1059,2151,-1112,3878,4335,-806,3487,528,4440,-3446,3824,-1423,5397,-720,3254,714
6/27/2023,-1480,-3690,-3208,-1955,-3555,-4692,-2470,-3690,-3208,-1985,-2980,-4556,-945,-3815,-5898,-480,-3505,-4376,-1830,-3945,-4907,610,-5391,-2746,-1460,-1904,-875,560,-3955,-1663,-2685,-2200,-2527,-3445,-2200,-1847,-3445,-2200,-1847,-2090,-1460,-8943,-945,-2980,-8293,-480,-3650,-6898,-3325,-3444,-4765,1153,-6436,7479,-1490,-3444,-4765,1065,-6436,9745,-3723,-2261,-3380,-2255,-3723,-2261,-3015,-2255,-3975,-6544,-1325,-3806,-2097,-4898,-4645,-5668,-1975,-875,-4645,-1021
6/28/2023,-718,2178,-303,-900,3236,1439,-463,2178,-97,-718,3241,5134,195,4969,16524,500,5695,7013,403,7082,4010,107,8296,7445,-187,1388,6352,107,8296,3536,-718,3236,-303,-900,3236,1439,-882,3236,489,-1725,-1925,6950,-180,4969,15722,500,5695,7013,-323,8748,4725,138,7060,-4282,-18,9546,11170,107,8296,-6424,1016,1182,253,2981,1016,7519,153,381,3417,21955,-415,16953,2689,10679,-4625,3560,1077,6415,-4625,2941
6/29/2023,457,2601,1345,505,1712,1475,460,2601,1345,247,2815,-297,1255,4322,19046,19,2127,9301,355,342,13763,-675,2670,-2314,285,1209,19,-675,-3180,-3747,325,1712,-1750,295,1712,-1175,295,1712,-1175,-390,1272,-3996,1255,4322,25391,19,4137,19117,355,1019,11391,-675,3720,-18134,285,1029,10607,-675,3720,-17676,904,-1319,-1590,-715,904,-1319,-560,-715,9723,19858,-280,7020,2865,11647,-3888,-819,4475,1540,-3888,-1178
6/30/2023,-447,700,-1367,2156,734,-2057,2196,-570,-1367,-860,1220,-1363,2295,6758,7852,105,4413,4994,514,3984,8233,3885,-3931,675,-585,195,-1101,3921,-2461,-671,-480,700,-922,2156,734,-1134,2196,-570,-1134,-1470,745,-254,2295,5483,15428,105,4413,3904,-560,3984,11514,350,-4549,-3069,-585,3984,11310,350,-3073,-3563,-5260,-4450,-4015,-4450,-4015,-4450,-2930,-4885,9051,3742,677,-1886,-647,3053,2991,-4714,515,-4840,2991,-5928
7/3/2023,653,-84,2830,-310,1370,2830,-150,-84,2830,-250,1370,4110,955,3,6582,-820,-3455,-5050,990,-1056,-2007,-1140,-4680,-5360,841,637,2668,-2140,-2590,-6410,-250,1370,3420,-830,1370,3420,-830,1370,3420,-775,-430,-1860,955,-1119,6582,-875,-6075,-8850,-1115,-4209,-2007,-123,-17524,-36156,-455,-4209,-4558,-2580,-18040,-38110,41,-1196,-765,-2173,41,-1196,-1925,-2173,2264,4167,955,-5995,920,2042,-3215,-2585,1835,3210,-3215,-2585
7/4/2023,330,220,3740,455,220,3740,850,385,3740,790,220,4115,-795,1950,6724,-500,2200,6214,770,1285,6020,1285,30,-1720,-190,-1895,2760,1495,405,-3490,1005,220,7575,455,220,7575,850,385,7575,-330,-595,7575,-1260,1950,6834,-500,2200,6214,770,1285,6020,2330,30,-6205,-190,1285,6020,2330,30,-6205,-1688,-996,-2420,-1070,-1688,-996,-2190,-1070,3860,4835,2085,970,2590,2785,-650,-2955,1265,4535,-650,-3015
7/5/2023,78,-175,782,430,-570,299,1029,1023,1669,180,2436,2678,1875,11711,12821,2140,8706,6423,836,7110,-2350,1188,8053,-4428,1330,3682,3588,1188,6408,-2009,1160,-748,651,430,-570,1061,165,-525,1111,700,789,7706,1875,11711,13372,2140,8706,8995,1010,7110,-3062,1188,8053,-5787,1330,7110,-3062,1188,8053,-5470,696,-2114,2538,-1614,3280,-2114,2978,-1614,19940,16751,19008,6759,13366,-452,3280,-3379,11261,5756,3280,-4017
7/6/2023,-440,-4259,-4566,245,-4013,-4189,475,-4173,-4566,-785,-1333,-3176,-955,-4350,-6708,-1020,-3970,-7476,-255,-3613,-7467,1135,-6469,-3969,-403,-2630,36,740,-4493,-5650,-30,-4724,-5366,245,-4724,-3323,230,-4644,-3323,-1075,-3670,-3087,-1795,-6625,-16794,-595,-6240,-8571,-660,-9124,-12374,-438,-3203,4908,-720,-9124,-12374,740,-355,6623,-2521,-6688,-2061,-6360,-2561,-6688,-962,-6360,-4145,-7273,-4215,-7469,-3138,-6925,-4890,-5346,-1984,480,-4890,-7478
7/7/2023,3440,762,4820,2801,1891,1528,1373,762,4820,3793,249,1159,60,-1095,3373,1652,-649,-1368,145,-129,-877,792,1351,5957,-145,2131,13510,742,2391,4278,3758,2862,4253,2801,2862,1964,3776,2862,1964,3172,1572,6284,-390,-1551,7351,1355,-1684,924,-230,199,-310,922,-267,32101,-165,199,824,742,1660,28115,1168,13886,2495,7457,2028,13551,2760,7457,-1620,8565,-3925,5502,4462,12923,-1202,1925,222,21107,-1202,1031
7/10/2023,831,6674,1437,1266,8371,3099,441,4426,2397,1878,5527,6478,1905,6163,7342,1090,6285,3120,802,5310,1382,4246,7710,-1468,955,4064,5906,4211,6905,-3143,1878,6455,4491,1266,8371,6184,1441,7620,5732,1310,1778,2816,1905,6286,9144,625,6285,3120,1285,4975,1382,3307,7710,15360,955,4975,2990,4211,7710,15360,3021,-2110,2862,-4975,3021,-2110,1342,-4975,2845,-3413,470,-1081,2762,3822,-1413,22,207,13,-1413,-2419
7/11/2023,1430,-1446,280,-751,-2090,2270,6206,-1925,280,684,-545,-670,-294,-1397,-179,4801,-2450,-5573,4200,-2956,-7475,373,-1330,-421,4841,37,-4498,786,-285,-2100,634,-1065,-1931,2000,-3390,-2452,70,-2390,-2452,-883,-4145,-5840,-294,-995,-1735,4801,-435,-55,631,1180,-6966,1030,-1371,-6409,4841,1180,-4345,1030,-1330,-7815,2099,-148,-2735,-4255,6708,-148,-459,-4255,-4217,-5608,-4415,391,-2135,-4756,1054,4058,-1556,-5995,1054,2651
7/12/2023,-440,-771,3775,825,-810,8029,1025,500,3775,-440,-810,1272,-225,3621,1334,495,3617,-3286,254,1287,-5623,-1445,-1297,-2135,-965,1283,818,-2380,-1297,-5046,-440,-810,1475,825,-810,1526,1025,120,1526,-467,-1600,-2588,-225,1383,6681,-580,3617,-5292,-1150,1428,-11297,-1328,-903,-26798,-775,2443,-12748,-3490,-1297,-29025,3060,886,2913,1289,3480,886,2465,1174,5802,15644,-104,-4060,496,7796,-5120,-2663,814,5003,-5120,-1446
7/13/2023,-1405,-4190,-2417,-1605,-4190,-765,-1730,-4190,-2417,-955,-2900,-765,-1750,-4415,-6995,-1450,-4000,-5469,-1880,-4445,-3787,-860,328,-194,-1495,-2480,-2060,-65,-839,5547,-955,-5010,-3703,-1505,-5010,-565,-1730,-5010,-565,-2455,-5635,-7745,-2825,-11845,-23640,-2065,-7290,-5069,-2890,-9910,-7497,-1218,-567,52879,-2815,-9910,-6935,-110,688,54630,-2293,1958,-2695,507,-1540,1958,-3160,507,-3975,-7495,-4395,-4405,-4982,-4712,80,8632,-775,-1710,80,8285
7/14/2023,-393,1434,-1473,-625,409,-1428,-361,429,-1273,-465,1145,-2328,-440,-2465,-5392,-441,-2595,-6735,-560,-2586,-7425,-795,-505,604,-1130,-1220,-2456,-1085,-1090,-3026,-440,1434,-1473,-625,409,-1428,-145,429,-1273,-1265,-925,-6660,-440,-2465,-17357,-441,-2430,-11615,-560,-2586,-16545,-1529,-1242,-13877,-1130,-2586,-16545,-1085,280,-13340,-144,-1315,-460,-487,-106,-1295,1450,-442,-3780,-6208,-4185,-6546,-3058,-4844,-3870,-1821,-1320,-1452,-3870,-2771
7/17/2023,-1213,-3627,1618,-1405,-4125,-764,-1803,-3627,1618,-1145,-2990,1150,-855,-4330,-6680,-365,2165,5594,-1824,-4873,2678,1035,424,11128,-459,-2200,-1356,1035,834,18536,-990,-4570,7322,-1585,-4570,8155,-1585,-4570,8155,-2360,-4970,5973,-855,-8433,-11874,-365,2165,10088,-850,-4630,12706,865,222,21038,-470,-4630,13922,1035,424,23297,-1507,-1976,-1715,-1246,-2232,-1976,-425,-1246,-3890,-7485,-385,4412,-1597,-3680,6173,-4674,-3325,-5685,6173,-5711
7/18/2023,910,3486,-1816,-675,3295,-1876,475,3486,-1816,835,3185,-1870,-1540,-4000,-7000,-1330,-3905,-7400,-1800,-4325,-7453,785,-4694,-5945,-1415,-2155,-4425,-135,-4000,-6165,910,3295,-1900,-260,3295,-1781,-260,3295,-1781,1160,2510,-420,-2220,-7250,-15424,-1615,-11180,-14340,-4290,-6840,-15179,306,-4963,29585,-3450,-6840,-14010,380,-2770,31883,1636,-2964,315,-2144,1636,-2964,1710,-710,-4350,-6645,-4410,-6595,-6987,-6908,-6495,-6855,-5695,-5845,-6495,-6855
7/19/2023,34,886,-5625,89,1035,-5625,89,886,-5625,34,-1370,-3056,70,5850,-2391,-595,-575,-2222,-1130,4805,-6464,-690,-6393,-3931,-670,454,-1763,-910,-4143,-7474,34,1035,-1626,89,1035,-2760,89,1035,-2760,-5,-1050,-1830,70,8075,10576,-595,-575,3801,-1455,4435,-2881,-1121,-10618,-2420,-670,4435,-2664,-820,-12313,-2359,-944,-5493,-1240,-3306,-989,-5493,931,-3306,2755,-3041,3450,-1914,-3300,-6999,-6350,-6979,2365,-1763,-6350,-6189
7/20/2023,-518,-1523,9252,-400,695,12805,-1100,-2280,9877,-295,50,11360,-1625,-2425,-6845,-1435,-405,-7270,-1762,-1853,-7260,-125,6390,1420,-1235,-1301,-4890,175,4900,510,-295,485,9957,-400,695,11655,-1100,-320,11130,-2325,-2375,-6545,-1740,-2425,-13265,-2025,-570,1295,-1810,-520,-3592,-1755,3908,3820,-1845,-520,-4280,140,5268,4249,3301,4834,4390,7026,3069,4834,3746,7026,-4020,-7494,1725,2902,-5500,-7701,-2262,-1190,-879,-465,-2262,-850
7/21/2023,1875,978,-410,385,1355,-1236,1588,152,-1559,-483,707,-551,-1555,2460,2055,2320,1975,3104,-1872,1569,569,-735,191,7595,-1246,2,-2830,-850,1469,7900,330,1480,-5312,385,1355,-5359,-15,1570,-5354,-1945,-1690,-7948,-1555,1700,2509,2320,3425,8108,-2315,2021,4193,-1424,1195,19178,-1625,987,4288,-965,2056,20645,1301,-3535,2711,-2331,1344,-3535,1246,-2538,-1556,-3071,-1313,-3310,-2775,-1472,1946,8630,2036,-2830,1946,11658
7/24/2023,524,1023,-3799,-219,-809,-4045,900,2045,-3799,-757,1610,-4136,4118,8394,5533,915,8280,-726,1886,8387,942,1301,1795,-3750,1965,-209,636,1885,4430,-5810,-914,-809,-14216,-219,-809,-16535,-159,1391,-16535,-395,-1769,-16535,3660,7560,11733,1010,7260,3400,1655,11527,5576,1436,2034,-15639,1506,11527,-189,1885,1795,-19657,895,-7183,-1191,-3895,895,-7183,-1340,-3895,3627,10785,1201,-450,660,-235,-6323,-5929,-1036,1709,-6323,-6735
7/25/2023,-1355,-3825,-2242,-1910,-3825,-1600,-2380,-3825,-3739,-1370,-2750,-2540,-215,1920,1635,-115,220,2755,-645,524,3740,-600,-2192,-3248,771,-315,3531,-920,413,-4419,-1370,-3928,-3556,-460,-3928,-4285,-930,-3928,-4285,-2000,-4693,-6250,-215,1895,7595,-115,600,2755,-545,524,3740,2889,3050,3741,-670,524,3740,-540,-2192,5493,2004,-4121,-3765,-4975,-3925,-3901,-2780,-4605,-2415,-1735,770,3207,1726,96,-4100,-4478,-600,3531,-4100,-5743
7/26/2023,7163,4402,21024,5793,5022,16693,4222,3313,21311,6660,3292,23243,231,2459,3465,845,5140,11004,315,4129,22970,2370,513,17311,615,2723,570,1535,81,13586,7295,5791,24198,5470,5022,27425,5000,6326,27425,5265,1056,19380,1071,3070,9281,845,5140,6899,315,1951,22870,2861,2609,742,615,1951,22210,1535,-412,1558,2997,16030,3304,22854,2997,16030,3349,22854,8085,14989,9701,20237,4071,21082,5340,8466,4509,575,5340,8279
7/27/2023,-440,1179,-2399,209,540,-2335,-494,-626,-2399,2250,1060,-1705,-1140,-125,6073,-755,625,-5820,1240,-3943,-6668,-831,4800,-7060,-38,-138,761,-731,3680,-7490,1180,2125,-2126,209,450,-4210,165,200,-4210,280,865,-5025,-1140,-125,-6332,-755,625,-9015,-700,1800,-10125,-1233,3902,-21339,-860,1680,-10916,-731,5025,-23710,-1879,-322,-742,24126,-1879,-322,129,24126,770,-6435,1090,-6987,-2480,-7082,-2975,-2482,1930,3377,-2975,16220
7/28/2023,1939,9415,1976,438,5311,1976,1123,8419,1976,862,6121,4825,1839,8936,1406,300,4250,-3907,732,5668,-736,-698,-494,-2445,2380,7784,69,-1962,3185,-3972,762,6776,4088,438,5311,4711,668,5261,4711,670,1786,-489,2305,8802,6501,540,3930,-2322,315,5352,6930,-806,3809,-11284,1618,5352,5153,-1340,-1140,-12242,4644,4502,5681,4803,4559,4502,4736,4803,8574,15147,2931,12059,2812,9700,-3674,-5133,944,2863,-3674,-4500
7/31/2023,680,5871,-1341,730,4918,845,1827,5871,959,1275,3805,-600,1055,880,1837,-105,8984,10799,773,10442,11359,1525,17677,7033,-359,9032,-111,1530,10666,8782,1670,4194,-4527,1975,4194,-3950,1975,4194,-3950,-835,-700,-6405,1055,4705,135,-105,8984,10182,80,9844,11133,1530,29716,27915,-155,9844,12672,1530,28076,28202,3902,-4454,-835,436,3902,-4454,1496,436,-1430,-317,3230,4152,2910,-3243,5001,-6164,847,-587,5001,-5349
8/1/2023,2740,4335,-3807,1895,2347,-3583,1275,1017,-3807,2705,3912,-4535,3790,8412,2571,2497,5035,-1474,3663,6162,7388,3866,1376,-1586,4383,-1530,3754,3866,-126,-2308,2740,4425,-6305,1895,2835,-7835,1275,1920,-7835,2729,490,-7835,3700,13965,11688,2497,5533,-1474,4492,6721,9703,3872,2791,-20656,4350,6721,10881,3866,-670,-19625,2308,-3444,2590,-2835,1228,-3359,1810,-2835,4034,1846,4617,-266,4673,5997,1295,-2863,2652,1506,1295,-4078
8/2/2023,2989,6760,10208,200,5305,10181,1295,6359,8831,1175,7895,3779,1878,1793,-6365,1030,2782,19569,-930,4663,21841,53,1024,-2571,460,143,-4090,1025,-3075,825,1220,6405,1535,200,5305,10374,1295,5210,9928,923,1002,9111,310,2408,2920,-1270,3118,22407,-1825,8850,24080,-2420,15931,21365,1165,8852,25510,-1735,17904,22676,2639,-168,2393,-737,2396,-168,2393,899,3956,-6360,7676,16019,14604,15765,814,30451,-333,-4085,814,30657
8/3/2023,145,2459,-423,1490,1726,5415,9,-49,-423,1367,-2390,5415,3920,7135,7249,3235,6030,1274,9788,8320,16470,6300,-2260,1087,6598,1535,2427,8250,-245,-4663,-169,1726,353,239,1726,984,-2164,1151,984,-1855,1195,3096,3920,7819,17209,3235,6030,-1,8440,5239,16470,5351,-3061,-16526,8545,5239,17825,8200,-6110,-19245,-3700,2117,-625,2940,1625,2117,-3320,2940,5100,8849,6335,5872,1294,5170,3678,-6493,6499,4381,3678,-6413
8/4/2023,6062,516,-1448,3477,595,656,1713,-1143,2164,2429,-220,744,-1520,2265,1777,2769,-786,-1560,2220,-2557,-7484,4042,1550,788,2077,-1411,14537,3712,2490,1423,5354,175,-439,3477,595,580,1684,365,840,1569,335,1956,-10,2558,5906,1880,830,-1560,1687,552,-5639,3152,1422,-13618,2207,552,-6420,3507,1550,-13314,389,25387,1855,9472,929,7333,1760,6536,-623,944,4132,1403,868,-7480,12340,37854,2849,3978,11930,36874
8/7/2023,-427,28,819,-170,19,148,-5,-504,819,-635,-1191,1959,-1675,-3573,-3167,-1180,-3344,-6835,-1715,-3515,-2937,-1690,-5990,-5902,-1220,-787,1919,-1550,-4403,19564,-635,516,4230,-170,19,6291,-5,19,6291,-910,-3402,-470,-2180,-7233,-14885,-1620,-5434,-4200,-1715,-6892,-7011,-2613,-11549,49129,-2220,-5782,-8641,-1950,-10745,50927,-1689,-2026,-875,-1410,-832,-4733,-1675,-4290,-3297,-7260,-3795,-6485,-3334,-7082,-4294,15916,-417,895,-4294,15737
8/8/2023,58,2199,1412,273,2199,2322,273,2199,1412,58,1874,3579,-78,-3492,-4755,1834,-2302,-5210,-598,-1596,-4703,3619,-247,1699,405,8032,16,1569,1051,-1814,58,2199,6035,273,2199,6035,273,2199,6035,30,1282,2130,-285,-2450,-20034,2640,-2160,-11799,-1130,-2731,-15941,2990,-1664,-38092,-105,-2731,-19143,3840,2992,-32213,3028,3428,1900,5034,2687,3070,140,2988,-2612,-4046,645,-6955,-1535,-3793,-774,3656,6728,16,-774,4324
8/9/2023,5396,6305,4641,4529,5135,8820,1679,5095,6107,5396,6366,12167,2723,-2521,-2969,2501,1685,1423,1905,2127,2050,2475,2900,2157,1518,3626,-60,2455,1410,615,5396,6545,11172,4529,5135,11822,3850,5095,11867,4509,10162,13562,2241,1273,5871,1641,1140,34,3396,3565,2157,3271,2370,-2998,3151,3565,3465,2545,3475,-2735,6850,11511,7311,12970,7339,11511,7401,13755,4052,141,1755,3425,771,-3416,2910,-4023,2127,4018,2910,-3822
8/10/2023,3430,2165,-3543,1770,2602,-1311,1825,5414,-3568,3135,3375,-4212,1010,5025,-849,445,4994,-5730,1113,4426,-6760,3788,8760,-5535,598,1272,-780,3863,7790,-7450,3430,3895,-3543,1770,2602,-3756,2613,5457,-3541,2045,4465,-4447,1010,5025,-6631,445,4994,3140,890,6240,2299,4053,3959,23642,845,4159,2701,3953,4782,25628,2766,-2731,2270,-5873,1024,-2731,1644,-5873,4434,3081,2921,-7140,7547,-5925,4436,-6935,-2670,-4140,4436,-6935
8/11/2023,1550,1063,68,1410,-1626,406,409,2096,68,1600,174,358,-1680,2742,22952,-585,-2426,4669,-140,1845,9860,-85,2131,2038,225,374,4693,-590,3008,-514,1600,-196,-4652,905,-1411,-4185,-510,-1411,-4185,1955,479,-1036,-1365,4506,24364,1525,-4286,3798,-140,2188,20308,-801,-1442,1498,-280,2188,17875,-1020,-2304,29,-85,-1397,326,-3985,326,-1397,781,-3985,6645,24118,525,-2781,1077,4779,-3495,-2450,3515,10978,-3495,-2740
8/14/2023,-1405,1491,598,-1515,3170,1051,-300,1088,598,280,2419,-903,1665,3803,-1083,2620,1951,-4778,261,452,-3406,-110,2521,267,-1028,-1950,-4770,705,2265,2068,-145,3170,-6135,-300,3170,-4959,-300,2131,-4959,321,4701,6466,1940,4733,-4350,3769,3623,349,95,592,-3976,-277,803,34569,235,592,-2027,935,1950,36189,-1866,-1576,-1524,-2279,-1916,-1576,-1524,-2279,-4156,-1991,-2451,-4358,-920,-3937,2801,444,-2221,-5295,2801,1118
8/15/2023,-730,-1115,41,-1640,-710,971,-1755,-904,-1919,-1200,-605,-342,309,1709,-3730,20,2088,1489,-1908,270,3319,80,4935,5562,-1380,-84,1180,80,2660,6585,-1200,-605,2629,-1640,-710,596,-1755,-75,-1310,-1725,-3085,-1164,45,1745,-3483,20,714,1744,-365,1459,3739,80,4171,73411,-40,1459,3667,80,5625,75893,2255,7087,2885,4189,3593,7087,700,4189,1040,10925,1850,11377,9819,16490,21845,21562,2906,3617,21845,24360
8/16/2023,-135,2374,192,967,1572,-1005,389,2374,314,275,756,-2885,1400,4740,4839,1060,5777,-7365,674,4189,8958,660,1013,-5995,-1034,-686,-2290,310,-4370,-7495,-135,1986,-1693,967,1986,-5255,-480,1986,-5515,190,136,-6398,1400,5398,4473,135,5984,245,716,3150,1502,452,2907,638,1106,2230,2575,530,1935,3460,144,-2187,1515,129,-309,2484,4306,1894,6171,1960,4130,-6275,4450,12965,-4105,-3170,836,-3300,-2325,84
8/17/2023,557,-1723,-4628,-440,-373,-4413,-440,-2626,-3418,-28,-615,-4170,48,-228,-6807,678,-1723,-7455,248,-2263,-7479,395,-737,-901,-154,137,896,340,-1045,48,122,-373,-5892,-440,-373,-3396,-440,-638,-4314,887,-1718,-4931,48,-611,-2660,678,-9,-1398,313,-304,2314,541,-38,5136,-120,-304,1531,340,-128,6306,2696,-2121,1217,-2835,3791,-2121,1210,-4136,-3664,-5174,-3755,-5380,-4694,-4098,-1046,3097,-1597,-413,-1046,3221
8/18/2023,-204,1477,15673,-14,860,11137,302,1477,14180,-99,860,11137,-725,-3520,2306,1834,-2841,3710,749,-714,9361,2430,7918,11399,1379,-2500,-1887,2430,10091,19441,-310,860,15933,25,860,15718,25,860,14429,-765,-685,8469,-725,-2775,-5080,1815,1685,8105,1745,3708,12932,2491,9433,34651,1510,3393,13380,2430,9358,76900,3548,15616,3325,4429,4458,11740,2925,4429,2005,4713,6872,15718,4139,13117,14609,-2890,2859,-1058,14014,17869
8/21/2023,913,813,5254,525,2427,1362,172,813,5254,1470,3556,5563,4,-4072,-6371,1552,-3930,-5307,-1932,-4568,-6317,2505,-3271,10106,52,-2325,-3118,2335,-2744,2289,1310,2947,2806,525,2947,5019,525,2947,5019,-1850,495,3614,590,-8660,-14311,1255,-4145,-4527,-1665,-11925,-6009,807,-3544,-6369,0,-10975,-4922,2140,-7535,-2748,-1072,7506,1205,6629,-1072,7506,1205,7089,-4327,-7303,-1903,-6146,-4969,-6421,2491,-3957,-2170,-2918,2491,-3717
8/22/2023,-903,7718,664,1390,7421,2507,-87,6320,-1849,955,5746,-1664,3868,10877,494,1695,8871,3098,2855,12701,17206,2303,11404,6119,1933,4212,873,1728,7497,17472,775,7678,-3163,1075,7421,-673,660,5844,-518,900,4348,-4205,3815,10877,3245,1695,6826,1185,1763,13174,17575,3339,16435,20247,1620,12309,18000,1728,15857,21195,784,-726,2018,27,784,-726,1873,27,8169,6156,6971,2192,6258,7500,6256,-813,1526,1558,6256,-1732
8/23/2023,3322,-709,27,310,-420,-1255,46,-709,27,1485,-604,-4559,655,-2925,-1974,1690,-1965,430,3435,-1885,6159,5260,6398,-3168,4496,-2530,-4530,4400,2429,-4144,3645,-420,1310,-1130,-420,-4375,-925,-420,-4375,2215,1300,-4740,655,-310,6135,3340,3110,12201,4635,3538,12265,3015,5825,-1210,4190,3538,12911,3880,7648,-8610,-1749,-2754,-2165,-2832,-1749,-2754,-1045,-2832,410,5560,7130,2032,3615,3273,-3173,-5725,-2600,-5695,-3173,-5725
8/24/2023,-185,-2144,157,-675,-2025,1646,-2396,-2219,93,-555,-2200,2291,-853,-3185,-6928,-665,-2236,-6941,-1591,-2109,-7040,-1260,1589,5290,-450,-649,-5100,-1260,-1341,7323,-185,-1700,-592,-675,-1685,1756,-430,-1775,1120,235,-2555,2121,-841,-2795,-11523,-665,-2074,-7861,-450,-2131,-6478,-1374,-459,4913,-450,-2131,-6321,-1260,236,5535,-2680,2590,-240,1855,-3485,2590,-420,1420,-4167,-7392,-3967,-4906,-2178,-3067,3816,-2580,205,-2569,3816,-2580
8/25/2023,394,7377,-554,-1390,346,2187,1280,4909,4282,720,1536,1229,2047,4900,8698,3235,5714,7857,4625,6181,9321,5691,5063,1880,2215,2465,8777,5691,5429,8226,360,2733,-860,-1390,346,2715,-1320,1738,-959,-490,10,-5661,2230,4900,9861,3365,5714,3452,6310,6136,-2194,5600,-1763,-3495,5555,5651,-6704,5691,5555,-2138,3192,-874,2264,-284,4433,-1955,771,-534,8248,13895,3475,5932,7837,3630,-497,481,1449,2251,-612,-2945
8/28/2023,6137,5037,6422,1603,3777,8858,689,3956,8889,6341,3167,9278,3407,2760,9322,1612,5325,8265,4688,-1524,2516,1165,-582,76,2758,4712,7908,2425,1469,1836,7386,1145,16425,1603,3777,13366,3332,3289,13366,3275,3031,11135,2165,2760,16594,1612,5325,9690,1742,-3552,3693,1205,-7277,8580,1577,-3552,6615,1217,-7543,8726,2644,3933,3840,4066,3715,3933,3065,8291,4984,11318,3503,9714,3032,13196,5938,4553,7334,8813,5938,4684
8/29/2023,-1227,953,-1172,-1710,645,-1590,-1710,888,-1172,-910,185,-1590,-780,-3590,-5277,-500,-2965,4978,-1792,-2989,1440,15,10736,9850,68,-1505,-4420,60,9116,7830,-875,535,-1557,-1710,535,-1975,-1710,470,-1975,-1875,-4690,-3575,-780,-8230,-6340,-500,-5095,4805,-1720,-5835,5200,-831,6798,11928,175,-5835,5224,60,8487,12875,-3705,-4168,-3025,-4549,-3247,-4168,-1799,-4549,-3605,-4581,-2470,5246,-842,11585,6654,10469,-2161,-4300,6654,4742
8/30/2023,595,-516,-2506,595,-424,-2374,595,-516,-2506,595,-2925,-2188,580,5394,9926,1300,3808,8589,722,2744,5155,1785,4118,-128,1435,1134,1790,1785,4118,-2018,595,-424,-6164,595,-424,-4459,595,-424,-4459,-375,-1326,-4900,580,6623,20279,1300,3808,8521,925,3323,5944,1785,3693,-20264,1435,3323,7665,1785,4118,-19192,-1189,-1486,-1509,-510,-1273,-1486,-381,-510,-1047,5974,532,8092,-1612,3399,-3200,-2762,242,1976,-3200,-940
8/31/2023,973,1976,-1746,1180,2726,-1627,2147,5810,-2006,1495,1620,-2483,1479,12079,3769,1905,9723,-811,2111,9562,-23,2122,8102,-720,1231,2142,2058,2122,7905,-2042,1495,1881,-1746,1180,2631,-2730,1180,3327,-1785,385,4898,-4294,365,13145,10682,1010,9723,-1923,2420,11161,-4743,1952,3651,-11730,1345,11161,-7264,2122,2391,-11576,2030,1936,-102,1936,2675,1936,-133,2799,9643,8683,7124,703,7927,-1519,1575,-640,5032,4292,1575,2645
9/1/2023,1580,218,-1570,1345,4294,1083,1516,3905,2778,1070,505,-351,945,2591,2343,570,1277,-4712,-604,2747,853,625,3527,-4622,356,132,-2190,670,-2619,-2076,1070,691,-3690,1345,4294,783,1455,4000,3263,-2365,2050,2320,945,-213,91,595,214,-9362,-235,907,-3795,631,4425,-13196,145,907,-6674,670,3197,-17439,1489,1645,4342,4795,5540,2102,3136,4080,-710,641,5131,-1144,-453,-1481,1688,1098,993,1521,1688,7463
9/4/2023,115,-1366,-663,-895,-1380,-1320,-127,-1366,-663,310,-595,-440,1310,296,4481,1275,2781,5976,1836,4358,5644,1795,1826,3142,2176,121,957,2290,2396,3239,595,-1380,-1819,-700,-1380,160,-700,-1380,160,35,-600,160,1310,736,4097,1275,2781,5387,1085,5311,4835,1555,7528,20379,1425,5311,6773,3350,7596,23710,-59,-4015,715,-1675,-59,-4015,585,-1675,2030,4851,1470,4091,1181,2341,998,5130,224,5649,998,5530
9/5/2023,933,339,-2938,56,-1375,-2167,-124,339,-2938,1575,-1126,-4949,-595,939,-1134,1090,1873,3012,479,2490,1526,1670,3605,-3007,2622,1196,128,2045,-508,-3907,1425,-1460,-10265,145,-1460,-12469,145,-1460,-12469,985,-3845,-12825,-325,1269,2454,1440,1873,3012,300,2490,1526,2656,6220,-22395,600,2490,-1045,2045,5427,-26236,374,-3447,-1190,-5564,374,-3447,-1730,-5564,3928,396,2785,831,5371,-3132,3742,-3089,1655,133,3742,-3089
9/6/2023,300,1992,3781,2000,1580,5865,552,1794,2268,50,2202,5777,1218,1528,-6755,3190,-582,-4284,2363,-885,6309,2795,-4746,-4263,3705,243,-2295,3720,-357,-6561,115,1762,5557,440,1580,6101,440,1580,6101,1810,865,3847,1900,1210,-8129,4470,-1592,-4101,3315,-2387,10547,3492,-1700,43506,4825,-2387,11864,3720,2807,46133,3255,6125,2988,3982,4314,6125,1941,3982,90,-4950,1908,-7300,-498,-5065,-1214,-4344,1014,-2285,-1214,-4670
9/7/2023,-1093,1070,124,-632,179,1438,-1198,1070,124,-627,-1246,1488,105,-1689,2037,1614,1303,13511,170,-3008,13827,2399,1169,15306,-1155,-1028,-2061,2954,1379,15886,-75,2150,2405,-125,2150,4440,-125,2150,4440,-2580,850,2475,105,-3206,-3689,1699,925,6233,170,-1660,9055,2589,1582,29921,125,-1660,9672,2954,1169,29164,-2763,5808,-3310,4565,-2763,5808,-3260,4565,2560,1205,8919,15161,9421,13590,10180,12366,-2776,2522,10180,10255
9/8/2023,-451,113,194,-500,-165,-2672,-350,-190,1123,130,-629,-1537,-815,414,-5190,-780,-153,-5899,-704,1839,-6354,25,-1839,-5185,10,805,-864,25,-1839,-6035,130,113,4233,-500,-165,2309,-350,-190,3439,-1835,-2385,-1575,-815,2243,-5104,-780,-153,-9964,-810,2522,-11908,25,-216,-35670,10,1902,-11908,25,-1839,-35670,-1625,726,-1350,-441,-1955,726,-1822,-441,-474,-4926,-1358,-1600,-5135,-5012,-4100,-6504,-2513,657,-4100,-6562
9/11/2023,1935,-3092,-6000,30,-2983,-3588,68,-2983,-6000,2065,-1718,-5951,-988,-4422,-6985,448,-3968,-7378,-896,-3525,-7442,555,-850,-5998,-655,-781,-2246,555,-818,-8449,1930,-280,-2896,30,-1313,-5183,30,-1313,-5183,1130,-991,-5643,-1000,-5448,-12980,-305,-768,-14538,-2985,-6590,-14467,508,-283,-19659,-1690,-5930,-16326,555,-831,-18029,-1226,-6893,-800,-3559,-1126,-6893,-3390,-3559,-4375,-7428,-4365,-7489,-6993,-7633,-6265,-7858,-3758,-5645,-6265,-7493
9/12/2023,-378,-1339,659,-85,340,-2801,-85,-1104,659,-480,50,-2257,-1800,-1846,-2811,-1290,-1416,-3863,-1735,-3777,-9130,939,2079,5537,-1270,-777,-1945,1679,133,8517,-635,-1297,-2058,-85,-1197,-2182,-85,-1197,-2182,-520,-870,-7463,-1725,-2476,-3051,-1290,-1748,-2537,-1490,-3031,-9520,1760,2429,10299,-1050,-3031,-7176,1679,3245,11547,-666,1689,-425,2084,-666,1689,-776,2084,-3713,-7420,-2273,1511,-5272,1311,1677,3694,-2292,-2541,1677,3766
9/13/2023,468,663,199,205,-1005,-1565,352,199,199,565,-1510,-2125,3455,5230,12551,2261,1185,5446,1897,8410,-242,1960,-721,-3609,1849,3685,790,1960,588,-6899,765,-1005,-6027,435,-1005,-4161,905,-1469,-4161,710,-1195,-3821,3550,6280,22257,2396,868,6840,605,8902,6705,1483,996,-36311,190,8902,8433,1960,1220,-35979,2694,5403,127,7375,1915,7832,127,7375,3343,17690,-745,1553,-569,1948,-1339,-5205,3907,7,-1339,-6457
9/14/2023,-267,-38,-5081,390,540,-5973,923,1421,-5081,37,-2985,-5821,892,-263,-495,2370,1455,1380,2017,3480,-7085,4084,-3475,-5974,3755,-1150,3,4149,-3909,-7455,-153,-518,-9042,1020,623,-9391,1020,870,-9391,-368,1217,-1315,845,2570,724,2370,4219,-1930,1768,4086,-4031,4021,-3579,-12444,3597,4086,-5923,4149,-3475,-11576,-1358,-4462,-1463,-5370,-1358,-4462,-368,-5370,3347,761,10801,2910,3649,-841,-5020,-5903,2145,-705,-5020,-5615
9/15/2023,-720,-173,-4363,-405,-788,-3161,-911,748,-1950,-720,-1765,-3556,-1165,-2316,-4924,-355,1006,-1046,111,4192,-4866,-100,2409,1851,-1395,398,-1500,735,-1168,2223,-720,-1020,-3844,-405,-788,-2885,-660,-168,-2453,-475,-5025,-5462,-1165,876,-2027,-740,462,211,-1310,3018,-457,1437,-952,-11660,-1165,4103,680,260,-383,-11170,-2369,-3205,-1170,-2756,-2369,-3205,-1170,-2756,-2753,-1198,-3292,6316,-4543,14870,-6335,17236,-413,1823,-6335,16936
9/18/2023,-255,1761,11976,-262,1623,11911,-481,1549,11976,-340,1073,16136,6280,5338,633,3095,-1431,8997,5744,4937,732,2565,-5334,-4409,5375,8100,471,2605,-4334,-6133,-255,2073,20065,-262,2073,13535,-481,2423,13535,120,-452,11486,6280,7209,12307,3095,-1431,8997,5744,6692,2616,2605,-4297,-42577,5375,6692,109,2605,-4586,-40983,3424,13648,3552,15821,3418,13648,1067,15921,4945,7271,-1510,3531,-3428,-2819,-6264,-4690,1929,5591,-6264,-6137
9/19/2023,-86,863,740,-1680,609,-128,-2205,4191,177,48,-1170,121,1303,-1544,-3213,175,3765,413,-1991,6341,-5223,-810,-2426,-975,-1496,2089,4236,431,-2221,-2506,285,-1134,740,-2205,609,96,-2205,2522,-104,1280,440,-1599,1710,-1945,-3110,1827,3325,-114,-735,7199,-6258,864,-1765,-18603,-530,7199,-8123,790,-854,-12018,915,-2906,2440,-2750,3881,-2686,1316,-2750,2246,-1767,5676,-304,8951,-5517,-6445,-3744,-134,2729,-6445,-1320
9/20/2023,74,2882,-5952,-15,4402,1580,-493,2679,-813,20,-2435,-1607,45,918,-6940,1049,3357,13173,-467,6290,12153,924,5917,3916,205,4274,-1530,530,9734,5808,20,3893,-6296,-15,4402,-5582,-15,4035,-4787,-220,1335,-11089,-675,1920,-955,1004,3357,13173,-938,7090,10769,670,7423,17625,-620,6475,7649,1744,8365,17682,-5116,1168,-1824,-6938,-4445,283,-3144,-6938,17852,-6065,3288,9499,20723,14710,23253,2454,5001,-1525,22588,2229
9/21/2023,25,2719,-1002,1335,735,-2253,1274,-1473,-1296,1035,1022,221,60,129,-6159,15,-2286,375,262,-840,-9311,-360,929,-1615,15,-652,5964,-360,3114,1347,25,1022,-2271,1335,356,-2324,1335,-745,-2114,-425,1675,-6700,60,129,-7278,-390,-1879,-5178,3,-1431,-10584,-360,90,-9678,25,-1431,-9393,-360,871,-7510,2573,-3949,1295,-3677,2573,-3949,2430,-3677,-1726,-4994,-3842,438,-4140,3065,-2305,-2582,195,1140,-2305,-2660
9/22/2023,3622,-872,2962,8097,5004,3144,4495,-1518,1477,8032,2194,2412,2040,1875,9179,3218,5373,-5684,6376,729,-256,4405,16924,5330,2508,2954,3318,5332,9356,902,9619,869,6962,9136,5004,3676,9436,4035,1911,2710,-1570,-3225,4102,2450,2974,100,5634,-3209,6376,2795,-1058,4773,20053,-19293,7020,1900,-2440,7316,22615,-23900,2637,3874,5334,4275,3937,3754,6504,4375,6481,16115,3718,8326,1944,1429,14868,10006,3272,3790,13648,1254
9/25/2023,1060,3707,5872,210,2212,4667,370,517,7472,1060,585,8228,2918,3620,474,-25,200,-4422,1276,-1391,1068,815,-758,2851,4485,2391,-2669,1260,-877,4316,1060,1423,-55,210,1398,3197,210,1398,3197,1090,6095,1404,1015,-398,9632,-25,-2285,4602,295,-90,13020,2048,-1896,22021,570,-90,14083,1260,-758,4197,6989,4795,54,3802,3462,6395,-1410,2202,-85,7194,-11,-253,-4318,2516,-1855,940,-1238,-1978,-1855,3480
9/26/2023,963,410,-5873,1160,66,-5974,832,410,-3828,1678,1085,-7369,585,-242,1652,2240,4157,-3614,2190,-284,2306,2493,3657,14624,2185,-1410,-1985,2473,6036,-1667,1720,66,-3612,745,66,-1070,745,66,15,-605,-3900,-8945,585,1918,6257,1980,3277,9793,2190,357,13050,3225,15941,15245,2475,357,13549,2473,17495,16993,-702,-1059,-2309,1099,-2234,-1059,-1187,1099,3445,3604,3925,-965,5334,1581,19415,1569,1691,-1985,19415,2683
9/27/2023,3373,4144,4701,2065,5220,7240,2232,4346,4701,3586,4139,12641,2438,4560,7056,4870,7210,14550,3363,4930,24251,5400,11384,2702,1741,4168,1809,6477,9095,13403,3586,5094,10765,2065,5220,14391,2232,5220,14391,4912,6742,6214,2673,4745,16550,5703,7210,14550,4681,5360,21777,5213,17988,21938,3516,5360,21589,6477,19697,19712,1910,11790,3070,10190,786,11790,3410,10190,4511,10858,3453,9580,3151,16593,2130,-1507,967,1189,2130,29820
9/28/2023,-1325,-563,-5031,740,439,-4954,740,-563,-3818,-101,526,-4386,900,-567,-1683,250,1635,-24,730,206,-5205,624,-2050,-547,110,-2328,-355,624,-2695,-6078,-1035,439,-12076,740,439,-11075,740,439,-11075,-2030,-1464,-10316,900,1855,8095,250,3945,8362,730,1900,1327,624,365,1667,110,1900,2508,624,1245,1664,806,-2048,548,-3154,70,-3001,-582,-2829,3527,2063,4189,-1224,-2115,-5074,-2404,11730,-2180,604,-2959,-6470
9/29/2023,-1480,-2180,-3358,1033,-405,-1278,-1435,-1572,-2743,-1970,-665,-4561,-845,3412,-6459,-830,2368,-5795,-1459,-2730,-7479,1030,-2730,567,-890,-2690,-1652,1030,-2355,-766,-2290,-1145,-4004,-1490,-405,-2750,-1335,-265,-2895,-1550,-1940,-4422,-845,2460,2695,-830,2710,-3735,-1640,2819,-2189,187,1248,7882,-1175,2819,625,1030,2910,-2414,3473,1945,5163,1644,5689,1945,4133,-34,-570,-6950,1580,-5003,1641,-5048,5248,4894,-1714,62,5248,6313
10/2/2023,4341,-613,7281,3023,14347,3980,5131,12054,1766,3337,-147,5751,9442,8211,3199,2734,6670,2229,7553,4330,1595,4299,3940,4353,5129,3800,5317,4299,3940,-3352,3862,-187,6618,3023,14347,2892,2812,12329,3797,3031,221,17202,9442,5449,13973,2734,6098,3935,8017,9424,7522,3413,2517,7546,7957,9424,11014,4299,3940,3577,5396,3881,2973,7281,11794,3433,10186,3752,7314,2025,4954,261,6336,1361,3800,1497,4331,3369,3800,8635
10/3/2023,2198,782,-1708,1940,608,-1459,819,2243,-1708,1050,5647,-1459,-1619,944,-3054,-1495,2898,8420,-1656,5521,227,-1710,12735,-2651,-1445,-837,-1405,-2495,8611,14157,3615,4682,4545,-130,4526,3945,1100,4516,3945,1090,3033,3748,-1900,-60,-2341,-1935,2898,11326,-135,5301,1864,-2019,16057,46609,-110,5301,2004,-1960,15335,48043,1974,2899,4049,4354,3907,4922,-1965,4963,-3627,406,1838,9931,3494,9842,-549,28092,-1046,-3684,-549,28308
10/4/2023,1888,3969,2769,2138,3884,-3126,2404,4853,2549,1888,3129,-2391,-150,5964,3876,1032,5405,4646,707,2107,2974,285,5445,2849,2,1167,-1542,285,5346,6209,1888,3524,662,2138,3884,-2919,2215,2132,-3139,-937,-3045,-102,-150,6289,13022,2230,5405,5508,1217,1995,4537,285,4881,10465,365,647,3867,285,5295,11519,1244,801,-560,905,2751,581,2547,905,3009,7385,450,4148,75,2428,1610,3555,-1699,1020,1220,1745
10/5/2023,-882,8504,7530,-2325,8129,3449,-2031,7640,6462,-500,8010,6421,3879,6037,-4524,2730,7237,-6105,2762,7677,-5502,725,-2037,-4330,3274,1540,-1787,10,-350,-6656,-520,8038,7530,-1845,8129,9242,-1845,4846,9242,1060,5515,2906,4315,6072,-3589,4350,7087,-9370,2760,6908,-7907,4508,2139,-43184,4187,6908,-13235,3705,-2874,-42520,2735,2201,5579,-3480,2962,2201,4582,-3480,5678,-4726,5973,-4144,7352,-6830,2428,-5200,3003,1968,2428,-5110
10/6/2023,87,-1389,-4050,-860,-2915,-4150,-525,-1853,-4050,2095,-2890,-4680,-1945,-4440,-3584,-430,-3925,-3645,-1905,-4470,-7200,-695,-28,-4134,-1270,-2470,-2710,-1020,-4450,-6021,2095,-2890,-4826,-860,-2915,-6875,-525,-2420,-6875,1985,1005,-5206,-1315,-6350,-14150,-1450,-4650,-4385,-3630,-6735,-537,-1995,-4565,-27183,-865,-6735,2185,-1640,-8000,-25261,-3080,-4372,-3080,-4115,-3080,-4372,-3080,-4115,-3730,-6975,-4445,-7497,-6370,-5485,-2372,-3470,-2890,-2460,-2372,-3470
10/9/2023,-468,-1614,-6698,547,-2129,-5545,252,-2824,-6698,2570,-2885,-5980,2172,2822,-284,1660,1295,1260,1365,1835,428,1975,339,-1675,1060,-1539,1897,2766,499,-2563,2652,-1855,-7228,942,-1855,-6405,904,-3065,-6405,-795,-4610,-7620,2172,2822,1299,1660,1295,2085,1365,1835,-239,1965,339,1230,1060,765,79,2941,339,2100,-662,-6357,695,-5311,-454,-6357,-2060,-5311,765,-6557,-1750,-4364,-1852,-5818,-1359,81,-445,-116,-669,431
10/10/2023,1706,2853,2676,610,993,2676,1342,2853,2676,496,933,2676,1515,1419,1577,295,1623,-5106,670,2944,515,285,1923,-4580,439,1597,1115,861,1223,-4325,496,993,2676,610,993,2676,1610,993,2676,1055,3348,3021,-10,1850,-254,295,1680,-10536,-45,3095,-1543,3057,6182,-16005,-270,3155,-5800,895,4255,-18410,-430,-465,-400,-465,1620,-465,-1055,-465,-136,-2047,-470,-4430,4018,950,5970,6828,472,1755,5970,6828
10/11/2023,2705,1337,3012,2418,-365,1261,3576,956,105,3260,1826,4880,1445,941,-1536,3901,1915,-5568,2331,8331,1605,2565,7388,9158,1310,4541,7235,2565,6272,8557,3245,1881,6785,2760,-365,9731,3405,-365,9652,1040,220,7243,1445,941,-3821,3901,1915,-2812,1805,6752,-2286,3038,7587,-7303,1670,6752,-2302,2565,7388,-3401,5305,2461,3387,5735,4623,2461,2422,5735,5056,-3493,6523,-4538,4157,-6180,5427,6061,983,4095,4922,-164
10/12/2023,1076,-853,-5188,1684,-1396,-5500,1863,-668,-5203,2660,-17,-5835,2910,3159,8860,2645,3251,-1885,-103,5467,-5637,3318,2749,-5952,2847,4521,5588,3475,1215,-6195,2660,-1107,-4206,1684,-1396,-4648,1229,-1241,-4998,2741,-2365,-7083,2910,6287,7843,2645,3245,-2283,290,6713,-5200,4778,4638,-32326,3035,6713,-7060,4370,3254,-32595,4226,5299,2750,5074,3096,4954,3880,5419,1169,4682,2950,-2055,-1325,-6680,-602,-1136,822,5432,-602,9254
10/13/2023,-550,4117,-449,-14,3325,1147,-590,1036,-554,-298,1338,2670,-145,1097,2,-975,4805,-3279,1338,5182,3733,1125,18228,-3950,-615,-752,-2593,880,12613,16467,190,3325,-557,535,3325,1147,320,2548,1042,-1705,-360,-35,-145,1255,-291,-475,4805,-4270,2053,6956,3793,1535,14889,24327,1593,6566,3816,880,19963,19359,1095,-6128,3248,-6382,-1148,-6128,2413,-6852,4325,4138,6538,4261,9809,7610,10514,12815,1111,-2579,10514,9615
10/16/2023,-168,413,-298,-845,-1605,-298,1506,385,-298,-1570,-530,-298,938,2439,5114,30,2562,2682,4468,4837,3100,4780,20134,-3270,4966,3010,-4530,4780,17971,-2583,-1345,-2160,-298,-465,-2165,-298,-465,-2165,-298,-1385,-4290,-540,705,2648,8278,30,2889,3915,3118,5430,13678,4547,19142,-56,5093,5080,13132,4780,20134,1116,-97,-3463,1835,118,-97,-3463,860,118,2046,3396,3648,-2166,2091,-4527,8376,1320,966,-3665,8376,-1281
10/17/2023,149,4766,4261,225,2738,-3625,1329,4766,-4777,89,2513,5133,687,1305,3792,1172,2528,-950,170,1039,-4060,195,-4105,-5775,685,-183,-1835,-834,447,-7485,1639,2738,6238,175,2738,2913,225,2738,4033,1095,1397,-1984,830,2985,6987,2234,-1335,-6500,164,195,-8017,2674,-5419,-47855,74,195,-8975,1780,-8675,-50170,2909,-4903,695,-1815,453,-4903,2369,-1815,3077,1811,-3100,-5820,-3453,-6386,-6208,-6975,-798,-1537,-6208,-7320
10/18/2023,2048,2719,-2498,485,170,-1640,610,-1317,-2498,2578,9902,-859,920,3028,-5296,1310,11873,2646,667,10122,4499,2390,11470,-4326,1219,1155,-1940,2300,10598,-3891,2403,959,-2498,485,152,-1450,610,-1253,-1450,650,845,-1577,920,3028,-7095,1310,9551,1790,1180,10122,4499,3431,10887,-1126,1680,8887,1184,2300,11576,-188,7172,10000,4527,10893,6182,10000,6580,9613,3021,-5503,4526,810,10744,9957,1086,-777,3425,-1940,1086,-777
10/19/2023,6260,9798,20025,6445,9084,12079,7101,11164,20812,3822,9215,14892,6463,6220,16444,4922,10952,12377,4885,4111,9333,3972,13243,17074,4860,5104,15455,3612,11753,24631,4921,9025,20025,6445,9084,12079,6595,8875,19519,4257,10414,13524,4232,6220,3795,4922,10952,11004,4384,5423,29476,5556,11706,11974,3473,4148,9252,3612,11778,13511,8878,17111,6327,17781,4955,16463,5148,15331,5403,12090,7209,11846,7663,17626,8868,15035,4960,3685,8433,15550
10/20/2023,537,2834,24,395,3192,1259,334,299,24,990,4479,7492,532,2058,-136,2180,2050,6475,185,-2767,5861,1695,40,4258,115,-551,-495,1695,-50,10060,990,4479,2214,395,3192,3247,209,2729,4068,691,2582,1878,1020,1556,-144,320,2050,9942,270,530,6376,1695,1824,35203,575,530,6678,1695,290,35292,5726,4270,4793,10825,2994,4230,6108,11180,-819,-4843,-754,11717,-1276,7056,2364,28718,2557,-495,1914,30585
10/23/2023,383,2644,-1968,-1925,5358,-967,-570,3084,-1968,2373,3543,3279,1060,-1832,-3735,290,3415,-1669,-115,1101,-1754,1349,4434,-1804,445,-1119,-3100,1728,4434,803,2088,5358,6875,-196,5358,9389,-196,4878,9389,1723,5343,11772,875,-4920,-11375,-360,3391,-4444,440,1391,-3326,3254,5368,6427,120,3611,-1994,2520,4434,8214,5167,13620,5035,11029,4979,13620,2070,11029,-1531,-4575,-631,-185,3247,-2200,2076,-6291,-652,-196,936,-6291
10/24/2023,749,3652,9713,1230,6032,5473,606,2138,9713,775,8658,6313,2550,640,-3377,787,1907,-507,838,2367,-3893,4295,14034,-3605,342,2009,4866,3940,11339,-5224,750,8473,9713,1230,6032,6313,1230,6032,6313,2829,200,2653,2550,1035,-1850,3282,1637,-6108,3347,3266,-7828,2769,10546,-26196,2090,3266,-5466,2492,12120,-25350,5053,10737,10016,8612,4160,10737,9571,8612,-2433,-4169,1372,-343,1252,-5856,6811,1463,770,5531,6811,1388
10/25/2023,-195,-2283,-2836,650,-1734,-3244,440,-2515,-4548,-805,-2349,-4407,-1625,-1327,-6557,-500,-345,-3276,3536,-2648,-9177,2480,1471,18383,1400,-1866,-1766,4455,-3543,1135,-195,-2372,-4685,650,-1734,-3188,440,-2400,-3188,-3720,-5875,-8099,-620,-1230,-14087,440,2488,-2187,760,3405,-9999,5915,7083,31678,1400,3405,-9830,5450,7653,31605,-1608,-6453,-1039,-5880,-2140,-6453,-1592,-5880,-572,-6240,4808,-5353,4514,-5083,-2387,17729,-659,-695,-2387,-4745
10/26/2023,1968,1278,1973,427,1943,2387,567,2057,1973,3173,3151,8835,4660,4931,14312,3166,5857,16389,6436,10744,20636,4540,-2218,-908,2816,2727,37,6180,5038,-2420,3173,1943,2194,427,1943,5951,-635,12,5951,995,115,3956,4660,6717,26922,3166,5857,13280,3980,8080,23413,5987,-173,-3907,2370,4561,25512,6180,-2118,-2943,10987,8764,9941,-4415,5886,8764,8119,-4415,5719,17570,3789,16919,3053,21185,-1418,-5101,4553,52,-1418,-5101
10/27/2023,1759,92,655,105,2137,1051,994,145,655,60,774,954,2318,-3226,-6127,75,-2710,-7392,246,1349,-6752,-1535,5790,-5070,-943,-1296,1858,6,5838,-4039,-20,939,1318,105,2069,954,105,2069,954,472,928,-973,2505,-2010,-172,3480,-2370,6973,845,-1070,4097,2166,7211,-6624,-385,-1565,3129,4130,5790,-9119,-681,2211,2944,767,-726,2211,1314,767,4126,-6448,6599,-7488,5838,-5597,6231,-5943,-68,418,6231,-6787
10/30/2023,3966,119,-370,2518,2004,1815,1766,119,-370,4186,395,3581,4180,2976,3124,5526,3386,-1415,375,4975,-4740,5037,-3615,-3136,2065,1407,598,5037,-2561,-4412,3966,2004,899,2518,2004,2499,2378,2004,2499,2234,-3291,2137,4834,2976,2788,5526,3391,-3545,-5,4785,-5064,5037,-2827,502,2260,4785,1163,5037,-4710,-2070,55,370,50,-1343,-489,370,-196,-1343,4627,7809,3955,7459,3865,-6450,2380,-4406,2196,1840,2380,-4526
10/31/2023,-660,973,-5820,-210,-2127,-5945,-1345,589,-5820,-660,-407,-5765,-951,-4076,-4679,-840,-1334,1087,-1151,-3,-6716,30,95,-2125,-462,669,-2971,30,-580,-7456,-660,-739,-8527,-210,-2459,-9165,-980,-2459,-9165,-1635,-5215,-11395,-780,-3491,-9219,-840,-2285,-5275,-935,-1299,-6606,-359,-2985,-4362,-415,-2167,-7781,30,-3000,-2652,-2107,-3861,-2740,-6385,-2107,-3861,-1699,-6385,-3129,-5582,-245,1273,-2624,-2705,2504,-6995,-2868,-1905,2504,-7495
11/1/2023,1833,6172,2661,1504,5681,3130,2539,6172,2661,2620,4156,2955,-190,2236,-2236,11147,2229,-3051,9,1915,-2888,854,455,4818,-356,-210,-2909,480,670,5976,2380,5681,-1055,1504,5681,2955,2539,5681,2955,1777,-1570,-3563,40,2781,1395,11147,2229,-374,65,3391,-3811,1179,2549,9600,135,3391,-1548,480,455,10724,5401,-1485,3410,368,5240,-1485,2820,368,475,648,1881,-651,9797,830,5525,18539,1698,691,3480,7631
11/2/2023,-570,-4283,-1485,-755,-2790,-93,-1320,-4283,-3181,-155,-2500,-1671,-1195,-4185,-5626,-745,-3744,-2991,-325,-1685,-2835,-450,-104,-1578,-1495,-2620,-1078,-2502,1801,-557,-155,-3950,759,-910,-3950,1086,-1235,-3950,-262,-1590,-5560,-1210,-955,-3810,-10429,-975,-2124,-6097,-165,-1489,-557,-80,-104,42548,-235,-1489,-2067,-80,-104,44816,-2563,-6312,-3490,-4644,-2688,-6312,-2980,-4644,-2706,-3884,-2032,-2039,-1312,2157,-2547,6825,-2173,-1812,-2547,9506
11/3/2023,-1405,-1795,-1875,-1400,-1865,-1190,-1220,-1795,-1875,-995,-955,-2320,798,873,-3171,834,844,1102,699,2076,-411,-355,-2085,-2767,660,-2215,12,-450,-3120,-5776,-1290,-1865,-4245,-1400,-1865,-4860,-1220,-1865,-4860,-1115,-2975,-4491,664,1504,5807,834,844,1102,-60,2582,994,2503,3323,-5143,-90,2582,225,-705,2270,-2361,1363,-1502,250,-1512,2925,-1502,2610,-1512,-1605,-1109,720,-2998,2366,1534,-2599,-3862,2559,-1185,-2599,-4453
11/6/2023,905,4755,6238,1315,6869,6934,555,5366,6238,914,3525,7644,1430,9494,10767,1440,5112,17513,1346,8359,12406,315,7724,11288,570,7315,6537,1025,5105,11212,914,4940,8994,1315,6036,8824,1315,5174,8824,375,4476,5432,1430,11236,27470,1440,7510,15157,2193,9353,20299,906,6790,11666,838,9353,20956,1830,7724,11666,3035,6774,3791,1357,1175,6774,2609,1357,180,3708,-570,1359,2621,3320,2438,7892,2611,5494,2438,7892
11/7/2023,834,-538,-1484,1230,-561,-2663,1242,-538,-1484,135,504,-3742,1030,1349,-2666,-500,2194,-7465,2735,3661,-373,-1415,1785,1015,2185,-2095,-4350,-172,1600,-2587,90,465,-847,1230,465,-470,975,465,-470,-80,600,-357,1030,5365,13911,-790,3453,-624,2735,4384,1659,2944,493,-21057,2530,4384,3563,1165,1865,-23775,303,-2145,-1825,-2573,1433,-2145,590,-2573,1912,5289,3793,-3007,4672,-1674,570,-4909,1739,-1705,570,-4909
11/8/2023,2705,7802,2757,1455,6349,1244,1455,5804,2757,2705,5522,1468,985,-814,11699,190,-205,4302,-1821,-146,7924,-875,-5459,-3822,-1450,1018,8231,19,-2529,-6650,2705,7952,3605,1455,6349,805,1455,5674,805,2870,2176,2543,985,-1025,22169,540,-205,9724,-110,-2300,3857,100,6549,-23247,1086,-2565,5031,-275,3793,-24918,1526,7384,3176,7325,646,7384,2851,7350,7170,6381,8913,8295,-25,8618,-2494,-5730,2551,4393,-2494,-6060
11/9/2023,1340,3680,-3027,530,3555,-2089,517,3600,-3027,930,2071,3212,-140,-3525,-3763,380,-730,2916,2104,-2842,-3122,2611,480,1844,1656,-229,6667,2580,9355,-223,945,4040,3746,530,3940,4837,600,3830,4837,-350,-1735,-1013,-140,-2735,-6686,380,-660,281,811,-4083,105,6232,459,-7177,2126,-4498,-560,6286,1270,-10005,2809,2171,2720,159,2494,2171,492,-156,-3060,-4297,-3880,-955,-5858,2346,2445,-871,104,1715,2445,13206
11/10/2023,-1195,-1816,-4563,-1635,-975,-5060,-2230,-3040,-4599,-1780,-2051,-5925,-1800,-3625,-6755,-1495,-3990,-2125,-1612,-4497,-7497,2308,4155,6295,-1432,-2420,-4755,2075,846,6128,-1780,-975,603,-1815,-975,2087,-2975,-2085,1741,-535,-2100,2212,-4420,-9410,-22330,-3605,-4045,-1677,-2490,-8935,-9072,1476,3714,6667,-2605,-8935,-7885,2075,4610,7246,-3159,-1557,-2546,-404,-3363,-1313,-2380,-539,-3790,-7480,-4295,404,-6060,-7476,-615,-3819,-3500,-5795,-615,-3819
11/13/2023,546,997,1017,-653,-90,4010,647,997,1017,-268,265,2767,650,2762,-2672,270,-2894,-6118,1606,-3266,-6552,-550,-527,-5125,795,-2165,-2071,-492,-1005,-5900,-403,-90,2217,-653,-90,1905,-505,-90,1905,281,-1799,24,521,1052,2722,250,-1627,-8892,1085,-3691,-7027,-735,558,-43951,1694,-3691,-12245,-897,-2274,-46914,-493,3970,1820,2890,-493,3970,4235,2890,5549,1597,2975,-3080,2337,-1963,-5348,-6286,1755,-2611,-5348,-5961
11/14/2023,4187,2784,2407,4612,2784,2576,3645,2784,2407,620,3429,2576,6802,17173,38953,6767,11196,32276,8322,14333,29256,5149,3290,20406,10271,8060,6989,5399,3385,18700,4187,2784,2407,4612,2784,2576,3645,2784,2576,840,2585,2161,6802,19043,49529,6767,11196,33993,8322,14333,40955,5399,4534,21181,10221,14333,40955,5399,3290,21421,5038,943,3653,2690,4193,943,5038,2690,16138,28470,12488,24014,16979,4529,7493,-2116,9039,9608,7493,-4566
11/15/2023,731,333,2841,-115,-830,1892,-409,-1215,2841,2415,-1609,1626,-425,3206,1484,-185,2056,7746,5,3924,7644,-455,3178,7563,-205,678,1855,-455,1638,18680,2445,335,389,-115,-830,1626,-115,135,1626,-735,-3807,319,-425,3206,1258,-185,3112,9357,35,5522,16738,-455,3958,56543,-205,6402,18138,-455,3958,56451,316,5082,1803,5123,316,5082,2796,5123,3404,-2748,4783,1105,12301,10770,14685,22305,6895,713,14685,28486
11/16/2023,283,842,756,-515,785,366,747,2916,756,-555,-1165,-316,180,2082,8608,-850,1639,8545,-1340,2374,9328,1605,6987,-1887,-1500,337,2303,2840,4405,1942,130,2665,-1299,140,2665,-857,295,2660,-857,-355,1525,2849,180,1828,11953,85,1639,8545,-75,1130,7427,2751,9633,17932,-20,1130,6299,3160,6987,16697,463,-481,3319,313,463,-481,1805,313,-1075,4806,2184,5362,1024,3267,-1355,-2947,-594,1170,-1355,-5022
11/17/2023,-750,786,-3791,-455,1285,-3155,-455,786,-3791,-635,-2170,-3885,1390,2711,193,600,-3448,-1326,830,-3151,-4522,1030,-4911,-5489,1710,1160,-2117,1125,-3293,-6618,-310,980,-3570,-455,980,-3345,-455,980,-3345,905,-140,-3585,1390,9694,9470,1400,4910,-8840,830,5167,-10764,3085,-3760,-44516,1710,4442,-9899,1125,-3760,-50284,1401,-2479,1625,-2960,1401,-2479,1625,-2960,1785,-1260,4379,-1663,1584,-2750,3151,-6235,606,-5400,3151,-4050
11/20/2023,-1110,-3935,1073,-1775,-3935,-5963,-2310,-3935,1073,-1605,-2890,-3720,-1925,-3690,-6620,1480,1424,846,-1645,-3570,-2900,-1215,-430,4533,1215,-2645,-2485,-1105,-1514,9208,-2140,-1895,-799,-2310,-1895,1375,-2310,-1895,1375,-170,-1145,-1295,-2170,-4325,-9655,1480,1750,727,-835,1685,1264,-2795,-213,44024,1215,1265,599,-765,-430,45889,474,-3565,-2575,-2889,-3287,-3565,-3500,-2539,-4470,-6185,2395,-2024,829,-3384,3130,6228,-1140,-2460,3130,7022
11/21/2023,-420,65,-296,490,2417,-1215,490,3847,-2235,460,-2855,1851,108,-2139,-2985,640,-1676,-7657,-68,-985,2129,-499,-139,-4790,-1077,340,-1105,-1945,-3130,-4820,460,-3760,3257,490,2475,3359,490,3677,3359,145,3645,5639,-1005,-4556,-4864,-1630,-2260,-18260,-1405,-5364,1471,743,1263,18440,-1470,-5364,-2531,-940,-1083,19579,-1305,-3809,-1344,-1908,-1582,-3809,-1344,-1908,912,-6991,-2150,-5405,-615,-5873,-2975,-4726,85,-520,-2975,-5141
11/22/2023,2086,2224,-3608,1075,2938,-1966,1074,1900,-5458,1135,2990,-5169,-165,96,8144,-323,-1946,2525,143,-1895,3669,-668,-360,2591,18,42,2848,-1528,1625,2401,1135,5778,-7125,1025,6708,-5567,1025,5971,-7387,530,4630,-12455,-85,1046,7908,-370,-1946,516,-425,-1426,1619,-591,1699,-44820,-730,-1426,-243,-770,2235,-47695,1225,-2650,2235,-532,223,-4153,-812,-532,-691,10000,535,222,-4451,-2366,-370,-821,-188,2257,-370,-4420
11/23/2023,375,1555,2455,-10,1555,2455,-10,1555,2455,220,1555,2455,3690,5460,4575,2010,5245,5700,2410,7575,7400,900,2740,1945,4055,3075,650,745,3375,2490,220,1555,2455,-10,1555,2455,-10,1555,2455,-590,640,2455,3690,5460,4760,1855,5245,5770,2260,7575,8820,745,2740,11630,4055,7575,8820,745,2740,11630,717,-1968,-900,-4400,717,-1968,-900,-4400,5335,2415,2540,-950,945,-893,-2000,-6215,275,1080,-2000,-5795
11/24/2023,665,1345,2985,650,2045,2985,850,2045,2985,975,865,2985,3235,8510,7600,380,4165,7065,1915,2900,9115,1805,1580,2944,2870,1405,1535,2115,2645,4509,1445,1345,2985,650,2045,2985,850,2045,2985,1075,-25,2985,3235,8510,10500,730,6155,12265,2225,4765,13865,2280,3445,17035,3010,4765,13865,2280,3445,17035,150,-2878,150,-2810,150,-2878,150,-2810,3960,1805,-1540,-543,2175,-801,-2595,680,1600,-1135,-2595,750
11/27/2023,2238,1219,2223,1855,653,1968,1759,1219,2223,2685,120,-4047,2733,2618,-1160,1095,700,-2485,4200,2706,-5261,6045,2830,3233,3358,5946,5130,6325,1125,-5608,2535,790,-1227,1955,790,-1781,1955,790,-1781,3245,2375,-2137,2694,3019,5745,1065,1180,-2087,5528,3860,-2586,4773,4556,8480,5231,3860,-2586,5980,4795,6130,544,7597,-75,7597,544,7597,-1598,7597,4613,-1481,-1870,-3615,5785,-6150,10050,-3076,7924,5056,10050,-170
11/28/2023,582,-237,3619,1783,491,2766,1076,-237,3619,870,-747,2856,1481,940,-1042,-110,-2910,-2247,417,-1827,3697,-650,-1695,-4135,2665,-2180,-3780,1548,-1405,-1245,885,491,3619,1783,491,2856,1250,491,2856,855,586,1453,1625,216,5903,1145,-3235,785,1115,-1423,1766,227,2717,-301,601,-1423,3420,3416,-1695,240,2604,2757,2960,2313,2604,2757,2085,1323,-1965,-2325,-1809,-6510,-3591,-6044,1972,-5720,3240,-2539,1972,-4500
11/29/2023,-395,-2105,-4242,-305,-1315,-4115,-45,-2200,-3587,-285,-1115,-6140,-484,-2759,-6810,-135,-2385,-6983,-878,-4110,-7350,25,-930,4730,-1441,-2516,-1790,310,-760,6271,-285,-895,-9108,-305,-1315,-6140,-45,-1160,-5485,-1160,-3260,-11770,50,-2759,-20965,-450,-2690,-9995,-405,-3945,-8565,-1250,670,-2833,-1190,-3945,-8715,100,880,-2149,450,1574,-1620,4090,450,1574,-645,4090,-4416,-3126,-4450,-1784,-3444,-7451,3736,15079,243,-1785,3736,4287
11/30/2023,2375,7657,4626,2980,7895,6749,4378,3293,1544,2375,8125,8310,4025,19459,13071,6360,17665,9348,5025,10202,7737,8290,3920,3933,2498,6167,6654,1020,10057,20801,2375,12715,1249,3270,7895,4140,3270,4735,2270,3185,14705,1676,4025,19459,12873,6360,17990,8175,3830,12592,616,9272,2780,-26465,3301,12592,2947,1020,6577,-22599,1788,51,3490,-838,1636,51,4225,-838,10324,7224,12059,-2667,5518,19010,3205,13193,11740,334,3205,13803
12/1/2023,-1435,-1911,-1569,-1815,-2004,-454,-1145,-2578,-1569,-1860,-1694,-809,2045,3964,1595,-245,-773,-1976,74,814,-492,-1445,3937,-5976,127,2356,-564,-1105,3937,-7232,-831,-2450,-3064,-901,-2450,-2585,-2135,-2710,-2585,-766,-3961,-1451,2045,3029,2326,85,-1540,827,155,744,2159,-1000,3425,19746,1505,744,3088,-1000,3937,7492,-1770,-2117,-1770,3830,-1780,-2117,-1474,3830,4582,1135,-1041,1078,3265,5226,6435,-3627,169,2,6435,-2603
12/4/2023,2471,287,4605,609,-436,2028,1041,901,1764,2010,670,3023,-75,2861,11521,2600,3503,8297,3245,3883,16051,3053,2200,5895,2680,1,1507,3120,10463,8934,2010,105,3673,1950,-15,2828,1955,160,1804,313,-1185,4258,-75,6996,18678,2546,3853,13466,3245,5294,16664,3980,2220,21749,2680,5294,16519,3260,4390,21749,695,6160,695,6274,695,6160,695,1281,192,12209,-1930,6590,1191,14049,278,10529,1096,862,278,9185
12/5/2023,3253,799,-2498,3843,-239,-60,2801,202,-2498,3243,-1295,-143,530,965,6219,-705,1474,7454,1376,8176,1073,1390,3009,7261,1931,6851,4177,3062,3009,6126,3184,-770,-2805,3843,-343,-273,3408,-293,-273,-330,-601,863,530,1718,10045,-705,1474,10071,1005,8611,6077,3241,4091,14237,2055,8611,8845,3012,3009,15938,4253,2053,4782,2631,4747,1996,4829,2548,-629,5954,-1885,6072,1493,1897,-2537,-6165,1014,2888,-2537,-3065
12/6/2023,-690,-4365,-3487,-1085,-3985,-3916,-1557,-4365,-3009,-1320,-2920,-6508,-690,-2810,-5115,-770,-2838,-4387,-1764,-4487,-6447,-655,1180,-257,-1485,-1736,-5115,-1320,-618,1320,-1320,-4885,-4308,-1085,-3985,-6800,-1220,-3305,-6800,-2555,-5655,-6895,-690,-3780,-24085,-705,-2838,-5779,-1010,-5429,-18129,-1540,935,8566,-1510,-5429,-14830,-185,2110,10739,-4080,-7287,-2939,-3186,-2831,-7287,-1768,-3186,-3625,-3582,-3686,-4340,-1848,-6026,565,3604,-2554,-5115,-135,-2030
12/7/2023,-795,-2140,-3873,-120,-3575,-5260,-156,-3575,-3516,-800,-1730,-5615,1376,-4230,-4597,240,5946,-967,-1840,7877,-559,4024,410,-3225,3057,1985,-1107,5035,840,-4460,-795,-3020,-2992,-120,-4480,-5615,-120,-4480,-5615,-2710,-2197,-3898,1309,-828,-3999,240,5946,1180,-2670,8673,939,3036,93,-3978,-1755,8673,900,4955,400,-5289,-4730,-6773,-2563,-6380,-3760,-6773,-3075,-6380,-4495,-4492,2841,256,7507,-2150,-1104,-455,368,-4480,-1104,-189
12/8/2023,463,-2337,-74,1205,741,170,202,-2337,-74,-380,-436,3352,94,269,357,960,-2495,5576,377,-1419,8556,645,-5710,-2866,-1395,96,-4385,-635,-3735,7421,-380,741,5051,990,741,-155,990,741,-155,330,-740,4470,-130,-3500,3437,960,-2685,5210,320,-972,11173,-1011,-5873,21586,1490,-972,14238,-635,-6483,21815,3536,4370,680,2578,1771,4370,-470,2578,3829,-4207,-1735,-861,-3447,3519,-1793,966,5,273,-1793,1315
12/11/2023,-1490,-2982,-3478,-1365,-1682,-3146,-1228,-2966,-3478,-1925,-2895,-4517,-150,646,-3826,-240,3923,-4253,240,7844,-7407,-785,1394,4730,185,1873,-2153,-1180,3759,5255,-1380,-1775,-3308,-1255,-1775,-2930,-1255,-1775,-2930,-940,-2620,-3111,-150,4941,-4670,-240,3923,-2344,240,7013,-3522,-1145,1394,4540,540,7013,-3644,-1180,1394,5325,-2369,-3580,-2655,-1843,-3424,-3580,-2420,-1843,-1788,-6473,1065,552,955,-3797,-1715,6497,-799,-4470,-1715,6879
12/12/2023,-838,-3305,-779,-600,-3450,-3034,-1045,-3305,-534,-660,-2975,-1215,-1965,-4483,-6897,-1490,-4000,-7477,-1810,-4478,-7247,-1405,-261,3168,-1040,-1953,-4535,-1410,325,4395,-530,-2540,-389,-600,-2540,-411,-600,-2540,109,-1285,-4970,-1080,-2290,-13130,-30830,-2485,-7755,-16105,-3050,-10345,-20215,-1869,2681,-2221,-1740,-10345,-19480,-1525,3402,-3414,-1683,-953,-1460,-2260,-2084,-753,720,-2260,-4494,-7477,-4500,-7470,-7362,-7489,-1611,2898,-2870,-5635,-1611,3671
12/13/2023,960,1656,-5010,434,482,-5075,-629,-499,-3241,-199,-806,-6640,865,4381,3923,2083,6783,-5505,3428,3148,744,100,-6070,784,3571,3421,4443,-100,-3580,11646,-57,482,-5476,159,482,-6925,190,2357,-6575,-1850,-2765,-9110,865,7491,11795,2083,6783,1175,3193,3395,1698,72,-6826,-31100,3571,3395,2099,-100,-6185,-33795,5183,-2801,2140,-2770,2948,-3026,1825,-2740,3065,4999,8827,4300,2522,4292,5530,1187,2206,3187,4900,-158
12/14/2023,-370,474,-986,-465,-47,1580,-471,-3024,-986,150,-175,5641,118,-1268,-1479,335,-1470,166,-1543,-322,768,-1694,-3110,-526,402,-1211,-708,-2204,-3110,6270,-625,-670,2293,-465,-1779,3523,280,-1725,3523,160,-4800,-1377,370,-1585,-10226,205,-1470,166,-635,-1380,-2549,-2402,-3508,8583,950,-1860,834,-2674,-3110,9664,1478,7163,5460,12727,3406,7670,5457,12766,-1966,-7350,1300,824,853,3239,-1475,15568,1455,-3240,-1475,16743
12/15/2023,3657,8697,3210,3165,9485,5222,2525,6100,3210,5466,7684,5124,3755,6425,10547,3655,1751,-738,4240,1938,1917,3685,2397,-2279,2316,4897,2844,4586,4622,-4715,5216,9670,7765,3790,9830,10711,3790,8406,10711,4251,6379,12586,3755,8577,25710,3815,3285,755,3345,2044,6357,2325,-5356,-33318,3240,2044,8970,3325,-2675,-33318,8756,5545,8075,3149,8530,5545,5318,2340,6957,11491,3229,890,4102,1241,1240,2941,6924,4196,1240,1331
12/18/2023,1370,-1007,4578,-885,-1980,5817,355,-1007,4578,-1225,-1765,5817,-1515,-4190,-6361,-375,-1383,3019,-520,-3710,-1283,5835,-2715,-3396,-1430,-2215,1268,2530,-1045,-4575,-1275,-1980,5094,-885,-1980,5312,-885,-1980,5312,740,-2160,6611,-820,-701,3683,-730,2204,3150,660,3339,2177,3253,-2565,-7095,10,3339,2177,2530,-4735,-4914,1500,7620,1500,9262,1500,7620,1265,9287,-4380,-7475,5791,6028,4098,-4504,-2475,-3945,-354,-1935,-2475,-4936
12/19/2023,1035,-270,5722,1451,-270,5722,721,-270,5722,1035,40,7565,840,-1420,904,1505,361,9961,2835,-1050,11960,1355,1106,9846,2955,-445,1905,1380,719,8881,985,-270,11155,1401,-270,11155,721,-270,11155,1485,265,9881,840,1518,3208,1505,1118,18395,2835,278,23273,1423,1931,39285,2955,278,23616,2060,1931,42478,146,5002,-527,2868,-651,5002,-830,3279,-2308,-2102,2382,6172,3655,4868,1711,5810,-4765,605,1711,5867
12/20/2023,611,-15,-5226,30,95,-3369,30,545,-5226,886,-165,-2599,1264,-1946,-6778,2955,90,-4808,2074,-678,-9280,2381,-3965,-5445,2815,265,-543,2215,-4565,-7305,611,-15,-4865,30,95,-2599,30,545,-2599,370,1020,-2673,1980,-1660,-7141,2955,90,-8292,3030,-2637,-13886,2503,-2125,-28470,2815,-2637,-18067,2165,-2830,-31605,-1015,-4028,-1015,-1241,-1015,-4028,-1015,-1241,-1758,-7183,-4500,-5972,-5980,-9733,-6005,-7140,3501,-673,-6005,-9285
12/21/2023,2935,8284,6766,1723,2954,8813,2165,4473,8900,3205,8284,9826,5935,496,-1475,3825,-1011,-1270,6058,2548,-408,2455,2704,3130,4984,2947,3530,2455,-945,5755,3205,8284,11628,1915,2954,9790,2165,4473,9765,2840,4167,10106,5935,496,-1656,3825,-606,-1270,4740,2534,-408,1702,2971,14844,2950,2534,-130,2455,3214,8878,1228,7788,936,8105,2450,7788,2594,8105,-576,-7460,-100,-3821,-1093,-3036,3171,8598,1263,-1587,4007,5522
12/22/2023,-938,-4440,-5674,-1020,-4495,-5674,-1621,-4110,-5674,-575,-2945,-5174,-265,2356,-1174,-750,1392,-3929,-1780,-1079,-696,-1275,-2340,2400,-520,64,-1697,119,-756,1231,-575,-5275,-8724,-1020,-4585,-8724,-1705,-4575,-8724,-620,-4330,-15610,-265,2356,-2551,-811,-1565,-12524,-1780,-1024,-11485,-1470,-2241,-19393,-1125,-1024,-11485,-1286,-3425,-22440,-1778,-6766,-2524,-5437,-1778,-6766,-2950,-5437,2880,2113,2173,2024,1103,1163,-535,-3170,1905,1735,-535,-5220
12/26/2023,-1035,-5265,2603,-1820,-5265,2867,-2225,-5265,2603,-1560,-3660,5377,-1940,-3346,-4215,-1475,-3995,813,-1920,-4440,-2510,1064,2574,8415,-1295,-2425,3516,1781,2574,7903,-1580,-5265,15709,-1985,-5265,15847,-1985,-5265,15847,375,-6455,8087,-2780,-13195,-13875,-2930,-5345,12128,-2860,-10030,10689,1705,2574,101115,-2480,-10030,10797,1705,2574,101115,388,9407,388,9013,388,9407,60,9013,-4464,-6651,-3815,2744,-4645,5141,6645,7605,-6160,2578,6645,7503
12/27/2023,215,3920,844,215,3920,1394,215,3920,844,215,683,-463,1403,4254,8692,130,409,-3495,15,1007,1293,185,-5850,-3060,-145,93,679,185,-4205,-2430,215,3920,-418,215,3920,210,215,3920,210,620,3395,-1290,1403,5872,10958,510,422,-1920,-950,982,2524,185,-9723,-31350,-790,982,966,185,-13740,-33700,4002,-926,4325,-413,4002,-926,4325,-413,6687,5963,2567,-4082,-1417,-1054,-4895,-4660,1242,679,-4895,-4415
12/28/2023,-1340,-2449,-1710,-1833,-3552,-1710,-1528,-2519,-925,-1865,751,-3530,-770,-4010,-6096,-935,-1996,-5299,-995,-4346,-5346,-155,-1831,6553,-985,-668,-665,-180,-1093,7252,-1865,-4735,-3530,-1833,-4695,-3530,-1528,-4805,-2745,-2055,-6055,-3370,-770,-4010,-13795,-935,-3020,-5008,-795,-3930,-5894,-180,-1476,29345,-985,-3930,-5276,-180,-1476,30624,657,1846,922,130,538,1846,-465,130,-3437,-6844,-1214,962,1292,5607,11848,5806,-575,6300,11848,6656
12/29/2023,883,-2718,-2892,165,-2447,-1359,279,-2761,354,883,-61,4196,502,1663,9853,5,-1090,-4675,-419,-3661,-1403,-1377,-6195,-5505,222,-312,6560,-1597,-3775,-7050,883,-2625,2809,165,-3502,5471,283,-3535,4540,140,-4083,-185,-30,2300,16233,95,-2890,-7070,-1687,-3682,3911,279,-12401,-3018,-1172,-3682,-1415,-1597,-15845,-4580,-2657,3989,-2095,4971,-1665,3989,-3065,4971,3518,1343,-2931,-3022,1755,-5335,-2135,-6912,2353,1520,-2135,-6452
1/2/2024,5614,6418,-462,5225,3751,8436,5003,5134,8429,4250,2385,9897,2613,1638,12442,1578,4147,18588,438,8996,28824,8738,8129,13786,2619,4972,6403,7540,6366,15259,4795,9440,11057,5225,3830,8277,5075,3575,7557,4540,4895,5204,1635,1849,14530,1490,3732,18588,2465,8345,33107,3024,8094,34317,2255,8345,31976,7540,8129,34697,9528,9620,7000,9598,6505,9620,5575,9598,3712,22437,4731,16773,8945,28272,9153,11325,4128,11623,9153,11781
1/3/2024,-236,3956,2520,2087,7103,-1854,2183,3036,2520,913,7181,-2789,350,3505,2316,467,789,1686,115,2123,3176,35,2468,-1797,70,1184,935,35,1701,5115,649,5423,-1975,191,5423,3722,989,3943,3722,-195,295,1707,350,447,5821,467,607,2071,115,218,3337,2302,471,28244,70,-172,6132,35,47,31337,-1341,6264,-1005,5913,-2454,6264,-796,5913,324,1430,-602,1841,-1150,11413,-127,20668,2001,2527,-127,16666
1/4/2024,1654,62,5212,1537,254,1018,1804,-551,5162,1557,453,941,1405,47,4226,385,1622,-6590,2317,1483,-7463,609,2342,2393,610,550,2047,700,1910,1795,1729,873,3829,1804,254,170,1804,707,120,-105,-1733,-1780,1165,2275,-6026,1274,2202,-8467,55,230,-9261,532,2364,-27584,845,230,-7185,200,1542,-29355,11,3366,495,2733,11,3366,-1927,2733,4134,1760,6716,-7335,2039,-4062,-343,2126,4318,3713,-343,-175
1/5/2024,1464,4791,3223,2740,7002,-410,2435,4738,1078,4581,3821,775,1033,2902,17605,205,2757,5096,2514,826,13383,1410,1035,1973,2644,2207,6982,1540,-960,3145,4581,3821,1138,2740,7002,775,4645,6617,850,1870,-93,495,820,3688,22204,205,3723,11681,1345,2805,18183,1909,4286,4744,1390,1740,15404,2030,3270,4856,5944,-2302,4684,1211,5944,-2302,3609,1211,10198,24005,-193,13336,10724,13712,2744,-1676,4926,3278,2744,3962
1/8/2024,-533,-933,2904,-800,-450,6754,-2098,-1601,2904,-1410,-15,6887,-1970,-4275,-6725,-1495,-3345,-7275,-1717,-4635,-7371,510,410,3539,-1435,-2170,-4470,1125,-1225,7347,-770,-275,3622,-545,-450,6353,-545,-867,6353,1535,330,4931,-2885,-11650,-24215,-3030,-9600,-7975,-2330,-9875,-12411,101,-1188,6780,-2455,-9875,-11641,1180,410,7443,-374,5745,480,6328,-374,5745,640,5738,-3820,-7330,-4470,-7105,-6820,-7480,3455,5310,-5410,-5605,2660,6393
1/9/2024,1250,3025,5553,2260,3295,5312,815,3015,5553,1250,3410,5312,-1960,-3990,-6150,2515,-3030,-1258,-2000,-4460,-5020,1475,12041,1796,-1435,-2895,-4425,4792,2860,850,1250,3355,5553,2260,3355,5312,815,3355,5312,675,2725,946,-220,2076,1682,2335,1948,6461,955,-1175,2750,2460,10383,-5331,2505,-1175,2750,3805,12545,-4710,2864,-839,3651,-2315,4113,-839,824,-2315,-3635,-7120,-4480,-2525,-67,-7694,-1100,3373,-2645,-5700,-1100,3053
1/10/2024,-99,525,234,-420,3612,1874,-402,1140,234,-535,-1952,1700,-1010,-3915,-6203,1270,-1933,-2331,32,-4219,-1776,1096,2714,-4362,-385,-1482,1868,-1640,-873,12116,-535,-570,8159,-295,1585,7764,-295,1585,7764,1907,1572,3924,-140,-2030,-4508,2297,-695,-460,2455,-685,-1536,710,2575,37930,2010,-1320,-648,-1660,2714,42293,478,2605,-1890,2797,-818,2605,1995,2157,-3900,-5323,2846,3047,-6,-2647,5730,8383,2653,1868,5730,8210
1/11/2024,-886,-1055,6504,1981,136,4394,634,-483,2717,2033,-127,6168,1289,-3769,-3086,1140,1261,-5312,1280,-3985,-6796,-1730,-562,-28,1210,74,4725,-1980,-232,-3214,1279,-179,5909,1446,-64,4265,601,-64,4655,809,263,6097,1085,-1580,-4573,240,810,-5437,2045,-3085,-10409,-2574,-14022,13683,1460,-3460,-10219,-2450,-6502,14384,1256,-751,2618,3517,1922,932,4463,3517,4726,-5046,7905,2373,2929,-5461,22279,18666,6193,6725,22279,18666
1/12/2024,2051,-412,-22,3505,3222,413,3104,-1623,580,1690,315,1622,995,7617,25170,750,3944,16289,2030,5525,15281,2690,-480,-1275,1200,3456,9056,2690,-691,-2660,1690,-925,-7831,2590,3005,-11225,1750,630,-13485,745,-2265,-7305,995,8630,28136,675,6255,17557,3130,5536,21788,2341,2951,-7294,1270,5536,21788,3806,890,-10680,-3811,-4381,-3820,-2895,-2143,-4381,-3160,-2895,11533,36372,5643,19432,9694,14213,1924,-1542,8967,5629,1924,150
1/15/2024,-1055,177,1300,-585,-700,1300,-585,177,1300,-1055,-700,1300,105,3955,6475,1410,2935,3625,1905,5755,10090,3010,-1800,1335,3395,575,3015,3515,-2585,-2930,-1055,-700,1300,-585,-700,1300,-585,-700,1300,-10,450,1300,105,3955,6475,1410,2935,3545,1905,5755,10090,5555,-908,-6768,3395,5755,10090,5555,-1800,-6725,1520,-442,1520,-1985,1520,-442,1520,-1985,-782,1621,-3360,1045,1765,-250,-400,-1260,-1080,3020,-400,-3010
1/16/2024,4387,3983,15170,4625,5149,11391,2393,6308,15493,5770,4308,17457,3306,2504,5151,1960,1395,-2151,2295,1124,1720,1534,6619,-3016,-364,727,9104,3238,-20,-5962,5770,3395,16383,4625,5149,14194,2385,5671,15634,1025,2242,12830,3974,3958,5151,1960,1395,-2151,1334,2498,-407,480,3486,-21162,295,2498,-667,3013,6619,-17946,5351,8576,4754,8125,6412,5094,5481,5726,1368,4020,4419,-2154,6486,442,-266,1284,2842,9104,-266,-2583
1/17/2024,165,4257,-2027,2179,-600,26,497,2865,-2027,45,5546,-3511,3987,4342,4971,1114,50,-1807,1029,1775,1812,1682,1062,-3950,-87,75,1156,3458,-9,5186,45,75,2361,2179,-275,-7394,2179,-275,-7394,805,2892,356,3763,11498,9629,129,2820,12316,2021,2897,8214,3663,-369,16614,34,2897,8184,3358,-255,24154,3349,1484,1464,8878,-1090,-628,1361,1976,949,-227,470,-713,-167,473,-835,-4811,37,-2479,-835,-2491
1/18/2024,2694,936,7879,2298,2052,8426,1152,936,7879,2586,1266,8602,1854,-615,-1341,3455,936,3664,52,1120,16368,1358,1379,-1645,1328,-400,-4,833,1430,241,3476,2052,8958,2298,2052,10001,4625,2052,10001,-635,-292,6974,2383,4193,11809,3455,-715,8512,1355,1655,16077,-1843,-179,5009,925,1185,15147,1170,1065,6445,409,8068,2342,8841,409,8068,3573,8841,-583,1504,-2285,2052,993,10139,-6485,-2303,125,4615,-6485,-2225
1/19/2024,329,-4057,-5544,-80,-4245,-4690,10,-2866,-5544,825,-2665,-4480,-1795,-4360,-6830,-1240,-3840,-7470,-1870,-3690,-6725,1110,-335,-2059,-1495,-3000,-4825,830,-3550,556,825,-2430,-4784,-80,-2430,-3930,10,-1920,-3930,-515,-1155,-5565,-4220,-12190,-25995,-1520,-6755,-14315,-2870,-11350,-18434,943,2362,2522,-2420,-10270,-15425,830,2235,4281,-1252,-6180,-1419,-4185,-1292,-6180,-1840,-4185,-4090,-6715,-4435,-7489,-6966,-8855,610,-3190,-6075,-4660,610,-2241
1/22/2024,-940,78,-5147,-1760,-2403,-4890,353,-966,-5147,-855,-2355,-3835,3369,2642,-3820,1540,6428,4231,2993,5122,4796,1227,8483,1071,2763,48,933,1227,1720,5143,-1455,-1948,-5147,-1620,-2403,-4890,-195,-1618,-4890,-2055,-4420,-2178,2030,2390,-10995,1540,6673,4482,2866,4147,4796,1209,9094,13993,2931,4147,4867,1227,8393,17206,-42,2536,-1099,-5516,226,-662,485,-2907,7145,-1260,4385,412,11651,3634,1953,3835,690,-1725,1953,2670
1/23/2024,-195,-4350,-3239,-1235,-4366,121,-1135,-4398,-3239,-195,-2760,-3526,-540,-820,-1334,-395,-3305,-1663,-2055,-4040,-7461,-1680,-1265,7782,-925,-1925,398,-1665,-3180,1977,-1005,-5135,-7593,-1135,-5826,-9536,-1135,-4751,-9536,-2335,-5720,-9686,-540,-820,-4696,-395,-2260,-1663,-2580,-3820,-9101,-1600,645,7028,-925,-3820,-9101,-1600,645,1855,-5839,-5072,-4275,-6139,-4384,-5072,-3405,-6139,-2350,-2698,-2745,-2593,-2860,-1575,-1465,-2370,-2520,183,-1465,-7404
1/24/2024,1186,322,-1934,665,690,1928,636,-830,-1934,2043,690,-488,472,-1596,-1440,590,5931,1760,480,195,-6232,2815,8662,1960,870,1742,6952,2815,6778,429,1953,690,-1447,665,690,-6285,665,-710,-6285,801,2165,-7580,700,804,-3854,1160,5931,3667,70,574,-4994,982,7922,-8943,880,149,-2393,2815,9832,-14681,308,-3586,2360,-795,1502,-3586,980,-795,-773,-5862,-1380,-3377,1187,-5373,6255,-4296,-11,5804,6255,-4927
1/25/2024,370,-2729,-3075,-110,-2801,-2282,-1407,-1770,-535,560,-1365,-1726,-1365,-3539,-6682,-1060,-1296,-6566,-1935,-2034,-7480,-780,2235,-5518,320,-2447,75,-780,3970,-7112,560,-2595,-760,-605,-2801,-205,-150,-1811,1335,-440,570,-5190,-1365,-2309,-8088,-1060,-2255,-8391,-1935,-2897,-3657,-780,-7680,-7312,320,-2897,-9432,-780,-11560,-31510,1159,-5191,-2209,-4425,-1363,-5191,-1499,-4425,-4495,-6450,-3485,-6407,-5025,-6632,-1340,-5788,-1975,-370,-1340,-6640
1/26/2024,285,-308,-3261,75,39,-2236,414,-51,-3986,285,433,-1289,1577,3026,35,3870,-195,-7010,3869,2317,-3128,2250,4752,-3495,4216,804,3026,2536,4752,-4106,285,-1415,-3909,75,39,-3641,414,-57,-3641,155,-1345,-4237,1490,2156,4350,5455,538,-8415,4435,2270,-1157,4124,1787,10020,2911,2270,-5770,4150,4752,8211,7006,-4733,7482,-5969,6034,-4733,5821,-5969,1766,4354,-1300,-5559,-431,-3903,2875,1115,497,6354,2875,1278
1/29/2024,-1405,-3780,-1900,-1660,-3780,-1360,-848,-3780,-1900,-1520,-2915,-3400,-1330,-4300,-6993,-1405,-4844,-7423,-1880,-4454,-7462,-1735,-5860,-4623,-1105,-2065,-1685,-2220,-3695,-7420,-1895,-3780,243,-1770,-3780,213,-495,-3780,213,-2670,-4710,-7050,-1095,-11930,-21373,-2065,-11735,-13493,-3390,-9420,-12315,-2188,-5424,-3554,-1670,-10115,-12675,-1989,-5614,-2309,-2264,-4615,-898,215,-1753,-4615,-1480,215,-4265,-7199,-4370,-7500,-4358,-7069,1665,-5845,-2390,-1610,720,-2439
1/30/2024,1195,690,-3995,420,-999,-4377,420,-885,-3995,555,-2260,-6212,1760,1740,-6955,792,1790,1088,-1650,5497,-977,3325,7914,-3527,3675,3434,-1455,4455,5897,-1352,555,-786,-6715,420,-999,-8742,420,-2214,-8742,90,-1940,-9650,1750,3450,-1220,802,1625,1088,388,7032,287,4139,-3452,-7540,745,7032,-216,5030,-3378,-4677,1301,-2552,-269,-1690,1697,-2552,325,-1690,-525,-7485,-132,148,-2641,108,-6142,10313,1486,2999,-6142,10313
1/31/2024,2275,4535,12058,1295,2003,12053,1435,19545,8871,2515,3680,12159,2258,3349,2949,5079,3048,15168,686,2529,-1107,2939,-261,2175,1611,4705,3215,1680,829,4505,2275,2882,11408,1295,2741,12472,1435,4051,15172,2840,4673,11957,1165,3305,512,3115,3187,142,1830,182,-3585,1845,-1175,-2461,1715,-688,-2081,1630,829,2435,6361,14221,5685,17149,5626,14221,5570,21183,2696,13826,6095,-532,294,-3426,-745,-4105,3006,3970,-1260,-5191
2/1/2024,14,-1779,-3975,15,-2115,-3941,49,-1779,-3975,420,-1040,-5881,-895,-3224,-6655,-1075,369,-6582,-600,-3845,-6517,2325,1155,-5996,135,1155,-164,1700,1155,-4801,325,-2115,-5866,15,-2115,-6817,50,-2115,-6817,-735,-3750,-11010,-895,-1994,-16407,-1015,369,-8849,-600,-5020,-14223,1700,943,-28683,175,-5410,-11978,1700,1155,-27569,-2502,-5655,-620,-7405,-712,-5655,-1575,-7405,-2252,-6225,-1070,205,-2232,-5652,-1120,-3538,192,-3531,-1120,-5678
2/2/2024,1531,1345,-3183,775,1790,-3538,1332,897,-3183,705,1260,-3410,1525,-3266,-5449,1585,-54,-6639,116,-3639,-6624,2310,4931,-3531,1255,1185,-3239,2310,2811,11475,440,1260,-5233,775,1790,-5205,1843,1200,-5205,-57,375,-382,1525,4644,-4447,1575,-1014,-2509,-70,-1164,-300,2347,5143,-26484,1255,-1164,439,2310,4931,-23875,-74,-1912,-1426,-1150,-5,-1912,-836,-1800,-4115,-7000,-532,-3272,-5086,-1905,-2841,-3460,-4560,-3025,-2841,-4326
2/5/2024,2074,3452,460,2535,2942,-1562,1353,3714,-1921,2910,3270,-2900,-1051,2125,1490,-17,-318,-2791,315,1282,5101,390,1901,-2212,-100,-475,3037,-405,3445,-4572,2835,3270,-1555,2535,2942,-3100,2520,1807,-3100,1955,1706,628,-595,3449,3184,-483,2561,-4362,290,3651,4888,-447,6121,-2076,175,3651,4119,-375,6406,678,4597,-1801,4250,-1721,1838,-2755,4385,-1511,8607,1839,1894,1328,5940,1775,-139,-2469,6112,5138,-139,-335
2/6/2024,335,499,-778,185,3424,445,3639,6262,-778,335,3424,445,3460,4498,-1227,1575,7186,2649,2040,3105,1073,5005,7293,-2058,4524,3132,1945,5005,5743,-497,335,3424,-680,2400,3424,445,3125,2954,445,469,2909,270,3460,2815,-1781,2595,3541,-1264,2040,3994,-398,4014,10923,13837,4025,3994,-3213,5005,8676,16675,2062,10128,2358,6718,2358,10128,4333,7009,6065,-2365,4350,298,3587,-2412,5133,-2305,1689,1950,5133,-3882
2/7/2024,29,2033,-2661,35,1880,-2135,-12,366,-2661,825,1224,-3115,-1592,6852,14140,-450,7712,4405,-1514,8690,9794,6270,5693,-2685,-671,278,1518,5605,5693,-3271,100,1880,-5692,35,1880,-6510,0,1485,-6510,462,269,-2460,-1330,6882,17849,-252,7712,10697,-2045,9424,14397,5378,-2594,11750,-1675,9439,13787,5605,5693,12599,-2972,-2650,-4040,-4176,-2454,-2650,-1140,-4176,8330,12260,8360,-205,7421,3277,11078,-4105,1175,3386,11078,-5411
2/8/2024,440,-1153,-4572,2505,-840,-4120,3647,-1153,-4572,1165,-335,-5805,780,-2050,1764,729,-2095,-868,1831,557,-5966,-1265,-5295,3363,4239,-1900,-1447,-973,-3595,11211,1945,-3100,-4106,2505,-3100,-6985,2505,-3100,-6985,1460,245,-4670,780,-8,4302,729,-2425,3589,1831,-2049,-5726,-79,-5811,11665,4245,-2049,-6535,-79,-9050,11665,1951,-5000,-720,-5310,1951,-5000,375,-5310,-493,-5552,1953,7746,3926,-4776,1805,15,3598,-5365,1805,1397
2/9/2024,-1470,-4150,-4016,-740,-4150,-1931,-1262,-4155,-5481,-865,-2870,-1349,-1530,-4470,-6775,-325,-3985,-6826,-1565,-4985,-2908,-1475,-710,-2276,-1430,-2800,-4430,-2320,80,-4524,-1815,-4150,-1507,-1040,-4150,-639,-1040,-4155,-639,-1865,-3760,689,-680,-6635,-12885,-825,-1696,-8518,-2445,-1664,-3572,711,-260,7285,-1415,-1664,-3572,2650,-710,9590,-3035,-1826,-2960,-1951,-3035,-1916,-2960,-1831,-4395,-7425,-640,-5805,372,-6567,5719,-1038,-783,-5430,5719,1237
2/12/2024,30,-1805,-1908,350,-1245,-4637,985,-1805,-1908,210,-641,-3622,340,-2748,-6841,965,-3030,-5375,340,-1635,-7472,2610,-2240,3805,-520,-2425,-204,9190,-100,5529,260,-1245,948,350,-1245,-6029,985,-1245,-6029,-1705,-2555,-4949,340,-2355,-14333,20,-2015,-9790,340,-6185,-10813,9408,432,-28349,690,-6185,-9990,8795,-380,-29075,-4189,-3451,-2672,-4150,-2889,-3451,-2495,-4150,-3487,-5969,-4335,3086,-6906,-1665,-1605,-2243,-1876,781,-1605,4383
2/13/2024,3058,3803,16587,2705,4007,9564,4481,3803,16587,2586,1600,15764,4371,3935,-1390,2311,8317,9129,5723,7172,8232,3216,17383,-1813,4445,1695,5700,3256,11829,4012,1595,4007,13655,2185,4007,16401,1555,4007,16401,3015,1931,15580,4825,4690,3740,2311,9072,11032,4385,6776,9947,2720,16624,37976,5475,6776,9947,3256,17490,38083,6282,8430,6644,8142,5691,8430,11494,8142,-79,903,1826,4378,5820,5553,3310,9835,3112,3428,3310,13488
2/14/2024,1085,819,2236,1117,83,3690,1474,401,2236,135,1549,4613,2268,9067,2275,3894,5448,9214,-279,8932,12904,1518,1703,6354,1226,1378,7765,1717,2978,4760,135,929,4004,1067,1444,5139,2620,1444,5139,630,1127,1082,3998,9067,3056,5290,5448,11134,1621,9213,15870,2383,2197,-11373,3921,9213,16062,1717,1703,-9460,312,4802,1011,1846,312,4802,1024,1846,1809,3916,1825,6701,3264,1349,4555,9271,2612,1939,3595,9842
2/15/2024,-775,-3640,-2735,479,-3640,-1062,479,-3640,-1596,-775,-2380,1377,2040,-2985,-5005,2040,-3153,-7250,-1540,-4445,-6440,-790,-4439,-2036,975,-2640,1067,-1465,-4282,-6388,-775,-3640,-1351,479,-3640,788,479,-3640,-228,-675,-2371,-4636,2040,-280,-2630,2040,-6155,-7785,415,-5202,-9662,-188,-2447,-46421,975,-5202,-13374,-1980,-3378,-46470,-2556,-3484,-2655,-4536,-2556,-3484,129,-4536,4620,-5227,2772,-5136,-320,-6358,-4359,-5153,-1366,1067,-4359,-6090
2/16/2024,3643,1110,4556,1084,665,3702,1009,670,7698,3491,645,-180,2708,4674,2735,2913,4031,4235,2498,2623,-2280,4931,1317,6668,2619,2094,3212,3466,1142,2379,3581,645,2635,1084,665,2235,1456,385,3295,1290,1245,-2740,2630,3587,8525,2913,2170,6368,1866,2885,-3059,2093,-2365,-14589,1776,2885,3081,3466,1317,-12362,7290,4260,8687,513,8279,4260,6354,1038,3922,380,5730,3641,427,3729,3556,7773,2007,1429,3556,9788
2/19/2024,-595,6380,2785,1400,6380,2785,1400,6380,2785,-580,5460,2570,-920,6555,7950,-435,5510,5525,2690,11960,7475,3895,18305,595,1955,6545,-165,4380,17495,535,-595,6380,2570,1400,6380,2570,1400,6380,2570,240,4615,2570,-905,6555,8920,-420,5510,6870,2640,11960,9225,4275,20255,8980,2945,11960,9225,4275,20255,8980,-1255,-4679,-2265,-4375,-1255,-4679,-1325,-4375,-30,5829,1750,1745,7020,5900,8075,1370,4535,-160,8075,1370
2/20/2024,205,8780,8672,2093,9445,9643,6323,8930,7729,5217,12240,12115,4241,2030,-2172,2223,2961,3933,8773,1111,1054,3098,7688,5277,1588,787,5722,3555,7298,5708,5217,8780,8672,2093,9445,10626,6323,8930,9581,425,7845,13469,1200,1315,-3332,2340,2810,3933,8773,6665,-3566,86,6468,156,1588,6665,-5273,3555,7298,692,3335,3230,3983,5544,1374,8741,1223,2048,2990,-165,3450,6215,3397,-2958,709,116,2568,12327,319,3334
2/21/2024,1502,4688,9686,1240,4704,9251,1240,4593,9686,2515,4993,10996,9065,10222,6666,6460,12532,15712,16140,5844,9913,8520,6600,-3305,15195,5566,4455,10495,19786,1729,2515,4784,11391,1240,4704,10798,1240,4584,10328,4441,5032,5382,9065,11527,9824,6460,12568,13256,16160,18286,11413,10495,8176,10259,16150,18286,11897,10495,10195,8884,5873,4490,11490,5990,6699,4490,3497,6260,5278,4108,3021,5962,6788,2938,6650,2338,1599,1775,6650,679
2/22/2024,-1175,-2632,-4274,-1945,-2919,-4409,-2135,-2837,-4914,-2000,-2975,-5083,566,-3845,-6952,791,-3950,-5347,-750,-1149,-7486,60,-5408,-2033,-714,-2115,-2240,-635,-3994,9474,-865,-1505,-4527,-1825,-1505,-4275,-1585,-1710,-4505,-1590,-1290,-4220,2656,-4642,-19029,1431,-125,-2392,2390,3329,-8889,-790,-6924,-11638,2365,3139,-12895,-635,-7084,-9648,-4205,-5487,-4335,-5898,-4003,-6697,-3190,-5898,-4165,-7060,-4345,-4434,-2841,-7397,-3531,-554,-4850,-4855,-3531,1555
2/23/2024,-1190,-3047,-3605,-1795,-1082,-3343,-465,-2215,-1970,-1265,-1847,-6204,695,1920,-1818,455,1436,1300,107,5203,8828,-530,-2645,-5370,110,-98,46,-15,-247,-6880,-1265,-1417,3893,-1625,-1082,6063,-465,-1456,6813,25,-2885,2588,695,3307,1736,575,2495,2205,25,5168,12951,79,1392,34052,-90,5168,13916,-30,-811,32699,-3300,3733,-1316,7731,-823,3733,-10,7530,2875,10267,1130,9029,2881,18510,6012,6902,-903,415,6012,16156
2/26/2024,-43,-1743,-4335,-90,-1935,-5080,-30,-1258,-4335,97,-1564,-5820,155,723,2175,340,1183,-5550,-495,10,-8190,-370,-1807,-1589,-240,2474,58,-625,-1807,-1288,-43,-2420,-6285,-90,-1935,-5820,-30,-1935,-5820,-85,-1179,-5308,155,3707,-2206,-700,-355,-6890,-495,-375,-10049,-625,-1807,-48900,-240,-375,-10049,-625,-1807,-48900,-1069,-2493,-985,-7473,-1384,-2493,-390,-7473,1020,8027,-1212,4863,684,4669,6403,4324,1259,3172,6403,2270
2/27/2024,3,-271,4562,689,-573,4862,647,-271,4562,60,-573,8188,1047,-1240,1936,3333,-2537,1647,1120,949,2616,2498,-2687,-5865,1020,6415,2906,2164,-2564,-6023,60,-573,9963,689,-573,9082,689,-573,9082,-205,12,1336,1075,-1240,3233,3545,-2537,2747,1120,-197,8405,2030,-3719,7836,1969,-197,7900,2164,-3637,6093,238,2948,4267,4740,238,2948,3371,4740,-1559,3184,44,2263,3733,3444,4116,835,2038,1054,4116,-1305
2/28/2024,2050,3869,1728,1503,5609,1820,2253,5441,1728,1975,2949,3979,3950,11543,16631,4680,11002,-4685,4410,13863,13005,7035,18299,-1190,5620,6718,8183,6195,18078,-2700,2050,4242,6049,1503,5609,4761,2253,5859,4761,1960,413,5571,4155,12464,18280,4680,13426,-4998,4610,14716,13265,7378,14477,-10219,4750,15826,13715,6305,16242,-9450,396,3553,0,2322,396,3553,0,2322,13765,23018,5700,4321,3813,8380,2290,-4115,5210,2345,2290,-4972
2/29/2024,95,-1021,-1119,397,-459,1652,70,-1484,-1119,212,-809,3274,93,1069,1557,270,-22,1943,10,5137,-4257,579,1180,8710,-880,2167,5421,745,1180,8688,410,-459,2949,595,-459,4967,70,-779,4967,-515,-2222,478,-30,740,1287,110,-22,1943,10,1130,-5483,99,1707,20875,-880,1130,-2651,745,1180,23693,54,4477,1120,5577,39,4477,755,5577,-2709,-1287,-104,2321,-2543,-3601,-65,10247,1330,163,-65,9978
3/1/2024,-1465,-4398,-4932,-1685,-3930,-5190,-2462,-4398,-4932,-1975,-2975,-3514,-1595,-4465,-6380,-1250,-3805,-7425,-1960,-4500,-8415,1325,-3270,-4170,-1470,-2440,-2520,1930,-2370,-1727,-2490,-3755,-3230,-1910,-3755,-2230,-1760,-3755,-2230,-2775,-2715,-2133,-2215,-9680,-21948,-2865,-5895,-9510,-570,-6320,-14845,1719,-4912,-11667,125,-6695,-14490,2575,-5190,-11667,-5900,-3811,-4295,-3439,-4295,-3811,-3065,-3439,-4200,-7015,-2300,-7495,-4342,-7498,-2477,-6047,-6290,-1935,-2477,-6047
3/4/2024,2545,3073,1734,1585,7610,-2795,1585,3985,3532,2545,3450,2850,1015,2720,-746,1185,2894,2556,455,3167,-625,550,-2365,-3080,3078,695,3187,550,-2000,-1827,2545,7235,1734,1585,7610,-2795,1585,3985,-2795,883,568,-737,1015,9465,-1673,1185,3356,919,455,3451,-983,550,-1324,14717,3078,3451,-983,550,-1324,14717,3752,438,2120,6864,3967,-452,2155,7754,-633,579,2756,7036,2081,4634,-3820,5825,798,4892,-3820,6180
3/5/2024,1737,3026,2372,490,4019,-833,758,2155,2011,2831,3260,440,3310,6538,3867,1205,11682,13803,4321,17817,16017,1538,15277,113,4267,4635,-4705,1633,9335,-4060,2806,4237,367,490,4019,1275,740,4824,1485,3088,1575,210,2520,8348,18576,1205,10875,20735,4810,19979,28761,1759,13991,32824,4585,19979,30521,1633,17077,34580,3204,2802,1422,-3762,3091,-327,2331,-141,12097,4455,6955,7813,10686,11433,5762,1620,2952,-4705,5762,6690
3/6/2024,-525,2384,3353,-490,2156,1605,244,7919,9892,-280,1247,-983,-145,1415,-3587,150,-2919,2123,180,3509,-1647,1505,380,384,2130,2168,555,1455,1550,-4207,-280,2867,5383,-490,2156,-251,244,8740,3842,-970,597,-2445,-145,2015,2207,144,-2685,-8052,180,1915,321,1510,-667,-9275,2130,1915,151,1455,380,-12092,2191,3925,649,4527,4036,7004,-276,3516,-2138,-6574,-2883,-6550,-3942,-7381,844,-2127,3056,778,844,-3881
3/7/2024,-1434,7935,7052,-1985,8157,6940,-1433,7935,7052,-1825,7287,14202,-1580,-3965,-5055,325,-1584,-5695,-1814,-3330,-7165,4450,-2265,-4111,-885,-1702,-4470,4450,-1100,-7441,-2505,9032,7052,-2555,9032,7794,-2555,9032,7794,-310,6652,15075,-1860,-1943,-14620,1530,-2365,-9475,-2140,2790,-8138,4899,-2499,-26486,-1635,2790,-7886,4450,-2860,-26058,6744,2733,6744,4312,6744,2733,5744,4312,-2490,-6795,285,-5365,-1635,1401,-2375,-5505,-2240,-3000,-2375,-5505
3/8/2024,1849,1400,5179,620,1541,6102,2245,2891,6132,2094,1235,4719,1932,1117,-5316,715,3845,-5609,-1765,4467,-3812,230,11270,-5262,175,62,-11,-2440,9075,2549,1849,1700,5179,620,1541,6102,2245,2891,6132,1039,770,1418,1600,688,4528,715,3845,3956,-2250,2298,4229,625,508,10057,581,2298,5533,-1155,2140,11703,4303,4768,4944,3867,3683,5363,5121,2319,1944,-3951,1875,-2756,3026,-7100,9830,27083,-1770,-1050,9830,25516
3/11/2024,-593,-1976,-3799,-495,-2621,-4671,487,-3998,-3799,102,-1690,-6276,595,11368,15221,705,4900,9282,1153,13222,15720,235,7486,-4537,1317,1320,870,30,2287,-6750,170,-4066,-9247,-495,-2621,-11916,487,-2621,-11916,-1409,-5446,-10301,1735,8228,18050,705,4947,9078,825,12581,788,1005,7166,-25841,2070,12731,15644,460,7486,-25583,104,-6559,-1610,-4405,46,-6559,-965,-4405,1861,6460,5222,5553,3493,8234,-4755,-4489,-1972,-30,-4755,-4554
3/12/2024,-528,1713,2197,40,3852,3528,123,2540,3204,610,2305,3068,-1222,-2029,-6884,1655,-2315,-5470,-956,-2164,-5955,285,270,4633,27,-1872,-3290,-145,2138,7036,610,1589,2997,40,3471,2593,40,3501,2593,1563,1289,839,-1080,-5365,-13806,1475,-2660,-5308,-600,-2453,-2757,1438,309,11883,-230,-2453,-1837,-145,423,10676,3462,10415,4835,10899,2348,10415,4485,10934,-4437,-7294,947,-2808,-1300,-7441,3100,8778,-845,-2880,2650,10080
3/13/2024,1422,1688,6920,2170,84,4057,1701,1688,7906,1355,1159,3656,4530,8048,19131,3640,5530,17259,4938,4811,16929,4825,2370,19775,2445,2602,2000,4715,4040,27032,2480,1325,7912,2490,1325,3917,2490,1325,6240,2910,1520,3605,4530,9760,25980,3640,9033,21569,2740,5051,22018,6441,4728,29927,2445,5051,24578,4715,4366,31794,1675,5703,3425,4730,2439,5703,1817,4730,6099,24420,6310,20141,4213,22206,15136,12526,5640,2152,15136,15656
3/14/2024,2895,8065,10982,2630,8660,10845,2446,8173,10982,3010,8945,10845,5625,4091,3259,1755,6499,17922,6248,8595,27447,6680,13672,19182,4158,2831,-1610,1665,13629,14290,2895,8660,10982,2630,8660,10845,1000,8770,10845,2135,6355,11350,5625,9771,20070,1755,8782,27029,5791,17195,42926,3544,14634,29968,6136,17195,43014,2140,18175,42458,2825,13278,2109,15248,2951,14686,2842,13895,7820,6461,4824,26362,14133,31100,5812,2590,5430,-3650,5812,4373
3/15/2024,1703,771,687,1305,813,1594,1358,1384,224,368,1406,-1223,1825,6446,10324,-161,6875,12831,2164,8685,12114,2249,4193,5146,1390,2005,-128,4050,5979,5146,990,1108,575,1305,1214,804,1020,1451,1030,-900,534,-7429,1825,6446,13050,769,6875,15396,2164,8685,18987,2526,4193,6069,1390,8685,20463,4050,4193,4184,770,4466,1735,8947,770,4466,1017,8947,7733,14633,6342,22401,4463,14375,5836,8832,4861,2100,5836,8832
3/18/2024,-135,-2404,-3636,-425,-1447,-3358,-75,-1561,-4236,565,-210,-5338,1152,-36,-1968,490,-653,-4605,475,72,-5341,-1395,-3320,335,59,-780,-1110,-1955,-3545,1349,565,-2340,-7776,205,-1585,-7498,205,-1585,-7833,325,-2765,-7705,1360,-36,2606,430,-603,-2512,1430,105,-2968,-1449,1229,-103,5,105,162,-880,3145,2060,-3347,-2789,181,-1900,-2092,-2789,181,-1900,4131,-346,551,-5244,1506,-669,4592,-6195,1100,2312,4592,-5716
3/19/2024,-815,1842,-4210,-1275,457,-4210,-707,2067,-4210,-335,-2805,-6415,-1614,-3885,-6816,-795,-3595,-7170,-1620,-4475,-7092,337,-6455,-5880,-1120,-1880,-4425,1395,-4425,-7455,-155,855,-3711,-460,840,-4165,-85,1080,-4165,-685,1969,-7340,870,-1895,-10395,680,150,-4885,380,1164,-5582,2692,-6877,16687,485,1164,-3775,2320,-4305,18024,-399,-5132,-1015,-6108,-1015,-5132,-2995,-6108,-3915,-6544,-4040,-7420,-6797,-7375,-6185,-6920,-2980,-5495,-6185,-7490
3/20/2024,825,966,-5096,215,1065,-1184,94,1860,-5096,550,1130,-3524,920,2379,1245,-255,75,-7450,-895,470,-7041,590,-3040,9257,-5,1574,-2765,285,-2945,14841,550,1105,257,215,1065,1669,560,365,9463,-845,1190,760,920,2379,4015,-135,2225,-907,-895,-595,-8578,590,-4185,-10515,-5,-1430,-7972,285,-5515,-10107,-495,-2927,90,7650,412,-2007,110,9235,3465,-2485,-3848,-7339,10787,-6725,-856,2112,1791,-5925,-5260,2437
3/21/2024,30,-1428,-5062,-305,-2297,-5550,-680,-1051,-4043,-680,-1550,-6180,465,-3885,-6805,65,-3897,-6390,-30,-4365,-6375,1535,2992,-4584,125,-2755,-1422,1300,-493,-4584,-680,-2555,-9664,-305,-2255,-9030,-1050,-2210,-8550,-145,-1578,-10645,465,-4035,-12112,65,-842,-9105,-30,-3875,-15199,1535,192,-4584,125,-4375,-15199,1300,983,-4584,-3515,-3297,-4154,-5750,-3515,-3297,-2974,-5750,-3710,-5465,-2000,-5974,-6820,-5253,-3897,-4569,-2280,53,-3928,-5322
3/22/2024,-910,-3605,-2557,-1135,-3605,-2557,-1135,-3605,-2557,-765,-3150,-2015,620,-1310,-3463,-885,-1400,-1253,-1685,-713,2462,-855,-6490,-4094,-735,-535,-3006,-1585,-3950,-4828,-1025,-3975,-6992,-1135,-3975,-7237,-1135,-3975,-7237,-185,-1527,-5967,870,-3340,691,435,-3450,-323,-1635,-4570,-911,1036,-4237,-8113,-1090,-4570,-205,-1055,-7430,-9534,1013,-1145,-265,-855,1013,-1145,-265,-855,-1659,-3691,-525,2377,-2457,-1380,-505,-6025,-2840,-5935,285,-5068
3/25/2024,1965,5622,-648,1830,1073,-4899,1305,5622,-648,1595,2912,-1437,1105,1505,-886,1030,2650,-3318,3668,151,-364,1630,-3590,-1767,2290,1320,-620,1630,-1585,-6776,1595,233,-5651,1305,233,-10590,1305,233,-10590,1655,-745,-6745,115,2333,7243,1030,2650,-4484,1550,3530,-3474,1761,-2223,-36831,4535,3530,-3351,1630,-4175,-37132,368,-1352,-819,1313,247,-1352,1106,1313,275,-2339,-1720,-3535,-3075,-2988,965,-4429,-222,-1690,965,-3679
3/26/2024,-730,-195,-7945,4,-230,-7805,-1604,-330,-7620,-612,136,-6830,265,-3885,-5091,150,-1183,-5391,791,-59,-5465,-600,67,3525,-124,158,-1258,-485,857,5010,-657,-195,-8470,4,-230,-6313,-445,-330,-6503,-735,-4065,-13460,265,-4900,-16963,150,-979,-2607,791,968,523,-251,-208,27378,-74,968,523,285,836,27942,-2641,-7668,-1610,-8220,-2691,-7668,-2305,-8220,-1562,-7254,-20,-4501,705,-1940,1949,6072,-1980,-1520,1949,5631
3/27/2024,155,1797,-410,1853,1355,-410,432,2308,-410,155,1245,-270,5982,7303,932,2538,4026,5576,2859,6833,770,3145,6245,6328,5791,2738,2755,2630,5640,2728,155,525,-270,1853,1133,-270,432,1133,-270,325,1950,-3990,5120,6815,1445,2438,15716,-5832,3683,5910,626,4961,10694,-20674,10373,5910,-847,2630,10099,-23137,1291,-3633,2959,508,1553,3950,3999,-2939,3880,45,2330,-848,12256,4694,3810,12,3203,1255,3810,576
3/28/2024,-1060,-305,-3073,-1300,-3041,-5165,-1300,-305,-3073,-1060,-2660,-7335,1137,7185,-1539,334,3592,-3595,1641,6290,-4749,2915,-4630,-3505,2850,3270,4128,2990,-2610,-6540,-1060,-3120,-3073,-1300,-3120,-6435,-1300,-3120,-6435,-1545,-2900,-3083,1137,13360,10089,334,6839,-6524,1915,6750,-6046,3861,-3716,-18517,3115,6750,-5519,2990,-6635,-19260,1731,-2932,1249,-6119,1690,-2932,1035,-6119,4130,923,-380,-2995,1913,-4768,-4155,-2168,10223,1567,-4155,-4170
4/1/2024,-1005,684,-2648,-930,-1175,-4435,1393,-424,-2648,-815,210,-5560,1468,-759,-1314,500,-2650,-3164,2574,3154,1023,1465,-3289,-809,1005,3426,150,1465,301,-2255,-815,-215,-4528,1955,-1605,-3715,1955,-1605,-3715,-2890,-4295,-6960,1465,-759,179,500,-3070,-8876,1245,1008,723,1465,-3143,-25562,1005,1008,751,1465,-3289,-27574,805,-734,255,-1687,194,-77,-172,-1702,-1812,-19,815,-2870,-2892,-5066,-4050,-4020,868,-140,-4050,-4730
4/2/2024,-917,-2884,-5991,-1645,-2924,-5910,-2384,-3530,-5785,-820,-1305,-7065,30,-4245,-6000,-835,-3570,-4644,-1610,-3715,-3357,-835,-4500,-3190,-1305,-2805,-2923,-795,-2565,2263,-820,-3500,-7606,-1645,-3540,-5481,-2835,-4655,-5191,-1125,-3063,-8778,30,-8490,-17270,-785,-4890,-16340,-4030,-10410,-8873,-795,-6854,-22473,-1255,-10805,-9280,-795,-6605,-22670,-3996,-4088,-4495,-3188,-4467,-4088,-3460,-3188,-4495,-5123,-2890,-7445,-4665,-5235,-3865,-2231,-6330,-2335,-3865,-2241
4/3/2024,415,615,7731,265,1823,5501,-978,3135,5501,1810,-620,7731,984,-4021,-1896,30,-547,-7495,-230,-418,-5946,115,-3900,-4930,380,1534,-2864,-312,-1530,-3380,1021,61,7731,-300,1823,5956,1306,6045,5956,80,2038,4174,-1570,-4750,-14675,-2255,-2939,-20290,-3690,-1454,-19969,968,-4003,-19613,-1030,-1454,-21865,-250,-7540,-26260,1153,8549,1435,4366,1153,8549,1435,4366,706,-2925,-3472,-1475,-5309,-3919,-6280,-6590,-1735,-625,-6280,-5252
4/4/2024,125,-1021,-777,-255,-729,-2057,-589,-1683,-737,510,-568,-3223,-540,-805,-5552,-1030,-1010,-1665,-465,-1498,-1752,1155,-6290,8117,25,-1330,968,1090,-4270,575,510,-383,-988,-155,-294,-3392,-155,-699,-2947,900,-1700,-32,-540,-805,-4247,-1030,-1010,-1720,-465,-860,-3585,373,-5525,9656,25,-1045,-3060,330,-5525,9173,-1386,-6608,-1380,-2495,-1386,-6608,-470,-2495,-4023,-3753,-3865,-2208,-132,-782,-6380,-6029,-1485,510,-6380,-4713
4/5/2024,-510,2401,-1135,-63,1649,-637,-428,851,-1135,513,3094,-1570,97,-2110,-4973,-205,-2615,-2480,346,-2280,-2841,1489,-1195,-2737,680,-2055,-4450,2141,1405,-6060,322,3094,-837,510,1649,-2329,30,1649,-2329,258,-190,-4507,-260,-705,-2424,18,-1610,-143,186,-148,-2153,5887,-1195,-19837,603,-148,-5928,5330,-1195,-18543,307,-198,341,-2159,-1056,-198,341,-2159,-1426,20,455,2586,8414,2207,-5760,-4935,-1431,-5445,-5760,-513
4/8/2024,-472,809,-452,478,1563,328,461,809,-452,-340,2938,-1767,670,7864,2459,960,2895,-5987,392,6403,-4151,535,2183,-4417,1702,2125,2513,535,1817,-5362,-340,-245,-2547,478,-245,-3882,315,-245,-3882,-50,-512,-4802,675,7864,2796,960,2895,-1975,375,7923,1948,734,3010,-6000,1583,7923,-1562,765,2183,-8102,2462,-3147,1053,-1614,2462,-3147,525,-1614,6351,3533,7376,-5940,5939,329,6434,-6649,2752,2959,6434,-5836
4/9/2024,3473,3506,12315,3045,4552,5198,1294,4667,12315,2495,4893,7043,3445,2568,8676,3021,4435,1205,2073,1402,-5356,2756,105,-3925,5034,-1835,-2260,3966,-420,-6315,1940,3053,3781,3045,4552,9083,3015,2938,9083,3645,248,-5389,2745,11674,9510,4595,7915,6849,4102,2915,10195,4826,10667,-25979,3750,2915,9385,4445,9070,-25479,3450,-1832,3580,-2694,4436,-1832,1970,-2694,2040,4819,-1235,-260,2415,-2601,3304,-5800,25,-2225,3304,-5800
4/10/2024,3318,6164,8036,3780,6984,6607,4385,6525,9526,2898,6239,12092,4105,7468,10251,3860,7831,11551,2792,9815,8792,4668,10150,12408,6922,10038,6653,4703,7452,12988,3318,8034,12708,3780,6984,12118,3868,6525,12118,4433,9065,10359,4105,7468,10135,3860,9097,12218,2792,6783,3086,7239,10014,15348,5545,6068,2336,4703,10014,13228,3280,6371,130,6172,4033,6371,3160,6172,6668,17787,3096,12038,3004,13563,6963,11745,8891,1806,7728,12430
4/11/2024,235,-2133,-5779,-570,-2375,-2395,-1027,-2228,-4289,0,-2310,-3399,-780,-4040,-6918,-740,-3145,-6452,357,-4083,-6400,1910,1871,4866,-1388,-2190,-2870,1120,2085,5826,235,-2335,-4682,-570,-2375,-4055,-570,-2430,-3330,995,-2658,-2535,-780,-6035,-17913,165,-25,-8727,1445,-3325,-6503,58,1720,-2425,1730,-4090,-5885,1120,2505,-2425,-3130,-2221,-3062,-470,-3142,169,-1907,-470,-4232,-7240,3790,-2940,2335,-7445,145,2695,-500,-3858,145,1925
4/12/2024,35,-625,-3545,-1080,-1434,-1137,-1745,134,-3207,35,-511,-2684,1515,6348,7444,1565,8783,12617,1370,3270,8874,290,5276,213,1929,456,87,335,6471,472,35,-511,-3657,-1080,-1434,-2684,-1745,-1607,-2764,-1145,-2730,-7700,1515,7862,9425,1565,9103,14410,762,4065,9623,699,5992,2870,1140,4065,7395,347,5729,3602,-2203,264,-972,752,-1823,264,-1352,752,1565,8479,1762,7859,7995,12973,127,548,-276,38,127,548
4/15/2024,-1195,1215,-2748,-880,2795,896,-1905,-1088,-2065,-1265,2845,1208,-505,-3150,-6200,-455,3404,-3614,-1620,2250,-6792,390,13991,-4412,-1490,-921,-4930,180,9128,-5179,-1140,2845,-1387,-930,2795,1391,-1905,255,1648,-1225,1030,836,-505,-3030,-16084,-480,3404,-1524,-465,2906,-3220,-718,11198,-2206,-325,2616,-7005,180,13475,105,317,-2879,-440,-3448,-2056,-2879,1995,-3448,-3650,-6200,656,-6128,2641,-7488,-852,-2800,-1376,-4925,-852,-3750
4/16/2024,4315,4022,2433,4363,4773,2433,4464,2522,2433,4212,3724,2433,3119,7792,23611,1865,7252,16787,2089,7393,29174,5205,6399,2805,1520,6521,2112,3440,5674,1560,4212,3724,2807,4363,4773,2807,2501,2869,2807,3396,1917,6778,3119,6909,19013,1865,7252,17171,2089,7994,32725,3662,6342,5237,1520,5989,22339,3440,5674,11203,3416,7420,6724,6064,3416,7420,6724,6064,6185,13880,3608,6066,2316,14758,399,-2511,3203,1772,549,-2454
4/17/2024,995,1040,19,1639,2845,755,1405,2700,-144,995,985,112,3554,171,-6793,840,9682,4903,4121,7894,4899,1230,14530,21604,2043,297,102,650,10748,2798,995,1040,32,1639,2845,736,1405,2700,26,-765,240,-158,970,1445,-1435,2105,9682,8350,10408,10142,7954,925,8880,2989,3082,9738,8889,290,9254,5442,1465,770,2814,690,1178,290,1725,5567,1173,-6972,4069,-2097,7503,-4900,2587,-2528,-1790,38,2587,-2528
4/18/2024,577,1154,4425,2455,1905,3519,734,1154,4425,2875,1440,1679,973,2199,-5325,1365,2596,-6513,589,1967,-5461,905,6185,10568,1200,1388,707,645,8615,14120,1253,3105,4707,2455,3105,4707,948,3105,4707,2207,4140,4738,1990,3237,-6862,1365,1030,-5670,1060,1935,-3279,463,10141,7798,1335,1935,-2799,1155,10860,7002,1580,-1848,2005,8844,2080,-1848,2125,6506,-953,-848,-176,-4318,191,-229,24631,-4608,252,3546,24631,-5118
4/19/2024,155,2,-2315,100,3110,-1732,50,-124,-2829,155,2635,-1897,286,-4456,-7000,391,-310,411,34,1764,7760,3495,827,5095,-1260,-1835,-4745,3005,2671,12979,155,1445,-1630,100,3110,-954,50,1515,-648,370,1515,-5765,1035,-1260,-4195,1710,-310,1129,1140,2270,9088,672,1330,23670,310,1515,9948,-1510,4280,26818,226,-3899,660,-1208,1559,-3899,470,-1208,-474,-7060,2860,7260,-2021,5714,3790,12652,-2296,-4740,3790,19043
4/22/2024,885,-2599,-3523,3488,-613,-5791,1584,-2599,-4834,885,83,-6240,880,1941,1150,-110,-3363,-816,2309,359,-6274,1960,-6271,-905,1137,1729,3211,720,-3938,-3206,885,-613,-4699,2490,-613,-2871,3103,-613,-2871,785,-3471,-8105,880,1650,5560,2290,-923,-4211,1310,327,-5581,-1323,-9924,-3031,2305,327,-5643,720,-9923,-4612,208,2177,1446,753,418,2177,845,753,-385,-1904,-2039,-7165,-5169,-5687,-5325,3742,-1190,1270,-5325,6327
4/23/2024,1290,1813,448,105,1790,-340,-38,3640,448,200,2684,-3415,695,5420,-5120,5292,2950,415,2019,7810,-5520,7905,1945,-4186,2389,-2275,-3275,8105,1160,-4789,-155,1640,-585,105,1790,-3415,-38,3640,-3415,-170,1850,-4260,785,3060,1450,6007,2855,-5922,3611,6080,1145,7415,1650,4275,2630,6005,12275,9430,-50,1718,1882,280,2920,441,2114,280,2355,441,-2253,-5077,1065,-2349,2411,-368,-2548,-3964,-2654,-5665,-2548,-5300
4/24/2024,844,3810,-2191,729,1634,-1737,2822,3435,-3156,-845,3109,-2732,1030,2291,3075,2393,3530,3432,1902,1616,-1859,3335,-30,-5180,2686,242,-1569,4125,-533,-7415,-845,2988,-6265,729,1634,-5700,1470,3062,-5652,750,821,-3623,711,859,11645,1556,2640,4100,1625,2330,8139,1875,-2797,9627,1515,2330,8536,4075,-3245,13058,-698,-3143,-268,-1060,3907,-3143,67,-1060,3807,-4520,815,-306,213,-3350,7613,-6080,1422,-532,7613,-4356
4/25/2024,-840,90,-4871,-870,288,-1276,-870,90,-4871,-840,288,-1309,-1955,-3513,102,-1060,-3700,-587,-1550,-3590,-7150,-1330,-1980,-6106,-1285,-2500,-4955,1265,-3105,-8316,-840,288,-3502,-870,288,-1309,-870,288,-1309,-65,-202,-6732,805,-670,1255,-300,-1370,4605,1975,320,-3876,-291,-1980,-5095,2365,-70,-5015,205,-1980,-5446,-3440,-3537,-1916,-1796,-1916,-3537,-1582,-2281,-4155,-1264,-2250,14494,3531,10871,-2795,4301,-2990,913,-2795,4446
4/26/2024,1020,109,-4863,718,168,-4090,1420,-939,-4863,765,279,-4680,0,700,-4145,1500,120,3720,2086,2540,475,1405,-3280,-4906,629,-730,-2650,2040,-3280,-7225,820,-1315,-4863,533,168,-6705,2170,-710,-6705,575,-51,-4456,955,1174,3161,1730,730,3741,1738,3724,2267,1784,-1191,-18085,1215,3724,2522,1645,-3280,-26101,-283,-577,-2880,-2931,-1444,-577,-850,-2931,3812,228,5761,9782,8082,9728,-1250,-5587,1349,-470,-1250,-6256
4/29/2024,3760,7197,1106,3935,7965,4517,3872,7197,2373,3710,4935,3806,8907,8552,17063,5710,9490,14960,9155,9241,18928,4152,9225,-1190,14249,5819,4311,3517,11200,-932,3710,8010,3464,3935,8010,9059,3935,8010,8789,8281,7324,8427,6187,12635,30255,2955,13430,26956,4560,12960,33684,3587,5229,5060,14614,12960,35900,3587,6935,3865,3706,6013,4881,7817,3522,6013,6019,7817,11085,16550,4308,9113,14818,12733,10365,3478,5265,3891,3992,1128
4/30/2024,1079,6286,-2617,585,8360,-3105,1251,-1145,-2617,95,11327,-2978,137,-3676,-4648,-410,10571,3851,960,9589,27014,725,11591,10296,1191,1207,-1678,-270,2351,11068,145,8360,-4588,60,8360,-2978,175,-2923,-2978,-1505,3178,-9985,1370,-3676,6486,-410,10461,3864,1450,10802,17195,-1320,6419,7297,1515,10802,12066,-210,7156,7552,268,-2966,-2030,-4231,-367,-2966,-1060,-4231,-2824,-7245,3612,1735,11074,-7918,11845,20,407,1690,10795,20
5/1/2024,530,11222,11610,9625,10712,11020,715,10789,12031,395,13745,12527,3941,4525,10875,9630,6275,16873,2987,5995,19417,3490,4151,49024,2776,1615,9810,3490,4151,97193,530,12443,11499,9625,10712,12623,715,10564,10306,1337,4650,8040,2850,4525,24210,9630,6275,16317,1240,5735,20231,4581,4875,52220,2150,5735,22640,3490,4151,97193,8914,12954,3219,13190,4199,12794,7283,13190,4690,13361,4902,11498,3832,14093,411,13209,1663,5540,-1924,6230
5/2/2024,-664,-17,1583,30,253,2225,5,33,957,-660,1728,3086,-1795,-1062,1932,-1430,-2390,-5227,-1940,-1259,4526,-1220,-1834,-5955,-1485,1785,25,-1765,2563,-7500,-685,623,1583,30,253,2626,0,505,2349,-995,3270,1340,-1830,-1062,5189,-1975,-3180,-8003,-3370,-1985,3977,-2263,-2166,18896,-2945,-1835,4727,-1825,-1834,18495,-649,3554,705,4928,-264,4107,-600,3651,583,-4454,-1746,-7480,1620,-7496,-6495,-7000,25,517,-6495,-7500
5/3/2024,15,-286,-3330,-440,-946,-2879,-686,1629,-3330,-435,-521,-4942,471,2516,3393,3630,3442,3189,1288,6339,-2090,-1045,5605,-1950,2433,-465,1390,2511,5442,-4852,-1600,-2020,-5295,-2020,-3070,-6907,-2020,-284,-6907,-1125,-634,-5625,90,664,2694,3340,4349,1572,30,2304,-2038,-403,5532,-22653,950,1721,-5813,-2395,5954,-24942,203,-2856,-2425,-3540,-1023,-2856,-1785,-3540,3587,7003,6791,4640,7706,1937,14211,812,5611,6709,14211,-6251
5/6/2024,-1357,-1361,-2096,-1130,-830,-1470,-1355,-1105,-2096,-1132,475,-450,-1360,-3805,-5175,-280,-3475,-5930,-1525,-4455,-3554,280,1077,-1949,-900,-2230,-3830,155,647,-2259,-1232,-15,-925,-1370,-15,2545,-1035,-170,2545,-595,-2055,135,-2425,-10100,-22595,-280,-4120,-5930,-2050,-8895,-13539,280,2648,5067,-1855,-8895,-16030,155,4417,5067,-911,-696,-700,42,-1271,-696,-750,42,-4160,-6460,-3430,-2873,-3865,815,1004,9351,-3155,-5905,1004,9218
5/7/2024,1347,4211,-2136,1435,2595,-2120,1300,2838,-2136,1932,3745,-5605,2533,4945,-1049,2215,4446,-5115,-66,5206,-1343,3385,2653,-5846,511,1390,4336,1882,2653,-7361,2127,4211,-5462,1385,2595,-8585,1350,2740,-8585,1765,2920,-7885,2060,5253,5965,2215,4630,-3805,-820,5583,-1785,2364,2188,-8121,-243,5583,-1475,3352,2653,-8452,520,-4104,-674,-4602,520,-4104,-859,-4602,-840,524,-1250,-3957,-1524,-5068,-28,-6640,3001,1641,-28,-7292
5/8/2024,231,7413,-484,-1570,5050,-1013,-431,7498,-3412,-745,2705,-572,1010,-2731,4010,50,1411,4002,2678,67,2678,3075,1510,-4980,1530,-525,-2930,1555,-3445,-4725,-745,5625,210,-1570,5050,-2533,65,4514,-2533,-1810,5690,5272,1010,481,17962,235,2176,3696,2710,2235,1454,1688,6150,9087,1875,2235,1209,1555,3830,6653,1106,-420,1106,-128,1231,-420,1106,-128,-1985,4045,-1106,-1540,8157,1631,3155,-6035,4032,-1217,3155,-6530
5/9/2024,1380,2419,-3358,2010,3689,-4880,815,2419,-3358,1296,1872,-5735,608,9329,11435,160,7791,2318,2769,9956,7806,1667,717,-4906,2546,3008,675,2200,-2069,-5441,1296,5518,-8734,2060,5518,-10390,1140,4150,-10390,1630,6673,-12015,405,9329,11653,160,7791,570,3026,9113,9699,2692,1221,-30147,3681,9113,6400,2236,1355,-28966,-2107,-4866,-50,-3195,-2487,-4866,-720,-3195,2740,7155,2889,593,9768,-2749,1610,-5768,1074,89,1610,-2686
5/10/2024,-450,-665,-5358,-900,-1260,-4905,1940,-694,-5358,-450,-875,-5205,620,-768,-175,1007,565,-2763,-650,-1218,-4946,-880,380,-1843,-402,175,917,-880,-245,-4008,-450,-1855,-3788,-900,-1260,-6310,1940,-1260,-6310,-1090,-3140,-7220,620,-4210,3489,1007,-2410,-6982,-1365,-4740,-7878,-880,-6135,-50237,-1280,-4215,-9469,-880,-6135,-54608,1301,-312,754,-1814,793,-312,246,-1814,686,321,449,1405,-1374,2482,-2171,-4870,-494,3732,-2171,-4870
5/13/2024,-583,4101,-1213,558,5435,-1213,183,4580,-1213,-583,4530,-2690,365,8061,9815,1180,4665,6261,365,11987,7239,260,17614,2613,369,4676,781,390,11926,3265,-583,4530,-1752,558,5435,-1752,183,4580,-1752,-1575,2700,-595,365,8305,10690,1180,8905,16426,365,12630,20601,390,20101,20340,460,12630,20852,390,20101,21875,-3318,-1624,-2371,-3952,-2371,-1624,-1783,-3952,12561,4474,9487,-897,15522,7900,10872,-1478,9682,178,10872,-117
5/14/2024,131,-824,-3342,130,-590,-1390,-369,45,-3342,235,-645,-958,1029,-2430,-6988,-555,-1744,-7126,-140,258,-7187,-155,1820,-2043,835,-1330,-3004,-160,1630,-733,235,-590,-2232,-370,-590,67,-370,-185,67,-365,-1915,-3148,1029,-3240,-3903,-325,-2329,-7011,-140,-739,482,-484,-54,6311,835,-739,502,-260,410,6311,2084,-3614,1111,1810,2019,-3614,32,1810,-4117,-7429,-3058,-7370,26,-7484,134,4704,-856,-4295,134,4649
5/15/2024,-1500,-3899,-3519,-1650,-3290,-1746,-1745,-3899,-3519,-1740,-2670,-1954,-1520,-4230,-6695,-1135,-3960,-6022,-1712,-4490,-7435,-695,4170,3815,-1495,-2255,-4405,-255,2255,4049,-1590,-3170,148,-1745,-3170,1785,-1745,-3170,1785,-2475,-4000,158,-2520,-8860,-19900,-2120,-4730,-4230,-3780,-4558,-10770,-1739,4400,986,-2835,-4558,-10155,-590,5860,2804,-2880,-1778,-2780,-3643,-2780,-5620,-2820,-1617,-4370,-7370,-2145,-2541,-684,-3586,-590,256,-3485,-1188,-590,256
5/16/2024,153,-3690,-2962,5,-3690,-5976,5,-3765,-2962,-45,-2605,-5506,85,-2465,-6765,-45,-3129,-6352,159,-4310,-7496,770,-3745,-786,64,-760,-2365,1180,-3125,3811,395,-3690,-11645,5,-3690,-11796,5,-3765,-11796,45,-1455,-11537,85,-2465,-13785,-45,-3019,-10970,522,-5230,-15138,1663,-3745,-18989,627,-5230,-15350,1425,-3745,-23582,-2108,-7667,-2423,-6540,-1928,-7667,-2545,-6945,-4080,-6403,-3267,-3493,-6203,-5334,-1370,6188,-2065,532,-1370,3099
5/17/2024,-310,298,2342,30,189,2167,45,1016,2342,-310,555,5581,480,-3685,-3115,510,6340,2232,294,1678,-868,-776,8798,-2989,-181,-25,4706,-1476,5804,14894,-310,239,13593,30,189,13105,45,957,13105,-165,1524,13004,480,-1490,-3184,510,6110,9135,294,2745,19368,-821,14931,38702,474,2745,19650,-1476,17210,38702,4754,14936,5330,13655,4754,14936,5347,13655,-3388,-4720,7976,10720,1334,11137,9832,21868,749,7257,9832,18683
5/20/2024,3269,7567,-2500,422,8346,-3851,541,7567,-2500,2260,8256,-3851,2432,11666,-457,3530,11935,1297,5273,15727,5907,6090,22348,-4396,3826,7060,2451,5370,13521,-5526,2680,8346,-4979,122,8346,-7970,422,8346,-7970,-525,4344,-3561,2745,11435,6369,4485,16030,1130,5015,19745,10051,5757,24604,-5232,4760,19745,2457,5320,25306,-9127,3707,-407,3971,-2594,2152,-407,3971,-2594,9197,2748,12097,-3966,11547,-3599,30236,-5061,5125,-238,30236,-5694
5/21/2024,493,-4410,-2035,-1152,-4410,-2495,528,-4410,-2035,493,-2705,-2500,-1241,-4320,-5346,458,-3575,-2008,-1880,-4115,-159,-954,377,2418,-1445,-2340,-2830,-1189,3104,6408,493,-4410,-3698,598,-4410,-2500,598,-4410,-2500,-495,-4155,-2125,-1115,-5670,-18288,-1520,-6250,-7002,-2980,-8607,-6221,-2203,393,32649,-1130,-8607,-7435,-844,377,34755,3,-409,3,175,3,-409,-1600,175,-4355,-5760,-1312,-21,-3344,-3621,1138,2233,-3070,-2485,1138,6306
5/22/2024,590,4103,5515,1000,6545,5515,3588,3321,6758,1920,2902,5515,20,-4265,-6960,1455,-3305,-7440,660,-4265,-7500,1290,1818,-5990,1125,-1665,-216,-440,-3569,-7190,635,3605,9283,1000,6545,9283,3588,3321,10998,1436,4075,2568,20,-134,-11029,1455,1900,-14195,660,2706,-20885,2160,1015,-42400,1195,2066,-20740,2160,1015,-42970,726,3236,726,6070,255,6128,229,6603,-4413,119,-4421,-6419,-3324,-2269,-5984,-5848,-1925,4261,-5984,-5074
5/23/2024,27,-350,6277,162,3435,7548,437,1210,8233,407,397,-471,1632,259,-1378,-1180,304,3005,4923,3949,4922,4182,4801,-4724,330,2188,2789,4182,4236,-6961,407,2340,519,162,3435,-4935,1035,3405,8505,922,440,-260,1150,59,8190,-685,379,6185,4887,3424,6891,75,4801,-13740,4512,2609,5391,4182,4236,-13933,755,4060,1391,4151,1858,5060,1476,6406,-252,-2371,90,5740,1823,5092,825,5264,-861,-569,825,5264
5/24/2024,564,-800,-480,50,-690,-480,-500,-1529,-480,10,-1226,-139,555,1045,-2086,80,-643,-5825,967,-548,-7265,-1675,-5785,-5690,2338,1068,-2875,-2475,-4000,-7454,0,-800,-139,50,-690,-139,25,-690,-139,-211,-565,4417,555,1045,-7035,80,-643,-17715,1175,-3109,-16725,1574,-1545,-16285,1777,-3109,-24374,-1855,-7315,-22230,5960,-1164,6605,3340,5644,-1164,6645,3340,896,-288,-4189,-5030,-2790,-3273,-5877,-5420,-785,-2605,-5877,-5420
5/27/2024,560,-17,1994,-535,-15,1368,-535,-17,1994,560,2685,2084,-1555,-3865,-3275,1015,1780,315,-883,190,1456,1540,-570,-2305,-495,-2000,-230,2105,6711,-2305,560,-15,5647,-535,-15,5595,-535,-15,5595,-205,-500,4791,-2090,-2975,-3670,2010,1780,315,-725,1015,1456,2483,-765,-1641,-1040,1015,1052,3080,-570,-1690,57,1037,-535,1085,57,1037,-535,1085,-3930,-6820,430,-1935,140,-3660,40,-1160,-2225,-1480,40,-1160
5/28/2024,1020,3670,10292,2680,3670,11218,1510,3465,10948,1050,3775,13981,4883,5080,9818,3065,2236,14639,16380,3792,11601,12835,1141,2184,10060,835,4578,12835,1917,3112,1020,3670,10467,2680,3670,9481,2620,3465,9211,2140,2325,12134,4845,8905,30701,3065,6400,20030,12195,7745,21913,6654,1141,-917,16425,7745,21913,12835,1141,-6765,1723,3941,1454,6453,4379,1948,4285,6397,4888,13639,981,1910,6117,1048,471,-4207,7406,5738,471,-3004
5/29/2024,172,942,-808,1255,671,-1840,1742,1812,-678,510,101,10,881,-889,-2331,355,-2330,-4548,2609,-1269,-6201,1995,-365,-5545,2518,75,1294,2470,-365,-4355,-400,604,854,345,710,3351,345,1630,3351,-945,-3215,-879,520,1450,-6793,355,-2330,-8309,1290,-960,-18945,2594,-365,-32925,1095,-960,-18945,2470,-365,-32925,21,3438,1583,-430,28,3438,1913,-430,5789,-1157,5925,-2156,7243,-1489,775,-2428,4908,5478,775,-2380
5/30/2024,-787,-745,-3182,225,-864,-458,1030,1336,-3182,1395,84,-3085,-1897,-3806,-6934,136,-3930,-7468,-1278,-3827,-2979,1651,-4470,-1918,-188,-1298,-2533,1496,-4115,1169,1425,-737,-6703,40,-727,-3085,375,-938,-3085,880,-2110,-100,-2000,-5815,-10159,-889,-4210,-2997,1255,-2958,-8041,-990,-4452,2531,-300,-2958,-7060,951,-3746,5165,-367,-4290,-510,-4146,-367,-4290,435,-4606,-4425,-6603,-2587,-6991,-6216,-5402,-365,11591,3031,4602,-365,16515
5/31/2024,3965,7466,17610,2198,4332,22905,2069,3552,10249,3685,4245,12531,2896,-352,-3371,745,3261,-1026,1626,3395,19908,20,2438,6094,720,1649,-697,20,1514,-401,4305,3755,13081,2198,4438,14812,2069,3494,9507,4050,6601,11321,3362,25,-3527,745,3390,-3866,2670,2295,-3176,570,-2016,-14363,975,21058,-4088,20,-1689,-21055,5110,12986,8069,13505,7573,11406,7564,13412,-240,-3784,3813,190,4713,-2118,5137,9351,2078,-582,3812,5815
6/3/2024,3001,4426,1456,2527,3002,3082,1362,2940,3983,2405,4635,5054,-560,-4035,-6870,-899,1423,-6975,1751,2400,-6975,-218,1030,-40,209,-2830,-4915,85,536,-2025,2405,4311,-347,2788,3545,3758,2633,2008,3457,2158,1094,-2512,-840,-4980,-7508,1245,3855,3675,1780,3415,-255,-20,3276,26267,1835,3415,-255,1150,-1250,21844,6489,5373,8767,1387,7877,5059,8453,1387,-4400,-6970,-4400,-6970,391,-6970,-495,81,-2605,-4955,-705,9
6/4/2024,146,-95,-27,-887,-470,-680,-1460,-1183,2813,413,253,1124,3185,3572,-1900,865,873,182,2835,1180,2426,-185,-3719,-2906,3165,192,3866,-549,-3611,-1048,123,-984,-1718,-790,-470,-26,-1440,-1480,-1157,-1105,-3975,-2244,3185,4096,4857,865,873,1648,2835,1180,302,-1976,275,3737,3165,1480,1494,-549,-2879,5719,-2039,-1041,-975,-3056,-2039,-1041,-975,-3056,324,2009,1010,3179,-25,4077,852,2525,1190,-9,852,2525
6/5/2024,-857,-1215,-1249,-905,140,-1098,-1318,140,-3339,-575,-1585,-800,-1970,-3895,-5740,-1465,-2269,-6293,-1994,-4431,-7319,495,1896,-854,-1361,-2845,-4460,680,1588,-1064,-790,-295,3669,-905,140,4816,-905,140,4251,-915,1670,2138,-3845,-6985,-22751,-1995,-5285,-8234,-2745,-9120,-15628,1131,2000,14493,-2660,-9120,-16925,1130,2185,15264,-654,3470,740,920,-787,2902,630,920,-3830,-7370,-3580,-4135,-5133,-7259,-866,18301,-3755,-2569,-866,19662
6/6/2024,68,2140,137,-90,2862,181,209,2497,137,78,1613,485,160,14816,7039,715,5507,7538,4055,20381,6565,5494,8227,-1557,4662,7499,-2232,5619,6243,-3117,68,1190,-1020,-90,2562,-1020,60,3269,-1020,-305,456,-374,160,14816,6159,935,5507,7538,4055,19974,6565,5619,16082,20428,4662,19974,6869,5619,16082,21001,1187,-5954,3510,-4789,809,-4401,-2756,-4789,960,5854,2544,5852,3103,820,1776,-1344,-514,1037,1776,2446
6/7/2024,23,-206,1976,256,2826,46,1580,987,-71,471,194,1487,-640,3014,6007,-348,3305,5873,323,4068,4939,389,-410,7376,-189,6492,3924,-371,3647,11926,763,-63,1388,256,2826,-1598,199,2290,-1598,663,3713,4812,-640,4056,9774,5,3140,6782,-150,3933,4725,262,2951,9333,-1625,3933,5562,-550,-1055,7661,1953,-1186,1479,-2629,1953,-1186,804,-2629,1882,2256,4676,3663,3139,1472,2651,2755,2192,2436,2651,2755
6/10/2024,256,1236,2728,-795,1739,2728,591,1236,2728,-800,1300,978,200,1676,-566,6760,1706,12900,4475,3629,5897,775,3854,2701,5,1699,-5290,928,6290,2514,-850,1739,1514,-795,1739,-1641,380,1739,-1641,1319,2433,-3198,2040,6519,24887,7780,5384,17919,5091,8864,27210,1275,3933,1993,4590,8864,28288,928,3854,2514,2509,1725,1932,-1288,2509,1725,1414,-1288,1638,7535,11991,6755,9632,6267,2852,-3168,-336,-3398,2852,-3168
6/11/2024,460,-2512,47,1180,-1535,1156,1180,-2512,47,680,-995,1076,-1420,-1867,-5840,-1190,-3860,-1160,-360,-3582,-7457,270,-257,5749,-330,-2158,-3038,-440,-2257,-3018,460,-1535,600,1180,-1535,1392,1180,-1535,1392,545,-745,-1121,950,-2545,-13244,0,-1860,-1581,-360,-5852,-4935,-395,1113,17937,-380,-5852,-6099,-285,1658,19884,-3582,-2332,-3913,-2141,-3582,-2332,-2820,-2141,-3200,-6974,-3002,693,-3611,-7323,460,-4574,-2192,-2405,460,-4954
6/12/2024,7515,6321,12865,9540,6878,12867,4870,8108,13211,6250,6138,13238,6980,17553,34972,6270,17330,33524,8214,19183,31978,8910,14630,13931,7094,11020,6395,9515,14630,15663,6380,6321,12921,9540,6878,13238,11663,8108,12614,7100,11258,11099,6980,17435,45912,6875,17330,42336,8315,19183,43173,10826,14630,24818,7785,19183,41686,9465,14630,24818,2405,8320,2405,5818,2405,8320,6586,4158,17042,31406,19918,29969,18421,21619,22468,24024,12151,1338,22468,23922
6/13/2024,125,1257,2704,295,1750,3078,190,736,2704,10,1845,4365,1318,-2397,-4209,2625,860,-7070,1418,-3800,-6690,967,4805,-4005,2465,18,759,967,4710,3136,10,1845,464,295,1750,4887,190,1359,4887,-1770,1586,-1964,1790,-2290,-8862,1440,-1350,-13305,1385,1219,-14545,1260,1148,18721,1625,1219,-16635,967,4805,5654,508,8755,409,5035,1910,8755,409,5035,1343,-4847,2733,-2111,-2002,-7179,3318,2741,2022,1956,3318,1620
6/14/2024,636,1923,-3251,-823,1425,-788,251,2155,-3251,703,1483,-2197,385,-2242,-1994,1203,4125,1036,-1125,-2585,1269,-125,5105,3729,-675,105,-2246,-125,4235,7012,703,2113,-3072,-755,1425,-1712,128,2155,-1712,310,-1450,-3553,385,-3297,-10356,1203,4125,1305,-1505,-2235,1269,-125,5218,30015,-1185,-2235,1427,-125,5105,31605,-381,-2187,-818,-2286,-1201,-2187,-468,-2286,-4263,-4367,-659,4051,-10,-2296,3911,5977,-4838,-1921,3911,4271
6/17/2024,348,-416,3793,-945,120,3866,-1597,-102,3733,-300,685,4605,-1745,-3840,-6485,-1155,-4080,-7290,-1514,-4840,-6855,-1555,-5555,-5072,-1217,-2600,-4900,-1870,-4390,-4145,-300,30,5284,-945,120,5709,-1480,120,5649,1655,-155,6805,-469,-7660,-13939,-214,-2965,-6415,-1030,-6615,-18059,-5141,-9182,-30201,150,-6615,-17670,-1375,-7225,-31112,-2320,3226,-398,6950,-2320,3226,-109,6950,-3850,-7150,-761,-6340,-5773,-7499,-5691,-197,-2873,-5820,-5691,443
6/18/2024,2030,2573,1730,1960,4845,-1011,1633,4048,1730,1990,5620,-3061,2825,7036,15372,1970,4688,3121,1370,9699,-48,1045,4491,-1665,2090,2663,143,2075,4114,-3115,2030,3810,-4132,1960,2795,-4350,1633,2860,-4350,-700,3125,18,2825,9336,14381,1950,4688,4633,1370,8592,11925,2755,4491,2717,2115,8592,4145,2755,4491,-3157,1067,-6769,726,-5515,1067,-6769,-354,-5515,2786,9984,-501,3623,2174,-1821,-2781,-2180,-1293,3423,-2781,-2180
6/19/2024,405,1040,1465,835,1040,1465,835,1040,1465,405,1040,1465,-380,3470,3500,-210,5050,8127,-395,6940,9742,610,8390,6771,-250,1325,1661,535,7916,9567,405,1040,1465,835,1040,1465,835,1040,1465,-1045,-1245,-50,-475,3470,3655,-210,5050,9120,-515,6940,11080,535,8390,16210,0,6940,11080,535,8390,16210,-545,-1737,-545,-2390,-545,-1737,-545,-2390,3515,1365,3665,2075,4270,2181,2135,-1464,2755,1205,2135,-1354
6/20/2024,440,2503,1719,1005,2510,-501,234,2363,-855,440,3098,1416,2357,3513,-5125,1970,9115,18666,600,7242,14311,230,11723,27393,225,1614,-2719,700,11723,28223,440,3111,1671,1005,2971,103,234,2971,587,-1030,1867,-3660,-385,4136,4644,1970,9115,18666,600,7998,16859,3213,11866,11197,225,7998,18852,650,11723,12517,2746,-1383,4215,-2792,3640,-3208,1448,-1384,3048,-7215,3905,14843,5284,14563,960,-3435,-234,1554,960,-3435
6/21/2024,2634,1878,-4347,2150,2743,-4284,1975,4304,-3846,3220,2084,-3153,2139,2276,4063,1575,6000,1723,3821,9991,4764,6405,1625,77,1884,9590,3422,6720,1365,-2558,3020,2221,-5276,2445,3054,-6305,1660,6371,-6305,3086,1088,-2153,1355,3963,4707,1410,7425,5309,3821,10270,3650,6382,1287,-14299,3137,10270,5117,6702,-385,-13818,-2597,-2005,-1497,-2417,-1951,-2005,-895,-2417,10848,10740,2334,3231,5475,6635,2655,-4230,4707,1367,2655,-2450
6/24/2024,-1460,-349,3429,-1275,125,1865,-1061,-1089,-3306,-1460,2283,3846,-495,707,-2920,785,1757,2303,530,3776,-2317,1430,3335,-680,595,80,-791,1430,860,7566,-825,-133,3246,-785,125,3266,-785,-2067,2376,-885,-4905,-1718,-495,32,2328,785,1757,2710,685,3682,-2317,5176,4724,13188,660,3682,1051,1430,4399,17240,2521,6708,1872,7103,1800,6708,2903,7103,5191,-56,1125,7507,7351,11531,24,2996,69,2204,24,3484
6/25/2024,778,3114,3945,682,2452,2742,890,1661,4328,2832,2962,271,1965,-3255,-6908,3430,-214,3406,2463,511,3192,135,4206,9104,1451,-1710,-2055,910,4206,12747,2962,3114,1271,682,1291,1039,1463,1246,1039,-950,2615,-1724,1440,3855,-4087,3430,-214,3406,1700,820,6084,2840,3343,41728,1770,820,6243,910,4206,42477,1273,-2577,529,-2589,1582,-2577,2022,-2939,-2712,-6004,557,1100,844,4302,-2325,9973,-2055,-2610,-2325,11637
6/26/2024,1079,1627,-2259,3250,1987,-2810,1384,4517,-2259,5920,1800,145,2259,12745,13752,3610,8086,6132,1458,12452,13831,2780,9997,3292,1463,1068,4799,2355,7005,3620,4005,2365,-2870,3150,1987,-2870,3035,2490,-2870,3810,2127,1146,2225,15503,17991,5705,8128,8358,1955,14663,17931,1579,13359,7219,2010,14663,16862,2355,12011,4295,2749,-931,4456,-2330,2519,-931,4209,-2330,2497,5917,3142,4122,2811,-366,6470,-3341,4532,3028,6470,-3391
6/27/2024,-321,299,-2274,435,968,-4267,461,-591,-1173,-305,80,-5145,2555,9153,18705,4030,7231,-870,4453,7717,-617,5809,1030,-4967,3990,6582,837,5669,2255,-6201,-305,968,-3655,435,968,-6468,461,-299,-5000,-3280,-170,-4045,2555,9599,22044,4030,7231,876,5034,8068,-1778,6936,878,-36676,3186,8068,-1146,5669,1030,-35061,2743,-4947,-14,-6473,1551,-2762,-287,-6948,8377,21158,1317,-5101,9543,3472,-6278,-6422,4983,5642,-6278,-7305
6/28/2024,265,2737,-2147,206,2496,5330,889,543,-3577,1473,2814,4890,902,-1650,-5233,897,-535,-6850,-1332,-1759,-6895,1036,3378,-741,307,-2646,-1214,929,-3330,-3720,265,3005,3105,206,2496,5330,1101,2098,5050,914,202,1042,902,-2305,-18440,897,-535,-1678,-840,-2230,-5370,-415,3808,3678,630,-2230,-9908,162,4030,4980,5392,532,2290,3590,5331,532,1545,3590,-3483,-5220,-1640,1325,-4686,-5902,-30,5803,-671,-1757,-30,-1328
7/1/2024,-319,592,-1633,20,396,-883,-429,416,-1633,130,916,-853,35,-3355,677,-1355,-3110,-7204,115,1275,2441,2535,2063,-2320,2470,-737,-3475,2535,2469,-5005,130,406,-1661,20,396,-266,20,371,-266,1245,662,730,35,-1115,-4801,-35,-1155,2562,1355,2383,1993,2535,2678,29956,2470,2383,768,2535,2063,29873,-1453,4897,-510,1212,-587,54,-735,5796,514,4053,-773,685,-600,1008,-410,555,-2710,-3036,-410,1375
7/2/2024,-335,157,3524,-1035,1537,2615,-1002,157,3524,-730,1537,1457,-1085,-3613,-6959,-995,815,-3575,-671,-4443,-7373,-1320,2736,20957,-1370,-2305,-4030,-745,906,5459,-780,1537,3524,-1035,1537,4255,-1065,1537,4255,-925,-2480,-3225,-1010,230,-17854,-785,2935,1107,-270,2530,-5500,-1430,4608,33783,-940,2530,-5320,-835,4696,32853,874,5009,605,4665,37,5009,709,4665,-4421,-7292,-2375,1110,-2345,-581,3375,1760,-5405,-3120,3375,1760
7/3/2024,250,-669,4051,-120,-847,4723,-38,-634,4051,-355,-775,4893,-1925,-4260,-6695,-1020,-3960,-6695,-480,-4260,-6695,1305,5910,-4885,-448,-2150,-4485,35,-444,-4885,-355,-847,2645,-120,-847,5153,-365,-642,5153,-715,-1430,2200,-2015,-10285,-22330,-75,-4115,-6585,370,-7860,-9344,-1242,6571,-4885,330,-7860,-9230,25,5910,-4885,-440,1458,-440,3079,-440,1458,-800,3079,-4400,-6215,-3925,-5975,-6290,-7190,2190,-2040,-4400,-4080,2190,-2040
7/4/2024,1305,5350,3310,2190,4765,3310,2605,5730,3310,1740,3925,3310,4220,7155,6400,3000,5795,11400,5170,11460,15455,1920,9835,4310,4215,3040,-185,2670,5935,5695,1755,5350,3310,2190,7265,3310,2605,6230,3310,165,5225,3310,5250,7155,8840,3105,8165,12795,5170,13305,16850,2835,18055,28830,7110,13305,16850,2835,18055,28830,-141,-2440,-1870,-2665,-141,-2440,-835,-2665,4885,1940,2625,1665,970,1710,850,-770,1845,-180,850,-770
7/5/2024,-1041,-3490,877,-1125,-3705,1112,-1196,-3490,877,-805,-2630,1112,-190,-4355,-6820,-1395,-3240,-4545,816,-3970,-5316,2645,6050,-1156,593,-2895,-4560,1185,5418,96,-1550,-3705,877,-2190,-3705,1112,-1615,-3705,1112,-1225,1127,-629,-140,-12360,-19750,-1340,-7745,-4550,619,-11235,-8183,1069,6133,17137,941,-11235,-8183,1185,6350,18977,-3327,-1260,-2375,1011,-2439,-1091,-2785,1011,-3463,-6250,-1810,-2830,-5230,-1746,-1751,6425,-2975,-4470,-1751,-3549
7/8/2024,-325,3148,-898,-345,665,-1656,-970,-897,-898,-325,2899,-2570,1046,4032,22350,117,414,12900,1015,4357,15026,1020,-2335,-1707,359,-238,10459,260,-2335,-3730,-325,3372,-2511,-345,830,-2511,-970,1630,-2511,-505,1187,-168,1025,4032,22874,655,718,16502,1768,5141,26134,-323,-808,10536,1583,5141,27680,-135,-2335,11478,-456,-1820,-1694,-3355,-1828,-1820,-1896,-3995,5289,13885,-828,7189,1925,8673,-2176,-1936,448,7647,-2176,-739
7/9/2024,-1422,5094,-998,-870,6049,386,-935,6229,-998,-905,3114,4365,1440,-860,-6193,705,-1335,5249,-176,1375,4422,-635,3361,11068,1155,1958,-2033,-585,5094,11963,-905,5389,1491,-870,6049,3340,-935,6524,3340,-1385,2505,3945,1440,-1030,-4586,-800,-2620,7691,1255,740,4862,150,-16350,53879,950,740,7664,-585,-15290,55126,299,1409,423,2026,16,1409,202,2026,-75,-5910,105,3760,2931,-3561,3478,520,1106,2797,3478,13887
7/10/2024,-814,-1512,4001,-1355,-711,3201,-2484,-1231,4001,-740,-82,6457,-2000,-4500,-6061,165,-1614,-5985,-1104,-4075,-5152,60,570,-3236,-1380,-1870,-2235,30,358,-2254,-650,-721,7578,-1355,-711,6706,-1920,-1656,6706,-571,-1885,2556,-2465,-9030,-18966,165,-3225,-6285,-2385,-4715,-4757,-1380,2618,1418,-1655,-4715,-5241,-330,3205,1418,-829,4441,215,1473,-634,4441,-290,1448,-4410,-7181,-3995,-3440,-5971,-3658,-5590,-5080,-2485,-1710,-5590,-5960
7/11/2024,-1499,2662,1663,1155,4358,361,1307,3031,-1009,-425,3239,-274,250,-1492,-2157,-590,2115,6465,-1970,2323,8494,1000,1755,-1897,-1475,162,-1972,40,839,70,-425,2896,1284,1155,4358,160,1745,4035,-3195,235,3473,1205,-174,-990,-2871,1380,2115,6418,-1425,2985,9156,36,-182,5104,-1290,3300,10246,40,1335,6202,1187,700,1021,4038,215,163,716,1481,822,-816,4885,11654,5237,8476,2118,1480,772,-1606,2118,3565
7/12/2024,5423,2235,7997,4205,2810,5525,2974,1955,8012,6723,1543,7721,966,2238,3269,3364,2230,-2705,2523,1991,-1092,6045,1132,3252,568,4064,226,20320,2232,1216,5988,3190,5562,4185,2810,8499,4185,2775,24616,5030,4255,12728,4010,715,6123,7250,13546,-2194,1295,1395,-3099,3151,3219,-14892,1830,1395,-4360,6630,1615,-16229,8781,20953,6180,13859,7195,20958,4530,8319,-68,3491,779,-2395,590,-2313,5268,1774,2027,1445,5268,2392
7/15/2024,3305,1373,10172,597,2385,8143,2207,3555,6895,3098,2315,10746,2008,2977,3351,3370,5416,5983,1436,8881,25957,2665,3140,-3882,1490,1832,1467,2665,134,1172,2485,2315,10288,597,2385,8421,1982,4004,8351,2346,5465,14575,1155,4175,9886,3370,3903,13202,1670,8134,20645,3169,4411,46983,2205,8284,24273,2665,3133,46504,4632,3218,3585,3218,2463,3208,3815,3218,5048,18034,6402,14550,8660,2278,6206,7130,2125,2476,6206,6896
7/16/2024,3712,4976,3030,17,1365,2512,2906,5044,2782,68,1360,3422,2105,4401,2513,4284,12527,1111,436,3452,1953,1195,12388,7230,240,5631,4810,1195,10219,7673,38,1118,4303,57,1365,150,20,2853,150,-220,1635,-2781,2105,4495,167,4284,12527,1111,436,3452,1953,1195,12388,4206,240,3602,1033,1195,12388,-6393,1009,2018,1555,-359,2902,1119,1842,137,1623,696,3030,923,1856,5394,5734,8043,326,2246,5734,7069
7/17/2024,163,1063,-331,-995,65,1917,-460,-768,-256,890,-830,1962,1392,3006,-2189,-1470,-1586,1315,1283,3969,2039,61,6906,15028,1361,-2140,328,61,6757,16849,890,392,1827,-5,-345,0,-100,-25,-115,805,-167,1833,2514,286,-5490,-870,-2026,2378,1580,4192,3443,802,5236,22645,1655,4192,3994,61,6931,21438,3951,-122,4593,1760,2529,1211,4787,1979,150,2158,1417,-1985,-1246,931,6228,20704,-984,-1615,6228,21276
7/18/2024,1242,8205,19637,4385,6049,16201,6015,6480,11541,4100,6990,13959,3010,-967,12415,5261,6570,14947,7900,5766,32206,9545,11730,22265,9255,1563,1878,9330,5825,24711,4410,7125,20290,3660,6049,16201,6015,6113,14974,2940,6863,5185,3010,3280,30300,5261,6570,24782,7900,5700,37922,9545,9310,44231,9255,5700,38165,9330,10610,49465,3082,6667,1625,4609,3277,3777,6170,2722,2761,12108,7645,18873,10536,22391,8405,1807,4551,3914,8405,13353
7/19/2024,1715,588,4642,1707,-490,6770,3,-200,5280,962,-329,4146,1510,1826,-6910,2885,1827,10152,2422,4240,14554,1856,5751,7502,3153,876,-4600,3261,4593,10564,962,685,4642,1707,-490,6770,3192,800,7445,3241,-360,-262,1720,5029,7702,412,1827,11415,1910,5262,14554,6416,5654,19805,2491,5262,12527,4161,5751,22506,2110,-137,1804,2760,1083,1983,1384,948,1670,-5105,5020,9264,2096,5850,18880,4697,-1891,-4475,18880,23936
7/22/2024,341,1820,1033,2220,557,3514,2131,784,147,1138,2230,-1637,5176,8872,212,3253,4541,-2529,2006,7693,-3915,3516,-1416,-3741,2632,2480,1527,3516,226,-6981,1138,2456,-3039,2220,557,-905,2220,2095,-3765,2016,6505,-1360,5176,8872,5046,3253,4541,-2529,1985,7713,-6578,3516,-2074,-30553,3035,7328,-5495,3516,-2690,-29992,826,10573,978,7798,-389,7198,880,10578,11001,-5287,-1061,-4216,6478,-4310,683,-4103,2746,587,683,-2420
7/23/2024,1638,-106,-4073,-513,-235,-1055,-484,1290,-2045,1722,-480,-3110,240,4861,4595,550,5594,6408,1981,4421,6342,806,626,-5579,69,949,2461,806,-2980,-5919,1722,-290,-7135,-513,-235,-5410,-415,304,-5415,407,-775,-2325,835,4861,4424,780,5594,6408,2426,5453,8390,2456,1367,12412,2191,5453,8831,806,1136,10767,3926,-3480,3981,-805,3421,-2027,4983,-3296,7537,9729,7584,490,4482,5556,3949,4823,2336,2701,3949,1521
7/24/2024,-1226,409,4452,465,944,5511,1495,60,4154,-370,3069,5542,-1650,41,-6540,-1035,577,751,-1685,-148,-2794,-1720,186,4754,-1430,-2274,-198,-2025,186,21253,-370,819,5363,465,944,5954,1495,606,6111,-520,730,6675,-1750,-260,-12270,-1495,577,-4292,-1785,384,-411,-2115,-1667,12672,1115,-1,1301,-2115,186,11375,432,2588,2795,4153,983,2588,6670,4153,-1700,-7156,655,-3589,5176,4476,2793,24443,-655,1158,2793,24218
7/25/2024,4251,-1065,950,3966,-1065,12096,477,-1065,2924,4795,731,2509,14631,2523,-3778,5785,2605,1457,2527,1315,-2135,5571,4741,3464,3192,763,9101,5571,4741,3829,6010,465,613,4196,13476,1905,2416,-1923,8240,3720,852,3495,5694,2230,-6589,5595,2605,-5543,6008,3489,7757,5917,2364,-6869,6168,2669,9370,5571,4741,12116,3595,1646,3765,-645,2559,3241,4120,3558,1898,-5343,3815,4209,6845,-198,4935,6400,5534,11013,4935,4445
7/26/2024,1976,5621,-499,690,3928,711,678,3561,-499,1678,5072,4961,-1555,4040,12734,-940,3135,762,243,4093,3196,-161,5909,4205,1885,4425,1429,255,4124,3367,2118,4233,6111,690,2194,5205,690,2061,5205,586,3813,4834,-1640,5255,10948,-1520,3120,494,-1300,4480,3085,96,3011,-14519,1033,4480,4049,-395,5764,-16295,-216,-2774,-3344,-2381,-1675,-4899,-2054,-3891,4657,17283,-241,-5115,1202,2114,-1446,4556,773,3510,-2376,4554
7/29/2024,835,-1346,-1109,805,-1540,-1109,1110,-1801,-1109,1450,-128,-4884,945,4069,5150,1385,2072,-1924,1207,4804,-5769,2212,4826,-5678,1928,1232,3751,2212,3776,-1388,835,-1525,-4336,805,-1540,-3838,1110,-177,-3838,-175,-3365,-12080,945,3998,525,1385,2072,-43,1202,3234,-1865,2212,2617,2896,1535,3590,-2343,2212,4231,3554,-1372,5934,-110,1707,-4490,1991,-1361,1847,5462,883,8000,-1347,5930,-859,4832,-3342,5123,2822,4832,-6112
7/30/2024,1844,6153,7810,2010,4890,2593,1371,5977,7810,1875,3267,4246,-1555,4548,-6960,-1270,4714,11907,-816,6429,4985,-1535,8325,11132,1834,-1927,-4480,1208,-298,7921,1870,6430,7810,2010,4890,7338,1831,5205,7338,1495,2355,7498,-420,2462,16377,835,4714,8331,-1125,6545,14042,-315,3327,15501,-395,6545,12560,126,5775,9247,1881,6629,2791,6156,5213,9236,3425,8857,373,-7455,490,4101,3699,7990,7288,-1944,2801,-4975,7288,-1944
7/31/2024,1083,3239,9027,628,3727,5216,1388,2808,6824,405,6790,11068,4916,6555,2887,4873,4091,6316,6385,3252,-1098,9056,-2783,-2893,6897,1036,1560,6365,-540,-2692,1780,7915,20099,3193,4357,13504,2000,685,13568,140,5515,5423,5089,3388,15484,4873,4091,6535,9216,3463,15898,8959,-3192,4403,5740,3463,16297,6365,-3625,8860,6152,4500,3760,7076,3398,4788,1549,2510,4762,6241,5083,7595,5802,20954,4464,4385,233,-507,4064,5653
8/1/2024,-580,1977,-4430,-1065,2780,3920,-595,1356,6646,-780,2796,2820,-1710,-3545,-5705,-990,711,-5356,-1860,-2462,-5620,520,-1215,-6000,-1380,-1571,-1335,1072,925,-6575,-1115,3025,2302,-1065,2780,4880,-595,3580,5820,-1900,-360,-1265,-1610,-3295,-9108,-1220,711,-2775,-1760,-775,-8378,906,-3078,-4353,-1745,-2070,-7720,1333,-2195,-4235,5838,1481,3085,6110,4178,4642,5680,4765,1040,-7272,-365,-1039,176,-2829,-425,1978,-848,-1595,-425,14556
8/2/2024,674,4578,1692,681,2804,-1109,1808,4428,1692,115,-702,-1336,617,1264,10348,1811,3022,11463,967,2764,7406,1507,9825,2775,2833,611,2056,5739,8064,-3975,115,1097,-3598,605,2646,-996,760,3011,-3556,45,2537,-7473,955,2662,10711,2015,3022,9586,145,1706,6620,2352,8834,17981,370,1603,9834,1105,9825,13656,-888,-1341,-2267,-4263,6146,-1341,841,-4263,7452,9565,3432,8345,8250,18326,10361,-4154,1017,1217,10197,-2341
8/5/2024,5534,3482,3570,1229,5036,3710,3152,5817,10553,2296,5418,4504,1267,2676,1285,4953,5292,-2132,1926,6586,3460,7102,5032,-1951,2421,6158,5893,3941,1800,-2094,2939,6522,3570,1229,5036,3710,3147,4527,11193,327,-875,2847,866,5642,1035,4953,5292,-1545,1646,8641,-1059,7853,4115,-10681,1607,6636,1898,3941,4512,-16830,5785,840,5854,4671,3540,8044,7531,3908,3080,4419,7100,6714,4820,-501,6375,-1759,4125,5433,5575,-2464
8/6/2024,5392,15451,324,6765,4505,4926,5262,14901,324,6730,4715,4665,4720,2161,2708,7165,4695,4130,4446,16727,12244,4675,1135,782,12985,14881,2822,6670,17132,2358,7540,4505,324,6765,4505,3059,5366,3955,3059,7531,2368,7555,4720,5031,14225,7115,4695,4130,4760,27583,14187,7292,2330,-9835,5415,26323,7443,6670,2745,-7823,1638,2391,5668,3015,3034,2391,5623,3015,1805,5008,2195,16634,5932,6335,3615,12631,13081,3478,2620,9878
8/7/2024,1114,471,320,1140,220,2445,828,2436,2447,2351,955,145,-1985,-3840,-6228,-1435,-3505,-6397,-91,-338,-5740,-1670,1675,1364,-1425,-2040,916,-1720,1641,2514,1776,-15,320,1140,220,2445,1005,1995,4390,-1285,305,-300,-2435,-3410,-6217,-1740,-2035,-10912,-2460,-660,-45,-1130,413,-4397,-1730,-1785,-4113,-1635,310,-2958,-1222,-33,-1200,-326,-1893,671,2025,-301,-4474,-6624,-3760,-7416,204,-6549,-875,2583,-2571,-1036,-1455,2583
8/8/2024,245,-713,-4590,625,-1110,-4590,687,488,-4590,5519,-65,-4859,2550,2450,5317,5489,602,-736,5036,4066,6702,1635,597,-3703,5344,2299,5978,1635,482,-5770,545,-65,-5402,625,-1110,-5368,625,-520,-5368,4359,-2275,-5063,2550,2450,5813,5489,602,-736,5149,4066,6702,1907,3583,-23842,5804,4066,6702,1635,597,-28637,1528,-3260,1844,-3260,4584,-3260,3774,-3260,4249,8621,1393,2713,4189,5704,2950,7390,3341,4753,2950,7390
8/9/2024,363,3226,-147,520,1410,-2054,150,3185,-147,335,1227,-4350,1147,5961,13760,280,2153,11586,1438,5136,13009,2632,4895,104,1447,4051,22,2632,4895,11807,335,1435,-5002,520,1410,-9535,40,1235,-9535,1505,-2435,-11280,1720,4596,9539,280,2153,11597,1720,2630,13384,949,4661,17034,2020,2443,11891,2632,4895,17270,-1085,-1390,475,-4075,-256,-1390,395,-4075,2737,4484,3651,11007,5255,6945,7122,14249,-491,-598,7122,14249
8/12/2024,372,3350,1797,36,4205,2712,2179,4337,-18,1851,3520,-315,715,5546,832,1777,3136,6034,2252,7194,15893,5595,9316,-3690,269,5815,3566,6935,3215,-6648,1901,4205,1797,36,4205,-2146,78,5335,-3531,1160,800,-1675,715,5546,-2802,1777,3136,6125,1731,8265,15893,7986,30358,-11123,1125,8265,15918,6950,29355,-11890,-261,-4706,878,-6395,-716,-3477,953,-6395,3845,-2350,11766,4282,13070,2657,20315,-2997,2239,-867,20315,451
8/13/2024,1168,626,-283,1020,836,1015,1057,626,-283,-290,735,2507,-1565,-4445,-6780,-1405,-3980,-7340,5,-4460,-7316,-153,1896,-1100,-1036,-2525,-4580,-880,1896,874,-290,836,1340,1020,836,2948,1020,836,2948,1085,1335,4652,-785,-5845,-20370,125,-3755,735,964,-1690,-11016,-862,-489,24697,-230,-1690,-9105,-890,1896,24697,-218,3398,358,3152,-23,3398,-310,3152,-3915,-6240,775,-6950,-569,-6255,1165,410,-2216,-5990,1165,722
8/14/2024,3572,6281,5267,2251,7300,7397,3697,4900,6137,4746,4393,8936,2238,3472,14614,2635,4414,6964,4684,847,5002,3648,2604,-4296,3935,6079,2005,2470,2783,-5937,2388,6543,6472,2251,7300,8230,4139,6921,8230,1110,4968,9449,3295,6520,14353,2635,4414,5016,2800,3925,7914,2767,991,4218,1555,3925,9744,2470,3534,3141,1524,10055,1690,11403,2286,10925,1105,7138,3999,12938,978,3827,651,9336,-3537,87,2371,1334,-3537,850
8/15/2024,2027,4365,2841,1020,4365,2404,729,4365,2841,2090,2445,2500,4460,-4325,-6790,2930,-1422,-3602,5409,-3033,-7190,670,4130,-1469,5187,-2140,-4510,4195,7040,-1506,2300,4365,3305,1020,4365,2500,920,4365,2500,2355,3840,9155,4460,-1360,-6350,2775,260,2156,4485,435,-160,748,5268,-12709,5000,435,-160,1636,5255,-12709,2808,-1763,2010,-679,2808,-1763,1740,-679,-4105,-6315,-1756,-5556,1,-6715,2348,-5203,-6300,-4505,2348,-5388
8/16/2024,105,4003,8715,-490,2527,5754,165,2293,5097,105,2175,9277,327,-92,-5715,565,825,-4430,458,682,-3768,-335,-4680,-5556,-279,-1179,-1556,-295,-3675,-4657,105,2175,7788,-490,2527,7262,165,2075,7262,571,2315,6475,285,-92,-101,395,825,-12235,-1375,-1019,-6566,184,-3295,-14953,-905,-1019,-10161,-345,-4680,-16676,5302,11308,-405,8821,-691,7708,-384,10298,-2354,-4419,-1822,-7464,-3452,-6475,-3353,-5468,1444,-1590,-3353,-4887
8/19/2024,-585,-881,-2568,-890,-175,-1145,-1293,-881,-2568,295,185,3337,-1790,-4255,-6967,-1400,-4000,-7451,-1984,-4756,-7488,-1635,-2320,-4094,-1460,-2990,-3625,-2230,-2805,-1810,-520,-175,-1190,-890,-175,-793,-1220,-175,-793,1995,-228,-341,-4215,-11590,-20122,-3360,-7555,-5796,-3670,-8249,-16353,-1914,-3844,20334,-3510,-8249,-15940,-850,-2410,19643,-1581,5743,-1375,-1242,-1581,5743,-1415,-1242,-4097,-7448,-4277,-6545,-3855,-2421,-1465,-2965,-2145,-3569,-2160,-3655
8/20/2024,2371,1428,5576,832,2056,1812,-399,209,4545,1630,4595,286,30,1840,11261,100,-405,-2882,-1491,2204,687,-465,-660,-4226,1271,1553,2706,-1595,141,-4691,1695,2231,5576,832,2056,1812,849,1568,7103,1605,-72,-269,30,1840,11275,-460,-405,-2882,-1445,1575,687,-787,544,-9524,-285,50,-1241,-1960,-1955,-9391,1588,6262,72,6058,1573,6262,72,6058,4733,14251,1595,980,489,4075,-3690,1420,660,734,-3690,1420
8/21/2024,2371,3989,5481,2030,2078,7108,2116,3692,6493,2085,2168,4647,4237,4795,11951,5891,805,5550,2114,5892,10606,4814,1471,-741,4726,2050,3049,4814,1471,599,2085,2308,1239,2030,2078,1665,2171,3535,1409,2080,338,1629,8594,4795,12712,5891,805,6083,2114,5139,11156,6021,5424,-661,2739,5139,10366,4814,1471,-2911,3534,-114,2887,-1275,4019,-114,3746,-1275,2424,11057,1057,8039,4644,11551,5266,5553,1015,2105,5266,5553
8/22/2024,-264,378,-1059,220,2444,-2066,-442,949,822,1050,2320,831,-651,2384,-6425,332,899,1664,-353,684,3143,-330,6561,10510,-455,-958,-1325,-900,3132,19675,790,2505,-252,220,2444,2287,220,3444,2337,470,372,-2960,160,2384,-8183,332,899,1664,-585,1090,1694,-900,5730,14186,45,1090,1056,-900,8362,16035,2135,-4218,3715,1030,1698,-4184,3191,1030,2460,-7180,981,399,2232,-7419,1759,2989,-517,-4930,864,1414
8/23/2024,3635,4141,12682,2653,4578,14450,1291,4677,13410,2268,3387,8153,2284,3874,2534,2434,2469,1869,260,1594,-1562,3710,-406,-3502,1155,8090,1688,4811,4370,-4654,2268,3137,7229,3143,4578,7790,2015,5900,7529,871,1418,-346,2284,3874,2534,2434,2469,1869,260,1594,-3922,3710,1138,2347,-180,4255,-6665,4811,4370,-2484,1701,3301,2002,4982,1701,3186,1819,4982,4083,4677,5145,2608,3120,-1482,6345,4811,2992,1,688,2250
8/26/2024,2411,1703,-109,1460,-100,-1100,1460,115,-620,2001,-1195,1114,966,4998,22454,2964,5588,6047,785,5102,12969,1032,5975,-5697,895,2689,790,1240,12,995,2001,1589,-109,1460,-15,2359,1460,-45,-4673,916,-1660,1656,966,4400,23293,2964,5744,7312,875,5791,16611,1240,6507,12046,1105,5791,17260,1240,5887,12307,5399,-1294,6672,-2731,4632,-5086,4280,-831,10954,23138,1175,1708,3087,19336,-5350,-5543,2122,4353,-5350,-6027
8/27/2024,2070,3773,613,760,3315,-3712,2401,3773,613,330,-939,-427,749,4796,10681,793,759,-1153,1615,1862,1274,-1055,8910,-5109,950,3827,738,-1790,8910,-4492,330,4705,219,760,4705,-651,1029,4705,-651,-550,-1887,1123,1360,6051,12140,735,759,640,2205,2686,-4114,-68,8392,-8023,2145,2686,-5361,-1490,8910,-10059,4872,1334,4133,241,4204,1755,145,480,89,14744,-491,-4672,6812,826,10406,-4298,2816,3421,9426,-4623
8/28/2024,4635,3020,5477,2758,3502,6732,3120,2085,3337,6083,3847,10824,2486,1523,-5160,716,2511,-575,2217,13974,884,2633,3830,13642,2332,1153,-5160,2678,3960,14990,4635,3502,5955,2101,3502,10430,2101,1806,10430,7273,4050,10590,3460,1933,2680,716,3355,10067,1081,7610,11764,4221,23244,34231,1878,7610,13135,2678,19960,20529,7904,17598,7803,13430,7814,14133,6321,13595,4305,-7460,8815,740,7784,12976,3990,12052,635,-5155,3990,14846
8/29/2024,750,978,-984,140,2297,-2910,870,863,-2900,340,1522,-2044,2092,2611,-5058,845,3658,-6573,1107,6421,-6688,820,3805,4961,1171,1045,3884,620,2095,4966,750,2297,51,140,2297,-1021,870,2182,2122,560,1270,-2653,2092,3335,1367,845,3658,-5499,1415,5430,-2471,-394,3076,5711,1230,5030,1908,620,2740,5766,-693,-5029,488,-4360,-855,-4934,1535,-3230,1996,-7414,2803,-3499,-204,-7248,1384,-188,-453,1156,1384,-1163
8/30/2024,3761,3321,391,5529,2933,-446,4188,4868,129,2770,3027,9702,4245,-505,-2515,10865,-2392,-506,4295,1575,271,3299,-2218,6362,3302,2161,2265,4220,858,5607,2770,3020,391,4435,2933,9150,4825,2815,6967,4585,5323,-3305,4245,-3222,-1387,10865,-3416,1579,4105,-4596,-543,3985,797,20329,4235,-4596,-1047,3985,9070,35584,3169,4799,4030,6438,3465,4926,3796,6438,754,7670,4472,-4462,3602,108,2555,-2188,6434,3593,2555,-3831
9/2/2024,1410,4129,-355,1185,4300,-605,2011,4129,-355,2395,2030,-2205,-240,1653,8627,-290,1758,5248,-370,166,7243,-340,2063,2058,2909,1523,3916,-440,2113,-137,2345,3370,-355,1135,4300,-2205,1135,3370,-2205,-655,-3270,-2205,-240,1653,8743,-290,1758,5248,-370,1603,7243,2754,2789,-799,-335,1603,7348,-490,2063,-2677,531,-5492,-795,-3540,551,-5492,-350,-3540,4628,6882,1143,2892,3403,5794,3168,370,2518,5888,3168,370
9/3/2024,105,-1434,3151,-670,142,3856,-970,-280,1031,-725,984,3026,-460,-2835,-5700,-575,3045,3688,-1265,1578,-933,220,7122,20097,-765,-694,-488,-350,5538,13606,105,875,4328,-670,142,5004,-970,1499,4593,-1500,628,-357,-460,-2835,-15505,-575,3045,4681,-868,3677,-749,-1240,6442,20414,-290,2852,-1477,-350,6965,20586,1365,8481,1294,9220,652,9149,1055,6194,-3236,-6125,85,5310,1604,-6900,2732,-3383,-535,-849,2732,-1610
9/4/2024,3255,5263,14153,3017,1980,16253,3397,5725,14169,3567,-74,19475,5391,-220,3618,2044,1580,-366,5816,164,-3377,4170,1272,-244,4695,1029,2038,4170,1272,-1746,3912,4950,24724,1962,5090,24635,1492,5090,22822,4030,3595,21721,5391,318,4132,2044,1580,-985,6010,138,-1733,4170,803,-11657,6175,-365,72,4170,1272,-16826,3430,24762,-53,24648,3903,20570,2763,23329,2405,2719,1330,-1891,4234,-3000,7965,-6924,3010,3818,7965,-5275
9/5/2024,659,4189,2958,384,6232,5333,491,6860,3108,2309,5211,5333,674,2723,6102,184,-263,4304,600,750,7894,960,1619,-3447,716,-465,53,780,1619,-2143,659,4345,3353,384,6232,5333,189,7529,5483,1234,1790,986,1865,3034,6102,1190,502,4505,2595,-485,7624,1130,1175,-12282,770,-485,2422,780,1619,-12845,7800,4849,6509,4473,6560,4356,5971,4473,6321,4718,3092,-1631,3051,1629,3478,-6500,523,1052,3073,-5401
9/6/2024,3379,4393,4132,1240,9998,9518,4033,8610,6571,2037,3155,5640,1837,3437,8046,-115,8810,10910,8733,6701,11337,1670,8774,405,6744,2817,-2515,1360,7823,1849,3379,3810,4132,1240,9998,9518,1265,10863,9440,3483,5848,2057,2655,6858,9010,465,9050,10318,8733,8525,13924,2178,9162,3536,6744,8525,14157,1360,10163,2624,1262,956,1578,2046,-527,956,-900,1336,2954,9584,-630,9596,-361,14416,2382,2016,40,-1009,1832,1252
9/9/2024,2567,3230,3968,2348,2721,4739,554,4005,4644,2583,2840,7715,2236,2066,7343,1560,821,12567,2938,3930,15188,335,7275,3092,2015,3563,1004,-190,6270,2683,2133,3230,8860,2348,3004,8636,615,2223,8636,2234,7352,8574,4174,2559,20564,1296,1025,10915,2329,5079,18054,-3087,3152,-29190,1765,5627,16176,-1700,5229,-33955,2165,5826,2670,4305,3147,7375,3958,3335,8384,16646,5984,5907,5814,13060,5502,-3680,4084,9155,5887,-4433
9/10/2024,110,853,5113,-460,2190,4826,-460,-1069,5113,210,7004,4876,2965,-809,-4628,4335,-699,5055,626,-2456,125,995,-2484,-5036,1775,1697,9268,995,-4474,-3467,110,6489,4984,-460,2190,4962,-460,-505,4962,-340,1654,4590,3395,-809,-2500,4335,-699,5055,-718,-1974,580,-448,-10104,25221,3165,-1974,1164,995,-7959,26510,-235,-3714,275,-1389,-539,-3714,2310,-1389,5315,-6258,7066,-2048,-5082,-7268,-4145,8990,10750,5051,-4145,5567
9/11/2024,1172,212,6441,764,2260,5897,334,-1292,5897,1657,2105,7781,-1765,-3650,-6928,-185,-3675,-6365,-1959,-4499,-6675,1664,455,-5905,-780,-1729,-1652,1264,-462,-7460,1172,2170,6846,764,2260,6359,334,790,6359,2402,2940,9448,-1495,-9325,-29770,155,-6415,-20380,-280,-7130,-27978,-552,-1017,-7934,-20,-8490,-28030,1264,455,-6460,2021,2749,2315,2749,2021,2749,1790,2749,-4495,-6868,-2313,-6340,-6600,-7357,-5705,-6275,-4000,-1607,-5705,-6275
9/12/2024,-948,-1146,2157,-715,1133,-369,266,-1031,2157,5,677,-2840,-1537,6991,3373,485,5515,9618,663,5382,4748,1435,2521,-4634,871,652,-1797,1355,2521,-5120,60,525,864,-555,525,1119,-30,790,1119,-1105,840,749,485,8648,15798,485,5515,8764,980,6435,8341,1520,3309,1123,1665,6435,6232,1355,2521,2160,1644,-4611,1120,-5572,1669,-4611,-327,-5572,8235,9543,5000,4845,7877,14007,4778,7061,422,1151,4778,7061
9/13/2024,3637,1505,-3588,2790,1505,-4504,2652,2180,-5112,2935,2195,-5565,715,7279,21216,1765,4303,9371,178,3222,20477,136,7401,-5008,255,522,-3150,136,7096,-6468,2920,1505,-3315,2790,1505,-6619,2790,2180,-6619,375,1176,-975,85,8441,18092,1765,4303,6907,160,4828,11854,1409,5649,-13983,377,4828,11642,136,7401,-14853,3980,-4101,3475,-4949,3980,-4459,3055,-5100,3546,15645,4974,7440,6667,19706,-4645,-6126,2542,-1651,-4645,-6307
9/16/2024,1959,4914,3188,1825,2539,4624,1424,3157,5311,2315,5180,4840,-1265,675,-4704,-785,10111,-2141,1152,5572,-2976,-1065,-1918,-5888,2070,2694,2696,-2455,-3780,-6325,2315,5180,3188,1105,2539,6857,1105,2539,6857,1550,1610,2222,-1265,675,-4517,-390,10111,-2245,2325,4444,-2334,-2361,6974,11459,2840,4079,-3025,-2110,6949,3916,4117,7477,5788,6160,4154,7477,5325,6160,-2270,-3054,39,-4188,3346,213,-2997,260,4275,-1310,-2997,-3028
9/17/2024,1358,1178,3423,45,1458,5091,355,1178,1498,-20,2630,5271,1035,975,-5911,1405,540,-3893,1366,1291,-5911,365,7084,-724,770,879,-130,365,7084,-5100,805,1458,4625,45,1458,5444,355,1458,3529,-1330,-683,2203,115,2194,333,1405,540,-3781,520,2646,-5664,365,5795,-1826,770,2646,-6061,365,7084,-5230,1355,-1891,2267,-1400,1355,-1891,2837,-1400,-786,-5963,3575,682,392,-5963,-540,-4550,-2253,-385,-540,-4550
9/18/2024,3195,18349,9044,12365,9433,12324,15715,5847,11632,4100,7496,12862,5559,1990,7043,4015,4408,5291,2918,13261,7279,5569,10051,23264,-88,5175,7528,4470,4055,23074,4367,9356,14630,12365,9433,13247,15715,5816,13946,7985,6841,2204,5559,3395,7254,4015,4408,5291,5138,1774,6606,8999,7891,7193,2353,11365,4072,4470,8121,23074,5853,14854,3418,13413,3639,15509,2268,12244,3631,6496,6530,13091,1447,2174,5811,294,13029,3338,3676,-801
9/19/2024,1857,3477,-3555,1656,5673,-3555,2281,5655,-3555,1384,8679,3739,1793,-727,-4390,4610,2905,-1767,3385,685,6482,2261,5563,-3210,1536,3506,-1894,3185,5563,-5605,1209,2790,-4897,1557,3445,-8695,912,4600,-8695,-141,2686,-11025,3385,2726,1114,4610,5850,-4471,3230,3080,3260,3102,4943,-34188,2960,3080,-2866,3185,5563,-36009,2074,1076,3669,-1734,9,1076,3419,-1734,-1311,2417,1636,4982,6716,2890,5821,1610,2795,3885,5821,1679
9/20/2024,2790,4707,10305,2600,5960,21091,1210,4452,10305,2790,3148,26114,2344,4750,15577,985,1522,19086,1602,1360,8775,1000,-2619,18403,2266,-52,7212,335,-2070,25181,2790,5992,24056,2600,5960,26332,1210,6390,26332,2285,5077,19412,2140,6070,20458,1795,6892,18371,1755,170,11581,-1090,-3557,30561,1990,170,12989,-1335,-1875,28361,3622,25296,2555,20816,3119,25296,2584,20816,4685,14111,2368,14562,3807,10135,495,23658,1763,6340,495,17272
9/23/2024,130,7449,4936,1540,8100,3769,1540,6220,4936,130,5776,-1098,950,8169,12339,0,5507,5190,-1185,5284,6866,-1100,-1742,-2225,-575,5739,5648,-810,-622,-944,130,7755,5236,1540,8310,3856,1540,5902,3856,700,5849,-2922,950,8169,16211,0,5507,3850,-785,3835,6878,-810,-3235,-1019,-200,3835,5805,-810,-6452,-884,545,-87,-1478,-5720,111,-87,-1587,-5720,1029,8312,-2260,1732,3269,1642,-6305,-6990,528,4464,-6305,-6740
9/24/2024,607,-765,-878,210,-720,-1018,210,-880,-1908,-105,1823,-421,50,3007,-5077,3050,2335,-4365,-671,2362,-6585,-765,-2645,-5910,394,-628,-1150,1400,-4500,-5472,715,-911,-1201,210,-720,-1018,210,-690,-1018,-718,1200,-467,-10,5410,-7393,3050,2035,-11693,1130,360,-13480,4916,4027,-50189,1370,360,-17478,1480,790,-49965,5902,4273,5902,3651,5902,4273,136,3651,3574,-3778,-202,-4147,-2843,-6447,-3961,-5895,-2200,-895,-3961,-6508
9/25/2024,1780,2676,5162,-90,1888,5162,414,2616,5162,1230,1806,3745,1660,2343,-4628,540,4175,-5172,1050,3849,-4545,1560,-15,-1275,1355,3389,330,1560,-265,-1552,355,2048,3948,-90,1888,3948,740,2616,3948,-445,-1380,7757,1660,4054,-3961,540,4175,-1744,1050,3849,-4567,1560,-787,-6555,1355,3849,-4848,1560,400,-6555,1652,5236,251,5236,251,5236,1072,3646,5786,-1700,2578,-3675,4601,-3065,-1971,-1009,1515,-1827,-1971,-356
9/26/2024,3188,3528,2238,118,3596,533,193,3602,357,3065,2930,4329,1234,2005,-1754,2695,8025,-782,2540,207,3035,2255,7440,-603,1830,-2125,2889,2151,7748,-2642,2422,3335,3155,118,3596,1967,1350,4230,3272,1330,3425,10618,624,3548,2764,2695,8665,-964,2705,3210,3035,3050,13537,3193,2745,2420,315,2151,9520,2414,6300,1796,3263,5803,4713,4523,5271,3649,2697,-4431,7403,801,3554,77,12044,3141,1241,419,12044,3437
9/27/2024,1970,6028,9400,630,6256,8165,419,6071,9876,1240,3697,6672,1717,923,-1911,-165,234,10567,650,1248,-4,-490,-328,18470,190,775,-4725,690,-328,19996,1025,3908,8690,970,6256,6599,970,4838,8339,1585,3711,6319,405,522,-731,525,234,9442,965,3523,10451,1863,73,29673,1060,3523,10527,1105,-328,32968,-2308,2049,-2510,-455,219,2049,-1560,-455,-240,667,4333,9476,4610,7900,5907,-2470,-524,-4720,5907,-2470
9/30/2024,5840,5632,8181,3548,5389,9860,8572,5563,8598,3205,6314,10479,1060,8386,20932,814,3365,9652,1005,5486,11635,-31,-1346,2039,1034,4752,7973,130,-1190,3971,5840,3444,11279,3548,3499,10766,8820,3744,10036,5363,5415,5117,1060,12584,20130,814,3365,10627,974,5315,15098,8201,-2984,9099,1084,5315,16203,130,-2676,9099,3470,5254,2801,4757,4266,5254,4405,4757,4664,9210,1833,4333,2953,13034,-806,6630,4515,3098,-806,10641
10/1/2024,570,1,4774,1686,1416,1567,1877,41,7003,570,38,-1914,25,1506,10926,-1245,2915,2955,-235,77,1017,120,-5930,-3976,-778,2092,2,120,-4490,-6411,570,38,3139,1686,1416,503,2370,-760,503,1044,-1585,240,25,2750,9850,-1245,2915,2955,-235,428,1017,-3,-4322,-33051,-715,-317,-755,120,-5930,-32982,985,7447,451,5461,72,5590,2354,4826,-905,5403,226,-3602,1473,2444,572,-5964,1698,3932,572,-5520
10/2/2024,2704,109,-2570,375,2450,-2984,1182,334,-2509,1690,2475,-3773,1147,2421,7076,4860,3867,4870,2382,4944,5991,3275,3549,5874,1882,2227,-2979,3195,3095,-3259,1395,2475,-4250,-400,2450,-4469,-400,2460,-4469,865,525,-3960,1147,2506,21249,4860,3500,6773,2382,4155,8317,2829,4368,4879,1882,4155,8661,3320,3549,5905,2089,-2391,230,-4298,2089,-2391,-125,-4298,5549,888,7340,7529,4706,-398,2063,-844,5703,-3705,2063,2183
10/3/2024,3960,5155,12203,4376,4861,13194,5292,6071,5074,2272,10618,12338,4644,5280,20172,1670,3782,6572,3265,4906,3823,5010,8033,-536,3498,9460,2805,2560,7643,-1556,4437,5155,12998,4376,4861,13194,2140,6071,10073,3992,5823,11819,3170,5280,20172,1670,3782,6572,3265,10176,3031,3312,5570,-15812,3405,9411,3572,2560,7643,-17643,843,6478,4312,9143,1644,4339,940,7511,4595,18603,6305,10175,1474,9622,4260,-158,3876,2857,4260,239
10/4/2024,4381,6124,7684,1332,5356,6792,3626,5303,9014,3924,3174,5902,-435,-958,417,260,370,3599,-909,-1376,4838,1790,-221,14091,-869,1534,5940,90,-218,14787,3909,4238,7684,1332,5356,6792,1135,6080,6191,200,3124,4959,-435,-385,417,175,370,3599,-1210,-1376,4838,211,-819,16697,-1165,-1866,2868,90,-221,17649,4498,2287,3327,5218,4399,2287,3125,5218,-2831,-3046,-1010,2110,-1118,466,3735,13786,-119,3239,3305,15491
10/7/2024,-320,2307,-2846,-343,1741,-2911,232,190,-1634,-305,671,-3994,445,-4006,-6909,6,68,-7290,243,-310,-7299,485,5995,2145,453,-1178,-1487,315,4065,1625,-320,2307,-3906,-343,1747,-3438,232,2719,-678,-300,-540,-9720,445,-4006,-15215,6,659,-11725,100,-310,-17047,340,5641,-16514,310,-1010,-20170,315,5295,-16085,-2656,-5277,-2258,-5277,-2656,-5277,-2258,-5277,-4290,-7440,2217,-6209,-388,-5094,-148,2882,146,182,-148,337
10/8/2024,-1040,1865,-852,-585,1954,487,-655,2395,-1607,-510,1915,3121,-659,-3575,-6966,-707,-1040,-5045,-409,-2016,-6397,2533,-1761,8992,1345,-1814,-4555,2533,-1761,12376,-580,2709,1583,-585,2634,2355,94,3319,2355,-730,1120,370,150,-5480,-13362,-397,-1040,-4401,-600,-1965,-3771,2533,-3049,3097,1345,-1965,-2884,2533,-1761,5469,2035,-3103,2254,-2600,1435,-3163,869,-2600,-3925,-7462,-577,-4935,-265,-6866,4649,551,-936,-5840,4219,601
10/9/2024,686,-1409,-335,1035,-1420,-900,2185,-1809,-900,1060,-1520,-1170,-1467,-4180,-6735,-1320,-3975,-6385,-1730,-4305,-7135,-1331,3205,2717,440,-2120,-4440,430,-1158,3866,1060,-1270,-3115,1035,-1420,-3680,1035,-1670,-3680,-1775,-851,-565,-835,-3387,-12525,1295,-2559,-3682,-1280,-3184,-6669,312,449,31577,-515,-3184,-3506,-840,192,30917,-928,572,318,880,-1204,12,-187,1440,-2575,-6786,-1410,-1149,-443,-4962,2445,3646,-824,-5790,2445,5674
10/10/2024,-271,-1361,1814,-1715,900,-1239,-1250,-950,-642,-785,-709,-2813,-338,3764,-3976,55,5838,-6480,-1215,3400,-3666,30,-4475,-2836,-1450,1038,318,-910,-2430,-6770,-785,-1525,2204,-2145,-725,-3050,-2170,-2465,-6125,-2850,595,-4263,-645,4981,3559,55,2948,-11389,-1745,1390,-2589,-158,-2237,-30692,-1945,1390,-6708,-1870,-2510,-35960,196,-1661,-85,-5173,1468,-1661,-85,-5173,3365,-2287,9512,-4205,7520,-3643,1285,-4595,904,-3210,1285,-5085
10/11/2024,4175,3099,-3010,2645,2937,-1649,4024,2937,-3010,4750,4022,-1771,485,9926,7353,1315,3329,15439,1529,11786,7089,3891,9056,-5406,1533,2820,-1523,4656,7039,-6271,4080,3893,-740,2645,3145,-3155,2645,3145,-3155,4105,2100,-2660,485,10455,18705,1315,3329,22703,1604,11987,18751,4210,10281,32432,1634,11987,18924,4656,11770,34272,685,-2542,-1555,-1699,685,-2542,755,-1699,7117,14264,7012,13824,5328,6142,-2767,-5986,715,-1290,-2767,-6710
10/14/2024,4289,3524,6351,3635,3484,7855,4808,5115,6351,4289,2024,7395,1133,2020,8992,1294,1695,22089,430,593,27682,-480,4561,16647,1174,-1310,2250,-185,4236,15253,4289,3484,12264,3635,3484,10661,2088,4597,10661,155,-20,9755,2805,1525,16361,1294,1695,24631,-645,2035,32220,-1913,5236,79286,145,2035,33434,0,4561,80055,1517,7377,3805,5536,1897,7377,3796,5536,1923,6868,6385,23938,11382,22801,15136,15919,563,2877,15136,18632
10/15/2024,55,463,3696,160,2989,6220,-633,-779,4206,55,2146,5927,-1220,-1396,-5670,-620,505,-3369,-1520,-3872,3247,2640,195,11544,-275,-2108,-1370,3075,49,12007,55,2576,3873,160,2989,6247,-343,2224,6904,-1060,-1975,3318,-1220,-1060,-11710,-620,505,-3854,130,-2197,4682,-72,-322,40430,-550,-2852,5192,3075,195,42191,4190,12790,5505,13343,4115,12790,3420,12658,-4306,-6705,489,3043,-2060,15803,-1686,18209,281,244,-2211,18209
10/16/2024,751,734,2724,-1715,885,-230,2041,734,571,-1705,1835,5373,-410,-2251,-5121,435,-1270,-5001,-595,-4500,-5531,-1735,-3025,-5409,-370,-2375,-5225,-2390,-1325,-3914,-1440,885,10740,-1415,885,7832,860,885,7832,382,2660,3777,-570,-4055,-4623,-185,-2925,-5001,-1270,-4365,-6235,-2013,-3025,-11838,-1060,-4365,-9710,-2315,-3025,-12703,414,2583,-4495,-1223,-750,2583,103,-1223,-4500,-5483,-3600,-5203,-6835,-5706,-6190,-5878,-6835,-3538,-6190,-7173
10/17/2024,7239,-49,5214,1565,209,4590,800,-559,5010,1475,-116,5519,151,-154,-863,2048,1806,-276,1999,2235,4661,1819,980,6680,2099,2516,3850,1819,45,4446,1480,-86,3621,1565,209,3279,1025,144,3264,-275,-1301,-3380,1649,-154,-863,2048,1040,-276,1999,2235,6107,1819,980,13423,2099,2235,6107,1819,980,14209,3576,7699,4227,5280,3551,7699,4227,5280,-703,-689,4242,4527,2408,5745,1738,7703,1060,5020,1738,20021
10/18/2024,-638,7584,1785,-509,8863,647,1257,8328,1371,-820,7486,-1366,1375,4222,10224,1260,2180,11144,1500,3733,-67,555,10498,-1566,1470,2996,7655,455,8253,-2106,-960,7702,1796,716,8863,956,251,8823,-779,-1985,5437,7002,1375,4222,10246,1260,2180,11844,1500,3733,3624,354,10458,-14745,1470,3733,2699,455,10498,-14745,212,-2838,589,-4673,212,-2838,589,-3903,14905,12856,14268,7894,14788,380,11760,-5145,13755,6081,11760,-6340
10/21/2024,6194,1014,938,1380,989,-5326,2750,691,-360,6135,1112,2232,1165,10287,11053,2860,7207,16144,3821,10780,17020,2020,8763,13240,3821,5932,7825,1925,6993,9577,6135,1121,1343,1380,1096,-6531,2755,947,893,6120,-2110,469,2015,10332,10970,2860,7207,17069,2848,11573,20405,1075,7524,42912,3860,11573,21578,1925,9165,43787,1542,1074,520,951,-34,1074,1953,951,3166,4179,9573,12522,5011,17052,2771,12980,5808,7980,1911,14364
10/22/2024,-1170,-2482,1238,-800,-2733,626,-800,-2788,1238,-1495,-1803,-70,-860,852,-4759,-250,810,-1223,1645,-136,3918,825,-2640,-3048,896,-2618,-2306,855,-2279,2354,-1355,-1920,1238,-800,-2733,985,-800,-2773,985,-2080,-3848,-4111,-675,1415,-45,-250,810,1450,1645,1988,11336,650,1565,21266,1115,1799,12517,1645,742,22132,-2428,-691,-2075,641,-2408,-691,-1035,641,-2069,-5509,-909,-3073,1446,-6033,3444,4654,-2314,-4320,4744,4654
10/23/2024,-1250,593,-1741,-374,-125,1533,-554,414,2735,-1960,1565,238,-415,-4213,-6558,540,-1210,813,1100,-651,311,5,-5994,-4122,1425,-905,-562,5,-3934,-4807,-310,1565,-3437,-340,-125,1533,-315,-1130,1918,-1015,-425,-8190,-415,-2935,-12527,540,-825,515,1230,-162,-683,5,-9725,-3131,1425,-722,-644,5,-8044,-4975,649,-1024,-2764,17,494,-1024,-2464,17,-2614,-6706,3443,-3734,3068,-2182,4471,1367,789,175,4471,1463
10/24/2024,74,-1177,1683,335,-1118,5456,-593,-2208,5381,1175,907,291,695,-1036,4538,840,1399,-4253,520,643,6903,2795,8267,1484,1505,0,3202,2795,6574,5467,530,-1398,1233,10,-1118,4303,10,-2063,2995,870,-2785,85,695,-1036,993,840,1399,-4100,520,221,7057,2795,11814,3367,1395,-440,6344,2795,11814,-891,2008,5459,971,1684,500,5801,400,1684,1090,-1201,5001,-2927,741,-4243,10079,1588,561,774,10079,1613
10/25/2024,-350,2567,-1460,-68,2693,-4132,-575,3270,-1277,-73,778,-4175,100,570,-6376,-1245,1850,-3606,-250,1146,-7378,-665,2306,-5636,130,1054,-477,-575,2314,-7304,-485,2822,1925,40,2727,-1474,-467,2570,-1269,-2825,-175,-3520,100,570,-950,-1475,2060,-586,-250,2486,3616,-575,1193,-3075,130,2859,4460,-575,2414,-1770,-1077,-3317,-1340,-3705,-1077,-3317,-990,-4695,-2480,3244,-414,327,1615,-6140,2065,1289,-2745,-4510,2065,4094
10/28/2024,1054,-1590,-1020,265,-1830,-1980,806,-1588,-5705,780,-1570,-3685,-805,-4355,-5054,135,-1422,-1439,-725,-2800,-3781,-930,-178,10175,-270,-521,-2833,-935,46,16454,730,-1580,-5935,265,-1830,-6455,806,-2045,-8565,-460,-2785,-6945,-805,-4355,-20005,135,-1467,-1864,13,-3130,-5691,-912,-449,32192,-270,-3130,-3859,-935,173,35276,-1241,-4934,1016,-4563,356,-4934,828,-4563,-1664,-6057,3669,-1984,-203,-6768,13806,23393,-630,-809,13806,21558
10/29/2024,2910,-2103,184,-1925,-3550,-475,-2392,-1514,184,-580,-2920,-3484,-1920,-4155,-6990,-340,-3195,-3345,-1935,-4115,-6460,1820,2215,-2310,-1245,-1835,-4820,-275,-705,5117,-585,-2285,-7831,-2215,-2310,-9250,-1515,-1540,-9250,-855,-3055,-9245,265,-12975,-25695,4220,-950,-4395,-1610,-7655,-5286,-1349,1025,58432,970,-7655,-3720,-1220,2215,59815,-2137,-727,-4470,-2467,-2242,-727,18,-2467,-4050,-6550,-4420,600,-7199,-7430,2820,-2019,-2265,-4670,2820,-3424
10/30/2024,15,-1854,-5919,-460,-1889,-2115,-460,531,-5919,-470,-2200,-5625,-370,-3715,-6630,-195,-1776,-5953,-1306,-2032,-6899,-510,524,7514,-1415,-138,895,-685,29,8352,15,-1709,-7291,-460,-1889,-4625,-460,-1732,-3690,-1355,-5395,-10830,-370,-3745,-16301,215,-159,-4579,-560,-915,-8029,-1102,-522,6495,-535,-915,-5558,-685,524,5842,171,807,1995,-1102,1467,807,1810,-1102,1897,-69,-2,-800,1820,-518,11330,16662,1154,1464,11330,17510
10/31/2024,2420,5126,7488,897,5527,4932,189,3420,7610,2095,4642,8824,2903,5229,22872,3108,8751,10272,3554,6986,22548,63,4225,-3015,6052,502,-215,63,3699,-4995,1920,5557,7633,897,5527,9224,-970,-309,8566,1405,3460,-5,2903,5105,29000,5305,9185,18066,3722,8880,30978,4165,1487,-18919,4297,8765,32034,63,1849,-18202,3624,2450,3382,3157,3928,5880,5517,5536,9090,23877,6925,21580,12421,32994,10204,12652,6431,5651,10354,12652
11/1/2024,1534,6478,-307,1367,6402,-257,415,5206,-307,1190,5490,-257,1788,9288,592,2230,10312,6989,972,9894,7488,1197,9943,12875,1232,3692,1337,2355,9943,13724,1190,6341,-926,30,6402,-257,605,6221,-257,400,3313,3429,1925,10772,-1771,2200,10312,4564,1220,9344,9779,1185,10764,21248,1200,9494,8480,1850,9943,21449,-1842,-4057,-2353,-3821,-1224,-4057,-1782,-3821,1031,8742,3238,8140,1938,14375,370,13596,1457,2085,370,13596
11/4/2024,789,7043,6562,3269,7934,6562,1977,3565,6562,2248,7626,7059,1740,3922,7612,3494,2230,5685,4910,373,5354,4875,3433,1228,5705,1973,3743,4875,942,-1205,2043,7969,7019,3269,7934,7019,2194,4226,7019,1373,6283,9324,1740,3880,8300,3494,3185,4601,835,327,3359,4326,2698,-16414,740,327,3918,4875,2048,-18118,5362,9072,8051,5002,5115,9072,6256,4827,1760,650,-627,5503,-1738,5266,-1433,13510,5411,7243,-1433,16933
11/5/2024,551,6930,418,89,7702,4672,1958,8064,108,90,6820,1685,275,1908,-2388,280,1186,967,1988,14461,-4892,1799,9220,-713,2361,-2415,-3090,1407,6314,-1905,30,6930,2985,89,7702,2446,1958,8064,921,-365,5061,5081,275,1859,228,280,1314,325,2199,20056,-9111,2002,12945,-1015,2434,20056,-10559,1407,9861,-688,3572,2781,3652,3783,5522,2223,3587,2781,11256,-2462,7859,-2559,16488,-3741,12899,3446,6284,-5595,13049,3016
11/6/2024,-1410,-864,3885,-995,535,-1146,-1220,-864,3885,-605,-1490,2427,-1068,-4157,-5506,-1460,-3910,3174,312,-3045,-1449,4020,3396,-830,-354,-32,867,4305,2343,1808,-605,535,8123,-1220,535,5548,-1220,535,5548,-880,-415,3745,-1068,-5632,-8508,-1360,-830,7348,445,-1462,10968,4305,2397,32296,605,-1462,10707,4305,3396,33863,-1093,4305,-979,1385,-1715,4305,-639,1385,-4390,-7452,-1576,-3218,1647,-3531,625,-5698,-1789,-245,625,-5511
11/7/2024,-1408,-157,612,1305,-3242,-202,732,-407,612,1230,-1667,-202,-255,-2949,2438,-160,-1621,11304,-961,4718,830,985,-2100,2325,500,3383,-3544,1289,-2570,-228,1060,-567,730,815,-1817,-84,815,-1817,-84,1700,-1425,-1992,-255,-207,-1692,-95,-1565,14079,719,5197,8054,86,-1540,10624,2264,5197,9240,1289,-2100,11809,-287,-3334,-4040,1277,-3687,-3334,-3490,1277,3820,74,-580,11646,524,-3897,4002,-1117,1530,-4625,4002,-2441
11/8/2024,377,1102,26,-1010,-336,249,-1490,-383,26,392,-820,249,780,5018,2174,3910,689,10492,1797,-465,11870,920,-2140,-1742,2700,1028,-729,263,-2140,-3865,-118,1293,26,-245,3,249,-215,3,249,-105,-607,2136,2915,14051,14929,3925,1470,14174,2420,5402,19801,263,-2140,10596,4100,5112,20519,263,-2140,13748,8067,-710,5584,-710,4933,-710,5584,-710,-2010,-1378,-3225,4426,1762,15715,-4700,30,-5065,-2115,-4700,4972
11/11/2024,140,944,12626,-500,680,12646,-500,1215,12626,245,3235,13572,1470,1366,3658,2030,2512,9165,-194,2038,10767,-465,2059,55,535,6326,7172,-515,2380,-2848,245,1145,13572,-500,784,13572,-500,1486,13572,-685,2146,4132,1470,1366,8937,2030,2512,9165,770,1456,12268,-426,2147,22322,535,1456,11821,-515,2727,22426,5805,7729,7475,5081,7475,7729,7065,5081,1324,1313,2449,2350,3492,3461,9967,-3104,2687,2624,9967,-3104
11/12/2024,3468,2335,843,1260,5791,448,2531,3596,1640,2547,2805,-668,1690,2195,8765,2069,1110,6863,-77,4117,5340,1553,-5775,-3629,-444,1165,2615,763,-719,-272,3102,3554,1622,1260,5791,1179,3070,3661,2252,1715,5940,-1595,1690,2195,16089,1859,1110,6819,1115,4591,12046,848,-4322,10717,975,4591,11515,445,-4755,11046,3184,923,3925,-1507,3114,923,3697,-1507,-848,5421,-905,4829,-695,23,235,-4891,-279,5500,235,-5198
11/13/2024,-660,4112,5446,2779,4844,3914,-737,4112,5211,4112,3745,5492,1025,2877,-2868,485,3290,-3234,799,2722,-5499,714,55,131,-945,264,947,425,1074,-5479,3632,4844,6607,2779,4844,5145,2779,4844,5145,2792,4635,3964,805,3079,4855,1155,3365,-2225,805,610,-10733,3251,163,-54626,665,610,-14250,1220,460,-57743,2964,6309,2710,5241,-71,4929,2726,5238,3820,-2952,-833,-3635,-3024,-7117,-3158,-3515,1721,668,-3158,-4290
11/14/2024,-457,480,2884,-355,-1110,-3873,374,-264,2514,-785,-47,734,-41,615,-962,-685,1540,-1379,680,3992,459,430,3220,560,771,2029,4200,430,3220,7132,-785,480,4833,-355,-1110,-919,374,-1923,-1159,-1080,-4480,-7158,-465,615,-11720,-685,1390,1736,680,1233,1488,430,3220,24046,771,1233,698,430,3220,23157,-1746,-4585,-1430,-6027,-824,-4585,-3180,-6027,-51,-2273,-1725,623,-3392,1758,1903,7563,-1721,2631,1903,7463
11/15/2024,850,4393,8428,1515,3911,6893,2689,2180,8766,840,5752,6371,1110,480,-2651,230,4739,-724,673,4367,-476,1375,376,-4826,-66,1624,21,265,5082,-6503,850,5790,6414,1515,4604,6809,1495,3730,8956,750,3639,4749,1110,480,1092,-235,4739,-724,555,3431,526,1736,-3737,-26609,450,3431,1501,265,-694,-29232,2730,2942,3142,4336,2463,2942,3138,2383,175,-5025,520,-943,29,3131,-573,-2309,1487,1584,-573,-2309
11/18/2024,-1300,-2122,-2672,-575,-3745,-4245,-191,-2077,-2672,-1100,-2240,-4475,-195,745,-6334,129,1184,-5725,310,3466,-7465,-30,-1485,-1671,955,-184,-676,-30,-3321,-2174,-515,-3055,-4671,-1100,-3055,-4834,-1300,-3200,-4834,-2345,-5070,-10165,-195,1486,-10704,129,1184,-18675,310,2330,-16530,-30,-1546,-19873,955,2330,-16530,-30,-3270,-20910,-3524,-3949,-3399,-3416,-1592,-7245,-2860,-3416,3907,-1157,780,-2365,2880,-1070,-1489,-180,-497,65,-1489,-3720
11/19/2024,-1145,-1737,401,-1725,-1680,-939,-1386,-1737,401,-985,-2870,-939,-1005,-4310,-6048,260,-3875,-941,-1515,-4460,-3982,1835,2346,1275,-1155,-2155,-4435,1835,1015,5668,-725,-1170,401,-1625,-1170,-455,-1225,-1170,-455,-710,-1175,-2015,-1005,-5900,-2455,260,-5650,1660,-1275,-965,-583,1435,385,4892,-970,-965,330,1835,1956,5807,93,1665,-1900,3782,-2061,1665,-51,3782,-3995,-7402,-4495,6991,2989,-8760,2617,810,-1952,-2620,2617,916
11/20/2024,2977,2524,3590,1580,1975,2297,546,1802,6514,1543,1415,4036,1290,669,9503,420,5011,6559,499,1389,-3685,65,5015,13646,1004,4983,1337,65,5015,22715,1570,2200,5864,1580,2275,3210,425,3015,7273,320,1000,465,1290,1650,11644,1525,5011,6801,1261,1565,-2446,1859,4537,28150,1231,1565,13001,65,5015,30316,2973,8165,2269,3853,3093,8165,3230,3813,405,1261,3960,121,-1367,-334,29,27249,22,3360,-1031,27349
11/21/2024,738,-335,-3150,-1245,-335,-1896,-856,-475,-3150,1935,-2045,-2491,-925,3697,-2451,-1230,7857,1491,1417,5950,-5386,21,-2990,-4204,-1430,-2310,-3485,1626,-4495,-1011,1935,-335,-3025,-1245,-335,-2634,-960,-475,-2634,-130,285,-5340,-925,7419,1160,2470,7857,-4320,1417,4855,-4118,1775,28,-894,1345,4855,-3890,1775,715,-2736,423,-4736,290,-2871,-126,-4736,-580,-2871,5349,814,7579,636,1150,-6351,5435,-4707,-842,-4080,5435,-5207
11/22/2024,460,467,2197,1070,-994,-1698,1070,-1344,2197,845,-225,2815,1615,5618,19174,1220,1129,14002,3208,7774,22131,1355,1090,9561,1260,3209,7968,1470,1090,8951,460,820,3162,1070,220,-657,1070,-1035,-657,970,-2890,975,1050,8785,21799,1220,4085,16467,2000,8590,26482,1470,2139,31844,2165,8590,26937,1470,1090,34301,2010,0,321,-2804,353,0,1316,-2804,9204,20386,4169,16184,8590,24358,6044,8403,7604,7642,6044,7900
11/25/2024,465,-343,-2230,-370,-2085,-1426,-370,-2941,-1529,485,-115,-5465,-372,-20,3728,-1290,-1575,-1510,-1535,2209,7195,-1120,-4615,-3724,-875,-1274,3688,-1865,-3135,6387,-90,-2545,-9088,-370,-2085,-9737,-370,-2120,-9737,-2330,-2285,-15000,-600,408,6755,-395,-1575,-877,-1630,6041,9196,-2455,-5821,34001,-1200,6041,10838,-2455,-7955,32988,-973,-3935,-2280,-6204,-1468,-3249,-2245,-2385,2731,2551,900,-2286,-2100,2902,3347,-3867,-344,2894,3347,-3879
11/26/2024,325,1266,7031,105,1851,8301,346,1671,7191,345,-3,9042,1305,3270,8675,1895,1651,3730,-23,1183,14065,3232,-2317,5594,567,5630,3762,5475,-676,5368,325,1266,10198,105,1851,8024,346,1671,8024,160,878,8537,1305,3270,10402,1895,1651,7408,125,1183,23601,5475,300,16416,240,1183,23891,5475,-2317,16416,-1087,2452,-754,3242,-1087,2452,-633,3242,745,588,-1615,3768,2893,3859,-1295,5030,1880,12,-1295,5310
11/27/2024,-431,885,8385,-245,35,7584,-245,230,11492,330,402,5701,2825,6297,561,140,-3175,-6764,1453,2627,-6490,-345,-5050,-1064,-1462,1415,4293,-25,-3220,-1531,350,885,5129,-245,35,9929,-245,230,6748,-255,618,9846,2445,5416,1067,-370,-2030,-5309,-495,677,-4381,975,2263,-2476,1510,677,-4306,-25,-1546,-2041,568,855,457,575,568,855,1687,1357,4451,-2635,-1646,-5152,5366,-3081,590,-4211,884,3002,200,-4887
11/28/2024,1540,5890,-165,1255,5890,-165,1430,6140,-165,130,6030,-615,2985,4825,5670,3230,7080,9030,5415,10875,8055,5090,7425,12995,5015,1960,3285,5905,6050,12995,1215,5890,-615,1255,5890,-615,1430,6140,-615,-800,3920,-615,3060,7560,14495,3230,7080,9030,5415,10875,15100,6735,8445,12690,5780,10875,15100,6735,8445,12690,2720,823,2720,830,2720,823,2720,830,985,-1550,6510,3495,3735,1284,10890,9715,910,-2180,10890,9715
11/29/2024,-660,5830,1303,295,5830,1459,295,5830,1303,-660,4885,1459,2240,-984,-455,1580,4860,5360,4460,3691,8205,6615,1895,3580,4965,-1944,-1035,6435,1895,3580,-660,6730,1579,295,6730,1735,295,6730,1735,-1320,4320,285,2240,3345,8965,1580,6550,5360,4460,5985,12905,6435,3027,3560,4965,5985,12905,6435,1895,3917,4165,-2162,4165,-3500,4165,-2162,3270,-3500,-1687,-1865,1710,2040,6013,2280,700,2582,-1742,-760,700,7653
12/2/2024,-1030,1660,605,-580,-3200,-2489,325,1585,605,-1705,-1105,-2278,1955,2724,-4338,555,-1475,-2625,1501,-3008,865,1370,-2605,-4330,1650,-2430,-2706,3215,-1333,-4274,-1705,-3750,1133,-580,-3750,-2593,-275,-3750,-2593,-1450,-1305,-4165,1955,3235,4910,1130,35,2962,1456,-4462,191,4436,-986,-5749,1105,-4462,-1342,1470,-3920,-5390,1773,-3497,-827,-3360,1701,-3497,-1072,-3360,2930,-1229,-3655,-3579,1319,-2260,804,7838,-1640,-4535,804,7838
12/3/2024,-282,-1164,2405,160,-1164,4104,-220,-1164,2405,-385,-119,4104,85,-3905,-1432,95,-2234,556,-1305,617,880,-215,-2634,5589,15,-2115,-2879,-475,-2634,3918,150,-1164,2405,160,-1164,4104,160,-1164,4104,-640,-1165,710,85,-6900,-19830,95,-4675,2367,-1305,-5125,8202,-430,-2634,41294,15,-5125,4592,-290,-2634,41294,-888,1085,-2340,2202,-978,1085,-2430,2202,-4450,-6890,-3535,2209,-4440,2424,-700,-221,-2945,-5260,-700,-557
12/4/2024,-1475,-2758,-1733,-1145,-3985,-3575,-1145,-3525,-1733,-1885,-1301,-657,-1770,-1782,-6975,-1365,-2402,-5204,-1258,-4424,-6546,-1640,-140,11855,-656,-767,-3285,-1985,-2560,8312,-1725,-3130,3829,-1145,-3140,5292,-1145,-4765,5292,-935,-2860,-4235,-3270,-3217,-17900,-2270,-3152,-4721,-1047,-2925,-2415,-1806,-1404,19173,-2110,-2925,-1437,-1955,-140,22275,-5715,-1662,-4270,-2774,-4369,-1662,-3270,-3682,-3970,-7487,-3901,-2127,-3189,-5432,374,3071,-2815,-2750,374,4729
12/5/2024,-920,-2090,-5026,-1000,-1375,-5951,-1000,-1375,-5026,-920,-1660,-6536,-935,-1679,-6618,-1435,-3560,-6915,-463,2093,-8285,-5,-4557,-2636,-477,-1436,-2518,-110,-3582,-4936,-920,-2090,-7123,-1000,-1375,-6536,-1000,-1375,-6536,-2380,-4195,-4830,-935,-1985,-14461,-2350,-2329,-8295,-660,1320,-9520,-488,-4371,-8301,-475,1320,-11169,-90,-4707,-8301,-1985,-1909,-2315,-1998,-1985,-1909,-2580,-1998,-4443,-6630,-4275,-1565,-1802,-6225,-4838,2863,-3150,1369,-4838,4969
12/6/2024,521,-2382,-4426,-245,-3915,-5485,-596,-3993,-4426,1040,-2624,-5695,758,2661,4298,655,2857,8195,-101,1437,9209,5,-353,7069,473,1391,-1404,76,-511,7796,1005,-3395,-3390,-245,-5800,-5295,-596,-5800,-5295,-560,-1640,-3195,665,2661,6716,655,2857,13516,195,1437,15039,-496,-942,18658,948,1437,15039,76,-353,22087,-533,-1458,-1305,-2750,-333,-1458,-420,-2750,1941,2811,3686,3905,1151,4394,1003,10926,1198,-5910,1003,12024
12/9/2024,869,501,-1064,230,2273,-556,-696,881,-259,1090,1665,-2846,2140,-2599,-5023,2915,-310,-2354,3494,-3065,5746,2560,2838,6982,1367,-517,-616,3740,2067,6053,1090,1665,-3289,230,2574,-2781,-400,1439,-2041,396,-550,3165,2140,-2690,-2100,2745,518,8190,3221,-1550,13532,3260,7105,21738,4222,-1550,10662,3740,7511,22362,-148,-1869,-1856,-4085,-1147,-1869,1156,-4085,2020,-2416,-2270,3445,6139,3168,8878,-582,3355,-3197,8878,-361
12/10/2024,-1380,-2621,471,-595,-387,539,10,-2333,-428,-1590,-811,488,-1060,-2492,-6963,-1455,-4247,-8344,-2015,-2507,-7500,87,-537,-6000,-1325,128,-347,317,-3249,-7440,-1590,-387,534,-595,-387,767,10,-485,875,-1465,-2674,-6256,-1060,-2244,-14877,-2450,-2627,-10174,-1250,-1435,-15559,-685,-3474,-3449,-1305,-1435,-15060,-685,-977,-824,-3426,-143,-1132,1506,-1735,-143,-847,1506,-4350,-7451,-4465,-8128,-5194,-7485,-2740,360,-1247,5,-2740,3913
12/11/2024,347,-607,-2996,-675,-755,-2333,-460,-833,-2996,655,-1270,-1170,379,-3680,-6700,-81,749,-5912,2260,1337,-7310,531,15834,-4164,475,1818,-4485,3740,10103,-6011,705,-945,-5006,-675,-755,-4284,-460,-445,-4284,890,1780,-2160,379,1499,-2344,705,5214,3070,3425,8603,-3800,3066,17961,-14386,2875,8603,-3800,2204,19272,-15912,2957,-5992,3837,-5416,2990,-5992,3735,-5416,-4465,-6700,-4455,-5325,-1315,-5995,-4307,-4866,-784,-4760,-4307,-7069
12/12/2024,1106,-3454,-5277,1155,-2585,-3673,796,266,-5277,1530,-2330,-5485,20,-600,-2604,1410,85,-5721,-182,746,-6354,1170,3605,1105,-476,-64,44,705,3620,4347,1530,-3650,558,1155,-3455,2264,1155,-3530,3204,460,-3610,1622,1125,-350,-5473,1635,-981,-8981,-240,-1195,-7344,1026,5350,4154,-540,-205,-5411,1950,5350,3727,3536,2829,4380,2829,4208,2829,4030,2829,-2659,-669,358,-1928,-2477,-996,13685,-2925,1677,102,13685,-3088
12/13/2024,10,-1994,-1056,-1955,-1617,899,-1480,-4356,-1056,10,-2455,-758,-1765,-3980,-4780,-1405,-3940,-7490,-1915,-660,-6660,-1440,-6180,-5065,-1415,333,4530,-835,-3810,-7485,10,-2964,-547,-1480,-2964,-143,-1480,-4019,-143,-622,-4967,-4624,-1765,-2370,-4871,-2215,-9052,-19310,-2545,-7232,-10080,-835,-7711,-52695,-1760,-7232,-11706,-835,-9295,-53331,1372,1279,424,3327,461,1279,1644,-1760,-3240,-5976,-4500,-7454,-1803,-6668,-4779,-6445,-2500,-1158,-4779,-6865
12/16/2024,-182,-135,-3317,283,-945,-1331,193,2,-3317,-575,-1954,291,-1836,-3840,-6725,-1495,-2965,-7035,425,-4270,-4728,1045,-2227,-5239,2628,-1760,-4540,1715,-1804,-6422,-565,-915,-1115,283,-945,-1122,283,-856,-1122,-1675,-2015,-4988,725,-6401,-9228,-2080,-3586,-7072,1205,-5606,-9771,1731,-682,-22277,2255,-5606,-9623,1415,-1822,-22511,530,-174,60,-2604,530,-174,45,-2604,-3730,-6850,-868,-2007,-6748,-5732,-1450,-3914,-1985,-2880,-1450,-6859
12/17/2024,-1360,3081,4923,2430,7080,170,1974,6227,815,175,4892,3468,1106,6840,4305,185,4157,976,238,3906,262,635,7470,5051,18,2482,444,-170,5035,7070,950,4275,10345,3005,7080,3947,3005,5255,3947,445,5285,4662,785,8412,18600,185,4290,4909,795,6670,6262,446,2857,5102,-445,6670,3771,-75,2370,4663,-1086,2525,1243,-933,-2720,2632,1126,1681,6222,9076,2904,2550,1528,2233,3183,-2467,891,1729,3183,-1389
12/18/2024,2799,3596,135,2110,1576,-3065,1355,359,184,3035,1610,-365,131,3241,-5649,2385,4600,-5773,469,2421,-6552,925,9685,8301,45,1210,621,1000,8091,4265,2710,3760,1485,2110,1576,845,1615,481,1895,-685,-1230,1120,145,3241,-11116,2385,3496,-1873,469,2421,-83,1000,9685,20659,45,886,-2859,1000,6570,18338,699,1279,1330,1843,1303,838,3460,598,-1758,-6387,110,-4755,705,-6262,-250,6993,-1178,-1735,-250,3370
12/19/2024,1669,1185,4473,974,3965,2688,974,3921,1011,1864,3250,3428,1857,2258,7245,1225,2321,6324,1875,1623,-778,930,2505,265,2045,3403,-2765,930,2047,462,2089,1560,2173,974,3965,2688,974,3558,-4671,-175,-915,-2950,2295,2326,4433,1175,2321,1221,1048,1534,-3184,930,2190,-4062,1708,1189,2367,930,1980,-2662,1662,-3132,780,-3866,863,-3132,1535,-3866,4494,-2,2460,-721,2293,3234,3718,8505,86,-2545,1908,4815
12/20/2024,2357,2532,1592,-275,2170,-374,-275,3911,-4426,1405,3815,-338,895,2677,2554,1798,2265,6195,2135,3305,8424,2724,9745,-5395,4369,3644,2165,2369,8785,-3656,3065,4640,278,-275,2170,-395,-275,5906,4070,1070,5895,1215,2005,4315,1505,1798,2265,2554,2135,4190,10118,2724,9548,-10906,4369,4805,12229,2369,8785,-12616,5822,6992,6625,6041,4713,7319,6845,7943,1249,-3485,4341,2550,4805,1050,2280,-4365,2998,-3850,2280,-4365
12/23/2024,1842,1311,2182,1172,2095,42,1205,1311,353,706,2095,931,1335,2583,-2125,852,3033,7266,3056,-601,4063,1925,4488,5477,2021,-1571,-5240,2835,4488,4201,1564,2095,2182,1172,2095,240,976,2095,660,1020,245,-565,505,8254,10526,852,6545,9584,3447,7072,16934,1896,3439,5056,3207,7072,16978,3145,4488,4421,6774,5719,6698,923,6774,5719,6698,923,3199,-2214,-1650,4453,-894,5075,265,477,-2188,-1807,265,-2068
12/24/2024,-330,-1445,1045,-5,-1445,1416,-62,-1525,1045,-325,-1100,2122,42,-4490,-6735,615,-3185,-2615,428,-4410,-4755,-415,-710,-23,430,-2895,-4530,-420,-710,526,-330,-1445,2122,-5,-1445,2122,-5,-1525,2122,580,-1560,10,445,-9635,-19225,615,-5140,-6940,520,-5490,-13240,-1241,-1945,2972,390,-5490,-13240,-515,-710,4491,-1155,-1109,-1155,2080,-1155,-1109,-1155,2080,-3625,-6374,-1145,-3615,-2694,-1864,-560,-1485,-1644,-5805,-560,-1485
12/26/2024,818,1848,-2996,950,2035,-3688,1399,1848,-2996,545,2504,-4230,3165,5999,1723,3890,7381,2425,2364,7365,-3132,515,2510,-3423,4733,2775,-165,515,2510,-2494,510,2035,-2997,950,2035,-3405,950,2035,-3405,960,2395,-5257,3165,6575,5505,3890,7381,757,1964,5380,-2148,515,1309,-13527,1899,5380,-4351,515,2510,-12935,-270,-997,391,-3467,220,-913,941,-3467,13104,6731,12007,10427,10334,9964,3145,-3898,5753,-114,3145,-4623
12/27/2024,848,4197,6847,700,3678,8549,609,1183,5268,1065,-445,6438,-174,1336,6270,80,645,4898,2002,802,3697,1360,-5158,69,4404,853,85,1065,-3668,1007,1065,740,1762,700,3678,669,605,2399,669,1530,4328,4299,-785,200,2113,2110,300,3632,1725,69,12533,267,-5363,19195,2130,-171,891,535,-4998,2312,284,-1496,2726,3075,-235,-1690,1662,3075,3174,555,133,10127,12207,4730,2679,822,1247,97,1794,120
12/30/2024,4827,1102,-4895,803,313,-4895,443,313,-4895,4443,-865,3044,553,2274,-5240,2057,7127,-7495,-1865,1269,-7495,2585,873,-5295,-1495,-2220,-4535,4362,-3660,-4458,4443,-315,152,803,313,-338,998,313,-338,2733,985,-1910,2703,1584,-7064,723,936,-17800,863,-795,-16602,1869,591,-24598,1053,-795,-23695,1350,-135,-20787,2292,5827,2436,4534,2902,5827,2436,4534,1737,-7445,2595,-7450,-1492,-5880,-18,-5475,-1220,-3520,-18,-7445
12/31/2024,2431,675,4118,-1340,632,910,1158,1469,4118,6007,986,1689,-495,974,-5830,-1300,1890,12107,2669,8484,11793,6612,685,6355,1613,8550,-1020,6612,2472,17901,1226,822,-96,-1340,632,23,6050,203,23,7161,791,2927,-585,1773,-1332,580,2960,12014,1945,9146,11793,805,1815,3024,2911,9146,12287,6612,685,4676,6330,4818,1410,284,1050,-758,1260,-189,-589,7167,1420,11766,4022,13978,1734,6255,674,-2185,1734,5852
1/2/2025,3495,-2451,-2683,2130,-2956,-4723,2261,-2911,-3111,2330,-2861,-5115,5423,-908,-5421,3396,-1540,-7405,5956,381,-7302,4696,2606,435,6708,2066,-1010,4696,2606,-5983,3675,-2861,-8113,3475,-2956,-5860,2850,-2911,-5860,-690,-8000,-15895,3525,2659,-4385,3396,-1540,-8856,5956,417,-10699,3994,-319,-23039,4255,2584,-6960,4696,2606,-18659,-1912,-4006,-262,184,-2307,-4006,-1719,-63,-180,-2292,35,-3674,-421,-4480,1095,1158,-625,3760,1095,-4534
1/3/2025,393,-3917,2815,-620,-3160,5000,1188,-3672,2915,35,-2180,5170,836,-2455,2742,-610,-1195,7378,-610,-808,15906,-930,-1125,-5962,-39,152,897,-895,-835,-6667,-240,-3425,4679,-620,-3160,5145,-620,-2070,5245,-2660,-3305,4285,-85,-675,10357,-545,-860,12362,-165,-730,15906,146,-1804,2330,410,-730,17069,-895,-1125,3774,985,1977,1218,1808,985,1977,-1290,1808,157,253,-1850,456,-329,14451,-4195,-2809,441,302,-4195,-2809
1/6/2025,1674,4082,8325,390,4326,10685,392,6542,9241,1705,1239,7681,775,2511,-5151,435,3566,-2437,1688,4434,-5910,2110,1434,-5202,1702,1030,1132,2110,1434,-7496,515,3694,8325,390,4326,10685,390,3636,8944,484,176,7094,775,3925,-1805,435,4610,-2048,790,7126,-4745,2455,402,-2047,1995,7126,-4745,2110,1434,1134,2974,-206,3427,1710,3464,-33,1192,3635,410,-7415,3306,-5774,-384,-7355,-207,-6996,1060,-1950,-207,-7491
1/7/2025,2162,4073,1800,400,3948,4483,-290,2967,6297,2435,3975,743,541,208,1035,2595,4600,-518,2362,2727,-6063,2955,2375,702,1060,53,-2505,3235,260,-1701,2230,4823,3623,400,3948,5224,-290,3683,3642,-70,1975,304,1715,-82,1698,2580,4975,7213,2125,3651,1503,5534,-1895,10645,2420,3651,2813,3235,76,12760,1878,2633,705,3589,897,1294,3400,485,-1820,2002,5531,4788,1871,1425,1628,2205,638,-807,1628,154
1/8/2025,3997,6345,6218,8498,8198,7909,3601,5700,5309,3352,8263,4693,3238,3211,12633,1178,1280,12353,5821,3851,9672,1955,3572,11613,6878,4331,2477,1955,3572,9300,3622,8320,6218,8498,8198,7909,3622,7549,5309,2406,7016,4899,2375,3211,14797,3128,1280,15297,6582,5527,14665,1955,2093,3710,6878,5527,16549,1955,3572,5420,3398,2002,5738,1680,5343,-460,3291,-50,5821,22143,3159,16437,9180,13696,7385,30030,5138,1382,7385,17538
1/9/2025,0,0,0,0,0,0,0,0,0,0,0,0,0,0,0,0,0,0,0,0,0,0,0,0,0,0,0,0,0,0,0,0,0,0,0,0,0,0,0,0,0,0,0,0,0,0,0,0,0,0,0,0,0,0,0,0,0,0,0,0,0,0,0,0,0,0,0,0,0,0,0,0,0,0,0,0,0,0,0,0
1/10/2025,3077,2478,2593,283,5540,1797,3585,4308,4044,2197,2121,2738,5417,2580,5144,178,208,-5890,4116,3162,-8,2526,-1242,-95,4531,1392,2621,2067,-1242,-3727,3077,1852,2593,283,2303,1797,3309,1056,4018,1697,955,400,4619,2580,6605,832,208,-2623,3173,2650,-8,2114,-1720,-6540,3588,2650,-3186,2067,-1242,-8091,5163,1797,1900,5009,667,2704,5443,2555,1493,1288,725,-844,2920,-3510,648,-6039,3511,2053,648,-4855
1/13/2025,200,-490,-5755,195,-89,-5495,245,-1709,-5755,200,1061,-5942,1525,1924,-509,1455,-209,-554,854,6512,-483,1610,4636,-968,696,1627,2034,1610,4636,1521,200,-784,-4860,195,-784,-3091,245,-2559,-3091,-765,-2474,-3112,1525,395,-3825,1455,-209,-150,2130,2162,-653,1319,2308,23287,995,2162,-1904,1610,4636,11215,-76,-608,-329,-162,-921,-608,-250,-162,-1071,3060,105,2538,962,4807,2824,6531,-222,2628,2424,6531
1/14/2025,5845,561,3259,5841,3876,6711,1213,2764,2260,202,1913,6187,3093,13169,12755,5880,7189,13471,2647,4966,17607,4136,350,-254,3004,4052,10725,4136,350,4237,6968,1913,6657,5841,3876,5750,6457,2083,4374,2759,1895,5734,3093,7688,16671,5880,7189,13471,2274,5218,17607,4136,-1296,6037,2104,5218,17811,4136,350,3379,499,2828,2829,9044,2743,2800,824,3054,2947,9661,3746,18803,2697,-2078,1362,-2936,4966,799,1362,-3211
1/15/2025,1756,2794,-59,894,2225,-2282,737,2698,-3131,1925,2610,-3644,75,1072,4302,-205,4453,10148,105,10649,28441,700,2593,27704,953,1969,11388,700,2593,28833,2525,2920,-59,894,2225,-3439,737,2922,-3539,1780,4373,-2544,-70,4655,13090,-205,4453,10148,105,9808,33118,700,2239,61762,465,9418,33118,700,2593,62293,392,264,580,-21,1065,264,1115,-21,5171,-6355,8419,8901,8013,16894,-3622,-3674,1154,932,-3622,-5842
1/16/2025,159,7384,-4061,1335,7355,-3145,1465,7591,11234,72,7114,-3451,3046,5433,7779,2952,3790,6518,2919,6648,12060,1720,1195,9597,3054,5910,6066,1720,780,15001,159,7667,-1166,1335,7355,-3367,1465,8077,-3007,-2200,4627,-3813,3046,5433,7779,2952,3790,6518,2919,6648,9554,1720,981,21094,3054,6283,9039,1720,2855,21094,5166,4729,3328,4396,3306,4729,5583,4396,2771,882,4153,4185,2959,9403,5107,9509,12066,1300,5107,9008
1/17/2025,1685,1286,-4497,1066,1286,1662,1066,1286,-4497,4960,671,-1324,7943,3692,-1926,1865,1898,-94,2152,1432,744,1095,2859,3626,3281,495,-1111,1095,2859,3626,4960,1276,407,1066,1276,-2740,1066,1276,-2740,3860,2043,2215,7943,4132,2827,1865,1225,-2344,6005,5428,-394,1917,5570,3316,1555,5428,-5372,1095,2859,3626,-224,78,195,-2242,195,78,-630,-2242,3741,-2495,5665,1697,2120,-3431,1134,-1036,3768,3147,1134,-1081
1/20/2025,930,-1106,-1555,1550,-1106,-2910,615,-1106,-1555,940,-735,-2910,751,-263,7570,-515,235,5575,1056,-1056,5185,-535,-2135,-1325,991,-906,3590,-535,-2135,-4845,940,-1106,-1555,1550,-1106,-2910,615,-1106,-2910,-2120,-2995,-5660,-380,-75,7570,-515,235,5575,-290,-300,5185,674,-2135,-338,-355,-300,5185,-535,-2135,-140,2540,-1424,419,-1280,1554,-1424,830,-1280,3824,7875,1871,3319,2005,3121,610,-1950,2005,4302,610,-1950
1/21/2025,373,-396,-4114,328,-835,-3242,670,1036,-4114,373,838,-5358,1040,-2317,-4932,465,-3830,-4046,1000,-4485,-6435,-80,-6455,-5044,-470,-1640,-3614,640,-3600,-7044,373,285,-1840,328,-835,-6942,670,1073,-8022,200,1534,-6319,1090,-1812,-5910,780,-6823,-16650,-800,-7430,-15895,1946,-4189,-30048,-280,-7430,-17625,85,-7215,-33848,-2705,-4616,-3597,-5426,-2847,-4616,-1812,-5426,-1295,-4395,-4120,-5124,-2233,-6035,-2545,-5551,-3160,-2965,-2545,-6508
1/22/2025,-451,1972,1617,1704,1972,1200,1607,1972,-618,301,1684,2027,1877,-4434,-4708,-55,-1107,-6055,-855,-4325,-5960,135,9274,16427,530,-2455,2993,-75,5890,16694,1949,2263,3613,1460,2263,2971,1405,2263,736,-1105,605,5576,-345,-5539,-12655,-55,-1107,-7400,-855,-4072,-3040,-423,8668,16694,530,-4072,-4085,130,8884,16694,2490,1239,383,-1331,1646,1239,-475,-1331,-3145,-6991,-3911,-3834,-466,-3467,-1665,1247,1287,2709,-1665,-2303
1/23/2025,-223,-3260,-4918,-1410,-3260,-2962,-1212,-3260,-4918,-840,-1830,-1097,-415,-1090,-1938,-630,-3270,-599,-726,-930,-5133,-1315,472,6868,-385,-1901,-3585,-1750,1869,6849,-840,-3260,-2196,-1410,-3260,-1097,-1725,-3260,-1097,-2240,-4285,-6771,-415,-200,-1008,-630,-3270,-599,-1095,-877,-3987,-1565,-34,22695,-600,-877,-4877,-1750,472,23806,-1524,-3843,-1640,-3732,-1524,-3843,-2808,-3732,-4095,-6445,-3332,-5574,-3354,602,222,10881,-2360,-2570,-178,10998
1/24/2025,-320,751,-1969,-250,1640,1305,-230,1446,-2829,1040,-220,3674,-15,1490,-6678,-117,-953,31,-323,1020,3074,868,-3344,1009,-150,-516,-1126,868,-4423,23367,1040,1640,2942,-535,1640,4871,-535,2335,4626,-1660,-270,2040,-15,1340,-4014,-117,-953,-1659,-410,297,2670,565,-9706,11164,-150,297,3426,868,-10202,13363,1114,1591,463,675,1139,1591,463,675,1098,-7365,1238,1822,-815,-5159,6826,29782,-250,-2817,6826,8468
1/27/2025,2754,1892,3317,2840,600,8877,2152,2030,3317,2968,625,8877,3320,2698,6525,3225,2992,6674,3276,3224,17964,3420,2472,2044,2060,6054,5061,3170,2472,7222,3010,625,3317,2840,600,8877,2685,630,8877,2665,2075,5138,3320,3348,7288,3305,2992,6083,3770,5623,16193,3351,4682,7649,2570,3087,23063,3170,2472,8051,7104,6571,4702,7644,3750,6571,3694,7695,4148,11251,4155,1331,3808,10169,5865,9368,757,2174,6210,11856
1/28/2025,-585,-1855,-3886,235,-756,-3142,-90,-1900,-2658,-585,-1645,-3717,233,-2840,4100,750,-2045,1745,542,-1508,9046,535,-4770,-4635,-540,-2550,-3475,535,-2705,-6531,-585,-1335,-4218,-90,-230,-6470,-90,-1380,-6470,-2175,-3235,-7595,705,-1280,-860,750,90,8645,190,-2060,10246,-252,-6109,-28473,-325,-2975,11553,535,-5705,-27851,1454,-5045,-165,-2508,-418,-5045,-915,-2508,-1523,-1733,-2350,-2022,-1021,-2503,-1815,-3960,-1786,-4930,-1815,-6063
1/29/2025,269,3219,12859,1410,2580,10188,2196,5855,9810,269,5439,11209,9020,9410,42897,2504,10690,29536,7272,22359,34886,6215,14321,37561,7465,10000,8829,6215,14321,36696,269,4210,13205,1410,2580,10812,2196,5855,10812,-27,2340,3978,6404,9410,44539,2504,10690,38505,7272,22359,58089,6215,14321,41080,15398,21959,55378,6215,14321,37472,6561,10092,7590,9667,5639,10092,5056,9550,13322,27425,7962,24048,11665,25881,10488,31192,8718,7648,9103,31440
1/30/2025,4905,3016,10862,2780,1903,11616,4217,4641,15095,675,3980,14861,3357,4176,4650,3800,6401,12370,2585,4102,5668,5515,8460,18264,4451,2326,-199,5440,7065,19814,470,2195,15267,3529,1903,15593,3529,286,16010,1105,-2229,8175,1415,2922,7025,3850,6401,12370,2280,3200,3959,5207,8856,40938,3390,4140,5066,5440,7955,40066,5723,11433,310,9477,6120,12849,-402,8651,5370,9303,7515,7739,5100,-738,11673,-527,2974,6108,11673,46
1/31/2025,2452,-419,-3200,-1055,-209,-4324,-1055,241,-3310,1797,-174,-5168,-55,-1712,-5099,-215,400,-7389,-1535,-1416,-6542,1885,6443,-4148,-249,856,264,125,5828,-6623,2452,-419,-7990,-1055,-209,-7148,-1055,501,-5883,-587,-2495,-9965,-55,-333,-11031,-215,400,-12785,-2040,-1157,-16904,437,3239,-11225,-2588,-1592,-17500,165,5828,-11170,-2104,-1369,287,-850,-1254,-1369,-188,-850,-2072,-6593,-2042,-6280,423,-6123,-2135,-3190,-616,-1929,-2535,-3190
2/3/2025,3127,4722,9172,1457,6143,11574,1097,4317,9871,1520,4945,11561,3478,3807,17655,4363,3504,19582,2452,4910,20290,2783,7136,29694,2266,-42,3524,2808,7136,31790,1642,6145,9434,1457,6143,9730,1097,5300,6395,2351,4606,2866,3478,4273,18570,4363,3504,19791,1103,6523,21203,4435,6203,39989,1303,5793,21351,2808,7136,41226,1882,9262,3585,8635,3371,7508,4830,7885,4409,11333,5420,14065,750,10802,1465,11364,3704,6373,1465,15384
2/4/2025,885,858,6823,510,744,6908,1857,870,4978,1300,1827,7366,1108,5111,2078,1536,7538,17041,3002,4350,12863,2550,4519,15044,1009,2143,431,2550,5956,19067,1140,2322,8746,510,744,10604,525,744,10140,1270,3585,8301,405,5111,5360,2555,7538,22065,2340,5959,27197,2047,4566,27993,2480,4649,31960,2550,4519,28702,4034,6829,2179,6630,2834,6829,2314,6630,3492,1741,7245,10512,5589,11727,2487,7202,2210,6005,2487,7202
2/5/2025,1245,1431,-844,936,1431,-139,561,1431,-844,1245,1770,-139,-35,-2631,-6085,4050,-1810,1094,5082,2136,1235,910,3760,3903,4765,-648,-1060,990,2795,5613,1245,-355,-844,960,-355,-139,895,-355,-139,3325,2854,562,-35,-3045,-745,4050,-45,12621,5549,-255,7138,2036,4549,34250,1470,-255,8340,2140,3760,36980,6505,-802,4279,416,6230,-802,6121,416,3347,7583,1804,-1311,340,3570,2356,9380,-30,-1970,2356,9070
2/6/2025,3611,20203,958,974,26180,8530,2523,14513,958,2794,27355,9303,13714,17710,15127,3145,4471,22268,671,4750,16689,5024,6290,6577,2219,6315,15112,5024,6290,4699,4480,27990,15089,974,26180,10003,9022,23410,10419,2255,9454,6394,2832,17710,12641,3145,4471,8548,3519,4750,17230,4421,6290,9044,14950,4750,17230,5024,6290,15560,2964,6725,2791,4248,7074,4726,2851,6415,6865,3434,-105,7460,3094,8944,3517,36,10544,14089,3517,4335
2/7/2025,440,3594,-2319,150,4135,-425,2349,2916,-1025,625,4122,2720,2535,1877,-4068,780,3971,4183,3521,2767,10847,-45,9408,19700,4640,-271,3834,-45,9408,15654,440,4407,3366,150,4135,5975,2349,4400,2320,25,-1845,-9272,2535,3942,-6425,780,3971,4183,3795,4064,10847,1253,8984,26685,3995,4064,9907,-45,9408,26747,-711,7339,-205,6007,5579,4013,-1628,5962,3905,-3233,1495,3938,647,8750,3508,32232,3553,4,3084,32232
2/10/2025,1390,-2084,-1065,597,-1614,-3436,2227,972,-1145,1595,-2643,-2056,1739,1327,738,995,75,-476,833,4142,-4266,4257,-2857,-5140,1590,3058,797,3752,-3951,-6685,1030,-2738,399,597,-1650,-3176,552,-1045,-2186,794,-1353,-568,2835,1725,7613,1475,75,-5906,-706,5699,-7993,6025,-4289,-46937,1390,5699,-7851,3285,-4500,-50462,4088,-2449,3500,-3450,3577,-2449,2641,-3450,6367,2703,1818,-4189,1017,-5882,-4355,-5721,4772,2149,-4355,-5308
2/11/2025,310,4162,5007,1202,4242,3896,1400,4995,5007,1870,4966,4911,295,4270,14679,790,1091,1488,1315,1742,3606,1163,1515,-4655,1492,1265,5901,1163,235,-6605,1845,4540,4363,1485,5540,3252,2185,5896,3252,1345,2542,4708,295,4270,16364,790,1091,-512,1905,1742,2856,1163,-3420,-5123,1695,1742,2856,1163,-3420,-6470,2797,5268,2532,5268,2797,5268,3586,6723,9602,16590,3921,6978,5783,7751,-4179,-3835,4148,3721,-4179,-6890
2/12/2025,-1495,-3683,-5890,-1875,-4460,-5890,-2493,-2831,-5890,-1965,-2320,-5890,-241,600,-5749,615,-3975,-5754,2964,-1938,-5754,-1705,-5523,-5001,-855,-2895,-5110,-2290,-4470,-6148,-2975,-10520,-11045,-3215,-10520,-13120,-3640,-8924,-13120,-3050,-9750,-14645,-310,7155,14654,-270,-3830,12610,3695,-2945,20352,-5216,-11746,3033,3600,-2945,20671,-4730,-10325,3078,-3090,-6495,-2362,-6495,-870,-6495,-3440,-6495,3236,1097,326,-6083,4280,5082,-4279,-3354,-2765,-3335,-4279,1200
2/13/2025,161,1093,7822,-360,2487,10015,-435,1687,11813,432,1944,7267,-27,-4065,-6985,2390,1139,-2015,-385,-3302,-5546,1585,4947,7870,1079,-2393,-4570,1385,5534,20283,685,1673,8462,-360,2683,10262,-125,2257,12024,445,375,5823,635,-502,-3874,2390,1139,3530,-285,-402,1822,1495,3238,25307,1500,-402,1709,1385,4947,27375,121,5917,177,5904,121,5917,162,5264,-3897,-7367,746,-1780,-789,-7420,8217,-867,1628,-399,8217,-867
2/14/2025,780,-1666,-1172,355,-3594,-3209,355,-3594,-1172,780,-1165,-6405,298,3061,-1100,25,341,-3554,876,3642,1979,150,106,6415,821,593,-3055,150,161,7126,780,-441,1425,355,-1635,567,355,-1635,567,-1095,-3305,858,140,3013,-8609,25,1067,-2377,583,2732,-732,643,-53,3394,1215,2732,-732,150,681,3394,-2413,3410,-2398,-425,-2413,3410,-2198,-425,623,-7084,1148,431,1411,742,1385,10257,-3526,-3470,1385,11005
2/17/2025,495,1080,-410,-360,1080,-410,-360,1080,-410,750,1095,-410,1970,1550,5305,2450,2195,4990,3410,3630,4650,4015,3595,4315,4285,165,880,4740,-585,6080,750,1080,-410,-360,1080,-410,-360,1080,-410,-765,830,-410,1970,1550,10505,3215,4200,10190,3410,7510,12770,4740,5625,11325,4285,7510,12770,4740,5625,11325,1619,-3010,2535,-3010,1619,-3010,2890,-3010,-295,4825,685,180,770,-2390,-5990,1605,-515,400,-5990,1605
2/18/2025,2457,2039,6171,1630,1666,3760,770,3469,4048,2935,858,3230,13406,7250,8466,2650,509,9187,2195,6401,7700,7805,4527,8912,9519,3120,5671,2775,656,6512,2935,858,7867,1580,1666,8590,770,2606,8485,1225,4656,3794,9335,5675,11483,2440,6154,8585,1915,6819,19267,8042,7121,18915,7013,6819,15749,2775,5147,17002,593,4904,3161,2263,2622,4775,915,5021,4036,3492,9161,10121,5672,10097,927,5869,10015,7792,927,3814
2/19/2025,150,5685,-2599,1388,70,-3465,4239,-14,-2599,1330,5885,-4350,2395,737,1258,3938,6355,14975,2206,8360,10268,7288,16850,-3953,2060,-2085,-4760,5535,11592,-3009,1805,3905,-6634,4485,1035,-9605,3220,100,-9605,-860,2157,3729,2395,9755,25388,2630,7375,19654,2055,14710,25646,6082,16850,22460,1940,14710,25646,5550,16850,21272,-2024,-5332,429,-1101,-679,-5332,-477,-1101,972,918,3100,10444,10695,13200,2100,-5775,-42,-3061,2100,-4854
2/20/2025,-680,-1347,326,-1025,-980,-3220,-858,-1347,326,-1205,-540,-1800,11,1557,-3455,145,-2031,-7074,1281,66,-2588,1380,-2469,-5079,-237,489,-616,1290,-2809,-7334,-1205,-400,274,-1025,-400,-46,-1025,-400,-46,-2240,-2495,-2976,205,-647,-10593,145,-1587,-13680,220,-3346,-13179,1380,-3861,-10031,-237,-3346,-18150,1290,-2469,-7992,-922,984,-1515,-1423,-664,-958,-1730,-919,1105,-312,-1534,-7375,1465,-3493,-1887,-6250,1010,-643,-2992,-6465
2/21/2025,-14,2889,10368,980,3888,10113,886,3332,10046,1310,4545,9989,-1930,-3750,-6470,-1430,4785,-264,-1925,3200,-7234,-1375,965,4944,30,-315,1243,985,-1025,4210,925,4717,9663,980,4592,11709,1005,4744,12354,1100,4732,10509,-1955,-2775,-13418,-805,4830,2008,-1560,4725,-4892,1887,1624,8339,-335,4725,-4227,2020,2705,10116,3233,3102,4467,3441,3382,3102,6357,4693,-4080,-7308,4210,-6059,271,-7420,1825,-1369,290,651,1825,-1512
2/24/2025,3549,1615,5989,3057,5724,5682,3430,2210,2899,3192,6412,6514,3159,-1929,-6924,4475,721,-2740,4962,-945,-6728,4792,2995,-3215,3760,1496,3444,4792,1830,-6630,5054,7250,8503,3057,5670,5010,3646,5140,3436,4851,10455,5905,3831,-1705,14738,4475,-610,-3534,1510,-695,-7426,4792,439,-7810,3760,340,-6481,4792,2055,-7975,1340,6338,3620,8255,1669,5267,3725,13041,2799,5832,-2915,-6084,-325,-6855,242,4675,4199,6222,242,-799
2/25/2025,2065,668,4253,561,2290,1880,1881,2379,-2401,2155,1096,5304,34,4757,21025,4746,2230,8125,1680,6049,19453,1380,5263,8483,226,5093,-227,1280,5263,10498,2285,1007,4253,561,2290,1880,1514,1667,-3000,1626,615,1725,1125,4377,22556,1765,3925,12993,1680,6726,25551,1946,4927,16787,1275,6336,20099,1280,5263,12111,4075,4257,3484,6284,4355,2811,5747,5056,11575,20478,2880,13000,12048,16929,1919,9060,4817,1814,1519,6897
2/26/2025,500,7109,10069,1644,6180,11134,1368,5751,9762,500,6295,8225,1345,506,-2326,1720,1427,294,135,3923,1009,1330,4355,-2090,370,2591,-1722,1330,4355,-6535,500,7455,10199,1644,6180,12538,1146,6350,12298,1676,7446,9715,1345,548,5314,1720,1427,2424,135,2278,3654,1330,3183,-4807,455,2278,3374,1330,4355,-7145,6786,10634,1838,14000,5096,10845,3528,12060,1854,-6232,1371,3474,1996,-5649,1090,-2873,843,-2676,1090,-2553
2/27/2025,2113,4000,7713,1240,4310,8355,2932,4450,8022,2415,4860,8553,-70,952,3218,1781,4381,4931,-565,6375,3687,2265,3983,2728,578,2652,786,1140,3983,3063,2420,4570,7713,1240,4310,8355,2310,5236,6948,2545,275,3043,-70,952,828,1781,4381,5043,-565,6375,3687,2265,3983,3118,1381,5240,-539,1140,3983,3063,3340,7723,4574,-1184,4042,5796,7170,7296,-1405,-3673,2650,396,1159,6340,2680,3551,4188,4797,2680,3551
2/28/2025,6621,25639,9989,6936,6165,14140,4622,25389,9989,6601,6255,12677,4970,1784,7982,6706,2990,20498,4356,2133,2030,6500,-1988,2003,3091,2353,5876,6500,-2403,19654,5656,6255,12012,6936,6165,13572,6936,6005,13402,5630,9666,9640,9518,4093,6889,7503,2990,8953,6717,1659,7121,3780,-5335,-19123,6757,1713,880,6500,-1988,-14728,4625,6063,5358,7597,4630,6208,5438,8142,7522,-99,6984,2339,2749,21380,7131,18996,17667,4314,5086,18367
3/3/2025,3932,3402,261,1505,4860,1360,2957,4816,435,1580,3005,-1791,2820,6670,6189,6600,7104,9394,1275,7837,7532,4942,6860,15040,1610,6338,723,4307,4710,6641,2480,4022,-3521,1505,4860,-2135,1505,4026,-4800,380,-500,-5857,2820,6882,6351,6600,7104,9394,1275,6510,6271,4942,6201,8110,1610,4790,2566,4307,4710,3352,3925,-3012,3015,-2385,2996,-622,2995,-3765,7409,12771,5659,12296,4762,10917,6100,3788,4832,1667,4360,3788
3/4/2025,2373,2185,5230,3344,2438,4606,3334,1835,5364,2365,1815,1536,418,3169,-5401,800,1905,7255,6825,5983,21756,2295,6719,12527,1432,45,-1896,2295,6719,6716,2255,2185,6005,3344,2438,3051,3334,2543,2761,7837,1808,1701,2480,3202,2065,800,1905,7255,6295,5605,20727,2638,9496,34825,5570,7700,12248,2295,6719,35149,5036,4774,1805,5663,2577,5689,2970,6063,954,-2445,-355,11947,6393,18179,-1780,17276,-1811,586,-2595,18696
3/5/2025,4080,323,4272,4410,3792,6915,4785,3408,6164,4750,3054,1520,3118,3576,3213,4705,3618,7465,4427,2133,7586,4831,1162,18301,1461,1566,1032,4441,-137,17511,4080,2604,2610,4410,3792,6915,4785,3468,6805,2220,1328,-2872,2988,3576,4647,4705,3618,7465,6712,3135,7586,4368,-1364,20432,6762,1125,4025,4441,302,20608,2497,7907,3868,8267,1218,7992,3960,4247,-1635,3141,3905,12840,3076,7215,10610,5846,1882,271,8870,10488
3/6/2025,4078,2841,6719,1826,4815,8443,1413,3999,5670,2617,3000,4078,2370,8476,18413,3065,6580,11889,4230,7075,17865,2155,7555,17757,2685,19,-1482,2155,7555,16831,4483,3817,5533,1826,4815,8443,1676,5015,6541,2365,280,4245,2370,8476,18714,3065,6580,11889,4230,8994,17019,2155,5759,14014,2685,5660,18455,2155,7555,16831,7020,5612,5306,5780,5714,6658,4092,7093,9410,14718,2290,6749,6014,8512,11832,9726,-451,240,11832,1858
3/7/2025,6155,6022,7578,7790,7187,19023,5200,4595,6669,6266,6853,7507,5865,5044,-720,8395,9092,9466,3481,8262,21953,7125,15327,10731,7370,5531,5585,6745,14822,6283,6155,7512,6763,7790,7187,9247,5304,4363,6744,5639,5233,182,5865,5044,1376,8395,9092,9466,3720,8262,21953,7125,15327,20091,7370,6023,7470,6745,14822,18614,7022,15488,8237,14193,6447,10922,6977,12116,6535,3557,7775,15243,7510,14967,9224,60328,2677,8424,6730,57963
3/10/2025,2772,6240,10951,3695,6808,14586,1925,6321,12797,2772,7958,11712,614,4101,-6755,2080,5794,13215,-120,10332,26673,2311,4195,-4503,1615,16,-4305,2322,4896,1257,2772,6240,11668,3695,6808,15272,3312,6723,16570,5909,6005,11680,735,4482,11236,2555,6920,15323,515,12075,27448,1551,4671,41282,1615,8144,23833,2610,4195,43203,2533,6941,3395,8172,2241,6941,2630,5192,3549,-6640,5123,8560,8138,16773,2926,24974,-655,-4270,2926,26480
3/11/2025,14971,7375,8175,3107,9183,8185,3939,10507,12829,3568,7215,12623,3165,2229,7789,11422,3402,1664,4881,7832,17635,550,-1666,4770,17478,6242,2117,12960,3769,9542,14971,7375,8225,3107,9183,7423,3939,10507,9594,5199,8298,13102,3165,2197,5932,11422,3402,1664,4881,10099,17635,550,-2141,14750,17478,8969,8701,12960,-1961,5979,8054,859,8626,4501,7031,974,8431,2955,8620,12050,2520,3528,6886,15492,5818,11847,1679,7363,2849,10037
3/12/2025,2521,5551,5182,1348,3850,7380,2758,3411,5094,1155,6032,9320,2501,5464,18786,1993,3487,12668,2749,3414,12667,1758,-2932,-2150,678,883,6643,1758,-2145,-2375,2673,4387,5182,1348,3850,7380,2888,3580,6305,3540,2865,7679,2501,6114,19125,1993,3487,12878,1801,2976,11164,1758,-1164,-16187,536,2790,10156,1758,-2932,-17001,8228,7768,6229,2723,7076,5136,8640,2723,8807,13214,6677,7945,3467,7684,-3835,285,3005,3693,-4225,-4426
3/13/2025,6511,7013,4767,4360,7474,5981,2842,3154,10146,3957,3471,7597,4787,7354,8200,2555,7907,8159,1928,8461,10123,2568,14871,17926,3251,6449,-3157,2568,14871,15724,3929,6124,4767,4360,7474,17831,3700,5616,11145,6404,4304,-2190,4787,9140,7455,4087,7907,8159,2073,9720,10123,2568,14390,15776,5235,7473,9110,2568,14871,15878,4392,7399,3750,8273,5183,7399,5018,10801,7492,7538,6408,11730,6552,14008,6638,-397,9477,-327,6238,5013
3/14/2025,1265,1004,-4936,1440,-280,-5135,896,516,-4991,2098,-581,1558,274,2363,7198,530,1420,11940,2718,5058,3736,360,-294,11883,1540,-2665,-2925,360,-189,17131,1378,639,-265,1440,-280,-2445,1790,-1111,-2500,3225,1305,-5405,1365,5115,5935,530,1420,11940,-270,5356,8018,3119,2095,35185,1540,4638,9723,360,-294,35478,638,4046,3338,-1666,1365,4046,2986,-1666,-1187,6357,1502,4794,2373,3930,1500,13111,-2366,-2220,1500,11370
3/17/2025,107,4686,2527,1400,5083,4184,1000,4577,2527,1180,5137,6064,2991,1203,14332,3017,2320,-606,2802,2388,5152,2666,-1973,8402,4521,2448,5079,2915,-1973,9837,1750,5083,6796,1500,5083,7254,1500,5194,7044,145,1905,7841,2991,2017,10460,3017,2320,-606,4187,3140,-154,2509,-44,16169,4343,3140,-2468,3136,-1973,14353,2994,6981,4051,8504,2672,6771,4794,8504,1372,8991,-206,-553,899,3024,4134,8555,3672,1473,4134,5307
3/18/2025,1790,4692,6751,3877,5065,2230,3242,4875,5403,1555,5770,2609,3409,5857,43469,3381,15962,21930,3400,9883,34199,2925,10961,20674,4044,8799,5622,2925,10636,19732,3368,5065,8954,5597,5065,5524,1505,5795,5524,7443,4471,4804,5233,5857,42532,3381,15962,30750,3400,8668,40123,2730,10961,16798,3695,8193,40523,2925,10961,17775,3571,4509,1412,1421,638,4474,1490,3208,13835,27883,11677,9726,6405,28243,1815,1862,3152,1820,730,2262
3/19/2025,1577,2265,3210,540,2743,5915,400,2404,2932,1911,5168,5578,2573,4103,-531,2706,2675,8604,1615,4712,10769,2055,2786,5219,38,3206,-1588,1680,2936,3910,2520,3182,6538,540,2743,8125,540,2262,7995,2047,324,-5005,2548,1215,12592,2706,2675,13365,1594,3270,23181,1653,941,18358,12,1925,20419,1680,2786,15223,3011,3313,3405,201,2926,3078,2635,356,2032,-1459,6723,6579,8029,8547,6609,11037,1397,1111,2939,8245
3/20/2025,5371,2283,7989,3721,3300,9318,1511,2193,7564,3785,3300,10293,4090,4774,6538,6037,2159,8085,5486,6464,6660,5117,4160,-3095,5806,1890,3156,5117,4290,-789,5832,3300,7989,3721,3300,9318,1636,3210,9318,3470,1425,10689,4090,5025,12199,6037,2159,9703,3072,5665,7321,4379,8064,8041,5828,5845,9001,5117,7005,10225,3188,4824,2060,3897,2116,4824,3528,5151,8005,17181,6983,7693,11827,12921,10467,-3644,8434,4842,10467,-3644
3/21/2025,1406,1291,-2633,635,-360,-4976,626,1639,-1807,-900,1385,-3040,2075,4034,8954,1030,1245,6165,1875,1896,2673,2505,-607,-5983,2072,185,855,2505,-446,-7383,665,2220,-5918,465,-360,-7065,385,-360,-7285,115,-2180,6999,2075,3510,10241,1030,1245,6522,1875,1915,4498,2505,-263,22579,2125,1170,3662,2505,109,16666,-2730,-2814,-1570,-4130,-1845,-4814,-2735,-4641,2390,7802,1260,5091,1741,5390,-208,-541,2039,9099,-208,-319
3/24/2025,-415,3751,-529,425,3088,-1360,1128,4030,-529,530,3762,-1360,545,-2020,-2811,1900,61,3134,2154,-1186,1005,3550,-1311,1289,3323,863,-2111,4020,-301,6184,605,3762,-529,355,3088,-1360,365,3042,-1360,710,628,-1648,545,822,5329,1900,312,10672,2154,995,9271,4020,2599,28392,2169,995,9271,4020,-1311,28392,2383,295,90,920,1583,295,310,920,-1722,-3227,65,1002,723,5909,3196,1458,-1510,-3525,2966,7492
3/25/2025,3212,7009,1552,1555,7714,441,3520,7193,1896,1580,7437,-683,-275,6235,7295,897,2425,1434,576,5869,5484,1735,7349,-5465,326,2503,1346,2675,7349,-5375,1580,8217,1317,1555,7941,-683,1075,6459,797,1125,4270,2719,-275,6235,9171,1107,2425,2734,576,5966,4618,2869,8849,-5090,326,5966,4618,3380,7349,-4845,1729,-4968,3277,-1811,1723,-4968,2617,-1811,2356,-490,2568,-1184,5915,-2707,-1935,-6955,2801,0,-1935,-7410
3/26/2025,1968,1916,4729,892,1792,4636,285,3082,-578,1418,300,3306,-245,-2125,-5535,540,5495,8475,1975,475,-6483,1785,4540,-2287,1406,-2820,-2390,3430,4182,7671,1990,1635,4729,1385,1792,4636,285,1602,4388,190,-2310,-3796,1960,1014,-6390,540,5495,8475,1195,2015,2025,-1004,-2270,9499,1560,1665,1810,65,-280,11211,-632,2883,722,900,1397,4245,-799,1472,1751,-5530,5962,2998,2962,-946,3462,-3556,1614,161,3462,-2579
3/27/2025,1181,1695,7404,1074,3062,4357,1049,1168,7404,1379,2350,8271,2152,1474,11473,90,7495,15510,1977,7347,15336,-210,2164,12322,1801,3024,2242,4007,3825,6007,1049,3062,8656,1074,3062,9255,1074,2427,9255,3177,3724,-949,590,4026,11325,2765,7093,8203,2480,6130,13080,2344,4240,22115,2735,5675,13310,4835,3815,19014,8790,8577,7979,6718,6027,8577,8090,6718,861,10988,4409,7674,6858,12800,4502,13157,32,9,4502,12098
3/28/2025,70,6953,5170,100,5081,5040,100,6793,6439,25,6101,4438,2122,-1377,-1888,1080,10450,18189,1423,7687,17197,5415,7812,18888,2058,-2144,551,5415,6540,18690,70,6101,4714,100,5081,5345,100,6374,7471,-450,2038,4282,2925,4220,8985,4060,10450,18246,1470,10310,17487,5069,16266,47629,2790,10310,18909,5415,16873,48885,940,-568,1886,-61,3132,1834,471,2164,2221,482,7246,12697,8355,8806,11686,23330,-1986,-333,11286,12548
3/31/2025,27,-4293,-5843,52,-709,-3751,-119,-4293,-5843,252,-2875,-4366,1048,-2377,-5119,675,-133,-3724,-336,-4210,-6625,-40,2315,1870,-429,-2635,-3369,540,855,-1268,525,-2640,-7028,325,-2570,-5700,325,-1770,-4600,-135,-3415,-8280,1200,-4845,-12714,675,-133,-14109,185,-1018,-13139,114,825,5718,25,-1595,-13190,720,855,4384,2213,-7069,3805,-5838,2603,-3501,-2293,-5838,-1373,-7151,-2085,-1698,-4477,-7345,4549,3642,-1493,-3538,3899,6587
4/1/2025,6170,6202,4549,4005,6390,4898,2017,5711,6760,5543,7020,6359,4757,4514,-757,5771,2844,7625,5788,5663,4251,19970,4419,-2260,17120,7626,-2820,19970,4419,-1109,6170,5985,4790,4005,5775,14292,3233,6250,4863,7384,7422,4284,4757,5343,9766,5771,2844,3175,13498,2615,4251,3619,5372,-8516,12129,2615,5308,19970,4419,-7712,2528,3963,8483,6858,4813,5473,5562,6903,3403,7064,1760,3642,2050,7017,656,-593,2163,2213,656,-593
4/2/2025,1264,9562,8376,6908,14799,6396,4055,14525,8546,2670,3075,11121,3775,9246,-1784,3054,9440,1994,4240,8734,-4240,4798,609,-4740,1857,-2615,-3535,4798,-4450,-6366,4161,14899,7520,6908,14799,8158,4055,14519,9038,3819,16894,10681,3965,5660,5745,10813,1690,4433,2445,11390,5113,4588,2303,-14365,-365,10485,3871,4798,4,-13790,6084,10942,7072,10723,7307,10927,6187,11383,979,-1216,1445,435,2857,-4240,1660,-5005,-2940,-5770,1360,-6340
4/3/2025,4583,970,-451,6907,2821,1206,4604,4169,-4066,3570,1824,278,1269,-1949,-3578,4355,275,3024,3938,1986,1976,1376,17303,6388,2310,582,3256,1376,15901,3144,4583,3751,-451,6907,2821,1206,4353,3845,-1712,1837,-26,-1428,1260,1433,-4058,4355,275,3170,4427,2493,-862,1984,15620,-1204,2633,1220,1885,1376,16508,-1338,2139,937,23244,3112,3255,993,2544,-565,670,-4726,1277,-1306,2302,-1367,2375,6220,5255,5683,2375,4280
4/4/2025,4026,3868,9379,4353,4694,5214,3554,3000,7176,4598,3888,9239,4107,6617,9106,3470,5354,12621,3840,6930,14105,3770,6763,23496,2745,4235,231,2980,3813,20391,4026,2582,9379,4353,4694,5214,3429,3102,5711,6333,5597,11344,4107,6617,9106,3470,5354,12621,3840,6930,14105,3770,8796,18342,2745,3152,24399,2980,3813,20391,5608,7274,5840,21555,4659,23278,5717,18821,5462,9395,7727,11185,8797,14520,7568,15929,3807,3597,5759,13229
4/7/2025,789,2969,5921,-65,3639,3069,1784,4174,2481,2915,3610,704,2371,9427,8984,2587,10125,11241,3276,9327,5253,6279,7580,6568,2976,3941,241,5941,4445,2645,970,2965,5921,-65,3639,3069,1784,4265,-287,2461,4106,745,3575,9427,8984,2587,10125,11241,3276,9327,5253,6279,7580,6568,2976,3791,1319,5941,4445,2645,1230,2457,2246,1233,-87,719,-365,1445,4401,9362,5750,9757,6895,3332,7883,3165,2397,-143,3691,2179
4/8/2025,2313,5585,10314,2055,3763,9319,3976,6389,12624,4290,9865,8496,1413,1273,-3071,1360,5895,6301,735,6967,6856,2964,9929,22638,1939,2538,2908,1459,6289,11988,1450,5585,10314,2055,3763,9319,3976,5025,11012,3930,7905,15571,645,3097,-2115,1360,5895,6301,735,7034,6856,2964,9929,20182,1939,194,-2294,1459,6289,11988,3033,3489,5608,3043,5018,1024,9705,2245,898,-1436,1846,1039,5057,5199,693,1440,521,4066,-600,1440
4/9/2025,1355,6110,7219,1324,6582,5982,2358,5285,2236,1790,3832,7177,3340,4278,-458,4937,10386,7796,3776,10620,309,3445,8774,9084,2844,3544,2212,3064,6769,3674,2025,6784,7219,1324,6582,3770,2644,6337,2344,1030,2828,6186,3340,4278,111,4937,10386,7796,5700,10620,173762,3445,8774,8404,4590,3718,262,3064,6769,4294,5914,5075,5268,5034,4286,963,2490,7229,3435,-1828,7922,8940,5386,8072,5322,9670,85,2084,2757,4668
4/10/2025,2701,6117,4225,1130,5718,1489,1774,4055,2144,770,4668,5802,4775,6094,2938,4110,3475,7472,2096,5410,11678,3339,7374,10404,3003,3660,-3008,2979,6154,11356,1880,6117,5716,1130,5718,2762,791,4964,1885,2131,2734,5435,4775,6094,6355,4110,3475,10698,1587,5410,11678,3339,6012,13522,3003,3185,7363,2979,6154,11356,8402,8096,7514,7161,8424,8565,9500,13585,4100,4160,6172,8424,8160,9300,5572,15414,1890,2998,4652,13814
4/11/2025,4727,1545,8813,2290,1437,6902,3130,-1,5121,841,1052,4219,2009,6486,11914,4683,7067,13670,190,4727,15284,4038,8814,27027,3078,1393,-1945,4038,4832,25060,4727,1545,8813,2290,1437,6243,3130,1910,3468,-1055,-2545,-7736,2009,6486,11914,4683,7067,13670,190,4727,15284,4038,8814,27027,3078,312,7287,4038,4832,25060,2525,3318,3390,6383,4182,5081,1200,409,6558,1741,8568,7755,7576,8494,7021,17085,4236,1747,4441,15365
4/14/2025,2132,5346,5313,2996,5759,6262,3411,6141,6190,4266,3627,3375,2708,2200,9129,6263,4231,8997,5095,2684,9360,5914,6760,-1371,4700,-624,4955,5358,5850,-3735,3761,5016,5313,2996,5759,6517,2499,3500,2428,7400,3330,3875,4354,4246,10378,6974,4231,8997,5095,10374,9360,5094,5338,-7018,4650,898,4789,5358,5850,-5095,4711,3987,4976,3998,4953,2454,4991,10415,4283,9908,4836,12641,2953,3112,-3044,2441,3176,1541,-3694,2446
4/15/2025,1087,717,950,115,1065,1630,766,1129,-239,-25,2051,285,467,8249,10134,133,2984,3323,870,4978,-2775,-68,4327,-2987,1764,4097,3022,-68,3842,-5945,-25,2051,950,115,1065,1630,-105,1290,768,2820,925,-577,467,8428,9212,305,2984,3323,870,4978,-743,589,2324,3134,2222,6937,1159,-68,3842,-16185,2777,1361,4080,2220,2198,863,3575,138,6184,8177,395,-1127,8803,3877,8269,-1751,1197,3022,5404,-2146
4/16/2025,3212,1428,1868,3345,1813,-125,1697,1263,4221,4305,18,1116,3563,1198,-1995,1303,5082,7357,1957,2895,3617,1120,-379,122,1238,1888,85,1120,-219,-732,3690,983,2885,3345,1813,-365,3345,1464,-475,3140,-270,-2700,1360,1198,5210,1303,5082,4354,2780,2343,5132,2011,-891,3091,2695,1748,786,1120,-219,3861,-816,6321,-131,5014,-816,6321,2249,5014,2790,637,5484,10111,3669,1240,3265,-95,4666,1236,2465,-1354
4/17/2025,4576,3269,8243,3634,4807,9959,4356,4575,9373,3976,2232,8003,2655,7857,1955,4087,9862,7758,4592,3983,9273,2882,3258,13640,4732,13649,4171,2882,3258,10273,4576,2460,7912,3634,4731,8146,4356,4323,9000,2929,4697,10050,887,9784,4728,4087,9862,8567,10558,4422,9273,4880,-237,10273,9688,3657,5668,2882,3258,10273,4987,10083,6065,10078,5806,10083,7492,10661,5005,-3052,2788,-1862,8664,-56,1877,3333,4773,3638,1062,4739
4/21/2025,4900,6300,22816,4815,8855,9445,4815,14022,5018,4900,10680,8830,2871,4844,5126,4755,8374,5178,6855,6004,12542,6180,6806,1753,4403,6950,6395,7145,6706,5073,4900,8450,9529,4815,8855,9445,4815,9496,4724,9905,7730,8013,4878,4990,-897,6075,7360,2524,6330,6505,12154,7823,6160,7290,6860,7085,5728,7405,6256,-1927,4625,11562,4950,10036,5767,8499,3935,7412,2562,13768,3603,1380,4180,8906,4234,5656,2336,9417,3434,6736
4/22/2025,5756,1361,10330,6242,827,7733,3323,20417,8500,5652,9619,11422,6630,4970,7667,2211,6153,12755,2711,9056,9282,6640,5738,7994,12401,16162,6494,6640,5738,17010,5616,10104,11528,6192,827,7565,7422,20417,10355,6492,1610,5271,3384,6099,11272,2211,6153,12755,3572,8657,18075,6640,4822,10847,12282,8657,18075,6640,5738,10847,16051,8985,6679,4822,6494,9325,2696,2044,12203,7474,14071,7682,14416,10837,2615,12241,9072,13919,2615,20118
4/23/2025,2714,725,5086,1775,-110,5876,1543,282,4299,3954,-117,4648,4555,4824,-6489,6023,4533,7096,6030,2592,-2447,4365,2255,15446,3255,3268,-2081,4045,1620,3279,9094,-207,5086,1775,-110,6175,1775,-87,4871,4485,2070,5970,4555,4824,2590,6023,4533,9804,6517,4815,5012,4365,952,-3024,3255,3305,-3496,4045,510,-508,5204,955,5326,1540,4084,2581,5686,1540,6610,-6374,5783,4393,4885,-3351,4213,6285,62,-642,4213,6195
4/24/2025,-1005,4209,1471,-1490,4970,1384,-2126,4249,1471,-147,4930,2262,295,-2850,-3885,-110,279,-3459,-115,1649,-3896,1015,-2825,7627,34,-1747,-1415,80,-1052,6030,2501,4930,1471,-1670,4970,2262,3431,4970,2262,230,1960,-199,100,1931,-355,2235,4090,8579,510,6611,1389,-126,-1634,23242,2142,6611,-671,80,-2435,20700,-1085,4038,-135,4038,4312,4038,-415,4038,3307,-1745,570,3398,1474,8656,2380,3117,3541,-1195,1900,5973
4/25/2025,-1445,-851,7806,-1950,-110,917,-2483,-2369,5817,-1985,-1096,-1079,688,-2702,7,535,1984,11350,1031,-3940,4699,-270,2855,25863,-15,-2565,-4485,-500,-226,34388,-1710,-546,5605,-1950,-110,4032,-1950,-1311,4032,1539,-5600,-2503,1235,2355,6210,5990,2665,11350,1215,5230,9224,-500,2436,33332,-15,5230,10445,-500,2855,28356,4011,5730,25,4304,9866,5730,-3370,4304,-172,6190,1185,8295,3755,11315,-1195,23460,-2761,-1703,-1905,24138
4/28/2025,165,3271,5624,413,4125,4962,-234,1905,423,-330,3680,5833,4251,-1343,694,1000,614,2436,4170,-2397,-2460,5203,2204,12463,1171,5125,1201,4836,6445,19013,-465,4080,6618,413,4125,5210,433,4310,4765,-40,2273,5613,5357,-1805,-2969,2582,614,-3910,4043,266,-8646,4996,2552,13879,4245,266,-8845,5360,4215,5329,3205,10390,4655,11221,3948,9235,3885,9602,2332,-2355,3712,4086,1780,590,7012,6931,5180,7593,6622,9021
4/29/2025,1522,-882,-4898,2136,-970,-2981,3133,178,-4898,2095,-1042,-3742,1184,4349,10370,2010,720,4207,1844,-2000,-2673,2010,-3558,1245,1864,2434,-2845,2890,-241,-5579,2635,-890,-5868,2136,-970,-4200,3298,1902,-3700,660,-3600,-4940,1920,3689,15437,2010,720,4584,2220,1034,-481,2554,-2650,-3114,2165,644,-90,2890,-2401,-2411,1183,-6730,797,-3219,2888,-2733,325,-5099,6662,9487,780,-3201,991,-3795,1089,-4196,693,18,1089,-4946
4/30/2025,195,928,-4530,640,361,-4530,-446,-515,-4530,145,-363,841,2225,2676,-6506,5,2890,-5635,201,-35,-7495,2125,4921,2929,-585,-2405,-4535,2125,2721,20322,145,-2255,-598,640,361,-146,640,409,-191,-1195,-2140,-1396,2225,3342,18343,5,3344,7529,545,1900,5564,2125,4238,15666,-585,730,1792,2125,2721,15089,781,249,2045,527,1827,3284,2185,181,1072,7379,1699,-6060,2761,-5897,5812,18133,24,-2250,4147,19599
5/1/2025,4534,411,4749,6800,3625,5620,3987,475,4749,4245,2890,7044,2059,3319,12237,5025,9765,12205,81,10734,9487,1915,500,3220,4501,2062,2371,1915,500,2845,3509,2890,1830,6800,3625,7264,6800,3595,7264,2570,3428,3858,4465,10975,14539,5025,1150,15404,4440,-1345,-2586,3106,1614,-9860,2049,-1795,528,1915,8289,-2937,973,-1162,2078,1859,-82,-1162,2078,1859,3069,8564,5906,5073,1440,1425,-48,4760,4837,3071,-48,-501
5/2/2025,-78,-720,297,109,963,3350,-2,1108,-253,-1008,-696,-575,313,2026,-5685,820,-1037,-4032,1273,1412,-949,3740,625,2891,1378,258,-4052,3606,486,6627,-845,296,1822,306,296,2625,1001,-1839,3030,-180,-150,3017,500,2830,-12677,1480,-725,-7900,2051,192,-7751,3761,-358,-3227,1455,192,-5555,3606,625,-2540,2257,6165,4870,262,2257,6165,3675,262,-4100,-5110,828,-740,-4859,-1833,-1879,4320,121,3377,-1879,4320
5/5/2025,1332,-171,1540,1781,674,295,168,568,1540,812,934,973,3050,4236,2483,3576,8325,6777,4050,6206,7344,6455,6416,1582,2586,6790,8850,4640,6206,-3226,1301,1714,1872,1781,674,795,1721,1240,795,1130,-130,2637,3050,6430,13538,3676,8309,11962,10975,7712,7379,617,6350,10260,2166,7712,8281,4982,6416,8227,2995,1439,2995,5579,1440,1439,2995,5579,3205,8129,2295,6548,4703,3495,8909,-4443,7568,4891,8909,-5047
5/6/2025,2542,552,1885,880,-1925,1507,511,-1159,3120,3317,-600,307,3721,6415,15863,2410,6455,16842,1746,5544,29806,3380,1090,9064,2766,2100,-1678,3380,1808,15774,3317,-1950,-1253,880,-1925,1507,550,-1395,1507,2365,-3339,-1954,3546,6625,22701,2410,6012,18827,2536,7902,28023,3380,-252,30861,3321,7532,22816,3380,75,31413,4460,3680,3354,3241,2973,6325,6346,3856,3374,17904,5929,21642,9877,12857,5898,5567,2960,456,5530,12606
5/7/2025,3884,2138,7841,6386,7760,7841,4827,3274,7841,4655,4206,22140,14318,26148,11091,4718,11541,20560,2534,8755,35986,5184,11122,14242,3080,7710,12428,5184,12912,19400,4655,1140,26709,7099,1825,25226,7099,4245,24411,7265,16426,12642,16085,38953,11278,7005,11116,18270,17185,14740,35672,17745,12567,29272,16180,14740,33390,5184,10377,32715,5801,14819,18050,16627,5544,14869,7232,16627,20595,16670,7955,13948,8749,7360,6020,4788,24884,6256,4332,2350
5/8/2025,2385,2382,1191,1665,1650,269,1665,1477,-298,2605,1995,2280,1039,3668,11998,1355,486,2787,552,2830,10823,-338,14578,1349,184,13335,-25,-338,14578,8596,2385,1995,4253,1665,1650,-1660,1665,2090,-177,-415,3425,-2087,1570,1844,7120,1355,2085,8019,-365,13743,-5018,-338,14135,-7824,1460,12673,-348,-338,14578,589,-1521,1908,3238,98,506,-237,3431,98,2511,8337,625,1882,968,-2411,-21,-4673,777,6931,-21,-720
5/9/2025,2018,2273,-230,2796,3252,-1726,2190,1899,110,1250,1664,993,755,2548,16398,1556,4080,12654,3310,2493,16639,350,3262,-4245,1029,698,3675,755,1297,-6939,1728,2542,1276,1520,3252,-111,1520,3157,-111,2034,18,-1617,755,3563,23060,1556,4080,12654,3215,466,17057,755,3928,-7493,1285,466,15888,755,2862,-16170,-826,-3182,-3127,-691,-2767,-3182,-1655,-691,3328,15958,3250,9515,2170,20134,3129,-6059,1671,1468,3279,-5901
5/12/2025,-531,1760,-4993,10,1765,-4844,-495,1765,-4993,-26,-2610,775,-1650,-4371,-4143,-1120,-3975,-7490,4669,-4500,617,-1700,-6400,-3392,-706,-602,-2776,6743,-4265,-5602,-350,530,-1392,1170,535,-4945,840,535,-4945,-1785,685,-3660,3755,1215,5836,-470,-3505,-2689,5110,-1030,7762,5780,-1974,-2359,5170,-1030,6593,6338,-5560,-1420,2670,-3446,670,-3657,4077,-3446,-120,-3657,-805,-5563,-3910,-6746,-6370,-4173,-6050,-3055,-6370,-4665,-6050,-5355
5/13/2025,4583,6006,4513,2250,7461,4513,5928,9126,4513,3025,4953,6023,-340,2127,3352,3900,5430,3135,5265,10567,1031,-215,3505,-4253,4085,769,-3440,1565,5662,526,2960,6477,6299,2425,7477,6299,2385,7464,6299,3365,7018,8483,-65,1431,10016,4090,8564,9365,3345,15610,5389,-618,8246,-2303,3855,15610,6041,-1620,4062,-2303,1183,978,1375,978,1183,978,2318,978,3408,9636,6275,1422,12020,10286,9390,-6991,1225,-2905,9390,-7076
5/14/2025,4080,8348,11990,4170,4920,12119,4170,6241,11990,5125,3650,14690,821,10004,19618,4350,11300,18932,5125,13313,28925,4315,18802,9124,6300,12778,7311,5990,18802,13316,5125,6637,15608,4170,7522,15804,4170,7522,15804,5171,7278,13423,4380,11439,24153,6135,11300,19059,4900,13313,34280,5688,16050,16015,5455,13313,34280,5990,18802,16015,5745,3945,5110,7754,5745,3945,4265,7754,3789,11943,6269,11054,8640,13306,16005,3457,3768,5585,16005,3622
5/15/2025,1495,2455,3464,986,2455,4154,1600,2455,2900,2415,2455,3470,1400,3475,-2687,1585,4020,-928,790,1257,2929,1200,-175,-4225,2555,877,-4590,1640,-175,-4635,1909,2455,4308,986,2455,4078,1795,2455,4058,2150,4892,6963,1400,1995,3033,1585,1535,2070,790,895,-830,3348,2554,-13000,1955,895,-2855,1640,-175,-17313,248,3101,1843,3101,-636,3101,1009,3151,1504,6392,2424,10095,1917,333,-1425,-6945,1890,-3100,-1425,-6945
5/16/2025,-1122,-2743,2166,-1070,-1930,3113,-1352,-768,2166,-1045,-1475,3289,-330,-3668,-6379,-1500,-3715,-3995,-1306,-4335,-6662,-735,-3384,1933,-955,-2400,-4270,-1465,-3593,2958,-1885,-1930,2788,-1925,-1930,2553,-1925,-655,2553,-375,-1230,673,-165,-9535,-17739,-765,-8095,-11400,-1075,-4435,-13836,-1560,-5936,2597,-1095,-4435,-13476,-1560,-6240,2703,-2696,2488,-1980,2255,-2701,2488,-1290,2255,-3930,-7215,-2099,-4374,-1596,-1378,-5649,1633,1,-385,-5649,2374
5/19/2025,352,5342,8053,85,6343,8331,270,6256,8003,-265,4117,7786,-1020,-1855,-3949,-655,2149,793,-192,1380,4566,-1730,-456,-4230,900,1175,-4555,-2090,8318,-6595,-265,5476,8845,85,5166,8749,270,6590,9385,670,1637,12112,-2125,-1005,7028,-1030,-640,5300,2530,1120,6886,4139,-5656,4,-800,1120,4148,3115,-4304,-4640,1502,1991,1997,2130,1834,1991,1417,2130,1743,-5822,255,1848,6316,3290,1975,800,-1994,-4315,1975,1498
5/20/2025,3143,6783,2203,2943,5830,2030,5005,7309,2203,3143,1839,7280,5028,3087,13232,3174,3980,7728,4494,1669,-403,7219,1533,-3260,7913,3518,5243,5234,790,-1848,3143,4843,11360,2943,5827,9795,5005,7523,9795,4073,5863,4970,11270,1479,13624,3314,2605,9787,5214,1235,3138,3127,3607,-3796,10335,1235,1317,5234,65,-6695,7490,11062,8560,9265,8459,11062,7822,9265,6579,7543,2178,5840,-658,8525,-3150,-25,1420,7807,-3150,499
5/21/2025,4644,1937,4000,2464,4555,8151,3354,5965,7119,4321,749,1883,5779,-140,-3709,5599,1200,3821,3125,2440,-4609,5995,4478,-5361,5550,2516,-885,5995,3855,-7430,4644,1937,3197,2464,4555,6506,2359,5965,6711,4829,346,-542,5779,900,1231,5599,1110,-975,2554,2355,-4182,5995,4998,-9170,5550,2355,-3540,5995,4998,-9170,5257,2590,3992,1863,2783,2590,1536,-754,475,-3582,2385,6038,553,-3182,4571,-3095,1055,293,4571,-3095
5/22/2025,4648,7197,8094,2470,7485,7104,5997,9746,8094,5430,8123,7104,8528,16095,14877,3315,2995,14135,5182,5005,8598,3030,6389,-3759,2656,2653,5957,4770,8341,-1527,5430,7485,2685,2470,7485,4750,4650,7575,4750,5565,7443,6304,8528,15880,15542,4380,3287,12069,5450,5429,3679,6192,8130,-100,5285,4639,359,4770,5524,-669,6271,3920,4553,5301,6271,3920,4288,4651,8912,12666,15952,8054,3510,4510,596,-918,2623,2570,596,-1190
5/23/2025,-271,1331,4541,-696,-835,869,764,1688,-221,-526,-1736,-2093,-65,10464,-4058,-510,9947,-2982,-1390,2569,-414,-750,3194,-3466,-205,3183,-2123,-905,2314,-4545,-330,500,-555,-645,500,-829,-795,665,-829,-1295,-85,-1704,-285,10464,-8494,250,9947,-17739,-1905,3493,-9514,705,2933,6275,140,3493,-9514,-1050,3194,6399,2296,4089,-1688,-1523,-1688,4089,-598,-1523,1619,-5472,2188,-5748,-3327,-4074,3170,-5779,-440,-3370,3170,-5096
5/26/2025,1883,3200,3815,2935,3160,3815,2980,3155,3815,1290,3200,4810,155,6130,9647,-230,4350,2708,-740,2755,2289,-1205,-3500,-2999,-1035,3860,3486,-2010,-2360,-4702,1290,3200,5710,2935,3160,5710,2980,3155,5710,855,1601,150,155,6130,9647,-230,4350,2708,-1225,3650,2289,-1332,-2111,-15311,-1270,3650,2548,-2190,-2045,-15942,-1498,2302,-1890,-1216,-544,2302,-2670,-1216,-1400,-607,-3245,-1975,-3142,-1633,-5820,-5140,288,224,-5820,-5855
5/27/2025,-870,-363,-250,265,-925,1416,136,776,-250,-40,-955,-6261,-1525,-4285,-6710,1250,-2220,-7085,-1912,-4090,-6576,3155,-1820,-1863,-1059,-2295,-4465,4595,-970,-1247,80,-955,-2327,260,-1075,-3742,245,-755,-3742,-2575,-2025,-2477,515,2030,6539,2575,2195,4045,3560,4735,11814,6034,-2108,6029,3725,4735,12805,7045,-815,6029,2371,-2822,250,-6232,2371,-2822,-195,-6232,-4000,-6110,-85,224,1934,-1852,-1645,-5795,-1855,-3465,-1645,-5795
5/28/2025,787,5503,6647,1150,6532,1826,687,6188,6199,650,1542,-4836,2060,3023,11628,245,6138,60,-355,1207,1565,835,4038,-2753,265,280,974,835,1678,-399,600,786,-1330,745,5499,-2331,687,7264,-2636,-540,4984,-2611,2060,2998,1768,260,6789,3243,-405,2852,-710,835,3498,2313,665,2852,-137,835,255,4983,3726,3231,3855,2792,3714,3231,10984,2792,1469,7206,884,1962,7549,-187,5748,-1648,122,984,5748,-5307
5/29/2025,825,5349,-1196,1220,2362,2763,1986,3848,3127,1770,3308,1276,2426,8347,12324,860,7041,12115,872,12272,15933,100,7600,2734,2170,5022,1099,865,7075,1136,1680,2520,704,1220,2458,-1148,820,2563,-318,985,1215,-5547,810,9425,13322,405,7041,12115,1820,13536,18971,396,4463,-1991,1965,13652,17581,865,7600,-1991,762,-3628,-145,-3064,1924,-3628,-950,-3064,3660,12377,1465,14271,7024,11022,674,881,3919,3805,674,881
5/30/2025,4165,5843,12220,5439,1782,14717,3170,1740,13475,3984,4238,12758,1889,-436,962,1424,1500,107,275,-1810,5560,3220,3890,9260,2861,1354,4341,620,2810,12555,3549,6158,13684,5439,1782,13847,5334,2505,13847,1061,1887,7684,2135,380,1421,1280,460,-3818,4725,-1799,5243,4133,683,7554,3770,-1799,4707,620,-700,7508,7490,14502,6438,13670,7505,14642,5925,11825,-443,-7109,306,-4447,1476,-2259,7535,6366,254,6454,7535,11354
6/2/2025,-1495,-3617,-1456,-950,-3985,-3655,260,-3617,-1456,-1585,-1156,-2159,-1907,-3925,-6996,-1325,-3433,-4179,-1301,-4308,-2522,-40,-510,3623,-1451,-2910,-1828,-40,-2270,5866,-1630,-3985,-2705,260,-3985,-1998,260,-3985,-1998,-900,-4035,-3284,-2280,-10845,-16645,-1355,-6898,-7827,-1195,-6371,-6635,-453,-2,20543,-1275,-6371,-8805,-40,85,22072,-2018,-2836,-1655,-1217,-2018,-2836,-1655,-1767,-3755,-7300,-825,-6335,-5679,-2764,-265,-3110,-2762,-2175,-265,-3110
6/3/2025,2269,603,5726,-350,5375,1558,-476,1293,5726,994,-1025,3605,-285,-1795,-4940,3929,2595,4178,-1035,2372,3933,1040,-110,-5365,1450,-610,-4435,-310,-2925,-6520,994,1395,5726,-560,5375,3605,-785,2160,3605,-45,10,4222,610,2590,4663,2154,1545,4749,1205,5220,5261,4740,410,850,41,5220,4191,1260,-110,-330,1040,3829,2404,3445,1695,3829,2404,3445,565,-3922,-472,10692,3523,7312,3452,3655,-805,-4445,3452,3796
6/4/2025,-539,-2107,1616,-929,-3898,170,32,-2152,1616,-1315,-2340,-1760,182,9415,8071,-1020,9945,9842,-1415,11624,3137,-1045,16191,2379,-1295,5984,2085,-1045,14350,3200,-1315,-5223,-4788,-929,-5223,-5073,-29,-5273,-5073,-1062,-3220,-1745,160,9565,18815,-1715,9945,9842,-2160,13162,3137,-1123,16457,7534,-2040,13162,9959,-1045,16191,-180,-1224,61,-2187,648,-324,61,-3170,648,9083,2728,5313,2247,8547,4091,21596,-1540,5579,640,21596,-2334
6/5/2025,4599,1206,-4049,2145,3984,-2316,2044,1274,-2143,614,409,-5078,1010,754,2944,3120,2630,5666,1399,3215,12300,4231,10683,22268,17,853,6198,3764,4117,21577,4599,2879,-3540,2145,3984,-780,3450,3219,-3086,1492,-1130,-3211,2710,1868,2699,3120,2630,5666,735,3889,11647,6024,13132,9675,3106,3664,7324,3785,11517,9100,3054,4371,3879,-1113,3553,-5159,2344,-2042,3652,6331,2351,-1756,6161,5738,3185,10702,2501,7563,3185,3644
6/6/2025,1500,2275,8931,1334,2235,5684,851,2019,6704,569,2010,5254,-115,679,10462,632,5106,4375,-1275,-2298,2531,155,787,-5065,306,995,4184,155,1525,-5936,569,2045,8931,1334,2235,5684,851,4952,3351,262,2817,11344,-115,501,16095,632,5106,4375,-2005,-1568,4939,1281,-2331,-14980,-1635,-1568,5081,155,-1150,-9993,925,3192,670,925,54,3192,1632,925,3894,24252,1737,16092,-627,16680,-3480,-3645,2922,16548,-3480,-4568
6/9/2025,951,1695,-1921,1370,765,-3480,765,765,-1921,475,2095,-4355,3385,4627,10722,3635,2209,-4996,1225,1460,-1761,2367,-2903,-4805,3404,4570,3139,257,622,-6530,475,1695,-3067,1370,1025,-6240,765,1025,-6240,909,2320,-5050,3385,4627,10746,3635,2209,-5550,1225,3097,-4955,1551,-908,-52858,3011,3097,-6753,1256,-3483,-52858,1210,-1838,-1225,-4909,1210,-1838,-220,-5955,11530,12084,2559,-4185,-54,-4922,-217,-6860,6568,2104,-217,-6315
6/10/2025,4046,503,2666,2890,1368,3952,1708,1661,2666,3415,1335,3980,3415,4205,19996,1750,2321,18443,1816,3405,24683,1810,217,14202,3581,3789,4505,1810,-56,19911,3125,809,1426,2890,1368,2695,3120,1502,2695,2410,-2904,-895,3415,4759,21407,1750,2439,19123,1870,3619,23054,2637,784,12828,5089,3619,23322,1810,217,15188,-636,298,-840,55,-53,298,-775,55,5356,11296,2375,8127,6692,13723,5506,11681,1489,1930,5506,12921
6/11/2025,203,-510,2042,490,130,3346,-547,-239,3585,203,-1130,1679,280,1234,660,1460,2630,6018,116,2609,511,2475,4638,8027,954,4129,-659,2320,3803,-3556,203,-510,-1728,490,-243,4072,-1155,-239,3957,-1835,-4625,-11924,280,1234,792,1460,2630,6018,2485,2609,1627,3195,1826,16897,1035,2329,398,2305,5318,15271,3014,-838,4232,-567,4432,-2505,1315,-1532,3220,2875,4961,8741,3560,3625,2665,2490,31,205,2165,2909
6/12/2025,889,1630,4961,300,1762,1528,-452,1819,4961,865,315,741,668,3817,-2558,-645,1275,7016,2937,617,597,335,50,-3713,4527,810,-3754,420,883,-4965,920,964,4961,-705,1762,1528,-1365,2524,1528,915,1126,-4752,668,2716,19333,-355,1275,8563,3215,-690,10103,258,4721,-23000,4735,-690,9834,420,1200,-25740,51,-823,-465,-1311,51,-823,-1516,-1311,3530,4120,-1465,43,6882,3773,6516,-3172,3502,4607,6516,-2412
6/13/2025,5248,5141,4611,4450,7294,3937,4371,5196,4611,4923,3290,4826,2319,11,-5648,3774,2222,-6341,2806,2029,-5750,3375,6365,3253,1904,531,3841,3115,5975,-957,4827,3840,3845,4450,7294,4826,2952,7124,4826,5680,5804,6850,2519,1185,-3937,3774,780,-4931,4405,2595,-7108,3531,4554,1345,3860,2595,-7108,3115,5975,896,6508,495,4891,-1055,6508,495,3131,-1055,2345,-5727,3779,3280,7293,-4071,5380,1400,4203,11702,5380,1458
6/16/2025,3623,6931,172,3155,5064,809,4371,5991,712,4015,2515,1327,2637,5183,-2555,2385,3555,-5668,4250,2149,-3157,4125,3270,-1108,2819,1078,2024,4285,3270,4892,4015,5617,2968,3155,5064,3487,3017,4507,3487,3270,5192,4720,3313,7276,-9414,4195,3555,-19804,4130,5380,-21381,5070,2807,-3446,3640,5380,-23768,4285,3270,-10684,8813,3351,8698,4486,8599,3351,8793,4486,3109,-3935,9048,-3702,7579,-2888,14975,4924,254,3519,14975,-361
6/17/2025,-480,-680,-4936,-930,-130,-4450,-930,-130,-4936,410,-680,-6385,693,482,-5786,1905,2001,-4457,245,1008,-7449,1970,-1702,-1565,490,1259,-2290,2225,-1535,-8165,410,-680,-8066,-930,-130,-7580,-930,-130,-7580,-1225,-3450,-10295,685,90,746,1905,2085,818,540,535,706,1348,1221,-30470,820,535,706,2225,415,-30470,-127,-3972,-140,-5170,-127,-3972,-140,-5170,1289,-3422,4157,-7495,-3566,-3735,-2675,2274,-1024,54,-2675,-7080
6/18/2025,2489,5576,11208,3503,744,11303,3497,5576,10694,5649,-1680,2085,3313,984,2217,2524,1136,-3872,2932,2251,324,3010,3451,9891,2400,-456,8749,3500,941,10256,4174,300,3150,3503,300,4369,3057,300,4154,3782,-135,-2876,3160,2087,2084,2524,3967,-153,2390,2437,8410,4524,5033,12667,2460,1762,8867,3500,4364,10251,4500,8399,3154,6393,1786,8239,3921,6798,8855,3422,1755,-5630,8639,9335,2720,-3222,2176,4298,5273,14736
6/19/2025,-75,290,-1268,200,290,-2428,-235,290,-1268,-75,290,-2428,1745,6388,10191,1485,3604,6667,2433,4850,7412,1975,2864,-1250,2410,4453,3874,1975,2374,-220,-75,290,-1268,200,290,-2428,-235,290,-2428,-1105,685,-5285,1745,6388,11101,1485,5933,11237,2433,6685,15184,1975,4283,29154,2410,6685,12853,1975,4283,27019,-312,-1178,-817,-3842,-817,-1371,-1472,-4661,3765,9529,5945,2004,3765,1203,1365,-60,3295,6410,1365,-1830
6/20/2025,2490,1125,515,2345,2256,-2289,493,1635,459,1960,1081,-3835,1029,9575,10138,-235,8805,11101,2295,8170,3275,3875,11808,-4775,1865,6544,-1708,3875,11560,58,2490,2767,-4353,2345,2256,-2742,1550,2970,-3232,1250,264,-6552,1701,9096,12822,-235,8740,19055,2295,7340,10283,2998,8731,19810,1865,7340,11090,3875,11808,22015,1810,-5650,803,-3933,3510,-5066,-1408,-5466,5904,18396,4330,21575,9572,11537,10929,-6144,1060,-1349,10929,-2095
6/23/2025,2982,4755,7050,2110,6810,7915,1655,6810,7915,3315,3540,6560,2273,2018,8757,3661,2907,15137,1507,2543,13130,1591,4556,9155,1261,-729,6522,1591,4556,10465,3315,4755,6311,2110,6810,6226,1655,6810,6226,1340,1893,6205,2599,2245,8757,3465,2907,14390,2115,1754,13834,1457,3899,28332,1211,1754,13760,1591,4556,30284,1555,6825,2065,6825,2300,6825,-70,5741,793,4603,4217,6997,4446,11250,7379,12190,-178,-1320,7379,12036
6/24/2025,-605,-394,-961,100,-790,-61,100,-121,-961,-375,-977,-288,-935,-3605,-6312,-630,-4001,-7442,1850,-3819,-7218,-590,-440,-3818,550,-2385,-1822,-345,-1650,-1575,-375,-535,-845,100,-790,-100,100,-800,-100,1519,1378,741,-1460,-5615,-14586,380,1550,-10597,2005,195,-6410,-1836,980,647,2235,195,-9267,-1695,-440,1302,1850,-1105,963,169,1835,-1105,826,169,-3955,-7025,-2250,-2860,3938,-5185,-5415,-5184,-2070,-2940,-5415,-5927
6/25/2025,1630,7542,3477,1140,5455,4742,1176,5794,5422,240,4511,4281,-930,2351,-4814,-740,-2069,-2870,1542,1949,1597,-980,-3720,-4147,68,-2425,-2450,-1745,-2753,-5964,810,5405,4119,1190,5455,5077,850,4800,6197,-550,1275,2564,-770,3775,1635,-1520,-1909,-2870,1630,969,1382,-2344,7557,-37863,2012,969,1805,-4250,7238,-42263,-2368,5265,-2379,4847,-1978,5265,-3385,4847,204,-5054,841,-4575,1166,-7326,-5325,-4945,-1360,-2845,-5325,-6790
6/26/2025,-1442,-3525,-3160,-1150,-3160,-2344,-2374,-3525,-3160,-1465,-1185,-3520,-952,-4485,-4253,-470,-3535,-2057,-1677,-3720,-4486,1554,10015,4257,-172,-2475,-4910,1924,4635,9403,-1465,-3235,-3570,-665,-3235,-2420,-685,-3235,-2420,-1460,-4695,-6001,-920,-8800,-21480,-645,-5215,-11270,-870,-8680,-14234,2053,107,14963,-235,-8680,-12375,2149,1005,15400,-810,-1267,195,1576,-810,-1267,195,1576,-4377,-5965,-4440,-7465,-5029,-3856,1770,450,-2981,-4665,1770,7935
6/27/2025,2133,8265,15519,4072,7680,15519,4022,7050,14214,4073,5292,11751,745,-1220,-868,1995,2283,-2380,1532,-3966,-6492,5512,-5418,-3269,5434,-278,1061,5512,-3413,-4422,3060,9860,24590,3222,9393,24590,4022,9995,24340,7042,5609,14408,745,395,1898,2480,-1585,-6355,1532,-2798,-4809,4148,2659,-10012,1437,-3203,-8485,5512,-4413,-27165,11980,12307,11795,12627,11795,12307,7785,11632,-445,4680,5899,-2550,2352,-2485,3157,300,5770,8405,3157,513
6/30/2025,15,751,6783,855,196,6880,1125,154,5174,545,3518,9088,670,-940,-3779,1135,470,-2933,1316,2113,-6539,1896,8105,-1290,1686,-490,1700,1896,-518,4630,545,159,6783,855,496,6880,1125,815,4610,-335,366,528,670,-675,10632,1135,4619,4258,1316,7455,2318,1896,7600,-20897,1686,7030,2630,1896,7600,-20230,618,-3931,230,-313,608,-3931,539,-313,1114,-4983,2370,-5938,2884,-6360,5347,-7870,9061,-347,4632,-1259
7/1/2025,920,4870,7362,1765,3738,7605,2085,3194,8612,920,4110,7851,129,5769,19164,360,5113,16488,-166,4743,20002,2360,3285,9100,55,1327,23,2360,2655,11467,920,4982,7296,1765,3738,8846,1425,3608,9071,495,1095,8355,1120,6523,29714,360,5113,21993,-895,5495,22221,345,2969,11896,2360,5495,22583,2360,2885,13386,6367,11622,8040,11884,6367,11622,6640,9044,5087,16335,3133,14756,2665,10704,-1365,-386,10,2014,-1365,-386
7/2/2025,378,2893,1655,877,2873,1655,330,1954,1655,650,4107,-405,1689,-1790,-6775,900,2560,-696,1382,-3549,-6477,533,3815,-4490,2188,-2125,-4490,3870,10355,-5630,355,2893,1655,-60,2873,1655,-10,2097,1655,205,2745,-405,1660,-2240,-8512,1260,3688,4863,1689,2068,2329,4962,6848,22350,1980,2068,2953,3820,7396,25196,2621,-2875,3079,55,2621,-2875,3079,55,-1310,-4282,-743,-298,1752,-6307,12052,-4345,756,-5755,12052,-4345
7/3/2025,1635,1595,1100,797,1932,1100,797,1932,1100,680,1595,1100,-765,92,-3322,350,6735,2279,1612,2827,-1950,2272,5145,-4375,1034,95,-4530,2678,2660,-6455,1635,1595,1100,797,1932,1100,797,1932,1100,1345,1155,1100,-765,-225,-1062,1515,6735,4480,2475,3631,-1528,5043,5660,-8687,1265,3631,-1649,6315,6960,-13600,2780,8900,2780,8900,2770,8900,2780,8900,-1775,-5070,3915,2335,2334,-2679,-4490,-1980,-2393,-4175,-4490,-1980
7/4/2025,-585,1715,3499,-440,2232,3499,-440,3380,3499,-585,1482,3499,-20,2020,-2215,-630,80,-4115,-293,-1725,-1580,-700,-2000,-1275,-635,1520,3529,-275,-1700,-3480,-585,1715,3499,-440,2232,3499,-440,3380,3499,-1080,1215,1920,-20,2020,230,-700,80,-3635,-293,-800,-2240,-275,-2000,-19385,-680,-800,-2240,-275,-2000,-19385,-588,-108,-1535,-108,-698,-108,-2305,-108,1190,-3630,-475,-6930,432,-184,-3950,-6080,1510,3754,-3950,-7230
7/7/2025,-365,-527,753,-565,885,3814,0,-474,1053,-470,-510,855,1520,5230,-1320,3335,7756,18164,1754,13863,21914,1902,15169,19909,3165,788,-2510,1050,15169,13923,-470,1195,-2176,-565,885,-366,0,885,-366,-2130,-5575,-7295,1520,5230,3005,3335,8637,18789,1520,15151,21914,1050,13490,85290,3165,15151,22330,1050,15169,86093,-569,-1862,1440,-4218,-569,-1862,2450,-4218,3340,-2030,6268,13076,1039,13766,21064,15696,3188,1056,21064,16887
7/8/2025,2235,6634,-756,1265,8058,-1896,3270,5374,-1454,1935,5725,-1193,2840,10591,17305,858,4380,3272,3400,14129,8968,2655,6720,-605,3665,858,5739,2655,3720,-2176,2625,7698,2125,1865,7714,343,1865,5483,343,1105,3390,-2080,2840,10591,18086,858,4380,3272,3400,14129,11170,2655,11725,-3463,3665,14129,12973,2655,11932,-3463,2458,-1154,1562,-2398,2458,-1154,2117,-2398,3814,17027,-2343,5447,3999,12712,-4656,-1514,4075,4404,-4656,-1659
7/9/2025,1894,-525,1393,895,-1606,4496,1131,-525,1393,2377,-2550,4496,5093,-4408,-6942,3985,-3659,-4638,-90,-4447,-1853,5420,-1490,-2240,1247,-2327,715,5420,500,-2470,2377,-868,1822,895,-868,4496,885,-868,4496,3405,-785,2050,5640,-6423,-12899,3985,-5759,-4965,-1920,-5145,-3210,5420,1775,-3669,1920,-5145,-11425,5420,4822,-6889,-253,2891,420,5880,384,4389,-230,6692,-3381,-4254,2110,3789,-2143,3280,720,110,1261,6403,720,-310
7/10/2025,-280,4178,-3495,-210,3385,-1875,80,4178,-3495,-135,1499,-3135,352,3121,1089,-810,-3130,-1763,-1388,-722,-6948,-150,-5010,-1956,-1042,-1121,-740,-150,-3090,-1889,-625,3385,-4986,80,3385,-6821,80,3385,-6821,-250,3555,-1681,-670,8561,12786,-1940,-7465,-14340,-2170,-9555,-21151,254,-1959,1927,-1525,-9555,-20915,-150,-6310,-42710,4792,1636,7045,-333,6475,1636,9129,-333,-838,-2899,-3703,-3348,-5704,-3361,-3730,-6087,-1629,10,-3730,-6087
7/11/2025,850,300,-437,-652,-365,158,245,138,-437,-948,-2010,-1078,509,2748,370,1155,1672,797,2194,2506,-2714,685,-400,-3659,1997,1703,4163,510,-400,-5760,-948,-735,-2695,610,-735,-3470,1115,-172,-3470,-260,-1890,-2181,1355,4650,13186,1155,1672,-421,785,-1290,-1135,2230,-2673,-27850,1340,-1290,1069,510,-400,-29100,2652,-4030,435,-5525,2384,-4030,1250,-5525,11659,2754,4961,-2893,3186,-4392,8605,-1557,5570,-866,8605,-912
7/14/2025,626,3107,-3517,-465,1988,-4103,-49,3732,-3517,625,1988,-4198,695,-3615,-6610,1295,-915,-2655,-352,-1980,-6225,625,-3250,-4580,105,-1670,-4445,960,-4120,-6975,650,1988,-6469,-465,1988,-4940,-815,2613,-4940,-925,-1810,-2445,1308,-2965,-8412,1320,-365,-2130,1100,-2670,-8706,2840,-5108,-20392,1535,-2670,-8987,727,-3875,-22795,2557,-5313,2658,-2453,1642,-5313,2115,-2453,-4465,-7345,-3665,-4200,-2747,-4995,-5045,-3366,-3695,-1330,-5045,-3201
7/15/2025,793,7475,896,70,3924,1004,1465,4377,-701,1150,5465,-1511,-160,3333,88,2007,2848,959,1465,4521,-1043,545,3052,4496,1570,3804,1232,545,2811,-54,770,3143,806,70,3924,-1099,70,2583,-1099,-218,3260,2279,-160,3333,-3065,2007,5043,1692,1465,3155,3904,545,3098,4546,1570,6676,2783,545,3052,5416,4206,6060,4247,5716,4204,6060,4496,5716,3109,-234,1262,1055,3554,5695,1157,885,2354,1672,1157,4292
7/16/2025,1026,-3691,45,14,-1279,1697,-589,-1309,-304,480,-1545,2982,15,-1996,882,2425,125,3448,345,830,5031,2630,-815,-1554,621,-967,-1782,2630,-815,-1686,880,-1324,978,460,-1279,1430,460,-1254,1475,-99,-3238,924,15,-1996,-2345,2425,125,3588,345,830,4458,2630,-1167,8426,621,867,2413,2630,-815,7051,-536,-4306,-629,-5675,-536,-4306,-2629,-5675,-3174,-5926,3181,3435,2743,6668,-971,-2108,43,3383,-971,-134
7/17/2025,3068,806,-2534,3770,1970,-2142,-745,2237,-2534,1050,-1105,-1664,166,-3925,-6705,2285,1185,-5802,-1095,-4500,-4687,550,13325,-4847,2278,-2970,-4485,-700,8105,-3580,1395,1970,-2253,478,1970,-1664,580,2440,-1664,1025,2950,-1704,570,-1370,-10737,2475,2688,1982,1575,4918,-6938,1176,16865,-364,2553,4918,-6938,3225,16391,562,-391,388,280,5654,-364,388,-720,5654,-3850,-6310,205,-4705,-2938,-7091,5209,-4199,-2808,-5510,5209,-4199
7/18/2025,3275,7892,-525,3090,6847,514,3090,4458,-962,3275,6560,-525,2340,11685,13694,-126,6933,15100,4010,15316,8277,-1740,15601,-3091,5587,6012,-201,-1695,11663,-1686,3275,6560,-525,3090,6847,-496,3090,4412,-957,3250,5704,2247,2340,12561,18494,-1171,7729,16970,4575,20063,14911,-504,14544,11202,7035,20063,13807,-2380,15691,12187,3241,-864,3147,-346,2286,-864,3528,-346,9032,9258,12068,6611,4249,2617,3448,-3410,61,4214,3448,-3055
7/21/2025,3275,2425,-5085,3405,2510,-5085,2787,2023,-5085,2935,2212,-6390,-480,-1815,-6142,-770,628,-7485,-210,-2970,-7450,-725,-3300,389,-915,-35,1004,-625,-1450,483,2040,2425,-7480,3405,2510,-7480,2750,2538,-7480,3110,3400,-8221,-480,-1815,-6911,-770,628,-11320,-260,-3345,-18729,761,-5900,-22292,-255,-3345,-18729,-1100,-5900,-22292,-2020,3918,-2020,4763,-2020,3918,-1343,4763,-1192,-4288,125,-6360,716,-7115,-2213,8777,134,1518,-2213,10522
7/22/2025,-657,463,21,-97,-586,-722,730,177,-2678,487,-1421,1130,90,635,1405,830,-2542,-1530,730,-2618,-5170,3490,-5385,-430,260,-2280,-4455,2515,-4460,-2451,-675,-1421,21,-250,-586,-2047,41,-134,-359,-1700,-3500,605,90,635,3175,1637,2242,-4197,240,-542,-811,3229,-1873,-20920,330,-542,-6267,3405,-1692,-24764,5767,2992,6204,3376,5344,2992,3273,3376,-2618,1831,-4030,-5354,-6935,-1412,-2621,-1621,-2735,-2615,-2621,-266
7/23/2025,-885,-236,-863,-1675,1208,-1017,-1885,-946,-863,-810,841,-5912,-80,-3467,-6927,-1170,-3017,-4702,294,-1655,-4620,-920,-3642,-2486,864,36,-3096,155,-4462,62,-845,-372,-5463,-1560,53,-6112,-1560,28,-6112,255,-502,-4168,-80,-2452,-16402,60,-1502,-13567,-390,-887,-17528,-202,515,-12612,720,-887,-17742,155,-2792,-12612,-2351,-2363,-2605,-1751,-1166,-2363,-2895,-1751,-4265,-7495,-4350,-3809,-7452,-6575,-6215,-4895,-2340,-4505,-6215,-5385
7/24/2025,3128,1645,-2842,2175,1645,-3480,2034,1645,-2842,2795,2190,-3624,816,8212,9712,815,3790,4093,370,3755,4882,485,605,-4929,861,3477,-989,485,-1194,-6167,2820,2845,-3663,2175,2845,-5000,2035,2845,-5000,1850,5155,-3370,775,9532,16735,815,8155,5738,370,4495,5416,485,630,-16605,820,4495,4244,485,605,-16013,689,-4968,620,-5375,-576,-4968,135,-5375,1660,9912,4093,1958,3850,906,-3482,-5046,-40,-1165,-3482,-5682
7/25/2025,576,-321,1768,-115,-80,2361,614,-76,1768,450,495,2761,50,-805,-5445,1220,-710,-3961,3242,-563,-1496,2590,-2365,-2270,2195,601,872,3630,-2275,-2545,450,130,5570,-100,955,4096,-100,1230,4096,-235,1720,4861,50,-755,-3485,1220,-4050,-3431,1950,-785,3019,3527,-1983,-22815,2195,-785,3340,2510,-280,-28875,1899,740,1380,2176,1899,740,2305,2176,-4385,-7095,2050,-1511,-4925,-6181,3151,-3527,181,-5350,3151,-5162
7/28/2025,3640,1760,8338,1853,2758,9234,1703,2799,8538,3628,1378,141,1080,12518,9804,1815,14638,12304,-56,13294,16945,-735,6429,-4723,2604,3800,5267,-476,8496,-3341,3640,998,8321,1468,2758,7537,1703,2455,7737,2205,4160,7890,1080,15117,23545,1290,14638,12304,188,12935,21037,2250,4031,11465,2064,12935,20064,1254,5359,7246,6018,1709,6018,853,6018,1709,1998,853,13315,12270,8755,6840,10615,13245,1865,4700,2558,8665,1865,4700
7/29/2025,6,642,4535,-65,294,-929,-775,40,-288,1520,-1163,3863,-680,-2580,-5985,-1440,-866,585,-35,-1611,-6960,532,4422,5060,433,-2325,-1505,202,2594,3644,1520,790,4509,-65,700,4508,-65,1013,4916,-260,-2375,-1390,-680,-3465,-24545,-975,-866,585,-35,-797,-3227,532,5549,21219,-240,-797,-3830,202,6723,47268,3286,-1288,4391,-814,2910,-1488,2425,-814,-4285,-7445,1235,2377,-1771,-6752,10541,12623,810,-1105,10541,25293
7/30/2025,7435,865,7629,8812,865,8887,8445,1700,7629,3623,2488,9680,6530,6300,1287,5118,7059,6338,5515,2732,1297,3585,10549,9928,5295,4700,7245,4005,4990,-201,3328,2180,11231,8812,2180,10785,8812,3015,11365,4003,1925,15420,6530,7395,10355,5118,5230,8030,5515,4288,6007,3585,10001,-12693,5245,3753,7987,4840,10014,-12035,4215,11120,995,15087,4030,11100,1180,15477,9800,21434,4713,14449,6982,12950,881,-1943,2320,8360,351,-1943
7/31/2025,-1152,-481,2526,-1420,-350,830,-1420,-86,-3463,1705,580,666,-185,1176,-5354,-1305,379,7678,-1808,-82,5903,-745,4206,15336,1260,-715,551,-400,1078,17650,1705,82,3399,-1420,-350,961,-1420,-420,1161,-1600,-1810,-1002,115,1911,-1264,-1020,1294,8088,-860,136,6653,-1217,3840,13071,-430,136,4591,-400,3411,10933,4735,3643,4691,4485,3505,3643,2695,4485,56,-5981,1895,5464,4170,2396,3040,-1426,-192,741,1505,-1426
8/1/2025,4197,3095,7813,1815,4214,1139,4129,3451,2892,4249,3233,5242,3545,6546,21345,2445,4786,14118,1105,6439,17134,2593,4115,17603,4247,3242,4785,2593,3520,5842,5974,3838,7925,3335,4214,790,4096,3166,790,1471,435,-289,3545,6546,26125,1950,6115,24849,1105,6535,29320,5321,4115,12262,4795,7433,29320,2593,4115,12262,2944,2097,616,5066,2288,4037,1655,3962,3467,24293,4738,24663,7993,21476,7022,10519,4358,14874,7022,11336
8/4/2025,80,3057,820,-395,581,-130,-779,3057,820,80,1077,-1410,515,1836,1915,775,1239,6730,1970,3481,5470,-70,3360,5828,-329,2941,-1128,-130,3260,3718,80,-1739,-792,-395,-1739,2000,-770,-1739,2000,-400,2136,-160,515,2966,2962,960,1239,6730,1970,3822,5470,3119,3539,3871,2090,3822,5470,590,3360,3871,1447,-228,-3530,-1460,-325,-228,-1802,-1460,472,1613,612,2417,-398,6279,1833,9404,1727,-3375,1833,9448
8/5/2025,990,3906,2010,1130,4372,1775,-772,7203,3395,990,6055,5689,835,5228,2602,1755,3401,8614,1090,4637,7255,3020,10864,23911,825,402,39,3020,10243,24698,990,3756,2010,1130,4372,3258,550,3359,4618,815,1376,1878,835,2590,2875,1755,3401,8441,1090,4637,9546,3020,9910,18326,825,4637,8523,3020,10864,19458,3476,-17,2640,5671,6302,-17,1550,1590,2021,7696,2400,12215,5118,10570,4590,23716,1504,8690,4590,23356
8/6/2025,-1490,-1215,-2325,-1740,235,-4803,-1068,-821,-2325,-1980,-635,-2858,-1140,-4346,-6600,-360,-3990,-6380,-1752,-4306,-8009,85,-1403,-3230,-1497,-1246,-4435,825,-1350,-2892,-1810,235,-2417,-1240,235,-2025,-905,420,-2025,-835,1002,-25,300,-9080,-16290,-905,-3183,-8825,-990,-8420,-11815,-297,-4381,2204,180,-8420,-11815,825,-1405,3709,-1725,-4703,-3600,-1805,-1310,-4703,-2360,-1805,-4460,-6380,-4315,-7260,-6845,-8194,-3343,-2208,-2460,-4876,-3343,475
8/7/2025,509,3657,4858,-20,1475,6107,433,3861,7250,-658,3695,7277,2617,-1025,-5310,2370,1155,-641,-164,3374,2819,2169,-453,35221,870,3685,-1082,2200,737,9358,-485,5420,5956,-20,1475,8502,460,3210,9591,-590,1300,-519,2950,-1375,-3884,2485,2542,-641,100,4000,5331,2200,6218,18137,240,4000,6336,2200,5697,19110,-1378,6395,1585,11200,-378,6395,1520,11200,-235,-6526,-622,-851,2235,3760,-1441,-2166,155,-2521,-1441,-2166
8/8/2025,1070,-1918,-2096,-35,-595,-1675,365,-635,-2096,909,845,-2795,1795,4369,4020,640,2040,1873,1891,6950,2797,865,7789,1326,2138,2260,-2818,865,6699,-346,950,-1095,-3639,-35,-1670,-4970,365,-1710,-4970,-1280,-1000,-4575,1795,4369,-3716,640,2040,1873,1635,6950,2797,1083,7950,8609,2415,6950,3226,865,7950,7732,-1249,-1500,-770,-2050,-591,-1500,728,-2050,2627,-1674,2509,2331,1865,483,1838,14630,2069,895,1838,11235
8/11/2025,-912,-798,2169,40,35,3004,-596,-1098,2169,-435,538,2791,-995,-4229,-6152,-840,-55,-4596,-1647,-2275,-7499,-245,2763,7158,-1110,-973,-675,-495,-2475,-7782,-435,1560,3120,40,1560,4062,40,1193,4062,750,2163,5275,-995,-4229,-18734,-1345,-55,-5070,-1525,-1357,-9636,-940,3291,-11301,-1240,-2277,-10835,-170,5018,-10607,-398,970,-398,2273,-398,970,-650,2273,-3390,-7403,-915,-7438,-5018,-7468,-5957,-6940,-1848,-653,-5957,-7495
8/12/2025,-1252,-3512,-5961,-1410,-3305,-5230,-2304,-3467,-5753,-1480,-2177,-5690,-1525,-4230,-5760,-580,-3175,-822,-1720,-4494,-3388,-1030,5236,-180,-941,-1423,-1340,-735,2571,-1756,-1480,-3305,-1301,-1410,-3305,-2254,-2605,-3065,-2254,-1845,-4252,-1907,-1710,-12375,-21540,-580,-3170,-822,-895,-3295,-5590,-2537,4098,13994,-1020,-3295,-4630,-1355,5299,13550,-3862,-960,-2560,2530,-2952,2375,-3375,2530,-4486,-5868,-1185,-10,-4875,-4795,2851,-1575,-2187,-1693,2851,-1873
8/13/2025,2790,3049,2753,3028,2985,2416,4338,1939,5154,1645,830,2371,2620,390,716,2770,6903,1913,1627,3832,2354,2075,6922,1750,934,2156,5008,2245,3704,-898,2790,1360,2480,3028,2985,3060,2815,1465,4398,1700,2450,-850,3310,45,511,2770,6903,1913,1580,3662,-1559,-138,7457,6749,1885,3662,-798,2245,7081,6901,1553,1356,1243,2924,1553,1356,1840,1765,2440,-2915,1709,1569,694,-1487,1913,-122,2792,1605,1913,-122
8/14/2025,798,-1324,-247,-110,-976,2382,1751,-1324,-247,-30,-842,829,451,5124,16113,740,2239,-309,1480,1159,10666,351,-3634,-4271,1259,2695,2085,671,244,-3360,-170,-976,-1988,-110,-976,-84,-340,-976,-84,-1670,772,-1005,610,5330,20018,1733,2239,10100,1275,2717,3663,2036,-3782,-21918,1265,2717,5654,276,-1780,-22510,1673,1386,850,43,4697,1386,850,43,7972,5975,4472,-2545,2256,-1548,-1352,-6575,3568,1849,-1352,-6575
8/15/2025,2477,1147,-3129,720,-1411,-2503,1407,422,-5401,1230,-1004,-6535,5132,10460,11763,6910,10899,6724,3638,10594,11317,7100,12816,5842,4483,5517,1799,7100,12816,5338,1735,-1562,-4842,870,-1411,-6262,1680,-363,-6687,1170,-905,-8920,6480,12277,15058,6910,11490,8611,5715,10722,11557,5100,12186,2797,4985,10722,12562,7100,12816,3671,816,-2650,-961,-3057,-825,-2205,-684,-3826,14368,13688,15657,7499,19585,10844,17899,-2060,2479,4677,17899,-2060
8/18/2025,-1410,831,485,-1395,831,529,-582,891,485,-1695,202,-625,90,-4045,-5309,1680,1268,-4542,550,-391,444,2250,1888,5672,275,4030,922,3275,-2041,5579,-1695,831,1816,-1395,831,3831,-1160,891,3831,-1560,-28,7003,90,-4045,-10228,1680,1268,-5137,485,542,-2274,2825,-2910,12026,400,542,-5688,3170,-2910,8461,-836,-139,-945,-1859,-193,-139,80,-1859,-3950,-7355,-293,-5379,340,-3200,742,2765,494,-868,742,2765
8/19/2025,-485,-3654,3265,451,-890,1809,-1212,-2768,2977,-1150,-2940,2555,1235,2257,-5879,1355,2861,4073,-592,1961,-1548,1845,4600,1221,391,2332,-1804,1105,6665,6802,-1520,-470,4604,940,-890,2672,-1935,-1145,3526,-2590,-4120,-3958,1235,2257,-8247,1490,3870,7658,1000,3660,2415,768,6369,14949,1260,3660,2768,765,8420,30323,-3279,-2406,-1719,-1968,-2269,-3380,-3120,-3156,-1089,-3999,2855,3510,-1142,187,8276,-922,-606,-1348,8276,11652
8/20/2025,789,1155,-4520,4260,55,-4520,1859,-3965,-4520,2240,675,-2629,2695,500,-4040,1365,865,-6330,70,1005,-5937,-15,-1065,8245,-419,-2790,-1916,-15,-505,13511,1300,-510,-1812,4260,-965,-750,2535,-2200,-750,160,-4625,-5000,2695,500,1372,1365,865,-1337,-460,1125,846,519,-2806,5752,-335,1155,-430,-15,-1065,4418,5645,6145,6212,6117,6838,5059,6352,6017,9007,9688,6895,6224,10051,10054,9516,4823,2652,4382,9126,14265
8/21/2025,361,1208,-2528,-240,970,1834,25,-597,-2528,1370,1050,-3036,2712,2397,10923,3537,5369,12862,3396,6177,21347,5564,8589,7759,5542,1050,2005,5564,-90,8261,2753,838,-2558,-755,970,-4237,-755,970,-4237,50,2725,-1406,2712,2637,15050,3537,5014,14622,3396,5479,21426,5564,8572,28078,5921,5629,26831,5564,8873,28906,-670,-2300,-2101,-6062,-2447,-2300,-1881,-6062,4802,19737,3469,6020,2982,7618,-4635,-3127,1413,3292,-4635,-3929
8/22/2025,620,3808,4504,645,2112,-940,981,3026,5514,1265,1292,4295,-1335,1695,-332,465,3210,-587,34,2355,-5648,-805,3204,5017,49,1210,2119,775,3204,5017,500,2815,5394,645,2545,7417,385,2449,7549,2003,2069,6353,-1335,1695,1358,465,3395,-587,475,338,-6243,1359,3958,4974,-35,338,-7930,-545,3204,5017,2802,9431,868,9723,2802,9508,923,4053,-2595,5589,-367,1698,1403,-5285,-589,8304,3065,3764,-364,8304
8/25/2025,880,4406,1168,1949,3330,2891,687,4943,1168,905,502,2544,1490,1517,-5056,3760,-62,-6425,370,999,-4102,3513,-4237,238,2213,3102,5017,3438,-417,887,880,4127,2751,1949,3607,3062,1949,4177,3062,1004,4995,4951,1490,1985,-11773,3760,-4022,-14550,370,650,-13570,3583,2018,3444,830,650,-16790,4120,-1,-1332,5037,8957,3088,10130,5037,8957,3088,10130,1120,-911,-1975,-4710,-2587,-2386,246,15233,3244,9002,246,15427
8/26/2025,773,-180,3683,1283,505,3683,998,-140,3683,963,-630,2240,5,1760,1895,25,3150,6479,392,1973,7847,-450,2920,5119,110,-710,17,68,410,9687,963,1220,-2152,1283,1185,-2480,468,135,-2480,1058,570,3351,5,2160,5409,25,3150,8396,407,2014,12554,-65,2920,30927,110,2014,12720,455,2920,35706,-639,958,-606,958,-606,958,-413,958,1835,-5256,-949,3794,1754,4272,2500,10591,641,-1490,2500,13116
8/27/2025,1318,4926,2418,2417,4333,2169,3247,5879,2418,2232,6081,1530,2140,8383,19795,1760,8387,7677,1988,8185,10641,1140,549,-747,2205,2711,-613,1240,1402,-1277,1957,6843,3837,2417,6843,5045,2042,6713,5045,1600,6605,8070,2140,10031,21872,1760,9091,11310,2285,9275,17044,1505,1339,20412,2205,9275,15431,1280,549,20961,3757,1724,50,1836,3757,1724,2027,1836,5996,9880,3012,5715,5414,7567,-1364,256,2795,-2950,-1364,1223
8/28/2025,-1125,2103,-1135,-1220,2300,-2378,-1220,2103,-1135,-1625,1749,-1426,-850,-2445,-5926,-570,1295,1700,-1180,1955,-2619,230,4679,-1235,-1394,-324,-5100,-1020,4679,-1235,-1625,1775,-3202,-1220,1775,-2541,-1220,1775,-2541,-2520,2260,1020,45,395,-6838,-735,3945,2143,-955,8850,-584,-2285,4121,-567,-635,8850,-584,-1505,4679,-1235,-4158,-2634,-1375,408,-2103,-2634,-1375,408,-3475,-7115,-1725,-424,4242,1723,1863,-2487,-1576,-5255,1863,-2778
8/29/2025,-1425,-2933,-3352,497,-3810,-2546,-170,-1812,-3046,677,-1760,-1990,1585,2908,5102,663,2167,6114,305,7549,5120,308,2410,-3907,2202,2893,4533,1338,4305,-3992,677,-4960,-5502,497,-3915,-2756,497,-3745,-6750,417,-2407,-5537,1585,2908,5102,1225,3071,9166,485,7895,5488,1338,5337,-6410,1735,7895,5680,1338,3969,-5557,-3734,-4513,-2669,-6106,-337,-6480,-2630,-5756,-990,2720,3283,6345,-2052,1472,-4982,-5186,648,1,-4982,-5691
9/1/2025,1465,3055,5755,1565,3055,5755,1565,3055,5755,1415,2500,5755,2710,5500,4840,2725,8315,9815,1835,10045,10545,3085,7640,8675,2435,4335,2245,3430,7175,10285,1465,3055,5755,1565,3055,5755,1565,3055,5755,450,1635,4630,2710,5500,5115,3225,8315,11260,1835,10045,10545,3740,10495,19390,2800,10045,10545,3740,10495,19390,4695,2383,4695,2675,4695,2383,4695,2675,-70,555,60,6055,5515,3995,2660,9480,-1540,-185,2660,10810
9/2/2025,1869,4264,6859,1349,2871,6859,2862,4707,6859,3290,3762,5430,3908,5326,5095,2151,6629,6967,-917,3646,-831,1571,3192,11482,1930,7059,9135,1546,1768,12353,3050,5582,6859,1349,2871,6859,5423,4707,6859,5130,3156,7296,3908,4930,5380,2151,6629,6967,-865,4051,-831,1562,1251,19843,1930,4051,525,1546,2631,23677,3196,2074,1656,2074,3196,2074,1504,2074,2005,1565,5635,6763,3466,3236,2660,24968,8906,10555,2660,24968
9/3/2025,1196,4913,4939,1680,1525,5125,2080,3409,6851,2389,5643,4660,6775,7529,13817,4048,6120,7280,2367,4223,7575,4182,6601,-492,4358,10954,3941,4182,1062,-4102,2359,5490,3219,1680,1690,7334,1601,-717,5890,4056,5630,5052,6822,6178,9778,4048,6120,7280,3736,6415,7575,4070,-5309,-4713,2795,6415,4352,4182,-6935,-21157,2021,9116,2071,5107,1625,7107,2200,6319,9870,10243,2148,3789,4786,4279,6610,-4962,3803,7838,6610,-3606
9/4/2025,-1487,-2452,-5541,-965,-3780,-6048,-965,-3780,-7338,-1785,-2715,-2055,-1950,-3980,-6945,-1175,-3600,-6645,-1732,-3720,-7469,-1550,-1375,-3184,-1490,-2485,-4850,-865,1609,3803,-1800,-1915,-6498,-965,-3250,-6865,-965,-3250,-6865,-810,-2775,-1685,-3525,-15955,-38060,-1435,-8195,-18215,-4470,-18405,-21050,-816,-2130,9178,-4325,-18405,-20656,-1175,-1855,9576,-2318,-5035,-2030,-6245,-3698,-5035,-2690,-6245,-4485,-7465,-4475,-8290,-6749,-7412,-1449,-4958,-3884,-2160,-2197,-5275
9/5/2025,-285,383,901,-545,-277,2555,-545,303,1133,-285,-212,2060,200,-2169,-660,-705,-199,-3730,-900,-2269,-1975,-1155,3637,-2533,-565,1555,3130,-1155,3637,-5406,-285,-212,901,-545,-277,2555,-545,-292,2530,-590,-187,3945,200,-2017,-4702,-1660,-286,-5700,-1275,-3182,-12506,-1155,3363,-14451,-1245,-3182,-11501,-1155,3637,-17667,-507,6688,-705,4639,-2573,5224,-1068,4316,343,-4149,-1958,-6805,-1609,-4103,675,-1713,-1585,-4335,675,-6961
9/8/2025,550,2373,-3041,100,1598,-2175,1068,2367,-3041,550,-390,-6191,667,1499,-3776,-475,5740,-6445,1293,2144,-3834,900,856,-5805,1601,3645,-1981,1575,361,-7445,550,726,-4611,100,1598,-6201,-155,1922,-6201,-155,343,-4260,667,3640,-6941,-325,6195,-1105,480,2690,-5883,2322,11817,-8580,1257,2690,-5883,2610,12345,-8580,-2306,-4416,-3371,-4946,-164,-4416,-2306,-5671,1850,-5542,-3170,-1356,-4222,-5201,2439,-3781,-3180,-2262,2439,-6321
9/9/2025,-1078,-3903,-1111,-685,-3190,-2317,-451,-4251,-2395,-725,-2255,-607,-985,-3830,-123,-1500,-3486,3449,-1285,-2091,2660,120,-3510,-1157,-1495,1044,11,60,-2204,1625,-725,-3125,554,-685,-3190,553,150,-3820,553,-685,-4195,-2960,-1535,-3830,-2220,-2830,-3876,1441,-2025,-5706,2924,-417,-1705,33099,-1970,-5706,3327,-388,-3502,34162,-1482,374,30,-3455,-1260,374,-1055,-3455,-4325,-1840,-3010,-2074,-4248,-6003,460,-1765,17,702,460,-1744
9/10/2025,2254,3189,-5307,2540,1298,5645,1817,2727,5692,2025,652,1458,1795,1252,-6744,1457,3622,-958,1330,5925,2902,2505,21544,26175,2213,60,-1257,2505,17188,32423,1465,1548,3456,2540,1298,5117,2560,1148,5772,2020,1255,5247,1795,3420,-4129,1457,3567,2018,1330,6010,11944,1905,7263,519,3145,6010,10949,2505,9048,2231,920,-2673,-522,-2623,905,-2673,-826,-2623,-3045,-6689,1946,2388,5087,3500,3307,18038,145,-1305,3307,1158
9/11/2025,-275,250,-4810,1930,640,-5054,1756,250,-4810,2455,465,-4060,2775,-865,-2461,1840,1391,646,3311,-390,-5422,6055,17432,-1235,5110,-2910,-4445,6335,15932,18,2421,350,-4321,1746,350,-4560,1756,350,-4560,1930,-615,-5615,2935,-4,444,2510,9501,1717,5870,3391,4550,6591,18254,4391,6870,3391,5625,6335,17432,5496,-5198,-4187,-4450,-3885,-4358,-4187,-3475,-3885,-4435,-5406,4778,-5050,-3699,-4663,12393,-4625,-5800,-5780,12393,-3280
9/12/2025,-881,-1710,-4445,-1350,-1710,-4410,-1536,-1710,-4445,-1360,-2585,-6685,544,3080,-482,2195,2310,3850,-607,1919,1340,1290,-1350,-4376,1158,313,-4785,625,-3470,-6919,-1360,-1818,-6245,-1350,-1818,-7385,-1350,-1818,-7385,-2560,-2438,-7835,645,5402,-3356,2195,5124,9625,805,2988,5610,-29,-2740,21651,1360,2598,5610,-68,-2275,24065,-1321,-5891,-2475,-4007,-1321,-5891,-2475,-4007,140,-3757,2479,4573,2514,4439,156,-6060,2772,-4605,156,-6044
9/15/2025,-1000,-230,-4086,-1020,-385,-3040,-1640,-385,-4086,-1320,735,-3050,-526,-2470,-1905,-169,1577,1972,-720,3311,3196,-180,7310,2706,-877,80,-2818,-510,2133,3662,-1320,-230,-4086,-1020,-1390,-5020,-1640,-1390,-5020,425,-170,-5020,-109,-5585,-6887,-169,867,4201,-139,3311,3816,-1037,8608,24041,-325,3311,3920,-677,8608,25506,-2313,-1644,-2284,-3430,-2380,-1644,-1169,-3430,-1455,-278,267,2980,1599,6910,1228,3064,-1148,-5575,1228,2639
9/16/2025,324,6584,938,710,5954,502,710,4582,1781,960,3708,145,1075,11599,23556,645,8347,10095,-773,11587,19718,3435,1835,784,1760,115,1173,3965,12566,-4186,960,5095,1155,710,5954,2995,710,5039,3234,770,1548,2441,1440,11656,24895,720,10228,15722,470,13309,26383,2971,2450,14705,2090,13309,26900,3315,3864,16357,-2405,2807,-2405,2586,-1520,2807,-1650,2586,9386,16187,6865,12902,1167,10612,-2925,-399,4386,5431,-2925,955
9/17/2025,890,1940,11705,1282,4449,11294,4801,6550,13868,890,273,14077,3294,4521,17174,5145,6618,19694,4850,10653,28772,5420,10716,8682,3868,4023,4907,5805,12489,9862,890,973,15558,1282,3735,13652,4389,4453,13981,585,4956,9809,4769,5032,25004,5508,7632,20149,4469,10373,37490,6696,11412,13333,5640,8928,31699,6237,13961,10262,4306,10089,6866,11089,4306,11804,12837,11803,6805,21811,4355,16079,14014,30922,10562,2550,2997,3902,9287,865
9/18/2025,-752,714,-4812,-470,714,-2529,-821,699,-4812,-235,-39,-4407,670,256,-4993,-275,3280,-2416,-805,-531,-1502,195,43,-1021,190,384,-2795,195,-3630,-782,-440,1090,-2655,-470,1090,-3080,-415,1075,-3080,-640,-1180,-3450,670,256,-3068,15,3160,-4649,-805,-849,-2835,195,4667,830,190,-849,-7207,195,-797,-1522,1232,-3438,2080,1403,838,-3438,-996,1403,1042,3032,2535,1889,-267,2092,1027,7418,-523,-2480,1027,7340
9/19/2025,-1440,-12,-2826,-1935,-1581,-1122,-2013,-914,-122,-1440,-1200,-2300,-1780,-4040,-5747,-1475,-3799,-2827,-1989,-4435,2430,-915,-1204,3249,-1385,-232,61,-905,-1204,4805,-1490,-1985,-118,-1735,-1581,-365,-1735,-3639,-2535,-2030,-2692,-6374,-1780,-5070,-5436,-1475,-3309,-2601,-2345,-6010,4247,-2457,-1204,12376,-1780,-6010,2740,-905,-1204,12376,-2878,-3293,-1761,-3894,-808,-3293,-2555,-3894,-4325,-7304,-2430,-4199,-2448,-53,-1979,5064,-1344,-853,-1979,3179
9/22/2025,-631,-636,-1125,-1550,840,-837,-154,-621,-1125,-1145,870,758,1350,-4360,-6795,2095,-3960,-1650,4229,-3695,-1730,895,250,-3943,288,-2180,-4535,625,-313,-3615,-1145,870,6237,-1550,840,2287,390,850,2287,-1385,-510,617,2305,-5884,-14181,2052,-3884,-1485,4850,726,-10458,316,-520,-3557,415,726,-8825,625,250,-3062,-2168,1940,-1045,1783,-1217,1940,-1045,1783,-4410,-5772,-819,-6350,1355,-7451,220,-3717,-2968,-5845,220,-3340
9/23/2025,-1280,1153,-5804,-1705,330,-5839,-2001,586,-5939,-1700,-25,-4508,-975,-4420,-6995,135,21,-6962,1070,2466,-7479,243,12025,-4175,-350,1917,-72,-417,15661,-5173,-1700,325,-3580,-1705,330,-3020,-1705,348,-2835,-1985,-1105,-5970,-975,-410,-13815,135,805,-6961,1070,3670,-8852,245,23000,-4458,-350,3670,-8786,245,23208,-4747,-2270,-6656,-2270,-4869,-2270,-6656,-2270,-4869,-4190,-7435,-2210,-6846,1580,-8765,-585,-197,-541,2037,-585,-4873
9/24/2025,-1138,-1494,-2788,-1940,-1670,-2876,-1433,-506,-3695,-1126,450,-2983,1800,1355,-6571,2165,229,-1117,1771,-1691,-6416,540,-6288,-3447,1456,-2315,148,620,-4403,-5106,-965,-1650,-2432,-1990,-1670,-1802,-1990,-2847,-1618,-3105,-3680,-5226,1840,949,-11455,2255,212,1236,1540,-4896,-8404,-738,973,-13853,1239,-4896,-5432,620,-2336,-16259,154,593,67,1384,561,-248,-1668,1064,48,-7385,-1757,-5784,282,-4241,-4172,-6267,-121,1795,-4172,-5322
9/25/2025,4398,5062,2279,1478,4512,3451,506,2992,3306,3523,5175,3817,4450,4502,2371,3150,5516,1094,935,491,-1668,5179,2685,-827,1154,420,1984,5179,4665,-991,4488,4378,3129,1478,4512,4986,798,4473,4873,4092,2520,1199,4450,5534,6283,3150,5516,592,2829,1677,-4932,4274,602,-5973,3044,2013,-4638,5179,-520,-5151,3073,5846,3347,5846,2012,5846,4857,5399,3914,5908,2378,1642,3199,-2145,630,-6375,2067,-2555,630,-6370
9/26/2025,275,-1224,-1267,-1110,-4095,-940,-477,-1701,1496,-80,40,247,1186,-2348,-3228,3025,659,-4199,521,-2763,-260,1735,756,-4090,-918,1259,1809,2021,685,-2740,470,204,-366,-855,-3800,-82,-505,-2805,893,-2105,-3105,-919,1820,-3455,-7685,3025,-445,-5865,1340,-5540,-1775,503,-404,2582,2370,-5540,-3010,1450,-290,1892,-3481,-2612,-3346,-1718,-3278,-1612,-2361,-1718,-2004,-2218,-2766,-1515,385,-688,-585,1415,-1604,-2351,-585,650
9/29/2025,-305,4086,3674,1034,4202,4505,895,2971,2605,-305,3753,5738,2898,13833,9757,3240,4808,10524,-107,17478,17431,-1050,10231,-4970,-1500,920,-2751,-700,9414,-6415,-305,3704,6677,1034,4202,5976,895,2782,5735,-167,4448,5127,2898,14374,10665,795,5913,20161,-1360,22560,30881,-523,10546,63658,-1020,23535,27030,-1435,11082,77034,-108,5578,-1712,2431,-2047,5578,-1280,5546,13866,10546,9108,4822,5220,20436,13273,-6225,15,610,13273,-6225
9/30/2025,351,1637,4353,-380,2142,3587,-318,847,4353,795,3062,1619,640,-363,-3602,-780,-1678,-3654,-942,-2216,-2327,15,2290,4189,405,356,-115,15,544,-820,795,2122,688,-380,2142,1619,-380,847,1619,-550,-316,4937,640,-363,-8166,-555,1093,594,-775,-3314,2171,-282,5700,18618,475,-3314,-1890,15,3496,18816,2671,3859,2951,4623,2671,4072,1041,3289,-234,-6242,830,3106,3029,-5174,2712,12261,4370,-483,1133,14158
10/1/2025,-1455,-3991,-4149,-1670,-4400,-4161,-2084,-3991,-4149,-1980,-2995,-1591,-1765,-3595,-5221,190,-3950,-6614,-1722,-4728,-4362,-1710,2155,-418,-1442,-2645,-3439,885,3409,-3270,-2155,-3705,-3011,-2110,-3705,-1810,-2110,-3705,-1810,-3260,-5080,-4640,-1220,-6560,-18179,760,-1510,-9609,-875,-2440,-10859,1852,1215,-1070,-265,-2440,-10859,2245,2155,-799,-3472,-5770,-3075,-2785,-3472,-5770,-3380,-2785,-4415,-6334,-3920,-7149,-6635,-4847,1936,-1997,-3501,-3649,1741,-2740
10/2/2025,760,-2361,-1566,960,-2695,-1239,850,-2251,-2937,760,-2380,-1370,-190,-2815,-5065,-245,-3030,-4711,3197,-2265,-4773,-250,-6160,-4972,1825,-941,-4245,-495,-4330,-2567,760,-3105,-1865,960,-2695,-5930,1145,-2360,-5930,-85,-3315,-2716,160,-970,-2395,485,-3380,-12411,3345,-5725,-14076,-29,-5070,-24060,2365,-5725,-14076,-1065,-5070,-24060,-2275,-67,-2454,15,-3147,-67,-2218,15,-3570,-4995,-3490,-5950,-6325,-6646,-2790,-5952,-3985,1534,-2790,-7072
10/3/2025,-1115,2080,-575,-635,2313,-407,-453,1958,-1502,-490,2168,-1389,7,3345,-5220,-713,1480,6784,-559,6658,-1245,-480,2228,-7095,-885,14,-2750,-1010,5340,-7060,-990,2080,-2048,-635,2313,6,-635,1958,-2245,1268,480,-3225,7,5510,550,-713,1790,8960,-355,6705,-2086,66,3866,-4274,-1160,6310,-1825,-1010,4765,-4274,-1395,-1780,-1395,-1780,-1401,-1945,-1385,-330,167,-5670,2432,942,2081,-2010,7845,-4770,570,-3240,7845,5029
10/6/2025,-970,1703,-3710,-1330,-65,-3710,-1630,1353,-3710,-965,63,-5365,1850,-1295,-2686,540,3086,-6305,3164,-4170,-4712,3025,-520,-4270,2190,-440,-1295,4575,-646,-7280,-970,-65,-5382,-1330,-65,-8365,-1735,-65,-8365,-2380,-30,-6050,1720,333,3410,235,3875,-12250,1650,-2849,-15671,7332,122,-35505,2795,-2849,-17310,4755,2030,-41395,927,-29,2124,-2190,2551,-29,1385,-2190,1713,-5283,-1015,-6425,-539,-5187,1670,-5662,-747,400,1670,-5882
10/7/2025,2066,-1163,-809,1410,-425,-1025,1410,-308,8,1975,-1150,-1038,990,997,-570,1280,5836,3454,840,1151,3108,-1410,5119,-4135,450,14,169,1110,55,1424,1945,-1270,219,1410,-425,1019,1410,-225,1734,10,-660,-2915,990,993,1829,1280,5836,7668,840,1695,4380,1783,7072,4707,975,1320,4694,1110,5515,5805,-6,-2867,-212,-4630,-628,-3550,1743,-4895,1075,-6875,9760,3444,6397,190,3970,4548,1753,-4835,3970,5804
10/8/2025,-999,-4305,-4804,-1510,-4000,-4590,-2443,-3549,-4804,-1965,-2060,-3523,-1210,-3595,-6820,-1450,-3160,-5930,-1175,-4250,-4554,-1330,2249,6297,-1285,-879,-2991,-1665,-677,7661,-2520,-3995,-5483,-2545,-4000,-4438,-2545,-4030,-4438,-2520,-3830,-6945,-1210,-9085,-18385,-1970,-3160,-6735,-1175,-6370,-9270,-1850,-708,12167,-1285,-6370,-9270,-2375,-727,14818,-5541,-5551,-4310,-5932,-4466,-5551,-3325,-5932,-4395,-6345,-3925,-6910,-2016,-1513,1487,-900,-2520,-4345,1487,-900
10/9/2025,3024,6979,12040,5033,6272,8744,4124,4914,10807,2419,6306,9307,1867,4125,11127,3787,47,11884,5700,5229,12874,3105,5614,-1052,5128,3765,226,4960,289,-819,2659,6232,9024,5033,6272,9686,5033,5832,10342,1177,3935,10454,1455,4391,14135,2317,47,14308,4140,4717,17111,6433,4960,-10926,4610,4717,16601,4680,5927,-14483,2141,10065,2268,11801,4173,10065,2084,11801,-2184,3567,-2618,3024,-2519,202,-787,-3392,1138,4173,-787,-6239
10/10/2025,1501,3645,5692,30,3095,-142,-896,1709,-468,1130,2145,-965,3900,3255,-2102,3200,4570,4592,10881,5970,5303,14000,3045,6493,118,46,-367,13620,1730,6510,1590,3645,5692,30,3095,-142,-865,1778,5477,310,-225,-7185,3900,3255,-4005,3200,4570,4592,-605,5970,5303,14000,3045,7284,1025,3255,2564,13620,1730,6510,6139,4663,7062,5068,4742,5378,4465,4854,6159,-346,6240,2177,9475,18805,5250,14308,5479,153,1410,11273
10/13/2025,749,752,-5414,536,-665,-2995,508,360,-5848,498,-730,-6457,1286,903,1985,600,1881,1563,780,2242,70,3020,1051,-3040,514,808,-866,1270,-67,-7442,-270,1206,-11140,-1218,-262,-12965,-1218,-2080,-12965,-945,-2370,-5739,2147,903,-461,590,1881,6954,2355,2504,1408,-740,3046,-15807,645,2504,2009,635,3123,-14395,-1216,-946,-1464,-857,-1239,-946,-2170,-857,3614,7202,2208,15706,6067,5798,-158,-1348,207,873,-158,-3294
10/14/2025,5431,4142,5264,3766,4348,4135,2582,2123,5264,3355,4539,7745,4370,-80,3665,3715,6256,5456,3390,1772,1000,3670,8681,1475,931,-2090,-2835,3670,8815,1475,3355,3370,3469,3830,3745,4077,3365,2765,4077,4255,3815,-4638,4370,-725,815,3480,3141,-4430,3390,3590,-3574,3670,5023,-13570,3655,3590,-45,3670,8681,-13570,1341,-2151,2245,-1415,3091,-2151,1012,-1415,630,1208,3245,-755,3981,-4320,1072,3920,-1496,-2795,1072,3120
10/15/2025,-1365,950,2183,460,769,1478,141,2582,9169,-1000,719,6799,3915,6175,12565,605,4835,7156,2434,6065,9840,-1620,6811,-4456,755,3635,5,-1310,6271,3350,-1000,719,9553,460,769,9911,415,3162,13581,-2915,-3395,178,3915,6175,13236,605,4835,7417,1370,6856,12246,-1647,6129,14868,930,6111,12569,-510,6811,15865,4179,7738,6067,8738,4854,7723,3142,8345,7853,6423,6193,9968,8898,11997,5733,-3000,295,-1820,5733,660
10/16/2025,2180,1094,6229,-92,523,8510,1526,655,8029,513,1645,5730,3006,2721,2505,2280,4221,5840,4411,5202,4030,3085,6838,8507,1935,-259,-155,3085,6838,5732,2163,533,6609,-92,523,7602,-92,420,10289,840,-827,-1053,2040,2721,1979,2280,4221,5840,2115,6585,8181,3085,5037,19368,2195,5465,7950,3085,6838,14535,1018,9099,1468,9622,3549,9814,1433,9622,1904,824,4358,8934,7482,4096,4094,9882,503,-395,4094,9882
10/17/2025,7889,1109,5080,1967,1747,-2230,2365,844,-1073,2581,-380,526,1301,21,6263,1436,-2003,2384,1330,20,13941,2076,2650,-5588,2026,-751,5097,1911,2650,-4229,2572,1799,5080,1967,1747,-2230,2392,447,-2800,-769,-865,-9138,1301,-1000,6791,1436,-2069,2384,1890,561,12151,-85,2549,7679,2026,-109,15875,1911,2650,9171,-832,1199,-1092,2293,694,2741,-2400,843,1936,478,-3020,-1262,2252,7295,2141,-3670,1397,1366,2141,-3670
10/20/2025,521,6873,240,1090,8785,2059,733,6667,240,2085,7995,3212,1025,50,-6714,415,8630,-2809,2236,6485,-7390,-635,10769,-1308,2218,-595,-4500,-625,7184,-4272,-225,8810,4032,1090,8785,4032,989,8157,4032,1275,9310,3141,1065,1992,1917,1790,8268,-1900,-200,7319,678,-901,13318,-982,-450,7319,1138,-625,11449,504,2198,2245,2428,929,2308,2245,2963,929,5895,-4014,8385,-6200,12002,-5537,9879,-5905,10764,-4275,9879,-5905
10/21/2025,1208,3824,-3181,-195,1210,-2548,-111,1333,-3181,265,1579,-3999,2372,6456,-1221,1210,6600,-1955,1137,4208,756,1155,10152,741,1126,1013,-4450,1155,9046,-1059,530,3225,-4201,-78,3030,-3824,-212,3154,-3824,-220,574,-604,2125,5602,11916,1835,6114,520,1505,4145,560,1501,11813,2224,2005,4145,596,1155,8645,-4544,-297,556,345,-1222,-175,556,345,-1222,5533,849,5050,-1761,4661,-499,-3693,-1875,1062,-1773,-3693,-268
10/22/2025,314,1367,11453,-865,5425,11460,-865,5366,11805,1314,2718,12320,3454,4776,-852,3359,2753,-1817,3865,5840,9330,4265,10028,-3346,6617,4026,1001,4755,10028,-4526,2540,3230,12422,-865,5425,12190,-865,5360,11515,720,2788,9776,4263,5786,-4195,3378,2753,-1817,3865,6880,7216,3283,9995,-9994,4342,6536,5911,4755,10028,-8585,5481,12191,7794,13428,8317,15629,5447,10759,2875,-1557,3845,7786,10445,7369,11420,14157,8030,289,11420,14157
10/23/2025,-1497,3986,-435,-1495,4240,818,-2034,4422,1258,-1460,4536,1390,-720,515,-1002,-710,-104,-1356,1291,-2225,1215,-1280,-4484,-3966,2678,-440,-814,-1295,-2754,-4494,-1680,4536,776,-1980,4240,1362,-2780,4516,1539,-1740,1865,4535,135,2098,-5285,-425,-104,-2586,804,1150,-2744,-1604,-4602,-25775,427,1150,-2943,-1870,-6144,-26714,532,114,730,303,1109,82,475,303,391,-4182,-396,-2030,3019,-1654,-1474,-5986,-56,-1196,-1474,-5791
10/24/2025,905,1795,1263,338,1795,1263,2425,700,1263,635,50,2123,1962,1775,-766,1070,3340,-1119,2795,3022,-1126,2953,1748,-5328,3508,2724,3070,2953,1748,-7403,635,2885,466,720,2885,1237,760,2850,1237,1630,3520,2243,3131,2180,6373,1070,3340,-14,2795,3022,157,2953,1945,-13600,1710,3022,157,2953,1748,-16715,5189,-884,1831,67,5062,-884,1704,67,8306,1271,2863,-805,684,-1037,-3124,-3703,5724,4283,-3124,-3682
10/27/2025,-1477,-1425,-3474,-1060,-2475,-4284,-1914,-1425,-3474,-1940,-2010,-3999,-861,-4295,-4861,-230,-2830,-4265,-2000,-3767,-4345,-690,395,-3248,-1315,-2030,-4490,-870,445,-823,-2530,-1505,647,-1695,-1505,927,-1695,-1505,927,-1650,-5355,477,-430,-14355,-19600,-800,-5810,-3150,-945,-9190,-10313,-2510,-1291,27493,-830,-9190,-9960,-2055,395,28514,-4501,-2970,-4250,-3469,-5077,-2970,-3435,-3469,-4458,-4989,-4330,-3093,-3582,-2806,1266,-3046,-4058,-5750,691,-2939
10/28/2025,569,5651,-5233,45,5640,-5233,-44,4473,-5233,590,4385,-3882,-1985,-3540,-6016,-815,555,2932,-1905,-4420,-6385,1975,-450,-3903,-1375,-1230,-2140,1745,270,-3043,135,5733,-11165,45,6070,-12490,70,5910,-12490,1245,-65,-4034,-1485,-345,-3931,-590,435,3299,-835,1137,-3095,-79,-1052,-3832,-65,1137,-1354,660,-450,-3386,278,-4310,291,-4310,646,-4310,571,-4310,-3720,-7400,1030,3749,-1835,-5461,-4085,-4560,-2920,-3256,-4085,-4560
10/29/2025,4919,7932,11575,3930,8930,10190,3145,8128,11575,6650,8930,10012,12703,15553,33486,12715,18688,32608,9245,17024,42241,10123,19420,26101,9278,8303,5422,6313,19176,27672,6952,8930,10065,3930,8930,10323,3145,10372,10323,5446,9251,5871,10900,17398,39663,12715,20912,34114,9730,18132,42777,5301,20276,55484,11100,18132,43177,6313,20839,54703,5378,6731,3810,4606,5378,6731,3145,4606,9875,30693,3602,27663,4762,24823,-90,5277,949,3348,753,10163
10/30/2025,-20,-4302,-2695,590,-1635,-5265,782,-2334,-997,92,-1139,-1275,195,-3611,-5872,165,153,-3680,658,-83,-6921,895,-758,2062,1086,-1673,1780,235,-653,2062,400,-1945,-1557,590,-1635,-860,-400,-1545,507,-100,-3260,-3085,195,-1740,-8210,165,153,-5259,1075,-1269,-9211,1916,-1016,4706,680,-1130,-10561,235,-48,2062,-2148,3882,-307,3882,-2148,3882,38,3882,-3359,-4522,2486,-5054,3599,-6042,2461,5141,1756,465,2461,5038
10/31/2025,155,3691,-3042,891,1593,-2991,565,2001,-418,-94,440,-2563,505,5123,10252,2006,1460,-863,1481,3839,7294,1957,-1540,-1128,2481,4381,2243,1957,-1795,14389,161,1978,-2142,891,1997,-1191,1712,1650,-1194,-2455,1270,-2154,505,5123,9993,2006,11903,4579,1481,2609,12390,1005,-620,16533,1481,2059,12390,1957,-490,16533,7301,1257,8215,809,8258,2706,5942,809,4719,11497,5178,3798,6341,6943,6520,15012,4492,2973,6120,15012
11/3/2025,784,182,1852,700,-1984,-218,1997,-786,-271,-575,-2105,-4423,129,1040,2294,-595,-971,-85,-200,163,2046,1710,-1265,-1508,-288,781,2713,1710,-1778,-5032,-705,-2455,-1474,670,-1984,-4940,-129,-838,-3585,55,995,-3840,200,1234,3503,-595,-491,430,-140,-779,2200,2402,-108,-8432,-280,-779,-1319,880,-1655,-5770,602,-3528,-639,-4518,1017,-3528,-1590,-4518,1498,4316,4283,-377,-918,709,-4743,-4748,1716,5589,-4743,-6195
11/4/2025,-855,-607,-2152,-620,-199,-1482,-1065,38,-2637,-1045,990,-2123,-1295,485,-5464,-1365,-195,-7455,-300,793,-6274,120,6722,18578,260,-2208,491,685,1152,24046,-1045,-520,-3215,-620,-199,-389,-1065,-962,-1032,-1605,-3550,-2778,-1295,485,-11055,-1185,-195,-7615,-300,933,-1734,-724,3830,31963,260,933,-1808,735,4770,31678,1176,-2761,1829,-3821,2764,-2761,-186,-3821,-1160,-5884,1901,-6330,3715,-7039,7443,10417,440,48,7443,13168
11/5/2025,2570,-1307,2541,420,-585,1108,25,450,2541,1325,-2910,-407,2478,4465,1392,2353,2010,5699,812,3751,9629,752,947,-5180,640,4051,400,2858,947,-2107,1670,-775,-5068,485,-775,-4745,485,-1330,-4745,2470,285,-4470,530,5715,8867,3620,2570,-1300,940,3926,2291,2147,1871,-2645,817,3926,2560,3583,947,-8305,4820,1887,2690,1517,1519,1887,660,1517,6023,8010,2232,8623,2372,15063,-660,9449,3372,8202,-660,12949
11/6/2025,120,4710,6278,1205,7692,4808,2078,6763,4321,-90,8010,5122,517,3648,2818,2657,3894,4083,556,4038,2896,4508,-1665,1418,1749,4509,2002,3998,215,71,595,4850,4344,1855,7692,5051,1593,4493,6008,1460,8982,7828,2800,6622,6106,2844,3894,3750,3578,5498,3764,4019,-4712,-10718,3156,3863,5690,4185,-3448,-10067,577,-162,367,-562,953,2973,1498,2065,2193,2349,505,-673,3096,-329,1630,3886,5050,2819,1630,-3524
11/7/2025,2675,6530,9250,485,7183,8018,1171,5179,6443,2100,6533,14006,3261,3784,-1181,4857,2590,8059,2590,3726,8076,3955,1670,18315,5327,2541,3636,3955,2233,18950,2675,5959,9250,485,7183,8958,95,5493,9323,3750,6891,12393,3714,1959,-31,4857,2590,7445,2170,4156,8681,4957,4224,30203,5368,2293,5452,3955,1280,16626,2276,8391,2975,9005,2626,6997,3075,6545,426,-1881,4470,4477,4098,10506,3479,19609,2570,3016,3479,24403
11/10/2025,301,180,14124,840,3024,14909,438,1934,14124,725,221,15367,-811,-4296,-5704,545,-1650,660,-850,-4138,9496,810,768,3826,-550,-808,-1600,1815,325,-5632,800,1245,14450,840,2732,15624,840,2732,15624,270,-1436,10290,-290,-4755,-10066,420,-1650,1960,195,-4270,9624,-942,686,-2601,370,-4270,6882,440,768,-2039,2120,7480,2240,9344,243,7480,1125,9344,-476,-6796,581,61,1636,9213,-1697,17471,-859,-1802,-1697,17108
11/11/2025,163,7016,8678,1380,7831,6771,485,5479,9209,610,7016,6870,3489,3380,4955,4385,2805,-424,3250,192,-1864,4680,1779,-130,3543,1938,1890,4680,3519,-2481,610,7016,7588,1380,7831,5931,485,5479,5499,1180,6698,6709,4305,4449,8715,4385,3835,-9363,3970,1640,-8278,4791,2156,-30614,3220,1640,-10153,4680,2015,-34410,3488,8752,4491,6111,4793,9042,3145,6111,7783,-3594,5779,-2612,6033,-2209,4845,-3935,1318,2627,4845,-659
11/12/2025,3679,4024,2540,1657,4240,-3556,2698,4024,-764,2625,4240,2996,4126,7888,21617,3886,12373,26830,4136,11969,25194,4550,12680,23263,3540,1551,7,4550,6276,27188,2625,4240,2540,1657,4240,-6085,2042,4240,-1101,630,1542,-5140,4240,9889,31609,3886,12373,33520,3325,12040,29665,4571,12469,29629,3385,12535,31391,4550,12280,30387,1865,-2410,220,-2427,-1558,-35,-655,-2761,15825,18687,12342,21378,13055,28604,16159,15678,8307,931,15759,17929
11/13/2025,705,-1020,-903,870,-750,-2198,1056,73,-3843,805,-890,-1637,239,214,2478,3400,6291,10385,-122,2237,8393,1592,833,8349,1442,-662,-3227,1592,983,12447,1230,-685,-694,870,-750,-1239,1025,-1885,764,-840,-3975,-5500,502,-975,-303,3400,6291,10385,-143,2551,6558,1416,-69,13447,537,2551,7163,1592,833,14785,-2871,-3627,-1915,-3484,-219,-3680,-1930,-1908,2995,5221,5039,12174,3256,1694,3035,6065,-340,-2863,2390,2103
11/14/2025,756,4420,4228,2115,3405,6667,4009,3430,2639,2060,5688,7184,1440,2072,-469,2525,2702,-3271,3429,7319,-1160,5045,2104,2904,4792,5558,-281,4700,-1762,-94,2060,6280,4228,2115,3405,3642,3024,4760,3627,4344,6892,4524,1440,3509,4960,2525,2702,-4551,3225,2975,572,5045,4335,-5385,4275,2445,-5118,4700,2680,-6025,5592,5131,6985,8004,6006,6263,6230,6519,-699,-1567,-1390,-3282,2606,-2154,1325,-6853,6079,-2175,1325,-6853
11/17/2025,2585,6117,11635,4750,8097,11970,4967,7464,10534,3285,5025,6065,2596,3556,5619,1210,3050,3219,-786,4826,3735,1956,9010,-2573,2641,3532,5062,1771,6983,-3653,2585,6515,11635,4750,8097,11970,2890,7464,10665,4540,3150,4119,2596,3556,4695,1210,3050,3219,40,6215,4468,1956,6774,-13353,2641,5425,2932,1771,8610,-12003,7601,7305,7285,6651,8218,6077,8700,6856,3129,7057,2110,3084,3271,739,1795,-6873,4781,4519,1795,-1309
11/18/2025,19860,3945,6222,5285,5680,4725,4793,1627,7560,3855,6537,4778,3635,8970,7881,5970,7265,14927,3270,7124,4489,6658,7733,3407,5881,7682,7334,6658,7733,7158,1960,5577,6027,5285,5680,5807,5717,2010,7517,1335,1708,-465,3635,8970,7881,5970,7265,14927,3270,6082,4489,6658,8098,7158,5881,6082,2777,6658,7733,7158,3427,2734,1330,3433,2302,4156,773,1805,1811,3563,3418,11255,1451,9439,3031,-3373,2390,10152,3031,-3373
11/19/2025,5576,5292,12489,3901,6007,9812,5001,3058,6019,3558,7162,10832,6501,7064,11063,6576,6180,2914,5361,7822,8571,5789,8041,5093,6436,6703,9125,5789,8041,7371,5576,5292,12970,3901,6007,10186,5001,4312,9992,8647,7622,14537,6501,7120,10612,6576,6180,2914,5361,8470,5186,5789,8097,-1529,6436,8385,7555,5789,8041,-3106,5726,3286,6155,3585,4218,5800,2725,2576,10465,10367,3190,2570,5772,6544,8351,-5417,4489,6920,8351,-5817
11/20/2025,-935,-881,-1244,-885,1280,-6,-980,-794,-580,-935,-420,-1043,2157,2616,-4992,795,890,703,-540,-2412,-1763,3212,1641,2418,2125,-1854,97,2862,1236,748,-935,-365,-1244,-885,1280,60,-980,-170,-964,-2455,-4782,-9445,2157,2616,-3252,795,890,703,-540,-1359,-895,3212,974,1778,2125,-2430,-2982,2862,1236,748,4305,-1258,3285,446,1920,-1162,2995,551,1943,364,5443,4199,2524,-1089,7888,4054,1152,1254,6153,3254
11/21/2025,2251,8187,6685,410,6043,4960,6907,3274,6316,1579,3435,1548,2400,3024,4677,1785,2085,-1499,1370,3498,3907,2250,-246,-2031,851,1027,4183,1290,-1276,-3361,2251,8187,6685,410,6043,5605,3568,5300,6058,2255,1652,3874,2400,3024,4677,1785,2085,-1499,1370,3986,4391,2250,-246,-5734,851,1559,-1206,1290,-1276,-9888,4208,7528,2216,9286,5781,8724,4474,9672,2988,8581,4673,1740,877,7154,-1564,-2922,2212,4292,-1174,-3868
11/24/2025,1050,-3884,-1899,905,-2485,-2205,594,-4038,-76,924,-2360,-7245,90,-4340,-4990,965,-3045,2158,-1666,-3850,-3847,985,2498,2676,-145,-1760,-2050,2700,108,4756,1684,-1989,-7076,905,-1904,-6890,860,-1989,-6847,-1275,-3033,-7537,735,-3130,-1827,965,5170,3630,35,6850,10828,-76,1060,14849,340,6370,10148,-70,2793,14849,-1551,-5903,-1730,-6171,-1918,-2791,-3005,-6266,-3920,-2055,-2030,2320,-4287,-54,9995,9176,-1747,-5076,9995,8555
11/25/2025,-1310,805,5862,7,3001,6565,-1468,1681,3233,-79,52,3317,70,-4233,-6845,945,-3660,-5870,-1658,-2081,-7101,720,1050,-4460,538,-2810,-4500,720,1050,11237,250,3001,6301,100,3001,7443,-385,3321,4977,240,-510,2720,70,-3220,-1218,790,-3310,2111,-1525,-2601,-3241,720,435,13703,1240,-2601,-1744,720,1050,15330,-1286,-1774,-1480,1253,1612,802,-915,1113,-4451,-7355,-1300,-7390,1202,-7150,-1500,-6040,-2540,-4160,-1500,-6040
11/26/2025,177,-1224,-1951,-405,-1682,-3570,368,272,-1951,-790,-488,-4250,-65,112,-6942,1363,-2400,-6430,2562,-346,-7272,1850,-1830,-4162,1861,-2135,-3007,2745,-3615,-4337,-105,-673,-6661,-405,-1682,-7690,170,-327,-7690,-1870,-978,-5680,100,-428,-4856,1363,-940,-9490,681,-3005,-4849,5253,2121,-15077,786,-3650,-10026,3992,-2175,-20432,-267,-3327,-643,-1625,-267,-3327,-440,-1625,3570,-893,2316,-2016,-1765,-5047,-3241,-4980,-2795,-4165,-3241,-7500
11/27/2025,695,6780,7940,1555,6765,7940,1555,6860,7940,670,5860,7110,1100,7040,10831,435,11505,14025,265,12245,17500,-245,8790,12755,1110,1870,7000,-585,7885,12080,695,6780,8850,1555,6765,8850,1555,6860,8850,595,4925,7110,1570,7830,11441,895,11505,16790,265,12245,22985,-930,10640,30765,140,12245,22985,-930,10640,30765,-2465,-1435,-2465,-1435,-2465,-1435,-2465,-2045,5980,8595,5030,3955,7160,5580,4855,8590,1655,1060,4855,8590
11/28/2025,-720,-1600,738,-625,-1600,738,-726,-1670,738,-720,-1865,738,1810,-3695,-5090,1465,-3295,-6646,270,-1059,-5930,1795,4075,227,1450,828,-3460,1795,4075,796,-720,-1600,738,-625,-1600,738,-695,-1670,738,-805,-1795,-2960,1810,-1865,-6715,1690,-1110,-6790,1425,-135,-6700,1795,3718,2525,1970,-135,-6700,1795,4075,2525,-1870,-466,-1870,-104,-1870,-466,-1870,-104,638,-6568,-325,-2831,1522,-1521,4995,3576,573,-3215,4995,3523
12/1/2025,1505,402,-171,1010,2605,-37,1247,1453,-171,-180,1813,-1689,845,1067,-1080,1605,2801,3068,2635,2347,1458,1928,968,898,1540,3285,1022,3243,4162,676,-180,1813,140,1615,2605,-1300,915,3941,-1300,1560,5275,6,2085,3145,1915,1605,2154,1774,1855,1165,-5659,4234,396,-3332,3535,545,-5149,5410,2580,-6180,4379,-5485,2751,1006,4379,-1525,391,1006,2879,2500,5031,3288,5294,-2872,14131,10868,977,-2835,14131,10868
12/2/2025,3374,-1804,3471,3824,-1804,2776,4934,-1804,3042,3040,-1804,2436,4370,7173,12656,3905,1805,9251,7305,2863,4364,5127,1505,10160,5884,2443,4405,5127,1505,15198,4434,-1804,3471,3824,-1804,2776,3303,-1804,2891,3086,-3890,3793,5055,4170,12656,4186,1805,9251,5835,2510,4364,4830,913,13488,6790,2510,4675,5127,1505,15198,1018,2059,-401,1843,2173,6937,-515,34,2768,12845,-1510,13151,2560,17232,6993,10871,1516,4872,6993,10871
12/3/2025,-1470,-1290,-5972,-415,-1390,-445,-442,-805,-5972,-215,-785,-5026,-435,-3630,-6431,335,-3108,-5236,-1780,-2845,-6570,1730,7946,-116,-1449,-2540,-3411,1945,3845,3015,-475,260,-4185,-615,-805,-2840,-1155,-830,-2840,-1225,-595,-3605,-435,-3945,-16420,285,-2365,-9660,-1350,3645,-8730,3162,3743,17582,135,3645,-9420,3960,4685,17582,-1695,-3222,-60,-4304,-859,-3222,-250,-4304,-3940,-7220,-2280,-1300,-4150,-7180,-6115,-4481,-1635,-3850,-6115,-5733
12/4/2025,-105,9506,20931,297,9476,19641,1616,9466,20814,-155,5050,11931,4840,8916,24941,7120,10395,13778,4815,16812,24947,6340,19925,8125,4034,7244,11060,6340,19751,8116,-105,12285,21994,297,12270,23861,230,12170,23411,-210,7600,17278,4840,8916,26604,7120,10395,23711,4815,16812,37771,6340,19925,67158,4034,16422,37982,6340,19925,67445,6097,6074,4605,5286,4530,4953,8133,6828,14375,19721,10355,14082,6560,14434,7522,-3120,9774,958,7522,1316
12/5/2025,-65,2617,3742,-595,1298,-2812,1003,-510,4160,-115,-1770,-1517,-585,1709,15566,-1040,984,10271,446,7634,19558,426,12649,3687,-957,5470,2640,-294,5249,10293,-115,-1770,-2513,-595,1298,628,-285,-55,-1587,-810,-1415,-4323,-430,2460,17231,-1725,1474,10927,-930,1095,19539,2183,11279,18323,-1170,1095,19539,2335,12649,15064,1069,-1948,1785,-2245,1246,-1948,4140,-2490,2042,6203,1515,-1714,-1315,5307,9118,5030,1572,968,9118,4000
12/8/2025,-385,4709,4613,675,5070,10170,1314,4791,5464,-555,3747,10368,-1525,1874,8881,-445,2555,9655,837,1909,27469,-980,341,4788,-1380,-449,-815,-835,908,18505,1065,4155,11331,1000,5070,11801,1000,5915,10878,-665,2730,9660,605,845,3790,1020,2555,9655,1315,4344,29069,-835,-11504,53270,1095,4344,26713,-835,-11270,51293,3907,2051,4189,3244,3882,2051,3700,3244,237,-6019,4291,10581,3670,-1156,-3423,13828,-1292,-5385,-3423,13828
12/9/2025,814,3706,4131,-570,3768,2829,845,4431,4131,895,3033,3177,1895,-611,-4822,878,2836,-2774,3012,1613,-6595,6665,9104,472,4766,-2236,-4640,6590,8684,1155,895,3768,5167,-570,3768,3177,-491,4493,3177,4475,4792,5298,-270,4332,-1061,928,4294,-7934,3237,3151,-6634,9369,9921,-16298,3830,3151,-5911,8550,9104,-17789,6071,2795,6107,1956,5560,2795,5573,1956,4112,-7443,5213,-2205,3562,-6510,9505,-2840,405,-1557,9505,-2840
12/10/2025,994,-1601,-3086,-581,-768,-2369,95,-569,-3086,994,-1275,-4207,-820,-266,2215,1225,-361,4193,-1390,344,-1,-370,2766,5243,-680,2201,1021,-565,502,4054,994,-605,-4427,-581,-768,-6075,95,-768,-6075,424,-2730,-10265,-820,-266,3391,255,-171,2569,-1390,1354,-5575,-370,2448,-5916,-1015,954,-6485,-565,1268,-6630,-1412,-4048,-2047,-4705,-1412,-4048,-610,-4705,600,8313,-2068,2523,-1150,2543,1533,1342,1046,14,-280,4363
12/11/2025,1960,592,-5635,-710,1443,-3115,-1305,592,-5635,1960,60,-1579,353,-3791,-4026,1071,-3980,-6792,-1810,-3430,-4383,-985,-835,-5120,-1500,-1900,944,-920,-3645,-4958,1960,1443,-3335,-710,1443,-1500,-1305,1443,-1500,-615,380,-1545,1315,270,-7213,1071,-5155,-7067,-110,3327,-5227,-172,-27,-11445,-2335,3112,-3742,-320,975,-10795,-2441,-260,-2125,-1425,-1680,-1784,-1556,-615,385,-6723,2253,-4829,1741,-7199,1343,1465,-2466,-2749,1343,3000
